date,fold,actual,proba_logit,proba_rf,proba_lstm,proba_cnn_lstm,always_up_pred,pred_logit,pred_rf,pred_lstm,pred_cnn_lstm
2016-05-15,1,0,0.6491604207193615,0.6740151742340909,0.7719902,0.6261614,1,1,1,1,1
2016-05-16,1,0,0.6951560377638287,0.613275940850638,0.7768402,0.7084942,1,1,1,1,1
2016-05-17,1,1,0.7124382676184466,0.6045515157550136,0.8495403,0.7767638,1,1,1,1,1
2016-05-18,1,0,0.6627091081085691,0.6462605522195559,0.8803716,0.7806346,1,1,1,1,1
2016-05-19,1,1,0.7407247331962921,0.705461557263551,0.85852927,0.7816921,1,1,1,1,1
2016-05-20,1,1,0.6917492585736211,0.49733471224202835,0.849999,0.81575805,1,1,0,1,1
2016-05-21,1,0,0.6200837385537764,0.6237763122247089,0.7866561,0.72006917,1,1,1,1,1
2016-05-22,1,1,0.7029129825672568,0.6764474282917271,0.7223926,0.6584461,1,1,1,1,1
2016-05-23,1,1,0.6232591637634503,0.6142438582160648,0.8366517,0.7363058,1,1,1,1,1
2016-05-24,1,1,0.6263138815812698,0.5986664524310643,0.6387377,0.6310415,1,1,1,1,1
2016-05-25,1,1,0.6226724659017999,0.4897276302560937,0.62858784,0.652604,1,1,0,1,1
2016-05-26,1,1,0.5988478209844489,0.6384629029221949,0.5694208,0.6115533,1,1,1,1,1
2016-05-27,1,1,0.5364422998319387,0.3486716482200314,0.54760885,0.5984821,1,1,0,1,1
2016-05-28,1,0,0.2734906777892937,0.5292941319636184,0.49933177,0.55005604,1,0,1,0,1
2016-05-29,1,1,0.37733893275854835,0.3911624347558543,0.40018028,0.43235263,1,0,0,0,0
2016-05-30,1,0,0.5908430689623929,0.5640899631239714,0.66854644,0.79696137,1,1,1,1,1
2016-05-31,1,1,0.5822918957250676,0.606377148998207,0.68192947,0.6508946,1,1,1,1,1
2016-06-01,1,1,0.57390551803414,0.5372509836240809,0.72530985,0.63253164,1,1,1,1,1
2016-06-02,1,1,0.5677322942639885,0.5226090555836668,0.64993596,0.53583187,1,1,1,1,1
2016-06-03,1,1,0.3404476698575773,0.36520047273442563,0.6442994,0.58031046,1,0,0,1,1
2016-06-04,1,1,0.33660255635933384,0.48686868131731137,0.51594406,0.5208792,1,0,0,1,1
2016-06-05,1,1,0.4342306286281311,0.5677326648248924,0.6998975,0.5938471,1,0,1,1,1
2016-06-06,1,0,0.3734501168215148,0.40387624790111704,0.7415053,0.4347925,1,0,0,1,0
2016-06-07,1,1,0.4424491743719115,0.5410583595178214,0.7125026,0.34963283,1,0,1,1,0
2016-06-08,1,0,0.4208090689678099,0.44200038511575257,0.5361538,0.70985204,1,0,0,1,1
2016-06-09,1,1,0.45666621974854105,0.622725419731118,0.5467119,0.35366863,1,0,1,1,0
2016-06-10,1,1,0.4165509439638603,0.5313965011992513,0.51771086,0.63572377,1,0,1,1,1
2016-06-11,1,1,0.3586760820791422,0.35285362816575644,0.5366759,0.30031425,1,0,0,1,0
2016-06-12,1,1,0.18467995594946007,0.5219989673645319,0.60587233,0.41690654,1,0,1,1,0
2016-06-13,1,0,0.18646916146380765,0.458379451783657,0.5135067,0.4034211,1,0,0,1,0
2016-06-14,1,1,0.42153145939830117,0.5488668154032973,0.481224,0.3224523,1,0,1,0,0
2016-06-15,1,1,0.4662390772670948,0.5125338749565624,0.5683491,0.6781819,1,0,1,1,1
2016-06-16,1,0,0.5237743996156171,0.5205185064868089,0.42066124,0.16711406,1,1,1,0,0
2016-06-17,1,1,0.2766293208804324,0.3802850241535576,0.33177128,0.16367456,1,0,0,0,0
2016-06-18,1,1,0.48244502017756014,0.571092925630315,0.627031,0.5652247,1,0,1,1,1
2016-06-19,1,0,0.364893039932425,0.3660830278293751,0.40008482,0.12478371,1,0,0,0,0
2016-06-20,1,0,0.50220853406365,0.4932691825190764,0.4694539,0.46152437,1,1,0,0,0
2016-06-21,1,0,0.6291706406369673,0.7963627513132147,0.56106704,0.59642637,1,1,1,1,1
2016-06-22,1,1,0.7225589003218613,0.6670580282436379,0.5135949,0.5291685,1,1,1,1,1
2016-06-23,1,1,0.4292530248313663,0.5468965040758121,0.47268105,0.49378633,1,0,1,0,0
2016-06-24,1,0,0.157975950570474,0.4433787456132893,0.24502304,0.086839356,1,0,0,0,0
2016-06-25,1,0,0.23270451418177182,0.30720317512692374,0.2915882,0.24258573,1,0,0,0,0
2016-06-26,1,1,0.4790534475308697,0.7301338043339031,0.4979995,0.38477254,1,0,1,0,0
2016-06-27,1,0,0.3754015749705302,0.477362800689863,0.56466305,0.6079052,1,0,0,1,1
2016-06-28,1,0,0.298984663924799,0.4318866916732271,0.25124195,0.08460416,1,0,0,0,0
2016-06-29,1,1,0.3652648103059617,0.38766333272952946,0.52574396,0.6041207,1,0,0,1,1
2016-06-30,1,1,0.2816373658205939,0.2371309309717889,0.38567305,0.09405592,1,0,0,0,0
2016-07-01,1,1,0.2665692270502345,0.2943401180744701,0.41754553,0.22489281,1,0,0,0,0
2016-07-02,1,0,0.2591273143566253,0.29013874128214345,0.5792757,0.53031677,1,0,0,1,1
2016-07-03,1,1,0.4033657003925668,0.5027148846988672,0.53607917,0.17450923,1,0,1,1,0
2016-07-04,1,0,0.38114403009901876,0.4646001700912882,0.5975793,0.7668568,1,0,0,1,1
2016-07-05,1,1,0.34625155512940975,0.4329117343400858,0.44144556,0.22099903,1,0,0,0,0
2016-07-06,1,0,0.44035577284812094,0.4824172124843782,0.59964037,0.68832725,1,0,0,1,1
2016-07-07,1,1,0.4996058489067978,0.6044940782775774,0.4733346,0.14660844,1,0,1,0,0
2016-07-08,1,0,0.6117487676187253,0.4816391860536439,0.5386962,0.6761815,1,1,0,1,1
2016-07-09,1,0,0.5507863142036964,0.5616960274420402,0.332649,0.23371257,1,1,1,0,0
2016-07-10,1,0,0.6375601399959537,0.4923645440055035,0.5829014,0.68855494,1,1,0,1,1
2016-07-11,1,1,0.6517070662082438,0.6184940982801147,0.561413,0.38327846,1,1,1,1,0
2016-07-12,1,0,0.5600816442724896,0.4695449947306605,0.74787986,0.6954569,1,1,0,1,1
2016-07-13,1,1,0.6233525754646079,0.5598618799342985,0.6942598,0.5491391,1,1,1,1,1
2016-07-14,1,1,0.8536973482545899,0.6354061804501545,0.81505436,0.7889431,1,1,1,1,1
2016-07-15,1,0,0.5761265879926173,0.5087839605280791,0.8455063,0.6613982,1,1,1,1,1
2016-07-16,1,1,0.6215546652868295,0.6294263636419952,0.78180456,0.5295579,1,1,1,1,1
2016-07-17,1,0,0.5628958120833201,0.5093789381415893,0.84090143,0.7408889,1,1,1,1,1
2016-07-18,1,0,0.6149860557905487,0.5474516611186709,0.73131573,0.6526661,1,1,1,1,1
2016-07-19,1,0,0.6225849393605831,0.6259057143653198,0.8106546,0.7680706,1,1,1,1,1
2016-07-20,1,0,0.6800215924257009,0.6697575460227385,0.7323935,0.6801345,1,1,1,1,1
2016-07-21,1,0,0.6638204530494337,0.6188301351890471,0.8102077,0.7514005,1,1,1,1,1
2016-07-22,1,1,0.7313338736252775,0.7228587866484965,0.7691799,0.7047087,1,1,1,1,1
2016-07-23,1,1,0.6789828512992233,0.6203492129372519,0.8188776,0.77119905,1,1,1,1,1
2016-07-24,1,0,0.6261535798030682,0.5222419656530213,0.7060447,0.6613428,1,1,1,1,1
2016-07-25,1,0,0.7052783951752548,0.7032519204088006,0.61341023,0.6162488,1,1,1,1,1
2016-07-26,1,1,0.705932212753728,0.6900877774322983,0.8002252,0.7671329,1,1,1,1,1
2016-07-27,1,1,0.6783866187463395,0.6605430847872779,0.8006066,0.76704526,1,1,1,1,1
2016-07-28,1,1,0.706944412307135,0.636835063276563,0.76930946,0.73434806,1,1,1,1,1
2016-07-29,1,0,0.6642069768618627,0.6610935355028832,0.83316976,0.7980603,1,1,1,1,1
2016-07-30,1,0,0.7070428724054555,0.6327358207055327,0.79612505,0.782969,1,1,1,1,1
2016-07-31,1,0,0.7812560730375014,0.6237212342364079,0.84644395,0.81186885,1,1,1,1,1
2016-08-01,1,0,0.8113718457339631,0.7429678223040871,0.81497484,0.8312943,1,1,1,1,1
2016-08-02,1,1,0.8151231787130966,0.8000306894392915,0.7987134,0.7867213,1,1,1,1,1
2016-08-03,1,1,0.7291745856462666,0.5023352355069246,0.6926547,0.67498606,1,1,1,1,1
2016-08-04,1,0,0.4775470786625071,0.31815886201814303,0.55460924,0.5424466,1,0,0,1,1
2016-08-05,1,1,0.5790778133681914,0.4918888935931745,0.4543248,0.50709057,1,1,0,0,1
2016-08-06,1,1,0.576027951512642,0.519894768303724,0.621429,0.66673356,1,1,1,1,1
2016-08-07,1,0,0.5669741010182667,0.4584233212693147,0.5320704,0.55391777,1,1,0,1,1
2016-08-08,1,0,0.6042448601893595,0.5459926139389281,0.59193957,0.61761194,1,1,1,1,1
2016-08-09,1,1,0.6151310304998772,0.637148452720252,0.6309495,0.66090727,1,1,1,1,1
2016-08-10,1,0,0.5990894693171592,0.5108647407200612,0.74380755,0.6671298,1,1,1,1,1
2016-08-11,1,0,0.8681922440305764,0.685986945277051,0.78653395,0.69209933,1,1,1,1,1
2016-08-12,1,0,0.5952017095354121,0.5569404045288822,0.9031361,0.8255332,1,1,1,1,1
2016-08-13,1,0,0.6225719189992193,0.6239691070115976,0.8022995,0.7092898,1,1,1,1,1
2016-08-14,1,0,0.6552128682884929,0.5857286911284549,0.8442361,0.7530783,1,1,1,1,1
2016-08-15,1,1,0.6643653735884113,0.5240000662667902,0.82955885,0.7755357,1,1,1,1,1
2016-08-16,1,0,0.6396156618268257,0.52525305999291,0.8340351,0.7427094,1,1,1,1,1
2016-08-17,1,1,0.6872513312986109,0.6281791213978201,0.7687845,0.65588593,1,1,1,1,1
2016-08-18,1,1,0.7234886685733493,0.6741967402014224,0.8516252,0.7940053,1,1,1,1,1
2016-08-19,1,1,0.6931778806253605,0.5883009235995419,0.85694003,0.8028066,1,1,1,1,1
2016-08-20,1,0,0.6412057913191863,0.6310665346241813,0.8404069,0.82054466,1,1,1,1,1
2016-08-21,1,1,0.689784799472547,0.5966995852022611,0.7056977,0.7174016,1,1,1,1,1
2016-08-22,1,0,0.6453133568932563,0.6767143540990339,0.8016616,0.77488863,1,1,1,1,1
2016-08-23,1,0,0.6978131031592726,0.56535696163914,0.6417098,0.66914,1,1,1,1,1
2016-08-24,1,0,0.7330457469148134,0.6697418966944386,0.7877909,0.7496316,1,1,1,1,1
2016-08-25,1,1,0.6970904265056957,0.6168288326756641,0.8508391,0.77656657,1,1,1,1,1
2016-08-26,1,0,0.6636932812156213,0.7386899744954316,0.82563454,0.7736012,1,1,1,1,1
2016-08-27,1,1,0.7284801359814611,0.5255234663062093,0.71719533,0.65175915,1,1,1,1,1
2016-08-28,1,1,0.6728292155914969,0.5710436644107465,0.82427824,0.7590712,1,1,1,1,1
2016-08-29,1,1,0.7021496072062908,0.6328606603070066,0.64017534,0.60367894,1,1,1,1,1
2016-08-30,1,0,0.6703701499138738,0.7348627066024366,0.76963437,0.72449976,1,1,1,1,1
2016-08-31,1,0,0.7020117134030363,0.6995993300980792,0.6618239,0.6900842,1,1,1,1,1
2016-09-01,1,1,0.7425450543583795,0.700746077037784,0.74534494,0.73128396,1,1,1,1,1
2016-09-02,1,1,0.6706713371419959,0.728524456165174,0.8437542,0.7797709,1,1,1,1,1
2016-09-03,1,1,0.5876406601262648,0.37882378292010466,0.6911907,0.6937299,1,1,0,1,1
2016-09-04,1,0,0.5651721074692689,0.3727275901703594,0.51691496,0.5568859,1,1,0,1,1
2016-09-05,1,1,0.6576476917676106,0.5954187669037444,0.55454284,0.72294235,1,1,1,1,1
2016-09-06,1,1,0.6646491951600852,0.5070097212692539,0.68335044,0.7638387,1,1,1,1,1
2016-09-07,1,1,0.6410591918540568,0.5335783700213309,0.62093675,0.6904171,1,1,1,1,1
2016-09-08,1,0,0.6334709215549279,0.4852855498807021,0.5715763,0.64753026,1,1,0,1,1
2016-09-09,1,1,0.6787346101287094,0.5653063048501804,0.5523081,0.6517464,1,1,1,1,1
2016-09-10,1,0,0.7123714266447899,0.6225828776923978,0.7446951,0.7872565,1,1,1,1,1
2016-09-11,1,1,0.7437770049580058,0.7619335700259329,0.8163871,0.78741556,1,1,1,1,1
2016-09-12,1,1,0.7002619345261011,0.5628820039726665,0.8408168,0.8202847,1,1,1,1,1
2016-09-13,1,1,0.6785128664842042,0.5903377180366196,0.7796475,0.7506716,1,1,1,1,1
2016-09-14,1,0,0.6712304703102232,0.5805419269079277,0.80934155,0.78354454,1,1,1,1,1
2016-09-15,1,0,0.9430296966473851,0.6419811955139533,0.81098735,0.791108,1,1,1,1,1
2016-09-16,1,0,0.7244854027131884,0.6725738145184557,0.8955158,0.83694786,1,1,1,1,1
2016-09-17,1,1,0.7133322391238368,0.6729578421687705,0.8606622,0.76445556,1,1,1,1,1
2016-09-18,1,0,0.6572301211783043,0.6358840176452811,0.8659645,0.7965901,1,1,1,1,1
2016-09-19,1,0,0.6930717003118245,0.527316017611254,0.7926991,0.7406097,1,1,1,1,1
2016-09-20,1,0,0.7140829164700305,0.530356117304555,0.84180576,0.77228343,1,1,1,1,1
2016-09-21,1,0,0.742277329111009,0.6480696735831489,0.86097395,0.7908515,1,1,1,1,1
2016-09-22,1,1,0.7560786938071413,0.6797626604760232,0.86253834,0.8147178,1,1,1,1,1
2016-09-23,1,0,0.6389476915820259,0.6080083067649601,0.87053657,0.8010126,1,1,1,1,1
2016-09-24,1,0,0.6881483050757541,0.6399238515014709,0.7422775,0.7152197,1,1,1,1,1
2016-09-25,1,1,0.7195899965852259,0.6903225203586336,0.82696885,0.77045465,1,1,1,1,1
2016-09-26,1,0,0.6593730094997237,0.7634304964426741,0.8436831,0.77954924,1,1,1,1,1
2016-09-27,1,0,0.6838421755794653,0.6713390064714543,0.6668236,0.6498133,1,1,1,1,1
2016-09-28,1,1,0.7334548345082381,0.6925136858700267,0.74873513,0.7128293,1,1,1,1,1
2016-09-29,1,1,0.7032908607497457,0.7420130983457273,0.837855,0.74477005,1,1,1,1,1
2016-09-30,1,1,0.6499017830817998,0.6802512256528901,0.81972784,0.7643712,1,1,1,1,1
2016-10-01,1,0,0.6623226692496647,0.6715596394212748,0.644705,0.643439,1,1,1,1,1
2016-10-02,1,1,0.7099860056294041,0.6251226217079583,0.6010268,0.6519287,1,1,1,1,1
2016-10-03,1,0,0.6864402006459588,0.6974548987279285,0.7697229,0.7388062,1,1,1,1,1
2016-10-04,1,1,0.7131525191290027,0.5841807275054737,0.7098634,0.677065,1,1,1,1,1
2016-10-05,1,1,0.697999057147743,0.7144120906819409,0.80373347,0.73496103,1,1,1,1,1
2016-10-06,1,1,0.6936138770881812,0.7415668235335956,0.7455061,0.7011035,1,1,1,1,1
2016-10-07,1,1,0.6511592890585424,0.610366035842912,0.7601561,0.71576524,1,1,1,1,1
2016-10-08,1,0,0.6559567127605882,0.6915811781581338,0.62896335,0.6507612,1,1,1,1,1
2016-10-09,1,1,0.7211523941746616,0.5392220940157713,0.6246336,0.66697603,1,1,1,1,1
2016-10-10,1,1,0.6914645621030483,0.5897087251863852,0.81917393,0.75922585,1,1,1,1,1
2016-10-11,1,0,0.5742626739784239,0.4535057345970287,0.7741468,0.74333763,1,1,0,1,1
2016-10-12,1,1,0.6526953444100789,0.65457667577905,0.5697403,0.6183503,1,1,1,1,1
2016-10-13,1,1,0.8660395576206799,0.7526719895473687,0.7957886,0.7908172,1,1,1,1,1
2016-10-14,1,0,0.6464654912109716,0.5838653288480605,0.8636538,0.78139484,1,1,1,1,1
2016-10-15,1,1,0.6837254004325856,0.6571245468612181,0.6996552,0.6831834,1,1,1,1,1
2016-10-16,1,0,0.6566104890597859,0.6090462317440094,0.81638116,0.76697105,1,1,1,1,1
2016-10-17,1,0,0.6961180624495823,0.6465770098823823,0.7238376,0.7324246,1,1,1,1,1
2016-10-18,1,0,0.6762841067820601,0.6153352971266832,0.8337832,0.78989875,1,1,1,1,1
2016-10-19,1,1,0.697879678104814,0.6478681217364773,0.84234846,0.76309276,1,1,1,1,1
2016-10-20,1,1,0.6608517050014069,0.6533737594641749,0.8572167,0.78150755,1,1,1,1,1
2016-10-21,1,1,0.6407667271054676,0.667490484658521,0.8073694,0.6866285,1,1,1,1,1
2016-10-22,1,0,0.5417439769655497,0.3840655277011685,0.7622821,0.64651567,1,1,0,1,1
2016-10-23,1,0,0.5803494768638175,0.4984251819255276,0.5403441,0.51399463,1,1,0,1,1
2016-10-24,1,1,0.6817877918029305,0.6721464799029235,0.71203125,0.73613816,1,1,1,1,1
2016-10-25,1,1,0.6794982967462705,0.589631457997474,0.8214405,0.747595,1,1,1,1,1
2016-10-26,1,1,0.5514118114914582,0.39542870025924676,0.7987709,0.73559034,1,1,0,1,1
2016-10-27,1,1,0.5274990202404811,0.4962102191209674,0.57860994,0.60166866,1,1,0,1,1
2016-10-28,1,1,0.6006754851765779,0.5519197014741899,0.5380384,0.6207702,1,1,1,1,1
2016-10-29,1,0,0.5698044543339367,0.4938744933978625,0.60001457,0.64375347,1,1,0,1,1
2016-10-30,1,0,0.6251406795199853,0.6577596702690984,0.5297164,0.5245256,1,1,1,1,1
2016-10-31,1,1,0.6813817824972209,0.6293557424715784,0.75333524,0.7627272,1,1,1,1,1
2016-11-01,1,1,0.5569124951919034,0.3629830310427845,0.76519656,0.7018654,1,1,0,1,1
2016-11-02,1,0,0.4957112004784221,0.5581751559196706,0.57720315,0.5691123,1,0,1,1,1
2016-11-03,1,1,0.7295709626193224,0.7899173321236327,0.54781145,0.6900432,1,1,1,1,1
2016-11-04,1,1,0.6401433596868014,0.5075776390115228,0.6955989,0.78165317,1,1,1,1,1
2016-11-05,1,1,0.49995451734424085,0.4736501257506899,0.5841597,0.6252606,1,0,0,1,1
2016-11-06,1,0,0.5031521655601767,0.43571055304110795,0.66330385,0.53406936,1,1,0,1,1
2016-11-07,1,1,0.5710432279913136,0.6008950172400523,0.59819746,0.49735618,1,1,1,1,0
2016-11-08,1,1,0.5446524450060221,0.5173732279987457,0.62092984,0.64550376,1,1,1,1,1
2016-11-09,1,0,0.5124479686020201,0.518397189476016,0.53453994,0.49899662,1,1,1,1,0
2016-11-10,1,1,0.7706893028269837,0.6701642997837192,0.58789605,0.57496643,1,1,1,1,1
2016-11-11,1,0,0.5516437687887867,0.5896130238339232,0.44725832,0.5085324,1,1,1,0,1
2016-11-12,1,0,0.6011608734566497,0.5296480014124697,0.59939986,0.3958998,1,1,1,1,0
2016-11-13,1,1,0.5395972086710568,0.5505582544620945,0.72832394,0.7133443,1,1,1,1,1
2016-11-14,1,1,0.5074190865170614,0.569030800656171,0.48941937,0.53731483,1,1,1,0,1
2016-11-15,1,1,0.5132252649805046,0.5164473282313278,0.4639642,0.4999153,1,1,1,0,0
2016-11-16,1,0,0.4115824247588614,0.35441754250788354,0.5559554,0.54850024,1,0,0,1,1
2016-11-17,1,1,0.5423713915733571,0.4960015336953684,0.47857216,0.47541,1,1,0,0,0
2016-11-18,1,1,0.5444541745550372,0.5672089198502098,0.75958365,0.77973753,1,1,1,1,1
2016-11-19,1,0,0.5533952771992172,0.6091185999954615,0.6078689,0.6319284,1,1,1,1,1
2016-11-20,1,1,0.6386617662708842,0.6798501746949813,0.6031323,0.60734916,1,1,1,1,1
2016-11-21,1,1,0.5965213020914021,0.4971590725890491,0.58329177,0.5923367,1,1,0,1,1
2016-11-22,1,0,0.5000098960955615,0.41220976505624596,0.47964513,0.4992735,1,1,0,0,0
2016-11-23,1,0,0.5645221953714097,0.574040521827087,0.5289589,0.4869076,1,1,1,1,0
2016-11-24,1,1,0.6078943466382034,0.6150921806838474,0.67885333,0.6544888,1,1,1,1,1
2016-11-25,1,0,0.5441325793219888,0.6616842454828331,0.58494407,0.580285,1,1,1,1,1
2016-11-26,1,0,0.5960975417558922,0.6233488844560355,0.485085,0.5127124,1,1,1,0,1
2016-11-27,1,1,0.6422261925230532,0.5806584011461295,0.4958982,0.56134903,1,1,1,0,1
2016-11-28,1,0,0.5690111915107225,0.5635413546959294,0.64659655,0.6107918,1,1,1,1,1
2016-11-29,1,1,0.5734527468018672,0.5634341907596557,0.50100666,0.62224925,1,1,1,1,1
2016-11-30,1,1,0.5499890884553317,0.5775294113717733,0.62351876,0.6661794,1,1,1,1,1
2016-12-01,1,1,0.5109739998628174,0.5127724907601284,0.5184006,0.5694579,1,1,1,1,1
2016-12-02,1,0,0.42095759891213214,0.46062950584838874,0.49270684,0.5708961,1,0,0,0,1
2016-12-03,1,1,0.4908239227394751,0.4914421150815246,0.5414101,0.54764897,1,0,0,1,1
2016-12-04,1,0,0.507650920537762,0.6251167068440486,0.68711907,0.6509416,1,1,1,1,1
2016-12-05,1,1,0.5845873748726385,0.6958152259025223,0.6269243,0.50156313,1,1,1,1,1
2016-12-06,1,1,0.542724814436283,0.47970274661049095,0.5940405,0.5676622,1,1,0,1,1
2016-12-07,1,1,0.49823347266808243,0.5466383978408111,0.53867793,0.41675997,1,0,1,1,0
2016-12-08,1,1,0.5223058364331998,0.5996028645828404,0.5002302,0.5159788,1,1,1,1,1
2016-12-09,1,1,0.517095207103591,0.6107195390775865,0.4152344,0.51740915,1,1,1,0,1
2016-12-10,1,0,0.5403592371921806,0.5606346636381001,0.37378684,0.51997334,1,1,1,0,1
2016-12-11,1,1,0.5484416337669888,0.5571148331261235,0.3437621,0.5183515,1,1,1,0,1
2016-12-12,1,1,0.4903333637412575,0.593807754213867,0.3171546,0.503488,1,0,1,0,1
2016-12-13,1,1,0.540405852346133,0.5510096208192795,0.30929017,0.49124593,1,1,1,0,0
2016-12-14,1,0,0.4949320013539757,0.5969151220352336,0.42853636,0.6315899,1,0,1,0,1
2016-12-15,1,1,0.8519919522961504,0.6087270835062687,0.30327538,0.5376107,1,1,1,0,1
2016-12-16,1,1,0.4992763507420709,0.7006360750420589,0.22555219,0.4382421,1,0,1,0,0
2016-12-17,1,0,0.49613775713932845,0.5975004858819237,0.23290959,0.3692591,1,0,1,0,0
2016-12-18,1,1,0.5483954687189958,0.6077131674333172,0.28852686,0.58563054,1,1,1,0,1
2016-12-19,1,1,0.5375614802091827,0.6266516835430483,0.4423259,0.5697302,1,1,1,0,1
2016-12-20,1,1,0.4992797217723537,0.7157875250726132,0.37943032,0.54216427,1,0,1,0,1
2016-12-21,1,1,0.4094685823260812,0.39316384286948824,0.36036238,0.5292947,1,0,0,0,1
2016-12-22,1,1,0.3711283892587643,0.44932188578798204,0.4248199,0.51085776,1,0,0,0,1
2016-12-23,1,0,0.2999088149203252,0.3153730493795027,0.45597428,0.52597094,1,0,0,0,1
2016-12-24,1,0,0.4350639255765721,0.591280494708333,0.5153972,0.46409267,1,0,1,1,0
2016-12-25,1,1,0.5380949063400831,0.5025882340360547,0.7311526,0.7641052,1,1,1,1,1
2016-12-26,1,1,0.48588748996190834,0.5284958858880724,0.64070517,0.30150968,1,0,1,1,0
2016-12-27,1,1,0.4067895309393224,0.46669524096665344,0.56769896,0.35233676,1,0,0,1,0
2016-12-28,1,0,0.33197240121975896,0.32147505842708024,0.47228035,0.347052,1,0,0,0,0
2016-12-29,1,0,0.3991745056603217,0.4452200081296172,0.47215936,0.37667438,1,0,0,0,0
2016-12-30,1,1,0.5156676448364089,0.5557293519787898,0.5315078,0.6898695,1,1,1,1,1
2016-12-31,1,1,0.46542401616322,0.5655164106261517,0.40069234,0.28039226,1,0,1,0,0
2017-01-01,1,1,0.3920070009101418,0.5433822024560203,0.35369992,0.36698127,1,0,1,0,0
2017-01-02,1,1,0.37185191198259687,0.43616281637213367,0.36665267,0.36931643,1,0,0,0,0
2017-01-03,1,1,0.36907399441373295,0.4677345595829051,0.39225584,0.45344287,1,0,0,0,0
2017-01-04,1,0,0.23775726281349716,0.48702644410008744,0.39283046,0.45942295,1,0,0,0,0
2017-01-05,1,0,0.46574279899906634,0.45797245448869106,0.3258241,0.39273316,1,0,0,0,0
2017-01-06,1,1,0.8812317184412729,0.6498488544190674,0.70823413,0.7547657,1,1,1,1,1
2017-01-07,1,1,0.6872666307335241,0.4635235453189083,0.4216183,0.14673868,1,1,0,0,0
2017-01-08,1,0,0.4984684721569115,0.46270792524879417,0.22097336,0.18687527,1,0,0,0,0
2017-01-09,1,1,0.5069465334569687,0.4981092057724819,0.28380576,0.30123714,1,1,0,0,0
2017-01-10,1,0,0.5429625346024441,0.4890379579177996,0.291418,0.36819112,1,1,0,0,0
2017-01-11,1,1,0.7151103090071422,0.5975194353552036,0.35562983,0.3104776,1,1,1,0,0
2017-01-12,1,1,0.7591972517856708,0.637895631362881,0.6481208,0.7293476,1,1,1,1,1
2017-01-13,1,0,0.29749471565033636,0.274532886555342,0.15165645,0.20769009,1,0,0,0,0
2017-01-14,1,1,0.41229047299226895,0.5178882437307287,0.28031287,0.24279359,1,0,1,0,0
2017-01-15,1,1,0.42927589620573897,0.46886408273424623,0.48141438,0.6572757,1,0,0,0,1
2017-01-16,1,1,0.3988377302076864,0.35486624367515474,0.3323516,0.18432118,1,0,0,0,0
2017-01-17,1,0,0.24573994535024218,0.27805718610034286,0.34194216,0.43477017,1,0,0,0,0
2017-01-18,1,1,0.30199295822249583,0.36741778565589583,0.20997393,0.19193123,1,0,0,0,0
2017-01-19,1,0,0.48490074158896407,0.44906020413064723,0.67158264,0.8244385,1,0,0,1,1
2017-01-20,1,1,0.4854543319659544,0.4486341639308864,0.47555065,0.48250455,1,0,0,0,0
2017-01-21,1,1,0.4425991319209441,0.2719129210180515,0.6098739,0.5796499,1,0,0,1,1
2017-01-22,1,0,0.42916325563244645,0.330106954782631,0.5065257,0.37042817,1,0,0,1,0
2017-01-23,1,0,0.5317589663007056,0.5433338300261109,0.6530165,0.7210694,1,1,1,1,1
2017-01-24,1,1,0.6090398245045724,0.5127106632511549,0.7101277,0.61849236,1,1,1,1,1
2017-01-25,1,1,0.6080864386796396,0.47411974650569105,0.7710587,0.7014261,1,1,0,1,1
2017-01-26,1,1,0.5099192894378147,0.43076129858389267,0.7230048,0.5235421,1,1,0,1,1
2017-01-27,1,1,0.5561800521117235,0.500228267829559,0.61593795,0.5655879,1,1,1,1,1
2017-01-28,1,0,0.5971569495641263,0.6090634333382443,0.7660148,0.715886,1,1,1,1,1
2017-01-29,1,1,0.6377924129139686,0.6431749260636623,0.8143987,0.7299576,1,1,1,1,1
2017-01-30,1,1,0.6144603769710983,0.6564555269274548,0.8639602,0.75712997,1,1,1,1,1
2017-01-31,1,1,0.5020181937393972,0.4159190494089662,0.8659445,0.7533034,1,1,0,1,1
2017-02-01,1,1,0.45235481292032526,0.5128109693589133,0.6856084,0.5892622,1,0,1,1,1
2017-02-02,1,1,0.5332032715353175,0.4742089622043137,0.56071466,0.69416684,1,1,0,1,1
2017-02-03,1,1,0.5469003250820722,0.4469519923167219,0.55568904,0.640526,1,1,0,1,1
2017-02-04,1,0,0.5614961901532924,0.48066631288954303,0.5852433,0.66812104,1,1,0,1,1
2017-02-05,1,1,0.6601583519089271,0.608697209115146,0.591865,0.6553631,1,1,1,1,1
2017-02-06,1,1,0.6468755761158159,0.5063548997387332,0.7644867,0.7452791,1,1,1,1,1
2017-02-07,1,1,0.558713605581326,0.44093581637523377,0.7233059,0.69784194,1,1,0,1,1
2017-02-08,1,0,0.597322139244288,0.5953769064694466,0.58244103,0.6325529,1,1,1,1,1
2017-02-09,1,0,0.7287095202999585,0.8297411038290694,0.69464886,0.7276755,1,1,1,1,1
2017-02-10,1,1,0.7217720982217027,0.6247113885420296,0.6708565,0.75094914,1,1,1,1,1
2017-02-11,1,0,0.5761430923498954,0.46695672273942157,0.62257427,0.6478359,1,1,0,1,1
2017-02-12,1,0,0.6073512012637031,0.6224542878510232,0.5682026,0.57163095,1,1,1,1,1
2017-02-13,1,1,0.6394372546934814,0.6089738339877254,0.7665853,0.70757324,1,1,1,1,1
2017-02-14,1,1,0.61716687141639,0.5115539114582281,0.7429532,0.6653858,1,1,1,1,1
2017-02-15,1,1,0.5783360137245689,0.5006360519200432,0.6869772,0.62486887,1,1,1,1,1
2017-02-16,1,1,0.6549263418204763,0.5961787994119693,0.65238434,0.6906782,1,1,1,1,1
2017-02-17,1,1,0.5356222733814852,0.5750476956021036,0.71161944,0.6607292,1,1,1,1,1
2017-02-18,1,0,0.5753743582080394,0.5147159313310111,0.6135699,0.6951375,1,1,1,1,1
2017-02-19,1,1,0.641271858417089,0.6202568100663819,0.7404683,0.7801444,1,1,1,1,1
2017-02-20,1,1,0.5332434465381959,0.5399645316270264,0.84130126,0.8025431,1,1,1,1,1
2017-02-21,1,1,0.4590332543080242,0.5063080619849127,0.64506793,0.6263505,1,0,1,1,1
2017-02-22,1,1,0.5372027930301603,0.5331662088986604,0.5365143,0.60894084,1,1,1,1,1
2017-02-23,1,1,0.5613421109439495,0.454699344602847,0.69247985,0.72457975,1,1,0,1,1
2017-02-24,1,0,0.5622574315580245,0.41774863977654353,0.5628492,0.5700302,1,1,0,1,1
2017-02-25,1,1,0.7050205019331837,0.7785277554234058,0.7077685,0.7693373,1,1,1,1,1
2017-02-26,1,1,0.6369388228153127,0.606660538762133,0.80669534,0.7900319,1,1,1,1,1
2017-02-27,1,0,0.5641631748939057,0.4110891429424223,0.663483,0.6959104,1,1,0,1,1
2017-02-28,1,1,0.6559166389240271,0.6066561914547502,0.5869217,0.66207355,1,1,1,1,1
2017-03-01,1,1,0.5544894949658296,0.5441828669240113,0.77134144,0.76892036,1,1,1,1,1
2017-03-02,1,1,0.520913572870927,0.40705505813634413,0.59201133,0.6419183,1,1,0,1,1
2017-03-03,1,0,0.5516326196175636,0.4174099055645091,0.59193915,0.7502265,1,1,0,1,1
2017-03-04,1,1,0.6373501227167458,0.5707050939815853,0.5960775,0.75245136,1,1,1,1,1
2017-03-05,1,1,0.6207244291350049,0.5531729196162289,0.7587945,0.7767676,1,1,1,1,1
2017-03-06,1,0,0.61001013689741,0.6133856369325756,0.66605395,0.68304163,1,1,1,1,1
2017-03-07,1,0,0.7211018460030787,0.7078152556339954,0.6907117,0.70712805,1,1,1,1,1
2017-03-08,1,1,0.800922886559573,0.7523375844425444,0.7759748,0.75370115,1,1,1,1,1
2017-03-09,1,0,0.657988390249062,0.5238148308286279,0.7123895,0.6690309,1,1,1,1,1
2017-03-10,1,1,0.5815878427565659,0.5462664237182762,0.58755106,0.5325263,1,1,1,1,1
2017-03-11,1,1,0.5494918607919949,0.5996206191812529,0.7277296,0.7052967,1,1,1,1,1
2017-03-12,1,1,0.32481428524025824,0.28841437909245116,0.59669477,0.5611638,1,0,0,1,1
2017-03-13,1,1,0.41396464510093234,0.3622834288454802,0.5590312,0.55090857,1,0,0,1,1
2017-03-14,1,1,0.4795813112041127,0.4774707103263968,0.6271449,0.54491085,1,0,0,1,1
2017-03-15,1,0,0.47315583797416494,0.47172325585809693,0.53467417,0.3866137,1,0,0,1,0
2017-03-16,1,0,0.7489222810049881,0.6622353800076561,0.49911886,0.383458,1,1,1,0,0
2017-03-17,1,0,0.7404028953874292,0.7463121241848182,0.44880706,0.62885463,1,1,1,0,1
2017-03-18,1,1,0.7746547118362982,0.7859061012279469,0.5475525,0.4516136,1,1,1,1,0
2017-03-19,1,1,0.5646663773742582,0.569611794244812,0.46716157,0.60846984,1,1,1,0,1
2017-03-20,1,1,0.26479348765308436,0.22417269759459285,0.22941545,0.17816272,1,0,0,0,0
2017-03-21,1,0,0.2696182011091219,0.17805023105020404,0.36998507,0.38707072,1,0,0,0,0
2017-03-22,1,0,0.44070044644300754,0.5397951570666231,0.271645,0.18699534,1,0,1,0,0
2017-03-23,1,0,0.6080495963524213,0.5966291734216113,0.68289423,0.7579515,1,1,1,1,1
2017-03-24,1,1,0.6396481571306559,0.7097038601430323,0.30580142,0.09807625,1,1,1,0,0
2017-03-25,1,0,0.5256054644293665,0.47590450082738195,0.6288188,0.65370405,1,1,0,1,1
2017-03-26,1,1,0.36715715248984404,0.3429265197662157,0.21630074,0.15577719,1,0,0,0,0
2017-03-27,1,1,0.257334224718978,0.29367731735866226,0.5438753,0.6051072,1,0,0,1,1
2017-03-28,1,0,0.25253540692122084,0.28741996365280953,0.25108346,0.21321185,1,0,0,0,0
2017-03-29,1,0,0.4011589936560069,0.4605013895247093,0.55084395,0.70873874,1,0,0,1,1
2017-03-30,1,1,0.4582790666856321,0.5037168984504494,0.34978488,0.18480809,1,0,1,0,0
2017-03-31,1,1,0.3152364745783644,0.2535350123530111,0.54735583,0.6742077,1,0,0,1,1
2017-04-01,1,1,0.32764709325393976,0.2527149230762008,0.2779642,0.20899963,1,0,0,0,0
2017-04-02,1,1,0.38086589113365704,0.29789527579217046,0.5460042,0.6818168,1,0,0,1,1
2017-04-03,1,0,0.31892867986562967,0.34199387082169025,0.4474514,0.38554913,1,0,0,0,0
2017-04-04,1,0,0.40444089662753757,0.3809569073966284,0.50499433,0.39533988,1,0,0,1,0
2017-04-05,1,1,0.5037213098610405,0.4905120118531686,0.6152511,0.784804,1,1,0,1,1
2017-04-06,1,0,0.36864864276314063,0.30436171362178926,0.46614322,0.52153015,1,0,0,0,1
2017-04-07,1,0,0.39552368538519567,0.4628343865548401,0.4752705,0.37940642,1,0,0,0,0
2017-04-08,1,1,0.5142132329288089,0.5974548122263726,0.6261144,0.748757,1,1,1,1,1
2017-04-09,1,0,0.48216773359766857,0.4882086578434864,0.46829903,0.5537526,1,0,0,0,1
2017-04-10,1,1,0.4989553493522322,0.5265428476770483,0.5179554,0.4934813,1,0,1,1,0
2017-04-11,1,0,0.476133385672763,0.47756846587226015,0.43762335,0.53549564,1,0,0,0,1
2017-04-12,1,0,0.5407689626467824,0.5657891071163611,0.4409177,0.47947276,1,1,1,0,0
2017-04-13,1,0,0.843336021548968,0.5134735681617013,0.46029094,0.6588431,1,1,1,0,1
2017-04-14,1,1,0.6229771211414914,0.48696978953934744,0.20145375,0.24043705,1,1,0,0,0
2017-04-15,1,1,0.5473455853637589,0.5686510431177435,0.5949994,0.5177094,1,1,1,1,1
2017-04-16,1,1,0.4844705915054946,0.48655707151304095,0.6158326,0.47264248,1,0,0,1,0
2017-04-17,1,1,0.45940810395739495,0.5606170680702881,0.46091324,0.57439107,1,0,1,0,1
2017-04-18,1,0,0.47644856390014173,0.4289668712485117,0.3953448,0.5282923,1,0,0,0,1
2017-04-19,1,1,0.5223497459935822,0.5619606452210195,0.37062487,0.521729,1,1,1,0,1
2017-04-20,1,0,0.536718343801925,0.6040036763959893,0.40002948,0.5898059,1,1,1,0,1
2017-04-21,1,1,0.5704489739879387,0.5671854577918787,0.3357177,0.542671,1,1,1,0,1
2017-04-22,1,0,0.528695807738972,0.556965151169086,0.44797066,0.6587741,1,1,1,0,1
2017-04-23,1,1,0.6227092978457666,0.5238436005414716,0.31898287,0.55908465,1,1,1,0,1
2017-04-24,1,1,0.49264647279457113,0.5246240040577619,0.53482574,0.63597995,1,0,1,1,1
2017-04-25,1,1,0.4284760510675339,0.39663021929662434,0.5518497,0.4899783,1,0,0,1,0
2017-04-26,1,1,0.5104001082983944,0.44270113309915193,0.58569884,0.5620087,1,1,0,1,1
2017-04-27,1,0,0.4594867581262127,0.5268843885863299,0.5611239,0.5779483,1,0,1,1,1
2017-04-28,1,1,0.5048204357883145,0.5056818271323134,0.46759877,0.5189333,1,1,1,0,1
2017-04-29,1,1,0.5675564466062232,0.5807488873848795,0.49473032,0.62720805,1,1,1,0,1
2017-04-30,1,1,0.4817505742071342,0.5313954126565242,0.62163967,0.55239064,1,0,1,1,1
2017-05-01,1,1,0.3907923559469483,0.44922385645384394,0.43393537,0.49005902,1,0,0,0,0
2017-05-02,1,1,0.3934385506044288,0.41707627936888725,0.5393131,0.47266325,1,0,0,1,0
2017-05-03,1,1,0.42940017430128324,0.4947223318034123,0.62131023,0.6119432,1,0,0,1,1
2017-05-04,1,1,0.46460543430048806,0.4941758103783576,0.6710181,0.5780991,1,0,0,1,1
2017-05-05,1,1,0.5249714362055771,0.48461241758933044,0.6791674,0.5431359,1,1,0,1,1
2017-05-06,1,1,0.4973167743319598,0.4493251378107352,0.74207914,0.6931112,1,0,0,1,1
2017-05-07,1,1,0.5149503956061691,0.4437431408602244,0.69810766,0.6216614,1,1,0,1,1
2017-05-08,1,1,0.3879263929674407,0.34735469806817887,0.6583948,0.56550366,1,0,0,1,1
2017-05-09,1,1,0.41501493147840396,0.4439733774546395,0.5503375,0.44964227,1,0,0,1,0
2017-05-10,1,1,0.48113046310436347,0.4368097724014012,0.6712159,0.71050304,1,0,0,1,1
2017-05-11,1,0,0.6579634311490329,0.5725443384967767,0.6723434,0.6713779,1,1,1,1,1
2017-05-12,1,1,0.6289368237912496,0.6181282840336695,0.7063257,0.48003623,1,1,1,1,0
2017-05-13,1,1,0.5844070656389804,0.4894853979657764,0.73680145,0.7477378,1,1,0,1,1
2017-05-14,1,0,0.4378306875773641,0.41702313373235234,0.6532927,0.53785145,1,0,0,1,1
2017-05-15,1,0,0.6031021373269282,0.6375820322105803,0.6834531,0.5120783,1,1,1,1,1
2017-05-16,1,1,0.609232935990352,0.579025122836644,0.5931005,0.54193044,1,1,1,1,1
2017-05-17,1,1,0.39737172663513703,0.37332527826549744,0.5414555,0.23847026,1,0,0,1,0
2017-05-18,1,1,0.33175981789547415,0.38900857297974517,0.42759332,0.22112282,1,0,0,0,0
2017-05-19,1,1,0.3396718209772636,0.3795001051469636,0.41367832,0.44276723,1,0,0,0,0
2017-05-20,1,0,0.29215182846090665,0.36412955549210635,0.38664094,0.35257345,1,0,0,0,0
2017-05-21,1,1,0.49001941040161867,0.4418064743582009,0.35885018,0.34208015,1,0,0,0,0
2017-05-22,1,1,0.441324500176078,0.4785519586568826,0.6950414,0.8131048,1,0,0,1,1
2017-05-23,1,1,0.2187744799689871,0.2603168239065469,0.43349278,0.5008627,1,0,0,0,1
2017-05-24,1,0,0.2612086761875302,0.4746635065212352,0.3371471,0.36856925,1,0,0,0,0
2017-05-25,1,0,0.5105738956040952,0.4410384979968328,0.35665578,0.35165837,1,1,0,0,0
2017-05-26,1,0,0.6847361577535771,0.7683227097587441,0.7138675,0.78689194,1,1,1,1,1
2017-05-27,1,1,0.669963750103754,0.7873590313484362,0.5057087,0.16393715,1,1,1,1,0
2017-05-28,1,1,0.5135590488991278,0.5687996263773588,0.5158871,0.56063867,1,1,1,1,1
2017-05-29,1,0,0.25546260907181945,0.2613185869854875,0.28306544,0.15857323,1,0,0,0,0
2017-05-30,1,1,0.4346734944597325,0.6658023100013389,0.29894316,0.25971276,1,0,1,0,0
2017-05-31,1,1,0.42650087001328113,0.3366701614972034,0.6406556,0.71078587,1,0,0,1,1
2017-06-01,1,1,0.2554023278470067,0.2551545492813817,0.27735513,0.17932984,1,0,0,0,0
2017-06-02,1,1,0.2624941288311277,0.28907291309894634,0.33707392,0.32332927,1,0,0,0,0
2017-06-03,1,0,0.35077491011492945,0.330068619615904,0.35268945,0.28266704,1,0,0,0,0
2017-06-04,1,1,0.41657865714607156,0.4693089314605423,0.54861516,0.61538225,1,0,0,1,1
2017-06-05,1,1,0.2984410915740037,0.25492178405557886,0.5072617,0.3614892,1,0,0,1,0
2017-06-06,1,0,0.20815400650651902,0.4395816004317396,0.31492275,0.21934749,1,0,0,0,0
2017-06-07,1,1,0.41822395459098705,0.5103618336303994,0.3685666,0.33807296,1,0,1,0,0
2017-06-08,1,1,0.48252302781495626,0.3644663030068429,0.68639785,0.8438935,1,0,0,1,1
2017-06-09,1,1,0.42936230331398006,0.4219706767942772,0.36242783,0.43579796,1,0,0,0,0
2017-06-10,1,1,0.38383334130572183,0.32702330423329656,0.6140644,0.5540829,1,0,0,1,1
2017-06-11,1,0,0.40804504023187743,0.3749587579942695,0.42169812,0.3267282,1,0,0,0,0
2017-06-12,1,1,0.6571582515064367,0.7014871493832949,0.5043748,0.6245161,1,1,1,1,1
2017-06-13,1,0,0.6509042929669822,0.6181749504416875,0.5928085,0.71440876,1,1,1,1,1
2017-06-14,1,0,0.5585279510310932,0.7913641555414563,0.27835548,0.21404804,1,1,1,0,0
2017-06-15,1,1,0.8066601226737854,0.6450553207033792,0.63417906,0.5564554,1,1,1,1,1
2017-06-16,1,1,0.42531429267972776,0.3243850837924713,0.18199003,0.09068933,1,0,0,0,0
2017-06-17,1,0,0.2933480613687804,0.3282068061074232,0.2310423,0.26400337,1,0,0,0,0
2017-06-18,1,1,0.4345163797648515,0.6169594290403387,0.24674577,0.16011046,1,0,1,0,0
2017-06-19,1,1,0.5304849109178508,0.4737396552990276,0.6678549,0.76447856,1,1,0,1,1
2017-06-20,1,0,0.327894396542558,0.2587256704494998,0.29783368,0.19547458,1,0,0,0,0
2017-06-21,1,1,0.39468333839999103,0.432949919493929,0.30777887,0.29704228,1,0,0,0,0
2017-06-22,1,1,0.4541214151780499,0.45424528991855534,0.6472305,0.7529843,1,0,0,1,1
2017-06-23,1,0,0.4090156325646409,0.350745798836958,0.3473634,0.25610748,1,0,0,0,0
2017-06-24,1,0,0.5483099764254072,0.4647932911258133,0.47498676,0.57525694,1,1,0,0,1
2017-06-25,1,0,0.5869177615419124,0.597307039437888,0.609929,0.70526534,1,1,1,1,1
2017-06-26,1,1,0.5741595767971434,0.6436136822459568,0.48329425,0.26252094,1,1,1,0,0
2017-06-27,1,1,0.4680190666707678,0.4914019449741617,0.54762936,0.6289284,1,0,0,1,1
2017-06-28,1,0,0.41210581777770633,0.41020302602788755,0.42268345,0.29989845,1,0,0,0,0
2017-06-29,1,0,0.5358752089985187,0.6041960481909736,0.54676497,0.55241895,1,1,1,1,1
2017-06-30,1,0,0.6223316006963119,0.49260600306529795,0.57171136,0.59239346,1,1,0,1,1
2017-07-01,1,1,0.6218164417979785,0.6638045653335704,0.59633803,0.52149224,1,1,1,1,1
2017-07-02,1,1,0.47503600702765936,0.5500781926214828,0.604092,0.35363093,1,0,1,1,0
2017-07-03,1,1,0.40484802523816527,0.3976076624224391,0.4921507,0.3054955,1,0,0,0,0
2017-07-04,1,1,0.4645717355843114,0.4335133959666021,0.5523896,0.47776684,1,0,0,1,0
2017-07-05,1,1,0.4936919060591362,0.5680739168056002,0.60919386,0.6016513,1,0,1,1,1
2017-07-06,1,0,0.5176959551292781,0.5737129941960006,0.5128647,0.602142,1,1,1,1,1
2017-07-07,1,1,0.690190527200724,0.5804562215534654,0.45580876,0.5336066,1,1,1,0,1
2017-07-08,1,0,0.6150427223361897,0.6474911131105087,0.5531909,0.69083744,1,1,1,1,1
2017-07-09,1,0,0.6398357539955066,0.6148964062019197,0.4602125,0.54429895,1,1,1,0,1
2017-07-10,1,0,0.7408495563384082,0.6654717654469863,0.7520612,0.70113105,1,1,1,1,1
2017-07-11,1,1,0.7429389837174326,0.6185522116070006,0.59475416,0.6551434,1,1,1,1,1
2017-07-12,1,0,0.5715289489344374,0.5225443842901785,0.70038337,0.6090491,1,1,1,1,1
2017-07-13,1,0,0.6872983677479011,0.5994827014376551,0.55932355,0.50076133,1,1,1,1,1
2017-07-14,1,0,0.7200339790587763,0.6609303964933108,0.8246613,0.7597945,1,1,1,1,1
2017-07-15,1,0,0.8126653722870174,0.8115454821233054,0.66245097,0.62314564,1,1,1,1,1
2017-07-16,1,1,0.7931246928817153,0.7288849702075703,0.5776912,0.5265155,1,1,1,1,1
2017-07-17,1,1,0.2877193293939056,0.3180521829399476,0.5220734,0.34202653,1,0,0,1,0
2017-07-18,1,0,0.15223561797150456,0.25375878233218424,0.26567134,0.22642139,1,0,0,0,0
2017-07-19,1,1,0.4871317688789216,0.4688255357605143,0.24502118,0.44394335,1,0,0,0,0
2017-07-20,1,0,0.13750175903993928,0.3659273136690873,0.5931839,0.7814251,1,0,0,1,1
2017-07-21,1,1,0.12970574532247048,0.3245397306881646,0.16313632,0.18400156,1,0,0,0,0
2017-07-22,1,0,0.40134959075802035,0.4209512455355208,0.6111534,0.8307183,1,0,0,1,1
2017-07-23,1,1,0.3336487758208538,0.4424018854836427,0.22356008,0.16173369,1,0,0,0,0
2017-07-24,1,0,0.39444078868693755,0.3706162754657788,0.48485354,0.47882238,1,0,0,0,0
2017-07-25,1,0,0.4687574920425012,0.6798730455867045,0.22186522,0.14206088,1,0,1,0,0
2017-07-26,1,1,0.5230411734469163,0.5327978713783666,0.49688303,0.5729989,1,1,1,0,1
2017-07-27,1,1,0.23628702700371826,0.4003818253911583,0.27841157,0.16170481,1,0,0,0,0
2017-07-28,1,0,0.16000199691397063,0.36488914482435875,0.15740536,0.14554264,1,0,0,0,0
2017-07-29,1,1,0.31527698448439684,0.5021083723933101,0.21806785,0.30309367,1,0,1,0,0
2017-07-30,1,1,0.35967065969348067,0.5356329207776821,0.6128562,0.7444075,1,0,1,1,1
2017-07-31,1,0,0.2800688725652241,0.20691517300123657,0.33417875,0.21270561,1,0,0,0,0
2017-08-01,1,0,0.41780124060384927,0.46480703760086883,0.33263758,0.31677628,1,0,0,0,0
2017-08-02,1,1,0.5004007665253446,0.5947352750692465,0.6752002,0.7752523,1,1,1,1,1
2017-08-03,1,1,0.4548150228979221,0.26512774735905487,0.43906918,0.3156531,1,0,0,0,0
2017-08-04,1,1,0.3178538925529049,0.26255061795628254,0.4165579,0.30345538,1,0,0,0,0
2017-08-05,1,0,0.19734882710712584,0.4336091928840941,0.47461385,0.39550808,1,0,0,0,0
2017-08-06,1,1,0.26913057060619644,0.3100274065099277,0.29978952,0.3649358,1,0,0,0,0
2017-08-07,1,1,0.38766428361146,0.36169397296662764,0.65855,0.7572665,1,0,0,1,1
2017-08-08,1,0,0.36803820582568497,0.3190968868995224,0.49446484,0.32113603,1,0,0,0,0
2017-08-09,1,1,0.4973281822362207,0.5998923214893368,0.61354154,0.4903906,1,0,1,1,0
2017-08-10,1,1,0.8193138060469428,0.6585452183350964,0.55097336,0.5814409,1,1,1,1,1
2017-08-11,1,1,0.301349014340803,0.3866031400419437,0.26739976,0.08905865,1,0,0,0,0
2017-08-12,1,1,0.20798071066692247,0.3422379354560313,0.19805402,0.14181945,1,0,0,0,0
2017-08-13,1,1,0.2727388795595742,0.3500800409280558,0.21299386,0.2716214,1,0,0,0,0
2017-08-14,1,0,0.2525265460217513,0.31283267540320087,0.28114057,0.4132688,1,0,0,0,0
2017-08-15,1,1,0.4337043852032143,0.515896112048128,0.25121114,0.2885174,1,0,1,0,0
2017-08-16,1,0,0.443883054366247,0.3503084217161062,0.67717505,0.8188253,1,0,0,1,1
2017-08-17,1,0,0.4355944846427437,0.35325420293005577,0.40347552,0.46899217,1,0,0,0,0
2017-08-18,1,1,0.5702840115299531,0.6571567435037216,0.6723905,0.6311441,1,1,1,1,1
2017-08-19,1,0,0.5503747404077264,0.42552455269062117,0.4761553,0.52327704,1,1,0,0,1
2017-08-20,1,0,0.562141387900113,0.5164513582620573,0.367665,0.16456482,1,1,1,0,0
2017-08-21,2,1,0.5257277655085477,0.533245640650614,0.43521455,0.38722977,1,1,1,0,0
2017-08-22,2,1,0.5955915907174444,0.5581376120334776,0.56093395,0.3737941,1,1,1,1,0
2017-08-23,2,1,0.49665848635085547,0.4594645185241153,0.26677784,0.3559001,1,0,0,0,0
2017-08-24,2,1,0.466848149591938,0.43833925951305774,0.30998376,0.42561272,1,0,0,0,0
2017-08-25,2,0,0.48631677313605404,0.4961310342087979,0.42702523,0.3836186,1,0,0,0,0
2017-08-26,2,1,0.5282828467334236,0.5476689198042763,0.41115734,0.41413093,1,1,1,0,0
2017-08-27,2,0,0.5287069915994608,0.5274063404231246,0.23829038,0.65733045,1,1,1,0,1
2017-08-28,2,1,0.4136682888522584,0.3790206379800464,0.23349743,0.46662557,1,0,0,0,0
2017-08-29,2,0,0.43580464545294656,0.42800218805567414,0.44581705,0.5765622,1,0,0,0,1
2017-08-30,2,1,0.5305311889106783,0.592741358687486,0.1863169,0.44644886,1,1,1,0,0
2017-08-31,2,1,0.41240996807380287,0.5566479709136423,0.4849227,0.45855045,1,0,1,0,0
2017-09-01,2,0,0.41643161240897253,0.5369360329674296,0.31450891,0.76642096,1,0,1,0,1
2017-09-02,2,1,0.5988922806279703,0.5902715339258993,0.5511831,0.7632114,1,1,1,1,1
2017-09-03,2,0,0.6320092136640446,0.5823617377554544,0.7250206,0.9132698,1,1,1,1,1
2017-09-04,2,1,0.6601140196543553,0.6062779561595868,0.31521112,0.5084102,1,1,1,0,1
2017-09-05,2,1,0.5821842529340415,0.5843776078217359,0.56323797,0.9050875,1,1,1,1,1
2017-09-06,2,1,0.4481144453137872,0.4819868507371094,0.13186586,0.25322655,1,0,0,0,0
2017-09-07,2,0,0.45595452602436043,0.48556901373612715,0.3877661,0.46062845,1,0,0,0,0
2017-09-08,2,0,0.6901545769406271,0.5788138761117755,0.7308841,0.7285518,1,1,1,1,1
2017-09-09,2,0,0.6320154903553323,0.5570567145986555,0.530312,0.67749935,1,1,1,1,1
2017-09-10,2,1,0.5804984467018186,0.5649729066149293,0.4754414,0.33313006,1,1,1,0,0
2017-09-11,2,0,0.6532524858393185,0.6274697601261223,0.69294757,0.5620652,1,1,1,1,1
2017-09-12,2,0,0.6187786316094785,0.6456120760546947,0.9157348,0.81166065,1,1,1,1,1
2017-09-13,2,0,0.7018600875541499,0.6214013163301404,0.67986876,0.82784694,1,1,1,1,1
2017-09-14,2,1,0.8471842001099501,0.5319919939956955,0.93576527,0.85748404,1,1,1,1,1
2017-09-15,2,0,0.7336122734689077,0.6471208692769588,0.92461026,0.9304241,1,1,1,1,1
2017-09-16,2,0,0.4998295351239416,0.5829485687620157,0.13407758,0.14306502,1,0,1,0,0
2017-09-17,2,1,0.6634329600471301,0.6387458509075588,0.7534761,0.34355754,1,1,1,1,0
2017-09-18,2,0,0.49042388736655784,0.6605512050555609,0.70182955,0.859491,1,0,1,1,1
2017-09-19,2,0,0.5839820133747472,0.6546155503566428,0.5292255,0.33116046,1,1,1,1,0
2017-09-20,2,0,0.6885504012679194,0.648683497142925,0.35509983,0.88249487,1,1,1,0,1
2017-09-21,2,0,0.8448221869910779,0.6729493278934635,0.39229774,0.47692212,1,1,1,0,0
2017-09-22,2,1,0.694613504467146,0.6018334572287403,0.22301793,0.46172518,1,1,1,0,0
2017-09-23,2,0,0.5817555285734504,0.5608557004949586,0.38621473,0.6596202,1,1,1,0,1
2017-09-24,2,1,0.6204299647917173,0.6751809191790349,0.5596797,0.54838365,1,1,1,1,1
2017-09-25,2,0,0.5413056747047846,0.4580363515830143,0.78150034,0.7588924,1,1,0,1,1
2017-09-26,2,1,0.594305834809966,0.5519714965196026,0.6903812,0.5941972,1,1,1,1,1
2017-09-27,2,0,0.5564659109776817,0.5672369277799071,0.651393,0.62926996,1,1,1,1,1
2017-09-28,2,0,0.5102236971965687,0.5472407052087532,0.4294223,0.46201658,1,1,1,0,0
2017-09-29,2,1,0.6497279753257152,0.5790791573983605,0.3877806,0.42386866,1,1,1,0,0
2017-09-30,2,1,0.5705810217828169,0.5440177186069699,0.44993588,0.5414044,1,1,1,0,1
2017-10-01,2,1,0.5523412585169118,0.5537704678716971,0.54804957,0.60211986,1,1,1,1,1
2017-10-02,2,0,0.6634259893099556,0.75521713413189,0.5386329,0.75579387,1,1,1,1,1
2017-10-03,2,0,0.6528975656302772,0.6844319383074594,0.5111662,0.61068016,1,1,1,1,1
2017-10-04,2,1,0.6334773403118112,0.5861067241460566,0.5296987,0.8055642,1,1,1,1,1
2017-10-05,2,1,0.6506303248635124,0.6773756222618933,0.6701865,0.672869,1,1,1,1,1
2017-10-06,2,1,0.6302730528546105,0.6894054586867469,0.64233994,0.44714245,1,1,1,1,0
2017-10-07,2,1,0.609593641411952,0.6279567236451339,0.7532864,0.8059843,1,1,1,1,1
2017-10-08,2,1,0.569320456641131,0.579183880698028,0.7355836,0.58522403,1,1,1,1,1
2017-10-09,2,1,0.515727514848298,0.5805140107423751,0.84239304,0.6436245,1,1,1,1,1
2017-10-10,2,1,0.5093797915846195,0.5758799865856691,0.86594856,0.81047183,1,1,1,1,1
2017-10-11,2,1,0.6325063483897245,0.6398614932935628,0.8217162,0.912245,1,1,1,1,1
2017-10-12,2,1,0.3550587988019535,0.46795088407243585,0.72140867,0.52845186,1,0,0,1,1
2017-10-13,2,1,0.3841840194871438,0.4377476689636166,0.7562561,0.50099266,1,0,0,1,1
2017-10-14,2,0,0.5320465548634247,0.5576616295420258,0.86741096,0.8741236,1,1,1,1,1
2017-10-15,2,1,0.6107049893052058,0.6471250627302814,0.8694628,0.62383515,1,1,1,1,1
2017-10-16,2,0,0.6669744394405549,0.6604549585340823,0.88146573,0.75080585,1,1,1,1,1
2017-10-17,2,0,0.6842803329784484,0.6370048175345029,0.59802294,0.44058925,1,1,1,1,0
2017-10-18,2,1,0.7162821599768961,0.7380597987965861,0.78934115,0.91851467,1,1,1,1,1
2017-10-19,2,1,0.5638155478324934,0.5832751753310238,0.46721542,0.52193344,1,1,1,0,1
2017-10-20,2,1,0.5594498351783931,0.6839493548125095,0.8170737,0.8895886,1,1,1,1,1
2017-10-21,2,0,0.5809791591734711,0.5849437757744375,0.7135494,0.35020944,1,1,1,1,0
2017-10-22,2,0,0.6385974053136103,0.6343867018789411,0.7876508,0.8823571,1,1,1,1,1
2017-10-23,2,0,0.6038282883811386,0.6046872878277605,0.6944792,0.46620652,1,1,1,1,0
2017-10-24,2,1,0.7404351835425307,0.5638431954406318,0.78411764,0.8273299,1,1,1,1,1
2017-10-25,2,1,0.6811633957056641,0.5921408725996602,0.5306102,0.557149,1,1,1,1,1
2017-10-26,2,0,0.6114193388114424,0.6601863586172617,0.47929776,0.6292906,1,1,1,0,1
2017-10-27,2,0,0.7055173350457472,0.7933008532899152,0.8070024,0.63502014,1,1,1,1,1
2017-10-28,2,1,0.6583389989397854,0.6349299630079192,0.5385191,0.72963905,1,1,1,1,1
2017-10-29,2,0,0.5505784661336254,0.5707880200434573,0.58883715,0.5216347,1,1,1,1,1
2017-10-30,2,1,0.39454042986982557,0.5333857653577077,0.82320607,0.46426374,1,0,1,1,0
2017-10-31,2,1,0.635456630205682,0.6106707411218258,0.42520338,0.46720448,1,1,1,0,0
2017-11-01,2,1,0.47530736106824284,0.4924888446465881,0.81156564,0.8506452,1,0,0,1,1
2017-11-02,2,1,0.4734039582915196,0.529626328427937,0.39564666,0.3178337,1,0,1,0,0
2017-11-03,2,1,0.5515246669734287,0.6563192636145831,0.5375795,0.8071219,1,1,1,1,1
2017-11-04,2,1,0.5760131526727492,0.6102789916853562,0.7073107,0.4683185,1,1,1,1,0
2017-11-05,2,0,0.5938274672091391,0.6559280170128564,0.7571272,0.84701604,1,1,1,1,1
2017-11-06,2,1,0.511328830964831,0.5495145988163023,0.62427586,0.49439082,1,1,1,1,0
2017-11-07,2,1,0.6444399918613463,0.592105655549865,0.8538364,0.97165924,1,1,1,1,1
2017-11-08,2,0,0.4671022014953934,0.5127773603330614,0.50774014,0.60862154,1,0,1,1,1
2017-11-09,2,0,0.5596165685338105,0.5300977513692294,0.7697747,0.82135767,1,1,1,1,1
2017-11-10,2,0,0.7561709217162254,0.6344182054881837,0.9385086,0.9333494,1,1,1,1,1
2017-11-11,2,0,0.7144878584419001,0.6346140592969783,0.86017615,0.80136794,1,1,1,1,1
2017-11-12,2,1,0.7066210837394045,0.6193421267043627,0.7348012,0.8015163,1,1,1,1,1
2017-11-13,2,1,0.549264505171846,0.47538088591467564,0.81966466,0.64111817,1,1,0,1,1
2017-11-14,2,1,0.4848531565150516,0.4591670506258375,0.20148541,0.3013072,1,0,0,0,0
2017-11-15,2,1,0.47849933943077266,0.4402660674013788,0.76403046,0.44350192,1,0,0,1,0
2017-11-16,2,0,0.39462107014237163,0.4812964414853392,0.38162166,0.29378897,1,0,0,0,0
2017-11-17,2,1,0.3929073559267124,0.44814726175499897,0.3637579,0.22634536,1,0,0,0,0
2017-11-18,2,1,0.5544748936484037,0.586052475401325,0.66690665,0.87604964,1,1,1,1,1
2017-11-19,2,1,0.4901405230263762,0.4954328576705567,0.26253918,0.5702989,1,0,0,0,1
2017-11-20,2,0,0.6368906368944461,0.564346860656374,0.1773562,0.7049608,1,1,1,0,1
2017-11-21,2,1,0.6237060566866446,0.5894440510476304,0.42640528,0.8067985,1,1,1,0,1
2017-11-22,2,0,0.5767680976804593,0.5468929999697368,0.33001077,0.582604,1,1,1,0,1
2017-11-23,2,1,0.5986588856375998,0.5996398192011193,0.2765494,0.8216077,1,1,1,0,1
2017-11-24,2,1,0.705741345319554,0.8141369364462036,0.48919338,0.4749734,1,1,1,0,0
2017-11-25,2,1,0.49606646083093286,0.5164886876828574,0.2721952,0.22657089,1,0,1,0,0
2017-11-26,2,1,0.45812207971599544,0.4776236511742762,0.5009401,0.301915,1,0,0,1,0
2017-11-27,2,1,0.37659362302229527,0.4849574086015484,0.71787834,0.4351859,1,0,0,1,0
2017-11-28,2,0,0.5151957003954212,0.6031360729583032,0.64971864,0.50118494,1,1,1,1,1
2017-11-29,2,1,0.6834179811728468,0.6618050383399762,0.80594814,0.5923075,1,1,1,1,1
2017-11-30,2,1,0.8239100360398472,0.839169478737403,0.9711771,0.7133527,1,1,1,1,1
2017-12-01,2,1,0.5330885007826618,0.4752420545623107,0.64498603,0.47525784,1,1,0,1,0
2017-12-02,2,1,0.5931661525381225,0.5645442427834001,0.86631143,0.5490682,1,1,1,1,1
2017-12-03,2,1,0.6276103116154725,0.6049822267704796,0.9209355,0.746676,1,1,1,1,1
2017-12-04,2,1,0.6631637344085296,0.7305930758750264,0.85166043,0.5913458,1,1,1,1,1
2017-12-05,2,1,0.685482032118894,0.737863493393575,0.75727975,0.7352297,1,1,1,1,1
2017-12-06,2,1,0.36312336826872815,0.45347659992913686,0.7802978,0.634832,1,0,0,1,1
2017-12-07,2,0,0.2521687196055411,0.7474355297780981,0.94336784,0.44992158,1,0,1,1,0
2017-12-08,2,0,0.5201354691634918,0.5502419063784024,0.8946302,0.26725343,1,1,1,1,0
2017-12-09,2,1,0.7918784425520313,0.6340263511677496,0.80050564,0.76957244,1,1,1,1,1
2017-12-10,2,1,0.7038372056500483,0.6541897360046,0.23740454,0.78447586,1,1,1,0,1
2017-12-11,2,1,0.474049915335246,0.5025133732252298,0.25977096,0.24641418,1,0,1,0,0
2017-12-12,2,0,0.6130342122864738,0.7529031338189626,0.82178235,0.5612938,1,1,1,1,1
2017-12-13,2,1,0.6218300312127913,0.46906121598521056,0.37381402,0.74830395,1,1,0,0,1
2017-12-14,2,1,0.6512913549487616,0.6137249948159823,0.65142137,0.9094407,1,1,1,1,1
2017-12-15,2,1,0.5583794466034526,0.6349811217240413,0.36940092,0.41821307,1,1,1,0,0
2017-12-16,2,0,0.41000319780891953,0.4646600079053932,0.6675293,0.46224788,1,0,0,1,0
2017-12-17,2,0,0.5347822781096515,0.5922091686955031,0.72737885,0.57988536,1,1,1,1,1
2017-12-18,2,0,0.5209322621652185,0.5807234532870541,0.6795063,0.6541326,1,1,1,1,1
2017-12-19,2,0,0.719758259372199,0.6169036026460488,0.7433276,0.8847389,1,1,1,1,1
2017-12-20,2,0,0.7416466614430832,0.6640385788806149,0.5766597,0.7914953,1,1,1,1,1
2017-12-21,2,0,0.7273235154748783,0.7025952106507312,0.7535923,0.74085,1,1,1,1,1
2017-12-22,2,1,0.7029940805429171,0.6549265350640425,0.8398671,0.43750048,1,1,1,1,0
2017-12-23,2,0,0.6485891897870443,0.5560809909523484,0.9438319,0.9427782,1,1,1,1,1
2017-12-24,2,1,0.588882974503046,0.5798389438629825,0.13532706,0.19715278,1,1,1,0,0
2017-12-25,2,1,0.6342052783352911,0.5568777504709062,0.60463464,0.77015966,1,1,1,1,1
2017-12-26,2,0,0.3757152600471061,0.36994268035779787,0.26128507,0.73924816,1,0,0,0,1
2017-12-27,2,0,0.3803525164094389,0.4548103734732893,0.39124086,0.3041886,1,0,0,0,0
2017-12-28,2,1,0.5583743210601351,0.6170224596895936,0.9151447,0.7982548,1,1,1,1,1
2017-12-29,2,0,0.5943302519608054,0.5291816084386533,0.8852848,0.8861582,1,1,1,1,1
2017-12-30,2,1,0.7201947284807155,0.6548822664544443,0.16033925,0.65942115,1,1,1,0,1
2017-12-31,2,0,0.6153296852633925,0.531903564113782,0.5747375,0.9349536,1,1,1,1,1
2018-01-01,2,1,0.5504242433974085,0.5733749637894097,0.11885011,0.18906099,1,1,1,0,0
2018-01-02,2,1,0.4020273681737932,0.5017475057575569,0.624239,0.63755274,1,0,1,1,1
2018-01-03,2,1,0.4557146475266332,0.5707273266558102,0.3570953,0.45002818,1,0,1,0,0
2018-01-04,2,1,0.5924153253671361,0.7348293786918572,0.505405,0.7578378,1,1,1,1,1
2018-01-05,2,1,0.4933047462649231,0.569979823782037,0.33331412,0.7054159,1,0,1,0,1
2018-01-06,2,0,0.509434716228367,0.551103724787223,0.66541684,0.48277652,1,1,1,1,0
2018-01-07,2,0,0.7037157436673052,0.4979396130487225,0.7394931,0.909237,1,1,0,1,1
2018-01-08,2,0,0.7536874882711889,0.5172273420217188,0.7121097,0.7784605,1,1,1,1,1
2018-01-09,2,1,0.732829200222313,0.6810898074766512,0.73080444,0.84424895,1,1,1,1,1
2018-01-10,2,0,0.6348391282068779,0.6541614235510512,0.87915254,0.8464929,1,1,1,1,1
2018-01-11,2,1,0.6316729440956566,0.4613934227541461,0.19462796,0.5743953,1,1,0,0,1
2018-01-12,2,1,0.5893270122662727,0.49014408393750314,0.9025246,0.9645464,1,1,0,1,1
2018-01-13,2,0,0.5554807899024812,0.5833997714721694,0.17069128,0.63279945,1,1,1,0,1
2018-01-14,2,1,0.6492537036377579,0.6405048814877091,0.3700638,0.81513554,1,1,1,0,1
2018-01-15,2,0,0.6597985510116596,0.6083599439332664,0.8791382,0.908686,1,1,1,1,1
2018-01-16,2,0,0.8097871100505792,0.6017822682345169,0.53586406,0.3966025,1,1,1,1,0
2018-01-17,2,1,0.741152001003603,0.6307899101028116,0.9424082,0.94106644,1,1,1,1,1
2018-01-18,2,1,0.6887242760552025,0.6943571234650758,0.499204,0.60665995,1,1,1,0,1
2018-01-19,2,1,0.5612712001481436,0.6036163920490099,0.47129676,0.7363801,1,1,1,0,1
2018-01-20,2,0,0.4672343050070632,0.46585316697653895,0.7926887,0.79101104,1,0,0,1,1
2018-01-21,2,0,0.6318017074766016,0.5830557182101365,0.3257805,0.56495523,1,1,1,0,1
2018-01-22,2,0,0.7496437493447853,0.673340133284483,0.8676115,0.80376214,1,1,1,1,1
2018-01-23,2,1,0.5220807000910088,0.584421806974305,0.58854395,0.7248004,1,1,1,1,1
2018-01-24,2,0,0.41385720690205213,0.42777271511401926,0.38014615,0.41669464,1,0,0,0,0
2018-01-25,2,0,0.5600943195786958,0.4909928371556715,0.53830755,0.84317094,1,1,0,1,1
2018-01-26,2,1,0.6222091790813638,0.6406830596245731,0.7249798,0.89330095,1,1,1,1,1
2018-01-27,2,1,0.5853871892706498,0.5718721013587098,0.9501477,0.6520278,1,1,1,1,1
2018-01-28,2,0,0.5422082215831139,0.5219087257717785,0.43343288,0.777832,1,1,1,0,1
2018-01-29,2,0,0.5461089118562593,0.6258024321181813,0.7210515,0.78144103,1,1,1,1,1
2018-01-30,2,1,0.9233551225840883,0.6719587654466905,0.94897664,0.91394824,1,1,1,1,1
2018-01-31,2,0,0.7854556916735296,0.775473506296629,0.5860275,0.67699265,1,1,1,1,1
2018-02-01,2,0,0.7598721283783715,0.6952014742036419,0.32867533,0.5553164,1,1,1,0,1
2018-02-02,2,1,0.7632296528515516,0.6638651945513601,0.47029966,0.6062804,1,1,1,0,1
2018-02-03,2,0,0.565207801375847,0.4800561406307275,0.62900716,0.445337,1,1,0,1,0
2018-02-04,2,0,0.6411470283806391,0.6656991420124752,0.17138185,0.39830634,1,1,1,0,0
2018-02-05,2,1,0.7848092004654244,0.6277024879676926,0.7853597,0.62428254,1,1,1,1,1
2018-02-06,2,0,0.5814102672205531,0.5522714589391005,0.6724417,0.6344431,1,1,1,1,1
2018-02-07,2,1,0.5163432059016292,0.46550615054876104,0.32572773,0.21443737,1,1,0,0,0
2018-02-08,2,1,0.3533718463171573,0.3420048571077786,0.8245627,0.30574152,1,0,0,1,0
2018-02-09,2,0,0.4155271372233477,0.5185872836219056,0.20628035,0.17045788,1,0,1,0,0
2018-02-10,2,0,0.45980360623296,0.4883266637810685,0.53087384,0.17624046,1,0,0,1,0
2018-02-11,2,1,0.5920510211595551,0.6113426303014,0.37816274,0.27597934,1,1,1,0,0
2018-02-12,2,0,0.44812106612258046,0.4342708937308092,0.58339614,0.56771195,1,0,0,1,1
2018-02-13,2,1,0.4307000962310708,0.4859328051400857,0.34187946,0.4226194,1,0,0,0,0
2018-02-14,2,1,0.3349236220935965,0.4955424191453025,0.53943497,0.7873222,1,0,0,1,1
2018-02-15,2,1,0.3449675423864983,0.41770603149228175,0.49416685,0.47972283,1,0,0,0,0
2018-02-16,2,1,0.454177647341747,0.5035797565265934,0.38684183,0.5976617,1,0,1,0,1
2018-02-17,2,0,0.41730147888205155,0.4159112061952675,0.4437784,0.60935444,1,0,0,0,1
2018-02-18,2,1,0.5093393660700551,0.5728727895404105,0.48740208,0.4474106,1,1,1,0,0
2018-02-19,2,1,0.5150459679020467,0.47242389117868444,0.28429407,0.757307,1,1,0,0,1
2018-02-20,2,0,0.5112826590940118,0.4817526951313669,0.420031,0.4642155,1,1,0,0,0
2018-02-21,2,0,0.5756367172777336,0.5741835980853139,0.66177046,0.84437805,1,1,1,1,1
2018-02-22,2,1,0.6944187005182264,0.6381221669135158,0.58820695,0.8092388,1,1,1,1,1
2018-02-23,2,0,0.6054534493088034,0.5540444875449364,0.47773412,0.6871158,1,1,1,0,1
2018-02-24,2,0,0.5900837522557196,0.5611965512672982,0.51212305,0.20210919,1,1,1,1,0
2018-02-25,2,1,0.6305108858648133,0.557586887076289,0.5320497,0.36604908,1,1,1,1,0
2018-02-26,2,1,0.4775324459405238,0.49458965859303816,0.3381213,0.58562344,1,0,0,0,1
2018-02-27,2,0,0.49208962116543853,0.5496537875666266,0.36449286,0.17536934,1,0,1,0,0
2018-02-28,2,1,0.5996407402847627,0.5680177251505105,0.5932329,0.3462843,1,1,1,1,0
2018-03-01,2,1,0.5906944125024651,0.514308133217597,0.5478983,0.6356292,1,1,1,1,1
2018-03-02,2,1,0.43625379009097354,0.44113162500598724,0.4247153,0.5710516,1,0,0,0,1
2018-03-03,2,1,0.5098729766830788,0.45026154001807883,0.36813697,0.36734718,1,1,0,0,0
2018-03-04,2,1,0.5248057746610035,0.4836239974225509,0.23651609,0.36717603,1,1,0,0,0
2018-03-05,2,0,0.5823520320886508,0.555784004403246,0.2907907,0.5048474,1,1,1,0,1
2018-03-06,2,0,0.561666324521659,0.5586565537731132,0.3437336,0.6483926,1,1,1,0,1
2018-03-07,2,0,0.7276653056219264,0.6484510027858793,0.8201617,0.83272827,1,1,1,1,1
2018-03-08,2,0,0.7441887939164734,0.6463742088365693,0.86444145,0.8290631,1,1,1,1,1
2018-03-09,2,0,0.6727593426874907,0.543421352404383,0.81990314,0.793835,1,1,1,1,1
2018-03-10,2,1,0.6640292504777243,0.5823512419204921,0.28289193,0.4500221,1,1,1,0,0
2018-03-11,2,0,0.5568221384390041,0.48621990354192185,0.39798543,0.57537156,1,1,0,0,1
2018-03-12,2,0,0.5357719984440845,0.5623386556886775,0.11296451,0.17176865,1,1,1,0,0
2018-03-13,2,0,0.5722558705111553,0.5374883403546138,0.9257202,0.721783,1,1,1,1,1
2018-03-14,2,1,0.691840408784448,0.6898320466419804,0.55064803,0.7857773,1,1,1,1,1
2018-03-15,2,1,0.706042841221399,0.6299253347400866,0.6218889,0.65620166,1,1,1,1,1
2018-03-16,2,0,0.5853110254965362,0.5253715674948158,0.652241,0.4271228,1,1,1,1,0
2018-03-17,2,1,0.6303011902058258,0.5747734233733248,0.6646171,0.3576849,1,1,1,1,0
2018-03-18,2,1,0.5826260002393644,0.5592404680123846,0.7690772,0.46369112,1,1,1,1,0
2018-03-19,2,1,0.43770192331886515,0.4071373790673314,0.37730044,0.34487027,1,0,0,0,0
2018-03-20,2,1,0.4691150000750292,0.4818578089034182,0.32534227,0.22855748,1,0,0,0,0
2018-03-21,2,0,0.49068779613070973,0.5049954463364731,0.40687686,0.2996687,1,0,1,0,0
2018-03-22,2,1,0.48844685649564695,0.5414209784977576,0.49387866,0.37690485,1,0,1,0,0
2018-03-23,2,0,0.3416762776509132,0.3073482209418835,0.455871,0.6171465,1,0,0,0,1
2018-03-24,2,0,0.45432083556682934,0.5719369383373476,0.43200183,0.6219647,1,0,1,0,1
2018-03-25,2,0,0.5145019890160817,0.6975668585989604,0.33347547,0.65788513,1,1,1,0,1
2018-03-26,2,0,0.5387134247624313,0.6168079005972118,0.43931603,0.5260073,1,1,1,0,1
2018-03-27,2,1,0.5951395366879838,0.572733840430906,0.5156306,0.6263747,1,1,1,1,1
2018-03-28,2,0,0.6020871593043507,0.4863175165169373,0.76642877,0.7720757,1,1,0,1,1
2018-03-29,2,0,0.6195090915741492,0.6520505741517478,0.8039424,0.80134994,1,1,1,1,1
2018-03-30,2,1,0.6743196078640484,0.6184325066280255,0.86011875,0.7279507,1,1,1,1,1
2018-03-31,2,0,0.5583547654071979,0.5349915298225894,0.6868315,0.40298972,1,1,1,1,0
2018-04-01,2,1,0.5432804294688776,0.5055068539557871,0.2552855,0.23247558,1,1,1,0,0
2018-04-02,2,1,0.4381261249880882,0.3829824101120441,0.21900569,0.26908726,1,0,0,0,0
2018-04-03,2,0,0.44789544005018855,0.4083360812851107,0.25869715,0.17654143,1,0,0,0,0
2018-04-04,2,0,0.5580853831478343,0.5785929155477821,0.35441634,0.24910018,1,1,1,0,0
2018-04-05,2,0,0.6968405880370852,0.674396243762695,0.5796722,0.7473331,1,1,1,1,1
2018-04-06,2,1,0.5243740757256333,0.5572415874822036,0.33494994,0.37875,1,1,1,0,0
2018-04-07,2,1,0.5120485932699179,0.4698922536848039,0.41113755,0.32642278,1,1,0,0,0
2018-04-08,2,0,0.4730316944305753,0.42746312572325157,0.2725215,0.34164017,1,0,0,0,0
2018-04-09,2,1,0.5562719912056739,0.5950980397835697,0.454904,0.38869062,1,1,1,0,0
2018-04-10,2,1,0.5635617144747236,0.5630276859946722,0.51781297,0.70592254,1,1,1,1,1
2018-04-11,2,1,0.41776492663468534,0.39016425137853367,0.2511266,0.5244138,1,0,0,0,1
2018-04-12,2,1,0.4333204116518045,0.4953743607541975,0.33869556,0.37780485,1,0,0,0,0
2018-04-13,2,1,0.36502849584822683,0.49376453106915946,0.49378633,0.15346067,1,0,0,0,0
2018-04-14,2,1,0.5511466479296642,0.5795612977658406,0.8055962,0.5028944,1,1,1,1,1
2018-04-15,2,0,0.5047029905350363,0.4933490504495468,0.5133417,0.8166107,1,1,0,1,1
2018-04-16,2,0,0.5604294316076881,0.5718022366647108,0.51610637,0.35163414,1,1,1,1,0
2018-04-17,2,1,0.668304922738527,0.6353979565630796,0.3130877,0.8895246,1,1,1,0,1
2018-04-18,2,1,0.5756323489488666,0.562048855830098,0.29329073,0.46775866,1,1,1,0,0
2018-04-19,2,1,0.6213126434778746,0.6628968412837706,0.5551636,0.51689917,1,1,1,1,1
2018-04-20,2,1,0.4963314972810965,0.5376674299066142,0.45812902,0.49919948,1,0,1,0,0
2018-04-21,2,0,0.5366777387960262,0.5289255239965478,0.4926465,0.5575629,1,1,1,0,1
2018-04-22,2,1,0.6209861294103118,0.5499010743219728,0.8509381,0.77955794,1,1,1,1,1
2018-04-23,2,1,0.6744933967177666,0.5863295310848629,0.6541095,0.4629122,1,1,1,1,0
2018-04-24,2,0,0.41580411200892026,0.41229414192850183,0.64046794,0.7646896,1,0,0,1,1
2018-04-25,2,1,0.6528845267917364,0.6758877277566023,0.57523113,0.376024,1,1,1,1,0
2018-04-26,2,0,0.6472326184593138,0.5505778104849238,0.48995712,0.8538783,1,1,1,0,1
2018-04-27,2,1,0.6085550263932836,0.5748929508032596,0.45165753,0.2968771,1,1,1,0,0
2018-04-28,2,1,0.5835974855130088,0.540121276135386,0.23508511,0.46329314,1,1,1,0,0
2018-04-29,2,0,0.5428842107886174,0.5513254642088099,0.36779094,0.43715748,1,1,1,0,0
2018-04-30,2,0,0.6156626964994217,0.6262171086275128,0.3596974,0.45615795,1,1,1,0,0
2018-05-01,2,1,0.6357879860673944,0.6155555052741802,0.45624012,0.49170274,1,1,1,0,0
2018-05-02,2,1,0.5906506696938887,0.5420373510336467,0.6232095,0.70891964,1,1,1,1,1
2018-05-03,2,0,0.4479051758458582,0.45882497201325867,0.6695141,0.6614675,1,0,0,1,1
2018-05-04,2,1,0.5224138728606104,0.5187389214710126,0.34539253,0.31928417,1,1,1,0,0
2018-05-05,2,0,0.556789636498564,0.5196150257973049,0.5297764,0.48413762,1,1,1,1,0
2018-05-06,2,0,0.5783008912722658,0.5714605400311307,0.39663336,0.48274156,1,1,1,0,0
2018-05-07,2,0,0.6137541149542627,0.5954700243418061,0.4952947,0.5101675,1,1,1,0,1
2018-05-08,2,1,0.6239987788033328,0.5804908742753976,0.6773638,0.7293229,1,1,1,1,1
2018-05-09,2,0,0.5924936377080382,0.5737351021084308,0.6844078,0.44486952,1,1,1,1,0
2018-05-10,2,0,0.5437251884005792,0.5284173214920455,0.50150895,0.51774514,1,1,1,1,1
2018-05-11,2,1,0.7259141951695453,0.6011963954846282,0.4889336,0.87517166,1,1,1,0,1
2018-05-12,2,1,0.671885306636114,0.6070152331712843,0.82587224,0.90349436,1,1,1,1,1
2018-05-13,2,0,0.5727402896775867,0.5400790622460867,0.35800937,0.3773684,1,1,1,0,0
2018-05-14,2,0,0.5824515771697248,0.5848135412701851,0.2960259,0.69461834,1,1,1,0,1
2018-05-15,2,0,0.7555180075495865,0.6057318540913021,0.93398464,0.877805,1,1,1,1,1
2018-05-16,2,0,0.6807976031470818,0.5753442136987964,0.987701,0.8111856,1,1,1,1,1
2018-05-17,2,1,0.6569673968775157,0.5895220132282829,0.8459869,0.6413323,1,1,1,1,1
2018-05-18,2,0,0.629656086611252,0.5460273231025512,0.7221473,0.34771886,1,1,1,1,0
2018-05-19,2,1,0.5998498422072048,0.5577641444307112,0.32623073,0.60784936,1,1,1,0,1
2018-05-20,2,0,0.5803751226784919,0.5126545387674704,0.35048118,0.62775326,1,1,1,0,1
2018-05-21,2,0,0.6364593824105836,0.6418654723239534,0.41460013,0.55951375,1,1,1,0,1
2018-05-22,2,0,0.6185212836808843,0.5649632441743696,0.60473,0.53505254,1,1,1,1,1
2018-05-23,2,1,0.7280878057718367,0.678687101297983,0.5943744,0.76538545,1,1,1,1,1
2018-05-24,2,0,0.5980280989894873,0.4717363087210986,0.59431976,0.75412494,1,1,0,1,1
2018-05-25,2,0,0.6220048336570086,0.5659584160050273,0.27055684,0.3201399,1,1,1,0,0
2018-05-26,2,1,0.6359426923896906,0.5635648519521909,0.394,0.5411948,1,1,1,0,1
2018-05-27,2,0,0.6127644356507963,0.5334840681557006,0.46737796,0.6319687,1,1,1,0,1
2018-05-28,2,1,0.6272503582196356,0.5710324164193916,0.5360209,0.56427824,1,1,1,1,1
2018-05-29,2,0,0.6352032498048377,0.5194550218064165,0.9168314,0.6315044,1,1,1,1,1
2018-05-30,2,1,0.5270992254531984,0.5251848636072857,0.7345895,0.45586732,1,1,1,1,0
2018-05-31,2,1,0.5314442457945288,0.487727251680421,0.9506634,0.68907744,1,1,0,1,1
2018-06-01,2,1,0.581416613598405,0.5365087462181486,0.83677965,0.5245801,1,1,1,1,1
2018-06-02,2,1,0.5622698202536913,0.5190139741767448,0.77872413,0.8272333,1,1,1,1,1
2018-06-03,2,0,0.5549626282545228,0.514704195143686,0.54422987,0.67569035,1,1,1,1,1
2018-06-04,2,1,0.6520503078264736,0.6145532133612555,0.4670835,0.53037083,1,1,1,0,1
2018-06-05,2,1,0.6115422407769667,0.5744176651784909,0.63110113,0.7489807,1,1,1,1,1
2018-06-06,2,1,0.6256565728214452,0.6771316780561452,0.5412746,0.29437527,1,1,1,1,0
2018-06-07,2,0,0.6272297732712251,0.6275669550700538,0.2827388,0.5215293,1,1,1,0,1
2018-06-08,2,0,0.6967508526115641,0.6399885565084145,0.44815174,0.5759347,1,1,1,0,1
2018-06-09,2,0,0.6759589020414937,0.6246311747285164,0.79947793,0.51881707,1,1,1,1,1
2018-06-10,2,1,0.7570924314426404,0.5832316361962737,0.8839372,0.7498772,1,1,1,1,1
2018-06-11,2,0,0.6752426246891736,0.6246985846414862,0.9706364,0.7872103,1,1,1,1,1
2018-06-12,2,0,0.694882860868483,0.6875753810760341,0.29005328,0.33155113,1,1,1,0,0
2018-06-13,2,1,0.6790726895100208,0.5846113107859584,0.7437285,0.82186204,1,1,1,1,1
2018-06-14,2,0,0.5271850986722033,0.41979012802255755,0.6255382,0.6889991,1,1,0,1,1
2018-06-15,2,1,0.7228845178055574,0.6305891027084806,0.12533273,0.37396395,1,1,1,0,0
2018-06-16,2,0,0.6437955120520273,0.5667869789340476,0.9187521,0.85242265,1,1,1,1,1
2018-06-17,2,1,0.6139632109871742,0.5636290350000803,0.6039444,0.3283147,1,1,1,1,0
2018-06-18,2,1,0.613689314221798,0.5650378495505972,0.50961745,0.6728873,1,1,1,1,1
2018-06-19,2,1,0.5845496496802984,0.48084905730320093,0.46433443,0.58684427,1,1,0,0,1
2018-06-20,2,0,0.5600070752605975,0.506168842844624,0.37820914,0.5171171,1,1,1,0,1
2018-06-21,2,0,0.5807262186856252,0.5323464698885298,0.3063625,0.5717062,1,1,1,0,1
2018-06-22,2,1,0.6975222888403744,0.6357252835666656,0.48940235,0.83461726,1,1,1,0,1
2018-06-23,2,1,0.6441859494477838,0.6087883485220948,0.76086664,0.78324795,1,1,1,1,1
2018-06-24,2,1,0.5398822228034125,0.5090349875921568,0.6149029,0.36581764,1,1,1,1,0
2018-06-25,2,0,0.5261827110226015,0.4916031077471662,0.4278228,0.35837343,1,1,0,0,0
2018-06-26,2,1,0.5730881726359189,0.63750000300276,0.40275142,0.36255196,1,1,1,0,0
2018-06-27,2,0,0.5110311369613803,0.4815687967087434,0.5761461,0.7226582,1,1,0,1,1
2018-06-28,2,1,0.6255012977043133,0.6101205253120768,0.40686563,0.4635845,1,1,1,0,0
2018-06-29,2,1,0.5118527466646209,0.500640101133326,0.68732333,0.5457694,1,1,1,1,1
2018-06-30,2,0,0.4397130240414791,0.49206535806500085,0.28662354,0.39174777,1,0,0,0,0
2018-07-01,2,1,0.5053056693823882,0.5714251218100371,0.40179294,0.3549808,1,1,1,0,0
2018-07-02,2,0,0.5880534850343607,0.5348129078774299,0.5617779,0.40436247,1,1,1,1,0
2018-07-03,2,1,0.45894201985325533,0.4992930450266313,0.6657306,0.46526566,1,0,0,1,0
2018-07-04,2,1,0.5323612676443388,0.5548579160128047,0.36066246,0.43676245,1,1,1,0,0
2018-07-05,2,1,0.5101695938275298,0.5140995794653174,0.35896695,0.5429831,1,1,1,0,1
2018-07-06,2,1,0.521012799295556,0.512980542631845,0.4183552,0.46646821,1,1,1,0,0
2018-07-07,2,0,0.49432869096874943,0.45975620766785197,0.47785342,0.5796148,1,0,0,0,1
2018-07-08,2,0,0.5176924786559047,0.5245309601338064,0.5987769,0.38596916,1,1,1,1,0
2018-07-09,2,0,0.5359941701128687,0.5600347414743608,0.69614315,0.5230729,1,1,1,1,1
2018-07-10,2,1,0.6647569173991318,0.5889233342178626,0.6648242,0.5281697,1,1,1,1,1
2018-07-11,2,0,0.6434624953199889,0.5741329494893898,0.49160528,0.6940856,1,1,1,0,1
2018-07-12,2,1,0.6225243658576111,0.5414234118068637,0.7203365,0.31298918,1,1,1,1,0
2018-07-13,2,1,0.6824421110896792,0.6219703296650184,0.70158714,0.71302015,1,1,1,1,1
2018-07-14,2,1,0.609263327477172,0.5876698143068372,0.5543069,0.3663605,1,1,1,1,0
2018-07-15,2,1,0.5987065309253726,0.5608408687842258,0.49943486,0.5056871,1,1,1,0,1
2018-07-16,2,1,0.5423550640955042,0.5503124665309078,0.6593696,0.5639966,1,1,1,1,1
2018-07-17,2,1,0.537658630568754,0.6773157947321105,0.54639304,0.5290953,1,1,1,1,1
2018-07-18,2,1,0.5671584076539121,0.6148792759285818,0.45722118,0.52661926,1,1,1,0,1
2018-07-19,2,0,0.6046018435989685,0.6506828871152794,0.5697844,0.53420824,1,1,1,1,1
2018-07-20,2,1,0.6188292771740574,0.6705335490277564,0.7203546,0.50276154,1,1,1,1,1
2018-07-21,2,0,0.633682149645172,0.6041883719573341,0.66054213,0.7430913,1,1,1,1,1
2018-07-22,2,1,0.6164672343550806,0.5719931458611304,0.5928447,0.63493633,1,1,1,1,1
2018-07-23,2,1,0.6219088699834665,0.562524131193824,0.664348,0.67163914,1,1,1,1,1
2018-07-24,2,0,0.45669952614077064,0.4776581411117879,0.7435025,0.6625552,1,0,0,1,1
2018-07-25,2,0,0.4988298625683097,0.6143664073105084,0.7704188,0.54100734,1,0,1,1,1
2018-07-26,2,1,0.6905952542616426,0.6627121413579825,0.829071,0.9079689,1,1,1,1,1
2018-07-27,2,1,0.6038403917982983,0.5832512351478596,0.57817596,0.5737864,1,1,1,1,1
2018-07-28,2,1,0.590263672377485,0.5851340917731863,0.788131,0.6660949,1,1,1,1,1
2018-07-29,2,0,0.6131601854263958,0.6163364913970676,0.74136716,0.7640455,1,1,1,1,1
2018-07-30,2,0,0.6378597738589277,0.5777924048201782,0.6632628,0.645735,1,1,1,1,1
2018-07-31,2,0,0.6719859553935293,0.592175515106224,0.6480549,0.6533173,1,1,1,1,1
2018-08-01,2,0,0.7204056399336926,0.6082783379839954,0.42445743,0.68922985,1,1,1,0,1
2018-08-02,2,0,0.6526377037945824,0.5913245890674733,0.27630588,0.42167234,1,1,1,0,0
2018-08-03,2,0,0.6147539914875919,0.5860524529405374,0.48474124,0.6309105,1,1,1,0,1
2018-08-04,2,1,0.6952015898443243,0.6035409992364442,0.42191896,0.40401363,1,1,1,0,0
2018-08-05,2,0,0.6638978469555168,0.5396296802296086,0.4771538,0.47501138,1,1,1,0,0
2018-08-06,2,0,0.6539502234933828,0.5936070995640931,0.23215115,0.2750661,1,1,1,0,0
2018-08-07,2,0,0.6392788633413735,0.5897232149540063,0.4077226,0.49536735,1,1,1,0,0
2018-08-08,2,1,0.6768626378700494,0.6393953629925041,0.53717864,0.58257914,1,1,1,1,1
2018-08-09,2,0,0.6348685455031747,0.5411773784668157,0.8538702,0.8286592,1,1,1,1,1
2018-08-10,2,1,0.6447519333467233,0.5816517131554046,0.18888198,0.20337527,1,1,1,0,0
2018-08-11,2,1,0.6388135271944001,0.5519626647935187,0.63786125,0.62046415,1,1,1,1,1
2018-08-12,2,0,0.5707601844987932,0.4965792486599744,0.4950363,0.5541835,1,1,0,0,1
2018-08-13,2,0,0.6931400635543329,0.6339878899176251,0.68471414,0.44246167,1,1,1,1,0
2018-08-14,2,1,0.6032563932112233,0.576919523017247,0.8771393,0.6863473,1,1,1,1,1
2018-08-15,2,1,0.6555813385683765,0.6111328263671733,0.77444535,0.37334114,1,1,1,1,0
2018-08-16,2,1,0.6340975919017352,0.6574077345567197,0.72433543,0.59266645,1,1,1,1,1
2018-08-17,2,0,0.565319075066743,0.5494674431384341,0.6599845,0.5093128,1,1,1,1,1
2018-08-18,2,1,0.6250541209274729,0.6469431936299557,0.348921,0.34064102,1,1,1,0,0
2018-08-19,2,0,0.6402408182315626,0.6201514243688854,0.7694184,0.54311424,1,1,1,1,1
2018-08-20,2,1,0.625497118106972,0.5966716608588365,0.41526252,0.39049417,1,1,1,0,0
2018-08-21,2,0,0.5946429328208316,0.5625038838374313,0.39903668,0.80321664,1,1,1,0,1
2018-08-22,2,1,0.6147135378146837,0.6077404018015417,0.39614126,0.33234167,1,1,1,0,0
2018-08-23,2,1,0.6281098199696825,0.569865564979712,0.7564786,0.4380053,1,1,1,1,0
2018-08-24,2,1,0.5197252824620759,0.5770830884966041,0.7103969,0.5929608,1,1,1,1,1
2018-08-25,2,0,0.579563596372125,0.5871283285698321,0.68609,0.53510517,1,1,1,1,1
2018-08-26,2,1,0.6168144903512733,0.6328422605651187,0.7261373,0.8897492,1,1,1,1,1
2018-08-27,2,1,0.6399530177953262,0.6703272800556144,0.87432957,0.4222421,1,1,1,1,0
2018-08-28,2,0,0.5966447549442008,0.6707588847430305,0.53551376,0.571945,1,1,1,1,1
2018-08-29,2,0,0.603981238987366,0.6377085148076496,0.79612446,0.6502202,1,1,1,1,1
2018-08-30,2,1,0.677603257207396,0.7021591868550523,0.9270302,0.8466402,1,1,1,1,1
2018-08-31,2,1,0.5835961049364903,0.624131246440391,0.88883424,0.767949,1,1,1,1,1
2018-09-01,2,1,0.5807112038703663,0.5626607971533321,0.6749151,0.7307853,1,1,1,1,1
2018-09-02,2,0,0.5785745266181533,0.5538442036465765,0.67262316,0.7527526,1,1,1,1,1
2018-09-03,2,1,0.6054614626341427,0.5744932223298878,0.77347684,0.7575458,1,1,1,1,1
2018-09-04,2,0,0.6881283437724341,0.6647791026092652,0.87484235,0.7362539,1,1,1,1,1
2018-09-05,2,0,0.6991594256549939,0.5564183220111016,0.8653668,0.67331934,1,1,1,1,1
2018-09-06,2,0,0.7255381995092289,0.6341238872714362,0.5669928,0.5838,1,1,1,1,1
2018-09-07,2,0,0.6776957770966356,0.5794460817072352,0.35638455,0.5722597,1,1,1,0,1
2018-09-08,2,1,0.6661532971017664,0.583835079189651,0.45826697,0.47322553,1,1,1,0,0
2018-09-09,2,1,0.6368245772175544,0.5526651294774311,0.57731557,0.5482836,1,1,1,1,1
2018-09-10,2,0,0.5877402192664886,0.5554543398592849,0.24539247,0.49165952,1,1,1,0,0
2018-09-11,2,1,0.5756299411512494,0.4804210796859325,0.299198,0.39664346,1,1,0,0,0
2018-09-12,2,1,0.5330109666406381,0.506879871411536,0.551786,0.3719308,1,1,1,1,0
2018-09-13,2,0,0.52674110052958,0.5733454534488944,0.58573073,0.35747036,1,1,1,1,0
2018-09-14,2,1,0.6246583913199809,0.6597556045645234,0.7129937,0.50193065,1,1,1,1,1
2018-09-15,2,0,0.6090000519431406,0.5949225195167184,0.7490927,0.34627953,1,1,1,1,0
2018-09-16,2,0,0.6171425905187413,0.5973865985839452,0.63719237,0.66213685,1,1,1,1,1
2018-09-17,2,1,0.5909436990453041,0.5759255965771838,0.6130663,0.5491932,1,1,1,1,1
2018-09-18,2,1,0.5818952158124543,0.5651969488646432,0.69346666,0.89913833,1,1,1,1,1
2018-09-19,2,1,0.6133553519100471,0.5562397777617385,0.61153847,0.2747878,1,1,1,1,0
2018-09-20,2,1,0.5848952990315658,0.5024107456892636,0.7465454,0.7175615,1,1,1,1,1
2018-09-21,2,0,0.6566176449813357,0.6569202816254357,0.75852406,0.92978656,1,1,1,1,1
2018-09-22,2,0,0.634039913185378,0.5264487369930039,0.6391143,0.37195912,1,1,1,1,0
2018-09-23,2,0,0.6586973075042376,0.6178679471306426,0.8852082,0.8248025,1,1,1,1,1
2018-09-24,2,0,0.5963941287734832,0.5999509839940194,0.7607986,0.54528046,1,1,1,1,1
2018-09-25,2,1,0.6271621539772948,0.5828829167862799,0.89397794,0.89612824,1,1,1,1,1
2018-09-26,2,1,0.6835386209328793,0.5824658350008218,0.78669673,0.53929806,1,1,1,1,1
2018-09-27,2,0,0.6269346868579627,0.5677515435753581,0.6278842,0.711241,1,1,1,1,1
2018-09-28,2,0,0.5914536332822695,0.5016086567868515,0.7227154,0.4884901,1,1,1,1,0
2018-09-29,2,1,0.6281171775054749,0.5519202351059369,0.7206716,0.67852163,1,1,1,1,1
2018-09-30,2,0,0.616517006614814,0.5308270734273538,0.53306025,0.6421862,1,1,1,1,1
2018-10-01,2,0,0.5988890633339294,0.6693258938944139,0.5561629,0.40675724,1,1,1,1,0
2018-10-02,2,0,0.5212191531987508,0.5473310450572426,0.42420992,0.47481588,1,1,1,0,0
2018-10-03,2,1,0.6069019340421071,0.6039203442110319,0.58519655,0.4031292,1,1,1,1,0
2018-10-04,2,1,0.6397010520363238,0.4875190632695518,0.8176729,0.7544469,1,1,0,1,1
2018-10-05,2,0,0.5584622267913925,0.4800878370585815,0.6995804,0.5972553,1,1,0,1,1
2018-10-06,2,1,0.5783357275032375,0.5603297687902717,0.85966074,0.6749791,1,1,1,1,1
2018-10-07,2,1,0.5805941712454238,0.572587013981622,0.58201355,0.6153625,1,1,1,1,1
2018-10-08,2,0,0.5728473561104745,0.5963408772908659,0.5465248,0.45892864,1,1,1,1,0
2018-10-09,2,0,0.5740011043611315,0.5650605327098772,0.6970395,0.3497452,1,1,1,1,0
2018-10-10,2,0,0.5207634967085171,0.4753759105815723,0.3342451,0.31711382,1,1,0,0,0
2018-10-11,2,1,0.37407789217803566,0.4516638745494464,0.27009273,0.31195396,1,0,0,0,0
2018-10-12,2,1,0.5645725450510085,0.6306070481513573,0.75121194,0.6271665,1,1,1,1,1
2018-10-13,2,1,0.4624497757283284,0.4541876202361351,0.5226621,0.70943904,1,0,0,1,1
2018-10-14,2,1,0.4757963119864196,0.4605228653569409,0.5175747,0.4573326,1,0,0,1,0
2018-10-15,2,0,0.33696215537297003,0.36814529863441975,0.41674027,0.43134972,1,0,0,0,0
2018-10-16,2,0,0.4654692927193178,0.48215355871268284,0.20149294,0.3329927,1,0,0,0,0
2018-10-17,2,0,0.49046086982054826,0.5698457348728219,0.4589866,0.50586325,1,0,1,0,1
2018-10-18,2,0,0.5872355742171835,0.6211105959206603,0.52186525,0.6540264,1,1,1,1,1
2018-10-19,2,1,0.4937341458931063,0.5662650805425141,0.5270595,0.40740547,1,0,1,1,0
2018-10-20,2,0,0.5101923167937593,0.5443011702631257,0.46348897,0.5931543,1,1,1,0,1
2018-10-21,2,1,0.5136740198528897,0.5480264209495737,0.47543007,0.4383739,1,1,1,0,0
2018-10-22,2,0,0.6023519432460613,0.63578058157829,0.66134864,0.46506324,1,1,1,1,0
2018-10-23,2,1,0.41686812981053906,0.48511112201457257,0.7467077,0.37403217,1,0,0,1,0
2018-10-24,2,0,0.5659357831248331,0.5336730579620421,0.43609303,0.46641868,1,1,1,0,0
2018-10-25,2,0,0.48339481598698064,0.5141875173256437,0.65305036,0.33162567,1,0,1,1,0
2018-10-26,2,1,0.5055086341657091,0.48625892098642914,0.77511704,0.46985936,1,1,0,1,0
2018-10-27,2,1,0.5059191805735184,0.4846243854387417,0.80214435,0.4430676,1,1,0,1,0
2018-10-28,2,0,0.5077716614641594,0.5290233854597978,0.6852521,0.5277392,1,1,1,1,1
2018-10-29,2,1,0.583344133186331,0.565682149989133,0.75480896,0.5038938,1,1,1,1,1
2018-10-30,2,0,0.573243662755982,0.6003225453830136,0.7846528,0.5568842,1,1,1,1,1
2018-10-31,2,1,0.5662546974900042,0.6329322266254622,0.7002541,0.4793586,1,1,1,1,0
2018-11-01,2,1,0.44748544791476835,0.5099874455089464,0.64522743,0.41304213,1,0,1,1,0
2018-11-02,2,0,0.5154113501386438,0.5415151647050063,0.6759091,0.25073838,1,1,1,1,0
2018-11-03,2,1,0.5445022388821924,0.5620324830024193,0.41711956,0.7427203,1,1,1,0,1
2018-11-04,2,1,0.5448104658048076,0.5414764153742483,0.5182507,0.31533587,1,1,1,1,0
2018-11-05,2,1,0.36840865920818955,0.5599641407287591,0.44580033,0.34109813,1,0,1,0,0
2018-11-06,2,1,0.589509628444769,0.5983625872993431,0.41546285,0.39856496,1,1,1,0,0
2018-11-07,2,0,0.5818403055308136,0.5999550072959137,0.87836933,0.72609085,1,1,1,1,1
2018-11-08,2,0,0.6535421609355637,0.6221579419967247,0.51577514,0.31252784,1,1,1,1,0
2018-11-09,2,1,0.6267500403858988,0.7171520698707612,0.50974977,0.6858992,1,1,1,1,1
2018-11-10,2,1,0.645730526088903,0.6608978081543236,0.5070405,0.43045223,1,1,1,1,0
2018-11-11,2,0,0.6282871366548214,0.6271591947021119,0.63027316,0.92097723,1,1,1,1,1
2018-11-12,2,0,0.5756353989846839,0.5667997892750107,0.53825486,0.2993128,1,1,1,1,0
2018-11-13,2,0,0.407401020164547,0.5937991496223588,0.42871144,0.59895045,1,0,1,0,1
2018-11-14,2,0,0.22562324878592058,0.6088690810132036,0.49712107,0.2231314,1,0,1,0,0
2018-11-15,2,0,0.941008911433607,0.7275578686615232,0.7268591,0.78578186,1,1,1,1,1
2018-11-16,2,0,0.4323908768070587,0.5430349849915411,0.25953984,0.75162035,1,0,1,0,1
2018-11-17,2,1,0.5964184504267435,0.5332045760087967,0.2700911,0.5969858,1,1,1,0,1
2018-11-18,2,0,0.5668662366807352,0.5036632366275987,0.5629757,0.5911939,1,1,1,1,1
2018-11-19,2,0,0.4248836003906843,0.6714024276663227,0.55624986,0.49727243,1,0,1,1,0
2018-11-20,2,1,0.8232363194196826,0.662790890199725,0.9508264,0.6827253,1,1,1,1,1
2018-11-21,2,0,0.5798850582502012,0.4944658919940749,0.70221543,0.84977585,1,1,0,1,1
2018-11-22,2,0,0.5380413572439349,0.545252466922442,0.5917971,0.34765494,1,1,1,1,0
2018-11-23,2,0,0.6678526340271157,0.560310084067449,0.9009303,0.33076003,1,1,1,1,0
2018-11-24,2,1,0.6388455954334435,0.6480447857124423,0.7568267,0.23708752,1,1,1,1,0
2018-11-25,2,0,0.5841465052226057,0.5159914710266346,0.90619165,0.65862304,1,1,1,1,1
2018-11-26,2,1,0.6043078198757819,0.607755023085873,0.5030071,0.4602136,1,1,1,1,0
2018-11-27,3,1,0.5109953159890622,0.4970941122069001,0.54162616,0.47108445,1,1,0,1,0
2018-11-28,3,1,0.2178488828192724,0.40974303168794735,0.7650986,0.68518895,1,0,0,1,1
2018-11-29,3,0,0.4719767575270699,0.4903189114727492,0.5279698,0.04175561,1,0,0,1,0
2018-11-30,3,1,0.585053635716423,0.5808021404161402,0.78115827,0.3023867,1,1,1,1,0
2018-12-01,3,0,0.4860352268164677,0.484641886774529,0.5705071,0.31322777,1,0,0,1,0
2018-12-02,3,0,0.5096759076333188,0.5613306673384753,0.69171244,0.624604,1,1,1,1,1
2018-12-03,3,1,0.6703507597368057,0.5808453593125054,0.72626173,0.58963984,1,1,1,1,1
2018-12-04,3,0,0.44923097142071255,0.4735884376139975,0.10433567,0.037731554,1,0,0,0,0
2018-12-05,3,0,0.5440918819970746,0.5634574389876705,0.68731624,0.82722,1,1,1,1,1
2018-12-06,3,0,0.6272002457544148,0.5836421445957327,0.44261703,0.25373548,1,1,1,0,0
2018-12-07,3,1,0.4272638437435394,0.4660750985915791,0.14634147,0.15724638,1,0,0,0,0
2018-12-08,3,1,0.4754466130625565,0.4947483929214727,0.5084358,0.82682675,1,0,0,1,1
2018-12-09,3,0,0.4349103010687276,0.4204051866266136,0.3270949,0.24153611,1,0,0,0,0
2018-12-10,3,0,0.4835651396977408,0.4927316113672471,0.4570545,0.1842545,1,0,0,0,0
2018-12-11,3,1,0.5849644690746048,0.5646262654600741,0.8303273,0.7677686,1,1,1,1,1
2018-12-12,3,0,0.6192743759473663,0.6026008597853345,0.4242343,0.53869045,1,1,1,0,1
2018-12-13,3,0,0.5695121804910734,0.5857844282900004,0.21425371,0.33773553,1,1,1,0,0
2018-12-14,3,0,0.6727887902463237,0.6115699655203318,0.1599869,0.667616,1,1,1,0,1
2018-12-15,3,1,0.5245951343941153,0.5514038974967008,0.079363935,0.21737626,1,1,1,0,0
2018-12-16,3,1,0.5108194576113064,0.53607264043504,0.26867855,0.49127886,1,1,1,0,0
2018-12-17,3,1,0.4963403123674377,0.43289910578903784,0.39877316,0.44900236,1,0,0,0,0
2018-12-18,3,1,0.2943204621033551,0.37467688743373456,0.49152306,0.2224733,1,0,0,0,0
2018-12-19,3,1,0.49519593732934986,0.4438268600297385,0.2904933,0.63155955,1,0,0,0,1
2018-12-20,3,0,0.4048150679763735,0.3762539291905898,0.48660824,0.12993416,1,0,0,0,0
2018-12-21,3,1,0.40018511823048347,0.41895316838615104,0.4443337,0.5711068,1,0,0,0,1
2018-12-22,3,0,0.4715184078085911,0.4903915831585286,0.5698038,0.8237887,1,0,0,1,1
2018-12-23,3,1,0.47594874198314113,0.5166886215003879,0.41480023,0.33935937,1,0,1,0,0
2018-12-24,3,0,0.5762939042240531,0.5678929137657482,0.1881188,0.39690244,1,1,1,0,0
2018-12-25,3,1,0.5249802629948849,0.5775112871382896,0.20001507,0.21897335,1,1,1,0,0
2018-12-26,3,0,0.48108746849321776,0.44030028233688384,0.14037214,0.61582303,1,0,0,0,1
2018-12-27,3,1,0.4858293618556566,0.47878807338855717,0.54160017,0.407821,1,0,0,1,0
2018-12-28,3,0,0.5849075753579407,0.5056681330155812,0.53102374,0.45532465,1,1,1,1,0
2018-12-29,3,1,0.49291147175637273,0.5254788979126105,0.4119829,0.0834087,1,0,1,0,0
2018-12-30,3,0,0.4975958620941681,0.48308754680532984,0.43307665,0.68236613,1,0,0,0,1
2018-12-31,3,1,0.6803161413907465,0.6322199854475834,0.53058404,0.5011038,1,1,1,1,1
2019-01-01,3,1,0.49871200067175175,0.48879147712898496,0.06468718,0.05345279,1,0,0,0,0
2019-01-02,3,0,0.4689420511136046,0.47258254373272024,0.40396968,0.78985345,1,0,0,0,1
2019-01-03,3,1,0.5104047475856307,0.5464754598380874,0.69861126,0.3667564,1,1,1,1,0
2019-01-04,3,0,0.5321177466977185,0.542492204171281,0.59816396,0.21507277,1,1,1,1,0
2019-01-05,3,1,0.5454023561328314,0.5424087542844864,0.651497,0.5569241,1,1,1,1,1
2019-01-06,3,0,0.49082278333459056,0.4774959534174951,0.64247715,0.64720833,1,0,0,1,1
2019-01-07,3,1,0.5706434705627637,0.5537533786148152,0.35006255,0.33459294,1,1,1,0,0
2019-01-08,3,1,0.5717755830251982,0.4954614017164874,0.2871898,0.44752684,1,1,0,0,0
2019-01-09,3,0,0.5497576113617733,0.4934709445804469,0.17446719,0.6006979,1,1,0,0,1
2019-01-10,3,1,0.6557255461175687,0.5664086454916941,0.4715221,0.58133423,1,1,1,0,1
2019-01-11,3,0,0.5472447372662091,0.5271468428242332,0.7173746,0.5249196,1,1,1,1,1
2019-01-12,3,0,0.5798993679353494,0.5273401205660271,0.47081444,0.33807495,1,1,1,0,0
2019-01-13,3,1,0.6035147404821519,0.5456854468186463,0.6775743,0.6237923,1,1,1,1,1
2019-01-14,3,0,0.33395410289441374,0.4825973993442445,0.25554562,0.37239426,1,0,0,0,0
2019-01-15,3,1,0.6195363199121795,0.5879847147072352,0.34626463,0.043873765,1,1,1,0,0
2019-01-16,3,1,0.6170759383678458,0.6596491912535964,0.6734134,0.86790067,1,1,1,1,1
2019-01-17,3,0,0.565248825941412,0.4879368244744928,0.46513855,0.17278485,1,1,0,0,0
2019-01-18,3,1,0.5924616187754957,0.5865207946024558,0.35404643,0.87561035,1,1,1,0,1
2019-01-19,3,0,0.5771542266875794,0.5445056733857606,0.86647,0.7580201,1,1,1,1,1
2019-01-20,3,0,0.6172147928272346,0.5748855157324048,0.9721211,0.25895804,1,1,1,1,0
2019-01-21,3,1,0.612321375618305,0.5480560292416378,0.9556906,0.5749595,1,1,1,1,1
2019-01-22,3,0,0.7358015774231386,0.6358411392407334,0.41854054,0.34670794,1,1,1,0,0
2019-01-23,3,1,0.6049324334473939,0.5516914696443519,0.10826489,0.02170645,1,1,1,0,0
2019-01-24,3,0,0.5566453489970178,0.5459658464600449,0.104536675,0.35828334,1,1,1,0,0
2019-01-25,3,1,0.5308736620353725,0.5790527208436953,0.6772116,0.6974005,1,1,1,1,1
2019-01-26,3,0,0.6040536555149462,0.5917311504341825,0.78653467,0.280966,1,1,1,1,0
2019-01-27,3,0,0.6080421425514217,0.6006034219756278,0.8354589,0.6531262,1,1,1,1,1
2019-01-28,3,0,0.7163524790681032,0.590223633730245,0.8668171,0.5747706,1,1,1,1,1
2019-01-29,3,1,0.5855546892484313,0.49433511405823743,0.26338407,0.17738394,1,1,0,0,0
2019-01-30,3,0,0.638134534815932,0.6763144540030894,0.8841185,0.80143654,1,1,1,1,1
2019-01-31,3,1,0.6124286782043519,0.5980493218040506,0.25911707,0.27799284,1,1,1,0,0
2019-02-01,3,1,0.6455648076450504,0.6175114827651523,0.5760842,0.23127246,1,1,1,1,0
2019-02-02,3,0,0.6011192570584721,0.5868127547382518,0.8340468,0.5217537,1,1,1,1,1
2019-02-03,3,0,0.6278101159797987,0.6240871180650182,0.97517043,0.6894516,1,1,1,1,1
2019-02-04,3,1,0.6672496446603359,0.676687204304972,0.9748712,0.6278569,1,1,1,1,1
2019-02-05,3,0,0.6331814227242234,0.6514265476058029,0.55170304,0.5857763,1,1,1,1,1
2019-02-06,3,0,0.6514134243536285,0.6447419469410763,0.225204,0.56451285,1,1,1,0,1
2019-02-07,3,1,0.6662006794604457,0.6998488776107153,0.7574327,0.6063448,1,1,1,1,1
2019-02-08,3,1,0.5014738529560974,0.4423554346628296,0.8498133,0.57327086,1,1,0,1,1
2019-02-09,3,1,0.5610065934897042,0.5192955917081972,0.34110427,0.54201275,1,1,1,0,1
2019-02-10,3,0,0.5869331305727783,0.5194312384929765,0.7162033,0.5393848,1,1,1,1,1
2019-02-11,3,1,0.5921555330457656,0.5317474501838446,0.6017884,0.7399723,1,1,1,1,1
2019-02-12,3,0,0.5920267736445001,0.5296409229619798,0.88467425,0.6059016,1,1,1,1,1
2019-02-13,3,0,0.6577820710638244,0.6343066822428596,0.578513,0.6980433,1,1,1,1,1
2019-02-14,3,1,0.6189747747777253,0.5862958411606285,0.42305508,0.4101268,1,1,1,0,0
2019-02-15,3,1,0.5886916624964867,0.5565811765314596,0.61300963,0.3354352,1,1,1,1,0
2019-02-16,3,1,0.6155634589752597,0.5802289914914859,0.78560424,0.40545046,1,1,1,1,0
2019-02-17,3,1,0.603389736635023,0.5378097544960105,0.7878749,0.5769413,1,1,1,1,1
2019-02-18,3,1,0.5407554328490453,0.5040904445080899,0.92631567,0.40026775,1,1,1,1,0
2019-02-19,3,1,0.5060462103354157,0.5387496085341731,0.7882275,0.41159648,1,1,1,1,0
2019-02-20,3,0,0.5947450905653456,0.5576226362752081,0.9657111,0.8093,1,1,1,1,1
2019-02-21,3,1,0.6220488889826399,0.5609913849434773,0.9000726,0.8718234,1,1,1,1,1
2019-02-22,3,1,0.5922232153450542,0.5443626832530375,0.9474545,0.90860623,1,1,1,1,1
2019-02-23,3,0,0.5813973488314498,0.5051293569205054,0.9212785,0.5197593,1,1,1,1,1
2019-02-24,3,1,0.6520481741387297,0.5811903077937576,0.47927463,0.84437984,1,1,1,0,1
2019-02-25,3,0,0.5694922362696997,0.576034048495016,0.9100108,0.63725007,1,1,1,1,1
2019-02-26,3,0,0.579511772253036,0.5569640940028363,0.25028518,0.43653035,1,1,1,0,0
2019-02-27,3,1,0.6249598848389534,0.553227038777225,0.8106551,0.66304606,1,1,1,1,1
2019-02-28,3,1,0.5871710591755641,0.5155332860761505,0.620543,0.4475069,1,1,1,1,0
2019-03-01,3,1,0.607762121301528,0.581378636153866,0.5129692,0.5758759,1,1,1,1,1
2019-03-02,3,0,0.5876788130133259,0.5583885610830519,0.71867764,0.9010833,1,1,1,1,1
2019-03-03,3,0,0.5883167507787488,0.5519876630213184,0.89606005,0.6357045,1,1,1,1,1
2019-03-04,3,1,0.6357868899582724,0.6187874084507268,0.5446215,0.5691367,1,1,1,1,1
2019-03-05,3,1,0.5553664581654778,0.5009031807970428,0.23836929,0.5286216,1,1,1,0,1
2019-03-06,3,1,0.5663038201227423,0.5576005799985146,0.5750029,0.38795605,1,1,1,1,0
2019-03-07,3,0,0.5430707654331138,0.5256510231482675,0.567931,0.8183746,1,1,1,1,1
2019-03-08,3,1,0.5215826238433963,0.5725765323587245,0.33031645,0.54401207,1,1,1,0,1
2019-03-09,3,0,0.5382689806317658,0.5597191199545345,0.3820187,0.51161474,1,1,1,0,1
2019-03-10,3,0,0.5658840640528259,0.5806394716518299,0.34050602,0.40557382,1,1,1,0,0
2019-03-11,3,1,0.6605346930455734,0.6276207532002788,0.36498642,0.39721465,1,1,1,0,0
2019-03-12,3,0,0.5775752160317786,0.5787189025938494,0.36383232,0.5515253,1,1,1,0,1
2019-03-13,3,1,0.566570661441713,0.5407977508961995,0.44548902,0.37983152,1,1,1,0,0
2019-03-14,3,1,0.6155123779460382,0.5753716927384681,0.39234534,0.60475445,1,1,1,0,1
2019-03-15,3,1,0.6125445921471395,0.6743190509288646,0.614519,0.8368622,1,1,1,1,1
2019-03-16,3,0,0.5897346922255642,0.5583798566512157,0.681393,0.8789391,1,1,1,1,1
2019-03-17,3,1,0.6053984824958281,0.5945278345768479,0.3423229,0.38242885,1,1,1,0,0
2019-03-18,3,1,0.5996480330577735,0.6171486893437964,0.55479634,0.86155146,1,1,1,1,1
2019-03-19,3,1,0.5923448716754809,0.5863024505804308,0.7507181,0.67560774,1,1,1,1,1
2019-03-20,3,0,0.635241276714448,0.5533349553737704,0.70744365,0.45253378,1,1,1,1,0
2019-03-21,3,0,0.6319777599622851,0.6226273744056985,0.8359695,0.45602083,1,1,1,1,0
2019-03-22,3,1,0.6015993275744114,0.5782015373046123,0.72592556,0.73437065,1,1,1,1,1
2019-03-23,3,0,0.579466770676785,0.5546356896713377,0.50707406,0.48552278,1,1,1,1,0
2019-03-24,3,0,0.5828937749817971,0.5539219523797729,0.51009494,0.5354579,1,1,1,1,1
2019-03-25,3,1,0.5719510956517324,0.5915162525718003,0.5776199,0.5030645,1,1,1,1,1
2019-03-26,3,1,0.6194771880711453,0.5556756408849058,0.5979164,0.36839303,1,1,1,1,0
2019-03-27,3,0,0.5819944957030679,0.5155983338323141,0.6538473,0.8077986,1,1,1,1,1
2019-03-28,3,1,0.6332767964949448,0.5732933961822263,0.48503923,0.5636984,1,1,1,0,1
2019-03-29,3,1,0.6249137156006566,0.5684399931912928,0.9107104,0.92226654,1,1,1,1,1
2019-03-30,3,0,0.6142235813059052,0.5829557286039189,0.61764675,0.6144083,1,1,1,1,1
2019-03-31,3,1,0.6176377074115309,0.5960177215655897,0.4100396,0.40162632,1,1,1,0,0
2019-04-01,3,1,0.6310229532910834,0.6692844395930906,0.39732528,0.70611763,1,1,1,0,1
2019-04-02,3,1,0.4359419819854353,0.45038863914195154,0.46677974,0.5163179,1,0,0,0,1
2019-04-03,3,0,0.515787004103442,0.5398058483573455,0.455425,0.28936553,1,1,1,0,0
2019-04-04,3,1,0.6213120657849144,0.5471625086346086,0.80135626,0.29225332,1,1,1,1,0
2019-04-05,3,1,0.5769525902476258,0.5291037081110492,0.7971303,0.37571064,1,1,1,1,0
2019-04-06,3,1,0.585836538822914,0.5350755169199073,0.97932875,0.8439826,1,1,1,1,1
2019-04-07,3,1,0.5701911783450626,0.5679147022421548,0.99123657,0.6941332,1,1,1,1,1
2019-04-08,3,0,0.5338005874085061,0.5191852132622504,0.97270703,0.5966248,1,1,1,1,1
2019-04-09,3,1,0.574660648007692,0.5503022557995716,0.9760039,0.80873585,1,1,1,1,1
2019-04-10,3,0,0.5446360294678744,0.5531762910067948,0.91840976,0.62434304,1,1,1,1,1
2019-04-11,3,1,0.6534055555921462,0.6143566284042494,0.2535447,0.43157804,1,1,1,0,0
2019-04-12,3,1,0.5850562917653208,0.5849879775306075,0.6404805,0.83447266,1,1,1,1,1
2019-04-13,3,1,0.5648304342115571,0.5908371601898614,0.8766671,0.8048643,1,1,1,1,1
2019-04-14,3,0,0.5528656333441064,0.5960892356829189,0.65454257,0.28976008,1,1,1,1,0
2019-04-15,3,1,0.6069733414660364,0.5881938535357863,0.43335208,0.30318442,1,1,1,0,0
2019-04-16,3,1,0.6211556119787368,0.6456182793353831,0.14803265,0.42885157,1,1,1,0,0
2019-04-17,3,1,0.6107849380362107,0.583386717371428,0.6540862,0.70070875,1,1,1,1,1
2019-04-18,3,1,0.60762010617405,0.6396765254319922,0.8725817,0.7874835,1,1,1,1,1
2019-04-19,3,1,0.6029508649216138,0.6103553614223204,0.57671326,0.4448443,1,1,1,1,0
2019-04-20,3,0,0.5993327945723076,0.5849180650866473,0.66889983,0.4518639,1,1,1,1,0
2019-04-21,3,1,0.606578964202426,0.5733680872692721,0.8201279,0.5229874,1,1,1,1,1
2019-04-22,3,1,0.5736995870139759,0.5138287141453767,0.21775271,0.49310067,1,1,1,0,0
2019-04-23,3,0,0.6200115009470867,0.6795872085867118,0.5921621,0.47076824,1,1,1,1,0
2019-04-24,3,0,0.5979088310898909,0.5629363552169646,0.70649374,0.642873,1,1,1,1,1
2019-04-25,3,1,0.6294308707683224,0.5387144247070034,0.6663373,0.6761291,1,1,1,1,1
2019-04-26,3,0,0.5704906360297135,0.5091380825145498,0.8292186,0.387284,1,1,1,1,0
2019-04-27,3,1,0.6008763731411948,0.5762389788866017,0.116653875,0.3378503,1,1,1,0,0
2019-04-28,3,0,0.601823490804709,0.5509038058990277,0.63855606,0.47990757,1,1,1,1,0
2019-04-29,3,1,0.6141403806919513,0.5635628152081609,0.7258476,0.5170407,1,1,1,1,1
2019-04-30,3,1,0.5855971758979069,0.5456229332663,0.8442812,0.49275082,1,1,1,1,0
2019-05-01,3,1,0.5509670002824117,0.5062209903584298,0.77463174,0.8117464,1,1,1,1,1
2019-05-02,3,1,0.5898093149706011,0.5642177811065857,0.26903,0.24851131,1,1,1,0,0
2019-05-03,3,1,0.5406175078049232,0.5444472920250328,0.6567897,0.7226474,1,1,1,1,1
2019-05-04,3,0,0.5733996474120893,0.5700399721858685,0.4389307,0.6196902,1,1,1,0,1
2019-05-05,3,0,0.6018871893875406,0.5822442649074656,0.45489147,0.5377879,1,1,1,0,1
2019-05-06,3,1,0.6081775745248154,0.5848136406503819,0.8758045,0.7645205,1,1,1,1,1
2019-05-07,3,1,0.5010799210055419,0.493429553178092,0.7785193,0.42914715,1,1,0,1,0
2019-05-08,3,1,0.474316641069417,0.43916293974997134,0.60456425,0.29763022,1,0,0,1,0
2019-05-09,3,1,0.4821604402282511,0.43328436737987275,0.39295107,0.8259752,1,0,0,0,1
2019-05-10,3,1,0.48047290874085946,0.39647426996238744,0.56519115,0.30390933,1,0,0,1,0
2019-05-11,3,0,0.38457923705109226,0.3915242939307998,0.5125815,0.52800256,1,0,0,1,1
2019-05-12,3,1,0.4935958692258908,0.532842449022906,0.28100985,0.22189009,1,0,1,0,0
2019-05-13,3,1,0.3200658040081476,0.2799781843873582,0.77147746,0.4126306,1,0,0,1,0
2019-05-14,3,1,0.4166594691011287,0.450738886442935,0.27076048,0.28256163,1,0,0,0,0
2019-05-15,3,0,0.5003258186499667,0.4938904831202535,0.7068882,0.7652245,1,1,0,1,1
2019-05-16,3,0,0.5583226351514631,0.5355118609342057,0.403432,0.57931453,1,1,1,0,1
2019-05-17,3,0,0.6026855539400089,0.6173352111380314,0.22971597,0.46869397,1,1,1,0,0
2019-05-18,3,1,0.5328445409682248,0.5718311819049186,0.33516967,0.7234476,1,1,1,0,1
2019-05-19,3,0,0.3735194727828193,0.36712826821189104,0.24339136,0.36441693,1,0,0,0,0
2019-05-20,3,0,0.42846471743112213,0.4385194361239638,0.27941778,0.18171321,1,0,0,0,0
2019-05-21,3,0,0.5295955743370298,0.5645086704702014,0.8337529,0.673313,1,1,1,1,1
2019-05-22,3,1,0.5309613019862052,0.5392924051388227,0.31968677,0.48495263,1,1,1,0,0
2019-05-23,3,1,0.4066125305086191,0.3839750483883409,0.39916322,0.24680443,1,0,0,0,0
2019-05-24,3,1,0.4389965494786024,0.424946950327257,0.52824664,0.741693,1,0,0,1,1
2019-05-25,3,1,0.4750011090133604,0.5262612552650291,0.6143374,0.45054263,1,0,1,1,0
2019-05-26,3,1,0.41867218749317175,0.39145982263930196,0.43137118,0.3012164,1,0,0,0,0
2019-05-27,3,0,0.45579982987725753,0.4968944802959074,0.28734395,0.4390451,1,0,0,0,0
2019-05-28,3,0,0.5215288343160805,0.5942309650952392,0.71514726,0.7005575,1,1,1,1,1
2019-05-29,3,0,0.46818054815475785,0.43706815394908316,0.23303367,0.34163183,1,0,0,0,0
2019-05-30,3,1,0.5538098225948546,0.5617086280610362,0.34666035,0.3230443,1,1,1,0,0
2019-05-31,3,0,0.46797100478761505,0.5126418187073417,0.15621774,0.37381294,1,0,1,0,0
2019-06-01,3,1,0.4774901052944616,0.4956614255249474,0.2927794,0.54681444,1,0,0,0,1
2019-06-02,3,0,0.4985130397048848,0.4773620916385589,0.22558203,0.47214848,1,0,0,0,0
2019-06-03,3,0,0.5301150413596948,0.5509007260649358,0.3456372,0.36559972,1,1,1,0,0
2019-06-04,3,1,0.589823027309356,0.5906919470134953,0.24670589,0.238187,1,1,1,0,0
2019-06-05,3,0,0.5465174698488099,0.543275381121692,0.18902619,0.56843483,1,1,1,0,1
2019-06-06,3,1,0.5378848371889826,0.5842283148330015,0.39327633,0.47076833,1,1,1,0,0
2019-06-07,3,0,0.5254189268246836,0.495343204465176,0.5217049,0.33140472,1,1,0,1,0
2019-06-08,3,0,0.5624377723381532,0.5519286659862019,0.5661143,0.49420255,1,1,1,1,0
2019-06-09,3,1,0.606981414461298,0.5711071503244437,0.67012066,0.5710727,1,1,1,1,1
2019-06-10,3,0,0.5852647051835443,0.5831616985194455,0.5109524,0.42606205,1,1,1,1,0
2019-06-11,3,1,0.5537396144264037,0.5142202934643861,0.7966652,0.6786489,1,1,1,1,1
2019-06-12,3,1,0.5542953487770973,0.5223320325572884,0.637205,0.58676744,1,1,1,1,1
2019-06-13,3,1,0.5782749907949276,0.6239065106164151,0.45835635,0.6849444,1,1,1,0,1
2019-06-14,3,1,0.5000415867577148,0.48549326158783074,0.24235672,0.6637607,1,1,0,0,1
2019-06-15,3,1,0.5444199941314832,0.5268071126821143,0.34312913,0.4428251,1,1,1,0,0
2019-06-16,3,1,0.5621388043571982,0.546327176007821,0.4991422,0.514688,1,1,1,0,1
2019-06-17,3,0,0.5633740079607686,0.5418211578119031,0.35501087,0.6584316,1,1,1,0,1
2019-06-18,3,1,0.6363619422079809,0.5668459790335194,0.36949533,0.604287,1,1,1,0,1
2019-06-19,3,1,0.6395266237143786,0.6506690743261568,0.429869,0.5068289,1,1,1,0,1
2019-06-20,3,1,0.5241681990156843,0.6868400049696081,0.23043196,0.47299275,1,1,1,0,0
2019-06-21,3,1,0.5425636511876103,0.5852850733632735,0.9023098,0.30049834,1,1,1,1,0
2019-06-22,3,1,0.5390706944909848,0.5181057938270445,0.5416258,0.88521725,1,1,1,1,1
2019-06-23,3,1,0.5852978150971132,0.5526695364705639,0.6785425,0.7757397,1,1,1,1,1
2019-06-24,3,1,0.5080853869034266,0.5522492729876256,0.90518165,0.83020896,1,1,1,1,1
2019-06-25,3,1,0.5292508661694217,0.516323562327108,0.9320199,0.9485207,1,1,1,1,1
2019-06-26,3,0,0.48758876136976464,0.44082600848754316,0.52714527,0.6242181,1,0,0,1,1
2019-06-27,3,1,0.6401924644394318,0.45310514932786283,0.38738936,0.5942192,1,1,0,0,1
2019-06-28,3,0,0.5204359933016484,0.4571368029908656,0.9702304,0.69539726,1,1,0,1,1
2019-06-29,3,0,0.5337560499700668,0.5423102593473041,0.07735966,0.52354485,1,1,1,0,1
2019-06-30,3,0,0.6207718068277197,0.614362522562827,0.8525555,0.8426193,1,1,1,1,1
2019-07-01,3,1,0.6497839274324403,0.5643337000487627,0.8776763,0.3238804,1,1,1,1,0
2019-07-02,3,1,0.4823403149886965,0.5111983483335899,0.43245485,0.5478145,1,0,1,0,1
2019-07-03,3,0,0.36895774889246635,0.5270907300848828,0.7106431,0.36721215,1,0,1,1,0
2019-07-04,3,0,0.5312303548363788,0.5557006008270993,0.3855953,0.9150102,1,1,1,0,1
2019-07-05,3,1,0.560676356114832,0.6165337060924455,0.6245072,0.58145547,1,1,1,1,1
2019-07-06,3,1,0.504870791583363,0.5104850436050986,0.42809016,0.4751605,1,1,1,0,0
2019-07-07,3,1,0.4888719356033762,0.4818484386454001,0.75596225,0.8117908,1,0,0,1,1
2019-07-08,3,1,0.44183059044396533,0.443359468982062,0.26066193,0.30016962,1,0,0,0,0
2019-07-09,3,0,0.45844960481124397,0.5013393691559679,0.19811335,0.39338523,1,0,1,0,0
2019-07-10,3,0,0.5175740581956936,0.5227433368949133,0.3567784,0.61813146,1,1,1,0,1
2019-07-11,3,1,0.6383208117123833,0.6287855802513821,0.6344462,0.50660396,1,1,1,1,1
2019-07-12,3,0,0.5332145078005753,0.5676046428039525,0.62268275,0.43608835,1,1,1,1,0
2019-07-13,3,0,0.5844916904064489,0.5518158012486561,0.39769867,0.21733625,1,1,1,0,0
2019-07-14,3,1,0.6573574635644157,0.6152785732911539,0.5779993,0.75958085,1,1,1,1,1
2019-07-15,3,0,0.5546384220997039,0.5244133085689785,0.72666925,0.40013975,1,1,1,1,0
2019-07-16,3,1,0.661305657324634,0.5477756849607847,0.34921175,0.06925203,1,1,1,0,0
2019-07-17,3,1,0.5278387143357617,0.5726280789270863,0.7470588,0.505224,1,1,1,1,1
2019-07-18,3,0,0.41539808587159804,0.3986727558135389,0.13717942,0.10807445,1,0,0,0,0
2019-07-19,3,1,0.5042513555344886,0.5042251532605314,0.3314391,0.91942245,1,1,1,0,1
2019-07-20,3,0,0.49747374331637323,0.4848253098932939,0.70273215,0.69761974,1,0,0,1,1
2019-07-21,3,0,0.5194966007209965,0.5712589601540435,0.3014045,0.39297205,1,1,1,0,0
2019-07-22,3,0,0.5340427657668064,0.48742992621518233,0.3311184,0.4715262,1,1,0,0,0
2019-07-23,3,0,0.6021674251855718,0.6356738163216014,0.553558,0.45213652,1,1,1,1,0
2019-07-24,3,1,0.5988386676406243,0.5421080483720213,0.42722076,0.50765145,1,1,1,0,1
2019-07-25,3,0,0.536641336918683,0.5167555106030942,0.2014645,0.17985016,1,1,1,0,0
2019-07-26,3,0,0.5617640979830123,0.5829794214791585,0.3211386,0.4355808,1,1,1,0,0
2019-07-27,3,1,0.5770078947692684,0.598929764731107,0.27928087,0.6114926,1,1,1,0,1
2019-07-28,3,0,0.5540521223519178,0.5462975943737303,0.56909984,0.4141707,1,1,1,1,0
2019-07-29,3,1,0.5553230337822114,0.5586554781998632,0.7499608,0.5706903,1,1,1,1,1
2019-07-30,3,1,0.5377145985286781,0.5271143047624759,0.8446062,0.64277124,1,1,1,1,1
2019-07-31,3,1,0.45094534469446407,0.4198647489968927,0.69115317,0.4881933,1,0,0,1,0
2019-08-01,3,1,0.49324960809487683,0.4768103710976837,0.2339958,0.07266264,1,0,0,0,0
2019-08-02,3,1,0.44811984303859254,0.43681574099539255,0.67476326,0.93957615,1,0,0,1,1
2019-08-03,3,1,0.4752627880907557,0.4154220302981102,0.52352315,0.25181827,1,0,0,1,0
2019-08-04,3,1,0.49405162232812094,0.4543091914498493,0.28534237,0.44238725,1,0,0,0,0
2019-08-05,3,0,0.35227659485368124,0.37099232212905586,0.34522668,0.42506868,1,0,0,0,0
2019-08-06,3,1,0.46636037692621973,0.41737677381867117,0.11109077,0.055956673,1,0,0,0,0
2019-08-07,3,1,0.4235877360699554,0.44374775023463586,0.67166615,0.7607327,1,0,0,1,1
2019-08-08,3,0,0.5295965175346093,0.5237638586931863,0.7016961,0.52654535,1,1,1,1,1
2019-08-09,3,0,0.5479675475874244,0.5957836731916302,0.512944,0.3584368,1,1,1,1,0
2019-08-10,3,1,0.5756458214572654,0.6002027656027104,0.3080615,0.3916815,1,1,1,0,0
2019-08-11,3,0,0.5373944661069568,0.545403016430867,0.19210212,0.26854873,1,1,1,0,0
2019-08-12,3,0,0.5070424163363283,0.5558504561657042,0.3528297,0.4448658,1,1,1,0,0
2019-08-13,3,0,0.5609378848625302,0.5110057244581185,0.43273422,0.30506182,1,1,1,0,0
2019-08-14,3,1,0.5395974625090438,0.6160093746535713,0.3257862,0.2787473,1,1,1,0,0
2019-08-15,3,1,0.4503012794403476,0.40034930649111217,0.3070855,0.26132253,1,0,0,0,0
2019-08-16,3,0,0.5202299792702156,0.5525156131220591,0.5545021,0.44007465,1,1,1,1,0
2019-08-17,3,1,0.5202784488983484,0.548432407084092,0.74894994,0.5316441,1,1,1,1,1
2019-08-18,3,1,0.5105080291432158,0.5056973564733276,0.49781772,0.5371547,1,1,1,0,1
2019-08-19,3,0,0.5030061268600162,0.5023717095442236,0.44083783,0.4848235,1,1,1,0,0
2019-08-20,3,0,0.5086548097589195,0.5222464615685974,0.38296396,0.5588576,1,1,1,0,1
2019-08-21,3,0,0.6182581256948826,0.6001964631470935,0.6966414,0.49664894,1,1,1,1,0
2019-08-22,3,1,0.590857192178511,0.5946224854122263,0.25828958,0.38514063,1,1,1,0,0
2019-08-23,3,0,0.4255302556633461,0.4788432934678851,0.42737582,0.43169948,1,0,0,0,0
2019-08-24,3,0,0.5282999665487645,0.5846525889354814,0.65728265,0.64356273,1,1,1,1,1
2019-08-25,3,1,0.5323227064769617,0.5880321812134087,0.45007125,0.25335878,1,1,1,0,0
2019-08-26,3,0,0.48185174113553464,0.4440905966456467,0.29258406,0.3553989,1,0,0,0,0
2019-08-27,3,0,0.5134043777546607,0.566635049997436,0.41306603,0.5360162,1,1,1,0,1
2019-08-28,3,0,0.5776915350177952,0.5512280210783159,0.53827333,0.4978929,1,1,1,1,0
2019-08-29,3,1,0.6154394793848458,0.555613354149212,0.39078027,0.40815884,1,1,1,0,0
2019-08-30,3,1,0.5973806833862536,0.5671942144367402,0.5207133,0.58282024,1,1,1,1,1
2019-08-31,3,1,0.5696847631420893,0.5394236158581777,0.49045196,0.6997625,1,1,1,0,1
2019-09-01,3,1,0.5671499740078749,0.5194048496294207,0.26931182,0.3795057,1,1,1,0,0
2019-09-02,3,1,0.5222503615264931,0.4838135340522855,0.2375632,0.4413382,1,1,0,0,0
2019-09-03,3,0,0.4183947602173225,0.46416778521574487,0.33183697,0.4064448,1,0,0,0,0
2019-09-04,3,0,0.5396006376347903,0.4930636780629451,0.7998216,0.5389012,1,1,0,1,1
2019-09-05,3,0,0.7062426881962411,0.6314285527448282,0.8316761,0.90967894,1,1,1,1,1
2019-09-06,3,1,0.6394555860234513,0.6231079617858666,0.8421374,0.9649665,1,1,1,1,1
2019-09-07,3,0,0.6147316515181838,0.5983186980456461,0.61713964,0.9037446,1,1,1,1,1
2019-09-08,3,0,0.6172715471201435,0.5896072705360306,0.3674458,0.57426995,1,1,1,0,1
2019-09-09,3,0,0.5980384568230597,0.5708370355728426,0.19111401,0.43700022,1,1,1,0,0
2019-09-10,3,1,0.6566239773463417,0.6586259292063373,0.65400547,0.6453138,1,1,1,1,1
2019-09-11,3,1,0.6269356099204265,0.5959394522132401,0.6264723,0.8568416,1,1,1,1,1
2019-09-12,3,0,0.5820362143479856,0.5403432834166001,0.5148626,0.21241741,1,1,1,1,0
2019-09-13,3,0,0.614734443074512,0.6271860618775063,0.29385087,0.2592083,1,1,1,0,0
2019-09-14,3,0,0.6183155665518404,0.6155827791722307,0.76761734,0.427909,1,1,1,1,0
2019-09-15,3,0,0.6135111113712877,0.60636793068659,0.9497936,0.6147266,1,1,1,1,1
2019-09-16,3,0,0.5677144773556404,0.5794249284629309,0.84065175,0.510737,1,1,1,1,1
2019-09-17,3,0,0.6272787324028812,0.6537267499585923,0.45000738,0.570045,1,1,1,0,1
2019-09-18,3,1,0.6318805744289182,0.6497124717116758,0.47467262,0.36597303,1,1,1,0,0
2019-09-19,3,0,0.670068183225811,0.6554995301665695,0.2871877,0.44589308,1,1,1,0,0
2019-09-20,3,0,0.5936388419501394,0.5590032758706761,0.5598618,0.6258408,1,1,1,1,1
2019-09-21,3,1,0.6235648557984642,0.5682838213376809,0.93245804,0.29945114,1,1,1,1,0
2019-09-22,3,0,0.6071798387108769,0.567684651500568,0.38497674,0.50055456,1,1,1,0,1
2019-09-23,3,0,0.5929877704506583,0.5856541875543829,0.2854433,0.3754764,1,1,1,0,0
2019-09-24,3,0,0.6522219445625318,0.6551577712527744,0.74841267,0.3400346,1,1,1,1,0
2019-09-25,3,0,0.6739337638572179,0.5731216739338847,0.88608265,0.7563865,1,1,1,1,1
2019-09-26,3,1,0.6154834429799643,0.5852748300223753,0.70705616,0.6484861,1,1,1,1,1
2019-09-27,3,0,0.5614651407615703,0.5496925684512878,0.55709565,0.53805286,1,1,1,1,1
2019-09-28,3,0,0.5212984574769376,0.5079484759803571,0.5905378,0.6220264,1,1,1,1,1
2019-09-29,3,1,0.5436727789798995,0.5528630728811743,0.53186095,0.7307999,1,1,1,1,1
2019-09-30,3,1,0.6270003192784234,0.576085774755165,0.7043479,0.5602654,1,1,1,1,1
2019-10-01,3,1,0.4777185619275369,0.4540729128668854,0.8595803,0.96998245,1,0,0,1,1
2019-10-02,3,0,0.4424933606462382,0.4130285041603237,0.50512457,0.44983676,1,0,0,1,0
2019-10-03,3,0,0.46512055208312025,0.4781620420403941,0.53028524,0.8261188,1,0,0,1,1
2019-10-04,3,0,0.5363904132867284,0.5459189929309198,0.39027056,0.43313488,1,1,1,0,0
2019-10-05,3,0,0.5374031601943363,0.5855614870747651,0.36121464,0.58347577,1,1,1,0,1
2019-10-06,3,1,0.5503681319125114,0.5922963321246324,0.33590552,0.4919528,1,1,1,0,0
2019-10-07,3,0,0.5411598144250148,0.560992603222944,0.3310337,0.33166775,1,1,1,0,0
2019-10-08,3,1,0.5166855058190449,0.5118876972640848,0.55159444,0.5302908,1,1,1,1,1
2019-10-09,3,0,0.5000278686617121,0.4927148237391697,0.38113502,0.5717866,1,1,0,0,1
2019-10-10,3,0,0.5727436114493224,0.550739541505769,0.43474174,0.333107,1,1,1,0,0
2019-10-11,3,1,0.6336402880602395,0.5972782724106385,0.40107077,0.3911082,1,1,1,0,0
2019-10-12,3,0,0.589358689750308,0.5653708230691111,0.568266,0.90847504,1,1,1,1,1
2019-10-13,3,1,0.5819568928658149,0.5734006303852041,0.4486711,0.42420042,1,1,1,0,0
2019-10-14,3,0,0.5301307650618916,0.5383824890903444,0.39540634,0.55641806,1,1,1,0,1
2019-10-15,3,0,0.6233066766025082,0.5377204789009942,0.5626602,0.4396462,1,1,1,1,0
2019-10-16,3,1,0.6127777240785529,0.568747644819365,0.8195603,0.4969665,1,1,1,1,0
2019-10-17,3,0,0.5848121500172199,0.54688258540415,0.4178768,0.6651647,1,1,1,0,1
2019-10-18,3,1,0.5998747730507875,0.5431033063639609,0.23341985,0.32512775,1,1,1,0,0
2019-10-19,3,1,0.5877485423451941,0.55137177790496,0.4151059,0.40923756,1,1,1,0,0
2019-10-20,3,1,0.5571736231915333,0.5099813866117748,0.70894164,0.5565696,1,1,1,1,1
2019-10-21,3,0,0.6313175888129854,0.6157327490792242,0.5865696,0.3355417,1,1,1,1,0
2019-10-22,3,0,0.593430802125984,0.5396961746810753,0.7142234,0.7500363,1,1,1,1,1
2019-10-23,3,0,0.633069575405378,0.57523896451292,0.73807675,0.5449282,1,1,1,1,1
2019-10-24,3,1,0.58917442480459,0.5073186328793932,0.5234005,0.70729,1,1,1,1,1
2019-10-25,3,1,0.43372932497596567,0.41297652263590934,0.58988786,0.58539635,1,0,0,1,1
2019-10-26,3,1,0.4404130199739368,0.4847091137945697,0.5062865,0.10835114,1,0,0,1,0
2019-10-27,3,0,0.5118560933735031,0.5497961280122788,0.6629376,0.38259366,1,1,1,1,0
2019-10-28,3,1,0.5543891739881515,0.599940627997951,0.38185182,0.68784386,1,1,1,0,1
2019-10-29,3,0,0.5102639636047548,0.5783108619753532,0.34355637,0.85012954,1,1,1,0,1
2019-10-30,3,0,0.5386535474676863,0.5440498957551276,0.56127024,0.524692,1,1,1,1,1
2019-10-31,3,1,0.5646614410453669,0.5679303845298598,0.6777113,0.65070015,1,1,1,1,1
2019-11-01,3,1,0.5598252931505165,0.5390541088196918,0.66344017,0.8296031,1,1,1,1,1
2019-11-02,3,0,0.5710461877833914,0.5808102740656781,0.4025713,0.55990833,1,1,1,0,1
2019-11-03,3,1,0.5785782977367654,0.5685135182273442,0.5389077,0.13726763,1,1,1,1,0
2019-11-04,3,0,0.5182043469699769,0.5673093062366918,0.6025162,0.2413315,1,1,1,1,0
2019-11-05,3,1,0.618707507937625,0.5865186029550195,0.5559839,0.4136669,1,1,1,1,0
2019-11-06,3,0,0.5712413433671937,0.5940169308628477,0.7878268,0.79271615,1,1,1,1,1
2019-11-07,3,0,0.6698353800089603,0.6388806380581665,0.87421346,0.28873804,1,1,1,1,0
2019-11-08,3,1,0.6582306889799017,0.5565985642771438,0.67658794,0.654009,1,1,1,1,1
2019-11-09,3,1,0.6378937770611197,0.59559237115307,0.69552493,0.79982716,1,1,1,1,1
2019-11-10,3,0,0.5938968263363781,0.5759124908397957,0.34517998,0.21935062,1,1,1,0,0
2019-11-11,3,1,0.7005725494505646,0.7070346491216135,0.24523708,0.24130352,1,1,1,0,0
2019-11-12,3,0,0.6331354381190816,0.6332327889436411,0.19403164,0.5012375,1,1,1,0,1
2019-11-13,3,0,0.5997546924531122,0.6327101779427656,0.38120943,0.19785365,1,1,1,0,0
2019-11-14,3,0,0.5796733377230077,0.5470616613414953,0.547806,0.16840187,1,1,1,1,0
2019-11-15,3,1,0.6376215372019753,0.5353408280298873,0.7528687,0.4936171,1,1,1,1,0
2019-11-16,3,1,0.6212833451804204,0.601085949572828,0.7313105,0.47697815,1,1,1,1,0
2019-11-17,3,0,0.608881249492928,0.6079309315920792,0.5984569,0.45966396,1,1,1,1,0
2019-11-18,3,0,0.6753169967880207,0.6350112267336335,0.53448516,0.5300026,1,1,1,1,1
2019-11-19,3,0,0.6476854477525537,0.6030622184951383,0.48344094,0.3355141,1,1,1,0,0
2019-11-20,3,0,0.6027707074482612,0.5165374651453776,0.85902303,0.37520343,1,1,1,1,0
2019-11-21,3,0,0.6561655082378932,0.5959320866575496,0.64567953,0.51115197,1,1,1,1,1
2019-11-22,3,1,0.6085653088295627,0.556915554973033,0.41898206,0.51423836,1,1,1,0,1
2019-11-23,3,0,0.59458680973472,0.4858786244824148,0.5193206,0.6958457,1,1,0,1,1
2019-11-24,3,1,0.6238574414642363,0.5695313515359665,0.56564647,0.39030614,1,1,1,1,0
2019-11-25,3,1,0.6751813252296932,0.7703085688107612,0.389636,0.6552749,1,1,1,0,1
2019-11-26,3,1,0.6102364352540725,0.6275968774685242,0.5583977,0.33550245,1,1,1,1,0
2019-11-27,3,0,0.5685766663368078,0.598048286216608,0.64573896,0.2838828,1,1,1,1,0
2019-11-28,3,1,0.5988393215168786,0.6418573171836531,0.6148207,0.3622165,1,1,1,1,0
2019-11-29,3,0,0.6264557142026347,0.6669521891781308,0.82208294,0.5702003,1,1,1,1,1
2019-11-30,3,0,0.6041407632403222,0.5918100969562685,0.6639372,0.33598822,1,1,1,1,0
2019-12-01,3,0,0.621380187828569,0.5644479830587995,0.33829603,0.40086585,1,1,1,0,0
2019-12-02,3,0,0.5784281924351051,0.5402747264370099,0.5649552,0.79969066,1,1,1,1,1
2019-12-03,3,0,0.4676112105197973,0.46261878738391293,0.8458627,0.31325042,1,0,0,1,0
2019-12-04,3,1,0.5919950018380554,0.6012309984901271,0.5515018,0.23076618,1,1,1,1,0
2019-12-05,3,1,0.5185028595283113,0.4854539021168584,0.734729,0.6470421,1,1,0,1,1
2019-12-06,3,1,0.6504325717187212,0.6157040867155975,0.31991085,0.3225918,1,1,1,0,0
2019-12-07,3,1,0.5877608010517191,0.5624780706595683,0.6909782,0.75903124,1,1,1,1,1
2019-12-08,3,0,0.599598478475495,0.5653652148237712,0.6621636,0.6342103,1,1,1,1,1
2019-12-09,3,0,0.6438061374462773,0.5770883999103649,0.36680403,0.5285361,1,1,1,0,1
2019-12-10,3,0,0.5831343371808007,0.5117044103597729,0.21862313,0.6156724,1,1,1,0,1
2019-12-11,3,1,0.5993602893023154,0.5855369826235297,0.66167265,0.42580694,1,1,1,1,0
2019-12-12,3,1,0.5909286051111818,0.6234994878442012,0.4436541,0.47266677,1,1,1,0,0
2019-12-13,3,0,0.6126850421501733,0.6500060238182046,0.28617492,0.31655997,1,1,1,0,0
2019-12-14,3,1,0.6362042833595518,0.6315572567508931,0.44853243,0.6588003,1,1,1,0,1
2019-12-15,3,0,0.6230725919191195,0.6185289298749753,0.5157488,0.33540484,1,1,1,1,0
2019-12-16,3,0,0.6402929629254286,0.603922969757478,0.7840202,0.56511545,1,1,1,1,1
2019-12-17,3,1,0.6800059428264464,0.6534499044467278,0.6389002,0.45010635,1,1,1,1,0
2019-12-18,3,0,0.5506382917755864,0.5511746684679257,0.5239918,0.6709029,1,1,1,1,1
2019-12-19,3,1,0.5804303296438408,0.6132987490088269,0.36094084,0.14897408,1,1,1,0,0
2019-12-20,3,0,0.6067252249414498,0.5974394618385168,0.5140122,0.3538977,1,1,1,1,0
2019-12-21,3,1,0.6147205247734717,0.6158096940395541,0.6887141,0.56400996,1,1,1,1,1
2019-12-22,3,0,0.568646463161036,0.5679106340562953,0.9624218,0.62856895,1,1,1,1,1
2019-12-23,3,0,0.6387046059481994,0.6395921447941456,0.8312516,0.4416127,1,1,1,1,0
2019-12-24,3,0,0.5981038983949537,0.5499795405989124,0.9336909,0.36573783,1,1,1,1,0
2019-12-25,3,0,0.6121088493668041,0.5648387969524384,0.9348335,0.37507465,1,1,1,1,0
2019-12-26,3,1,0.539632209729488,0.5744715405896632,0.48869556,0.6470213,1,1,1,0,1
2019-12-27,3,1,0.6412789187696771,0.7117986397865558,0.87070113,0.56431794,1,1,1,1,1
2019-12-28,3,1,0.5928563936629556,0.5872722805368905,0.4836111,0.28033656,1,1,1,0,0
2019-12-29,3,0,0.5824209889386024,0.5808197619601759,0.8845304,0.2919921,1,1,1,1,0
2019-12-30,3,0,0.5780284139924031,0.5050694879604973,0.9606292,0.43235478,1,1,1,1,0
2019-12-31,3,1,0.5949097233371525,0.5289155397138219,0.99180204,0.48961356,1,1,1,1,0
2020-01-01,3,0,0.6135778796732053,0.5523934900195456,0.85416454,0.40297034,1,1,1,1,0
2020-01-02,3,1,0.662755462665982,0.5885236231848494,0.19089147,0.3187349,1,1,1,0,0
2020-01-03,3,1,0.5092328372496593,0.5166408404268307,0.48544973,0.36836782,1,1,1,0,0
2020-01-04,3,1,0.5736256323677646,0.5274456092943042,0.7974924,0.51188684,1,1,1,1,1
2020-01-05,3,1,0.6031781606336937,0.5520531630389545,0.8149125,0.8987538,1,1,1,1,1
2020-01-06,3,1,0.5241456858243863,0.49461705718200855,0.83973986,0.77140856,1,1,0,1,1
2020-01-07,3,0,0.5102087935807132,0.4911278709268838,0.5875527,0.7583821,1,1,0,1,1
2020-01-08,3,0,0.6411604924825154,0.656971600962426,0.6559639,0.7648671,1,1,1,1,1
2020-01-09,3,1,0.6508414153740522,0.6250917929256609,0.90216035,0.8453899,1,1,1,1,1
2020-01-10,3,0,0.5646111102823262,0.5346721277574017,0.9751609,0.84138554,1,1,1,1,1
2020-01-11,3,1,0.6087836524218614,0.6110431154803476,0.32419693,0.60891503,1,1,1,0,1
2020-01-12,3,0,0.5961638198999116,0.611874227885405,0.84069157,0.63021916,1,1,1,1,1
2020-01-13,3,1,0.644396534722409,0.6867987664403314,0.3479645,0.51462454,1,1,1,0,1
2020-01-14,3,0,0.5469413713208718,0.6271672044563192,0.6665232,0.7836576,1,1,1,1,1
2020-01-15,3,0,0.5853244845390415,0.592002250288878,0.5874702,0.4880168,1,1,1,1,0
2020-01-16,3,1,0.6671015651533514,0.597442819591328,0.93835855,0.65877795,1,1,1,1,1
2020-01-17,3,1,0.6283977509708076,0.6984780593682802,0.9652235,0.43969387,1,1,1,1,0
2020-01-18,3,0,0.6173326958631795,0.5578045378874742,0.9752636,0.43927315,1,1,1,1,0
2020-01-19,3,0,0.6408656798663932,0.5763332669594283,0.97152203,0.89777493,1,1,1,1,1
2020-01-20,3,1,0.6286935318125407,0.5761104223733396,0.98937476,0.5914181,1,1,1,1,1
2020-01-21,3,0,0.6468274646202187,0.695335308422803,0.82279223,0.59177756,1,1,1,1,1
2020-01-22,3,0,0.5996850772719308,0.5451956065920655,0.6133294,0.59802127,1,1,1,1,1
2020-01-23,3,1,0.5960268999883699,0.48736105068060404,0.88252467,0.40120637,1,1,0,1,0
2020-01-24,3,0,0.5885741295554686,0.5518423727573051,0.9748556,0.49747652,1,1,1,1,0
2020-01-25,3,1,0.5849443623272352,0.59205267329274,0.18627885,0.5381976,1,1,1,0,1
2020-01-26,3,1,0.5567298479028455,0.5365909263714252,0.5351029,0.2797909,1,1,1,1,0
2020-01-27,3,1,0.48346688983169883,0.4666565793003227,0.47233227,0.35097253,1,0,0,0,0
2020-01-28,3,0,0.5183419941388513,0.5366593170465518,0.7318507,0.30760783,1,1,1,1,0
2020-01-29,3,1,0.5817782039595287,0.5567029457769863,0.5798582,0.85918695,1,1,1,1,1
2020-01-30,3,0,0.5538740665910608,0.5541863257929895,0.855508,0.7618919,1,1,1,1,1
2020-01-31,3,1,0.5422411826357361,0.5514060987944487,0.740961,0.45839062,1,1,1,1,0
2020-02-01,3,0,0.5424555214342347,0.6043668247327302,0.51588655,0.3939005,1,1,1,1,0
2020-02-02,3,0,0.5484596982221183,0.5984360944498662,0.63567317,0.4763046,1,1,1,1,0
2020-02-03,3,0,0.5911792451227487,0.6316727323770881,0.6325204,0.5103052,1,1,1,1,1
2020-02-04,3,1,0.6446486912689186,0.5902596592077658,0.600844,0.5054848,1,1,1,1,1
2020-02-05,3,1,0.5617301718658211,0.5558312746299666,0.7805275,0.8821458,1,1,1,1,1
2020-02-06,3,1,0.5771427270648899,0.645060355551287,0.61322856,0.6754432,1,1,1,1,1
2020-02-07,3,1,0.5862978951104054,0.5760328653426088,0.41790387,0.74918926,1,1,1,0,1
2020-02-08,3,1,0.5949351368663477,0.5856630093047136,0.27200076,0.6802059,1,1,1,0,1
2020-02-09,3,0,0.5775629264064499,0.5215347935137862,0.35783914,0.61260146,1,1,1,0,1
2020-02-10,3,1,0.6510015659458827,0.5639349877661166,0.68022555,0.5800548,1,1,1,1,1
2020-02-11,3,1,0.608057618095711,0.6014337130239037,0.85164845,0.59167916,1,1,1,1,1
2020-02-12,3,0,0.5831521638132962,0.583402094719325,0.73399204,0.40521282,1,1,1,1,0
2020-02-13,3,1,0.6151149603994819,0.5907757711917925,0.9451373,0.8620222,1,1,1,1,1
2020-02-14,3,0,0.5926589532796349,0.5882793809063087,0.9061113,0.73523337,1,1,1,1,1
2020-02-15,3,1,0.6391111511857125,0.5829481054305241,0.64196026,0.38891035,1,1,1,1,0
2020-02-16,3,0,0.6165573184673012,0.5720882694526692,0.7440065,0.39755574,1,1,1,1,0
2020-02-17,3,1,0.618243557937897,0.5881890035399434,0.164687,0.5796644,1,1,1,0,1
2020-02-18,3,0,0.46021409439750466,0.4798894931572321,0.4500216,0.49192488,1,0,0,0,0
2020-02-19,3,0,0.6138000151948829,0.5657259479920939,0.3406269,0.09352265,1,1,1,0,0
2020-02-20,3,1,0.5989258317066125,0.5571196363291767,0.89359194,0.80462676,1,1,1,1,1
2020-02-21,3,0,0.5024730581436059,0.5622449048911053,0.54982424,0.60126996,1,1,1,1,1
2020-02-22,3,1,0.5649982756027747,0.5605990868597879,0.8684856,0.57496315,1,1,1,1,1
2020-02-23,3,0,0.5458446601188061,0.5217898791643178,0.58500254,0.49646533,1,1,1,1,0
2020-02-24,3,0,0.49909007627303836,0.5985732264558477,0.2882883,0.42864928,1,0,1,0,0
2020-02-25,3,0,0.5689578789664755,0.5584168231326261,0.7561362,0.36033836,1,1,1,1,0
2020-02-26,3,0,0.5723313642551628,0.6841135375729722,0.8420038,0.7269501,1,1,1,1,1
2020-02-27,3,0,0.5053906832969451,0.5217889637527275,0.88412017,0.3379873,1,1,1,1,0
2020-02-28,3,0,0.6786683685305313,0.590377536839574,0.6682812,0.3390171,1,1,1,1,0
2020-02-29,3,0,0.4994758980707965,0.5076287317078951,0.8110242,0.9130149,1,0,1,1,1
2020-03-01,3,1,0.5041573200878409,0.4515972892860405,0.52483344,0.88400334,1,1,0,1,1
2020-03-02,3,0,0.3983775304153676,0.42493939533716457,0.6133606,0.38238376,1,0,0,1,0
2020-03-03,3,0,0.3811333192178621,0.46283806650691967,0.502811,0.3867742,1,0,0,1,0
2020-03-04,4,1,0.5479160493477016,0.5438217301642746,0.8900295,0.54619527,1,1,1,1,1
2020-03-05,4,1,0.4813493023714321,0.458891843397994,0.28422198,0.5472653,1,0,0,0,1
2020-03-06,4,0,0.49473127731879585,0.5079974323317394,0.2611351,0.54261285,1,0,1,0,1
2020-03-07,4,0,0.5558430690687363,0.5832674031297931,0.3956885,0.52467763,1,1,1,0,1
2020-03-08,4,0,0.5873587627425396,0.5914006256383985,0.4572228,0.48429906,1,1,1,0,0
2020-03-09,4,0,0.49865130187842205,0.5389289462767068,0.53808165,0.5099995,1,0,1,1,1
2020-03-10,4,1,0.5157061485120642,0.5122114927758719,0.19120163,0.6066842,1,1,1,0,1
2020-03-11,4,0,0.45913541278496217,0.5122851037023933,0.34309897,0.46077803,1,0,1,0,0
2020-03-12,4,1,0.5900739866345481,0.766934711651791,0.41644102,0.47689003,1,1,1,0,0
2020-03-13,4,0,0.3542420893025866,0.4634170076501982,0.1572214,0.56387734,1,0,0,0,1
2020-03-14,4,1,0.38754724620577485,0.5147568277520356,0.37489396,0.39490417,1,0,1,0,0
2020-03-15,4,0,0.37001601873758333,0.4733202613544728,0.6877844,0.6646906,1,0,0,1,1
2020-03-16,4,1,0.3618724429367608,0.4785973970660748,0.668004,0.45021552,1,0,0,1,0
2020-03-17,4,1,0.3439393442095983,0.4118600695830192,0.36434615,0.37243885,1,0,0,0,0
2020-03-18,4,1,0.3347535745216899,0.4819031486772279,0.3741087,0.52173537,1,0,0,0,1
2020-03-19,4,1,0.23925219252467841,0.3532165759273436,0.592893,0.29950237,1,0,0,1,0
2020-03-20,4,0,0.34167080058545396,0.5164012474928658,0.33708072,0.339555,1,0,1,0,0
2020-03-21,4,0,0.3583670358933205,0.49370508941066715,0.49329954,0.34760806,1,0,0,0,0
2020-03-22,4,1,0.4290164380429559,0.5840738731421099,0.4452275,0.50441545,1,0,1,0,1
2020-03-23,4,1,0.2986573530730156,0.37638318861177394,0.40589026,0.51752555,1,0,0,0,1
2020-03-24,4,0,0.32700411576553,0.4022640507621975,0.34344488,0.52053386,1,0,0,0,1
2020-03-25,4,1,0.3915466240567309,0.5322407948599887,0.75670844,0.33567843,1,0,1,1,0
2020-03-26,4,0,0.4700133102169135,0.5434140742372162,0.6037593,0.4306435,1,0,1,1,0
2020-03-27,4,0,0.5323542646066514,0.5691524107567915,0.32030076,0.54669917,1,1,1,0,1
2020-03-28,4,0,0.5133934228003567,0.5771053878722863,0.3847869,0.46061116,1,1,1,0,0
2020-03-29,4,1,0.5429794673221219,0.5788349334914977,0.552963,0.56496954,1,1,1,1,1
2020-03-30,4,1,0.43606926519146155,0.4085170136876773,0.48631155,0.5508175,1,0,0,0,1
2020-03-31,4,1,0.47134113510966935,0.5123573605526438,0.6636181,0.5327264,1,0,1,1,1
2020-04-01,4,1,0.19556541465351032,0.41726633831847915,0.6889,0.5246875,1,0,0,1,1
2020-04-02,4,0,0.2417989778216273,0.4720478397421568,0.31081697,0.40315026,1,0,0,0,0
2020-04-03,4,1,0.25877535397257245,0.5183994297582692,0.267725,0.22029398,1,0,1,0,0
2020-04-04,4,0,0.22651396865789322,0.42602812863616707,0.26602653,0.20198841,1,0,0,0,0
2020-04-05,4,1,0.2591060875332043,0.4669666910146181,0.33843303,0.26525527,1,0,0,0,0
2020-04-06,4,0,0.2397276916445253,0.4636304159305039,0.22834744,0.23239215,1,0,0,0,0
2020-04-07,4,1,0.29830372242269276,0.49906428849412426,0.76029646,0.29028526,1,0,0,1,0
2020-04-08,4,0,0.27600154829039447,0.4749663857280099,0.5379023,0.17903456,1,0,0,1,0
2020-04-09,4,0,0.2879651288314517,0.4786367189058478,0.43531197,0.2941884,1,0,0,0,0
2020-04-10,4,0,0.342760289474773,0.5466336680538202,0.437443,0.24252369,1,0,1,0,0
2020-04-11,4,1,0.3088680602462411,0.49589529249785713,0.48680675,0.28625745,1,0,0,0,0
2020-04-12,4,0,0.2935676078583602,0.45725511073409164,0.43181938,0.33988062,1,0,0,0,0
2020-04-13,4,0,0.3080304582505353,0.48384965782907047,0.25543827,0.25276396,1,0,0,0,0
2020-04-14,4,0,0.33310221052445504,0.5839100435979131,0.25902894,0.22565655,1,0,1,0,0
2020-04-15,4,1,0.3453107988954374,0.5613455135011498,0.43662933,0.31709754,1,0,1,0,0
2020-04-16,4,0,0.25139768844339716,0.4328554904219892,0.5043468,0.2251181,1,0,0,1,0
2020-04-17,4,1,0.29902409081348325,0.5562968967650082,0.59755784,0.30321604,1,0,1,1,0
2020-04-18,4,0,0.27769339013731165,0.46468838341656626,0.4310166,0.18721414,1,0,0,0,0
2020-04-19,4,0,0.31864940468408065,0.532446085720465,0.30205867,0.27290323,1,0,1,0,0
2020-04-20,4,0,0.33788956771405354,0.5318789019499662,0.20972437,0.23716584,1,0,1,0,0
2020-04-21,4,1,0.2951771648064501,0.44490313735259446,0.22491539,0.26063517,1,0,0,0,0
2020-04-22,4,1,0.26061347308847693,0.44521980328627037,0.27329043,0.30608916,1,0,0,0,0
2020-04-23,4,1,0.2531518236781153,0.441851188211936,0.60728633,0.27729252,1,0,0,1,0
2020-04-24,4,1,0.27126582747509925,0.44203662102972524,0.37352157,0.2249683,1,0,0,0,0
2020-04-25,4,1,0.30644182165495526,0.4705872156021938,0.22427334,0.2427749,1,0,0,0,0
2020-04-26,4,1,0.2768812284220056,0.44611875535777545,0.19314834,0.25350374,1,0,0,0,0
2020-04-27,4,1,0.2746522693583343,0.47814156592697343,0.2385114,0.2581526,1,0,0,0,0
2020-04-28,4,1,0.28362008693874435,0.4590839202224132,0.26910594,0.26427853,1,0,0,0,0
2020-04-29,4,0,0.23356348493887846,0.4517409829345764,0.20782548,0.25127566,1,0,0,0,0
2020-04-30,4,1,0.3115186370415901,0.5199475939235342,0.3109286,0.28304318,1,0,1,0,0
2020-05-01,4,1,0.37255547251682286,0.47074496546467337,0.22863226,0.15891524,1,0,0,0,0
2020-05-02,4,0,0.3436527390502565,0.47079243622438194,0.28727418,0.2913226,1,0,0,0,0
2020-05-03,4,1,0.3941214544476529,0.48677377879339834,0.41249666,0.32640317,1,0,0,0,0
2020-05-04,4,1,0.3658453573207929,0.4387042443410185,0.37899613,0.364187,1,0,0,0,0
2020-05-05,4,1,0.3769416071111714,0.46663717746281963,0.61792827,0.3952752,1,0,0,1,0
2020-05-06,4,1,0.3739403785293388,0.4783944808550612,0.8713389,0.40344974,1,0,0,1,0
2020-05-07,4,0,0.32993551981175717,0.47157672050395794,0.7801671,0.33829945,1,0,0,1,0
2020-05-08,4,0,0.4159402376715046,0.5678825658951461,0.6032506,0.3243291,1,0,1,1,0
2020-05-09,4,0,0.44733764837062384,0.5821260266032465,0.3185917,0.3638377,1,0,1,0,0
2020-05-10,4,0,0.4425834300349345,0.590430925441802,0.36051857,0.36181724,1,0,1,0,0
2020-05-11,4,1,0.40759740401306904,0.5877832904925282,0.4768404,0.43679607,1,0,1,0,0
2020-05-12,4,1,0.34180071073462936,0.45044374852752084,0.5212637,0.5591591,1,0,0,1,1
2020-05-13,4,1,0.3019835230166074,0.48004585778578707,0.7705615,0.30668506,1,0,0,1,0
2020-05-14,4,0,0.30773022689343005,0.45849154437427925,0.21123093,0.24757507,1,0,0,0,0
2020-05-15,4,1,0.3942351117298674,0.4855107206008885,0.3337967,0.31695756,1,0,0,0,0
2020-05-16,4,1,0.3719890985507311,0.4732971917898148,0.17208327,0.32754052,1,0,0,0,0
2020-05-17,4,1,0.33519989188937815,0.4630439534625126,0.48867542,0.44526702,1,0,0,0,0
2020-05-18,4,1,0.3885116239668719,0.4953764135900163,0.8934388,0.3088755,1,0,0,1,0
2020-05-19,4,0,0.3688161541291159,0.4444375211104971,0.78555065,0.38967848,1,0,0,1,0
2020-05-20,4,0,0.4222517391600033,0.5452801698006045,0.4079701,0.30987948,1,0,1,0,0
2020-05-21,4,1,0.41888491781630843,0.542541150787324,0.52447736,0.44046554,1,0,1,1,0
2020-05-22,4,1,0.36085184903943246,0.4303356249657702,0.46926293,0.39948198,1,0,0,0,0
2020-05-23,4,0,0.3758629901168716,0.4626451888968234,0.56060845,0.50327635,1,0,0,1,1
2020-05-24,4,1,0.44703031845501234,0.559468685432083,0.38231677,0.31780708,1,0,1,0,0
2020-05-25,4,0,0.36505705060009896,0.4201314587918039,0.25035784,0.38233107,1,0,0,0,0
2020-05-26,4,1,0.4033603012317009,0.5005889133643417,0.6277816,0.44501162,1,0,1,1,0
2020-05-27,4,1,0.36007562600087895,0.5061473049792425,0.47037783,0.36731058,1,0,1,0,0
2020-05-28,4,0,0.3462541234026365,0.5053474969814449,0.40943784,0.37119788,1,0,1,0,0
2020-05-29,4,1,0.4186434985709633,0.4709706600755087,0.34070823,0.32356954,1,0,0,0,0
2020-05-30,4,0,0.36419172138550404,0.4417930646702326,0.19624807,0.37784603,1,0,0,0,0
2020-05-31,4,1,0.4355593089701196,0.51081633083136,0.35338473,0.34748748,1,0,1,0,0
2020-06-01,4,0,0.3450512942126407,0.399611169321921,0.19519576,0.37204933,1,0,0,0,0
2020-06-02,4,1,0.4375616042825589,0.5015106024000461,0.4422817,0.37195858,1,0,1,0,0
2020-06-03,4,1,0.39254945229193344,0.5828643978384368,0.2316328,0.37763953,1,0,1,0,0
2020-06-04,4,0,0.37886299601926376,0.47553373912207675,0.35250783,0.49474242,1,0,0,0,0
2020-06-05,4,0,0.4463724812191093,0.5707451463834929,0.28879464,0.32911506,1,0,1,0,0
2020-06-06,4,1,0.41815115428080146,0.5618057583068894,0.33732414,0.39291373,1,0,1,0,0
2020-06-07,4,1,0.3776883708861389,0.513174061882749,0.25673002,0.33206585,1,0,1,0,0
2020-06-08,4,1,0.39121509126528276,0.5696546274149024,0.31651926,0.39371595,1,0,1,0,0
2020-06-09,4,1,0.39088013417739265,0.5087277142746928,0.2849452,0.40118814,1,0,1,0,0
2020-06-10,4,0,0.39317788367411644,0.5233895502103318,0.23444198,0.38226074,1,0,1,0,0
2020-06-11,4,1,0.4093334571024694,0.47286211741087136,0.22816762,0.37730315,1,0,0,0,0
2020-06-12,4,0,0.3590154069800899,0.4349840411711132,0.1301341,0.30699673,1,0,0,0,0
2020-06-13,4,0,0.34802888500889123,0.47522209057842546,0.1712215,0.5219493,1,0,0,0,1
2020-06-14,4,1,0.3802570460890147,0.4760346144637254,0.17165488,0.24346694,1,0,0,0,0
2020-06-15,4,1,0.3668306777681706,0.4393852617069105,0.20087183,0.3981424,1,0,0,0,0
2020-06-16,4,0,0.3924957958181215,0.4454975283486929,0.62894064,0.3808457,1,0,0,1,0
2020-06-17,4,0,0.399816107378776,0.43794000195357563,0.8111522,0.4006072,1,0,0,1,0
2020-06-18,4,0,0.41424061697954356,0.44051937101074473,0.4107366,0.34528664,1,0,0,0,0
2020-06-19,4,1,0.4442426593918262,0.5166426206854013,0.38522416,0.41424668,1,0,1,0,0
2020-06-20,4,0,0.4065311845215255,0.4597685078991307,0.39201954,0.3663502,1,0,0,0,0
2020-06-21,4,1,0.44150173172356894,0.5718514821226691,0.39983907,0.40859023,1,0,1,0,0
2020-06-22,4,0,0.3668072798143296,0.45941139920591745,0.41982427,0.34711683,1,0,0,0,0
2020-06-23,4,0,0.396918455247603,0.531380970376014,0.35600105,0.37719724,1,0,1,0,0
2020-06-24,4,0,0.42410149639063394,0.4946241943771069,0.2953606,0.37620282,1,0,0,0,0
2020-06-25,4,0,0.3973497225282853,0.45875406477560504,0.3187355,0.3513784,1,0,0,0,0
2020-06-26,4,0,0.3906230469534037,0.45552221441102864,0.3038319,0.4725153,1,0,0,0,0
2020-06-27,4,1,0.394732827430823,0.49385579756484715,0.24441516,0.25263396,1,0,0,0,0
2020-06-28,4,1,0.3560006500364544,0.4315265840480702,0.14793377,0.41649616,1,0,0,0,0
2020-06-29,4,0,0.36935304629570725,0.43271034464991026,0.4213832,0.36633497,1,0,0,0,0
2020-06-30,4,1,0.4101945567363496,0.4437034130027747,0.60826814,0.37386227,1,0,0,1,0
2020-07-01,4,0,0.5888467140477891,0.5794588731003723,0.315123,0.3818229,1,1,1,0,0
2020-07-02,4,0,0.6077061610986166,0.6043814718855772,0.48167932,0.42567742,1,1,1,0,0
2020-07-03,4,1,0.6187022402636586,0.5843043204965587,0.5948321,0.54024327,1,1,1,1,1
2020-07-04,4,0,0.588222881592976,0.5609187561565966,0.5506774,0.56663257,1,1,1,1,1
2020-07-05,4,1,0.5908008575848003,0.56284838825441,0.39419258,0.58023626,1,1,1,0,1
2020-07-06,4,0,0.5707409954935021,0.5607562813868939,0.27700773,0.6222776,1,1,1,0,1
2020-07-07,4,1,0.6098094080286496,0.5971075793797491,0.3313941,0.49561682,1,1,1,0,0
2020-07-08,4,0,0.5839695178735208,0.6233062546737789,0.7526669,0.6649199,1,1,1,1,1
2020-07-09,4,1,0.6310087270111072,0.5823655792477987,0.6334844,0.6158112,1,1,1,1,1
2020-07-10,4,0,0.5878309498579124,0.6005185080073623,0.83085096,0.7048136,1,1,1,1,1
2020-07-11,4,1,0.6233621056161867,0.6244218249763245,0.8509997,0.6601083,1,1,1,1,1
2020-07-12,4,0,0.6059417293347901,0.611997347088633,0.7775394,0.5016882,1,1,1,1,1
2020-07-13,4,0,0.6219227071928932,0.6093498015891512,0.632231,0.5992512,1,1,1,1,1
2020-07-14,4,0,0.6043319378236419,0.7114350382180855,0.7437274,0.70213497,1,1,1,1,1
2020-07-15,4,0,0.6393793238008448,0.6583259213266718,0.77777123,0.8135508,1,1,1,1,1
2020-07-16,4,1,0.6148173106256524,0.5967499557768656,0.7630805,0.8499959,1,1,1,1,1
2020-07-17,4,1,0.5952330449034963,0.6058762323695402,0.75028676,0.8457908,1,1,1,1,1
2020-07-18,4,1,0.6097354070466354,0.6053702920852151,0.7669786,0.68845004,1,1,1,1,1
2020-07-19,4,0,0.577903169548273,0.5808578005570382,0.4707627,0.69627094,1,1,1,0,1
2020-07-20,4,1,0.6337283458920724,0.6394042912700492,0.39947912,0.7181764,1,1,1,0,1
2020-07-21,4,1,0.5784124309824453,0.5850562692917858,0.6571491,0.7030848,1,1,1,1,1
2020-07-22,4,1,0.57527679027899,0.623599651446381,0.48197106,0.6903094,1,1,1,0,1
2020-07-23,4,0,0.5803256476209471,0.5491285445115254,0.39986748,0.72655004,1,1,1,0,1
2020-07-24,4,1,0.602522916590094,0.5560201642911433,0.48279598,0.7110779,1,1,1,0,1
2020-07-25,4,1,0.5627258327134347,0.5121840316395398,0.8012754,0.76902497,1,1,1,1,1
2020-07-26,4,1,0.5685502828455271,0.5285259905796438,0.6781518,0.72461176,1,1,1,1,1
2020-07-27,4,0,0.49027575015216124,0.47199377814557264,0.5388608,0.6407766,1,0,0,1,1
2020-07-28,4,1,0.5425384761911228,0.6040271565774558,0.42634204,0.5817388,1,1,1,0,1
2020-07-29,4,1,0.573013629439368,0.5529585759712673,0.8315963,0.60899746,1,1,1,1,1
2020-07-30,4,1,0.551979032486119,0.5720838964493632,0.880823,0.56314874,1,1,1,1,1
2020-07-31,4,1,0.5721903056000248,0.5657434040853473,0.7073573,0.5897811,1,1,1,1,1
2020-08-01,4,0,0.5436018348366239,0.5295988143312745,0.5768898,0.46336347,1,1,1,1,0
2020-08-02,4,1,0.6590021610396758,0.5269142236741078,0.6223174,0.6103058,1,1,1,1,1
2020-08-03,4,0,0.6035053449526554,0.6245621455470488,0.76871306,0.69690824,1,1,1,1,1
2020-08-04,4,1,0.6019064668966225,0.6048383027888355,0.5949343,0.6657287,1,1,1,1,1
2020-08-05,4,1,0.5514954038149714,0.6370448234358117,0.76699495,0.6998821,1,1,1,1,1
2020-08-06,4,0,0.5927352223248697,0.6313010763979515,0.68221164,0.7260086,1,1,1,1,1
2020-08-07,4,1,0.6004827994021392,0.5439963594176407,0.7071003,0.84217495,1,1,1,1,1
2020-08-08,4,0,0.5591737200656599,0.5860237964465246,0.8477869,0.8622085,1,1,1,1,1
2020-08-09,4,1,0.5734416927949699,0.5583829625666998,0.8948303,0.67865896,1,1,1,1,1
2020-08-10,4,0,0.5903666418488407,0.6140779832373505,0.7834676,0.6610494,1,1,1,1,1
2020-08-11,4,1,0.6024525598678243,0.6318843026157563,0.6095492,0.6430126,1,1,1,1,1
2020-08-12,4,1,0.5799491442752289,0.6197340822224979,0.6707597,0.7067188,1,1,1,1,1
2020-08-13,4,0,0.5408983810164765,0.5486132026327388,0.1895264,0.49664792,1,1,1,0,0
2020-08-14,4,1,0.6015325630726066,0.5862292464201462,0.4786417,0.58925617,1,1,1,0,1
2020-08-15,4,1,0.5780882013351546,0.5607194055295962,0.6280818,0.6548521,1,1,1,1,1
2020-08-16,4,1,0.5611284788360775,0.5672148450730454,0.84598047,0.7011845,1,1,1,1,1
2020-08-17,4,0,0.5593628151960149,0.5448374877456476,0.8658343,0.6822999,1,1,1,1,1
2020-08-18,4,0,0.6287309207584562,0.6215679430192391,0.4856315,0.48106614,1,1,1,0,0
2020-08-19,4,1,0.6222942987531898,0.5730733654072625,0.72709024,0.697262,1,1,1,1,1
2020-08-20,4,0,0.5637566062861523,0.5203267402393088,0.40657315,0.60635376,1,1,1,0,1
2020-08-21,4,1,0.6283571760608453,0.6004796768438073,0.56911534,0.62739605,1,1,1,1,1
2020-08-22,4,0,0.561329519444602,0.5620994025555144,0.8242926,0.5422124,1,1,1,1,1
2020-08-23,4,1,0.5743333525965091,0.5740178351437436,0.7922724,0.6322618,1,1,1,1,1
2020-08-24,4,0,0.5753207100693509,0.5791800940644624,0.66808414,0.45369774,1,1,1,1,0
2020-08-25,4,1,0.6228272078276762,0.5952084000362983,0.5738782,0.4719547,1,1,1,1,0
2020-08-26,4,0,0.5971178011390808,0.6646366640387218,0.645771,0.65009826,1,1,1,1,1
2020-08-27,4,1,0.6188782862449911,0.6127612507745789,0.3256424,0.49627554,1,1,1,0,0
2020-08-28,4,0,0.5776590325516572,0.66133054501469,0.69798905,0.684177,1,1,1,1,1
2020-08-29,4,1,0.6141078457072524,0.6061019748917674,0.6568987,0.54319304,1,1,1,1,1
2020-08-30,4,0,0.5723147293647174,0.5931041138316471,0.8658813,0.745236,1,1,1,1,1
2020-08-31,4,1,0.6046005738136013,0.6058088814985413,0.8464975,0.715905,1,1,1,1,1
2020-09-01,4,0,0.5917485874602224,0.6422835655061173,0.7481156,0.7673888,1,1,1,1,1
2020-09-02,4,0,0.6532634247881584,0.5500897693485018,0.46700212,0.6869673,1,1,1,0,1
2020-09-03,4,1,0.638977218779477,0.5909353943157272,0.8581689,0.71166736,1,1,1,1,1
2020-09-04,4,0,0.5376727929795987,0.5703851590999682,0.23682928,0.6094509,1,1,1,0,1
2020-09-05,4,1,0.5506810365306316,0.5581673541557608,0.3378926,0.42579946,1,1,1,0,0
2020-09-06,4,1,0.5160121395530376,0.5173123984437864,0.7847584,0.72371584,1,1,1,1,1
2020-09-07,4,0,0.4921263829685523,0.5148624414292641,0.83406436,0.62367463,1,0,1,1,1
2020-09-08,4,1,0.5047031076294413,0.5222914683596176,0.5501972,0.6045267,1,1,1,1,1
2020-09-09,4,1,0.5061678208032806,0.5264685154305679,0.25990617,0.4504592,1,1,1,0,0
2020-09-10,4,1,0.49538333574044424,0.5031513520319444,0.6157877,0.60892385,1,0,1,1,1
2020-09-11,4,1,0.4717022055500859,0.48332885089488997,0.45927614,0.4123119,1,0,0,0,0
2020-09-12,4,0,0.49832055789494556,0.5115313022171729,0.18148503,0.51957893,1,0,1,0,1
2020-09-13,4,1,0.5264373943764721,0.5782351612971842,0.48335955,0.5354155,1,1,1,0,1
2020-09-14,4,1,0.4883728073129581,0.4441895691002698,0.5015181,0.41772544,1,0,0,1,0
2020-09-15,4,1,0.5192549716225151,0.5267982637603911,0.4755547,0.60224116,1,1,1,0,1
2020-09-16,4,0,0.5040796619595035,0.5021873675210169,0.29020455,0.49837705,1,1,1,0,0
2020-09-17,4,0,0.5263240964946807,0.5480557598736783,0.1934396,0.42474803,1,1,1,0,0
2020-09-18,4,1,0.5346698473180428,0.5430453866239424,0.258623,0.47186476,1,1,1,0,0
2020-09-19,4,0,0.5119654289388085,0.5119315797333783,0.36755455,0.5014456,1,1,1,0,1
2020-09-20,4,0,0.5587246740402492,0.5844677170474698,0.42728293,0.51570165,1,1,1,0,1
2020-09-21,4,1,0.5916418651840769,0.5820678086485139,0.52406955,0.50248414,1,1,1,1,1
2020-09-22,4,0,0.5116769099271715,0.5370351448908304,0.52510273,0.5890225,1,1,1,1,1
2020-09-23,4,1,0.560239284435029,0.6146755826082099,0.7504263,0.6334086,1,1,1,1,1
2020-09-24,4,0,0.45937390199855005,0.48076421227906,0.52835476,0.5486917,1,0,0,1,1
2020-09-25,4,1,0.5196995911333417,0.5119576474934874,0.8091493,0.6008939,1,1,1,1,1
2020-09-26,4,1,0.5112251170427053,0.49995689178911124,0.67615974,0.61068183,1,1,0,1,1
2020-09-27,4,0,0.5079464691887436,0.4978794185078126,0.33263937,0.5142189,1,1,0,0,1
2020-09-28,4,1,0.5968395440540164,0.5595864902303334,0.32140762,0.50919175,1,1,1,0,1
2020-09-29,4,0,0.5252701751490666,0.5159552620523858,0.6381356,0.49765015,1,1,1,1,0
2020-09-30,4,0,0.5553024025105036,0.5621219267080162,0.46875703,0.58422834,1,1,1,0,1
2020-10-01,4,0,0.5882682797930999,0.5665341586004333,0.30583906,0.57275456,1,1,1,0,1
2020-10-02,4,0,0.5473983597589788,0.5569653926718613,0.5800169,0.5517151,1,1,1,1,1
2020-10-03,4,1,0.5636334951544695,0.5574445835113222,0.42044166,0.6347687,1,1,1,0,1
2020-10-04,4,1,0.5323518002624749,0.55352090514025,0.48918146,0.60122466,1,1,1,0,1
2020-10-05,4,0,0.5641220999290731,0.6051691614204594,0.24922535,0.6380426,1,1,1,0,1
2020-10-06,4,1,0.5938706504062484,0.5858388060800422,0.2246823,0.5228776,1,1,1,0,1
2020-10-07,4,1,0.5846443017116048,0.6131269241612554,0.67061484,0.6513629,1,1,1,1,1
2020-10-08,4,1,0.5917065105708927,0.6129966323752915,0.54191864,0.57401997,1,1,1,1,1
2020-10-09,4,1,0.6074336552914438,0.6813617972177662,0.39873692,0.5616732,1,1,1,0,1
2020-10-10,4,1,0.6146808666947143,0.6390383480924993,0.40326077,0.7637478,1,1,1,0,1
2020-10-11,4,1,0.6058977405084612,0.6613789662849499,0.48648438,0.85318255,1,1,1,0,1
2020-10-12,4,0,0.623741415509427,0.6754968004651325,0.74511206,0.9004659,1,1,1,1,1
2020-10-13,4,1,0.6350295514530733,0.603014316416592,0.8756054,0.88843626,1,1,1,1,1
2020-10-14,4,1,0.6182986374070203,0.6068744255840988,0.94606435,0.9058928,1,1,1,1,1
2020-10-15,4,0,0.5929121854593683,0.5803464776029901,0.8553412,0.8337419,1,1,1,1,1
2020-10-16,4,1,0.6302362758602104,0.6063007978384076,0.7082916,0.73963505,1,1,1,1,1
2020-10-17,4,1,0.5890014182166465,0.5895909884052837,0.7198536,0.73056555,1,1,1,1,1
2020-10-18,4,1,0.5578506573002611,0.5729163198441026,0.7027039,0.6011785,1,1,1,1,1
2020-10-19,4,1,0.5522071036408265,0.5004850260244367,0.50670296,0.5475785,1,1,1,1,1
2020-10-20,4,1,0.5664051694658985,0.5297629066305694,0.41705644,0.5375335,1,1,1,0,1
2020-10-21,4,1,0.5210608821014371,0.5571477502771489,0.44849983,0.6377198,1,1,1,0,1
2020-10-22,4,0,0.5624028854077482,0.5398209265221545,0.46615866,0.59260345,1,1,1,0,1
2020-10-23,4,1,0.5617342990977013,0.543798038956686,0.5479582,0.7381801,1,1,1,1,1
2020-10-24,4,0,0.5411162936437509,0.5360168242148444,0.818923,0.6490409,1,1,1,1,1
2020-10-25,4,1,0.6050723777389353,0.5623103949898733,0.6107472,0.5236105,1,1,1,1,1
2020-10-26,4,1,0.5419913163071578,0.5348735110217743,0.89551896,0.58494765,1,1,1,1,1
2020-10-27,4,0,0.5015702312070575,0.5044588771684932,0.60245043,0.5306006,1,1,1,1,1
2020-10-28,4,1,0.5192650069190876,0.5842209691716144,0.61682314,0.62409854,1,1,1,1,1
2020-10-29,4,1,0.5032455028096895,0.5431207023161658,0.60844296,0.44411135,1,1,1,1,0
2020-10-30,4,1,0.4700705298414439,0.5157385159936273,0.8695783,0.6269464,1,0,1,1,1
2020-10-31,4,0,0.5044913216520266,0.5737961012339511,0.5007517,0.42100543,1,1,1,1,0
2020-11-01,4,0,0.5158580548329895,0.5804023009829812,0.37409523,0.48077676,1,1,1,0,0
2020-11-02,4,1,0.5206927659098605,0.5491623154882886,0.38855815,0.40230674,1,1,1,0,0
2020-11-03,4,1,0.4801568293061124,0.49181215420737656,0.4604028,0.5258234,1,0,0,0,1
2020-11-04,4,1,0.5292263452229428,0.5386699056761647,0.4053854,0.5535041,1,1,1,0,1
2020-11-05,4,0,0.4865921914647674,0.5500529356794045,0.44611576,0.5464105,1,0,1,0,1
2020-11-06,4,0,0.5616925068680387,0.5625963962951848,0.4044638,0.4597601,1,1,1,0,0
2020-11-07,4,1,0.6120783092092914,0.5978394263537311,0.7681874,0.54555434,1,1,1,1,1
2020-11-08,4,0,0.5301010749154915,0.5333658018604506,0.6030672,0.60995626,1,1,1,1,1
2020-11-09,4,0,0.5585437966667527,0.5378830266093665,0.8078568,0.6340701,1,1,1,1,1
2020-11-10,4,1,0.5603955166875682,0.54875809232939,0.8554327,0.6555506,1,1,1,1,1
2020-11-11,4,1,0.5482881736717186,0.5589556127061165,0.6886209,0.5783791,1,1,1,1,1
2020-11-12,4,1,0.49978260378010275,0.5187769694859117,0.6818624,0.5981591,1,0,1,1,1
2020-11-13,4,0,0.544277890834903,0.546582375685141,0.4708862,0.5396262,1,1,1,0,1
2020-11-14,4,0,0.5657475785626181,0.5586062869602313,0.50827754,0.59822106,1,1,1,1,1
2020-11-15,4,1,0.5743058592792235,0.5538389828350947,0.59697914,0.52128816,1,1,1,1,1
2020-11-16,4,1,0.5196488240617093,0.530525117904556,0.8311212,0.65179366,1,1,1,1,1
2020-11-17,4,1,0.5032047312059854,0.5612828508803598,0.8900837,0.57336843,1,1,1,1,1
2020-11-18,4,1,0.5586836540361532,0.582030459291071,0.7783077,0.57706153,1,1,1,1,1
2020-11-19,4,1,0.5702211691822641,0.5620854040389826,0.84558797,0.6427793,1,1,1,1,1
2020-11-20,4,1,0.5175272313113756,0.502758505605445,0.67266697,0.67719793,1,1,1,1,1
2020-11-21,4,0,0.5825446653736343,0.5820502372318249,0.6781866,0.64161885,1,1,1,1,1
2020-11-22,4,0,0.5666207817859088,0.5486015608534918,0.6896386,0.671542,1,1,1,1,1
2020-11-23,4,1,0.5877206320461249,0.5603032199347538,0.33065006,0.5714425,1,1,1,0,1
2020-11-24,4,0,0.5441531796703291,0.6004947437926621,0.42560712,0.5229617,1,1,1,0,1
2020-11-25,4,0,0.6214748438493922,0.5877533655758523,0.4791796,0.5903658,1,1,1,0,1
2020-11-26,4,0,0.6262821884967821,0.6218760083509716,0.88674486,0.71800804,1,1,1,1,1
2020-11-27,4,1,0.5665502288515473,0.5729758535423508,0.43715513,0.7065464,1,1,1,0,1
2020-11-28,4,1,0.5088828573015647,0.5196946175466983,0.2843544,0.52727836,1,1,1,0,1
2020-11-29,4,1,0.5076958662430662,0.520158295332218,0.47638315,0.5879846,1,1,1,0,1
2020-11-30,4,0,0.47378256807349867,0.46491537220518475,0.47727373,0.6066863,1,0,0,0,1
2020-12-01,4,1,0.5834529135370785,0.5824299287428572,0.52655715,0.39307696,1,1,1,1,0
2020-12-02,4,1,0.5253404550638058,0.49636764331661154,0.5359424,0.58984107,1,1,0,1,1
2020-12-03,4,0,0.532180639567742,0.5375536368895717,0.7053513,0.570118,1,1,1,1,1
2020-12-04,4,1,0.6360359163345823,0.5605172848315285,0.41300228,0.5132087,1,1,1,0,1
2020-12-05,4,1,0.5366918148603234,0.6043560701162051,0.6423006,0.67800283,1,1,1,1,1
2020-12-06,4,0,0.5355149096781053,0.5737579131363943,0.8531045,0.6697552,1,1,1,1,1
2020-12-07,4,0,0.5651595704779979,0.5805753371918798,0.819028,0.5582987,1,1,1,1,1
2020-12-08,4,1,0.6135432770259986,0.6104082940012077,0.550644,0.5759991,1,1,1,1,1
2020-12-09,4,0,0.5244499383191676,0.5096962652202439,0.74380946,0.690089,1,1,1,1,1
2020-12-10,4,0,0.5579022031029811,0.5367817076734422,0.793218,0.6357527,1,1,1,1,1
2020-12-11,4,1,0.5504223695482308,0.5285976219748916,0.6139232,0.6423757,1,1,1,1,1
2020-12-12,4,1,0.5182956892657832,0.5058347917598675,0.4870052,0.6221486,1,1,1,0,1
2020-12-13,4,1,0.5319199912691307,0.511448682213011,0.6057363,0.55771995,1,1,1,1,1
2020-12-14,4,1,0.5405161307518979,0.5242442098012202,0.59351027,0.6817473,1,1,1,1,1
2020-12-15,4,1,0.5652745013316497,0.5584212437081102,0.47712818,0.6151242,1,1,1,0,1
2020-12-16,4,1,0.49878259513048284,0.4778064609030093,0.32247755,0.46849337,1,0,0,0,0
2020-12-17,4,1,0.5200330205207083,0.5925896818572407,0.3615994,0.50534594,1,1,1,0,1
2020-12-18,4,1,0.5396194968072937,0.5484285608819185,0.31809366,0.5972516,1,1,1,0,1
2020-12-19,4,0,0.5485407611868476,0.567249059132569,0.36893123,0.6524475,1,1,1,0,1
2020-12-20,4,0,0.6000396743893976,0.5713345354810171,0.4672143,0.73220444,1,1,1,0,1
2020-12-21,4,1,0.6029434784872921,0.5637907787694472,0.31207997,0.70189214,1,1,1,0,1
2020-12-22,4,0,0.5264792135391171,0.49962863265488794,0.60005283,0.6515592,1,1,0,1,1
2020-12-23,4,1,0.5954046909031708,0.5692103259376475,0.8753129,0.6276538,1,1,1,1,1
2020-12-24,4,1,0.5331174646870934,0.514292638396131,0.91353357,0.6631708,1,1,1,1,1
2020-12-25,4,1,0.5171461686536377,0.511747901657094,0.84690875,0.63183653,1,1,1,1,1
2020-12-26,4,0,0.5020330253566847,0.5460296774832165,0.7631142,0.5090713,1,1,1,1,1
2020-12-27,4,1,0.5893046796402519,0.5852242062477822,0.7135804,0.53138447,1,1,1,1,1
2020-12-28,4,1,0.5555707719774927,0.577053519597335,0.8495015,0.67440075,1,1,1,1,1
2020-12-29,4,1,0.5300446559766241,0.552462780405848,0.94644296,0.7488291,1,1,1,1,1
2020-12-30,4,1,0.5315627058909204,0.5321832082956918,0.8895262,0.7456089,1,1,1,1,1
2020-12-31,4,1,0.5709227348689903,0.6553588379694583,0.75984204,0.64674485,1,1,1,1,1
2021-01-01,4,1,0.5783811939815704,0.5709267006804454,0.8181712,0.7137229,1,1,1,1,1
2021-01-02,4,1,0.5198111427182379,0.5458975275570994,0.6835702,0.77171993,1,1,1,1,1
2021-01-03,4,0,0.5714101256761747,0.5543023824075665,0.76842284,0.749415,1,1,1,1,1
2021-01-04,4,1,0.5452991802322533,0.5473489103690551,0.9264516,0.79925334,1,1,1,1,1
2021-01-05,4,1,0.5162178874440783,0.5133475884532256,0.2724356,0.5232738,1,1,1,0,1
2021-01-06,4,1,0.48679126385090926,0.5837884599048325,0.12533616,0.5657096,1,0,1,0,1
2021-01-07,4,1,0.5411129058023257,0.6188388211242591,0.22210126,0.57723504,1,1,1,0,1
2021-01-08,4,0,0.5687306474368937,0.5694259684235474,0.14643703,0.5828716,1,1,1,0,1
2021-01-09,4,0,0.6085671951646393,0.5307106439761785,0.20799705,0.713447,1,1,1,0,1
2021-01-10,4,0,0.6208243677769292,0.5617803590376854,0.4367578,0.8816652,1,1,1,0,1
2021-01-11,4,0,0.5939111528797052,0.6242064704743921,0.8560021,0.79798096,1,1,1,1,1
2021-01-12,4,1,0.6109974874257009,0.629935467782866,0.42160115,0.55486965,1,1,1,0,1
2021-01-13,4,1,0.46672516589079666,0.43125762193796197,0.38037297,0.42238957,1,0,0,0,0
2021-01-14,4,0,0.4724841066635718,0.49274452966993976,0.800933,0.5300558,1,0,0,1,1
2021-01-15,4,0,0.5407832675836693,0.5701141783928043,0.6260679,0.701896,1,1,1,1,1
2021-01-16,4,0,0.5555388056581815,0.5602539021800159,0.62116957,0.4919659,1,1,1,1,0
2021-01-17,4,1,0.5035396585054568,0.506598788873425,0.8169576,0.62324286,1,1,1,1,1
2021-01-18,4,0,0.48402780551853997,0.4988264542466832,0.6702048,0.66050786,1,0,0,1,1
2021-01-19,4,0,0.5900487254383618,0.5825493445372937,0.2427829,0.61581475,1,1,1,0,1
2021-01-20,4,0,0.5719174534532786,0.5557620044261514,0.67689633,0.5811634,1,1,1,1,1
2021-01-21,4,1,0.6561816356103478,0.6414838445009076,0.9146874,0.62878263,1,1,1,1,1
2021-01-22,4,0,0.49685055516608634,0.5119886293787683,0.7946375,0.46937212,1,0,1,1,0
2021-01-23,4,1,0.5378271428492615,0.5886518463954444,0.63847584,0.48279348,1,1,1,1,0
2021-01-24,4,1,0.5129111956937366,0.5723348666146972,0.86702365,0.7270849,1,1,1,1,1
2021-01-25,4,1,0.5541712714491022,0.5888323855790972,0.84763485,0.6735182,1,1,1,1,1
2021-01-26,4,0,0.4931571186617818,0.517142165553234,0.5164642,0.6365873,1,0,1,1,1
2021-01-27,4,1,0.5334695917706513,0.5573980488029444,0.17209041,0.61921257,1,1,1,0,1
2021-01-28,4,1,0.4286229422808585,0.42331589096309247,0.12653974,0.5025125,1,0,0,0,1
2021-01-29,4,0,0.450308429309813,0.4699063318431043,0.7573607,0.5674469,1,0,0,1,1
2021-01-30,4,0,0.4547585675025764,0.507251233278104,0.5229446,0.40466103,1,0,1,1,0
2021-01-31,4,1,0.498192740238082,0.5240959672844633,0.27379018,0.46770224,1,0,1,0,0
2021-02-01,4,1,0.5033494621624363,0.49546687476207907,0.19168626,0.47594133,1,1,0,0,0
2021-02-02,4,1,0.46439947273037857,0.4978703276604037,0.7040637,0.6025637,1,0,0,1,1
2021-02-03,4,0,0.4455485450626289,0.4889765117457114,0.7833814,0.5762292,1,0,0,1,1
2021-02-04,4,1,0.577998348631338,0.590665458534054,0.37597722,0.518354,1,1,1,0,1
2021-02-05,4,1,0.5265216532636215,0.584111263992461,0.56955487,0.55278087,1,1,1,1,1
2021-02-06,4,0,0.5563226830111098,0.5825369665587026,0.82437384,0.596148,1,1,1,1,1
2021-02-07,4,1,0.5557633806158606,0.574386489714592,0.8721967,0.61317444,1,1,1,1,1
2021-02-08,4,1,0.41289984422863296,0.47306214621221776,0.84509474,0.6272408,1,0,0,1,1
2021-02-09,4,0,0.5190378492178177,0.5594273472237106,0.69168144,0.53890544,1,1,1,1,1
2021-02-10,4,1,0.5801280791376361,0.5843158753169222,0.7986601,0.5516135,1,1,1,1,1
2021-02-11,4,0,0.4992773967952332,0.5401983609226898,0.75715834,0.4282504,1,0,1,1,0
2021-02-12,4,0,0.5483974963688737,0.5779324141283901,0.5793268,0.60420805,1,1,1,1,1
2021-02-13,4,1,0.5623055905113347,0.5335088342547882,0.8108422,0.5472889,1,1,1,1,1
2021-02-14,4,0,0.5230179099702129,0.5305952364221385,0.65075356,0.5339578,1,1,1,1,1
2021-02-15,4,1,0.535106439285137,0.5657557550075182,0.5224121,0.5668291,1,1,1,1,1
2021-02-16,4,1,0.5176665480113268,0.5047920019959689,0.41737044,0.53749746,1,1,1,0,1
2021-02-17,4,0,0.46630374484395204,0.5383051090489918,0.5511149,0.532028,1,0,1,1,1
2021-02-18,4,1,0.5230529657112439,0.5290325860462117,0.7156402,0.42098266,1,1,1,1,0
2021-02-19,4,1,0.44364907151853206,0.4070707479233669,0.8386323,0.5034536,1,0,0,1,1
2021-02-20,4,1,0.5052261693613243,0.5382951156074265,0.55354965,0.5127235,1,1,1,1,1
2021-02-21,4,0,0.49594786060691565,0.513346470490312,0.8088117,0.45666853,1,0,1,1,0
2021-02-22,4,0,0.5472267290528302,0.5602737140541391,0.7577584,0.39281294,1,1,1,1,0
2021-02-23,4,1,0.5852041537594522,0.6298427416536727,0.34250295,0.45499164,1,1,1,0,0
2021-02-24,4,0,0.5273384949619904,0.5663063231654537,0.23325935,0.5174526,1,1,1,0,1
2021-02-25,4,0,0.5667459173726646,0.5223016996675356,0.33793902,0.43032497,1,1,1,0,0
2021-02-26,4,0,0.49231192630952714,0.5059192273841784,0.6259939,0.17642014,1,0,1,1,0
2021-02-27,4,0,0.49298214928998524,0.5364326266712417,0.7085849,0.62364835,1,0,1,1,1
2021-02-28,4,1,0.47715325820161497,0.5059727248475875,0.76284814,0.65585035,1,0,1,1,1
2021-03-01,4,0,0.40171114617871895,0.43384303806402413,0.6370312,0.4778408,1,0,0,1,0
2021-03-02,4,1,0.47601860872244395,0.5365462098296107,0.63903815,0.4232557,1,0,1,1,0
2021-03-03,4,0,0.44214953560659204,0.47582887170293814,0.80375254,0.6000951,1,0,0,1,1
2021-03-04,4,1,0.46866278902315245,0.569434800093334,0.61740124,0.40237904,1,0,1,1,0
2021-03-05,4,0,0.4554680192915789,0.5013516013609361,0.22781618,0.3402897,1,0,1,0,0
2021-03-06,4,1,0.4479349184765181,0.5167483923896647,0.21015127,0.6004945,1,0,1,0,1
2021-03-07,4,1,0.4289668331897031,0.491546156300363,0.35261422,0.4702861,1,0,0,0,0
2021-03-08,4,1,0.43494032246807957,0.5537258924675345,0.37224406,0.42601052,1,0,1,0,0
2021-03-09,4,1,0.45743483800860457,0.5542123329916361,0.41606098,0.56287736,1,0,1,0,1
2021-03-10,4,1,0.5036277243759986,0.5966009635467955,0.43618742,0.46828875,1,1,1,0,0
2021-03-11,4,0,0.5080111936431653,0.6386953977817513,0.408773,0.51766783,1,1,1,0,1
2021-03-12,4,1,0.5414583327991379,0.5688473385126573,0.40766963,0.45509964,1,1,1,0,0
2021-03-13,4,0,0.4952769601007329,0.5585338029077984,0.38577026,0.48415226,1,0,1,0,0
2021-03-14,4,0,0.6017606136294122,0.5621198221360992,0.49214122,0.45021358,1,1,1,0,0
2021-03-15,4,1,0.6170486384880793,0.6082563574057636,0.84627265,0.505389,1,1,1,1,1
2021-03-16,4,1,0.5262616495281534,0.544829470180476,0.5712101,0.6024845,1,1,1,1,1
2021-03-17,4,0,0.5098242034645608,0.541007491882548,0.22156203,0.5842181,1,1,1,0,1
2021-03-18,4,1,0.5345009441313286,0.539149655268551,0.4454432,0.4180306,1,1,1,0,0
2021-03-19,4,0,0.539147479212189,0.5472185829134737,0.4562444,0.5678515,1,1,1,0,1
2021-03-20,4,0,0.5712594958149563,0.5993071156141889,0.36483455,0.41781938,1,1,1,0,0
2021-03-21,4,0,0.541106995174369,0.5173446726075955,0.8918221,0.6093073,1,1,1,1,1
2021-03-22,4,1,0.5944245477661791,0.5534431628966735,0.83510464,0.58592445,1,1,1,1,1
2021-03-23,4,0,0.5417978100694784,0.5048937355741266,0.6159317,0.59888196,1,1,1,1,1
2021-03-24,4,0,0.5509296155847665,0.5679888486397413,0.26591077,0.64659667,1,1,1,0,1
2021-03-25,4,1,0.5354022647018499,0.532069519510285,0.7408679,0.5671531,1,1,1,1,1
2021-03-26,4,1,0.46367303359340756,0.4525566799680851,0.6698431,0.6406938,1,0,0,1,1
2021-03-27,4,0,0.4971372604414837,0.5411892018413855,0.656157,0.44013298,1,0,1,1,0
2021-03-28,4,1,0.5236853124429276,0.5422912624297447,0.52151155,0.60515517,1,1,1,1,1
2021-03-29,4,1,0.5009236193647494,0.5593129114136994,0.38664734,0.38036528,1,1,1,0,0
2021-03-30,4,1,0.5063701313766867,0.5419260317774315,0.39250827,0.40550777,1,1,1,0,0
2021-03-31,4,1,0.5466170552268412,0.54761824303165,0.37455976,0.4531227,1,1,1,0,0
2021-04-01,4,1,0.5710578235533941,0.575892972267185,0.40849674,0.45134374,1,1,1,0,0
2021-04-02,4,0,0.5818177605785314,0.5653134860632002,0.79073215,0.5066574,1,1,1,1,1
2021-04-03,4,1,0.6112952775885366,0.569959529900515,0.8195746,0.6131932,1,1,1,1,1
2021-04-04,4,1,0.5337246052303742,0.5304887751139353,0.6490688,0.68767446,1,1,1,1,1
2021-04-05,4,0,0.5801209007780634,0.6510950622364482,0.78313583,0.6626246,1,1,1,1,1
2021-04-06,4,0,0.6042299004855528,0.5975379235519853,0.7613688,0.5554303,1,1,1,1,1
2021-04-07,4,1,0.6209420294936181,0.5972956877125912,0.71009845,0.6670913,1,1,1,1,1
2021-04-08,4,0,0.550099053742998,0.6139810616938631,0.5537492,0.6941065,1,1,1,1,1
2021-04-09,4,1,0.6092298069815825,0.6674618185903425,0.74657714,0.567214,1,1,1,1,1
2021-04-10,4,1,0.5891452298364209,0.6454218674149615,0.9110086,0.7215741,1,1,1,1,1
2021-04-11,4,0,0.583520760302552,0.5986608538094036,0.9267737,0.7823327,1,1,1,1,1
2021-04-12,4,1,0.6114667862219741,0.5917288883327889,0.91969275,0.8715544,1,1,1,1,1
2021-04-13,4,0,0.5281577281919082,0.5753599291643147,0.5383271,0.86694694,1,1,1,1,1
2021-04-14,4,1,0.5678775807722752,0.5718491791562424,0.5668191,0.79166114,1,1,1,1,1
2021-04-15,4,0,0.5790122273272154,0.5757713241157912,0.80470634,0.7745262,1,1,1,1,1
2021-04-16,4,0,0.6018712923200712,0.5707436396061994,0.6355187,0.70353585,1,1,1,1,1
2021-04-17,4,0,0.6161364490495173,0.5900838224184473,0.5370565,0.61561394,1,1,1,1,1
2021-04-18,4,0,0.6105530339836177,0.617395611663008,0.5496072,0.54954803,1,1,1,1,1
2021-04-19,4,1,0.5736487408569644,0.5869301928663911,0.44309074,0.6469959,1,1,1,0,1
2021-04-20,4,0,0.5115959203557302,0.49593530320425977,0.20708025,0.37933525,1,1,0,0,0
2021-04-21,4,0,0.5957179562320181,0.5629693964257944,0.4737726,0.6683732,1,1,1,0,1
2021-04-22,4,0,0.5778639536883582,0.5821203899607055,0.63796175,0.4777067,1,1,1,1,0
2021-04-23,4,0,0.5318888597292993,0.5240746234958175,0.49302897,0.6814236,1,1,1,0,1
2021-04-24,4,0,0.5517627013127187,0.5516145646146223,0.7360301,0.5687881,1,1,1,1,1
2021-04-25,4,1,0.5509155364905958,0.5449695217175102,0.4870648,0.4089175,1,1,1,0,0
2021-04-26,4,1,0.4492966510760486,0.5152092583132736,0.4589776,0.5128927,1,0,1,0,1
2021-04-27,4,0,0.49134369244468873,0.48971084415641625,0.5745081,0.39847872,1,0,0,1,0
2021-04-28,4,0,0.5405210221373966,0.5519460506429684,0.55010706,0.6997882,1,1,1,1,1
2021-04-29,4,1,0.5575924415921792,0.5358241145115102,0.48318964,0.33776763,1,1,1,0,0
2021-04-30,4,1,0.4517875568815963,0.44575941309823547,0.33266133,0.6719303,1,0,0,0,1
2021-05-01,4,0,0.5073798150001634,0.5444917930010884,0.72175753,0.6114028,1,1,1,1,1
2021-05-02,4,1,0.5605707654470992,0.5718404726726878,0.46256387,0.5668953,1,1,1,0,1
2021-05-03,4,0,0.5547624520930133,0.5684704759493038,0.3726055,0.5115349,1,1,1,0,1
2021-05-04,4,1,0.5512449343483381,0.582327907008727,0.66360897,0.5963836,1,1,1,1,1
2021-05-05,4,0,0.41942534399782855,0.45249328552349355,0.70022583,0.34554896,1,0,0,1,0
2021-05-06,4,1,0.49959288786919775,0.5749414048191419,0.31746066,0.43207943,1,0,1,0,0
2021-05-07,4,1,0.5078734617131769,0.6387059664305371,0.60945374,0.58821636,1,1,1,1,1
2021-05-08,4,0,0.4799204450307281,0.600484468280315,0.446315,0.42047945,1,0,1,0,0
2021-05-09,4,0,0.49932423048705143,0.5518948809930432,0.50847924,0.4534272,1,0,1,1,0
2021-05-10,4,1,0.5085251065339416,0.5873070611743426,0.3468947,0.4901035,1,1,1,0,0
2021-05-11,4,0,0.44503197164802205,0.4585066321419876,0.39404088,0.5135595,1,0,0,0,1
2021-05-12,4,1,0.5202814566874979,0.6854951675487928,0.20299025,0.46768633,1,1,1,0,0
2021-05-13,4,1,0.4534078644938879,0.494074012118251,0.20673083,0.5105702,1,0,0,0,1
2021-05-14,4,0,0.485870271616514,0.493695066981242,0.31359634,0.44739482,1,0,0,0,0
2021-05-15,4,0,0.5369559522969027,0.5620096462615006,0.79156435,0.39158598,1,1,1,1,0
2021-05-16,4,0,0.4912748351922384,0.5008439333879804,0.7448406,0.46504807,1,0,1,1,0
2021-05-17,4,0,0.5087301588250488,0.5595616788416393,0.16957054,0.61256194,1,1,1,0,1
2021-05-18,4,0,0.501975798901296,0.5604027996907586,0.47471452,0.37092832,1,1,1,0,0
2021-05-19,4,1,0.5269801077830113,0.6036320138065221,0.5262456,0.5946815,1,1,1,1,1
2021-05-20,4,0,0.410482948534344,0.3505857031800296,0.29640502,0.41381007,1,0,0,0,0
2021-05-21,4,1,0.48305746542398037,0.5211232784121534,0.32618517,0.41656998,1,0,1,0,0
2021-05-22,4,0,0.46031286107967234,0.5021016558660968,0.72748363,0.6564648,1,0,1,1,1
2021-05-23,4,1,0.4889161463507244,0.5323731863660551,0.6308989,0.5511385,1,0,1,1,1
2021-05-24,4,0,0.3869512682100463,0.38563137303673367,0.39292508,0.4605443,1,0,0,0,0
2021-05-25,4,1,0.43553714803494936,0.4675208984627324,0.3146343,0.41413176,1,0,0,0,0
2021-05-26,4,0,0.4680637758809215,0.5257106021248843,0.77658707,0.61465955,1,0,1,1,1
2021-05-27,4,0,0.5046485335054962,0.544625481790882,0.7365574,0.37150308,1,1,1,1,0
2021-05-28,4,0,0.5473414163502328,0.5987934103170424,0.7025964,0.47877997,1,1,1,1,0
2021-05-29,4,1,0.534163763045726,0.5863326183108768,0.5535028,0.47351992,1,1,1,1,0
2021-05-30,4,1,0.45012926569641964,0.47714399277322195,0.3196679,0.5744039,1,0,0,0,1
2021-05-31,4,0,0.41802585707213963,0.4562018663240637,0.14984107,0.5284103,1,0,0,0,1
2021-06-01,4,1,0.49695746470740926,0.5284679203862206,0.29450592,0.52855027,1,0,1,0,1
2021-06-02,4,1,0.48672400368161883,0.5173167563197689,0.43300855,0.48642877,1,0,1,0,0
2021-06-03,4,0,0.4503294846135897,0.49716188335913253,0.68803567,0.5092661,1,0,0,1,1
2021-06-04,4,0,0.575917855808889,0.5763645442845499,0.5815378,0.41959152,1,1,1,1,0
2021-06-05,4,1,0.5902533412609556,0.6138174897024368,0.6569206,0.52580285,1,1,1,1,1
2021-06-06,4,0,0.5439429298062495,0.5505703254318558,0.60557276,0.5809693,1,1,1,1,1
2021-06-07,4,0,0.6194074314218965,0.601089964290724,0.43963072,0.6374408,1,1,1,0,1
2021-06-08,4,1,0.5368250814396357,0.48555928668679277,0.6107154,0.54286593,1,1,0,1,1
2021-06-09,4,0,0.4298053442185116,0.5178887211626408,0.39007697,0.6426486,1,0,1,0,1
2021-06-10,5,1,0.5692956044098221,0.5639161684968473,0.23881608,0.3639885,1,1,1,0,0
2021-06-11,5,0,0.5328282099209729,0.4920614294867632,0.483033,0.7330309,1,1,0,0,1
2021-06-12,5,1,0.6061504037093092,0.6020400982494162,0.70493764,0.59927166,1,1,1,1,1
2021-06-13,5,1,0.4925141767223173,0.4258017016173762,0.8386936,0.72711354,1,0,0,1,1
2021-06-14,5,1,0.5645192919089156,0.6028407618021616,0.6949963,0.48871094,1,1,1,1,0
2021-06-15,5,0,0.6032124550406011,0.5928746536321851,0.53949213,0.5520306,1,1,1,1,1
2021-06-16,5,0,0.6017840221847031,0.5430060796921314,0.88690734,0.7334082,1,1,1,1,1
2021-06-17,5,0,0.7095365224097689,0.6158062848170697,0.8259769,0.6131017,1,1,1,1,1
2021-06-18,5,0,0.5608508917917508,0.5672670996820379,0.55262357,0.5427175,1,1,1,1,1
2021-06-19,5,1,0.5233976112173326,0.5704377136528869,0.78129286,0.775473,1,1,1,1,1
2021-06-20,5,0,0.5016256340605127,0.5061477606270506,0.46449676,0.7409681,1,1,1,0,1
2021-06-21,5,1,0.6130903440577492,0.5223262716717603,0.31057575,0.5558507,1,1,1,0,1
2021-06-22,5,1,0.5090655022282171,0.5495410533795488,0.51330906,0.455311,1,1,1,1,0
2021-06-23,5,1,0.48652502840541123,0.5607807319289307,0.7822422,0.48889595,1,0,1,1,0
2021-06-24,5,0,0.5141037411690255,0.5728671291023414,0.63643664,0.39251223,1,1,1,1,0
2021-06-25,5,1,0.6179617484188878,0.5065677898706116,0.80531174,0.41400233,1,1,1,1,0
2021-06-26,5,1,0.5198200725339418,0.4993776368895165,0.48768857,0.48147556,1,1,0,0,0
2021-06-27,5,0,0.4840900248163631,0.4506650306065565,0.4178683,0.39309168,1,0,0,0,0
2021-06-28,5,1,0.5486248254511036,0.5083929349809387,0.5410868,0.47266528,1,1,1,1,0
2021-06-29,5,0,0.5483472378319051,0.514814540344591,0.5448708,0.47091317,1,1,1,1,0
2021-06-30,5,0,0.5591780354636514,0.507996389797059,0.55937916,0.767721,1,1,1,1,1
2021-07-01,5,1,0.5943910256374234,0.5888276847411799,0.7912691,0.4330138,1,1,1,1,0
2021-07-02,5,1,0.48778147756992407,0.5143130342209613,0.20780084,0.39233637,1,0,1,0,0
2021-07-03,5,1,0.5261971145046431,0.4561935340546527,0.50832725,0.61839926,1,1,0,1,1
2021-07-04,5,0,0.5490156822056387,0.5148343676610172,0.54081655,0.49230155,1,1,1,1,0
2021-07-05,5,1,0.592209718154267,0.5924731924816019,0.6313805,0.5139337,1,1,1,1,1
2021-07-06,5,0,0.5467917032848442,0.5870389596494557,0.4959966,0.5041514,1,1,1,0,1
2021-07-07,5,0,0.5655188735873808,0.5597689275185783,0.23066211,0.31888664,1,1,1,0,0
2021-07-08,5,1,0.5512682791637497,0.5945929881487619,0.48315787,0.56174237,1,1,1,0,1
2021-07-09,5,0,0.4845239971752483,0.5145949845189555,0.7921486,0.45723626,1,0,1,1,0
2021-07-10,5,1,0.5557854697601091,0.5818227631888662,0.47394332,0.4584508,1,1,1,0,0
2021-07-11,5,0,0.5189880692080464,0.47576294975672134,0.54601514,0.5016351,1,1,0,1,1
2021-07-12,5,0,0.5829161097031067,0.5622899222875831,0.44560933,0.6164008,1,1,1,0,1
2021-07-13,5,1,0.5642813745296614,0.5545962742462437,0.59976256,0.55900633,1,1,1,1,1
2021-07-14,5,0,0.5008483321118381,0.5522410694670875,0.46429557,0.41710976,1,1,1,0,0
2021-07-15,5,0,0.556197494979536,0.5142601600114454,0.8622295,0.6047692,1,1,1,1,1
2021-07-16,5,1,0.5943782447480613,0.6421838780101122,0.5343931,0.5026084,1,1,1,1,1
2021-07-17,5,1,0.5396978524597121,0.5131488832404605,0.13613413,0.3468627,1,1,1,0,0
2021-07-18,5,0,0.5321265300591613,0.4883868912468246,0.39124864,0.7476362,1,1,0,0,1
2021-07-19,5,0,0.5948532835439864,0.6062204834898484,0.42999503,0.41626185,1,1,1,0,0
2021-07-20,5,1,0.5742776715286397,0.571611081090761,0.4795269,0.39704934,1,1,1,0,0
2021-07-21,5,1,0.4771952803102256,0.45945706606548065,0.501756,0.5478755,1,0,0,1,1
2021-07-22,5,1,0.5354839302966826,0.49827646425486144,0.8641619,0.65942985,1,1,0,1,1
2021-07-23,5,1,0.5339049394664245,0.47260195652714243,0.33613852,0.459051,1,1,0,0,0
2021-07-24,5,1,0.552710651053264,0.5626354922062661,0.71512604,0.6471816,1,1,1,1,1
2021-07-25,5,1,0.5376517905575523,0.5054991305037501,0.22513402,0.4893799,1,1,1,0,0
2021-07-26,5,1,0.5710572474951763,0.5522322523801705,0.655227,0.6189938,1,1,1,1,1
2021-07-27,5,1,0.5730994054347157,0.5372372031981577,0.11829204,0.4154502,1,1,1,0,0
2021-07-28,5,1,0.5672651158002208,0.5290409352488225,0.64064854,0.7147756,1,1,1,1,1
2021-07-29,5,1,0.4975228219124412,0.5229140120769897,0.4398319,0.73677784,1,0,1,0,1
2021-07-30,5,0,0.520782200690305,0.49498624501113136,0.87125754,0.6381921,1,1,0,1,1
2021-07-31,5,0,0.5798931866222803,0.5795042432411585,0.8455588,0.5818367,1,1,1,1,1
2021-08-01,5,0,0.6088726863308112,0.624867605044031,0.75012344,0.6520312,1,1,1,1,1
2021-08-02,5,0,0.5692522610404632,0.5374590906983395,0.50471216,0.43173948,1,1,1,1,0
2021-08-03,5,1,0.599206265986197,0.5663019334547108,0.3629919,0.51735884,1,1,1,0,1
2021-08-04,5,1,0.507898021529064,0.52701135696385,0.57596815,0.6861513,1,1,1,1,1
2021-08-05,5,1,0.5431178825630274,0.500327077504641,0.4508706,0.32639575,1,1,1,0,0
2021-08-06,5,1,0.6404826776696263,0.6143704208942008,0.83809185,0.59425235,1,1,1,1,1
2021-08-07,5,0,0.5599008207221738,0.5055084519426488,0.79980344,0.73906034,1,1,1,1,1
2021-08-08,5,1,0.6206780342277879,0.6051450452781091,0.36051255,0.34403223,1,1,1,0,0
2021-08-09,5,0,0.6081567140169738,0.5595054840430902,0.51956826,0.58039486,1,1,1,1,1
2021-08-10,5,1,0.6092518351656023,0.5694016743244411,0.8230996,0.70878625,1,1,1,1,1
2021-08-11,5,0,0.6197300307987602,0.5085447656732424,0.7349734,0.5967804,1,1,1,1,1
2021-08-12,5,1,0.6410761131343652,0.6449714882494706,0.4844932,0.40495527,1,1,1,0,0
2021-08-13,5,0,0.48163955383095114,0.5228544542850814,0.1859119,0.45981142,1,0,1,0,0
2021-08-14,5,0,0.5854247569612266,0.5619724818448935,0.49970394,0.38641897,1,1,1,0,0
2021-08-15,5,0,0.5535451338038938,0.529356213995029,0.39677745,0.4976807,1,1,1,0,0
2021-08-16,5,0,0.6039553015746324,0.5595988421459215,0.48686105,0.47708496,1,1,1,0,0
2021-08-17,5,1,0.5961731156988205,0.6022194111487718,0.20574836,0.5238173,1,1,1,0,1
2021-08-18,5,1,0.5615636475769986,0.5546792178675108,0.60128736,0.46669346,1,1,1,1,0
2021-08-19,5,1,0.49587768310124786,0.5136450390267544,0.7637516,0.51144975,1,0,1,1,1
2021-08-20,5,0,0.4944971486874411,0.543510522165683,0.783015,0.46043685,1,0,1,1,0
2021-08-21,5,1,0.5469416302189686,0.5701325551314013,0.85476935,0.5374463,1,1,1,1,1
2021-08-22,5,1,0.5129267561057088,0.48244232721680885,0.3971935,0.51296395,1,1,0,0,1
2021-08-23,5,0,0.5204304276077605,0.5483495015168866,0.4020608,0.45045087,1,1,1,0,0
2021-08-24,5,1,0.5725169357393993,0.5354636421639534,0.39627308,0.42110872,1,1,1,0,0
2021-08-25,5,0,0.5274748262029784,0.5892506462631056,0.4482589,0.40787482,1,1,1,0,0
2021-08-26,5,1,0.5932352859994086,0.6274925162708531,0.6069386,0.67890096,1,1,1,1,1
2021-08-27,5,0,0.4515307249756787,0.47378730683994286,0.46134564,0.53408355,1,0,0,0,1
2021-08-28,5,0,0.5342302434417925,0.5696768214070658,0.74200803,0.54035956,1,1,1,1,1
2021-08-29,5,0,0.5380151245407804,0.5725541524728112,0.5387924,0.5613901,1,1,1,1,1
2021-08-30,5,1,0.5861365832359565,0.6102255573406686,0.39221218,0.44765544,1,1,1,0,0
2021-08-31,5,1,0.5447301082650691,0.5588257841169707,0.41643772,0.53804016,1,1,1,0,1
2021-09-01,5,1,0.484785732546158,0.44779995552469,0.41253787,0.6169281,1,0,0,0,1
2021-09-02,5,1,0.5712919127289312,0.5480635924804881,0.85569245,0.5272642,1,1,1,1,1
2021-09-03,5,0,0.4675192755648973,0.5271185753858822,0.52796686,0.5203667,1,0,1,1,1
2021-09-04,5,1,0.5370641664029876,0.5582634548758328,0.35087314,0.51623374,1,1,1,0,1
2021-09-05,5,1,0.4888064618339311,0.4828402505973988,0.47200873,0.46320817,1,0,0,0,0
2021-09-06,5,0,0.5020093697209986,0.48765102599660565,0.7352065,0.47961256,1,1,0,1,0
2021-09-07,5,0,0.6308919087902943,0.663327038653766,0.5396065,0.51090777,1,1,1,1,1
2021-09-08,5,1,0.5664196064674634,0.5561520076120704,0.28972998,0.40771148,1,1,1,0,0
2021-09-09,5,0,0.5192417319619061,0.49934767294722177,0.79478353,0.52461153,1,1,0,1,1
2021-09-10,5,1,0.5687292281265028,0.578896543708596,0.45915592,0.69696105,1,1,1,0,1
2021-09-11,5,1,0.5266871241514335,0.5402521222509713,0.5658768,0.55479133,1,1,1,1,1
2021-09-12,5,0,0.4902661319540611,0.4918990885427407,0.53763527,0.70682067,1,0,0,1,1
2021-09-13,5,1,0.5516473300513735,0.5602982808282103,0.46443936,0.43510163,1,1,1,0,0
2021-09-14,5,1,0.4518028218380925,0.43809919172302514,0.54630846,0.5335653,1,0,0,1,1
2021-09-15,5,0,0.5146615340190017,0.5651702277608891,0.57854754,0.358466,1,1,1,1,0
2021-09-16,5,0,0.6253366082845168,0.7013941625278123,0.8377057,0.49437246,1,1,1,1,0
2021-09-17,5,1,0.5994783344645713,0.6429910499188103,0.82405275,0.66366976,1,1,1,1,1
2021-09-18,5,0,0.5296537389552901,0.5129033871645564,0.65802944,0.6539608,1,1,1,1,1
2021-09-19,5,0,0.581086901531353,0.6060303002082998,0.47885293,0.75762326,1,1,1,0,1
2021-09-20,5,0,0.6032085422974556,0.6499329450088339,0.55869263,0.68624073,1,1,1,1,1
2021-09-21,5,1,0.5229070281566108,0.5136606258716759,0.55829966,0.3675293,1,1,1,1,0
2021-09-22,5,1,0.4334680550393484,0.4541201849681352,0.4909365,0.6419665,1,0,0,0,1
2021-09-23,5,0,0.5130207578208817,0.5340881000366161,0.7184522,0.42614898,1,1,1,1,0
2021-09-24,5,0,0.5890752868200159,0.5900799429525811,0.8779586,0.5244793,1,1,1,1,1
2021-09-25,5,1,0.5321836948371906,0.513878170426205,0.819914,0.6005746,1,1,1,1,1
2021-09-26,5,0,0.5259988853961862,0.4777926690993279,0.7415989,0.43797597,1,1,0,1,0
2021-09-27,5,0,0.5760123317224672,0.5352254832213739,0.65403473,0.37472785,1,1,1,1,0
2021-09-28,5,1,0.5936049493311082,0.6311043400678575,0.2734799,0.49938136,1,1,1,0,0
2021-09-29,5,1,0.6114872470568156,0.6142348600098484,0.4765803,0.54500425,1,1,1,0,1
2021-09-30,5,1,0.42901073594082356,0.5115002936791364,0.36225352,0.4589962,1,0,1,0,0
2021-10-01,5,0,0.4243941748573376,0.45427521331721543,0.22859949,0.44440866,1,0,0,0,0
2021-10-02,5,1,0.553010077013473,0.5877768292549936,0.13952902,0.6265049,1,1,1,0,1
2021-10-03,5,1,0.5319701919400012,0.5390782344319114,0.4938033,0.5168401,1,1,1,0,1
2021-10-04,5,1,0.48870984924771477,0.48080842069015645,0.3197032,0.43662977,1,0,0,0,0
2021-10-05,5,1,0.5031077387030108,0.5287806240197341,0.44623408,0.34838757,1,1,1,0,0
2021-10-06,5,0,0.49961851823985376,0.528700341506548,0.58016473,0.4459296,1,0,1,1,0
2021-10-07,5,1,0.59909970759371,0.546985844028913,0.491443,0.42503548,1,1,1,0,0
2021-10-08,5,1,0.5856943291420601,0.5511352693673162,0.3130732,0.38315415,1,1,1,0,0
2021-10-09,5,0,0.5407570142772957,0.4984298297939095,0.66448146,0.5006028,1,1,0,1,1
2021-10-10,5,1,0.5799197208699476,0.5812042939723382,0.4766599,0.48103917,1,1,1,0,0
2021-10-11,5,0,0.5104950457282323,0.5336295405888342,0.8279264,0.67344075,1,1,1,1,1
2021-10-12,5,1,0.5695231958551348,0.5613877888819844,0.6847867,0.47688037,1,1,1,1,0
2021-10-13,5,0,0.4380034203744778,0.48478950066819804,0.6290201,0.51722544,1,0,0,1,1
2021-10-14,5,1,0.5321537451989288,0.48598660183853143,0.38532406,0.49325138,1,1,0,0,0
2021-10-15,5,0,0.5380088758881084,0.6174022024096439,0.30662128,0.5321584,1,1,1,0,1
2021-10-16,5,1,0.601605741997658,0.5618634685180982,0.79687876,0.65327346,1,1,1,1,1
2021-10-17,5,1,0.5499374937666556,0.5126239488309312,0.2610668,0.5409569,1,1,1,0,1
2021-10-18,5,1,0.5694066269666411,0.5764636194320718,0.8004635,0.7415255,1,1,1,1,1
2021-10-19,5,1,0.502872003155497,0.5441950581979554,0.25355583,0.35325652,1,1,1,0,0
2021-10-20,5,0,0.5199067806882997,0.5733179621225362,0.6542184,0.6765767,1,1,1,1,1
2021-10-21,5,0,0.6446308179755402,0.6965518341572597,0.66855234,0.43339437,1,1,1,1,0
2021-10-22,5,1,0.5770882358574656,0.4887706539711798,0.3819462,0.4244877,1,1,0,0,0
2021-10-23,5,0,0.532398629129797,0.5051551159810167,0.5160589,0.40261415,1,1,1,1,0
2021-10-24,5,1,0.5497494339948082,0.5454978888204605,0.5843834,0.7062177,1,1,1,1,1
2021-10-25,5,0,0.5145115775069572,0.5691217140180875,0.46738327,0.44511062,1,1,1,0,0
2021-10-26,5,0,0.6333136064139394,0.7240525553086035,0.24251513,0.42316714,1,1,1,0,0
2021-10-27,5,1,0.5786626570610598,0.5037037424876067,0.3981369,0.4954808,1,1,1,0,0
2021-10-28,5,1,0.525067654298913,0.582854989147561,0.30363038,0.4089332,1,1,1,0,0
2021-10-29,5,0,0.5488792396354251,0.5732218433481645,0.7824966,0.6464342,1,1,1,1,1
2021-10-30,5,0,0.5596620497060146,0.5536351320939417,0.81837434,0.50634575,1,1,1,1,1
2021-10-31,5,0,0.5705261028250589,0.565553947139749,0.6543787,0.5153214,1,1,1,1,1
2021-11-01,5,1,0.5566011555926941,0.5255357933494443,0.4669675,0.4100164,1,1,1,0,0
2021-11-02,5,0,0.569398411027176,0.5186399000978534,0.32529426,0.55020076,1,1,1,0,1
2021-11-03,5,0,0.6048490854868072,0.6633565685016832,0.33285818,0.40523103,1,1,1,0,0
2021-11-04,5,0,0.5549450977107346,0.5233541180629026,0.59072983,0.87114185,1,1,1,1,1
2021-11-05,5,1,0.5587296230673715,0.519612880735633,0.77681243,0.62994254,1,1,1,1,1
2021-11-06,5,1,0.509058777434152,0.541977366647061,0.40808037,0.57573694,1,1,1,0,1
2021-11-07,5,1,0.5014989333522577,0.48032515127845854,0.7470854,0.637475,1,1,0,1,1
2021-11-08,5,0,0.4658254623742423,0.4873194160350314,0.69934535,0.4508447,1,0,0,1,0
2021-11-09,5,0,0.5827776184199441,0.582771492180538,0.4782962,0.5983568,1,1,1,0,1
2021-11-10,5,0,0.535687874972171,0.4851425865460394,0.4564432,0.5553477,1,1,0,0,1
2021-11-11,5,0,0.49807663311152045,0.5221155962578978,0.5339127,0.55829984,1,0,1,1,1
2021-11-12,5,1,0.5381820829901118,0.5154377896134053,0.7250704,0.63498837,1,1,1,1,1
2021-11-13,5,1,0.5279049738239908,0.5181261801665429,0.6750586,0.41859776,1,1,1,1,0
2021-11-14,5,0,0.507654467835317,0.4913278286098425,0.38532335,0.5489172,1,1,0,0,1
2021-11-15,5,0,0.6088104215136836,0.6016181911301236,0.24076094,0.46917853,1,1,1,0,0
2021-11-16,5,1,0.5941393032371501,0.6889459574956902,0.37888658,0.4999566,1,1,1,0,0
2021-11-17,5,0,0.49907622232525184,0.4602356150448288,0.579528,0.5694177,1,0,0,1,1
2021-11-18,5,1,0.5936737972863848,0.6106642102640193,0.24714828,0.5555234,1,1,1,0,1
2021-11-19,5,1,0.4929832364557862,0.558809000136039,0.23794308,0.45676395,1,0,1,0,0
2021-11-20,5,0,0.48950237959083026,0.4796862668703606,0.57780534,0.43893003,1,0,0,1,0
2021-11-21,5,0,0.5568110637287578,0.5777911155008795,0.45708078,0.4404621,1,1,1,0,0
2021-11-22,5,1,0.6194091406656136,0.7288811598704852,0.61830735,0.5802982,1,1,1,1,1
2021-11-23,5,0,0.5916308145465764,0.5818924514116958,0.45120052,0.678829,1,1,1,0,1
2021-11-24,5,1,0.5877314400657193,0.5437579685334447,0.67365044,0.6760361,1,1,1,1,1
2021-11-25,5,0,0.5712579551641577,0.5623690842438488,0.666381,0.6758146,1,1,1,1,1
2021-11-26,5,1,0.5836545823723326,0.650730828716764,0.68011945,0.5743821,1,1,1,1,1
2021-11-27,5,1,0.48738525004858824,0.48612415096926526,0.3666032,0.4791868,1,0,0,0,0
2021-11-28,5,1,0.4697045998076644,0.4787974488917265,0.30795065,0.6440419,1,0,0,0,1
2021-11-29,5,0,0.5426993897609677,0.4749820406918774,0.3734245,0.47830454,1,1,0,0,0
2021-11-30,5,1,0.5314608870787572,0.5967132805608856,0.5422397,0.49383026,1,1,1,1,0
2021-12-01,5,0,0.5434616535171118,0.5643500108488007,0.4215084,0.6534249,1,1,1,0,1
2021-12-02,5,0,0.5411322650744896,0.6228059726622566,0.4750469,0.433105,1,1,1,0,0
2021-12-03,5,0,0.5539573665506928,0.5129573181558194,0.3898924,0.7068352,1,1,1,0,1
2021-12-04,5,1,0.5546378137628575,0.5590564235004994,0.5827535,0.5760458,1,1,1,1,1
2021-12-05,5,1,0.49161515352992785,0.4786444721561001,0.3067963,0.4356947,1,0,0,0,0
2021-12-06,5,1,0.5070038485062032,0.4893393413668634,0.38911745,0.3926556,1,1,0,0,0
2021-12-07,5,0,0.5310783867830419,0.5209547930165082,0.80745125,0.4997194,1,1,1,1,0
2021-12-08,5,0,0.5266343345320174,0.5335728053941882,0.24131854,0.48243317,1,1,1,0,0
2021-12-09,5,0,0.6241772832960991,0.6482087131571693,0.65486604,0.40711585,1,1,1,1,0
2021-12-10,5,1,0.5596843527893526,0.5148864801852424,0.31668955,0.35612163,1,1,1,0,0
2021-12-11,5,1,0.4912752349273114,0.4433122108660649,0.7714023,0.65073955,1,0,0,1,1
2021-12-12,5,0,0.5333926153521721,0.4923133904718117,0.8834864,0.6528816,1,1,0,1,1
2021-12-13,5,0,0.5796304077412954,0.53123275830445,0.6118791,0.52981657,1,1,1,1,1
2021-12-14,5,1,0.6044741502610538,0.5928147088406058,0.32451418,0.5140438,1,1,1,0,1
2021-12-15,5,0,0.5587774030751721,0.49387288446206606,0.28308704,0.38665983,1,1,0,0,0
2021-12-16,5,0,0.5115382687696185,0.523602102521156,0.438591,0.6366702,1,1,1,0,1
2021-12-17,5,1,0.5344887935038685,0.49310427129315476,0.8905949,0.5324253,1,1,0,1,1
2021-12-18,5,0,0.49768180366171255,0.4922013353160441,0.31539363,0.33970085,1,0,0,0,0
2021-12-19,5,1,0.5425065146172555,0.5764431810144274,0.4167965,0.52217436,1,1,1,0,1
2021-12-20,5,1,0.5176373841718517,0.5283300578087008,0.3092226,0.49175277,1,1,1,0,0
2021-12-21,5,0,0.487526570412424,0.46404319845954356,0.3941371,0.70077103,1,0,0,0,1
2021-12-22,5,1,0.5487527128574161,0.4950582607001715,0.39429468,0.4809119,1,1,0,0,0
2021-12-23,5,1,0.48962994084740674,0.4924421770636151,0.34453827,0.50061196,1,0,0,0,1
2021-12-24,5,0,0.5599138883298274,0.5670217083629471,0.6895192,0.60268307,1,1,1,1,1
2021-12-25,5,1,0.5701219584239006,0.5813148277129006,0.27266642,0.5503867,1,1,1,0,1
2021-12-26,5,0,0.529254943070793,0.4742574295809729,0.59414876,0.4802849,1,1,0,1,0
2021-12-27,5,0,0.581541057060039,0.5422086986638422,0.36379066,0.6093384,1,1,1,0,1
2021-12-28,5,0,0.603862738723161,0.49082347587188757,0.7074204,0.6221276,1,1,0,1,1
2021-12-29,5,1,0.6033301714643304,0.5893900588256772,0.7816069,0.6535469,1,1,1,1,1
2021-12-30,5,0,0.5170610330780501,0.48585429164981137,0.3327123,0.43165407,1,1,0,0,0
2021-12-31,5,1,0.5268244024473245,0.5260402237112365,0.77202666,0.7902974,1,1,1,1,1
2022-01-01,5,0,0.4861697806618395,0.5021264424202275,0.8432935,0.46695182,1,0,1,1,0
2022-01-02,5,0,0.5356538387000179,0.5511607772917019,0.8116576,0.69809127,1,1,1,1,1
2022-01-03,5,0,0.6108096385662912,0.6724759305930392,0.64835024,0.53714955,1,1,1,1,1
2022-01-04,5,0,0.5742479610273216,0.514218766790911,0.61174536,0.7807489,1,1,1,1,1
2022-01-05,5,0,0.5706588650556847,0.5261517040500251,0.16739258,0.30089882,1,1,1,0,0
2022-01-06,5,0,0.6299261862293806,0.6690826139120992,0.6373737,0.7257891,1,1,1,1,1
2022-01-07,5,1,0.5736381695379054,0.5549064282498847,0.46789747,0.5547866,1,1,1,0,1
2022-01-08,5,1,0.5329811081731199,0.524230299777228,0.78880155,0.46730542,1,1,1,1,0
2022-01-09,5,0,0.5499156471518171,0.5241382751280858,0.6694847,0.83411145,1,1,1,1,1
2022-01-10,5,1,0.5088077122864625,0.4931673116901266,0.57705355,0.44666117,1,1,0,1,0
2022-01-11,5,1,0.47906115320481696,0.49140754136648934,0.7445313,0.45379665,1,0,0,1,0
2022-01-12,5,0,0.4694341765850032,0.48703430563294636,0.6183258,0.51552594,1,0,0,1,1
2022-01-13,5,1,0.5833801564491833,0.5979198833744135,0.6072363,0.5933064,1,1,1,1,1
2022-01-14,5,1,0.5232815170059191,0.4858372980712496,0.40202042,0.4920474,1,1,0,0,0
2022-01-15,5,0,0.5405625327255025,0.5214070257881853,0.59438914,0.4070248,1,1,1,1,0
2022-01-16,5,0,0.5327756174903073,0.5014505423678451,0.32005876,0.50786334,1,1,1,0,1
2022-01-17,5,1,0.5501075028851147,0.5893185610698979,0.5075548,0.520943,1,1,1,1,1
2022-01-18,5,0,0.4568763377712217,0.4896478350092891,0.6092467,0.43195957,1,0,0,1,0
2022-01-19,5,0,0.45187855619153044,0.5218168214154163,0.5011939,0.47052857,1,0,1,1,0
2022-01-20,5,0,0.4903961744401625,0.5145424789564295,0.65744036,0.39165175,1,0,1,1,0
2022-01-21,5,0,0.57133833566496,0.6628980195202405,0.50646627,0.3335683,1,1,1,1,0
2022-01-22,5,1,0.5109507204805596,0.5758828479053005,0.43007395,0.32630438,1,1,1,0,0
2022-01-23,5,1,0.44530731904201093,0.4031677668262259,0.8477873,0.60161585,1,0,0,1,1
2022-01-24,5,1,0.49712781858106975,0.49472495121019044,0.44214526,0.4693372,1,0,0,0,0
2022-01-25,5,0,0.4630586201555418,0.5214933580163184,0.60658175,0.5289829,1,0,1,1,1
2022-01-26,5,1,0.5314067756979715,0.604594712565573,0.40121654,0.53161144,1,1,1,0,1
2022-01-27,5,1,0.5726211136169999,0.49905047275587394,0.34077114,0.4639057,1,1,0,0,0
2022-01-28,5,1,0.5481273916671212,0.5060100343421472,0.8500342,0.75232023,1,1,1,1,1
2022-01-29,5,0,0.5501360941963734,0.528899183288946,0.8413882,0.58756256,1,1,1,1,1
2022-01-30,5,1,0.5589861324102177,0.5977164151621026,0.45150617,0.45604593,1,1,1,0,0
2022-01-31,5,1,0.5239531258884819,0.5242606295280194,0.45537508,0.5382971,1,1,1,0,1
2022-02-01,5,0,0.5403634871395329,0.5371746898414265,0.4207085,0.3387492,1,1,1,0,0
2022-02-02,5,1,0.5993930098464113,0.5245316536588542,0.2958815,0.32145843,1,1,1,0,0
2022-02-03,5,1,0.5393691003727815,0.5051400060668529,0.2734384,0.44281927,1,1,1,0,0
2022-02-04,5,0,0.46115176164178456,0.4340875245507555,0.55608684,0.47634783,1,0,0,1,0
2022-02-05,5,1,0.5625526010737272,0.5879263797079819,0.26406932,0.46767965,1,1,1,0,0
2022-02-06,5,1,0.5259856152251932,0.46610193303618097,0.73051363,0.49721053,1,1,0,1,0
2022-02-07,5,1,0.4901783981869418,0.546567775072657,0.3841617,0.4877607,1,0,1,0,0
2022-02-08,5,1,0.549576362455059,0.5549718932514405,0.26774123,0.38964444,1,1,1,0,0
2022-02-09,5,0,0.5288866428656597,0.5243960247095425,0.6072835,0.43548462,1,1,1,1,0
2022-02-10,5,0,0.5804266665842,0.4702050634992257,0.43310764,0.44646987,1,1,0,0,0
2022-02-11,5,0,0.5783662754693653,0.546699891817822,0.51370865,0.41648775,1,1,1,1,0
2022-02-12,5,0,0.5375244517598158,0.5615033679703388,0.50710315,0.37136388,1,1,1,1,0
2022-02-13,5,1,0.5389898960404479,0.5707884744414111,0.7100052,0.5704106,1,1,1,1,1
2022-02-14,5,1,0.4588813040573359,0.4881266803004077,0.82262385,0.6753836,1,0,0,1,1
2022-02-15,5,0,0.5127762869955704,0.5272497759698407,0.7130382,0.40954188,1,1,1,1,0
2022-02-16,5,0,0.5221653428361612,0.5154922678019586,0.6434648,0.5551448,1,1,1,1,1
2022-02-17,5,0,0.5499625037910902,0.5070592518049836,0.5946034,0.4316711,1,1,1,1,0
2022-02-18,5,1,0.5046422899904903,0.5524177470938114,0.5342866,0.36834645,1,1,1,1,0
2022-02-19,5,0,0.49340335162382143,0.5366527365879037,0.50285727,0.36051312,1,0,1,1,0
2022-02-20,5,0,0.5451489641528164,0.6006672823973337,0.41278246,0.6645754,1,1,1,0,1
2022-02-21,5,1,0.5460364291722701,0.582163507260712,0.46611065,0.46309865,1,1,1,0,0
2022-02-22,5,0,0.4184842552705031,0.46384477501029847,0.61328787,0.5042898,1,0,0,1,1
2022-02-23,5,1,0.4971029581730244,0.4936084523299636,0.43183264,0.40136397,1,0,0,0,0
2022-02-24,5,1,0.43592011983224693,0.47257406224759213,0.41210413,0.48309502,1,0,0,0,0
2022-02-25,5,0,0.5376865092337868,0.47970305676179265,0.39528662,0.4352482,1,1,0,0,0
2022-02-26,5,0,0.5408204933878107,0.5602872405060182,0.55430627,0.6256058,1,1,1,1,1
2022-02-27,5,1,0.5639128020549372,0.5821221205315371,0.90409076,0.4625455,1,1,1,1,0
2022-02-28,5,1,0.40990643021464584,0.504877971197688,0.37097767,0.4640906,1,0,1,0,0
2022-03-01,5,0,0.40706413677813297,0.5037334005790453,0.5656152,0.40411198,1,0,1,1,0
2022-03-02,5,0,0.5615450869274862,0.558573280189941,0.19937287,0.53373826,1,1,1,0,1
2022-03-03,5,0,0.548109098400256,0.5668578361789175,0.2774132,0.31917655,1,1,1,0,0
2022-03-04,5,1,0.5262220974479698,0.48730940906114073,0.31072557,0.46442094,1,1,0,0,0
2022-03-05,5,0,0.4825387581478312,0.5137880950447546,0.16564345,0.47427243,1,0,1,0,0
2022-03-06,5,0,0.5398397505670588,0.5803453349045236,0.595164,0.34811205,1,1,1,1,0
2022-03-07,5,1,0.5078116222024246,0.57485584775424,0.37572622,0.47568834,1,1,1,0,0
2022-03-08,5,1,0.3930383410148232,0.49687641310163394,0.5744967,0.34621966,1,0,0,1,0
2022-03-09,5,0,0.5044596567733647,0.45373317036321653,0.1800679,0.47131702,1,1,0,0,0
2022-03-10,5,0,0.5348376138269507,0.5123374841667657,0.5675291,0.6387846,1,1,1,1,1
2022-03-11,5,1,0.5369852546526651,0.6533748358067208,0.6892647,0.29126477,1,1,1,1,0
2022-03-12,5,0,0.5308421107206213,0.562751269318244,0.3708034,0.43932965,1,1,1,0,0
2022-03-13,5,1,0.5545601934421677,0.5985313902436421,0.6953868,0.6072351,1,1,1,1,1
2022-03-14,5,0,0.5227630027014946,0.4009013411378326,0.45659772,0.55898905,1,1,0,0,1
2022-03-15,5,1,0.5514082360190437,0.5969296223827445,0.4614525,0.6039933,1,1,1,0,1
2022-03-16,5,0,0.5531366122641894,0.5021406394298156,0.7800303,0.7699743,1,1,1,1,1
2022-03-17,5,1,0.5234959324394675,0.5578761210244886,0.6551706,0.65066504,1,1,1,1,1
2022-03-18,5,1,0.590580681450468,0.6864775634912129,0.60502803,0.51023084,1,1,1,1,1
2022-03-19,5,0,0.5682835917983586,0.5666086949488167,0.7047423,0.7396121,1,1,1,1,1
2022-03-20,5,0,0.617168583394108,0.5963464974722144,0.5647895,0.39402986,1,1,1,1,0
2022-03-21,5,1,0.5697518804557516,0.5131015909409028,0.57095957,0.5606698,1,1,1,1,1
2022-03-22,5,1,0.5854312361763001,0.5766605418356349,0.95082,0.48849243,1,1,1,1,0
2022-03-23,5,1,0.5186869449797598,0.5023394213968483,0.61831635,0.40895241,1,1,1,1,0
2022-03-24,5,1,0.4899776405549107,0.48579189477022294,0.85488373,0.6296881,1,0,0,1,1
2022-03-25,5,1,0.5868708248393852,0.5949784785552796,0.7006141,0.52497435,1,1,1,1,1
2022-03-26,5,1,0.5634184606314936,0.5471176390808414,0.80030394,0.5600675,1,1,1,1,1
2022-03-27,5,1,0.5111525522648203,0.47444411460646946,0.68206674,0.58278054,1,1,0,1,1
2022-03-28,5,1,0.6231903407059889,0.6475137527216198,0.41025934,0.43429703,1,1,1,0,0
2022-03-29,5,0,0.6364360945284517,0.646759143327916,0.63654405,0.63853717,1,1,1,1,1
2022-03-30,5,0,0.5794233135326536,0.4922338841079107,0.64578044,0.7080447,1,1,0,1,1
2022-03-31,5,1,0.6061049537812752,0.55056942775362,0.93617463,0.58887833,1,1,1,1,1
2022-04-01,5,0,0.5740648338135668,0.6107450039619546,0.5712761,0.63879216,1,1,1,1,1
2022-04-02,5,1,0.607914531829394,0.5755629634987349,0.37807253,0.54778236,1,1,1,0,1
2022-04-03,5,1,0.5675558779622671,0.551092949614166,0.69449383,0.763079,1,1,1,1,1
2022-04-04,5,0,0.5410314488497133,0.5841777966113384,0.47533038,0.44003865,1,1,1,0,0
2022-04-05,5,0,0.6045241905134153,0.5976836104253751,0.43720642,0.3830689,1,1,1,0,0
2022-04-06,5,1,0.6117714135385867,0.6352406556596457,0.24370432,0.49770543,1,1,1,0,0
2022-04-07,5,0,0.5162164142380721,0.4966834895365424,0.4264496,0.6433204,1,1,0,0,1
2022-04-08,5,1,0.5700521732007976,0.5095535505256154,0.23983228,0.4825051,1,1,1,0,0
2022-04-09,5,0,0.4985080130646555,0.46077997024044764,0.24309026,0.6626132,1,0,0,0,1
2022-04-10,5,0,0.5555750174210238,0.5853761294057467,0.62449324,0.6046908,1,1,1,1,1
2022-04-11,5,1,0.5565559036052131,0.5510591999261032,0.28437814,0.5088248,1,1,1,0,1
2022-04-12,5,1,0.42470348771937694,0.5121941801640859,0.63221055,0.5166009,1,0,1,1,1
2022-04-13,5,0,0.44738607201965697,0.46878153130787176,0.49650306,0.5607461,1,0,0,0,1
2022-04-14,5,1,0.5581828745118603,0.5835810092355334,0.37143576,0.5782071,1,1,1,0,1
2022-04-15,5,0,0.47814839332675757,0.465074430200981,0.5237987,0.45289612,1,0,0,1,0
2022-04-16,5,0,0.5036892155003998,0.49901981574782456,0.6294616,0.52439857,1,1,0,1,1
2022-04-17,5,1,0.5395131776891767,0.5774207660641354,0.6159684,0.42593294,1,1,1,1,0
2022-04-18,5,1,0.4461229604508822,0.5014418113855943,0.26385447,0.42574447,1,0,1,0,0
2022-04-19,5,0,0.5741909583256724,0.567710040819246,0.34461695,0.37423488,1,1,1,0,0
2022-04-20,5,0,0.5885408406490602,0.5777652253346982,0.9136049,0.6221763,1,1,1,1,1
2022-04-21,5,0,0.622362689352043,0.6229130455368244,0.33395827,0.3768095,1,1,1,0,0
2022-04-22,5,0,0.5598144793725158,0.6283806637124035,0.48566848,0.32752344,1,1,1,0,0
2022-04-23,5,0,0.5413183492269577,0.599172581381439,0.75052077,0.6773802,1,1,1,1,1
2022-04-24,5,1,0.5315640877318483,0.5426361694156924,0.9562044,0.85729367,1,1,1,1,1
2022-04-25,5,0,0.5522490125673122,0.5338588510210207,0.7875048,0.51016057,1,1,1,1,1
2022-04-26,5,1,0.5814617908816295,0.6256203961957181,0.872731,0.8201097,1,1,1,1,1
2022-04-27,5,1,0.4973147070147413,0.5308587509934334,0.7304212,0.6423973,1,0,1,1,1
2022-04-28,5,0,0.5531720129595679,0.531294773949168,0.6422258,0.71951115,1,1,1,1,1
2022-04-29,5,0,0.5508273118859293,0.5745218116278736,0.7710319,0.49973986,1,1,1,1,0
2022-04-30,5,1,0.5535565332965297,0.5958525167459182,0.5581413,0.40224352,1,1,1,1,0
2022-05-01,5,1,0.48754628101348263,0.48449501661019406,0.4575531,0.54214436,1,0,0,0,1
2022-05-02,5,0,0.570057173413845,0.6550845836092087,0.5630183,0.5006367,1,1,1,1,1
2022-05-03,5,1,0.5612735186491745,0.5338371640600459,0.55878645,0.7380205,1,1,1,1,1
2022-05-04,5,0,0.5217202032109508,0.5008934038041621,0.8159658,0.5801142,1,1,1,1,1
2022-05-05,5,0,0.5842631077455326,0.5046731477933821,0.79605675,0.6455598,1,1,1,1,1
2022-05-06,5,0,0.5334370779738276,0.5515380359545086,0.24453737,0.5479392,1,1,1,0,1
2022-05-07,5,0,0.5312831646920275,0.5597893844989901,0.599901,0.38170913,1,1,1,1,0
2022-05-08,5,0,0.5654171194799668,0.5673050495665486,0.3152497,0.73640066,1,1,1,0,1
2022-05-09,5,1,0.6320579743948964,0.6799900340148838,0.60154617,0.58346534,1,1,1,1,1
2022-05-10,5,0,0.5388172281195758,0.5458273893031699,0.52314734,0.42393956,1,1,1,1,0
2022-05-11,5,1,0.5508937787256273,0.5635809721292326,0.6481032,0.6379513,1,1,1,1,1
2022-05-12,5,1,0.5393486706890259,0.5502797038669361,0.70325506,0.64922833,1,1,1,1,1
2022-05-13,5,1,0.5282175249858859,0.5434214329630759,0.4949825,0.6893256,1,1,1,0,1
2022-05-14,5,1,0.4865674476973626,0.4793632025344256,0.6650013,0.5363905,1,0,0,1,1
2022-05-15,5,0,0.48410895523371816,0.4400315706024939,0.6181225,0.35674345,1,0,0,1,0
2022-05-16,5,1,0.5352165544268346,0.5519525876468344,0.5942174,0.43683758,1,1,1,1,0
2022-05-17,5,0,0.5082666106169335,0.4572077769675633,0.518964,0.40208304,1,1,0,1,0
2022-05-18,5,1,0.5945077547300324,0.6270519153107031,0.3843171,0.41383126,1,1,1,0,0
2022-05-19,5,0,0.44488891596012436,0.49193560616140025,0.71734095,0.39739424,1,0,0,1,0
2022-05-20,5,1,0.5665328421948711,0.5753250011280191,0.28780547,0.33994678,1,1,1,0,0
2022-05-21,5,1,0.5003957674599951,0.46274259110284904,0.39998654,0.44333625,1,1,0,0,0
2022-05-22,5,0,0.4797263265534866,0.44202084657347024,0.47543213,0.51999897,1,0,0,0,1
2022-05-23,5,1,0.5590043260101473,0.4952105880537189,0.5633775,0.46157482,1,1,0,1,0
2022-05-24,5,0,0.4628180003174577,0.5136842494753494,0.1802533,0.46307728,1,0,1,0,0
2022-05-25,5,0,0.5563066574530894,0.6401887095195707,0.44937336,0.4326764,1,1,1,0,0
2022-05-26,5,0,0.5358688758840576,0.4971784775343563,0.53202397,0.43455675,1,1,0,1,0
2022-05-27,5,1,0.561637226095253,0.5042113460657647,0.37433723,0.4623462,1,1,1,0,0
2022-05-28,5,1,0.5209031094611586,0.48116989912761954,0.28810707,0.5630448,1,1,0,0,1
2022-05-29,5,1,0.5219880238703013,0.47020279384331154,0.2560098,0.633795,1,1,0,0,1
2022-05-30,5,1,0.49528085534617344,0.4026039488159407,0.13985093,0.46930993,1,0,0,0,0
2022-05-31,5,0,0.5889387501905804,0.5524291228232463,0.16200198,0.55219215,1,1,1,0,1
2022-06-01,5,1,0.5985189891153339,0.48933016137298924,0.7412407,0.75526124,1,1,0,1,1
2022-06-02,5,0,0.48471913084584417,0.5057393247381049,0.34037316,0.47610077,1,0,1,0,0
2022-06-03,5,1,0.6102647809464835,0.5894021752020291,0.5855536,0.5890958,1,1,1,1,1
2022-06-04,5,1,0.5522972020079571,0.4965599083044438,0.26668862,0.39926136,1,1,0,0,0
2022-06-05,5,1,0.5627571444847348,0.5430488817619564,0.3283027,0.5649672,1,1,1,0,1
2022-06-06,5,0,0.5261397138140655,0.5068909140315938,0.43164828,0.45491326,1,1,1,0,0
2022-06-07,5,0,0.5473573956081127,0.5024108918206498,0.50759166,0.5101713,1,1,1,1,1
2022-06-08,5,0,0.5935960254424187,0.5833242800125582,0.1709074,0.41056964,1,1,1,0,0
2022-06-09,5,0,0.5903554015652354,0.5715111530289778,0.2935934,0.42484996,1,1,1,0,0
2022-06-10,5,0,0.5261297572725513,0.4671255587674679,0.6436935,0.3962265,1,1,0,1,0
2022-06-11,5,0,0.5347146977209669,0.5668744693392094,0.75546527,0.66765493,1,1,1,1,1
2022-06-12,5,0,0.5555738697588258,0.643846216235471,0.5308626,0.35811186,1,1,1,1,0
2022-06-13,5,0,0.6557479344711233,0.7284367946514374,0.81964946,0.4426364,1,1,1,1,0
2022-06-14,5,1,0.5329637969035507,0.5674774309371297,0.5503456,0.35512412,1,1,1,1,0
2022-06-15,5,0,0.4516408747269929,0.49730892253380676,0.5977073,0.76831853,1,0,0,1,1
2022-06-16,5,1,0.5370483766773246,0.513152402193952,0.3546051,0.41171834,1,1,1,0,0
2022-06-17,5,0,0.523734316712901,0.5149498642203743,0.67725986,0.47970957,1,1,1,1,0
2022-06-18,5,1,0.5298422165195129,0.5586381590708739,0.47638953,0.4020138,1,1,1,0,0
2022-06-19,5,1,0.4276975138569418,0.3644052741664734,0.7580824,0.6396518,1,0,0,1,1
2022-06-20,5,1,0.4896158915129129,0.45419888065613756,0.70200354,0.41134766,1,0,0,1,0
2022-06-21,5,0,0.5247508846382195,0.47843903119067605,0.7156032,0.5082313,1,1,0,1,1
2022-06-22,5,1,0.5778348271267809,0.6015856632007563,0.32419497,0.43607748,1,1,1,0,0
2022-06-23,5,1,0.4953250285465115,0.4202500672837576,0.6623394,0.47996482,1,0,0,1,0
2022-06-24,5,1,0.5322706034642486,0.4806483014399952,0.8566594,0.7055343,1,1,0,1,1
2022-06-25,5,0,0.5188070404167822,0.5214184347457255,0.54082966,0.46611944,1,1,1,1,0
2022-06-26,5,0,0.5903861201023256,0.5768716310238836,0.6148815,0.3939132,1,1,1,1,0
2022-06-27,5,0,0.5756097443199382,0.5404341569672512,0.3153849,0.42004132,1,1,1,0,0
2022-06-28,5,0,0.6055551360103996,0.5982465417316272,0.9076968,0.6351799,1,1,1,1,1
2022-06-29,5,0,0.5739816767779166,0.5753610935802165,0.66996425,0.6269845,1,1,1,1,1
2022-06-30,5,0,0.581994044386766,0.6388796406969585,0.73291045,0.648583,1,1,1,1,1
2022-07-01,5,0,0.6369301637720952,0.638786895733595,0.6148429,0.56159985,1,1,1,1,1
2022-07-02,5,1,0.5518272467755102,0.5192487779245873,0.49838582,0.5672113,1,1,1,0,1
2022-07-03,5,1,0.5500888589364514,0.5165128823934357,0.6400945,0.56727016,1,1,1,1,1
2022-07-04,5,0,0.501807100314982,0.49385738989939887,0.68707895,0.40569326,1,1,0,1,0
2022-07-05,5,1,0.603365560507458,0.6074340587032593,0.81385756,0.3660552,1,1,1,1,0
2022-07-06,5,1,0.552897384242128,0.4636912929301472,0.8785564,0.8213503,1,1,0,1,1
2022-07-07,5,1,0.5360913966253025,0.5068820089520527,0.8413013,0.7584268,1,1,1,1,1
2022-07-08,5,0,0.5816795504348029,0.548973749193736,0.26346314,0.42508537,1,1,1,0,0
2022-07-09,5,0,0.5937719585748045,0.6055285570263216,0.51715213,0.34832916,1,1,1,1,0
2022-07-10,5,0,0.6124371021631544,0.6124549368548038,0.5323136,0.4746451,1,1,1,1,0
2022-07-11,5,0,0.6231877432772114,0.6743360928486992,0.72469294,0.550439,1,1,1,1,1
2022-07-12,5,1,0.6136782764738751,0.5892625427624862,0.51062226,0.6324852,1,1,1,1,1
2022-07-13,5,1,0.48792082793052655,0.5082414681841666,0.33685672,0.67019725,1,0,1,0,1
2022-07-14,5,1,0.5906913901515405,0.512943184174206,0.47019726,0.44364077,1,1,1,0,0
2022-07-15,5,1,0.5389627306504658,0.5399996459505398,0.65478224,0.7622401,1,1,1,1,1
2022-07-16,5,0,0.555199919462058,0.5645862424515858,0.404701,0.4358746,1,1,1,0,0
2022-07-17,5,1,0.6070787019166421,0.5901197113079227,0.75349015,0.33585206,1,1,1,1,0
2022-07-18,5,1,0.48586441069874886,0.4838405742735363,0.8888293,0.4822713,1,0,0,1,0
2022-07-19,5,0,0.5611275356687899,0.5784604005578113,0.69433993,0.47705767,1,1,1,1,0
2022-07-20,5,0,0.6216508248202772,0.7053488794053783,0.81319016,0.5424102,1,1,1,1,1
2022-07-21,5,0,0.579613348885448,0.53647949419801,0.77058697,0.7167608,1,1,1,1,1
2022-07-22,5,0,0.6087266700986723,0.6076343464135741,0.16956307,0.26829475,1,1,1,0,0
2022-07-23,5,1,0.571383084975389,0.5841778073973495,0.50710374,0.48499873,1,1,1,1,0
2022-07-24,5,0,0.5616414511131875,0.5335912473232196,0.73710376,0.78543144,1,1,1,1,1
2022-07-25,5,0,0.6362043552820608,0.6572034188368053,0.31718042,0.3578191,1,1,1,0,0
2022-07-26,5,1,0.5276511849384298,0.4865917358017032,0.27054217,0.6072393,1,1,0,0,1
2022-07-27,5,1,0.49729739153150787,0.4641954592641548,0.38410467,0.3979584,1,0,0,0,0
2022-07-28,5,0,0.4327938368295578,0.5824609645058,0.27413282,0.41296136,1,0,1,0,0
2022-07-29,5,0,0.5402960073257574,0.5363102184189035,0.57559335,0.52039176,1,1,1,1,1
2022-07-30,5,0,0.583153825433439,0.5324586395346246,0.7973017,0.6332801,1,1,1,1,1
2022-07-31,5,0,0.5843285444452302,0.554293650504581,0.6450714,0.45985702,1,1,1,1,0
2022-08-01,5,0,0.5305374083104629,0.5413871638845733,0.41082728,0.642786,1,1,1,0,1
2022-08-02,5,0,0.5719309396922568,0.5614544695108371,0.5648256,0.6656002,1,1,1,1,1
2022-08-03,5,0,0.5973495176961509,0.6773975856164438,0.60189193,0.44287977,1,1,1,1,0
2022-08-04,5,1,0.5473368203782926,0.5308936906551325,0.6142533,0.51072115,1,1,1,1,1
2022-08-05,5,0,0.5239546815946327,0.580342348086433,0.81291664,0.40752238,1,1,1,1,0
2022-08-06,5,1,0.5819460559821583,0.5880431163234626,0.64442784,0.6468617,1,1,1,1,1
2022-08-07,5,1,0.5365683511451357,0.48879723081849447,0.85787106,0.6462687,1,1,0,1,1
2022-08-08,5,0,0.4787217962524119,0.5452511816375432,0.7139456,0.47205618,1,0,1,1,0
2022-08-09,5,1,0.5786303823311035,0.5728482039691098,0.66730416,0.5328466,1,1,1,1,1
2022-08-10,5,1,0.494809363304781,0.48485952731854776,0.27247515,0.50962335,1,0,0,0,1
2022-08-11,5,1,0.6007169919053751,0.5841612175609463,0.74909717,0.64814425,1,1,1,1,1
2022-08-12,5,1,0.48966518941949,0.5840175935549202,0.48113716,0.37996635,1,0,1,0,0
2022-08-13,5,0,0.5716001911955643,0.5596712002197513,0.38317198,0.89208806,1,1,1,0,1
2022-08-14,5,0,0.5762299684473157,0.5802092037049927,0.5730488,0.40508187,1,1,1,1,0
2022-08-15,5,0,0.6110813436175807,0.673139323209586,0.60109276,0.64892256,1,1,1,1,1
2022-08-16,5,0,0.6013295904333646,0.594744846159693,0.76795214,0.5301071,1,1,1,1,1
2022-08-17,5,0,0.6342205257390792,0.7072841741480176,0.44511724,0.4750666,1,1,1,0,0
2022-08-18,5,0,0.6248555729068033,0.6249837544183141,0.68622,0.4635015,1,1,1,1,0
2022-08-19,5,1,0.6692104073359241,0.6166323330548793,0.34189942,0.41752797,1,1,1,0,0
2022-08-20,5,1,0.5466119493519844,0.525436870800674,0.16894647,0.5892554,1,1,1,0,1
2022-08-21,5,0,0.5357212770974614,0.5430678201524359,0.20749828,0.34416845,1,1,1,0,0
2022-08-22,5,1,0.5474162848877796,0.5759175050694132,0.629926,0.4838131,1,1,1,1,0
2022-08-23,5,0,0.5120926690481079,0.5457418196229158,0.8362824,0.7130613,1,1,1,1,1
2022-08-24,5,1,0.5592876413741229,0.5446152020402689,0.18977892,0.36080578,1,1,1,0,0
2022-08-25,5,0,0.5219593176680741,0.5353475246802993,0.4963395,0.3428331,1,1,1,0,0
2022-08-26,5,0,0.600666653725789,0.6845683327421094,0.30108094,0.3123416,1,1,1,0,0
2022-08-27,5,0,0.5372108224358471,0.5726377400712476,0.3528779,0.4427607,1,1,1,0,0
2022-08-28,5,1,0.562827321814661,0.5928509730261985,0.70971787,0.61803967,1,1,1,1,1
2022-08-29,5,0,0.48551578390717304,0.44160938131489963,0.50315636,0.60357463,1,0,0,1,1
2022-08-30,5,1,0.5783020431260691,0.6505728869657037,0.62929535,0.51286423,1,1,1,1,1
2022-08-31,5,1,0.5574162487604547,0.5372007410488994,0.49221247,0.6399053,1,1,1,0,1
2022-09-01,5,0,0.536878436757931,0.5620143371178559,0.6026137,0.7226982,1,1,1,1,1
2022-09-02,5,0,0.5308966015056412,0.5615274918750779,0.6306015,0.68250537,1,1,1,1,1
2022-09-03,5,1,0.5406221122434872,0.565061089178986,0.44373134,0.39485183,1,1,1,0,0
2022-09-04,5,0,0.4987733268445667,0.5471445812411099,0.55248135,0.47792268,1,0,1,1,0
2022-09-05,5,0,0.543554303059124,0.5696055328833699,0.4208572,0.40006426,1,1,1,0,0
2022-09-06,5,1,0.5803549313034412,0.6555357020114981,0.3531917,0.45653343,1,1,1,0,0
2022-09-07,5,1,0.4767626381356024,0.5101304312096834,0.50708485,0.5522178,1,0,1,1,1
2022-09-08,5,1,0.5074192981260177,0.5058412607122719,0.3417348,0.37597933,1,1,1,0,0
2022-09-09,5,1,0.4379837693401677,0.4925780999304356,0.59042233,0.38926938,1,0,0,1,0
2022-09-10,5,1,0.5194571764649731,0.484699983640283,0.292781,0.39694792,1,1,0,0,0
2022-09-11,5,1,0.5185934246347421,0.4950789075188082,0.5375923,0.49374995,1,1,0,1,0
2022-09-12,5,0,0.4387211344553602,0.5008660325319334,0.5002348,0.45246106,1,0,1,1,0
2022-09-13,5,0,0.6353585024422408,0.6592652800280966,0.18772292,0.4175343,1,1,1,0,0
2022-09-14,5,0,0.5477467519655892,0.5016527130928966,0.39684087,0.30462235,1,1,1,0,0
2022-09-15,5,1,0.6405871578836244,0.6679250076291896,0.8419969,0.7690331,1,1,1,1,1
2022-09-16,6,1,0.5758929052727266,0.5415364618313709,0.49269608,0.34517974,1,1,1,0,0
2022-09-17,6,0,0.5498698093898268,0.5272794787258218,0.775333,0.4527507,1,1,1,1,0
2022-09-18,6,1,0.6098244920498677,0.5852562109528802,0.58751565,0.52157015,1,1,1,1,1
2022-09-19,6,0,0.558321098797348,0.534359815042119,0.61587894,0.6141796,1,1,1,1,1
2022-09-20,6,0,0.6093546844309825,0.5981177921648135,0.2734001,0.50628895,1,1,1,0,1
2022-09-21,6,1,0.5896259518949603,0.5648786784240343,0.57561815,0.6211772,1,1,1,1,1
2022-09-22,6,0,0.5204023690900033,0.49963371318892746,0.39848468,0.6543181,1,1,0,0,1
2022-09-23,6,0,0.578021398878357,0.5820842396618301,0.33148888,0.49177462,1,1,1,0,0
2022-09-24,6,0,0.5961852612664131,0.5794685624377142,0.7801254,0.66111284,1,1,1,1,1
2022-09-25,6,1,0.5832388666621293,0.5786473821626611,0.73635256,0.6256938,1,1,1,1,1
2022-09-26,6,0,0.5601596317472194,0.533292926748832,0.557047,0.6074409,1,1,1,1,1
2022-09-27,6,1,0.590272727701528,0.6126512622009626,0.5905353,0.6789413,1,1,1,1,1
2022-09-28,6,1,0.5158926403922512,0.5208435386897697,0.44757622,0.6040591,1,1,1,0,1
2022-09-29,6,0,0.5280323958606911,0.5522421678658211,0.5551661,0.5013027,1,1,1,1,1
2022-09-30,6,0,0.5549257993877218,0.5424469212464578,0.55146015,0.52586335,1,1,1,1,1
2022-10-01,6,0,0.5557837128259718,0.562646344535497,0.4084723,0.5841202,1,1,1,0,1
2022-10-02,6,1,0.5652489732746366,0.5754210966039759,0.4087941,0.53819025,1,1,1,0,1
2022-10-03,6,1,0.44152877442218325,0.46033661497375694,0.52277595,0.5505948,1,0,0,1,1
2022-10-04,6,0,0.44493997339209906,0.4679232142624194,0.6193845,0.48132953,1,0,0,1,0
2022-10-05,6,0,0.5321684441620598,0.5318456236888269,0.55527496,0.5001811,1,1,1,1,1
2022-10-06,6,0,0.55373641053596,0.5240159196347679,0.41047776,0.5491931,1,1,1,0,1
2022-10-07,6,0,0.5713090609915774,0.5629681643091351,0.6750886,0.5951893,1,1,1,1,1
2022-10-08,6,1,0.5484984661171608,0.5563004646408135,0.3587112,0.46511135,1,1,1,0,0
2022-10-09,6,0,0.5382682689894017,0.543135363281176,0.7897945,0.4273831,1,1,1,1,0
2022-10-10,6,0,0.5973029767572148,0.5732153913499642,0.39584762,0.39883542,1,1,1,0,0
2022-10-11,6,1,0.5594101235710556,0.5591217853317769,0.60018814,0.43066654,1,1,1,1,0
2022-10-12,6,1,0.5541280026609771,0.5453613078155928,0.5732924,0.44409767,1,1,1,1,0
2022-10-13,6,0,0.507181883866621,0.5578041510367219,0.42204592,0.65444887,1,1,1,0,1
2022-10-14,6,0,0.6001191244044454,0.626674059876654,0.8258815,0.6115755,1,1,1,1,1
2022-10-15,6,1,0.5674193972035013,0.563266557898585,0.5653189,0.7701502,1,1,1,1,1
2022-10-16,6,1,0.5369378188049184,0.5458189206071122,0.4392115,0.63096076,1,1,1,0,1
2022-10-17,6,0,0.49818853328415114,0.5332237639891412,0.56701344,0.56571895,1,0,1,1,1
2022-10-18,6,0,0.559279231982287,0.6001459054903946,0.47974175,0.5094175,1,1,1,0,1
2022-10-19,6,0,0.5882973941665878,0.581704121153635,0.62273836,0.49649495,1,1,1,1,0
2022-10-20,6,1,0.5489481078757961,0.5816982811333168,0.61478513,0.52712506,1,1,1,1,1
2022-10-21,6,1,0.49733722804386243,0.5254470847978677,0.48332167,0.64716065,1,0,1,0,1
2022-10-22,6,1,0.5201729514700412,0.5249844315334554,0.5462154,0.48224902,1,1,1,1,0
2022-10-23,6,0,0.5006512328076512,0.5301750243798311,0.5691284,0.472454,1,1,1,1,0
2022-10-24,6,1,0.5431310274496924,0.5572225608431617,0.36240712,0.51407367,1,1,1,0,1
2022-10-25,6,1,0.4903118940952208,0.5169372451867785,0.5571164,0.459325,1,0,1,1,0
2022-10-26,6,0,0.4715517420197175,0.508650258308731,0.3756761,0.4517987,1,0,1,0,0
2022-10-27,6,1,0.5515839478533755,0.614791225122855,0.37349978,0.5148503,1,1,1,0,1
2022-10-28,6,1,0.5282342195268305,0.5343222967808593,0.32158113,0.6502632,1,1,1,0,1
2022-10-29,6,0,0.5284066733270641,0.5345832070698631,0.31895453,0.48367268,1,1,1,0,0
2022-10-30,6,0,0.5623507883462513,0.5793683297748126,0.3538968,0.4811996,1,1,1,0,0
2022-10-31,6,0,0.5577836469090708,0.5766134886748409,0.83804756,0.6178938,1,1,1,1,1
2022-11-01,6,0,0.5225957778859939,0.5392975218595544,0.51427054,0.5704865,1,1,1,1,1
2022-11-02,6,1,0.564074294899562,0.616620111630699,0.64223266,0.6023928,1,1,1,1,1
2022-11-03,6,1,0.5651673093957917,0.5769140823213151,0.23598842,0.5546188,1,1,1,0,1
2022-11-04,6,1,0.4139120929219453,0.481101886386952,0.8303928,0.59851235,1,0,0,1,1
2022-11-05,6,0,0.48843919714484746,0.5314802970011456,0.69196695,0.4769298,1,0,1,1,0
2022-11-06,6,0,0.5451382126802617,0.5878358099493723,0.39913085,0.4846253,1,1,1,0,0
2022-11-07,6,0,0.5310457156227154,0.5389766225751611,0.2149676,0.5852567,1,1,1,0,1
2022-11-08,6,0,0.519034005039856,0.5657096808986599,0.66323906,0.65807116,1,1,1,1,1
2022-11-09,6,1,0.5865141222664619,0.7566220646370039,0.55714875,0.64584947,1,1,1,1,1
2022-11-10,6,0,0.42202485208067536,0.38051432555560594,0.5191326,0.42400357,1,0,0,1,0
2022-11-11,6,0,0.4852658440950255,0.6032413120506661,0.43139425,0.6947595,1,0,1,0,1
2022-11-12,6,0,0.5075514302647318,0.5112823523805701,0.4579885,0.57861584,1,1,1,0,1
2022-11-13,6,1,0.5323368907458393,0.573489976819141,0.6090149,0.3794218,1,1,1,1,0
2022-11-14,6,1,0.4675721278497704,0.47430265850240927,0.4140853,0.53623486,1,0,0,0,1
2022-11-15,6,0,0.48452015741050664,0.4813603271099381,0.3630369,0.53367907,1,0,0,0,1
2022-11-16,6,1,0.5094423797231591,0.5059708929159593,0.29628202,0.53679496,1,1,1,0,1
2022-11-17,6,1,0.5050895656666964,0.49755599428184055,0.5266525,0.5875027,1,1,0,1,1
2022-11-18,6,1,0.520468234804086,0.5512438681745218,0.1820486,0.523312,1,1,1,0,1
2022-11-19,6,0,0.5067473640818272,0.5157562999393788,0.6419756,0.47781718,1,1,1,1,0
2022-11-20,6,0,0.5537826067167322,0.5866718956087177,0.26749787,0.43357348,1,1,1,0,0
2022-11-21,6,1,0.562507406255228,0.6169323569201935,0.68977946,0.5719835,1,1,1,1,1
2022-11-22,6,1,0.4927238692166897,0.504648549347279,0.24351294,0.5158596,1,0,1,0,1
2022-11-23,6,0,0.48088265723331325,0.5399797239967835,0.8859637,0.45134035,1,0,1,1,0
2022-11-24,6,0,0.5421583479362737,0.5621398656486938,0.734122,0.511361,1,1,1,1,1
2022-11-25,6,0,0.523491894617089,0.5308801377923222,0.37958258,0.482927,1,1,1,0,0
2022-11-26,6,0,0.5462341749029753,0.5599013673985498,0.33299297,0.45458624,1,1,1,0,0
2022-11-27,6,0,0.5501217566423271,0.5693974295996796,0.61670685,0.50567406,1,1,1,1,1
2022-11-28,6,1,0.5668531409435328,0.5790594817330654,0.6348155,0.5521255,1,1,1,1,1
2022-11-29,6,1,0.499939293132096,0.5253719610197557,0.3125338,0.49221942,1,0,1,0,0
2022-11-30,6,0,0.47577578910129215,0.5230811332339672,0.8342884,0.5619077,1,0,1,1,1
2022-12-01,6,1,0.40559565470269027,0.5184559718977334,0.7168699,0.47286445,1,0,1,1,0
2022-12-02,6,0,0.44902616501045567,0.47444367232383855,0.4716361,0.44417465,1,0,0,0,0
2022-12-03,6,1,0.5193123742143891,0.5285874623796267,0.40617013,0.39122507,1,1,1,0,0
2022-12-04,6,0,0.4787914141427951,0.5246508862991657,0.28699178,0.45915452,1,0,1,0,0
2022-12-05,6,1,0.5586926465689843,0.5942832485858267,0.49109328,0.49181458,1,1,1,0,0
2022-12-06,6,0,0.5018610010554108,0.5454049605365353,0.48566592,0.73263747,1,1,1,0,1
2022-12-07,6,1,0.5204903246142261,0.5359194405298627,0.4855475,0.533893,1,1,1,0,1
2022-12-08,6,0,0.47507860890934567,0.5035618279703467,0.49409276,0.57279843,1,0,1,0,1
2022-12-09,6,0,0.5128689873955175,0.5210958696742656,0.1870923,0.45871353,1,1,1,0,0
2022-12-10,6,0,0.5263727240579648,0.5405908065186602,0.42842168,0.50787026,1,1,1,0,1
2022-12-11,6,1,0.5288802803681605,0.5786504773773962,0.1380678,0.37737805,1,1,1,0,0
2022-12-12,6,1,0.5086292079424909,0.5286803460010518,0.74167037,0.59128225,1,1,1,1,1
2022-12-13,6,1,0.48770239551751876,0.5202052105153192,0.3140525,0.60531676,1,0,1,0,1
2022-12-14,6,0,0.5414809685124309,0.5343610230026422,0.3959971,0.47970715,1,1,1,0,0
2022-12-15,6,0,0.6145274098796338,0.6114925623987811,0.6467664,0.47434473,1,1,1,1,0
2022-12-16,6,1,0.5926372607114628,0.5679398565777934,0.16136122,0.3623551,1,1,1,0,0
2022-12-17,6,0,0.5299496429673912,0.5111552846529588,0.5115838,0.58205056,1,1,1,1,1
2022-12-18,6,0,0.5510628736546838,0.5556605703271691,0.4220877,0.56445587,1,1,1,0,1
2022-12-19,6,1,0.5810626803701846,0.5895760473408135,0.6748766,0.5739285,1,1,1,1,1
2022-12-20,6,0,0.47180702144377695,0.45841626975558236,0.6467667,0.4799498,1,0,0,1,0
2022-12-21,6,1,0.5281923722349199,0.5498960196930756,0.30247882,0.4792191,1,1,1,0,0
2022-12-22,6,0,0.554481735469599,0.5291183735124815,0.40517646,0.47347486,1,1,1,0,0
2022-12-23,6,1,0.5633491886376404,0.5417267692931172,0.6586726,0.4670789,1,1,1,1,0
2022-12-24,6,0,0.5360642921940544,0.503979723687371,0.57478046,0.58134705,1,1,1,1,1
2022-12-25,6,1,0.5379206214589835,0.5154512169238206,0.336198,0.5443169,1,1,1,0,1
2022-12-26,6,0,0.5293670791307741,0.5111839031478602,0.35002303,0.5352823,1,1,1,0,1
2022-12-27,6,0,0.5470324310420782,0.5181377826467308,0.3817179,0.45182854,1,1,1,0,0
2022-12-28,6,1,0.5662310586935259,0.5743095992315549,0.27628213,0.5133692,1,1,1,0,1
2022-12-29,6,0,0.4968966480885246,0.5117893748731784,0.30961,0.37025455,1,0,1,0,0
2022-12-30,6,0,0.5245444310291402,0.5203565851064811,0.2800046,0.5441892,1,1,1,0,1
2022-12-31,6,1,0.5501580702385845,0.5391053213023245,0.4808933,0.5434008,1,1,1,0,1
2023-01-01,6,1,0.5133868218044689,0.4833256999856641,0.57349986,0.4191329,1,1,0,1,0
2023-01-02,6,0,0.5306759256740103,0.5226857578345224,0.5838026,0.43486452,1,1,1,1,0
2023-01-03,6,1,0.5212012433478304,0.5194616944241981,0.6632049,0.5242352,1,1,1,1,1
2023-01-04,6,0,0.5025346716136462,0.4982910743274115,0.25558078,0.47727513,1,1,0,0,0
2023-01-05,6,1,0.5520793616020251,0.5381291107871963,0.29901132,0.4820649,1,1,1,0,0
2023-01-06,6,1,0.48295578367785685,0.5007396727285148,0.431879,0.6747303,1,0,1,0,1
2023-01-07,6,1,0.520531043903195,0.5252139223535969,0.31329495,0.40785402,1,1,1,0,0
2023-01-08,6,1,0.5003623251780419,0.5302329912763248,0.42224747,0.38808095,1,1,1,0,0
2023-01-09,6,1,0.5355183928800308,0.5714075913964158,0.59325844,0.44458267,1,1,1,1,0
2023-01-10,6,1,0.5071050382305226,0.5235621549689567,0.64560956,0.5702024,1,1,1,1,1
2023-01-11,6,1,0.4978554455337959,0.5113002136764306,0.52703923,0.652222,1,0,1,1,1
2023-01-12,6,1,0.48727231552111666,0.5180818691938701,0.57167333,0.61422366,1,0,1,1,1
2023-01-13,6,1,0.4731641432717323,0.44648936524602895,0.57870895,0.51465124,1,0,0,1,1
2023-01-14,6,0,0.49388724114832067,0.460444565544039,0.7805183,0.53082776,1,0,0,1,1
2023-01-15,6,1,0.5502585908651884,0.5706490683931452,0.8353139,0.55706155,1,1,1,1,1
2023-01-16,6,0,0.5436505540303488,0.5589295718093467,0.8655296,0.64480823,1,1,1,1,1
2023-01-17,6,0,0.5871018236550863,0.6060360489157133,0.7743169,0.5716495,1,1,1,1,1
2023-01-18,6,1,0.6237718664628902,0.5831913174193057,0.78689855,0.60283405,1,1,1,1,1
2023-01-19,6,1,0.5315290574675731,0.5127063538322849,0.56014764,0.6689076,1,1,1,1,1
2023-01-20,6,1,0.4961792317771877,0.45198112064886814,0.77817076,0.5978877,1,0,0,1,1
2023-01-21,6,0,0.560719137108325,0.5884452885833702,0.6645064,0.5239762,1,1,1,1,1
2023-01-22,6,1,0.5705815863447826,0.5780880254214905,0.8273617,0.57368964,1,1,1,1,1
2023-01-23,6,0,0.5598816386729544,0.5724681334736822,0.6982832,0.63306135,1,1,1,1,1
2023-01-24,6,1,0.5876348585120278,0.5701972333776383,0.62614876,0.58238196,1,1,1,1,1
2023-01-25,6,0,0.535115654973166,0.5493113971186182,0.7500654,0.65934044,1,1,1,1,1
2023-01-26,6,1,0.5728384552606305,0.553363315557248,0.5632282,0.6104982,1,1,1,1,1
2023-01-27,6,0,0.5701872536644879,0.5865408388823884,0.4531133,0.65823525,1,1,1,0,1
2023-01-28,6,1,0.5681643940985951,0.5765237071533964,0.44695815,0.55235416,1,1,1,0,1
2023-01-29,6,0,0.5229499114173904,0.5191282908243293,0.64708847,0.502139,1,1,1,1,1
2023-01-30,6,1,0.6052888297494418,0.5703036411412211,0.60665786,0.48957792,1,1,1,1,0
2023-01-31,6,1,0.538568041860055,0.5136294377900281,0.6453031,0.608325,1,1,1,1,1
2023-02-01,6,0,0.5301985054070942,0.5403870254907571,0.6140058,0.5059466,1,1,1,1,1
2023-02-02,6,0,0.6367726739623898,0.5898341173311847,0.7484586,0.5560129,1,1,1,1,1
2023-02-03,6,0,0.743927488221126,0.6286055793923075,0.48611873,0.6459521,1,1,1,0,1
2023-02-04,6,0,0.6352432155198579,0.5887727340840221,0.5929933,0.5889548,1,1,1,1,1
2023-02-05,6,0,0.6237542091317946,0.6368606873032833,0.69454587,0.6805158,1,1,1,1,1
2023-02-06,6,1,0.6153984906092488,0.6163447050852884,0.35490108,0.6365238,1,1,1,0,1
2023-02-07,6,0,0.5487808615129284,0.5346761199857587,0.32734495,0.6706196,1,1,1,0,1
2023-02-08,6,0,0.5875782358990316,0.5596811986651137,0.4149276,0.6377052,1,1,1,0,1
2023-02-09,6,0,0.6302538774769094,0.6376391691840685,0.38710245,0.57431525,1,1,1,0,1
2023-02-10,6,1,0.6001821916070037,0.5977533651883267,0.69929373,0.58727014,1,1,1,1,1
2023-02-11,6,0,0.5499951952708432,0.5444739795329797,0.30476406,0.56178623,1,1,1,0,1
2023-02-12,6,1,0.5835675056462958,0.5813040848270333,0.5280804,0.50887114,1,1,1,1,1
2023-02-13,6,1,0.5666465539558135,0.5560545661742186,0.24650556,0.5427177,1,1,1,0,1
2023-02-14,6,1,0.4755117333226882,0.5318017211291789,0.50055444,0.51901174,1,0,1,1,1
2023-02-15,6,0,0.457276801660735,0.4707961008936865,0.46947414,0.55275935,1,0,0,0,1
2023-02-16,6,1,0.532748684743503,0.5782554152225875,0.30844355,0.55101293,1,1,1,0,1
2023-02-17,6,1,0.49234336716508037,0.5360804914775381,0.8383715,0.5965398,1,0,1,1,1
2023-02-18,6,0,0.5084764783725063,0.5384069343980853,0.2388629,0.53885376,1,1,1,0,1
2023-02-19,6,1,0.5451635540942502,0.5575592639613168,0.32729232,0.5193402,1,1,1,0,1
2023-02-20,6,0,0.48973452199358597,0.5297661438547451,0.44434386,0.6610764,1,0,1,0,1
2023-02-21,6,0,0.5351763887736342,0.5519121628352323,0.24413797,0.49796098,1,1,1,0,0
2023-02-22,6,0,0.5237044479341431,0.5585665761011915,0.7354525,0.5021266,1,1,1,1,1
2023-02-23,6,0,0.5526197452149539,0.5509926437013175,0.19075693,0.4100193,1,1,1,0,0
2023-02-24,6,0,0.577289658408141,0.6121794554680666,0.67803067,0.5407529,1,1,1,1,1
2023-02-25,6,1,0.5107690834957095,0.5322056264468076,0.3252064,0.5785302,1,1,1,0,1
2023-02-26,6,0,0.4941634977539133,0.5266883907552502,0.8870102,0.5596146,1,0,1,1,1
2023-02-27,6,0,0.5116355003379222,0.5380243952352677,0.46276858,0.49036533,1,1,1,0,0
2023-02-28,6,1,0.5168958592356687,0.4982085467953706,0.88089174,0.4608784,1,1,0,1,0
2023-03-01,6,0,0.4628370335861782,0.4943338948243635,0.7373569,0.5706124,1,0,0,1,1
2023-03-02,6,0,0.4935862856456346,0.5505865263410196,0.19154607,0.32833102,1,0,1,0,0
2023-03-03,6,0,0.5102697740962308,0.510665305492821,0.46466514,0.43953136,1,1,1,0,0
2023-03-04,6,1,0.4641683649252824,0.4626216698957936,0.7773824,0.609515,1,0,0,1,1
2023-03-05,6,0,0.47234145496911367,0.4742285672471365,0.10564974,0.29516461,1,0,0,0,0
2023-03-06,6,0,0.4813145534852616,0.5047374545141925,0.3046018,0.3691155,1,0,1,0,0
2023-03-07,6,0,0.5378573409034422,0.5166181694285431,0.21383566,0.43946522,1,1,1,0,0
2023-03-08,6,0,0.5508203287144635,0.5599536742735467,0.18738809,0.6999369,1,1,1,0,1
2023-03-09,6,0,0.5417475580332498,0.5920484679794616,0.8045779,0.5369251,1,1,1,1,1
2023-03-10,6,1,0.4511497458064037,0.48689087451248964,0.30588278,0.5350428,1,0,0,0,1
2023-03-11,6,1,0.43871766703578174,0.48428972697938505,0.66976154,0.48444036,1,0,0,1,0
2023-03-12,6,1,0.4081434167708614,0.4984535560341712,0.24828093,0.41344145,1,0,0,0,0
2023-03-13,6,1,0.33884729810987596,0.4033065218612083,0.39064205,0.50666124,1,0,0,0,1
2023-03-14,6,0,0.4764935584449858,0.5053926371383133,0.14065307,0.5044543,1,0,1,0,1
2023-03-15,6,1,0.5151974479856667,0.5718223351910847,0.39270633,0.5212474,1,1,1,0,1
2023-03-16,6,1,0.480853382940257,0.5515615874353522,0.29551384,0.43863636,1,0,1,0,0
2023-03-17,6,0,0.418212393973618,0.3929944751823694,0.19789639,0.4840456,1,0,0,0,0
2023-03-18,6,1,0.518254538522754,0.5538643238647424,0.38571212,0.5376325,1,1,1,0,1
2023-03-19,6,0,0.48666437780847943,0.5170611818962351,0.6721494,0.5705327,1,0,1,1,1
2023-03-20,6,1,0.5166444499169583,0.5220305065623464,0.3560907,0.5263062,1,1,1,0,1
2023-03-21,6,0,0.5140112507242306,0.5271989171295571,0.4670361,0.5629174,1,1,1,0,1
2023-03-22,6,1,0.5458550714074175,0.5397538331880639,0.20751241,0.42920107,1,1,1,0,0
2023-03-23,6,0,0.4797467145996414,0.503231367140037,0.63453025,0.59136385,1,0,1,1,1
2023-03-24,6,1,0.5429844841980135,0.5476844465234065,0.20152053,0.5144137,1,1,1,0,1
2023-03-25,6,1,0.5242562181687462,0.543852766548009,0.63961196,0.5903723,1,1,1,1,1
2023-03-26,6,0,0.49883323011752595,0.5252261988209983,0.2249512,0.41987044,1,0,1,0,0
2023-03-27,6,1,0.5615607620792623,0.6008936420067762,0.5921629,0.5020181,1,1,1,1,1
2023-03-28,6,1,0.504606883910777,0.5089279149524979,0.90174985,0.57816595,1,1,1,1,1
2023-03-29,6,0,0.49050369047757886,0.5139516637585086,0.4164172,0.47595513,1,0,1,0,0
2023-03-30,6,1,0.5370759779423794,0.5424738597746396,0.62576365,0.44828907,1,1,1,1,0
2023-03-31,6,0,0.5034121891241666,0.518971844601901,0.39267164,0.50988466,1,1,1,0,1
2023-04-01,6,0,0.5522002760678009,0.5715186917887958,0.43907684,0.5795177,1,1,1,0,1
2023-04-02,6,0,0.5398680221516711,0.5543631304621424,0.47766465,0.5404267,1,1,1,0,1
2023-04-03,6,1,0.5377939391973476,0.5938574783103135,0.46800333,0.42730063,1,1,1,0,0
2023-04-04,6,1,0.4529220002678615,0.4817919973583345,0.6047333,0.41941783,1,0,0,1,0
2023-04-05,6,0,0.5050372261004982,0.5663536429861444,0.40657783,0.494658,1,1,1,0,0
2023-04-06,6,0,0.4995155119229444,0.5094441016777022,0.11500048,0.37091035,1,0,1,0,0
2023-04-07,6,1,0.5221369208248171,0.5438245895326586,0.41136187,0.47605327,1,1,1,0,0
2023-04-08,6,1,0.5335233983954762,0.5503020594486115,0.3059068,0.5059328,1,1,1,0,1
2023-04-09,6,1,0.49554890192122636,0.47747454654569493,0.27603605,0.50772727,1,0,0,0,1
2023-04-10,6,1,0.4815021656181197,0.5035597635223781,0.6820754,0.66335833,1,0,1,1,1
2023-04-11,6,0,0.49219892667806175,0.5414866908395775,0.47330666,0.5375389,1,0,1,0,1
2023-04-12,6,1,0.5412449197362406,0.5664639929718703,0.49550217,0.5134574,1,1,1,0,1
2023-04-13,6,1,0.498680676080299,0.5199971942934541,0.889845,0.47992286,1,0,1,1,0
2023-04-14,6,0,0.5695610500113524,0.5547567527435731,0.5823725,0.45322043,1,1,1,1,0
2023-04-15,6,0,0.5879509542647932,0.5754874720154727,0.13038047,0.38419044,1,1,1,0,0
2023-04-16,6,0,0.5729987352050636,0.5679661665725336,0.7635303,0.5340178,1,1,1,1,1
2023-04-17,6,1,0.6189420232026944,0.6063200148554662,0.6404935,0.61854094,1,1,1,1,1
2023-04-18,6,0,0.5147574686268485,0.48706891729603546,0.5298502,0.6550341,1,1,0,1,1
2023-04-19,6,0,0.6139600031135213,0.574585603013578,0.72585535,0.622039,1,1,1,1,1
2023-04-20,6,0,0.5896696980425691,0.5591090637717132,0.45151702,0.6458373,1,1,1,0,1
2023-04-21,6,1,0.6300675479647622,0.6753981412827424,0.45441577,0.59788394,1,1,1,0,1
2023-04-22,6,0,0.5471573352419528,0.5193933072131575,0.8517992,0.61338425,1,1,1,1,1
2023-04-23,6,0,0.5792495362850616,0.5699232124335625,0.5771671,0.5292332,1,1,1,1,1
2023-04-24,6,1,0.5600335025666451,0.557678578329784,0.8797688,0.51722115,1,1,1,1,1
2023-04-25,6,1,0.5257545802528817,0.5059084860433254,0.6672037,0.524327,1,1,1,1,1
2023-04-26,6,1,0.5595234213161602,0.5483624203441584,0.83953506,0.60050297,1,1,1,1,1
2023-04-27,6,0,0.5259262444053453,0.5015114331274668,0.22415483,0.5461741,1,1,1,0,1
2023-04-28,6,0,0.5514088654437281,0.5279297360414016,0.26578322,0.4796887,1,1,1,0,0
2023-04-29,6,1,0.5651650774152484,0.5595112666848082,0.4786375,0.57562697,1,1,1,0,1
2023-04-30,6,0,0.5722964396386653,0.5579832623057234,0.6625692,0.56318235,1,1,1,1,1
2023-05-01,6,1,0.5998557389909132,0.5725804491248112,0.66221535,0.44193646,1,1,1,1,0
2023-05-02,6,1,0.4894621697822811,0.44529496492238374,0.58358675,0.5297433,1,0,0,1,1
2023-05-03,6,0,0.4769753193482764,0.47345745272887746,0.62659127,0.54695046,1,0,0,1,1
2023-05-04,6,1,0.5123661564254344,0.5030283816570765,0.5738008,0.5508426,1,1,1,1,1
2023-05-05,6,0,0.5150145576534623,0.47535675812097544,0.6877449,0.6086287,1,1,0,1,1
2023-05-06,6,0,0.5670063953720084,0.5854792293018501,0.4479649,0.54636896,1,1,1,0,1
2023-05-07,6,0,0.5874218511312306,0.5904234274672722,0.51789683,0.6205095,1,1,1,1,1
2023-05-08,6,0,0.5698066238879038,0.5848376575773943,0.59614646,0.63456124,1,1,1,1,1
2023-05-09,6,0,0.5306200061743094,0.4874477517814904,0.49617544,0.6457359,1,1,0,0,1
2023-05-10,6,0,0.517678395814367,0.5403388244033092,0.63070184,0.5242777,1,1,1,1,1
2023-05-11,6,0,0.5744088794825446,0.5992140009973269,0.46749434,0.47925767,1,1,1,0,0
2023-05-12,6,0,0.5228056888354311,0.5526544952267595,0.5820342,0.60340154,1,1,1,1,1
2023-05-13,6,1,0.5403451035862015,0.5466572943359949,0.6389628,0.48830175,1,1,1,1,0
2023-05-14,6,1,0.5183855603862636,0.5162435858134972,0.23580682,0.5846191,1,1,1,0,1
2023-05-15,6,0,0.5174396129467314,0.5533074975018599,0.91716594,0.50886494,1,1,1,1,1
2023-05-16,6,1,0.5905394002025212,0.6069560895413801,0.55649155,0.51739496,1,1,1,1,1
2023-05-17,6,0,0.5325215280275074,0.550131839685615,0.72117114,0.6723308,1,1,1,1,1
2023-05-18,6,1,0.59705874756894,0.5917994135879101,0.84680325,0.552801,1,1,1,1,1
2023-05-19,6,1,0.5433810973292417,0.5698428674391343,0.6903622,0.6147688,1,1,1,1,1
2023-05-20,6,0,0.510769666870226,0.544740998408609,0.36018682,0.57466656,1,1,1,0,1
2023-05-21,6,1,0.5756618057691307,0.5827944768826674,0.86231285,0.542374,1,1,1,1,1
2023-05-22,6,1,0.541073709703938,0.5520945091774447,0.6169907,0.54388475,1,1,1,1,1
2023-05-23,6,0,0.5284799371723906,0.5615567989719287,0.30702707,0.47942695,1,1,1,0,0
2023-05-24,6,1,0.5910262648487742,0.6551500885972472,0.41691554,0.54905844,1,1,1,0,1
2023-05-25,6,1,0.5464626142118938,0.5654405420187385,0.77491254,0.6088615,1,1,1,1,1
2023-05-26,6,1,0.528826472396925,0.569094140331365,0.2970392,0.5140303,1,1,1,0,1
2023-05-27,6,1,0.520991737927756,0.562509056792532,0.28385743,0.48331565,1,1,1,0,0
2023-05-28,6,0,0.5031086170168168,0.5486800222207782,0.796579,0.49206153,1,1,1,1,0
2023-05-29,6,0,0.5686668430633012,0.5871967117613717,0.5631303,0.5220122,1,1,1,1,1
2023-05-30,6,0,0.5579416422408127,0.5682347947971003,0.6179592,0.5127105,1,1,1,1,1
2023-05-31,6,0,0.5428054918741649,0.5311490760449781,0.20393027,0.59281164,1,1,1,0,1
2023-06-01,6,1,0.5341477736911671,0.5070289151279065,0.9062701,0.65395993,1,1,1,1,1
2023-06-02,6,0,0.5131206383156278,0.5706383519291651,0.7072807,0.6910871,1,1,1,1,1
2023-06-03,6,1,0.5500440273042513,0.5576403044492864,0.5673417,0.52511376,1,1,1,1,1
2023-06-04,6,0,0.5430811412301082,0.5496567382559091,0.615793,0.5093234,1,1,1,1,1
2023-06-05,6,1,0.5720288661896288,0.6388665388092142,0.33723986,0.46682718,1,1,1,0,0
2023-06-06,6,0,0.471766904783647,0.47890929306203284,0.42560014,0.57466406,1,0,0,0,1
2023-06-07,6,1,0.5743135515732166,0.6384677318299902,0.6282538,0.5329525,1,1,1,1,1
2023-06-08,6,0,0.5001523979866416,0.522173210653906,0.86804366,0.5252047,1,1,1,1,1
2023-06-09,6,0,0.5260891044677795,0.5564094858575893,0.62525034,0.5972746,1,1,1,1,1
2023-06-10,6,1,0.5423229306849615,0.5986013254096008,0.19064647,0.48822728,1,1,1,0,0
2023-06-11,6,0,0.5190753574486648,0.5370675546081184,0.38788632,0.50325054,1,1,1,0,1
2023-06-12,6,1,0.533212557612049,0.5496042726426953,0.4611118,0.48014823,1,1,1,0,0
2023-06-13,6,0,0.5861254667136748,0.5897115896135312,0.5399316,0.5902038,1,1,1,1,1
2023-06-14,6,1,0.5780105529815672,0.5324476216076284,0.6953419,0.5034773,1,1,1,1,1
2023-06-15,6,1,0.517943228707665,0.5025107632897032,0.7088902,0.6081418,1,1,1,1,1
2023-06-16,6,1,0.49654632044981206,0.5021003482664458,0.8172561,0.5557509,1,0,1,1,1
2023-06-17,6,0,0.5285255202088611,0.5198598929170895,0.89169043,0.57107514,1,1,1,1,1
2023-06-18,6,1,0.576257260206858,0.5663818550494033,0.7392329,0.5422433,1,1,1,1,1
2023-06-19,6,1,0.51736233164092,0.5102639552062018,0.2462966,0.6511529,1,1,1,0,1
2023-06-20,6,1,0.5594103687975457,0.485475752688848,0.5222241,0.55182135,1,1,0,1,1
2023-06-21,6,0,0.5470249837640121,0.5237892934410656,0.33842885,0.54329854,1,1,1,0,1
2023-06-22,6,1,0.6260958499889528,0.6280452856902555,0.22586852,0.6113137,1,1,1,0,1
2023-06-23,6,0,0.5702246775249892,0.6231638833217411,0.33428848,0.6250768,1,1,1,0,1
2023-06-24,6,0,0.580434394098758,0.5931953907338238,0.6246783,0.5720539,1,1,1,1,1
2023-06-25,6,0,0.5942734030064627,0.5865069010011981,0.8623241,0.6256455,1,1,1,1,1
2023-06-26,6,1,0.5680377375549807,0.5333019145370996,0.90153664,0.6354559,1,1,1,1,1
2023-06-27,6,0,0.5588614894362194,0.5336903222609233,0.93651426,0.68482673,1,1,1,1,1
2023-06-28,6,1,0.598157451809904,0.627310670986832,0.5400397,0.6125149,1,1,1,1,1
2023-06-29,6,1,0.5687561245762908,0.5827254106075995,0.50237024,0.63367975,1,1,1,1,1
2023-06-30,6,1,0.5491054409169033,0.5437168650345287,0.23983261,0.51885426,1,1,1,0,1
2023-07-01,6,1,0.5316548413325265,0.5279615879133549,0.3175981,0.5600631,1,1,1,0,1
2023-07-02,6,1,0.5423370408980335,0.5243790879007892,0.28528464,0.5184438,1,1,1,0,1
2023-07-03,6,0,0.528080698149379,0.49532956118761556,0.23817347,0.50854516,1,1,0,0,1
2023-07-04,6,0,0.5791920330110061,0.575193732969041,0.38919285,0.4148185,1,1,1,0,0
2023-07-05,6,0,0.556864969715098,0.5257451759818259,0.37561086,0.6215428,1,1,1,0,1
2023-07-06,6,1,0.6360906158910407,0.618752536738166,0.60720915,0.65216535,1,1,1,1,1
2023-07-07,6,0,0.48610326415493194,0.5073850092638597,0.92231214,0.66759795,1,0,1,1,1
2023-07-08,6,0,0.5166596540858618,0.5172787814602533,0.44468012,0.66319793,1,1,1,0,1
2023-07-09,6,1,0.5506163131003976,0.5519537119864879,0.3647657,0.52018857,1,1,1,0,1
2023-07-10,6,1,0.535141867782567,0.5416651557706437,0.3165299,0.4070589,1,1,1,0,0
2023-07-11,6,0,0.5120010423868389,0.5409013567140978,0.39701638,0.40704075,1,1,1,0,0
2023-07-12,6,1,0.4731596593739328,0.49994215326045366,0.51430726,0.4563293,1,0,0,1,0
2023-07-13,6,0,0.4543430771177871,0.46598244836615793,0.25962362,0.62188995,1,0,0,0,1
2023-07-14,6,0,0.5405658214691044,0.5823795685026466,0.28775167,0.5669861,1,1,1,0,1
2023-07-15,6,0,0.540606649771442,0.5493355168340383,0.38126487,0.58819646,1,1,1,0,1
2023-07-16,6,0,0.5255576544790952,0.5345625753144098,0.622971,0.44550762,1,1,1,1,0
2023-07-17,6,0,0.5249494758889263,0.5451750072734166,0.407301,0.5255115,1,1,1,0,1
2023-07-18,6,1,0.5213916782878222,0.5407793536581805,0.5491557,0.45576593,1,1,1,1,0
2023-07-19,6,0,0.5256317024460339,0.5344625744685377,0.28395826,0.35152262,1,1,1,0,0
2023-07-20,6,1,0.5521063204497831,0.5772405611423355,0.33107513,0.46394834,1,1,1,0,0
2023-07-21,6,0,0.5252041462054116,0.5386809497728201,0.7579958,0.4029894,1,1,1,1,0
2023-07-22,6,1,0.5488903647959603,0.5700461904215186,0.2342515,0.48754117,1,1,1,0,0
2023-07-23,6,0,0.5163068372272789,0.5201944413851648,0.7802397,0.57924616,1,1,1,1,1
2023-07-24,6,1,0.5825161039090705,0.6359378408212386,0.49184468,0.476257,1,1,1,0,0
2023-07-25,6,1,0.5293980255298044,0.5008455549960967,0.61801296,0.58092237,1,1,1,1,1
2023-07-26,6,0,0.5241136044980614,0.5505806829326587,0.5050426,0.47856528,1,1,1,1,0
2023-07-27,6,1,0.612000016153945,0.6146299656078407,0.44276226,0.43375486,1,1,1,0,0
2023-07-28,6,1,0.534182898717101,0.5137264685133716,0.70380497,0.6303278,1,1,1,1,1
2023-07-29,6,0,0.5204747253247127,0.5012007095603132,0.7608784,0.54069746,1,1,1,1,1
2023-07-30,6,0,0.5417656870530827,0.5180488441605873,0.7902558,0.58877844,1,1,1,1,1
2023-07-31,6,1,0.540887956804296,0.5469547751417594,0.4787301,0.5148145,1,1,1,0,1
2023-08-01,6,0,0.5315198241560062,0.5170823195229916,0.24709523,0.4600343,1,1,1,0,0
2023-08-02,6,1,0.6169938375797873,0.6065404513107799,0.9180176,0.56970304,1,1,1,1,1
2023-08-03,6,0,0.5799174718891197,0.5762283246442823,0.7563785,0.6614729,1,1,1,1,1
2023-08-04,6,0,0.56818276685615,0.5705275631340826,0.57469046,0.48718196,1,1,1,1,0
2023-08-05,6,0,0.553150990515282,0.5350382116492801,0.45260996,0.57852995,1,1,1,0,1
2023-08-06,6,1,0.5636060491494224,0.5497833178604197,0.64029175,0.49671838,1,1,1,1,0
2023-08-07,6,1,0.5378682782071063,0.5371567325253246,0.38864842,0.43951708,1,1,1,0,0
2023-08-08,6,0,0.5567797213477805,0.502627344945604,0.9092396,0.66476566,1,1,1,1,1
2023-08-09,6,0,0.5970783623763881,0.6115469187689883,0.6220557,0.6694072,1,1,1,1,1
2023-08-10,6,0,0.5934656808936561,0.5310807318876488,0.65958214,0.6110661,1,1,1,1,1
2023-08-11,6,1,0.567599771893468,0.5464393400961104,0.84321886,0.6619322,1,1,1,1,1
2023-08-12,6,0,0.5617220309014453,0.5382921183828873,0.47345877,0.6374003,1,1,1,0,1
2023-08-13,6,1,0.5936252734071481,0.5811634914643544,0.23827733,0.5207594,1,1,1,0,1
2023-08-14,6,0,0.5533399022531633,0.5527186313728677,0.599313,0.62702525,1,1,1,1,1
2023-08-15,6,0,0.5967963459124095,0.603601298095398,0.26355895,0.5031487,1,1,1,0,1
2023-08-16,6,0,0.6189760478491182,0.6186741635509583,0.49060777,0.6337734,1,1,1,0,1
2023-08-17,6,0,0.6132270106285143,0.5534415186845597,0.7868237,0.68195516,1,1,1,1,1
2023-08-18,6,1,0.5986361380986333,0.5900041494727211,0.69558954,0.6652822,1,1,1,1,1
2023-08-19,6,1,0.5472182734298732,0.5155969668886499,0.62047327,0.6554277,1,1,1,1,1
2023-08-20,6,0,0.5368441931067371,0.5466948419565046,0.7448036,0.47083664,1,1,1,1,0
2023-08-21,6,0,0.5252210496324807,0.5351131489817329,0.78921676,0.48727778,1,1,1,1,0
2023-08-22,6,1,0.5258156081311202,0.4993523991069854,0.532831,0.49303582,1,1,0,1,0
2023-08-23,6,0,0.4798116700020706,0.4699499933415898,0.6201844,0.47744676,1,0,0,1,0
2023-08-24,6,0,0.5397671131500577,0.5605748886997887,0.14672317,0.45178458,1,1,1,0,0
2023-08-25,6,0,0.5354814971596826,0.5298613675439696,0.5301287,0.48424962,1,1,1,1,0
2023-08-26,6,1,0.5517623369458488,0.5593254097354697,0.2547711,0.45639557,1,1,1,0,0
2023-08-27,6,1,0.5195108693778012,0.513109059716848,0.40220702,0.4098564,1,1,1,0,0
2023-08-28,6,1,0.5096296824624381,0.4841521460658956,0.41307712,0.44210798,1,1,0,0,0
2023-08-29,6,0,0.44884289943678723,0.4577137626235573,0.4188839,0.530844,1,0,0,0,1
2023-08-30,6,0,0.5286190390438515,0.569899873049691,0.4288073,0.49813154,1,1,1,0,0
2023-08-31,6,0,0.589165097188867,0.610871214339931,0.426548,0.52948236,1,1,1,0,1
2023-09-01,6,1,0.5416172616681761,0.5658442853325194,0.19076674,0.5564796,1,1,1,0,1
2023-09-02,6,1,0.5253987047383716,0.5274909297657363,0.6036725,0.4634782,1,1,1,1,0
2023-09-03,6,0,0.5221038997251274,0.5511580738183559,0.1746447,0.38735092,1,1,1,0,0
2023-09-04,6,0,0.5493662174847453,0.5752213421120436,0.7271009,0.4587023,1,1,1,1,0
2023-09-05,6,0,0.5463260394692714,0.5116126378630326,0.6691647,0.5526093,1,1,1,1,1
2023-09-06,6,1,0.5514229007583246,0.5358968454210882,0.40283218,0.49066156,1,1,1,0,0
2023-09-07,6,0,0.5270316155562019,0.5349309889127345,0.610502,0.65545845,1,1,1,1,1
2023-09-08,6,0,0.5800403849038098,0.59422699877278,0.4858408,0.64477944,1,1,1,0,1
2023-09-09,6,0,0.5413093581739329,0.518486932948357,0.9015898,0.5883288,1,1,1,1,1
2023-09-10,6,0,0.5594177829128038,0.5753838942308769,0.41667575,0.51781976,1,1,1,0,1
2023-09-11,6,1,0.587342593064042,0.5453574745066896,0.37310565,0.5565556,1,1,1,0,1
2023-09-12,6,1,0.5551368357233961,0.59335218156724,0.5739462,0.6155911,1,1,1,1,1
2023-09-13,6,1,0.5016713029316627,0.5799250072225014,0.42614162,0.52785057,1,1,1,0,1
2023-09-14,6,1,0.5128660873221058,0.5531199959332999,0.69880575,0.5562716,1,1,1,1,1
2023-09-15,6,0,0.49114099741418676,0.5045264302629672,0.6120748,0.50222963,1,0,1,1,1
2023-09-16,6,0,0.5290427836332499,0.5406139715333026,0.8423047,0.44454873,1,1,1,1,0
2023-09-17,6,1,0.5100973829794282,0.5260544251790314,0.57163936,0.4571455,1,1,1,1,0
2023-09-18,6,1,0.4959618854388265,0.5053196099156255,0.66485804,0.46262106,1,0,1,1,0
2023-09-19,6,0,0.460816972591826,0.5043153217626891,0.30063608,0.52712196,1,0,1,0,1
2023-09-20,6,0,0.455612797203178,0.4740418755781938,0.5330335,0.48400503,1,0,0,1,0
2023-09-21,6,1,0.5560820486867694,0.5924610714338652,0.6922195,0.4034349,1,1,1,1,0
2023-09-22,6,0,0.5134460020388164,0.517946707411929,0.5292241,0.42963853,1,1,1,1,0
2023-09-23,6,0,0.5017210663297804,0.5325552662916481,0.6516492,0.6515387,1,1,1,1,1
2023-09-24,6,1,0.5529806907244261,0.4974013374925025,0.27752653,0.51405317,1,1,0,0,1
2023-09-25,6,0,0.5068072041352362,0.5007474950424382,0.86985457,0.6364623,1,1,1,1,1
2023-09-26,6,1,0.5534860782495239,0.562422591170504,0.20791776,0.4485302,1,1,1,0,0
2023-09-27,6,1,0.5834807485917896,0.5674862673236314,0.89372975,0.5788949,1,1,1,1,1
2023-09-28,6,0,0.5124068214238515,0.49621082776152403,0.47881866,0.55707693,1,1,0,0,1
2023-09-29,6,1,0.5622579019032764,0.5484838526131502,0.9039377,0.5290394,1,1,1,1,1
2023-09-30,6,1,0.5395211372245515,0.5398719624050506,0.83874947,0.49439594,1,1,1,1,0
2023-10-01,6,0,0.4705921381780321,0.4827302065257056,0.7151019,0.58787614,1,0,0,1,1
2023-10-02,6,0,0.5847262763767052,0.6304635733642211,0.74808997,0.5257919,1,1,1,1,1
2023-10-03,6,1,0.5421156283089125,0.5691634157439506,0.45215026,0.7572872,1,1,1,0,1
2023-10-04,6,0,0.49554458911096166,0.5379967617715579,0.59096014,0.66021925,1,0,1,1,1
2023-10-05,6,1,0.564497681988746,0.5856748353740397,0.6924437,0.50925773,1,1,1,1,1
2023-10-06,6,1,0.48232802240373,0.5387833202194203,0.8402633,0.5478496,1,0,1,1,1
2023-10-07,6,0,0.5097802638415921,0.5174854203186475,0.6220261,0.4482872,1,1,1,1,0
2023-10-08,6,0,0.5183976313377623,0.5232659073161549,0.09099701,0.4521007,1,1,1,0,0
2023-10-09,6,0,0.5212154486415141,0.5205908935536407,0.5566216,0.40762335,1,1,1,1,0
2023-10-10,6,0,0.5230021583979327,0.5209053937726911,0.82706976,0.5467625,1,1,1,1,1
2023-10-11,6,0,0.5017326798169711,0.4955663171692884,0.34579307,0.4887319,1,1,0,0,0
2023-10-12,6,1,0.5131868827268155,0.5446105396601624,0.29901746,0.562669,1,1,1,0,1
2023-10-13,6,0,0.4394658458005874,0.4748345729097762,0.43574753,0.40723178,1,0,0,0,0
2023-10-14,6,1,0.49736805376770804,0.5186182332191058,0.09157368,0.50280696,1,0,1,0,1
2023-10-15,6,1,0.47435173859042873,0.4863322405968386,0.5357502,0.37593988,1,0,0,1,0
2023-10-16,6,0,0.47162963179985334,0.5282747020441905,0.12908775,0.4386534,1,0,1,0,0
2023-10-17,6,0,0.4944050931613024,0.5181963498716283,0.26471356,0.51587296,1,0,1,0,1
2023-10-18,6,1,0.5222467304826062,0.5316705108750194,0.810548,0.5628738,1,1,1,1,1
2023-10-19,6,1,0.47184490839692755,0.5462814652888995,0.8365586,0.4184489,1,0,1,1,0
2023-10-20,6,1,0.4551900949018212,0.5075827938319563,0.25410202,0.51304185,1,0,1,0,1
2023-10-21,6,1,0.49273008007872776,0.5138608537800378,0.39202338,0.51629454,1,0,1,0,1
2023-10-22,6,1,0.5006188984543235,0.5000790224085166,0.6920377,0.521853,1,1,1,1,1
2023-10-23,6,1,0.45942649653941015,0.4836701590685324,0.6827563,0.42806727,1,0,0,1,0
2023-10-24,6,1,0.49430038101711593,0.5281618151689713,0.23378576,0.56397927,1,0,1,0,1
2023-10-25,6,0,0.5024687975528527,0.5383121162493573,0.43253383,0.57225406,1,1,1,0,1
2023-10-26,6,0,0.5436572222221604,0.5940003288068268,0.5027174,0.5234154,1,1,1,1,1
2023-10-27,6,1,0.5216523649167744,0.5334929340051776,0.799827,0.62920797,1,1,1,1,1
2023-10-28,6,1,0.5274929371173834,0.5659419832284065,0.30517074,0.5105706,1,1,1,0,1
2023-10-29,6,0,0.4927319355801654,0.525736145817182,0.5307697,0.6170443,1,0,1,1,1
2023-10-30,6,1,0.5085300460089718,0.509887193503004,0.17656575,0.5329443,1,1,1,0,1
2023-10-31,6,1,0.49417932788841623,0.48728818869443935,0.75342053,0.4886901,1,0,0,1,0
2023-11-01,6,0,0.49143070550155765,0.4959101407167203,0.16503249,0.51210123,1,0,0,0,1
2023-11-02,6,0,0.5544827455584288,0.6040793517915012,0.63263977,0.5473867,1,1,1,1,1
2023-11-03,6,1,0.4990276094222408,0.48465140743591917,0.9554163,0.5388117,1,0,0,1,1
2023-11-04,6,0,0.4970038997794222,0.4840753098544759,0.32665607,0.6131743,1,0,0,0,1
2023-11-05,6,0,0.515520034513852,0.5657661452748414,0.3029083,0.44724753,1,1,1,0,0
2023-11-06,6,1,0.5481779676995111,0.5837384845875296,0.57990056,0.39438558,1,1,1,1,0
2023-11-07,6,1,0.5763766568991802,0.597728655494075,0.7282666,0.38836998,1,1,1,1,0
2023-11-08,6,1,0.5876776807388586,0.592299642083285,0.696786,0.5817565,1,1,1,1,1
2023-11-09,6,1,0.5408347055390134,0.5479192533915731,0.43831402,0.5251323,1,1,1,0,1
2023-11-10,6,0,0.5616554215848267,0.5937718486674605,0.6518539,0.49600682,1,1,1,1,0
2023-11-11,6,0,0.5749663216473309,0.6050520410106767,0.43802014,0.5369482,1,1,1,0,1
2023-11-12,6,0,0.5655448961346945,0.5679411264565232,0.25063315,0.5827545,1,1,1,0,1
2023-11-13,6,0,0.6021298285065433,0.5341059142538044,0.7004014,0.65880007,1,1,1,1,1
2023-11-14,6,1,0.5827061352697124,0.5238788083588992,0.8382427,0.6797742,1,1,1,1,1
2023-11-15,6,0,0.4980623033578384,0.48323399816932716,0.922084,0.7257746,1,0,0,1,1
2023-11-16,6,1,0.5726887742709507,0.5803945907104392,0.73713213,0.5160174,1,1,1,1,1
2023-11-17,6,0,0.5273484426219683,0.4993167285507052,0.56357217,0.56891096,1,1,0,1,1
2023-11-18,6,1,0.5431691933885123,0.5525418294679223,0.37454697,0.5433402,1,1,1,0,1
2023-11-19,6,1,0.5099544823375464,0.49321232096469886,0.5551844,0.5118458,1,1,0,1,1
2023-11-20,6,0,0.5407767578536403,0.554455459817186,0.5353211,0.41155374,1,1,1,1,0
2023-11-21,6,1,0.5815486143848093,0.5511967217136374,0.58929014,0.5474508,1,1,1,1,1
2023-11-22,6,0,0.5132856693415668,0.4896193236486759,0.7019307,0.5921444,1,1,0,1,1
2023-11-23,6,1,0.5410571510259616,0.5313077091055406,0.45318577,0.5811754,1,1,1,0,1
2023-11-24,6,1,0.5260611036443649,0.5364278234001644,0.7335501,0.5950142,1,1,1,1,1
2023-11-25,6,0,0.5311695578323024,0.5000653938580816,0.598652,0.6139114,1,1,1,1,1
2023-11-26,6,0,0.5525000666488173,0.5448002300807304,0.13603777,0.5525573,1,1,1,0,1
2023-11-27,6,1,0.5311389284959779,0.5162368867458044,0.55685455,0.4561639,1,1,1,1,0
2023-11-28,6,1,0.4905284740091052,0.4674534437053521,0.5350196,0.4049807,1,0,0,1,0
2023-11-29,6,0,0.5274005276674112,0.5288650685478786,0.37166145,0.4913563,1,1,1,0,0
2023-11-30,6,1,0.5465241057778824,0.5302455579034063,0.29421726,0.41410783,1,1,1,0,0
2023-12-01,6,1,0.48139419907043757,0.4366915578264187,0.46965724,0.56355673,1,0,0,0,1
2023-12-02,6,1,0.4937539414128211,0.4949467854741162,0.45963994,0.5711185,1,0,0,0,1
2023-12-03,6,1,0.5063217109404125,0.502653509271711,0.56362134,0.5527546,1,1,1,1,1
2023-12-04,6,1,0.5293556075940875,0.4937835096518156,0.6045517,0.5675095,1,1,0,1,1
2023-12-05,6,0,0.5171966435478595,0.532189063413182,0.5165706,0.70095354,1,1,1,1,1
2023-12-06,6,0,0.5855628584250578,0.6071721814783677,0.6513402,0.64015836,1,1,1,1,1
2023-12-07,6,1,0.5903854429596292,0.6075964853210247,0.71408576,0.7320005,1,1,1,1,1
2023-12-08,6,0,0.57864774580931,0.5398813164193121,0.7347246,0.7030754,1,1,1,1,1
2023-12-09,6,1,0.6149634257012163,0.6200477533476532,0.5648358,0.58598083,1,1,1,1,1
2023-12-10,6,0,0.5860005680525685,0.575994351770434,0.65519345,0.6421938,1,1,1,1,1
2023-12-11,6,1,0.6330861448990865,0.6170911391671063,0.6413814,0.61653966,1,1,1,1,1
2023-12-12,6,1,0.5800185000344756,0.5615596832518119,0.82798564,0.6568722,1,1,1,1,1
2023-12-13,6,1,0.535719927256899,0.5657830810754657,0.30865106,0.5694848,1,1,1,0,1
2023-12-14,6,0,0.49921088607287883,0.4976797842990607,0.40286967,0.5726551,1,0,0,0,1
2023-12-15,6,1,0.5949274972779025,0.5971093283647602,0.39322096,0.5073697,1,1,1,0,1
2023-12-16,6,0,0.5482855528188977,0.5469541463976508,0.39257553,0.42025515,1,1,1,0,0
2023-12-17,6,1,0.5843838086439505,0.5805279022435286,0.26468718,0.49553108,1,1,1,0,0
2023-12-18,6,0,0.5006360917548374,0.4974843781138748,0.50447583,0.6309131,1,1,0,1,1
2023-12-19,6,1,0.5416913490590285,0.5187748717414091,0.66295636,0.5735552,1,1,1,1,1
2023-12-20,6,1,0.5014059386682019,0.46453613166414326,0.5607666,0.5137736,1,1,0,1,1
2023-12-21,6,1,0.5215707441911314,0.5194536973766665,0.38683987,0.48271462,1,1,1,0,0
2023-12-22,6,0,0.5177078945186635,0.5446937213927893,0.5782204,0.47785163,1,1,1,1,0
2023-12-23,7,0,0.536965195530575,0.5235980324349775,0.42861634,0.6733696,1,1,1,0,1
2023-12-24,7,1,0.5783625515317931,0.5639118046827334,0.29366654,0.5705769,1,1,1,0,1
2023-12-25,7,0,0.5134124256497733,0.5076414970430387,0.22821301,0.57485247,1,1,1,0,1
2023-12-26,7,1,0.5644267830454982,0.5720920492032112,0.6335649,0.5587452,1,1,1,1,1
2023-12-27,7,0,0.5058752023074904,0.49060951106677014,0.239943,0.5901498,1,1,0,0,1
2023-12-28,7,0,0.5689187556795883,0.5539747745468283,0.45127302,0.6290295,1,1,1,0,1
2023-12-29,7,1,0.5671231217047246,0.5495556874890579,0.6785392,0.49582505,1,1,1,1,0
2023-12-30,7,1,0.5453120141165447,0.5346075707529011,0.6357359,0.72214884,1,1,1,1,1
2023-12-31,7,1,0.5614896361026347,0.5799429430079117,0.656991,0.58206135,1,1,1,1,1
2024-01-01,7,1,0.48863485154074354,0.48762757087992914,0.8316509,0.5920994,1,0,0,1,1
2024-01-02,7,0,0.5329454894595718,0.549692666133933,0.5886405,0.62267715,1,1,1,1,1
2024-01-03,7,1,0.599796385922277,0.6125111108550576,0.4802882,0.62438655,1,1,1,0,1
2024-01-04,7,0,0.5421347444938399,0.5155118289406976,0.23229937,0.47241262,1,1,1,0,0
2024-01-05,7,0,0.5315177643328992,0.51955431471813,0.5373864,0.396804,1,1,1,1,0
2024-01-06,7,0,0.5556035945649116,0.5349457978774448,0.39077,0.66054416,1,1,1,0,1
2024-01-07,7,1,0.5783234167760285,0.5524904386594985,0.66126853,0.5771395,1,1,1,1,1
2024-01-08,7,0,0.5154560913066228,0.5059409223801266,0.33591926,0.61438686,1,1,1,0,1
2024-01-09,7,1,0.5789986026033858,0.5861066931696428,0.59699154,0.5537184,1,1,1,1,1
2024-01-10,7,0,0.5609015989554363,0.5255715166988492,0.51426977,0.60831374,1,1,1,1,1
2024-01-11,7,0,0.587755803575074,0.5572169863492487,0.53989995,0.3693376,1,1,1,1,0
2024-01-12,7,0,0.592508667284224,0.5880768362670471,0.40238205,0.6410519,1,1,1,0,1
2024-01-13,7,0,0.5502003388609857,0.5329056127611824,0.71353155,0.86396843,1,1,1,1,1
2024-01-14,7,1,0.5752355743427602,0.5668055254493791,0.28329358,0.28159308,1,1,1,0,0
2024-01-15,7,1,0.5212808582569458,0.5250827140958148,0.27609047,0.80257946,1,1,1,0,1
2024-01-16,7,0,0.49263282295448513,0.4922193858802201,0.76001817,0.3829065,1,0,0,1,0
2024-01-17,7,0,0.5394710355479121,0.5468836477629773,0.40051764,0.52157944,1,1,1,0,1
2024-01-18,7,1,0.5695750329147377,0.5830913998502765,0.62410784,0.7625477,1,1,1,1,1
2024-01-19,7,1,0.5369169969974135,0.5253814648377082,0.9178593,0.64926505,1,1,1,1,1
2024-01-20,7,0,0.5457907634308763,0.5470101745501441,0.5408014,0.3646645,1,1,1,1,0
2024-01-21,7,0,0.574743311680478,0.5827575532939335,0.2460273,0.49910793,1,1,1,0,0
2024-01-22,7,1,0.6154532570288006,0.6068658917273192,0.3546259,0.49070707,1,1,1,0,0
2024-01-23,7,1,0.5183369315826792,0.4682400157201316,0.5021122,0.83225715,1,1,0,1,1
2024-01-24,7,0,0.5285609145731394,0.5211609229496329,0.40446204,0.36270514,1,1,1,0,0
2024-01-25,7,1,0.5499155763605407,0.5901187402488688,0.33488354,0.48616472,1,1,1,0,0
2024-01-26,7,1,0.5065053100871704,0.5700771327357296,0.4362198,0.5895089,1,1,1,0,1
2024-01-27,7,0,0.5093856868139035,0.5621354548687286,0.50001097,0.43929377,1,1,1,1,0
2024-01-28,7,1,0.5659194180670628,0.5724767670572057,0.4451331,0.69451463,1,1,1,0,1
2024-01-29,7,0,0.5016606551180209,0.558106281000992,0.3622917,0.397893,1,1,1,0,0
2024-01-30,7,0,0.5609480562127422,0.541781226240329,0.62899816,0.5483875,1,1,1,1,1
2024-01-31,7,1,0.5284893590960724,0.5264689767352496,0.27795678,0.5296718,1,1,1,0,1
2024-02-01,7,1,0.48778975805836594,0.6074890528965634,0.22829692,0.6998088,1,0,1,0,1
2024-02-02,7,0,0.5293740775304342,0.5573153626406352,0.30207413,0.8183715,1,1,1,0,1
2024-02-03,7,0,0.5648199276621009,0.5393758168415155,0.27118275,0.44338453,1,1,1,0,0
2024-02-04,7,1,0.5621148585735816,0.5682843120737406,0.38658014,0.40832013,1,1,1,0,0
2024-02-05,7,1,0.552167124727986,0.5538421991195689,0.51702267,0.75423056,1,1,1,1,1
2024-02-06,7,1,0.5185048662406015,0.5055974340902877,0.7620332,0.6863902,1,1,1,1,1
2024-02-07,7,1,0.49034339664316123,0.5100487186117644,0.71461034,0.6240674,1,0,1,1,1
2024-02-08,7,1,0.5084880332095322,0.5256598372485308,0.5288833,0.59374666,1,1,1,1,1
2024-02-09,7,1,0.518293189469702,0.5253432871161494,0.5000604,0.5667741,1,1,1,1,1
2024-02-10,7,1,0.5237874169553409,0.5103533037372016,0.6459967,0.55638367,1,1,1,1,1
2024-02-11,7,1,0.5291860361017311,0.4991540459111421,0.8111192,0.59944785,1,1,0,1,1
2024-02-12,7,0,0.5202229967242785,0.5527935936079708,0.6620166,0.59225506,1,1,1,1,1
2024-02-13,7,1,0.5670055369624792,0.5863584131145,0.5475414,0.50553274,1,1,1,1,1
2024-02-14,7,1,0.5209580294628219,0.4949079005802632,0.3479532,0.5524056,1,1,0,0,1
2024-02-15,7,1,0.5708875187874013,0.5973525821193507,0.7374786,0.6008034,1,1,1,1,1
2024-02-16,7,0,0.5486320089711197,0.5198652527424261,0.29437,0.62259114,1,1,1,0,1
2024-02-17,7,1,0.5520170941401392,0.5614264988772419,0.7024959,0.27618605,1,1,1,1,0
2024-02-18,7,0,0.5276919775769932,0.5029817342295518,0.63662434,0.35070866,1,1,1,1,0
2024-02-19,7,1,0.6074215290258006,0.4900426055785634,0.4593228,0.5520696,1,1,0,0,1
2024-02-20,7,0,0.5189963383616774,0.5461706313439921,0.33216727,0.76428473,1,1,1,0,1
2024-02-21,7,0,0.5354568664155137,0.5685313392724263,0.53996927,0.46389368,1,1,1,1,0
2024-02-22,7,0,0.5881627715997843,0.5865247876813374,0.40742543,0.29507685,1,1,1,0,0
2024-02-23,7,1,0.5807568496701151,0.5698313660282938,0.69648284,0.68336266,1,1,1,1,1
2024-02-24,7,1,0.5007270610245437,0.5389167057971226,0.51156366,0.575044,1,1,1,1,1
2024-02-25,7,1,0.5238858105342413,0.5543017090936576,0.5880632,0.7038624,1,1,1,1,1
2024-02-26,7,1,0.48772398815748674,0.5032854693085379,0.38555187,0.5053326,1,0,1,0,1
2024-02-27,7,1,0.4743774041190197,0.47082456577677706,0.6367619,0.5152723,1,0,0,1,1
2024-02-28,7,0,0.46394036839616476,0.45966187873293357,0.44035295,0.6760645,1,0,0,0,1
2024-02-29,7,1,0.5448255265264383,0.6097135353625085,0.37370497,0.48220527,1,1,1,0,0
2024-03-01,7,0,0.478817089382721,0.4689715903184042,0.52022856,0.6522372,1,0,0,1,1
2024-03-02,7,1,0.5270882949221921,0.5193974476170371,0.42837733,0.64161235,1,1,1,0,1
2024-03-03,7,1,0.4882685486051635,0.510907108538771,0.16477087,0.8818278,1,0,1,0,1
2024-03-04,7,0,0.4431365992248432,0.42479481896547866,0.41005218,0.60036284,1,0,0,0,1
2024-03-05,7,1,0.5214852566884276,0.5798582779934529,0.5273921,0.5534658,1,1,1,1,1
2024-03-06,7,1,0.49337945558274293,0.46480906413954787,0.4557291,0.40541738,1,0,0,0,0
2024-03-07,7,1,0.49934454440399634,0.5495006736467954,0.2969347,0.45725697,1,0,1,0,0
2024-03-08,7,1,0.4975395829826025,0.5192564167735759,0.3684729,0.41952866,1,0,1,0,0
2024-03-09,7,1,0.5004135900162324,0.5162436831783463,0.76386124,0.73953897,1,1,1,1,1
2024-03-10,7,1,0.5275445390639639,0.5423976919356918,0.8624927,0.7046683,1,1,1,1,1
2024-03-11,7,0,0.4709685696934031,0.4735869986242491,0.87612355,0.59927803,1,0,0,1,1
2024-03-12,7,1,0.5122628167868053,0.5609768931774326,0.8465097,0.5180269,1,1,1,1,1
2024-03-13,7,0,0.4956984097796672,0.5063394961539762,0.76722604,0.52216405,1,0,1,1,1
2024-03-14,7,0,0.5317168662410566,0.5958900429393459,0.7175618,0.46046826,1,1,1,1,0
2024-03-15,7,0,0.5383898797417275,0.6040101068193673,0.62682617,0.5072514,1,1,1,1,1
2024-03-16,7,1,0.5955367481332682,0.5600675781192056,0.3090202,0.56827575,1,1,1,0,1
2024-03-17,7,0,0.4743164275411967,0.4987998729135466,0.9007085,0.5590554,1,0,0,1,1
2024-03-18,7,0,0.5260973656121211,0.5546622084662907,0.43478763,0.4922603,1,1,1,0,0
2024-03-19,7,1,0.6186516782779938,0.5905231889846206,0.47560742,0.61742294,1,1,1,0,1
2024-03-20,7,0,0.5020360624487266,0.5483497279121532,0.555771,0.81473345,1,1,1,1,1
2024-03-21,7,0,0.5572095115500959,0.5281190831225464,0.90243226,0.5225785,1,1,1,1,1
2024-03-22,7,1,0.5810671968201041,0.559307638445169,0.37817752,0.5244858,1,1,1,0,1
2024-03-23,7,1,0.5576216647172481,0.5436224223403625,0.30295596,0.5743853,1,1,1,0,1
2024-03-24,7,1,0.489260029917854,0.5199754363846295,0.63865364,0.64493185,1,0,1,1,1
2024-03-25,7,1,0.4685266965892854,0.47577754032387765,0.3779682,0.45756575,1,0,0,0,0
2024-03-26,7,0,0.5149527350713642,0.5458975818149893,0.31456202,0.5862002,1,1,1,0,1
2024-03-27,7,1,0.5271109141693164,0.5313495047801547,0.2520134,0.65078044,1,1,1,0,1
2024-03-28,7,0,0.4677827697913501,0.52542633035511,0.09580039,0.6120635,1,0,1,0,1
2024-03-29,7,0,0.5136679324415762,0.517715102080218,0.27525976,0.50819904,1,1,1,0,1
2024-03-30,7,1,0.5445079365868205,0.5109456225223167,0.21236908,0.6938352,1,1,1,0,1
2024-03-31,7,0,0.4726461065959194,0.5170243497264151,0.70919186,0.47981492,1,0,1,1,0
2024-04-01,7,0,0.5085589667720158,0.5490346288187579,0.6769068,0.82436657,1,1,1,1,1
2024-04-02,7,1,0.5391204619499624,0.5594102433576942,0.44823238,0.76676553,1,1,1,0,1
2024-04-03,7,1,0.4828436857020253,0.471652930908611,0.7452845,0.72968566,1,0,0,1,1
2024-04-04,7,0,0.431771672243538,0.4856504997352019,0.41240168,0.52163595,1,0,0,0,1
2024-04-05,7,1,0.4660463842431536,0.49738060267998657,0.30073056,0.462491,1,0,0,0,0
2024-04-06,7,1,0.47095329240264044,0.4777512419552201,0.4753097,0.60253847,1,0,0,0,1
2024-04-07,7,1,0.49517101180908357,0.5206341095951995,0.4080506,0.51467943,1,0,1,0,1
2024-04-08,7,0,0.45752996237934773,0.4798232395850097,0.105874054,0.54437774,1,0,0,0,1
2024-04-09,7,1,0.518734088904604,0.5444412549886964,0.5314108,0.49051172,1,1,1,1,0
2024-04-10,7,0,0.4607688082978162,0.483257391851106,0.58943486,0.806043,1,0,0,1,1
2024-04-11,7,0,0.5014639791068515,0.5455976696227123,0.2615137,0.3158986,1,1,1,0,0
2024-04-12,7,0,0.5121314444254446,0.593033155731649,0.30347386,0.47831836,1,1,1,0,0
2024-04-13,7,1,0.5213237364200163,0.5733128607991681,0.46339542,0.4597617,1,1,1,0,0
2024-04-14,7,0,0.44742859095815124,0.46474107431430733,0.7446038,0.57919306,1,0,0,1,1
2024-04-15,7,1,0.5120414058518985,0.5673402475885796,0.29005077,0.40317944,1,1,1,0,0
2024-04-16,7,0,0.4585480578413117,0.47254243726271694,0.30221418,0.64029866,1,0,0,0,1
2024-04-17,7,1,0.5209926688207999,0.5499579775676395,0.78843945,0.3764629,1,1,1,1,0
2024-04-18,7,1,0.4527681222750629,0.48553513317381103,0.35272703,0.5067317,1,0,0,0,1
2024-04-19,7,1,0.45551688235651056,0.48095953822939164,0.68402773,0.44395265,1,0,0,1,0
2024-04-20,7,0,0.45612802072269926,0.4819234629863277,0.5534576,0.36484295,1,0,0,1,0
2024-04-21,7,1,0.4952279710039745,0.5476546094136276,0.45505202,0.4702531,1,0,1,0,0
2024-04-22,7,0,0.4906671145145031,0.5126920025409799,0.59241927,0.6599952,1,0,1,1,1
2024-04-23,7,0,0.5432167506275638,0.5725703806988669,0.31109205,0.44220605,1,1,1,0,0
2024-04-24,7,1,0.5788607899826439,0.5952589760816387,0.78261286,0.76462305,1,1,1,1,1
2024-04-25,7,0,0.5215930448766092,0.5311116684778704,0.31650078,0.39832792,1,1,1,0,0
2024-04-26,7,0,0.5505388226243666,0.5546384236253957,0.48302087,0.5499351,1,1,1,0,1
2024-04-27,7,0,0.5215166772851064,0.5117626555109573,0.79800344,0.7897249,1,1,1,1,1
2024-04-28,7,1,0.5534360995774237,0.5632989211026207,0.49196354,0.3405311,1,1,1,0,0
2024-04-29,7,0,0.4905653304227485,0.5153250046163176,0.8913454,0.7517854,1,0,1,1,1
2024-04-30,7,0,0.5740133857132033,0.6297836309726242,0.3068498,0.29616565,1,1,1,0,0
2024-05-01,7,1,0.5642996146924397,0.6002006851182151,0.84655255,0.6076553,1,1,1,1,1
2024-05-02,7,1,0.5088383695637876,0.5151284060862343,0.10989829,0.50970536,1,1,1,0,1
2024-05-03,7,1,0.4783400758385371,0.5149562732793911,0.71627504,0.5089545,1,0,1,1,1
2024-05-04,7,1,0.5070549101355833,0.5240791123452851,0.38525665,0.4756028,1,1,1,0,0
2024-05-05,7,0,0.5285162121022575,0.5116544567495533,0.5466629,0.668255,1,1,1,1,1
2024-05-06,7,0,0.5715673854408477,0.5459895040379937,0.5115983,0.47880608,1,1,1,1,0
2024-05-07,7,0,0.5829518990333215,0.5515756988681944,0.37756225,0.6732523,1,1,1,0,1
2024-05-08,7,1,0.5783524434962649,0.5333926794880042,0.49139547,0.49021265,1,1,1,0,0
2024-05-09,7,0,0.5031132136756532,0.5967127170389476,0.5470672,0.8034037,1,1,1,1,1
2024-05-10,7,1,0.5501945407878478,0.5177523804350816,0.52214897,0.44217536,1,1,1,1,0
2024-05-11,7,1,0.538768940781099,0.5564081058751882,0.08359314,0.31663445,1,1,1,0,0
2024-05-12,7,1,0.5013296078374978,0.5104453954329574,0.14318657,0.4753329,1,1,1,0,0
2024-05-13,7,0,0.49771675546419186,0.5136467696454678,0.62015444,0.4061172,1,0,1,1,0
2024-05-14,7,1,0.5503709582818085,0.5475202980188771,0.56921047,0.45519117,1,1,1,1,0
2024-05-15,7,0,0.46545430034009266,0.5344316570125214,0.24128698,0.6310524,1,0,1,0,1
2024-05-16,7,1,0.5350862640378227,0.5610578380387204,0.8295657,0.42733428,1,1,1,1,0
2024-05-17,7,0,0.49040268034588247,0.5339123485996892,0.39153257,0.5692434,1,0,1,0,1
2024-05-18,7,0,0.5260522196467805,0.5332018639402913,0.51376104,0.47289678,1,1,1,1,0
2024-05-19,7,1,0.5490733625266226,0.5501034754768254,0.61367,0.66165054,1,1,1,1,1
2024-05-20,7,0,0.4514281072548059,0.48461482603239964,0.42306337,0.74460155,1,0,0,0,1
2024-05-21,7,0,0.5268242723880764,0.5598346243548896,0.67638314,0.46544513,1,1,1,1,0
2024-05-22,7,0,0.5710329833024018,0.5745735297502657,0.6305683,0.43825722,1,1,1,1,0
2024-05-23,7,1,0.5603707157991864,0.5837275422063033,0.15311505,0.40937293,1,1,1,0,0
2024-05-24,7,1,0.525482538577114,0.521189594388251,0.67725635,0.54541945,1,1,1,1,1
2024-05-25,7,0,0.5188858494508706,0.5334625398406861,0.48224038,0.5635618,1,1,1,0,1
2024-05-26,7,1,0.5587093941115802,0.5723245959455496,0.51677173,0.60529983,1,1,1,1,1
2024-05-27,7,0,0.5313773870085551,0.5522282583082435,0.9256106,0.56687975,1,1,1,1,1
2024-05-28,7,0,0.5327311903759887,0.548187398802491,0.3591397,0.4376367,1,1,1,0,0
2024-05-29,7,1,0.5446811015267287,0.549956966328125,0.54107994,0.44908026,1,1,1,1,0
2024-05-30,7,0,0.5033322475744474,0.4966342856849069,0.7790921,0.4219871,1,1,0,1,0
2024-05-31,7,1,0.5397966998623825,0.5611474176798295,0.21259226,0.5531064,1,1,1,0,1
2024-06-01,7,1,0.5042774059985315,0.5299680344412075,0.8466563,0.6048048,1,1,1,1,1
2024-06-02,7,1,0.5254640903419899,0.539932841368469,0.28808787,0.37085825,1,1,1,0,0
2024-06-03,7,1,0.5022845138683065,0.5168392288773878,0.7458522,0.6884385,1,1,1,1,1
2024-06-04,7,1,0.4645721129860623,0.48256936482912777,0.18811633,0.31243825,1,0,0,0,0
2024-06-05,7,0,0.491722409093262,0.5010759714384269,0.42822957,0.5519081,1,0,1,0,1
2024-06-06,7,0,0.493129518782007,0.5174048356244829,0.6889122,0.48768732,1,0,1,1,0
2024-06-07,7,0,0.584053192131741,0.6371907815902798,0.33745378,0.3116781,1,1,1,0,0
2024-06-08,7,1,0.5605381287635882,0.5742792987992545,0.16758633,0.4538304,1,1,1,0,0
2024-06-09,7,0,0.4955859373431493,0.5101918239111647,0.7784356,0.5828133,1,0,1,1,1
2024-06-10,7,0,0.5510590433288479,0.5585881122146927,0.5781236,0.56753826,1,1,1,1,1
2024-06-11,7,1,0.5591985939932312,0.631029875654497,0.44505814,0.62088114,1,1,1,0,1
2024-06-12,7,0,0.5346523210919709,0.5085032441526051,0.81188154,0.43623927,1,1,1,1,0
2024-06-13,7,0,0.5912344598811365,0.6230598831517818,0.18782862,0.50989556,1,1,1,0,1
2024-06-14,7,1,0.5483952795592415,0.5326171659481872,0.45904317,0.6192287,1,1,1,0,1
2024-06-15,7,1,0.5195435939246572,0.4988953646066773,0.39961308,0.5635852,1,1,0,0,1
2024-06-16,7,0,0.5014284257634273,0.47857019064103423,0.59710896,0.54660654,1,1,0,1,1
2024-06-17,7,0,0.5307911337828939,0.5050041609698489,0.50405496,0.61776716,1,1,1,1,1
2024-06-18,7,0,0.5618991390424306,0.5634446478111301,0.81205744,0.5806886,1,1,1,1,1
2024-06-19,7,0,0.5708004764969449,0.5772995313751249,0.2715036,0.5913463,1,1,1,0,1
2024-06-20,7,0,0.5710698728698252,0.5682303549929153,0.5184601,0.49803117,1,1,1,1,0
2024-06-21,7,1,0.5703206332357723,0.5388510948806414,0.39378712,0.75497645,1,1,1,0,1
2024-06-22,7,0,0.5525328543252658,0.523644561572295,0.33177426,0.6246672,1,1,1,0,1
2024-06-23,7,0,0.6236995151476225,0.5768230418818986,0.36087355,0.65046144,1,1,1,0,1
2024-06-24,7,1,0.6019168558097313,0.588304954451535,0.3691087,0.5910556,1,1,1,0,1
2024-06-25,7,0,0.5258362702262928,0.47097912065209313,0.55938,0.83168197,1,1,0,1,1
2024-06-26,7,1,0.6163398106279926,0.5635417378183153,0.5066911,0.5451353,1,1,1,1,1
2024-06-27,7,0,0.5391306018965198,0.48362659227841454,0.41360503,0.67535985,1,1,0,0,1
2024-06-28,7,1,0.5886550507835087,0.5694484596517927,0.6175088,0.5216519,1,1,1,1,1
2024-06-29,7,1,0.5285486832664894,0.470253508432757,0.28383052,0.550083,1,1,0,0,1
2024-06-30,7,1,0.5001936312800667,0.4813121613422026,0.6779261,0.70476,1,1,0,1,1
2024-07-01,7,0,0.5579358916802319,0.5463093568284334,0.67328686,0.63964844,1,1,1,1,1
2024-07-02,7,0,0.592209771581206,0.5592770393695499,0.48949814,0.624703,1,1,1,0,1
2024-07-03,7,0,0.5618120262390092,0.5542023040638633,0.27470127,0.42684242,1,1,1,0,0
2024-07-04,7,0,0.5956243999546981,0.5958284295201631,0.4128733,0.41928664,1,1,1,0,0
2024-07-05,7,1,0.5140105400626951,0.5273313503361965,0.19421421,0.67265546,1,1,1,0,1
2024-07-06,7,0,0.4884923963397224,0.4819581200556932,0.40009826,0.36916742,1,0,0,0,0
2024-07-07,7,1,0.5800181442236204,0.5720888717970781,0.62726533,0.5787648,1,1,1,1,1
2024-07-08,7,1,0.5420450584309099,0.49620079880344853,0.25088802,0.5015154,1,1,0,0,1
2024-07-09,7,0,0.5084087287544325,0.485448976915281,0.58377117,0.52160317,1,1,0,1,1
2024-07-10,7,0,0.5716343587846462,0.5892438930993018,0.6791145,0.62901235,1,1,1,1,1
2024-07-11,7,1,0.5759293715743012,0.5729024583521237,0.53893006,0.5662881,1,1,1,1,1
2024-07-12,7,1,0.5446715632125142,0.6395992109436518,0.58865076,0.54002094,1,1,1,1,1
2024-07-13,7,1,0.5326061915783873,0.5921068484804113,0.5889015,0.8396462,1,1,1,1,1
2024-07-14,7,1,0.525924610219226,0.5213144478694723,0.74933445,0.7773026,1,1,1,1,1
2024-07-15,7,1,0.4973773997425242,0.6014750890301461,0.7329291,0.8445336,1,0,1,1,1
2024-07-16,7,0,0.5333094159674533,0.6256516459089575,0.70421636,0.6587819,1,1,1,1,1
2024-07-17,7,0,0.6080159785131352,0.5706070158819128,0.6291589,0.8344922,1,1,1,1,1
2024-07-18,7,1,0.5741870014347683,0.5601894119394017,0.30305955,0.63187796,1,1,1,0,1
2024-07-19,7,1,0.5371261411724364,0.49136546558085503,0.3363616,0.87649304,1,1,0,0,1
2024-07-20,7,1,0.5540197056949939,0.5143187931667883,0.5277685,0.7771766,1,1,1,1,1
2024-07-21,7,0,0.5415301345776199,0.4958410908359094,0.6945215,0.68850124,1,1,0,1,1
2024-07-22,7,0,0.5833998814351605,0.5609844571932538,0.57882196,0.65119886,1,1,1,1,1
2024-07-23,7,0,0.6101787739863109,0.5752022306663624,0.5460981,0.38813895,1,1,1,1,0
2024-07-24,7,1,0.5949317709136013,0.5587304686021595,0.4389747,0.5481091,1,1,1,0,1
2024-07-25,7,1,0.5688147766031539,0.544517246793779,0.59231883,0.7294268,1,1,1,1,1
2024-07-26,7,0,0.5443595343612011,0.5197496053270231,0.4821502,0.45129538,1,1,1,0,0
2024-07-27,7,1,0.5847191784777047,0.5817851754650105,0.4657741,0.5464023,1,1,1,0,1
2024-07-28,7,0,0.552118395821783,0.5263741753256823,0.55437243,0.58289343,1,1,1,1,1
2024-07-29,7,0,0.6152088430824544,0.5672774738733563,0.47122362,0.41278055,1,1,1,0,0
2024-07-30,7,0,0.5806336313486196,0.547412830216011,0.28375435,0.38314041,1,1,1,0,0
2024-07-31,7,1,0.6017439354801126,0.5922392923101224,0.3377433,0.8341462,1,1,1,0,1
2024-08-01,7,0,0.5164218252024593,0.48444474665017945,0.35061288,0.6385419,1,1,0,0,1
2024-08-02,7,0,0.5846419793061252,0.6128033101482976,0.4439414,0.64576226,1,1,1,0,1
2024-08-03,7,0,0.5608528389201834,0.5415992204957738,0.23885123,0.5448034,1,1,1,0,1
2024-08-04,7,0,0.5697598287738038,0.6128217647306592,0.84918934,0.56073517,1,1,1,1,1
2024-08-05,7,1,0.5576560534939226,0.5980047422530925,0.12930147,0.59604377,1,1,1,0,1
2024-08-06,7,0,0.5184532565153708,0.46769114730701355,0.9116326,0.47216287,1,1,0,1,0
2024-08-07,7,1,0.5512081685625992,0.5745535747853485,0.22697432,0.47805282,1,1,1,0,0
2024-08-08,7,0,0.46104504885588315,0.4735277566184282,0.564782,0.7151957,1,0,0,1,1
2024-08-09,7,1,0.5011922125773771,0.4889159083679896,0.5449121,0.48977983,1,1,0,1,0
2024-08-10,7,0,0.5271083049038472,0.4807311516350748,0.40267944,0.5091897,1,1,0,0,1
2024-08-11,7,1,0.5724469862663341,0.5912150683250715,0.31643605,0.53970915,1,1,1,0,1
2024-08-12,7,1,0.5072572856700724,0.48692963693455,0.6737859,0.4219761,1,1,0,1,0
2024-08-13,7,0,0.4941032089912529,0.5000404690433777,0.14321107,0.5103644,1,0,1,0,1
2024-08-14,7,0,0.5657395572039041,0.5883330627242979,0.6968951,0.500884,1,1,1,1,1
2024-08-15,7,1,0.5566894008535083,0.5542085601858677,0.13286234,0.2534183,1,1,1,0,0
2024-08-16,7,1,0.48718130196179427,0.45814481008397406,0.9256381,0.57603014,1,0,0,1,1
2024-08-17,7,0,0.48885725812956815,0.5131602525550494,0.2758133,0.5150723,1,0,1,0,1
2024-08-18,7,1,0.5689351145162753,0.5525828430561796,0.68224037,0.5668116,1,1,1,1,1
2024-08-19,7,0,0.4963979391845748,0.47332347429108745,0.28739995,0.5756521,1,0,0,0,1
2024-08-20,7,1,0.5530213143113297,0.5380913739645132,0.6591064,0.6858893,1,1,1,1,1
2024-08-21,7,0,0.4983471499089086,0.4991246229013676,0.48671952,0.58404523,1,0,0,0,1
2024-08-22,7,1,0.5508047378014801,0.5568210750277136,0.7089375,0.69721127,1,1,1,1,1
2024-08-23,7,1,0.4937036331062726,0.4905920527866104,0.56304604,0.694959,1,0,0,1,1
2024-08-24,7,1,0.5178756151866106,0.5150461132265645,0.7746218,0.46066403,1,1,1,1,0
2024-08-25,7,0,0.5436465176612163,0.537873278798942,0.7410027,0.7422031,1,1,1,1,1
2024-08-26,7,0,0.5843966328271148,0.5587955121727215,0.6739946,0.48097533,1,1,1,1,0
2024-08-27,7,0,0.5843426949560216,0.5840516543970157,0.6018215,0.6853411,1,1,1,1,1
2024-08-28,7,1,0.5582606898180241,0.5241586883807119,0.6796609,0.8145428,1,1,1,1,1
2024-08-29,7,0,0.5453503577011516,0.544920019293383,0.42937022,0.330983,1,1,1,0,0
2024-08-30,7,0,0.5539635229959732,0.5363184439120667,0.8147651,0.68416536,1,1,1,1,1
2024-08-31,7,0,0.5735872621075675,0.5775374500224181,0.4707433,0.39523,1,1,1,0,0
2024-09-01,7,1,0.5992600951831961,0.5715983370259201,0.34831756,0.38347572,1,1,1,0,0
2024-09-02,7,0,0.5197954950732028,0.5041118275909171,0.87791914,0.80163234,1,1,1,1,1
2024-09-03,7,1,0.5900942575442146,0.5745253961547393,0.31878188,0.48726895,1,1,1,0,0
2024-09-04,7,0,0.5253305837082135,0.514175543147702,0.12520954,0.64545685,1,1,1,0,1
2024-09-05,7,0,0.56201506442903,0.5947233430759747,0.6516687,0.58795136,1,1,1,1,1
2024-09-06,7,1,0.5765170782268528,0.6022819422724515,0.51997477,0.5723624,1,1,1,1,1
2024-09-07,7,1,0.5451647195403123,0.5118137679628663,0.7176114,0.46773633,1,1,1,1,0
2024-09-08,7,1,0.500873220166859,0.502451554902955,0.2510876,0.5124059,1,1,1,0,1
2024-09-09,7,1,0.48959502865890214,0.49110660293045766,0.5245404,0.59264356,1,0,0,1,1
2024-09-10,7,0,0.481664547274832,0.4977852259418558,0.43312323,0.54907894,1,0,0,0,1
2024-09-11,7,1,0.5042408037316031,0.5021496987142846,0.4117941,0.6036567,1,1,1,0,1
2024-09-12,7,1,0.46767959643334894,0.46716194324525906,0.3386934,0.6248612,1,0,0,0,1
2024-09-13,7,0,0.4380834614381458,0.4658661106432587,0.15546727,0.44374055,1,0,0,0,0
2024-09-14,7,0,0.5207350009031897,0.5172050779129436,0.4494559,0.39835382,1,1,1,0,0
2024-09-15,7,0,0.5511349081921384,0.551777517724655,0.6665427,0.6409276,1,1,1,1,1
2024-09-16,7,1,0.5585086278208137,0.5347542151569344,0.58837813,0.6177737,1,1,1,1,1
2024-09-17,7,1,0.5108571493438162,0.4803464056349599,0.34975582,0.79074275,1,1,0,0,1
2024-09-18,7,1,0.4807060975781937,0.5166478268135056,0.5387044,0.54449564,1,0,1,1,1
2024-09-19,7,1,0.5287498151142308,0.551445300641861,0.67520314,0.6709212,1,1,1,1,1
2024-09-20,7,1,0.5417846250885306,0.5330345591685177,0.62987506,0.5413277,1,1,1,1,1
2024-09-21,7,1,0.5200724151139894,0.5422642288060883,0.75013286,0.60385686,1,1,1,1,1
2024-09-22,7,0,0.524653992381335,0.5065378151928971,0.6417105,0.80174136,1,1,1,1,1
2024-09-23,7,1,0.5710539105990194,0.5306659272436426,0.44313282,0.6852584,1,1,1,0,1
2024-09-24,7,0,0.5103091316909204,0.5202157402752067,0.63997364,0.75287426,1,1,1,1,1
2024-09-25,7,1,0.5767329119413461,0.5327377987100883,0.79670346,0.8736748,1,1,1,1,1
2024-09-26,7,1,0.4987634552591227,0.4774067087423424,0.7420311,0.8285737,1,0,0,1,1
2024-09-27,7,1,0.5299651053412857,0.5407498295386998,0.8698186,0.7586803,1,1,1,1,1
2024-09-28,7,0,0.5427513016433824,0.5482027035673496,0.856299,0.7461276,1,1,1,1,1
2024-09-29,7,0,0.5658262233201659,0.5621166001956212,0.7518715,0.600944,1,1,1,1,1
2024-09-30,7,0,0.5964979164470037,0.6276056615476021,0.7054906,0.38107434,1,1,1,1,0
2024-10-01,7,0,0.5986960430633155,0.5912476469132134,0.60867625,0.53615737,1,1,1,1,1
2024-10-02,7,1,0.5676927228216698,0.5705097788093391,0.73197585,0.64514375,1,1,1,1,1
2024-10-03,7,1,0.5265259409014196,0.5188066709855205,0.57958937,0.5042548,1,1,1,1,1
2024-10-04,7,1,0.5059420161626234,0.4952650301751149,0.7540906,0.59089553,1,1,0,1,1
2024-10-05,7,1,0.5343678325947335,0.5271915808916627,0.43534315,0.61627716,1,1,1,0,1
2024-10-06,7,0,0.5091998736761028,0.46824807408675234,0.53324306,0.544755,1,1,0,1,1
2024-10-07,7,0,0.5774605667586461,0.5730277740955616,0.2624637,0.5672685,1,1,1,0,1
2024-10-08,7,0,0.5987556015318009,0.5943397850097866,0.435954,0.6108976,1,1,1,0,1
2024-10-09,7,0,0.6169028664369569,0.6168960247500495,0.378593,0.5683165,1,1,1,0,1
2024-10-10,7,1,0.5618762524894447,0.5539540078359173,0.6187499,0.89275414,1,1,1,1,1
2024-10-11,7,1,0.5051624576149428,0.5100911377180115,0.3981311,0.28172526,1,1,1,0,0
2024-10-12,7,0,0.5077210642113944,0.5454880216310224,0.33839175,0.63747835,1,1,1,0,1
2024-10-13,7,1,0.5349986477676898,0.5345085205977532,0.38037887,0.5677277,1,1,1,0,1
2024-10-14,7,1,0.5042967546070299,0.5710329686550856,0.21419075,0.559345,1,1,1,0,1
2024-10-15,7,1,0.5043214937361137,0.5189034026963779,0.4015294,0.50584054,1,1,1,0,1
2024-10-16,7,0,0.5338633769493767,0.5510783089895414,0.24300209,0.71574694,1,1,1,0,1
2024-10-17,7,1,0.537189381052043,0.57932773398101,0.21697159,0.3896825,1,1,1,0,0
2024-10-18,7,0,0.512331765109674,0.5590015208130302,0.30418327,0.7232233,1,1,1,0,1
2024-10-19,7,1,0.5374591942733413,0.5305962353076523,0.23410127,0.6978908,1,1,1,0,1
2024-10-20,7,0,0.5214605797161322,0.5424741258573288,0.37783688,0.8709573,1,1,1,0,1
2024-10-21,7,0,0.5666670747662315,0.559033265054329,0.27150884,0.68753034,1,1,1,0,1
2024-10-22,7,0,0.5234626386178514,0.5147760124416407,0.58276284,0.7284966,1,1,1,1,1
2024-10-23,7,1,0.5372206439535498,0.5490952499654579,0.5071316,0.73676467,1,1,1,1,1
2024-10-24,7,0,0.4895410529209528,0.46342654669726663,0.50559247,0.61344945,1,0,0,1,1
2024-10-25,7,1,0.5491428735937847,0.5528635123611239,0.70867616,0.5656803,1,1,1,1,1
2024-10-26,7,1,0.5024193316934801,0.49673883908425415,0.8263195,0.43641347,1,1,0,1,0
2024-10-27,7,1,0.4792798067250724,0.4781461539329053,0.7878406,0.5384884,1,0,0,1,1
2024-10-28,7,1,0.46881907983823423,0.4858323337251622,0.70215017,0.545054,1,0,0,1,1
2024-10-29,7,0,0.45897609223860175,0.48762712815287024,0.5420278,0.5842296,1,0,0,1,1
2024-10-30,7,0,0.4925221688612078,0.5205558267024882,0.6100281,0.62027985,1,0,1,1,1
2024-10-31,7,0,0.577290121207094,0.6211657859776925,0.3131109,0.7010734,1,1,1,0,1
2024-11-01,7,0,0.5857983610892061,0.5340980421100201,0.108789906,0.66545546,1,1,1,0,1
2024-11-02,7,0,0.5505165443897033,0.5471605207966997,0.70219195,0.36540252,1,1,1,1,0
2024-11-03,7,0,0.5229095513464298,0.5309257557392751,0.3974398,0.63465613,1,1,1,0,1
2024-11-04,7,1,0.5463617337623982,0.5616720050251589,0.7456039,0.5761393,1,1,1,1,1
2024-11-05,7,1,0.5136356596241803,0.490158348157705,0.6033695,0.5306758,1,1,0,1,1
2024-11-06,7,1,0.535100338878599,0.5142282185423316,0.42325994,0.47931802,1,1,1,0,0
2024-11-07,7,1,0.553381052833219,0.5494644905888204,0.6021545,0.61429137,1,1,1,1,1
2024-11-08,7,1,0.5773244738319747,0.6026492490174936,0.4906366,0.5429647,1,1,1,0,1
2024-11-09,7,1,0.5495038335970465,0.573142169803695,0.44118,0.36032954,1,1,1,0,0
2024-11-10,7,1,0.5301121862121005,0.5380638446578039,0.5180974,0.42412075,1,1,1,1,0
2024-11-11,7,0,0.5155546303516423,0.5288442870630418,0.5585801,0.5146788,1,1,1,1,1
2024-11-12,7,1,0.5672771889846399,0.5423526314805155,0.50766313,0.56525,1,1,1,1,1
2024-11-13,7,0,0.5586560617345503,0.5959479184088373,0.3874574,0.58905166,1,1,1,0,1
2024-11-14,7,1,0.6183811430037579,0.6027793850093321,0.72512645,0.40345648,1,1,1,1,0
2024-11-15,7,0,0.5256579298866961,0.5034441295548676,0.74189913,0.8591558,1,1,1,1,1
2024-11-16,7,0,0.5770986640070084,0.5877278607445381,0.7635128,0.38732892,1,1,1,1,0
2024-11-17,7,1,0.5761775369706509,0.5905045040778101,0.2390831,0.7948866,1,1,1,0,1
2024-11-18,7,1,0.5577587256398486,0.5472046258214022,0.76417,0.43042246,1,1,1,1,0
2024-11-19,7,1,0.5270033388197144,0.5253433738714359,0.42088395,0.6833344,1,1,1,0,1
2024-11-20,7,1,0.4968035616073743,0.5075874570965009,0.5070916,0.375652,1,0,1,1,0
2024-11-21,7,1,0.479154896478582,0.5094102498887255,0.4594784,0.48825616,1,0,1,0,0
2024-11-22,7,0,0.5070509321011425,0.513131800058921,0.4865231,0.44574,1,1,1,0,0
2024-11-23,7,1,0.5598438486346133,0.5632289925844347,0.21414094,0.53785115,1,1,1,0,1
2024-11-24,7,0,0.5168043421064583,0.5125984495813384,0.22959794,0.38310626,1,1,1,0,0
2024-11-25,7,0,0.6118609054472784,0.5931381426825797,0.4039301,0.7932487,1,1,1,0,1
2024-11-26,7,1,0.5865484699810251,0.566010506381652,0.22093086,0.5718542,1,1,1,0,1
2024-11-27,7,0,0.5075665290615492,0.48917100665219004,0.5404333,0.44633132,1,1,0,1,0
2024-11-28,7,1,0.5358192037485267,0.5412810125721088,0.42673647,0.598593,1,1,1,0,1
2024-11-29,7,0,0.5251191582084009,0.49711311174173267,0.26960644,0.50551856,1,1,0,0,1
2024-11-30,7,1,0.56634619350337,0.5582179898495733,0.48876515,0.42133826,1,1,1,0,0
2024-12-01,7,0,0.524039321372165,0.5146901038918956,0.3034948,0.5501373,1,1,1,0,1
2024-12-02,7,1,0.5811922881514895,0.5633258235581893,0.29791385,0.6101595,1,1,1,0,1
2024-12-03,7,1,0.5235766108898169,0.5159145553789363,0.18413758,0.51036894,1,1,1,0,1
2024-12-04,7,0,0.5077144951717728,0.48879589194426126,0.57555664,0.6755035,1,1,0,1,1
2024-12-05,7,1,0.5723751853271022,0.5907995390253008,0.28928587,0.49898794,1,1,1,0,0
2024-12-06,7,1,0.5264062409350242,0.5028344646497296,0.65522003,0.52986354,1,1,1,1,1
2024-12-07,7,1,0.53242958428713,0.5110348387383037,0.4240946,0.48955253,1,1,1,0,0
2024-12-08,7,0,0.5048254452233456,0.5090434769518525,0.47854552,0.51809853,1,1,1,0,1
2024-12-09,7,0,0.538088550951347,0.6005305975808981,0.4435048,0.514035,1,1,1,0,1
2024-12-10,7,1,0.496500880112882,0.5127321581385256,0.48247668,0.3788991,1,0,1,0,0
2024-12-11,7,0,0.42300001938130255,0.4620173680936338,0.0781222,0.46247178,1,0,0,0,0
2024-12-12,7,1,0.5355113729660581,0.5526432000597178,0.47778064,0.48628923,1,1,1,0,0
2024-12-13,7,0,0.49313581869305045,0.5054460416720193,0.30435014,0.45848235,1,0,1,0,0
2024-12-14,7,1,0.53221509454576,0.5612789182146316,0.8116265,0.6505292,1,1,1,1,1
2024-12-15,7,1,0.48643572035472943,0.48672133427872155,0.29678756,0.68612677,1,0,0,0,1
2024-12-16,7,1,0.5009447718189795,0.5310414799325236,0.62694687,0.4865975,1,1,1,1,0
2024-12-17,7,0,0.5397048573066604,0.5536295298298645,0.5372191,0.478607,1,1,1,1,0
2024-12-18,7,0,0.569543339877314,0.5965589811603657,0.43833852,0.5879029,1,1,1,0,1
2024-12-19,7,1,0.5628994699776286,0.6140633551897877,0.25252545,0.66516227,1,1,1,0,1
2024-12-20,7,0,0.4869601596572899,0.4877383210588767,0.8789222,0.32427934,1,0,0,1,0
2024-12-21,7,0,0.5331606766304169,0.565296523379339,0.2776879,0.5295854,1,1,1,0,1
2024-12-22,7,0,0.5417809865504125,0.5740738019297618,0.67243075,0.8209394,1,1,1,1,1
2024-12-23,7,1,0.5212970758443944,0.5441254338849246,0.7618472,0.47417688,1,1,1,1,0
2024-12-24,7,1,0.4749164647890799,0.5050193433529822,0.5660739,0.5155387,1,0,1,1,1
2024-12-25,7,0,0.4822034492136836,0.5107352708187068,0.45661616,0.53161514,1,0,1,0,1
2024-12-26,7,0,0.5547270000264883,0.5918048067310048,0.5647264,0.4830131,1,1,1,1,0
2024-12-27,7,1,0.5569632875487672,0.564405276060012,0.7186578,0.7644589,1,1,1,1,1
2024-12-28,7,0,0.4987691948239327,0.518438085685446,0.16328865,0.30911836,1,0,1,0,0
2024-12-29,7,0,0.5402008830376724,0.569190826042385,0.8411701,0.6021426,1,1,1,1,1
2024-12-30,7,1,0.5364309138925285,0.5620131771916013,0.8747431,0.6526488,1,1,1,1,1
2024-12-31,7,1,0.5035019440197164,0.5311737720666625,0.2768009,0.29225966,1,1,1,0,0
2025-01-01,7,1,0.4726592834685735,0.4842394047440989,0.695068,0.6911964,1,0,0,1,1
2025-01-02,7,1,0.44777950556239304,0.45841997908493487,0.3389916,0.36624324,1,0,0,0,0
2025-01-03,7,1,0.47155180133149316,0.4972511313575814,0.32791772,0.37537068,1,0,0,0,0
2025-01-04,7,1,0.4922352349140835,0.5090858196680298,0.26728165,0.5058251,1,0,1,0,1
2025-01-05,7,1,0.492808259377921,0.5084970314118624,0.35455164,0.6464852,1,0,1,0,1
2025-01-06,7,0,0.4621498967037704,0.4955474072144693,0.30943254,0.6507243,1,0,0,0,1
2025-01-07,7,0,0.5450241765415671,0.5956958912956529,0.39070934,0.5167827,1,1,1,0,1
2025-01-08,7,0,0.5185200805200558,0.5481479577332417,0.3312822,0.5679093,1,1,1,0,1
2025-01-09,7,1,0.5217105561341896,0.5561466919507472,0.2760181,0.42327577,1,1,1,0,0
2025-01-10,7,0,0.4455250903604803,0.4538175179512585,0.594769,0.50448155,1,0,0,1,1
2025-01-11,7,0,0.4665074090008554,0.4896203144611421,0.34548485,0.43560198,1,0,0,0,0
2025-01-12,7,1,0.49113192616977874,0.5314432985612266,0.53494686,0.38792577,1,0,1,1,0
2025-01-13,7,1,0.4865191864091961,0.5090714168027776,0.58295435,0.62048024,1,0,1,1,1
2025-01-14,7,1,0.4864375452719609,0.48934246699854056,0.5526285,0.46189198,1,0,0,1,0
2025-01-15,7,0,0.45328166004366355,0.5111692316493932,0.42212075,0.51234406,1,0,1,0,1
2025-01-16,7,1,0.4905629197754796,0.5008114857665784,0.29853076,0.504519,1,0,1,0,1
2025-01-17,7,0,0.4845259277775285,0.5371389282223241,0.53050196,0.65308297,1,0,1,1,1
2025-01-18,7,0,0.49529118935619415,0.5095428106945153,0.4705771,0.40573835,1,0,1,0,0
2025-01-19,7,1,0.5748653295232466,0.5432296987537941,0.37953794,0.68626934,1,1,1,0,1
2025-01-20,7,1,0.5494402271790821,0.5460296744491002,0.4900413,0.6156538,1,1,1,0,1
2025-01-21,7,0,0.4870186466161352,0.5765666816191318,0.35779223,0.6246002,1,0,1,0,1
2025-01-22,7,1,0.5751519488376273,0.5281568796673297,0.7405168,0.7246584,1,1,1,1,1
2025-01-23,7,1,0.5465236224236119,0.5450524360690533,0.5806228,0.6709727,1,1,1,1,1
2025-01-24,7,0,0.5294094263970341,0.5516060922839032,0.4131441,0.68456006,1,1,1,0,1
2025-01-25,7,0,0.529823674878985,0.5443802599460323,0.47749916,0.7543352,1,1,1,0,1
2025-01-26,7,0,0.575530696935733,0.5399509936637338,0.7067384,0.76770085,1,1,1,1,1
2025-01-27,7,0,0.5366884972211013,0.5514374782522775,0.51328665,0.62779653,1,1,1,1,1
2025-01-28,7,1,0.5541961164236223,0.5626228447074163,0.5987265,0.7333813,1,1,1,1,1
2025-01-29,7,1,0.5032151859085425,0.49956054892446417,0.20153281,0.47492695,1,1,0,0,0
2025-01-30,7,0,0.47851652510295584,0.4941302013869601,0.4783665,0.635295,1,0,0,0,1
2025-01-31,7,0,0.5389893174825796,0.5488202100228322,0.8542262,0.54749334,1,1,1,1,1
2025-02-01,7,0,0.5469099445751091,0.5429121078585445,0.9093185,0.8296566,1,1,1,1,1
2025-02-02,7,1,0.5422993750442678,0.5637051024403916,0.6820992,0.56838524,1,1,1,1,1
2025-02-03,7,0,0.4640196208072988,0.4693930661146174,0.67156243,0.662177,1,0,0,1,1
2025-02-04,7,0,0.5227309089006793,0.5570155431570061,0.2592528,0.5690966,1,1,1,0,1
2025-02-05,7,0,0.5375552152033707,0.5367855751980991,0.43625164,0.41624162,1,1,1,0,0
2025-02-06,7,0,0.5236865999100389,0.5245553298426998,0.44544613,0.432131,1,1,1,0,0
2025-02-07,7,0,0.5186984358974881,0.5387988389652142,0.25280592,0.68531257,1,1,1,0,1
2025-02-08,7,1,0.4851699751316921,0.5097599377598702,0.5716686,0.7235193,1,0,1,1,1
2025-02-09,7,1,0.4862504644564532,0.5069277841047559,0.590762,0.67470163,1,0,1,1,1
2025-02-10,7,0,0.4725815030552765,0.49539458275702875,0.19774461,0.5814993,1,0,0,0,1
2025-02-11,7,1,0.5261463279500236,0.5554242712640112,0.55794686,0.5050299,1,1,1,1,1
2025-02-12,7,0,0.4525429321890086,0.4478507320295978,0.46576685,0.66047037,1,0,0,0,1
2025-02-13,7,1,0.5021809239244714,0.5189025778166563,0.5954247,0.56865644,1,1,1,1,1
2025-02-14,7,1,0.5074020575632908,0.513455217959449,0.1924974,0.5322754,1,1,1,0,1
2025-02-15,7,0,0.5087304508970728,0.5254356555644186,0.49952808,0.5873624,1,1,1,0,1
2025-02-16,7,0,0.5530554263937311,0.5575239393572563,0.7503301,0.65548086,1,1,1,1,1
2025-02-17,7,0,0.5326626059917013,0.5771937977626947,0.8297004,0.8111596,1,1,1,1,1
2025-02-18,7,1,0.47859084048479245,0.5161819230182211,0.31896135,0.39611936,1,0,1,0,0
2025-02-19,7,1,0.4632191278026935,0.4819604772821409,0.50685155,0.3823895,1,0,0,1,0
2025-02-20,7,0,0.4355050925916897,0.49026204217886254,0.1073099,0.44852573,1,0,0,0,0
2025-02-21,7,1,0.4616611812167399,0.4624263700379822,0.44641945,0.44879824,1,0,0,0,0
2025-02-22,7,0,0.4448291661742538,0.4042915959561214,0.55214614,0.8421521,1,0,0,1,1
2025-02-23,7,0,0.4549891541154372,0.48290278661564207,0.5881031,0.3054793,1,0,0,1,0
2025-02-24,7,0,0.5345641849295408,0.6299092394069434,0.59321934,0.6026441,1,1,1,1,1
2025-02-25,7,0,0.531508408511279,0.5644334049891402,0.8931732,0.63743824,1,1,1,1,1
2025-02-26,7,1,0.5337787758104726,0.6160354760747712,0.3573859,0.326587,1,1,1,0,0
2025-02-27,7,0,0.5121413897237295,0.5220670666220141,0.93094444,0.631925,1,1,1,1,1
2025-02-28,7,1,0.5036257804763306,0.49690000167885257,0.42350042,0.38666674,1,1,0,0,0
2025-03-01,7,1,0.49205088434602956,0.5158898564497053,0.9156287,0.6534838,1,0,1,1,1
2025-03-02,7,0,0.4508898589548525,0.3934979292730376,0.4156727,0.49669534,1,0,0,0,0
2025-03-03,7,1,0.5429586012647933,0.5893614732654476,0.4617523,0.4889045,1,1,1,0,0
2025-03-04,7,1,0.474947510420964,0.5300462314992487,0.32815358,0.6736133,1,0,1,0,1
2025-03-05,7,0,0.4439396971886866,0.4806726996259119,0.4239928,0.38658655,1,0,0,0,0
2025-03-06,7,0,0.4899673610352653,0.5404176988071765,0.4471605,0.53684604,1,0,1,0,1
2025-03-07,7,0,0.5293311106719018,0.5950974347362127,0.49464467,0.69547164,1,1,1,0,1
2025-03-08,7,0,0.5068704855536706,0.5271759652861122,0.7422802,0.68587375,1,1,1,1,1
2025-03-09,7,0,0.5543384433331433,0.597064377457387,0.2900125,0.3181924,1,1,1,0,0
2025-03-10,7,1,0.5309678954664323,0.5803521029109409,0.8895296,0.66236377,1,1,1,1,1
2025-03-11,7,1,0.42716019723590165,0.5274209562706276,0.43995583,0.43550014,1,0,1,0,0
2025-03-12,7,0,0.44731159935274484,0.5036511937937217,0.38915166,0.48976028,1,0,1,0,0
2025-03-13,7,1,0.5014201985381105,0.5300317761486808,0.5265683,0.4588151,1,1,1,1,0
2025-03-14,7,1,0.46495246884736835,0.4691611087544332,0.69996965,0.4435022,1,0,0,1,0
2025-03-15,7,0,0.4720254947467122,0.5021808495344166,0.6785023,0.4186308,1,0,1,1,0
2025-03-16,7,1,0.5274833573820423,0.5420720969379205,0.41443703,0.3635431,1,1,1,0,0
2025-03-17,7,0,0.48136402059886324,0.486435761545002,0.20932548,0.27385083,1,0,0,0,0
2025-03-18,7,1,0.49870559940335385,0.5256320594630874,0.6520273,0.46889922,1,0,1,1,0
2025-03-19,7,0,0.4521497123777463,0.49682175240102494,0.36945817,0.17895196,1,0,0,0,0
2025-03-20,7,0,0.5354772887414011,0.5528093434605078,0.50702065,0.44082052,1,1,1,1,0
2025-03-21,7,0,0.5187747440888448,0.5059676245273879,0.2547585,0.29425862,1,1,1,0,0
2025-03-22,7,1,0.5363787465899038,0.5641357049308151,0.5288468,0.6251852,1,1,1,1,1
2025-03-23,7,1,0.47278377657431875,0.4762522691607092,0.24215655,0.5031003,1,0,0,0,1
2025-03-24,7,0,0.5080321764207163,0.5071421238282876,0.6524651,0.5924363,1,1,1,1,1
2025-03-25,7,0,0.5256596251472505,0.533337726482287,0.47140837,0.6132596,1,1,1,0,1
2025-03-26,7,1,0.5390210451986001,0.554894099188033,0.3667785,0.55017096,1,1,1,0,1
2025-03-27,7,0,0.4893009496664657,0.4949449558582088,0.38298902,0.4388159,1,0,0,0,0
2025-03-28,7,0,0.5259459392246015,0.5066891179651635,0.46129963,0.48932454,1,1,1,0,0
2025-03-29,7,0,0.5273574183623274,0.5458352042960405,0.21071568,0.18643759,1,1,1,0,0
2025-03-30,8,1,0.4955250161248084,0.5350539554758265,0.28306955,0.35752204,1,0,1,0,0
2025-03-31,8,1,0.4864141742523305,0.5174012545249609,0.5710601,0.48580456,1,0,1,1,0
2025-04-01,8,0,0.45248885775166764,0.4420172233092316,0.59745866,0.3549533,1,0,0,1,0
2025-04-02,8,1,0.5656982066277034,0.562903633469845,0.47933808,0.3669867,1,1,1,0,0
2025-04-03,8,1,0.45971779841657273,0.4557505390710812,0.52282816,0.47453406,1,0,0,1,0
2025-04-04,8,0,0.4451306020350184,0.43752546544496473,0.5671116,0.48433262,1,0,0,1,0
2025-04-05,8,0,0.47908005106348944,0.40066042513164596,0.6952864,0.49896884,1,0,0,1,0
2025-04-06,8,1,0.5809798518862939,0.5960111154427603,0.7048272,0.6101232,1,1,1,1,1
2025-04-07,8,0,0.5188221282533583,0.5859961558917522,0.5541935,0.48370934,1,1,1,1,0
2025-04-08,8,1,0.5789390441010539,0.6500638693221318,0.48864058,0.4600856,1,1,1,0,0
2025-04-09,8,0,0.49209920836328525,0.485352791587103,0.6301122,0.7441266,1,0,0,1,1
2025-04-10,8,1,0.5512030482457733,0.5944156593067839,0.32320747,0.7156334,1,1,1,0,1
2025-04-11,8,1,0.4769789131515388,0.4520803449239142,0.45913562,0.50576836,1,0,0,0,1
2025-04-12,8,0,0.4835923307330887,0.473577046725296,0.39790758,0.66588795,1,0,0,0,1
2025-04-13,8,1,0.5483979686361937,0.5606415354375666,0.37774733,0.5729432,1,1,1,0,1
2025-04-14,8,0,0.5238825336670775,0.5043340220707048,0.25407404,0.4656227,1,1,1,0,0
2025-04-15,8,1,0.5608052312559383,0.554115765242537,0.38277963,0.66088575,1,1,1,0,1
2025-04-16,8,1,0.5089502450370352,0.5185194340284536,0.38364056,0.5790835,1,1,1,0,1
2025-04-17,8,0,0.48888573890568765,0.4616519397181852,0.5872908,0.62534773,1,0,0,1,1
2025-04-18,8,1,0.5281686221604256,0.5451526598536968,0.69981515,0.43155214,1,1,1,1,0
2025-04-19,8,1,0.5006600746208979,0.4812817173185763,0.36959392,0.65355974,1,1,0,0,1
2025-04-20,8,1,0.4876731625446954,0.49454174982873217,0.6615046,0.4629396,1,0,0,1,0
2025-04-21,8,1,0.4836636426483956,0.4577414037974409,0.4459753,0.5957099,1,0,0,0,1
2025-04-22,8,1,0.4799146105283654,0.4784002115498429,0.6079617,0.3836718,1,0,0,1,0
2025-04-23,8,1,0.5250126178513853,0.5145947918834315,0.56643325,0.5253306,1,1,1,1,1
2025-04-24,8,1,0.5024713920590282,0.5060876936388666,0.68513656,0.5524277,1,1,1,1,1
2025-04-25,8,0,0.5372351171550167,0.5038639773370354,0.50897115,0.571367,1,1,1,1,1
2025-04-26,8,0,0.5447188456812531,0.5229519576707632,0.5140381,0.5337735,1,1,1,1,1
2025-04-27,8,1,0.5829404659800863,0.535963623772411,0.360785,0.47432122,1,1,1,0,0
2025-04-28,8,0,0.5196508193639943,0.47444535011462174,0.51451254,0.5599001,1,1,0,1,1
2025-04-29,8,0,0.5685424865387202,0.5327624225134826,0.58467335,0.61356413,1,1,1,1,1
2025-04-30,8,1,0.56209780297267,0.5440788019454954,0.36448884,0.5562598,1,1,1,0,1
2025-05-01,8,1,0.5686573173874478,0.5411563342611628,0.5679338,0.47923976,1,1,1,1,0
2025-05-02,8,0,0.5909530685670654,0.5427701989102972,0.70411193,0.6076728,1,1,1,1,1
2025-05-03,8,0,0.620256341657241,0.5491569962723131,0.4315217,0.5362657,1,1,1,0,1
2025-05-04,8,1,0.6174077885365232,0.5623213886091232,0.41237083,0.49943227,1,1,1,0,0
2025-05-05,8,1,0.5403286156667104,0.49958481899618723,0.6053987,0.63143647,1,1,0,1,1
2025-05-06,8,1,0.49379212516820176,0.4748882696855189,0.42874235,0.81710243,1,0,0,0,1
2025-05-07,8,1,0.5267177391123588,0.5243521250649614,0.4684751,0.5124113,1,1,1,0,1
2025-05-08,8,0,0.5324109874882821,0.5515706781311597,0.7233781,0.5687275,1,1,1,1,1
2025-05-09,8,1,0.5620804574513708,0.5715308963435535,0.5553819,0.80261743,1,1,1,1,1
2025-05-10,8,0,0.5160720323381495,0.4941062365992969,0.79609996,0.6509581,1,1,0,1,1
2025-05-11,8,0,0.5541079277431051,0.5336734059006784,0.53102523,0.48038238,1,1,1,1,0
2025-05-12,8,1,0.6269394796372372,0.6376883832499585,0.6769453,0.700856,1,1,1,1,1
2025-05-13,8,0,0.5403789287532534,0.5431135132423731,0.7761628,0.7954513,1,1,1,1,1
2025-05-14,8,1,0.5650606045444483,0.5473822432639504,0.3443946,0.53058493,1,1,1,0,1
2025-05-15,8,0,0.5392677633542262,0.5519142877053486,0.59538746,0.56833917,1,1,1,1,1
2025-05-16,8,0,0.579931234777854,0.5511300695453483,0.3473497,0.5441542,1,1,1,0,1
2025-05-17,8,1,0.5597939975806496,0.5567272641777667,0.6963826,0.58903855,1,1,1,1,1
2025-05-18,8,0,0.5230883557128386,0.5149934510335656,0.5394059,0.6616906,1,1,1,1,1
2025-05-19,8,1,0.569554695964076,0.5735459922066857,0.61689943,0.774658,1,1,1,1,1
2025-05-20,8,1,0.5216494983117612,0.5150869135963155,0.4295304,0.48441505,1,1,1,0,0
2025-05-21,8,1,0.5095743369313834,0.519369713475725,0.3200352,0.29582056,1,1,1,0,0
2025-05-22,8,0,0.4925489815039719,0.4964816595677571,0.44939932,0.5553042,1,0,0,0,1
2025-05-23,8,1,0.5889463176448047,0.5687777206474175,0.6975468,0.56015813,1,1,1,1,1
2025-05-24,8,1,0.5243514535605459,0.5380966146073074,0.70923525,0.44127232,1,1,1,1,0
2025-05-25,8,1,0.4808513471366438,0.47386667736314075,0.71260136,0.61828744,1,0,0,1,1
2025-05-26,8,0,0.5134242720732687,0.5268483353285313,0.46391842,0.5027264,1,1,1,0,1
2025-05-27,8,0,0.5523942343378831,0.5599454692216043,0.58189243,0.52960205,1,1,1,1,1
2025-05-28,8,0,0.5514518947021403,0.5593063080066057,0.69873554,0.52763957,1,1,1,1,1
2025-05-29,8,0,0.5837010011283074,0.5734300495516035,0.6949063,0.6392315,1,1,1,1,1
2025-05-30,8,1,0.5726996982957253,0.5466449574341317,0.7962381,0.6561643,1,1,1,1,1
2025-05-31,8,1,0.5072626575071415,0.4774905554632285,0.61551887,0.6767472,1,1,0,1,1
2025-06-01,8,1,0.5075769797173838,0.4740334487342135,0.5855174,0.67339736,1,1,0,1,1
2025-06-02,8,0,0.48731954253793086,0.4863047877671088,0.60465664,0.513344,1,0,0,1,1
2025-06-03,8,0,0.5423085374687285,0.5551398935638888,0.6428297,0.43633753,1,1,1,1,0
2025-06-04,8,0,0.5320741159745411,0.5419022339164553,0.5357275,0.433895,1,1,1,1,0
2025-06-05,8,1,0.5823416634524675,0.5896344546788476,0.44272178,0.5540033,1,1,1,0,1
2025-06-06,8,1,0.5239288539825838,0.5174441585533223,0.48403895,0.40039492,1,1,1,0,0
2025-06-07,8,1,0.510642695782525,0.49453725578974433,0.64950836,0.62041396,1,1,0,1,1
2025-06-08,8,1,0.5315751771135069,0.5235509435264359,0.7561119,0.5378442,1,1,1,1,1
2025-06-09,8,0,0.505910394130287,0.5524365904899017,0.68870443,0.5028813,1,1,1,1,1
2025-06-10,8,0,0.5116872213844791,0.5291783690609659,0.6748003,0.7239848,1,1,1,1,1
2025-06-11,8,0,0.5759646354881272,0.5622175910876163,0.65099293,0.6134824,1,1,1,1,1
2025-06-12,8,1,0.5768299816158298,0.5502238130590793,0.49431595,0.47934848,1,1,1,0,0
2025-06-13,8,0,0.47944582455166385,0.48482176994121373,0.6054974,0.4890743,1,0,0,1,0
2025-06-14,8,1,0.5044714600112358,0.5597103303124917,0.4269301,0.67607117,1,1,1,0,1
2025-06-15,8,1,0.5004295766076966,0.5206852159790801,0.41976917,0.491527,1,1,1,0,0
2025-06-16,8,0,0.5414621710801415,0.5522336090661337,0.38829455,0.5610871,1,1,1,0,1
2025-06-17,8,1,0.5706867501498066,0.5978362142227712,0.41953513,0.50062084,1,1,1,0,1
2025-06-18,8,0,0.5116649604895221,0.4906251426995859,0.62481064,0.50429255,1,1,0,1,1
2025-06-19,8,0,0.517625931930703,0.5347564364195425,0.5505691,0.5486276,1,1,1,1,1
2025-06-20,8,0,0.5830667154796918,0.6005370126962292,0.56208616,0.6646183,1,1,1,1,1
2025-06-21,8,0,0.5561598295081723,0.5567321269744746,0.5995847,0.5198594,1,1,1,1,1
2025-06-22,8,1,0.5681139225825134,0.585225227828574,0.57555485,0.5349141,1,1,1,1,1
2025-06-23,8,1,0.5318574717155717,0.530712915887777,0.62807125,0.49696046,1,1,1,1,0
2025-06-24,8,1,0.5498717168227024,0.5402499962759592,0.4315175,0.67760855,1,1,1,0,1
2025-06-25,8,0,0.5527318185383414,0.5387597684891665,0.7202336,0.608159,1,1,1,1,1
2025-06-26,8,1,0.6068746077125974,0.5310757422604512,0.7762349,0.58971524,1,1,1,1,1
2025-06-27,8,1,0.607983531544437,0.5699003569726944,0.7452024,0.48366538,1,1,1,1,0
2025-06-28,8,1,0.5693599326283589,0.6108359375330937,0.712044,0.70062625,1,1,1,1,1
2025-06-29,8,0,0.539819986197023,0.5906015005183972,0.72512597,0.524292,1,1,1,1,1
2025-06-30,8,0,0.6145337890334434,0.5649922250697794,0.64695185,0.43553284,1,1,1,1,0
2025-07-01,8,1,0.6060262224387549,0.5351004465803112,0.7774185,0.5758053,1,1,1,1,1
2025-07-02,8,1,0.5415794656252743,0.6417940679633852,0.82428086,0.5805953,1,1,1,1,1
2025-07-03,8,0,0.5572992453141774,0.599988125594431,0.51473373,0.81060624,1,1,1,1,1
2025-07-04,8,1,0.5870754949186345,0.5555443128103424,0.5074394,0.5057867,1,1,1,1,1
2025-07-05,8,1,0.5291782105147617,0.5008668833894528,0.47496647,0.44640136,1,1,1,0,0
2025-07-06,8,0,0.5324939397604366,0.5131715241644416,0.4246762,0.4068938,1,1,1,0,0
2025-07-07,8,1,0.5664242888982975,0.5630308283794083,0.3557981,0.6904204,1,1,1,0,1
2025-07-08,8,1,0.5194477887977337,0.48189124173817327,0.38259408,0.5638241,1,1,0,0,1
2025-07-09,8,1,0.5253815463105683,0.5266053709694098,0.5208892,0.4972925,1,1,1,1,0
2025-07-10,8,1,0.5284974181502442,0.556084480839423,0.41817418,0.50218683,1,1,1,0,1
2025-07-11,8,0,0.5203149542018095,0.5282118674693878,0.5071696,0.5744509,1,1,1,1,1
2025-07-12,8,1,0.5377291339305306,0.5472214678652767,0.776838,0.54092634,1,1,1,1,1
2025-07-13,8,1,0.4985597796794321,0.475142293286588,0.76358145,0.60975474,1,0,0,1,1
2025-07-14,8,0,0.565316407188309,0.5674997191084151,0.6675759,0.77572,1,1,1,1,1
2025-07-15,8,1,0.5576445965758664,0.567723845401113,0.9051246,0.6927199,1,1,1,1,1
2025-07-16,8,1,0.5148337488171947,0.5197130870864297,0.72295326,0.6075532,1,1,1,1,1
2025-07-17,8,0,0.5345938703181214,0.5438970580676803,0.7780372,0.40922326,1,1,1,1,0
2025-07-18,8,0,0.5563919114817295,0.5664103799335343,0.826082,0.76170826,1,1,1,1,1
2025-07-19,8,0,0.5157184977054506,0.539151697875751,0.88958985,0.69442284,1,1,1,1,1
2025-07-20,8,1,0.5385470698560186,0.5631380082956171,0.7835383,0.5798095,1,1,1,1,1
2025-07-21,8,1,0.5096106262539062,0.5562199389363611,0.7558301,0.61245286,1,1,1,1,1
2025-07-22,8,0,0.44610677550904837,0.4446626649601624,0.70169616,0.61909527,1,0,0,1,1
2025-07-23,8,0,0.5342008060314597,0.5412479452521458,0.76379097,0.625957,1,1,1,1,1
2025-07-24,8,0,0.5306754319725911,0.5357366461175652,0.58508646,0.6080744,1,1,1,1,1
2025-07-25,8,1,0.538881827192725,0.5709464003397724,0.5771014,0.65203893,1,1,1,1,1
2025-07-26,8,1,0.5209428319271732,0.5087319129781659,0.5216199,0.6180786,1,1,1,1,1
2025-07-27,8,0,0.5087748299445594,0.5042963556780594,0.56650746,0.37355664,1,1,1,1,0
2025-07-28,8,0,0.5875358347021045,0.5766587755418962,0.722652,0.6968679,1,1,1,1,1
2025-07-29,8,0,0.5441722869165895,0.5620805066972856,0.50866705,0.5336252,1,1,1,1,1
2025-07-30,8,0,0.5280357549526361,0.5257526711888544,0.4520602,0.75735664,1,1,1,0,1
2025-07-31,8,0,0.576720985658472,0.5849028505226834,0.58710766,0.36447936,1,1,1,1,0
2025-08-01,8,0,0.5233853498481791,0.5519615874622011,0.6210889,0.48301864,1,1,1,1,0
2025-08-02,8,1,0.5047538354562728,0.5762403018226397,0.5952746,0.69769865,1,1,1,1,1
2025-08-03,8,1,0.4598095948065411,0.4457331775240845,0.5490138,0.5022061,1,0,0,1,1
2025-08-04,8,0,0.4841630016243662,0.4913210221564459,0.5537699,0.5821911,1,0,0,1,1
2025-08-05,8,1,0.49924865924077827,0.5326017933789332,0.599038,0.51181376,1,0,1,1,1
2025-08-06,8,1,0.4754645057833147,0.46930426137750947,0.69463617,0.5082743,1,0,0,1,1
2025-08-07,8,0,0.4449597154850101,0.456054967498972,0.4008869,0.3672946,1,0,0,0,0
2025-08-08,8,0,0.48198799264229936,0.528245648741497,0.37537533,0.36943883,1,0,1,0,0
2025-08-09,8,1,0.5095234983767167,0.5469208121674037,0.6395768,0.4926476,1,1,1,1,0
2025-08-10,8,0,0.4488108872004922,0.4648643180098992,0.34601828,0.3924468,1,0,0,0,0
2025-08-11,8,1,0.554995461050102,0.582599735257242,0.35266465,0.4946727,1,1,1,0,0
2025-08-12,8,1,0.49355861356783165,0.4917246074293503,0.17969996,0.36250305,1,0,0,0,0
2025-08-13,8,0,0.5316419299354244,0.544444614539001,0.46753508,0.5897513,1,1,1,0,1
2025-08-14,8,0,0.6443626053373338,0.6025656036363806,0.46523884,0.4278845,1,1,1,0,0
2025-08-15,8,1,0.5806114500376011,0.5646530418932296,0.5637,0.43624565,1,1,1,1,0
2025-08-16,8,0,0.551296696724215,0.5298116620398488,0.6435553,0.3407969,1,1,1,1,0
2025-08-17,8,0,0.5670420202434904,0.5556213273357146,0.4822152,0.632227,1,1,1,0,1
2025-08-18,8,0,0.563794621497616,0.5718939860379704,0.6233847,0.70298046,1,1,1,1,1
2025-08-19,8,1,0.6121666300815132,0.6478202061551087,0.50726825,0.5815406,1,1,1,1,1
2025-08-20,8,0,0.5162551745784584,0.48774105209204166,0.5977576,0.36969522,1,1,0,1,0
2025-08-21,8,1,0.5722836194771624,0.5607224227998963,0.37430662,0.40082377,1,1,1,0,0
2025-08-22,8,0,0.5333782113283274,0.6228620529914091,0.5055958,0.6973711,1,1,1,1,1
2025-08-23,8,0,0.5592431002544977,0.5582004427388293,0.5100577,0.8280921,1,1,1,1,1
2025-08-24,8,0,0.5653272909564875,0.5855012524415302,0.44169316,0.57515234,1,1,1,0,1
2025-08-25,8,1,0.5693296240780067,0.5824351638260636,0.5642982,0.26125956,1,1,1,1,0
2025-08-26,8,0,0.49709309093776005,0.47951738841960756,0.506409,0.5838468,1,0,0,1,1
2025-08-27,8,1,0.5204200056083789,0.5632389838626634,0.4589182,0.56244564,1,1,1,0,1
2025-08-28,8,0,0.4871297540617333,0.4807758220567028,0.40824625,0.5540179,1,0,0,0,1
2025-08-29,8,1,0.5588281801104382,0.5352194936241452,0.36630246,0.41683486,1,1,1,0,0
2025-08-30,8,0,0.47116529193850654,0.4748366179625869,0.5823576,0.43276635,1,0,0,1,0
2025-08-31,8,1,0.5348625162978742,0.552710780129409,0.5745864,0.6443054,1,1,1,1,1
2025-09-01,8,1,0.5002548345140783,0.4763986563582019,0.5302658,0.54289454,1,1,0,1,1
2025-09-02,8,1,0.47667196972123926,0.4704808663082067,0.5927541,0.74220586,1,0,0,1,1
2025-09-03,8,0,0.4902400074935608,0.5173988067947111,0.73262334,0.55006325,1,0,1,1,1
2025-09-04,8,0,0.5290479504004683,0.5430523605069262,0.7711779,0.5603801,1,1,1,1,1
2025-09-05,8,0,0.5405330798653383,0.5418774610027741,0.7649991,0.59848386,1,1,1,1,1
2025-09-06,8,1,0.5265931641191112,0.546696255141056,0.87195915,0.5760429,1,1,1,1,1
2025-09-07,8,1,0.48777813065239006,0.4673750920935389,0.7222223,0.68004704,1,0,0,1,1
2025-09-08,8,0,0.49945419805340424,0.47351047977925637,0.6458802,0.52082217,1,0,0,1,1
2025-09-09,8,1,0.5385947703285278,0.5581079201256806,0.70960355,0.50097525,1,1,1,1,1
2025-09-10,8,1,0.4814608279831232,0.4664231096739283,0.65270627,0.3912059,1,0,0,1,0
2025-09-11,8,1,0.48268706410243284,0.5695442922331451,0.69354475,0.70903885,1,0,1,1,1
2025-09-12,8,0,0.49845607109855916,0.4789553007899661,0.6925908,0.49700257,1,0,0,1,0
2025-09-13,8,0,0.5002165176590334,0.5303022740884107,0.74255747,0.5133811,1,1,1,1,1
2025-09-14,8,1,0.5297523294376926,0.5524755720735345,0.61240566,0.5657549,1,1,1,1,1
2025-09-15,8,1,0.5180769157826368,0.5230537854712229,0.38254175,0.45555252,1,1,1,0,0
2025-09-16,8,0,0.46364456632296286,0.46914950128208127,0.36621064,0.646762,1,0,0,0,1
2025-09-17,8,1,0.5083459663412802,0.49446714177739887,0.6782986,0.45592064,1,1,0,1,0
2025-09-18,8,0,0.5229790665444072,0.4968951365999355,0.58191824,0.48792535,1,1,0,1,0
2025-09-19,8,1,0.5573959879264186,0.5622912993665791,0.6391306,0.51863205,1,1,1,1,1
2025-09-20,8,0,0.5277617084864851,0.5252687614705576,0.5991607,0.520626,1,1,1,1,1
2025-09-21,8,0,0.5536092043975637,0.5499631566085895,0.5254432,0.6784484,1,1,1,1,1
2025-09-22,8,0,0.5320895628187926,0.5261852456397258,0.5221693,0.50107515,1,1,1,1,1
2025-09-23,8,1,0.5022219054903668,0.5370995632437802,0.60782903,0.6515566,1,1,1,1,1
2025-09-24,8,0,0.4907974100790435,0.49374651500057537,0.5296596,0.5223918,1,0,0,1,1
2025-09-25,8,1,0.5809693109447646,0.5783314925281509,0.69914305,0.49644843,1,1,1,1,0
2025-09-26,8,0,0.4834486696018959,0.4675665914959976,0.5050027,0.4115769,1,0,0,1,0
2025-09-27,8,1,0.4643244884116606,0.5316202630922691,0.8036771,0.5664529,1,0,1,1,1
2025-09-28,8,1,0.47366434642761185,0.4779053505808248,0.77648413,0.4527932,1,0,0,1,0
2025-09-29,8,0,0.46624755443931093,0.5040080145449668,0.67991495,0.4980637,1,0,1,1,0
2025-09-30,8,1,0.4999077501353447,0.5113229425933502,0.72974813,0.49966502,1,0,1,1,0
2025-10-01,8,1,0.47746569299234437,0.502843182175832,0.69765675,0.4826778,1,0,1,1,0
2025-10-02,8,1,0.48817734268937935,0.4944426417847761,0.52621734,0.5220775,1,0,0,1,1
2025-10-03,8,1,0.5220691145236382,0.5741867896738665,0.7232251,0.53616846,1,1,1,1,1
2025-10-04,8,1,0.49988547330121724,0.5045844852211896,0.647207,0.65139383,1,0,1,1,1
2025-10-05,8,1,0.5314932561532151,0.5648462321954605,0.6617658,0.59293514,1,1,1,1,1
2025-10-06,8,0,0.5062401260320348,0.533572957773334,0.7233981,0.60108805,1,1,1,1,1
2025-10-07,8,1,0.5651235811240609,0.5376301323375247,0.81601906,0.72638994,1,1,1,1,1
2025-10-08,8,0,0.48237139462907425,0.5081715230588588,0.9332254,0.64792347,1,0,1,1,1
2025-10-09,8,0,0.5382619531298277,0.5689879129919767,0.8093397,0.52820885,1,1,1,1,1
2025-10-10,8,0,0.6545039751088567,0.5155705549592701,0.88151383,0.57304627,1,1,1,1,1
2025-10-11,8,1,0.5210152243691659,0.6057210123386357,0.9228058,0.68010515,1,1,1,1,1
2025-10-12,8,1,0.45103438204044993,0.4645114940421237,0.72723764,0.5248807,1,0,0,1,1
2025-10-13,8,0,0.46903227658488383,0.4992334471744957,0.68836045,0.33561924,1,0,0,1,0
2025-10-14,8,0,0.5059611480004977,0.5153559320974677,0.6885884,0.562673,1,1,1,1,1
2025-10-15,8,0,0.5325798908214513,0.5309030130538268,0.50671405,0.6324549,1,1,1,1,1
2025-10-16,8,0,0.5210092711706636,0.5225836437245044,0.36433345,0.596787,1,1,1,0,1
2025-10-17,8,1,0.5116193861282421,0.5767586946967602,0.4718604,0.48792025,1,1,1,0,0
2025-10-18,8,1,0.4636581484423289,0.46194231482242876,0.55901283,0.6008218,1,0,0,1,1
2025-10-19,8,1,0.46738947694699895,0.4700669845907231,0.5205797,0.5288822,1,0,0,1,1
2025-10-20,8,0,0.4749610982300773,0.49003100890546686,0.40395302,0.4387239,1,0,0,0,0
2025-10-21,8,0,0.5839055143277638,0.5423140442031408,0.37120888,0.49701104,1,1,1,0,0
2025-10-22,8,1,0.5385480110956125,0.547998902341241,0.581192,0.49247742,1,1,1,1,0
2025-10-23,8,1,0.49917666700957725,0.4930300160352442,0.40264508,0.6641442,1,0,0,0,1
2025-10-24,8,1,0.5289456072143106,0.546913570508168,0.54828423,0.64954776,1,1,1,1,1
2025-10-25,8,1,0.5158054680839297,0.5247753955583501,0.4986274,0.52710086,1,1,1,0,1
2025-10-26,8,0,0.5105360091619197,0.5244583544776824,0.5952962,0.60520554,1,1,1,1,1
2025-10-27,8,0,0.6017845443289486,0.5962882508900096,0.49077982,0.4718173,1,1,1,0,0
2025-10-28,8,0,0.6001714052481487,0.6010276786925992,0.5955726,0.51001257,1,1,1,1,1
2025-10-29,8,0,0.5978060288860162,0.6237373968255657,0.6882983,0.67411715,1,1,1,1,1
2025-10-30,8,1,0.5743463438931745,0.574563122221104,0.77176464,0.63979894,1,1,1,1,1
2025-10-31,8,1,0.5442561911573734,0.5563235007052336,0.72086686,0.36367697,1,1,1,1,0
2025-11-01,8,1,0.5309219674825566,0.5134866740379214,0.5360644,0.51822895,1,1,1,1,1
2025-11-02,8,0,0.5198681110248886,0.49805800472490247,0.6002932,0.53922224,1,1,0,1,1
2025-11-03,8,0,0.5806959322204892,0.5891604849131027,0.57192075,0.6039096,1,1,1,1,1
2025-11-04,8,1,0.5926011952976747,0.6577021967607141,0.6058069,0.57314,1,1,1,1,1
2025-11-05,8,0,0.4977998204230745,0.47840948718511006,0.6115882,0.56705034,1,0,0,1,1
2025-11-06,8,1,0.5600437421551706,0.6050652631179976,0.4552146,0.3597321,1,1,1,0,0
2025-11-07,8,0,0.4884174280857378,0.4837148904341587,0.6666637,0.54477143,1,0,0,1,1
2025-11-08,8,1,0.5225881161345534,0.5224466244447126,0.6721232,0.74427634,1,1,1,1,1
2025-11-09,8,1,0.4803412967933229,0.48739299981074097,0.6462096,0.5160032,1,0,0,1,1
2025-11-10,8,0,0.39795232047709145,0.46277822080496406,0.6865157,0.61512554,1,0,0,1,1
2025-11-11,8,0,0.5543057709267536,0.5256944335329818,0.35650855,0.49953416,1,1,1,0,0
2025-11-12,8,0,0.5289927594442129,0.5356177506493224,0.46304116,0.52536225,1,1,1,0,1
2025-11-13,8,0,0.5416411513976742,0.5628556992137315,0.44686696,0.47520632,1,1,1,0,0
2025-11-14,8,1,0.5841977605070725,0.5743641595376823,0.42663038,0.567809,1,1,1,0,1
2025-11-15,8,0,0.4985620013677201,0.4890734888106369,0.3625366,0.36406422,1,0,0,0,0
2025-11-16,8,0,0.5306413969737152,0.5528616626440346,0.61219645,0.474332,1,1,1,1,0
2025-11-17,8,1,0.5402484126902896,0.5633026182264045,0.67886907,0.55193925,1,1,1,1,1
2025-11-18,8,0,0.4652016473419655,0.4856399009095067,0.65625954,0.7393454,1,0,0,1,1
2025-11-19,8,0,0.4923268429921868,0.502285244808073,0.6404544,0.5938285,1,0,1,1,1
2025-11-20,8,0,0.562798879643435,0.6128253158162333,0.70078886,0.48286384,1,1,1,1,0
2025-11-21,8,0,0.5205632858563417,0.5772603821960663,0.5575198,0.5620115,1,1,1,1,1
2025-11-22,8,1,0.4870616981176288,0.4902200621844956,0.63386023,0.58308667,1,0,0,1,1
2025-11-23,8,1,0.47652555822415643,0.45998614255768383,0.61183,0.4579844,1,0,0,1,0
2025-11-24,8,0,0.47470327434357323,0.49262326032548026,0.36695564,0.26562122,1,0,0,0,0
2025-11-25,8,1,0.4948750222118817,0.524897825708912,0.4876583,0.6007432,1,0,1,0,1
2025-11-26,8,1,0.4520305164538104,0.4571754776067156,0.62015444,0.536598,1,0,0,1,1
2025-11-27,8,0,0.4747690256711132,0.4927991951630571,0.29173756,0.49167806,1,0,0,0,0
2025-11-28,8,0,0.5030212107937746,0.5429360546395914,0.55089873,0.49347866,1,1,1,1,0
2025-11-29,8,0,0.4779332668475312,0.5194241744794249,0.31388694,0.3923839,1,0,1,0,0
2025-11-30,8,0,0.5397399601587913,0.557795312353755,0.38430136,0.50512636,1,1,1,0,1
2025-12-01,8,1,0.5519702971669511,0.5644659280090477,0.20221049,0.43389875,1,1,1,0,0
2025-12-02,8,1,0.48565078098546133,0.47038225176238596,0.25818086,0.6917456,1,0,0,0,1
2025-12-03,8,0,0.48524191781686044,0.5015434766753004,0.6904369,0.4311911,1,0,1,1,0
2025-12-04,8,0,0.5342182017453512,0.5812934948030343,0.6637791,0.49812186,1,1,1,1,0
2025-12-05,8,0,0.5666826777105137,0.5905067475174723,0.5180332,0.49517083,1,1,1,1,0
2025-12-06,8,1,0.5316164419177732,0.5412942361440183,0.3325879,0.5203155,1,1,1,0,1
2025-12-07,8,1,0.5114711562766712,0.5144063947131319,0.46685824,0.5048733,1,1,1,0,1
2025-12-08,8,1,0.5306358716088052,0.540115893345294,0.586869,0.6165321,1,1,1,1,1
2025-12-09,8,0,0.5078153241818972,0.5124910216486053,0.6302132,0.50423574,1,1,1,1,1
2025-12-10,8,1,0.5580855629358139,0.5635078388896729,0.5269934,0.63006383,1,1,1,1,1
2025-12-11,8,0,0.46668467554063187,0.4909591307115397,0.5857951,0.5904646,1,0,0,1,1
2025-12-12,8,1,0.5218864971964783,0.5054659904109308,0.33050194,0.34441113,1,1,1,0,0
2025-12-13,8,0,0.4809175810782709,0.5024571051428512,0.4236396,0.591972,1,0,1,0,1
2025-12-14,8,0,0.541822190271255,0.5565047878582121,0.5848916,0.49622992,1,1,1,1,0
2025-12-15,8,1,0.5524405971727646,0.5684564736080725,0.4921874,0.46450505,1,1,1,0,0
2025-12-16,8,0,0.4675435825765813,0.42816917184763276,0.5396804,0.6609219,1,0,0,1,1
2025-12-17,8,0,0.5427158472590601,0.5575282654485363,0.7705783,0.50337917,1,1,1,1,1
2025-12-18,8,1,0.5472447743025755,0.5793266133826525,0.55723006,0.4478501,1,1,1,1,0
2025-12-19,8,1,0.4812473607360099,0.4682328115668403,0.60878897,0.6833054,1,0,0,1,1
2025-12-20,8,1,0.47528726466201526,0.506110079938112,0.7173994,0.73137504,1,0,1,1,1
2025-12-21,8,0,0.4873398222683473,0.48289586888506814,0.81244874,0.5142385,1,0,0,1,1
2025-12-22,8,0,0.524123122850406,0.5403830747753214,0.7993795,0.5685476,1,1,1,1,1
2025-12-23,8,1,0.5187895160208178,0.533740212000962,0.68840224,0.38363522,1,1,1,1,0
2025-12-24,8,0,0.488208046955138,0.5304768947492416,0.5117772,0.54364884,1,0,1,1,1
2025-12-25,8,1,0.5408272290606045,0.5529450451274444,0.5079123,0.5934312,1,1,1,1,1
2025-12-26,8,1,0.5333963209526315,0.5521887370492564,0.60407466,0.49636522,1,1,1,1,0
2025-12-27,8,1,0.47283941202925595,0.5151546206031999,0.7142534,0.6331735,1,0,1,1,1
2025-12-28,8,0,0.49291180251598105,0.5134155522334654,0.74767655,0.6253873,1,0,1,1,1
2025-12-29,8,1,0.5840834919331807,0.5727319836301764,0.7537619,0.47651714,1,1,1,1,0
2025-12-30,8,0,0.5177057264391064,0.4923245405602012,0.61538416,0.5425709,1,1,0,1,1
2025-12-31,8,1,0.5569645115494601,0.5550674444431398,0.68697906,0.7172048,1,1,1,1,1
2026-01-01,8,1,0.48668480738466746,0.4883500984947229,0.47380063,0.5427823,1,0,0,0,1
2026-01-02,8,1,0.5309563025921539,0.5258033559186758,0.53575605,0.6306256,1,1,1,1,1
2026-01-03,8,1,0.5026840031104484,0.5010597258139782,0.30778122,0.48766327,1,1,1,0,0
2026-01-04,8,1,0.5141398737844755,0.4960836351317267,0.46601596,0.5815028,1,1,0,0,1
2026-01-05,8,0,0.5263264715055747,0.5486574794810231,0.48167482,0.60175663,1,1,1,0,1
2026-01-06,8,0,0.5496727309280393,0.5692246040665262,0.36552456,0.4495066,1,1,1,0,0
2026-01-07,8,0,0.5842293703835651,0.5860249842500872,0.4333476,0.44092134,1,1,1,0,0
2026-01-08,8,0,0.535451548387931,0.5203555122216604,0.58678436,0.5519887,1,1,1,1,1
2026-01-09,8,0,0.5658821396054886,0.5894451498017046,0.39506567,0.55421317,1,1,1,0,1
2026-01-10,8,1,0.5541127167899101,0.5587683398286782,0.54629266,0.62646645,1,1,1,1,1
2026-01-11,8,1,0.5192375559858287,0.5070761181912278,0.64126104,0.5569233,1,1,1,1,1
2026-01-12,8,1,0.5225653407611212,0.5500117412826029,0.74203557,0.765395,1,1,1,1,1
2026-01-13,8,1,0.48682109943819263,0.5136598402153744,0.5567861,0.6441666,1,0,1,1,1
2026-01-14,8,0,0.4918066717727275,0.4864357620309959,0.60851043,0.57894695,1,0,0,1,1
2026-01-15,8,0,0.5581032410301566,0.5545782904073026,0.7786645,0.63143206,1,1,1,1,1
2026-01-16,8,0,0.49734769684811425,0.5240352944452156,0.6826567,0.49947858,1,0,1,1,0
2026-01-17,8,0,0.546265732581334,0.5651336280713076,0.5748534,0.8304031,1,1,1,1,1
2026-01-18,8,0,0.5700941498367097,0.5606786394584469,0.52908003,0.4926455,1,1,1,1,0
2026-01-19,8,0,0.5408439832373786,0.5545858250723144,0.5472936,0.6055546,1,1,1,1,1
2026-01-20,8,1,0.5519726961934558,0.5418577574072078,0.62384826,0.7894246,1,1,1,1,1
2026-01-21,8,1,0.47476712319959435,0.47404468650229303,0.68463993,0.429285,1,0,0,1,0
2026-01-22,8,1,0.48472347008203454,0.5046561602453814,0.64440376,0.53545034,1,0,1,1,1
2026-01-23,8,0,0.49808469931882443,0.520620248109673,0.58871025,0.57868713,1,0,1,1,1
2026-01-24,8,0,0.5128521262669951,0.550011276374502,0.59991,0.56825656,1,1,1,1,1
2026-01-25,8,1,0.5452839032526081,0.5640811568734975,0.5817637,0.46707344,1,1,1,1,0
2026-01-26,8,1,0.4693625349150364,0.45273843370928696,0.46269557,0.7122749,1,0,0,0,1
2026-01-27,8,1,0.46614475637311475,0.47957915313077815,0.7484434,0.4712653,1,0,0,1,0
2026-01-28,8,0,0.4918053839992413,0.5256728400642117,0.7153804,0.55315584,1,0,1,1,1
2026-01-29,8,0,0.5705922851550459,0.5504734302094394,0.6804643,0.53029025,1,1,1,1,1
2026-01-30,8,0,0.510870317475749,0.5313679809506427,0.41934294,0.34338298,1,1,1,0,0
2026-01-31,8,0,0.6120448354767571,0.5887109828412967,0.6131363,0.6387451,1,1,1,1,1
2026-02-01,8,1,0.5499208442690584,0.6147400076360702,0.5529564,0.50116265,1,1,1,1,1
2026-02-02,8,0,0.5182303151672849,0.5276056366801737,0.57999545,0.4780846,1,1,1,1,0
2026-02-03,8,0,0.5700732927106371,0.5947717268168581,0.41318145,0.69167835,1,1,1,0,1
2026-02-04,8,0,0.5853638247567114,0.6183020093387763,0.70907265,0.47558975,1,1,1,1,0
2026-02-05,8,1,0.6534065078579556,0.7405513140588117,0.57538027,0.36979517,1,1,1,1,0
2026-02-06,8,0,0.5261578465369313,0.4858060539195541,0.41074002,0.6690291,1,1,0,0,1
2026-02-07,8,1,0.5669170628129636,0.586887839543553,0.6251077,0.31456876,1,1,1,1,0
2026-02-08,8,0,0.5422197258999444,0.5857217428787015,0.54807127,0.4768197,1,1,1,1,0
2026-02-09,8,0,0.5309606471843586,0.5136833816731259,0.36800173,0.7021626,1,1,1,0,1
2026-02-10,8,0,0.5574062376255774,0.5510355799678408,0.3928981,0.5430645,1,1,1,0,1
2026-02-11,8,0,0.5536703584387895,0.5813325590501808,0.4575662,0.53736174,1,1,1,0,1
2026-02-12,8,1,0.5352786857789092,0.5664487251723223,0.4809837,0.6612012,1,1,1,0,1
2026-02-13,8,1,0.476199508641837,0.44001412759216085,0.5182087,0.41035032,1,0,0,1,0
2026-02-14,8,0,0.4975439964337723,0.5027930821250296,0.57763976,0.5093844,1,0,1,1,1
2026-02-15,8,1,0.5447582677811106,0.5682760800256041,0.58456886,0.49187747,1,1,1,1,0
2026-02-16,8,0,0.5143336229250592,0.5044399987459672,0.47598854,0.5676061,1,1,1,0,1
2026-02-17,8,0,0.5675161085591083,0.5693914329656309,0.39329073,0.626213,1,1,1,0,1
2026-02-18,8,1,0.5577082977054656,0.545805051634082,0.5049774,0.5216488,1,1,1,1,1
2026-02-19,8,1,0.4901921571594045,0.47369538839639963,0.5192491,0.44981393,1,0,0,1,0
2026-02-20,8,0,0.47318321479279635,0.46252000053888026,0.57237697,0.4105103,1,0,0,1,0
2026-02-21,8,0,0.5175302638045819,0.5014345874067978,0.38956892,0.5399182,1,1,1,0,1
2026-02-22,8,0,0.5184927770371011,0.5435039918330737,0.53032565,0.45151487,1,1,1,1,0
2026-02-23,8,0,0.5208985589430194,0.5072718517937089,0.45464414,0.553649,1,1,1,0,1
2026-02-24,8,1,0.4899615070585254,0.5356081246023181,0.33406636,0.4359754,1,0,1,0,0
2026-02-25,8,0,0.476143989907112,0.45662254784949086,0.58143663,0.57907176,1,0,0,1,1
2026-02-26,8,0,0.5194582204108668,0.562584041434876,0.4376989,0.41449636,1,1,1,0,0
2026-02-27,8,1,0.5232921493017155,0.5762693159956503,0.56608,0.46636903,1,1,1,1,0
2026-02-28,8,0,0.45947079591727014,0.4590710095970562,0.36253315,0.7048592,1,0,0,0,1
2026-03-01,8,1,0.5307517907762327,0.5544292608221094,0.5209304,0.5585324,1,1,1,1,1
2026-03-02,8,0,0.45815193059859866,0.44029535897740857,0.46049258,0.46044466,1,0,0,0,0
2026-03-03,8,1,0.48810218757332435,0.4948395628732253,0.631406,0.39999488,1,0,0,1,0
2026-03-04,8,0,0.4740450563579316,0.4911073207811233,0.6545835,0.5454441,1,0,0,1,1
2026-03-05,8,0,0.5497120792889395,0.5965331286832076,0.46606237,0.46338224,1,1,1,0,0
2026-03-06,8,0,0.5385684090382521,0.5677617554461879,0.25572622,0.5689461,1,1,1,0,1
2026-03-07,8,0,0.5164653379034675,0.5182381875580849,0.39648426,0.5784155,1,1,1,0,1
2026-03-08,8,1,0.536573248697707,0.6032700387432537,0.46555766,0.4479917,1,1,1,0,0
2026-03-09,8,1,0.4952029094143205,0.45533148733312734,0.632846,0.6271938,1,0,0,1,1
2026-03-10,8,1,0.48787667448844624,0.5092929979864609,0.3667059,0.42938763,1,0,1,0,0
2026-03-11,8,1,0.4836930447000195,0.4671063450659924,0.33065268,0.40038213,1,0,0,0,0
2026-03-12,8,1,0.45666711694570333,0.46026708749885886,0.35057724,0.595232,1,0,0,0,1
2026-03-13,8,1,0.5306192500055998,0.5727007243248449,0.3415825,0.54444593,1,1,1,0,1
2026-03-14,8,1,0.46458699753899146,0.4774276912366814,0.12612256,0.31007266,1,0,0,0,0
2026-03-15,8,1,0.47287391799298945,0.46047962402695264,0.39826524,0.59160584,1,0,0,0,1
2026-03-16,8,0,0.47959870651166253,0.4705575127404127,0.30676287,0.5125339,1,0,0,0,1
2026-03-17,8,0,0.5469601842710012,0.5767270724331209,0.3313467,0.56988454,1,1,1,0,1
2026-03-18,8,0,0.5806747073452945,0.6442364334788592,0.28369752,0.48722073,1,1,1,0,0
2026-03-19,8,1,0.5777782337699142,0.5536658287970538,0.26912248,0.6030057,1,1,1,0,1
2026-03-20,8,0,0.5160305166030368,0.5037135062041699,0.28211924,0.4871595,1,1,1,0,0
2026-03-21,8,0,0.5652898143067706,0.6223415642075725,0.34796315,0.5740552,1,1,1,0,1
2026-03-22,8,1,0.5412286359277799,0.5698125475359649,0.6313951,0.76507735,1,1,1,1,1
2026-03-23,8,0,0.5063268525369481,0.5049049771560785,0.5193299,0.5005602,1,1,1,1,1
2026-03-24,8,1,0.5167798462049783,0.5227433893190245,0.54275143,0.39276594,1,1,1,1,0
2026-03-25,8,0,0.499656697340139,0.4958770361814727,0.74968034,0.5889145,1,0,0,1,1
2026-03-26,8,0,0.564242233725001,0.6187168281767914,0.64633805,0.51826006,1,1,1,1,1
2026-03-27,8,0,0.5526645931138354,0.5887717555327724,0.68331,0.3313526,1,1,1,1,0
2026-03-28,8,0,0.5096028068262415,0.5162745797168887,0.58455426,0.73319995,1,1,1,1,1
2026-03-29,8,1,0.5068029251899139,0.5275358892517134,0.60972404,0.37920523,1,1,1,1,0
2026-03-30,8,1,0.5011981430655693,0.5200180131748455,0.7422989,0.6301822,1,1,1,1,1
2026-03-31,8,0,0.45251609036469836,0.46244203958150754,0.6085448,0.38407782,1,0,0,1,0
2026-04-01,8,0,0.4971265378604137,0.524247068510823,0.40801924,0.5715784,1,0,1,0,1
2026-04-02,8,1,0.5227586386371763,0.5414315529383513,0.5842996,0.49146283,1,1,1,1,0
2026-04-03,8,1,0.4774574618735885,0.5145931774283725,0.44398573,0.55384153,1,0,1,0,1
2026-04-04,8,1,0.46734567135165384,0.5017439225285176,0.57571083,0.57185084,1,0,1,1,1
2026-04-05,8,0,0.46081018823337,0.4580129955057009,0.5744148,0.5778836,1,0,0,1,1
2026-04-06,8,1,0.5333405971752363,0.5614036155565348,0.40373668,0.47885495,1,1,1,0,0
2026-04-07,8,0,0.4965373433444252,0.5046289347109321,0.44690087,0.4548817,1,0,1,0,0
2026-04-08,8,1,0.5548983335800806,0.5641269843014046,0.29275194,0.65288687,1,1,1,0,1
2026-04-09,8,1,0.5276314466674303,0.5833887033568768,0.66646504,0.5180051,1,1,1,1,1
2026-04-10,8,1,0.4463566848625992,0.42522141186606627,0.60020477,0.5903632,1,0,0,1,1
2026-04-11,8,0,0.47826574413054207,0.4452948407299666,0.38470706,0.44641992,1,0,0,0,0
2026-04-12,8,1,0.5355606395631431,0.43780792337216007,0.2468042,0.507808,1,1,0,0,1
2026-04-13,8,0,0.45631492302050636,0.5491966982390477,0.54125124,0.48062629,1,0,1,1,0
2026-04-14,8,1,0.4985636601177889,0.36618100381209656,0.6458459,0.34923342,1,0,0,1,0
2026-04-15,8,1,0.45535132368617515,0.4293010815498111,0.36313415,0.48020798,1,0,0,0,0
2026-04-16,8,1,0.45387796493888743,0.44440684448922113,0.4132746,0.36336562,1,0,0,0,0
2026-04-17,8,0,0.4659470473185087,0.528707490783094,0.5377456,0.46192652,1,0,1,1,0
2026-04-18,8,0,0.5087231232130518,0.400788527797655,0.29476443,0.4960705,1,1,0,0,0
2026-04-19,8,1,0.5203505776262695,0.4136015892693727,0.35241032,0.4769334,1,1,0,0,0
2026-04-20,8,1,0.4582624254680824,0.49390288318367626,0.3423122,0.4000912,1,0,0,0,0
2026-04-21,8,1,0.48378375652277433,0.5020928520433803,0.3490528,0.32299063,1,0,1,0,0
2026-04-22,8,1,0.48955979378192394,0.5562985242701157,0.66174996,0.4360346,1,0,1,1,0
2026-04-23,8,0,0.481132782766776,0.497336804191838,0.43593517,0.4821263,1,0,0,0,0
2026-04-24,8,1,0.516659239558652,0.4864733304238674,0.63919747,0.4427035,1,1,0,1,0
2026-04-25,8,1,0.46942050961984655,0.5112421035247849,0.5265077,0.4730595,1,0,1,1,0
2026-04-26,8,0,0.45961627193864446,0.47373662575431796,0.17377599,0.7120236,1,0,0,0,1
2026-04-27,8,0,0.5351816886714421,0.49665638214098096,0.13958408,0.393971,1,1,0,0,0
2026-04-28,8,0,0.5263700951661934,0.4859598150419042,0.4314612,0.5431549,1,1,0,0,1
2026-04-29,8,1,0.539497719220528,0.47574822572890213,0.38453022,0.5777703,1,1,0,0,1
2026-04-30,8,1,0.4701808589111208,0.5013353673363892,0.542922,0.5675125,1,0,1,1,1
2026-05-01,8,1,0.4694648143451226,0.49628907158402424,0.5813478,0.7128895,1,0,0,1,1
2026-05-02,8,0,0.4707125184380487,0.4874636469105697,0.55649126,0.46259964,1,0,0,1,0
2026-05-03,8,1,0.49580595290854174,0.44575812770762435,0.7309043,0.44000286,1,0,0,1,0
2026-05-04,8,1,0.4870838226881779,0.5355284150190882,0.7652958,0.45448664,1,0,1,1,0
2026-05-05,8,1,0.47997057040666846,0.47047766665213353,0.6802319,0.48641273,1,0,0,1,0
2026-05-06,8,0,0.4914339215445271,0.457984399173162,0.68703353,0.45257264,1,0,0,1,0
2026-05-07,8,1,0.5053860279392968,0.48534676233630836,0.46096054,0.4526432,1,1,0,0,0
2026-05-08,8,1,0.43093701088092395,0.4689337335570564,0.22206861,0.4290421,1,0,0,0,0
2026-05-09,8,1,0.4448379188515784,0.46661912008985706,0.109810926,0.48174408,1,0,0,0,0
2026-05-10,8,0,0.4267104168763902,0.4422968670999515,0.07359687,0.46264145,1,0,0,0,0
2026-05-11,8,0,0.45697327313280367,0.4433049367501532,0.11328097,0.44090238,1,0,0,0,0
2026-05-12,8,0,0.5238329851001954,0.5076642823428661,0.1815643,0.48553884,1,1,1,0,0
2026-05-13,8,1,0.5390181297087296,0.5076643014510771,0.13248034,0.5096791,1,1,1,0,1
2026-05-14,8,0,0.49987955282100716,0.5602277722376399,0.2298178,0.36142856,1,0,1,0,0
2026-05-15,8,0,0.5776286988381831,0.5807326411638735,0.36718157,0.5284334,1,1,1,0,1
2026-05-16,8,0,0.5267679785325982,0.5062947737739932,0.47865102,0.47878116,1,1,1,0,0
2026-05-17,8,0,0.520679421396245,0.5294024544503743,0.6257494,0.48467088,1,1,1,1,0
2026-05-18,8,0,0.5116346807244602,0.5087150737654101,0.67814934,0.5970638,1,1,1,1,1
2026-05-19,8,1,0.4967110961744238,0.48589975057610274,0.6812308,0.760814,1,0,0,1,1
2026-05-20,8,1,0.49237900866328793,0.5178714751730279,0.7746957,0.5766447,1,0,1,1,1
2026-05-21,8,0,0.5206621752479529,0.5045355869419854,0.5882102,0.77445054,1,1,1,1,1
2026-05-22,8,1,0.6080211064751873,0.5184704819354755,0.65846324,0.4056064,1,1,1,1,0
2026-05-23,8,1,0.5206245284729044,0.5868538509349857,0.65713346,0.56524193,1,1,1,1,1
2026-05-24,8,1,0.5023303839555638,0.5202627901311252,0.5002019,0.6644864,1,1,1,1,1
2026-05-25,8,0,0.509746215267691,0.47645367500606717,0.63914555,0.42722946,1,1,0,1,0
2026-05-26,8,0,0.5714877431321684,0.515027651099861,0.36596566,0.4635653,1,1,1,0,0
2026-05-27,8,0,0.5726979767337909,0.5180191054044727,0.6854098,0.5579154,1,1,1,1,1
2026-05-28,8,0,0.5247989776760527,0.5186438553548496,0.5874719,0.58239967,1,1,1,1,1
2026-05-29,8,1,0.4990094913323782,0.47367698148839055,0.50712854,0.7849059,1,0,0,1,1
2026-05-30,8,0,0.4635274489653694,0.4932824010097442,0.33020625,0.37666574,1,0,0,0,0
2026-05-31,8,0,0.4977849134593912,0.4926749090842869,0.39977968,0.4233619,1,0,0,0,0
2026-06-01,8,0,0.5991264432404353,0.5805276932851389,0.65463614,0.47017488,1,1,1,1,0
2026-06-02,8,0,0.6411529882142251,0.5111296036221902,0.6035511,0.6367899,1,1,1,1,1
2026-06-03,8,0,0.6037091932822791,0.6420165155137474,0.5472678,0.4742216,1,1,1,1,0
2026-06-04,8,0,0.5274269116106265,0.5866307902477247,0.55446476,0.5205311,1,1,1,1,1
2026-06-05,8,0,0.612563388288839,0.6670726355934115,0.41820586,0.75916666,1,1,1,0,1
2026-06-06,8,1,0.5154757488212383,0.5231038744928602,0.66730344,0.7057663,1,1,1,1,1
2026-06-07,8,0,0.49487806522264394,0.5027035785227297,0.5141719,0.65404516,1,0,1,1,1
2026-06-08,8,0,0.515556146871641,0.5455425423565313,0.54540634,0.50270915,1,1,1,1,1
2026-06-09,8,0,0.5498926667510311,0.5596808876287818,0.6202973,0.44413307,1,1,1,1,0
2026-06-10,8,1,0.5402923464474862,0.5604450543021291,0.65642864,0.7272652,1,1,1,1,1
2026-06-11,8,0,0.49062688965748713,0.43861300899515515,0.42364594,0.54127496,1,0,0,0,1
2026-06-12,8,1,0.519797475170999,0.5017537537938167,0.65447307,0.6081949,1,1,1,1,1
2026-06-13,8,1,0.48649048510222365,0.4887869085921912,0.58904725,0.45978403,1,0,0,1,0
2026-06-14,8,1,0.47574641582804783,0.4998884711670821,0.50257236,0.6330801,1,0,0,1,1
2026-06-15,8,0,0.5138883001081996,0.5097630984520396,0.39945596,0.6022458,1,1,1,0,1
2026-06-16,8,0,0.551333441584638,0.5086089962169258,0.30631986,0.4849911,1,1,1,0,0
2026-06-17,8,0,0.5451496707970536,0.5462125630015348,0.5553044,0.52789557,1,1,1,1,1
2026-06-18,8,1,0.5646885749787566,0.5575472199422805,0.46874064,0.66234124,1,1,1,0,1
2026-06-19,8,1,0.4769110252837386,0.4546415946491794,0.49832407,0.7033197,1,0,0,0,1
2026-06-20,8,0,0.4805405657752749,0.48120741638243203,0.61977667,0.74861586,1,0,0,1,1
2026-06-21,8,1,0.5560291052403392,0.5169093530698554,0.5852856,0.4656168,1,1,1,1,0
2026-06-22,8,0,0.5352862221677643,0.5700008167393201,0.646576,0.47862545,1,1,1,1,0
2026-06-23,8,0,0.5576796500781261,0.5821854559121816,0.6250073,0.6953887,1,1,1,1,1
2026-06-24,8,0,0.5936361035678575,0.6278437791450328,0.6175566,0.7783262,1,1,1,1,1
2026-06-25,8,1,0.5796538972338044,0.6101969015049471,0.5929137,0.6987249,1,1,1,1,1
2026-06-26,8,0,0.5204728161316698,0.5122999189904465,0.61230606,0.3999272,1,1,1,1,0
2026-06-27,8,0,0.542700625437183,0.5378095134275042,0.4137765,0.37842113,1,1,1,0,0
2026-06-28,8,1,0.530642278855101,0.5236312940424288,0.70020545,0.44236904,1,1,1,1,0
2026-06-29,8,0,0.5120998984638392,0.5249815355238797,0.7076469,0.63489884,1,1,1,1,1
2026-06-30,8,1,0.5663909342779327,0.5880105147543507,0.5978171,0.50853074,1,1,1,1,1
2026-07-01,8,1,0.5170177874019283,0.5450995480526921,0.60014427,0.68288904,1,1,1,1,1
2026-07-02,8,1,0.5041444288581295,0.5311884728737603,0.5149171,0.5157065,1,1,1,1,1
2026-07-03,8,1,0.4922675254469019,0.4982145916655034,0.61135226,0.48915043,1,0,0,1,0
2026-07-04,8,1,0.4910165229678977,0.4833263214564868,0.7343007,0.46103826,1,0,0,1,0
2026-07-05,8,1,0.4894084787072735,0.4693655081385373,0.62758476,0.51976556,1,0,0,1,1
