date,fold,actual,proba_logit,proba_rf,proba_lstm,proba_cnn_lstm,always_up_pred,pred_logit,pred_rf,pred_lstm,pred_cnn_lstm
2019-12-17,1,1,0.1603724856581826,0.10731494314517212,0.24501878,0.34799644,1,0,0,0,0
2019-12-18,1,0,0.20638806302799098,0.17248336464692282,0.2454398,0.26244625,1,0,0,0,0
2019-12-19,1,1,0.17930070573747944,0.3153995919237991,0.50209266,0.34044278,1,0,0,1,0
2019-12-20,1,0,0.2758259567255656,0.33173603476447405,0.4375465,0.36281297,1,0,0,0,0
2019-12-23,1,0,0.21116789839464012,0.23199333357660806,0.3912821,0.13612376,1,0,0,0,0
2019-12-24,1,0,0.22979957502454632,0.19751804252832728,0.30978823,0.128447,1,0,0,0,0
2019-12-25,1,1,0.20326986113997977,0.1707876788403377,0.28981218,0.12619483,1,0,0,0,0
2019-12-26,1,1,0.12991769186880328,0.4343511113407699,0.22623082,0.14626329,1,0,0,0,0
2019-12-27,1,1,0.12319271442041911,0.22112063415977753,0.18341035,0.1329847,1,0,0,0,0
2019-12-30,1,1,0.06303858398893528,0.2503930753747526,0.13863885,0.0825286,1,0,0,0,0
2019-12-31,1,1,0.088871092299176,0.2756139297318873,0.18257721,0.11039815,1,0,0,0,0
2020-01-01,1,1,0.08774427185151774,0.2507143524859112,0.2097098,0.12932996,1,0,0,0,0
2020-01-02,1,1,0.18939064450462398,0.5511627875037092,0.27770665,0.16115803,1,0,1,0,0
2020-01-03,1,1,0.16024888257651076,0.3504699757895968,0.20993072,0.14100163,1,0,0,0,0
2020-01-06,1,1,0.0823251536421559,0.36490390489145663,0.26442307,0.05997342,1,0,0,0,0
2020-01-07,1,1,0.08536689825244378,0.26871917650605126,0.0875654,0.096650384,1,0,0,0,0
2020-01-08,1,1,0.1057391822104798,0.39194566878633436,0.08479535,0.046709783,1,0,0,0,0
2020-01-09,1,1,0.24900084601419015,0.5123345686479803,0.10088511,0.101955734,1,0,1,0,0
2020-01-10,1,1,0.1758329262854732,0.3019411271674441,0.10474553,0.13539186,1,0,0,0,0
2020-01-13,1,1,0.11190175535947984,0.45206876327316914,0.12191514,0.10137581,1,0,0,0,0
2020-01-14,1,0,0.17102610207872906,0.29218055664312936,0.15757082,0.15574297,1,0,0,0,0
2020-01-15,1,0,0.21727305192810242,0.3854433374658192,0.12301131,0.09938277,1,0,0,0,0
2020-01-16,1,1,0.19749986645893716,0.46059699543041593,0.10422353,0.082855895,1,0,0,0,0
2020-01-17,1,1,0.16588150487641298,0.3865735933438297,0.118694305,0.055340342,1,0,0,0,0
2020-01-20,1,1,0.19363616627320884,0.2973552725103789,0.06451127,0.050792117,1,0,0,0,0
2020-01-21,1,1,0.20802413417684518,0.33919943892780097,0.11589655,0.099993065,1,0,0,0,0
2020-01-22,1,1,0.20002901017827932,0.25978062977937855,0.13012394,0.20358385,1,0,0,0,0
2020-01-23,1,1,0.23350018933829225,0.3173010693505627,0.15697703,0.24986257,1,0,0,0,0
2020-01-24,1,1,0.18706097161358518,0.2558983435488227,0.10427315,0.13769579,1,0,0,0,0
2020-01-27,1,1,0.12593574198908644,0.35851120678231996,0.15419708,0.1086724,1,0,0,0,0
2020-01-28,1,1,0.09691160078288466,0.4586603849714408,0.14457743,0.07219484,1,0,0,0,0
2020-01-29,1,1,0.2410443084373333,0.2964718015485033,0.10572059,0.12693985,1,0,0,0,0
2020-01-30,1,1,0.1802765801520006,0.4171551420115503,0.05693524,0.07191749,1,0,0,0,0
2020-01-31,1,1,0.11094875901995843,0.3264532801319231,0.043155156,0.03721348,1,0,0,0,0
2020-02-03,1,1,0.12357128241014476,0.5416514628799886,0.25613207,0.06184051,1,0,1,0,0
2020-02-04,1,1,0.09464980619652626,0.3637429864525815,0.18616334,0.19811322,1,0,0,0,0
2020-02-05,1,1,0.18302509327662678,0.4206731727626964,0.16589369,0.07361059,1,0,0,0,0
2020-02-06,1,0,0.224761163817145,0.5841940183876158,0.05548336,0.034181498,1,0,1,0,0
2020-02-07,1,1,0.319894743672027,0.4659141078515273,0.059168268,0.06833908,1,0,0,0,0
2020-02-10,1,0,0.3104289249510583,0.5612991942773884,0.0667748,0.17330815,1,0,1,0,0
2020-02-11,1,0,0.12626086157104421,0.3452380149177528,0.053919464,0.2697796,1,0,0,0,0
2020-02-12,1,0,0.1825098866711538,0.5406449632266659,0.028053671,0.12784997,1,0,1,0,0
2020-02-13,1,0,0.18790200318828904,0.45503602237425506,0.021953812,0.17495333,1,0,0,0,0
2020-02-14,1,0,0.32599830494917376,0.44429465509722227,0.024194587,0.13049689,1,0,0,0,0
2020-02-17,1,0,0.18169336489730212,0.3452286843440916,0.023406906,0.17086588,1,0,0,0,0
2020-02-18,1,0,0.1609627374176381,0.3063432489136072,0.029923724,0.19133408,1,0,0,0,0
2020-02-19,1,0,0.19956685621840758,0.5557499839601214,0.05598169,0.16559066,1,0,1,0,0
2020-02-20,1,0,0.24412369574314172,0.32413882467290484,0.095021255,0.14632882,1,0,0,0,0
2020-02-21,1,0,0.16451911883476086,0.28821581081126074,0.11125634,0.13374129,1,0,0,0,0
2020-02-24,1,0,0.06486947339705865,0.3777329950191458,0.31671235,0.21434301,1,0,0,0,0
2020-02-25,1,0,0.023927625286110813,0.3488038181533848,0.50277597,0.3044031,1,0,0,1,0
2020-02-26,1,1,0.12562292027791144,0.32759561547285315,0.4793494,0.473051,1,0,0,0,0
2020-02-27,1,0,0.04177195999851706,0.40941761606489385,0.52232456,0.54289037,1,0,0,1,1
2020-02-28,1,0,0.21511047486424983,0.2996589870726333,0.5931191,0.5150117,1,0,0,1,1
2020-03-02,1,0,0.6124293166696673,0.4646529691970146,0.4949412,0.56808525,1,1,0,0,1
2020-03-03,1,0,0.02574546394173093,0.35963019758176346,0.7705139,0.831166,1,0,0,1,1
2020-03-04,1,0,0.1919975143322388,0.3465681077834528,0.4664582,0.13965036,1,0,0,0,0
2020-03-05,1,0,0.04073180783192652,0.40765806273615884,0.4514582,0.047689095,1,0,0,0,0
2020-03-06,1,0,0.3270280495253276,0.3975920480157078,0.5001833,0.02309084,1,0,0,1,0
2020-03-09,1,0,0.09781936707680436,0.4095836179374175,0.31084844,0.19233319,1,0,0,0,0
2020-03-10,1,0,4.211232156048371e-05,0.32157946720893377,0.5188767,0.2820515,1,0,0,1,0
2020-03-11,1,0,0.0004167356799540938,0.37746347142997116,0.3632302,0.3134205,1,0,0,0,0
2020-03-12,1,1,0.005092675547365163,0.4529985529458952,0.56609374,0.027983723,1,0,0,1,0
2020-03-13,1,1,0.42749393941481656,0.36621145414111944,0.58742905,0.5249898,1,0,0,1,1
2020-03-16,1,1,0.0001389755365983826,0.4372217231405505,0.67354554,0.6365011,1,0,0,1,1
2020-03-17,1,1,2.740849435833212e-05,0.40068476654289015,0.65706784,0.12930673,1,0,0,1,0
2020-03-18,1,1,0.0005181092013897866,0.4371666666666667,0.33084363,0.09313391,1,0,0,0,0
2020-03-19,1,1,0.06516704673802294,0.4759573031135531,0.32285994,0.029784068,1,0,0,0,0
2020-03-20,1,1,0.21335311744999208,0.4713682763433894,0.28607875,0.43556005,1,0,0,0,0
2020-03-23,1,1,0.0071359707751690385,0.3408029301316913,0.48415384,0.14201723,1,0,0,0,0
2020-03-24,1,1,0.4401376759096856,0.38640902956692424,0.31048325,0.061520394,1,0,0,0,0
2020-03-25,1,1,0.026790331318592916,0.28386806546853516,0.4215216,0.011478704,1,0,0,0,0
2020-03-26,1,1,0.46766249018518574,0.4668406504844964,0.12599139,0.007651039,1,0,0,0,0
2020-03-27,1,1,0.04476121144988154,0.26570081984785454,0.23544784,0.008030016,1,0,0,0,0
2020-03-30,1,1,0.006403575660962436,0.28783304356516975,0.43167958,0.012807914,1,0,0,0,0
2020-03-31,1,1,0.0051462315489462125,0.31961221554792785,0.14067446,0.027885737,1,0,0,0,0
2020-04-01,1,1,0.006756799180644048,0.4086505971538532,0.18679975,0.017306436,1,0,0,0,0
2020-04-02,1,1,0.017424254880779828,0.46438064687250735,0.30374125,0.04633313,1,0,0,0,0
2020-04-03,1,1,0.0034331107404714616,0.4029236954677905,0.1510588,0.07202505,1,0,0,0,0
2020-04-06,1,0,0.027275128621916483,0.3639645149204961,0.10952536,0.017869849,1,0,0,0,0
2020-04-07,1,0,0.0022179911692506867,0.34626856301561126,0.14600788,0.011154933,1,0,0,0,0
2020-04-08,1,0,0.026824558518690245,0.3266814655425103,0.07346714,0.008857538,1,0,0,0,0
2020-04-09,1,0,0.09708528113143042,0.39740851159014495,0.064340204,0.0164868,1,0,0,0,0
2020-04-10,1,0,0.010100676894220279,0.23863096617613785,0.045280844,0.0132281,1,0,0,0,0
2020-04-13,1,1,0.0005013234667804422,0.2458511039360168,0.03692027,0.015939588,1,0,0,0,0
2020-04-14,1,1,0.03275735103629325,0.3787502225990609,0.0514569,0.031007238,1,0,0,0,0
2020-04-15,1,1,0.033607551230050374,0.38634357861825414,0.0477256,0.047769513,1,0,0,0,0
2020-04-16,1,1,0.007570379941793373,0.47132921355125146,0.09637155,0.018685317,1,0,0,0,0
2020-04-17,1,1,0.036904755624985096,0.40395976601443145,0.03930374,0.039610006,1,0,0,0,0
2020-04-20,1,1,0.004581325529833091,0.41041187508739946,0.03383996,0.015602992,1,0,0,0,0
2020-04-21,1,1,0.0075769449673304175,0.4641289003231604,0.044501077,0.01923555,1,0,0,0,0
2020-04-22,1,1,0.002618656724741243,0.3727567907489561,0.07795579,0.07171834,1,0,0,0,0
2020-04-23,1,1,0.020787283079901506,0.36997883787127805,0.03235344,0.08785368,1,0,0,0,0
2020-04-24,1,1,0.01996862851829696,0.47018281210927115,0.0685414,0.018780718,1,0,0,0,0
2020-04-27,1,1,0.002303188659004682,0.2982795060045545,0.03329421,0.025234722,1,0,0,0,0
2020-04-28,1,1,0.035952953082102175,0.31938079029624417,0.010917054,0.013854159,1,0,0,0,0
2020-04-29,1,1,0.011915661678812002,0.5029765885802555,0.043756336,0.029823733,1,0,1,0,0
2020-04-30,1,0,0.0032776488607316624,0.33901349429991867,0.034809332,0.018850835,1,0,0,0,0
2020-05-01,1,0,0.00456925257450117,0.402457205134018,0.03755013,0.019003937,1,0,0,0,0
2020-05-04,1,1,0.00202107892133598,0.3617285207833396,0.08171226,0.15111837,1,0,0,0,0
2020-05-05,1,1,0.0037419823720581027,0.3526093946211625,0.027039154,0.1439345,1,0,0,0,0
2020-05-06,1,1,0.0006527191527035363,0.31786814256948986,0.021422751,0.024878586,1,0,0,0,0
2020-05-07,1,0,0.041205799467419,0.5326977485271346,0.028491594,0.027749987,1,0,1,0,0
2020-05-08,1,0,0.005134637942288924,0.38143211887560213,0.05054561,0.03210138,1,0,0,0,0
2020-05-11,1,1,0.004423337328695877,0.3436674328767996,0.021056622,0.01391629,1,0,0,0,0
2020-05-12,1,1,0.005511527382531473,0.364845535374983,0.060743913,0.026062816,1,0,0,0,0
2020-05-13,1,0,0.0014290565731638941,0.38865323350645914,0.10406559,0.18814033,1,0,0,0,0
2020-05-14,1,0,0.04481202346390756,0.5198737048101929,0.07566833,0.07697078,1,0,1,0,0
2020-05-15,1,0,0.0053466293520756875,0.5355669856498213,0.043289345,0.030601785,1,0,1,0,0
2020-05-18,1,0,0.003618584028085541,0.37393465023858236,0.030321334,0.015019924,1,0,0,0,0
2020-05-19,1,0,0.0074183047973173264,0.3465058913934299,0.022793107,0.011712074,1,0,0,0,0
2020-05-20,1,0,0.020074125997162653,0.36105372929311713,0.089063056,0.0157018,1,0,0,0,0
2020-05-21,1,1,0.01499340774146579,0.26880257871637586,0.03078683,0.027063364,1,0,0,0,0
2020-05-22,1,1,0.018701540610209677,0.18729318216444163,0.03930391,0.021256935,1,0,0,0,0
2020-05-25,1,1,0.009059025435132215,0.13719767590182835,0.028040932,0.041883875,1,0,0,0,0
2020-05-26,1,1,0.011218923785312158,0.19781016021654907,0.023636406,0.021980956,1,0,0,0,0
2020-05-27,1,1,0.10027172532806213,0.3468422764335915,0.013789955,0.02012215,1,0,0,0,0
2020-05-28,1,1,0.006894050180122276,0.25857977100563767,0.014873958,0.015180386,1,0,0,0,0
2020-05-29,1,1,0.021982112919580396,0.39689770915712175,0.022945983,0.017182618,1,0,0,0,0
2020-06-01,1,0,0.0036214702886396043,0.31107649492786477,0.03381278,0.02607339,1,0,0,0,0
2020-06-02,1,0,0.012435806938832589,0.31535487251112754,0.02067391,0.015398142,1,0,0,0,0
2020-06-03,1,0,0.008644059682125633,0.2990053808951435,0.02901065,0.019460272,1,0,0,0,0
2020-06-04,1,0,0.0015374915780484986,0.26315246551360333,0.019948687,0.021822475,1,0,0,0,0
2020-06-05,1,0,0.01300654314357707,0.2891892804084194,0.023389526,0.024171542,1,0,0,0,0
2020-06-08,1,0,0.050125104922814454,0.3900139394983328,0.021966701,0.045282822,1,0,0,0,0
2020-06-09,1,0,0.009603774041379659,0.33224343928015737,0.022795111,0.015806133,1,0,0,0,0
2020-06-10,1,0,0.026171081944292615,0.3643062748521465,0.06593496,0.026366845,1,0,0,0,0
2020-06-11,1,1,0.0005785721690816841,0.4271311543699653,0.10443876,0.06749849,1,0,0,0,0
2020-06-12,1,1,0.003987833795002796,0.41697274584904565,0.37237522,0.056222696,1,0,0,0,0
2020-06-15,1,0,0.003410614550724046,0.48121381171138816,0.0980665,0.33619606,1,0,0,0,0
2020-06-16,1,0,0.008724424200009627,0.3310015480098763,0.023936188,0.019805325,1,0,0,0,0
2020-06-17,1,0,0.00588351830934602,0.29091809954524495,0.01460031,0.014893205,1,0,0,0,0
2020-06-18,1,0,0.014868817546898233,0.34237020566380194,0.034943737,0.01882636,1,0,0,0,0
2020-06-19,1,0,0.005746843714552725,0.3067435549960293,0.034969844,0.0400543,1,0,0,0,0
2020-06-22,1,0,0.004631837405496344,0.38253037437856635,0.055732884,0.029398812,1,0,0,0,0
2020-06-23,1,0,0.0035471081939242566,0.48704123580940106,0.025637785,0.025384968,1,0,0,0,0
2020-06-24,1,0,0.0026928245139066927,0.3777041903070074,0.0220856,0.018085519,1,0,0,0,0
2020-06-25,1,1,0.012787020966375363,0.5028050809171503,0.10171024,0.032915354,1,0,1,0,0
2020-06-26,1,1,0.0036693914146882223,0.3667583517252993,0.04875321,0.13984577,1,0,0,0,0
2020-06-29,1,1,0.02989691057592203,0.5168702034748347,0.15450701,0.031615265,1,0,1,0,0
2020-06-30,1,1,0.003155285227095003,0.4522686250600571,0.052523978,0.09361677,1,0,0,0,0
2020-07-01,1,1,0.002377534948798971,0.4551552834674007,0.019731281,0.013243107,1,0,0,0,0
2020-07-02,1,1,0.011003812532084427,0.42245309720221724,0.021341285,0.019794691,1,0,0,0,0
2020-07-03,1,1,0.008542646000691231,0.2615015235967118,0.0237266,0.0294913,1,0,0,0,0
2020-07-06,1,0,0.007549854016532799,0.3968670702501938,0.028512526,0.026485808,1,0,0,0,0
2020-07-07,1,0,0.006576503920319498,0.31308563954383034,0.020224819,0.023768308,1,0,0,0,0
2020-07-08,1,0,0.002735431149438968,0.42893951279385584,0.07495895,0.021469379,1,0,0,0,0
2020-07-09,1,0,0.009594415977958529,0.4132252271728476,0.027156226,0.030680154,1,0,0,0,0
2020-07-10,1,1,0.004305422813660535,0.3525176252926739,0.079613365,0.02709633,1,0,0,0,0
2020-07-13,1,1,0.008965849662783461,0.34989785873229723,0.0331003,0.027257506,1,0,0,0,0
2020-07-14,1,1,0.021544662015401613,0.40119273370802616,0.08493085,0.026286814,1,0,0,0,0
2020-07-15,1,1,0.013399758954017547,0.4589846339260177,0.043134894,0.021008264,1,0,0,0,0
2020-07-16,1,1,0.008024500301790178,0.36138698065249725,0.02282429,0.01662458,1,0,0,0,0
2020-07-17,1,1,0.00516788549937666,0.3772384675983693,0.0403541,0.025385836,1,0,0,0,0
2020-07-20,1,1,0.0080367133013308,0.4885261150167113,0.039724097,0.034759317,1,0,0,0,0
2020-07-21,1,1,0.015077027497560326,0.31603128206916437,0.048662383,0.02465294,1,0,0,0,0
2020-07-22,1,1,0.019676794375806547,0.3980859511663958,0.045226194,0.014022706,1,0,0,0,0
2020-07-23,1,1,0.007416366684430968,0.34629246179839596,0.052411564,0.013338557,1,0,0,0,0
2020-07-24,1,1,0.005841360122080467,0.28654470433869295,0.091847055,0.018892836,1,0,0,0,0
2020-07-27,1,1,0.0038205059917944687,0.42457677318552206,0.06717064,0.07306582,1,0,0,0,0
2020-07-28,1,1,0.016499793557055515,0.3555171116790445,0.05967011,0.02251578,1,0,0,0,0
2020-07-29,1,1,0.014365902774773929,0.48075591645183813,0.10196128,0.020383364,1,0,0,0,0
2020-07-30,1,1,0.011043735472585421,0.3875164539494388,0.04532664,0.036580127,1,0,0,0,0
2020-07-31,1,1,0.017725340948520702,0.4907707574606276,0.05382215,0.029166197,1,0,0,0,0
2020-08-03,1,1,0.003395486216969492,0.4397865825259166,0.040639166,0.02667576,1,0,0,0,0
2020-08-04,1,1,0.061275766399980745,0.4766945829748904,0.031391673,0.016715413,1,0,0,0,0
2020-08-05,1,1,0.002311447236027993,0.3565466911893804,0.060558207,0.019893736,1,0,0,0,0
2020-08-06,1,1,0.02020448510068345,0.5140505344549698,0.024221243,0.013125755,1,0,1,0,0
2020-08-07,1,1,0.009003816724899217,0.3691110559686939,0.0466246,0.0149149075,1,0,0,0,0
2020-08-10,1,0,0.010352303232605838,0.39107754162241243,0.03153009,0.016224753,1,0,0,0,0
2020-08-11,1,1,0.000900257911664358,0.2768629290721462,0.025672723,0.04288984,1,0,0,0,0
2020-08-12,1,0,0.007249261187303773,0.3788548546733358,0.029487303,0.04148349,1,0,0,0,0
2020-08-13,1,0,0.00423229931990377,0.2510507945338376,0.03940496,0.39496002,1,0,0,0,0
2020-08-14,1,0,0.01042463753611612,0.2613382830057167,0.049902923,0.0221135,1,0,0,0,0
2020-08-17,1,0,0.007779849886489923,0.4342701135020676,0.05070317,0.05217538,1,0,0,0,0
2020-08-18,2,0,0.4656285691225034,0.6264882573809154,0.9684767,0.9241857,1,0,1,1,1
2020-08-19,2,0,0.5198843732383261,0.5757667790715392,0.95659226,0.92785466,1,1,1,1,1
2020-08-20,2,0,0.7226765411465108,0.7191748101105533,0.9308121,0.91228515,1,1,1,1,1
2020-08-21,2,1,0.727994513005967,0.8132254448915313,0.96848047,0.78428507,1,1,1,1,1
2020-08-24,2,0,0.5738948334550722,0.7309488943605349,0.9762004,0.6915173,1,1,1,1,1
2020-08-25,2,0,0.5528295634640497,0.7314499804042153,0.98466855,0.7501362,1,1,1,1,1
2020-08-26,2,0,0.5859717360443424,0.7228693750025497,0.9553047,0.3612892,1,1,1,1,0
2020-08-27,2,0,0.4902206364530513,0.5740840533573857,0.95170355,0.36732152,1,0,1,1,0
2020-08-28,2,0,0.5121524283651564,0.561758487073001,0.57334656,0.119059764,1,1,1,1,0
2020-08-31,2,0,0.555312711748096,0.627059522266762,0.10365978,0.12837204,1,1,1,0,0
2020-09-01,2,0,0.5787270395305075,0.7343740639230397,0.1143403,0.41269773,1,1,1,0,0
2020-09-02,2,0,0.6898426428371154,0.6700996995335811,0.13440293,0.7222094,1,1,1,0,1
2020-09-03,2,1,0.6901971154484334,0.6789367377481388,0.9681087,0.93288726,1,1,1,1,1
2020-09-04,2,1,0.3134973431520094,0.5653232873398399,0.94676685,0.88147223,1,0,1,1,1
2020-09-07,2,1,0.4497220400036771,0.6801584482095965,0.8592418,0.8889108,1,0,1,1,1
2020-09-08,2,1,0.6282916752525151,0.6501020339556495,0.8289763,0.89000416,1,1,1,1,1
2020-09-09,2,1,0.5767419223308964,0.5757483979460458,0.8484667,0.88394964,1,1,1,1,1
2020-09-10,2,1,0.5974396251110945,0.6851207472806619,0.2985385,0.34419337,1,1,1,0,0
2020-09-11,2,1,0.49971762730530034,0.7131578373258768,0.8102413,0.80643404,1,0,1,1,1
2020-09-14,2,0,0.4954837751263371,0.6176755840364303,0.109847315,0.19207217,1,0,1,0,0
2020-09-15,2,0,0.6244762842017514,0.8127213912783675,0.04792945,0.13096906,1,1,1,0,0
2020-09-16,2,0,0.4530618601159388,0.7060069719616916,0.08774825,0.30367067,1,0,1,0,0
2020-09-17,2,0,0.5157967307375142,0.653923021129801,0.09115587,0.6816118,1,1,1,0,1
2020-09-18,2,0,0.38966506326968076,0.6267380023098473,0.492013,0.8445107,1,0,1,0,1
2020-09-21,2,1,0.6860669375923278,0.6828894579411323,0.94518954,0.9247077,1,1,1,1,1
2020-09-22,2,1,0.4736296004481555,0.6953457993085584,0.9780563,0.91183317,1,0,1,1,1
2020-09-23,2,1,0.6565082292832345,0.7282915233792585,0.9856371,0.84602386,1,1,1,1,1
2020-09-24,2,1,0.6737595093275186,0.749739572702749,0.97640276,0.2714023,1,1,1,1,0
2020-09-25,2,0,0.5650564135000467,0.6527786199909555,0.9836137,0.12755395,1,1,1,1,0
2020-09-28,2,0,0.5803954311679634,0.6440516079300296,0.9829202,0.18355624,1,1,1,1,0
2020-09-29,2,1,0.4674937716142974,0.6281391974299209,0.045277484,0.07510642,1,0,1,0,0
2020-09-30,2,1,0.3823690700360123,0.6770987486884579,0.046873845,0.19121997,1,0,1,0,0
2020-10-01,2,1,0.8515933937403877,0.7986398740601881,0.024957398,0.18598221,1,1,1,0,0
2020-10-02,2,1,0.27173412746417336,0.6291541713306994,0.036527608,0.1653503,1,0,1,0,0
2020-10-05,2,1,0.5191415232385705,0.4461551232159389,0.06779215,0.2894952,1,1,0,0,0
2020-10-06,2,1,0.5447586352086279,0.5832254524718349,0.08632692,0.30482292,1,1,1,0,0
2020-10-07,2,1,0.3940728647693241,0.49155700205847774,0.44910607,0.6584538,1,0,0,0,1
2020-10-08,2,1,0.5505517495125914,0.600267570439584,0.9336533,0.9324314,1,1,1,1,1
2020-10-09,2,1,0.47229662145988116,0.6580441464931878,0.92202616,0.91333205,1,0,1,1,1
2020-10-12,2,1,0.6695689434836496,0.6805934609510467,0.8880877,0.9170088,1,1,1,1,1
2020-10-13,2,1,0.5921654020506639,0.6688792852773233,0.9544484,0.9100966,1,1,1,1,1
2020-10-14,2,1,0.4534683535912474,0.6394086274392342,0.9798431,0.9423185,1,0,1,1,1
2020-10-15,2,1,0.42226916884367754,0.7271921368207463,0.9894685,0.9546548,1,0,1,1,1
2020-10-16,2,1,0.47040457710758793,0.6844797116237337,0.9901226,0.93624187,1,0,1,1,1
2020-10-19,2,1,0.2863488144705223,0.5507391230382583,0.9921291,0.946495,1,0,1,1,1
2020-10-20,2,1,0.3166593225358773,0.6328338665285285,0.98786616,0.9476915,1,0,1,1,1
2020-10-21,2,1,0.34691856166695073,0.5182520070054784,0.98029935,0.94546086,1,0,1,1,1
2020-10-22,2,1,0.5943138627159797,0.5728089954758857,0.9761722,0.94196934,1,1,1,1,1
2020-10-23,2,1,0.6447677740032807,0.621850147462355,0.9838128,0.9487422,1,1,1,1,1
2020-10-26,2,1,0.6278872740325087,0.7044056739947999,0.87646353,0.7148666,1,1,1,1,1
2020-10-27,2,1,0.5966874678229329,0.6921363934787536,0.7824022,0.5058448,1,1,1,1,1
2020-10-28,2,1,0.6178274498722508,0.5968215081840795,0.8545192,0.79732555,1,1,1,1,1
2020-10-29,2,1,0.6640517221443855,0.6428141648212101,0.87571037,0.34657562,1,1,1,1,0
2020-10-30,2,1,0.5508236199406015,0.4996833786412935,0.47750586,0.11298833,1,1,0,0,0
2020-11-02,2,1,0.6822095154163886,0.4592489147686984,0.5729446,0.048642676,1,1,0,1,0
2020-11-03,2,1,0.668434438568585,0.4007264070271181,0.05478927,0.05039841,1,1,0,0,0
2020-11-04,2,1,0.8595027410637978,0.46969761007478167,0.019358248,0.035607804,1,1,0,0,0
2020-11-05,2,1,0.7857913197594916,0.6797928920499079,0.015474498,0.030455407,1,1,1,0,0
2020-11-06,2,1,0.6156757732846645,0.6931378055874959,0.021722287,0.022264352,1,1,1,0,0
2020-11-09,2,1,0.7432567548567206,0.6474356036546649,0.016773848,0.027204435,1,1,1,0,0
2020-11-10,2,1,0.6251608162840033,0.6304780727264399,0.07257943,0.019327847,1,1,1,0,0
2020-11-11,2,1,0.7089999270514383,0.6016637775768906,0.012624164,0.018675478,1,1,1,0,0
2020-11-12,2,1,0.5135677430908729,0.5394109411752838,0.011716569,0.023464264,1,1,1,0,0
2020-11-13,2,1,0.5945433091703594,0.6232411147437827,0.024253473,0.023321025,1,1,1,0,0
2020-11-16,2,1,0.41552956604202157,0.6796401374024477,0.02242923,0.037467636,1,0,1,0,0
2020-11-17,2,0,0.6413438283677537,0.7077126497938642,0.019695146,0.0357903,1,1,1,0,0
2020-11-18,2,0,0.5616164526561204,0.6715009692126379,0.016489211,0.03199239,1,1,1,0,0
2020-11-19,2,1,0.6419558187451951,0.740792487727793,0.019164667,0.029998679,1,1,1,0,0
2020-11-20,2,1,0.3282614428243201,0.6254518136874979,0.009960499,0.029798126,1,0,1,0,0
2020-11-23,2,1,0.7022844887248777,0.7614579565959511,0.017851105,0.025622722,1,1,1,0,0
2020-11-24,2,1,0.5606796182869869,0.5941346432529679,0.023102846,0.024028044,1,1,1,0,0
2020-11-25,2,0,0.6321172904493408,0.6999074133383745,0.025228573,0.025193341,1,1,1,0,0
2020-11-26,2,1,0.6595928005508519,0.6617828863713116,0.01923161,0.02324089,1,1,1,0,0
2020-11-27,2,1,0.5894990792550745,0.6270507756197664,0.04197258,0.03624879,1,1,1,0,0
2020-11-30,2,0,0.4497619536496606,0.6528026164530201,0.022465497,0.025283562,1,0,1,0,0
2020-12-01,2,0,0.5561894898615961,0.6730255051463884,0.010753773,0.019640675,1,1,1,0,0
2020-12-02,2,0,0.6474516318101088,0.6747080284854252,0.02780545,0.03332077,1,1,1,0,0
2020-12-03,2,0,0.6261654267195417,0.7823061247358604,0.016536906,0.052863624,1,1,1,0,0
2020-12-04,2,1,0.5634168448528708,0.6431131766344569,0.011750059,0.044972084,1,1,1,0,0
2020-12-07,2,1,0.6346065125568293,0.6472897774797873,0.017960422,0.035289615,1,1,1,0,0
2020-12-08,2,1,0.627568059268629,0.7472124132095792,0.022266997,0.041128766,1,1,1,0,0
2020-12-09,2,1,0.5154494975449946,0.624450766571125,0.01861481,0.07138018,1,1,1,0,0
2020-12-10,2,1,0.44963269737190875,0.6670399812407878,0.03354947,0.03985169,1,0,1,0,0
2020-12-11,2,1,0.6980147701939894,0.7607917458164382,0.02104349,0.031426314,1,1,1,0,0
2020-12-14,2,1,0.5571284333809972,0.6496922030945599,0.03384738,0.034353342,1,1,1,0,0
2020-12-15,2,1,0.5761848047288232,0.6279526586052381,0.017563023,0.03560194,1,1,1,0,0
2020-12-16,2,1,0.5172790846942876,0.5340365374015319,0.015273551,0.034324374,1,1,1,0,0
2020-12-17,2,1,0.5492009984860774,0.6661839468242522,0.018032849,0.04441471,1,1,1,0,0
2020-12-18,2,1,0.5013837162388228,0.635751964875702,0.022746464,0.055367935,1,1,1,0,0
2020-12-21,2,1,0.7516133760381103,0.6941159633876027,0.018012257,0.03750367,1,1,1,0,0
2020-12-22,2,1,0.7116321821054068,0.716362947331006,0.012505524,0.03123122,1,1,1,0,0
2020-12-23,2,1,0.5697467993730813,0.6900259429196841,0.011689627,0.02680199,1,1,1,0,0
2020-12-24,2,1,0.7045142772131544,0.7103905218850471,0.016735904,0.025813572,1,1,1,0,0
2020-12-25,2,1,0.6191255703561964,0.7096337205161833,0.009785474,0.027518738,1,1,1,0,0
2020-12-28,2,1,0.2445128293316024,0.5877205875757529,0.009535096,0.025318775,1,0,1,0,0
2020-12-29,2,1,0.15814152317643443,0.6499820449276476,0.0318476,0.027781079,1,0,1,0,0
2020-12-30,2,1,0.14238885303198892,0.6163223706598487,0.050552767,0.05516954,1,0,1,0,0
2020-12-31,2,1,0.19813579292958294,0.7385585654094349,0.050684366,0.13519257,1,0,1,0,0
2021-01-01,2,1,0.11822040801252533,0.6919195870132979,0.117828295,0.35353616,1,0,1,0,0
2021-01-04,2,1,0.06273517737883712,0.5649710924888824,0.16429292,0.5300613,1,0,1,0,1
2021-01-05,2,1,0.06334100213096513,0.6479081754479441,0.17746285,0.6115517,1,0,1,0,1
2021-01-06,2,0,0.3497030161060224,0.5074210125077474,0.33068764,0.594337,1,0,1,0,1
2021-01-07,2,0,0.30065708519282336,0.48648674870216296,0.2954151,0.39868262,1,0,0,0,0
2021-01-08,2,0,0.6393883114871417,0.6436784874567233,0.121140644,0.121466756,1,1,1,0,0
2021-01-11,2,1,0.7550656683707094,0.7302888245260659,0.14552468,0.07236953,1,1,1,0,0
2021-01-12,2,0,0.45250267054758253,0.5421094204895115,0.092383444,0.04103291,1,0,1,0,0
2021-01-13,2,0,0.46017025607164874,0.5527952836271212,0.04818268,0.037829302,1,0,1,0,0
2021-01-14,2,0,0.36092413471478035,0.5714083166939183,0.017152278,0.024911553,1,0,1,0,0
2021-01-15,2,0,0.6421990766946285,0.6698256141550596,0.0132994745,0.024478236,1,1,1,0,0
2021-01-18,2,0,0.4823166625219415,0.583241953786654,0.01798264,0.0320032,1,0,1,0,0
2021-01-19,2,0,0.5218522988157949,0.7781028094762213,0.011909341,0.02670599,1,1,1,0,0
2021-01-20,2,0,0.5034909147026657,0.7055247784261356,0.007837751,0.03138765,1,1,1,0,0
2021-01-21,2,1,0.5678672412144363,0.7061989552360362,0.014677391,0.045859147,1,1,1,0,0
2021-01-22,2,1,0.5712577903607946,0.6257638651210926,0.01753792,0.07918621,1,1,1,0,0
2021-01-25,2,1,0.5564031122778657,0.7153324945209956,0.02305084,0.06565833,1,1,1,0,0
2021-01-26,2,1,0.39014774256699986,0.6838399424854397,0.014491079,0.056392923,1,0,1,0,0
2021-01-27,2,1,0.5576737939909889,0.7086452240487117,0.022121431,0.07639576,1,1,1,0,0
2021-01-28,2,1,0.4056588995807269,0.6356657782935212,0.057845984,0.101411566,1,0,1,0,0
2021-01-29,2,1,0.3593908488951763,0.5817588578215088,0.0280579,0.100883625,1,0,1,0,0
2021-02-01,2,1,0.6561329729423209,0.6483846330453588,0.07024648,0.19426908,1,1,1,0,0
2021-02-02,2,1,0.4257023664748598,0.47221017105478275,0.1020869,0.3806898,1,0,0,0,0
2021-02-03,2,1,0.35474427210712406,0.5392832419100279,0.09263334,0.63020724,1,0,1,0,1
2021-02-04,2,1,0.5966810386763475,0.5868764442963043,0.026399614,0.21638092,1,1,1,0,0
2021-02-05,2,1,0.30456139359210527,0.45306119406583956,0.07827336,0.13893658,1,0,0,0,0
2021-02-08,2,1,0.19478782828126695,0.431386713215064,0.068328515,0.11003681,1,0,0,0,0
2021-02-09,2,1,0.3617406711874678,0.5986019695903554,0.070976466,0.17077407,1,0,1,0,0
2021-02-10,2,1,0.320675984558846,0.6636222768090291,0.12581748,0.50999874,1,0,1,0,1
2021-02-11,2,1,0.46180449587179784,0.6190869371998351,0.26542512,0.52464694,1,0,1,0,1
2021-02-12,2,1,0.4665842216704978,0.6512257023479607,0.2562433,0.22623336,1,0,1,0,0
2021-02-15,2,1,0.42937270559021623,0.6908387244906017,0.33155635,0.13039832,1,0,1,0,0
2021-02-16,2,0,0.4635055969587503,0.5836042277087103,0.20045763,0.06535191,1,0,1,0,0
2021-02-17,2,0,0.5531444272701747,0.5817988289340746,0.2956353,0.04688778,1,1,1,0,0
2021-02-18,2,0,0.34278671622729034,0.5707532947273094,0.26028037,0.043858223,1,0,1,0,0
2021-02-19,2,0,0.17335733082315827,0.4922946926529068,0.30767542,0.07438758,1,0,0,0,0
2021-02-22,2,0,0.2971386629514727,0.549926810824001,0.12784466,0.044997916,1,0,1,0,0
2021-02-23,2,0,0.4935088025785915,0.6365123221270855,0.1752196,0.09078359,1,0,1,0,0
2021-02-24,2,0,0.4180349357185409,0.5662384400823061,0.12762943,0.095951855,1,0,1,0,0
2021-02-25,2,1,0.23034797017419392,0.5790023378184909,0.043061707,0.046155047,1,0,1,0,0
2021-02-26,2,1,0.836625552573352,0.689450090574137,0.13378614,0.036788784,1,1,1,0,0
2021-03-01,2,1,0.5518401201940252,0.5433252958488463,0.18093611,0.036517926,1,1,1,0,0
2021-03-02,2,1,0.3234971190159227,0.5812863679352315,0.028689073,0.028831502,1,0,1,0,0
2021-03-03,2,1,0.43016332359826204,0.6240489141382439,0.042415604,0.037064772,1,0,1,0,0
2021-03-04,2,1,0.5702814969888698,0.7002314690868597,0.04733781,0.03696135,1,1,1,0,0
2021-03-05,2,1,0.5741974445840712,0.5857835658444805,0.061256878,0.03559448,1,1,1,0,0
2021-03-08,2,1,0.22069158483148912,0.5635355346772484,0.017362723,0.042427275,1,0,1,0,0
2021-03-09,2,1,0.6993265332980778,0.5893663847510606,0.026184943,0.033904273,1,1,1,0,0
2021-03-10,2,1,0.35927349326206787,0.6284002692527266,0.033273146,0.1397651,1,0,1,0,0
2021-03-11,2,0,0.3267586369709097,0.6146525481638638,0.041480042,0.5157088,1,0,1,0,1
2021-03-12,2,0,0.41540368131687183,0.5895251165506844,0.07455882,0.6178083,1,0,1,0,1
2021-03-15,2,0,0.46905156325614744,0.7819371079633056,0.28802568,0.5219633,1,0,1,0,1
2021-03-16,2,0,0.6594233545141136,0.7259418629639268,0.16295174,0.4308501,1,1,1,0,0
2021-03-17,2,0,0.36580799148060616,0.5276236075092285,0.39319795,0.45912427,1,0,1,0,0
2021-03-18,2,0,0.3623214822762759,0.5930347301160722,0.58099806,0.76577926,1,0,1,1,1
2021-03-19,2,1,0.4893255544801541,0.5926166910235161,0.9828666,0.91506183,1,0,1,1,1
2021-03-22,2,1,0.47074601596285265,0.6528983375027535,0.9895503,0.7713958,1,0,1,1,1
2021-03-23,2,1,0.5911136864270023,0.6698736460764746,0.9894104,0.8810934,1,1,1,1,1
2021-03-24,2,1,0.42071358028975236,0.7131376108987331,0.62332636,0.36665553,1,0,1,1,0
2021-03-25,2,1,0.642573652587578,0.7967122783122101,0.31934503,0.25025967,1,1,1,0,0
2021-03-26,2,1,0.30815184729124095,0.6199848919410341,0.09831205,0.49801788,1,0,1,0,0
2021-03-29,2,0,0.4768391390194611,0.6432375581875996,0.11442497,0.6790574,1,0,1,0,1
2021-03-30,2,0,0.4770209854777288,0.6402972786939657,0.114960134,0.545624,1,0,1,0,1
2021-03-31,2,0,0.39993868613654054,0.5124875868415003,0.16907726,0.095759526,1,0,1,0,0
2021-04-01,2,1,0.5531071553106969,0.7211881912634195,0.02124345,0.09752497,1,1,1,0,0
2021-04-02,2,1,0.45448761574500174,0.6894563771275365,0.054059293,0.3132836,1,0,1,0,0
2021-04-05,2,1,0.5603056354615499,0.7921971843604458,0.08508084,0.5344527,1,1,1,0,1
2021-04-06,2,1,0.26096833365601296,0.7069068850607018,0.09920349,0.61200327,1,0,1,0,1
2021-04-07,2,1,0.627241742753038,0.7426205728428324,0.15691115,0.80133325,1,1,1,0,1
2021-04-08,2,0,0.4225127344730162,0.7989534240211539,0.458403,0.8035872,1,0,1,0,1
2021-04-09,2,0,0.5633764836849103,0.7682035082195303,0.8080055,0.83448154,1,1,1,1,1
2021-04-12,2,0,0.4217468674367431,0.6687116448863212,0.91743046,0.88819635,1,0,1,1,1
2021-04-13,2,0,0.3781861046632032,0.5734132569969933,0.9866117,0.93017,1,0,1,1,1
2021-04-14,2,0,0.2838221785718432,0.6299096467385188,0.9894326,0.94437325,1,0,1,1,1
2021-04-15,2,0,0.2924687861252024,0.6420283336047282,0.96557605,0.8685035,1,0,1,1,1
2021-04-16,2,0,0.5281920506428678,0.7256562740675566,0.14921059,0.123364754,1,1,1,0,0
2021-04-19,2,0,0.4321020836601953,0.6140708231909369,0.2269396,0.15608113,1,0,1,0,0
2021-04-20,3,0,0.6977638077951032,0.7372928565022903,0.96524626,0.91143245,1,1,1,1,1
2021-04-21,3,1,0.5824840782520473,0.7133620048159657,0.96069914,0.94010085,1,1,1,1,1
2021-04-22,3,1,0.6982330543329233,0.7477285355368515,0.9784565,0.9270987,1,1,1,1,1
2021-04-23,3,1,0.5752842514935682,0.6761363360697047,0.9911095,0.9689256,1,1,1,1,1
2021-04-26,3,1,0.5191433431479637,0.6879919129995716,0.9918114,0.8891503,1,1,1,1,1
2021-04-27,3,1,0.5946046871008804,0.6316489861999078,0.9953394,0.75822264,1,1,1,1,1
2021-04-28,3,1,0.654576817207925,0.6506336217184557,0.9943685,0.7500392,1,1,1,1,1
2021-04-29,3,1,0.6665069137167808,0.6713850639565733,0.99496835,0.81674385,1,1,1,1,1
2021-04-30,3,0,0.6414515160910607,0.7223106306236486,0.983404,0.82568073,1,1,1,1,1
2021-05-03,3,0,0.6270142191044984,0.658936163165274,0.969422,0.90413123,1,1,1,1,1
2021-05-04,3,0,0.5778223258782618,0.6743672859361464,0.9549377,0.900743,1,1,1,1,1
2021-05-05,3,0,0.6372807731022778,0.7093046573021531,0.9775342,0.92700917,1,1,1,1,1
2021-05-06,3,0,0.4956739144868468,0.6709387146858563,0.9954644,0.91078573,1,0,1,1,1
2021-05-07,3,0,0.3782584557060789,0.6523714342231938,0.99469405,0.8333313,1,0,1,1,1
2021-05-10,3,0,0.5957798745446261,0.7012820132133797,0.95925057,0.7439193,1,1,1,1,1
2021-05-11,3,0,0.4231927156634749,0.5994926619194818,0.9732642,0.7897133,1,0,1,1,1
2021-05-12,3,0,0.5341579035291083,0.5861215615754408,0.98601586,0.86361897,1,1,1,1,1
2021-05-13,3,0,0.7073636295146583,0.6906893823142707,0.9888026,0.94311,1,1,1,1,1
2021-05-14,3,0,0.635258415806457,0.6884854529296643,0.9879743,0.9054705,1,1,1,1,1
2021-05-17,3,0,0.440621802608296,0.5916423779727424,0.98538464,0.94269425,1,0,1,1,1
2021-05-18,3,0,0.5030264388835044,0.6191866481944583,0.98917985,0.92061085,1,1,1,1,1
2021-05-19,3,0,0.8651978818304809,0.6852276644528,0.97883546,0.9304529,1,1,1,1,1
2021-05-20,3,0,0.6016483104612286,0.7036162408381395,0.97040135,0.96993464,1,1,1,1,1
2021-05-21,3,0,0.7528589450464953,0.7316571543530556,0.97625047,0.96323794,1,1,1,1,1
2021-05-24,3,0,0.639763101374979,0.6835559748465105,0.9682634,0.9702129,1,1,1,1,1
2021-05-25,3,1,0.6674247778613936,0.6926052608303802,0.953558,0.9667262,1,1,1,1,1
2021-05-26,3,0,0.613014793559719,0.678058419607813,0.97098374,0.96980596,1,1,1,1,1
2021-05-27,3,0,0.48540364033800115,0.6829608570178987,0.9590167,0.95626336,1,0,1,1,1
2021-05-28,3,0,0.590486093680873,0.73645496989395,0.93227637,0.8702582,1,1,1,1,1
2021-05-31,3,1,0.6065677083187602,0.7489483662539013,0.9453743,0.7938239,1,1,1,1,1
2021-06-01,3,1,0.6278665606546368,0.6845705647143402,0.9353279,0.8160699,1,1,1,1,1
2021-06-02,3,0,0.6582137343407235,0.716545700471665,0.96531683,0.8252542,1,1,1,1,1
2021-06-03,3,1,0.8172938371015678,0.6774162516058938,0.9710518,0.8812302,1,1,1,1,1
2021-06-04,3,1,0.5175221893692084,0.6216155131110473,0.89529425,0.95298254,1,1,1,1,1
2021-06-07,3,1,0.5942581202548327,0.7501086838961062,0.9734481,0.9594304,1,1,1,1,1
2021-06-08,3,1,0.5876343203548451,0.6328614883720909,0.97624195,0.9608608,1,1,1,1,1
2021-06-09,3,0,0.581389168642685,0.6247320478090371,0.9819989,0.96933156,1,1,1,1,1
2021-06-10,3,0,0.7288724594866003,0.6808355958892933,0.9751594,0.9548204,1,1,1,1,1
2021-06-11,3,0,0.5705078653175683,0.6858826109448654,0.98263997,0.93985856,1,1,1,1,1
2021-06-14,3,0,0.5968524275361324,0.6383282608040717,0.9661469,0.8369318,1,1,1,1,1
2021-06-15,3,0,0.8564019196503154,0.7865445809825524,0.9341404,0.6776492,1,1,1,1,1
2021-06-16,3,0,0.5484606992201299,0.6501126341473704,0.9663511,0.8810025,1,1,1,1,1
2021-06-17,3,0,0.8393019213793952,0.7502531420367312,0.86337036,0.6726499,1,1,1,1,1
2021-06-18,3,1,0.7568671172421069,0.7762689890415122,0.77526283,0.86899763,1,1,1,1,1
2021-06-21,3,1,0.6852051195482811,0.58242832376142,0.8285387,0.9694634,1,1,1,1,1
2021-06-22,3,1,0.5722239915405744,0.7057742929455914,0.55503494,0.88709825,1,1,1,1,1
2021-06-23,3,1,0.5359449020303013,0.6445701082613833,0.14074089,0.83252686,1,1,1,0,1
2021-06-24,3,0,0.7116903881991432,0.6849901383436701,0.022584012,0.6901147,1,1,1,0,1
2021-06-25,3,1,0.7122350609395351,0.5341914078244564,0.015452646,0.58788836,1,1,1,0,1
2021-06-28,3,0,0.7009987174501887,0.5848121791868255,0.012781925,0.64645237,1,1,1,0,1
2021-06-29,3,0,0.713495425138655,0.5230252702537636,0.019571265,0.6634328,1,1,1,0,1
2021-06-30,3,0,0.7191722894065313,0.5178480767018068,0.025987972,0.63089305,1,1,1,0,1
2021-07-01,3,0,0.7959157717653923,0.6569698372354499,0.6462318,0.5092409,1,1,1,1,1
2021-07-02,3,0,0.7217477220700552,0.562227699469785,0.88301414,0.92714936,1,1,1,1,1
2021-07-05,3,0,0.6297369421553088,0.5219381584971992,0.96816605,0.93090034,1,1,1,1,1
2021-07-06,3,0,0.8239583178217796,0.6290429450837078,0.98339117,0.84731,1,1,1,1,1
2021-07-07,3,0,0.6858647480093656,0.5224630025424667,0.98072606,0.98037547,1,1,1,1,1
2021-07-08,3,0,0.7907364323366352,0.6139186925364992,0.9839738,0.9647816,1,1,1,1,1
2021-07-09,3,0,0.6009089219622243,0.6382270526255914,0.97361743,0.9712616,1,1,1,1,1
2021-07-12,3,0,0.7778742611867335,0.6257363171367922,0.92251676,0.8539294,1,1,1,1,1
2021-07-13,3,0,0.6721052802377081,0.5099509373352782,0.70345527,0.73339814,1,1,1,1,1
2021-07-14,3,1,0.7787097444522786,0.535432180450588,0.5809304,0.38392216,1,1,1,1,0
2021-07-15,3,1,0.6148303192262672,0.5435558971073523,0.6147616,0.46866298,1,1,1,1,0
2021-07-16,3,1,0.7688593505915093,0.5901658669759287,0.3793238,0.4995818,1,1,1,0,0
2021-07-19,3,1,0.8246098868211129,0.7151386063610168,0.5262725,0.9393454,1,1,1,1,1
2021-07-20,3,1,0.7264484239464051,0.616600080849465,0.8304151,0.9953703,1,1,1,1,1
2021-07-21,3,1,0.7323681640802514,0.6091638187148023,0.9742054,0.9852389,1,1,1,1,1
2021-07-22,3,1,0.6918459783813806,0.5682115150766207,0.8450846,0.86843157,1,1,1,1,1
2021-07-23,3,1,0.7335774397720993,0.5669475625073015,0.8846783,0.65122056,1,1,1,1,1
2021-07-26,3,1,0.565970263967427,0.4636473808519732,0.5165862,0.39327618,1,1,0,1,0
2021-07-27,3,1,0.8056467510852761,0.6047633244350277,0.44900703,0.15394163,1,1,1,0,0
2021-07-28,3,1,0.7557370628582865,0.6208822498213187,0.5136346,0.11628493,1,1,1,1,0
2021-07-29,3,1,0.7437744697033029,0.6464016987245423,0.074131966,0.09353347,1,1,1,0,0
2021-07-30,3,1,0.8551490720836836,0.7111635731374851,0.25375888,0.10852785,1,1,1,0,0
2021-08-02,3,1,0.8423254186340806,0.5736860911623033,0.8651692,0.896569,1,1,1,1,1
2021-08-03,3,1,0.8733898393267175,0.7952007973996531,0.9802067,0.9470273,1,1,1,1,1
2021-08-04,3,1,0.8043736434976558,0.6759404344233804,0.99755645,0.9961349,1,1,1,1,1
2021-08-05,3,1,0.7719592585270182,0.6165326151072708,0.99746263,0.9967349,1,1,1,1,1
2021-08-06,3,1,0.7762627308926939,0.5217195348254067,0.99635446,0.9937557,1,1,1,1,1
2021-08-09,3,0,0.6883495643879725,0.4254518393749745,0.9918786,0.97248274,1,1,0,1,1
2021-08-10,3,1,0.5470674537833093,0.3519202073608607,0.96834546,0.8649469,1,1,0,1,1
2021-08-11,3,1,0.6772738825256803,0.3500864926948143,0.8089463,0.53376216,1,1,0,1,1
2021-08-12,3,1,0.7070655433820615,0.39603766188342826,0.43747282,0.30089247,1,1,0,0,0
2021-08-13,3,0,0.61274850988572,0.5588767870439352,0.08249648,0.19549058,1,1,1,0,0
2021-08-16,3,1,0.770920916013195,0.7572310970563056,0.02278554,0.16601382,1,1,1,0,0
2021-08-17,3,1,0.7869465002658573,0.8051911806863378,0.05443914,0.12464526,1,1,1,0,0
2021-08-18,3,1,0.7835870312231215,0.7487003418892464,0.8233726,0.2852415,1,1,1,1,0
2021-08-19,3,1,0.7813695727664123,0.7076995959181382,0.995376,0.73719573,1,1,1,1,1
2021-08-20,3,0,0.5379836613148284,0.6097979150733718,0.99477035,0.960642,1,1,1,1,1
2021-08-23,3,0,0.4040425076387429,0.5537173540114942,0.97915524,0.9810512,1,0,1,1,1
2021-08-24,3,1,0.5395685918972154,0.6167992746266006,0.97733295,0.8878028,1,1,1,1,1
2021-08-25,3,1,0.6753560622026603,0.6158920331777853,0.95815724,0.6317997,1,1,1,1,1
2021-08-26,3,1,0.681052920824001,0.6048289861722069,0.9608333,0.51038647,1,1,1,1,1
2021-08-27,3,0,0.5779152484795576,0.6409365983569262,0.96934414,0.5547433,1,1,1,1,1
2021-08-30,3,0,0.6531302106725686,0.6993972875546385,0.9816855,0.53143823,1,1,1,1,1
2021-08-31,3,0,0.5426184131234143,0.6487282997146067,0.9737994,0.7381201,1,1,1,1,1
2021-09-01,3,0,0.771438791998933,0.7945410352707372,0.9688626,0.6594729,1,1,1,1,1
2021-09-02,3,0,0.6597967432276016,0.6629767974803183,0.98475283,0.81718975,1,1,1,1,1
2021-09-03,3,0,0.5610363243026085,0.5722761324675212,0.98326516,0.87975657,1,1,1,1,1
2021-09-06,3,0,0.5696400467593832,0.5627523539169846,0.9888621,0.93482375,1,1,1,1,1
2021-09-07,3,1,0.743626891636377,0.6596155361492275,0.98189294,0.8474121,1,1,1,1,1
2021-09-08,3,1,0.7432603582703741,0.6898856517073999,0.94531757,0.9462084,1,1,1,1,1
2021-09-09,3,0,0.511694797520698,0.6487613567846537,0.9221572,0.963022,1,1,1,1,1
2021-09-10,3,0,0.39049447348742666,0.6133887979752543,0.8782414,0.94959646,1,0,1,1,1
2021-09-13,3,0,0.7063609003150114,0.7545180526049252,0.8228424,0.7577429,1,1,1,1,1
2021-09-14,3,0,0.6761373790877038,0.6586321551320645,0.8623205,0.75248945,1,1,1,1,1
2021-09-15,3,0,0.5257584907621343,0.662592847774316,0.9225432,0.8901382,1,1,1,1,1
2021-09-16,3,0,0.8027330723417371,0.7642482949228699,0.6501235,0.72986865,1,1,1,1,1
2021-09-17,3,0,0.6377963040199419,0.7041747990588061,0.81367874,0.70739305,1,1,1,1,1
2021-09-20,3,0,0.7965181573840807,0.8091795644934563,0.7813588,0.78023356,1,1,1,1,1
2021-09-21,3,1,0.6513025609418951,0.6507763454931773,0.96186405,0.93362516,1,1,1,1,1
2021-09-22,3,1,0.40549239649627256,0.6764771351782212,0.9800465,0.9391601,1,0,1,1,1
2021-09-23,3,1,0.6282325058429052,0.6698876960776334,0.9104692,0.6611002,1,1,1,1,1
2021-09-24,3,1,0.59377033273574,0.5681546839124929,0.6577442,0.36504617,1,1,1,1,0
2021-09-27,3,1,0.5780936093993586,0.3723830762507411,0.8627714,0.3619621,1,1,0,1,0
2021-09-28,3,1,0.655317437209517,0.6733881155619897,0.8693165,0.28001842,1,1,1,1,0
2021-09-29,3,1,0.7462013441211355,0.5162612088919113,0.8725003,0.28927577,1,1,1,1,0
2021-09-30,3,1,0.7161930386859597,0.6889709129054729,0.8783707,0.41879877,1,1,1,1,0
2021-10-01,3,1,0.5210619088489561,0.6701503592401149,0.9650823,0.75614494,1,1,1,1,1
2021-10-04,3,1,0.5366340730086612,0.7805048278226251,0.97346526,0.87580377,1,1,1,1,1
2021-10-05,3,1,0.6707630412796787,0.7242556895389909,0.99610054,0.66944665,1,1,1,1,1
2021-10-06,3,1,0.7052164343255413,0.7965684890124737,0.98795044,0.81127477,1,1,1,1,1
2021-10-07,3,1,0.41460860986131354,0.669716945905341,0.9840044,0.9101421,1,0,1,1,1
2021-10-08,3,1,0.5223354472230504,0.41570742913032044,0.6418535,0.62480265,1,1,0,1,1
2021-10-11,3,1,0.3822370985969425,0.4473108840761006,0.15212764,0.40643176,1,0,0,0,0
2021-10-12,3,1,0.6752424330625801,0.698918004181241,0.14325398,0.39363742,1,1,1,0,0
2021-10-13,3,1,0.4310733803015861,0.6169923187941645,0.8730157,0.5251893,1,0,1,1,1
2021-10-14,3,1,0.4386095450164677,0.6985094133853466,0.9052375,0.6052378,1,0,1,1,1
2021-10-15,3,0,0.36178659409478003,0.5958970231029848,0.9260656,0.45654583,1,0,1,1,0
2021-10-18,3,0,0.17410047109831048,0.6741672437889433,0.57211375,0.08479038,1,0,1,1,0
2021-10-19,3,0,0.914427039919147,0.7737355494371398,0.21460475,0.0602981,1,1,1,0,0
2021-10-20,3,0,0.6254685899444242,0.5602853363826237,0.7448344,0.06162974,1,1,1,1,0
2021-10-21,3,0,0.8193505818922433,0.6111420847255374,0.8748838,0.10377461,1,1,1,1,0
2021-10-22,3,1,0.7972414899339823,0.7423165833047156,0.9217028,0.3254353,1,1,1,1,0
2021-10-25,3,0,0.4457419379039757,0.671250814875487,0.97829866,0.81522846,1,0,1,1,1
2021-10-26,3,1,0.7288142403235734,0.7479080864242076,0.9865131,0.91730905,1,1,1,1,1
2021-10-27,3,1,0.7992461115152056,0.7227982208442724,0.97612506,0.9373352,1,1,1,1,1
2021-10-28,3,1,0.4905117375483536,0.7065027205586789,0.9832545,0.9904373,1,0,1,1,1
2021-10-29,3,1,0.6400636776698508,0.730667051760808,0.9811112,0.97062737,1,1,1,1,1
2021-11-01,3,1,0.4404386043606895,0.7357556668094225,0.9639301,0.9560855,1,0,1,1,1
2021-11-02,3,1,0.7455072291809819,0.8180592645121991,0.97721976,0.9075143,1,1,1,1,1
2021-11-03,3,1,0.6793263028432778,0.721692486412194,0.9515371,0.8849887,1,1,1,1,1
2021-11-04,3,1,0.5906884197898649,0.6608873792094974,0.94578385,0.8873351,1,1,1,1,1
2021-11-05,3,0,0.6055970193083013,0.6143918624849277,0.9805997,0.9355875,1,1,1,1,1
2021-11-08,3,0,0.43706505916027916,0.7015141485191769,0.9852014,0.92035675,1,0,1,1,1
2021-11-09,3,0,0.7294926909099106,0.6739769250382243,0.9735988,0.8100241,1,1,1,1,1
2021-11-10,3,0,0.6438060414908048,0.6770420799902672,0.97686154,0.9036973,1,1,1,1,1
2021-11-11,3,0,0.5012108688913736,0.645398732662963,0.99403894,0.9002606,1,1,1,1,1
2021-11-12,3,0,0.592218988374909,0.592085676523123,0.99480987,0.8738456,1,1,1,1,1
2021-11-15,3,0,0.6479207286429896,0.5336632730265687,0.99066275,0.9171358,1,1,1,1,1
2021-11-16,3,0,0.6846757815594473,0.528167397779999,0.98191434,0.93715507,1,1,1,1,1
2021-11-17,3,0,0.7173591435638241,0.6834302150215227,0.964084,0.9686415,1,1,1,1,1
2021-11-18,3,1,0.5828116172494389,0.6564169313961673,0.97722125,0.9857751,1,1,1,1,1
2021-11-19,3,0,0.43756829778086564,0.630850261175672,0.9623361,0.98134804,1,0,1,1,1
2021-11-22,3,1,0.5755031130573238,0.6471669892372064,0.88190395,0.9524841,1,1,1,1,1
2021-11-23,3,0,0.6309569773084333,0.6922631774325362,0.3060284,0.84712577,1,1,1,0,1
2021-11-24,3,0,0.5240052834018606,0.7076407421307174,0.119170986,0.58086544,1,1,1,0,1
2021-11-25,3,0,0.591823999433199,0.7150482184774722,0.65428615,0.5335832,1,1,1,1,1
2021-11-26,3,0,0.7992380870614286,0.7889142946042925,0.7668703,0.64923596,1,1,1,1,1
2021-11-29,3,0,0.5742313858498933,0.6560844994660112,0.69946694,0.94401556,1,1,1,1,1
2021-11-30,3,0,0.6870906827959364,0.7436292192755887,0.029798165,0.9254079,1,1,1,0,1
2021-12-01,3,0,0.6896267406990085,0.6818025800685694,0.10207033,0.9553814,1,1,1,0,1
2021-12-02,3,0,0.6253358472030385,0.63352265427707,0.88820195,0.84611326,1,1,1,1,1
2021-12-03,3,0,0.7407444866025332,0.676275790040513,0.42719418,0.6299605,1,1,1,0,1
2021-12-06,3,0,0.5887247161451526,0.6418173369244826,0.95279443,0.866841,1,1,1,1,1
2021-12-07,3,0,0.4989849286169237,0.6789636370435914,0.9877252,0.8580643,1,0,1,1,1
2021-12-08,3,0,0.4925896364030533,0.4995634203769797,0.92756444,0.63348925,1,0,0,1,1
2021-12-09,3,0,0.6671640391407458,0.7140227438106702,0.7311434,0.5750315,1,1,1,1,1
2021-12-10,3,1,0.6018954711110641,0.5469362006376395,0.7838852,0.79616773,1,1,1,1,1
2021-12-13,3,1,0.5856269516947401,0.7353340725826227,0.83984476,0.874496,1,1,1,1,1
2021-12-14,3,1,0.5514434925870219,0.662629201322942,0.9694206,0.90789485,1,1,1,1,1
2021-12-15,3,1,0.706590327793609,0.7080690675106446,0.9844087,0.91011924,1,1,1,1,1
2021-12-16,3,1,0.38642448089725906,0.6775578122698123,0.98069453,0.9504524,1,0,1,1,1
2021-12-17,3,1,0.553574044720911,0.6583193037032032,0.99561226,0.9686609,1,1,1,1,1
2021-12-20,3,0,0.48993536551558314,0.6270499650144147,0.9955788,0.9373334,1,0,1,1,1
2021-12-21,4,0,0.27727266137074236,0.2928620580648225,0.030807633,0.14303768,1,0,0,0,0
2021-12-22,4,0,0.3809690393253128,0.2970712926817927,0.0066664238,0.15017714,1,0,0,0,0
2021-12-23,4,0,0.3520081768551925,0.2547874710940618,0.007574298,0.1751344,1,0,0,0,0
2021-12-24,4,0,0.38563614450130423,0.22970459975581858,0.0072171744,0.18245286,1,0,0,0,0
2021-12-27,4,0,0.351362952664544,0.237492284871076,0.029012127,0.20787056,1,0,0,0,0
2021-12-28,4,0,0.3539166694766388,0.23941993011230678,0.03075721,0.19717099,1,0,0,0,0
2021-12-29,4,0,0.3203855244829021,0.23148706916893566,0.00988216,0.17812286,1,0,0,0,0
2021-12-30,4,0,0.3810967319866063,0.3047086121125928,0.030643802,0.26516408,1,0,0,0,0
2021-12-31,4,0,0.36218491161746247,0.2142158275435726,0.096083924,0.73597014,1,0,0,0,1
2022-01-03,4,0,0.3208131216296527,0.2487993349714614,0.91856426,0.3424129,1,0,0,1,0
2022-01-04,4,0,0.37306827228519296,0.22801430322632588,0.2882187,0.07206792,1,0,0,0,0
2022-01-05,4,0,0.4322752013892096,0.25785471351648115,0.12761863,0.11910111,1,0,0,0,0
2022-01-06,4,0,0.46804400181971495,0.4386342452160259,0.67024374,0.33279485,1,0,0,1,0
2022-01-07,4,1,0.355884044747376,0.41107771675457905,0.7006595,0.76059264,1,0,0,1,1
2022-01-10,4,0,0.36452343627883776,0.4051693996552579,0.61246234,0.73942554,1,0,0,1,1
2022-01-11,4,0,0.24820737484277117,0.42453261764492134,0.4898828,0.66102636,1,0,0,0,1
2022-01-12,4,0,0.24010583882323266,0.47335201981621594,0.14953429,0.331911,1,0,0,0,0
2022-01-13,4,0,0.34307244407048837,0.432454178006641,0.057630207,0.22462028,1,0,0,0,0
2022-01-14,4,0,0.3449734971510074,0.49644115351821433,0.037929967,0.21138455,1,0,0,0,0
2022-01-17,4,0,0.24635496480502694,0.20595144310255872,0.022199506,0.24914865,1,0,0,0,0
2022-01-18,4,0,0.25976367016304575,0.26253998696186287,0.0070961667,0.21200818,1,0,0,0,0
2022-01-19,4,0,0.19950922001215418,0.18310819393139982,0.021517085,0.19883934,1,0,0,0,0
2022-01-20,4,0,0.22469871011669135,0.2252515230681683,0.042331908,0.1935351,1,0,0,0,0
2022-01-21,4,1,0.30076540982791683,0.2151040682730174,0.08451889,0.26455575,1,0,0,0,0
2022-01-24,4,1,0.2843624125303366,0.30997474702005406,0.13942324,0.23002362,1,0,0,0,0
2022-01-25,4,1,0.21228698417845598,0.26969041569386176,0.07410431,0.18016404,1,0,0,0,0
2022-01-26,4,1,0.2684790461554754,0.22668031064368666,0.022323012,0.16344349,1,0,0,0,0
2022-01-27,4,1,0.36585539668763145,0.28581204318787085,0.012653458,0.09897871,1,0,0,0,0
2022-01-28,4,1,0.40403178071044654,0.39009274695567653,0.021682803,0.13368985,1,0,0,0,0
2022-01-31,4,1,0.2221206914869752,0.22821314308544466,0.008940494,0.20784861,1,0,0,0,0
2022-02-01,4,1,0.39102574015928354,0.3697493292457131,0.002308615,0.16562584,1,0,0,0,0
2022-02-02,4,1,0.45542047228724736,0.37135203742258915,0.003484199,0.27616587,1,0,0,0,0
2022-02-03,4,1,0.4158973908388292,0.40058394382707235,0.0081133,0.30574366,1,0,0,0,0
2022-02-04,4,1,0.3517713034903337,0.38410473027208963,0.110321015,0.41539282,1,0,0,0,0
2022-02-07,4,1,0.38437146383951337,0.3613033666690136,0.076271735,0.6817512,1,0,0,0,1
2022-02-08,4,0,0.39070883925264605,0.3627229250702469,0.06886003,0.68026567,1,0,0,0,1
2022-02-09,4,0,0.3611424694752677,0.38663212314521433,0.06264439,0.72082746,1,0,0,0,1
2022-02-10,4,0,0.20423703559274117,0.23697654747578484,0.13596383,0.71952593,1,0,0,0,1
2022-02-11,4,0,0.37601788648261714,0.28629612710584534,0.15061675,0.60512966,1,0,0,0,1
2022-02-14,4,0,0.18706172009135213,0.2051757462677436,0.18851984,0.429534,1,0,0,0,0
2022-02-15,4,0,0.19105614686313413,0.2560370408483945,0.07126704,0.20231621,1,0,0,0,0
2022-02-16,4,0,0.23037818809069757,0.2345248951953648,0.02360985,0.18842001,1,0,0,0,0
2022-02-17,4,1,0.22859457988886406,0.2925739973433063,0.020055607,0.24135946,1,0,0,0,0
2022-02-18,4,1,0.22563152782747525,0.2185486172600001,0.06792246,0.15479232,1,0,0,0,0
2022-02-21,4,1,0.23453542818369552,0.30804967591469745,0.045077223,0.09827526,1,0,0,0,0
2022-02-22,4,1,0.1850827287976106,0.27161397357521583,0.033366315,0.08052951,1,0,0,0,0
2022-02-23,4,1,0.21268991963621947,0.2628065377301946,0.0129590435,0.039866947,1,0,0,0,0
2022-02-24,4,0,0.23923565744140424,0.3011248682879264,0.03373925,0.040588927,1,0,0,0,0
2022-02-25,4,0,0.30754242399586645,0.35516135753029154,0.039510008,0.08154463,1,0,0,0,0
2022-02-28,4,0,0.23074713310818432,0.29049262558600797,0.01451292,0.08172369,1,0,0,0,0
2022-03-01,4,0,0.1759531378577101,0.3004484644359595,0.011628334,0.16421053,1,0,0,0,0
2022-03-02,4,0,0.25858249288174395,0.3020037968223823,0.038893487,0.065314636,1,0,0,0,0
2022-03-03,4,0,0.2587264339397325,0.288733964603322,0.01211279,0.051722065,1,0,0,0,0
2022-03-04,4,1,0.23022396335511447,0.31466961420138373,0.0072131334,0.031592578,1,0,0,0,0
2022-03-07,4,1,0.31446310594661436,0.34931813182294186,0.019318476,0.016235787,1,0,0,0,0
2022-03-08,4,1,0.1854908731726926,0.2051790592941969,0.061898176,0.017794544,1,0,0,0,0
2022-03-09,4,0,0.2936750640937644,0.39713914581967513,0.20226534,0.0451452,1,0,0,0,0
2022-03-10,4,1,0.26238504611188207,0.21590106403205833,0.0954389,0.04080681,1,0,0,0,0
2022-03-11,4,1,0.2919196852654551,0.29716560234371997,0.22851275,0.14431068,1,0,0,0,0
2022-03-14,4,1,0.349525295470902,0.31272938367800507,0.5028554,0.37810245,1,0,0,1,0
2022-03-15,4,1,0.3038713084023684,0.3251509326533861,0.45342338,0.46916908,1,0,0,0,0
2022-03-16,4,1,0.2134805104128695,0.30972333666767354,0.22280717,0.22112405,1,0,0,0,0
2022-03-17,4,1,0.21166081693756478,0.2520520921035972,0.22141954,0.2656661,1,0,0,0,0
2022-03-18,4,1,0.21626732723131237,0.26785890037319293,0.18296158,0.16258553,1,0,0,0,0
2022-03-21,4,1,0.22299013217289176,0.2521399957212636,0.041840687,0.103169955,1,0,0,0,0
2022-03-22,4,1,0.17198488863159928,0.2554557351566412,0.045733906,0.106361404,1,0,0,0,0
2022-03-23,4,1,0.15361249519328227,0.2333993851104115,0.0366539,0.066283256,1,0,0,0,0
2022-03-24,4,1,0.18008507402694346,0.28923470800929607,0.038206432,0.0768966,1,0,0,0,0
2022-03-25,4,1,0.26932672749230163,0.23769808654296695,0.031401306,0.12582567,1,0,0,0,0
2022-03-28,4,0,0.20498322889164206,0.29339373562680254,0.023088371,0.16429906,1,0,0,0,0
2022-03-29,4,0,0.22504534090450082,0.2841982506952505,0.03454385,0.1436135,1,0,0,0,0
2022-03-30,4,0,0.23527680213217742,0.24778904629260243,0.016739648,0.1791605,1,0,0,0,0
2022-03-31,4,0,0.23339861020931904,0.28189782944661607,0.013783685,0.20441604,1,0,0,0,0
2022-04-01,4,0,0.25939588851175344,0.349884815252933,0.021317499,0.21622181,1,0,0,0,0
2022-04-04,4,0,0.17063554223796634,0.2629390739616152,0.0075868317,0.17837884,1,0,0,0,0
2022-04-05,4,0,0.19670557322248738,0.24171641508325614,0.0064045377,0.22146615,1,0,0,0,0
2022-04-06,4,0,0.27598532682646537,0.24989697305635317,0.014001322,0.1994451,1,0,0,0,0
2022-04-07,4,0,0.21054146391377965,0.2099601010345738,0.021468753,0.19631858,1,0,0,0,0
2022-04-08,4,0,0.21110016592612055,0.2246200593654136,0.020746058,0.22926259,1,0,0,0,0
2022-04-11,4,1,0.19444912335982448,0.21670846282863934,0.022536153,0.24432968,1,0,0,0,0
2022-04-12,4,1,0.143558301735509,0.2114764563261538,0.048446245,0.40422398,1,0,0,0,0
2022-04-13,4,0,0.18814139500762916,0.2303791306549433,0.09532236,0.2705385,1,0,0,0,0
2022-04-14,4,1,0.20975099875582623,0.2649086833851192,0.06730098,0.26622036,1,0,0,0,0
2022-04-15,4,0,0.21971768080726245,0.20375008036095255,0.048995838,0.2517587,1,0,0,0,0
2022-04-18,4,0,0.20536446781005477,0.23138125481661867,0.061884694,0.2569358,1,0,0,0,0
2022-04-19,4,0,0.22477192584097475,0.26333512954589766,0.04770693,0.24542227,1,0,0,0,0
2022-04-20,4,0,0.26802574786302086,0.2494887186582578,0.04319956,0.14363058,1,0,0,0,0
2022-04-21,4,0,0.19347967356119355,0.3069158670848696,0.028105726,0.17187893,1,0,0,0,0
2022-04-22,4,0,0.21881769691550093,0.301641886436562,0.034641992,0.20123345,1,0,0,0,0
2022-04-25,4,0,0.23812804839706664,0.3676979559574407,0.11057803,0.28614587,1,0,0,0,0
2022-04-26,4,0,0.15691039102157744,0.2660943251801815,0.040731125,0.28024942,1,0,0,0,0
2022-04-27,4,0,0.1867203289778377,0.29528010570109336,0.025141615,0.12489175,1,0,0,0,0
2022-04-28,4,0,0.21132938944339583,0.4089416805330262,0.012779595,0.056120537,1,0,0,0,0
2022-04-29,4,0,0.11324124884343001,0.3485006448595383,0.0051859054,0.118636385,1,0,0,0,0
2022-05-02,4,0,0.14504598564338092,0.2965511835802151,0.12737301,0.27532327,1,0,0,0,0
2022-05-03,4,0,0.20969100368409604,0.3482100380100552,0.10545897,0.88361466,1,0,0,0,1
2022-05-04,4,0,0.18084795729801129,0.2952968662243536,0.10619567,0.9294311,1,0,0,0,1
2022-05-05,4,0,0.10095179138194185,0.3182650246683189,0.122481875,0.9757078,1,0,0,0,1
2022-05-06,4,0,0.14248418886748537,0.2541254642823725,0.711479,0.9865068,1,0,0,1,1
2022-05-09,4,0,0.1580084867211607,0.3341785007346603,0.66211575,0.9868956,1,0,0,1,1
2022-05-10,4,0,0.10293226785824328,0.34059900999107784,0.7160104,0.98981434,1,0,0,1,1
2022-05-11,4,1,0.11403589584256972,0.35458052098233767,0.5171799,0.9842622,1,0,0,1,1
2022-05-12,4,1,0.1916531759279501,0.4535838445936735,0.6707642,0.9595631,1,0,0,1,1
2022-05-13,4,1,0.10396718828211692,0.3608214675393158,0.21371949,0.7591018,1,0,0,0,1
2022-05-16,4,0,0.11206428518576476,0.33910327331158113,0.026664792,0.77179193,1,0,0,0,1
2022-05-17,4,0,0.10537744451212133,0.38607513433946467,0.01661695,0.31100622,1,0,0,0,0
2022-05-18,4,0,0.13403461364468494,0.4056131173515913,0.011337851,0.06765181,1,0,0,0,0
2022-05-19,4,1,0.0891844621499383,0.3232303805506816,0.147788,0.09795211,1,0,0,0,0
2022-05-20,4,1,0.16365480548207484,0.3607121907547686,0.060859807,0.02485553,1,0,0,0,0
2022-05-23,4,1,0.10272115117920465,0.3000071425200907,0.013571996,0.024050694,1,0,0,0,0
2022-05-24,4,1,0.14280467240648734,0.4746720973773747,0.009039929,0.024798345,1,0,0,0,0
2022-05-25,4,1,0.14238181280372936,0.32807965506830655,0.004216611,0.023479767,1,0,0,0,0
2022-05-26,4,1,0.1368266627277635,0.3061520392260379,0.004946789,0.043591842,1,0,0,0,0
2022-05-27,4,1,0.12976501694733075,0.2884674834783037,0.0046409336,0.09955172,1,0,0,0,0
2022-05-30,4,0,0.07685862803381409,0.24919342146161583,0.0050139013,0.12199758,1,0,0,0,0
2022-05-31,4,0,0.10607560003433278,0.2359830120386862,0.0021745441,0.0730758,1,0,0,0,0
2022-06-01,4,0,0.1254852041371074,0.27100403966552983,0.0050681042,0.11442029,1,0,0,0,0
2022-06-02,4,0,0.13408029182983933,0.29447496705425347,0.009222453,0.11140483,1,0,0,0,0
2022-06-03,4,0,0.15662962236343905,0.26114703529562977,0.014040372,0.13033584,1,0,0,0,0
2022-06-06,4,0,0.09511225214709827,0.25226250492692354,0.037808653,0.18518099,1,0,0,0,0
2022-06-07,4,0,0.14989864625335683,0.2335674519848939,0.039471958,0.44914055,1,0,0,0,0
2022-06-08,4,0,0.10402278005279866,0.21535238350550345,0.029994067,0.17938301,1,0,0,0,0
2022-06-09,4,0,0.11288939216777001,0.28315453791619816,0.03440261,0.18221106,1,0,0,0,0
2022-06-10,4,0,0.10756052162791524,0.31098371747098486,0.04820609,0.18274939,1,0,0,0,0
2022-06-13,4,0,0.15821976470188243,0.4316219576229494,0.13828188,0.18386705,1,0,0,0,0
2022-06-14,4,0,0.10819692759002525,0.33640110311188787,0.5953406,0.84644544,1,0,0,1,1
2022-06-15,4,0,0.1320824043570112,0.4475667580516238,0.5109231,0.9631172,1,0,0,1,1
2022-06-16,4,1,0.08767830889593549,0.27889783595952033,0.35367835,0.9905697,1,0,0,0,1
2022-06-17,4,0,0.1380834407061146,0.5333557640030653,0.5853151,0.99222785,1,0,1,1,1
2022-06-20,4,0,0.1365360228042563,0.5262356061635305,0.33140802,0.99098516,1,0,1,0,1
2022-06-21,4,0,0.14647049436369317,0.5707932121922601,0.08277466,0.98674566,1,0,1,0,1
2022-06-22,4,0,0.18734260993397706,0.44744936308767735,0.014933956,0.9613092,1,0,0,0,1
2022-06-23,4,0,0.20201006604078175,0.4644506413368908,0.0076998253,0.9503412,1,0,0,0,1
2022-06-24,4,0,0.1631247524745233,0.3713161232960037,0.0101820305,0.93659025,1,0,0,0,1
2022-06-27,4,0,0.11844249257258435,0.2834972678447458,0.0077002696,0.92066705,1,0,0,0,1
2022-06-28,4,1,0.09460834177314159,0.3096886157949735,0.0067284144,0.93500245,1,0,0,0,1
2022-06-29,4,1,0.0819441047270032,0.3291226315776643,0.012727129,0.57199275,1,0,0,0,1
2022-06-30,4,0,0.1138972706372559,0.3672516394428256,0.008176049,0.03719522,1,0,0,0,0
2022-07-01,4,1,0.12389309539388099,0.3520398815128793,0.012888416,0.037286498,1,0,0,0,0
2022-07-04,4,1,0.06313274187346112,0.24813789519694235,0.0059993346,0.032776974,1,0,0,0,0
2022-07-05,4,1,0.11649889524510094,0.373953535190603,0.0031005472,0.029911043,1,0,0,0,0
2022-07-06,4,1,0.10594888484055068,0.382740773075728,0.006344886,0.04417616,1,0,0,0,0
2022-07-07,4,1,0.03983070899034425,0.2613797950980346,0.0033666575,0.09216745,1,0,0,0,0
2022-07-08,4,1,0.08735903346487034,0.22914672923541005,0.004349949,0.045072336,1,0,0,0,0
2022-07-11,4,1,0.16465358802949534,0.30949400723125253,0.0047915387,0.09100659,1,0,0,0,0
2022-07-12,4,1,0.12065653603229257,0.32005381038099756,0.015571817,0.085612774,1,0,0,0,0
2022-07-13,4,1,0.09725499267507229,0.2337735107647421,0.025055572,0.17453663,1,0,0,0,0
2022-07-14,4,1,0.1289107305914227,0.32149893508792393,0.017442983,0.21770976,1,0,0,0,0
2022-07-15,4,1,0.1063133738493445,0.27707470804988876,0.033524886,0.17826772,1,0,0,0,0
2022-07-18,4,1,0.05733893370939429,0.3009095181448735,0.008700385,0.2074906,1,0,0,0,0
2022-07-19,4,1,0.1517611004397597,0.37586324963882634,0.0078022075,0.061410777,1,0,0,0,0
2022-07-20,4,1,0.11475474482962483,0.28289188010556954,0.0075472984,0.16749881,1,0,0,0,0
2022-07-21,4,1,0.16637981298238597,0.2823022072742895,0.008522264,0.1783854,1,0,0,0,0
2022-07-22,4,1,0.12729643006163957,0.2876934546109915,0.007720473,0.17339933,1,0,0,0,0
2022-07-25,4,1,0.14249512685764706,0.23579025901419928,0.006819487,0.073442526,1,0,0,0,0
2022-07-26,4,1,0.1005004345718523,0.4631053339053131,0.00616214,0.02043691,1,0,0,0,0
2022-07-27,4,1,0.09099936075411524,0.5279684474558812,0.005413964,0.014455907,1,0,1,0,0
2022-07-28,4,0,0.055399882867191365,0.3377259553446381,0.02393339,0.2668489,1,0,0,0,0
2022-07-29,4,0,0.04782144269091463,0.45280556138206,0.006629072,0.123248056,1,0,0,0,0
2022-08-01,4,1,0.05650744332024481,0.3812780437125861,0.009497171,0.06514015,1,0,0,0,0
2022-08-02,4,1,0.04019534289424657,0.4445180209951144,0.005838632,0.042075973,1,0,0,0,0
2022-08-03,4,1,0.0533371919064688,0.38860619993715756,0.011725467,0.033010498,1,0,0,0,0
2022-08-04,4,1,0.044094861706868535,0.2559972908370759,0.0062029087,0.06032825,1,0,0,0,0
2022-08-05,4,1,0.04704848346245633,0.2549767116601519,0.0076105855,0.102666885,1,0,0,0,0
2022-08-08,4,0,0.035943851323240315,0.19736645690867075,0.021307932,0.07109692,1,0,0,0,0
2022-08-09,4,1,0.05734945426155895,0.21792835339876682,0.018398624,0.098630056,1,0,0,0,0
2022-08-10,4,0,0.05515908626705396,0.30490508689677825,0.019279629,0.14184195,1,0,0,0,0
2022-08-11,4,0,0.05571536304063831,0.2136943076821286,0.023770716,0.16951731,1,0,0,0,0
2022-08-12,4,0,0.06714445084342231,0.3293969818416538,0.020359736,0.16221245,1,0,0,0,0
2022-08-15,4,0,0.06445696222023896,0.3481556359195806,0.01202958,0.15667382,1,0,0,0,0
2022-08-16,4,0,0.04835486752576436,0.23541245278431394,0.025122905,0.19176,1,0,0,0,0
2022-08-17,4,0,0.060868677169546,0.2456122129004217,0.011712035,0.18649276,1,0,0,0,0
2022-08-18,4,0,0.0493180901808093,0.27572772458491573,0.019820163,0.17781763,1,0,0,0,0
2022-08-19,4,0,0.05312427322462606,0.2590710629092374,0.014522095,0.12975797,1,0,0,0,0
2022-08-22,4,0,0.041185652342636804,0.28953176031534045,0.056528915,0.064142615,1,0,0,0,0
2022-08-23,5,0,0.21924281916235341,0.32390781752290765,0.09761427,0.048684455,1,0,0,0,0
2022-08-24,5,0,0.30981563414348484,0.3978931194454958,0.053421512,0.17625634,1,0,0,0,0
2022-08-25,5,0,0.27898477654688186,0.3526169314493426,0.08413204,0.16949208,1,0,0,0,0
2022-08-26,5,0,0.26139179097731796,0.3450579916326932,0.048248827,0.028862718,1,0,0,0,0
2022-08-29,5,0,0.2755416266092834,0.38429150557829034,0.061447233,0.058707226,1,0,0,0,0
2022-08-30,5,0,0.366238195000983,0.49097838860652954,0.024650717,0.052240547,1,0,0,0,0
2022-08-31,5,1,0.31268536254785967,0.3977391434976269,0.049312323,0.05316055,1,0,0,0,0
2022-09-01,5,1,0.35533608785638965,0.3872523352672944,0.035883687,0.023589622,1,0,0,0,0
2022-09-02,5,1,0.27690385539925616,0.407987301796916,0.036534682,0.020209797,1,0,0,0,0
2022-09-05,5,1,0.27209270920291206,0.35649113058834514,0.043955434,0.03934055,1,0,0,0,0
2022-09-06,5,1,0.2794129943748133,0.3375721788465085,0.03346614,0.054156423,1,0,0,0,0
2022-09-07,5,1,0.350229777967478,0.33011926173803047,0.040802583,0.024874242,1,0,0,0,0
2022-09-08,5,1,0.2632299952203883,0.39751142047494825,0.21347745,0.018440481,1,0,0,0,0
2022-09-09,5,0,0.2765309220417946,0.3257327153521556,0.029083189,0.011418242,1,0,0,0,0
2022-09-12,5,0,0.2173639885364984,0.3057139575692063,0.063089885,0.014369755,1,0,0,0,0
2022-09-13,5,0,0.32260651426083115,0.39084504933832803,0.20202486,0.020702433,1,0,0,0,0
2022-09-14,5,0,0.32259013990171964,0.32878521511803355,0.821574,0.13137929,1,0,0,1,0
2022-09-15,5,0,0.30204158052386526,0.39196562499229637,0.9646328,0.22833917,1,0,0,1,0
2022-09-16,5,0,0.2683686966002225,0.36252097867389066,0.9343663,0.23434128,1,0,0,1,0
2022-09-19,5,0,0.301560960260162,0.3850524491193709,0.9432783,0.36993206,1,0,0,1,0
2022-09-20,5,1,0.2551626673476058,0.36528288086125665,0.899792,0.45757878,1,0,0,1,0
2022-09-21,5,1,0.3514608941845173,0.43661025251257146,0.80504376,0.40287855,1,0,0,1,0
2022-09-22,5,1,0.22295458227514187,0.40517182969014315,0.90563214,0.038468618,1,0,0,1,0
2022-09-23,5,1,0.3003453018031677,0.47538811963608074,0.49300995,0.01903803,1,0,0,0,0
2022-09-26,5,1,0.18871957012814852,0.4608077324278403,0.26818556,0.05780529,1,0,0,0,0
2022-09-27,5,1,0.19596674288684596,0.35647742829135604,0.053829603,0.062759764,1,0,0,0,0
2022-09-28,5,1,0.2314002738662789,0.3341550072486929,0.045099407,0.058091767,1,0,0,0,0
2022-09-29,5,0,0.22165886624014983,0.43021288171669453,0.13055205,0.11167919,1,0,0,0,0
2022-09-30,5,0,0.22944129699825863,0.36442371651875965,0.089821056,0.32102185,1,0,0,0,0
2022-10-03,5,0,0.33433676550833274,0.5432579273854623,0.094133966,0.27197385,1,0,1,0,0
2022-10-04,5,0,0.24361533228820983,0.467147342977606,0.56917125,0.35570353,1,0,0,1,0
2022-10-05,5,0,0.2833971720537388,0.4157853086278392,0.21948609,0.034721415,1,0,0,0,0
2022-10-06,5,0,0.24270286818531092,0.44890868454112626,0.4216673,0.0077770986,1,0,0,0,0
2022-10-07,5,0,0.2681096706899144,0.42227042906055084,0.7864776,0.0354897,1,0,0,1,0
2022-10-10,5,0,0.1577106709430099,0.38465902161332444,0.9218763,0.12612143,1,0,0,1,0
2022-10-11,5,0,0.1609623526748758,0.33628979192475905,0.7370882,0.3666606,1,0,0,1,0
2022-10-12,5,1,0.21188108042317866,0.4058174318879048,0.3419592,0.36729398,1,0,0,0,0
2022-10-13,5,0,0.2408120121393965,0.31675251683097305,0.21101913,0.23169535,1,0,0,0,0
2022-10-14,5,1,0.20373261925945998,0.37769441704955187,0.13973822,0.13951485,1,0,0,0,0
2022-10-17,5,1,0.21381642437343096,0.33972262890737065,0.12717043,0.1618052,1,0,0,0,0
2022-10-18,5,1,0.313299272088082,0.4481832372914342,0.14846273,0.15054311,1,0,0,0,0
2022-10-19,5,1,0.23364080453730585,0.3576328586537247,0.15800112,0.011484431,1,0,0,0,0
2022-10-20,5,1,0.15986972143001868,0.39229634208031217,0.07182109,0.012131535,1,0,0,0,0
2022-10-21,5,1,0.23682490140476548,0.3092679327076882,0.02749418,0.01126421,1,0,0,0,0
2022-10-24,5,1,0.257938335768663,0.36218766154585474,0.14883578,0.023123022,1,0,0,0,0
2022-10-25,5,1,0.2672628037290982,0.4021288581378848,0.047295455,0.011186694,1,0,0,0,0
2022-10-26,5,1,0.2519111824712908,0.48297694235701394,0.07077147,0.01274661,1,0,0,0,0
2022-10-27,5,1,0.34984036487207903,0.5747855931063407,0.23907705,0.02420551,1,0,1,0,0
2022-10-28,5,0,0.3782220998403471,0.5713134550847048,0.65889364,0.025021361,1,0,1,1,0
2022-10-31,5,0,0.2939063473358533,0.6429039577920441,0.75716776,0.07866426,1,0,1,1,0
2022-11-01,5,0,0.19520179120966974,0.5054606318623533,0.9751986,0.026865005,1,0,1,1,0
2022-11-02,5,0,0.28645689683106323,0.385808392771937,0.9715784,0.03785365,1,0,0,1,0
2022-11-03,5,0,0.1928703079954013,0.37590881551467775,0.89853173,0.0058491426,1,0,0,1,0
2022-11-04,5,0,0.10158883222053175,0.40300166403339843,0.5181283,0.02629298,1,0,0,1,0
2022-11-07,5,0,0.27976987006907944,0.4427901502037617,0.7620409,0.08454705,1,0,0,1,0
2022-11-08,5,0,0.19898811364925745,0.4357679167366483,0.7688976,0.684444,1,0,0,1,1
2022-11-09,5,1,0.2662159719781734,0.5172468733843385,0.78307325,0.12514955,1,0,1,1,0
2022-11-10,5,0,0.3305862993361516,0.43499075577003277,0.90095806,0.59781754,1,0,0,1,1
2022-11-11,5,0,0.285826939721706,0.4269185550055172,0.79526365,0.74930185,1,0,0,1,1
2022-11-14,5,0,0.4029346850411509,0.5163589586799215,0.8182774,0.19679296,1,0,1,1,0
2022-11-15,5,0,0.34571701313744063,0.5083064853934364,0.9386126,0.6050008,1,0,1,1,1
2022-11-16,5,0,0.39175970732705867,0.5358683785310706,0.91001654,0.9627831,1,0,1,1,1
2022-11-17,5,0,0.3505561108517878,0.4913513904204688,0.9523849,0.98756194,1,0,0,1,1
2022-11-18,5,0,0.36624619156166177,0.503020151578282,0.9730804,0.9889388,1,0,1,1,1
2022-11-21,5,1,0.42105255372798345,0.5390384090386752,0.88291025,0.9789109,1,0,1,1,1
2022-11-22,5,1,0.29774502681175014,0.4791648144808859,0.7850175,0.9948789,1,0,0,1,1
2022-11-23,5,1,0.35757736169996585,0.5269939438168099,0.5725988,0.99369323,1,0,1,1,1
2022-11-24,5,1,0.36095003193477776,0.5624094944692889,0.35591415,0.9863957,1,0,1,0,1
2022-11-25,5,1,0.395287535231217,0.5422103835049539,0.18610537,0.96806574,1,0,1,0,1
2022-11-28,5,1,0.3545116747873451,0.5198469657446547,0.17501606,0.9489135,1,0,1,0,1
2022-11-29,5,1,0.25735037365979574,0.5202086419958559,0.23550773,0.90505564,1,0,1,0,1
2022-11-30,5,0,0.2620694355950761,0.49085017407207204,0.13808349,0.26843736,1,0,0,0,0
2022-12-01,5,1,0.29642531975508074,0.48340124246895116,0.3041533,0.68085,1,0,0,0,1
2022-12-02,5,1,0.23963543266048265,0.4848812872068703,0.7771033,0.7290101,1,0,0,1,1
2022-12-05,5,1,0.24781766367968336,0.5916015840115653,0.8780497,0.8020935,1,0,1,1,1
2022-12-06,5,1,0.250201765059623,0.5551541528064868,0.93530947,0.90293854,1,0,1,1,1
2022-12-07,5,0,0.2583273362371813,0.508305323579238,0.9420881,0.81213933,1,0,1,1,1
2022-12-08,5,0,0.2010665783398986,0.4791410298293336,0.92706984,0.92926127,1,0,0,1,1
2022-12-09,5,0,0.2046863978740045,0.3906223520566452,0.8531351,0.9679272,1,0,0,1,1
2022-12-12,5,0,0.2715590868474264,0.47458412027389074,0.7994108,0.94165367,1,0,0,1,1
2022-12-13,5,0,0.18616434640504956,0.5106389449815281,0.78355867,0.940349,1,0,1,1,1
2022-12-14,5,0,0.22497932153884959,0.42227999522678855,0.7918372,0.9688357,1,0,0,1,1
2022-12-15,5,0,0.27179426239960053,0.5707072393713175,0.6430146,0.56638014,1,0,1,1,1
2022-12-16,5,1,0.22266977122504977,0.5805074175555904,0.7217857,0.5039151,1,0,1,1,1
2022-12-19,5,1,0.20445159720341283,0.5472973331915691,0.8660115,0.63917243,1,0,1,1,1
2022-12-20,5,0,0.1679273763386396,0.33898654470960266,0.8589377,0.8479631,1,0,0,1,1
2022-12-21,5,0,0.208134037814471,0.30525119984558025,0.81864583,0.8195507,1,0,0,1,1
2022-12-22,5,0,0.21434815167687538,0.40913279903916866,0.48478618,0.6308103,1,0,0,0,1
2022-12-23,5,0,0.2001280022514456,0.34733513998599763,0.20695436,0.65286684,1,0,0,0,1
2022-12-26,5,0,0.19324805418863722,0.31453669858875644,0.084094256,0.8449789,1,0,0,0,1
2022-12-27,5,1,0.19482433131504595,0.3422298046769199,0.05325433,0.88902247,1,0,0,0,1
2022-12-28,5,1,0.16645950017552913,0.3408383254090437,0.029892536,0.7341581,1,0,0,0,1
2022-12-29,5,1,0.21564437609106563,0.30688364398145374,0.037244145,0.39532536,1,0,0,0,0
2022-12-30,5,1,0.20671858612391483,0.33958505032899666,0.10329624,0.8478517,1,0,0,0,1
2023-01-02,5,1,0.19816020640097828,0.30184806761466804,0.05268277,0.86209494,1,0,0,0,1
2023-01-03,5,1,0.2428030195048197,0.564495445436354,0.04645313,0.67672604,1,0,1,0,1
2023-01-04,5,1,0.30329382412073164,0.5882585530884017,0.1818999,0.89931816,1,0,1,0,1
2023-01-05,5,1,0.21759665022616856,0.46515820708051997,0.47745308,0.79634094,1,0,0,0,1
2023-01-06,5,1,0.24931563357798975,0.5105480497538479,0.5491813,0.9659864,1,0,1,1,1
2023-01-09,5,1,0.19242573158005521,0.5522954261618737,0.6873927,0.98529655,1,0,1,1,1
2023-01-10,5,1,0.20374720970065288,0.533151232012333,0.86532664,0.9896493,1,0,1,1,1
2023-01-11,5,1,0.21681977070074154,0.46106949631889343,0.76801664,0.98892605,1,0,0,1,1
2023-01-12,5,1,0.23119272881652173,0.4574962819979442,0.68488604,0.99424076,1,0,0,1,1
2023-01-13,5,1,0.19975482610647435,0.4760749117140557,0.7736414,0.99469084,1,0,0,1,1
2023-01-16,5,1,0.21972317430592517,0.5392617573846535,0.77425194,0.99552226,1,0,1,1,1
2023-01-17,5,1,0.16989300707736654,0.4845714375094535,0.8941392,0.993849,1,0,0,1,1
2023-01-18,5,1,0.21163957317283197,0.5227904719056342,0.8785471,0.9827487,1,0,1,1,1
2023-01-19,5,1,0.19204800614928522,0.5769709686916078,0.9185426,0.98028517,1,0,1,1,1
2023-01-20,5,1,0.2120226220097918,0.4949447316413821,0.87366337,0.970074,1,0,0,1,1
2023-01-23,5,1,0.17593236621621294,0.49115038651964404,0.73845124,0.9488957,1,0,0,1,1
2023-01-24,5,1,0.1979014454322227,0.5879180662930859,0.74772143,0.38178357,1,0,1,1,0
2023-01-25,5,1,0.18123117588970725,0.36075861974664347,0.8573575,0.44424665,1,0,0,1,0
2023-01-26,5,0,0.1809559258092951,0.32169430450755315,0.8752479,0.5459407,1,0,0,1,1
2023-01-27,5,1,0.19234652043016143,0.3986675973343366,0.72436905,0.40501666,1,0,0,1,0
2023-01-30,5,1,0.1801501487214761,0.4874211302591903,0.6884168,0.31518617,1,0,0,1,0
2023-01-31,5,0,0.1872231846428648,0.3878457832314134,0.65988,0.4687626,1,0,0,1,0
2023-02-01,5,0,0.24454300661329162,0.5277757098717943,0.58362925,0.83628213,1,0,1,1,1
2023-02-02,5,0,0.22092308777647185,0.507445482794462,0.7304781,0.637888,1,0,1,1,1
2023-02-03,5,0,0.21670323362287627,0.48493535973750035,0.84270537,0.52535695,1,0,0,1,1
2023-02-06,5,1,0.17289560916034447,0.42508448172547003,0.6781129,0.50998056,1,0,0,1,1
2023-02-07,5,1,0.1474282918133577,0.30257524239982553,0.6180855,0.65756816,1,0,0,1,1
2023-02-08,5,1,0.16335021052849008,0.42876806707947374,0.32076037,0.61384094,1,0,0,0,1
2023-02-09,5,1,0.1398264876264787,0.3880775049897192,0.21068405,0.6969532,1,0,0,0,1
2023-02-10,5,1,0.18169035760286906,0.34672381580460154,0.09501461,0.77833503,1,0,0,0,1
2023-02-13,5,1,0.14513623344936058,0.3865626098521219,0.09294455,0.7888101,1,0,0,0,1
2023-02-14,5,1,0.13202771613565642,0.3784076885415194,0.09374373,0.7095236,1,0,0,0,1
2023-02-15,5,0,0.136122283658971,0.33298145432548465,0.0793778,0.5277155,1,0,0,0,1
2023-02-16,5,0,0.11145986184885529,0.36776374849202953,0.05707527,0.4285938,1,0,0,0,0
2023-02-17,5,0,0.13663322010594314,0.41835370610832096,0.0660109,0.15743051,1,0,0,0,0
2023-02-20,5,0,0.10215648858545216,0.32818350443899413,0.08542609,0.16413225,1,0,0,0,0
2023-02-21,5,0,0.10273024492763878,0.3887843140317547,0.07157016,0.41637993,1,0,0,0,0
2023-02-22,5,0,0.15030184761516774,0.38918368091864053,0.10929182,0.035580125,1,0,0,0,0
2023-02-23,5,0,0.18907396211737912,0.5332300305442473,0.127122,0.21225244,1,0,1,0,0
2023-02-24,5,0,0.18414820251134237,0.43956819366940875,0.36034158,0.56463784,1,0,0,0,1
2023-02-27,5,0,0.12430508874128268,0.3633913219763329,0.36373842,0.5139364,1,0,0,0,1
2023-02-28,5,0,0.12856740437060268,0.5415615912742052,0.31615716,0.50081325,1,0,1,0,1
2023-03-01,5,0,0.12441413811775318,0.431856155114893,0.5656609,0.6259681,1,0,0,1,1
2023-03-02,5,1,0.1649339399824559,0.3354898828710188,0.58060235,0.7199124,1,0,0,1,1
2023-03-03,5,1,0.16917599430114233,0.4247779926876663,0.4479947,0.7317814,1,0,0,0,1
2023-03-06,5,1,0.16266393463700649,0.40621730494807723,0.526257,0.56892186,1,0,0,1,1
2023-03-07,5,1,0.16186368787365324,0.4754457561630032,0.54642934,0.035533,1,0,0,1,0
2023-03-08,5,1,0.13855841853002654,0.515283953077761,0.58882976,0.37166938,1,0,1,1,0
2023-03-09,5,1,0.18238669665058624,0.5666303684355101,0.6097505,0.53096986,1,0,1,1,1
2023-03-10,5,1,0.18087344847193806,0.5152308794068596,0.87494797,0.6372695,1,0,1,1,1
2023-03-13,5,1,0.147788781845804,0.49747062316590424,0.9091425,0.89056337,1,0,0,1,1
2023-03-14,5,1,0.22659147782718966,0.5751029232468784,0.8126777,0.8992909,1,0,1,1,1
2023-03-15,5,1,0.2999441795782689,0.592376805713114,0.90985566,0.96577317,1,0,1,1,1
2023-03-16,5,1,0.2072561908323659,0.5396008781186173,0.9716196,0.9800424,1,0,1,1,1
2023-03-17,5,0,0.1414847959946282,0.42219680620392425,0.94618696,0.9896723,1,0,0,1,1
2023-03-20,5,1,0.14809138135735048,0.4792081764706663,0.89612937,0.9861692,1,0,0,1,1
2023-03-21,5,0,0.15914001186511748,0.4275856175499937,0.86105627,0.972515,1,0,0,1,1
2023-03-22,5,1,0.13115016014905118,0.4912990929176374,0.6542125,0.97864145,1,0,0,1,1
2023-03-23,5,0,0.12307793532946824,0.44467446810126554,0.79483306,0.9184785,1,0,0,1,1
2023-03-24,5,1,0.17886356592336414,0.5336828856926669,0.91701895,0.8823149,1,0,1,1,1
2023-03-27,5,1,0.11310530179069961,0.3630943012282213,0.93039304,0.946295,1,0,0,1,1
2023-03-28,5,1,0.11606789008173156,0.49619067612446144,0.80052984,0.8306639,1,0,0,1,1
2023-03-29,5,0,0.11008679650095313,0.3330485278513553,0.8430189,0.85046995,1,0,0,1,1
2023-03-30,5,1,0.14081284323547597,0.3266842053953381,0.66512,0.7500538,1,0,0,1,1
2023-03-31,5,1,0.15014793168567334,0.3433246114698118,0.55167997,0.78490704,1,0,0,1,1
2023-04-03,5,1,0.20409200000730454,0.5124747173484807,0.29717073,0.661915,1,0,1,0,1
2023-04-04,5,1,0.18998882892856014,0.5273732696040853,0.5838156,0.83965623,1,0,1,1,1
2023-04-05,5,1,0.20468315949775992,0.43836648381979065,0.78310776,0.8655211,1,0,0,1,1
2023-04-06,5,1,0.1859059873385189,0.45489983241030885,0.8675378,0.91946477,1,0,0,1,1
2023-04-07,5,1,0.16611510127231643,0.4290731727882002,0.867185,0.86293316,1,0,0,1,1
2023-04-10,5,0,0.11159272053890106,0.4517853651452372,0.7494466,0.8720439,1,0,0,1,1
2023-04-11,5,0,0.11304040019548803,0.3447092630524125,0.62784004,0.7598648,1,0,0,1,1
2023-04-12,5,0,0.11695145266386645,0.3914868433171055,0.60700506,0.42984414,1,0,0,1,0
2023-04-13,5,0,0.09744855770132659,0.3702784284735716,0.55563253,0.4817805,1,0,0,1,0
2023-04-14,5,0,0.1434946576968879,0.36435426752836536,0.34681267,0.87870526,1,0,0,0,1
2023-04-17,5,0,0.12287436806981537,0.32737492633906534,0.2231645,0.8510003,1,0,0,0,1
2023-04-18,5,0,0.10140762189254199,0.33625256458222674,0.15972084,0.72474265,1,0,0,0,1
2023-04-19,5,1,0.13153183638813012,0.34519533851358253,0.15047058,0.54036194,1,0,0,0,1
2023-04-20,5,0,0.12942867280712053,0.4350169263205841,0.13225022,0.37507105,1,0,0,0,0
2023-04-21,5,1,0.1405405684796431,0.38986014199520674,0.190199,0.37139082,1,0,0,0,0
2023-04-24,5,1,0.14491705845037822,0.5327073158229422,0.2583731,0.22256683,1,0,1,0,0
2023-04-25,6,1,0.5454679349959045,0.6565396824472259,0.038324267,0.90226066,1,1,1,0,1
2023-04-26,6,1,0.5116513547668006,0.6472235115341544,0.12378672,0.9632405,1,1,1,0,1
2023-04-27,6,0,0.4912269959557172,0.5883262939941329,0.19053702,0.9530553,1,0,1,0,1
2023-04-28,6,0,0.529389491578113,0.6607627659649965,0.7077282,0.8797785,1,1,1,1,1
2023-05-01,6,0,0.44228712488215927,0.5104487884157052,0.18365766,0.861235,1,0,1,0,1
2023-05-02,6,0,0.46284040471057153,0.5219010237196013,0.26106647,0.88078547,1,0,1,0,1
2023-05-03,6,0,0.5148694606989122,0.6629187923237564,0.13520019,0.9191336,1,1,1,0,1
2023-05-04,6,0,0.48816125174950237,0.6254947421539878,0.2701022,0.9364727,1,0,1,0,1
2023-05-05,6,0,0.4724918838974887,0.462624710703467,0.51521695,0.9593427,1,0,0,1,1
2023-05-08,6,0,0.5159676744843711,0.6308250730533507,0.90935886,0.9495538,1,1,1,1,1
2023-05-09,6,0,0.46990196492589337,0.44565453871582345,0.9752771,0.9270328,1,0,0,1,1
2023-05-10,6,0,0.5351746034501342,0.4892807368161291,0.98986,0.93260694,1,1,0,1,1
2023-05-11,6,0,0.5969501368906928,0.6139633026149582,0.97856617,0.9498599,1,1,1,1,1
2023-05-12,6,1,0.495011622112945,0.5050510786193566,0.9899182,0.96450096,1,0,1,1,1
2023-05-15,6,0,0.49804586471652246,0.6285050679942171,0.9933947,0.95395553,1,0,1,1,1
2023-05-16,6,0,0.5191516141509719,0.5231655828334073,0.97352713,0.951464,1,1,1,1,1
2023-05-17,6,0,0.44277841744796775,0.45511260185790164,0.9846075,0.93914497,1,0,0,1,1
2023-05-18,6,1,0.48974048019900684,0.4874524855625205,0.9477701,0.8935739,1,0,0,1,1
2023-05-19,6,1,0.4498216200829232,0.4768020855759736,0.98723304,0.9160627,1,0,0,1,1
2023-05-22,6,1,0.47102243898322466,0.47806161210821346,0.88017195,0.9371018,1,0,0,1,1
2023-05-23,6,0,0.4468701650233607,0.5387696326766631,0.8846504,0.9336014,1,0,1,1,1
2023-05-24,6,1,0.484749674528838,0.4760787130750151,0.4478689,0.9367657,1,0,0,0,1
2023-05-25,6,0,0.4563220273403953,0.4572727909206861,0.4191799,0.9484543,1,0,0,0,1
2023-05-26,6,1,0.42068785267314074,0.469726644447353,0.3646331,0.85960805,1,0,0,0,1
2023-05-29,6,0,0.46683110185321075,0.4800509298654929,0.61286974,0.89584714,1,0,0,1,1
2023-05-30,6,0,0.5051923005556309,0.6661535789275658,0.46315777,0.93195015,1,1,1,0,1
2023-05-31,6,0,0.5349063281336633,0.6945249065448985,0.5827078,0.9181812,1,1,1,1,1
2023-06-01,6,0,0.536925790327182,0.6109641846271723,0.687368,0.9600841,1,1,1,1,1
2023-06-02,6,0,0.5535436701054698,0.6200543620992148,0.9212213,0.9861224,1,1,1,1,1
2023-06-05,6,0,0.4841142284504093,0.6413544674185117,0.9699877,0.98955697,1,0,1,1,1
2023-06-06,6,0,0.48348821000807407,0.6116692471593036,0.9886141,0.9692805,1,0,1,1,1
2023-06-07,6,0,0.4849569848664604,0.5211594368982718,0.9446088,0.9704103,1,0,1,1,1
2023-06-08,6,1,0.4348637231593703,0.4550449079674246,0.29038346,0.8816877,1,0,0,0,1
2023-06-09,6,1,0.4630037170266241,0.48443848447508736,0.104933016,0.90034556,1,0,0,0,1
2023-06-12,6,1,0.4654150506738767,0.49856431002955803,0.105630554,0.7540748,1,0,0,0,1
2023-06-13,6,1,0.3945807735917315,0.4028820754469143,0.3085186,0.88378984,1,0,0,0,1
2023-06-14,6,1,0.47552222831073904,0.591957103991829,0.5587603,0.87072337,1,0,1,1,1
2023-06-15,6,1,0.5027155977399395,0.600275016800694,0.74767244,0.8682342,1,1,1,1,1
2023-06-16,6,1,0.46134894746432514,0.5274588003574994,0.9336001,0.90099496,1,0,1,1,1
2023-06-19,6,1,0.4690884180659309,0.5351503930072182,0.8567233,0.83151346,1,0,1,1,1
2023-06-20,6,1,0.47996912413549386,0.4933111223932643,0.758912,0.80339885,1,0,0,1,1
2023-06-21,6,1,0.5488943397083544,0.6105484132199811,0.7887338,0.8152251,1,1,1,1,1
2023-06-22,6,1,0.49978764064874487,0.501153942775816,0.89376,0.9389298,1,0,1,1,1
2023-06-23,6,1,0.5654428354064718,0.659607120974107,0.89946604,0.91312945,1,1,1,1,1
2023-06-26,6,1,0.5161632334170867,0.634279889119664,0.9028499,0.9404541,1,1,1,1,1
2023-06-27,6,0,0.5069859018849205,0.5363283299534126,0.79634035,0.9404982,1,1,1,1,1
2023-06-28,6,0,0.5659530173024263,0.6591531886568636,0.8903256,0.93554354,1,1,1,1,1
2023-06-29,6,0,0.5526990610702276,0.5853095357079436,0.9328702,0.946814,1,1,1,1,1
2023-06-30,6,0,0.49021953545921665,0.4720384733791954,0.94405186,0.948005,1,0,0,1,1
2023-07-03,6,0,0.44542194724683654,0.4187506767411847,0.9608501,0.940324,1,0,0,1,1
2023-07-04,6,0,0.5010725396088419,0.5077541803634361,0.93764406,0.9693694,1,1,1,1,1
2023-07-05,6,0,0.4719212354478509,0.5000745484576752,0.95595443,0.9504771,1,0,1,1,1
2023-07-06,6,1,0.5155994801926213,0.5195639562882812,0.87231106,0.9258082,1,1,1,1,1
2023-07-07,6,0,0.4299430066771049,0.5073745765690987,0.8800122,0.911446,1,0,1,1,1
2023-07-10,6,0,0.45391317895993616,0.4955901523830912,0.63382417,0.8439681,1,0,0,1,1
2023-07-11,6,0,0.5030846719667602,0.5330385102343823,0.5499433,0.86400604,1,1,1,1,1
2023-07-12,6,1,0.4489000539752943,0.5414592138473956,0.65800154,0.64308906,1,0,1,1,1
2023-07-13,6,0,0.4835333125146578,0.5486708456413085,0.7297024,0.33971494,1,0,1,1,0
2023-07-14,6,0,0.563292521475128,0.6865601000417562,0.7207975,0.8817002,1,1,1,1,1
2023-07-17,6,0,0.5360613324207978,0.6323717567950307,0.7144537,0.7401078,1,1,1,1,1
2023-07-18,6,0,0.5259185698763956,0.645306096842203,0.8608098,0.18564065,1,1,1,1,0
2023-07-19,6,0,0.5428990537668575,0.6406943784317424,0.81532055,0.12629245,1,1,1,1,0
2023-07-20,6,0,0.4812648165721376,0.4715200840071232,0.83695966,0.31284976,1,0,0,1,0
2023-07-21,6,0,0.5241248779730712,0.6136467878277664,0.6287508,0.37224552,1,1,1,1,0
2023-07-24,6,1,0.45241161524712953,0.457621613888382,0.85866314,0.58811736,1,0,0,1,1
2023-07-25,6,0,0.4112036871075183,0.38983914891125515,0.9475036,0.6678741,1,0,0,1,1
2023-07-26,6,0,0.4678522466570363,0.5073657987736006,0.96456105,0.8497861,1,0,1,1,1
2023-07-27,6,0,0.4795483996201712,0.484496076948166,0.9220833,0.8711908,1,0,0,1,1
2023-07-28,6,1,0.49239888520126224,0.49425441335397907,0.9018573,0.9325597,1,0,0,1,1
2023-07-31,6,1,0.45247274920073777,0.4667663375569739,0.95211226,0.9032026,1,0,0,1,1
2023-08-01,6,0,0.5291577499630225,0.4638792503005479,0.9671458,0.95767057,1,1,0,1,1
2023-08-02,6,1,0.5347013535970816,0.4514222987541599,0.95156014,0.76462597,1,1,0,1,1
2023-08-03,6,1,0.4636386330773734,0.49290856022551,0.87826735,0.8936231,1,0,0,1,1
2023-08-04,6,1,0.5261705835671111,0.5530674715596281,0.6391934,0.86790615,1,1,1,1,1
2023-08-07,6,0,0.525807886694583,0.4589634518069663,0.4868555,0.88608235,1,1,0,0,1
2023-08-08,6,0,0.49789176660551826,0.5900529575875313,0.66369045,0.9007143,1,0,1,1,1
2023-08-09,6,0,0.4840780730738041,0.6030714929368558,0.16862197,0.92844373,1,0,1,0,1
2023-08-10,6,0,0.5061494208582525,0.6511254664783139,0.06921244,0.9358965,1,1,1,0,1
2023-08-11,6,0,0.49087401678283094,0.4745146853519294,0.031161778,0.9348627,1,0,0,0,1
2023-08-14,6,0,0.4511897700516791,0.4819843122613496,0.073548496,0.93324375,1,0,0,0,1
2023-08-15,6,0,0.414672353726305,0.47710763251776767,0.30345204,0.92585427,1,0,0,0,1
2023-08-16,6,0,0.42981505251055535,0.4790008865289516,0.45867652,0.9590659,1,0,0,0,1
2023-08-17,6,0,0.4613694822425257,0.46661900780868026,0.13559353,0.93534106,1,0,0,0,1
2023-08-18,6,1,0.47769668474565646,0.47116967913651414,0.16720198,0.9470862,1,0,0,0,1
2023-08-21,6,1,0.39614388531647426,0.38585403339868757,0.31410977,0.9331575,1,0,0,0,1
2023-08-22,6,0,0.40856935350362966,0.4005840242539853,0.29836935,0.8550937,1,0,0,0,1
2023-08-23,6,0,0.46311998927872033,0.5279173159340264,0.23232037,0.7542613,1,0,1,0,1
2023-08-24,6,0,0.5082500046126049,0.6285149454579207,0.6878559,0.8586975,1,1,1,1,1
2023-08-25,6,0,0.4850543960620712,0.628735545410931,0.55068725,0.8534235,1,0,1,1,1
2023-08-28,6,0,0.4922787726322575,0.6212749485058118,0.6864331,0.68420315,1,0,1,1,1
2023-08-29,6,0,0.46523447516279265,0.4609668548326398,0.8426437,0.42194945,1,0,0,1,0
2023-08-30,6,0,0.5127058302925794,0.6553134056203568,0.7049771,0.44345212,1,1,1,1,0
2023-08-31,6,0,0.5390413946964229,0.676740688289633,0.75061554,0.85926986,1,1,1,1,1
2023-09-01,6,1,0.48791075406443,0.6469944131493679,0.9037671,0.8789929,1,0,1,1,1
2023-09-04,6,1,0.4825429748737012,0.6258715348953436,0.8116151,0.8985912,1,0,1,1,1
2023-09-05,6,1,0.40398375378564616,0.39865924846046774,0.9785122,0.9087654,1,0,0,1,1
2023-09-06,6,1,0.48171995360154013,0.4794062506848955,0.8799944,0.8948138,1,0,0,1,1
2023-09-07,6,1,0.47081458864333464,0.5035242715270435,0.9385198,0.9170743,1,0,1,1,1
2023-09-08,6,1,0.48185170679858197,0.4717131735188855,0.66635543,0.9026873,1,0,0,1,1
2023-09-11,6,1,0.38847716553184247,0.3921997056503718,0.77904135,0.9221863,1,0,0,1,1
2023-09-12,6,1,0.447107552293056,0.5060885776400041,0.6739848,0.8545162,1,0,1,1,1
2023-09-13,6,1,0.47499023983881106,0.5764072332719481,0.26953265,0.91160053,1,0,1,0,1
2023-09-14,6,0,0.4758918070661267,0.5250577493465836,0.13765828,0.8406437,1,0,1,0,1
2023-09-15,6,0,0.44164128919831663,0.4870695832954396,0.26628977,0.90029687,1,0,0,0,1
2023-09-18,6,0,0.4509756819374189,0.5167109753310872,0.3084771,0.908446,1,0,1,0,1
2023-09-19,6,0,0.44795506752411,0.5052152925409036,0.39943793,0.8975918,1,0,1,0,1
2023-09-20,6,0,0.43780324655237024,0.45734291759794493,0.40934733,0.92213917,1,0,0,0,1
2023-09-21,6,1,0.43924909321207734,0.4680917477584377,0.28670976,0.88224494,1,0,0,0,1
2023-09-22,6,1,0.44810798952007486,0.44184546590514484,0.16833398,0.88519603,1,0,0,0,1
2023-09-25,6,1,0.4443538387540185,0.41482609294212175,0.13206553,0.86863124,1,0,0,0,1
2023-09-26,6,1,0.41393894235386347,0.4897871499106514,0.2906005,0.87232393,1,0,0,0,1
2023-09-27,6,1,0.42691270679341126,0.42716260941390316,0.107740894,0.8677386,1,0,0,0,1
2023-09-28,6,1,0.40864024457093473,0.4361114077827438,0.084870264,0.85539794,1,0,0,0,1
2023-09-29,6,1,0.4236982643777953,0.3770314642182511,0.108814046,0.84244007,1,0,0,0,1
2023-10-02,6,0,0.4784722310024767,0.4482797153880565,0.11285165,0.8162946,1,0,0,0,1
2023-10-03,6,0,0.39313230609810046,0.45909751089341766,0.48803148,0.7695854,1,0,0,0,1
2023-10-04,6,0,0.46313422152546807,0.5068240386387797,0.13809523,0.79763407,1,0,1,0,1
2023-10-05,6,1,0.46018278656205475,0.5065363145061393,0.27935028,0.8709651,1,0,1,0,1
2023-10-06,6,1,0.37956374416287575,0.4495015163509554,0.25160596,0.89343035,1,0,0,0,1
2023-10-09,6,1,0.4564870170944756,0.4252833965394433,0.39370966,0.86575145,1,0,0,0,1
2023-10-10,6,1,0.5337158196465688,0.666958336419021,0.5191637,0.8364099,1,1,1,1,1
2023-10-11,6,1,0.5254045804791627,0.6705316822046992,0.8380424,0.89082825,1,1,1,1,1
2023-10-12,6,1,0.48842457007338547,0.628917228495153,0.95504594,0.9175226,1,0,1,1,1
2023-10-13,6,1,0.5433377701663061,0.6379768333341642,0.9333863,0.9164926,1,1,1,1,1
2023-10-16,6,1,0.4880838968233951,0.5877936083168843,0.8561229,0.90958345,1,0,1,1,1
2023-10-17,6,1,0.42424170709717607,0.5151226436469913,0.7310755,0.9376459,1,0,1,1,1
2023-10-18,6,1,0.40033273031804517,0.5146326290028234,0.24876322,0.68359286,1,0,1,0,1
2023-10-19,6,1,0.4020615105600136,0.49437809359037393,0.18232861,0.6370256,1,0,0,0,1
2023-10-20,6,1,0.4114294639706159,0.5691725962441005,0.14532451,0.52790314,1,0,1,0,1
2023-10-23,6,1,0.43501699031600977,0.42793427108763427,0.18735412,0.86298895,1,0,0,0,1
2023-10-24,6,1,0.47524119846729057,0.6234276150491642,0.10624886,0.6924593,1,0,1,0,1
2023-10-25,6,1,0.4765539353012668,0.5953396283251089,0.04215724,0.46472254,1,0,1,0,0
2023-10-26,6,1,0.5505045733375351,0.676779262431255,0.0124279335,0.037726406,1,1,1,0,0
2023-10-27,6,1,0.46714695217575986,0.6490816580344998,0.0071614254,0.15947208,1,0,1,0,0
2023-10-30,6,1,0.446416961416455,0.5076073152851318,0.00857145,0.66441756,1,0,1,0,1
2023-10-31,6,1,0.4780860321637256,0.4835756130772062,0.008867423,0.80262756,1,0,0,0,1
2023-11-01,6,1,0.5473262644864629,0.6148348928340428,0.016726453,0.8259942,1,1,1,0,1
2023-11-02,6,1,0.5683123462694372,0.6039604368192115,0.015650062,0.8966912,1,1,1,0,1
2023-11-03,6,1,0.5328644344988304,0.6193656067676863,0.043669865,0.93571025,1,1,1,0,1
2023-11-06,6,1,0.48996248509135487,0.5895703922438987,0.1822439,0.9347855,1,0,1,0,1
2023-11-07,6,1,0.5499847246321867,0.6325090718739412,0.16439027,0.61682445,1,1,1,0,1
2023-11-08,6,1,0.5510161066424308,0.7035968059787895,0.30026376,0.8702643,1,1,1,0,1
2023-11-09,6,1,0.5133340711125942,0.7211518082653751,0.827839,0.66963917,1,1,1,1,1
2023-11-10,6,0,0.498371935941489,0.49076392585072365,0.96723974,0.85549563,1,0,0,1,1
2023-11-13,6,1,0.4312701434109403,0.5775582966665522,0.9373756,0.76937157,1,0,1,1,1
2023-11-14,6,1,0.48647234400760064,0.5540300893074511,0.9719054,0.8399084,1,0,1,1,1
2023-11-15,6,0,0.4293546847624248,0.4607409159223851,0.95754564,0.9038831,1,0,0,1,1
2023-11-16,6,1,0.5486964764511119,0.6673534775226783,0.87133837,0.9564786,1,1,1,1,1
2023-11-17,6,1,0.5115952635824551,0.6846974668980969,0.7494803,0.9327522,1,1,1,1,1
2023-11-20,6,1,0.42557487550838613,0.6452006399187095,0.778436,0.95885444,1,0,1,1,1
2023-11-21,6,1,0.47789891768579695,0.6565331335333623,0.5993648,0.81075597,1,0,1,1,1
2023-11-22,6,1,0.514755754728293,0.6857180635589083,0.10081277,0.35470557,1,1,1,0,0
2023-11-23,6,1,0.46892503805053987,0.6241041868760228,0.13402961,0.18016565,1,0,1,0,0
2023-11-24,6,1,0.43348747193843185,0.48369086790574106,0.6016091,0.35064664,1,0,0,1,0
2023-11-27,6,1,0.4618096388922401,0.6409983540624785,0.35141978,0.49379376,1,0,1,0,0
2023-11-28,6,1,0.4164688404325887,0.5758558450178588,0.3431764,0.6028095,1,0,1,0,1
2023-11-29,6,1,0.5065591411883675,0.6809419757151832,0.42221054,0.853298,1,1,1,0,1
2023-11-30,6,1,0.4789055990948661,0.6457659561904368,0.6688213,0.8918497,1,0,1,1,1
2023-12-01,6,1,0.4834560860775721,0.5355627979248253,0.7606699,0.8377367,1,0,1,1,1
2023-12-04,6,1,0.5139444703417285,0.5902687897861564,0.5371184,0.8663085,1,1,1,1,1
2023-12-05,6,0,0.505957794045617,0.6834275672879612,0.37153795,0.94825315,1,1,1,0,1
2023-12-06,6,0,0.5431790979520328,0.6664293106652438,0.3011706,0.86832505,1,1,1,0,1
2023-12-07,6,0,0.5229682335051351,0.6092316685015217,0.28873083,0.7937731,1,1,1,0,1
2023-12-08,6,0,0.481912106637392,0.521458836859562,0.26042554,0.9414974,1,0,1,0,1
2023-12-11,6,1,0.5142228396435699,0.6392160187526229,0.54537183,0.8418266,1,1,1,1,1
2023-12-12,6,1,0.4603861457563743,0.5493717533342514,0.8210416,0.8977313,1,0,1,1,1
2023-12-13,6,1,0.5128352219858476,0.609382263954437,0.8739939,0.87392676,1,1,1,1,1
2023-12-14,6,1,0.47201428487103414,0.6199051667519188,0.9404081,0.9538373,1,0,1,1,1
2023-12-15,6,1,0.5308453562577453,0.6431888944609645,0.87876415,0.9807451,1,1,1,1,1
2023-12-18,6,1,0.5336090059270248,0.6775290926582669,0.9407461,0.9630326,1,1,1,1,1
2023-12-19,6,1,0.4750347861486095,0.6398809320190866,0.8332626,0.7476045,1,0,1,1,1
2023-12-20,6,0,0.46528971256351737,0.7131349834102282,0.9302146,0.39687714,1,0,1,1,0
2023-12-21,6,1,0.4661423960495723,0.6513301688517654,0.89842564,0.6477571,1,0,1,1,1
2023-12-22,6,1,0.4884611970104728,0.6727908103553508,0.8619668,0.710782,1,0,1,1,1
2023-12-25,6,0,0.4603573718184851,0.6774567603220063,0.7077855,0.886961,1,0,1,1,1
2023-12-26,7,1,0.5637987296138868,0.7619619962380696,0.9972268,0.9816664,1,1,1,1,1
2023-12-27,7,1,0.5990451639397768,0.6803989138453835,0.99609107,0.97846276,1,1,1,1,1
2023-12-28,7,1,0.6165018473269649,0.6204082469406456,0.9946314,0.97970104,1,1,1,1,1
2023-12-29,7,1,0.6276914012799253,0.6031869059865054,0.9683166,0.9325697,1,1,1,1,1
2024-01-01,7,1,0.5893619208879185,0.625354297533842,0.22239982,0.9191318,1,1,1,0,1
2024-01-02,7,1,0.6014619082879079,0.6093273805358861,0.5636127,0.92991894,1,1,1,1,1
2024-01-03,7,0,0.60935482048666,0.5853789004335831,0.910519,0.9821186,1,1,1,1,1
2024-01-04,7,0,0.6107366692174366,0.5985212757630394,0.9690985,0.99244106,1,1,1,1,1
2024-01-05,7,0,0.5858954262914579,0.6157077254443452,0.99819463,0.99222445,1,1,1,1,1
2024-01-08,7,0,0.5363628353497947,0.5495537795792719,0.99740547,0.98836505,1,1,1,1,1
2024-01-09,7,0,0.5823585134674631,0.6263093669112058,0.99703336,0.9822152,1,1,1,1,1
2024-01-10,7,0,0.5745909738421555,0.5716123699361483,0.99746513,0.9841166,1,1,1,1,1
2024-01-11,7,0,0.6013177541868361,0.6151180880458571,0.99592775,0.95230305,1,1,1,1,1
2024-01-12,7,0,0.6332674405251532,0.5970570478151213,0.43745905,0.7681992,1,1,1,0,1
2024-01-15,7,0,0.5546823222759106,0.7014331399971302,0.02190635,0.19554165,1,1,1,0,0
2024-01-16,7,0,0.5759936834681706,0.5599520709491115,0.0038058842,0.037305973,1,1,1,0,0
2024-01-17,7,0,0.6208633093798065,0.5174500802892389,0.00562963,0.015627548,1,1,1,0,0
2024-01-18,7,1,0.6003471407747774,0.5788950916303148,0.16130716,0.022805171,1,1,1,0,0
2024-01-19,7,1,0.6125510093974664,0.5774414066542668,0.91178304,0.28040573,1,1,1,1,0
2024-01-22,7,1,0.6164073076898885,0.5713087527483437,0.9713965,0.38747653,1,1,1,1,0
2024-01-23,7,1,0.6191252277233656,0.6001148996834839,0.9806584,0.89337116,1,1,1,1,1
2024-01-24,7,1,0.6338802982136754,0.6015847467841176,0.9762081,0.98167646,1,1,1,1,1
2024-01-25,7,1,0.6553457631856349,0.6456413676252459,0.9822161,0.9368408,1,1,1,1,1
2024-01-26,7,1,0.6297584657842044,0.5893459796127999,0.947457,0.74086773,1,1,1,1,1
2024-01-29,7,1,0.6128635203333488,0.6429252915251294,0.856134,0.15721014,1,1,1,1,0
2024-01-30,7,1,0.6441859238183035,0.6296079174754836,0.8964656,0.015112789,1,1,1,1,0
2024-01-31,7,1,0.6873427588129373,0.6185615520007091,0.9683936,0.028809452,1,1,1,1,0
2024-02-01,7,1,0.6922052168006789,0.6235580992290582,0.67320067,0.17475192,1,1,1,1,0
2024-02-02,7,1,0.6147564911773999,0.5253013092559494,0.8747807,0.15109757,1,1,1,1,0
2024-02-05,7,1,0.5438623392763862,0.592126120754856,0.9841283,0.29430392,1,1,1,1,0
2024-02-06,7,1,0.5515378010484384,0.6962922466424939,0.99283606,0.7406694,1,1,1,1,1
2024-02-07,7,1,0.5534713578711693,0.5525281195747884,0.9985044,0.7287947,1,1,1,1,1
2024-02-08,7,1,0.5077821982657895,0.650062347129953,0.9993253,0.9240967,1,1,1,1,1
2024-02-09,7,1,0.5193819673010038,0.7096978437078357,0.9993673,0.96452045,1,1,1,1,1
2024-02-12,7,1,0.5021034220683123,0.5419857746030246,0.99895394,0.9686515,1,1,1,1,1
2024-02-13,7,1,0.492307602875128,0.6131883568349327,0.97875744,0.94521624,1,0,1,1,1
2024-02-14,7,0,0.5465002456070914,0.6554204808522445,0.798376,0.8998871,1,1,1,1,1
2024-02-15,7,1,0.540830137788173,0.7004165926200653,0.7145434,0.941142,1,1,1,1,1
2024-02-16,7,1,0.5127911791657324,0.6462716568363673,0.67047054,0.95714945,1,1,1,1,1
2024-02-19,7,1,0.571146662578665,0.5671973506718838,0.87386465,0.9235341,1,1,1,1,1
2024-02-20,7,1,0.5779080011826397,0.660822075236347,0.64316183,0.8232798,1,1,1,1,1
2024-02-21,7,1,0.5885229997616821,0.5818296858280715,0.9940171,0.7760275,1,1,1,1,1
2024-02-22,7,1,0.585546671780066,0.5905752523069895,0.99740654,0.6983543,1,1,1,1,1
2024-02-23,7,1,0.6103550690421421,0.6616212511412836,0.99691224,0.46152124,1,1,1,1,0
2024-02-26,7,1,0.5665828685600279,0.5626437922768805,0.99339277,0.5811731,1,1,1,1,1
2024-02-27,7,1,0.5645139810249222,0.624258422126717,0.9902441,0.18550931,1,1,1,1,0
2024-02-28,7,1,0.6154002720617963,0.6506240457712381,0.6263825,0.40903148,1,1,1,1,0
2024-02-29,7,1,0.6220708471103873,0.6370905870190882,0.89886796,0.6806741,1,1,1,1,1
2024-03-01,7,1,0.6696739819867747,0.5994653241503339,0.95126677,0.5046554,1,1,1,1,1
2024-03-04,7,1,0.6233427890201652,0.5256454487432094,0.9743391,0.8399854,1,1,1,1,1
2024-03-05,7,1,0.7276452966620013,0.5421846138788631,0.99719787,0.8447918,1,1,1,1,1
2024-03-06,7,1,0.734160746450727,0.6405722582695454,0.9973839,0.8896811,1,1,1,1,1
2024-03-07,7,1,0.7440528728096181,0.5924355464913021,0.99724054,0.90651906,1,1,1,1,1
2024-03-08,7,0,0.7437215768808747,0.6069415310566564,0.996311,0.8397106,1,1,1,1,1
2024-03-11,7,0,0.6943278423094839,0.5377303583743348,0.99796826,0.84499156,1,1,1,1,1
2024-03-12,7,0,0.6746628339125154,0.543911744400984,0.998351,0.6515047,1,1,1,1,1
2024-03-13,7,0,0.6299002390813537,0.5311960420878465,0.9982408,0.5680231,1,1,1,1,1
2024-03-14,7,0,0.6418775537692163,0.62167655067753,0.99872226,0.6498931,1,1,1,1,1
2024-03-15,7,1,0.585482999289053,0.6049429564967149,0.99921787,0.24678335,1,1,1,1,0
2024-03-18,7,1,0.612015381376349,0.61921454282106,0.9990281,0.34300357,1,1,1,1,0
2024-03-19,7,1,0.6485071172091913,0.584633542791809,0.9978204,0.23749155,1,1,1,1,0
2024-03-20,7,1,0.607772082278601,0.644491545884495,0.9951309,0.16875498,1,1,1,1,0
2024-03-21,7,1,0.6599218914527346,0.5740342903623327,0.95527416,0.0959768,1,1,1,1,0
2024-03-22,7,1,0.6652146019213083,0.6079488424290137,0.9702735,0.027905975,1,1,1,1,0
2024-03-25,7,0,0.7353048200415494,0.6006305895103988,0.9162538,0.02242839,1,1,1,1,0
2024-03-26,7,0,0.7654362739656125,0.6361825065888932,0.7759534,0.028584106,1,1,1,1,0
2024-03-27,7,0,0.7718071414159898,0.6181039359601469,0.82561976,0.20427197,1,1,1,1,0
2024-03-28,7,1,0.7761238614320506,0.6460325225362615,0.86336154,0.46996582,1,1,1,1,0
2024-03-29,7,0,0.7612419490019459,0.6213366346355162,0.97174126,0.9049935,1,1,1,1,1
2024-04-01,7,1,0.7514251945114034,0.5694574489158075,0.9945253,0.87280834,1,1,1,1,1
2024-04-02,7,1,0.7340764381581613,0.5591503251291836,0.99753845,0.93268913,1,1,1,1,1
2024-04-03,7,1,0.5587968526780063,0.5788391686131257,0.9987425,0.5983683,1,1,1,1,1
2024-04-04,7,0,0.5856232363037019,0.5960536257213864,0.9986791,0.29830232,1,1,1,1,0
2024-04-05,7,0,0.6092981748431631,0.585124259870367,0.99877006,0.25411722,1,1,1,1,0
2024-04-08,7,0,0.5223674580458203,0.5288103665215388,0.9984244,0.032809444,1,1,1,1,0
2024-04-09,7,0,0.5916504916694383,0.5910580363795368,0.99886346,0.01673192,1,1,1,1,0
2024-04-10,7,0,0.4967596157898032,0.6585400367578635,0.9973122,0.026340097,1,0,1,1,0
2024-04-11,7,0,0.4806742021766675,0.6666459824986326,0.9943884,0.08559357,1,0,1,1,0
2024-04-12,7,0,0.48712661569422144,0.6149412881849683,0.9875049,0.10649005,1,0,1,1,0
2024-04-15,7,1,0.4792206425848586,0.5926734812881348,0.89611495,0.62054676,1,0,1,1,1
2024-04-16,7,1,0.49866955778428973,0.5701910410446459,0.9484423,0.731811,1,0,1,1,1
2024-04-17,7,1,0.5234085733862537,0.6779676245389872,0.9382794,0.39772183,1,1,1,1,0
2024-04-18,7,1,0.5327316419628549,0.6721307845161022,0.95043695,0.8093646,1,1,1,1,1
2024-04-19,7,0,0.5334071007482415,0.6743256396172259,0.9264749,0.804478,1,1,1,1,1
2024-04-22,7,0,0.5291366168106305,0.5676890530419092,0.98381203,0.6178112,1,1,1,1,1
2024-04-23,7,0,0.5718788415915279,0.6558000087131179,0.9218951,0.04964183,1,1,1,1,0
2024-04-24,7,0,0.5384952680085421,0.6335652369014193,0.9640911,0.09994493,1,1,1,1,0
2024-04-25,7,0,0.5289409462615802,0.6638249844940168,0.9905323,0.52948374,1,1,1,1,1
2024-04-26,7,0,0.5197296035630372,0.6334113887227342,0.9968823,0.33061394,1,1,1,1,0
2024-04-29,7,0,0.4940301513471484,0.6806169635801974,0.9969292,0.44566652,1,0,1,1,0
2024-04-30,7,1,0.5143576942012674,0.6192915990091719,0.9973053,0.67255694,1,1,1,1,1
2024-05-01,7,1,0.5827654112851867,0.704796411780782,0.9954947,0.6136203,1,1,1,1,1
2024-05-02,7,1,0.5876775991889557,0.6503778187865186,0.99817383,0.8272615,1,1,1,1,1
2024-05-03,7,0,0.5403063776259399,0.6298426203188742,0.99868757,0.86743176,1,1,1,1,1
2024-05-06,7,1,0.5570909608648759,0.6776402454147368,0.9983217,0.7200736,1,1,1,1,1
2024-05-07,7,1,0.5629199686068452,0.6645633142002779,0.9987961,0.8688575,1,1,1,1,1
2024-05-08,7,1,0.5818500114393661,0.6907685780053928,0.99878365,0.8684059,1,1,1,1,1
2024-05-09,7,1,0.5630679340850319,0.6952509996767771,0.99887186,0.89124346,1,1,1,1,1
2024-05-10,7,1,0.5228969401890968,0.6929200697784041,0.99727386,0.94466454,1,1,1,1,1
2024-05-13,7,1,0.45914795050502455,0.6741757653283298,0.99905294,0.9680131,1,0,1,1,1
2024-05-14,7,1,0.5327331224691854,0.6896256884980396,0.99817574,0.9453752,1,1,1,1,1
2024-05-15,7,1,0.553744809677413,0.6116731234763154,0.9987826,0.9476033,1,1,1,1,1
2024-05-16,7,1,0.5452176718822219,0.7138491869139558,0.9986563,0.87998503,1,1,1,1,1
2024-05-17,7,1,0.5213239753943871,0.7096690133709471,0.99846447,0.9266343,1,1,1,1,1
2024-05-20,7,0,0.500998882599398,0.704027329421612,0.98902065,0.9717866,1,1,1,1,1
2024-05-21,7,0,0.5520749555949499,0.7380786267249556,0.9923987,0.9643559,1,1,1,1,1
2024-05-22,7,0,0.601013180633612,0.5347762472787724,0.9695422,0.9643898,1,1,1,1,1
2024-05-23,7,1,0.523357223104658,0.6039186795860467,0.9466807,0.9615903,1,1,1,1,1
2024-05-24,7,1,0.548901103763801,0.6622719251392774,0.9825063,0.97291464,1,1,1,1,1
2024-05-27,7,1,0.49822411323423793,0.6668884556395807,0.9902912,0.9742115,1,0,1,1,1
2024-05-28,7,1,0.788519463145498,0.5614575598808794,0.9989936,0.9774286,1,1,1,1,1
2024-05-29,7,1,0.8092308605019742,0.5500181890903297,0.99898225,0.872772,1,1,1,1,1
2024-05-30,7,1,0.8689144535734883,0.5802535189902811,0.99845064,0.9641235,1,1,1,1,1
2024-05-31,7,0,0.8560970161100787,0.5887493057943058,0.973367,0.83824706,1,1,1,1,1
2024-06-03,7,0,0.8252739593390573,0.6965630406082167,0.90731037,0.52485436,1,1,1,1,1
2024-06-04,7,0,0.8661644723925286,0.5821721511368955,0.8180121,0.4768408,1,1,1,1,0
2024-06-05,7,0,0.87515404344803,0.639247985332183,0.24309048,0.52326155,1,1,1,0,1
2024-06-06,7,0,0.5594516637329933,0.7218299032831567,0.6677518,0.30212358,1,1,1,1,0
2024-06-07,7,0,0.6112783137658557,0.5762649722351378,0.87615615,0.045967914,1,1,1,1,0
2024-06-10,7,0,0.48542881016919875,0.6588549712655449,0.4962241,0.0072259605,1,0,1,0,0
2024-06-11,7,0,0.5678851071761785,0.5995368403482637,0.9624909,0.006816106,1,1,1,1,0
2024-06-12,7,0,0.5348424642277031,0.6675499336119199,0.9845568,0.012244655,1,1,1,1,0
2024-06-13,7,0,0.60911942291213,0.6038513149599377,0.9966528,0.018701347,1,1,1,1,0
2024-06-14,7,0,0.6204711551167518,0.740675531781189,0.9962968,0.1904203,1,1,1,1,0
2024-06-17,7,0,0.589613051568775,0.7003897867183753,0.99715817,0.83516484,1,1,1,1,1
2024-06-18,7,0,0.6007324048850006,0.6940808558172104,0.9973832,0.7132179,1,1,1,1,1
2024-06-19,7,0,0.5599225080994272,0.7411098253645578,0.99827516,0.93869716,1,1,1,1,1
2024-06-20,7,0,0.5181787863233391,0.6289144384353041,0.9967098,0.96042526,1,1,1,1,1
2024-06-21,7,0,0.5432275143999776,0.5902760913587407,0.99921644,0.9662054,1,1,1,1,1
2024-06-24,7,0,0.5983248737193213,0.7521058991642997,0.9950837,0.9759126,1,1,1,1,1
2024-06-25,7,0,0.5571744612714765,0.6459139866617949,0.9984633,0.975997,1,1,1,1,1
2024-06-26,7,0,0.5427519013641477,0.5902744344776,0.997898,0.96769774,1,1,1,1,1
2024-06-27,7,0,0.6092112334308925,0.6570528674252505,0.9987226,0.9404244,1,1,1,1,1
2024-06-28,7,0,0.558826426187866,0.5935672258927819,0.9989317,0.95994216,1,1,1,1,1
2024-07-01,7,0,0.5133752686000478,0.6156777769349983,0.99925154,0.9505154,1,1,1,1,1
2024-07-02,7,0,0.5373823068626103,0.6092873890895079,0.9990453,0.9352769,1,1,1,1,1
2024-07-03,7,0,0.5413537768244082,0.6629311597515448,0.999466,0.947541,1,1,1,1,1
2024-07-04,7,1,0.5767370109906002,0.6246661617836355,0.99863786,0.94513714,1,1,1,1,1
2024-07-05,7,1,0.635286030337169,0.6276697996167823,0.9886818,0.87440884,1,1,1,1,1
2024-07-08,7,1,0.5965118017696796,0.6175673651497349,0.9942888,0.827976,1,1,1,1,1
2024-07-09,7,1,0.589738536930798,0.7324040297786282,0.99736065,0.30031097,1,1,1,1,0
2024-07-10,7,1,0.6121089330926784,0.6289497036252523,0.99754494,0.5016436,1,1,1,1,1
2024-07-11,7,1,0.6563613797283004,0.6291764198131162,0.99605775,0.6339853,1,1,1,1,1
2024-07-12,7,1,0.5996551755908623,0.5627353751124926,0.99893504,0.80212253,1,1,1,1,1
2024-07-15,7,1,0.5501805669526971,0.6126641633281467,0.9980221,0.79054165,1,1,1,1,1
2024-07-16,7,1,0.6014938433830394,0.6766464585942077,0.9970745,0.7741326,1,1,1,1,1
2024-07-17,7,1,0.5988240508201192,0.6692967017914161,0.99758077,0.6695724,1,1,1,1,1
2024-07-18,7,1,0.5729669031815884,0.623630673600265,0.99531233,0.87103844,1,1,1,1,1
2024-07-19,7,0,0.5215967911535915,0.5478913828921663,0.98190343,0.9055388,1,1,1,1,1
2024-07-22,7,0,0.5454164569781639,0.6391761620714935,0.89555633,0.8884761,1,1,1,1,1
2024-07-23,7,0,0.5596169228466591,0.6697516611398646,0.9585211,0.8156398,1,1,1,1,1
2024-07-24,7,0,0.5759223158337474,0.5376195653177476,0.9588155,0.92334116,1,1,1,1,1
2024-07-25,7,0,0.5846445048392992,0.5526820838631963,0.924838,0.9135823,1,1,1,1,1
2024-07-26,7,0,0.613108721637296,0.6378523727879873,0.9384255,0.9361525,1,1,1,1,1
2024-07-29,7,0,0.6022669354157645,0.6694696027894615,0.96191335,0.7963483,1,1,1,1,1
2024-07-30,7,0,0.6323951704725849,0.6349304060530425,0.90883434,0.7209715,1,1,1,1,1
2024-07-31,7,0,0.6345861581149954,0.6091876983464962,0.9417183,0.5498583,1,1,1,1,1
2024-08-01,7,0,0.6731206364456226,0.5104587626070028,0.9750245,0.5284366,1,1,1,1,1
2024-08-02,7,0,0.6671504914079628,0.6382310397774663,0.9678298,0.7850685,1,1,1,1,1
2024-08-05,7,1,0.6980571938129223,0.48298624461018286,0.8908914,0.81579304,1,1,0,1,1
2024-08-06,7,1,0.6125226524691993,0.5984774658135703,0.5473786,0.8720349,1,1,1,1,1
2024-08-07,7,1,0.6323229399375712,0.5596788516895437,0.3695866,0.5940415,1,1,1,0,1
2024-08-08,7,0,0.5548150539882414,0.6526983430486922,0.47250807,0.7865824,1,1,1,0,1
2024-08-09,7,0,0.5383144933927017,0.6784334670575275,0.83406943,0.6601613,1,1,1,1,1
2024-08-12,7,1,0.5102647156092709,0.692658370336806,0.967041,0.74002457,1,1,1,1,1
2024-08-13,7,0,0.5555180040737759,0.6699923269836845,0.9927735,0.82700056,1,1,1,1,1
2024-08-14,7,1,0.5717860410363719,0.6841564295089836,0.99528706,0.7431586,1,1,1,1,1
2024-08-15,7,1,0.5133007052623585,0.6907364060566418,0.99696976,0.4563211,1,1,1,1,0
2024-08-16,7,1,0.5636340796556598,0.745118671111862,0.99859256,0.28292188,1,1,1,1,0
2024-08-19,7,0,0.4899904255708305,0.6517535426844272,0.99896955,0.7727371,1,0,1,1,1
2024-08-20,7,1,0.5312241271440459,0.6800775939139457,0.9990729,0.7865979,1,1,1,1,1
2024-08-21,7,0,0.5093135497129236,0.642916482237368,0.99864954,0.83348733,1,1,1,1,1
2024-08-22,7,0,0.5616809197673542,0.6160377428785073,0.9974228,0.6545763,1,1,1,1,1
2024-08-23,7,0,0.5061555754132915,0.6139310794132442,0.9944159,0.62872607,1,1,1,1,1
2024-08-26,7,0,0.5260296800982098,0.6982092895805107,0.9790041,0.6408385,1,1,1,1,1
2024-08-27,8,0,0.48608348231099624,0.45348438677239566,0.99900347,0.89752585,1,0,0,1,1
2024-08-28,8,0,0.5169955975569461,0.4524104225260184,0.9993875,0.7852742,1,1,0,1,1
2024-08-29,8,0,0.5176276044681931,0.4603606660885849,0.999691,0.8251895,1,1,0,1,1
2024-08-30,8,0,0.49033296657910336,0.3944871100541459,0.9994229,0.8905044,1,0,0,1,1
2024-09-02,8,0,0.4772434765421824,0.41470033184720767,0.9996526,0.8627374,1,0,0,1,1
2024-09-03,8,1,0.5315951222299701,0.45631216079595993,0.99959606,0.8771275,1,1,0,1,1
2024-09-04,8,1,0.5331976079908355,0.5194740029304193,0.99863225,0.86440516,1,1,1,1,1
2024-09-05,8,1,0.5013578955379788,0.5121075121190222,0.98148096,0.8137549,1,1,1,1,1
2024-09-06,8,1,0.5627836104961791,0.5474190595473029,0.45654237,0.7211536,1,1,1,0,1
2024-09-09,8,1,0.49327338625696027,0.45139144398382897,0.7719901,0.41170928,1,0,0,1,0
2024-09-10,8,1,0.5212115021241844,0.5076233661646357,0.025488844,0.11347081,1,1,1,0,0
2024-09-11,8,1,0.4848464752454635,0.46542968006801205,0.016198676,0.07947766,1,0,0,0,0
2024-09-12,8,1,0.5001158196640254,0.5699655658386326,0.32422575,0.31483462,1,1,1,0,0
2024-09-13,8,1,0.48533490395812545,0.5446009712379168,0.17045352,0.7831821,1,0,1,0,1
2024-09-16,8,1,0.5458828632941098,0.6205165139750506,0.025231322,0.8241396,1,1,1,0,1
2024-09-17,8,1,0.46178290583975157,0.5509477914354803,0.19744873,0.79733926,1,0,1,0,1
2024-09-18,8,1,0.5529567435888111,0.4377766197753205,0.57132536,0.8891303,1,1,0,1,1
2024-09-19,8,1,0.4643513133444018,0.470539258255622,0.87681603,0.85074425,1,0,0,1,1
2024-09-20,8,0,0.5079247964845933,0.4759391228364774,0.96025014,0.75924003,1,1,0,1,1
2024-09-23,8,0,0.4611324430517195,0.5100611804241431,0.9938313,0.55604213,1,0,1,1,1
2024-09-24,8,0,0.4205706435596564,0.494054474358527,0.99781764,0.69673425,1,0,0,1,1
2024-09-25,8,0,0.4714984534003432,0.44196047005852246,0.93010646,0.65229005,1,0,0,1,1
2024-09-26,8,0,0.4466513860877601,0.5033906770689924,0.9931416,0.51971793,1,0,1,1,1
2024-09-27,8,0,0.5092699044335641,0.5243513732474125,0.9565396,0.5504756,1,1,1,1,1
2024-09-30,8,0,0.4966356382964616,0.46234413564026267,0.9939818,0.5445957,1,0,0,1,1
2024-10-01,8,0,0.4962802639154306,0.459847865599196,0.9971717,0.7133098,1,0,0,1,1
2024-10-02,8,1,0.4792098512953747,0.5246384693389736,0.9867568,0.72706735,1,0,1,1,1
2024-10-03,8,1,0.4877493433271837,0.502429795198571,0.986537,0.80497986,1,0,1,1,1
2024-10-04,8,1,0.4211804023180819,0.4877378741026849,0.9833645,0.8542625,1,0,0,1,1
2024-10-07,8,1,0.40646097107881807,0.4738208247398758,0.97952443,0.89917785,1,0,0,1,1
2024-10-08,8,1,0.44481249689617486,0.5319382727397409,0.98552334,0.811172,1,0,1,1,1
2024-10-09,8,1,0.4602114025160155,0.5337742738159043,0.57868195,0.85773474,1,0,1,1,1
2024-10-10,8,1,0.4657154306882319,0.49938137565131135,0.82189524,0.8431859,1,0,0,1,1
2024-10-11,8,1,0.4978128970263328,0.5315363390745442,0.7791049,0.75408614,1,0,1,1,1
2024-10-14,8,1,0.4989822104490228,0.4720099695791737,0.9537588,0.67365617,1,0,0,1,1
2024-10-15,8,1,0.5489566641368758,0.5077677924458975,0.9894561,0.4559541,1,1,1,1,0
2024-10-16,8,0,0.553089732738755,0.549601680831976,0.6070588,0.27170968,1,1,1,1,0
2024-10-17,8,1,0.5221160007090286,0.44797214817250136,0.03822564,0.20317645,1,1,0,0,0
2024-10-18,8,1,0.47946936002922846,0.5559528890310205,0.37634465,0.1645507,1,0,1,0,0
2024-10-21,8,1,0.48600819503570103,0.459718649520193,0.08687572,0.31350258,1,0,0,0,0
2024-10-22,8,1,0.45957326198724097,0.43368247051725395,0.35865268,0.40761915,1,0,0,0,0
2024-10-23,8,1,0.46806609917609937,0.46758862449044813,0.3620764,0.51266116,1,0,0,0,1
2024-10-24,8,0,0.4647568863210363,0.44519511851160504,0.17363329,0.427803,1,0,0,0,0
2024-10-25,8,1,0.4576178904501795,0.49437209338692045,0.06424799,0.4508385,1,0,0,0,0
2024-10-28,8,1,0.4310066389805536,0.40773341832544474,0.14353424,0.5420715,1,0,0,0,1
2024-10-29,8,1,0.4502053396011725,0.460468570737126,0.751907,0.2916657,1,0,0,1,0
2024-10-30,8,1,0.4770066423427189,0.48117069442955623,0.8911669,0.2801682,1,0,0,1,0
2024-10-31,8,1,0.4627170507563976,0.46147197015768965,0.9858547,0.26172966,1,0,0,1,0
2024-11-01,8,1,0.441715545813914,0.48513925939262614,0.9970552,0.20005377,1,0,0,1,0
2024-11-04,8,1,0.4578622212509412,0.497644722086065,0.8863532,0.23461881,1,0,0,1,0
2024-11-05,8,1,0.4641874808760526,0.47999227599717165,0.98769915,0.17566156,1,0,0,1,0
2024-11-06,8,1,0.4494927887591021,0.41337235646854475,0.9916917,0.662662,1,0,0,1,1
2024-11-07,8,1,0.5024832372306413,0.4784052670580183,0.9912983,0.46878323,1,1,0,1,0
2024-11-08,8,1,0.5505542780803521,0.5239255739092087,0.9598623,0.7673767,1,1,1,1,1
2024-11-11,8,1,0.461659103863318,0.4515988299373073,0.9860006,0.6431834,1,0,0,1,1
2024-11-12,8,1,0.48983656236037026,0.48789502413448266,0.97391176,0.5364462,1,0,0,1,1
2024-11-13,8,1,0.5442960723293286,0.4652781863162388,0.98198354,0.38444808,1,1,0,1,0
2024-11-14,8,1,0.5360717923844283,0.46748320441426927,0.945549,0.52551717,1,1,0,1,1
2024-11-15,8,1,0.5382417215274213,0.4858068385928705,0.8810755,0.53862774,1,1,0,1,1
2024-11-18,8,1,0.5337304810347372,0.5354114941029608,0.5470073,0.38506433,1,1,1,1,0
2024-11-19,8,1,0.5464550522326818,0.5169340131939668,0.034824427,0.5822714,1,1,1,0,1
2024-11-20,8,1,0.5731706911299637,0.5290288751253022,0.007843348,0.49125078,1,1,1,0,0
2024-11-21,8,0,0.6042928846981571,0.5621166188840963,0.018050395,0.40555954,1,1,1,0,0
2024-11-22,8,0,0.6155377673681769,0.5497561193910169,0.030836545,0.3883358,1,1,1,0,0
2024-11-25,8,1,0.5470556256640364,0.4713899466130355,0.031501353,0.34672266,1,1,0,0,0
2024-11-26,8,1,0.5908597621599259,0.5161999736519544,0.21559632,0.36402985,1,1,1,0,0
2024-11-27,8,1,0.5969752952967985,0.4946088362031149,0.3688808,0.549101,1,1,0,0,1
2024-11-28,8,1,0.6056598839372258,0.5086518286415086,0.40349716,0.8094397,1,1,1,0,1
2024-11-29,8,0,0.5996581092923294,0.5178560382154016,0.50207615,0.88435096,1,1,1,1,1
2024-12-02,8,1,0.5523060488417078,0.49362635452536907,0.52642035,0.9021672,1,1,0,1,1
2024-12-03,8,1,0.5312833361325184,0.5195122626253743,0.69472075,0.9016092,1,1,1,1,1
2024-12-04,8,1,0.5316461450621993,0.5397565756410445,0.39282975,0.9110056,1,1,1,0,1
2024-12-05,8,1,0.5705605793063155,0.5333648490748121,0.7099149,0.93642527,1,1,1,1,1
2024-12-06,8,1,0.5477817575786648,0.5247447277149128,0.77300894,0.9583131,1,1,1,1,1
2024-12-09,8,1,0.5423925064612029,0.5359996726114564,0.4807869,0.9318521,1,1,1,0,1
2024-12-10,8,1,0.5723720719986954,0.5027419218969675,0.24029268,0.9173437,1,1,1,0,1
2024-12-11,8,0,0.513293225802301,0.4906891099889764,0.29542485,0.8684451,1,1,0,0,1
2024-12-12,8,0,0.5050931243807124,0.4805127531831509,0.20575666,0.9187525,1,1,0,0,1
2024-12-13,8,0,0.47475638582388663,0.4688746076557926,0.71158296,0.8924264,1,0,0,1,1
2024-12-16,8,0,0.4355370748559748,0.48155776228434116,0.8543537,0.9053972,1,0,0,1,1
2024-12-17,8,0,0.47562580588029385,0.49609780675325305,0.8890981,0.8940808,1,0,0,1,1
2024-12-18,8,0,0.4745767197042095,0.4567474176867684,0.298741,0.77429664,1,0,0,0,1
2024-12-19,8,0,0.5127531002195825,0.5117737131247275,0.47863364,0.31191254,1,1,1,0,0
2024-12-20,8,0,0.5251507796685443,0.4939690336117925,0.54831356,0.15580507,1,1,0,1,0
2024-12-23,8,0,0.4852844381010623,0.48473358757314444,0.062289733,0.15832637,1,0,0,0,0
2024-12-24,8,0,0.5017067108855194,0.5045509623512152,0.1551315,0.033882022,1,1,1,0,0
2024-12-25,8,0,0.5284817652954956,0.49308799752670174,0.24585868,0.11831169,1,1,0,0,0
2024-12-26,8,1,0.5519260398184731,0.5115687657335989,0.27788496,0.4023555,1,1,1,0,0
2024-12-27,8,1,0.5069677578251448,0.5052876740597264,0.7816224,0.66273576,1,1,1,1,1
2024-12-30,8,1,0.5375418555189349,0.5476051408164451,0.9787618,0.68985003,1,1,1,1,1
2024-12-31,8,0,0.5711053080393135,0.5397317825153798,0.8533658,0.5385879,1,1,1,1,1
2025-01-01,8,1,0.5298822385353558,0.5379496440180633,0.80506295,0.4936651,1,1,1,1,0
2025-01-02,8,0,0.5069280900543194,0.5311345071319967,0.5995335,0.5355225,1,1,1,1,1
2025-01-03,8,0,0.49363472506335865,0.5037951237770197,0.27470866,0.48344907,1,0,1,0,0
2025-01-06,8,0,0.4189102766848268,0.49011691331457674,0.4236267,0.447324,1,0,0,0,0
2025-01-07,8,1,0.5112547119356651,0.5145189590634675,0.6879535,0.2616214,1,1,1,1,0
2025-01-08,8,1,0.487117067296553,0.44376107560337474,0.21404874,0.621689,1,0,0,0,1
2025-01-09,8,1,0.45507197729785237,0.46573155305635544,0.15317634,0.7358314,1,0,0,0,1
2025-01-10,8,1,0.4229654474813883,0.4412779417928243,0.39821467,0.7702155,1,0,0,0,1
2025-01-13,8,1,0.4391529043947823,0.42063315242430926,0.40231434,0.7746488,1,0,0,0,1
2025-01-14,8,1,0.4374187680667654,0.41317752179072287,0.97820824,0.83758354,1,0,0,1,1
2025-01-15,8,1,0.47056336837255064,0.48565675364605304,0.9952024,0.88098204,1,0,0,1,1
2025-01-16,8,1,0.5030521793489771,0.5145435542015515,0.9983565,0.8397166,1,1,1,1,1
2025-01-17,8,0,0.4606082691421816,0.48331440162987027,0.9980533,0.79891074,1,0,0,1,1
2025-01-20,8,1,0.5039576855358924,0.5281682058622106,0.9987085,0.8883073,1,1,1,1,1
2025-01-21,8,0,0.5272646088136878,0.5480958455522057,0.9979546,0.88125193,1,1,1,1,1
2025-01-22,8,0,0.5045313415124234,0.5093558568997206,0.9988656,0.9063024,1,1,1,1,1
2025-01-23,8,0,0.547261330527392,0.49543738548172245,0.9988557,0.9421444,1,1,0,1,1
2025-01-24,8,0,0.5318310002429194,0.5142891366593869,0.99877447,0.9383921,1,1,1,1,1
2025-01-27,8,0,0.5814595978886541,0.5618176992802691,0.9986033,0.93874097,1,1,1,1,1
2025-01-28,8,0,0.523277505796435,0.44230084869538255,0.9994312,0.9135716,1,1,0,1,1
2025-01-29,8,0,0.5027339882612719,0.512067885237138,0.99925214,0.9216217,1,1,1,1,1
2025-01-30,8,0,0.5450468611269984,0.5415035000582367,0.97698987,0.86913186,1,1,1,1,1
2025-01-31,8,0,0.5208883735972583,0.524462493138697,0.681804,0.8498969,1,1,1,1,1
2025-02-03,8,0,0.46127672427609046,0.43594642986593685,0.74765104,0.7713359,1,0,0,1,1
2025-02-04,8,0,0.47141240521005984,0.5447583268682168,0.13903491,0.857686,1,0,1,0,1
2025-02-05,8,1,0.5133821638204398,0.5376581165144212,0.11110567,0.71730936,1,1,1,0,1
2025-02-06,8,0,0.49480632286156223,0.5015161352546275,0.017260604,0.7168338,1,0,1,0,1
2025-02-07,8,0,0.4861250606760489,0.5639916738882332,0.0071412134,0.7479289,1,0,1,0,1
2025-02-10,8,0,0.5084410625685472,0.5202612053979869,0.030460864,0.8225956,1,1,1,0,1
2025-02-11,8,1,0.5017323386072607,0.4749381780140277,0.8927835,0.84156984,1,1,0,1,1
2025-02-12,8,0,0.4393226395672656,0.4900219999191808,0.9693954,0.8148494,1,0,0,1,1
2025-02-13,8,0,0.47422997448972415,0.48537179428017835,0.99489284,0.8495863,1,0,0,1,1
2025-02-14,8,0,0.4438625943605288,0.5058572122812806,0.9966738,0.8418336,1,0,1,1,1
2025-02-17,8,0,0.4814726986378649,0.5253018660382519,0.9992772,0.86551154,1,0,1,1,1
2025-02-18,8,0,0.45867014572603804,0.4400002427956675,0.99964666,0.9365944,1,0,0,1,1
2025-02-19,8,0,0.48172144536367495,0.5097617639515635,0.99676824,0.8833835,1,0,1,1,1
2025-02-20,8,0,0.4147238889654831,0.5023638458946188,0.9972888,0.86673534,1,0,1,1,1
2025-02-21,8,0,0.4871808286401878,0.5393865223568555,0.9592191,0.8876736,1,0,1,1,1
2025-02-24,8,0,0.4726274407858723,0.5177493103267145,0.99086773,0.84889424,1,0,1,1,1
2025-02-25,8,1,0.5352099913116254,0.5565429522305919,0.8157869,0.82775605,1,1,1,1,1
2025-02-26,8,1,0.5343313761238797,0.5346525617578736,0.98872083,0.70048946,1,1,1,1,1
2025-02-27,8,0,0.537465757105788,0.5576019711341962,0.6366574,0.3102727,1,1,1,1,0
2025-02-28,8,0,0.5458118151347529,0.5162499733351793,0.020239154,0.09071067,1,1,1,0,0
2025-03-03,8,0,0.5459010791753603,0.5086024403946446,0.042796317,0.08739521,1,1,1,0,0
2025-03-04,8,0,0.46307005147842273,0.5326349549707221,0.020922437,0.17633475,1,0,1,0,0
2025-03-05,8,0,0.42095748884860384,0.5124199297254937,0.00208175,0.5643547,1,0,1,0,1
2025-03-06,8,0,0.45207191503585387,0.45388141507963653,0.0023052513,0.69704,1,0,0,0,1
2025-03-07,8,0,0.4656228010715524,0.47295545439497927,0.022150554,0.78173167,1,0,0,0,1
2025-03-10,8,1,0.4719921033387481,0.372786880003594,0.107250005,0.8549536,1,0,0,0,1
2025-03-11,8,1,0.41435022716685865,0.42821947593049664,0.13595521,0.8826481,1,0,0,0,1
2025-03-12,8,1,0.4344309244661337,0.47950903545859475,0.10781518,0.7691931,1,0,0,0,1
2025-03-13,8,1,0.4895110836833089,0.550773442869241,0.16699073,0.68006617,1,0,1,0,1
2025-03-14,8,1,0.45615086563316065,0.46163054773120343,0.24146378,0.49955776,1,0,0,0,0
2025-03-17,8,1,0.45628481083493855,0.48711464507376717,0.7554246,0.59407556,1,0,0,1,1
2025-03-18,8,1,0.4644377716243065,0.4759457272552618,0.9846051,0.704588,1,0,0,1,1
2025-03-19,8,0,0.4431797388438882,0.4848697584662131,0.9847344,0.7694378,1,0,0,1,1
2025-03-20,8,0,0.49203077625380515,0.5452462611338137,0.8050938,0.85080665,1,0,1,1,1
2025-03-21,8,1,0.44995350835191156,0.5348968218041944,0.9949261,0.841317,1,0,1,1,1
2025-03-24,8,0,0.3785251519499646,0.3450944726672751,0.9973623,0.91402113,1,0,0,1,1
2025-03-25,8,0,0.4062240617733279,0.4349789469181834,0.9962876,0.91468745,1,0,0,1,1
2025-03-26,8,0,0.47056812397767783,0.45144984469009874,0.99895394,0.88759273,1,0,0,1,1
2025-03-27,8,0,0.4398317652887737,0.46857356375218606,0.9995827,0.8845129,1,0,0,1,1
2025-03-28,8,0,0.46728930221221465,0.5094970458446795,0.9985266,0.9383565,1,0,1,1,1
2025-03-31,8,1,0.5490513206236886,0.5455914347756987,0.9821384,0.8260077,1,1,1,1,1
2025-04-01,8,0,0.4339067906650575,0.4684670973803595,0.9696042,0.8880242,1,0,0,1,1
2025-04-02,8,1,0.5301052297012974,0.5299243077528808,0.9300087,0.6921964,1,1,1,1,1
2025-04-03,8,1,0.5608028947075795,0.550303233351926,0.3996019,0.56850046,1,1,1,0,1
2025-04-04,8,0,0.49461235657125857,0.5701078074109912,0.6805484,0.6768468,1,0,1,1,1
2025-04-07,8,1,0.44316300575130835,0.5449771330298967,0.9379816,0.31228942,1,0,1,1,0
2025-04-08,8,1,0.42825730332731893,0.4550486972300316,0.07237872,0.38900116,1,0,0,0,0
2025-04-09,8,1,0.46297530628122247,0.4523219612644459,0.019380556,0.43319768,1,0,0,0,0
2025-04-10,8,1,0.38926086029095336,0.48814206230058177,0.53769183,0.43246526,1,0,0,1,0
2025-04-11,8,1,0.3494442257919608,0.5066487635268566,0.2504505,0.7413777,1,0,1,0,1
2025-04-14,8,1,0.4192789804587074,0.47897772340284206,0.911273,0.67413986,1,0,0,1,1
2025-04-15,8,1,0.4513884900666465,0.45902129887019677,0.98936534,0.5510385,1,0,0,1,1
2025-04-16,8,1,0.5145219955085997,0.5173602033503449,0.99451953,0.73878604,1,1,1,1,1
2025-04-17,8,1,0.48462033973277124,0.5146603130326438,0.869395,0.8437942,1,0,1,1,1
2025-04-18,8,1,0.5011578737259925,0.5105186615544014,0.92257935,0.9014778,1,1,1,1,1
2025-04-21,8,1,0.42330839765795586,0.4058839787189115,0.9629863,0.8114933,1,0,0,1,1
2025-04-22,8,1,0.3650951377819367,0.34266404229758285,0.6262489,0.7334612,1,0,0,1,1
2025-04-23,8,1,0.3949628887647991,0.4722958774494167,0.8221852,0.37905005,1,0,0,1,0
2025-04-24,8,1,0.47903357120619117,0.5110473046253281,0.97819215,0.33421448,1,0,1,1,0
2025-04-25,8,1,0.4620327780969851,0.5242478089876857,0.99010605,0.7181878,1,0,1,1,1
2025-04-28,8,1,0.5263655827887701,0.5402787470084909,0.9955865,0.76076055,1,1,1,1,1
