date,fold,actual,proba_logit,proba_rf,proba_lstm,proba_cnn_lstm,always_up_pred,pred_logit,pred_rf,pred_lstm,pred_cnn_lstm
2019-12-17,1,1,0.1553914980504032,0.07417678991531435,0.017653821,0.06555531,1,0,0,0,0
2019-12-18,1,1,0.1721314354344206,0.16808678249797906,0.024478035,0.07424153,1,0,0,0,0
2019-12-19,1,1,0.0986088195611445,0.08125164975520394,0.039358545,0.0980349,1,0,0,0,0
2019-12-20,1,1,0.061136133032655936,0.09644798031656512,0.022048607,0.0824665,1,0,0,0,0
2019-12-23,1,1,0.07864771016507772,0.2602247922337646,0.023641357,0.07176409,1,0,0,0,0
2019-12-24,1,1,0.09054027077236673,0.12777059897557957,0.021483965,0.06747589,1,0,0,0,0
2019-12-25,1,1,0.2072126666126681,0.15996649766281307,0.025732618,0.08764226,1,0,0,0,0
2019-12-26,1,1,0.015028922618777928,0.115601209193784,0.032641456,0.10631692,1,0,0,0,0
2019-12-27,1,1,0.019608403883365048,0.23044842935794665,0.027711887,0.07778746,1,0,0,0,0
2019-12-30,1,1,0.006446520983564362,0.23094609193466542,0.03479639,0.07441817,1,0,0,0,0
2019-12-31,1,1,0.018837370188459535,0.09183177497826563,0.05954923,0.07854841,1,0,0,0,0
2020-01-01,1,1,0.004373408575605717,0.09411004695145281,0.05205761,0.07784211,1,0,0,0,0
2020-01-02,1,1,0.008043742137099444,0.23013298659225284,0.043767113,0.06533791,1,0,0,0,0
2020-01-03,1,1,0.023646769916758643,0.3286635400251528,0.027933845,0.061735827,1,0,0,0,0
2020-01-06,1,1,0.03002851225061983,0.06343577091696673,0.08126605,0.09288581,1,0,0,0,0
2020-01-07,1,1,0.017736574569692975,0.09408701952214278,0.040290695,0.11622424,1,0,0,0,0
2020-01-08,1,1,0.042911187101594875,0.18456897197178024,0.05587851,0.075183995,1,0,0,0,0
2020-01-09,1,1,0.0859276996507746,0.3167811791303057,0.052212827,0.09076732,1,0,0,0,0
2020-01-10,1,1,0.027203951608274726,0.1748939316491699,0.033669032,0.06802695,1,0,0,0,0
2020-01-13,1,1,0.028972336336973957,0.05454826924698563,0.037420243,0.08140212,1,0,0,0,0
2020-01-14,1,1,0.06603940785463897,0.17532814486425558,0.03155287,0.078707986,1,0,0,0,0
2020-01-15,1,0,0.023089133806811345,0.14314197614831936,0.028006054,0.069587424,1,0,0,0,0
2020-01-16,1,1,0.03604553380467112,0.17428935220787256,0.034635287,0.10165701,1,0,0,0,0
2020-01-17,1,0,0.015114671470609423,0.07800893645442672,0.028875146,0.076675564,1,0,0,0,0
2020-01-20,1,1,0.03548597079114988,0.13893357946693244,0.02038582,0.06043288,1,0,0,0,0
2020-01-21,1,1,0.1219428889051907,0.4055950203863726,0.036396343,0.08377449,1,0,0,0,0
2020-01-22,1,1,0.019790960732376968,0.1694693795293269,0.08142149,0.13372898,1,0,0,0,0
2020-01-23,1,1,0.03980548190458584,0.3092880934128212,0.1276068,0.10838453,1,0,0,0,0
2020-01-24,1,1,0.013052837091552126,0.3429602536688156,0.18525511,0.104353,1,0,0,0,0
2020-01-27,1,0,0.07097024951189845,0.29750501262086043,0.29817355,0.11804114,1,0,0,0,0
2020-01-28,1,0,0.10849284100781033,0.25892148001609855,0.3360024,0.16578875,1,0,0,0,0
2020-01-29,1,0,0.033847091198953266,0.26255351096901935,0.4109444,0.1461217,1,0,0,0,0
2020-01-30,1,0,0.005141930461912277,0.15831132955645638,0.33067644,0.08450963,1,0,0,0,0
2020-01-31,1,0,0.027724387528163353,0.41657818574558597,0.26063493,0.111291215,1,0,0,0,0
2020-02-03,1,0,0.02298644654004639,0.25456155614276704,0.3386449,0.09199504,1,0,0,0,0
2020-02-04,1,0,0.002462734707258604,0.23022790047149172,0.25958857,0.15481262,1,0,0,0,0
2020-02-05,1,0,0.000881425699911117,0.08472023295357238,0.064849705,0.039258733,1,0,0,0,0
2020-02-06,1,0,0.003406896549113724,0.07738300211656708,0.024583183,0.03314055,1,0,0,0,0
2020-02-07,1,0,0.029857401208647685,0.23623586248826686,0.02440351,0.047609046,1,0,0,0,0
2020-02-10,1,0,0.010571359532421337,0.15493353889550285,0.04078848,0.0816933,1,0,0,0,0
2020-02-11,1,0,0.005183399963457202,0.05258418004672232,0.027356321,0.07482987,1,0,0,0,0
2020-02-12,1,0,0.01685655125096898,0.08219436545782483,0.02146632,0.05169182,1,0,0,0,0
2020-02-13,1,0,0.010619535455792785,0.16432872774954468,0.019210588,0.057042662,1,0,0,0,0
2020-02-14,1,0,0.03617563662476729,0.12922115231277453,0.019404454,0.05904946,1,0,0,0,0
2020-02-17,1,0,0.016584758618796883,0.0730426632730397,0.024390154,0.08083631,1,0,0,0,0
2020-02-18,1,0,0.008786797255249364,0.20568107055967816,0.026120806,0.07534731,1,0,0,0,0
2020-02-19,1,0,0.014119001907309999,0.17219643015621167,0.035250388,0.07994818,1,0,0,0,0
2020-02-20,1,0,0.0750928305553841,0.3691452309192964,0.04633906,0.09106364,1,0,0,0,0
2020-02-21,1,0,0.022870286832100538,0.43253877313895367,0.095638804,0.106295176,1,0,0,0,0
2020-02-24,1,0,0.059163055264224385,0.30274673026778287,0.19092953,0.13529442,1,0,0,0,0
2020-02-25,1,0,0.12467515458649692,0.5825345795016353,0.30419502,0.14067441,1,0,1,0,0
2020-02-26,1,0,0.0938960156318513,0.32947909267998193,0.6336894,0.18409489,1,0,0,1,0
2020-02-27,1,0,0.14640029107964933,0.3893408674703578,0.5406769,0.2117285,1,0,0,1,0
2020-02-28,1,0,0.7973756412061697,0.5633360447847182,0.5475785,0.1552135,1,1,1,1,0
2020-03-02,1,0,0.00996974471562796,0.2121254408027246,0.68941504,0.18423949,1,0,0,1,0
2020-03-03,1,0,0.09124728526246809,0.3598558489846832,0.17306872,0.08147612,1,0,0,0,0
2020-03-04,1,0,0.010836656572917897,0.20317907896452841,0.20975086,0.03816706,1,0,0,0,0
2020-03-05,1,0,0.15698881042218885,0.3816369969601837,0.06959304,0.12359706,1,0,0,0,0
2020-03-06,1,0,0.4361289148340157,0.44752608309814645,0.11506873,0.038529772,1,0,0,0,0
2020-03-09,1,0,0.9820618527822695,0.45984466687821784,0.20656423,0.21076196,1,1,0,0,0
2020-03-10,1,0,1.3463387357857342e-06,0.3481319186406042,0.20530978,0.1690557,1,0,0,0,0
2020-03-11,1,0,0.004762962090910593,0.3548105635543957,0.085961014,0.34933203,1,0,0,0,0
2020-03-12,1,1,0.8784844506069155,0.5324389299855632,0.28664246,0.022407927,1,1,1,0,0
2020-03-13,1,1,0.05982654965764222,0.3152344214115852,0.50752604,0.19789398,1,0,0,1,0
2020-03-16,1,1,0.9999069978906053,0.3443288917749814,0.3104104,0.06050553,1,1,0,0,0
2020-03-17,1,1,0.00034518089246734346,0.2594129208287088,0.35241035,0.04263895,1,0,0,0,0
2020-03-18,1,1,0.9754536744716314,0.478125,0.15256476,0.07722608,1,1,0,0,0
2020-03-19,1,1,0.8386870661735043,0.3412994081082317,0.3744319,0.022171121,1,1,0,0,0
2020-03-20,1,1,0.9962131654885693,0.40720137276238366,0.18079822,0.04164137,1,1,0,0,0
2020-03-23,1,1,0.9570994478268773,0.29493042319002943,0.14846091,0.07096904,1,1,0,0,0
2020-03-24,1,1,0.0309689086464853,0.32875115283267464,0.17170729,0.18206923,1,0,0,0,0
2020-03-25,1,1,0.6211603441370539,0.3247886126813612,0.05022992,0.025765615,1,1,0,0,0
2020-03-26,1,1,0.9887179935621374,0.5103692907396469,0.04259457,0.023748092,1,1,1,0,0
2020-03-27,1,1,0.9704663491920437,0.35567255111615176,0.030721903,0.029074667,1,1,0,0,0
2020-03-30,1,1,0.6427569790323597,0.30175554692891643,0.14525092,0.042375345,1,1,0,0,0
2020-03-31,1,1,0.6260564713940727,0.3429075917395805,0.04604496,0.09496698,1,1,0,0,0
2020-04-01,1,1,0.9596834257892122,0.3117052674170905,0.12019948,0.026653929,1,1,0,0,0
2020-04-02,1,1,0.08800382989167406,0.27284427465180255,0.21100159,0.097970575,1,0,0,0,0
2020-04-03,1,1,0.646269439837789,0.5087192533985709,0.069739684,0.096877076,1,1,1,0,0
2020-04-06,1,1,0.016682773689154475,0.3121515151515151,0.19067267,0.03669309,1,0,0,0,0
2020-04-07,1,1,0.17390273146853416,0.23249936174936178,0.048512112,0.022335505,1,0,0,0,0
2020-04-08,1,1,0.1712003643530752,0.19853407716230673,0.044535182,0.019479321,1,0,0,0,0
2020-04-09,1,1,0.37207599902755445,0.19968557919835006,0.034861453,0.024651174,1,0,0,0,0
2020-04-10,1,1,0.2779841695411755,0.07187487258581289,0.036308613,0.020522568,1,0,0,0,0
2020-04-13,1,1,0.3160873464636916,0.2912998667998668,0.045204084,0.04331792,1,0,0,0,0
2020-04-14,1,1,0.14513388631645807,0.3132961401343754,0.062219795,0.035098,1,0,0,0,0
2020-04-15,1,1,0.9291147289130919,0.5112792417943811,0.036792103,0.023863558,1,1,1,0,0
2020-04-16,1,1,0.28877061692028483,0.37894844550488377,0.12301279,0.049065117,1,0,0,0,0
2020-04-17,1,1,0.1717611527276575,0.40101507885763,0.12541713,0.08479178,1,0,0,0,0
2020-04-20,1,1,0.6433722673857066,0.3369330663552641,0.044648927,0.031136565,1,1,0,0,0
2020-04-21,1,1,0.9511645636372436,0.45463037401195294,0.124428526,0.037568375,1,1,0,0,0
2020-04-22,1,1,0.03650869039476586,0.36490151515151514,0.41105613,0.13647833,1,0,0,0,0
2020-04-23,1,1,0.48346286402673727,0.35916626538161944,0.09692332,0.042701434,1,0,0,0,0
2020-04-24,1,1,0.5003710348676864,0.3894200310818013,0.2203413,0.027657233,1,1,0,0,0
2020-04-27,1,1,0.01959020992950285,0.10188550724637681,0.1886428,0.04997942,1,0,0,0,0
2020-04-28,1,1,0.3905087254535393,0.3690267582531884,0.071602166,0.025704112,1,0,0,0,0
2020-04-29,1,1,0.05779633498985886,0.15192212219547563,0.22785313,0.02783192,1,0,0,0,0
2020-04-30,1,1,0.2841328019426508,0.34818047541983305,0.07680678,0.036187526,1,0,0,0,0
2020-05-01,1,1,0.2575615305075372,0.25998060757400965,0.20489028,0.032338962,1,0,0,0,0
2020-05-04,1,1,0.11657207642194846,0.17099736136419888,0.39714706,0.053340472,1,0,0,0,0
2020-05-05,1,1,0.01606968205895004,0.0818489638436795,0.26984,0.059057944,1,0,0,0,0
2020-05-06,1,1,0.014737538265428837,0.2023479648565313,0.097141236,0.024598805,1,0,0,0,0
2020-05-07,1,0,0.025097582750455,0.21815641881624856,0.13344619,0.027279077,1,0,0,0,0
2020-05-08,1,0,0.0023707914324082634,0.14478220333613095,0.082664646,0.021931672,1,0,0,0,0
2020-05-11,1,1,0.03952210148474213,0.1345348877152019,0.04303625,0.031521834,1,0,0,0,0
2020-05-12,1,1,0.06500024429423829,0.32394250387637075,0.088686705,0.023850555,1,0,0,0,0
2020-05-13,1,0,0.019464212140252873,0.31878274967998305,0.20145464,0.04555861,1,0,0,0,0
2020-05-14,1,0,0.08236492743878929,0.25210442113468257,0.33824444,0.057882246,1,0,0,0,0
2020-05-15,1,0,0.011075599000063193,0.12506198112882067,0.22961539,0.033691574,1,0,0,0,0
2020-05-18,1,0,0.001540487934839483,0.17715588311638972,0.13448189,0.031160425,1,0,0,0,0
2020-05-19,1,0,0.2553349538370284,0.19025346856807807,0.04029518,0.019745203,1,0,0,0,0
2020-05-20,1,0,0.46130439579052335,0.24502446306701486,0.13122159,0.022184895,1,0,0,0,0
2020-05-21,1,1,0.9558636188193848,0.5048468087995418,0.059848603,0.03918166,1,1,1,0,0
2020-05-22,1,0,0.8703378098415638,0.2243644114737504,0.17445104,0.043904837,1,1,0,0,0
2020-05-25,1,1,0.7972787324846156,0.2355636126058383,0.3092985,0.0553858,1,1,0,0,0
2020-05-26,1,1,0.49691261059167746,0.24977121897710133,0.3362378,0.045566197,1,0,0,0,0
2020-05-27,1,1,0.9351189992975323,0.4328986195263285,0.18958761,0.036107317,1,1,0,0,0
2020-05-28,1,0,0.791749840812669,0.2890662348413363,0.17497574,0.032444518,1,1,0,0,0
2020-05-29,1,0,0.6608723721582198,0.20942208674829202,0.20813985,0.037678916,1,1,0,0,0
2020-06-01,1,0,0.08553625514266515,0.07282351950321853,0.27217555,0.038622387,1,0,0,0,0
2020-06-02,1,0,0.8140140609581683,0.33721769323671497,0.16518317,0.032139547,1,1,0,0,0
2020-06-03,1,0,0.5325912208789905,0.4333344474153297,0.14618121,0.033729568,1,1,0,0,0
2020-06-04,1,0,0.12661452012032454,0.2680588096114412,0.066212595,0.034035172,1,0,0,0,0
2020-06-05,1,0,0.09795082993247861,0.23032120743034057,0.043789208,0.023168784,1,0,0,0,0
2020-06-08,1,0,0.2615246615716601,0.2902667704104996,0.02947398,0.0226935,1,0,0,0,0
2020-06-09,1,0,0.8179987669807531,0.22366038767845875,0.03529407,0.020047344,1,1,0,0,0
2020-06-10,1,0,0.41107092758436137,0.22624464168605157,0.04959956,0.040163293,1,0,0,0,0
2020-06-11,1,1,0.8070468199085168,0.5034691844287265,0.093150005,0.0512632,1,1,1,0,0
2020-06-12,1,1,0.046848280423117804,0.21801930817975762,0.33926806,0.09584736,1,0,0,0,0
2020-06-15,1,1,0.15232985295816565,0.2077007471535285,0.096874505,0.09949585,1,0,0,0,0
2020-06-16,1,1,0.08162994144474894,0.1677719518933278,0.1176577,0.03042351,1,0,0,0,0
2020-06-17,1,1,0.2065144192124227,0.17742923962608007,0.05077888,0.026386417,1,0,0,0,0
2020-06-18,1,1,0.5171614091628205,0.20442464220766488,0.13585812,0.029808393,1,1,0,0,0
2020-06-19,1,1,0.2713927738188533,0.2466569883946945,0.28295445,0.042505685,1,0,0,0,0
2020-06-22,1,1,0.21084825751515354,0.07199886480712753,0.3515572,0.041221973,1,0,0,0,0
2020-06-23,1,1,0.04162978001867297,0.06987149930119832,0.26555642,0.03933715,1,0,0,0,0
2020-06-24,1,1,0.5562035566758733,0.4982811308208401,0.18391716,0.029076066,1,1,0,0,0
2020-06-25,1,1,0.05998058881527761,0.1336891044071762,0.43119374,0.0533861,1,0,0,0,0
2020-06-26,1,1,0.1580915194386626,0.3323363446846851,0.18034238,0.048297722,1,0,0,0,0
2020-06-29,1,1,0.07924485310713116,0.34172928029085375,0.39523542,0.040251423,1,0,0,0,0
2020-06-30,1,1,0.00808869665113977,0.16886851524544927,0.20968603,0.058505107,1,0,0,0,0
2020-07-01,1,1,0.032586226649504356,0.12002463969179406,0.08677775,0.026733743,1,0,0,0,0
2020-07-02,1,1,0.13673119167463643,0.18782032646251068,0.06703439,0.02591679,1,0,0,0,0
2020-07-03,1,1,0.05386480841185124,0.11000249706240138,0.088588245,0.028929455,1,0,0,0,0
2020-07-06,1,1,0.009543880201938859,0.1142402455713149,0.1639171,0.038569897,1,0,0,0,0
2020-07-07,1,1,0.14513030318844825,0.28852799937651413,0.06860017,0.024985908,1,0,0,0,0
2020-07-08,1,1,0.0044686297505396565,0.13151145291376987,0.22769275,0.034153804,1,0,0,0,0
2020-07-09,1,1,0.21820675951819254,0.3462909581906733,0.07790816,0.036271233,1,0,0,0,0
2020-07-10,1,1,0.005519954748868302,0.1182006183654622,0.23830701,0.0318155,1,0,0,0,0
2020-07-13,1,1,0.006310311490384285,0.2684105019063649,0.066979155,0.036263302,1,0,0,0,0
2020-07-14,1,1,0.034858755340545826,0.1750721153913813,0.1351326,0.027265275,1,0,0,0,0
2020-07-15,1,1,0.026251147092592284,0.16202789386481575,0.10241349,0.042964403,1,0,0,0,0
2020-07-16,1,1,0.08361838609977226,0.31888027871699604,0.109901346,0.031174226,1,0,0,0,0
2020-07-17,1,1,0.046245546860500544,0.10616128515713694,0.20904441,0.03371569,1,0,0,0,0
2020-07-20,1,1,0.04932384251857022,0.22803672192839833,0.19225538,0.035967365,1,0,0,0,0
2020-07-21,1,1,0.001549724722177853,0.15541944309063155,0.17803505,0.029029848,1,0,0,0,0
2020-07-22,1,1,0.002119474107412207,0.20893677004707092,0.12273753,0.025933117,1,0,0,0,0
2020-07-23,1,1,0.38952141096787674,0.4976710327266855,0.13568582,0.027409349,1,0,0,0,0
2020-07-24,1,1,0.1273952898067509,0.2880613420735325,0.2426283,0.041044638,1,0,0,0,0
2020-07-27,1,0,0.001015940807598099,0.18465377773868344,0.35771203,0.0707379,1,0,0,0,0
2020-07-28,1,0,0.26396977816376227,0.4495374162081059,0.123934574,0.02496433,1,0,0,0,0
2020-07-29,1,0,0.14899515888298523,0.3715877903913361,0.27962682,0.03374986,1,0,0,0,0
2020-07-30,1,0,0.6488159043239877,0.4480439368980267,0.19219093,0.050594967,1,1,0,0,0
2020-07-31,1,0,0.022070948182542207,0.3038923557456437,0.34648126,0.042989332,1,0,0,0,0
2020-08-03,1,0,0.02323504414903474,0.23510110697146205,0.28569207,0.03617918,1,0,0,0,0
2020-08-04,1,0,0.005537919716601513,0.23188504468327462,0.14492512,0.031051412,1,0,0,0,0
2020-08-05,1,0,0.0006286946754056583,0.14132927489638383,0.18100245,0.026560085,1,0,0,0,0
2020-08-06,1,0,0.0013951301793919564,0.19095123863319288,0.07079665,0.03059887,1,0,0,0,0
2020-08-07,1,0,0.07803288256634267,0.26396524342983,0.06769367,0.02042896,1,0,0,0,0
2020-08-10,1,0,0.0023824555667050517,0.11077224894932237,0.14030251,0.040980414,1,0,0,0,0
2020-08-11,1,0,0.8901035274258937,0.44306331168831165,0.07762954,0.024302362,1,1,0,0,0
2020-08-12,1,0,0.005858076316462241,0.18817551813111344,0.3208105,0.056608774,1,0,0,0,0
2020-08-13,1,0,0.00042754465130709953,0.17658615390493052,0.09269652,0.022082264,1,0,0,0,0
2020-08-14,1,0,0.17730186247437804,0.2269969127764615,0.06907073,0.021025447,1,0,0,0,0
2020-08-17,1,0,0.0071146207894828,0.15930795820356786,0.086913764,0.031072214,1,0,0,0,0
2020-08-18,2,0,0.5819436881471878,0.5837859774367535,0.98460615,0.8763411,1,1,1,1,1
2020-08-19,2,0,0.4292644735920283,0.6104269163109667,0.98726535,0.8853361,1,0,1,1,1
2020-08-20,2,0,0.6251596170629397,0.48218453463930594,0.9735686,0.87709475,1,1,0,1,1
2020-08-21,2,0,0.767901343373653,0.6927216361544427,0.9733599,0.8796475,1,1,1,1,1
2020-08-24,2,0,0.5768048255000646,0.7684783756663341,0.9850345,0.91115415,1,1,1,1,1
2020-08-25,2,0,0.6790363945221308,0.7938634935553834,0.9099359,0.9003228,1,1,1,1,1
2020-08-26,2,0,0.48354197427377216,0.5568968510071006,0.6619373,0.85791016,1,0,1,1,1
2020-08-27,2,0,0.5416299992206853,0.6545386853568742,0.8356276,0.87054,1,1,1,1,1
2020-08-28,2,0,0.5403688932065942,0.48490129459406034,0.46177915,0.8405649,1,1,0,0,1
2020-08-31,2,0,0.3725093983852259,0.608456639946967,0.85240144,0.8493888,1,0,1,1,1
2020-09-01,2,0,0.5914606445892694,0.7704104873083506,0.43257996,0.86387444,1,1,1,0,1
2020-09-02,2,1,0.6460991147657118,0.5837163083087836,0.40888578,0.8764415,1,1,1,0,1
2020-09-03,2,1,0.7644793093695493,0.6951285347005219,0.45234907,0.87935877,1,1,1,0,1
2020-09-04,2,1,0.2607177129797788,0.48541383575335123,0.8634617,0.91761893,1,0,0,1,1
2020-09-07,2,1,0.4073636260240774,0.6741451657534973,0.5432405,0.9739845,1,0,1,1,1
2020-09-08,2,1,0.4813215104662177,0.8278223528342822,0.5157896,0.91827625,1,0,1,1,1
2020-09-09,2,1,0.5199456500869934,0.5254251088728488,0.5285958,0.903975,1,1,1,1,1
2020-09-10,2,1,0.49903815329336254,0.7494162746501567,0.24935377,0.95883644,1,0,1,0,1
2020-09-11,2,1,0.42290673477698115,0.651031448812649,0.29769385,0.91140985,1,0,1,0,1
2020-09-14,2,1,0.3898773166207112,0.7535376099537969,0.10816153,0.9326392,1,0,1,0,1
2020-09-15,2,1,0.5322457263732252,0.801849711794311,0.24365157,0.8911904,1,1,1,0,1
2020-09-16,2,1,0.31204853190282006,0.8086574877252446,0.3518179,0.8849173,1,0,1,0,1
2020-09-17,2,1,0.29763463925341016,0.7387122194768599,0.34968242,0.88290447,1,0,1,0,1
2020-09-18,2,1,0.37029646032019503,0.7127547854902353,0.16667481,0.8684715,1,0,1,0,1
2020-09-21,2,1,0.9183561023586493,0.7913222187435944,0.108885586,0.8837782,1,1,1,0,1
2020-09-22,2,1,0.41865926633342665,0.6821922688314536,0.23981297,0.91531414,1,0,1,0,1
2020-09-23,2,1,0.7795097283070627,0.767379484917866,0.27919278,0.93902457,1,1,1,0,1
2020-09-24,2,1,0.3174053850647848,0.5056929520103938,0.315691,0.9079818,1,0,1,0,1
2020-09-25,2,1,0.42148725904623713,0.6458779974220122,0.4061453,0.9569388,1,0,1,0,1
2020-09-28,2,1,0.24551083059524514,0.6393989756168533,0.17377649,0.8908257,1,0,1,0,1
2020-09-29,2,1,0.24405480382393976,0.5099848833256742,0.09488844,0.84204245,1,0,1,0,1
2020-09-30,2,1,0.5456879064884177,0.5106923717528088,0.116157174,0.8480279,1,1,1,0,1
2020-10-01,2,1,0.5808978538507225,0.49716787386917766,0.10819726,0.8764538,1,1,0,0,1
2020-10-02,2,1,0.15101198597373627,0.5455037807959495,0.22457783,0.82556605,1,0,1,0,1
2020-10-05,2,1,0.2579982658625736,0.6297769411515097,0.4028367,0.8984229,1,0,1,0,1
2020-10-06,2,1,0.7636399937208016,0.7521955248325028,0.06430596,0.8513125,1,1,1,0,1
2020-10-07,2,1,0.14880616080401105,0.5373886068868214,0.10829246,0.8854787,1,0,1,0,1
2020-10-08,2,1,0.397223801623593,0.7617464845228574,0.124231,0.9181872,1,0,1,0,1
2020-10-09,2,1,0.1476186803980297,0.6136055103950011,0.11732169,0.88390213,1,0,1,0,1
2020-10-12,2,1,0.5402787029905687,0.7940383764388538,0.18427795,0.8781093,1,1,1,0,1
2020-10-13,2,1,0.5999086696618792,0.7563931924939647,0.2873886,0.88588405,1,1,1,0,1
2020-10-14,2,1,0.2497229504397136,0.6431873421373208,0.34383103,0.90523165,1,0,1,0,1
2020-10-15,2,1,0.20458871504305534,0.6748395388370099,0.3109904,0.9186365,1,0,1,0,1
2020-10-16,2,1,0.20882114306507232,0.651762605493213,0.15527786,0.9062817,1,0,1,0,1
2020-10-19,2,1,0.11786252351976824,0.741125277042356,0.10066197,0.8912125,1,0,1,0,1
2020-10-20,2,1,0.13110343234193772,0.6447477707542139,0.0558475,0.8605841,1,0,1,0,1
2020-10-21,2,1,0.16781421819895656,0.4834918576354383,0.056887574,0.84591055,1,0,0,0,1
2020-10-22,2,1,0.3155042168682786,0.4985080078856814,0.073480554,0.8289158,1,0,0,0,1
2020-10-23,2,1,0.3577653994854916,0.4758907901378362,0.03604847,0.7945062,1,0,0,0,1
2020-10-26,2,1,0.5327304971193753,0.6209825233912745,0.0155194355,0.6069009,1,1,1,0,1
2020-10-27,2,1,0.4917150249161796,0.5084128471464691,0.013533556,0.51125365,1,0,1,0,1
2020-10-28,2,1,0.7161101314591101,0.6516534864442479,0.013776422,0.12198554,1,1,1,0,0
2020-10-29,2,1,0.608292179097121,0.44665113451618543,0.05131184,0.26154396,1,1,0,0,0
2020-10-30,2,1,0.37046703209673243,0.42085096461205507,0.012461209,0.40811703,1,0,0,0,0
2020-11-02,2,1,0.6273786126792156,0.31720098764209853,0.01201272,0.034372877,1,1,0,0,0
2020-11-03,2,1,0.6531787675938906,0.4007188829555091,0.014964782,0.0105846515,1,1,0,0,0
2020-11-04,2,1,0.8475516717054898,0.4813141834455803,0.0109683005,0.011119999,1,1,0,0,0
2020-11-05,2,1,0.3027089894564796,0.5890188840069878,0.008434785,0.004664762,1,0,1,0,0
2020-11-06,2,1,0.3243618340359291,0.5280249568221882,0.016813284,0.0059829243,1,0,1,0,0
2020-11-09,2,1,0.31947074490315996,0.5570393603847706,0.013007494,0.09111424,1,0,1,0,0
2020-11-10,2,1,0.2642930520742061,0.4602092958997091,0.019211236,0.02799423,1,0,0,0,0
2020-11-11,2,1,0.26538268441789126,0.4764056681203138,0.0071444362,0.01930132,1,0,0,0,0
2020-11-12,2,1,0.3771417107637413,0.4785215994755791,0.0038983077,0.0026606356,1,0,0,0,0
2020-11-13,2,1,0.32424571234890726,0.38793177028400655,0.005857678,0.0036076733,1,0,0,0,0
2020-11-16,2,1,0.23340548323325047,0.457808074074216,0.010457775,0.0049875723,1,0,0,0,0
2020-11-17,2,1,0.4894881393625319,0.5552679915641281,0.012825312,0.006473348,1,0,1,0,0
2020-11-18,2,1,0.3997815712707417,0.6369059301868142,0.0099862665,0.007115864,1,0,1,0,0
2020-11-19,2,1,0.5104292899703915,0.5666126677482444,0.012200051,0.012138058,1,1,1,0,0
2020-11-20,2,1,0.15526963156875667,0.5185902252993647,0.009999234,0.00799512,1,0,1,0,0
2020-11-23,2,1,0.4118484080045009,0.5740765594785867,0.019626293,0.009861959,1,0,1,0,0
2020-11-24,2,1,0.26601314930478204,0.5052313694159367,0.016609939,0.004728403,1,0,1,0,0
2020-11-25,2,1,0.35459989337905157,0.5375901697529664,0.012963971,0.004238511,1,0,1,0,0
2020-11-26,2,1,0.4786134198514669,0.5122272089662048,0.009434979,0.019535493,1,0,1,0,0
2020-11-27,2,1,0.5313889013332347,0.5528418492887771,0.015102161,0.016251558,1,1,1,0,0
2020-11-30,2,1,0.16013637117270746,0.5817957536510447,0.011012148,0.02994358,1,0,1,0,0
2020-12-01,2,1,0.1545590795722189,0.5316468409309035,0.0077029294,0.0061569647,1,0,1,0,0
2020-12-02,2,1,0.44852977413182993,0.49699765056738676,0.03599343,0.008220599,1,0,0,0,0
2020-12-03,2,1,0.41283967650450865,0.547567151815597,0.014437202,0.008349511,1,0,1,0,0
2020-12-04,2,1,0.2647491666986726,0.5131124631136145,0.0125512425,0.0050875833,1,0,1,0,0
2020-12-07,2,1,0.43053935128385196,0.48493818979872017,0.015184092,0.012375033,1,0,0,0,0
2020-12-08,2,1,0.42633762325494073,0.46955456915147176,0.013642903,0.012493258,1,0,0,0,0
2020-12-09,2,1,0.244305912193995,0.5981051336833993,0.017567491,0.0649103,1,0,1,0,0
2020-12-10,2,1,0.2642090370688945,0.4717915699150838,0.019021828,0.00560199,1,0,0,0,0
2020-12-11,2,1,0.43522500330756514,0.5629434747594321,0.018540334,0.004616802,1,0,1,0,0
2020-12-14,2,1,0.2882196714320562,0.538533607169161,0.015237005,0.0068959733,1,0,1,0,0
2020-12-15,2,1,0.24402650155481526,0.3668168609451887,0.01094387,0.0045462195,1,0,0,0,0
2020-12-16,2,1,0.10678778889938303,0.3714168088179035,0.016544098,0.0063210255,1,0,0,0,0
2020-12-17,2,1,0.2118216710501944,0.33501033935177743,0.015360199,0.004624566,1,0,0,0,0
2020-12-18,2,1,0.28802331529589886,0.576527693937511,0.021286825,0.004007489,1,0,1,0,0
2020-12-21,2,1,0.2551318028960607,0.46128841647362284,0.0135216685,0.003259192,1,0,0,0,0
2020-12-22,2,1,0.6376347486870286,0.6144443631856893,0.007926437,0.0028172263,1,1,1,0,0
2020-12-23,2,1,0.21645214394535253,0.49336895279039394,0.0043315184,0.0022868926,1,0,0,0,0
2020-12-24,2,1,0.28657863224011515,0.4484948897604182,0.0063930596,0.0034150826,1,0,0,0,0
2020-12-25,2,1,0.2861274366699143,0.5854131439616732,0.0029503466,0.002588078,1,0,1,0,0
2020-12-28,2,1,0.02239379667499242,0.4279618832616759,0.0022607602,0.0026794025,1,0,0,0,0
2020-12-29,2,1,0.05444174174279141,0.4959113484230981,0.0030813094,0.002701978,1,0,0,0,0
2020-12-30,2,1,0.022797732973023257,0.3966906676655547,0.002914069,0.002770283,1,0,0,0,0
2020-12-31,2,1,0.0626920666267046,0.5232860473189487,0.003539053,0.0039408747,1,0,1,0,0
2021-01-01,2,1,0.028519193255509313,0.510327635748466,0.0032403788,0.015730951,1,0,1,0,0
2021-01-04,2,1,0.006507254834676909,0.4044556828858063,0.0042894683,0.06986252,1,0,0,0,0
2021-01-05,2,1,0.004957964418754702,0.455808895285944,0.008854082,0.147254,1,0,0,0,0
2021-01-06,2,1,0.020263911893500994,0.45289684990716905,0.015955243,0.1337348,1,0,0,0,0
2021-01-07,2,1,0.043754984837335,0.4356151959127713,0.010955526,0.05023179,1,0,0,0,0
2021-01-08,2,1,0.23590446074641117,0.5331876708874731,0.010717109,0.024798546,1,0,1,0,0
2021-01-11,2,1,0.19836864851834599,0.6105859309491012,0.015682496,0.013684283,1,0,1,0,0
2021-01-12,2,1,0.025540952961696593,0.3531625018999743,0.010110735,0.011118976,1,0,0,0,0
2021-01-13,2,1,0.09427256487778328,0.49570374772731945,0.00826929,0.010710075,1,0,0,0,0
2021-01-14,2,1,0.03852025025667336,0.47116288312238447,0.0057129753,0.00622507,1,0,0,0,0
2021-01-15,2,1,0.25171414124228086,0.6277821357764282,0.005623867,0.005439959,1,0,1,0,0
2021-01-18,2,1,0.07137459030034245,0.395008083357153,0.005170833,0.0028306043,1,0,0,0,0
2021-01-19,2,1,0.17237827088378693,0.514598539549039,0.0061951005,0.002671833,1,0,1,0,0
2021-01-20,2,1,0.18228099723235616,0.4659527128606302,0.0048304526,0.0026888524,1,0,0,0,0
2021-01-21,2,1,0.2264976422229392,0.5279238192248482,0.011302958,0.0045525143,1,0,1,0,0
2021-01-22,2,1,0.33687226258139547,0.596075702713531,0.0118777035,0.0066320403,1,0,1,0,0
2021-01-25,2,1,0.32275926939582467,0.6735644766539134,0.012447437,0.009790345,1,0,1,0,0
2021-01-26,2,1,0.1360803992249604,0.676166074495089,0.013036966,0.011254384,1,0,1,0,0
2021-01-27,2,1,0.23152610719807387,0.6715844988957397,0.021872792,0.049772974,1,0,1,0,0
2021-01-28,2,1,0.019181722083039063,0.4125177327496647,0.033776354,0.029049043,1,0,0,0,0
2021-01-29,2,1,0.06429269230887423,0.4928316232157081,0.0522217,0.6630953,1,0,0,0,1
2021-02-01,2,1,0.03259951823481387,0.3990249602142034,0.04076934,0.37860727,1,0,0,0,0
2021-02-02,2,1,0.7223488211626374,0.49304079630924563,0.07688604,0.09663124,1,1,0,0,0
2021-02-03,2,1,0.06656245095942429,0.41803897498633746,0.02114644,0.042667132,1,0,0,0,0
2021-02-04,2,1,0.16049821645313664,0.49868407501584194,0.015342373,0.0050204117,1,0,0,0,0
2021-02-05,2,1,0.0568991912622415,0.33187606301365913,0.012358964,0.003989134,1,0,0,0,0
2021-02-08,2,1,0.02767146359536818,0.35108530583857056,0.017777642,0.0042565814,1,0,0,0,0
2021-02-09,2,1,0.10409766402311746,0.435727226618469,0.02487658,0.004513234,1,0,0,0,0
2021-02-10,2,1,0.07943673930486543,0.47137428819225613,0.032342378,0.0050780876,1,0,0,0,0
2021-02-11,2,1,0.0585249268199688,0.5176601471385553,0.03143778,0.008420172,1,0,1,0,0
2021-02-12,2,1,0.058354130309597546,0.47260567492181027,0.01684069,0.005399236,1,0,0,0,0
2021-02-15,2,1,0.05552481318011697,0.5548306690786601,0.016377479,0.008072144,1,0,1,0,0
2021-02-16,2,1,0.12317104726690933,0.4591832588499132,0.012111614,0.004971457,1,0,0,0,0
2021-02-17,2,1,0.08590799858038164,0.41951695925641763,0.011891282,0.0034413026,1,0,0,0,0
2021-02-18,2,1,0.2067733597391553,0.46743724461051106,0.009258285,0.0031638204,1,0,0,0,0
2021-02-19,2,1,0.061073185572878844,0.4403057240280777,0.011367228,0.0040705535,1,0,0,0,0
2021-02-22,2,1,0.04479387450160492,0.3771378998850775,0.016749132,0.0058178357,1,0,0,0,0
2021-02-23,2,1,0.26429727595017977,0.5222609092073693,0.055612262,0.0074751447,1,0,1,0,0
2021-02-24,2,1,0.06792927403902851,0.3982860280473172,0.04857014,0.014067812,1,0,0,0,0
2021-02-25,2,1,0.030052116584129377,0.5174208539024989,0.02071203,0.026609708,1,0,1,0,0
2021-02-26,2,1,0.34937653682784325,0.630627117673575,0.018895835,0.029564047,1,0,1,0,0
2021-03-01,2,1,0.11692200911704083,0.4794141089099817,0.011551342,0.0042576706,1,0,0,0,0
2021-03-02,2,1,0.06828061520321557,0.41315905566558486,0.0061030122,0.003314495,1,0,0,0,0
2021-03-03,2,1,0.07885752019590998,0.5887218715799236,0.008769003,0.009966024,1,0,1,0,0
2021-03-04,2,1,0.25134260444544576,0.5897014303978925,0.008811505,0.0054384186,1,0,1,0,0
2021-03-05,2,1,0.2197431478870272,0.4435802753094766,0.009067857,0.0030768511,1,0,0,0,0
2021-03-08,2,1,0.02402819282334846,0.411832582675587,0.010274832,0.0034474288,1,0,0,0,0
2021-03-09,2,1,0.3091981807688567,0.48280872941353337,0.010428402,0.003579549,1,0,0,0,0
2021-03-10,2,0,0.06712446816794523,0.4572242558372633,0.016687239,0.004322543,1,0,0,0,0
2021-03-11,2,0,0.11991501215283089,0.49992516959804056,0.0162684,0.0071173534,1,0,0,0,0
2021-03-12,2,0,0.1546859684905124,0.48071836425479797,0.014621378,0.0093574105,1,0,0,0,0
2021-03-15,2,0,0.0930311492313308,0.4649789320392496,0.016267102,0.013814301,1,0,0,0,0
2021-03-16,2,0,0.300350858829551,0.589606386097051,0.01493512,0.012099229,1,0,1,0,0
2021-03-17,2,0,0.0791973533106548,0.36289428756583786,0.012353815,0.010283234,1,0,0,0,0
2021-03-18,2,0,0.06639725538500238,0.5273813195539773,0.015815474,0.3564628,1,0,1,0,0
2021-03-19,2,0,0.15622380481158324,0.45964608865445095,0.017021533,0.13822122,1,0,0,0,0
2021-03-22,2,1,0.23824944084558344,0.5321817451217474,0.014333904,0.066036,1,0,1,0,0
2021-03-23,2,0,0.255024750541683,0.6545640432117767,0.011893613,0.28650045,1,0,1,0,0
2021-03-24,2,1,0.0742234409851992,0.5292160124541997,0.011505183,0.023455381,1,0,1,0,0
2021-03-25,2,1,0.11688879262194914,0.548801404442044,0.014260107,0.021163454,1,0,1,0,0
2021-03-26,2,1,0.06143019597489635,0.4761978311387524,0.012009948,0.012339977,1,0,0,0,0
2021-03-29,2,0,0.08404530129217748,0.5654598844300952,0.01242818,0.00922035,1,0,1,0,0
2021-03-30,2,0,0.11280730403932035,0.6117420231389604,0.0101691345,0.013564663,1,0,1,0,0
2021-03-31,2,0,0.09736321981595412,0.38974783890261167,0.0102932155,0.003633305,1,0,0,0,0
2021-04-01,2,0,0.10414651007117055,0.48965743348316904,0.013606595,0.005165807,1,0,0,0,0
2021-04-02,2,0,0.08021704717751892,0.5707773698239184,0.01528918,0.0068051172,1,0,1,0,0
2021-04-05,2,0,0.17094606806694598,0.6558980558007148,0.012707677,0.0059198593,1,0,1,0,0
2021-04-06,2,0,0.043370427926838415,0.5198400428748178,0.011528992,0.012878658,1,0,1,0,0
2021-04-07,2,0,0.09010132967527709,0.6033332499828572,0.019003062,0.03886699,1,0,1,0,0
2021-04-08,2,0,0.07102898481834222,0.5731252512892049,0.016220303,0.020476008,1,0,1,0,0
2021-04-09,2,0,0.08216997243922003,0.5607891196095527,0.022725884,0.033939157,1,0,1,0,0
2021-04-12,2,0,0.07067394166265308,0.5753917292678833,0.017419104,0.018003045,1,0,1,0,0
2021-04-13,2,0,0.03527157954623241,0.44549637926846486,0.012586068,0.20874348,1,0,0,0,0
2021-04-14,2,0,0.022884697043292226,0.43576626480126296,0.020855043,0.30436578,1,0,0,0,0
2021-04-15,2,0,0.03755201756475852,0.38445954959411277,0.020105382,0.061410863,1,0,0,0,0
2021-04-16,2,0,0.10612257189175607,0.43127835481526966,0.029382776,0.015641395,1,0,0,0,0
2021-04-19,2,0,0.12896097575479915,0.5215657451551777,0.029904554,0.021585321,1,0,1,0,0
2021-04-20,3,0,0.7682206170803335,0.9735721362435812,0.99953663,0.9994343,1,1,1,1,1
2021-04-21,3,0,0.6921538723030832,0.9154513715537859,0.9996412,0.99946874,1,1,1,1,1
2021-04-22,3,0,0.8095265268745266,0.9677550480771004,0.99973184,0.99953735,1,1,1,1,1
2021-04-23,3,0,0.7479719438745275,0.9449766614823126,0.9996815,0.9995043,1,1,1,1,1
2021-04-26,3,0,0.7396169395373624,0.9537835597317782,0.99972016,0.999503,1,1,1,1,1
2021-04-27,3,0,0.7691538711856779,0.9703546296516619,0.99973696,0.9993007,1,1,1,1,1
2021-04-28,3,0,0.7886093512389402,0.9652253133146896,0.99970466,0.9990165,1,1,1,1,1
2021-04-29,3,0,0.7754226282529486,0.9535507826288401,0.9997298,0.9990798,1,1,1,1,1
2021-04-30,3,0,0.7578871449550109,0.9765140834092834,0.99968565,0.99913436,1,1,1,1,1
2021-05-03,3,0,0.6554611822505014,0.9333716221507672,0.99967396,0.99917763,1,1,1,1,1
2021-05-04,3,0,0.7279185793406457,0.9515298528758873,0.9997018,0.9990607,1,1,1,1,1
2021-05-05,3,0,0.7007177312187939,0.9611724202178761,0.99971884,0.99914443,1,1,1,1,1
2021-05-06,3,0,0.574291882100166,0.8409808909362549,0.9997236,0.99930227,1,1,1,1,1
2021-05-07,3,0,0.6136854264260891,0.9519937395565833,0.99971277,0.99922,1,1,1,1,1
2021-05-10,3,0,0.6763056469965253,0.9353315914967368,0.9997346,0.99936146,1,1,1,1,1
2021-05-11,3,0,0.5227139107719438,0.9213635020749752,0.99969125,0.9993967,1,1,1,1,1
2021-05-12,3,0,0.6908742960628927,0.9408965080639449,0.9997298,0.9992932,1,1,1,1,1
2021-05-13,3,0,0.7172107767905616,0.911493072770875,0.99959654,0.99883026,1,1,1,1,1
2021-05-14,3,0,0.6262294251373924,0.9461514060708492,0.999398,0.9991703,1,1,1,1,1
2021-05-17,3,0,0.564586475417083,0.8807946491854068,0.9994073,0.99953246,1,1,1,1,1
2021-05-18,3,0,0.6309937266480242,0.927328250915409,0.99974257,0.99943775,1,1,1,1,1
2021-05-19,3,0,0.8427673123604218,0.9574160913350046,0.99971765,0.9992925,1,1,1,1,1
2021-05-20,3,0,0.703044428533801,0.9446134371221424,0.9997137,0.99940467,1,1,1,1,1
2021-05-21,3,0,0.7988793232828807,0.9612572211162049,0.9996853,0.99942315,1,1,1,1,1
2021-05-24,3,0,0.7255974546476381,0.9531935633534876,0.999696,0.999493,1,1,1,1,1
2021-05-25,3,0,0.7672079100413586,0.937212419509555,0.99972445,0.9994879,1,1,1,1,1
2021-05-26,3,0,0.76391003789664,0.9369430088675333,0.9996946,0.99932504,1,1,1,1,1
2021-05-27,3,0,0.7136987598394922,0.9659862278769584,0.9996939,0.99943525,1,1,1,1,1
2021-05-28,3,0,0.7279424925258253,0.9254822606875807,0.9997186,0.9993839,1,1,1,1,1
2021-05-31,3,0,0.7169071919686906,0.9405296686523695,0.999696,0.99931085,1,1,1,1,1
2021-06-01,3,0,0.7491916170604799,0.9091474600267782,0.99971086,0.9992223,1,1,1,1,1
2021-06-02,3,0,0.6995036902585449,0.9279934596571274,0.9997117,0.99909496,1,1,1,1,1
2021-06-03,3,0,0.7699235672113568,0.9125220740816161,0.99967694,0.9989489,1,1,1,1,1
2021-06-04,3,0,0.6790803172322131,0.8472834789720548,0.99947566,0.9991177,1,1,1,1,1
2021-06-07,3,0,0.675961583112168,0.9302950970623602,0.99973863,0.99943775,1,1,1,1,1
2021-06-08,3,0,0.6973155170362214,0.9159787356773061,0.99967945,0.9994941,1,1,1,1,1
2021-06-09,3,0,0.6240527852397679,0.8815563429789794,0.9997434,0.9995345,1,1,1,1,1
2021-06-10,3,0,0.7099636914594182,0.8040195274791394,0.99963593,0.9996151,1,1,1,1,1
2021-06-11,3,0,0.6771122937231049,0.8898808756400218,0.99963677,0.9996295,1,1,1,1,1
2021-06-14,3,0,0.678899517634169,0.8921086651258878,0.99960285,0.999624,1,1,1,1,1
2021-06-15,3,0,0.8171332665558345,0.9474869813124043,0.9994825,0.9995455,1,1,1,1,1
2021-06-16,3,1,0.757604153057619,0.8898709708957611,0.9991264,0.9993462,1,1,1,1,1
2021-06-17,3,1,0.8604518057703465,0.6609381566767599,0.9986498,0.9992005,1,1,1,1,1
2021-06-18,3,1,0.8181818066949813,0.8172297119500892,0.99826825,0.9979278,1,1,1,1,1
2021-06-21,3,1,0.8320874361797796,0.6880466255586668,0.9952178,0.9972874,1,1,1,1,1
2021-06-22,3,1,0.7801853798892996,0.7361344560261139,0.99790156,0.99747133,1,1,1,1,1
2021-06-23,3,1,0.7749510918465692,0.6929398267445472,0.915546,0.99210113,1,1,1,1,1
2021-06-24,3,1,0.8255925528359639,0.7319465331897014,0.60546786,0.9804795,1,1,1,1,1
2021-06-25,3,1,0.8701286177924108,0.6092204720406904,0.7388024,0.9196478,1,1,1,1,1
2021-06-28,3,1,0.8372574345691105,0.7034767803517488,0.7070497,0.7810736,1,1,1,1,1
2021-06-29,3,1,0.8572052995430578,0.7194488474527131,0.79266375,0.76325333,1,1,1,1,1
2021-06-30,3,1,0.874567567348438,0.6674301054324709,0.73626375,0.51367515,1,1,1,1,1
2021-07-01,3,1,0.9034144299169581,0.7225666419728953,0.9364611,0.52297467,1,1,1,1,1
2021-07-02,3,1,0.8501718479223429,0.6229952330300618,0.9985014,0.70010346,1,1,1,1,1
2021-07-05,3,1,0.8607966160684025,0.7088422222132639,0.971169,0.42904696,1,1,1,1,0
2021-07-06,3,1,0.8957195002969385,0.7111201751309579,0.9358653,0.4345027,1,1,1,1,0
2021-07-07,3,1,0.8728160350800729,0.669169609732886,0.78867507,0.57140064,1,1,1,1,1
2021-07-08,3,1,0.8834399261417725,0.787756819120183,0.548962,0.5758445,1,1,1,1,1
2021-07-09,3,1,0.8493662299825949,0.6810261826981322,0.8629667,0.6552667,1,1,1,1,1
2021-07-12,3,1,0.8640970827770211,0.7503409793704866,0.59253585,0.82446045,1,1,1,1,1
2021-07-13,3,1,0.8857469855966293,0.7350584334107982,0.94532704,0.6509727,1,1,1,1,1
2021-07-14,3,1,0.8927808187053079,0.6784389807840249,0.991267,0.80306184,1,1,1,1,1
2021-07-15,3,1,0.8561289627895871,0.6510986634543352,0.976319,0.83624333,1,1,1,1,1
2021-07-16,3,1,0.8965182873068294,0.7749321405521534,0.9923528,0.88020295,1,1,1,1,1
2021-07-19,3,1,0.8976727760073511,0.700363124130401,0.9964831,0.9457909,1,1,1,1,1
2021-07-20,3,1,0.8781929258231617,0.56487689312222,0.8369447,0.96931475,1,1,1,1,1
2021-07-21,3,1,0.8461132219218441,0.6055011147405216,0.9912367,0.9967822,1,1,1,1,1
2021-07-22,3,1,0.8717097327385053,0.6260356256294851,0.943748,0.99496174,1,1,1,1,1
2021-07-23,3,1,0.8965956869314554,0.6480570391033885,0.9844281,0.9932488,1,1,1,1,1
2021-07-26,3,1,0.8793951647007712,0.5557402354686366,0.9743575,0.9909586,1,1,1,1,1
2021-07-27,3,1,0.9298272177069299,0.6999952361385817,0.9862499,0.98812324,1,1,1,1,1
2021-07-28,3,1,0.8680049748571783,0.6064196285545748,0.94586945,0.9905144,1,1,1,1,1
2021-07-29,3,1,0.9100682494506592,0.5881607391530084,0.996933,0.9891917,1,1,1,1,1
2021-07-30,3,1,0.9152135105976485,0.7374293244935505,0.9988926,0.9942303,1,1,1,1,1
2021-08-02,3,1,0.9246298704907764,0.7154619955988544,0.99952185,0.9973742,1,1,1,1,1
2021-08-03,3,1,0.9073475185818614,0.6984278046225125,0.99942064,0.9965145,1,1,1,1,1
2021-08-04,3,1,0.9110186336487932,0.7263331069054072,0.99927217,0.9985813,1,1,1,1,1
2021-08-05,3,1,0.905141928079447,0.7150980637855758,0.9992335,0.9990396,1,1,1,1,1
2021-08-06,3,1,0.9045945586902819,0.6091075089873222,0.999438,0.9992887,1,1,1,1,1
2021-08-09,3,0,0.8573535218531092,0.623312823940496,0.99829,0.9986755,1,1,1,1,1
2021-08-10,3,0,0.8421015224941595,0.6401855712352272,0.98207873,0.99789053,1,1,1,1,1
2021-08-11,3,0,0.8690285650449087,0.6127143122912063,0.9934876,0.99585813,1,1,1,1,1
2021-08-12,3,1,0.8874937467078952,0.6617209035937553,0.9994266,0.99513984,1,1,1,1,1
2021-08-13,3,0,0.8013942690590011,0.5869438282849905,0.997375,0.99080795,1,1,1,1,1
2021-08-16,3,0,0.8410721932707939,0.8045569918468045,0.9980398,0.98016113,1,1,1,1,1
2021-08-17,3,0,0.8450099280299385,0.828998423068935,0.9138222,0.9477852,1,1,1,1,1
2021-08-18,3,0,0.8549126244797989,0.8076057438344842,0.9709391,0.5550382,1,1,1,1,1
2021-08-19,3,0,0.838304967410928,0.7465844988141209,0.8377506,0.5341481,1,1,1,1,1
2021-08-20,3,0,0.7977632623076438,0.7019497725357102,0.6104373,0.38898656,1,1,1,1,0
2021-08-23,3,0,0.6891730784502434,0.5264790492949755,0.17296591,0.3820473,1,1,1,0,0
2021-08-24,3,1,0.7278154861015308,0.7467870540144065,0.41918966,0.21158318,1,1,1,0,0
2021-08-25,3,1,0.8027290013974057,0.7016486412563802,0.015155518,0.14612466,1,1,1,0,0
2021-08-26,3,1,0.8549004131552208,0.712294590870319,0.0069111097,0.045297325,1,1,1,0,0
2021-08-27,3,1,0.7742431727276147,0.8307050078146782,0.008454421,0.058184538,1,1,1,0,0
2021-08-30,3,1,0.7647471177581491,0.9129609218430804,0.13070999,0.08190614,1,1,1,0,0
2021-08-31,3,1,0.7785101351215918,0.9408187527726086,0.9259574,0.11904423,1,1,1,1,0
2021-09-01,3,1,0.7868635036083628,0.738243380942977,0.9975625,0.3408978,1,1,1,1,0
2021-09-02,3,1,0.8008628792024547,0.702196868415849,0.99867415,0.7096361,1,1,1,1,1
2021-09-03,3,1,0.7094273783675407,0.5871872892089297,0.9992487,0.89521044,1,1,1,1,1
2021-09-06,3,1,0.7329613016490868,0.9378170031881123,0.99927515,0.8623521,1,1,1,1,1
2021-09-07,3,1,0.8203549331517492,0.9248371712825274,0.99886084,0.92259854,1,1,1,1,1
2021-09-08,3,1,0.8354316635039912,0.9272469085972442,0.9978975,0.9282518,1,1,1,1,1
2021-09-09,3,1,0.7453823706205527,0.9094550429064543,0.9973579,0.9395894,1,1,1,1,1
2021-09-10,3,1,0.7542251536850566,0.9325929523042278,0.99626935,0.95370704,1,1,1,1,1
2021-09-13,3,1,0.7812323361453594,0.934881592746205,0.99691904,0.90887874,1,1,1,1,1
2021-09-14,3,1,0.7302937239346737,0.8879126959401039,0.99583274,0.9132764,1,1,1,1,1
2021-09-15,3,1,0.710794156671937,0.9049168138931287,0.8993341,0.9161345,1,1,1,1,1
2021-09-16,3,1,0.8471654859877431,0.8980567729001712,0.99129546,0.95483506,1,1,1,1,1
2021-09-17,3,1,0.8349314322752385,0.950342365523857,0.9503157,0.8973389,1,1,1,1,1
2021-09-20,3,1,0.8333148199228417,0.9522442454578531,0.9744454,0.97810125,1,1,1,1,1
2021-09-21,3,1,0.7603364758552068,0.9346234184807496,0.9172294,0.99148,1,1,1,1,1
2021-09-22,3,1,0.6672237316231732,0.8997461598918004,0.9986045,0.99321824,1,1,1,1,1
2021-09-23,3,1,0.7464623881606167,0.8817677407310702,0.99904996,0.9724221,1,1,1,1,1
2021-09-24,3,1,0.7974390643956241,0.9341352805025305,0.98655486,0.8018138,1,1,1,1,1
2021-09-27,3,1,0.7647193526425015,0.85934339931825,0.45364773,0.58779526,1,1,1,0,1
2021-09-28,3,1,0.8086244606215236,0.8880967308208483,0.75295323,0.45631537,1,1,1,1,0
2021-09-29,3,1,0.9008589640376872,0.8460648400715991,0.9479963,0.14865328,1,1,1,1,0
2021-09-30,3,1,0.763442793326375,0.898374462463343,0.6156733,0.20869562,1,1,1,1,0
2021-10-01,3,1,0.6908033690594056,0.9400357559034775,0.9982401,0.087539345,1,1,1,1,0
2021-10-04,3,1,0.7466534404997924,0.9266394007791214,0.9931108,0.092875555,1,1,1,1,0
2021-10-05,3,1,0.7144935948860013,0.8926776525172209,0.9897147,0.108001,1,1,1,1,0
2021-10-06,3,1,0.7533298829594195,0.9430026400381577,0.99667394,0.54769474,1,1,1,1,1
2021-10-07,3,1,0.6872360574972991,0.8947416279141196,0.9984701,0.92536914,1,1,1,1,1
2021-10-08,3,1,0.7422806327968408,0.8810986635826338,0.9994678,0.99538165,1,1,1,1,1
2021-10-11,3,0,0.6985250034826042,0.9059402458903731,0.99950504,0.996256,1,1,1,1,1
2021-10-12,3,1,0.7795481009579016,0.9219948393954632,0.99778265,0.99827874,1,1,1,1,1
2021-10-13,3,0,0.697269604224502,0.7972085336804198,0.9920912,0.9975673,1,1,1,1,1
2021-10-14,3,1,0.6563867654680614,0.8868957129513743,0.9598536,0.9986966,1,1,1,1,1
2021-10-15,3,0,0.6403845119783004,0.8927325827960019,0.99962294,0.99870753,1,1,1,1,1
2021-10-18,3,0,0.6280859703825011,0.9049555921244035,0.9994204,0.99495643,1,1,1,1,1
2021-10-19,3,0,0.770328586519277,0.8885356372532439,0.9983254,0.9966028,1,1,1,1,1
2021-10-20,3,0,0.714855379660792,0.9177639705052918,0.9978496,0.9942735,1,1,1,1,1
2021-10-21,3,0,0.8300047592214671,0.8924656477031416,0.99890995,0.98269457,1,1,1,1,1
2021-10-22,3,0,0.8117469183638283,0.9298033081276977,0.999052,0.99836236,1,1,1,1,1
2021-10-25,3,0,0.6792076582720326,0.8761537589380523,0.9990157,0.99782324,1,1,1,1,1
2021-10-26,3,0,0.7641371539688248,0.9314268074099296,0.99898833,0.99885213,1,1,1,1,1
2021-10-27,3,0,0.7678982262826014,0.9426648064533364,0.9992919,0.9989637,1,1,1,1,1
2021-10-28,3,0,0.6495118619971416,0.8523034240929427,0.99876595,0.9991116,1,1,1,1,1
2021-10-29,3,0,0.6635654252214317,0.879883654025618,0.9986436,0.9993569,1,1,1,1,1
2021-11-01,3,0,0.6265980549370198,0.8645834798709751,0.9901522,0.999106,1,1,1,1,1
2021-11-02,3,0,0.7500703712675594,0.916617083505772,0.6166139,0.9992249,1,1,1,1,1
2021-11-03,3,0,0.6830470446217813,0.9616194835457725,0.9994293,0.9993857,1,1,1,1,1
2021-11-04,3,0,0.6838375419165197,0.9161318815383224,0.9995214,0.9994087,1,1,1,1,1
2021-11-05,3,0,0.6833698751971785,0.8733797071554575,0.9996797,0.99936455,1,1,1,1,1
2021-11-08,3,0,0.5717842947364393,0.9514395486226858,0.9996896,0.99951243,1,1,1,1,1
2021-11-09,3,0,0.7419954834268478,0.9303580805388612,0.99968123,0.9994288,1,1,1,1,1
2021-11-10,3,0,0.7074558380991046,0.9392688731074169,0.9996381,0.99945766,1,1,1,1,1
2021-11-11,3,0,0.6051979579634053,0.9008826791924353,0.9997031,0.9994672,1,1,1,1,1
2021-11-12,3,0,0.7182819117146655,0.9582956413543294,0.99973065,0.9993864,1,1,1,1,1
2021-11-15,3,0,0.7334795338286769,0.9484533507971726,0.99969697,0.99948525,1,1,1,1,1
2021-11-16,3,0,0.7553016201937895,0.9321777610894764,0.99960357,0.99949265,1,1,1,1,1
2021-11-17,3,0,0.7315925841872678,0.9455545285479785,0.9996377,0.9994168,1,1,1,1,1
2021-11-18,3,0,0.7141821396404348,0.9598852874385098,0.9953023,0.9994191,1,1,1,1,1
2021-11-19,3,0,0.63514442592059,0.9440414989352963,0.9994357,0.9995937,1,1,1,1,1
2021-11-22,3,0,0.6623929950269318,0.8759388651813069,0.99971205,0.99954236,1,1,1,1,1
2021-11-23,3,0,0.7323436447471542,0.9051102292216515,0.9994771,0.9992865,1,1,1,1,1
2021-11-24,3,0,0.679643770285571,0.9166260601620901,0.99966586,0.99909604,1,1,1,1,1
2021-11-25,3,0,0.6990665023973212,0.9566308999099572,0.99971527,0.9991671,1,1,1,1,1
2021-11-26,3,0,0.8253944101634503,0.9086674602860326,0.9997003,0.9992599,1,1,1,1,1
2021-11-29,3,0,0.6497467850348699,0.8623207939790097,0.9994624,0.9991543,1,1,1,1,1
2021-11-30,3,0,0.6722791729588546,0.8405966368538945,0.9996568,0.9994136,1,1,1,1,1
2021-12-01,3,0,0.7850920993535706,0.8198734304052475,0.99948454,0.9987851,1,1,1,1,1
2021-12-02,3,0,0.6397339083233144,0.8396279330980044,0.99954104,0.99761057,1,1,1,1,1
2021-12-03,3,0,0.747591555317752,0.8549791467423217,0.99966216,0.99834085,1,1,1,1,1
2021-12-06,3,0,0.6880602443689953,0.8878661184001295,0.9995085,0.9981781,1,1,1,1,1
2021-12-07,3,0,0.580617398950539,0.9265842502970094,0.9996916,0.9993494,1,1,1,1,1
2021-12-08,3,0,0.6349433597481352,0.8932420044557107,0.9996487,0.99921644,1,1,1,1,1
2021-12-09,3,0,0.7252728711539881,0.9260376080742354,0.99969125,0.9990404,1,1,1,1,1
2021-12-10,3,0,0.6294594675324705,0.847358047249498,0.999671,0.9992003,1,1,1,1,1
2021-12-13,3,0,0.5716262492085794,0.9397179561929059,0.9997402,0.9994679,1,1,1,1,1
2021-12-14,3,0,0.6093884995184309,0.9393063592262426,0.99966204,0.99932885,1,1,1,1,1
2021-12-15,3,0,0.6134705929634889,0.8938959071791305,0.999684,0.9994873,1,1,1,1,1
2021-12-16,3,0,0.5834649558898114,0.8301246351907331,0.9996493,0.99956316,1,1,1,1,1
2021-12-17,3,0,0.6155689777432848,0.9053444884024846,0.9996979,0.9994287,1,1,1,1,1
2021-12-20,3,0,0.5807854532701567,0.9542289830604967,0.9996942,0.9995328,1,1,1,1,1
2021-12-21,4,0,0.1654826978100256,0.559087145720811,0.0005177184,0.001101705,1,0,1,0,0
2021-12-22,4,0,0.2553311034214468,0.20730825712390336,0.0011212106,0.0012636466,1,0,0,0,0
2021-12-23,4,0,0.2664658767156477,0.2811899191658593,0.00046914484,0.0017454952,1,0,0,0,0
2021-12-24,4,0,0.2662741117890241,0.2784730083342766,0.00070403516,0.0015462936,1,0,0,0,0
2021-12-27,4,0,0.1929005315669887,0.3377741616703603,0.0010520231,0.002144302,1,0,0,0,0
2021-12-28,4,0,0.22936086381106224,0.3121361361163869,0.0024128007,0.0013411574,1,0,0,0,0
2021-12-29,4,0,0.2631495930167362,0.3045216215105871,0.009417219,0.0019083322,1,0,0,0,0
2021-12-30,4,0,0.2810625690075489,0.2290007168117771,0.01749451,0.00203795,1,0,0,0,0
2021-12-31,4,0,0.22417990257783718,0.19471664182904258,0.03045947,0.004292724,1,0,0,0,0
2022-01-03,4,0,0.26869967699561914,0.3153250838248506,0.3773713,0.011048872,1,0,0,0,0
2022-01-04,4,0,0.2868565962205908,0.2809438481494643,0.08275468,0.008693701,1,0,0,0,0
2022-01-05,4,1,0.36183697576087454,0.3435435898699638,0.018893545,0.008893941,1,0,0,0,0
2022-01-06,4,0,0.3332673544121007,0.25846198174093493,0.09899163,0.021514349,1,0,0,0,0
2022-01-07,4,0,0.2887172795209537,0.2515171144831625,0.067493916,0.029199457,1,0,0,0,0
2022-01-10,4,0,0.20255717731639278,0.2968002613158375,0.11645328,0.11369821,1,0,0,0,0
2022-01-11,4,0,0.14007155758436388,0.3311399344911895,0.009001225,0.09454132,1,0,0,0,0
2022-01-12,4,0,0.14259075325202436,0.3138903576365292,0.0033327718,0.0029112645,1,0,0,0,0
2022-01-13,4,0,0.14864821023824218,0.3680506004902406,0.0041000284,0.001113942,1,0,0,0,0
2022-01-14,4,0,0.13342121259687698,0.34167811816372295,0.0021669948,0.0016170687,1,0,0,0,0
2022-01-17,4,1,0.10563954304510907,0.2872061751855273,0.0006326884,0.0012820233,1,0,0,0,0
2022-01-18,4,1,0.11835862527868209,0.37053840496534657,0.0005581654,0.0014627038,1,0,0,0,0
2022-01-19,4,1,0.08734931692232915,0.24833274291932272,0.005960184,0.0025180324,1,0,0,0,0
2022-01-20,4,1,0.08980254693543306,0.33160641483644326,0.0044974573,0.0015009034,1,0,0,0,0
2022-01-21,4,1,0.10984271812766418,0.3964146773829937,0.005616046,0.0011495086,1,0,0,0,0
2022-01-24,4,1,0.09876531164507855,0.29750667403932757,0.0025908165,0.0013147446,1,0,0,0,0
2022-01-25,4,1,0.08315103186222492,0.3658367026102826,0.0005338905,0.001233496,1,0,0,0,0
2022-01-26,4,1,0.11892982262622326,0.3025493294029523,0.0009986055,0.0014883504,1,0,0,0,0
2022-01-27,4,1,0.14869038824129135,0.3012123866975288,0.0027387855,0.0010419358,1,0,0,0,0
2022-01-28,4,1,0.1167139954673982,0.5496424202259153,0.0018630995,0.002392778,1,0,1,0,0
2022-01-31,4,1,0.08685603543430953,0.43702516356432264,0.0010149577,0.0014747425,1,0,0,0,0
2022-02-01,4,1,0.14727818816480626,0.4511892375204692,0.00084889046,0.0018457447,1,0,0,0,0
2022-02-02,4,1,0.15102551824890906,0.4257723177168868,0.0006471888,0.0014353927,1,0,0,0,0
2022-02-03,4,1,0.19888659883785115,0.47504462791803237,0.00047986524,0.00095009065,1,0,0,0,0
2022-02-04,4,1,0.1459869315303823,0.5055186754401263,0.0036944093,0.0017378001,1,0,1,0,0
2022-02-07,4,0,0.12923952316322657,0.44286020729894005,0.018900963,0.0017432051,1,0,0,0,0
2022-02-08,4,0,0.15239393080578517,0.44281328979695567,0.017217254,0.007992156,1,0,0,0,0
2022-02-09,4,0,0.16004334987885552,0.45689898191064365,0.8060506,0.0017404567,1,0,0,1,0
2022-02-10,4,1,0.13065008152801122,0.325666666630474,0.36480805,0.0010422018,1,0,0,0,0
2022-02-11,4,1,0.12040657519651697,0.34594789619604116,0.9127697,0.0028387872,1,0,0,1,0
2022-02-14,4,1,0.0855965745056422,0.3029670503354774,0.83485043,0.0044300053,1,0,0,1,0
2022-02-15,4,1,0.06725137320523321,0.3698155566947448,0.8198042,0.0035619556,1,0,0,1,0
2022-02-16,4,1,0.06553229233509242,0.34752714161576875,0.6803642,0.0027324595,1,0,0,1,0
2022-02-17,4,1,0.05771481358312124,0.4114704593273322,0.094356,0.0028585882,1,0,0,0,0
2022-02-18,4,1,0.055897686978309866,0.3790479254835964,0.027283816,0.0019255513,1,0,0,0,0
2022-02-21,4,1,0.06209673945426632,0.4189023815247141,0.045062385,0.00129834,1,0,0,0,0
2022-02-22,4,1,0.039883195757558464,0.4307501743976999,0.0010542289,0.0012160955,1,0,0,0,0
2022-02-23,4,1,0.048791151950244076,0.40774384968719973,0.0015300601,0.0015669581,1,0,0,0,0
2022-02-24,4,1,0.07582796987461171,0.43251239665164126,0.0018635375,0.0013323271,1,0,0,0,0
2022-02-25,4,1,0.08115014810947829,0.5318512779546815,0.0013423932,0.0010344362,1,0,1,0,0
2022-02-28,4,0,0.0705118684534757,0.3430919708695678,0.0008515826,0.0014834264,1,0,0,0,0
2022-03-01,4,0,0.04026861027213741,0.4012413482515948,0.00022368215,0.0022417896,1,0,0,0,0
2022-03-02,4,0,0.05816529263638735,0.49267895576533655,0.00087703275,0.0012613198,1,0,0,0,0
2022-03-03,4,0,0.07445516415515221,0.3419358332577053,0.002168149,0.00095071463,1,0,0,0,0
2022-03-04,4,1,0.06140729906818765,0.39546493554130163,0.0013508159,0.001336315,1,0,0,0,0
2022-03-07,4,1,0.08690280922178423,0.4502026558448331,0.00079756364,0.00087272166,1,0,0,0,0
2022-03-08,4,1,0.054352876164155565,0.23656171838573883,0.0015323734,0.0015418725,1,0,0,0,0
2022-03-09,4,0,0.07012465357134029,0.47690940099951135,0.0039315196,0.0015671947,1,0,0,0,0
2022-03-10,4,1,0.1061347941504936,0.28348813688178853,0.028037068,0.0009487546,1,0,0,0,0
2022-03-11,4,1,0.13396498128152634,0.35608531987540076,0.013690947,0.0021247792,1,0,0,0,0
2022-03-14,4,1,0.15984798938866426,0.3351862299396977,0.043911025,0.0015286834,1,0,0,0,0
2022-03-15,4,0,0.09917027723373328,0.42018245050067404,0.124441065,0.0023351526,1,0,0,0,0
2022-03-16,4,0,0.09136747378101819,0.42506950606716454,0.4690535,0.0020627023,1,0,0,0,0
2022-03-17,4,0,0.05170797101670436,0.18141904901812414,0.62719053,0.0014200554,1,0,0,1,0
2022-03-18,4,0,0.05441419204135294,0.17855951526256242,0.56599003,0.0024472403,1,0,0,1,0
2022-03-21,4,0,0.046860563755302224,0.21558039856519415,0.39977035,0.0013651561,1,0,0,0,0
2022-03-22,4,0,0.04261431067267166,0.26462089757552687,0.15469228,0.0028112796,1,0,0,0,0
2022-03-23,4,0,0.03871946647481523,0.25829599575286866,0.0452981,0.0015777587,1,0,0,0,0
2022-03-24,4,0,0.03194025105203073,0.2820280534868688,0.014304635,0.0026660934,1,0,0,0,0
2022-03-25,4,0,0.06336016675166883,0.19125907873969428,0.0069204695,0.0017160346,1,0,0,0,0
2022-03-28,4,0,0.04957935835151355,0.2774847847037847,0.01010551,0.0024431439,1,0,0,0,0
2022-03-29,4,0,0.03498114402367652,0.1491986303714495,0.03158526,0.0015193854,1,0,0,0,0
2022-03-30,4,0,0.050707757879329476,0.19055401094259275,0.008006243,0.001603296,1,0,0,0,0
2022-03-31,4,0,0.0527469064025964,0.22314152120564132,0.0006002337,0.0012094128,1,0,0,0,0
2022-04-01,4,0,0.04441981293177365,0.17187918190970133,0.001087128,0.001025866,1,0,0,0,0
2022-04-04,4,0,0.03101185040785238,0.15354466639181596,0.0010575292,0.0009108173,1,0,0,0,0
2022-04-05,4,0,0.04849446894558113,0.25681437901504334,0.00067044,0.0009571535,1,0,0,0,0
2022-04-06,4,0,0.06011701027486463,0.2680912743874026,0.07218214,0.0014487284,1,0,0,0,0
2022-04-07,4,0,0.0555559336982494,0.2547711078241023,0.007999228,0.0017268576,1,0,0,0,0
2022-04-08,4,0,0.05644327697253235,0.2158936343089412,0.022155765,0.0012517835,1,0,0,0,0
2022-04-11,4,0,0.05527693349761453,0.37853896888151084,0.031106051,0.0018504374,1,0,0,0,0
2022-04-12,4,0,0.034458075048396104,0.2660305331155756,0.0843368,0.0020837816,1,0,0,0,0
2022-04-13,4,0,0.03576789966956218,0.24014847782485088,0.5422687,0.0013866079,1,0,0,1,0
2022-04-14,4,0,0.06225930518266716,0.2711837053873166,0.19916794,0.0012738949,1,0,0,0,0
2022-04-15,4,0,0.05448554526498759,0.17571483167277754,0.07616854,0.001996499,1,0,0,0,0
2022-04-18,4,0,0.04056117898248301,0.2824887995678241,0.02402622,0.0018624876,1,0,0,0,0
2022-04-19,4,0,0.06506762823228784,0.3834484112381665,0.013214699,0.0014824428,1,0,0,0,0
2022-04-20,4,0,0.05258884477309004,0.18616130066172606,0.54741263,0.0011410933,1,0,0,1,0
2022-04-21,4,0,0.052638751834024826,0.2640109842410866,0.027594032,0.0030762926,1,0,0,0,0
2022-04-22,4,0,0.05355958067386618,0.28494097256569423,0.19578676,0.0011977404,1,0,0,0,0
2022-04-25,4,0,0.030732931327836062,0.342491901542339,0.23034827,0.0023483469,1,0,0,0,0
2022-04-26,4,0,0.030890187894560932,0.3709055294264491,0.0052400916,0.0010476965,1,0,0,0,0
2022-04-27,4,0,0.02735064317840638,0.37841121674226713,0.005644576,0.0019607414,1,0,0,0,0
2022-04-28,4,0,0.019925633325847753,0.5497108217042185,0.005175115,0.0011249535,1,0,1,0,0
2022-04-29,4,0,0.030293586812051385,0.4275571956922448,0.0007800972,0.0012524292,1,0,0,0,0
2022-05-02,4,0,0.023077233892891107,0.4210790556039809,0.012497471,0.0029896148,1,0,0,0,0
2022-05-03,4,0,0.023753563752026835,0.4120608612516843,0.02299084,0.002412282,1,0,0,0,0
2022-05-04,4,0,0.022900044690784258,0.49970598370799935,0.015502322,0.004841597,1,0,0,0,0
2022-05-05,4,0,0.012454170571078525,0.41510220599449565,0.034754664,0.01991998,1,0,0,0,0
2022-05-06,4,0,0.012755333744463124,0.3483595789330494,0.5128631,0.28482014,1,0,0,1,0
2022-05-09,4,0,0.012724083953734928,0.47702163955350424,0.50363904,0.24197218,1,0,0,1,0
2022-05-10,4,0,0.007470082155432452,0.39553986601550783,0.26037708,0.95168,1,0,0,0,1
2022-05-11,4,0,0.0076368299985895794,0.418203992471461,0.0865187,0.9780472,1,0,0,0,1
2022-05-12,4,0,0.01076657493037926,0.3740293874855691,0.01721093,0.93748885,1,0,0,0,1
2022-05-13,4,0,0.003936927104141509,0.37106445482443107,0.004201244,0.6768419,1,0,0,0,1
2022-05-16,4,0,0.0047879253352781145,0.337863808287055,0.0011399661,0.0639695,1,0,0,0,0
2022-05-17,4,0,0.00506637248114205,0.4627927339697623,0.0005340722,0.011698152,1,0,0,0,0
2022-05-18,4,0,0.008835337940746018,0.44531556360730307,0.0011401708,0.0021057813,1,0,0,0,0
2022-05-19,4,0,0.006457262977709956,0.3510145875310511,0.005254303,0.009364114,1,0,0,0,0
2022-05-20,4,0,0.010243828452132703,0.3604614771510852,0.0034021095,0.0017357382,1,0,0,0,0
2022-05-23,4,0,0.005715194144455357,0.36427825651801365,0.0016568201,0.0010761952,1,0,0,0,0
2022-05-24,4,0,0.005924453213083939,0.23857913628030616,0.002114212,0.00094886223,1,0,0,0,0
2022-05-25,4,0,0.00890087177827961,0.22936969061914017,0.00055350777,0.0012420275,1,0,0,0,0
2022-05-26,4,0,0.009780160362786042,0.370802170114453,0.0003051493,0.0009838069,1,0,0,0,0
2022-05-27,4,0,0.010422140755279889,0.4047479631225334,0.00019615103,0.0010691365,1,0,0,0,0
2022-05-30,4,0,0.006752606042363647,0.2957724511425201,0.00023113108,0.0010662463,1,0,0,0,0
2022-05-31,4,0,0.010571220598687404,0.3166388155640051,0.00029778777,0.0015876173,1,0,0,0,0
2022-06-01,4,0,0.01567555913832727,0.391163483063524,0.001182909,0.0014802733,1,0,0,0,0
2022-06-02,4,0,0.01234358488990661,0.48183012725196117,0.0011735421,0.0017446994,1,0,0,0,0
2022-06-03,4,0,0.023197450674380535,0.30545697047102244,0.002515331,0.0012557637,1,0,0,0,0
2022-06-06,4,0,0.014070373299262934,0.2857944525400769,0.02770712,0.0021660218,1,0,0,0,0
2022-06-07,4,0,0.011095789861345698,0.24266458427934276,0.08391606,0.0013242441,1,0,0,0,0
2022-06-08,4,0,0.010191577243361635,0.24110950110410242,0.010047558,0.0019328671,1,0,0,0,0
2022-06-09,4,0,0.01078623668602993,0.2661414763677026,0.011706832,0.0014693905,1,0,0,0,0
2022-06-10,4,0,0.009182476745738024,0.25330438374423747,0.07576884,0.0035782978,1,0,0,0,0
2022-06-13,4,0,0.017136819972330453,0.3609360220252354,0.036572356,0.011658592,1,0,0,0,0
2022-06-14,4,0,0.009658972189839736,0.24312676472555875,0.16722868,0.07347214,1,0,0,0,0
2022-06-15,4,1,0.008516766940654242,0.26503551235663814,0.71363586,0.2543096,1,0,0,1,0
2022-06-16,4,1,0.0029670521816101253,0.2466044769870435,0.18643613,0.9933321,1,0,0,0,1
2022-06-17,4,1,0.005700187101677427,0.41328344178464244,0.3640065,0.9804388,1,0,0,0,1
2022-06-20,4,1,0.004808557865668267,0.372009410647904,0.27833334,0.9480745,1,0,0,0,1
2022-06-21,4,1,0.0038919117018208775,0.44590360267288426,0.037309825,0.5978524,1,0,0,0,1
2022-06-22,4,1,0.007293289691377067,0.4073471490939842,0.0020570955,0.057718694,1,0,0,0,0
2022-06-23,4,1,0.006570301936691842,0.419817384091094,0.0004959641,0.012845988,1,0,0,0,0
2022-06-24,4,1,0.006764062712367124,0.42191881023142275,0.00033783124,0.0025912148,1,0,0,0,0
2022-06-27,4,1,0.007105782458174673,0.3350650517925046,0.00033763,0.0013082151,1,0,0,0,0
2022-06-28,4,1,0.00511677766983056,0.4056297962458156,0.00029699816,0.0016593656,1,0,0,0,0
2022-06-29,4,1,0.0036842093790367867,0.3433456208708802,0.0012833403,0.0019847692,1,0,0,0,0
2022-06-30,4,1,0.004126942481798492,0.43631033010685644,0.00033588157,0.0011594357,1,0,0,0,0
2022-07-01,4,1,0.002672942572714663,0.19094162251919275,0.0005889396,0.001549259,1,0,0,0,0
2022-07-04,4,1,0.0014974427986432027,0.15823323113146612,0.00021200863,0.0010619977,1,0,0,0,0
2022-07-05,4,1,0.002601838221743603,0.23965573081817987,0.00036842717,0.001010145,1,0,0,0,0
2022-07-06,4,1,0.0027727392037295725,0.21732412525898892,0.0014842481,0.0011716466,1,0,0,0,0
2022-07-07,4,1,0.0022710823070377023,0.2759926750251189,0.0008465729,0.001289717,1,0,0,0,0
2022-07-08,4,0,0.004497793443153312,0.23621045587807502,0.0007409588,0.0010584727,1,0,0,0,0
2022-07-11,4,1,0.00894555155798585,0.37679227731020376,0.00070672645,0.0014102631,1,0,0,0,0
2022-07-12,4,1,0.006581184102945269,0.26093017969279947,0.0018707385,0.0017236342,1,0,0,0,0
2022-07-13,4,1,0.005831627510127352,0.24742660379870135,0.008515014,0.0015003341,1,0,0,0,0
2022-07-14,4,1,0.00902880392696621,0.27592652389661704,0.0020622832,0.0017001767,1,0,0,0,0
2022-07-15,4,0,0.0036491722519104283,0.3201412873982643,0.007818604,0.0013661094,1,0,0,0,0
2022-07-18,4,0,0.006149764901717206,0.3248440368439908,0.0011241217,0.0010302454,1,0,0,0,0
2022-07-19,4,0,0.007528019769224355,0.41786150010093176,0.0017103325,0.0010350504,1,0,0,0,0
2022-07-20,4,0,0.010031316657468075,0.2174032863707981,0.00084521243,0.0012564415,1,0,0,0,0
2022-07-21,4,0,0.00990210263218273,0.13578861560475,0.0020099003,0.0016446075,1,0,0,0,0
2022-07-22,4,0,0.010532787002534178,0.22954621194570166,0.0003355244,0.0014514737,1,0,0,0,0
2022-07-25,4,0,0.007968569980112122,0.1589741166406965,0.00046417365,0.0010048135,1,0,0,0,0
2022-07-26,4,0,0.004900896440008605,0.22234807604267787,0.0006959636,0.0008996761,1,0,0,0,0
2022-07-27,4,0,0.004265905228977702,0.44328205996542747,0.0015329185,0.0009795788,1,0,0,0,0
2022-07-28,4,0,0.000718858706885972,0.3125013702552707,0.01017212,0.003212254,1,0,0,0,0
2022-07-29,4,0,0.0008917177283096245,0.38003214008018316,0.0007650302,0.0033844153,1,0,0,0,0
2022-08-01,4,0,0.000926447692681793,0.37640404151701795,0.00027632064,0.00096575543,1,0,0,0,0
2022-08-02,4,0,0.001002401388481406,0.4015665793962033,0.0002268813,0.0011037309,1,0,0,0,0
2022-08-03,4,0,0.0007564083182973881,0.44285351404512235,0.0007901314,0.0010495591,1,0,0,0,0
2022-08-04,4,0,0.0013134861032122976,0.31282612644987007,0.00016709289,0.0012522527,1,0,0,0,0
2022-08-05,4,0,0.0021678241466839164,0.3587704398319456,0.00016717816,0.0012528456,1,0,0,0,0
2022-08-08,4,0,0.0009895681246054624,0.2652178955935856,0.0019357069,0.0010930378,1,0,0,0,0
2022-08-09,4,0,0.0016693973745657063,0.3230783993562221,0.0018969931,0.0012770211,1,0,0,0,0
2022-08-10,4,0,0.001265710197260711,0.43268921971674446,0.0020050434,0.001350731,1,0,0,0,0
2022-08-11,4,0,0.002214629219795862,0.2690397716096327,0.010598838,0.0009177641,1,0,0,0,0
2022-08-12,4,0,0.0009677773625879337,0.40786932221728606,0.012134165,0.0015203,1,0,0,0,0
2022-08-15,4,0,0.001425519577174459,0.36650830428872583,0.0047175386,0.0014115348,1,0,0,0,0
2022-08-16,4,0,0.0011654041712217795,0.2963206032881477,0.013547191,0.0012526423,1,0,0,0,0
2022-08-17,4,0,0.001906205542523228,0.3330996561091015,0.019297624,0.001510059,1,0,0,0,0
2022-08-18,4,0,0.001430017038951212,0.3266182043878812,0.039878596,0.002292593,1,0,0,0,0
2022-08-19,4,0,0.0017898421570864053,0.32115790044404396,0.018490387,0.0011871199,1,0,0,0,0
2022-08-22,4,0,0.0012014683627720889,0.31078351699144774,0.025495792,0.0013133048,1,0,0,0,0
2022-08-23,5,0,0.03868585853927263,0.35998933905742214,0.13149582,0.14030217,1,0,0,0,0
2022-08-24,5,0,0.05060174517917777,0.38853417961103776,0.05723545,0.09159066,1,0,0,0,0
2022-08-25,5,0,0.03701447264423838,0.41084166193520066,0.037702765,0.059542052,1,0,0,0,0
2022-08-26,5,0,0.04735274317309785,0.5366334000194692,0.026248718,0.02989779,1,0,1,0,0
2022-08-29,5,0,0.03917536340671908,0.5868985312270162,0.048028674,0.01825238,1,0,1,0,0
2022-08-30,5,0,0.057911731842733516,0.6342889920016345,0.034069028,0.008887386,1,0,1,0,0
2022-08-31,5,0,0.050720318011761155,0.4874037728418598,0.028287867,0.015446458,1,0,0,0,0
2022-09-01,5,0,0.05205207432529738,0.38705532997968545,0.024821931,0.0053575626,1,0,0,0,0
2022-09-02,5,0,0.04360125566093165,0.4102314529066649,0.020073144,0.020042613,1,0,0,0,0
2022-09-05,5,0,0.038256009026269,0.4893330680161568,0.02370673,0.018049,1,0,0,0,0
2022-09-06,5,1,0.04979654257754321,0.3311832025691417,0.02158,0.0037791778,1,0,0,0,0
2022-09-07,5,0,0.038780588438326796,0.5209838053351412,0.016444998,0.009973024,1,0,1,0,0
2022-09-08,5,0,0.04047054898324046,0.49523340703333885,0.028578889,0.011858343,1,0,0,0,0
2022-09-09,5,0,0.037547843791834665,0.42295282278370067,0.018178545,0.0042293943,1,0,0,0,0
2022-09-12,5,0,0.02386756123308678,0.3791082175638326,0.037731666,0.008746356,1,0,0,0,0
2022-09-13,5,0,0.06748106324603878,0.5030109478842227,0.040787004,0.0060745617,1,0,1,0,0
2022-09-14,5,1,0.04324321546827267,0.42826596751366,0.1251747,0.010051354,1,0,0,0,0
2022-09-15,5,1,0.05761411791113698,0.4979903782805366,0.07819079,0.004076395,1,0,0,0,0
2022-09-16,5,1,0.040717941340458065,0.4337388524169812,0.047487155,0.00978926,1,0,0,0,0
2022-09-19,5,1,0.04495328504638353,0.4962986197945361,0.044368725,0.008673324,1,0,0,0,0
2022-09-20,5,1,0.04770183874204124,0.43080011195105,0.022522407,0.0040292563,1,0,0,0,0
2022-09-21,5,1,0.1665398929162697,0.5379696044813934,0.025203483,0.009259299,1,0,1,0,0
2022-09-22,5,1,0.026220767784758868,0.3567002399477141,0.27926725,0.14593638,1,0,0,0,0
2022-09-23,5,1,0.04104179535841065,0.46005422321586387,0.3010732,0.35988566,1,0,0,0,0
2022-09-26,5,1,0.028217145358625986,0.39791403379903295,0.17124705,0.29597425,1,0,0,0,0
2022-09-27,5,0,0.022344931472042764,0.38085577478256405,0.1147339,0.2186354,1,0,0,0,0
2022-09-28,5,0,0.016017803978578136,0.44783931807897537,0.030151894,0.10816303,1,0,0,0,0
2022-09-29,5,0,0.026140194114525186,0.5962769793460961,0.07633915,0.123692006,1,0,1,0,0
2022-09-30,5,0,0.020247625012164195,0.4843616284363049,0.07864047,0.27750307,1,0,0,0,0
2022-10-03,5,0,0.01001912174131323,0.5890440691681551,0.07895881,0.37742475,1,0,1,0,0
2022-10-04,5,0,0.010981601168180559,0.5296624138735134,0.12807824,0.47584635,1,0,1,0,0
2022-10-05,5,0,0.021029462574799634,0.5049158556282756,0.20751849,0.070687,1,0,1,0,0
2022-10-06,5,0,0.015422495989033329,0.6171186210493803,0.07986024,0.011722246,1,0,1,0,0
2022-10-07,5,0,0.020298289354322405,0.568989878245119,0.07759344,0.014126689,1,0,1,0,0
2022-10-10,5,0,0.010082364750318424,0.38850934131352466,0.16581593,0.02745698,1,0,0,0,0
2022-10-11,5,0,0.011006796259425723,0.3905138034456461,0.07422608,0.27326724,1,0,0,0,0
2022-10-12,5,0,0.01143725468011231,0.38507409180039154,0.062521935,0.4341297,1,0,0,0,0
2022-10-13,5,0,0.009619753161217444,0.5408079649934391,0.046141267,0.34009662,1,0,1,0,0
2022-10-14,5,0,0.014925916602114928,0.475971504033711,0.04077842,0.27681714,1,0,0,0,0
2022-10-17,5,0,0.006377632313936198,0.453335794449391,0.045121744,0.1589392,1,0,0,0,0
2022-10-18,5,0,0.011751128082786173,0.541951871850185,0.101136856,0.057526078,1,0,1,0,0
2022-10-19,5,0,0.014455189076750235,0.3595162599441711,0.07521658,0.021936614,1,0,0,0,0
2022-10-20,5,0,0.01076460714863173,0.35063546286068603,0.045333393,0.0102073345,1,0,0,0,0
2022-10-21,5,0,0.007911558276581842,0.48629925676739155,0.035859775,0.008369357,1,0,0,0,0
2022-10-24,5,0,0.012089443638959689,0.3822751593709489,0.09094241,0.0057350164,1,0,0,0,0
2022-10-25,5,0,0.011183118671105973,0.49894962020666683,0.033642266,0.0042896885,1,0,0,0,0
2022-10-26,5,0,0.011581840539387437,0.508863626826419,0.14120275,0.010023436,1,0,1,0,0
2022-10-27,5,0,0.01701921936588051,0.581387185286505,0.15170333,0.004765954,1,0,1,0,0
2022-10-28,5,0,0.015106230162986648,0.5845223722979859,0.39305484,0.008357442,1,0,1,0,0
2022-10-31,5,0,0.011329639175167414,0.62889608755757,0.5067601,0.013155652,1,0,1,1,0
2022-11-01,5,0,0.007026884358897596,0.5254959367515077,0.50576013,0.022996822,1,0,1,1,0
2022-11-02,5,0,0.06124771287550751,0.5100369803588348,0.40911078,0.046030175,1,0,1,0,0
2022-11-03,5,0,0.004838606657163967,0.3892359548804701,0.6694739,0.3454729,1,0,0,1,0
2022-11-04,5,0,0.00193692335736673,0.5150333507602444,0.70697975,0.52165437,1,0,1,1,1
2022-11-07,5,0,0.006629527032563891,0.4589674394725328,0.68318313,0.5399899,1,0,0,1,1
2022-11-08,5,0,0.004507806548844897,0.5402554240619499,0.8773779,0.40648866,1,0,1,1,0
2022-11-09,5,1,0.00894613699820293,0.5498890377100286,0.86651325,0.5219302,1,0,1,1,1
2022-11-10,5,0,0.004289739952020429,0.5509225327318268,0.8003534,0.42951554,1,0,1,1,0
2022-11-11,5,0,0.006461316236296406,0.532494627789694,0.8733137,0.44461414,1,0,1,1,0
2022-11-14,5,1,0.011799685379896813,0.5602229183535524,0.9396368,0.43822187,1,0,1,1,0
2022-11-15,5,0,0.009139965117597536,0.6294723022974185,0.9478271,0.45050594,1,0,1,1,0
2022-11-16,5,0,0.01116736749031488,0.5523696234109303,0.9493814,0.36419964,1,0,1,1,0
2022-11-17,5,0,0.014150860114449626,0.6156541862337681,0.8796099,0.3778288,1,0,1,1,0
2022-11-18,5,0,0.011387115742200568,0.5972043111332678,0.83515704,0.3496349,1,0,1,1,0
2022-11-21,5,1,0.013694772946019193,0.6607491424881919,0.6126138,0.35908857,1,0,1,1,0
2022-11-22,5,1,0.007966301196267936,0.5190854273218515,0.7349048,0.34908822,1,0,1,1,0
2022-11-23,5,1,0.008911984491287111,0.5725591793880153,0.7453037,0.26866478,1,0,1,1,0
2022-11-24,5,1,0.012293405505589827,0.6008561361266923,0.8026011,0.28687033,1,0,1,1,0
2022-11-25,5,1,0.013812180418727617,0.5655201659795145,0.7744606,0.2726474,1,0,1,1,0
2022-11-28,5,1,0.01842574923508606,0.6379449557785722,0.78320605,0.2712126,1,0,1,1,0
2022-11-29,5,1,0.009110816839376378,0.5533772165074545,0.68925923,0.2674338,1,0,1,1,0
2022-11-30,5,1,0.005557113764550236,0.5670101787835681,0.6727931,0.28597668,1,0,1,1,0
2022-12-01,5,1,0.007760844878922971,0.5240888033329937,0.6651952,0.27521238,1,0,1,1,0
2022-12-02,5,1,0.0072071710040972825,0.5201493915231002,0.722706,0.3538256,1,0,1,1,0
2022-12-05,5,1,0.011542521732639354,0.6064104245704853,0.7365912,0.35229304,1,0,1,1,0
2022-12-06,5,1,0.00856506929380419,0.5592939360718509,0.62340754,0.36444914,1,0,1,1,0
2022-12-07,5,1,0.0060437798600771735,0.560439162451785,0.6651368,0.4079759,1,0,1,1,0
2022-12-08,5,1,0.004870341528143734,0.5264744442155623,0.658854,0.39698496,1,0,1,1,0
2022-12-09,5,1,0.005436257603892057,0.474818196018426,0.65848595,0.39066395,1,0,0,1,0
2022-12-12,5,1,0.007355493890862273,0.5988279585330935,0.7356055,0.43127424,1,0,1,1,0
2022-12-13,5,1,0.004018382605269379,0.5781882371388465,0.6585897,0.40955704,1,0,1,1,0
2022-12-14,5,1,0.013786642688164957,0.5677701210353293,0.5302748,0.4452618,1,0,1,1,0
2022-12-15,5,1,0.006516576710513518,0.5664386094844881,0.47155145,0.30676603,1,0,1,0,0
2022-12-16,5,1,0.005313972202526216,0.5901305880995952,0.5243708,0.33478373,1,0,1,1,0
2022-12-19,5,1,0.00580206031313814,0.5472385862857354,0.6559874,0.40615806,1,0,1,1,0
2022-12-20,5,1,0.003622095415049953,0.4138130598959833,0.6102635,0.38255888,1,0,0,1,0
2022-12-21,5,1,0.005358226464973495,0.39712991327536584,0.7473371,0.4339967,1,0,0,1,0
2022-12-22,5,1,0.007729314779673483,0.4137676145843256,0.6008628,0.34999737,1,0,0,1,0
2022-12-23,5,1,0.0058100044560297085,0.3559140065355008,0.5595326,0.33078337,1,0,0,1,0
2022-12-26,5,1,0.0065585231943531015,0.4272043982860708,0.39107677,0.14107972,1,0,0,0,0
2022-12-27,5,1,0.0068320752924497605,0.3821857139891643,0.2590004,0.15156029,1,0,0,0,0
2022-12-28,5,1,0.0068259074869451404,0.4001109062131448,0.28681475,0.08510068,1,0,0,0,0
2022-12-29,5,1,0.005021774196172892,0.4322470473967745,0.08374752,0.08708341,1,0,0,0,0
2022-12-30,5,1,0.006127730115242892,0.5159431292197528,0.15753494,0.05042612,1,0,1,0,0
2023-01-02,5,1,0.005120036034708142,0.5358535007194168,0.12132644,0.004804638,1,0,1,0,0
2023-01-03,5,1,0.0050287143471324895,0.6007766267822187,0.0899521,0.004985819,1,0,1,0,0
2023-01-04,5,1,0.005481846219178972,0.57709257585858,0.12629108,0.005869555,1,0,1,0,0
2023-01-05,5,1,0.004424093929998434,0.5656686206351553,0.15998474,0.004815007,1,0,1,0,0
2023-01-06,5,1,0.0027802318125157146,0.5706005644037183,0.13968468,0.048711892,1,0,1,0,0
2023-01-09,5,1,0.003147022145453851,0.5746810424186747,0.14113566,0.22331758,1,0,1,0,0
2023-01-10,5,1,0.003176737354851911,0.5657712484979234,0.25369388,0.30103722,1,0,1,0,0
2023-01-11,5,1,0.0032904437581668584,0.5267306399109366,0.29754463,0.34245896,1,0,1,0,0
2023-01-12,5,1,0.0037464856284075464,0.5601303491126758,0.2993239,0.3956282,1,0,1,0,0
2023-01-13,5,1,0.003135608636895489,0.5156691444492385,0.37342936,0.42704242,1,0,1,0,0
2023-01-16,5,1,0.004024109486239253,0.5583951422625152,0.44096732,0.40109134,1,0,1,0,0
2023-01-17,5,1,0.0034500662209855253,0.5524790798220824,0.5266652,0.40152162,1,0,1,1,0
2023-01-18,5,1,0.004914539996386438,0.531481964962176,0.43098468,0.38549888,1,0,1,0,0
2023-01-19,5,1,0.00417252770129781,0.5742146704141784,0.47526032,0.37691838,1,0,1,0,0
2023-01-20,5,0,0.0037773230136079173,0.5279000430552735,0.5448191,0.38680252,1,0,1,1,0
2023-01-23,5,0,0.004157233724959429,0.5877672246818428,0.43162334,0.3384973,1,0,1,0,0
2023-01-24,5,0,0.004142913724333063,0.5784418806636871,0.33219263,0.29522014,1,0,1,0,0
2023-01-25,5,0,0.003240105243409199,0.48154554838471575,0.3063781,0.2999551,1,0,0,0,0
2023-01-26,5,0,0.0029530638587316016,0.45267106449556893,0.2230017,0.2927941,1,0,0,0,0
2023-01-27,5,0,0.0034652351231749343,0.5573204838053061,0.11804921,0.283518,1,0,1,0,0
2023-01-30,5,1,0.0031483037857044692,0.5801338528772281,0.11072526,0.27774897,1,0,1,0,0
2023-01-31,5,1,0.002612056810752604,0.5141804904249593,0.13350186,0.28218028,1,0,1,0,0
2023-02-01,5,1,0.004935693948467758,0.5606441556320118,0.13145244,0.28640437,1,0,1,0,0
2023-02-02,5,1,0.002420856196768262,0.560448768317679,0.17406675,0.22108084,1,0,1,0,0
2023-02-03,5,1,0.005014143965581307,0.49817515981108884,0.12047324,0.25740987,1,0,0,0,0
2023-02-06,5,1,0.0033042846041256195,0.559618014870632,0.088155635,0.3003774,1,0,1,0,0
2023-02-07,5,1,0.0024707585153463897,0.40214603741814187,0.105047,0.29593247,1,0,0,0,0
2023-02-08,5,1,0.0029037549369784737,0.3872734170080681,0.08544094,0.08164543,1,0,0,0,0
2023-02-09,5,1,0.002324423730413149,0.4383196781212557,0.096195705,0.08636476,1,0,0,0,0
2023-02-10,5,1,0.0023047310663645453,0.3925317866673223,0.0590746,0.14785714,1,0,0,0,0
2023-02-13,5,1,0.0016432627353507045,0.548069188694032,0.07678777,0.08947076,1,0,1,0,0
2023-02-14,5,1,0.0015762464424004103,0.6157888279206293,0.06372966,0.041905075,1,0,1,0,0
2023-02-15,5,1,0.0015871932719385682,0.3913067553923289,0.092122614,0.035824202,1,0,0,0,0
2023-02-16,5,1,0.001260430114664339,0.35302633761090546,0.062873065,0.02338409,1,0,0,0,0
2023-02-17,5,1,0.0011806076050332255,0.5442450784827139,0.078926645,0.022268446,1,0,1,0,0
2023-02-20,5,1,0.0009937642981317281,0.51821433971178,0.09329042,0.20105003,1,0,1,0,0
2023-02-21,5,1,0.0009900304437990546,0.4362816182068656,0.12546276,0.3293526,1,0,0,0,0
2023-02-22,5,1,0.0013912099953712564,0.580467204101113,0.1509931,0.33001843,1,0,1,0,0
2023-02-23,5,1,0.0013075676399207567,0.6374850797506239,0.08910241,0.33330226,1,0,1,0,0
2023-02-24,5,1,0.0018924731503690553,0.5416309968444302,0.13094553,0.33743352,1,0,1,0,0
2023-02-27,5,1,0.001368761566839678,0.5271650977147682,0.187932,0.33506837,1,0,1,0,0
2023-02-28,5,1,0.0012367524882441788,0.6063461384346562,0.20721377,0.32873055,1,0,1,0,0
2023-03-01,5,1,0.0013223125497223468,0.46914820384369427,0.3296202,0.35951665,1,0,0,0,0
2023-03-02,5,1,0.001639044328940451,0.35611217488352315,0.38939944,0.37300494,1,0,0,0,0
2023-03-03,5,1,0.0009662715538622569,0.5368008420321881,0.16435619,0.37368673,1,0,1,0,0
2023-03-06,5,1,0.0014671413453118346,0.5226463868988634,0.18717958,0.3784733,1,0,1,0,0
2023-03-07,5,1,0.0015981436143023859,0.538856689304016,0.16858058,0.33945763,1,0,1,0,0
2023-03-08,5,1,0.0009433878614637935,0.5612325374345273,0.10945939,0.34806806,1,0,1,0,0
2023-03-09,5,1,0.0012967066459846468,0.6024385349454976,0.14634095,0.35798934,1,0,1,0,0
2023-03-10,5,1,0.0012304893030324136,0.5807031043396775,0.2558603,0.38241926,1,0,1,0,0
2023-03-13,5,1,0.0006622765346093206,0.5808104176912271,0.22939365,0.38888612,1,0,1,0,0
2023-03-14,5,1,0.0013636340390230746,0.5657516889734624,0.1226785,0.39943364,1,0,1,0,0
2023-03-15,5,1,0.0016591723501586115,0.6433413052419482,0.31968823,0.38082862,1,0,1,0,0
2023-03-16,5,1,0.0013501823116198325,0.5386107325094448,0.41176158,0.41744363,1,0,1,0,0
2023-03-17,5,1,0.0009764960044196723,0.5564618545857501,0.35699698,0.37752485,1,0,1,0,0
2023-03-20,5,1,0.0010462892529992556,0.5092997787165224,0.14383067,0.41862914,1,0,1,0,0
2023-03-21,5,1,0.0009876252502677263,0.47913630611362473,0.2772947,0.39258766,1,0,0,0,0
2023-03-22,5,1,0.0013857754754853589,0.5540740785733853,0.25566345,0.34378263,1,0,1,0,0
2023-03-23,5,1,0.0005874823612628374,0.5001283062856641,0.4100187,0.36731744,1,0,1,0,0
2023-03-24,5,1,0.0005623906374922779,0.5382093322495352,0.48383123,0.3326495,1,0,1,0,0
2023-03-27,5,1,0.000436582236714277,0.49728242801759626,0.56855947,0.37320554,1,0,0,1,0
2023-03-28,5,1,0.0004018082543108989,0.6097522134369567,0.5346647,0.36923498,1,0,1,1,0
2023-03-29,5,0,0.00035302211301968815,0.5013172747812586,0.5689725,0.37120974,1,0,1,1,0
2023-03-30,5,0,0.00037265496917353373,0.49169566561814976,0.5627521,0.34208354,1,0,0,1,0
2023-03-31,5,0,0.00039173749161448287,0.5545719962444549,0.65620375,0.36342204,1,0,1,1,0
2023-04-03,5,0,0.0008357882632303966,0.5457875216266661,0.75849897,0.33537635,1,0,1,1,0
2023-04-04,5,0,0.0005580413308154665,0.581708912860577,0.787285,0.40353185,1,0,1,1,0
2023-04-05,5,0,0.0008077082343364772,0.579115123795097,0.78655994,0.396674,1,0,1,1,0
2023-04-06,5,0,0.0005576725911004751,0.6185576922544143,0.6441913,0.3619182,1,0,1,1,0
2023-04-07,5,0,0.0006138977185214694,0.5330261055466796,0.6705275,0.37569,1,0,1,1,0
2023-04-10,5,0,0.0005300674956527061,0.6011940839318166,0.71389914,0.37670326,1,0,1,1,0
2023-04-11,5,0,0.000498202661462863,0.49355604740416303,0.6272421,0.36027923,1,0,0,1,0
2023-04-12,5,0,0.0004017502006627003,0.511566841705351,0.6154561,0.35738167,1,0,1,1,0
2023-04-13,5,0,0.00039179750273070715,0.40395902527430066,0.66792697,0.34085366,1,0,0,1,0
2023-04-14,5,0,0.0005870402251183627,0.475571593576976,0.6423526,0.3528297,1,0,0,1,0
2023-04-17,5,0,0.0005504474170548142,0.3408392177424517,0.48451445,0.3647455,1,0,0,0,0
2023-04-18,5,0,0.0003530853282668281,0.408761442467969,0.36883825,0.35055977,1,0,0,0,0
2023-04-19,5,0,0.0004014257226211466,0.4115595783710452,0.3518199,0.3194075,1,0,0,0,0
2023-04-20,5,0,0.00048798782489711785,0.5423663067288674,0.3166857,0.34635353,1,0,1,0,0
2023-04-21,5,0,0.0005791015254349205,0.4977758680993919,0.30823207,0.38442025,1,0,0,0,0
2023-04-24,5,0,0.0005127376787445602,0.5780568564178453,0.2618534,0.37036526,1,0,1,0,0
2023-04-25,6,0,0.46595511396322953,0.7807720150689548,0.98229355,0.89044046,1,0,1,1,1
2023-04-26,6,0,0.4621336756638228,0.7825397083421458,0.9878499,0.78793585,1,0,1,1,1
2023-04-27,6,0,0.4348316543347251,0.6009033533165625,0.99345773,0.9175494,1,0,1,1,1
2023-04-28,6,0,0.4268065929039396,0.6497926167345283,0.9948886,0.6477644,1,0,1,1,1
2023-05-01,6,0,0.4091568181639828,0.7323105231416879,0.99166894,0.6186733,1,0,1,1,1
2023-05-02,6,0,0.40977918028683746,0.8241187363758458,0.9949209,0.63872015,1,0,1,1,1
2023-05-03,6,0,0.4740387609610441,0.8435467267973074,0.99452066,0.9464652,1,0,1,1,1
2023-05-04,6,0,0.4339424874775001,0.8415755502179172,0.95854175,0.935281,1,0,1,1,1
2023-05-05,6,0,0.42417077926127855,0.7077158894567375,0.6840431,0.9759922,1,0,1,1,1
2023-05-08,6,0,0.44314369951421484,0.8225339505551882,0.9894426,0.9834147,1,0,1,1,1
2023-05-09,6,1,0.42614768145046356,0.8228857869362813,0.9970317,0.99644744,1,0,1,1,1
2023-05-10,6,1,0.4456273708579251,0.7442804684967101,0.99724776,0.99708337,1,0,1,1,1
2023-05-11,6,1,0.5124076006082509,0.7804866821378473,0.99741924,0.99849176,1,1,1,1,1
2023-05-12,6,1,0.44073785321988374,0.7879807905787143,0.997138,0.9984864,1,0,1,1,1
2023-05-15,6,1,0.4371678525649543,0.7502923014805627,0.9973258,0.9990478,1,0,1,1,1
2023-05-16,6,1,0.45897775506029587,0.7482532757814834,0.99742776,0.9984132,1,0,1,1,1
2023-05-17,6,1,0.37987420724295584,0.7024683190118717,0.997468,0.99847585,1,0,1,1,1
2023-05-18,6,1,0.41372514899174967,0.6890044636133648,0.99748296,0.9990037,1,0,1,1,1
2023-05-19,6,1,0.3899762071437249,0.7400317415863874,0.9971763,0.99927205,1,0,1,1,1
2023-05-22,6,1,0.4272692241793541,0.8276153528942995,0.9973226,0.99869317,1,0,1,1,1
2023-05-23,6,1,0.42114173148410305,0.8389750014272563,0.99740654,0.9986355,1,0,1,1,1
2023-05-24,6,1,0.44004412433312334,0.8044446130094489,0.9972283,0.9984995,1,0,1,1,1
2023-05-25,6,1,0.40893937074692893,0.6205221239161904,0.99705446,0.99867237,1,0,1,1,1
2023-05-26,6,1,0.36318498568199736,0.6136650643652178,0.9972861,0.9988673,1,0,1,1,1
2023-05-29,6,1,0.40091503435386283,0.7850516553143524,0.9973564,0.9990269,1,0,1,1,1
2023-05-30,6,1,0.3998177620926925,0.8209624590584638,0.99757993,0.9984212,1,0,1,1,1
2023-05-31,6,1,0.41251537629439033,0.7970704113046471,0.99750274,0.9985373,1,0,1,1,1
2023-06-01,6,1,0.3939812004784455,0.738145613128524,0.99734205,0.99822205,1,0,1,1,1
2023-06-02,6,1,0.4158153350853468,0.7037181536353281,0.9971541,0.9953251,1,0,1,1,1
2023-06-05,6,1,0.3913166028093336,0.8551820143997446,0.99741554,0.99876595,1,0,1,1,1
2023-06-06,6,1,0.38049029696258946,0.8040352167106555,0.9973901,0.99684453,1,0,1,1,1
2023-06-07,6,1,0.4083356776352138,0.7448497246997101,0.9975001,0.9982127,1,0,1,1,1
2023-06-08,6,1,0.3517177938971209,0.7155502449328618,0.99673694,0.99871576,1,0,1,1,1
2023-06-09,6,1,0.3819304651852262,0.8061438719142735,0.9965215,0.9973304,1,0,1,1,1
2023-06-12,6,1,0.3690898340956191,0.7923262100939408,0.9972606,0.9979221,1,0,1,1,1
2023-06-13,6,1,0.3595258318570308,0.7728443078316936,0.9973803,0.9984302,1,0,1,1,1
2023-06-14,6,1,0.37236769403589126,0.8499132283253157,0.9973974,0.9987,1,0,1,1,1
2023-06-15,6,1,0.3783812145767258,0.7296506309215891,0.9973902,0.9985708,1,0,1,1,1
2023-06-16,6,1,0.37632581653033537,0.7695530158834754,0.99708027,0.997291,1,0,1,1,1
2023-06-19,6,1,0.39027855982916704,0.8096898348244436,0.99713874,0.9970644,1,0,1,1,1
2023-06-20,6,1,0.44909756924072436,0.7920484293960096,0.9972837,0.9974605,1,0,1,1,1
2023-06-21,6,0,0.45631169251353737,0.7470480964277066,0.996682,0.99491125,1,0,1,1,1
2023-06-22,6,0,0.4517658469723724,0.5887807366481753,0.99616385,0.9964498,1,0,1,1,1
2023-06-23,6,0,0.4517426594561674,0.7648229229610108,0.9969363,0.99647045,1,0,1,1,1
2023-06-26,6,0,0.41252880971021133,0.765478732867842,0.9963624,0.99662626,1,0,1,1,1
2023-06-27,6,0,0.4222842777306363,0.6755439801860951,0.9962452,0.9966371,1,0,1,1,1
2023-06-28,6,0,0.47582307460857887,0.7671015156842652,0.997171,0.9978531,1,0,1,1,1
2023-06-29,6,0,0.47022125688986927,0.6920321037962813,0.99694425,0.9981698,1,0,1,1,1
2023-06-30,6,0,0.38961208825675614,0.682896387175873,0.9969854,0.9986027,1,0,1,1,1
2023-07-03,6,0,0.4166515341017693,0.7527396415743106,0.99700826,0.99886394,1,0,1,1,1
2023-07-04,6,0,0.4207890644355168,0.7868078073774576,0.9974068,0.9976821,1,0,1,1,1
2023-07-05,6,0,0.4171586795506162,0.6977704646055426,0.99717796,0.99811804,1,0,1,1,1
2023-07-06,6,0,0.45884703637892793,0.7178767855168866,0.9974565,0.99876606,1,0,1,1,1
2023-07-07,6,0,0.37252668314887094,0.7073574202187,0.9972205,0.99886346,1,0,1,1,1
2023-07-10,6,0,0.37302229220527644,0.7997339564843291,0.99728,0.9988858,1,0,1,1,1
2023-07-11,6,0,0.38903642699727475,0.7792180829570661,0.99745804,0.9984328,1,0,1,1,1
2023-07-12,6,0,0.3325370642969601,0.7821617844662964,0.9974227,0.99887794,1,0,1,1,1
2023-07-13,6,0,0.364315053057512,0.7390370871031183,0.99682295,0.9959187,1,0,1,1,1
2023-07-14,6,0,0.4317056403446124,0.748094476507214,0.9964005,0.98838985,1,0,1,1,1
2023-07-17,6,0,0.4236437449747278,0.7989363745924493,0.9968645,0.994668,1,0,1,1,1
2023-07-18,6,0,0.3975383198449208,0.8210386201623389,0.99696046,0.9927039,1,0,1,1,1
2023-07-19,6,0,0.40569744171882044,0.7884253546884271,0.9964011,0.99492836,1,0,1,1,1
2023-07-20,6,0,0.4128369814271805,0.7506929253112247,0.9969291,0.9966259,1,0,1,1,1
2023-07-21,6,0,0.42100410620763024,0.8080567209624188,0.9969422,0.9969867,1,0,1,1,1
2023-07-24,6,0,0.38822792445616905,0.8087182751786771,0.9971156,0.99749386,1,0,1,1,1
2023-07-25,6,0,0.355440025162483,0.8097436376471212,0.99740297,0.99834096,1,0,1,1,1
2023-07-26,6,0,0.41958554377869434,0.8187226842632291,0.997433,0.9986525,1,0,1,1,1
2023-07-27,6,0,0.46432841843200734,0.7541816586215685,0.9969291,0.99856025,1,0,1,1,1
2023-07-28,6,0,0.42096299959985095,0.7303314340883996,0.9970849,0.9986771,1,0,1,1,1
2023-07-31,6,0,0.4000815297604904,0.7116805517084883,0.9973248,0.9989248,1,0,1,1,1
2023-08-01,6,0,0.45427417637187084,0.6972160811159478,0.9973775,0.9984975,1,0,1,1,1
2023-08-02,6,0,0.46656873450538955,0.7019586572501388,0.9973188,0.99863416,1,0,1,1,1
2023-08-03,6,0,0.42535078680115895,0.7366978466238563,0.99708885,0.99890506,1,0,1,1,1
2023-08-04,6,0,0.43871699024364885,0.7653902428780637,0.99728084,0.99904674,1,0,1,1,1
2023-08-07,6,0,0.4273904129311737,0.7281593857037643,0.99714583,0.99836534,1,0,1,1,1
2023-08-08,6,0,0.42615104289030276,0.8209877457979801,0.9972609,0.9989266,1,0,1,1,1
2023-08-09,6,0,0.4141407942361741,0.8439077776693614,0.99737394,0.9985348,1,0,1,1,1
2023-08-10,6,0,0.4196416810146246,0.8161183579388449,0.9973316,0.99858665,1,0,1,1,1
2023-08-11,6,0,0.4098669758143759,0.8178233225126603,0.99730456,0.9982161,1,0,1,1,1
2023-08-14,6,0,0.38401265298360554,0.8020067403361053,0.99732363,0.9986125,1,0,1,1,1
2023-08-15,6,0,0.3824282858067074,0.842724220814942,0.997405,0.9988772,1,0,1,1,1
2023-08-16,6,0,0.3723308083800944,0.8142705469041884,0.997428,0.99860257,1,0,1,1,1
2023-08-17,6,1,0.3301054625485992,0.803683718661872,0.99738115,0.9988914,1,0,1,1,1
2023-08-18,6,1,0.36079741593171527,0.7969865832575194,0.9966762,0.99909246,1,0,1,1,1
2023-08-21,6,1,0.3124242210379241,0.8012497309300423,0.9973144,0.9986665,1,0,1,1,1
2023-08-22,6,1,0.33119365859636846,0.8461371772038259,0.9975395,0.99866104,1,0,1,1,1
2023-08-23,6,1,0.31052389842119443,0.791497584130391,0.9974942,0.9983632,1,0,1,1,1
2023-08-24,6,1,0.40854359557149117,0.84180293220509,0.9970667,0.9973272,1,0,1,1,1
2023-08-25,6,1,0.3763142680947876,0.801487218435052,0.99691343,0.99494994,1,0,1,1,1
2023-08-28,6,1,0.3895012736276073,0.7518444054781313,0.9972384,0.9982686,1,0,1,1,1
2023-08-29,6,0,0.3457375742595112,0.6541577395441418,0.99661934,0.9971053,1,0,1,1,1
2023-08-30,6,0,0.4008448326850023,0.732607810998754,0.99450994,0.9858533,1,0,1,1,1
2023-08-31,6,1,0.41780886014015733,0.7936494860288128,0.99621224,0.9960653,1,0,1,1,1
2023-09-01,6,1,0.40449969626374915,0.7375481499673104,0.99693954,0.9969613,1,0,1,1,1
2023-09-04,6,1,0.3900432947555183,0.8051870005202433,0.9968125,0.99432546,1,0,1,1,1
2023-09-05,6,1,0.3962632559048482,0.7631401340648732,0.99696976,0.9955657,1,0,1,1,1
2023-09-06,6,1,0.4051080722150448,0.8334168721825312,0.99713135,0.99411726,1,0,1,1,1
2023-09-07,6,1,0.39311582475705564,0.8193765531827392,0.9971871,0.99504244,1,0,1,1,1
2023-09-08,6,1,0.38979165095055596,0.8127019745304261,0.997256,0.9843796,1,0,1,1,1
2023-09-11,6,1,0.33967126960085986,0.7939017981320242,0.9972408,0.9976407,1,0,1,1,1
2023-09-12,6,1,0.3797490253715654,0.834855450771216,0.99740666,0.99843186,1,0,1,1,1
2023-09-13,6,1,0.39689071168262097,0.8461229009384624,0.99742633,0.9981457,1,0,1,1,1
2023-09-14,6,1,0.3773940257504465,0.7909131845534924,0.99740463,0.998262,1,0,1,1,1
2023-09-15,6,1,0.34620090377773527,0.8440626832214824,0.997449,0.9986299,1,0,1,1,1
2023-09-18,6,1,0.33061958380437556,0.8326652160975059,0.9972344,0.99840945,1,0,1,1,1
2023-09-19,6,1,0.3467547868219868,0.8289623068392319,0.997407,0.9979691,1,0,1,1,1
2023-09-20,6,1,0.34953266261203214,0.7457865448282905,0.9975056,0.9983967,1,0,1,1,1
2023-09-21,6,1,0.36614899856693844,0.7375283290925587,0.997306,0.99870217,1,0,1,1,1
2023-09-22,6,1,0.34163795731500823,0.7861449244944904,0.997396,0.9988092,1,0,1,1,1
2023-09-25,6,1,0.3547089954951685,0.7823554214114337,0.99727875,0.9986896,1,0,1,1,1
2023-09-26,6,1,0.38839046996768406,0.8237399272079244,0.9973508,0.99897385,1,0,1,1,1
2023-09-27,6,1,0.37055052674005495,0.8049091502244035,0.9972608,0.9988097,1,0,1,1,1
2023-09-28,6,1,0.33703989047440985,0.8052064930930388,0.9972627,0.9990025,1,0,1,1,1
2023-09-29,6,1,0.36906847425207856,0.7785815208917708,0.99752873,0.998857,1,0,1,1,1
2023-10-02,6,1,0.4147832074012383,0.8050515931842154,0.9973667,0.99876875,1,0,1,1,1
2023-10-03,6,1,0.3267349737496873,0.8042456813142199,0.99701333,0.9989292,1,0,1,1,1
2023-10-04,6,1,0.3470667175258149,0.7686913541085779,0.9974045,0.99907434,1,0,1,1,1
2023-10-05,6,1,0.34756652824213835,0.7809180218854819,0.9975007,0.9988361,1,0,1,1,1
2023-10-06,6,1,0.29128188166567737,0.6850504972162547,0.9974516,0.9988385,1,0,1,1,1
2023-10-09,6,1,0.30822498078750565,0.794057283826909,0.99756926,0.99888223,1,0,1,1,1
2023-10-10,6,1,0.34045036928686895,0.8144908015473616,0.9973386,0.9988267,1,0,1,1,1
2023-10-11,6,1,0.3391260859029195,0.778960621144564,0.9972324,0.9982926,1,0,1,1,1
2023-10-12,6,1,0.36657324515103623,0.7963498074270012,0.9972446,0.9957508,1,0,1,1,1
2023-10-13,6,1,0.32012996445726216,0.7356006681948508,0.9973678,0.9977531,1,0,1,1,1
2023-10-16,6,1,0.3259260206040211,0.7656200705668935,0.9937209,0.9926917,1,0,1,1,1
2023-10-17,6,1,0.3045417886344831,0.8026958139595439,0.99715805,0.9971834,1,0,1,1,1
2023-10-18,6,1,0.31775059871449196,0.7389962333643127,0.99749255,0.998271,1,0,1,1,1
2023-10-19,6,1,0.32037818596847073,0.7614446335719809,0.99732757,0.9986035,1,0,1,1,1
2023-10-20,6,1,0.3220800722557318,0.7452474701568677,0.9974503,0.9985537,1,0,1,1,1
2023-10-23,6,1,0.3358817108341845,0.7976831797978882,0.9974674,0.998334,1,0,1,1,1
2023-10-24,6,1,0.32981103772797277,0.7795774075039086,0.9975495,0.9987546,1,0,1,1,1
2023-10-25,6,1,0.36984246379914,0.7420322952272735,0.9975031,0.99896777,1,0,1,1,1
2023-10-26,6,1,0.37801249063511433,0.8149835976662287,0.99738127,0.9976427,1,0,1,1,1
2023-10-27,6,1,0.34273870624472047,0.8107888181150494,0.996874,0.9980483,1,0,1,1,1
2023-10-30,6,1,0.3062007345647684,0.7156188905937283,0.997129,0.9969047,1,0,1,1,1
2023-10-31,6,1,0.32234755285329175,0.7193273285718982,0.9975555,0.998309,1,0,1,1,1
2023-11-01,6,1,0.33138211397345657,0.735538758687739,0.9974196,0.99890137,1,0,1,1,1
2023-11-02,6,1,0.31255392504589147,0.7341536607944635,0.99704784,0.998206,1,0,1,1,1
2023-11-03,6,1,0.30901611181941196,0.7450088781279313,0.99672794,0.9984334,1,0,1,1,1
2023-11-06,6,1,0.340007704709374,0.79450941408363,0.99652976,0.9970741,1,0,1,1,1
2023-11-07,6,1,0.3712684554890886,0.7582142821958233,0.997053,0.99151003,1,0,1,1,1
2023-11-08,6,1,0.3504774319501085,0.7817106209306728,0.9969818,0.99428225,1,0,1,1,1
2023-11-09,6,1,0.3553868536234412,0.8090758259216143,0.99751306,0.99730635,1,0,1,1,1
2023-11-10,6,1,0.34022353550584955,0.6196040954608266,0.99763024,0.99829334,1,0,1,1,1
2023-11-13,6,1,0.3238817774752075,0.8144827887647337,0.9973797,0.9989889,1,0,1,1,1
2023-11-14,6,1,0.27870119527510445,0.7422422675717452,0.9973507,0.998304,1,0,1,1,1
2023-11-15,6,1,0.31908221257135727,0.7384692064662296,0.9964832,0.9979645,1,0,1,1,1
2023-11-16,6,1,0.3221301861960339,0.7687704508257319,0.99736744,0.99629766,1,0,1,1,1
2023-11-17,6,1,0.3322908492287524,0.6249596602512623,0.9953367,0.99672616,1,0,1,1,1
2023-11-20,6,1,0.3048675802200161,0.6609382828311855,0.9901175,0.99019754,1,0,1,1,1
2023-11-21,6,1,0.28186672420276193,0.8250211236470717,0.94235474,0.97507155,1,0,1,1,1
2023-11-22,6,1,0.31392644099406863,0.7600735906554875,0.9877127,0.9886064,1,0,1,1,1
2023-11-23,6,1,0.31076710962853676,0.785752815866116,0.99537176,0.9940003,1,0,1,1,1
2023-11-24,6,1,0.274493975236824,0.7059158467943623,0.9965745,0.99424475,1,0,1,1,1
2023-11-27,6,1,0.28968973182940255,0.8194624226006681,0.99676406,0.9961753,1,0,1,1,1
2023-11-28,6,1,0.2752041640061621,0.8188122348259107,0.99651587,0.9954723,1,0,1,1,1
2023-11-29,6,1,0.3233339370142895,0.807536123741025,0.9967398,0.99263614,1,0,1,1,1
2023-11-30,6,1,0.31614186169019226,0.712219363480674,0.9968696,0.99453676,1,0,1,1,1
2023-12-01,6,1,0.29789238862391365,0.7605661105117015,0.9970675,0.9972857,1,0,1,1,1
2023-12-04,6,1,0.32594579106382027,0.828762078746418,0.99549097,0.9772538,1,0,1,1,1
2023-12-05,6,0,0.31156273468286116,0.7687497548258198,0.99656016,0.99328786,1,0,1,1,1
2023-12-06,6,0,0.31879207146260635,0.7918157691995954,0.9972881,0.99788827,1,0,1,1,1
2023-12-07,6,0,0.32023174909757623,0.666979589782695,0.99691296,0.9975847,1,0,1,1,1
2023-12-08,6,0,0.3312604306803918,0.6500844412343109,0.99691075,0.99697626,1,0,1,1,1
2023-12-11,6,0,0.29424216498580436,0.6779769838936315,0.99721164,0.99762964,1,0,1,1,1
2023-12-12,6,0,0.29830703903109784,0.7031592104871861,0.99710256,0.99857223,1,0,1,1,1
2023-12-13,6,0,0.26606804206511886,0.6167499588674324,0.99742126,0.9979882,1,0,1,1,1
2023-12-14,6,0,0.2859225255430581,0.5655332232748413,0.9939773,0.9954756,1,0,1,1,1
2023-12-15,6,0,0.3272110240028496,0.7163797522013704,0.9931646,0.98790085,1,0,1,1,1
2023-12-18,6,1,0.2810727285851023,0.7806475787993373,0.9956145,0.9860466,1,0,1,1,1
2023-12-19,6,1,0.24557429736677278,0.7905514948784159,0.9965084,0.9831702,1,0,1,1,1
2023-12-20,6,0,0.27910295431024146,0.8183778729580428,0.99689925,0.9749405,1,0,1,1,1
2023-12-21,6,0,0.24300816362803151,0.7669146246874677,0.99736446,0.9704114,1,0,1,1,1
2023-12-22,6,0,0.2568662294651701,0.7806366158835627,0.9975197,0.9961028,1,0,1,1,1
2023-12-25,6,0,0.2476170499135486,0.8009064486063671,0.99755836,0.9976273,1,0,1,1,1
2023-12-26,7,1,0.5198018837607652,0.8265224049135667,0.98464113,0.6234929,1,1,1,1,1
2023-12-27,7,1,0.5390700581314419,0.808558907216439,0.9944832,0.77888095,1,1,1,1,1
2023-12-28,7,1,0.5773103893904921,0.7854318362743316,0.99823064,0.75233394,1,1,1,1,1
2023-12-29,7,1,0.5820858689778686,0.7895619016549001,0.99840975,0.76922506,1,1,1,1,1
2024-01-01,7,1,0.5236918803387238,0.6545339695676922,0.9985746,0.8286458,1,1,1,1,1
2024-01-02,7,1,0.5025918965206925,0.6584492746527107,0.9948702,0.72490114,1,1,1,1,1
2024-01-03,7,1,0.5319839637445946,0.6302188150973614,0.97965586,0.36436912,1,1,1,1,0
2024-01-04,7,1,0.5180839642657749,0.5857844127989957,0.99156874,0.36732003,1,1,1,1,0
2024-01-05,7,1,0.4712051498949821,0.6141179738639073,0.9455696,0.12949799,1,0,1,1,0
2024-01-08,7,1,0.47255393427976977,0.5392830053667342,0.9352912,0.04587197,1,0,1,1,0
2024-01-09,7,1,0.47081984941897714,0.6434954100852559,0.9288918,0.007156688,1,0,1,1,0
2024-01-10,7,1,0.49905520510412865,0.6518651834066128,0.8057201,0.005824025,1,0,1,1,0
2024-01-11,7,1,0.5190812029503844,0.7280857004715626,0.83918685,0.007461283,1,1,1,1,0
2024-01-12,7,1,0.4936536745527076,0.7177090284087484,0.14480782,0.016200835,1,0,1,0,0
2024-01-15,7,1,0.49521354508775767,0.7747765815869968,0.003276385,0.027831053,1,0,1,0,0
2024-01-16,7,1,0.5505982961801952,0.7276188331513415,0.005663433,0.054399025,1,1,1,0,0
2024-01-17,7,1,0.5584429835349004,0.701015085865473,0.11290983,0.21326712,1,1,1,0,0
2024-01-18,7,1,0.5205272558606655,0.686780308929259,0.13092981,0.61640376,1,1,1,0,1
2024-01-19,7,1,0.5253065600262808,0.6769225132761573,0.03847748,0.7022206,1,1,1,0,1
2024-01-22,7,1,0.5516793844435824,0.7080949620019901,0.045751035,0.6892879,1,1,1,0,1
2024-01-23,7,1,0.5333693598943617,0.7389683784409641,0.021319874,0.55060714,1,1,1,0,1
2024-01-24,7,1,0.5537657413836076,0.7079853400200656,0.012930486,0.5817215,1,1,1,0,1
2024-01-25,7,1,0.5094299731623448,0.7358164234357758,0.015541256,0.6427694,1,1,1,0,1
2024-01-26,7,1,0.5316635064819166,0.7005629917287415,0.009080865,0.63092446,1,1,1,0,1
2024-01-29,7,1,0.4943509953395964,0.7334745776535297,0.015158209,0.5443753,1,0,1,0,1
2024-01-30,7,1,0.5056523589357662,0.7479193504032168,0.016138412,0.57707083,1,1,1,0,1
2024-01-31,7,1,0.5684475791893274,0.7212392035591693,0.018897366,0.54898435,1,1,1,0,1
2024-02-01,7,1,0.5313027453010057,0.6849981748502859,0.052232176,0.5641324,1,1,1,0,1
2024-02-02,7,1,0.5477286917933971,0.7351992713881973,0.008028242,0.65641403,1,1,1,0,1
2024-02-05,7,1,0.5104002552533567,0.7166614225576521,0.0072714635,0.5866122,1,1,1,0,1
2024-02-06,7,1,0.4521705147761687,0.6374560930134967,0.005701862,0.48955652,1,0,1,0,0
2024-02-07,7,1,0.4681534709440121,0.6694582257184901,0.0046665645,0.34983632,1,0,1,0,0
2024-02-08,7,1,0.4338668871203928,0.6857709559156697,0.0059024873,0.21686855,1,0,1,0,0
2024-02-09,7,1,0.44485723554469486,0.6675096435955582,0.005723556,0.17799148,1,0,1,0,0
2024-02-12,7,1,0.4316276561529502,0.7171864553235687,0.0066551166,0.23124798,1,0,1,0,0
2024-02-13,7,1,0.46716874278128295,0.7200157901509115,0.00685678,0.14507698,1,0,1,0,0
2024-02-14,7,1,0.4443004675444793,0.7219029509211958,0.007910243,0.10036151,1,0,1,0,0
2024-02-15,7,1,0.4137830858111276,0.717634395714624,0.0189811,0.08271178,1,0,1,0,0
2024-02-16,7,1,0.43381037263472333,0.7255356081271018,0.038222723,0.1424022,1,0,1,0,0
2024-02-19,7,1,0.4883565491245813,0.7391589555170135,0.042108934,0.04929384,1,0,1,0,0
2024-02-20,7,1,0.4828043065359281,0.7459454281037254,0.049184147,0.082046494,1,0,1,0,0
2024-02-21,7,1,0.49116189216011263,0.7380557916721762,0.037388723,0.20027652,1,0,1,0,0
2024-02-22,7,1,0.48949942194210266,0.7113014966856258,0.041919533,0.4099334,1,0,1,0,0
2024-02-23,7,1,0.46994622902302474,0.7218417173716845,0.27032322,0.6548093,1,0,1,0,1
2024-02-26,7,1,0.5287150098701394,0.7184507242178174,0.01911016,0.5541255,1,1,1,0,1
2024-02-27,7,1,0.49270653124883595,0.7497241909805709,0.027720302,0.56842166,1,0,1,0,1
2024-02-28,7,1,0.49881002816533715,0.7457854550725529,0.029139524,0.58907616,1,0,1,0,1
2024-02-29,7,1,0.5062006433440951,0.7391704990428957,0.009094108,0.51335806,1,1,1,0,1
2024-03-01,7,1,0.5051216322564759,0.6902536796892356,0.011634798,0.6292813,1,1,1,0,1
2024-03-04,7,0,0.49983760283347545,0.6326535196291152,0.005174342,0.58381104,1,0,1,0,1
2024-03-05,7,1,0.5492242643564327,0.7404264689862853,0.0040280833,0.5211089,1,1,1,0,1
2024-03-06,7,0,0.5359581024084332,0.6353541576475358,0.009871299,0.5820249,1,1,1,0,1
2024-03-07,7,0,0.5515958928711994,0.7286186164768003,0.028021414,0.5294877,1,1,1,0,1
2024-03-08,7,0,0.5487530754974884,0.670498375944244,0.009619545,0.67101395,1,1,1,0,1
2024-03-11,7,0,0.5249663779540077,0.6032879974983398,0.03464473,0.6231354,1,1,1,0,1
2024-03-12,7,0,0.5234405656970088,0.7465190735810775,0.06631184,0.667951,1,1,1,0,1
2024-03-13,7,0,0.44168944616440237,0.6111107028922953,0.22451916,0.7346004,1,0,1,0,1
2024-03-14,7,0,0.5119958767022523,0.6726238341712134,0.07510973,0.6368324,1,1,1,0,1
2024-03-15,7,0,0.44412964799963944,0.6768575726072883,0.119761184,0.7593107,1,0,1,0,1
2024-03-18,7,0,0.4837911900694387,0.6919096807324854,0.18211032,0.743587,1,0,1,0,1
2024-03-19,7,0,0.4714998700881432,0.684344082527328,0.17264478,0.7868513,1,0,1,0,1
2024-03-20,7,0,0.4618837027423431,0.6766330546336801,0.67665327,0.709068,1,0,1,1,1
2024-03-21,7,0,0.53285916655401,0.7138467158354618,0.4016572,0.68404174,1,1,1,0,1
2024-03-22,7,0,0.5297473390901931,0.7251991359285661,0.10538821,0.57385683,1,1,1,0,1
2024-03-25,7,0,0.5978910070401718,0.6936544594166127,0.6257877,0.5383409,1,1,1,1,1
2024-03-26,7,0,0.5836409940151762,0.6538737505398806,0.456383,0.61421555,1,1,1,0,1
2024-03-27,7,0,0.5468617455755923,0.7100210091335568,0.14138559,0.71910083,1,1,1,0,1
2024-03-28,7,0,0.5717799907983648,0.7044928680264375,0.16031407,0.76640344,1,1,1,0,1
2024-03-29,7,0,0.5743945087791164,0.7335386327167805,0.059375927,0.61112314,1,1,1,0,1
2024-04-01,7,0,0.587285034695867,0.7154285127375825,0.109562404,0.7339356,1,1,1,0,1
2024-04-02,7,0,0.5103345061239289,0.7223365003574413,0.062239632,0.71887094,1,1,1,0,1
2024-04-03,7,1,0.4252066861579335,0.5822006103970603,0.046114884,0.7128677,1,0,1,0,1
2024-04-04,7,0,0.5015650073789802,0.7538012741942437,0.071966596,0.72331923,1,1,1,0,1
2024-04-05,7,0,0.4498127166946894,0.6420481374432805,0.1128061,0.6339805,1,0,1,0,1
2024-04-08,7,0,0.4512054508235124,0.6555987779142717,0.11394794,0.8550256,1,0,1,0,1
2024-04-09,7,1,0.45969079466854124,0.7454505988896614,0.25470188,0.62741745,1,0,1,0,1
2024-04-10,7,0,0.4695835642091156,0.7162491233104886,0.3991644,0.687798,1,0,1,0,1
2024-04-11,7,0,0.43098258248939814,0.7869067276707815,0.35796696,0.66172445,1,0,1,0,1
2024-04-12,7,1,0.46516618814587796,0.8156191188018777,0.5514692,0.7147147,1,0,1,1,1
2024-04-15,7,1,0.3846851038015443,0.8281587237235639,0.7632292,0.6341615,1,0,1,1,1
2024-04-16,7,1,0.45051137596285146,0.7334805820551638,0.76727635,0.7561192,1,0,1,1,1
2024-04-17,7,1,0.4242781584433893,0.782963285547583,0.90902174,0.8114051,1,0,1,1,1
2024-04-18,7,1,0.45080714033874275,0.773901922056401,0.60945004,0.8012377,1,0,1,1,1
2024-04-19,7,1,0.40917616373778265,0.770952500297782,0.9782144,0.6962021,1,0,1,1,1
2024-04-22,7,1,0.49192604174211346,0.8170322412985567,0.9867404,0.6019175,1,0,1,1,1
2024-04-23,7,1,0.44045599370769384,0.8133302816776401,0.94737417,0.40460017,1,0,1,1,0
2024-04-24,7,1,0.43696657446063986,0.7630325245030967,0.9853618,0.71952355,1,0,1,1,1
2024-04-25,7,1,0.4213392172522046,0.7903173961120309,0.9954638,0.608673,1,0,1,1,1
2024-04-26,7,1,0.4425416627767432,0.7918485395231794,0.9970175,0.5751647,1,0,1,1,1
2024-04-29,7,1,0.4103040048609887,0.7932075287476941,0.99536234,0.6584726,1,0,1,1,1
2024-04-30,7,1,0.4609326798996959,0.7861401390751758,0.9930989,0.5099249,1,0,1,1,1
2024-05-01,7,1,0.43355193273374054,0.7406295676513126,0.99134916,0.35596517,1,0,1,1,0
2024-05-02,7,1,0.45103433744905197,0.6434378972200727,0.9892827,0.30521956,1,0,1,1,0
2024-05-03,7,1,0.47124099280148285,0.7453833114484202,0.956775,0.1857695,1,0,1,1,0
2024-05-06,7,1,0.4254034899944387,0.7568028874295217,0.9324795,0.2541903,1,0,1,1,0
2024-05-07,7,1,0.4782312679326434,0.7944124319505871,0.9211691,0.25763628,1,0,1,1,0
2024-05-08,7,1,0.4765555506927337,0.78254213518652,0.95819,0.46774593,1,0,1,1,0
2024-05-09,7,1,0.42714869501304836,0.7560710111895186,0.9419449,0.3794032,1,0,1,1,0
2024-05-10,7,1,0.4605300132730939,0.8032437698202857,0.064088225,0.23752597,1,0,1,0,0
2024-05-13,7,0,0.44768182306116316,0.7812440274066718,0.0683442,0.27231687,1,0,1,0,0
2024-05-14,7,1,0.4394343377737013,0.7645406241699476,0.09256539,0.33139408,1,0,1,0,0
2024-05-15,7,0,0.437950923835314,0.6647882923766646,0.03756127,0.37522674,1,0,1,0,0
2024-05-16,7,0,0.4723371539839408,0.7389387853157703,0.022882046,0.21451874,1,0,1,0,0
2024-05-17,7,0,0.39095783742001855,0.6858461269711443,0.08124939,0.5620257,1,0,1,0,1
2024-05-20,7,0,0.45575403646695206,0.7791306604390178,0.038766675,0.31214508,1,0,1,0,0
2024-05-21,7,0,0.44739647302844643,0.7967816055798772,0.18873885,0.5432837,1,0,1,0,1
2024-05-22,7,0,0.5087169857273673,0.7510234494828165,0.05689306,0.48551714,1,1,1,0,0
2024-05-23,7,0,0.47391065970608537,0.7339394016839809,0.13364702,0.41856477,1,0,1,0,0
2024-05-24,7,0,0.42898078192148964,0.7979120757228263,0.45114693,0.57362264,1,0,1,0,1
2024-05-27,7,0,0.3787097381666028,0.7426276233364446,0.14117791,0.53097445,1,0,1,0,1
2024-05-28,7,0,0.5861311075948555,0.7099036956053344,0.02645661,0.40067297,1,1,1,0,0
2024-05-29,7,0,0.6139168722092382,0.6548200761416489,0.0806136,0.6247668,1,1,1,0,1
2024-05-30,7,0,0.6499797558287038,0.7512684952649146,0.14501062,0.81223726,1,1,1,0,1
2024-05-31,7,0,0.6167281507470642,0.7456876600976559,0.094161816,0.8417731,1,1,1,0,1
2024-06-03,7,0,0.6193412721021971,0.7062886436886435,0.8633986,0.93705887,1,1,1,1,1
2024-06-04,7,0,0.6933396767807513,0.6712229910171023,0.11528527,0.89639634,1,1,1,0,1
2024-06-05,7,0,0.661629881751415,0.632342861228854,0.2900174,0.93458396,1,1,1,0,1
2024-06-06,7,0,0.4437140581095095,0.6900522777799383,0.41071615,0.9162429,1,0,1,0,1
2024-06-07,7,0,0.5774341406414871,0.7993910699717968,0.25458997,0.79221725,1,1,1,0,1
2024-06-10,7,0,0.42222419824537033,0.7861086249304396,0.89664286,0.76426476,1,0,1,1,1
2024-06-11,7,0,0.4979528783007112,0.760974982130483,0.7530332,0.67008543,1,0,1,1,1
2024-06-12,7,0,0.4617261627298959,0.7340210876133142,0.94622254,0.6290047,1,0,1,1,1
2024-06-13,7,0,0.5175844591638108,0.7118057960608953,0.969648,0.6251912,1,1,1,1,1
2024-06-14,7,1,0.495147021882514,0.744570967705246,0.97880244,0.5486784,1,0,1,1,1
2024-06-17,7,1,0.4939460937338266,0.7802340168673407,0.9206073,0.5830404,1,0,1,1,1
2024-06-18,7,1,0.4638230554102042,0.657660677240269,0.96967816,0.57559663,1,0,1,1,1
2024-06-19,7,0,0.4695571207112775,0.7759395245599098,0.49696416,0.4754432,1,0,1,0,0
2024-06-20,7,1,0.41271270457729153,0.7544348131173446,0.52419347,0.5141316,1,0,1,1,1
2024-06-21,7,0,0.5032712636692661,0.8112210734464209,0.3235719,0.4515738,1,1,1,0,0
2024-06-24,7,0,0.45789013098654363,0.7493858685029083,0.8432013,0.35763815,1,0,1,1,0
2024-06-25,7,0,0.5138867081476095,0.7509377861272009,0.8348865,0.37121475,1,1,1,1,0
2024-06-26,7,0,0.4876642186954404,0.7346400183840174,0.05417517,0.3899654,1,0,1,0,0
2024-06-27,7,1,0.5048342161356548,0.725137148874487,0.022705564,0.57662463,1,1,1,0,1
2024-06-28,7,1,0.4906979180676272,0.7244354943182362,0.015965195,0.54410785,1,0,1,0,1
2024-07-01,7,0,0.46981936879240205,0.7006749676887674,0.013508217,0.62989616,1,0,1,0,1
2024-07-02,7,0,0.45865256984087,0.7067558603376479,0.011021588,0.5737335,1,0,1,0,1
2024-07-03,7,0,0.4399463444761954,0.7219348248315457,0.040289316,0.5291766,1,0,1,0,1
2024-07-04,7,1,0.4773182102545166,0.7222372503978788,0.10005988,0.538595,1,0,1,0,1
2024-07-05,7,1,0.47757472691210767,0.7359547230281719,0.20601004,0.58266395,1,0,1,0,1
2024-07-08,7,1,0.5044701307147221,0.7483995561559147,0.054986652,0.61077315,1,1,1,0,1
2024-07-09,7,1,0.4916288153574702,0.7236444271497585,0.72903323,0.5995977,1,0,1,1,1
2024-07-10,7,1,0.4886849943231907,0.749522692354876,0.031198794,0.4696026,1,0,1,0,0
2024-07-11,7,1,0.48028938113419617,0.6820808665397063,0.053362153,0.57184625,1,0,1,0,1
2024-07-12,7,1,0.5148777487740287,0.7630515669090654,0.002912519,0.51748663,1,1,1,0,1
2024-07-15,7,0,0.5024328372018101,0.7046227276977339,0.024472935,0.58308274,1,1,1,0,1
2024-07-16,7,0,0.43862891219975875,0.7255220478347515,0.0068780687,0.33752406,1,0,1,0,0
2024-07-17,7,0,0.49494889079691995,0.7706034455137999,0.0014110866,0.23964335,1,0,1,0,0
2024-07-18,7,0,0.5122625479980067,0.7675609202131435,0.0044329255,0.35563618,1,1,1,0,0
2024-07-19,7,0,0.4943368725241469,0.7237277508130638,0.0084328465,0.25450635,1,0,1,0,0
2024-07-22,7,0,0.44881179096404816,0.820921407201494,0.011494287,0.49892563,1,0,1,0,0
2024-07-23,7,0,0.4442058291711665,0.7246591018342672,0.008393219,0.5554771,1,0,1,0,1
2024-07-24,7,0,0.46058406270238605,0.7122364870588674,0.006563108,0.5286875,1,0,1,0,1
2024-07-25,7,0,0.48509953060712996,0.7523888909433636,0.005053631,0.48658636,1,0,1,0,0
2024-07-26,7,0,0.4482586436056225,0.7166113113690413,0.011022976,0.27714804,1,0,1,0,0
2024-07-29,7,0,0.45150351807183475,0.7103007469533431,0.0068429187,0.17557564,1,0,1,0,0
2024-07-30,7,0,0.4237752958894669,0.7357329949688866,0.0067699784,0.2713945,1,0,1,0,0
2024-07-31,7,0,0.4614364161646038,0.6439236204824194,0.0024668975,0.30882093,1,0,1,0,0
2024-08-01,7,0,0.5048537492107867,0.7352448384670619,0.030918516,0.25614497,1,1,1,0,0
2024-08-02,7,0,0.4911595087080324,0.7804412215028458,0.004915609,0.5338787,1,0,1,0,1
2024-08-05,7,1,0.5648640540253265,0.6913184606850921,0.006426799,0.50958335,1,1,1,0,1
2024-08-06,7,1,0.4859658041892436,0.7564391690308896,0.15531813,0.68150514,1,0,1,0,1
2024-08-07,7,1,0.5133311528545079,0.7335737210394693,0.017985418,0.79892045,1,1,1,0,1
2024-08-08,7,1,0.4182943605724822,0.6726002421222489,0.01146135,0.63547873,1,0,1,0,1
2024-08-09,7,1,0.43881994204629227,0.7585170570539558,0.016490929,0.75355715,1,0,1,0,1
2024-08-12,7,1,0.4213989971237727,0.7646958006091077,0.06529334,0.5591633,1,0,1,0,1
2024-08-13,7,1,0.45368693858297793,0.7503880383903551,0.16925496,0.578748,1,0,1,0,1
2024-08-14,7,1,0.46081858915019125,0.7982320346944525,0.9883405,0.5886387,1,0,1,1,1
2024-08-15,7,1,0.4215246385799488,0.7106778829284849,0.99579513,0.49874845,1,0,1,1,0
2024-08-16,7,1,0.4290909685000933,0.7720294348742607,0.99332124,0.5740415,1,0,1,1,1
2024-08-19,7,1,0.408215202958005,0.7974662463610183,0.9323716,0.48417512,1,0,1,1,0
2024-08-20,7,1,0.4322869737069493,0.7612776363290631,0.542341,0.5139179,1,0,1,1,1
2024-08-21,7,0,0.43191796269444527,0.7883156441391457,0.8697827,0.43563932,1,0,1,1,0
2024-08-22,7,1,0.460989717937449,0.7675671061494637,0.62258035,0.35540402,1,0,1,1,0
2024-08-23,7,0,0.3913268260248369,0.6880879892621218,0.979916,0.40248653,1,0,1,1,0
2024-08-26,7,0,0.41566591777011286,0.7856270295463006,0.73084646,0.24498993,1,0,1,1,0
2024-08-27,8,1,0.5328264213617167,0.6763368146661506,0.14744051,0.07742123,1,1,1,0,0
2024-08-28,8,1,0.5624760111266573,0.6429718355876648,0.24282885,0.24287239,1,1,1,0,0
2024-08-29,8,1,0.5353521074167895,0.6421625564101867,0.0653072,0.38230535,1,1,1,0,0
2024-08-30,8,1,0.5157029180834881,0.6325620691223697,0.54878557,0.31986895,1,1,1,1,0
2024-09-02,8,1,0.5337603610823449,0.6877364347670308,0.12701413,0.2795039,1,1,1,0,0
2024-09-03,8,1,0.5640720323533904,0.6439878438482741,0.9165786,0.20700061,1,1,1,1,0
2024-09-04,8,1,0.5271994729222863,0.6223350470825727,0.9826288,0.39946592,1,1,1,1,0
2024-09-05,8,1,0.5292910929194564,0.6199418490025004,0.9957598,0.35574228,1,1,1,1,0
2024-09-06,8,1,0.6056365182125681,0.60467334078653,0.96950835,0.22628735,1,1,1,1,0
2024-09-09,8,1,0.5286575099119397,0.6265844139614918,0.9638541,0.38264364,1,1,1,1,0
2024-09-10,8,1,0.5471934082685114,0.6631827785252393,0.8986441,0.116910614,1,1,1,1,0
2024-09-11,8,1,0.5315749512260209,0.6526274524929602,0.92821187,0.094452105,1,1,1,1,0
2024-09-12,8,1,0.49984489737237653,0.6181059727864215,0.9656345,0.15828848,1,0,1,1,0
2024-09-13,8,1,0.5140989443987881,0.6161174749301271,0.8229292,0.17092754,1,1,1,1,0
2024-09-16,8,1,0.557717482410576,0.6449950013306246,0.58067924,0.18901037,1,1,1,1,0
2024-09-17,8,1,0.5454244563418751,0.6546157073129001,0.43802473,0.13950871,1,1,1,0,0
2024-09-18,8,1,0.5802887458484941,0.5857606288485243,0.043359946,0.079182215,1,1,1,0,0
2024-09-19,8,1,0.49201920929064946,0.5733885061247357,0.15860924,0.015489018,1,0,1,0,0
2024-09-20,8,1,0.5186410410469294,0.565270608622833,0.054151572,0.01850668,1,1,1,0,0
2024-09-23,8,1,0.5231920269165651,0.6310236142176617,0.020371795,0.071221575,1,1,1,0,0
2024-09-24,8,1,0.45331232988372894,0.4664829349744108,0.0845995,0.08093862,1,0,0,0,0
2024-09-25,8,1,0.51586799970606,0.5846145021391823,0.0821517,0.07116961,1,1,1,0,0
2024-09-26,8,1,0.5075866710439002,0.5003630261095489,0.3304406,0.17191072,1,1,1,0,0
2024-09-27,8,1,0.5429767133840957,0.5831124053282988,0.4925176,0.21111017,1,1,1,0,0
2024-09-30,8,1,0.519372495463976,0.6138574253890805,0.6894297,0.24851248,1,1,1,1,0
2024-10-01,8,1,0.5273880451894611,0.6799776773740029,0.94355375,0.23698352,1,1,1,1,0
2024-10-02,8,1,0.508588315517028,0.6289624077593429,0.99377877,0.3570928,1,1,1,1,0
2024-10-03,8,1,0.5113891036947059,0.6023809956895047,0.95754814,0.3238682,1,1,1,1,0
2024-10-04,8,1,0.48056171582751656,0.5742520554075663,0.8972061,0.23804568,1,0,1,1,0
2024-10-07,8,1,0.5073765063157196,0.6281984722671285,0.8573795,0.28278947,1,1,1,1,0
2024-10-08,8,1,0.48656481523250816,0.5449175522137428,0.96047586,0.40715462,1,0,1,1,0
2024-10-09,8,1,0.4667696234118511,0.5234923763364521,0.75548935,0.23688084,1,0,1,1,0
2024-10-10,8,1,0.45483360252266564,0.5347366037476343,0.8523389,0.26034155,1,0,1,1,0
2024-10-11,8,1,0.47199570661115314,0.5336419394027155,0.975009,0.53589684,1,0,1,1,1
2024-10-14,8,1,0.49052184051405184,0.5871117448973798,0.9311055,0.81822675,1,0,1,1,1
2024-10-15,8,1,0.4921342470344478,0.556086124069989,0.97324216,0.93416196,1,0,1,1,1
2024-10-16,8,1,0.5004043477808591,0.5973298033058629,0.8538222,0.8660961,1,1,1,1,1
2024-10-17,8,1,0.5310707377798023,0.5729142049382879,0.9556628,0.7623597,1,1,1,1,1
2024-10-18,8,1,0.4173197675683381,0.5608378537541462,0.9714944,0.6260043,1,0,1,1,1
2024-10-21,8,1,0.4887405856962156,0.563488799869854,0.9139298,0.6168981,1,0,1,1,1
2024-10-22,8,1,0.4522654619236075,0.585908883971186,0.92929494,0.5908584,1,0,1,1,1
2024-10-23,8,1,0.49260030903798996,0.5720932707584573,0.929881,0.25753915,1,0,1,1,0
2024-10-24,8,1,0.48439733107627586,0.6020501369321347,0.8660972,0.18974994,1,0,1,1,0
2024-10-25,8,1,0.4774928830902157,0.5527350252853616,0.9795236,0.13047424,1,0,1,1,0
2024-10-28,8,1,0.4908114737667747,0.5233720320663968,0.99789375,0.17756733,1,0,1,1,0
2024-10-29,8,1,0.45988628386131203,0.5663726250778993,0.9971866,0.16096109,1,0,1,1,0
2024-10-30,8,1,0.5218340400059543,0.6061001629237455,0.9911376,0.19959751,1,1,1,1,0
2024-10-31,8,1,0.5284065322018628,0.6157799755506157,0.9921485,0.29469666,1,1,1,1,0
2024-11-01,8,1,0.4903821922498118,0.5734436482604852,0.99687356,0.292999,1,0,1,1,0
2024-11-04,8,1,0.4729961618192837,0.647953948173629,0.9952988,0.16317767,1,0,1,1,0
2024-11-05,8,1,0.4662318851867898,0.6168904993792751,0.9989071,0.40837002,1,0,1,1,0
2024-11-06,8,1,0.5183047739652632,0.49672174250826445,0.99624336,0.92385405,1,1,0,1,1
2024-11-07,8,1,0.4396377076391769,0.5139082649248398,0.9656631,0.97609895,1,0,1,1,1
2024-11-08,8,1,0.5057702939492431,0.566904875918447,0.8807658,0.9324705,1,1,1,1,1
2024-11-11,8,1,0.4823171055409571,0.60877116502445,0.88060313,0.78858155,1,0,1,1,1
2024-11-12,8,1,0.44227805047783614,0.579639685254747,0.73715216,0.79432666,1,0,1,1,1
2024-11-13,8,1,0.4718119929651542,0.5631654779473854,0.6219376,0.9201063,1,0,1,1,1
2024-11-14,8,1,0.44616448820904747,0.5598622162372319,0.6080848,0.9225473,1,0,1,1,1
2024-11-15,8,1,0.4648141921747382,0.5626526056209238,0.90946835,0.3005567,1,0,1,1,0
2024-11-18,8,1,0.4199021282037262,0.5181585576414316,0.9916967,0.15730546,1,0,1,1,0
2024-11-19,8,1,0.46395891203539424,0.552498690577784,0.9894936,0.17480727,1,0,1,1,0
2024-11-20,8,1,0.49391131124464493,0.5375747686476152,0.92008144,0.13386923,1,0,1,1,0
2024-11-21,8,0,0.47058468301262407,0.4989899153360278,0.67283225,0.123081274,1,0,0,1,0
2024-11-22,8,0,0.46569111636240706,0.5151667651815515,0.23112197,0.20937647,1,0,1,0,0
2024-11-25,8,1,0.4838411105513134,0.5212813294322534,0.05229165,0.14345029,1,0,1,0,0
2024-11-26,8,1,0.4540713753733872,0.537360957785602,0.10707821,0.03856972,1,0,1,0,0
2024-11-27,8,0,0.4860491226710828,0.5486484583000903,0.117817685,0.12305301,1,0,1,0,0
2024-11-28,8,0,0.4789635193496013,0.5311846455035062,0.055365965,0.14224175,1,0,1,0,0
2024-11-29,8,0,0.4744612613228874,0.5378187404991718,0.03952332,0.057730585,1,0,1,0,0
2024-12-02,8,0,0.4933200867613058,0.6098778720008465,0.034504186,0.054095734,1,0,1,0,0
2024-12-03,8,1,0.4611865530621178,0.5500630339747734,0.093429156,0.04661834,1,0,1,0,0
2024-12-04,8,1,0.4864247761283275,0.5933241131951119,0.2811839,0.08653515,1,0,1,0,0
2024-12-05,8,1,0.4655790961111543,0.5676607487211904,0.77307343,0.06733399,1,0,1,1,0
2024-12-06,8,1,0.4806039949267438,0.559796764885068,0.7518817,0.068369605,1,0,1,1,0
2024-12-09,8,1,0.4412102139947555,0.5523234036052488,0.94387525,0.06921511,1,0,1,1,0
2024-12-10,8,1,0.47387307664101924,0.5481962516269244,0.9251957,0.17936815,1,0,1,1,0
2024-12-11,8,1,0.4342872478121599,0.49981382364128135,0.81964874,0.08331077,1,0,0,1,0
2024-12-12,8,1,0.46494054092496123,0.5271707804819324,0.863223,0.05368046,1,0,1,1,0
2024-12-13,8,1,0.42279718406709604,0.4870439965980002,0.6533147,0.07020041,1,0,0,1,0
2024-12-16,8,0,0.42601901071103837,0.556017815703727,0.58930576,0.12075637,1,0,1,1,0
2024-12-17,8,0,0.42840855890454643,0.563570668738614,0.93527114,0.22362356,1,0,1,1,0
2024-12-18,8,1,0.48603217136123894,0.5611209431698394,0.9486585,0.2595861,1,0,1,1,0
2024-12-19,8,1,0.44262439271764187,0.5093526094133698,0.9378281,0.20332758,1,0,1,1,0
2024-12-20,8,1,0.40283375072053484,0.5741277276918508,0.9203555,0.38921916,1,0,1,1,0
2024-12-23,8,1,0.3913799864159552,0.500464860228875,0.9656423,0.32004863,1,0,1,1,0
2024-12-24,8,0,0.4111288499391094,0.49705989019735014,0.98677015,0.5048049,1,0,0,1,1
2024-12-25,8,0,0.4372028613562441,0.5311066296539425,0.98737943,0.984917,1,0,1,1,1
2024-12-26,8,1,0.45263644020599436,0.5504752711548386,0.9926421,0.9864802,1,0,1,1,1
2024-12-27,8,1,0.4598864265505764,0.5621068076707223,0.981795,0.97918415,1,0,1,1,1
2024-12-30,8,1,0.47333549766464256,0.5833555774797025,0.95373493,0.9765099,1,0,1,1,1
2024-12-31,8,1,0.47451682721126753,0.5839085041335506,0.89274055,0.9707554,1,0,1,1,1
2025-01-01,8,1,0.45145150470868023,0.5747139912682503,0.9159786,0.9838198,1,0,1,1,1
2025-01-02,8,0,0.42477265079785875,0.57500775870725,0.9676783,0.898653,1,0,1,1,1
2025-01-03,8,0,0.42440249271874547,0.5881136874186101,0.97777736,0.766763,1,0,1,1,1
2025-01-06,8,0,0.40386902676662867,0.5698405015439647,0.9916198,0.51527995,1,0,1,1,1
2025-01-07,8,0,0.4524022345499518,0.6460148712948611,0.9968472,0.24990883,1,0,1,1,0
2025-01-08,8,1,0.44529861475533394,0.5938948642871139,0.99836737,0.3140583,1,0,1,1,0
2025-01-09,8,1,0.4421718399238622,0.6259983775456158,0.9985343,0.18170783,1,0,1,1,0
2025-01-10,8,1,0.44585905938379256,0.648282990883675,0.99915254,0.22338371,1,0,1,1,0
2025-01-13,8,0,0.48427980850265717,0.642190551797909,0.9984451,0.48626557,1,0,1,1,0
2025-01-14,8,0,0.44789562296901836,0.6552368082039025,0.99808383,0.3067792,1,0,1,1,0
2025-01-15,8,0,0.4246017965675728,0.5879368723480861,0.99874973,0.20223536,1,0,1,1,0
2025-01-16,8,0,0.46333907162734866,0.6494715896486375,0.9948597,0.28551102,1,0,1,1,0
2025-01-17,8,0,0.4894059507580196,0.6318957061968327,0.99627113,0.566695,1,0,1,1,1
2025-01-20,8,0,0.4767085839644139,0.652078104699925,0.99825615,0.1628449,1,0,1,1,0
2025-01-21,8,0,0.4903782471360501,0.626446176064002,0.9984781,0.34427297,1,0,1,1,0
2025-01-22,8,0,0.4672228734711012,0.5978431383162757,0.9722816,0.3601966,1,0,1,1,0
2025-01-23,8,0,0.45986138184063946,0.5905546554757458,0.9532884,0.16086403,1,0,1,1,0
2025-01-24,8,0,0.44329793668810075,0.5771784963096311,0.7496435,0.13136166,1,0,1,1,0
2025-01-27,8,0,0.49661058289513343,0.6031160323559316,0.025467278,0.1451123,1,0,1,0,0
2025-01-28,8,0,0.4568240351586354,0.5848016271290114,0.038766038,0.14399664,1,0,1,0,0
2025-01-29,8,0,0.4387833606468756,0.6206543015186897,0.050453324,0.10482745,1,0,1,0,0
2025-01-30,8,0,0.42611179465501214,0.5888573877897713,0.08250777,0.2519005,1,0,1,0,0
2025-01-31,8,0,0.4853366213986547,0.6424356502502154,0.01894542,0.17694406,1,0,1,0,0
2025-02-03,8,0,0.46491259886972874,0.6897636856458504,0.04939488,0.122355156,1,0,1,0,0
2025-02-04,8,0,0.4471386579624748,0.679826510829092,0.874623,0.24703847,1,0,1,1,0
2025-02-05,8,0,0.473238857968754,0.6150449819131986,0.980354,0.21225202,1,0,1,1,0
2025-02-06,8,0,0.4539294269238612,0.6145143452179473,0.98498625,0.26139343,1,0,1,1,0
2025-02-07,8,0,0.4769848170027084,0.6631495785027183,0.9911232,0.13547754,1,0,1,1,0
2025-02-10,8,0,0.4618595497375229,0.6566115388816928,0.99336773,0.24952443,1,0,1,1,0
2025-02-11,8,0,0.4548736815119383,0.590193282579847,0.9815247,0.17103958,1,0,1,1,0
2025-02-12,8,0,0.4124713351036302,0.5309440541659919,0.9761687,0.21098237,1,0,1,1,0
2025-02-13,8,0,0.4252135362070813,0.5806955730727741,0.98452884,0.2145644,1,0,1,1,0
2025-02-14,8,0,0.4329203973328067,0.6266727168029272,0.96077883,0.32024637,1,0,1,1,0
2025-02-17,8,0,0.452492186610781,0.6284124535517794,0.83669394,0.2960118,1,0,1,1,0
2025-02-18,8,0,0.4355092577356582,0.6132715514899469,0.8725994,0.6054999,1,0,1,1,1
2025-02-19,8,0,0.4712868504595045,0.6585010220323401,0.9881665,0.5707883,1,0,1,1,1
2025-02-20,8,0,0.4340327873214164,0.6763865801708516,0.9960019,0.6473925,1,0,1,1,1
2025-02-21,8,0,0.49140194477035365,0.744722542939535,0.9962627,0.50718033,1,0,1,1,1
2025-02-24,8,0,0.49422509195615805,0.7349195831419649,0.99955755,0.38266042,1,0,1,1,0
2025-02-25,8,0,0.5251176734735808,0.6606584146994343,0.99835724,0.7580404,1,1,1,1,1
2025-02-26,8,0,0.4885741479801788,0.6357913196168988,0.9978556,0.8472625,1,0,1,1,1
2025-02-27,8,0,0.525735152373764,0.6363522259868342,0.9925868,0.8782129,1,1,1,1,1
2025-02-28,8,0,0.4641834606853985,0.6066542206780149,0.9753446,0.8747825,1,0,1,1,1
2025-03-03,8,0,0.47695729392471703,0.6808217649111488,0.9815074,0.61902833,1,0,1,1,1
2025-03-04,8,0,0.4831410431120715,0.631286735603963,0.9861702,0.7647117,1,0,1,1,1
2025-03-05,8,0,0.4052376958270217,0.5565819397593592,0.9771952,0.8941653,1,0,1,1,1
2025-03-06,8,0,0.4490782049428362,0.6676764077306464,0.98448575,0.89096916,1,0,1,1,1
2025-03-07,8,0,0.4390411614550994,0.6235437242335642,0.97493684,0.8790811,1,0,1,1,1
2025-03-10,8,1,0.4563907199481706,0.6083797173623328,0.9884065,0.10886693,1,0,1,1,0
2025-03-11,8,1,0.4280152652877648,0.6436825757850149,0.9970305,0.38523316,1,0,1,1,0
2025-03-12,8,1,0.42728275304548363,0.6040217573262091,0.9965372,0.4545654,1,0,1,1,0
2025-03-13,8,1,0.43780875055846263,0.6696313698967162,0.998696,0.41793624,1,0,1,1,0
2025-03-14,8,1,0.4190184374644602,0.5904127535810269,0.9826178,0.4493161,1,0,1,1,0
2025-03-17,8,1,0.43386887724832973,0.6275716903442337,0.9922815,0.109487236,1,0,1,1,0
2025-03-18,8,1,0.4619653255683867,0.6883388421623309,0.99664414,0.2830466,1,0,1,1,0
2025-03-19,8,1,0.4592917094004943,0.6220149512449433,0.98882,0.40312624,1,0,1,1,0
2025-03-20,8,1,0.4689338181641234,0.6302002632598374,0.9952468,0.1292359,1,0,1,1,0
2025-03-21,8,1,0.4862737757891211,0.6407316433300424,0.996727,0.27218705,1,0,1,1,0
2025-03-24,8,1,0.43098719611028985,0.5977095891667983,0.99894935,0.27542558,1,0,1,1,0
2025-03-25,8,1,0.4189324054442653,0.6525998690078219,0.99758637,0.19754562,1,0,1,1,0
2025-03-26,8,1,0.4549871734030138,0.6805842227474086,0.9938089,0.80381906,1,0,1,1,1
2025-03-27,8,1,0.4103416682592177,0.6138210855697779,0.99806935,0.9052194,1,0,1,1,1
2025-03-28,8,1,0.46630397987274375,0.6416841339883135,0.9695944,0.85949206,1,0,1,1,1
2025-03-31,8,1,0.4764446746548152,0.6481993203419876,0.9459135,0.7484586,1,0,1,1,1
2025-04-01,8,1,0.46985649866659385,0.6689194913678557,0.99034005,0.51398355,1,0,1,1,1
2025-04-02,8,1,0.46551834525699737,0.632644815853934,0.9887149,0.69688773,1,0,1,1,1
2025-04-03,8,1,0.598438663860292,0.5399890175916813,0.9692415,0.62885195,1,1,1,1,1
2025-04-04,8,1,0.611119269033616,0.5675637143907136,0.9259169,0.35013947,1,1,1,1,0
2025-04-07,8,1,0.38926880738580777,0.58002688637502,0.7179422,0.20222998,1,0,1,1,0
2025-04-08,8,1,0.44847310484034786,0.6334856562605505,0.78737485,0.091509774,1,0,1,1,0
2025-04-09,8,1,0.317822434012924,0.5034592534818686,0.78021365,0.37554684,1,0,1,1,0
2025-04-10,8,1,0.42360251588507886,0.5694005172797947,0.9562919,0.04383797,1,0,1,1,0
2025-04-11,8,1,0.3111780594851728,0.4927605634981011,0.9484939,0.4537348,1,0,0,1,0
2025-04-14,8,1,0.37154789395699456,0.5414323916256306,0.98731065,0.27788454,1,0,1,1,0
2025-04-15,8,1,0.42992151209796414,0.6198937508260716,0.98771334,0.4797227,1,0,1,1,0
2025-04-16,8,1,0.4697172926520471,0.6464378557049625,0.96829873,0.36067787,1,0,1,1,0
2025-04-17,8,1,0.399121602598093,0.609268007468038,0.84104675,0.7149096,1,0,1,1,1
2025-04-18,8,1,0.4499480224993136,0.6478725248199817,0.9504456,0.66640526,1,0,1,1,1
2025-04-21,8,1,0.47316361162839704,0.6269612882356119,0.79308623,0.1337277,1,0,1,1,0
2025-04-22,8,1,0.39263109680624464,0.49902984454279625,0.63410014,0.08571752,1,0,0,1,0
2025-04-23,8,1,0.33590422858438707,0.5778024054384869,0.90921265,0.044528395,1,0,1,1,0
2025-04-24,8,1,0.43377662434282643,0.6055484190571321,0.9709928,0.12445852,1,0,1,1,0
2025-04-25,8,1,0.4385530776079916,0.5998202138993876,0.9571134,0.235374,1,0,1,1,0
2025-04-28,8,1,0.48075212509646076,0.6363984654582643,0.98540944,0.17471685,1,0,1,1,0
