date,fold,actual,proba_logit,proba_rf,proba_lstm,proba_cnn_lstm,always_up_pred,pred_logit,pred_rf,pred_lstm,pred_cnn_lstm
2019-12-24,1,0,0.3325052658075985,0.4722993215699106,0.2893449,0.36641595,1,0,0,0,0
2019-12-25,1,1,0.3779285353021409,0.5244113556111509,0.21266967,0.1730221,1,0,1,0,0
2019-12-26,1,1,0.3734875252865132,0.49842624004846264,0.22737575,0.21156473,1,0,0,0,0
2019-12-27,1,0,0.2659891436781282,0.45534867099228626,0.36385763,0.26035634,1,0,0,0,0
2019-12-30,1,0,0.23545456462384362,0.3174015320911881,0.25539267,0.2724994,1,0,0,0,0
2019-12-31,1,1,0.44200475644076476,0.4292910144169546,0.10445091,0.14188929,1,0,0,0,0
2020-01-01,1,0,0.25682308109119084,0.44646790147730187,0.33780953,0.39033464,1,0,0,0,0
2020-01-02,1,1,0.3317454910440415,0.5403849968394245,0.26935843,0.41880742,1,0,1,0,0
2020-01-03,1,1,0.33733902665772714,0.4150418532382259,0.46726993,0.6217702,1,0,0,0,1
2020-01-06,1,1,0.1518728825536753,0.30358166018632826,0.15007924,0.30003482,1,0,0,0,0
2020-01-07,1,0,0.18344495895395815,0.4016597562175099,0.17478913,0.48048803,1,0,0,0,0
2020-01-08,1,0,0.21685047290606632,0.4878180523148059,0.13945086,0.1843734,1,0,0,0,0
2020-01-09,1,1,0.20758355014331825,0.4217014168329964,0.46894246,0.3656674,1,0,0,0,0
2020-01-10,1,0,0.14581588584211594,0.3456331906871259,0.44289073,0.32228085,1,0,0,0,0
2020-01-13,1,1,0.061008634183870036,0.2765280166244096,0.13094844,0.109892994,1,0,0,0,0
2020-01-14,1,1,0.1236121652469283,0.29779000343783685,0.4595006,0.51448953,1,0,0,0,1
2020-01-15,1,0,0.2910549623152976,0.47929552036075335,0.15333697,0.19287412,1,0,0,0,0
2020-01-16,1,1,0.35033136188682656,0.47805863927208536,0.19375734,0.13987076,1,0,0,0,0
2020-01-17,1,0,0.22161663070287993,0.33496985065808826,0.4554966,0.33795255,1,0,0,0,0
2020-01-20,1,1,0.38560303260238565,0.5018102724291889,0.20496653,0.1135776,1,0,1,0,0
2020-01-21,1,0,0.17227815630649296,0.5299899612475296,0.28458872,0.13963531,1,0,1,0,0
2020-01-22,1,0,0.29065176842581764,0.5480026152077242,0.15057677,0.23121388,1,0,1,0,0
2020-01-23,1,1,0.24604834071937967,0.4695239229815051,0.207332,0.3738816,1,0,0,0,0
2020-01-24,1,1,0.3262583850728258,0.4325408654074005,0.14897627,0.21024093,1,0,0,0,0
2020-01-27,1,1,0.18403596725598143,0.4335463393199664,0.08599451,0.09709176,1,0,0,0,0
2020-01-28,1,0,0.19524440113584435,0.5532620878432294,0.05949564,0.09030833,1,0,1,0,0
2020-01-29,1,1,0.2178599450178644,0.431101031458482,0.4716942,0.6279625,1,0,0,0,1
2020-01-30,1,0,0.31595413177674003,0.4862561834536907,0.17112577,0.16844836,1,0,0,0,0
2020-01-31,1,0,0.10455881697039027,0.40624292936711576,0.17428526,0.17769909,1,0,0,0,0
2020-02-03,1,0,0.1806070184060542,0.3580974302767635,0.07167355,0.063915916,1,0,0,0,0
2020-02-04,1,1,0.15439182425674464,0.4501464613910953,0.40358645,0.5011547,1,0,0,0,1
2020-02-05,1,1,0.3256800304617819,0.25575835101888295,0.5499143,0.5820817,1,0,0,1,1
2020-02-06,1,1,0.331348870265785,0.503168326685815,0.40443492,0.2177326,1,0,1,0,0
2020-02-07,1,1,0.23630304093502222,0.46536470007244085,0.2520387,0.08833465,1,0,0,0,0
2020-02-10,1,1,0.3240224551116767,0.49988857350603283,0.09570369,0.15426077,1,0,0,0,0
2020-02-11,1,1,0.1979939084749498,0.33076384176090107,0.35610119,0.5436022,1,0,0,0,1
2020-02-12,1,0,0.434391579421655,0.4344580904480828,0.22424641,0.38109595,1,0,0,0,0
2020-02-13,1,1,0.21727259079913686,0.43044342915725664,0.3272287,0.35282245,1,0,0,0,0
2020-02-14,1,0,0.3223638145465963,0.4820555164365725,0.122396566,0.09372312,1,0,0,0,0
2020-02-17,1,1,0.20414330978824263,0.5425552118723682,0.18276604,0.10974907,1,0,1,0,0
2020-02-18,1,0,0.3013362079911513,0.5119771972422104,0.1922917,0.15554793,1,0,1,0,0
2020-02-19,1,1,0.44313707612155767,0.5667293228378294,0.11208436,0.07146625,1,0,1,0,0
2020-02-20,1,1,0.22645302342815768,0.4593348940118623,0.36342257,0.27092785,1,0,0,0,0
2020-02-21,1,0,0.2510387251863269,0.40475167040185334,0.118749,0.13381742,1,0,0,0,0
2020-02-24,1,0,0.050148641948883764,0.43476386068748774,0.07601888,0.086980805,1,0,0,0,0
2020-02-25,1,0,0.033513454288720004,0.5129569998888187,0.06353388,0.07632515,1,0,1,0,0
2020-02-26,1,1,0.2772826484992406,0.3743218209938096,0.07081266,0.18862802,1,0,0,0,0
2020-02-27,1,0,0.10043053235202495,0.5259506216761666,0.30671993,0.47065014,1,0,1,0,0
2020-02-28,1,1,0.0038647714911923666,0.4654363537937563,0.1407042,0.12733476,1,0,0,0,0
2020-03-02,1,0,0.5558220171131615,0.6760143813045003,0.31691083,0.6285585,1,1,1,0,1
2020-03-03,1,1,0.5087151019910489,0.45073481630192147,0.4873865,0.6704359,1,1,0,0,1
2020-03-04,1,1,0.7297086097440761,0.683034002643305,0.7734805,0.75540257,1,1,1,1,1
2020-03-05,1,1,0.024620430264535843,0.34314182198980353,0.30220604,0.6358304,1,0,0,0,1
2020-03-06,1,0,0.056672334371014946,0.5551425384481544,0.2324602,0.13863105,1,0,1,0,0
2020-03-09,1,0,0.0016835089878593575,0.5901033122620216,0.2757762,0.58820057,1,0,1,0,1
2020-03-10,1,1,0.9972058675149419,0.6379004055203851,0.30407715,0.48208362,1,1,1,0,0
2020-03-11,1,0,0.0949135689961774,0.4848273948590146,0.49388766,0.727066,1,0,0,0,1
2020-03-12,1,1,0.062060715857271895,0.5675830037519753,0.57484436,0.41045904,1,0,1,1,0
2020-03-13,1,0,0.9600015653814411,0.5280856998792636,0.6412058,0.6755128,1,1,1,1,1
2020-03-16,1,1,0.08988072512475809,0.5676356358111699,0.46642894,0.5766362,1,0,1,0,1
2020-03-17,1,1,0.99991254250702,0.5129588107065264,0.77388364,0.8467987,1,1,1,1,1
2020-03-18,1,1,0.779050761888787,0.5149495089318615,0.24440835,0.60744214,1,1,1,0,1
2020-03-19,1,1,0.1377722459569822,0.2783682318652252,0.41834983,0.2245778,1,0,0,0,0
2020-03-20,1,1,0.027620544300652566,0.4343937671006885,0.2986265,0.52212536,1,0,0,0,1
2020-03-23,1,1,0.6489443213739887,0.42407713034620653,0.21745113,0.114390455,1,1,0,0,0
2020-03-24,1,0,0.9985788120897328,0.508862664817452,0.1775948,0.42961842,1,1,1,0,0
2020-03-25,1,1,0.8071119165900288,0.4169135378624243,0.36517632,0.6977321,1,1,0,0,1
2020-03-26,1,0,0.9101968213888169,0.540594616899161,0.22984372,0.37284783,1,1,1,0,0
2020-03-27,1,1,0.007408284917290111,0.29261740801867264,0.3780093,0.24910823,1,0,0,0,0
2020-03-30,1,1,0.5324806525200572,0.2801970681799425,0.18668072,0.041180853,1,1,0,0,0
2020-03-31,1,1,0.0022452537308961583,0.2921250256065661,0.45497614,0.65329915,1,0,0,0,1
2020-04-01,1,1,0.10521983760169336,0.4907187805535129,0.12787558,0.13343503,1,0,0,0,0
2020-04-02,1,0,0.7142814459368823,0.5162307203730077,0.109295264,0.20894752,1,1,1,0,0
2020-04-03,1,1,0.3176800434052918,0.6284501488733908,0.40888366,0.61269367,1,0,1,0,1
2020-04-06,1,0,0.9762601502976368,0.436602548831905,0.07175644,0.09413644,1,1,0,0,0
2020-04-07,1,1,0.2246358363626612,0.4344087782627576,0.37198967,0.6400179,1,0,0,0,1
2020-04-08,1,0,0.9045394013640393,0.7066382076205637,0.16999663,0.21884327,1,1,1,0,0
2020-04-09,1,0,0.36734490190524155,0.37705416065532377,0.3198144,0.20809522,1,0,0,0,0
2020-04-10,1,0,0.3861766691876787,0.4267087716616727,0.27060905,0.039844632,1,0,0,0,0
2020-04-13,1,1,0.3536357056388398,0.40811718978764217,0.11804213,0.054316837,1,0,0,0,0
2020-04-14,1,0,0.06835088964559696,0.36414580213620723,0.073231645,0.04812461,1,0,0,0,0
2020-04-15,1,1,0.015480382836023073,0.4206633548443203,0.39354876,0.4045888,1,0,0,0,0
2020-04-16,1,0,0.17086358397635779,0.4947881486365746,0.13389497,0.08551144,1,0,0,0,0
2020-04-17,1,0,0.3008877231156495,0.3242167379438366,0.31009716,0.57222503,1,0,0,0,1
2020-04-20,1,1,0.045477359878846206,0.30049079275924734,0.41339606,0.48738566,1,0,0,0,0
2020-04-21,1,1,0.22578050816228445,0.561146838612287,0.0840879,0.046536323,1,0,1,0,0
2020-04-22,1,1,0.4710036968357525,0.34268866743471404,0.06534285,0.10593223,1,0,0,0,0
2020-04-23,1,1,0.49797115153510496,0.41954609678545546,0.39005938,0.59845734,1,0,0,0,1
2020-04-24,1,1,0.3769616823849001,0.6305522052839886,0.22426885,0.09220448,1,0,1,0,0
2020-04-27,1,0,0.471072012412628,0.3914050861375255,0.285304,0.3054499,1,0,0,0,0
2020-04-28,1,1,0.10453437016939535,0.304575861036331,0.25900534,0.16432138,1,0,0,0,0
2020-04-29,1,0,0.3144868630028499,0.6178835368822042,0.08480758,0.0477646,1,0,1,0,0
2020-04-30,1,1,0.2860681654989812,0.5657492961560114,0.36400107,0.5639532,1,0,1,0,1
2020-05-01,1,1,0.23077651689302503,0.4473610298483359,0.10187168,0.09843307,1,0,0,0,0
2020-05-04,1,1,0.18539768325115405,0.281676734205943,0.04143289,0.06288758,1,0,0,0,0
2020-05-05,1,1,0.2933804208130484,0.4316549022539182,0.21241057,0.46240473,1,0,0,0,0
2020-05-06,1,1,0.08082113687435516,0.3233339401210047,0.20739824,0.12258323,1,0,0,0,0
2020-05-07,1,0,0.07555956768433163,0.33268633082359267,0.073169716,0.05070005,1,0,0,0,0
2020-05-08,1,0,0.5482115609723192,0.42878321187172647,0.26158908,0.060605768,1,1,0,0,0
2020-05-11,1,1,0.6607422377047399,0.42847577991686187,0.28680512,0.229923,1,1,0,0,0
2020-05-12,1,1,0.07317092499736412,0.35167402208584186,0.27802804,0.08807569,1,0,0,0,0
2020-05-13,1,1,0.04771673855633056,0.4002906599658453,0.056816276,0.07952537,1,0,0,0,0
2020-05-14,1,0,0.4760874066057057,0.36018207169766703,0.036570553,0.06550348,1,0,0,0,0
2020-05-15,1,1,0.6605708732092817,0.5065563542867881,0.2808774,0.15141395,1,1,1,0,0
2020-05-18,1,1,0.7689828742671159,0.3604964757296578,0.15283485,0.048149794,1,1,0,0,0
2020-05-19,1,0,0.09957382654238293,0.31998158775203006,0.35127106,0.20472457,1,0,0,0,0
2020-05-20,1,0,0.21933371380469782,0.3758687882739739,0.10257662,0.037301157,1,0,0,0,0
2020-05-21,1,1,0.4745275505450281,0.5864702488763935,0.3414165,0.39251152,1,0,1,0,0
2020-05-22,1,0,0.5273618900934585,0.4078127977786818,0.10070472,0.09357655,1,1,0,0,0
2020-05-25,1,0,0.38415687906418655,0.4203926001063488,0.13371913,0.12717776,1,0,0,0,0
2020-05-26,1,1,0.7048412987663193,0.3747695593669744,0.10492825,0.07499607,1,1,0,0,0
2020-05-27,1,1,0.8230189061118037,0.4703188076091862,0.27234623,0.13469085,1,1,0,0,0
2020-05-28,1,0,0.2289274890480581,0.2572330377604528,0.23387761,0.056502275,1,0,0,0,0
2020-05-29,1,1,0.13731974695767812,0.3816415190541296,0.078932375,0.038841363,1,0,0,0,0
2020-06-01,1,0,0.13345697898921816,0.22508456342416966,0.20383726,0.06031282,1,0,0,0,0
2020-06-02,1,1,0.7333197600021866,0.4300301424919889,0.13377857,0.045572605,1,1,0,0,0
2020-06-03,1,1,0.8228291460200715,0.48029630084275077,0.30655253,0.06950877,1,1,0,0,0
2020-06-04,1,0,0.8341847092413187,0.3604009850825118,0.29987684,0.11329869,1,1,0,0,0
2020-06-05,1,1,0.5366732849846154,0.39999321714577163,0.08090043,0.03996599,1,1,0,0,0
2020-06-08,1,0,0.5431498173033684,0.43997321566442393,0.38542297,0.1584717,1,1,0,0,0
2020-06-09,1,1,0.0733085678492193,0.35083554351724955,0.23813964,0.040768825,1,0,0,0,0
2020-06-10,1,0,0.01945181709166949,0.3530667824201541,0.12598935,0.06020703,1,0,0,0,0
2020-06-11,1,1,0.015457267225134628,0.5371876899145561,0.16308972,0.18145925,1,0,1,0,0
2020-06-12,1,0,0.6989747816905704,0.604164539738537,0.07240098,0.092650734,1,1,1,0,0
2020-06-15,1,1,0.31832502288459413,0.43064430379974167,0.3852411,0.6178037,1,0,0,0,1
2020-06-16,1,0,0.5853601525517231,0.6702492533374476,0.19754878,0.14459227,1,1,1,0,0
2020-06-17,1,0,0.10911397112257874,0.3372189314095509,0.3032398,0.09685711,1,0,0,0,0
2020-06-18,1,0,0.09575120740243438,0.2623937466956536,0.117666505,0.043033816,1,0,0,0,0
2020-06-19,1,1,0.20013079836671724,0.4666445864000177,0.15582523,0.12502567,1,0,0,0,0
2020-06-22,1,0,0.3079790030532804,0.3402153579103493,0.100855656,0.06772269,1,0,0,0,0
2020-06-23,1,0,0.1764114973224686,0.3659733020687226,0.2015097,0.09660264,1,0,0,0,0
2020-06-24,1,0,0.08066739340133894,0.42632022137052694,0.1279028,0.04186405,1,0,0,0,0
2020-06-25,1,0,0.47349017788491343,0.5878381087067219,0.044370554,0.05363894,1,0,1,0,0
2020-06-26,1,1,0.02974554374174725,0.33898040267325824,0.28061706,0.5130117,1,0,0,0,1
2020-06-29,1,0,0.5077838903139049,0.44908277491250836,0.05051502,0.04903531,1,1,0,0,0
2020-06-30,1,1,0.3237979952403254,0.6753434905548223,0.38736284,0.56103176,1,0,1,0,1
2020-07-01,1,0,0.08135510315572766,0.3588264291926337,0.26910332,0.26576233,1,0,0,0,0
2020-07-02,1,0,0.2495942808726565,0.43726207463857003,0.16556852,0.06935186,1,0,0,0,0
2020-07-03,1,1,0.31974046835609865,0.564748878789919,0.18709739,0.065089986,1,0,1,0,0
2020-07-06,1,0,0.17004483222670355,0.353068968173428,0.10973439,0.06312113,1,0,0,0,0
2020-07-07,1,1,0.05007923132939382,0.38547376197347516,0.31379986,0.23637185,1,0,0,0,0
2020-07-08,1,0,0.24214243174879108,0.4545879121794064,0.085269935,0.05196009,1,0,0,0,0
2020-07-09,1,1,0.015270297638076637,0.28143618829057004,0.19183612,0.20214176,1,0,0,0,0
2020-07-10,1,0,0.34310833549829783,0.410059452713425,0.13705859,0.06297131,1,0,0,0,0
2020-07-13,1,1,0.09154111596198726,0.24230505683484288,0.2570948,0.33617055,1,0,0,0,0
2020-07-14,1,0,0.7290539316430981,0.6260088040056798,0.06623594,0.04113055,1,1,1,0,0
2020-07-15,1,0,0.4964082597110199,0.48503035864717303,0.27489275,0.20783167,1,0,0,0,0
2020-07-16,1,1,0.06737785911843268,0.3926949943445192,0.16710725,0.068957075,1,0,0,0,0
2020-07-17,1,1,0.2559928114627699,0.47300682350895207,0.07856657,0.053801484,1,0,0,0,0
2020-07-20,1,1,0.07550679574361888,0.47972239956700363,0.15405393,0.07442735,1,0,0,0,0
2020-07-21,1,1,0.3452260725300782,0.3328120836929446,0.2446868,0.12163968,1,0,0,0,0
2020-07-22,1,1,0.6587130178672556,0.5203310540843237,0.10298218,0.03918212,1,1,1,0,0
2020-07-23,1,0,0.1435232141529537,0.478745525846481,0.1429823,0.038619164,1,0,0,0,0
2020-07-24,1,1,0.6678672106834096,0.6289472390642541,0.049799334,0.043647528,1,1,1,0,0
2020-07-27,1,0,0.6204549660063085,0.580824181815811,0.067870006,0.085045174,1,1,1,0,0
2020-07-28,1,1,0.10549149565069452,0.43025142832031577,0.15974349,0.08214101,1,0,0,0,0
2020-07-29,1,1,0.1799598404906266,0.37461287032272816,0.08285443,0.047466453,1,0,0,0,0
2020-07-30,1,1,0.057469167356673845,0.3742862463393085,0.24042502,0.20118739,1,0,0,0,0
2020-07-31,1,0,0.202744308026472,0.39845310494800174,0.11432323,0.0817566,1,0,0,0,0
2020-08-03,1,0,0.5084165548369102,0.5528311624060569,0.18769686,0.13836995,1,1,1,0,0
2020-08-04,1,1,0.41309229205190207,0.44819806363352577,0.30515763,0.16382508,1,0,0,0,0
2020-08-05,1,1,0.7360526358636966,0.3929047112832374,0.1706999,0.055830747,1,1,0,0,0
2020-08-06,1,0,0.41312925351467494,0.447394442219733,0.15535857,0.048211742,1,0,0,0,0
2020-08-07,1,1,0.7523181728999391,0.6723627663281472,0.16477945,0.03538734,1,1,1,0,0
2020-08-10,1,0,0.41625969055496,0.3424570672156132,0.096832976,0.060948893,1,0,0,0,0
2020-08-11,1,1,0.13321774869666925,0.5213667048722506,0.15983582,0.06817528,1,0,1,0,0
2020-08-12,1,1,0.4267055619576301,0.610230832649184,0.22065246,0.3250029,1,0,1,0,0
2020-08-13,1,0,0.9049912019973934,0.5632141260191328,0.3065742,0.2898028,1,1,1,0,0
2020-08-14,1,1,0.071910170394419,0.3529104446243685,0.09964809,0.04721219,1,0,0,0,0
2020-08-17,1,0,0.07209099873208588,0.36465079782810506,0.16943504,0.07686405,1,0,0,0,0
2020-08-18,1,0,0.06854567810859742,0.3861276368904939,0.14335854,0.054861043,1,0,0,0,0
2020-08-19,1,1,0.05104219374938275,0.3371982206365367,0.19476992,0.052528378,1,0,0,0,0
2020-08-20,1,0,0.28907804781960617,0.4937787247296032,0.15652384,0.17002064,1,0,0,0,0
2020-08-21,1,1,0.3336712921871159,0.4846841473862202,0.20565814,0.10856638,1,0,0,0,0
2020-08-24,1,0,0.43995760098693015,0.5131768315854436,0.16936399,0.15351266,1,0,1,0,0
2020-08-25,1,1,0.19323873612248912,0.4074117524135292,0.23430565,0.22990145,1,0,0,0,0
2020-08-26,1,0,0.26397551540798225,0.5979199265158094,0.1435923,0.061548524,1,0,1,0,0
2020-08-27,1,1,0.49371543780100835,0.46082036835496915,0.23991053,0.070571356,1,0,0,0,0
2020-08-28,2,1,0.3939290939325553,0.3544644122618912,0.79370826,0.6761141,1,0,0,1,1
2020-08-31,2,1,0.4401215906060662,0.35955467484880155,0.29748544,0.6971405,1,0,0,0,1
2020-09-01,2,0,0.41189348365995504,0.42859634513866385,0.28375337,0.34278578,1,0,0,0,0
2020-09-02,2,0,0.570421041873706,0.5495767649038823,0.54412603,0.695268,1,1,1,1,1
2020-09-03,2,1,0.9025293984477947,0.7332743320168587,0.7809068,0.8755662,1,1,1,1,1
2020-09-04,2,0,0.6667425265983783,0.6343491572145529,0.6570897,0.8365627,1,1,1,1,1
2020-09-07,2,0,0.4717533422967484,0.5760900207400653,0.64297205,0.7395955,1,0,1,1,1
2020-09-08,2,1,0.7032241738752988,0.7221992856410728,0.11543096,0.11943331,1,1,1,0,0
2020-09-09,2,1,0.431084142536061,0.42062349254513665,0.03392099,0.043097887,1,0,0,0,0
2020-09-10,2,1,0.650205528539369,0.7601237746305649,0.8669525,0.84101707,1,1,1,1,1
2020-09-11,2,1,0.5019371304430967,0.6000031137288199,0.06710048,0.23684411,1,1,1,0,0
2020-09-14,2,1,0.3151547751379329,0.35635437706863826,0.655628,0.7222499,1,0,0,1,1
2020-09-15,2,1,0.4889589953067822,0.45265365553212805,0.24838473,0.4767193,1,0,0,0,0
2020-09-16,2,0,0.48740497171036146,0.5861554409399883,0.18182977,0.26874873,1,0,1,0,0
2020-09-17,2,1,0.5791291078990367,0.7450768406708648,0.118552364,0.35197237,1,1,1,0,0
2020-09-18,2,0,0.5245536114522015,0.6617273313779242,0.30733234,0.3189126,1,1,1,0,0
2020-09-21,2,1,0.7501354816606326,0.7721976594474041,0.23179907,0.5930222,1,1,1,0,1
2020-09-22,2,0,0.4031581393811021,0.43051845709893777,0.13938102,0.4409436,1,0,0,0,0
2020-09-23,2,1,0.8304030060614553,0.7820194009783499,0.8865891,0.80995154,1,1,1,1,1
2020-09-24,2,0,0.5566334330312581,0.5094606546542405,0.4768122,0.48423767,1,1,1,0,0
2020-09-25,2,1,0.41547053424856245,0.49480857722331434,0.7509573,0.63531816,1,0,0,1,1
2020-09-28,2,1,0.3549205212179906,0.3348886328093485,0.88267165,0.60971004,1,0,0,1,1
2020-09-29,2,0,0.44682286578407293,0.4679370978803098,0.7215094,0.67127615,1,0,0,1,1
2020-09-30,2,0,0.5148524020321636,0.4441565155602802,0.17919777,0.3532694,1,1,0,0,0
2020-10-01,2,0,0.6755616391316916,0.45299205892435096,0.8753427,0.5161496,1,1,0,1,1
2020-10-02,2,1,0.4927254326129508,0.6802418348012053,0.50695276,0.17758287,1,0,1,1,0
2020-10-05,2,0,0.4034881346271121,0.3691290370698975,0.22054724,0.7739397,1,0,0,0,1
2020-10-06,2,1,0.6381504963743364,0.7712620929686532,0.479005,0.71509165,1,1,1,0,1
2020-10-07,2,1,0.3533365508371221,0.3328810510185617,0.023539925,0.1395566,1,0,0,0,0
2020-10-08,2,1,0.4028966057869147,0.39793059734905656,0.8442771,0.935849,1,0,0,1,1
2020-10-09,2,1,0.27021385239302637,0.23061050465067198,0.047054052,0.53037506,1,0,0,0,1
2020-10-12,2,0,0.4357563792757371,0.4904210424137096,0.74098235,0.81518847,1,0,0,1,1
2020-10-13,2,1,0.5652806863428317,0.7553912842614902,0.2818043,0.6718299,1,1,1,0,1
2020-10-14,2,1,0.49673684928712286,0.574475127758814,0.044899642,0.6661332,1,0,1,0,1
2020-10-15,2,0,0.44164355998519617,0.5682485083077965,0.4331509,0.8902165,1,0,1,0,1
2020-10-16,2,1,0.5172219684842636,0.6393723970002427,0.5562914,0.65696615,1,1,1,1,1
2020-10-19,2,1,0.4197821829333837,0.5784283108595006,0.6694042,0.2556047,1,0,1,1,0
2020-10-20,2,1,0.3206861937005853,0.3563794117159451,0.16806996,0.17289631,1,0,0,0,0
2020-10-21,2,1,0.4335708392414713,0.4541268695598856,0.9172242,0.67853,1,0,0,1,1
2020-10-22,2,0,0.6088394628037499,0.525250792805418,0.23173454,0.6757216,1,1,1,0,1
2020-10-23,2,1,0.6115909708182179,0.5542413029456312,0.18827897,0.15539332,1,1,1,0,0
2020-10-26,2,1,0.7095091954503615,0.7956209068631369,0.46480638,0.6922373,1,1,1,0,1
2020-10-27,2,0,0.5725491668510417,0.4949916736363318,0.20681727,0.7976082,1,1,0,0,1
2020-10-28,2,1,0.9089041031750138,0.7024860539432367,0.74107295,0.8634765,1,1,1,1,1
2020-10-29,2,1,0.6645255831184328,0.521096944767388,0.55006135,0.7684582,1,1,1,1,1
2020-10-30,2,0,0.7723941143649024,0.6004444267045005,0.88371366,0.62719595,1,1,1,1,1
2020-11-02,2,1,0.5593801062256822,0.4248224324220562,0.6303466,0.39454934,1,1,0,1,0
2020-11-03,2,1,0.7432010668373706,0.5241749707689415,0.5406438,0.33731025,1,1,1,1,0
2020-11-04,2,1,0.6707664702849975,0.543198784519685,0.7102107,0.70486873,1,1,1,1,1
2020-11-05,2,1,0.6631879444515975,0.5712549484450506,0.58537525,0.73616004,1,1,1,1,1
2020-11-06,2,0,0.8161057172540331,0.5641657949184522,0.91096616,0.88687944,1,1,1,1,1
2020-11-09,2,0,0.934388393093613,0.7182352415013837,0.49655515,0.7843897,1,1,1,0,1
2020-11-10,2,1,0.8210465391669548,0.5726086550319406,0.6774602,0.7987016,1,1,1,1,1
2020-11-11,2,1,0.7418554666247953,0.4937568082021558,0.80627775,0.89409244,1,1,0,1,1
2020-11-12,2,1,0.5089159328681386,0.741290911707229,0.58606726,0.75735116,1,1,1,1,1
2020-11-13,2,1,0.540182111709189,0.4158964327223292,0.24332751,0.5387088,1,1,0,0,1
2020-11-16,2,1,0.4087862622888021,0.3566906354665096,0.76439893,0.872164,1,0,0,1,1
2020-11-17,2,1,0.6092211849347411,0.668465460663402,0.2343945,0.5929465,1,1,1,0,1
2020-11-18,2,1,0.7040469393533889,0.6504135378858229,0.057090286,0.084118955,1,1,1,0,0
2020-11-19,2,1,0.5578697052405003,0.4806906887516311,0.7095889,0.5696058,1,1,0,1,1
2020-11-20,2,0,0.4487804728667283,0.5322340529046345,0.25485918,0.48599684,1,0,1,0,0
2020-11-23,2,1,0.722289933574829,0.5366630358080098,0.37848255,0.60547596,1,1,1,0,1
2020-11-24,2,0,0.5811937302262595,0.48358083837531657,0.3880861,0.18652247,1,1,0,0,0
2020-11-25,2,0,0.6802136692021284,0.6073165036476714,0.5911383,0.82650506,1,1,1,1,1
2020-11-26,2,0,0.810845010785584,0.6862994239120787,0.4763404,0.8768277,1,1,1,0,1
2020-11-27,2,1,0.6595057125070186,0.6136881844731366,0.7520563,0.88126665,1,1,1,1,1
2020-11-30,2,0,0.4681204775939013,0.6185282803786113,0.12223687,0.81859195,1,0,1,0,1
2020-12-01,2,1,0.5941099191188105,0.5581064366738268,0.10063152,0.52229255,1,1,1,0,1
2020-12-02,2,1,0.6702493071928038,0.525727303476666,0.9256,0.83222604,1,1,1,1,1
2020-12-03,2,0,0.6286363262481804,0.6577760917331575,0.3884217,0.7456262,1,1,1,0,1
2020-12-04,2,1,0.6632225094268545,0.550988763825095,0.33412012,0.6554149,1,1,1,0,1
2020-12-07,2,0,0.530823783667842,0.41309847679984335,0.6398632,0.77539605,1,1,0,1,1
2020-12-08,2,1,0.6047775133449476,0.5274704907606957,0.12730488,0.67912453,1,1,1,0,1
2020-12-09,2,0,0.6917631279248794,0.7239018530540623,0.6298338,0.6895987,1,1,1,1,1
2020-12-10,2,0,0.493762879552933,0.5300011235382206,0.0366226,0.7777777,1,0,1,0,1
2020-12-11,2,1,0.6996915469165255,0.7137724756176561,0.45579243,0.83739233,1,1,1,0,1
2020-12-14,2,1,0.6079191593867587,0.6241509096340201,0.13060102,0.512677,1,1,1,0,1
2020-12-15,2,1,0.4864115076363448,0.39746998103342457,0.2487646,0.44815403,1,0,0,0,0
2020-12-16,2,1,0.5114475908298559,0.5067333403527079,0.8868959,0.8016567,1,1,1,1,1
2020-12-17,2,1,0.6239931871555288,0.5482546937826751,0.3673921,0.6603164,1,1,1,0,1
2020-12-18,2,0,0.6640134779767835,0.689820246828731,0.8857296,0.7500777,1,1,1,1,1
2020-12-21,2,1,0.8092676764655959,0.7307949307265207,0.14095785,0.58283657,1,1,1,0,1
2020-12-22,2,0,0.7807408544817721,0.7061891149889559,0.80845946,0.47647384,1,1,1,1,0
2020-12-23,2,1,0.7383112106263282,0.671926929276976,0.3178293,0.7926449,1,1,1,0,1
2020-12-24,2,1,0.6730090890806931,0.5304349353986643,0.81077695,0.8913863,1,1,1,1,1
2020-12-25,2,1,0.6482100010353106,0.6833204487982363,0.49379784,0.8080229,1,1,1,0,1
2020-12-28,2,1,0.4598824581093122,0.4737084340549448,0.17235023,0.5868734,1,0,0,0,1
2020-12-29,2,1,0.5543305498702403,0.7295713346347676,0.5257903,0.3643069,1,1,1,1,0
2020-12-30,2,1,0.43270933951377544,0.5915424909626182,0.7971463,0.82896936,1,0,1,1,1
2020-12-31,2,1,0.5064051419036006,0.6352312500766444,0.8162338,0.83334976,1,1,1,1,1
2021-01-01,2,1,0.4384690742952514,0.6698098916388876,0.8414924,0.8158116,1,0,1,1,1
2021-01-04,2,1,0.4876015751687708,0.6531987635646697,0.87956625,0.7920327,1,0,1,1,1
2021-01-05,2,1,0.4012749975803306,0.5124532417845344,0.8095162,0.7875592,1,0,1,1,1
2021-01-06,2,1,0.6674803713255049,0.5906462937606974,0.87857693,0.80850255,1,1,1,1,1
2021-01-07,2,1,0.4855184449224069,0.5507074838927007,0.84921646,0.8092618,1,0,1,1,1
2021-01-08,2,0,0.8497258994117749,0.5394341617758956,0.8683451,0.71820104,1,1,1,1,1
2021-01-11,2,0,0.9155782296809718,0.7478056808063042,0.83585584,0.6572337,1,1,1,1,1
2021-01-12,2,1,0.6934063336673489,0.5382935139342121,0.95897764,0.6924498,1,1,1,1,1
2021-01-13,2,1,0.4955734053153861,0.5840950414050617,0.9147171,0.7118175,1,0,1,1,1
2021-01-14,2,0,0.5634333751425439,0.5707102155754408,0.6047897,0.41338453,1,1,1,1,0
2021-01-15,2,0,0.7695325418744965,0.824692804432261,0.63407373,0.48837146,1,1,1,1,0
2021-01-18,2,0,0.5420799046552647,0.5991131673257332,0.5705872,0.34270263,1,1,1,1,0
2021-01-19,2,0,0.47250318043575706,0.45339922822798917,0.73969674,0.73497343,1,0,0,1,1
2021-01-20,2,0,0.37402134473095777,0.43294388677159223,0.2929875,0.5709336,1,0,0,0,1
2021-01-21,2,1,0.6148332347021511,0.5628445165482,0.82419217,0.82754374,1,1,1,1,1
2021-01-22,2,0,0.6136341476651989,0.726153015557296,0.4083731,0.6346827,1,1,1,0,1
2021-01-25,2,1,0.42025546794190777,0.5562543307411786,0.19063966,0.69546795,1,0,1,0,1
2021-01-26,2,0,0.429969006962432,0.505753797268299,0.2246662,0.7802752,1,0,1,0,1
2021-01-27,2,1,0.7468340338168203,0.738313707257637,0.64207476,0.82611275,1,1,1,1,1
2021-01-28,2,1,0.31630819548799377,0.41576291939158644,0.22823061,0.6875743,1,0,0,0,1
2021-01-29,2,0,0.5531910163659335,0.6119158529310945,0.7762705,0.8283713,1,1,1,1,1
2021-02-01,2,1,0.3942431666079469,0.46378389265235725,0.1951711,0.34508988,1,0,0,0,0
2021-02-02,2,1,0.4948692981773754,0.3966892042239208,0.85997,0.8160303,1,0,0,1,1
2021-02-03,2,0,0.4457298796148761,0.441122701990235,0.2878431,0.5758613,1,0,0,0,1
2021-02-04,2,1,0.5798942313424412,0.5031678883966701,0.48463795,0.86814106,1,1,1,0,1
2021-02-05,2,1,0.3075169861552036,0.3294004593338432,0.74953926,0.72273624,1,0,0,1,1
2021-02-08,2,1,0.14605197300319536,0.3015244320913906,0.36904317,0.8363225,1,0,0,0,1
2021-02-09,2,0,0.44138848435631906,0.5372370654987471,0.28302622,0.18885188,1,0,1,0,0
2021-02-10,2,1,0.4181973944166027,0.6430588405803088,0.71576744,0.5941442,1,0,1,1,1
2021-02-11,2,0,0.4921558890141698,0.5732111279654791,0.24463065,0.6188821,1,0,1,0,1
2021-02-12,2,1,0.5148474618697712,0.5592814133476943,0.1749162,0.32090208,1,1,1,0,0
2021-02-15,2,1,0.4486056788351846,0.5084342670407613,0.7267586,0.79928863,1,0,1,1,1
2021-02-16,2,1,0.624198811625481,0.6753627590775291,0.13020286,0.8520443,1,1,1,0,1
2021-02-17,2,0,0.477587697768615,0.5367674617481681,0.12906392,0.7740689,1,0,1,0,1
2021-02-18,2,1,0.5260183433857447,0.6905712137516125,0.030275116,0.79766536,1,1,1,0,1
2021-02-19,2,0,0.33419538619966654,0.4397918441074775,0.7451595,0.9086207,1,0,0,1,1
2021-02-22,2,0,0.5215793176888914,0.5352013763148469,0.12738913,0.88922036,1,1,1,0,1
2021-02-23,2,1,0.6224856300592095,0.6944765126289532,0.45598924,0.7407205,1,1,1,0,1
2021-02-24,2,0,0.4816704461793648,0.4750615162534356,0.2997395,0.4961994,1,0,0,0,0
2021-02-25,2,0,0.755557487872147,0.6932891109325765,0.37454185,0.7631745,1,1,1,0,1
2021-02-26,2,1,0.8028558949118519,0.7768752506692329,0.04425694,0.7158449,1,1,1,0,1
2021-03-01,2,0,0.37434856237963193,0.4274706080645052,0.1622512,0.5700557,1,0,0,0,1
2021-03-02,2,1,0.4973851651538652,0.6536840608006342,0.74810004,0.83470803,1,0,1,1,1
2021-03-03,2,0,0.7004032861353559,0.7282810448449846,0.33411697,0.84666586,1,1,1,0,1
2021-03-04,2,1,0.7625799933030926,0.7964024380949161,0.07769389,0.27022636,1,1,1,0,0
2021-03-05,2,1,0.44393184266254815,0.48349736294032,0.29659373,0.49228007,1,0,0,0,0
2021-03-08,2,1,0.30341474928300277,0.564352128063938,0.9272463,0.76804876,1,0,1,1,1
2021-03-09,2,1,0.3418005808613422,0.3749912790102961,0.20217808,0.10869573,1,0,0,0,0
2021-03-10,2,1,0.32625971786558544,0.4428634507699576,0.39535844,0.510795,1,0,0,0,1
2021-03-11,2,0,0.31192281868266636,0.4161195079360101,0.6475721,0.79166436,1,0,0,1,1
2021-03-12,2,0,0.6022157026968129,0.6116936071922872,0.5349722,0.7737293,1,1,1,1,1
2021-03-15,2,1,0.423603168802977,0.40885764407907194,0.4158803,0.49827784,1,0,0,0,0
2021-03-16,2,1,0.6616736095852812,0.6685443133641915,0.33267656,0.6431072,1,1,1,0,1
2021-03-17,2,0,0.4244637284791143,0.3716865516323507,0.22347116,0.62547535,1,0,0,0,1
2021-03-18,2,1,0.638773925461789,0.6573343448402774,0.7278432,0.87637365,1,1,1,1,1
2021-03-19,2,0,0.5211530959588548,0.5167793571490581,0.06315924,0.6321041,1,1,1,0,1
2021-03-22,2,1,0.4281831306768579,0.42921745317756427,0.48636425,0.77908885,1,0,0,0,1
2021-03-23,2,0,0.5859579648918537,0.8228887662092867,0.21801655,0.8654468,1,1,1,0,1
2021-03-24,2,0,0.48796622293058795,0.7206412849591639,0.07149008,0.7912282,1,0,1,0,1
2021-03-25,2,1,0.5815466071346176,0.6029987475017525,0.5826953,0.8552449,1,1,1,1,1
2021-03-26,2,1,0.2584002578615268,0.4042105707966241,0.59413093,0.64497906,1,0,0,1,1
2021-03-29,2,1,0.48697634241842536,0.6750494234943453,0.90380514,0.8233602,1,0,1,1,1
2021-03-30,2,0,0.4855300175098498,0.7061443799873015,0.094956234,0.18839787,1,0,1,0,0
2021-03-31,2,0,0.38906242446178724,0.38501683139717197,0.64538866,0.5517,1,0,0,1,1
2021-04-01,2,1,0.3401914482379944,0.38194080979459677,0.89732015,0.90692085,1,0,0,1,1
2021-04-02,2,1,0.4924277011598802,0.6463951530066561,0.55210686,0.9244725,1,0,1,1,1
2021-04-05,2,0,0.37824366536040466,0.6006795137882921,0.30787972,0.85866946,1,0,1,0,1
2021-04-06,2,0,0.2854321207949915,0.5385683742225599,0.43979433,0.8569339,1,0,1,0,1
2021-04-07,2,1,0.5885211166317316,0.7306880418398216,0.3022237,0.87215775,1,1,1,0,1
2021-04-08,2,1,0.35349485066014175,0.4940208171576594,0.16083021,0.6439227,1,0,0,0,1
2021-04-09,2,1,0.5267261141535252,0.46800352530194644,0.61395144,0.84938157,1,1,0,1,1
2021-04-12,2,1,0.3949440826222531,0.6377443508682412,0.15167482,0.8213173,1,0,1,0,1
2021-04-13,2,0,0.25241856094918397,0.3619217475763465,0.052220237,0.74588597,1,0,0,0,1
2021-04-14,2,1,0.47292282114589984,0.6444388468899649,0.7439459,0.84416956,1,0,1,1,1
2021-04-15,2,0,0.24589722159423733,0.37311532402993364,0.93481916,0.87785405,1,0,0,1,1
2021-04-16,2,0,0.520671965089397,0.578294788739414,0.7927461,0.89634407,1,1,1,1,1
2021-04-19,2,1,0.6819711631766946,0.6664070117824018,0.5616657,0.65528226,1,1,1,1,1
2021-04-20,2,0,0.5492801158863331,0.6623276178871563,0.81583357,0.81670624,1,1,1,1,1
2021-04-21,2,0,0.43023704848936395,0.40493436285974904,0.28616136,0.7976586,1,0,0,0,1
2021-04-22,2,0,0.6848803488421523,0.7987207992532226,0.81405437,0.8423726,1,1,1,1,1
2021-04-23,2,1,0.4727560524774054,0.4848630492024652,0.17929293,0.7620173,1,0,0,0,1
2021-04-26,2,1,0.504361478071376,0.48517347543596356,0.75678974,0.8569009,1,1,0,1,1
2021-04-27,2,0,0.5415216275952673,0.630396167633538,0.27620906,0.83892256,1,1,1,0,1
2021-04-28,2,0,0.5356477961557952,0.6623837753092378,0.062177684,0.7261937,1,1,1,0,1
2021-04-29,2,1,0.5192695928293455,0.5039799698825592,0.16091008,0.77015406,1,1,1,0,1
2021-04-30,2,0,0.5433222704712762,0.7092140759163912,0.20220558,0.84535813,1,1,1,0,1
2021-05-03,2,0,0.37757805011753104,0.467557950786427,0.020296045,0.8460459,1,0,0,0,1
2021-05-04,2,1,0.5177146949773448,0.6950475846318968,0.6625305,0.89397335,1,1,1,1,1
2021-05-05,3,0,0.4789327571221887,0.571664939974701,0.91506183,0.8392632,1,0,1,1,1
2021-05-06,3,1,0.3431861484353819,0.5138598210745233,0.22488843,0.37028095,1,0,1,0,0
2021-05-07,3,0,0.3323760611012635,0.5023043959033741,0.5180547,0.6508506,1,0,1,1,1
2021-05-10,3,1,0.43252798542179205,0.5175958415322689,0.25711453,0.15944883,1,0,1,0,0
2021-05-11,3,0,0.4245878204737609,0.5651939151834566,0.46648824,0.17280014,1,0,1,0,0
2021-05-12,3,1,0.5491911165914816,0.6039341560596302,0.5504563,0.76712453,1,1,1,1,1
2021-05-13,3,1,0.5131490801194413,0.5860120385581745,0.49026942,0.53760403,1,1,1,0,1
2021-05-14,3,0,0.4804379235489696,0.6026926170589555,0.9682493,0.94877666,1,0,1,1,1
2021-05-17,3,0,0.3915854105825582,0.5596950248126972,0.9689324,0.8103663,1,0,1,1,1
2021-05-18,3,0,0.4659110052842191,0.4920234600764903,0.17265815,0.28714302,1,0,0,0,0
2021-05-19,3,1,0.8274949782327127,0.7122071159668037,0.18701397,0.1203606,1,1,1,0,0
2021-05-20,3,0,0.4815510463946302,0.5263413471628542,0.5405168,0.6097057,1,0,1,1,1
2021-05-21,3,1,0.631798474044473,0.6943927929259407,0.90734583,0.79319566,1,1,1,1,1
2021-05-24,3,0,0.5277996756186348,0.5980415956966203,0.60569835,0.507387,1,1,1,1,1
2021-05-25,3,1,0.5569921472518761,0.4734326377332417,0.8757438,0.8265122,1,1,0,1,1
2021-05-26,3,0,0.5335437601380517,0.5159039713467758,0.3754849,0.3664953,1,1,1,0,0
2021-05-27,3,0,0.46620278839749274,0.5519549689930519,0.15626307,0.22814347,1,0,1,0,0
2021-05-28,3,1,0.47648387795589264,0.47172757721078584,0.41164234,0.62179816,1,0,0,0,1
2021-05-31,3,0,0.49612472021101467,0.4923229953261078,0.57531315,0.48273623,1,0,0,1,0
2021-06-01,3,1,0.5516062108292916,0.6277189343953783,0.47179842,0.5977177,1,1,1,0,1
2021-06-02,3,1,0.5018086763006633,0.46708559025301005,0.51095533,0.75911057,1,1,0,1,1
2021-06-03,3,0,0.6597245601193362,0.6367776038268136,0.8035671,0.6798114,1,1,1,1,1
2021-06-04,3,0,0.45047267203971914,0.5678675281543369,0.494004,0.2332415,1,0,1,0,0
2021-06-07,3,0,0.5319935473989877,0.45192939950433647,0.97994554,0.96337765,1,1,0,1,1
2021-06-08,3,1,0.535425715027053,0.6149657533967524,0.09110618,0.32750127,1,1,1,0,0
2021-06-09,3,0,0.449488991465878,0.4622128823901112,0.21573052,0.32302266,1,0,0,0,0
2021-06-10,3,1,0.5987289454672153,0.5896660757376345,0.15718593,0.12950608,1,1,1,0,0
2021-06-11,3,1,0.5232516786271877,0.5847298710325828,0.37173632,0.7696101,1,1,1,0,1
2021-06-14,3,0,0.5026351752043582,0.5454422402844672,0.40997887,0.55398315,1,1,1,0,1
2021-06-15,3,0,0.6906235648006193,0.7046856848114825,0.052898422,0.24069476,1,1,1,0,0
2021-06-16,3,0,0.6002753711647758,0.6118155843374367,0.13024981,0.6105181,1,1,1,0,1
2021-06-17,3,0,0.746113765410808,0.6614157906991808,0.8087153,0.6516602,1,1,1,1,1
2021-06-18,3,0,0.7091606026095781,0.8312489264783147,0.5311508,0.6132247,1,1,1,1,1
2021-06-21,3,1,0.5607082528457419,0.4966432753052463,0.96042264,0.66585636,1,1,0,1,1
2021-06-22,3,1,0.48087979817001586,0.5315655823410046,0.98996174,0.872014,1,0,1,1,1
2021-06-23,3,1,0.5103644909662398,0.38045353890770256,0.50105757,0.16947515,1,1,0,1,0
2021-06-24,3,0,0.603345671820587,0.4595808383034213,0.14026019,0.23978473,1,1,0,0,0
2021-06-25,3,1,0.6466728620437673,0.5610246009761769,0.16862383,0.28758514,1,1,1,0,0
2021-06-28,3,1,0.6130021813361145,0.39376808314168293,0.7323276,0.75866884,1,1,0,1,1
2021-06-29,3,0,0.6167858797689755,0.5112649966023163,0.48870057,0.59752,1,1,1,0,1
2021-06-30,3,0,0.6670298517631017,0.5029293819125785,0.45814613,0.42358518,1,1,1,0,0
2021-07-01,3,1,0.6687423911903841,0.5266508828070029,0.91240036,0.9370421,1,1,1,1,1
2021-07-02,3,0,0.5975732038335598,0.4047240534168515,0.90607303,0.50751984,1,1,0,1,1
2021-07-05,3,1,0.585882989691004,0.4295127590475511,0.85146254,0.41802287,1,1,0,1,0
2021-07-06,3,0,0.6963435465901003,0.5949908802460251,0.3473244,0.2882075,1,1,1,0,0
2021-07-07,3,0,0.5725759045614454,0.41500371373634487,0.05847773,0.13816385,1,1,0,0,0
2021-07-08,3,1,0.7089127022150509,0.5070318779532151,0.5472631,0.7290552,1,1,1,1,1
2021-07-09,3,0,0.5331911203045019,0.4135773778809416,0.10863918,0.4640221,1,1,0,0,0
2021-07-12,3,0,0.6534885206819756,0.45481046160918415,0.906516,0.7874476,1,1,0,1,1
2021-07-13,3,1,0.6434441602121013,0.5205140721848182,0.26187626,0.37381372,1,1,1,0,0
2021-07-14,3,0,0.6494185387298155,0.5568190794403046,0.58719873,0.571793,1,1,1,1,1
2021-07-15,3,0,0.5557304612046511,0.40088935560024064,0.79722404,0.74834824,1,1,0,1,1
2021-07-16,3,0,0.714778648480471,0.6008826273617633,0.93424135,0.5562439,1,1,1,1,1
2021-07-19,3,0,0.7244951223426963,0.7898250824326682,0.6250314,0.38256294,1,1,1,1,0
2021-07-20,3,1,0.6259932619419174,0.5262835891648533,0.32512274,0.65050113,1,1,1,0,1
2021-07-21,3,1,0.662503014836394,0.5313361488689523,0.97732043,0.79529655,1,1,1,1,1
2021-07-22,3,1,0.6465999468052057,0.5121927511081255,0.55788326,0.36962205,1,1,1,1,0
2021-07-23,3,1,0.6208713459972157,0.4898313808771395,0.51227576,0.6132574,1,1,0,1,1
2021-07-26,3,1,0.5893996462517448,0.5710533957205814,0.50701517,0.48358768,1,1,1,1,0
2021-07-27,3,1,0.6964003277982526,0.43382377743283873,0.6221109,0.6770638,1,1,0,1,1
2021-07-28,3,1,0.69456978989167,0.4275360896150705,0.65432125,0.23412906,1,1,0,1,0
2021-07-29,3,1,0.6996207533539403,0.6950399845258249,0.9522105,0.75659114,1,1,1,1,1
2021-07-30,3,0,0.7942542192606826,0.6175540613821607,0.9479939,0.89737093,1,1,1,1,1
2021-08-02,3,0,0.8131542621595197,0.5549673244766177,0.7399967,0.8407199,1,1,1,1,1
2021-08-03,3,1,0.7610741332815734,0.6267998880708557,0.686437,0.8372574,1,1,1,1,1
2021-08-04,3,1,0.7736319599103799,0.573048039633493,0.7250858,0.77167046,1,1,1,1,1
2021-08-05,3,1,0.7355221499046898,0.6252001458127339,0.773856,0.90846914,1,1,1,1,1
2021-08-06,3,1,0.7073377222524329,0.5305382662613491,0.7128478,0.8692675,1,1,1,1,1
2021-08-09,3,0,0.6025020707446487,0.5012901764216133,0.55089664,0.7406385,1,1,1,1,1
2021-08-10,3,0,0.5020822210949089,0.5745206470934676,0.6532764,0.84072816,1,1,1,1,1
2021-08-11,3,0,0.5740986188292919,0.48075085315451543,0.8125224,0.9059767,1,1,0,1,1
2021-08-12,3,1,0.63285437083357,0.5215194610697705,0.79850674,0.5090549,1,1,1,1,1
2021-08-13,3,0,0.4755864828938423,0.5230925533814164,0.32113788,0.090088986,1,0,1,0,0
2021-08-16,3,0,0.6055917156740255,0.5135052897328566,0.18986191,0.39363015,1,1,1,0,0
2021-08-17,3,1,0.6685117403079348,0.7648296028239413,0.0741083,0.20950073,1,1,1,0,0
2021-08-18,3,1,0.7191319107470004,0.8177795467963942,0.10422227,0.50134856,1,1,1,0,1
2021-08-19,3,1,0.6303379844820151,0.6024868229210627,0.49618107,0.6443647,1,1,1,0,1
2021-08-20,3,1,0.4541431250196809,0.45004427554329424,0.89860934,0.71912616,1,0,0,1,1
2021-08-23,3,0,0.37707060898473355,0.41300759166546486,0.98510796,0.8238926,1,0,0,1,1
2021-08-24,3,1,0.5118469724373595,0.4815814844349927,0.49446613,0.7019139,1,1,0,0,1
2021-08-25,3,0,0.6167188408766701,0.598934307324347,0.12092143,0.3203815,1,1,1,0,0
2021-08-26,3,1,0.6333983009636325,0.5456713102717679,0.41327327,0.3266793,1,1,1,0,0
2021-08-27,3,0,0.48565901724498634,0.5503998366965988,0.81932193,0.48636863,1,0,1,1,0
2021-08-30,3,1,0.5607230870098245,0.5387941488369986,0.98621434,0.8723703,1,1,1,1,1
2021-08-31,3,1,0.5114164120196585,0.5118317349617222,0.17792058,0.45952344,1,1,1,0,0
2021-09-01,3,1,0.6527632726870172,0.5441158068787239,0.16661325,0.3467615,1,1,1,0,0
2021-09-02,3,1,0.5369127118635777,0.5363369518323043,0.43805426,0.3439969,1,1,1,0,0
2021-09-03,3,1,0.5234726375733003,0.46689900818230406,0.88974607,0.7203116,1,1,0,1,1
2021-09-06,3,0,0.46680564388033546,0.5244181526199548,0.9381501,0.87272054,1,0,1,1,1
2021-09-07,3,0,0.7699466622341473,0.624788383605908,0.37031683,0.2844883,1,1,1,0,0
2021-09-08,3,1,0.6126825676658789,0.655062850083658,0.60764796,0.8296015,1,1,1,1,1
2021-09-09,3,0,0.48696118152671936,0.4215615206866605,0.7972679,0.5071416,1,0,0,1,1
2021-09-10,3,1,0.4519587605427953,0.5499449894281927,0.9357461,0.6577317,1,0,1,1,1
2021-09-13,3,1,0.5555698450905572,0.5813717867009265,0.4851372,0.67117345,1,1,1,0,1
2021-09-14,3,1,0.5136632365402334,0.4650886194088361,0.6751813,0.38246402,1,1,0,1,0
2021-09-15,3,0,0.4210008449082459,0.53742425911699,0.606836,0.6435222,1,0,1,1,1
2021-09-16,3,0,0.7379954997937761,0.717593499370459,0.91439116,0.9033561,1,1,1,1,1
2021-09-17,3,0,0.604751420552361,0.5252086662967193,0.24330123,0.31162906,1,1,1,0,0
2021-09-20,3,0,0.6911021030913101,0.8387160876974414,0.742655,0.6263912,1,1,1,1,1
2021-09-21,3,1,0.59942692770506,0.5592896118498836,0.9160856,0.6921244,1,1,1,1,1
2021-09-22,3,1,0.3594904008060104,0.48836438429001205,0.9759576,0.8059971,1,0,0,1,1
2021-09-23,3,0,0.5465001777374708,0.5716902088163933,0.9027361,0.51939255,1,1,1,1,1
2021-09-24,3,0,0.5396076309556914,0.6350327729174944,0.24101365,0.5413827,1,1,1,0,1
2021-09-27,3,0,0.5625431224617942,0.5519683013351557,0.43950173,0.75263035,1,1,1,0,1
2021-09-28,3,1,0.6599609036901306,0.630321751851802,0.6671092,0.18453093,1,1,1,1,0
2021-09-29,3,1,0.6336135984605283,0.5522896645141308,0.7432588,0.15192658,1,1,1,1,0
2021-09-30,3,1,0.6507885253140095,0.6657379709909397,0.9671975,0.38233384,1,1,1,1,0
2021-10-01,3,1,0.3848970446151972,0.5008834729706472,0.957127,0.74634707,1,0,1,1,1
2021-10-04,3,1,0.4898791330275147,0.5032886081886551,0.9394343,0.16168387,1,0,1,1,0
2021-10-05,3,1,0.5110294485284476,0.5040141271471587,0.13000566,0.05890866,1,1,1,0,0
2021-10-06,3,0,0.5616938541320864,0.5606178005620304,0.28379986,0.0849263,1,1,1,0,0
2021-10-07,3,1,0.41471908070038194,0.5208542899298583,0.76967454,0.118317306,1,0,1,1,0
2021-10-08,3,1,0.49991554442625874,0.5019813261678704,0.8700946,0.41207486,1,0,1,1,0
2021-10-11,3,0,0.38276522281218195,0.5075025761059263,0.32592595,0.2737919,1,0,1,0,0
2021-10-12,3,1,0.5858880524159105,0.6008073040945844,0.2864026,0.14884473,1,1,1,0,0
2021-10-13,3,0,0.40161299907054576,0.4471169966910893,0.8751342,0.37026197,1,0,0,1,0
2021-10-14,3,1,0.35123104655737275,0.498995551020843,0.9141372,0.8694472,1,0,0,1,1
2021-10-15,3,1,0.3379359517412987,0.5217232694928378,0.3679985,0.49170342,1,0,1,0,0
2021-10-18,3,1,0.26206286744659785,0.4938031235832748,0.19973207,0.05782308,1,0,0,0,0
2021-10-19,3,1,0.7294909650977816,0.5235117472184495,0.17455345,0.1736698,1,1,1,0,0
2021-10-20,3,0,0.5140635549215288,0.47573303096249114,0.72375584,0.21499258,1,1,0,1,0
2021-10-21,3,0,0.7272651970892967,0.5881644850719349,0.9759956,0.8844143,1,1,1,1,1
2021-10-22,3,1,0.6429142797006,0.6816275582778272,0.97989184,0.74955493,1,1,1,1,1
2021-10-25,3,0,0.40505819663804193,0.4743804817010766,0.9679487,0.94004476,1,0,0,1,1
2021-10-26,3,0,0.5818490593713281,0.6355077646018354,0.37542653,0.62709206,1,1,1,0,1
2021-10-27,3,1,0.6793980957515935,0.7197489427427923,0.07969159,0.12439958,1,1,1,0,0
2021-10-28,3,1,0.4034741679000689,0.5068573962462926,0.34663722,0.6224204,1,0,1,0,1
2021-10-29,3,0,0.4921150340267293,0.543596143793963,0.78782,0.7610798,1,0,1,1,1
2021-11-01,3,1,0.3972545635535158,0.4895178004394922,0.13133636,0.2564622,1,0,0,0,0
2021-11-02,3,0,0.5480370468088439,0.6890692332437997,0.4174354,0.7609702,1,1,1,0,1
2021-11-03,3,0,0.5793894886316296,0.5812922479509797,0.2215206,0.2905993,1,1,1,0,0
2021-11-04,3,0,0.4595301925273385,0.5166555025369707,0.92774343,0.8228443,1,0,1,1,1
2021-11-05,3,1,0.44475107015980614,0.5000132419529447,0.9519599,0.91653055,1,0,1,1,1
2021-11-08,3,0,0.35468908896708323,0.4831189105545558,0.24043666,0.2945121,1,0,0,0,0
2021-11-09,3,0,0.5657558376367805,0.5807732775349312,0.10734107,0.12564917,1,1,1,0,0
2021-11-10,3,0,0.5617982719286316,0.47682232650120404,0.29328638,0.3483678,1,1,0,0,0
2021-11-11,3,0,0.46363225862107066,0.5287451037713007,0.7126864,0.73745465,1,0,1,1,1
2021-11-12,3,0,0.5241353855036066,0.5715986796274648,0.938454,0.90575165,1,1,1,1,1
2021-11-15,3,0,0.5444755500073706,0.5497076199151432,0.93305564,0.6075976,1,1,1,1,1
2021-11-16,3,1,0.6359045593998713,0.619395092470634,0.57535684,0.3190756,1,1,1,1,0
2021-11-17,3,0,0.5821601789765382,0.49787589032687185,0.96725154,0.8683431,1,1,0,1,1
2021-11-18,3,1,0.5118914344692661,0.6410538415721697,0.91319305,0.67252535,1,1,1,1,1
2021-11-19,3,0,0.43546053063242857,0.5030747946996661,0.59472674,0.15426621,1,0,1,1,0
2021-11-22,3,1,0.5004039055891496,0.5754971926164146,0.08596684,0.08800818,1,1,1,0,0
2021-11-23,3,0,0.4876519738062875,0.6519451467216871,0.19566931,0.2197269,1,0,1,0,0
2021-11-24,3,1,0.42548154233833896,0.5975062357690515,0.69886833,0.737168,1,0,1,1,1
2021-11-25,3,0,0.481534508200091,0.47388325335779913,0.91876245,0.85727525,1,0,0,1,1
2021-11-26,3,1,0.6705436846664996,0.8374022869867171,0.5120892,0.59451956,1,1,1,1,1
2021-11-29,3,0,0.4321865939074929,0.5656287045968158,0.331218,0.41994408,1,0,1,0,0
2021-11-30,3,1,0.6088174330495874,0.6613540144852823,0.4054713,0.8913646,1,1,1,0,1
2021-12-01,3,0,0.5157470795592712,0.5066607969097481,0.3689117,0.4119978,1,1,1,0,0
2021-12-02,3,0,0.4468172571475475,0.5495572704950004,0.47588307,0.6106277,1,0,1,0,1
2021-12-03,3,0,0.5522108830796181,0.5846778413133608,0.77250665,0.8383475,1,1,1,1,1
2021-12-06,3,1,0.5469881927412783,0.5049481800649358,0.7892143,0.3267668,1,1,1,1,0
2021-12-07,3,0,0.3655622864387464,0.5191950841832215,0.7702672,0.8213277,1,0,1,1,1
2021-12-08,3,0,0.4404830317410885,0.5609953747331226,0.83823454,0.2510713,1,0,1,1,0
2021-12-09,3,0,0.5221294124002693,0.6045079780029194,0.42182297,0.30032474,1,1,1,0,0
2021-12-10,3,0,0.4265151797850501,0.5612497789147588,0.6386252,0.391312,1,0,1,1,0
2021-12-13,3,1,0.41609827016393114,0.4681551273000029,0.98914987,0.9175309,1,0,0,1,1
2021-12-14,3,1,0.45538306787699273,0.5318140626411785,0.7406002,0.49464527,1,0,1,1,0
2021-12-15,3,0,0.4764948403243687,0.594455459123888,0.6341177,0.55496293,1,0,1,1,1
2021-12-16,3,0,0.2906599201416821,0.4129825846556362,0.97663784,0.9536146,1,0,0,1,1
2021-12-17,3,1,0.5243826709404156,0.6663927739608608,0.59191334,0.21212395,1,1,1,1,0
2021-12-20,3,1,0.4098995144959058,0.6179288600081664,0.32608673,0.19746095,1,0,1,0,0
2021-12-21,3,0,0.30397250665045217,0.5008719011053407,0.531541,0.40191907,1,0,1,1,0
2021-12-22,3,1,0.3972546749020801,0.5598075978703156,0.94531864,0.8674337,1,0,1,1,1
2021-12-23,3,0,0.4089247957042156,0.48952591290043473,0.59465504,0.42038336,1,0,0,1,0
2021-12-24,3,0,0.45894598435579664,0.4929452960782985,0.13832577,0.20467225,1,0,0,0,0
2021-12-27,3,0,0.3623917011446375,0.5040030106232056,0.6460129,0.38466576,1,0,1,1,0
2021-12-28,3,0,0.4378384064230244,0.6037998772628602,0.95973927,0.773368,1,0,1,1,1
2021-12-29,3,1,0.39939207002863303,0.6201648624689354,0.509567,0.40752003,1,0,1,1,0
2021-12-30,3,0,0.4524494724423406,0.4445705028651919,0.83739376,0.44631281,1,0,0,1,0
2021-12-31,3,1,0.42972534208364827,0.5011433373380099,0.9646226,0.3029505,1,0,1,1,0
2022-01-03,3,0,0.4383536665400018,0.5378356300710673,0.9317858,0.3289747,1,0,1,1,0
2022-01-04,3,0,0.39881529922109177,0.5060953261514115,0.80632764,0.13078997,1,0,1,1,0
2022-01-05,3,0,0.5648722565544989,0.5802030929174862,0.96603394,0.54953814,1,1,1,1,1
2022-01-06,3,0,0.5352951217776962,0.5970942932636565,0.8331342,0.11644158,1,1,1,1,0
2022-01-07,3,1,0.41092287015382306,0.6140223700479451,0.89045215,0.2505997,1,0,1,1,0
2022-01-10,4,1,0.359094833334617,0.3789736190316346,0.29397795,0.47482952,1,0,0,0,0
2022-01-11,4,1,0.258032064274476,0.40692995568394374,0.34822363,0.69379145,1,0,0,0,1
2022-01-12,4,0,0.29164323462373076,0.4422181567371244,0.33921853,0.6787819,1,0,0,0,1
2022-01-13,4,1,0.40113583807603626,0.6268612546838539,0.30272675,0.46955487,1,0,1,0,0
2022-01-14,4,0,0.36916303146122686,0.5167167162125289,0.34663203,0.40464297,1,0,1,0,0
2022-01-17,4,1,0.29876665770761535,0.3912132473942674,0.3349114,0.35430884,1,0,0,0,0
2022-01-18,4,0,0.3556738834006522,0.5783855528792791,0.2732178,0.40443072,1,0,1,0,0
2022-01-19,4,0,0.29862670164672567,0.46511778218719024,0.35113442,0.3689018,1,0,0,0,0
2022-01-20,4,0,0.31482123518691335,0.49662777078421905,0.40578055,0.54303557,1,0,0,0,1
2022-01-21,4,1,0.4486822263247991,0.6235708548631647,0.41783002,0.4508061,1,0,1,0,0
2022-01-24,4,1,0.34042928859579213,0.5127375841756925,0.35523576,0.42282918,1,0,1,0,0
2022-01-25,4,0,0.3380120604142525,0.551091478434349,0.17567684,0.41912788,1,0,1,0,0
2022-01-26,4,1,0.3851973854626625,0.5552561980290972,0.38944143,0.5551567,1,0,1,0,1
2022-01-27,4,1,0.38917891030121415,0.48040711575191325,0.111829355,0.42790768,1,0,0,0,0
2022-01-28,4,1,0.29829233372642255,0.48126079304996117,0.18769674,0.31715104,1,0,0,0,0
2022-01-31,4,1,0.24514898666845616,0.3685007894105039,0.48223582,0.4757925,1,0,0,0,0
2022-02-01,4,0,0.4780382949731078,0.5883886904571736,0.32342932,0.4731443,1,0,1,0,0
2022-02-02,4,1,0.48608205736728527,0.571654694679679,0.38482666,0.43273848,1,0,1,0,0
2022-02-03,4,1,0.5956279058358941,0.5983047581778385,0.5464841,0.44055882,1,1,1,1,0
2022-02-04,4,1,0.41759362224915686,0.5175090260501564,0.7245335,0.3816033,1,0,1,1,0
2022-02-07,4,1,0.4296871030770222,0.4782044486807767,0.49346212,0.485011,1,0,0,0,0
2022-02-08,4,1,0.4576730812653112,0.5545024334179378,0.64894074,0.61739755,1,0,1,1,1
2022-02-09,4,0,0.39610523858097246,0.579087927228092,0.32978386,0.43455842,1,0,1,0,0
2022-02-10,4,0,0.3729990961654388,0.6369189925573754,0.1789112,0.44609734,1,0,1,0,0
2022-02-11,4,1,0.40763747473179723,0.6263298578068751,0.18765385,0.39448896,1,0,1,0,0
2022-02-14,4,1,0.2839305532402653,0.3238692844634475,0.50357085,0.41518167,1,0,0,1,0
2022-02-15,4,0,0.2235253469233961,0.3837372575876829,0.21987796,0.46459296,1,0,0,0,0
2022-02-16,4,0,0.28308922625101623,0.3954884544844722,0.10409193,0.50381035,1,0,0,0,1
2022-02-17,4,0,0.3779175052388449,0.5494269224769176,0.26845425,0.39567548,1,0,1,0,0
2022-02-18,4,0,0.30279834228270475,0.41719612831331565,0.60904366,0.29553324,1,0,0,1,0
2022-02-21,4,1,0.3298642601869385,0.4705375721687841,0.40541396,0.39085296,1,0,0,0,0
2022-02-22,4,0,0.2637001907514696,0.5749779920436502,0.25321457,0.58974814,1,0,1,0,1
2022-02-23,4,1,0.36730580532380463,0.5600536585018157,0.40105295,0.26797897,1,0,1,0,0
2022-02-24,4,1,0.2963195255134548,0.49519034422777025,0.4463443,0.25405213,1,0,0,0,0
2022-02-25,4,1,0.24723650886701684,0.40086999145591995,0.21892242,0.43016022,1,0,0,0,0
2022-02-28,4,1,0.2950949983000876,0.3767193694726993,0.18683286,0.4330145,1,0,0,0,0
2022-03-01,4,0,0.301991643398084,0.5309808499805637,0.46102068,0.4114789,1,0,1,0,0
2022-03-02,4,0,0.32639919825220054,0.4860327308440286,0.428774,0.3249418,1,0,0,0,0
2022-03-03,4,0,0.3607997563053172,0.47906516324706844,0.14115472,0.31349197,1,0,0,0,0
2022-03-04,4,0,0.3722868965840504,0.4367334260539309,0.4519728,0.34945214,1,0,0,0,0
2022-03-07,4,1,0.5154536374055904,0.6523459755577423,0.48481885,0.37910062,1,1,1,0,0
2022-03-08,4,1,0.3268320948763599,0.35834000959223256,0.5960424,0.26110196,1,0,0,1,0
2022-03-09,4,0,0.24493772823938922,0.42703343894185347,0.40182492,0.4435126,1,0,0,0,0
2022-03-10,4,0,0.359246701048934,0.44686410140623356,0.14149949,0.3608882,1,0,0,0,0
2022-03-11,4,1,0.37521205257570694,0.5236442884299817,0.2971746,0.5556127,1,0,1,0,1
2022-03-14,4,0,0.35325172593613674,0.4692920585168002,0.35527295,0.39180648,1,0,0,0,0
2022-03-15,4,1,0.25070343678691276,0.4508489874631477,0.16892475,0.40389314,1,0,0,0,0
2022-03-16,4,0,0.10410314417979531,0.42446352749038996,0.40608573,0.7284797,1,0,0,0,1
2022-03-17,4,1,0.249843533703455,0.4466229913138768,0.4293748,0.54838806,1,0,0,0,1
2022-03-18,4,0,0.25496232238224587,0.45974517068113374,0.3455725,0.48110437,1,0,0,0,0
2022-03-21,4,1,0.2845633779538795,0.4015580163673572,0.20842837,0.4085507,1,0,0,0,0
2022-03-22,4,1,0.21235345044891507,0.41555687114645296,0.29163668,0.38006014,1,0,0,0,0
2022-03-23,4,1,0.2528109911300582,0.5266608540035543,0.22598003,0.35920104,1,0,1,0,0
2022-03-24,4,1,0.17581636974612594,0.40720449908625206,0.4402433,0.41972938,1,0,0,0,0
2022-03-25,4,1,0.2682579883220188,0.427762330897335,0.20943175,0.41890103,1,0,0,0,0
2022-03-28,4,1,0.2412784706259267,0.4072139809765083,0.19898747,0.3320765,1,0,0,0,0
2022-03-29,4,0,0.2552292672688793,0.4755128870677231,0.15238966,0.32062185,1,0,0,0,0
2022-03-30,4,0,0.3251933665501762,0.37712825968910785,0.25871372,0.3817219,1,0,0,0,0
2022-03-31,4,1,0.3971031891996459,0.6068206223840774,0.4141645,0.35248724,1,0,1,0,0
2022-04-01,4,1,0.3415927402223791,0.5223665057771776,0.48645934,0.30887923,1,0,1,0,0
2022-04-04,4,0,0.2724675736333134,0.4597482314884468,0.2636532,0.37882233,1,0,0,0,0
2022-04-05,4,0,0.30658361958977204,0.5493333420774632,0.24034104,0.38244778,1,0,1,0,0
2022-04-06,4,1,0.32707902267432276,0.5128863725714246,0.15691859,0.34152457,1,0,1,0,0
2022-04-07,4,0,0.2318334464366922,0.3615159213832353,0.22841851,0.3378635,1,0,0,0,0
2022-04-08,4,0,0.25768593077336865,0.39364979569914466,0.12461374,0.48464534,1,0,0,0,0
2022-04-11,4,1,0.2935104710099531,0.5213920647846998,0.16327147,0.65549344,1,0,1,0,1
2022-04-12,4,1,0.21890771571060028,0.3344909643334002,0.21455488,0.68654764,1,0,0,0,1
2022-04-13,4,0,0.24120249609291786,0.41764437190434256,0.21975175,0.58913225,1,0,0,0,1
2022-04-14,4,1,0.3404149411835444,0.506368613704868,0.176319,0.65179557,1,0,1,0,1
2022-04-15,4,1,0.29260307349161246,0.44384603428822866,0.16652538,0.45260504,1,0,0,0,0
2022-04-18,4,1,0.26154915884273033,0.3784957538854949,0.17316422,0.5484234,1,0,0,0,1
2022-04-19,4,0,0.23757517674747938,0.41120078748378064,0.20547542,0.48660618,1,0,0,0,0
2022-04-20,4,0,0.28007542624512616,0.4333335918576119,0.10490635,0.38437325,1,0,0,0,0
2022-04-21,4,0,0.34525759722382476,0.5733476945694362,0.24840494,0.45356768,1,0,1,0,0
2022-04-22,4,1,0.37713073482374765,0.7044723760267693,0.24667113,0.31206232,1,0,1,0,0
2022-04-25,4,0,0.2768857347609901,0.4209593496572299,0.41584432,0.34209323,1,0,0,0,0
2022-04-26,4,1,0.32136579015142036,0.5334914627095829,0.20162868,0.45467657,1,0,1,0,0
2022-04-27,4,1,0.2843903596309551,0.555152082958535,0.61817867,0.70383704,1,0,1,1,1
2022-04-28,4,0,0.22230714513953043,0.49147775035252067,0.18566892,0.34946015,1,0,0,0,0
2022-04-29,4,0,0.3817686503646049,0.5817289269199533,0.36022234,0.59954005,1,0,1,0,1
2022-05-02,4,0,0.22878096379189183,0.46225987519159406,0.52460766,0.45297384,1,0,0,1,0
2022-05-03,4,1,0.19549913800662042,0.4643449709535439,0.11103279,0.5174145,1,0,0,0,1
2022-05-04,4,0,0.02434581708111614,0.4646048225876722,0.18853515,0.6342765,1,0,0,0,1
2022-05-05,4,0,0.27718116468636766,0.560913320264516,0.5316758,0.60490716,1,0,1,1,1
2022-05-06,4,0,0.2282532883563344,0.4246758684949576,0.60591435,0.31612557,1,0,0,1,0
2022-05-09,4,1,0.38219614273221986,0.6337694347028056,0.28845182,0.43656883,1,0,1,0,0
2022-05-10,4,0,0.19594452273229523,0.47019188404642853,0.4038477,0.65036285,1,0,0,0,1
2022-05-11,4,0,0.24147804291767014,0.5461710449139567,0.26463977,0.5919597,1,0,1,0,1
2022-05-12,4,1,0.3116357923502405,0.6020527475388405,0.48658887,0.7854951,1,0,1,0,1
2022-05-13,4,1,0.1837937068156704,0.5198658346112317,0.23191918,0.41808605,1,0,1,0,0
2022-05-16,4,1,0.2323988558159791,0.4361949348021847,0.38891444,0.7057435,1,0,0,0,1
2022-05-17,4,0,0.18169524180787455,0.5309051670213709,0.3471496,0.24885623,1,0,1,0,0
2022-05-18,4,1,0.3626666024771367,0.6420537518827584,0.14893617,0.2721883,1,0,1,0,0
2022-05-19,4,0,0.20151097307184473,0.37054873191026827,0.555827,0.4528189,1,0,0,1,0
2022-05-20,4,0,0.27219235584404355,0.5037379721992483,0.34289786,0.53854394,1,0,1,0,1
2022-05-23,4,1,0.15578964714971208,0.4511137014944847,0.3463185,0.45144293,1,0,0,0,0
2022-05-24,4,0,0.20955123603100725,0.450935931603247,0.19882691,0.3686893,1,0,0,0,0
2022-05-25,4,0,0.20029702358773657,0.47291704386626937,0.64325607,0.25981554,1,0,0,1,0
2022-05-26,4,0,0.17411465924210756,0.42652239506269884,0.23186022,0.29294467,1,0,0,0,0
2022-05-27,4,1,0.1612187768063314,0.4365458954102335,0.26157108,0.29266307,1,0,0,0,0
2022-05-30,4,1,0.13873777603195078,0.4559805145250668,0.3302154,0.30003887,1,0,0,0,0
2022-05-31,4,0,0.20137687071177746,0.46038648502792495,0.15006813,0.29049116,1,0,0,0,0
2022-06-01,4,1,0.25960886282513124,0.39980670860444045,0.06786019,0.240434,1,0,0,0,0
2022-06-02,4,0,0.16777230780040303,0.4003935773604697,0.25527266,0.3151713,1,0,0,0,0
2022-06-03,4,1,0.2781113057339479,0.553404694819466,0.29361147,0.48417965,1,0,1,0,0
2022-06-06,4,0,0.1530885302713042,0.38276527833845114,0.25281608,0.41087267,1,0,0,0,0
2022-06-07,4,0,0.19469849917061513,0.4592537786259801,0.09516575,0.5337862,1,0,0,0,1
2022-06-08,4,0,0.2663821962364326,0.511745937178986,0.16047916,0.66075444,1,0,1,0,1
2022-06-09,4,0,0.25400177520165446,0.6329862626509093,0.18758924,0.3937575,1,0,1,0,0
2022-06-10,4,0,0.25340169563648596,0.5768803718223837,0.41340053,0.31990167,1,0,1,0,0
2022-06-13,4,0,0.4464053585613295,0.671324319205227,0.52304834,0.5201687,1,0,1,1,1
2022-06-14,4,1,0.17679606145698573,0.4532014365877802,0.32522893,0.3596368,1,0,0,0,0
2022-06-15,4,0,0.008025795983483018,0.46341904350547275,0.17737845,0.46172115,1,0,0,0,0
2022-06-16,4,1,0.244411580606052,0.5266188633089525,0.40717632,0.6539792,1,0,1,0,1
2022-06-17,4,1,0.24635165140672272,0.48064089798840604,0.6465548,0.35394952,1,0,0,1,0
2022-06-20,4,1,0.2557860609189038,0.5054671854432784,0.33829808,0.4357953,1,0,1,0,0
2022-06-21,4,0,0.18206147109174076,0.47841116280864504,0.4109411,0.508932,1,0,0,0,1
2022-06-22,4,1,0.2924095739898788,0.6057887962764292,0.22807957,0.394439,1,0,1,0,0
2022-06-23,4,1,0.2509173928576876,0.47881454882428204,0.27865192,0.2817026,1,0,0,0,0
2022-06-24,4,0,0.18547545494645976,0.4162777445037736,0.11969272,0.31257343,1,0,0,0,0
2022-06-27,4,0,0.22253555013413293,0.44415581540204613,0.62541234,0.5395066,1,0,0,1,1
2022-06-28,4,0,0.22665697490453474,0.5639649085651819,0.24147162,0.3163884,1,0,1,0,0
2022-06-29,4,0,0.18056729735811491,0.4873688674908071,0.38930482,0.26213253,1,0,0,0,0
2022-06-30,4,0,0.21027867603516584,0.5353971682619048,0.2610108,0.5003723,1,0,1,0,1
2022-07-01,4,1,0.17557663162792725,0.5035226799188286,0.2737475,0.4264668,1,0,1,0,0
2022-07-04,4,0,0.12723972542955547,0.3811558619762425,0.34502763,0.3589623,1,0,0,0,0
2022-07-05,4,1,0.21495025149428731,0.4116311109015936,0.21857804,0.30261806,1,0,0,0,0
2022-07-06,4,1,0.17108815540230288,0.5151783051301986,0.07155715,0.22668749,1,0,1,0,0
2022-07-07,4,0,0.09134521765992928,0.43765938346239636,0.1323134,0.2997366,1,0,0,0,0
2022-07-08,4,0,0.1712991999694955,0.37639722927259117,0.27575517,0.3358845,1,0,0,0,0
2022-07-11,4,0,0.22980156540392965,0.5927714886167181,0.13320647,0.32510293,1,0,1,0,0
2022-07-12,4,1,0.19062339280224921,0.5579285520660271,0.1756975,0.25719613,1,0,1,0,0
2022-07-13,4,1,0.16940040875702883,0.3403295355122581,0.17000876,0.39072296,1,0,0,0,0
2022-07-14,4,1,0.21184371815285796,0.43906196367455813,0.48124894,0.58780056,1,0,0,0,1
2022-07-15,4,1,0.1373023882966277,0.3812364623171287,0.10771255,0.36683735,1,0,0,0,0
2022-07-18,4,1,0.15748841802637487,0.46180966344692914,0.5117429,0.5917744,1,0,0,1,1
2022-07-19,4,0,0.1308483002663577,0.4234444779191723,0.29720643,0.2991918,1,0,0,0,0
2022-07-20,4,0,0.20948520093703646,0.5055465136650583,0.19047159,0.36721104,1,0,1,0,0
2022-07-21,4,0,0.2083970351543839,0.42098128096143,0.13974509,0.31785837,1,0,0,0,0
2022-07-22,4,0,0.2532681238092257,0.4444557980094415,0.36387655,0.39012137,1,0,0,0,0
2022-07-25,4,0,0.2554805669080053,0.5774210545854411,0.38722655,0.32807136,1,0,1,0,0
2022-07-26,4,1,0.21200702589405204,0.48948679932050326,0.24633065,0.31701484,1,0,0,0,0
2022-07-27,4,1,0.005594184571645639,0.401770768734173,0.387915,0.30265024,1,0,0,0,0
2022-07-28,4,0,0.09440559122712233,0.4450823400473475,0.41822517,0.30757457,1,0,0,0,0
2022-07-29,4,0,0.09499203204017631,0.39649646842790803,0.6170015,0.3961717,1,0,0,1,0
2022-08-01,4,0,0.1310067766395675,0.5169189798140674,0.5521413,0.34338325,1,0,1,1,0
2022-08-02,4,0,0.12521280833194343,0.5862180814836426,0.30363834,0.26535848,1,0,1,0,0
2022-08-03,4,0,0.09410844527601726,0.35525763776841446,0.22577724,0.29400018,1,0,0,0,0
2022-08-04,4,1,0.12104179389609353,0.42069149614691376,0.17603786,0.25930694,1,0,0,0,0
2022-08-05,4,1,0.12619368512241033,0.4770850912280642,0.18601795,0.2865971,1,0,0,0,0
2022-08-08,4,0,0.07166695447566362,0.3464007254546788,0.06493028,0.315547,1,0,0,0,0
2022-08-09,4,1,0.12348358917836885,0.4906698208688887,0.20781098,0.3564112,1,0,0,0,0
2022-08-10,4,0,0.09510658123360964,0.4377880590081407,0.15665694,0.39080694,1,0,0,0,0
2022-08-11,4,1,0.12204301594315345,0.45870563995584734,0.3855913,0.43706083,1,0,0,0,0
2022-08-12,4,0,0.08957744619326692,0.39012801470765984,0.09019757,0.35915887,1,0,0,0,0
2022-08-15,4,0,0.12191791542962414,0.46338917816661535,0.28892046,0.42168507,1,0,0,0,0
2022-08-16,4,0,0.10781110662616143,0.4776290817428724,0.07607337,0.28847563,1,0,0,0,0
2022-08-17,4,0,0.13274683393777334,0.44319547248653524,0.16555049,0.30193263,1,0,0,0,0
2022-08-18,4,0,0.11288097621028509,0.49628205642246614,0.1621215,0.2605488,1,0,0,0,0
2022-08-19,4,1,0.16458831822840642,0.5007361194073972,0.26927826,0.33343446,1,0,1,0,0
2022-08-22,4,1,0.11506908004559514,0.602920438140906,0.14085233,0.32366064,1,0,1,0,0
2022-08-23,4,0,0.0805731887080024,0.3598790510137519,0.26588252,0.32245472,1,0,0,0,0
2022-08-24,4,1,0.10038990849471942,0.4232217104070051,0.12573403,0.50714076,1,0,0,0,1
2022-08-25,4,0,0.07162758325754028,0.3907840214968816,0.10714335,0.5765006,1,0,0,0,1
2022-08-26,4,1,0.13371619552894948,0.5619230213371139,0.2062259,0.5368192,1,0,1,0,1
2022-08-29,4,0,0.08816215612622115,0.43475063434565586,0.32807142,0.34106684,1,0,0,0,0
2022-08-30,4,1,0.12416979425147363,0.5749948149228561,0.15626712,0.39582965,1,0,1,0,0
2022-08-31,4,1,0.12987707447050525,0.49481365489685286,0.14275928,0.37306786,1,0,0,0,0
2022-09-01,4,0,0.0989567727156713,0.4892509840141639,0.18228258,0.34890944,1,0,0,0,0
2022-09-02,4,0,0.11313059646473837,0.44408486618618714,0.13809936,0.30157498,1,0,0,0,0
2022-09-05,4,0,0.08379067553856484,0.38808936083141676,0.42885795,0.50480366,1,0,0,0,1
2022-09-06,4,1,0.11822344778071915,0.5019573646488468,0.23351948,0.4569886,1,0,1,0,0
2022-09-07,4,1,0.08300571873277922,0.450403191360353,0.12756073,0.31777006,1,0,0,0,0
2022-09-08,4,1,0.09288023399423459,0.4805768295612436,0.3014443,0.58088243,1,0,0,0,1
2022-09-09,4,1,0.06462811244124791,0.4333319822742861,0.118925676,0.40148652,1,0,0,0,0
2022-09-12,4,0,0.05606946979936196,0.4352470436642442,0.14282791,0.4019536,1,0,0,0,0
2022-09-13,4,1,0.22933525882448624,0.6017451766225205,0.18500511,0.34431612,1,0,1,0,0
2022-09-14,4,0,0.10107693214501294,0.40916366637977625,0.32987761,0.2696366,1,0,0,0,0
2022-09-15,5,1,0.4347976581775995,0.5195062276307245,0.46304008,0.2591012,1,0,1,0,0
2022-09-16,5,0,0.35553957873171793,0.4021591338144554,0.2797393,0.7008224,1,0,0,0,1
2022-09-19,5,0,0.3493276099971684,0.45986692643809923,0.65539616,0.55529386,1,0,0,1,1
2022-09-20,5,0,0.4020034456914875,0.5579397052932261,0.92461616,0.84868443,1,0,1,1,1
2022-09-21,5,1,0.26720533723793816,0.5206199333407184,0.0981355,0.21251549,1,0,1,0,0
2022-09-22,5,0,0.33712247486601316,0.4102710649971995,0.48563594,0.10003614,1,0,0,0,0
2022-09-23,5,0,0.46572247595134136,0.6990390484511153,0.8011379,0.08613018,1,0,1,1,0
2022-09-26,5,0,0.3821733447062514,0.49630107536194035,0.42181212,0.50730205,1,0,0,0,1
2022-09-27,5,1,0.3222990607708415,0.4228398125930309,0.07523723,0.63288957,1,0,0,0,1
2022-09-28,5,1,0.2083402973500239,0.37774489193330735,0.24798141,0.58764905,1,0,0,0,1
2022-09-29,5,0,0.34624614516439123,0.5170904779236716,0.8487778,0.9078757,1,0,1,1,1
2022-09-30,5,1,0.35561603494089034,0.47078270423552804,0.3304223,0.5349352,1,0,0,0,1
2022-10-03,5,1,0.1824292769720241,0.4317317538384345,0.9380832,0.73524594,1,0,0,1,1
2022-10-04,5,0,0.14156071414942867,0.43231660204163286,0.89931715,0.91096187,1,0,0,1,1
2022-10-05,5,0,0.37683697235371183,0.52699052803468,0.8695602,0.14300676,1,0,1,1,0
2022-10-06,5,0,0.373803046501392,0.5668519926258887,0.04577295,0.0805753,1,0,1,0,0
2022-10-07,5,0,0.43510982903206125,0.7130454308809021,0.024605323,0.21332128,1,0,1,0,0
2022-10-10,5,0,0.25668140400626366,0.49159798085150075,0.3538006,0.40927577,1,0,0,0,0
2022-10-11,5,1,0.2862783601356166,0.471768906887661,0.58662856,0.48700452,1,0,0,1,0
2022-10-12,5,1,0.3395665513640166,0.480851844230691,0.19878379,0.17934847,1,0,0,0,0
2022-10-13,5,0,0.2178738257886273,0.3777494217960108,0.6894351,0.5524264,1,0,0,1,1
2022-10-14,5,1,0.4006144812030758,0.5968164492571538,0.8352004,0.8684985,1,0,1,1,1
2022-10-17,5,0,0.20243416522160465,0.3552165285045033,0.13612773,0.16151345,1,0,0,0,0
2022-10-18,5,0,0.3326388589999477,0.5481478396134228,0.91146016,0.64537513,1,0,1,1,1
2022-10-19,5,0,0.38893037563497795,0.4986740426507233,0.2365325,0.5281096,1,0,0,0,1
2022-10-20,5,1,0.3263863690960001,0.4107593016522003,0.04069352,0.0391537,1,0,0,0,0
2022-10-21,5,1,0.24258945586078043,0.41647689079381045,0.5227175,0.1306106,1,0,0,1,0
2022-10-24,5,1,0.30524809706001693,0.4975055009957231,0.9892805,0.75602883,1,0,0,1,1
2022-10-25,5,1,0.2636546522089369,0.3782503014808411,0.20295705,0.82522124,1,0,0,0,1
2022-10-26,5,0,0.2622990319843304,0.32570743905246047,0.092523314,0.38171518,1,0,0,0,0
2022-10-27,5,1,0.3811707566813705,0.47076515796915,0.2934862,0.37409744,1,0,0,0,0
2022-10-28,5,0,0.34449152114228887,0.5017173501370737,0.79966855,0.84161675,1,0,1,1,1
2022-10-31,5,0,0.3628410651436717,0.5539219871090345,0.22593153,0.41956717,1,0,1,0,0
2022-11-01,5,0,0.23059888472733464,0.3915381440089184,0.19611432,0.38439327,1,0,0,0,0
2022-11-02,5,1,0.26101107778634286,0.586134394694441,0.121161394,0.18056817,1,0,1,0,0
2022-11-03,5,1,0.31137769259627635,0.4765461098516843,0.12372152,0.034767717,1,0,0,0,0
2022-11-04,5,0,0.10749851108080388,0.3505452605185703,0.4825129,0.20677598,1,0,0,0,0
2022-11-07,5,0,0.36021119323352785,0.5399221741799354,0.8719336,0.84410834,1,0,1,1,1
2022-11-08,5,0,0.28425632097188647,0.4140952241004174,0.5135044,0.89634204,1,0,0,1,1
2022-11-09,5,1,0.416857180026257,0.59927720846995,0.67817813,0.25757396,1,0,1,1,0
2022-11-10,5,0,0.17178449673314367,0.47265567781582873,0.14123881,0.1603248,1,0,0,0,0
2022-11-11,5,0,0.3185525816392702,0.5684121491481094,0.8317656,0.9851575,1,0,1,1,1
2022-11-14,5,1,0.4853441765640984,0.5938071449891745,0.5874133,0.08132309,1,0,1,1,0
2022-11-15,5,0,0.33676527316920557,0.5576942402983047,0.3407168,0.20503949,1,0,1,0,0
2022-11-16,5,1,0.42905229005476964,0.5611321434827825,0.13835351,0.29644108,1,0,1,0,0
2022-11-17,5,1,0.48068375924301,0.6534212410947888,0.079662174,0.3033784,1,0,1,0,0
2022-11-18,5,0,0.4197745707842468,0.6121723532819185,0.022549754,0.12798616,1,0,1,0,0
2022-11-21,5,1,0.47021615140591344,0.6511441203831978,0.11914963,0.17387399,1,0,1,0,0
2022-11-22,5,1,0.28397027055426904,0.46904529346833,0.35371593,0.25379205,1,0,0,0,0
2022-11-23,5,0,0.4075649603803407,0.6031330362672432,0.47958088,0.19434169,1,0,1,0,0
2022-11-24,5,0,0.4212442110164338,0.60800749441145,0.4437181,0.26088828,1,0,1,0,0
2022-11-25,5,0,0.41947373107436225,0.5313104849068584,0.16601373,0.21640356,1,0,1,0,0
2022-11-28,5,1,0.4800139442443181,0.563856858373989,0.2172194,0.44234237,1,0,1,0,0
2022-11-29,5,1,0.29576364512646497,0.4246360184074833,0.22007078,0.17160696,1,0,0,0,0
2022-11-30,5,0,0.20881400094263075,0.3642655294242816,0.3448446,0.19538611,1,0,0,0,0
2022-12-01,5,1,0.32081734302686354,0.40489680522679966,0.91469854,0.95572644,1,0,0,1,1
2022-12-02,5,0,0.2650467714810133,0.4268661398270817,0.69255066,0.16259325,1,0,0,1,0
2022-12-05,5,1,0.38136752172133215,0.6035452950230147,0.7077093,0.1940555,1,0,1,1,0
2022-12-06,5,0,0.3087259481804412,0.5088661643688617,0.37604773,0.5064263,1,0,1,0,1
2022-12-07,5,1,0.26388501816772364,0.36802320092314,0.4294507,0.5586582,1,0,0,0,1
2022-12-08,5,0,0.2424087044717574,0.4135702088571634,0.6632237,0.8483066,1,0,0,1,1
2022-12-09,5,1,0.30946705203001906,0.43616062295472247,0.7009372,0.36406147,1,0,0,1,0
2022-12-12,5,1,0.27864648149721094,0.44602777525074266,0.30651566,0.28437814,1,0,0,0,0
2022-12-13,5,1,0.19222910845182045,0.34846818009390496,0.28003234,0.72562116,1,0,0,0,1
2022-12-14,5,0,0.18443451130687355,0.4288446934419239,0.23893434,0.33192572,1,0,0,0,0
2022-12-15,5,0,0.38982877073173877,0.75735352646945,0.0403063,0.046515606,1,0,1,0,0
2022-12-16,5,0,0.33659820336250407,0.48859777444871155,0.2062528,0.20272362,1,0,0,0,0
2022-12-19,5,1,0.27061518221042363,0.5150274323171022,0.81745267,0.79716855,1,0,1,1,1
2022-12-20,5,0,0.23357997475522554,0.4197436292039495,0.48495635,0.77425045,1,0,0,0,1
2022-12-21,5,0,0.2306940930792115,0.44413557516025953,0.82010436,0.55811363,1,0,0,1,1
2022-12-22,5,0,0.3202555430134728,0.5494097911187235,0.040018983,0.41414377,1,0,1,0,0
2022-12-23,5,1,0.2408946537144179,0.42352750296902036,0.031349566,0.07232358,1,0,0,0,0
2022-12-26,5,0,0.26116479086724315,0.4684547805418914,0.90376085,0.6952767,1,0,0,1,1
2022-12-27,5,0,0.24794526574862727,0.3981550025867964,0.14417177,0.8197763,1,0,0,0,1
2022-12-28,5,1,0.28354956578069124,0.5319913189762999,0.43637392,0.5029009,1,0,1,0,1
2022-12-29,5,0,0.23407868639015617,0.3635328315547951,0.549412,0.280457,1,0,0,1,0
2022-12-30,5,1,0.3055395231995628,0.43305143038313626,0.94000274,0.8439613,1,0,0,1,1
2023-01-02,5,0,0.2677784395407438,0.45645834567063454,0.16902722,0.28266597,1,0,0,0,0
2023-01-03,5,1,0.2675801184216185,0.44235045115076965,0.5999973,0.42160508,1,0,0,1,0
2023-01-04,5,0,0.2759819845872295,0.4871553734535684,0.34304532,0.6717081,1,0,0,0,1
2023-01-05,5,1,0.2876516769275404,0.5037792337456936,0.7781456,0.88294303,1,0,1,1,1
2023-01-06,5,1,0.17835515748635875,0.3657060021506154,0.10656827,0.1790613,1,0,0,0,0
2023-01-09,5,1,0.22326371839216644,0.44049879300938066,0.874887,0.9279296,1,0,0,1,1
2023-01-10,5,1,0.22613806903690312,0.4422842405296346,0.5073804,0.14644709,1,0,0,1,0
2023-01-11,5,1,0.20615982803247687,0.3828224562137168,0.071379796,0.15399823,1,0,0,0,0
2023-01-12,5,1,0.2519398120645395,0.39320567470377044,0.51574576,0.8090401,1,0,0,1,1
2023-01-13,5,1,0.2481559863058403,0.3965995393989371,0.15650614,0.30891183,1,0,0,0,0
2023-01-16,5,0,0.29550464353251743,0.547940327422455,0.015109483,0.14424327,1,0,1,0,0
2023-01-17,5,0,0.2232118780053231,0.46811284656407376,0.09901493,0.5748303,1,0,0,0,1
2023-01-18,5,1,0.3197262126440727,0.4742023501061256,0.33409578,0.21008839,1,0,0,0,0
2023-01-19,5,1,0.28094249955213485,0.49868488791504917,0.5805593,0.46664658,1,0,0,1,0
2023-01-20,5,1,0.24373691990234952,0.5055729385549225,0.46810403,0.700296,1,0,1,0,1
2023-01-23,5,0,0.2605108346897177,0.5506197267718,0.5811656,0.72212154,1,0,1,1,1
2023-01-24,5,1,0.2657203463014439,0.5162497250922824,0.26310936,0.17462,1,0,1,0,0
2023-01-25,5,0,0.2624296875487428,0.5008961752123118,0.17992143,0.39969358,1,0,1,0,0
2023-01-26,5,1,0.24439438529125165,0.40620458888381583,0.027895797,0.76367027,1,0,0,0,1
2023-01-27,5,0,0.2936858248781274,0.4736599828051073,0.07865187,0.4164474,1,0,0,0,0
2023-01-30,5,1,0.2720555558713701,0.5145932088141939,0.012008272,0.23695567,1,0,1,0,0
2023-01-31,5,1,0.1974968320045882,0.3933844790580311,0.024016099,0.3377052,1,0,0,0,0
2023-02-01,5,0,0.2073082700798848,0.42292197475316207,0.7927595,0.9207506,1,0,0,1,1
2023-02-02,5,0,0.25658742653462635,0.4742965397380463,0.084752955,0.4883644,1,0,0,0,0
2023-02-03,5,0,0.3408281133182238,0.5181981372020271,0.10718471,0.07881819,1,0,1,0,0
2023-02-06,5,1,0.27628191010129566,0.4712343869499394,0.06656791,0.09377379,1,0,0,0,0
2023-02-07,5,0,0.193770966241121,0.3861667461550335,0.06867421,0.32850966,1,0,0,0,0
2023-02-08,5,0,0.25192096229239247,0.42401524040412863,0.6192784,0.9335143,1,0,0,1,1
2023-02-09,5,0,0.2620436453599094,0.5526777298409382,0.33265236,0.39725518,1,0,1,0,0
2023-02-10,5,1,0.2368087393584054,0.4655880063212031,0.8355985,0.44181913,1,0,0,1,0
2023-02-13,5,1,0.18176798958830567,0.440541057107373,0.08213493,0.31840482,1,0,0,0,0
2023-02-14,5,1,0.20576817611508486,0.4287197890276601,0.91725934,0.45296073,1,0,0,1,0
2023-02-15,5,0,0.22410762406773932,0.4172489365553438,0.041151147,0.13543098,1,0,0,0,0
2023-02-16,5,1,0.22242640133023386,0.5223002067860619,0.11206885,0.20289263,1,0,1,0,0
2023-02-17,5,1,0.21830348351380313,0.40227890768922764,0.43962613,0.57293665,1,0,0,0,1
2023-02-20,5,0,0.1610850643974322,0.3816881661433386,0.79993075,0.83879095,1,0,0,1,1
2023-02-21,5,0,0.21807885532271548,0.5301600563773498,0.8340137,0.8300544,1,0,1,1,1
2023-02-22,5,0,0.2442774219491743,0.48751776295481397,0.46196353,0.35414588,1,0,0,0,0
2023-02-23,5,0,0.24401326861512873,0.5279869881981181,0.9167992,0.6297771,1,0,1,1,1
2023-02-24,5,1,0.2913449488798921,0.5962749469135429,0.23980676,0.4361756,1,0,1,0,0
2023-02-27,5,0,0.1919070819462007,0.44283870809021514,0.11046714,0.10815314,1,0,0,0,0
2023-02-28,5,1,0.18123101858210336,0.4251146932900554,0.8269736,0.6094327,1,0,0,1,1
2023-03-01,5,0,0.22270888496063274,0.42960221795327547,0.8801687,0.6088393,1,0,0,1,1
2023-03-02,5,0,0.24638026746672273,0.4728998787846106,0.5500714,0.3199776,1,0,0,1,0
2023-03-03,5,1,0.1983381730432299,0.4471807395942213,0.16643637,0.5601793,1,0,0,0,1
2023-03-06,5,0,0.2355118350510649,0.5012084792138045,0.8154979,0.78347903,1,0,1,1,1
2023-03-07,5,0,0.3203816565001345,0.6472264478157479,0.11746416,0.15171836,1,0,1,0,0
2023-03-08,5,0,0.20368639373838546,0.460511742087583,0.13115169,0.14246285,1,0,0,0,0
2023-03-09,5,0,0.30481018668905585,0.503178782625923,0.601823,0.8032874,1,0,1,1,1
2023-03-10,5,1,0.24071661134109743,0.41667293344886175,0.60022736,0.38943422,1,0,0,1,0
2023-03-13,5,1,0.16257515738151543,0.43723296852401816,0.70486474,0.48266178,1,0,0,1,0
2023-03-14,5,0,0.21885767960413252,0.466961316809371,0.6458517,0.1281096,1,0,0,1,0
2023-03-15,5,1,0.3352269012031544,0.5886869676776876,0.5698654,0.38488993,1,0,1,1,0
2023-03-16,5,1,0.20105752260150714,0.4435805371382948,0.4451467,0.07654809,1,0,0,0,0
2023-03-17,5,1,0.19078820046067277,0.43792913565188807,0.4340449,0.05137176,1,0,0,0,0
2023-03-20,5,1,0.16721756187808343,0.46947413024414736,0.10515886,0.047198836,1,0,0,0,0
2023-03-21,5,0,0.19385902946600997,0.46343809288710064,0.14931086,0.2641108,1,0,0,0,0
2023-03-22,5,1,0.1774329824679111,0.37468487232630915,0.486672,0.5429822,1,0,0,0,1
2023-03-23,5,0,0.19768048478598685,0.41836833797814504,0.11314344,0.31656933,1,0,0,0,0
2023-03-24,5,0,0.2173815277870066,0.4959957770765852,0.24928115,0.5425097,1,0,0,0,1
2023-03-27,5,1,0.17390723358032595,0.47777089256058175,0.38217872,0.66716367,1,0,0,0,1
2023-03-28,5,1,0.17092535019137084,0.4298074327423198,0.27022067,0.24977478,1,0,0,0,0
2023-03-29,5,0,0.14347778272659154,0.38205972415313527,0.28909352,0.3053777,1,0,0,0,0
2023-03-30,5,1,0.22448609540643163,0.4211188089871304,0.27073526,0.7699918,1,0,0,0,1
2023-03-31,5,0,0.19011192085858092,0.40580425890416877,0.5026219,0.46037704,1,0,0,1,0
2023-04-03,5,1,0.2589123365435632,0.5283941199288477,0.37268087,0.4115863,1,0,1,0,0
2023-04-04,5,0,0.24722616300552347,0.5205281525784714,0.5503525,0.4105455,1,0,1,1,0
2023-04-05,5,0,0.23595504015727292,0.47511625068759356,0.47819337,0.2211624,1,0,0,0,0
2023-04-06,5,0,0.2300265366184243,0.4645773435904648,0.520338,0.3053903,1,0,0,1,0
2023-04-07,5,1,0.247356203352515,0.48187411562210314,0.6186977,0.24875115,1,0,0,1,0
2023-04-10,5,1,0.14960202949857385,0.47717007078102047,0.19347031,0.17118791,1,0,0,0,0
2023-04-11,5,0,0.17368311660306235,0.40295379680952803,0.033000946,0.10688007,1,0,0,0,0
2023-04-12,5,1,0.1905753186349772,0.43692203756419123,0.17604241,0.77655315,1,0,0,0,1
2023-04-13,5,1,0.16120024975123065,0.38329830801547593,0.3893821,0.8616027,1,0,0,0,1
2023-04-14,5,0,0.24375635932977333,0.5301947377171304,0.5842652,0.5441389,1,0,1,1,1
2023-04-17,5,1,0.21230197354781802,0.517763745339971,0.3841541,0.2289742,1,0,1,0,0
2023-04-18,5,0,0.15923668127586596,0.3866303000209229,0.20858169,0.22289401,1,0,0,0,0
2023-04-19,5,0,0.23748034541204158,0.48110885879965176,0.13790089,0.44271508,1,0,0,0,0
2023-04-20,5,0,0.2230656611536574,0.4580743147426049,0.62117165,0.7503227,1,0,0,1,1
2023-04-21,5,1,0.23893423120502016,0.5430679193691613,0.22775264,0.24355027,1,0,1,0,0
2023-04-24,5,1,0.19106639935953565,0.4145377269562481,0.6704085,0.4990725,1,0,0,1,0
2023-04-25,5,1,0.25060979735389227,0.5574010631012103,0.7471546,0.3354948,1,0,1,1,0
2023-04-26,5,1,0.2615269013290024,0.5442686948248814,0.5542206,0.4141208,1,0,1,1,0
2023-04-27,5,0,0.15939599042658717,0.35146587317088485,0.7343328,0.23085183,1,0,0,1,0
2023-04-28,5,0,0.17465432879430617,0.4524973651026808,0.5336199,0.1146442,1,0,0,1,0
2023-05-01,5,1,0.19666159846677062,0.5063849640401242,0.40624553,0.39969268,1,0,1,0,0
2023-05-02,5,1,0.19555181485967155,0.4331117383920428,0.0990482,0.47974715,1,0,0,0,0
2023-05-03,5,0,0.17882882730213276,0.42187765864926485,0.0523959,0.46393514,1,0,0,0,0
2023-05-04,5,1,0.18902444253864134,0.4095773948688506,0.031818535,0.19229554,1,0,0,0,0
2023-05-05,5,0,0.14670901195082198,0.4181238192129701,0.020354081,0.3115272,1,0,0,0,0
2023-05-08,5,0,0.19599487916863875,0.5126972561362314,0.14255185,0.72475266,1,0,1,0,1
2023-05-09,5,0,0.1883930925583627,0.4458585579278218,0.07234103,0.54844743,1,0,0,0,1
2023-05-10,5,0,0.22931432622199713,0.4997905866653651,0.06863799,0.49209514,1,0,0,0,0
2023-05-11,5,0,0.26018156284827193,0.6002954009895841,0.41409284,0.7650187,1,0,1,0,1
2023-05-12,5,1,0.193466679039614,0.5183926191420598,0.16344918,0.1665068,1,0,1,0,0
2023-05-15,5,0,0.1814728579799094,0.42353252230601024,0.6139857,0.20885605,1,0,0,1,0
2023-05-16,5,1,0.2397933901537406,0.5405324690124267,0.4663636,0.27371484,1,0,1,0,0
2023-05-17,5,0,0.1368304406783896,0.4075942997112547,0.14865984,0.56927985,1,0,0,0,1
2023-05-18,5,1,0.21607573001728098,0.5198863508099031,0.67106843,0.18619035,1,0,1,1,0
2023-05-19,5,0,0.17230155077170528,0.4014005192638828,0.23340566,0.1788718,1,0,0,0,0
2023-05-22,5,1,0.21171540478212536,0.48658952427335656,0.08956596,0.30661634,1,0,0,0,0
2023-05-23,6,0,0.4549397421680348,0.4586452323256625,0.31500226,0.48384175,1,0,0,0,0
2023-05-24,6,1,0.4683151063733175,0.5153049339285698,0.35542807,0.57670516,1,0,1,0,1
2023-05-25,6,1,0.35306408143874557,0.41833057063618584,0.49242178,0.68501496,1,0,0,0,1
2023-05-26,6,1,0.3505569523262017,0.37318420175155187,0.4093254,0.37660655,1,0,0,0,0
2023-05-29,6,0,0.37470768923407527,0.4724335500181704,0.7512113,0.5045387,1,0,0,1,1
2023-05-30,6,0,0.40771305393459034,0.48301709839522444,0.15104361,0.53451264,1,0,0,0,1
2023-05-31,6,0,0.4784115561598812,0.49253664134254527,0.34458837,0.82911086,1,0,0,0,1
2023-06-01,6,1,0.3651939325434085,0.42739467626058397,0.3893221,0.76295155,1,0,0,0,1
2023-06-02,6,0,0.40839413983912315,0.4646419015027834,0.7191188,0.6909972,1,0,0,1,1
2023-06-05,6,1,0.37779628931936293,0.45573270913886305,0.872552,0.47364184,1,0,0,1,0
2023-06-06,6,0,0.3763767620182289,0.46125857831171546,0.71076417,0.46476373,1,0,0,1,0
2023-06-07,6,0,0.4477914000978046,0.5017682005271832,0.5705533,0.38228932,1,0,1,1,0
2023-06-08,6,0,0.38013169562780247,0.42513091764026817,0.8163407,0.4035339,1,0,0,1,0
2023-06-09,6,0,0.3997578305688078,0.4551096358829965,0.2545878,0.340891,1,0,0,0,0
2023-06-12,6,0,0.3701146225992576,0.41682139452414957,0.5053534,0.46171775,1,0,0,1,0
2023-06-13,6,0,0.3054077304605855,0.41177245724895334,0.5998078,0.5912089,1,0,0,1,1
2023-06-14,6,1,0.3667149416802291,0.4911743804136026,0.6020132,0.49986973,1,0,0,1,0
2023-06-15,6,1,0.3665621080354294,0.4195969156744377,0.36890164,0.48784205,1,0,0,0,0
2023-06-16,6,1,0.4063066958492696,0.4561835955287035,0.4250172,0.6317467,1,0,0,0,1
2023-06-19,6,1,0.39681427205992453,0.4556164712518974,0.47747168,0.52464426,1,0,0,0,1
2023-06-20,6,1,0.403296772375579,0.4857062630548244,0.4853709,0.6141187,1,0,0,0,1
2023-06-21,6,1,0.4523853837788231,0.44776855133778765,0.47568586,0.43971992,1,0,0,0,0
2023-06-22,6,1,0.43307625517536835,0.42480161986291515,0.70993733,0.55135113,1,0,0,1,1
2023-06-23,6,0,0.5119689085986969,0.48627798694220026,0.6173639,0.67625153,1,1,0,1,1
2023-06-26,6,1,0.4448941350056382,0.45173404239174964,0.7092758,0.5020899,1,0,0,1,1
2023-06-27,6,0,0.38470422362197887,0.4535734922919377,0.5864436,0.6413982,1,0,0,1,1
2023-06-28,6,0,0.4839385940220459,0.4959607636916924,0.2516336,0.57243526,1,0,0,0,1
2023-06-29,6,1,0.4666608578753812,0.5120157187199171,0.6413672,0.49859634,1,0,1,1,0
2023-06-30,6,1,0.36328044465579845,0.45105702781338813,0.39398623,0.68976915,1,0,0,0,1
2023-07-03,6,0,0.3729416125628576,0.41663942818987443,0.38712868,0.518555,1,0,0,0,1
2023-07-04,6,0,0.43862920729276655,0.4667024766330221,0.17924477,0.57173604,1,0,0,0,1
2023-07-05,6,0,0.419714407556705,0.4590222884560943,0.442049,0.5785355,1,0,0,0,1
2023-07-06,6,0,0.4773929366071208,0.5302223689000255,0.551286,0.66106373,1,0,1,1,1
2023-07-07,6,1,0.3937330240116939,0.4509771278202215,0.57973766,0.55385995,1,0,0,1,1
2023-07-10,6,1,0.3914980432897037,0.4171203150190232,0.4518025,0.4871125,1,0,0,0,0
2023-07-11,6,0,0.4103982136746509,0.45158513061525213,0.36674494,0.590458,1,0,0,0,1
2023-07-12,6,1,0.33154888377947656,0.3404788912436631,0.34770706,0.69424504,1,0,0,0,1
2023-07-13,6,0,0.3424227102222511,0.39601000251689383,0.3264295,0.31468567,1,0,0,0,0
2023-07-14,6,0,0.5125709923316565,0.49987754143115987,0.72142375,0.5000912,1,1,0,1,1
2023-07-17,6,0,0.44425077347510883,0.4432580570429752,0.41960353,0.64507806,1,0,0,0,1
2023-07-18,6,1,0.43274985434834623,0.4007699860254021,0.73270947,0.38819027,1,0,0,1,0
2023-07-19,6,0,0.4307536963113119,0.4423281327853995,0.5229602,0.24204522,1,0,0,1,0
2023-07-20,6,1,0.43987827116348005,0.48918429811852193,0.63906866,0.6543374,1,0,0,1,1
2023-07-21,6,0,0.41974857835795243,0.4868627527222797,0.6931584,0.6715654,1,0,0,1,1
2023-07-24,6,1,0.353829659429449,0.47969122079357535,0.67524666,0.6395975,1,0,0,1,1
2023-07-25,6,1,0.34795093638595664,0.41347760084978646,0.24268752,0.57930833,1,0,0,0,1
2023-07-26,6,0,0.4087385267301701,0.3976728395601475,0.44605005,0.46165967,1,0,0,0,0
2023-07-27,6,1,0.4434372202567615,0.46308770063648813,0.4964355,0.5428923,1,0,0,0,1
2023-07-28,6,0,0.3939638065057607,0.3955516016471279,0.096318156,0.09849612,1,0,0,0,0
2023-07-31,6,1,0.3881473004649036,0.4050800163096026,0.22355123,0.48444596,1,0,0,0,0
2023-08-01,6,0,0.4878693564317357,0.49104672407743133,0.4318437,0.5905796,1,0,0,0,1
2023-08-02,6,0,0.5035408808558708,0.5422558705333067,0.14090368,0.73679113,1,1,1,0,1
2023-08-03,6,0,0.4322201547247189,0.47708146615253155,0.3207207,0.61728656,1,0,0,0,1
2023-08-04,6,1,0.47135543886756726,0.44649901613603765,0.5228949,0.25394693,1,0,0,1,0
2023-08-07,6,1,0.40486130820328614,0.395717334310875,0.45918992,0.5317564,1,0,0,0,1
2023-08-08,6,0,0.3864700296905255,0.4608206155413591,0.39024898,0.6683255,1,0,0,0,1
2023-08-09,6,0,0.42730876347693847,0.4791425279353503,0.5782621,0.5385272,1,0,0,1,1
2023-08-10,6,0,0.4180060817780371,0.4840981944160497,0.45916682,0.4051237,1,0,0,0,0
2023-08-11,6,1,0.4197301593698011,0.4604112773027024,0.47986376,0.56655955,1,0,0,0,1
2023-08-14,6,0,0.3576663961419935,0.4504482648422825,0.59611297,0.5267242,1,0,0,1,1
2023-08-15,6,0,0.42137034126062073,0.5238064117010865,0.40524268,0.51830643,1,0,1,0,1
2023-08-16,6,0,0.3992480679965699,0.4878084850512037,0.45741984,0.5126387,1,0,0,0,1
2023-08-17,6,0,0.4194169109923538,0.4940568228420339,0.49865532,0.5607748,1,0,0,0,1
2023-08-18,6,1,0.40320716190939765,0.4430720108272008,0.5878636,0.5984621,1,0,0,1,1
2023-08-21,6,0,0.33186059357877545,0.39486131910650557,0.5320207,0.28056318,1,0,0,1,0
2023-08-22,6,1,0.3653145990081255,0.42735908788750726,0.39576238,0.32894203,1,0,0,0,0
2023-08-23,6,0,0.3273192272790609,0.4251165271159213,0.52432233,0.49309587,1,0,0,1,0
2023-08-24,6,0,0.480729488401471,0.5714884306914303,0.37456006,0.4347683,1,0,1,0,0
2023-08-25,6,1,0.4012473721891523,0.4059622477873271,0.6063598,0.5430316,1,0,0,1,1
2023-08-28,6,1,0.39344178741854563,0.40415365433759753,0.32735914,0.541017,1,0,0,0,1
2023-08-29,6,0,0.29435909077484257,0.4334539576180046,0.60006934,0.46872845,1,0,0,1,0
2023-08-30,6,0,0.4108951927078288,0.46718763741188396,0.48742002,0.13709576,1,0,0,0,0
2023-08-31,6,0,0.4631604307831277,0.5280412392492313,0.5630448,0.2496021,1,0,1,1,0
2023-09-01,6,1,0.41180359319923443,0.5028612120350373,0.6140264,0.56750447,1,0,1,1,1
2023-09-04,6,0,0.4106350265542792,0.47230386497278326,0.50097066,0.5223017,1,0,0,1,1
2023-09-05,6,0,0.38118223427483644,0.4474416423282792,0.71320695,0.41979358,1,0,0,1,0
2023-09-06,6,1,0.4318813785363908,0.46890469840862153,0.6059591,0.56759214,1,0,0,1,1
2023-09-07,6,0,0.40427529390711764,0.45002392710088573,0.6825051,0.39828736,1,0,0,1,0
2023-09-08,6,0,0.41034394713507855,0.4512309943353373,0.52803046,0.6043986,1,0,0,1,1
2023-09-11,6,1,0.30689620597324024,0.3538061276169506,0.5944099,0.6189097,1,0,0,1,1
2023-09-12,6,1,0.396586686120145,0.47303163872412696,0.29021543,0.4660026,1,0,0,0,0
2023-09-13,6,1,0.36357899083603856,0.4678852870297138,0.44830233,0.48109263,1,0,0,0,0
2023-09-14,6,1,0.368494827814861,0.4272844897602742,0.42376035,0.5387083,1,0,0,0,1
2023-09-15,6,1,0.45067130247041165,0.5516638798264712,0.26918092,0.4538788,1,0,1,0,0
2023-09-18,6,1,0.36846555856839386,0.42599043971639156,0.66937524,0.5866266,1,0,0,1,1
2023-09-19,6,0,0.38578874329043783,0.47479040471069794,0.54626036,0.6119643,1,0,0,1,1
2023-09-20,6,0,0.43749341749783605,0.5055630894127472,0.526984,0.51234955,1,0,1,1,1
2023-09-21,6,1,0.502336793021031,0.5397841776762775,0.5917307,0.5959252,1,1,1,1,1
2023-09-22,6,0,0.3930413659074317,0.4253138086776438,0.6652335,0.66916585,1,0,0,1,1
2023-09-25,6,0,0.36016624216050036,0.4559748055042025,0.4715677,0.59212536,1,0,0,0,1
2023-09-26,6,1,0.4353703755874651,0.5553647793333993,0.4423872,0.58117294,1,0,1,0,1
2023-09-27,6,1,0.36516015468823904,0.4495774769586832,0.57407534,0.49837422,1,0,0,1,0
2023-09-28,6,0,0.310602562712636,0.4009926052786368,0.4642113,0.5482605,1,0,0,0,1
2023-09-29,6,1,0.3788047349800162,0.4711311912273877,0.3171811,0.39075544,1,0,0,0,0
2023-10-02,6,0,0.4376077841075941,0.42195145353663016,0.28649577,0.62557733,1,0,0,0,1
2023-10-03,6,1,0.39605888058512617,0.545382075527329,0.23419479,0.46474046,1,0,1,0,0
2023-10-04,6,0,0.3555853475891595,0.39453751474151444,0.5203393,0.5179489,1,0,0,1,1
2023-10-05,6,1,0.40837724767708355,0.46385555068984885,0.39030775,0.64748365,1,0,0,0,1
2023-10-06,6,0,0.30309580218189003,0.4188056262082545,0.42709425,0.6322774,1,0,0,0,1
2023-10-09,6,0,0.3571992313586649,0.4411589650747977,0.45544577,0.52423483,1,0,0,0,1
2023-10-10,6,0,0.3968746061391412,0.4451653772964443,0.17244314,0.22297262,1,0,0,0,0
2023-10-11,6,0,0.40523363546894386,0.42867254683451994,0.42552632,0.6830767,1,0,0,0,1
2023-10-12,6,1,0.46152006171054943,0.5135526658464973,0.48695588,0.72432923,1,0,1,0,1
2023-10-13,6,1,0.4914221077082551,0.4602155412592825,0.6858039,0.42240033,1,0,0,1,0
2023-10-16,6,0,0.36467039590290434,0.4319989250149415,0.44673112,0.40612644,1,0,0,0,0
2023-10-17,6,0,0.3763986116625973,0.4365919318090943,0.31822377,0.48865196,1,0,0,0,0
2023-10-18,6,1,0.4476066901767784,0.5579599900433926,0.6523472,0.45955235,1,0,1,1,0
2023-10-19,6,1,0.40926247479702815,0.438807866668831,0.69879,0.62676513,1,0,0,1,1
2023-10-20,6,1,0.42647149357177433,0.5357852439096872,0.6004347,0.62099934,1,0,1,1,1
2023-10-23,6,1,0.3558626663944792,0.45567125760371796,0.6989316,0.6779431,1,0,0,1,1
2023-10-24,6,1,0.3617130810679696,0.46082978971761596,0.39305362,0.5825173,1,0,0,0,1
2023-10-25,6,0,0.4945297116906156,0.49920457084299796,0.31690404,0.21069838,1,0,0,0,0
2023-10-26,6,0,0.49110924189959065,0.4931969162711331,0.54522437,0.2229972,1,0,0,1,0
2023-10-27,6,1,0.42597630885660004,0.5098568397824257,0.6823606,0.595372,1,0,1,1,1
2023-10-30,6,1,0.3485915729498487,0.4447122671135385,0.32490492,0.8109964,1,0,0,0,1
2023-10-31,6,1,0.3520214343778043,0.4537255747422863,0.54566306,0.4121066,1,0,0,1,0
2023-11-01,6,0,0.3984457172548974,0.4493319821469718,0.50527006,0.34973505,1,0,0,1,0
2023-11-02,6,0,0.3648747907968736,0.48723440907510096,0.7163602,0.4329065,1,0,0,1,0
2023-11-03,6,1,0.40333222300483323,0.4688313602763097,0.7391998,0.62032306,1,0,0,1,1
2023-11-06,6,1,0.3941011375527712,0.49454043417365945,0.676133,0.7732335,1,0,0,1,1
2023-11-07,6,1,0.43904417289872383,0.46130734658097955,0.78927386,0.6550737,1,0,0,1,1
2023-11-08,6,1,0.38377793283755474,0.5060052955414072,0.8444492,0.6057654,1,0,1,1,1
2023-11-09,6,1,0.43601363133439247,0.5436363345133253,0.817477,0.9334147,1,0,1,1,1
2023-11-10,6,0,0.36338091518349397,0.4012345327751185,0.61530894,0.97682124,1,0,0,1,1
2023-11-13,6,0,0.37438781043822333,0.43318148371340526,0.6645253,0.4205963,1,0,0,1,0
2023-11-14,6,1,0.3142364435021399,0.4942386806463459,0.5048245,0.45603207,1,0,0,1,0
2023-11-15,6,0,0.3777985310785225,0.47021956386866554,0.4956414,0.5986958,1,0,0,0,1
2023-11-16,6,1,0.4431548700825609,0.49826431706764196,0.31791174,0.49210247,1,0,0,0,0
2023-11-17,6,1,0.4443677277792556,0.5715108149820362,0.55699897,0.56493664,1,0,1,1,1
2023-11-20,6,0,0.3783675828854556,0.48036995727534904,0.7222332,0.7354979,1,0,0,1,1
2023-11-21,6,1,0.3999465102450404,0.47319244237427066,0.71900594,0.55982566,1,0,0,1,1
2023-11-22,6,0,0.42358392188044186,0.4639642293948883,0.60931593,0.18687354,1,0,0,1,0
2023-11-23,6,1,0.39915189771459586,0.45198006334901875,0.7537805,0.60496056,1,0,0,1,1
2023-11-24,6,0,0.39823819372014835,0.47898297206822227,0.57782227,0.60739434,1,0,0,1,1
2023-11-27,6,1,0.41676426264129407,0.46588453957331616,0.53546107,0.6075829,1,0,0,1,1
2023-11-28,6,1,0.36485370145535306,0.43407318825624425,0.7598302,0.6643402,1,0,0,1,1
2023-11-29,6,0,0.42331950617878783,0.4663467241890585,0.45175296,0.54146606,1,0,0,0,1
2023-11-30,6,1,0.43382707213869187,0.48946676036510184,0.7687053,0.5959435,1,0,0,1,1
2023-12-01,6,1,0.3683100167580129,0.49747180566958826,0.45805275,0.6944762,1,0,0,0,1
2023-12-04,6,1,0.4547008867308016,0.47492515860699847,0.5807295,0.5764314,1,0,0,1,1
2023-12-05,6,0,0.4074015728139033,0.47519364617856114,0.83194965,0.75872266,1,0,0,1,1
2023-12-06,6,0,0.4687943511004556,0.47696444651179676,0.8258693,0.47108632,1,0,0,1,0
2023-12-07,6,1,0.40643731641621583,0.44608005872086887,0.8577154,0.48691824,1,0,0,1,0
2023-12-08,6,0,0.39166200908190335,0.46516658301326047,0.67444843,0.5789862,1,0,0,1,1
2023-12-11,6,1,0.42265642122737557,0.5144652667974736,0.56822133,0.32273707,1,0,1,1,0
2023-12-12,6,1,0.39073074311680733,0.44172627861581193,0.7949884,0.16466092,1,0,0,1,0
2023-12-13,6,1,0.38629050564481743,0.4707053308052746,0.42908385,0.27938122,1,0,0,0,0
2023-12-14,6,0,0.3904436394700597,0.3894745657673969,0.15801062,0.101290286,1,0,0,0,0
2023-12-15,6,1,0.4717602350391021,0.5113843803744433,0.24666028,0.3718609,1,0,1,0,0
2023-12-18,6,0,0.4008823953706943,0.44974400379531154,0.5567537,0.46719095,1,0,0,1,0
2023-12-19,6,1,0.3719452841409659,0.4620396909261539,0.7732773,0.7226186,1,0,0,1,1
2023-12-20,6,1,0.4384883179584087,0.5816765675363454,0.6345168,0.93475527,1,0,1,1,1
2023-12-21,6,1,0.35370609507484185,0.4945377579911409,0.81198555,0.95494443,1,0,0,1,1
2023-12-22,6,0,0.37428324294966225,0.517323247853446,0.3353085,0.81450355,1,0,1,0,1
2023-12-25,6,0,0.3816735954425895,0.5033254945253548,0.5866122,0.77956575,1,0,1,1,1
2023-12-26,6,1,0.36965840929127686,0.4947727166617517,0.58919233,0.6725746,1,0,0,1,1
2023-12-27,6,0,0.3875932392466058,0.49211461381896776,0.47283226,0.5251218,1,0,0,0,1
2023-12-28,6,0,0.43641150260283895,0.5726208314432456,0.56747204,0.6844231,1,0,1,1,1
2023-12-29,6,1,0.4443735745652556,0.5719741680056886,0.61616015,0.7368585,1,0,1,1,1
2024-01-01,6,1,0.42080564251716057,0.4591461165542308,0.64142466,0.8099072,1,0,0,1,1
2024-01-02,6,0,0.4610065617441195,0.5740499221068631,0.6235631,0.3933454,1,0,1,1,0
2024-01-03,6,1,0.478616843400104,0.5333750441298707,0.71728826,0.24371617,1,0,1,1,0
2024-01-04,6,0,0.5016170610942016,0.5720697028175238,0.49054766,0.5063831,1,1,1,0,1
2024-01-05,6,1,0.43968613711910887,0.5528600902608397,0.5160751,0.55750984,1,0,1,1,1
2024-01-08,6,0,0.3318369005751541,0.48834018380272143,0.52824694,0.40617836,1,0,0,1,0
2024-01-09,6,1,0.4739142113194163,0.5702346030809706,0.57943815,0.6237521,1,0,1,1,1
2024-01-10,6,0,0.4024116420335592,0.4191853596305472,0.8008599,0.5983733,1,0,0,1,1
2024-01-11,6,0,0.42606320063816183,0.48813504204308095,0.41202992,0.7369687,1,0,0,0,1
2024-01-12,6,0,0.4252861118121987,0.47555957931498,0.5266111,0.8217516,1,0,0,1,1
2024-01-15,6,1,0.38837217343219244,0.4485701926181326,0.5201993,0.31258583,1,0,0,1,0
2024-01-16,6,0,0.43190720900100255,0.4916202804415053,0.46659383,0.5760818,1,0,0,0,1
2024-01-17,6,0,0.5044011569729104,0.5451489403555422,0.6036402,0.36675707,1,1,1,1,0
2024-01-18,6,1,0.4171715277309494,0.4631468548038328,0.6193711,0.2052829,1,0,0,1,0
2024-01-19,6,0,0.41234471030934844,0.4731226270727584,0.20554481,0.3400983,1,0,0,0,0
2024-01-22,6,1,0.4628118987678327,0.5378811238346721,0.2089226,0.444867,1,0,1,0,0
2024-01-23,6,1,0.4182232759596296,0.48951511316802665,0.3815628,0.41057864,1,0,0,0,0
2024-01-24,6,0,0.44408186612052053,0.4883710993395507,0.27499217,0.28769174,1,0,0,0,0
2024-01-25,6,1,0.4305616124756436,0.5131382048795234,0.2694168,0.3745271,1,0,1,0,0
2024-01-26,7,1,0.5300494845212842,0.48132603313317807,0.79134107,0.40048784,1,1,0,1,0
2024-01-29,7,0,0.4986400380963352,0.47472140840197724,0.73991746,0.60693914,1,0,0,1,1
2024-01-30,7,0,0.5298608927036128,0.5038132686943468,0.41620728,0.65840346,1,1,1,0,1
2024-01-31,7,1,0.6471529504536288,0.5387671638144547,0.5314552,0.5472543,1,1,1,1,1
2024-02-01,7,1,0.5235879135592105,0.5115159781179115,0.8452341,0.6279057,1,1,1,1,1
2024-02-02,7,0,0.4878431087153278,0.40790015823538134,0.25363797,0.61602426,1,0,0,0,1
2024-02-05,7,1,0.4810215314135329,0.48176558852769186,0.572794,0.6289986,1,0,0,1,1
2024-02-06,7,1,0.4647053421095193,0.49471213253413204,0.72978675,0.5051873,1,0,0,1,1
2024-02-07,7,1,0.4263832595427105,0.4190222948808395,0.7475652,0.428264,1,0,0,1,0
2024-02-08,7,1,0.4599331828911143,0.49963790403938646,0.8062552,0.3709118,1,0,0,1,0
2024-02-09,7,1,0.42404997116887494,0.4460898520232719,0.6943813,0.44567013,1,0,0,1,0
2024-02-12,7,0,0.42857766593218555,0.49286948106070466,0.2779704,0.59401983,1,0,0,0,1
2024-02-13,7,1,0.4786209372648834,0.6195868040351015,0.77761894,0.7613796,1,0,1,1,1
2024-02-14,7,1,0.39791762369718053,0.4334437777942453,0.59085184,0.33622786,1,0,0,1,0
2024-02-15,7,1,0.4460636983829181,0.5266255626916525,0.65723187,0.3742879,1,0,1,1,0
2024-02-16,7,0,0.4597167032071737,0.4284660960609979,0.4133502,0.32065192,1,0,0,0,0
2024-02-19,7,1,0.5019489218434141,0.44970850824669356,0.5514491,0.32543144,1,1,0,1,0
2024-02-20,7,0,0.537060970448401,0.4959766471094258,0.3301193,0.36658427,1,1,0,0,0
2024-02-21,7,0,0.47687979305464356,0.4448701655199816,0.3512917,0.7792884,1,0,0,0,1
2024-02-22,7,0,0.40504696578726956,0.4178459062666599,0.3301367,0.4441489,1,0,0,0,0
2024-02-23,7,1,0.502594653160481,0.44994204296536866,0.394689,0.43268743,1,1,0,0,0
2024-02-26,7,1,0.5278261299495556,0.4666149669414946,0.48445982,0.3731771,1,1,0,0,0
2024-02-27,7,1,0.4644880044700399,0.4574638131017446,0.60299915,0.3293516,1,0,0,1,0
2024-02-28,7,0,0.503222316339472,0.4508379774369927,0.3326738,0.5525737,1,1,0,0,1
2024-02-29,7,1,0.5077937003446235,0.5385509018281162,0.79723,0.6790378,1,1,1,1,1
2024-03-01,7,1,0.5345830892785659,0.578870621137452,0.43071947,0.5946252,1,1,1,0,1
2024-03-04,7,0,0.5034989019947106,0.5189954260319914,0.49236733,0.43153763,1,1,1,0,0
2024-03-05,7,1,0.6451287535534292,0.5657410234980685,0.4863997,0.33822232,1,1,1,0,0
2024-03-06,7,1,0.5930114301661779,0.591097615121944,0.78703976,0.51848924,1,1,1,1,1
2024-03-07,7,1,0.5829539544136236,0.5596670971982309,0.19134407,0.6519561,1,1,1,0,1
2024-03-08,7,1,0.6793313351937471,0.5317514556481231,0.31950578,0.6417592,1,1,1,0,1
2024-03-11,7,0,0.5783657788943841,0.5265911927273539,0.87176305,0.6640439,1,1,1,1,1
2024-03-12,7,1,0.5146366840170774,0.48404766242330993,0.71069604,0.606337,1,1,0,1,1
2024-03-13,7,0,0.5541101479712568,0.47432902883077055,0.5950315,0.59743077,1,1,0,1,1
2024-03-14,7,0,0.5658021961052961,0.4465192700563992,0.59272325,0.59559846,1,1,0,1,1
2024-03-15,7,0,0.528986323599366,0.47278616349130936,0.773977,0.51796263,1,1,0,1,1
2024-03-18,7,0,0.4945627330756328,0.4997989885064537,0.64026314,0.5257261,1,0,0,1,1
2024-03-19,7,1,0.5480458326155117,0.5351462586672623,0.33301777,0.4335847,1,1,1,0,0
2024-03-20,7,0,0.518238286208946,0.5096507289008781,0.16792902,0.41202202,1,1,1,0,0
2024-03-21,7,0,0.5723965141002494,0.5675000209439027,0.13343754,0.37769857,1,1,1,0,0
2024-03-22,7,1,0.533368368251656,0.5328937568131336,0.22975045,0.3779084,1,1,1,0,0
2024-03-25,7,1,0.6285584738023717,0.4911533942678826,0.5984195,0.65119785,1,1,0,1,1
2024-03-26,7,0,0.6844586189346605,0.5287262324160398,0.7899895,0.64164907,1,1,1,1,1
2024-03-27,7,1,0.6385521694879133,0.6043251324186175,0.68734163,0.59904766,1,1,1,1,1
2024-03-28,7,0,0.6772358506508162,0.5842077686436788,0.3100747,0.72075063,1,1,1,0,1
2024-03-29,7,0,0.6674655912962174,0.5301185152594231,0.5629032,0.68437326,1,1,1,1,1
2024-04-01,7,0,0.6813953075019333,0.5343661295321191,0.6842394,0.66512835,1,1,1,1,1
2024-04-02,7,1,0.6629610453360537,0.5628346794361186,0.78469986,0.6917076,1,1,1,1,1
2024-04-03,7,1,0.4756209942247372,0.45850980195106206,0.45938307,0.6622688,1,0,0,0,1
2024-04-04,7,0,0.5243472233928725,0.6247287320230714,0.13811952,0.724861,1,1,1,0,1
2024-04-05,7,1,0.5085022178129813,0.5376216690972462,0.7574971,0.61806005,1,1,1,1,1
2024-04-08,7,0,0.44351640229549244,0.4622334719288287,0.21722254,0.44142094,1,0,0,0,0
2024-04-09,7,1,0.5022584727236393,0.5137271935838816,0.70739514,0.35900995,1,1,1,1,0
2024-04-10,7,0,0.48787870209588163,0.49543256061526975,0.3011655,0.40779987,1,0,0,0,0
2024-04-11,7,0,0.42863403480890433,0.5326992352230409,0.65092695,0.3820254,1,0,1,1,0
2024-04-12,7,0,0.462057954832631,0.6213747032980276,0.2761873,0.764366,1,0,1,0,1
2024-04-15,7,1,0.5156858282351775,0.5170191228675687,0.58545965,0.3459671,1,1,1,1,0
2024-04-16,7,0,0.4974147620575883,0.5298730702472426,0.50124216,0.43308106,1,0,1,1,0
2024-04-17,7,1,0.4360764934944035,0.496500734819764,0.46422774,0.33484876,1,0,0,0,0
2024-04-18,7,1,0.47470609987500406,0.5031061848549924,0.51649714,0.6470035,1,0,1,1,1
2024-04-19,7,1,0.5141745470523854,0.5186533527771183,0.17673004,0.7469371,1,1,1,0,1
2024-04-22,7,0,0.36443750604712727,0.462031623217408,0.6887282,0.36225128,1,0,0,1,0
2024-04-23,7,0,0.4142278796921733,0.4601071041728332,0.41169125,0.37268034,1,0,0,0,0
2024-04-24,7,1,0.4572238375515992,0.4773541095880853,0.10496605,0.5204412,1,0,0,0,1
2024-04-25,7,0,0.4490510120600109,0.5329562900211546,0.46655965,0.40181315,1,0,1,0,0
2024-04-26,7,1,0.4266815381537321,0.43264854087338817,0.40685606,0.33872885,1,0,0,0,0
2024-04-29,7,0,0.4064782749361677,0.44961359030051967,0.2322438,0.3620834,1,0,0,0,0
2024-04-30,7,0,0.476096545769448,0.554141916471905,0.6680632,0.6241412,1,0,1,1,1
2024-05-01,7,1,0.5827976648098413,0.5693989691710253,0.3431731,0.40054515,1,1,1,0,0
2024-05-02,7,1,0.48902640487361765,0.4870724954387456,0.60740745,0.3671075,1,0,0,1,0
2024-05-03,7,1,0.42191641562614507,0.4523477780604218,0.5391262,0.3002222,1,0,0,1,0
2024-05-06,7,0,0.40831002724563714,0.4699124058370009,0.78507006,0.4273568,1,0,0,1,0
2024-05-07,7,0,0.43707357447165485,0.49195641646644767,0.5957084,0.24472243,1,0,0,1,0
2024-05-08,7,1,0.5172309218445456,0.463413221342416,0.805662,0.27840775,1,1,0,1,0
2024-05-09,7,0,0.47474900313276036,0.5261403554544265,0.8622273,0.5101348,1,0,1,1,1
2024-05-10,7,1,0.4539732321921066,0.5054069823747205,0.29166862,0.29392964,1,0,1,0,0
2024-05-13,7,0,0.3834858442419169,0.45380768163935165,0.47853416,0.3245974,1,0,0,0,0
2024-05-14,7,1,0.4574981590027027,0.5201976666245055,0.71775436,0.33871,1,0,1,1,0
2024-05-15,7,0,0.3897810510592422,0.4814005848192567,0.2937521,0.36731294,1,0,0,0,0
2024-05-16,7,1,0.4798576009631439,0.46200824211407043,0.27192265,0.35444498,1,0,0,0,0
2024-05-17,7,1,0.4540427132857559,0.46041877507405765,0.70586544,0.33760273,1,0,0,1,0
2024-05-20,7,0,0.4227341506331405,0.5029086816145127,0.15160818,0.76780826,1,0,1,0,1
2024-05-21,7,0,0.4440204576637117,0.46068236825477316,0.7131938,0.3587228,1,0,0,1,0
2024-05-22,7,0,0.5089819753849196,0.4932822059441618,0.79361045,0.52074265,1,1,0,1,1
2024-05-23,7,1,0.4404623239611288,0.608622985725482,0.68575746,0.6084303,1,0,1,1,1
2024-05-24,7,1,0.4262672508195257,0.4473320090040412,0.38578734,0.51487,1,0,0,0,1
2024-05-27,7,0,0.43048078750269725,0.4620895386283558,0.7668788,0.40813848,1,0,0,1,0
2024-05-28,7,0,0.7008722797908217,0.5378726712691586,0.74575764,0.28213337,1,1,1,1,0
2024-05-29,7,1,0.7262883005596344,0.5038842270227929,0.70032483,0.3444761,1,1,1,1,0
2024-05-30,7,0,0.7679601594522487,0.6035293114033816,0.9397914,0.5514664,1,1,1,1,1
2024-05-31,7,1,0.7170224405382003,0.5560526618002948,0.9428948,0.94348973,1,1,1,1,1
2024-06-03,7,1,0.7142269294183292,0.5200935502716209,0.79486763,0.94338703,1,1,1,1,1
2024-06-04,7,1,0.7563908980006515,0.5086912814279825,0.9489395,0.89583176,1,1,1,1,1
2024-06-05,7,0,0.7338250017422862,0.5574703122806735,0.94483083,0.8941754,1,1,1,1,1
2024-06-06,7,0,0.4861490907893166,0.46891109391895214,0.536383,0.9650477,1,0,0,1,1
2024-06-07,7,1,0.48938006135947043,0.4958156257166253,0.12113393,0.90734375,1,0,0,0,1
2024-06-10,7,0,0.42015543030477714,0.47360340064620776,0.5950476,0.89091045,1,0,0,1,1
2024-06-11,7,1,0.48644216781837696,0.4767042079565745,0.051005624,0.6772107,1,0,0,0,1
2024-06-12,7,0,0.390901315193222,0.44482407216342573,0.29180303,0.5586618,1,0,0,0,1
2024-06-13,7,0,0.4714542887888109,0.4469370694251809,0.6695275,0.85411894,1,0,0,1,1
2024-06-14,7,1,0.5444814515367392,0.4866234477476059,0.66654545,0.76393163,1,1,0,1,1
2024-06-17,7,0,0.45849355818870646,0.4482609721039711,0.7553665,0.38894027,1,0,0,1,0
2024-06-18,7,0,0.4849005090173221,0.4988965050082082,0.18473312,0.35781422,1,0,0,0,0
2024-06-19,7,0,0.4725340835124338,0.4813064402032544,0.5367705,0.40659887,1,0,0,1,0
2024-06-20,7,0,0.5113239269112076,0.5169662196985183,0.68660915,0.39450172,1,1,1,1,0
2024-06-21,7,0,0.4645395085178707,0.4637594788721841,0.45015767,0.24389777,1,0,0,0,0
2024-06-24,7,1,0.550506720884106,0.5113218819715882,0.60028696,0.3060878,1,1,1,1,0
2024-06-25,7,0,0.4398973325070374,0.489094348496383,0.6360317,0.5054812,1,0,0,1,1
2024-06-26,7,1,0.4747212420635515,0.4600196060131539,0.5413204,0.5866529,1,0,0,1,1
2024-06-27,7,0,0.5436768857866091,0.4596697681653654,0.5914368,0.74790096,1,1,0,1,1
2024-06-28,7,1,0.5086524600911069,0.47447747842957283,0.850457,0.5596075,1,1,0,1,1
2024-07-01,7,0,0.4713015922904217,0.4513871069607518,0.5390646,0.38938916,1,0,0,1,0
2024-07-02,7,0,0.43100050448001614,0.4430968694727313,0.37396127,0.36030984,1,0,0,0,0
2024-07-03,7,0,0.43201892082224436,0.48820704904567047,0.27307668,0.49672028,1,0,0,0,0
2024-07-04,7,0,0.5082661693854061,0.49003356740832815,0.14404915,0.5377441,1,1,0,0,1
2024-07-05,7,1,0.5337627665089758,0.5509474533958413,0.4321448,0.35684907,1,1,1,0,0
2024-07-08,7,1,0.4864415922625377,0.5151278226866249,0.09964648,0.67934495,1,0,1,0,1
2024-07-09,7,0,0.4876450150882613,0.45214294575823977,0.37134224,0.58180606,1,0,0,0,1
2024-07-10,7,0,0.491585123659977,0.4784553663633393,0.38601038,0.7243046,1,0,0,0,1
2024-07-11,7,1,0.6028129473445579,0.48867209878581613,0.5586301,0.48465106,1,1,0,1,0
2024-07-12,7,1,0.48960167787629355,0.5058836080615751,0.85675186,0.43308362,1,0,1,1,0
2024-07-15,7,1,0.4735190788719261,0.4965200016782131,0.17270328,0.4265167,1,0,0,0,0
2024-07-16,7,0,0.5528362825672511,0.517924671588877,0.6648301,0.4282504,1,1,1,1,0
2024-07-17,7,0,0.6114520645736047,0.5110445784565151,0.68128294,0.35136244,1,1,1,1,0
2024-07-18,7,1,0.5019948097384715,0.5741584039743094,0.34960917,0.34155682,1,1,1,0,0
2024-07-19,7,1,0.4279866619171096,0.4920638138914106,0.66266674,0.74666125,1,0,0,1,1
2024-07-22,7,0,0.4075465672845581,0.40578207699433144,0.3684788,0.7295408,1,0,0,0,1
2024-07-23,7,0,0.5111618786839792,0.49380900577200565,0.71408296,0.58196205,1,1,0,1,1
2024-07-24,7,1,0.5873006509550133,0.6014273382988682,0.83141595,0.3754964,1,1,1,1,0
2024-07-25,7,1,0.5195074722177604,0.45611257738615885,0.84212714,0.33516935,1,1,0,1,0
2024-07-26,7,0,0.5028521008544908,0.49077680059749346,0.6362303,0.36572078,1,1,0,1,0
2024-07-29,7,0,0.4873186629670759,0.4550609627928588,0.52028817,0.7425673,1,0,0,1,1
2024-07-30,7,0,0.5852430228323247,0.4734780376913932,0.90600425,0.5385982,1,1,0,1,1
2024-07-31,7,1,0.44420261650842474,0.3868315972820311,0.83594686,0.41594285,1,0,0,1,0
2024-08-01,7,0,0.5720794674424771,0.5613298243642758,0.13651095,0.50433576,1,1,1,0,1
2024-08-02,7,0,0.5948782963289043,0.6079398910337452,0.9426137,0.7342716,1,1,1,1,1
2024-08-05,7,1,0.7263329783531596,0.5919239462242847,0.8205402,0.6021948,1,1,1,1,1
2024-08-06,7,0,0.44260048603706004,0.46201498158163185,0.46734545,0.75772464,1,0,0,0,1
2024-08-07,7,1,0.5712096847854723,0.5111813354583858,0.51506656,0.58378,1,1,1,1,1
2024-08-08,7,0,0.39145856660476686,0.5308261016427643,0.89832115,0.66100764,1,0,1,1,1
2024-08-09,7,0,0.4235153559168987,0.4888681808463766,0.06692908,0.38958356,1,0,0,0,0
2024-08-12,7,1,0.45415095982558396,0.5233897711296914,0.80317914,0.3680315,1,0,1,1,0
2024-08-13,7,0,0.38225076820398673,0.411665006626486,0.24596664,0.3042741,1,0,0,0,0
2024-08-14,7,0,0.44861531530413795,0.502142212659188,0.72624654,0.44222087,1,0,1,1,0
2024-08-15,7,1,0.40773261937794286,0.4625511131258331,0.7720281,0.82490796,1,0,0,1,1
2024-08-16,7,1,0.5015347766615065,0.5207473754670644,0.74431694,0.79370695,1,1,1,1,1
2024-08-19,7,0,0.3709741277236006,0.4900189647977754,0.69838846,0.12570135,1,0,0,1,0
2024-08-20,7,1,0.45277003335375704,0.4628922431753289,0.33699912,0.33440346,1,0,0,0,0
2024-08-21,7,0,0.392813684192269,0.46159890218966915,0.39269912,0.33003983,1,0,0,0,0
2024-08-22,7,1,0.49521713582898075,0.5067769837797456,0.5978929,0.59549296,1,0,1,1,1
2024-08-23,7,0,0.388900945547982,0.4725420616443814,0.5938259,0.69177574,1,0,0,1,1
2024-08-26,7,0,0.46959673994579704,0.4913170907894241,0.3682451,0.7002821,1,0,0,0,1
2024-08-27,7,0,0.42821712659496747,0.45976641730896345,0.8374361,0.23070088,1,0,0,1,0
2024-08-28,7,1,0.49109081715922626,0.5036438074168519,0.34076208,0.3624633,1,0,1,0,0
2024-08-29,7,0,0.5094900172699018,0.48348306916113776,0.60831386,0.5019011,1,1,0,1,1
2024-08-30,7,1,0.3961154552290609,0.49236519756190317,0.66631037,0.78454137,1,0,0,1,1
2024-09-02,7,0,0.4479812720626263,0.45617915638291445,0.38598752,0.6571142,1,0,0,0,1
2024-09-03,7,1,0.541639770910348,0.6211572611080495,0.7156517,0.39686325,1,1,1,1,0
2024-09-04,7,0,0.4928112233658821,0.46685891350602426,0.84646535,0.36088863,1,0,0,1,0
2024-09-05,7,0,0.49427252560149454,0.4995612096079981,0.4151286,0.40879127,1,0,0,0,0
2024-09-06,7,1,0.5802239599012974,0.48757212671485806,0.25135103,0.611033,1,1,0,0,1
2024-09-09,7,1,0.38768782095959137,0.4969249324732786,0.82032186,0.6037264,1,0,0,1,1
2024-09-10,7,0,0.44012115201868574,0.44730842634361473,0.52425236,0.52309257,1,0,0,1,1
2024-09-11,7,1,0.42067979880789796,0.4478345355383611,0.92361635,0.29704016,1,0,0,1,0
2024-09-12,7,1,0.43630557749196597,0.5333157364361029,0.7147244,0.33221063,1,0,1,1,0
2024-09-13,7,0,0.42622888221897276,0.4976668603476167,0.6291725,0.13840507,1,0,0,1,0
2024-09-16,7,1,0.46526905938430474,0.5028776199565126,0.83607394,0.30763367,1,0,1,1,0
2024-09-17,7,1,0.4263474390965949,0.4588344158234431,0.7038752,0.39961654,1,0,0,1,0
2024-09-18,7,1,0.5270946751432642,0.4948975436978052,0.8182434,0.4576043,1,1,0,1,0
2024-09-19,7,1,0.39228961793639217,0.4895394317380821,0.9427703,0.92281675,1,0,0,1,1
2024-09-20,7,1,0.5151158923968424,0.5174529777206005,0.4002961,0.86618835,1,1,1,0,1
2024-09-23,7,1,0.417146247522004,0.48063758721978705,0.79605895,0.23515803,1,0,0,1,0
2024-09-24,7,0,0.390990164036122,0.4262286856146917,0.2877762,0.368394,1,0,0,0,0
2024-09-25,7,1,0.4563375521176825,0.51985101552197,0.21772346,0.14631486,1,0,1,0,0
2024-09-26,7,1,0.43311818786515016,0.45877304462345214,0.2066788,0.2954494,1,0,0,0,0
2024-09-27,7,0,0.4911161216209196,0.48734648333759745,0.18830346,0.5631108,1,0,0,0,1
2024-09-30,7,0,0.42554156882131844,0.47041692503421567,0.26639855,0.79703563,1,0,0,0,1
2024-10-01,7,0,0.4935857347016227,0.5005274279530214,0.340391,0.6620862,1,0,1,0,1
2024-10-02,8,1,0.4627411878816883,0.47436370079002854,0.20030779,0.5311722,1,0,0,0,1
2024-10-03,8,1,0.4832574622491988,0.47074692227407455,0.29625025,0.42127088,1,0,0,0,0
2024-10-04,8,1,0.41149681388855663,0.43489856221666473,0.42689905,0.42972523,1,0,0,0,0
2024-10-07,8,0,0.45050520851985076,0.5321083401808742,0.10475078,0.4394707,1,0,1,0,0
2024-10-08,8,0,0.41851696580915093,0.4624186724006838,0.7234369,0.55158055,1,0,0,1,1
2024-10-09,8,0,0.4581597054006577,0.49844980256148547,0.2436452,0.5545862,1,0,0,0,1
2024-10-10,8,1,0.4932187057921008,0.46245784901266956,0.2635793,0.5622569,1,0,0,0,1
2024-10-11,8,1,0.46938463259543173,0.48970190243802614,0.63708687,0.5154199,1,0,0,1,1
2024-10-14,8,1,0.4377253156670604,0.44310456772758583,0.3470856,0.4963571,1,0,0,0,0
2024-10-15,8,1,0.5423900168792529,0.5363672237363987,0.40448454,0.4239061,1,1,1,0,0
2024-10-16,8,0,0.500410566384913,0.48792870986712844,0.8239101,0.68405426,1,1,0,1,1
2024-10-17,8,1,0.5552822374855912,0.46447794723376085,0.28143576,0.55906427,1,1,0,0,1
2024-10-18,8,0,0.4003250748973047,0.4554588402297865,0.2657569,0.5311081,1,0,0,0,1
2024-10-21,8,1,0.4958639300358652,0.4783867631687225,0.08651289,0.53725296,1,0,0,0,1
2024-10-22,8,0,0.4705508223888467,0.4189936345668044,0.69061476,0.6010623,1,0,0,1,1
2024-10-23,8,1,0.4688095985205323,0.5557465385111962,0.31691894,0.5480185,1,0,1,0,1
2024-10-24,8,0,0.455851049150246,0.44705123238478706,0.7843797,0.58038604,1,0,0,1,1
2024-10-25,8,1,0.4789205395265581,0.4821329223394851,0.4908651,0.55751586,1,0,0,0,1
2024-10-28,8,1,0.4278057507755848,0.4536872772949368,0.21566439,0.5369936,1,0,0,0,1
2024-10-29,8,0,0.4435705380877284,0.43433581685217315,0.6483928,0.5449974,1,0,0,1,1
2024-10-30,8,0,0.5038627695573549,0.4711418453033654,0.15630956,0.28798017,1,1,0,0,0
2024-10-31,8,0,0.5414995397636498,0.60638767376012,0.6236034,0.5003024,1,1,1,1,1
2024-11-01,8,0,0.49579469171909235,0.5373250041001949,0.7546293,0.54564816,1,0,1,1,1
2024-11-04,8,1,0.42969970991590056,0.4927283639905638,0.16992912,0.59877324,1,0,0,0,1
2024-11-05,8,1,0.4048772874012487,0.4209345544564406,0.66990757,0.5518382,1,0,0,1,1
2024-11-06,8,1,0.44030961913446964,0.4045932200833749,0.13411662,0.38831425,1,0,0,0,0
2024-11-07,8,1,0.4707108560142448,0.41251209680412265,0.13042656,0.48137924,1,0,0,0,0
2024-11-08,8,1,0.5160219459438153,0.47955075579079653,0.73830694,0.8707314,1,1,0,1,1
2024-11-11,8,0,0.4526485903983728,0.46944854485350285,0.3805895,0.33065122,1,0,0,0,0
2024-11-12,8,1,0.49728929845123315,0.5493983110998059,0.36210087,0.1784991,1,0,1,0,0
2024-11-13,8,0,0.517036891471956,0.5322401076949185,0.6339346,0.5452584,1,1,1,1,1
2024-11-14,8,1,0.5503757506058321,0.48840016895746724,0.5090986,0.5204474,1,1,0,1,1
2024-11-15,8,0,0.5662294371112288,0.4977930171327077,0.67673534,0.6792625,1,1,0,1,1
2024-11-18,8,1,0.4977290962399572,0.5374318355208616,0.81497544,0.6675017,1,0,1,1,1
2024-11-19,8,1,0.5297607556410309,0.49575359427912646,0.21440074,0.70601416,1,1,0,0,1
2024-11-20,8,1,0.5892424374093833,0.4929052890668391,0.33677882,0.78574324,1,1,0,0,1
2024-11-21,8,1,0.5812295092711159,0.5690298983023159,0.71588975,0.5270705,1,1,1,1,1
2024-11-22,8,0,0.6268610761507621,0.5363585767079537,0.48369476,0.616645,1,1,1,0,1
2024-11-25,8,0,0.5304584117060054,0.5322710164872108,0.22406913,0.7700401,1,1,1,0,1
2024-11-26,8,1,0.5539955907681644,0.5189524260251267,0.17854506,0.059730284,1,1,1,0,0
2024-11-27,8,0,0.5815220327331969,0.476598401433438,0.42453712,0.53446805,1,1,0,0,1
2024-11-28,8,1,0.5844068274431762,0.44960882585912143,0.6544652,0.57395124,1,1,0,1,1
2024-11-29,8,0,0.5354304126012703,0.4909926514181212,0.4408763,0.81931615,1,1,0,0,1
2024-12-02,8,1,0.5505833178464934,0.4995457570493751,0.3284707,0.774117,1,1,0,0,1
2024-12-03,8,1,0.5172618366763932,0.4862183551058387,0.33685446,0.32700872,1,1,0,0,0
2024-12-04,8,0,0.5273359250796085,0.49828674908087706,0.47289038,0.3213011,1,1,0,0,0
2024-12-05,8,1,0.5298177787148595,0.5216084266544315,0.35411316,0.5166904,1,1,1,0,1
2024-12-06,8,0,0.5412408803755555,0.49132890685196595,0.4472867,0.7727611,1,1,0,0,1
2024-12-09,8,0,0.568739055378865,0.505683773037517,0.57397085,0.14388156,1,1,1,1,0
2024-12-10,8,1,0.608770335341223,0.4961641071397722,0.60147953,0.5315491,1,1,0,1,1
2024-12-11,8,0,0.5039303074741073,0.49172861634743276,0.659263,0.5396549,1,1,0,1,1
2024-12-12,8,1,0.5447392857544109,0.5135495951763903,0.44435075,0.6727152,1,1,1,0,1
2024-12-13,8,1,0.4985463054853487,0.4990018995496602,0.6350442,0.50327975,1,0,0,1,1
2024-12-16,8,1,0.4625581066423036,0.46607411646634633,0.42964208,0.4020871,1,0,0,0,0
2024-12-17,8,0,0.5014363234093673,0.5261593070901086,0.5761454,0.5432435,1,1,1,1,1
2024-12-18,8,0,0.6230998674115771,0.5951950354809372,0.68651116,0.57203716,1,1,1,1,1
2024-12-19,8,1,0.5693472025831939,0.5074644714651038,0.726799,0.5104901,1,1,1,1,1
2024-12-20,8,0,0.48806786856026413,0.5671245448098836,0.71038365,0.35850993,1,0,1,1,0
2024-12-23,8,1,0.45285616820607477,0.4598547265925099,0.16317146,0.5757758,1,0,0,0,1
2024-12-24,8,1,0.47577513186767767,0.501457952129761,0.4927494,0.5729171,1,0,1,0,1
2024-12-25,8,0,0.5391031909014081,0.4633073860405756,0.36317822,0.53205645,1,1,0,0,1
2024-12-26,8,0,0.5731816267211178,0.47785682786610956,0.641555,0.5389025,1,1,0,1,1
2024-12-27,8,0,0.5694977393239077,0.5624744006479776,0.5259904,0.63923025,1,1,1,1,1
2024-12-30,8,1,0.5786180492064374,0.6197968014567272,0.76475984,0.5090737,1,1,1,1,1
2024-12-31,8,1,0.6022263189900453,0.5450604904023351,0.7482922,0.52582353,1,1,1,1,1
2025-01-01,8,1,0.5327954990448648,0.4730594125532365,0.63480616,0.7132705,1,1,0,1,1
2025-01-02,8,1,0.5116363446443928,0.45526164147370557,0.5395237,0.77382636,1,1,0,1,1
2025-01-03,8,1,0.44092289025607195,0.4555735174334172,0.39441988,0.6904314,1,0,0,0,1
2025-01-06,8,0,0.40449639293086576,0.42773061977357374,0.087573916,0.22255379,1,0,0,0,0
2025-01-07,8,0,0.5742969784326307,0.5031030687548477,0.711728,0.3565499,1,1,1,1,0
2025-01-08,8,0,0.48832962707546584,0.4363961112543454,0.7068186,0.45747244,1,0,0,1,0
2025-01-09,8,1,0.47468918360561874,0.46123397254067783,0.3034526,0.54345375,1,0,0,0,1
2025-01-10,8,0,0.5073156352309823,0.5239665635555578,0.40431318,0.55033726,1,1,1,0,1
2025-01-13,8,1,0.4536835599893184,0.4541904481888243,0.91651434,0.46184418,1,0,0,1,0
2025-01-14,8,1,0.4403623468449561,0.4500062817510207,0.18377304,0.5975163,1,0,0,0,1
2025-01-15,8,0,0.39526420475725466,0.43761354788163964,0.38247722,0.53970295,1,0,0,0,1
2025-01-16,8,1,0.45845340523083933,0.47761988204146166,0.037873726,0.2553285,1,0,0,0,0
2025-01-17,8,0,0.42981097115704986,0.44089283921202943,0.6372968,0.6581334,1,0,0,1,1
2025-01-20,8,1,0.49861613396459115,0.45621854753861185,0.49490243,0.8279079,1,0,0,0,1
2025-01-21,8,0,0.4774670394289565,0.4621649628742452,0.552968,0.7084576,1,0,0,1,1
2025-01-22,8,1,0.5257630541186008,0.4617504289692151,0.32473722,0.24426605,1,1,0,0,0
2025-01-23,8,1,0.5388156173342824,0.5110033931484318,0.3224107,0.3211437,1,1,1,0,0
2025-01-24,8,0,0.527017702858639,0.48613301136250864,0.40238184,0.114717625,1,1,0,0,0
2025-01-27,8,0,0.6389745679154561,0.6099841134990026,0.7520813,0.505187,1,1,1,1,1
2025-01-28,8,1,0.5406938161194962,0.47912679692268456,0.6184652,0.6851581,1,1,0,1,1
2025-01-29,8,1,0.5081995555047727,0.4625955393168247,0.15837729,0.86071414,1,1,0,0,1
2025-01-30,8,0,0.4796420850888335,0.5092065852951031,0.69233024,0.73215073,1,0,1,1,1
2025-01-31,8,0,0.5512096939805589,0.5194542708958382,0.26548576,0.6155982,1,1,1,0,1
2025-02-03,8,0,0.5075591175905296,0.5023464966224032,0.6634338,0.81324416,1,1,1,1,1
2025-02-04,8,0,0.4643427615355664,0.4827059311024635,0.53395885,0.4603559,1,0,0,1,0
2025-02-05,8,0,0.48705147514885144,0.45944797120030684,0.1415217,0.49214202,1,0,0,0,0
2025-02-06,8,0,0.44178586209905013,0.46076022525592314,0.38454756,0.5279572,1,0,0,0,1
2025-02-07,8,1,0.5065167114450423,0.5087806800672424,0.4381806,0.55584836,1,1,1,0,1
2025-02-10,8,0,0.49268537111670113,0.43300040229281045,0.7864118,0.53567266,1,0,0,1,1
2025-02-11,8,1,0.4973679938646821,0.4849037277382902,0.17273831,0.6282428,1,0,0,0,1
2025-02-12,8,0,0.48343765751375783,0.47348866239692483,0.5790612,0.615504,1,0,0,1,1
2025-02-13,8,1,0.45826327009488826,0.45947354248634364,0.46722266,0.263696,1,0,0,0,0
2025-02-14,8,0,0.43704224868164687,0.4749637011011816,0.18013833,0.342358,1,0,0,0,0
2025-02-17,8,0,0.4971795189181341,0.4441515012500787,0.472405,0.5605179,1,0,0,0,1
2025-02-18,8,1,0.4403903451470551,0.482822008907134,0.4457964,0.6037774,1,0,0,0,1
2025-02-19,8,1,0.456975935485166,0.44833726369197485,0.1304992,0.49883157,1,0,0,0,0
2025-02-20,8,0,0.38485742303083803,0.4688258169670536,0.32313132,0.46748593,1,0,0,0,0
2025-02-21,8,0,0.5385806653426719,0.5786647852149781,0.7558638,0.47820735,1,1,1,1,0
2025-02-24,8,0,0.4717641993768693,0.46498464751486096,0.6696326,0.629137,1,0,0,1,1
2025-02-25,8,0,0.5096060708720113,0.5195539826644434,0.5571967,0.5469025,1,1,1,1,1
2025-02-26,8,1,0.5016683611351196,0.5046374123825331,0.36631918,0.54646283,1,1,1,0,1
2025-02-27,8,0,0.5672044460660798,0.5415180291110142,0.4199661,0.59943146,1,1,1,0,1
2025-02-28,8,1,0.4446615345883933,0.4702071343421466,0.54586864,0.5543402,1,0,0,1,1
2025-03-03,8,1,0.561216879431629,0.5727507209461123,0.23437788,0.5411622,1,1,1,0,1
2025-03-04,8,1,0.592592624495287,0.6040770889800263,0.74363565,0.5403483,1,1,1,1,1
2025-03-05,8,0,0.3898604475144507,0.44124470992220677,0.72490436,0.5199195,1,0,0,1,1
2025-03-06,8,0,0.5217944188168011,0.5242551346600578,0.36458486,0.5627788,1,1,1,0,1
2025-03-07,8,0,0.47822053090105715,0.46614043487727,0.8573935,0.51259726,1,0,0,1,1
2025-03-10,8,1,0.5396114911932264,0.6622348353204107,0.23759718,0.5257606,1,1,1,0,1
2025-03-11,8,1,0.47990860881108693,0.5047425732919522,0.87072986,0.44606104,1,0,1,1,0
2025-03-12,8,0,0.4394711843644196,0.45708206708183374,0.53949904,0.49941328,1,0,0,1,0
2025-03-13,8,1,0.5290666628368749,0.5813547623942642,0.17341033,0.533633,1,1,1,0,1
2025-03-14,8,1,0.3827467511822973,0.3999378576799312,0.8765627,0.45448628,1,0,0,1,0
2025-03-17,8,0,0.4384718965521154,0.48475537481175046,0.09372832,0.44707763,1,0,0,0,0
2025-03-18,8,1,0.509604435365541,0.5056046358744588,0.35626993,0.32843524,1,1,1,0,0
2025-03-19,8,0,0.4084393392500626,0.4491193855690851,0.84695184,0.4659746,1,0,0,1,0
2025-03-20,8,0,0.5250045679747933,0.5250000029157927,0.17247777,0.36272916,1,1,1,0,0
2025-03-21,8,1,0.48789397553366476,0.4521311223433325,0.4372805,0.6366303,1,0,0,0,1
2025-03-24,8,0,0.3254798706871212,0.4147082587073358,0.29640672,0.21149403,1,0,0,0,0
2025-03-25,8,0,0.41202009504543907,0.455869627747124,0.2514561,0.18112226,1,0,0,0,0
2025-03-26,8,1,0.5377544644811457,0.5754874600604647,0.18612629,0.12088896,1,1,1,0,0
2025-03-27,8,0,0.4655185745455187,0.44212753138512007,0.6374818,0.4974732,1,0,0,1,0
2025-03-28,8,0,0.5323263991560777,0.5355750252466548,0.5611772,0.5086645,1,1,1,1,1
2025-03-31,8,1,0.5318976971033411,0.532867476346071,0.93350226,0.44347054,1,1,1,1,0
2025-04-01,8,0,0.42261519682906845,0.4310928957101832,0.21932921,0.5265306,1,0,0,0,1
2025-04-02,8,1,0.5142115412126904,0.4933502988690741,0.44270542,0.3356277,1,1,0,0,0
2025-04-03,8,1,0.7361469686921082,0.6559181710995675,0.3219248,0.3330798,1,1,1,0,0
2025-04-04,8,0,0.7853726700968386,0.6228326575269096,0.7738103,0.89437294,1,1,1,1,1
2025-04-07,8,0,0.45494203936659905,0.5218362250001589,0.64926463,0.92210037,1,0,1,1,1
2025-04-08,8,1,0.5492676006148107,0.5256946154392275,0.2808719,0.6389821,1,1,1,0,1
2025-04-09,8,0,0.22151527636439428,0.39164794072679254,0.8012713,0.597281,1,0,0,1,1
2025-04-10,8,1,0.628447806449678,0.5877525584262597,0.29218122,0.8821683,1,1,1,0,1
2025-04-11,8,1,0.32869370763682293,0.44500220385037403,0.66183877,0.6239129,1,0,0,1,1
2025-04-14,8,0,0.38607364893448554,0.44506089304804647,0.7767034,0.6314907,1,0,0,1,1
2025-04-15,8,1,0.47986990466841295,0.45536505626969825,0.22413032,0.74335784,1,0,0,0,1
2025-04-16,8,1,0.6221713590016901,0.6196646383473848,0.5836186,0.27352858,1,1,1,1,0
2025-04-17,8,0,0.3795659850191679,0.5138406963571097,0.8803989,0.64802045,1,0,1,1,1
2025-04-18,8,1,0.5088589736618303,0.43656768382576244,0.5309971,0.4935113,1,1,0,1,0
2025-04-21,8,1,0.5607229419326273,0.5616233134491244,0.3804666,0.5919218,1,1,1,0,1
2025-04-22,8,1,0.27728860264270994,0.41205761417357806,0.80820507,0.80309075,1,0,0,1,1
2025-04-23,8,1,0.3220723594129287,0.5021621251945988,0.21244296,0.3115588,1,0,1,0,0
2025-04-24,8,1,0.41915274258351654,0.4703956304378497,0.23205134,0.23322041,1,0,0,0,0
2025-04-25,8,1,0.41520981970429677,0.45658201806407156,0.065617375,0.053319786,1,0,0,0,0
2025-04-28,8,0,0.5330006335550024,0.48584017813758396,0.73671144,0.8237319,1,1,0,1,1
2025-04-29,8,0,0.4728037507496171,0.48271088637576676,0.80883545,0.293109,1,0,0,1,0
2025-04-30,8,1,0.5550553529222705,0.4974241136127363,0.57488805,0.4854818,1,1,0,1,0
2025-05-01,8,1,0.4197631899253925,0.42255872600266836,0.5599549,0.6685718,1,0,0,1,1
2025-05-02,8,0,0.44240790177617195,0.47860676592868523,0.6381727,0.4378499,1,0,0,1,0
2025-05-05,8,1,0.6180091347522246,0.5581066613261655,0.4983728,0.1760704,1,1,1,0,0
2025-05-06,8,1,0.5035747468627231,0.5441834051522705,0.8665734,0.6959434,1,1,1,1,1
2025-05-07,8,1,0.4743928447410993,0.5362802747457587,0.7112282,0.5826455,1,0,1,1,1
2025-05-08,8,0,0.44059635337034897,0.4713899260776651,0.24754328,0.31455305,1,0,0,0,0
2025-05-09,8,0,0.5124396152926359,0.4814424780434342,0.12011619,0.3218782,1,1,0,0,0
2025-05-12,8,1,0.31903463473097654,0.3647637841096833,0.69798636,0.46249253,1,0,0,1,0
2025-05-13,8,0,0.39756880562145286,0.43977229499234205,0.1346992,0.4141388,1,0,0,0,0
2025-05-14,8,1,0.4409827305756205,0.4410851694497928,0.51071256,0.3849103,1,0,0,1,0
2025-05-15,8,0,0.49718212236439074,0.4800487507040696,0.27513725,0.4257254,1,0,0,0,0
2025-05-16,8,1,0.4581704231777939,0.48027118151038345,0.3573218,0.45096204,1,0,0,0,0
2025-05-19,8,1,0.4854628284699739,0.44437532819481484,0.17758985,0.42433804,1,0,0,0,0
2025-05-20,8,1,0.5345564138405738,0.500016342990055,0.53431046,0.45702618,1,1,1,1,0
2025-05-21,8,1,0.553454306279414,0.5356685294970105,0.447797,0.54618776,1,1,1,0,1
2025-05-22,8,0,0.47635024901874073,0.4843048014674707,0.8967513,0.645365,1,0,0,1,1
2025-05-23,8,1,0.5631730848992771,0.5916006532164789,0.46525472,0.50575835,1,1,1,0,1
2025-05-26,8,0,0.4434766144000121,0.46152294164652036,0.69823295,0.5357232,1,0,0,1,1
2025-05-27,8,0,0.40378172252136363,0.4268909124722137,0.515623,0.53437084,1,0,0,1,1
2025-05-28,8,0,0.5337844203544555,0.4943814525585642,0.0910642,0.23802018,1,1,0,0,0
2025-05-29,8,0,0.501652279428897,0.4537650328142644,0.6580855,0.5488806,1,1,0,1,1
2025-05-30,8,1,0.5083132484608983,0.5214505811902472,0.45797935,0.5973336,1,1,1,0,1
2025-06-02,8,0,0.48012885853107523,0.5257901830635379,0.40202093,0.36342463,1,0,1,0,0
2025-06-03,8,0,0.4313077446587878,0.4653377951743262,0.06308973,0.4699513,1,0,0,0,0
2025-06-04,8,0,0.5104706552534269,0.4738619639647947,0.23238353,0.39593259,1,1,0,0,0
2025-06-05,8,1,0.4453534901294519,0.4880959936142023,0.6061818,0.5202268,1,0,0,1,1
2025-06-06,8,1,0.39361379809238195,0.44321071683652313,0.4432967,0.47777897,1,0,0,0,0
