date,fold,actual,proba_up,pred,always_up_pred
2016-01-24,1,0,0.5016976417576348,1,1
2016-01-25,1,1,0.5054533064775156,1,1
2016-01-26,1,1,0.5088037712562856,1,1
2016-01-27,1,0,0.5107429075779929,1,1
2016-01-28,1,0,0.5060740298852365,1,1
2016-01-29,1,0,0.5089421938685915,1,1
2016-01-30,1,0,0.5113023520933858,1,1
2016-01-31,1,1,0.5090571602462162,1,1
2016-02-01,1,1,0.5108298347453146,1,1
2016-02-02,1,0,0.5134308446926055,1,1
2016-02-03,1,1,0.5149021367031298,1,1
2016-02-04,1,0,0.5028205781343349,1,1
2016-02-05,1,0,0.5079640549536095,1,1
2016-02-06,1,1,0.5074620323178043,1,1
2016-02-07,1,0,0.5098433083363515,1,1
2016-02-08,1,1,0.5118925854296661,1,1
2016-02-09,1,1,0.5140950516353708,1,1
2016-02-10,1,0,0.5142711722634864,1,1
2016-02-11,1,1,0.5166455453519944,1,1
2016-02-12,1,1,0.5171508360486019,1,1
2016-02-13,1,1,0.5154907399137441,1,1
2016-02-14,1,0,0.5048576593520774,1,1
2016-02-15,1,1,0.5078924115275932,1,1
2016-02-16,1,1,0.5086269011697429,1,1
2016-02-17,1,1,0.5082851414391125,1,1
2016-02-18,1,0,0.5090220350249933,1,1
2016-02-19,1,1,0.5111717940384299,1,1
2016-02-20,1,1,0.5064885505207783,1,1
2016-02-21,1,0,0.5086427903342011,1,1
2016-02-22,1,0,0.5107283063058742,1,1
2016-02-23,1,1,0.5058022481505206,1,1
2016-02-24,1,0,0.5083458385328579,1,1
2016-02-25,1,1,0.5104910236836685,1,1
2016-02-26,1,1,0.5101884270498485,1,1
2016-02-27,1,1,0.512885346636536,1,1
2016-02-28,1,1,0.515448816595557,1,1
2016-02-29,1,0,0.5166474596343632,1,1
2016-03-01,1,0,0.5181087806170306,1,1
2016-03-02,1,0,0.514150766265848,1,1
2016-03-03,1,0,0.5174589595522979,1,1
2016-03-04,1,0,0.5136520652168373,1,1
2016-03-05,1,1,0.5110835391621684,1,1
2016-03-06,1,1,0.5118545793501291,1,1
2016-03-07,1,0,0.5122517033478949,1,1
2016-03-08,1,1,0.5152017974491625,1,1
2016-03-09,1,1,0.5172548311370622,1,1
2016-03-10,1,1,0.5183452730534747,1,1
2016-03-11,1,0,0.5185468171885822,1,1
2016-03-12,1,1,0.5157209430189394,1,1
2016-03-13,1,1,0.5181585067231185,1,1
2016-03-14,1,1,0.5189234462016308,1,1
2016-03-15,1,1,0.5193931980936919,1,1
2016-03-16,1,1,0.5195941363845163,1,1
2016-03-17,1,0,0.5194774265649206,1,1
2016-03-18,1,1,0.5154691065585859,1,1
2016-03-19,1,1,0.5186409172691191,1,1
2016-03-20,1,0,0.519067338958017,1,1
2016-03-21,1,1,0.5194838065542596,1,1
2016-03-22,1,0,0.5192225228931144,1,1
2016-03-23,1,0,0.5195886075257907,1,1
2016-03-24,1,1,0.5196601335551326,1,1
2016-03-25,1,1,0.5197071655837466,1,1
2016-03-26,1,1,0.5197241282437757,1,1
2016-03-27,1,0,0.5177922989576199,1,1
2016-03-28,1,0,0.5191728794613116,1,1
2016-03-29,1,0,0.5182967324612318,1,1
2016-03-30,1,1,0.5192994078076576,1,1
2016-03-31,1,1,0.5195093409106867,1,1
2016-04-01,1,1,0.5196299708994274,1,1
2016-04-02,1,1,0.5195757578143966,1,1
2016-04-03,1,1,0.519697601118366,1,1
2016-04-04,1,1,0.5197240749988956,1,1
2016-04-05,1,0,0.5196470215197209,1,1
2016-04-06,1,0,0.5197219747065669,1,1
2016-04-07,1,0,0.5197388600747069,1,1
2016-04-08,1,0,0.5196908765816998,1,1
2016-04-09,1,1,0.519732630250808,1,1
2016-04-10,1,1,0.5196807376020579,1,1
2016-04-11,1,1,0.519719001825043,1,1
2016-04-12,1,0,0.5196384499450872,1,1
2016-04-13,1,1,0.5197036906156117,1,1
2016-04-14,1,1,0.5197309562375445,1,1
2016-04-15,1,1,0.5192806686455882,1,1
2016-04-16,1,0,0.5196210701735302,1,1
2016-04-17,1,1,0.5195957128638392,1,1
2016-04-18,1,1,0.5196851272859655,1,1
2016-04-19,1,1,0.5188608008192398,1,1
2016-04-20,1,1,0.518847979548356,1,1
2016-04-21,1,0,0.5178931804986936,1,1
2016-04-22,1,1,0.5189525208558305,1,1
2016-04-23,1,1,0.5190687024204539,1,1
2016-04-24,1,1,0.5179304507398751,1,1
2016-04-25,1,1,0.5189997378084525,1,1
2016-04-26,1,0,0.5190847905067796,1,1
2016-04-27,1,1,0.4951264546308807,0,1
2016-04-28,1,1,0.5078565841524187,1,1
2016-04-29,1,0,0.5106120940470982,1,1
2016-04-30,1,1,0.511840990537465,1,1
2016-05-01,1,0,0.5140750327237978,1,1
2016-05-02,1,1,0.5145154425648621,1,1
2016-05-03,1,0,0.5154994527107069,1,1
2016-05-04,1,1,0.5172760228453425,1,1
2016-05-05,1,1,0.5185326484711102,1,1
2016-05-06,1,0,0.5137073432805126,1,1
2016-05-07,1,1,0.5173307067782065,1,1
2016-05-08,1,1,0.5186559817136038,1,1
2016-05-09,1,0,0.5191794989693619,1,1
2016-05-10,1,1,0.5175546347116183,1,1
2016-05-11,1,1,0.5190231680040247,1,1
2016-05-12,1,1,0.519388199505499,1,1
2016-05-13,1,1,0.5195884956419263,1,1
2016-05-14,1,1,0.5196832632752061,1,1
2016-05-15,1,0,0.5196766214909959,1,1
2016-05-16,1,0,0.5196195264004636,1,1
2016-05-17,1,1,0.5197187890391622,1,1
2016-05-18,1,0,0.5197290281529141,1,1
2016-05-19,1,1,0.5061021523278678,1,1
2016-05-20,1,1,0.5149540975004607,1,1
2016-05-21,1,0,0.5177268577471246,1,1
2016-05-22,1,1,0.5185515644742619,1,1
2016-05-23,1,1,0.5187141194328109,1,1
2016-05-24,1,1,0.5192783202764326,1,1
2016-05-25,1,1,0.5193454473233546,1,1
2016-05-26,1,1,0.5193909521647387,1,1
2016-05-27,1,1,0.49697383056592764,0,1
2016-05-28,1,0,0.4857873960988029,0,1
2016-05-29,1,1,0.5063442293128175,1,1
2016-05-30,1,0,0.5107490175753808,1,1
2016-05-31,1,1,0.5140972751515657,1,1
2016-06-01,1,1,0.5155044737036452,1,1
2016-06-02,1,1,0.5175085591879268,1,1
2016-06-03,1,1,0.49851578383283324,0,1
2016-06-04,1,1,0.5077076399399463,1,1
2016-06-05,1,1,0.5110285539279081,1,1
2016-06-06,1,0,0.5106023925175488,1,1
2016-06-07,1,1,0.5115712744415714,1,1
2016-06-08,1,0,0.513641601126797,1,1
2016-06-09,1,1,0.5151217386887058,1,1
2016-06-10,1,1,0.5171085553017172,1,1
2016-06-11,1,1,0.5014123316019184,1,1
2016-06-12,1,1,0.48616532225161396,0,1
2016-06-13,1,0,0.4969858057035392,0,1
2016-06-14,1,1,0.5042581828060924,1,1
2016-06-15,1,1,0.5081252896845316,1,1
2016-06-16,1,0,0.48736448070122856,0,1
2016-06-17,1,1,0.5022998196248402,1,1
2016-06-18,1,1,0.5091166066318205,1,1
2016-06-19,1,0,0.5114788384186438,1,1
2016-06-20,1,0,0.5064450270474556,1,1
2016-06-21,1,0,0.4869384848214186,0,1
2016-06-22,1,1,0.48577911665450063,0,1
2016-06-23,1,1,0.4968657540079628,0,1
2016-06-24,1,0,0.4955644692469019,0,1
2016-06-25,1,0,0.5077255330610776,1,1
2016-06-26,1,1,0.5014535638217869,1,1
2016-06-27,1,0,0.5046512276356935,1,1
2016-06-28,1,0,0.5077772554840642,1,1
2016-06-29,1,1,0.5094588017487386,1,1
2016-06-30,1,1,0.5051502175029023,1,1
2016-07-01,1,1,0.5082786346149164,1,1
2016-07-02,1,0,0.5065135964271811,1,1
2016-07-03,1,1,0.4992948149239034,0,1
2016-07-04,1,0,0.5043422675536468,1,1
2016-07-05,1,1,0.5071397158917441,1,1
2016-07-06,1,0,0.5089538646104792,1,1
2016-07-07,1,1,0.5030166326884914,1,1
2016-07-08,1,0,0.5052673125788149,1,1
2016-07-09,1,0,0.5068915622843972,1,1
2016-07-10,1,0,0.5090512536891562,1,1
2016-07-11,1,1,0.5113193065928288,1,1
2016-07-12,1,0,0.5085569167387686,1,1
2016-07-13,1,1,0.5096394264154999,1,1
2016-07-14,1,1,0.5119752878946989,1,1
2016-07-15,1,0,0.5139871416687557,1,1
2016-07-16,1,1,0.5163947541823785,1,1
2016-07-17,1,0,0.51009640915905,1,1
2016-07-18,1,0,0.5134448498580461,1,1
2016-07-19,1,0,0.5162060326301258,1,1
2016-07-20,1,0,0.517339047585353,1,1
2016-07-21,1,0,0.5186509897844953,1,1
2016-07-22,1,1,0.5167117881053244,1,1
2016-07-23,1,1,0.5183797674028725,1,1
2016-07-24,1,0,0.5188476206122784,1,1
2016-07-25,1,0,0.5190360802044903,1,1
2016-07-26,1,1,0.519472471741632,1,1
2016-07-27,1,1,0.5195921521602205,1,1
2016-07-28,1,1,0.5196851894869491,1,1
2016-07-29,1,0,0.5196992176680872,1,1
2016-07-30,1,0,0.5197208888246314,1,1
2016-07-31,1,0,0.4923733277887337,0,1
2016-08-01,1,0,0.5018172367795036,1,1
2016-08-02,1,1,0.4863039995598247,0,1
2016-08-03,1,1,0.5001055610826027,1,1
2016-08-04,1,0,0.5064323952041352,1,1
2016-08-05,1,1,0.5092903620995163,1,1
2016-08-06,1,1,0.5085599570598951,1,1
2016-08-07,1,0,0.5102232142089295,1,1
2016-08-08,1,0,0.51277210869396,1,1
2016-08-09,1,1,0.515255464604348,1,1
2016-08-10,1,0,0.5168672023627611,1,1
2016-08-11,1,0,0.5182605085744832,1,1
2016-08-12,1,0,0.5190632865419266,1,1
2016-08-13,1,0,0.5194286612708571,1,1
2016-08-14,1,0,0.5156473452901178,1,1
2016-08-15,1,1,0.5185356975255543,1,1
2016-08-16,1,0,0.5175471274359967,1,1
2016-08-17,1,1,0.5187864938152983,1,1
2016-08-18,1,1,0.5193419118761695,1,1
2016-08-19,1,1,0.5195563355304872,1,1
2016-08-20,1,0,0.5193465780546416,1,1
2016-08-21,1,1,0.5196305256800897,1,1
2016-08-22,1,0,0.5194652003389094,1,1
2016-08-23,1,0,0.5196080530598746,1,1
2016-08-24,1,0,0.5196499886235928,1,1
2016-08-25,1,1,0.5196928026698109,1,1
2016-08-26,1,0,0.519705293922459,1,1
2016-08-27,1,1,0.5189168744206255,1,1
2016-08-28,1,1,0.5194115818335727,1,1
2016-08-29,1,1,0.519638358541437,1,1
2016-08-30,1,0,0.5196132654679224,1,1
2016-08-31,1,0,0.5196883939960948,1,1
2016-09-01,1,1,0.5196765632757779,1,1
2016-09-02,1,1,0.5196511049953326,1,1
2016-09-03,1,1,0.5000247572171898,1,1
2016-09-04,1,0,0.5085841886596558,1,1
2016-09-05,1,1,0.5131677451283506,1,1
2016-09-06,1,1,0.5155190715524692,1,1
2016-09-07,1,1,0.5171406979941858,1,1
2016-09-08,1,0,0.5156192090312917,1,1
2016-09-09,1,1,0.5177584346411712,1,1
2016-09-10,1,0,0.5188327929986138,1,1
2016-09-11,1,1,0.5141029674400744,1,1
2016-09-12,1,1,0.5178019011479917,1,1
2016-09-13,1,1,0.5188963807004552,1,1
2016-09-14,1,0,0.5193477851731119,1,1
2016-09-15,1,0,0.5195087308243925,1,1
2016-09-16,1,0,0.519659954753603,1,1
2016-09-17,1,1,0.5197107370278423,1,1
2016-09-18,1,0,0.5196315338055609,1,1
2016-09-19,1,0,0.5197181832124061,1,1
2016-09-20,1,0,0.5197373038993849,1,1
2016-09-21,1,0,0.5186727717240666,1,1
2016-09-22,1,1,0.519510665850504,1,1
2016-09-23,1,0,0.5193079147183569,1,1
2016-09-24,1,0,0.5196204691272388,1,1
2016-09-25,1,1,0.5196863187860278,1,1
2016-09-26,1,0,0.5193208951421872,1,1
2016-09-27,1,0,0.5196252169673435,1,1
2016-09-28,1,1,0.5196988811569918,1,1
2016-09-29,1,1,0.5197232681206716,1,1
2016-09-30,1,1,0.5196299824789891,1,1
2016-10-01,1,0,0.5195944111542051,1,1
2016-10-02,1,1,0.5196625605485815,1,1
2016-10-03,1,0,0.5197123523434525,1,1
2016-10-04,1,1,0.5197232362084278,1,1
2016-10-05,1,1,0.5197065216998475,1,1
2016-10-06,1,1,0.5197359919874703,1,1
2016-10-07,1,1,0.5196352576433465,1,1
2016-10-08,1,0,0.5196932075155597,1,1
2016-10-09,1,1,0.5197099197779121,1,1
2016-10-10,1,1,0.5197051904006891,1,1
2016-10-11,1,0,0.5047960496422761,1,1
2016-10-12,1,1,0.5142676131623569,1,1
2016-10-13,1,1,0.5172994270973739,1,1
2016-10-14,1,0,0.5184075982242992,1,1
2016-10-15,1,1,0.5191387349992769,1,1
2016-10-16,1,0,0.5194061223511129,1,1
2016-10-17,1,0,0.5195852872150374,1,1
2016-10-18,1,0,0.5196817543976117,1,1
2016-10-19,1,1,0.519409157748273,1,1
2016-10-20,1,1,0.5196675161675793,1,1
2016-10-21,1,1,0.5196930289989836,1,1
2016-10-22,1,0,0.5008786965301638,1,1
2016-10-23,1,0,0.5126587318039677,1,1
2016-10-24,1,1,0.5161660555219129,1,1
2016-10-25,1,1,0.5177268526871398,1,1
2016-10-26,1,1,0.5088087475368587,1,1
2016-10-27,1,1,0.5115522420398074,1,1
2016-10-28,1,1,0.5146964296799871,1,1
2016-10-29,1,0,0.5065018001893675,1,1
2016-10-30,1,0,0.5082482604363011,1,1
2016-10-31,1,1,0.5108019273814342,1,1
2016-11-01,1,1,0.5062847992925673,1,1
2016-11-02,1,0,0.5078851527600372,1,1
2016-11-03,1,1,0.49694102975223653,0,1
2016-11-04,1,1,0.5057685818032203,1,1
2016-11-05,1,1,0.5094366424359992,1,1
2016-11-06,1,0,0.5108604419282496,1,1
2016-11-07,1,1,0.5125019226487545,1,1
2016-11-08,1,1,0.5142827546154187,1,1
2016-11-09,1,0,0.5130673635537786,1,1
2016-11-10,1,1,0.515131104247513,1,1
2016-11-11,1,0,0.5173272096814572,1,1
2016-11-12,1,0,0.5172277971424577,1,1
2016-11-13,1,1,0.5186436133796055,1,1
2016-11-14,1,1,0.519188169252614,1,1
2016-11-15,1,1,0.5192149677423935,1,1
2016-11-16,1,0,0.4970487302534807,0,1
2016-11-17,1,1,0.5085307282894688,1,1
2016-11-18,1,1,0.5107179804121771,1,1
2016-11-19,1,0,0.5137439730824207,1,1
2016-11-20,1,1,0.5095045939991556,1,1
2016-11-21,1,1,0.5118583195555662,1,1
2016-11-22,1,0,0.5119533474264379,1,1
2016-11-23,1,0,0.5142617502930836,1,1
2016-11-24,1,1,0.5165297466921144,1,1
2016-11-25,1,0,0.518116117141562,1,1
2016-11-26,1,0,0.5187519355366756,1,1
2016-11-27,1,1,0.5192874920482216,1,1
2016-11-28,1,0,0.5194722149411279,1,1
2016-11-29,1,1,0.5196424414082571,1,1
2016-11-30,1,1,0.5191270119480772,1,1
2016-12-01,1,1,0.5187665317106499,1,1
2016-12-02,1,0,0.5128456418697774,1,1
2016-12-03,1,1,0.5169426125933507,1,1
2016-12-04,1,0,0.51846680182682,1,1
2016-12-05,1,1,0.5172437119697488,1,1
2016-12-06,1,1,0.5185805142476075,1,1
2016-12-07,1,1,0.5191571156028982,1,1
2016-12-08,1,1,0.5194584338580213,1,1
2016-12-09,1,1,0.5196074436982794,1,1
2016-12-10,1,0,0.5196745701650949,1,1
2016-12-11,1,1,0.5196462643729214,1,1
2016-12-12,1,1,0.519183362382377,1,1
2016-12-13,1,1,0.5196036102937401,1,1
2016-12-14,1,0,0.519689201845022,1,1
2016-12-15,1,1,0.5196949087321615,1,1
2016-12-16,1,1,0.5195372651884638,1,1
2016-12-17,1,0,0.5195436600075164,1,1
2016-12-18,1,1,0.5196910526570268,1,1
2016-12-19,1,1,0.5197061082325939,1,1
2016-12-20,1,1,0.5194547597421958,1,1
2016-12-21,1,1,0.49807715773411604,0,1
2016-12-22,1,1,0.5032644509342588,1,1
2016-12-23,1,0,0.4992254714137431,0,1
2016-12-24,1,0,0.5051855548469276,1,1
2016-12-25,1,1,0.5090544100211355,1,1
2016-12-26,1,1,0.5102939738293997,1,1
2016-12-27,1,1,0.5078313749731267,1,1
2016-12-28,1,0,0.5060317964877873,1,1
2016-12-29,1,0,0.5084009491281347,1,1
2016-12-30,1,1,0.5095865394042182,1,1
2016-12-31,1,1,0.5120188271511754,1,1
2017-01-01,1,1,0.5067851102213894,1,1
2017-01-02,1,1,0.5074861642940567,1,1
2017-01-03,1,1,0.5077457865637027,1,1
2017-01-04,1,0,0.48710229562431795,0,1
2017-01-05,1,0,0.4857285838876363,0,1
2017-01-06,1,1,0.4857533930994334,0,1
2017-01-07,1,1,0.5063802511778216,1,1
2017-01-08,1,0,0.5127475590864766,1,1
2017-01-09,1,1,0.515207415311902,1,1
2017-01-10,1,0,0.5171187621035581,1,1
2017-01-11,1,1,0.48572334971345626,0,1
2017-01-12,1,1,0.4997874228714086,0,1
2017-01-13,1,0,0.5060571072343889,1,1
2017-01-14,1,1,0.5089389069373856,1,1
2017-01-15,1,1,0.511233047481955,1,1
2017-01-16,1,1,0.5124292999615596,1,1
2017-01-17,1,0,0.48971453569057577,0,1
2017-01-18,1,1,0.5028008609024367,1,1
2017-01-19,1,0,0.5082880653579931,1,1
2017-01-20,1,1,0.5112942525199121,1,1
2017-01-21,1,1,0.5077127546969724,1,1
2017-01-22,1,0,0.5099925369328284,1,1
2017-01-23,1,0,0.5124739769265766,1,1
2017-01-24,1,1,0.5076858531398263,1,1
2017-01-25,1,1,0.5101608308890535,1,1
2017-01-26,1,1,0.5100714963839266,1,1
2017-01-27,1,1,0.5126976321355758,1,1
2017-01-28,1,0,0.5152995483053383,1,1
2017-01-29,1,1,0.5173559630290738,1,1
2017-01-30,1,1,0.5185836970769706,1,1
2017-01-31,1,1,0.4971313306119756,0,1
2017-02-01,1,1,0.5060725170256192,1,1
2017-02-02,1,1,0.5074790008990739,1,1
2017-02-03,1,1,0.5081839352450735,1,1
2017-02-04,1,0,0.5091121102972096,1,1
2017-02-05,1,1,0.5098915612287943,1,1
2017-02-06,1,1,0.511432257999369,1,1
2017-02-07,1,1,0.5096406374727801,1,1
2017-02-08,1,0,0.5123846383984386,1,1
2017-02-09,1,0,0.49772519295858886,0,1
2017-02-10,1,1,0.5076665276737534,1,1
2017-02-11,1,0,0.5094246377904562,1,1
2017-02-12,1,0,0.5120205889539843,1,1
2017-02-13,1,1,0.5142594290958292,1,1
2017-02-14,1,1,0.5147276124771581,1,1
2017-02-15,1,1,0.5169918423460698,1,1
2017-02-16,1,1,0.5151898334608476,1,1
2017-02-17,1,1,0.5145355464850028,1,1
2017-02-18,1,0,0.516591999061404,1,1
2017-02-19,1,1,0.518066566786141,1,1
2017-02-20,1,1,0.509664048334498,1,1
2017-02-21,1,1,0.5064149816826076,1,1
2017-02-22,1,1,0.5097171743375176,1,1
2017-02-23,1,1,0.5060609492351132,1,1
2017-02-24,1,0,0.5083259362706083,1,1
2017-02-25,1,1,0.5075862686587052,1,1
2017-02-26,1,1,0.5081694735944192,1,1
2017-02-27,1,0,0.5091013785288274,1,1
2017-02-28,1,1,0.5113044938828213,1,1
2017-03-01,1,1,0.5068108530111191,1,1
2017-03-02,1,1,0.5074834023812868,1,1
2017-03-03,1,0,0.5079219674572474,1,1
2017-03-04,1,1,0.5085510742040713,1,1
2017-03-05,1,1,0.5099782240916614,1,1
2017-03-06,1,0,0.512225753221816,1,1
2017-03-07,1,0,0.505615456135762,1,1
2017-03-08,1,1,0.49967737890378366,0,1
2017-03-09,1,0,0.5050077872301388,1,1
2017-03-10,1,1,0.49938640729448264,0,1
2017-03-11,1,1,0.5014910716989985,1,1
2017-03-12,1,1,0.5049684709686282,1,1
2017-03-13,1,1,0.5081037765764378,1,1
2017-03-14,1,1,0.5098997431096316,1,1
2017-03-15,1,0,0.511739161440035,1,1
2017-03-16,1,0,0.5034431305019678,1,1
2017-03-17,1,0,0.49225698534617124,0,1
2017-03-18,1,1,0.4857488135891486,0,1
2017-03-19,1,1,0.4913949207941629,0,1
2017-03-20,1,1,0.5053487520739927,1,1
2017-03-21,1,0,0.5007694664266877,1,1
2017-03-22,1,0,0.4949726215663479,0,1
2017-03-23,1,0,0.5069315505838052,1,1
2017-03-24,1,1,0.48654322095948227,0,1
2017-03-25,1,0,0.49951927132015933,0,1
2017-03-26,1,1,0.5078887472546297,1,1
2017-03-27,1,1,0.4941834858874965,0,1
2017-03-28,1,0,0.5076122632513298,1,1
2017-03-29,1,0,0.5117821882174182,1,1
2017-03-30,1,1,0.5134159839773322,1,1
2017-03-31,1,1,0.5051924769829459,1,1
2017-04-01,1,1,0.5082545593721636,1,1
2017-04-02,1,1,0.5083278603972406,1,1
2017-04-03,1,0,0.5067585098417656,1,1
2017-04-04,1,0,0.5082899203204587,1,1
2017-04-05,1,1,0.5099621104079874,1,1
2017-04-06,1,0,0.505252046401051,1,1
2017-04-07,1,0,0.5082849139384534,1,1
2017-04-08,1,1,0.5105112683650406,1,1
2017-04-09,1,0,0.5120398064526799,1,1
2017-04-10,1,1,0.5147928015211345,1,1
2017-04-11,1,0,0.5148353474610207,1,1
2017-04-12,1,0,0.5171343250743948,1,1
2017-04-13,1,0,0.5129115490680207,1,1
2017-04-14,1,1,0.5166796257028771,1,1
2017-04-15,1,1,0.5181532640384843,1,1
2017-04-16,1,1,0.5186313274151106,1,1
2017-04-17,1,1,0.518924742656206,1,1
2017-04-18,1,0,0.5184837437181306,1,1
2017-04-19,1,1,0.519316126080381,1,1
2017-04-20,1,0,0.518644860166621,1,1
2017-04-21,1,1,0.5193296648646497,1,1
2017-04-22,1,0,0.5194007260887131,1,1
2017-04-23,1,1,0.518084644810968,1,1
2017-04-24,1,1,0.5047873631490871,1,1
2017-04-25,1,1,0.5112879224701333,1,1
2017-04-26,1,1,0.5132328351018351,1,1
2017-04-27,1,0,0.5085101947251717,1,1
2017-04-28,1,1,0.511639847722562,1,1
2017-04-29,1,1,0.5142267485969285,1,1
2017-04-30,1,1,0.5126387818353644,1,1
2017-05-01,1,1,0.5034469808712376,1,1
2017-05-02,1,1,0.506923015876104,1,1
2017-05-03,1,1,0.507350983383385,1,1
2017-05-04,1,1,0.5070759370011771,1,1
2017-05-05,1,1,0.5082004734982416,1,1
2017-05-06,1,1,0.5087390518315982,1,1
2017-05-07,1,1,0.5098021658826041,1,1
2017-05-08,1,1,0.4965686313849877,0,1
2017-05-09,1,1,0.5060405980169579,1,1
2017-05-10,1,1,0.5080884498273706,1,1
2017-05-11,1,0,0.5069103125011248,1,1
2017-05-12,1,1,0.4981263175896656,0,1
2017-05-13,1,1,0.5023873932889615,1,1
2017-05-14,1,0,0.5081621305416963,1,1
2017-05-15,2,0,0.5437136764756942,1,1
2017-05-16,2,1,0.5516259276708899,1,1
2017-05-17,2,1,0.5450499626851222,1,1
2017-05-18,2,1,0.5498072576368614,1,1
2017-05-19,2,1,0.5474016273887216,1,1
2017-05-20,2,0,0.5470310208143495,1,1
2017-05-21,2,1,0.5500169109399276,1,1
2017-05-22,2,1,0.5432407497735655,1,1
2017-05-23,2,1,0.5399748662199976,1,1
2017-05-24,2,0,0.542261676383089,1,1
2017-05-25,2,0,0.539176435136444,1,1
2017-05-26,2,0,0.5406308841680997,1,1
2017-05-27,2,1,0.5379002269281771,1,1
2017-05-28,2,1,0.5405875307553871,1,1
2017-05-29,2,0,0.5442472875086445,1,1
2017-05-30,2,1,0.5450350888168524,1,1
2017-05-31,2,1,0.5451446466912278,1,1
2017-06-01,2,1,0.5445883976449144,1,1
2017-06-02,2,1,0.548755619392463,1,1
2017-06-03,2,0,0.5532776006328193,1,1
2017-06-04,2,1,0.5583485032378018,1,1
2017-06-05,2,1,0.5433632296301203,1,1
2017-06-06,2,0,0.5404177347644958,1,1
2017-06-07,2,1,0.5407314463004007,1,1
2017-06-08,2,1,0.5480140781286975,1,1
2017-06-09,2,1,0.5535951079219461,1,1
2017-06-10,2,1,0.5502296647545664,1,1
2017-06-11,2,0,0.554597915636332,1,1
2017-06-12,2,1,0.5377643839599268,1,1
2017-06-13,2,0,0.5471526302357729,1,1
2017-06-14,2,0,0.5379705836509617,1,1
2017-06-15,2,1,0.5461033263313628,1,1
2017-06-16,2,1,0.550791087648015,1,1
2017-06-17,2,0,0.5473015669745932,1,1
2017-06-18,2,1,0.5451786403567794,1,1
2017-06-19,2,1,0.5511643622422827,1,1
2017-06-20,2,0,0.5482343084538365,1,1
2017-06-21,2,1,0.5524358578951911,1,1
2017-06-22,2,1,0.5572472457308841,1,1
2017-06-23,2,0,0.5586463666896042,1,1
2017-06-24,2,0,0.5455967492965831,1,1
2017-06-25,2,0,0.5520496703534871,1,1
2017-06-26,2,1,0.5463163920581074,1,1
2017-06-27,2,1,0.549938574091545,1,1
2017-06-28,2,0,0.5540424099413821,1,1
2017-06-29,2,0,0.5560004382989691,1,1
2017-06-30,2,0,0.5533803039039802,1,1
2017-07-01,2,1,0.5537824776836641,1,1
2017-07-02,2,1,0.5519793968559693,1,1
2017-07-03,2,1,0.5525442250616032,1,1
2017-07-04,2,1,0.5542042004209634,1,1
2017-07-05,2,1,0.5589313235464761,1,1
2017-07-06,2,0,0.5652841973455258,1,1
2017-07-07,2,1,0.5507166641200124,1,1
2017-07-08,2,0,0.552521141953179,1,1
2017-07-09,2,0,0.5525746163788832,1,1
2017-07-10,2,0,0.5418002839521088,1,1
2017-07-11,2,1,0.5487381628729905,1,1
2017-07-12,2,0,0.551124485711222,1,1
2017-07-13,2,0,0.5527118298763218,1,1
2017-07-14,2,0,0.5435851366481399,1,1
2017-07-15,2,0,0.5377543686608475,1,1
2017-07-16,2,1,0.5423214495862184,1,1
2017-07-17,2,1,0.5377529587937685,1,1
2017-07-18,2,0,0.5442152142217255,1,1
2017-07-19,2,1,0.5489585801978397,1,1
2017-07-20,2,0,0.5377529582610147,1,1
2017-07-21,2,1,0.5389482926378183,1,1
2017-07-22,2,0,0.5418012590526519,1,1
2017-07-23,2,1,0.545717225633134,1,1
2017-07-24,2,0,0.5523683570543664,1,1
2017-07-25,2,0,0.5396534625165222,1,1
2017-07-26,2,1,0.5468307246167947,1,1
2017-07-27,2,1,0.5444138083841025,1,1
2017-07-28,2,0,0.5447318893448528,1,1
2017-07-29,2,1,0.5469315834970919,1,1
2017-07-30,2,1,0.5525846849267105,1,1
2017-07-31,2,0,0.5502167908234585,1,1
2017-08-01,2,0,0.5421932629284174,1,1
2017-08-02,2,1,0.5506902016152675,1,1
2017-08-03,2,1,0.5505638851092419,1,1
2017-08-04,2,1,0.5511990479527964,1,1
2017-08-05,2,0,0.5377551555716276,1,1
2017-08-06,2,1,0.546624088096521,1,1
2017-08-07,2,1,0.5459015992312556,1,1
2017-08-08,2,0,0.5519840274982962,1,1
2017-08-09,2,1,0.5518090128044666,1,1
2017-08-10,2,1,0.5550594624233375,1,1
2017-08-11,2,1,0.5400900782848229,1,1
2017-08-12,2,1,0.5398906712595055,1,1
2017-08-13,2,1,0.5433680579772359,1,1
2017-08-14,2,0,0.5413202688194158,1,1
2017-08-15,2,1,0.5442708085621804,1,1
2017-08-16,2,0,0.5459606487890111,1,1
2017-08-17,2,0,0.5517431726900006,1,1
2017-08-18,2,1,0.5473168794144734,1,1
2017-08-19,2,0,0.5531021416467333,1,1
2017-08-20,2,0,0.5515263660777027,1,1
2017-08-21,2,1,0.5520296976315152,1,1
2017-08-22,2,1,0.5523188797076843,1,1
2017-08-23,2,1,0.5546359795048346,1,1
2017-08-24,2,1,0.550667359402203,1,1
2017-08-25,2,0,0.55422683940935,1,1
2017-08-26,2,1,0.5589480703411743,1,1
2017-08-27,2,0,0.5642071354308862,1,1
2017-08-28,2,1,0.5708111832685773,1,1
2017-08-29,2,0,0.5506190083927777,1,1
2017-08-30,2,1,0.5548155959657202,1,1
2017-08-31,2,1,0.552102519790692,1,1
2017-09-01,2,0,0.5509344842580987,1,1
2017-09-02,2,1,0.5398957528379943,1,1
2017-09-03,2,0,0.5493397466336605,1,1
2017-09-04,2,1,0.5381045326850729,1,1
2017-09-05,2,1,0.5458330680313214,1,1
2017-09-06,2,1,0.545739036748135,1,1
2017-09-07,2,0,0.5527861481945661,1,1
2017-09-08,2,0,0.5379983677954862,1,1
2017-09-09,2,0,0.5477956773879926,1,1
2017-09-10,2,1,0.54959652806933,1,1
2017-09-11,2,0,0.5541363534163861,1,1
2017-09-12,2,0,0.5585500098838823,1,1
2017-09-13,2,0,0.5415351473693658,1,1
2017-09-14,2,1,0.5377529582610152,1,1
2017-09-15,2,0,0.5377529587264692,1,1
2017-09-16,2,0,0.5474277226415212,1,1
2017-09-17,2,1,0.5521588665718681,1,1
2017-09-18,2,0,0.5377531491053127,1,1
2017-09-19,2,0,0.5423310607371646,1,1
2017-09-20,2,0,0.5505889026560595,1,1
2017-09-21,2,0,0.538531562849119,1,1
2017-09-22,2,1,0.5482605816743565,1,1
2017-09-23,2,0,0.5483500314740198,1,1
2017-09-24,2,1,0.5489096349477944,1,1
2017-09-25,2,0,0.5424026977027758,1,1
2017-09-26,2,1,0.5501467207868029,1,1
2017-09-27,2,0,0.5392159019386891,1,1
2017-09-28,2,0,0.5483608027527256,1,1
2017-09-29,2,1,0.5545539628210618,1,1
2017-09-30,2,1,0.5503994873070834,1,1
2017-10-01,2,1,0.5531538592874627,1,1
2017-10-02,2,0,0.5576377330389193,1,1
2017-10-03,2,0,0.5552769794379061,1,1
2017-10-04,2,1,0.5541935410090718,1,1
2017-10-05,2,1,0.5531980699850356,1,1
2017-10-06,2,1,0.5562370947060663,1,1
2017-10-07,2,1,0.5583942484813071,1,1
2017-10-08,2,1,0.5510697039418103,1,1
2017-10-09,2,1,0.5511596382385978,1,1
2017-10-10,2,1,0.5550446979632438,1,1
2017-10-11,2,1,0.558639753822527,1,1
2017-10-12,2,1,0.5377539526989629,1,1
2017-10-13,2,1,0.5449916108028083,1,1
2017-10-14,2,0,0.5490444080979717,1,1
2017-10-15,2,1,0.5497983683325872,1,1
2017-10-16,2,0,0.554251186442059,1,1
2017-10-17,2,0,0.5533628999116083,1,1
2017-10-18,2,1,0.558598822531732,1,1
2017-10-19,2,1,0.5559278165268636,1,1
2017-10-20,2,1,0.548964490759744,1,1
2017-10-21,2,0,0.5541249120368461,1,1
2017-10-22,2,0,0.5594047156734514,1,1
2017-10-23,2,0,0.5619105266904192,1,1
2017-10-24,2,1,0.5394224889962883,1,1
2017-10-25,2,1,0.5450339071360535,1,1
2017-10-26,2,0,0.5498205001419953,1,1
2017-10-27,2,0,0.5512533549680751,1,1
2017-10-28,2,1,0.5558080375261908,1,1
2017-10-29,2,0,0.5431191118649428,1,1
2017-10-30,2,1,0.551160192367114,1,1
2017-10-31,2,1,0.5465757551763989,1,1
2017-11-01,2,1,0.5472408920464931,1,1
2017-11-02,2,1,0.5476451009293035,1,1
2017-11-03,2,1,0.5517859429822548,1,1
2017-11-04,2,1,0.552370987798173,1,1
2017-11-05,2,0,0.5561671239987694,1,1
2017-11-06,2,1,0.5447132392567537,1,1
2017-11-07,2,1,0.5508378973790486,1,1
2017-11-08,2,0,0.5495908176681272,1,1
2017-11-09,2,0,0.5460059277045762,1,1
2017-11-10,2,0,0.5380729253901364,1,1
2017-11-11,2,0,0.5413627496500487,1,1
2017-11-12,2,1,0.538334545406285,1,1
2017-11-13,2,1,0.537767516579992,1,1
2017-11-14,2,1,0.5477277076934173,1,1
2017-11-15,2,1,0.5378023634039442,1,1
2017-11-16,2,0,0.5382615374431705,1,1
2017-11-17,2,1,0.5455783046754616,1,1
2017-11-18,2,1,0.5520912284300167,1,1
2017-11-19,2,1,0.5514086220735828,1,1
2017-11-20,2,0,0.5526955618719412,1,1
2017-11-21,2,1,0.553855272929279,1,1
2017-11-22,2,0,0.5532525527707363,1,1
2017-11-23,2,1,0.5515914652204253,1,1
2017-11-24,2,1,0.5519753300786172,1,1
2017-11-25,2,1,0.5447175801116987,1,1
2017-11-26,2,1,0.5419477436693839,1,1
2017-11-27,2,1,0.543307456948251,1,1
2017-11-28,2,0,0.5494172796966548,1,1
2017-11-29,2,1,0.5519850532223137,1,1
2017-11-30,2,1,0.5511054602628609,1,1
2017-12-01,2,1,0.5415984814625577,1,1
2017-12-02,2,1,0.550258058350515,1,1
2017-12-03,2,1,0.552130985927244,1,1
2017-12-04,2,1,0.5518265088565842,1,1
2017-12-05,2,1,0.5525807027525884,1,1
2017-12-06,2,1,0.5377529582610214,1,1
2017-12-07,2,0,0.5377529582610148,1,1
2017-12-08,2,0,0.537854935880133,1,1
2017-12-09,2,1,0.5377783881325056,1,1
2017-12-10,2,1,0.5474217482432026,1,1
2017-12-11,2,1,0.5378835316860616,1,1
2017-12-12,2,0,0.5464615960780153,1,1
2017-12-13,2,1,0.539843262437496,1,1
2017-12-14,2,1,0.5491843076216636,1,1
2017-12-15,2,1,0.5414340624394102,1,1
2017-12-16,2,0,0.5377793466513682,1,1
2017-12-17,2,0,0.5457206799133515,1,1
2017-12-18,2,0,0.5527232742640185,1,1
2017-12-19,2,0,0.5387771814557436,1,1
2017-12-20,2,0,0.5381445223614795,1,1
2017-12-21,2,0,0.5395041153304374,1,1
2017-12-22,2,1,0.5377529727051026,1,1
2017-12-23,2,0,0.5396109256833073,1,1
2017-12-24,2,1,0.5393137042543691,1,1
2017-12-25,2,1,0.5489205791002761,1,1
2017-12-26,2,0,0.5377529649254964,1,1
2017-12-27,2,0,0.5460346757242047,1,1
2017-12-28,2,1,0.5379323203910529,1,1
2017-12-29,2,0,0.547879309946129,1,1
2017-12-30,2,1,0.537753226077636,1,1
2017-12-31,2,0,0.5378100225467586,1,1
2018-01-01,2,1,0.5421799723049235,1,1
2018-01-02,2,1,0.5378076053291214,1,1
2018-01-03,2,1,0.5476466715986312,1,1
2018-01-04,2,1,0.5508362958752819,1,1
2018-01-05,2,1,0.5377591377782727,1,1
2018-01-06,2,0,0.5477714788135809,1,1
2018-01-07,2,0,0.5397797722762971,1,1
2018-01-08,2,0,0.5378176109259071,1,1
2018-01-09,2,1,0.5415953310356801,1,1
2018-01-10,2,0,0.5485252271053759,1,1
2018-01-11,2,1,0.5377559037390475,1,1
2018-01-12,2,1,0.5437226160436689,1,1
2018-01-13,2,0,0.5492602398360427,1,1
2018-01-14,2,1,0.5461665739529852,1,1
2018-01-15,2,0,0.5529493484140436,1,1
2018-01-16,2,0,0.5377529582618349,1,1
2018-01-17,2,1,0.5441731996904751,1,1
2018-01-18,2,1,0.5496306412382835,1,1
2018-01-19,2,1,0.5535855668906254,1,1
2018-01-20,2,0,0.5377758927280754,1,1
2018-01-21,2,0,0.5377544652396493,1,1
2018-01-22,2,0,0.5385204626348089,1,1
2018-01-23,2,1,0.5478724105044073,1,1
2018-01-24,2,0,0.5480278005401376,1,1
2018-01-25,2,0,0.5529465865116505,1,1
2018-01-26,2,1,0.5574498988531257,1,1
2018-01-27,2,1,0.5540620935724676,1,1
2018-01-28,2,0,0.5520726310661513,1,1
2018-01-29,2,0,0.5479015926176147,1,1
2018-01-30,2,1,0.5377553469829998,1,1
2018-01-31,2,0,0.5477260649753322,1,1
2018-02-01,2,0,0.5377567310878165,1,1
2018-02-02,2,1,0.5417563113070806,1,1
2018-02-03,2,0,0.546495159633986,1,1
2018-02-04,2,0,0.5377606508762013,1,1
2018-02-05,2,1,0.5377529582627193,1,1
2018-02-06,2,0,0.5377545729764527,1,1
2018-02-07,2,1,0.5458976276159488,1,1
2018-02-08,2,1,0.5382527286704865,1,1
2018-02-09,2,0,0.540758327815572,1,1
2018-02-10,2,0,0.5484102121803113,1,1
2018-02-11,2,1,0.5404305486893639,1,1
2018-02-12,2,0,0.5377909056880908,1,1
2018-02-13,2,1,0.5418316996774711,1,1
2018-02-14,2,1,0.5377697264673666,1,1
2018-02-15,2,1,0.538642115603554,1,1
2018-02-16,2,1,0.5484525336958362,1,1
2018-02-17,2,0,0.5383346084619125,1,1
2018-02-18,2,1,0.5393881127860616,1,1
2018-02-19,2,1,0.5397836932003582,1,1
2018-02-20,2,0,0.5487184207474345,1,1
2018-02-21,2,0,0.5394461394951133,1,1
2018-02-22,2,1,0.5382141731432848,1,1
2018-02-23,2,0,0.5464401115545722,1,1
2018-02-24,2,0,0.5425430840030465,1,1
2018-02-25,2,1,0.549053961907406,1,1
2018-02-26,2,1,0.54035665595974,1,1
2018-02-27,2,0,0.5466645723818473,1,1
2018-02-28,2,1,0.5476313807035984,1,1
2018-03-01,2,1,0.5458812650132079,1,1
2018-03-02,2,1,0.551945659236522,1,1
2018-03-03,2,1,0.5509128322695351,1,1
2018-03-04,2,1,0.5549788805088872,1,1
2018-03-05,2,0,0.5598175386460326,1,1
2018-03-06,2,0,0.5394574133577463,1,1
2018-03-07,2,0,0.5378597465437094,1,1
2018-03-08,2,0,0.5385627293949281,1,1
2018-03-09,2,0,0.5478728370360312,1,1
2018-03-10,2,1,0.5421376376205368,1,1
2018-03-11,2,0,0.5382722469141933,1,1
2018-03-12,2,0,0.5415167673054858,1,1
2018-03-13,2,0,0.5503691437483272,1,1
2018-03-14,2,1,0.5377600270088413,1,1
2018-03-15,2,1,0.5477438189629252,1,1
2018-03-16,2,0,0.5535685487490051,1,1
2018-03-17,2,1,0.5443805398818885,1,1
2018-03-18,2,1,0.5477734330244698,1,1
2018-03-19,2,1,0.5470574362169027,1,1
2018-03-20,2,1,0.5498697591050731,1,1
2018-03-21,2,0,0.5546068132408113,1,1
2018-03-22,2,1,0.5529871430370922,1,1
2018-03-23,2,0,0.5543066866078716,1,1
2018-03-24,2,0,0.5524516912899043,1,1
2018-03-25,2,0,0.5527763280495208,1,1
2018-03-26,2,0,0.5495455479306073,1,1
2018-03-27,2,1,0.5447298233855205,1,1
2018-03-28,2,0,0.5510741175020646,1,1
2018-03-29,2,0,0.5377641578536582,1,1
2018-03-30,2,1,0.5414619885070353,1,1
2018-03-31,2,0,0.5499417667719231,1,1
2018-04-01,2,1,0.5519780450273731,1,1
2018-04-02,2,1,0.5510405282152872,1,1
2018-04-03,2,0,0.5482500681599257,1,1
2018-04-04,2,0,0.5379136888171464,1,1
2018-04-05,2,0,0.5473531344729539,1,1
2018-04-06,2,1,0.5491011543657683,1,1
2018-04-07,2,1,0.5493913512252517,1,1
2018-04-08,2,0,0.5526398360252038,1,1
2018-04-09,2,1,0.5492143120306906,1,1
2018-04-10,2,1,0.5536576703324803,1,1
2018-04-11,2,1,0.5539618091592566,1,1
2018-04-12,2,1,0.5377534038077638,1,1
2018-04-13,2,1,0.5476514697397386,1,1
2018-04-14,2,1,0.5527551396742424,1,1
2018-04-15,2,0,0.550315966160016,1,1
2018-04-16,2,0,0.5491848359337193,1,1
2018-04-17,2,1,0.5513007521240118,1,1
2018-04-18,2,1,0.5511753663925175,1,1
2018-04-19,2,1,0.5532602336924585,1,1
2018-04-20,2,1,0.544498557978955,1,1
2018-04-21,2,0,0.5520281183901684,1,1
2018-04-22,2,1,0.5559834997765908,1,1
2018-04-23,2,1,0.5577751601109285,1,1
2018-04-24,2,0,0.5389452100720686,1,1
2018-04-25,2,1,0.5377688560451719,1,1
2018-04-26,2,0,0.542281621371661,1,1
2018-04-27,2,1,0.5450987201416166,1,1
2018-04-28,2,1,0.547810670579385,1,1
2018-04-29,2,0,0.5533195538393053,1,1
2018-04-30,2,0,0.5536149128151154,1,1
2018-05-01,2,1,0.556101555589331,1,1
2018-05-02,2,1,0.5586658241488808,1,1
2018-05-03,2,0,0.5485145066558067,1,1
2018-05-04,2,1,0.5537597995829158,1,1
2018-05-05,2,0,0.5552481502807728,1,1
2018-05-06,2,0,0.5540067465576249,1,1
2018-05-07,2,0,0.5508147227772968,1,1
2018-05-08,2,1,0.5532310792428203,1,1
2018-05-09,2,0,0.5568733643002804,1,1
2018-05-10,2,0,0.5511899159046728,1,1
2018-05-11,2,1,0.5392664776915695,1,1
2018-05-12,2,1,0.5488808646256587,1,1
2018-05-13,2,0,0.5512403983770083,1,1
2018-05-14,2,0,0.5555470988680234,1,1
2018-05-15,2,0,0.5529477657540821,1,1
2018-05-16,2,0,0.5541854036787108,1,1
2018-05-17,2,1,0.5499589714237882,1,1
2018-05-18,2,0,0.5524333246918327,1,1
2018-05-19,2,1,0.5567654686118753,1,1
2018-05-20,2,0,0.5520559707838956,1,1
2018-05-21,2,0,0.5544675004790499,1,1
2018-05-22,2,0,0.5470022397734614,1,1
2018-05-23,2,1,0.5395296481335924,1,1
2018-05-24,2,0,0.54911718865897,1,1
2018-05-25,2,0,0.552783012859378,1,1
2018-05-26,2,1,0.5542670819909823,1,1
2018-05-27,2,0,0.5601280315954208,1,1
2018-05-28,2,1,0.5511452636003221,1,1
2018-05-29,2,0,0.5490846738888946,1,1
2018-05-30,2,1,0.5533862045339025,1,1
2018-05-31,2,1,0.5564639255411508,1,1
2018-06-01,2,1,0.5614817915338334,1,1
2018-06-02,2,1,0.5631620742363439,1,1
2018-06-03,2,0,0.5670029004321214,1,1
2018-06-04,2,1,0.5558568161080156,1,1
2018-06-05,2,1,0.5572798436870693,1,1
2018-06-06,2,1,0.563502580615576,1,1
2018-06-07,2,0,0.5699069043874772,1,1
2018-06-08,2,0,0.5741635332790588,1,1
2018-06-09,2,0,0.5752777638294987,1,1
2018-06-10,2,1,0.537768678856255,1,1
2018-06-11,2,0,0.547445866192479,1,1
2018-06-12,2,0,0.5431660810856708,1,1
2018-06-13,2,1,0.5445589258738938,1,1
2018-06-14,2,0,0.5448292005332361,1,1
2018-06-15,2,1,0.5460984329827356,1,1
2018-06-16,2,0,0.5517692435468916,1,1
2018-06-17,2,1,0.5559357553393455,1,1
2018-06-18,2,1,0.5514103589559466,1,1
2018-06-19,2,1,0.555018477380028,1,1
2018-06-20,2,0,0.5603491064727074,1,1
2018-06-21,2,0,0.5659183607223939,1,1
2018-06-22,2,1,0.5377821171437465,1,1
2018-06-23,2,1,0.5476969001961615,1,1
2018-06-24,2,1,0.5536784564125039,1,1
2018-06-25,2,0,0.556674425621301,1,1
2018-06-26,2,1,0.5528966127651127,1,1
2018-06-27,2,0,0.5564153566101958,1,1
2018-06-28,2,1,0.5482665463502743,1,1
2018-06-29,2,1,0.546244328580822,1,1
2018-06-30,2,0,0.5499128767822837,1,1
2018-07-01,2,1,0.5545893047884348,1,1
2018-07-02,2,0,0.5514012568532178,1,1
2018-07-03,2,1,0.5536321365864618,1,1
2018-07-04,2,1,0.5567962567476785,1,1
2018-07-05,2,1,0.5618001962040112,1,1
2018-07-06,2,1,0.56776924927493,1,1
2018-07-07,2,0,0.5559034066331878,1,1
2018-07-08,2,0,0.5586800710232815,1,1
2018-07-09,2,0,0.5649618832535127,1,1
2018-07-10,2,1,0.5412866289519787,1,1
2018-07-11,2,0,0.5499946118616125,1,1
2018-07-12,2,1,0.550141795410031,1,1
2018-07-13,2,1,0.5553209398862434,1,1
2018-07-14,2,1,0.5604058534432458,1,1
2018-07-15,2,1,0.5623359972017022,1,1
2018-07-16,2,1,0.5470650182057801,1,1
2018-07-17,2,1,0.5382444621658395,1,1
2018-07-18,2,1,0.5481541335518003,1,1
2018-07-19,2,0,0.552830404707807,1,1
2018-07-20,2,1,0.554585065056952,1,1
2018-07-21,2,0,0.558672436970688,1,1
2018-07-22,2,1,0.5652823133767235,1,1
2018-07-23,2,1,0.551381664065476,1,1
2018-07-24,2,0,0.5381606040649822,1,1
2018-07-25,2,0,0.5438135725006255,1,1
2018-07-26,2,1,0.5467912494694621,1,1
2018-07-27,2,1,0.5504457321115349,1,1
2018-07-28,2,1,0.5549514964759572,1,1
2018-07-29,2,0,0.5603242136751719,1,1
2018-07-30,2,0,0.5666070506683695,1,1
2018-07-31,2,0,0.545802812369984,1,1
2018-08-01,2,0,0.549639008470897,1,1
2018-08-02,2,0,0.554517684852838,1,1
2018-08-03,2,0,0.5550667840231824,1,1
2018-08-04,2,1,0.543257879293149,1,1
2018-08-05,2,0,0.5514185786611099,1,1
2018-08-06,2,0,0.5535082080615134,1,1
2018-08-07,2,0,0.5507188679729993,1,1
2018-08-08,2,1,0.5392426001128421,1,1
2018-08-09,2,0,0.5447140478515304,1,1
2018-08-10,2,1,0.5393585336978745,1,1
2018-08-11,2,1,0.54831982041295,1,1
2018-08-12,2,0,0.5540674154811978,1,1
2018-08-13,2,0,0.5595388906414338,1,1
2018-08-14,2,1,0.5603300412093599,1,1
2018-08-15,2,1,0.5594646937178933,1,1
2018-08-16,2,1,0.565705733191213,1,1
2018-08-17,2,0,0.5514938919333731,1,1
2018-08-18,2,1,0.5514156437510468,1,1
2018-08-19,2,0,0.5542192026246332,1,1
2018-08-20,2,1,0.5507880432777749,1,1
2018-08-21,2,0,0.5515747697603013,1,1
2018-08-22,2,1,0.552789905335978,1,1
2018-08-23,2,1,0.5525167910702433,1,1
2018-08-24,2,1,0.5520898658456299,1,1
2018-08-25,2,0,0.5552776504655204,1,1
2018-08-26,2,1,0.559225047414125,1,1
2018-08-27,2,1,0.5537294749461875,1,1
2018-08-28,2,0,0.5519883094009105,1,1
2018-08-29,2,0,0.5551049584183858,1,1
2018-08-30,2,1,0.5586468199391739,1,1
2018-08-31,2,1,0.563336774129225,1,1
2018-09-01,2,1,0.5578397654358769,1,1
2018-09-02,2,0,0.5610949685782647,1,1
2018-09-03,2,1,0.567830648310995,1,1
2018-09-04,3,0,0.5649023022743144,1,1
2018-09-05,3,0,0.5444820985920017,1,1
2018-09-06,3,0,0.5449504856342003,1,1
2018-09-07,3,0,0.5501902044563644,1,1
2018-09-08,3,1,0.5490980388924463,1,1
2018-09-09,3,1,0.5539502594552724,1,1
2018-09-10,3,0,0.558459177125591,1,1
2018-09-11,3,1,0.563451107681689,1,1
2018-09-12,3,1,0.5684665020511904,1,1
2018-09-13,3,0,0.561393592189522,1,1
2018-09-14,3,1,0.5662369298243571,1,1
2018-09-15,3,0,0.5707700669330844,1,1
2018-09-16,3,0,0.5740022302844671,1,1
2018-09-17,3,1,0.5571594458522773,1,1
2018-09-18,3,1,0.5589960165701846,1,1
2018-09-19,3,1,0.5628889389318059,1,1
2018-09-20,3,1,0.5619377715710181,1,1
2018-09-21,3,0,0.5569450679467438,1,1
2018-09-22,3,0,0.559206324154068,1,1
2018-09-23,3,0,0.5629332268516336,1,1
2018-09-24,3,0,0.5623978406707361,1,1
2018-09-25,3,1,0.5592837360971168,1,1
2018-09-26,3,1,0.5628309163526646,1,1
2018-09-27,3,0,0.5580720060622353,1,1
2018-09-28,3,0,0.5608889119613147,1,1
2018-09-29,3,1,0.5646633151305394,1,1
2018-09-30,3,0,0.5695204330293125,1,1
2018-10-01,3,0,0.5730078026678936,1,1
2018-10-02,3,0,0.5751826982018133,1,1
2018-10-03,3,1,0.5760191069113318,1,1
2018-10-04,3,1,0.5761620133887593,1,1
2018-10-05,3,0,0.5766721122576908,1,1
2018-10-06,3,1,0.5769686520351407,1,1
2018-10-07,3,1,0.5771869528727283,1,1
2018-10-08,3,0,0.5771232716715236,1,1
2018-10-09,3,0,0.5772492186395561,1,1
2018-10-10,3,0,0.5770563223887043,1,1
2018-10-11,3,1,0.5535669601230518,1,1
2018-10-12,3,1,0.5571510816557704,1,1
2018-10-13,3,1,0.5611077220077245,1,1
2018-10-14,3,1,0.566122004088243,1,1
2018-10-15,3,0,0.5553984612613254,1,1
2018-10-16,3,0,0.5579306095630592,1,1
2018-10-17,3,0,0.5605348339693534,1,1
2018-10-18,3,0,0.5631515920259024,1,1
2018-10-19,3,1,0.5681997901347298,1,1
2018-10-20,3,0,0.5724204453513628,1,1
2018-10-21,3,1,0.5751133683080406,1,1
2018-10-22,3,0,0.5764223661682203,1,1
2018-10-23,3,1,0.5769617578805087,1,1
2018-10-24,3,0,0.5771700455426092,1,1
2018-10-25,3,0,0.5772445196414101,1,1
2018-10-26,3,1,0.5773054479116827,1,1
2018-10-27,3,1,0.5773287210227483,1,1
2018-10-28,3,0,0.5773374156629696,1,1
2018-10-29,3,1,0.5731789057472888,1,1
2018-10-30,3,0,0.5755789290246165,1,1
2018-10-31,3,1,0.5765916340946554,1,1
2018-11-01,3,1,0.576694269887107,1,1
2018-11-02,3,0,0.5770817001676333,1,1
2018-11-03,3,1,0.5771777795458067,1,1
2018-11-04,3,1,0.577268442893659,1,1
2018-11-05,3,1,0.5771888368901963,1,1
2018-11-06,3,1,0.5771688083219427,1,1
2018-11-07,3,0,0.5769013807501417,1,1
2018-11-08,3,0,0.5765777758511227,1,1
2018-11-09,3,1,0.5765253185991053,1,1
2018-11-10,3,1,0.576982031184974,1,1
2018-11-11,3,0,0.5772034090106837,1,1
2018-11-12,3,0,0.5771595774891642,1,1
2018-11-13,3,0,0.5772604745871838,1,1
2018-11-14,3,0,0.5410028127540732,1,1
2018-11-15,3,0,0.5451119565701692,1,1
2018-11-16,3,0,0.5499295968711119,1,1
2018-11-17,3,1,0.5556994939228261,1,1
2018-11-18,3,0,0.5595961723285552,1,1
2018-11-19,3,0,0.540481449517782,1,1
2018-11-20,3,1,0.5405220822374015,1,1
2018-11-21,3,0,0.5439393983139054,1,1
2018-11-22,3,0,0.5426573004583909,1,1
2018-11-23,3,0,0.5481921847620735,1,1
2018-11-24,3,1,0.5404967395584505,1,1
2018-11-25,3,0,0.5439563131934083,1,1
2018-11-26,3,1,0.5419360053784485,1,1
2018-11-27,3,1,0.5473572377231499,1,1
2018-11-28,3,1,0.5405071207735684,1,1
2018-11-29,3,0,0.5454251184863742,1,1
2018-11-30,3,1,0.5419630583919923,1,1
2018-12-01,3,0,0.5434097152454829,1,1
2018-12-02,3,0,0.5475184045289646,1,1
2018-12-03,3,1,0.5428002831382814,1,1
2018-12-04,3,0,0.5480723491547154,1,1
2018-12-05,3,0,0.5445634875015706,1,1
2018-12-06,3,0,0.5416627368576621,1,1
2018-12-07,3,1,0.5443283127431905,1,1
2018-12-08,3,1,0.5496466509420468,1,1
2018-12-09,3,0,0.5506947291348535,1,1
2018-12-10,3,0,0.5513156580055103,1,1
2018-12-11,3,1,0.5532422061283244,1,1
2018-12-12,3,0,0.5558263805814941,1,1
2018-12-13,3,0,0.5510575224393007,1,1
2018-12-14,3,0,0.5532001655881695,1,1
2018-12-15,3,1,0.5572610096581951,1,1
2018-12-16,3,1,0.5614822698904646,1,1
2018-12-17,3,1,0.5433900411125623,1,1
2018-12-18,3,1,0.54546528275622,1,1
2018-12-19,3,1,0.5509759213630702,1,1
2018-12-20,3,0,0.540665311936395,1,1
2018-12-21,3,1,0.5411106826131149,1,1
2018-12-22,3,0,0.5449092779312317,1,1
2018-12-23,3,1,0.5507399347648407,1,1
2018-12-24,3,0,0.554241882475622,1,1
2018-12-25,3,1,0.5446929677607238,1,1
2018-12-26,3,0,0.5504541336093214,1,1
2018-12-27,3,1,0.5455251773805962,1,1
2018-12-28,3,0,0.541880368422517,1,1
2018-12-29,3,1,0.5448274298582769,1,1
2018-12-30,3,0,0.5505344458829119,1,1
2018-12-31,3,1,0.5505908467412773,1,1
2019-01-01,3,1,0.5533288026632349,1,1
2019-01-02,3,0,0.5550643305017265,1,1
2019-01-03,3,1,0.5550569250103273,1,1
2019-01-04,3,0,0.5578896931114422,1,1
2019-01-05,3,1,0.5613842442952314,1,1
2019-01-06,3,0,0.5533063755967359,1,1
2019-01-07,3,1,0.5558822264324438,1,1
2019-01-08,3,1,0.5595115386004071,1,1
2019-01-09,3,0,0.5641501258821886,1,1
2019-01-10,3,1,0.5418050092898072,1,1
2019-01-11,3,0,0.547337161698814,1,1
2019-01-12,3,0,0.5530859221231696,1,1
2019-01-13,3,1,0.5523235111516751,1,1
2019-01-14,3,0,0.5522269263018694,1,1
2019-01-15,3,1,0.5541628566924627,1,1
2019-01-16,3,1,0.5576693624949818,1,1
2019-01-17,3,0,0.5613234349623423,1,1
2019-01-18,3,1,0.5656458151118989,1,1
2019-01-19,3,0,0.563970485626721,1,1
2019-01-20,3,0,0.5561228652993303,1,1
2019-01-21,3,1,0.5584715263235713,1,1
2019-01-22,3,0,0.5615080410605106,1,1
2019-01-23,3,1,0.56570706016517,1,1
2019-01-24,3,0,0.5703652296323359,1,1
2019-01-25,3,1,0.5739722273851234,1,1
2019-01-26,3,0,0.5759001397578176,1,1
2019-01-27,3,0,0.5766212380211835,1,1
2019-01-28,3,0,0.5633157314926509,1,1
2019-01-29,3,1,0.5680396960265016,1,1
2019-01-30,3,0,0.5707444621007739,1,1
2019-01-31,3,1,0.5733471707934863,1,1
2019-02-01,3,1,0.5749983198197833,1,1
2019-02-02,3,0,0.575823695314066,1,1
2019-02-03,3,0,0.574784023465231,1,1
2019-02-04,3,1,0.5762779595114167,1,1
2019-02-05,3,0,0.5769094641059394,1,1
2019-02-06,3,0,0.576018250185929,1,1
2019-02-07,3,1,0.5767310982791575,1,1
2019-02-08,3,1,0.5480864195648859,1,1
2019-02-09,3,1,0.5537159753847939,1,1
2019-02-10,3,0,0.5588321149080141,1,1
2019-02-11,3,1,0.5619089384979261,1,1
2019-02-12,3,0,0.567432755728967,1,1
2019-02-13,3,0,0.5715156226361812,1,1
2019-02-14,3,1,0.5744593064992521,1,1
2019-02-15,3,1,0.5761328410303903,1,1
2019-02-16,3,1,0.576839757146274,1,1
2019-02-17,3,1,0.5765608111752649,1,1
2019-02-18,3,1,0.5524858567240946,1,1
2019-02-19,3,1,0.5562709034641149,1,1
2019-02-20,3,0,0.5585686801770312,1,1
2019-02-21,3,1,0.5606811626426508,1,1
2019-02-22,3,1,0.5627523709412441,1,1
2019-02-23,3,0,0.5568346388958046,1,1
2019-02-24,3,1,0.5430898462987163,1,1
2019-02-25,3,0,0.5481448890034503,1,1
2019-02-26,3,0,0.5534421786735833,1,1
2019-02-27,3,1,0.5591081750251514,1,1
2019-02-28,3,1,0.5650181619037228,1,1
2019-03-01,3,1,0.5704108576700843,1,1
2019-03-02,3,0,0.5740585864360783,1,1
2019-03-03,3,0,0.5757879016799808,1,1
2019-03-04,3,1,0.5715869292745825,1,1
2019-03-05,3,1,0.5574454602416387,1,1
2019-03-06,3,1,0.560694918212991,1,1
2019-03-07,3,0,0.5652833045027618,1,1
2019-03-08,3,1,0.5701095679072892,1,1
2019-03-09,3,0,0.5700849056008918,1,1
2019-03-10,3,0,0.5736788503328414,1,1
2019-03-11,3,1,0.5744349239612585,1,1
2019-03-12,3,0,0.576127754933263,1,1
2019-03-13,3,1,0.5768551677312316,1,1
2019-03-14,3,1,0.5770926419445502,1,1
2019-03-15,3,1,0.5769685206164903,1,1
2019-03-16,3,0,0.5738500842388322,1,1
2019-03-17,3,1,0.5755692189292079,1,1
2019-03-18,3,1,0.5766148509293498,1,1
2019-03-19,3,1,0.5766983966406785,1,1
2019-03-20,3,0,0.577040633861103,1,1
2019-03-21,3,0,0.5763034391352853,1,1
2019-03-22,3,1,0.5769266620040869,1,1
2019-03-23,3,0,0.5771597392755087,1,1
2019-03-24,3,0,0.5772326223011863,1,1
2019-03-25,3,1,0.5763742165806989,1,1
2019-03-26,3,1,0.5768543931093503,1,1
2019-03-27,3,0,0.5713033171365999,1,1
2019-03-28,3,1,0.5743141885620158,1,1
2019-03-29,3,1,0.575733304292885,1,1
2019-03-30,3,0,0.5766776552121701,1,1
2019-03-31,3,1,0.5770801474282387,1,1
2019-04-01,3,1,0.5766248109890316,1,1
2019-04-02,3,1,0.5404799469037597,1,1
2019-04-03,3,0,0.5450127881263,1,1
2019-04-04,3,1,0.5501732154139742,1,1
2019-04-05,3,1,0.5533673721811456,1,1
2019-04-06,3,1,0.5576384188429334,1,1
2019-04-07,3,1,0.5565252386560021,1,1
2019-04-08,3,0,0.5575947565662639,1,1
2019-04-09,3,1,0.5581824832058685,1,1
2019-04-10,3,0,0.5576391253271121,1,1
2019-04-11,3,1,0.5532648272280484,1,1
2019-04-12,3,1,0.5568390953063292,1,1
2019-04-13,3,1,0.5606972485570992,1,1
2019-04-14,3,0,0.5624614288594916,1,1
2019-04-15,3,1,0.5608342860023691,1,1
2019-04-16,3,1,0.5566653194492678,1,1
2019-04-17,3,1,0.5589557212979642,1,1
2019-04-18,3,1,0.5616285134787732,1,1
2019-04-19,3,1,0.5663469146175388,1,1
2019-04-20,3,0,0.5705016136063009,1,1
2019-04-21,3,1,0.5737845450723521,1,1
2019-04-22,3,1,0.5733037867286309,1,1
2019-04-23,3,0,0.5602116424084759,1,1
2019-04-24,3,0,0.5593129831936889,1,1
2019-04-25,3,1,0.5535060819048427,1,1
2019-04-26,3,0,0.5563642076903396,1,1
2019-04-27,3,1,0.5596464718419815,1,1
2019-04-28,3,0,0.5640400195548956,1,1
2019-04-29,3,1,0.5681042869364087,1,1
2019-04-30,3,1,0.5658110744377292,1,1
2019-05-01,3,1,0.5691617723720128,1,1
2019-05-02,3,1,0.567250028305661,1,1
2019-05-03,3,1,0.5555987293815182,1,1
2019-05-04,3,0,0.5575456982867133,1,1
2019-05-05,3,0,0.5600838656978333,1,1
2019-05-06,3,1,0.5631287857660904,1,1
2019-05-07,3,1,0.5645227713554695,1,1
2019-05-08,3,1,0.5592870742397736,1,1
2019-05-09,3,1,0.5567662481134363,1,1
2019-05-10,3,1,0.5563772481370935,1,1
2019-05-11,3,0,0.5405043379972968,1,1
2019-05-12,3,1,0.5429550910450631,1,1
2019-05-13,3,1,0.5404847619741879,1,1
2019-05-14,3,1,0.5447829103574761,1,1
2019-05-15,3,0,0.5489938637657805,1,1
2019-05-16,3,0,0.5481606504378919,1,1
2019-05-17,3,0,0.5417992993886983,1,1
2019-05-18,3,1,0.5466542958718227,1,1
2019-05-19,3,0,0.5404838243049737,1,1
2019-05-20,3,0,0.5434740584658457,1,1
2019-05-21,3,0,0.5493141949376912,1,1
2019-05-22,3,1,0.548767966377488,1,1
2019-05-23,3,1,0.552181867346175,1,1
2019-05-24,3,1,0.5557571809312931,1,1
2019-05-25,3,1,0.5590556260381814,1,1
2019-05-26,3,1,0.5472305629471,1,1
2019-05-27,3,0,0.5522757436769439,1,1
2019-05-28,3,0,0.5562066646486694,1,1
2019-05-29,3,0,0.5603052507824401,1,1
2019-05-30,3,1,0.5541713388816933,1,1
2019-05-31,3,0,0.555156926899154,1,1
2019-06-01,3,1,0.5578939387448462,1,1
2019-06-02,3,0,0.5578919560640092,1,1
2019-06-03,3,0,0.5495379845734696,1,1
2019-06-04,3,1,0.543384660339643,1,1
2019-06-05,3,0,0.5487937996919047,1,1
2019-06-06,3,1,0.5547446283794165,1,1
2019-06-07,3,0,0.5549079064189675,1,1
2019-06-08,3,0,0.5573081018707433,1,1
2019-06-09,3,1,0.5549465037125975,1,1
2019-06-10,3,0,0.5546631192962685,1,1
2019-06-11,3,1,0.5570153567527,1,1
2019-06-12,3,1,0.5565660739318273,1,1
2019-06-13,3,1,0.5583517380316853,1,1
2019-06-14,3,1,0.554153124775179,1,1
2019-06-15,3,1,0.55635798549092,1,1
2019-06-16,3,1,0.5575045280245873,1,1
2019-06-17,3,0,0.556168098684911,1,1
2019-06-18,3,1,0.5560136043999635,1,1
2019-06-19,3,1,0.5568574210209737,1,1
2019-06-20,3,1,0.5567143983079643,1,1
2019-06-21,3,1,0.5518350929232453,1,1
2019-06-22,3,1,0.5494397367246558,1,1
2019-06-23,3,1,0.5539386216564532,1,1
2019-06-24,3,1,0.5569213463285498,1,1
2019-06-25,3,1,0.5483595276865805,1,1
2019-06-26,3,0,0.5406033182801211,1,1
2019-06-27,3,1,0.5404799495065158,1,1
2019-06-28,3,0,0.5404903171098752,1,1
2019-06-29,3,0,0.5425776105936243,1,1
2019-06-30,3,0,0.5405067179216584,1,1
2019-07-01,3,1,0.5439859732522466,1,1
2019-07-02,3,1,0.5488933122131991,1,1
2019-07-03,3,0,0.5405673838675394,1,1
2019-07-04,3,0,0.5409010005574655,1,1
2019-07-05,3,1,0.5444635524482702,1,1
2019-07-06,3,1,0.5493146266537057,1,1
2019-07-07,3,1,0.5530723341247573,1,1
2019-07-08,3,1,0.5450765512454943,1,1
2019-07-09,3,0,0.5496047650565961,1,1
2019-07-10,3,0,0.5499034176570343,1,1
2019-07-11,3,1,0.5426922296961695,1,1
2019-07-12,3,0,0.5451981761051313,1,1
2019-07-13,3,0,0.5460170272482087,1,1
2019-07-14,3,1,0.5405128789030106,1,1
2019-07-15,3,0,0.5414289081013172,1,1
2019-07-16,3,1,0.5404800723715589,1,1
2019-07-17,3,1,0.5447878081775797,1,1
2019-07-18,3,0,0.540575637874998,1,1
2019-07-19,3,1,0.5448208913737563,1,1
2019-07-20,3,0,0.5494813116152742,1,1
2019-07-21,3,0,0.553081342506374,1,1
2019-07-22,3,0,0.553932417488286,1,1
2019-07-23,3,0,0.5511716359227048,1,1
2019-07-24,3,1,0.5550831165270986,1,1
2019-07-25,3,0,0.5585311207419568,1,1
2019-07-26,3,0,0.5627952582342214,1,1
2019-07-27,3,1,0.554815506248303,1,1
2019-07-28,3,0,0.5575212664277003,1,1
2019-07-29,3,1,0.5608119852287153,1,1
2019-07-30,3,1,0.5641486849115714,1,1
2019-07-31,3,1,0.5553176806298171,1,1
2019-08-01,3,1,0.5558035163659829,1,1
2019-08-02,3,1,0.5576320597755086,1,1
2019-08-03,3,1,0.5567665201525784,1,1
2019-08-04,3,1,0.5579780113091408,1,1
2019-08-05,3,0,0.5486219712471871,1,1
2019-08-06,3,1,0.5503037063210738,1,1
2019-08-07,3,1,0.5512717986055655,1,1
2019-08-08,3,0,0.5558355591881723,1,1
2019-08-09,3,0,0.5592304519200325,1,1
2019-08-10,3,1,0.5534660505070607,1,1
2019-08-11,3,0,0.5561897613601623,1,1
2019-08-12,3,0,0.5580338976404681,1,1
2019-08-13,3,0,0.5538649643654615,1,1
2019-08-14,3,1,0.5421805776929794,1,1
2019-08-15,3,1,0.5465022729771948,1,1
2019-08-16,3,0,0.5524458588887906,1,1
2019-08-17,3,1,0.5558747637860861,1,1
2019-08-18,3,1,0.5596137087900439,1,1
2019-08-19,3,0,0.5532441053894465,1,1
2019-08-20,3,0,0.5556671768723598,1,1
2019-08-21,3,0,0.5482001410511835,1,1
2019-08-22,3,1,0.5537529945384052,1,1
2019-08-23,3,0,0.5547839451596545,1,1
2019-08-24,3,0,0.5552323561697768,1,1
2019-08-25,3,1,0.5583170550911082,1,1
2019-08-26,3,0,0.5577044482986229,1,1
2019-08-27,3,0,0.5579050758908739,1,1
2019-08-28,3,0,0.5542868544849235,1,1
2019-08-29,3,1,0.5548645311134738,1,1
2019-08-30,3,1,0.5575454225009338,1,1
2019-08-31,3,1,0.5609900128181007,1,1
2019-09-01,3,1,0.5629015184084505,1,1
2019-09-02,3,1,0.5535703254231225,1,1
2019-09-03,3,0,0.555172133715198,1,1
2019-09-04,3,0,0.5579499923129034,1,1
2019-09-05,3,0,0.5616251428360559,1,1
2019-09-06,3,1,0.5595352738142174,1,1
2019-09-07,3,0,0.5605286862773287,1,1
2019-09-08,3,0,0.5640408264336912,1,1
2019-09-09,3,0,0.567028240058932,1,1
2019-09-10,3,1,0.5632085579914946,1,1
2019-09-11,3,1,0.5678636117248993,1,1
2019-09-12,3,0,0.5633375632361112,1,1
2019-09-13,3,0,0.5679400486093257,1,1
2019-09-14,3,0,0.572401088811374,1,1
2019-09-15,3,0,0.5751074729090722,1,1
2019-09-16,3,0,0.5761120338464742,1,1
2019-09-17,3,0,0.5767921990217216,1,1
2019-09-18,3,1,0.5770583144832929,1,1
2019-09-19,3,0,0.5771019737608372,1,1
2019-09-20,3,0,0.5770040364947202,1,1
2019-09-21,3,1,0.5759422780205519,1,1
2019-09-22,3,0,0.5766878435696189,1,1
2019-09-23,3,0,0.5609920542809673,1,1
2019-09-24,3,0,0.5405181393208046,1,1
2019-09-25,3,0,0.5445327544031532,1,1
2019-09-26,3,1,0.5441781042461061,1,1
2019-09-27,3,0,0.5495014382920073,1,1
2019-09-28,3,0,0.5552318853336417,1,1
2019-09-29,3,1,0.556942999773856,1,1
2019-09-30,3,1,0.5569399983926229,1,1
2019-10-01,3,1,0.5600682782134945,1,1
2019-10-02,3,0,0.5640629709351547,1,1
2019-10-03,3,0,0.5641931300986601,1,1
2019-10-04,3,0,0.5684796377955298,1,1
2019-10-05,3,0,0.5720843406175168,1,1
2019-10-06,3,1,0.5688025743101238,1,1
2019-10-07,3,0,0.558115898545631,1,1
2019-10-08,3,1,0.5615917979990921,1,1
2019-10-09,3,0,0.5557611341685333,1,1
2019-10-10,3,0,0.5580810385471524,1,1
2019-10-11,3,1,0.5559220563189955,1,1
2019-10-12,3,0,0.5584751077488561,1,1
2019-10-13,3,1,0.5620809322269247,1,1
2019-10-14,3,0,0.5663148005962898,1,1
2019-10-15,3,0,0.5633158856438388,1,1
2019-10-16,3,1,0.5616412179866036,1,1
2019-10-17,3,0,0.5659414515384893,1,1
2019-10-18,3,1,0.5657839557997498,1,1
2019-10-19,3,1,0.5707765636866193,1,1
2019-10-20,3,1,0.5606022031222565,1,1
2019-10-21,3,0,0.5651552913131899,1,1
2019-10-22,3,0,0.5624986743947121,1,1
2019-10-23,3,0,0.5464233101888725,1,1
2019-10-24,3,1,0.5522078766350652,1,1
2019-10-25,3,1,0.5404800229766237,1,1
2019-10-26,3,1,0.5411404439566262,1,1
2019-10-27,3,0,0.5446351592932177,1,1
2019-10-28,3,1,0.5464844834501807,1,1
2019-10-29,3,0,0.5513495206768166,1,1
2019-10-30,3,0,0.5529586855624058,1,1
2019-10-31,3,1,0.5572516322709543,1,1
2019-11-01,3,1,0.561345500238433,1,1
2019-11-02,3,0,0.5657673397491021,1,1
2019-11-03,3,1,0.5689813691821153,1,1
2019-11-04,3,0,0.5669897101306782,1,1
2019-11-05,3,1,0.5707005328513988,1,1
2019-11-06,3,0,0.5741672941561267,1,1
2019-11-07,3,0,0.5751548634344984,1,1
2019-11-08,3,1,0.553461435953438,1,1
2019-11-09,3,1,0.5570645904936428,1,1
2019-11-10,3,0,0.5564754009651209,1,1
2019-11-11,3,1,0.5552221658105932,1,1
2019-11-12,3,0,0.5577564398986647,1,1
2019-11-13,3,0,0.5611615981943955,1,1
2019-11-14,3,0,0.5634636051236206,1,1
2019-11-15,3,1,0.5588090067495829,1,1
2019-11-16,3,1,0.5623453500594544,1,1
2019-11-17,3,0,0.5672216665680037,1,1
2019-11-18,3,0,0.5574022109844651,1,1
2019-11-19,3,0,0.5591091674096134,1,1
2019-11-20,3,0,0.5578322785588461,1,1
2019-11-21,3,0,0.5529029912944513,1,1
2019-11-22,3,1,0.5499151029661339,1,1
2019-11-23,3,0,0.5542926929341213,1,1
2019-11-24,3,1,0.5500516548665783,1,1
2019-11-25,3,1,0.554372413521907,1,1
2019-11-26,3,1,0.5578469949767662,1,1
2019-11-27,3,0,0.5549750184320739,1,1
2019-11-28,3,1,0.5571727996497974,1,1
2019-11-29,3,0,0.5555887952902447,1,1
2019-11-30,3,0,0.555748334042767,1,1
2019-12-01,3,0,0.5564520614123825,1,1
2019-12-02,3,0,0.5577534686999623,1,1
2019-12-03,3,0,0.5611713386889812,1,1
2019-12-04,3,1,0.5642372608594548,1,1
2019-12-05,3,1,0.5588236921973175,1,1
2019-12-06,3,1,0.5604007040936625,1,1
2019-12-07,3,1,0.5647379124064649,1,1
2019-12-08,3,0,0.5697234873833877,1,1
2019-12-09,3,0,0.5651518495619959,1,1
2019-12-10,3,0,0.5648546754895691,1,1
2019-12-11,3,1,0.5686742814630225,1,1
2019-12-12,3,1,0.5728181447370323,1,1
2019-12-13,3,0,0.575244715035886,1,1
2019-12-14,3,1,0.572421475135835,1,1
2019-12-15,3,0,0.5750663212068521,1,1
2019-12-16,3,0,0.5619443488935342,1,1
2019-12-17,3,1,0.5539303111947429,1,1
2019-12-18,3,0,0.5413602293254726,1,1
2019-12-19,3,1,0.5460658507450268,1,1
2019-12-20,3,0,0.5523668302428922,1,1
2019-12-21,3,1,0.5584005972078968,1,1
2019-12-22,3,0,0.5536719618031678,1,1
2019-12-23,3,0,0.555024164851048,1,1
2019-12-24,3,0,0.558085632109447,1,1
2019-12-25,4,0,0.5493547895953893,1,1
2019-12-26,4,1,0.5515800233762045,1,1
2019-12-27,4,1,0.5531734826385216,1,1
2019-12-28,4,1,0.5543701458842932,1,1
2019-12-29,4,0,0.554164227142178,1,1
2019-12-30,4,0,0.5532615323747072,1,1
2019-12-31,4,1,0.5534358095722389,1,1
2020-01-01,4,0,0.5546167609348027,1,1
2020-01-02,4,1,0.5492022703907511,1,1
2020-01-03,4,1,0.5460755132313746,1,1
2020-01-04,4,1,0.5488118734980879,1,1
2020-01-05,4,1,0.5512045759946848,1,1
2020-01-06,4,1,0.5474271570025062,1,1
2020-01-07,4,0,0.5456419266786173,1,1
2020-01-08,4,0,0.5482946876205296,1,1
2020-01-09,4,1,0.5480993455516802,1,1
2020-01-10,4,0,0.5478322494842335,1,1
2020-01-11,4,1,0.5489131670338754,1,1
2020-01-12,4,0,0.5494376561898855,1,1
2020-01-13,4,1,0.5508701340006699,1,1
2020-01-14,4,0,0.5379079476820996,1,1
2020-01-15,4,0,0.5440171387765066,1,1
2020-01-16,4,1,0.5482756854059472,1,1
2020-01-17,4,1,0.5482618883683753,1,1
2020-01-18,4,0,0.5508900371472799,1,1
2020-01-19,4,0,0.548913202422187,1,1
2020-01-20,4,1,0.5506652022243649,1,1
2020-01-21,4,0,0.5519026717483229,1,1
2020-01-22,4,0,0.5531930575519356,1,1
2020-01-23,4,1,0.5487286000016979,1,1
2020-01-24,4,0,0.5505867529672792,1,1
2020-01-25,4,1,0.5518554935528256,1,1
2020-01-26,4,1,0.5495608288906658,1,1
2020-01-27,4,1,0.5486779630691749,1,1
2020-01-28,4,0,0.5470373441235584,1,1
2020-01-29,4,1,0.5493974251111626,1,1
2020-01-30,4,0,0.5495211800185851,1,1
2020-01-31,4,1,0.5498396812256942,1,1
2020-02-01,4,0,0.5515179597369989,1,1
2020-02-02,4,0,0.5530555797837864,1,1
2020-02-03,4,0,0.5541719946291492,1,1
2020-02-04,4,1,0.5542599842803974,1,1
2020-02-05,4,1,0.5471424746391113,1,1
2020-02-06,4,1,0.5490906839954995,1,1
2020-02-07,4,1,0.5508801690369559,1,1
2020-02-08,4,1,0.5524542127545737,1,1
2020-02-09,4,0,0.55005216368994,1,1
2020-02-10,4,1,0.5490619682293457,1,1
2020-02-11,4,1,0.548558049869515,1,1
2020-02-12,4,0,0.5497552833965332,1,1
2020-02-13,4,1,0.5506956163046498,1,1
2020-02-14,4,0,0.5518920220616438,1,1
2020-02-15,4,1,0.5478146583387162,1,1
2020-02-16,4,0,0.5498088775658125,1,1
2020-02-17,4,1,0.5489979052263008,1,1
2020-02-18,4,0,0.5475262608706799,1,1
2020-02-19,4,0,0.5440939736758337,1,1
2020-02-20,4,1,0.5480556392244271,1,1
2020-02-21,4,0,0.5506899746892218,1,1
2020-02-22,4,1,0.5529046507062642,1,1
2020-02-23,4,0,0.549803792712716,1,1
2020-02-24,4,0,0.5487122016002297,1,1
2020-02-25,4,0,0.5480676805569058,1,1
2020-02-26,4,0,0.5432430748351892,1,1
2020-02-27,4,0,0.5475152707180909,1,1
2020-02-28,4,0,0.5495471442429268,1,1
2020-02-29,4,0,0.551562454347163,1,1
2020-03-01,4,1,0.5533941736720788,1,1
2020-03-02,4,0,0.5485856751086314,1,1
2020-03-03,4,0,0.5499192784748189,1,1
2020-03-04,4,1,0.551659197859146,1,1
2020-03-05,4,1,0.548739633566127,1,1
2020-03-06,4,0,0.5502078823857272,1,1
2020-03-07,4,0,0.5493840001460875,1,1
2020-03-08,4,0,0.5326296627467784,1,1
2020-03-09,4,0,0.5362818765953097,1,1
2020-03-10,4,1,0.5427354492843286,1,1
2020-03-11,4,0,0.5486795557670198,1,1
2020-03-12,4,1,0.5299719700186164,1,1
2020-03-13,4,0,0.5299765217636154,1,1
2020-03-14,4,1,0.5304119701698553,1,1
2020-03-15,4,0,0.5333254601358879,1,1
2020-03-16,4,1,0.5307253353274907,1,1
2020-03-17,4,1,0.5330626825697615,1,1
2020-03-18,4,1,0.5392511173982074,1,1
2020-03-19,4,1,0.5299719714059145,1,1
2020-03-20,4,0,0.5346771312550003,1,1
2020-03-21,4,0,0.5410103587947349,1,1
2020-03-22,4,1,0.5349440357580252,1,1
2020-03-23,4,1,0.5301080551020441,1,1
2020-03-24,4,0,0.5318719306014238,1,1
2020-03-25,4,1,0.5371845031388425,1,1
2020-03-26,4,0,0.543920480987284,1,1
2020-03-27,4,0,0.5420016527720053,1,1
2020-03-28,4,0,0.5421743253891522,1,1
2020-03-29,4,1,0.5381517362110673,1,1
2020-03-30,4,1,0.530920601063779,1,1
2020-03-31,4,1,0.5362502519651651,1,1
2020-04-01,4,1,0.5401314464716228,1,1
2020-04-02,4,0,0.5431601561943623,1,1
2020-04-03,4,1,0.5471070589605771,1,1
2020-04-04,4,0,0.5484306213209672,1,1
2020-04-05,4,1,0.5500463276602734,1,1
2020-04-06,4,0,0.5418628105767315,1,1
2020-04-07,4,1,0.545724251787394,1,1
2020-04-08,4,0,0.5474518635963093,1,1
2020-04-09,4,0,0.5500062740950367,1,1
2020-04-10,4,0,0.5425141611444462,1,1
2020-04-11,4,1,0.5472406312353634,1,1
2020-04-12,4,0,0.549078504233878,1,1
2020-04-13,4,0,0.5494561615708189,1,1
2020-04-14,4,0,0.5516786482327676,1,1
2020-04-15,4,1,0.5488176885944223,1,1
2020-04-16,4,0,0.5414884757922448,1,1
2020-04-17,4,1,0.5465436084572189,1,1
2020-04-18,4,0,0.5476834567205822,1,1
2020-04-19,4,0,0.5497682094731141,1,1
2020-04-20,4,0,0.5465982939179316,1,1
2020-04-21,4,1,0.5493335764352497,1,1
2020-04-22,4,1,0.5482568153595061,1,1
2020-04-23,4,1,0.5474162206434232,1,1
2020-04-24,4,1,0.548909760540507,1,1
2020-04-25,4,1,0.5507755479014345,1,1
2020-04-26,4,1,0.5512758216017132,1,1
2020-04-27,4,1,0.5515407146479087,1,1
2020-04-28,4,1,0.5532554847956884,1,1
2020-04-29,4,0,0.5300723713949682,1,1
2020-04-30,4,1,0.5340641802532162,1,1
2020-05-01,4,1,0.5385706840235313,1,1
2020-05-02,4,0,0.543820765021069,1,1
2020-05-03,4,1,0.5477402695606266,1,1
2020-05-04,4,1,0.5513317624402139,1,1
2020-05-05,4,1,0.552876779122975,1,1
2020-05-06,4,1,0.5492627066384959,1,1
2020-05-07,4,0,0.541000015326915,1,1
2020-05-08,4,0,0.545438460240466,1,1
2020-05-09,4,0,0.5461029918516018,1,1
2020-05-10,4,0,0.5314465906903352,1,1
2020-05-11,4,1,0.5356364466856157,1,1
2020-05-12,4,1,0.5400588523265625,1,1
2020-05-13,4,1,0.5381567122699694,1,1
2020-05-14,4,0,0.5374669382388702,1,1
2020-05-15,4,1,0.5369768026170633,1,1
2020-05-16,4,1,0.5432533394332943,1,1
2020-05-17,4,1,0.5444586022235804,1,1
2020-05-18,4,1,0.5482763979432729,1,1
2020-05-19,4,0,0.5512321507509531,1,1
2020-05-20,4,0,0.5500363304845977,1,1
2020-05-21,4,1,0.546236192523762,1,1
2020-05-22,4,1,0.5487383104648069,1,1
2020-05-23,4,0,0.5510150668936866,1,1
2020-05-24,4,1,0.5467209541244946,1,1
2020-05-25,4,0,0.5488065197204458,1,1
2020-05-26,4,1,0.5505023989360804,1,1
2020-05-27,4,1,0.5483570260654217,1,1
2020-05-28,4,0,0.5480972793981135,1,1
2020-05-29,4,1,0.549591366094903,1,1
2020-05-30,4,0,0.5490432571227644,1,1
2020-05-31,4,1,0.5488698773096528,1,1
2020-06-01,4,0,0.5407719849598724,1,1
2020-06-02,4,1,0.5340278401219268,1,1
2020-06-03,4,1,0.5397267953970499,1,1
2020-06-04,4,0,0.5446488486487805,1,1
2020-06-05,4,0,0.5476776082252184,1,1
2020-06-06,4,1,0.5511587296077274,1,1
2020-06-07,4,1,0.5526152502897408,1,1
2020-06-08,4,1,0.5541756299160672,1,1
2020-06-09,4,1,0.5549108763778119,1,1
2020-06-10,4,0,0.555086820281175,1,1
2020-06-11,4,1,0.5428633964828098,1,1
2020-06-12,4,0,0.5463870835042637,1,1
2020-06-13,4,0,0.5496935751612105,1,1
2020-06-14,4,1,0.5515235921413736,1,1
2020-06-15,4,1,0.5532052416346697,1,1
2020-06-16,4,0,0.554039173550202,1,1
2020-06-17,4,0,0.5547122247036244,1,1
2020-06-18,4,0,0.5549910055000162,1,1
2020-06-19,4,1,0.5547044937852568,1,1
2020-06-20,4,0,0.555116540171837,1,1
2020-06-21,4,1,0.5552857618420047,1,1
2020-06-22,4,0,0.54780316048099,1,1
2020-06-23,4,0,0.5502484044854884,1,1
2020-06-24,4,0,0.5480662715379823,1,1
2020-06-25,4,0,0.5498958559697221,1,1
2020-06-26,4,0,0.5510024418530356,1,1
2020-06-27,4,1,0.5516570692602462,1,1
2020-06-28,4,1,0.5526549715042933,1,1
2020-06-29,4,0,0.5539677034975418,1,1
2020-06-30,4,1,0.5546778120218523,1,1
2020-07-01,4,0,0.554843792362076,1,1
2020-07-02,4,0,0.5547880198430063,1,1
2020-07-03,4,1,0.5551504128275696,1,1
2020-07-04,4,0,0.5552749988192944,1,1
2020-07-05,4,1,0.5552754073124415,1,1
2020-07-06,4,0,0.5487136860543933,1,1
2020-07-07,4,1,0.5500553950275854,1,1
2020-07-08,4,0,0.5500941050653475,1,1
2020-07-09,4,1,0.5503596574121458,1,1
2020-07-10,4,0,0.5522456670961595,1,1
2020-07-11,4,1,0.5537110348320181,1,1
2020-07-12,4,0,0.5546380355036626,1,1
2020-07-13,4,0,0.5550742017178312,1,1
2020-07-14,4,0,0.5552885628375417,1,1
2020-07-15,4,0,0.5553042125161705,1,1
2020-07-16,4,1,0.5552840596188922,1,1
2020-07-17,4,1,0.5553648132930054,1,1
2020-07-18,4,1,0.5553951786956532,1,1
2020-07-19,4,0,0.5553939273416976,1,1
2020-07-20,4,1,0.5553940429658121,1,1
2020-07-21,4,1,0.5531189820268655,1,1
2020-07-22,4,1,0.5530164140998879,1,1
2020-07-23,4,0,0.5542632346022194,1,1
2020-07-24,4,1,0.5548916635198414,1,1
2020-07-25,4,1,0.5545053603959124,1,1
2020-07-26,4,1,0.5518545871707193,1,1
2020-07-27,4,0,0.5306755136744721,1,1
2020-07-28,4,1,0.5355523335039954,1,1
2020-07-29,4,1,0.5408175017702945,1,1
2020-07-30,4,1,0.5467934977660327,1,1
2020-07-31,4,1,0.5483607743258233,1,1
2020-08-01,4,0,0.5470385848388064,1,1
2020-08-02,4,1,0.5403422138592215,1,1
2020-08-03,4,0,0.5446982189972027,1,1
2020-08-04,4,1,0.5487350627933544,1,1
2020-08-05,4,1,0.5456860420686757,1,1
2020-08-06,4,0,0.5489031325137946,1,1
2020-08-07,4,1,0.5498518733683416,1,1
2020-08-08,4,0,0.5509371395118925,1,1
2020-08-09,4,1,0.5525140850586513,1,1
2020-08-10,4,0,0.5520542657683891,1,1
2020-08-11,4,1,0.5478151712472792,1,1
2020-08-12,4,1,0.5491768214137824,1,1
2020-08-13,4,0,0.5497638831852715,1,1
2020-08-14,4,1,0.5514149498549729,1,1
2020-08-15,4,1,0.5527102770007392,1,1
2020-08-16,4,1,0.5540932755055146,1,1
2020-08-17,4,0,0.5495149765001875,1,1
2020-08-18,4,0,0.5492424064435755,1,1
2020-08-19,4,1,0.549355029601524,1,1
2020-08-20,4,0,0.5505594576216062,1,1
2020-08-21,4,1,0.5494086917101663,1,1
2020-08-22,4,0,0.5507740777660908,1,1
2020-08-23,4,1,0.5525208515433384,1,1
2020-08-24,4,0,0.5534788140695873,1,1
2020-08-25,4,1,0.5483144681586999,1,1
2020-08-26,4,0,0.5498370430429754,1,1
2020-08-27,4,1,0.5504013795083958,1,1
2020-08-28,4,0,0.5501996621095588,1,1
2020-08-29,4,1,0.5518398270231905,1,1
2020-08-30,4,0,0.5514041554401824,1,1
2020-08-31,4,1,0.5530964994403472,1,1
2020-09-01,4,0,0.5504858156260326,1,1
2020-09-02,4,0,0.5468515384013503,1,1
2020-09-03,4,1,0.5303608796377861,1,1
2020-09-04,4,0,0.5342809393229214,1,1
2020-09-05,4,1,0.536264922815744,1,1
2020-09-06,4,1,0.5421955973572073,1,1
2020-09-07,4,0,0.5473418424267603,1,1
2020-09-08,4,1,0.5473390615275215,1,1
2020-09-09,4,1,0.5497290047620382,1,1
2020-09-10,4,1,0.5511597999773131,1,1
2020-09-11,4,1,0.5530345970887048,1,1
2020-09-12,4,0,0.5542752032805864,1,1
2020-09-13,4,1,0.5544209676181581,1,1
2020-09-14,4,1,0.5485877577097185,1,1
2020-09-15,4,1,0.5500795610114549,1,1
2020-09-16,4,0,0.5504363305673623,1,1
2020-09-17,4,0,0.5521668293990851,1,1
2020-09-18,4,1,0.5537517383276067,1,1
2020-09-19,4,0,0.5537879411276059,1,1
2020-09-20,4,0,0.5536822329137081,1,1
2020-09-21,4,1,0.5466947473984853,1,1
2020-09-22,4,0,0.549209317900079,1,1
2020-09-23,4,1,0.5483119307088513,1,1
2020-09-24,4,0,0.5465251863758854,1,1
2020-09-25,4,1,0.549060799956361,1,1
2020-09-26,4,1,0.5512390586464505,1,1
2020-09-27,4,0,0.5531579514418289,1,1
2020-09-28,4,1,0.5542148633865821,1,1
2020-09-29,4,0,0.5542973014442779,1,1
2020-09-30,4,0,0.554872466440608,1,1
2020-10-01,4,0,0.5543207880867196,1,1
2020-10-02,4,0,0.554965505529516,1,1
2020-10-03,4,1,0.5552375135046983,1,1
2020-10-04,4,1,0.5550540341257123,1,1
2020-10-05,4,0,0.5549463219237244,1,1
2020-10-06,4,1,0.5539824811845862,1,1
2020-10-07,4,1,0.5547814039738885,1,1
2020-10-08,4,1,0.5523055933547917,1,1
2020-10-09,4,1,0.5528644653025143,1,1
2020-10-10,4,1,0.5513779545726961,1,1
2020-10-11,4,1,0.5528728299571781,1,1
2020-10-12,4,0,0.5528645819884352,1,1
2020-10-13,4,1,0.5534672359247722,1,1
2020-10-14,4,1,0.5545930557705355,1,1
2020-10-15,4,0,0.5550092587391262,1,1
2020-10-16,4,1,0.554462077108213,1,1
2020-10-17,4,1,0.5550565457211614,1,1
2020-10-18,4,1,0.5549809512711904,1,1
2020-10-19,4,1,0.5527537625364254,1,1
2020-10-20,4,1,0.5529690520941604,1,1
2020-10-21,4,1,0.5399141415349431,1,1
2020-10-22,4,0,0.5450872432652508,1,1
2020-10-23,4,1,0.549368348036273,1,1
2020-10-24,4,0,0.5509760172531551,1,1
2020-10-25,4,1,0.5529244062236776,1,1
2020-10-26,4,1,0.5542880821672568,1,1
2020-10-27,4,0,0.5476129705799933,1,1
2020-10-28,4,1,0.5477095877929135,1,1
2020-10-29,4,1,0.5493417974880306,1,1
2020-10-30,4,1,0.550889992316686,1,1
2020-10-31,4,0,0.5508435337146165,1,1
2020-11-01,4,0,0.5525435902779673,1,1
2020-11-02,4,1,0.5527556195856836,1,1
2020-11-03,4,1,0.5493997702283409,1,1
2020-11-04,4,1,0.5502981776057648,1,1
2020-11-05,4,0,0.5319679782397322,1,1
2020-11-06,4,0,0.5377569391074055,1,1
2020-11-07,4,1,0.5355760595370311,1,1
2020-11-08,4,0,0.5368242706775417,1,1
2020-11-09,4,0,0.5423832036977112,1,1
2020-11-10,4,1,0.5479492175221168,1,1
2020-11-11,4,1,0.5474356564625655,1,1
2020-11-12,4,1,0.547220371314742,1,1
2020-11-13,4,0,0.5496053172438004,1,1
2020-11-14,4,0,0.5501875850033532,1,1
2020-11-15,4,1,0.5518021352296135,1,1
2020-11-16,4,1,0.5477620758835013,1,1
2020-11-17,4,1,0.5450433666542526,1,1
2020-11-18,4,1,0.5483083848037098,1,1
2020-11-19,4,1,0.5510076587460391,1,1
2020-11-20,4,1,0.5475829006192842,1,1
2020-11-21,4,0,0.5497636216189622,1,1
2020-11-22,4,0,0.5503815377579223,1,1
2020-11-23,4,1,0.5523320740301206,1,1
2020-11-24,4,0,0.5484452264209722,1,1
2020-11-25,4,0,0.5489251885328194,1,1
2020-11-26,4,0,0.5338100238625255,1,1
2020-11-27,4,1,0.5400317424278114,1,1
2020-11-28,4,1,0.5414010477625849,1,1
2020-11-29,4,1,0.5444516891864759,1,1
2020-11-30,4,0,0.5338857521728405,1,1
2020-12-01,4,1,0.5343158683039485,1,1
2020-12-02,4,1,0.5391512907702614,1,1
2020-12-03,4,0,0.5444368896562238,1,1
2020-12-04,4,1,0.5429223732811389,1,1
2020-12-05,4,1,0.5456833961213745,1,1
2020-12-06,4,0,0.5486457661697501,1,1
2020-12-07,4,0,0.5507220422427302,1,1
2020-12-08,4,1,0.5464467681981009,1,1
2020-12-09,4,0,0.5487182434202208,1,1
2020-12-10,4,0,0.5495547815158065,1,1
2020-12-11,4,1,0.5507068084480736,1,1
2020-12-12,4,1,0.548290052856118,1,1
2020-12-13,4,1,0.5492092448568964,1,1
2020-12-14,4,1,0.5506906110014493,1,1
2020-12-15,4,1,0.5519521830510008,1,1
2020-12-16,4,1,0.5331104369941636,1,1
2020-12-17,4,1,0.5312698563775374,1,1
2020-12-18,4,1,0.5363099729918915,1,1
2020-12-19,4,0,0.5394564973913962,1,1
2020-12-20,4,0,0.5434956307741765,1,1
2020-12-21,4,1,0.5443079081594863,1,1
2020-12-22,4,0,0.5441400151070143,1,1
2020-12-23,4,1,0.5459201458710258,1,1
2020-12-24,4,1,0.5477388446319852,1,1
2020-12-25,4,1,0.5473239161548286,1,1
2020-12-26,4,0,0.5394245317621861,1,1
2020-12-27,4,1,0.5448834351352617,1,1
2020-12-28,4,1,0.5456636359189996,1,1
2020-12-29,4,1,0.5485811836511129,1,1
2020-12-30,4,1,0.5453287901208902,1,1
2020-12-31,4,1,0.5486450726253886,1,1
2021-01-01,4,1,0.5502609914806909,1,1
2021-01-02,4,1,0.5334239569965912,1,1
2021-01-03,4,0,0.5383220851814421,1,1
2021-01-04,4,1,0.5410950621433266,1,1
2021-01-05,4,1,0.5361509704713059,1,1
2021-01-06,4,1,0.5308146927113462,1,1
2021-01-07,4,1,0.5307636924510061,1,1
2021-01-08,4,0,0.5337344398164979,1,1
2021-01-09,4,0,0.5387948814975684,1,1
2021-01-10,4,0,0.536378373580413,1,1
2021-01-11,4,0,0.5310338029351964,1,1
2021-01-12,4,1,0.5319745950183229,1,1
2021-01-13,4,1,0.5300482074556753,1,1
2021-01-14,4,0,0.531792071630741,1,1
2021-01-15,4,0,0.5310531547651367,1,1
2021-01-16,4,0,0.5351770333054349,1,1
2021-01-17,4,1,0.5407243595048368,1,1
2021-01-18,4,0,0.5439399904438158,1,1
2021-01-19,4,0,0.5468242522077437,1,1
2021-01-20,4,0,0.5487431628446319,1,1
2021-01-21,4,1,0.5299806682892648,1,1
2021-01-22,4,0,0.5305099511730144,1,1
2021-01-23,4,1,0.5334540363640681,1,1
2021-01-24,4,1,0.5395967117291085,1,1
2021-01-25,4,1,0.5462305738295056,1,1
2021-01-26,4,0,0.550838416462352,1,1
2021-01-27,4,1,0.5380109115672816,1,1
2021-01-28,4,1,0.5302230128037869,1,1
2021-01-29,4,0,0.5341638261314215,1,1
2021-01-30,4,0,0.5404970716826429,1,1
2021-01-31,4,1,0.5405353067958176,1,1
2021-02-01,4,1,0.5453585934515066,1,1
2021-02-02,4,1,0.5406942772040716,1,1
2021-02-03,4,0,0.5381379803311132,1,1
2021-02-04,4,1,0.5427460057252359,1,1
2021-02-05,4,1,0.54420367559439,1,1
2021-02-06,4,0,0.54598976912869,1,1
2021-02-07,4,1,0.5486012441541601,1,1
2021-02-08,4,1,0.529971972831111,1,1
2021-02-09,4,0,0.534684868480469,1,1
2021-02-10,4,1,0.5364199285075532,1,1
2021-02-11,4,0,0.5328366828078966,1,1
2021-02-12,4,0,0.5383693508178765,1,1
2021-02-13,4,1,0.5442927809253867,1,1
2021-02-14,4,0,0.5443078781771028,1,1
2021-02-15,4,1,0.5469227315537024,1,1
2021-02-16,4,1,0.5477694353659985,1,1
2021-02-17,4,0,0.5438023047522036,1,1
2021-02-18,4,1,0.5474184836836151,1,1
2021-02-19,4,1,0.5350489696114809,1,1
2021-02-20,4,1,0.541482171458802,1,1
2021-02-21,4,0,0.54404571693563,1,1
2021-02-22,4,0,0.5375309974821835,1,1
2021-02-23,4,1,0.5300724867501059,1,1
2021-02-24,4,0,0.5344608829007419,1,1
2021-02-25,4,0,0.5328970816382151,1,1
2021-02-26,4,0,0.5375010770561768,1,1
2021-02-27,4,0,0.5439395745893669,1,1
2021-02-28,4,1,0.5451443483933373,1,1
2021-03-01,4,0,0.5307340106880422,1,1
2021-03-02,4,1,0.5340134186026229,1,1
2021-03-03,4,0,0.535353031119269,1,1
2021-03-04,4,1,0.5359068435251879,1,1
2021-03-05,4,0,0.5421445490183295,1,1
2021-03-06,4,1,0.548005917286497,1,1
2021-03-07,4,1,0.5443807592023605,1,1
2021-03-08,4,1,0.5469773147817915,1,1
2021-03-09,4,1,0.5452159577463065,1,1
2021-03-10,4,1,0.547346821292195,1,1
2021-03-11,4,0,0.5477118564075618,1,1
2021-03-12,4,1,0.5495014361363575,1,1
2021-03-13,4,0,0.5428672118094521,1,1
2021-03-14,4,0,0.5435929650116788,1,1
2021-03-15,4,1,0.5375332553217431,1,1
2021-03-16,4,1,0.5427195489769082,1,1
2021-03-17,4,0,0.5437307962084484,1,1
2021-03-18,4,1,0.5463847479817288,1,1
2021-03-19,4,0,0.5493270674420855,1,1
2021-03-20,4,0,0.5518573427723485,1,1
2021-03-21,4,0,0.5523332422544056,1,1
2021-03-22,4,1,0.5453830389484909,1,1
2021-03-23,4,0,0.5487345406465701,1,1
2021-03-24,4,0,0.5469199067201476,1,1
2021-03-25,4,1,0.5479881369600218,1,1
2021-03-26,4,1,0.5420325082260619,1,1
2021-03-27,4,0,0.5460691423854166,1,1
2021-03-28,4,1,0.5496662547376933,1,1
2021-03-29,4,1,0.5481315980624326,1,1
2021-03-30,4,1,0.548989307257307,1,1
2021-03-31,4,1,0.5506746601240604,1,1
2021-04-01,4,1,0.552447143823037,1,1
2021-04-02,4,0,0.553823381625232,1,1
2021-04-03,4,1,0.54911954675575,1,1
2021-04-04,4,1,0.5494635031102384,1,1
2021-04-05,4,0,0.5510780417311008,1,1
2021-04-06,4,0,0.5513162428725327,1,1
2021-04-07,4,1,0.548139114295356,1,1
2021-04-08,4,0,0.547658987678045,1,1
2021-04-09,4,1,0.5497750248052873,1,1
2021-04-10,4,1,0.5491081357943324,1,1
2021-04-11,4,0,0.5504794178384582,1,1
2021-04-12,4,1,0.5520166103593257,1,1
2021-04-13,4,0,0.5460371293479742,1,1
2021-04-14,4,1,0.5488314975202472,1,1
2021-04-15,5,0,0.550700593265839,1,1
2021-04-16,5,0,0.5498082538590229,1,1
2021-04-17,5,0,0.5507884419874033,1,1
2021-04-18,5,0,0.5399894701240607,1,1
2021-04-19,5,1,0.545675668594776,1,1
2021-04-20,5,0,0.549469871908653,1,1
2021-04-21,5,0,0.5460459901560734,1,1
2021-04-22,5,0,0.5452583675210796,1,1
2021-04-23,5,0,0.5485420763616383,1,1
2021-04-24,5,0,0.5494965304812182,1,1
2021-04-25,5,1,0.5499840776788044,1,1
2021-04-26,5,1,0.5339865557817528,1,1
2021-04-27,5,0,0.5398989720661842,1,1
2021-04-28,5,0,0.5462148889493044,1,1
2021-04-29,5,1,0.5474955745064419,1,1
2021-04-30,5,1,0.5380924723221628,1,1
2021-05-01,5,0,0.5448563719544555,1,1
2021-05-02,5,1,0.5471507353842686,1,1
2021-05-03,5,0,0.5505107713672678,1,1
2021-05-04,5,1,0.540558872343512,1,1
2021-05-05,5,0,0.5348699279743374,1,1
2021-05-06,5,1,0.5399986987046616,1,1
2021-05-07,5,1,0.5453653294029,1,1
2021-05-08,5,0,0.5478038648653993,1,1
2021-05-09,5,0,0.5503077119104283,1,1
2021-05-10,5,1,0.5480118042701586,1,1
2021-05-11,5,0,0.5500995022444664,1,1
2021-05-12,5,1,0.5322341090424556,1,1
2021-05-13,5,1,0.5382076870885733,1,1
2021-05-14,5,0,0.5449515792223772,1,1
2021-05-15,5,0,0.5375294020131027,1,1
2021-05-16,5,0,0.5439335526097583,1,1
2021-05-17,5,0,0.5369228840847301,1,1
2021-05-18,5,0,0.5424086215899907,1,1
2021-05-19,5,1,0.5322217429845656,1,1
2021-05-20,5,0,0.5322878379340071,1,1
2021-05-21,5,1,0.5323536636816457,1,1
2021-05-22,5,0,0.5384701630573875,1,1
2021-05-23,5,1,0.5334128309590223,1,1
2021-05-24,5,0,0.5322489390943373,1,1
2021-05-25,5,1,0.5379693909593918,1,1
2021-05-26,5,0,0.5431304143952456,1,1
2021-05-27,5,0,0.5460227968746996,1,1
2021-05-28,5,0,0.5363477765005858,1,1
2021-05-29,5,1,0.5394332434829916,1,1
2021-05-30,5,1,0.5433674099029384,1,1
2021-05-31,5,0,0.5437534353026037,1,1
2021-06-01,5,1,0.5470909211215408,1,1
2021-06-02,5,1,0.5489046879373832,1,1
2021-06-03,5,0,0.5484057892136522,1,1
2021-06-04,5,0,0.5426217131581587,1,1
2021-06-05,5,1,0.5431903788921782,1,1
2021-06-06,5,0,0.5481407315909282,1,1
2021-06-07,5,0,0.5396965105438464,1,1
2021-06-08,5,1,0.545997884209988,1,1
2021-06-09,5,0,0.5323833516347307,1,1
2021-06-10,5,1,0.5374573240850309,1,1
2021-06-11,5,0,0.5433506375945194,1,1
2021-06-12,5,1,0.5408587518147627,1,1
2021-06-13,5,1,0.5326567779001306,1,1
2021-06-14,5,1,0.537600802887462,1,1
2021-06-15,5,0,0.5444070545399337,1,1
2021-06-16,5,0,0.5404056239640286,1,1
2021-06-17,5,0,0.5461003358073367,1,1
2021-06-18,5,0,0.5393007374087206,1,1
2021-06-19,5,1,0.5455504113615042,1,1
2021-06-20,5,0,0.5506078480328283,1,1
2021-06-21,5,1,0.5323580178107447,1,1
2021-06-22,5,1,0.5375086955189782,1,1
2021-06-23,5,1,0.5408336019560147,1,1
2021-06-24,5,0,0.5447751785506312,1,1
2021-06-25,5,1,0.5332333885133443,1,1
2021-06-26,5,1,0.5391692793531846,1,1
2021-06-27,5,0,0.5344025706341372,1,1
2021-06-28,5,1,0.540804198503818,1,1
2021-06-29,5,0,0.5423873823764319,1,1
2021-06-30,5,0,0.5453570344175888,1,1
2021-07-01,5,1,0.5441021964377498,1,1
2021-07-02,5,1,0.5485793245185453,1,1
2021-07-03,5,1,0.5497208526508522,1,1
2021-07-04,5,0,0.5507485872423811,1,1
2021-07-05,5,1,0.5484092736903232,1,1
2021-07-06,5,0,0.5503176755412116,1,1
2021-07-07,5,0,0.5515397529363034,1,1
2021-07-08,5,1,0.5500964181461387,1,1
2021-07-09,5,0,0.5502781455779043,1,1
2021-07-10,5,1,0.551412368541278,1,1
2021-07-11,5,0,0.5511983148132885,1,1
2021-07-12,5,0,0.5500324658536758,1,1
2021-07-13,5,1,0.5508888473576216,1,1
2021-07-14,5,0,0.5524818844799597,1,1
2021-07-15,5,0,0.5501135968532143,1,1
2021-07-16,5,1,0.551171356459102,1,1
2021-07-17,5,1,0.5528300528283799,1,1
2021-07-18,5,0,0.5540812934159086,1,1
2021-07-19,5,0,0.5504083419008374,1,1
2021-07-20,5,1,0.5494822385428859,1,1
2021-07-21,5,1,0.5412149123578499,1,1
2021-07-22,5,1,0.547069277840103,1,1
2021-07-23,5,1,0.5470773352022238,1,1
2021-07-24,5,1,0.5492203817028255,1,1
2021-07-25,5,1,0.5496410684726739,1,1
2021-07-26,5,1,0.5473627671646788,1,1
2021-07-27,5,1,0.5452285312384614,1,1
2021-07-28,5,1,0.5487618234456425,1,1
2021-07-29,5,1,0.5516184861325507,1,1
2021-07-30,5,0,0.5477209366576613,1,1
2021-07-31,5,0,0.5496927876777578,1,1
2021-08-01,5,0,0.5480413002292623,1,1
2021-08-02,5,0,0.549387899932269,1,1
2021-08-03,5,1,0.5494026298069663,1,1
2021-08-04,5,1,0.5490098008065727,1,1
2021-08-05,5,1,0.5497693709541331,1,1
2021-08-06,5,1,0.5487330406776899,1,1
2021-08-07,5,0,0.5487132605810333,1,1
2021-08-08,5,1,0.5499592900271164,1,1
2021-08-09,5,0,0.5469176220847723,1,1
2021-08-10,5,1,0.5490240665144589,1,1
2021-08-11,5,0,0.5516045208788222,1,1
2021-08-12,5,1,0.5503292128495992,1,1
2021-08-13,5,0,0.5424862018658964,1,1
2021-08-14,5,0,0.5466516723623687,1,1
2021-08-15,5,0,0.5506878770948596,1,1
2021-08-16,5,0,0.5502680019218672,1,1
2021-08-17,5,1,0.5495067338265182,1,1
2021-08-18,5,1,0.5514999325227556,1,1
2021-08-19,5,1,0.5496622217779203,1,1
2021-08-20,5,0,0.5474402091569585,1,1
2021-08-21,5,1,0.5500648543347374,1,1
2021-08-22,5,1,0.5520711738190424,1,1
2021-08-23,5,0,0.5539061184767405,1,1
2021-08-24,5,1,0.5495400302705701,1,1
2021-08-25,5,0,0.5501201393527395,1,1
2021-08-26,5,1,0.5485827872277411,1,1
2021-08-27,5,0,0.548108527148791,1,1
2021-08-28,5,0,0.5506986916168194,1,1
2021-08-29,5,0,0.5528657316210902,1,1
2021-08-30,5,1,0.5494683920889059,1,1
2021-08-31,5,1,0.5513829653993564,1,1
2021-09-01,5,1,0.5501376220495268,1,1
2021-09-02,5,1,0.5513316157043451,1,1
2021-09-03,5,0,0.5519541277614323,1,1
2021-09-04,5,1,0.5535456184905041,1,1
2021-09-05,5,1,0.5503945066879752,1,1
2021-09-06,5,0,0.5510237794126679,1,1
2021-09-07,5,0,0.5325951422047203,1,1
2021-09-08,5,1,0.5378648298465145,1,1
2021-09-09,5,0,0.544606866330834,1,1
2021-09-10,5,1,0.5448635887628682,1,1
2021-09-11,5,1,0.5491838856407464,1,1
2021-09-12,5,0,0.5504451467859287,1,1
2021-09-13,5,1,0.550117570373256,1,1
2021-09-14,5,1,0.5488331595127479,1,1
2021-09-15,5,0,0.5499710291708961,1,1
2021-09-16,5,0,0.5513631773944222,1,1
2021-09-17,5,1,0.5523811205285982,1,1
2021-09-18,5,0,0.5516724026177509,1,1
2021-09-19,5,0,0.5510964623425042,1,1
2021-09-20,5,0,0.5343267010826838,1,1
2021-09-21,5,1,0.5348568780850536,1,1
2021-09-22,5,1,0.5338301891451668,1,1
2021-09-23,5,0,0.5386006830766593,1,1
2021-09-24,5,0,0.5380876446755254,1,1
2021-09-25,5,1,0.5447059664468726,1,1
2021-09-26,5,0,0.5493144984278682,1,1
2021-09-27,5,0,0.549412939178072,1,1
2021-09-28,5,1,0.5490145734925947,1,1
2021-09-29,5,1,0.5507519577405399,1,1
2021-09-30,5,1,0.5483074592571966,1,1
2021-10-01,5,0,0.5339720790603312,1,1
2021-10-02,5,1,0.5401179371159895,1,1
2021-10-03,5,1,0.5463165216842115,1,1
2021-10-04,5,1,0.5490225928440079,1,1
2021-10-05,5,1,0.5472085822089754,1,1
2021-10-06,5,0,0.5394130113534195,1,1
2021-10-07,5,1,0.5422866708221592,1,1
2021-10-08,5,1,0.5479008968363662,1,1
2021-10-09,5,0,0.5499064043073087,1,1
2021-10-10,5,1,0.5524097077381753,1,1
2021-10-11,5,0,0.5488259259070875,1,1
2021-10-12,5,1,0.5493153881686748,1,1
2021-10-13,5,0,0.5501130260578729,1,1
2021-10-14,5,1,0.5517228383847542,1,1
2021-10-15,5,0,0.5440260058656248,1,1
2021-10-16,5,1,0.5480108550615811,1,1
2021-10-17,5,1,0.5508668751964024,1,1
2021-10-18,5,1,0.5529598930067796,1,1
2021-10-19,5,1,0.550120577691592,1,1
2021-10-20,5,0,0.5503778852181685,1,1
2021-10-21,5,0,0.5458117996135495,1,1
2021-10-22,5,1,0.5474930851361459,1,1
2021-10-23,5,0,0.5501883573042752,1,1
2021-10-24,5,1,0.5520845854266041,1,1
2021-10-25,5,0,0.5501490699872552,1,1
2021-10-26,5,0,0.5484668808148889,1,1
2021-10-27,5,1,0.5484912962883309,1,1
2021-10-28,5,1,0.5488983411731052,1,1
2021-10-29,5,0,0.5498063748894674,1,1
2021-10-30,5,0,0.5513849909146075,1,1
2021-10-31,5,0,0.5525994549020746,1,1
2021-11-01,5,1,0.5541445459854349,1,1
2021-11-02,5,0,0.5503144313691808,1,1
2021-11-03,5,0,0.5516771218879677,1,1
2021-11-04,5,0,0.5507279195687481,1,1
2021-11-05,5,1,0.5521396326588182,1,1
2021-11-06,5,1,0.5536197201976345,1,1
2021-11-07,5,1,0.5509797150364966,1,1
2021-11-08,5,0,0.5462962979494105,1,1
2021-11-09,5,0,0.549507739440568,1,1
2021-11-10,5,0,0.5489060502767641,1,1
2021-11-11,5,0,0.5512191807622357,1,1
2021-11-12,5,1,0.55222854251228,1,1
2021-11-13,5,1,0.5539640725839574,1,1
2021-11-14,5,0,0.5539712669181143,1,1
2021-11-15,5,0,0.5506031326315167,1,1
2021-11-16,5,1,0.5464536037358653,1,1
2021-11-17,5,0,0.550035293967574,1,1
2021-11-18,5,1,0.5441488693060136,1,1
2021-11-19,5,1,0.547669398255069,1,1
2021-11-20,5,0,0.5490322547286504,1,1
2021-11-21,5,0,0.5502134672302457,1,1
2021-11-22,5,1,0.5482826222705213,1,1
2021-11-23,5,0,0.5497187179579254,1,1
2021-11-24,5,1,0.5500221491427778,1,1
2021-11-25,5,0,0.5508558995082078,1,1
2021-11-26,5,1,0.5437525199754517,1,1
2021-11-27,5,1,0.5471987803514031,1,1
2021-11-28,5,1,0.5470218461480282,1,1
2021-11-29,5,0,0.5500181345806625,1,1
2021-11-30,5,1,0.5512097350637085,1,1
2021-12-01,5,0,0.5531998487320968,1,1
2021-12-02,5,0,0.5536801220553763,1,1
2021-12-03,5,0,0.5475228218045922,1,1
2021-12-04,5,1,0.5348181885306229,1,1
2021-12-05,5,1,0.5416533820688592,1,1
2021-12-06,5,1,0.5454692153900407,1,1
2021-12-07,5,0,0.5498600345824697,1,1
2021-12-08,5,0,0.5527540520716442,1,1
2021-12-09,5,0,0.5454355818889107,1,1
2021-12-10,5,1,0.5490479002841677,1,1
2021-12-11,5,1,0.5478935468676196,1,1
2021-12-12,5,0,0.5500598541833035,1,1
2021-12-13,5,0,0.5415166229801186,1,1
2021-12-14,5,1,0.5472608740476859,1,1
2021-12-15,5,0,0.5455821553696054,1,1
2021-12-16,5,0,0.5472424336852671,1,1
2021-12-17,5,1,0.5476153739077187,1,1
2021-12-18,5,0,0.5500131479264996,1,1
2021-12-19,5,1,0.55211780610796,1,1
2021-12-20,5,1,0.5539703123826432,1,1
2021-12-21,5,0,0.5497582189541073,1,1
2021-12-22,5,1,0.5512468109819917,1,1
2021-12-23,5,1,0.5495994140463121,1,1
2021-12-24,5,0,0.5513723234333057,1,1
2021-12-25,5,1,0.5527427023629129,1,1
2021-12-26,5,0,0.5541249683146897,1,1
2021-12-27,5,0,0.5553440697442823,1,1
2021-12-28,5,0,0.5451567855390599,1,1
2021-12-29,5,1,0.5471095239199352,1,1
2021-12-30,5,0,0.5496675706240896,1,1
2021-12-31,5,1,0.5503591477845138,1,1
2022-01-01,5,0,0.5501429526248688,1,1
2022-01-02,5,0,0.5514332172045733,1,1
2022-01-03,5,0,0.5512806414723678,1,1
2022-01-04,5,0,0.5520886549550607,1,1
2022-01-05,5,0,0.5477006116000295,1,1
2022-01-06,5,0,0.550140692234932,1,1
2022-01-07,5,1,0.5485342658931939,1,1
2022-01-08,5,1,0.5509266983167995,1,1
2022-01-09,5,0,0.5528788233953333,1,1
2022-01-10,5,1,0.5545656481988575,1,1
2022-01-11,5,1,0.5529189585399544,1,1
2022-01-12,5,0,0.5508931965997466,1,1
2022-01-13,5,1,0.5499740571564159,1,1
2022-01-14,5,1,0.5511625125987871,1,1
2022-01-15,5,0,0.5527479780561206,1,1
2022-01-16,5,0,0.5543753449456177,1,1
2022-01-17,5,1,0.5530119544805375,1,1
2022-01-18,5,0,0.5546991643336435,1,1
2022-01-19,5,0,0.5545334178953499,1,1
2022-01-20,5,0,0.5515533828028787,1,1
2022-01-21,5,0,0.5328798624506532,1,1
2022-01-22,5,1,0.5354305315888125,1,1
2022-01-23,5,1,0.5393777381773662,1,1
2022-01-24,5,1,0.5455179640947673,1,1
2022-01-25,5,0,0.5499981543556567,1,1
2022-01-26,5,1,0.5530924038202096,1,1
2022-01-27,5,1,0.5546770138647792,1,1
2022-01-28,5,1,0.5541867216686344,1,1
2022-01-29,5,0,0.5550732304933147,1,1
2022-01-30,5,1,0.5557901389029157,1,1
2022-01-31,5,1,0.5554890932436095,1,1
2022-02-01,5,0,0.5559946369058312,1,1
2022-02-02,5,1,0.5479191314281132,1,1
2022-02-03,5,1,0.5506344563865513,1,1
2022-02-04,5,0,0.5326273529565685,1,1
2022-02-05,5,1,0.5387838458078587,1,1
2022-02-06,5,1,0.5437052746472423,1,1
2022-02-07,5,1,0.5459822035838449,1,1
2022-02-08,5,1,0.5497396719236135,1,1
2022-02-09,5,0,0.5523425160038523,1,1
2022-02-10,5,0,0.5522078745753278,1,1
2022-02-11,5,0,0.5504328558780672,1,1
2022-02-12,5,0,0.5521391825673637,1,1
2022-02-13,5,1,0.5539303773144977,1,1
2022-02-14,5,1,0.5548709276701257,1,1
2022-02-15,5,0,0.5495117233133222,1,1
2022-02-16,5,0,0.5506225335405415,1,1
2022-02-17,5,0,0.5383474898818316,1,1
2022-02-18,5,1,0.5439056753238963,1,1
2022-02-19,5,0,0.5493837620628118,1,1
2022-02-20,5,0,0.5460651660397452,1,1
2022-02-21,5,1,0.546105320981025,1,1
2022-02-22,5,0,0.547756792912208,1,1
2022-02-23,5,1,0.5485707939346319,1,1
2022-02-24,5,1,0.5495300904117469,1,1
2022-02-25,5,0,0.550293008462472,1,1
2022-02-26,5,0,0.5517910171532777,1,1
2022-02-27,5,1,0.5496670790312495,1,1
2022-02-28,5,1,0.532230296102507,1,1
2022-03-01,5,0,0.5373087142974409,1,1
2022-03-02,5,0,0.5433836677406368,1,1
2022-03-03,5,0,0.5439206565482136,1,1
2022-03-04,5,1,0.53413526600841,1,1
2022-03-05,5,0,0.5407951172242417,1,1
2022-03-06,5,0,0.54369329370434,1,1
2022-03-07,5,1,0.5481802388280895,1,1
2022-03-08,5,1,0.5501517611232776,1,1
2022-03-09,5,0,0.5385293856180325,1,1
2022-03-10,5,0,0.5351194208837132,1,1
2022-03-11,5,1,0.5404566893633701,1,1
2022-03-12,5,0,0.5469348325719955,1,1
2022-03-13,5,1,0.5471628931735141,1,1
2022-03-14,5,0,0.5463265796819696,1,1
2022-03-15,5,1,0.5495692133089541,1,1
2022-03-16,5,0,0.5481512747505933,1,1
2022-03-17,5,1,0.5506530760829222,1,1
2022-03-18,5,1,0.5509258530900469,1,1
2022-03-19,5,0,0.5522221231199702,1,1
2022-03-20,5,0,0.5511692585236762,1,1
2022-03-21,5,1,0.5527486026503181,1,1
2022-03-22,5,1,0.5506432316067333,1,1
2022-03-23,5,1,0.5514801356754264,1,1
2022-03-24,5,1,0.5509491787637056,1,1
2022-03-25,5,1,0.5519462691592337,1,1
2022-03-26,5,1,0.5534533878677753,1,1
2022-03-27,5,1,0.5492074446905535,1,1
2022-03-28,5,1,0.5511013222069651,1,1
2022-03-29,5,0,0.5526664226899509,1,1
2022-03-30,5,0,0.553866588481707,1,1
2022-03-31,5,1,0.5501172073211502,1,1
2022-04-01,5,0,0.5510113578791588,1,1
2022-04-02,5,1,0.552129644714512,1,1
2022-04-03,5,1,0.5528918102015462,1,1
2022-04-04,5,0,0.5544478840567435,1,1
2022-04-05,5,0,0.5522669958276444,1,1
2022-04-06,5,1,0.5472412455122884,1,1
2022-04-07,5,0,0.5502723997282475,1,1
2022-04-08,5,1,0.5495382387825327,1,1
2022-04-09,5,0,0.5510832036253936,1,1
2022-04-10,5,0,0.551796698431589,1,1
2022-04-11,5,1,0.5442332122742904,1,1
2022-04-12,5,1,0.5481949646567664,1,1
2022-04-13,5,0,0.5493200973438159,1,1
2022-04-14,5,1,0.54911844416743,1,1
2022-04-15,5,0,0.5505761901824268,1,1
2022-04-16,5,0,0.5522473589383815,1,1
2022-04-17,5,1,0.552031139952544,1,1
2022-04-18,5,1,0.5507536186909023,1,1
2022-04-19,5,0,0.5512681978015863,1,1
2022-04-20,5,0,0.5526450413375533,1,1
2022-04-21,5,0,0.5517115801720893,1,1
2022-04-22,5,0,0.551350040315084,1,1
2022-04-23,5,0,0.5528028160701801,1,1
2022-04-24,5,1,0.5544846705328379,1,1
2022-04-25,5,0,0.5520318503575409,1,1
2022-04-26,5,1,0.5460999556707894,1,1
2022-04-27,5,1,0.548047492623315,1,1
2022-04-28,5,0,0.5502408862038487,1,1
2022-04-29,5,0,0.5495603318396337,1,1
2022-04-30,5,1,0.5498835150072201,1,1
2022-05-01,5,1,0.5506278243376602,1,1
2022-05-02,5,0,0.5521513773346737,1,1
2022-05-03,5,1,0.5514738333975138,1,1
2022-05-04,5,0,0.5489748162462909,1,1
2022-05-05,5,0,0.5366847432142248,1,1
2022-05-06,5,0,0.5421685543924767,1,1
2022-05-07,5,0,0.5464718359770788,1,1
2022-05-08,5,0,0.5448206568360309,1,1
2022-05-09,5,1,0.5323105144767881,1,1
2022-05-10,5,0,0.537634825935461,1,1
2022-05-11,5,1,0.5338962023600465,1,1
2022-05-12,5,1,0.5405560902823922,1,1
2022-05-13,5,1,0.5469126504824743,1,1
2022-05-14,5,1,0.5479873651945382,1,1
2022-05-15,5,0,0.5481093665987079,1,1
2022-05-16,5,1,0.5458185681560009,1,1
2022-05-17,5,0,0.5487488602663648,1,1
2022-05-18,5,1,0.5436280698627451,1,1
2022-05-19,5,0,0.5418867333323962,1,1
2022-05-20,5,1,0.5425420796998112,1,1
2022-05-21,5,1,0.547813086122714,1,1
2022-05-22,5,0,0.5485484904346639,1,1
2022-05-23,5,1,0.5472489248811687,1,1
2022-05-24,5,0,0.5494536772693435,1,1
2022-05-25,5,0,0.5515880554730349,1,1
2022-05-26,5,0,0.5528552674454388,1,1
2022-05-27,5,1,0.5515461168006005,1,1
2022-05-28,5,1,0.5531901061649747,1,1
2022-05-29,5,1,0.5520132308253047,1,1
2022-05-30,5,1,0.5432417243718708,1,1
2022-05-31,5,0,0.5484175989799515,1,1
2022-06-01,5,1,0.5402367901270778,1,1
2022-06-02,5,0,0.5449581669743279,1,1
2022-06-03,5,1,0.5467733645849704,1,1
2022-06-04,5,1,0.5503038341474327,1,1
2022-06-05,5,1,0.5528695322705656,1,1
2022-06-06,5,0,0.5489759323846024,1,1
2022-06-07,5,0,0.5508849824632571,1,1
2022-06-08,5,0,0.5497449669184504,1,1
2022-06-09,5,0,0.5514721132883467,1,1
2022-06-10,5,0,0.549647088741325,1,1
2022-06-11,5,0,0.5498158456823568,1,1
2022-06-12,5,0,0.5451881404018277,1,1
2022-06-13,5,0,0.5322202807031805,1,1
2022-06-14,5,1,0.5376415876071197,1,1
2022-06-15,5,0,0.5435790159064958,1,1
2022-06-16,5,1,0.5325277941006679,1,1
2022-06-17,5,0,0.5387275058994008,1,1
2022-06-18,5,1,0.5337214503506537,1,1
2022-06-19,5,1,0.53286538693802,1,1
2022-06-20,5,1,0.5391957819566496,1,1
2022-06-21,5,0,0.5459075111690265,1,1
2022-06-22,5,1,0.5451298847883883,1,1
2022-06-23,5,1,0.5432645486043864,1,1
2022-06-24,5,1,0.5482860990212338,1,1
2022-06-25,5,0,0.5508945729102472,1,1
2022-06-26,5,0,0.5504564635020153,1,1
2022-06-27,5,0,0.5514043293039823,1,1
2022-06-28,5,0,0.5508182174108404,1,1
2022-06-29,5,0,0.5521188951480961,1,1
2022-06-30,5,0,0.5522404204252085,1,1
2022-07-01,5,0,0.5506134758908777,1,1
2022-07-02,5,1,0.5522874181824229,1,1
2022-07-03,5,1,0.5539956993063204,1,1
2022-07-04,5,0,0.5494579885790039,1,1
2022-07-05,5,1,0.5512838846349641,1,1
2022-07-06,5,1,0.5515835643938609,1,1
2022-07-07,5,1,0.5489219542436453,1,1
2022-07-08,5,0,0.5510638567046947,1,1
2022-07-09,5,0,0.5526997280607635,1,1
2022-07-10,5,0,0.5498031557594997,1,1
2022-07-11,5,0,0.5480674434155447,1,1
2022-07-12,5,1,0.5480617787685511,1,1
2022-07-13,5,1,0.5475663975709082,1,1
2022-07-14,5,1,0.5497092757519524,1,1
2022-07-15,5,1,0.5511714954184189,1,1
2022-07-16,5,0,0.5516083620903867,1,1
2022-07-17,5,1,0.5512888482407413,1,1
2022-07-18,5,1,0.5411532710374477,1,1
2022-07-19,5,0,0.5432327075328423,1,1
2022-07-20,5,0,0.5480300724594982,1,1
2022-07-21,5,0,0.551644127857684,1,1
2022-07-22,5,0,0.5513735445586282,1,1
2022-07-23,5,1,0.55270604294084,1,1
2022-07-24,5,0,0.5543274959425657,1,1
2022-07-25,5,0,0.5466530504533511,1,1
2022-07-26,5,1,0.5499178878671457,1,1
2022-07-27,5,1,0.5397412476855812,1,1
2022-07-28,5,0,0.5422062808363524,1,1
2022-07-29,5,0,0.5477462985165716,1,1
2022-07-30,5,0,0.551365378473651,1,1
2022-07-31,5,0,0.5525686121539176,1,1
2022-08-01,5,0,0.5546040325911075,1,1
2022-08-02,5,0,0.5545887948543679,1,1
2022-08-03,5,0,0.5555661409724396,1,1
2022-08-04,5,1,0.5558450323188133,1,1
2022-08-05,6,0,0.5389519688470743,1,1
2022-08-06,6,1,0.5399315284656027,1,1
2022-08-07,6,1,0.5425950054543054,1,1
2022-08-08,6,0,0.5376061631379184,1,1
2022-08-09,6,1,0.5361152714458569,1,1
2022-08-10,6,1,0.5357206417167387,1,1
2022-08-11,6,1,0.5372085713401773,1,1
2022-08-12,6,1,0.5372754112679519,1,1
2022-08-13,6,0,0.5399983973531507,1,1
2022-08-14,6,0,0.5434606826769052,1,1
2022-08-15,6,0,0.5461553569828158,1,1
2022-08-16,6,0,0.5474943623054653,1,1
2022-08-17,6,0,0.543040049474644,1,1
2022-08-18,6,0,0.5463146683843875,1,1
2022-08-19,6,1,0.5313245859172313,1,1
2022-08-20,6,1,0.5332109055295168,1,1
2022-08-21,6,0,0.5348678790280316,1,1
2022-08-22,6,1,0.5370309892187652,1,1
2022-08-23,6,0,0.5399562721385289,1,1
2022-08-24,6,1,0.5432924694341034,1,1
2022-08-25,6,0,0.5457143569756243,1,1
2022-08-26,6,0,0.5342846663670974,1,1
2022-08-27,6,0,0.5358448963541191,1,1
2022-08-28,6,1,0.5360136327315289,1,1
2022-08-29,6,0,0.5355569737231348,1,1
2022-08-30,6,1,0.5357344435057453,1,1
2022-08-31,6,1,0.5367209615674018,1,1
2022-09-01,6,0,0.5389847888441788,1,1
2022-09-02,6,0,0.5416370655481044,1,1
2022-09-03,6,1,0.5447144221901434,1,1
2022-09-04,6,0,0.5471529378907279,1,1
2022-09-05,6,0,0.5484954308291417,1,1
2022-09-06,6,1,0.534934306384161,1,1
2022-09-07,6,1,0.5355653951140864,1,1
2022-09-08,6,1,0.5373261051301162,1,1
2022-09-09,6,1,0.5314299772563853,1,1
2022-09-10,6,1,0.5333347645214271,1,1
2022-09-11,6,1,0.5357596422806048,1,1
2022-09-12,6,0,0.535488497984341,1,1
2022-09-13,6,0,0.5314235207441433,1,1
2022-09-14,6,0,0.5334565732063193,1,1
2022-09-15,6,1,0.534219457586255,1,1
2022-09-16,6,1,0.536401579375161,1,1
2022-09-17,6,0,0.5370022745211108,1,1
2022-09-18,6,1,0.5354704525312924,1,1
2022-09-19,6,0,0.536938703031065,1,1
2022-09-20,6,0,0.5356354212858179,1,1
2022-09-21,6,1,0.5361229486922798,1,1
2022-09-22,6,0,0.5354253600323341,1,1
2022-09-23,6,0,0.5368157702443107,1,1
2022-09-24,6,0,0.5368707794463755,1,1
2022-09-25,6,1,0.5388840823568967,1,1
2022-09-26,6,0,0.5374856625619711,1,1
2022-09-27,6,1,0.5399442512977548,1,1
2022-09-28,6,1,0.5401438108238793,1,1
2022-09-29,6,0,0.5431825201273648,1,1
2022-09-30,6,0,0.5459880442696041,1,1
2022-10-01,6,0,0.54814647679709,1,1
2022-10-02,6,1,0.5480780096055938,1,1
2022-10-03,6,1,0.5389073824431803,1,1
2022-10-04,6,0,0.5357023695720002,1,1
2022-10-05,6,0,0.5369147732132555,1,1
2022-10-06,6,0,0.5384453750798819,1,1
2022-10-07,6,0,0.537528408260033,1,1
2022-10-08,6,1,0.5399400255819015,1,1
2022-10-09,6,0,0.5437105423598843,1,1
2022-10-10,6,0,0.5436505235429969,1,1
2022-10-11,6,1,0.5467807695567649,1,1
2022-10-12,6,1,0.5487325428714773,1,1
2022-10-13,6,0,0.5490689239800471,1,1
2022-10-14,6,0,0.549426904873108,1,1
2022-10-15,6,1,0.5499851176739665,1,1
2022-10-16,6,1,0.549969301558688,1,1
2022-10-17,6,0,0.5494016930354071,1,1
2022-10-18,6,0,0.5495127027675171,1,1
2022-10-19,6,0,0.5496996370530853,1,1
2022-10-20,6,1,0.5501877812796512,1,1
2022-10-21,6,1,0.5503447853981132,1,1
2022-10-22,6,1,0.5505105878707951,1,1
2022-10-23,6,0,0.5489530152479724,1,1
2022-10-24,6,1,0.5492159274276959,1,1
2022-10-25,6,1,0.5361051976229242,1,1
2022-10-26,6,0,0.5355915714001633,1,1
2022-10-27,6,1,0.5358086290410875,1,1
2022-10-28,6,1,0.5365739993001845,1,1
2022-10-29,6,0,0.5379434523556438,1,1
2022-10-30,6,0,0.5400683762243415,1,1
2022-10-31,6,0,0.5431360696511549,1,1
2022-11-01,6,0,0.5466649160404682,1,1
2022-11-02,6,1,0.5461495255438134,1,1
2022-11-03,6,1,0.54859309874344,1,1
2022-11-04,6,1,0.5354072449386599,1,1
2022-11-05,6,0,0.5369059239124179,1,1
2022-11-06,6,0,0.5372713509100397,1,1
2022-11-07,6,0,0.5378295968185187,1,1
2022-11-08,6,0,0.5313832363242847,1,1
2022-11-09,6,1,0.5310467665190288,1,1
2022-11-10,6,0,0.5310602039615889,1,1
2022-11-11,6,0,0.5322447857103865,1,1
2022-11-12,6,0,0.5340410510302452,1,1
2022-11-13,6,1,0.5346080123805728,1,1
2022-11-14,6,1,0.5358559778161228,1,1
2022-11-15,6,0,0.5367409286549085,1,1
2022-11-16,6,1,0.5378726559832132,1,1
2022-11-17,6,1,0.5410862517152487,1,1
2022-11-18,6,1,0.5449293137186778,1,1
2022-11-19,6,0,0.5478937803248857,1,1
2022-11-20,6,0,0.5418938194352516,1,1
2022-11-21,6,1,0.5362413742324894,1,1
2022-11-22,6,1,0.5359986277547818,1,1
2022-11-23,6,0,0.5359447086946451,1,1
2022-11-24,6,0,0.537571903557324,1,1
2022-11-25,6,0,0.5401683776724225,1,1
2022-11-26,6,0,0.543756667111237,1,1
2022-11-27,6,0,0.5470944634515964,1,1
2022-11-28,6,1,0.547273764904441,1,1
2022-11-29,6,1,0.5475519001293603,1,1
2022-11-30,6,0,0.5355321218129352,1,1
2022-12-01,6,1,0.5365716530305562,1,1
2022-12-02,6,0,0.5385430953536335,1,1
2022-12-03,6,1,0.5404501967103531,1,1
2022-12-04,6,0,0.5419201425278962,1,1
2022-12-05,6,1,0.5444617407586418,1,1
2022-12-06,6,0,0.5471460528226604,1,1
2022-12-07,6,1,0.5472200699383749,1,1
2022-12-08,6,0,0.5432186588276808,1,1
2022-12-09,6,0,0.5463361293660659,1,1
2022-12-10,6,0,0.5487223637850932,1,1
2022-12-11,6,1,0.5498480456284397,1,1
2022-12-12,6,1,0.5502060095202114,1,1
2022-12-13,6,1,0.5389160889611738,1,1
2022-12-14,6,0,0.5428221690767067,1,1
2022-12-15,6,0,0.5381708236008541,1,1
2022-12-16,6,1,0.5353367783000211,1,1
2022-12-17,6,0,0.5366784567642001,1,1
2022-12-18,6,0,0.5391087478644081,1,1
2022-12-19,6,1,0.5383852086674754,1,1
2022-12-20,6,0,0.536268425285013,1,1
2022-12-21,6,1,0.5379930291916601,1,1
2022-12-22,6,0,0.5411661268055927,1,1
2022-12-23,6,1,0.544911946848156,1,1
2022-12-24,6,0,0.5478069626226921,1,1
2022-12-25,6,1,0.5494450275438646,1,1
2022-12-26,6,0,0.5500858676480712,1,1
2022-12-27,6,0,0.5497932824169991,1,1
2022-12-28,6,1,0.5498783299515915,1,1
2022-12-29,6,0,0.5502504698394703,1,1
2022-12-30,6,0,0.5504603651714627,1,1
2022-12-31,6,1,0.5505235982261573,1,1
2023-01-01,6,1,0.5505314547204008,1,1
2023-01-02,6,0,0.5505535697573017,1,1
2023-01-03,6,1,0.5505928604209048,1,1
2023-01-04,6,0,0.5502517324380007,1,1
2023-01-05,6,1,0.5504750285321,1,1
2023-01-06,6,1,0.5504413518602066,1,1
2023-01-07,6,1,0.550553891800353,1,1
2023-01-08,6,1,0.5504221977216174,1,1
2023-01-09,6,1,0.5504463568616923,1,1
2023-01-10,6,1,0.5497670753643003,1,1
2023-01-11,6,1,0.5425544072934958,1,1
2023-01-12,6,1,0.5351215427835129,1,1
2023-01-13,6,1,0.5345833538196515,1,1
2023-01-14,6,0,0.5342019851525771,1,1
2023-01-15,6,1,0.5361472394720649,1,1
2023-01-16,6,0,0.5374758133407599,1,1
2023-01-17,6,0,0.5406713123624509,1,1
2023-01-18,6,1,0.5382261414109747,1,1
2023-01-19,6,1,0.5379060276337811,1,1
2023-01-20,6,1,0.5339723850067585,1,1
2023-01-21,6,0,0.5360428062737146,1,1
2023-01-22,6,1,0.5388027607376752,1,1
2023-01-23,6,0,0.5414536750104629,1,1
2023-01-24,6,1,0.5427895009904674,1,1
2023-01-25,6,0,0.5403708870097508,1,1
2023-01-26,6,1,0.5440105924828444,1,1
2023-01-27,6,0,0.5472744854510126,1,1
2023-01-28,6,1,0.549154759964885,1,1
2023-01-29,6,0,0.538633723775545,1,1
2023-01-30,6,1,0.5353610739130746,1,1
2023-01-31,6,1,0.5364212664227223,1,1
2023-02-01,6,0,0.5360882678031901,1,1
2023-02-02,6,0,0.5371955460077058,1,1
2023-02-03,6,0,0.5398881251499547,1,1
2023-02-04,6,0,0.5432435944332964,1,1
2023-02-05,6,0,0.5430257082203753,1,1
2023-02-06,6,1,0.5456120419004293,1,1
2023-02-07,6,0,0.5421389260859848,1,1
2023-02-08,6,0,0.5430331323005929,1,1
2023-02-09,6,0,0.5351200566275534,1,1
2023-02-10,6,1,0.5365563149972407,1,1
2023-02-11,6,0,0.538256682662964,1,1
2023-02-12,6,1,0.5414238954359618,1,1
2023-02-13,6,1,0.5452476104598979,1,1
2023-02-14,6,1,0.5436855426762855,1,1
2023-02-15,6,0,0.5321705855911822,1,1
2023-02-16,6,1,0.5332821846595267,1,1
2023-02-17,6,1,0.5339282848854239,1,1
2023-02-18,6,0,0.5360483964647885,1,1
2023-02-19,6,1,0.5374790302836513,1,1
2023-02-20,6,0,0.537152040761942,1,1
2023-02-21,6,0,0.5376705631002605,1,1
2023-02-22,6,0,0.5394984789088717,1,1
2023-02-23,6,0,0.5417373474574627,1,1
2023-02-24,6,0,0.5362561468052663,1,1
2023-02-25,6,1,0.5383793702058652,1,1
2023-02-26,6,0,0.5387166350640803,1,1
2023-02-27,6,0,0.5421595428428034,1,1
2023-02-28,6,1,0.5421297784945069,1,1
2023-03-01,6,0,0.5397392820091533,1,1
2023-03-02,6,0,0.54270741898477,1,1
2023-03-03,6,0,0.5352380986146018,1,1
2023-03-04,6,1,0.5368988247826482,1,1
2023-03-05,6,0,0.5395103735518821,1,1
2023-03-06,6,0,0.5432608124388436,1,1
2023-03-07,6,0,0.5455711658351051,1,1
2023-03-08,6,0,0.5414432221346409,1,1
2023-03-09,6,0,0.5341983131069888,1,1
2023-03-10,6,1,0.5359289434325251,1,1
2023-03-11,6,1,0.536125034141726,1,1
2023-03-12,6,1,0.5336407626665092,1,1
2023-03-13,6,1,0.5313533210264497,1,1
2023-03-14,6,0,0.5330312790374692,1,1
2023-03-15,6,1,0.5346733434946547,1,1
2023-03-16,6,1,0.5351469331634114,1,1
2023-03-17,6,0,0.5316061094369225,1,1
2023-03-18,6,1,0.5332721104029208,1,1
2023-03-19,6,0,0.5338747101395218,1,1
2023-03-20,6,1,0.5356430440434888,1,1
2023-03-21,6,0,0.5369033055274067,1,1
2023-03-22,6,1,0.5356162689241516,1,1
2023-03-23,6,0,0.5354943940794606,1,1
2023-03-24,6,1,0.5355334314783374,1,1
2023-03-25,6,1,0.5371328378068283,1,1
2023-03-26,6,0,0.5373212633954223,1,1
2023-03-27,6,1,0.5358447876847033,1,1
2023-03-28,6,1,0.5373884983918966,1,1
2023-03-29,6,0,0.5356866672710985,1,1
2023-03-30,6,1,0.5366389349951275,1,1
2023-03-31,6,0,0.5372569858744698,1,1
2023-04-01,6,0,0.5398971624767692,1,1
2023-04-02,6,0,0.5427879874907445,1,1
2023-04-03,6,1,0.5433533109132831,1,1
2023-04-04,6,1,0.5444942113348387,1,1
2023-04-05,6,0,0.5476326868407159,1,1
2023-04-06,6,0,0.5491986899579723,1,1
2023-04-07,6,1,0.5499730035029817,1,1
2023-04-08,6,1,0.5503743834459557,1,1
2023-04-09,6,1,0.5498211412188505,1,1
2023-04-10,6,1,0.5352529290157918,1,1
2023-04-11,6,0,0.5359439672242222,1,1
2023-04-12,6,1,0.5377940550335771,1,1
2023-04-13,6,1,0.5401033050278996,1,1
2023-04-14,6,0,0.5438126841516,1,1
2023-04-15,6,0,0.5467678436536796,1,1
2023-04-16,6,0,0.5489379269276583,1,1
2023-04-17,6,1,0.5403525495511686,1,1
2023-04-18,6,0,0.5360143011942358,1,1
2023-04-19,6,0,0.5348018042242776,1,1
2023-04-20,6,0,0.5355427236315785,1,1
2023-04-21,6,1,0.5352597815934321,1,1
2023-04-22,6,0,0.5359289430865338,1,1
2023-04-23,6,0,0.5373668124814082,1,1
2023-04-24,6,1,0.5401849759297791,1,1
2023-04-25,6,1,0.5366387585600347,1,1
2023-04-26,6,1,0.5387956519827394,1,1
2023-04-27,6,0,0.5357988424348169,1,1
2023-04-28,6,0,0.5371860709145209,1,1
2023-04-29,6,1,0.5397432333683376,1,1
2023-04-30,6,0,0.5434794944301836,1,1
2023-05-01,6,1,0.5355684797335669,1,1
2023-05-02,6,1,0.5360193983561933,1,1
2023-05-03,6,0,0.5371527517195603,1,1
2023-05-04,6,1,0.5394652164223777,1,1
2023-05-05,6,0,0.5374000044858351,1,1
2023-05-06,6,0,0.5367856910193328,1,1
2023-05-07,6,0,0.5373269851868337,1,1
2023-05-08,6,0,0.5360994938142635,1,1
2023-05-09,6,0,0.537948502915027,1,1
2023-05-10,6,0,0.5410830577089887,1,1
2023-05-11,6,0,0.5383977734065415,1,1
2023-05-12,6,0,0.5410785375337333,1,1
2023-05-13,6,1,0.5449157012794907,1,1
2023-05-14,6,1,0.5476128430059565,1,1
2023-05-15,6,0,0.5487066284089226,1,1
2023-05-16,6,1,0.5496651462423433,1,1
2023-05-17,6,0,0.5494058719874627,1,1
2023-05-18,6,1,0.5466547386079758,1,1
2023-05-19,6,1,0.548917869884032,1,1
2023-05-20,6,0,0.5495636104783567,1,1
2023-05-21,6,1,0.5491428348912883,1,1
2023-05-22,6,1,0.5500056088925789,1,1
2023-05-23,6,0,0.549548167767942,1,1
2023-05-24,6,1,0.5381806989572888,1,1
2023-05-25,6,1,0.5416539827386248,1,1
2023-05-26,6,1,0.5444514387588444,1,1
2023-05-27,6,1,0.5473117073065067,1,1
2023-05-28,6,0,0.5355089517116219,1,1
2023-05-29,6,0,0.5365018292873763,1,1
2023-05-30,6,0,0.5387930323128902,1,1
2023-05-31,6,0,0.5386369320146882,1,1
2023-06-01,6,1,0.5393633675661366,1,1
2023-06-02,6,0,0.5398287647617038,1,1
2023-06-03,6,1,0.5429534983561215,1,1
2023-06-04,6,0,0.5465132973573161,1,1
2023-06-05,6,1,0.5350481493668227,1,1
2023-06-06,6,0,0.5343748193342753,1,1
2023-06-07,6,1,0.5346790131965782,1,1
2023-06-08,6,0,0.5364688326243042,1,1
2023-06-09,6,0,0.5391769213460743,1,1
2023-06-10,6,1,0.5370845772923635,1,1
2023-06-11,6,0,0.5397792575236683,1,1
2023-06-12,6,1,0.5435204639013446,1,1
2023-06-13,6,0,0.5469554771695055,1,1
2023-06-14,6,1,0.5377624784586529,1,1
2023-06-15,6,1,0.5379251635063339,1,1
2023-06-16,6,1,0.5360940810077687,1,1
2023-06-17,6,0,0.5376151983652518,1,1
2023-06-18,6,1,0.5400064600396765,1,1
2023-06-19,6,1,0.5390580985255947,1,1
2023-06-20,6,1,0.5353033307976548,1,1
2023-06-21,6,0,0.5344709470865002,1,1
2023-06-22,6,1,0.5363533200644038,1,1
2023-06-23,6,0,0.5359190369171701,1,1
2023-06-24,6,0,0.5376656764832917,1,1
2023-06-25,6,0,0.5406798343242941,1,1
2023-06-26,6,1,0.54378946895128,1,1
2023-06-27,6,0,0.5447877786795826,1,1
2023-06-28,6,1,0.542555862101622,1,1
2023-06-29,6,1,0.5444179394158569,1,1
2023-06-30,6,1,0.5475824185869212,1,1
2023-07-01,6,1,0.5492673940419148,1,1
2023-07-02,6,1,0.5500891446216684,1,1
2023-07-03,6,0,0.5488609084998718,1,1
2023-07-04,6,0,0.5490034180818338,1,1
2023-07-05,6,0,0.5495917911336763,1,1
2023-07-06,6,1,0.5472951948824784,1,1
2023-07-07,6,0,0.5474930535751024,1,1
2023-07-08,6,0,0.5493008228302513,1,1
2023-07-09,6,1,0.5500286912909073,1,1
2023-07-10,6,1,0.5501789044959022,1,1
2023-07-11,6,0,0.5503163295485539,1,1
2023-07-12,6,1,0.5503109694360875,1,1
2023-07-13,6,0,0.5376307390447089,1,1
2023-07-14,6,0,0.5353290015399349,1,1
2023-07-15,6,0,0.5370229769608047,1,1
2023-07-16,6,0,0.5397913926472417,1,1
2023-07-17,6,0,0.5433959381045695,1,1
2023-07-18,6,1,0.5456244186780302,1,1
2023-07-19,6,0,0.5482984642856094,1,1
2023-07-20,6,1,0.5495666558743922,1,1
2023-07-21,6,0,0.5501624585026719,1,1
2023-07-22,6,1,0.5503701680074086,1,1
2023-07-23,6,0,0.5501737431132325,1,1
2023-07-24,6,1,0.5407735611475959,1,1
2023-07-25,6,1,0.5449646682204559,1,1
2023-07-26,6,0,0.5478168953925235,1,1
2023-07-27,6,1,0.5492898207872807,1,1
2023-07-28,6,1,0.5500531894305177,1,1
2023-07-29,6,0,0.5504022803426316,1,1
2023-07-30,6,0,0.5505107121752973,1,1
2023-07-31,6,1,0.5505697142936271,1,1
2023-08-01,6,0,0.5497442221308741,1,1
2023-08-02,6,1,0.5483199952763437,1,1
2023-08-03,6,0,0.5497195722648037,1,1
2023-08-04,6,0,0.5502226437237531,1,1
2023-08-05,6,0,0.5504654820210347,1,1
2023-08-06,6,1,0.5505615785598945,1,1
2023-08-07,6,1,0.5505435389991666,1,1
2023-08-08,6,0,0.5485700096130279,1,1
2023-08-09,6,0,0.5495454650180045,1,1
2023-08-10,6,0,0.5501220009074426,1,1
2023-08-11,6,1,0.5504278596680757,1,1
2023-08-12,6,0,0.5505476281141124,1,1
2023-08-13,6,1,0.5505284457261399,1,1
2023-08-14,6,0,0.5505432253273905,1,1
2023-08-15,6,0,0.5503813148095192,1,1
2023-08-16,6,0,0.5493265511463228,1,1
2023-08-17,6,0,0.5329643261618218,1,1
2023-08-18,6,1,0.5341477347631499,1,1
2023-08-19,6,1,0.5364003914067138,1,1
2023-08-20,6,0,0.5393917381697809,1,1
2023-08-21,6,0,0.5432126851262421,1,1
2023-08-22,6,1,0.5465967930511849,1,1
2023-08-23,6,0,0.5465522115223753,1,1
2023-08-24,6,0,0.5478539074024675,1,1
2023-08-25,6,0,0.549344416381337,1,1
2023-08-26,6,1,0.550112322989478,1,1
2023-08-27,6,1,0.550402691878949,1,1
2023-08-28,6,1,0.550537864718551,1,1
2023-08-29,6,0,0.5342928150899919,1,1
2023-08-30,6,0,0.5355204047594803,1,1
2023-08-31,6,0,0.534351633150415,1,1
2023-09-01,6,1,0.5362266455856467,1,1
2023-09-02,6,1,0.5389490705322735,1,1
2023-09-03,6,0,0.5425468625960899,1,1
2023-09-04,6,0,0.5457200084363456,1,1
2023-09-05,6,0,0.5483565663998586,1,1
2023-09-06,6,1,0.5496920144556954,1,1
2023-09-07,6,0,0.5480203984157933,1,1
2023-09-08,6,0,0.5483056303715165,1,1
2023-09-09,6,0,0.5496950923578858,1,1
2023-09-10,6,0,0.5502389152984858,1,1
2023-09-11,6,1,0.5444620149378941,1,1
2023-09-12,6,1,0.5387347779469995,1,1
2023-09-13,6,1,0.5395957577145187,1,1
2023-09-14,6,1,0.5415007279293634,1,1
2023-09-15,6,0,0.5452515674072804,1,1
2023-09-16,6,0,0.5480625358569983,1,1
2023-09-17,6,1,0.54955271540628,1,1
2023-09-18,6,1,0.5499314244044441,1,1
2023-09-19,6,0,0.548832611568928,1,1
2023-09-20,6,0,0.549876979749499,1,1
2023-09-21,6,1,0.5471695105167931,1,1
2023-09-22,6,0,0.5492021748032357,1,1
2023-09-23,6,0,0.5500722795596484,1,1
2023-09-24,6,1,0.5497652134176593,1,1
2023-09-25,6,0,0.5502965278168691,1,1
2023-09-26,6,1,0.5504648110399941,1,1
2023-09-27,6,1,0.5504951219231338,1,1
2023-09-28,6,0,0.5458169253708784,1,1
2023-09-29,6,1,0.5483501624352485,1,1
2023-09-30,6,1,0.5496964435108782,1,1
2023-10-01,6,0,0.536526102377725,1,1
2023-10-02,6,0,0.537128407172103,1,1
2023-10-03,6,1,0.5398351266345769,1,1
2023-10-04,6,0,0.5412047116312374,1,1
2023-10-05,6,1,0.5421892156493104,1,1
2023-10-06,6,1,0.5408473587160615,1,1
2023-10-07,6,0,0.5447063855255158,1,1
2023-10-08,6,0,0.5477362223722331,1,1
2023-10-09,6,0,0.5481084245655544,1,1
2023-10-10,6,0,0.5492714122008279,1,1
2023-10-11,6,0,0.5473421538080542,1,1
2023-10-12,6,1,0.5491225727243347,1,1
2023-10-13,6,0,0.5499791341798947,1,1
2023-10-14,6,1,0.5503771548674636,1,1
2023-10-15,6,1,0.5501255135262151,1,1
2023-10-16,6,0,0.5350452281551882,1,1
2023-10-17,6,0,0.5367471997233713,1,1
2023-10-18,6,1,0.539376799452223,1,1
2023-10-19,6,1,0.5406383224293878,1,1
2023-10-20,6,1,0.536049603213943,1,1
2023-10-21,6,1,0.5374753596880821,1,1
2023-10-22,6,1,0.5402873308273614,1,1
2023-10-23,6,1,0.5316517991974175,1,1
2023-10-24,6,1,0.5332615095685157,1,1
2023-10-25,6,0,0.534871170443101,1,1
2023-10-26,6,0,0.5366036326667547,1,1
2023-10-27,6,1,0.5390016464802077,1,1
2023-10-28,6,1,0.5424445361526974,1,1
2023-10-29,6,0,0.5438555580267742,1,1
2023-10-30,6,1,0.5471857622580008,1,1
2023-10-31,6,1,0.5490042924189842,1,1
2023-11-01,6,0,0.5456437809544061,1,1
2023-11-02,6,0,0.546070374398445,1,1
2023-11-03,6,1,0.5482623287769145,1,1
2023-11-04,6,0,0.5490544601205498,1,1
2023-11-05,6,0,0.5500006658532397,1,1
2023-11-06,6,1,0.5503839245018008,1,1
2023-11-07,6,1,0.5500823923799767,1,1
2023-11-08,6,1,0.5503131198650715,1,1
2023-11-09,6,1,0.5425346955411777,1,1
2023-11-10,6,0,0.5424832369559395,1,1
2023-11-11,6,0,0.5459186977030337,1,1
2023-11-12,6,0,0.5484414637671213,1,1
2023-11-13,6,0,0.5480153994286807,1,1
2023-11-14,6,1,0.5410720466599465,1,1
2023-11-15,6,0,0.5343719234411406,1,1
2023-11-16,6,1,0.5340075536343751,1,1
2023-11-17,6,0,0.5356882156935471,1,1
2023-11-18,6,1,0.5381791355658856,1,1
2023-11-19,6,1,0.5372602545473372,1,1
2023-11-20,6,0,0.5400950905280321,1,1
2023-11-21,6,1,0.5353681770012101,1,1
2023-11-22,6,0,0.53521610789723,1,1
2023-11-23,6,1,0.5367991239379714,1,1
2023-11-24,6,1,0.5383049054420592,1,1
2023-11-25,7,0,0.5285358311848883,1,1
2023-11-26,7,0,0.52841044883001,1,1
2023-11-27,7,1,0.5282644309612994,1,1
2023-11-28,7,1,0.5288087340933773,1,1
2023-11-29,7,0,0.5282915868068521,1,1
2023-11-30,7,1,0.5281718919331612,1,1
2023-12-01,7,1,0.5302444335684049,1,1
2023-12-02,7,1,0.5302958098501541,1,1
2023-12-03,7,1,0.5295814634976936,1,1
2023-12-04,7,1,0.5307710986079309,1,1
2023-12-05,7,0,0.5307815089693644,1,1
2023-12-06,7,0,0.5296168999715646,1,1
2023-12-07,7,1,0.5290500835716045,1,1
2023-12-08,7,0,0.52983562651745,1,1
2023-12-09,7,1,0.529133002622496,1,1
2023-12-10,7,0,0.5284085131672934,1,1
2023-12-11,7,1,0.5307785424475086,1,1
2023-12-12,7,1,0.5294410502091109,1,1
2023-12-13,7,1,0.5307555976624158,1,1
2023-12-14,7,0,0.5293495982509376,1,1
2023-12-15,7,1,0.530527913806229,1,1
2023-12-16,7,0,0.5293362877265134,1,1
2023-12-17,7,1,0.5301091819761534,1,1
2023-12-18,7,0,0.5307239381485725,1,1
2023-12-19,7,1,0.5295801648687103,1,1
2023-12-20,7,1,0.5307366105931421,1,1
2023-12-21,7,1,0.5293778689442223,1,1
2023-12-22,7,0,0.5285250916882888,1,1
2023-12-23,7,0,0.5282989399408338,1,1
2023-12-24,7,1,0.5290524687062838,1,1
2023-12-25,7,0,0.5290219969664118,1,1
2023-12-26,7,1,0.5304420916023498,1,1
2023-12-27,7,0,0.530451369510889,1,1
2023-12-28,7,0,0.5303006212992687,1,1
2023-12-29,7,1,0.5296290650596098,1,1
2023-12-30,7,1,0.5286177469790457,1,1
2023-12-31,7,1,0.5282409444565807,1,1
2024-01-01,7,1,0.5307655722344988,1,1
2024-01-02,7,0,0.5302989457210758,1,1
2024-01-03,7,1,0.5307773131775158,1,1
2024-01-04,7,0,0.5307580606348132,1,1
2024-01-05,7,0,0.5293360025221797,1,1
2024-01-06,7,0,0.5285469788722336,1,1
2024-01-07,7,1,0.528211482750321,1,1
2024-01-08,7,0,0.530781039444114,1,1
2024-01-09,7,1,0.5303719981880164,1,1
2024-01-10,7,0,0.5294605853535627,1,1
2024-01-11,7,0,0.5286608134976589,1,1
2024-01-12,7,0,0.5308142437399673,1,1
2024-01-13,7,0,0.5294994688115131,1,1
2024-01-14,7,1,0.5305102064388004,1,1
2024-01-15,7,1,0.5301547767663487,1,1
2024-01-16,7,0,0.52975882323727,1,1
2024-01-17,7,0,0.5290588805400815,1,1
2024-01-18,7,1,0.5307540382694952,1,1
2024-01-19,7,1,0.5295853344106481,1,1
2024-01-20,7,0,0.528596561890659,1,1
2024-01-21,7,0,0.5282483955505474,1,1
2024-01-22,7,1,0.5307710625610211,1,1
2024-01-23,7,1,0.5295941533841894,1,1
2024-01-24,7,0,0.5287032587217562,1,1
2024-01-25,7,1,0.5282967414722181,1,1
2024-01-26,7,1,0.5307671055810305,1,1
2024-01-27,7,0,0.5295054715553381,1,1
2024-01-28,7,1,0.5285776670674303,1,1
2024-01-29,7,0,0.5306175485139035,1,1
2024-01-30,7,0,0.5294597551026712,1,1
2024-01-31,7,1,0.5288280705528942,1,1
2024-02-01,7,1,0.528695610358036,1,1
2024-02-02,7,0,0.5282661515901333,1,1
2024-02-03,7,0,0.5281773240687908,1,1
2024-02-04,7,1,0.5283352039351367,1,1
2024-02-05,7,1,0.5281492344513317,1,1
2024-02-06,7,1,0.5283106489632419,1,1
2024-02-07,7,1,0.5305213350523315,1,1
2024-02-08,7,1,0.5304971085899821,1,1
2024-02-09,7,1,0.5307678084267823,1,1
2024-02-10,7,1,0.5299327458089459,1,1
2024-02-11,7,1,0.5292065774640049,1,1
2024-02-12,7,0,0.5307450199452819,1,1
2024-02-13,7,1,0.5293865469236094,1,1
2024-02-14,7,1,0.530768340911689,1,1
2024-02-15,7,1,0.5293360315515216,1,1
2024-02-16,7,0,0.5285356263878619,1,1
2024-02-17,7,1,0.5284758557583211,1,1
2024-02-18,7,0,0.5283753575471547,1,1
2024-02-19,7,1,0.5282731776078287,1,1
2024-02-20,7,0,0.5283447640699286,1,1
2024-02-21,7,0,0.5283456724245629,1,1
2024-02-22,7,0,0.5284491702347291,1,1
2024-02-23,7,1,0.5285543635745336,1,1
2024-02-24,7,1,0.5290863076141015,1,1
2024-02-25,7,1,0.5284119619670364,1,1
2024-02-26,7,1,0.5307697141282779,1,1
2024-02-27,7,1,0.5307777848993975,1,1
2024-02-28,7,0,0.5308872158269716,1,1
2024-02-29,7,1,0.5307646525954591,1,1
2024-03-01,7,0,0.530627731014243,1,1
2024-03-02,7,1,0.5295915535330177,1,1
2024-03-03,7,1,0.5298626124733086,1,1
2024-03-04,7,0,0.5308700681026637,1,1
2024-03-05,7,1,0.5309194181605621,1,1
2024-03-06,7,1,0.5309045048594652,1,1
2024-03-07,7,1,0.5304810685810885,1,1
2024-03-08,7,1,0.5305404926935179,1,1
2024-03-09,7,1,0.5293313168827839,1,1
2024-03-10,7,1,0.5286609567126085,1,1
2024-03-11,7,0,0.5307836653906276,1,1
2024-03-12,7,1,0.5297117738362864,1,1
2024-03-13,7,0,0.5303266484828771,1,1
2024-03-14,7,0,0.5305576855635058,1,1
2024-03-15,7,0,0.5307240250764665,1,1
2024-03-16,7,1,0.5308043949794239,1,1
2024-03-17,7,0,0.5308145455966736,1,1
2024-03-18,7,0,0.5300754118266348,1,1
2024-03-19,7,1,0.5309018113142824,1,1
2024-03-20,7,0,0.5309505847667837,1,1
2024-03-21,7,0,0.5309367742314096,1,1
2024-03-22,7,1,0.5309110389223357,1,1
2024-03-23,7,1,0.5303156172060356,1,1
2024-03-24,7,1,0.5308874012316429,1,1
2024-03-25,7,1,0.530881463089994,1,1
2024-03-26,7,0,0.529910572561282,1,1
2024-03-27,7,1,0.5290586771098273,1,1
2024-03-28,7,0,0.5296250459233985,1,1
2024-03-29,7,0,0.5292185450675296,1,1
2024-03-30,7,1,0.5284868903329957,1,1
2024-03-31,7,0,0.5301510515980745,1,1
2024-04-01,7,0,0.5305071903622529,1,1
2024-04-02,7,1,0.5307937900490053,1,1
2024-04-03,7,1,0.52964860356059,1,1
2024-04-04,7,0,0.5307780899881398,1,1
2024-04-05,7,1,0.5297640520773126,1,1
2024-04-06,7,1,0.529596244423422,1,1
2024-04-07,7,1,0.5287463396020329,1,1
2024-04-08,7,0,0.5307130385409041,1,1
2024-04-09,7,1,0.5307669025726383,1,1
2024-04-10,7,0,0.5305006884971339,1,1
2024-04-11,7,0,0.5293685704329962,1,1
2024-04-12,7,0,0.5307726777465142,1,1
2024-04-13,7,1,0.5307921081865339,1,1
2024-04-14,7,0,0.5307639633367607,1,1
2024-04-15,7,1,0.5307900434377996,1,1
2024-04-16,7,0,0.5295360617940817,1,1
2024-04-17,7,1,0.5307853441069696,1,1
2024-04-18,7,1,0.5307850617404919,1,1
2024-04-19,7,1,0.529479396453497,1,1
2024-04-20,7,0,0.5297496440018985,1,1
2024-04-21,7,1,0.5286807208965506,1,1
2024-04-22,7,0,0.5306128938709767,1,1
2024-04-23,7,0,0.5293812498599938,1,1
2024-04-24,7,1,0.5307344875187548,1,1
2024-04-25,7,0,0.5293244832970351,1,1
2024-04-26,7,0,0.5289734839151496,1,1
2024-04-27,7,0,0.5284420454734191,1,1
2024-04-28,7,1,0.5282402905994116,1,1
2024-04-29,7,0,0.528438778899764,1,1
2024-04-30,7,0,0.5307712332991227,1,1
2024-05-01,7,1,0.5307784860186551,1,1
2024-05-02,7,1,0.5301004331867435,1,1
2024-05-03,7,1,0.5307987279018963,1,1
2024-05-04,7,1,0.5302333673862603,1,1
2024-05-05,7,0,0.5289710632547893,1,1
2024-05-06,7,0,0.5290306630351578,1,1
2024-05-07,7,0,0.5290077942028488,1,1
2024-05-08,7,1,0.5296742756750827,1,1
2024-05-09,7,0,0.5307065438807163,1,1
2024-05-10,7,1,0.53076883682387,1,1
2024-05-11,7,1,0.529330697561677,1,1
2024-05-12,7,1,0.5288687026720833,1,1
2024-05-13,7,0,0.5302015275732271,1,1
2024-05-14,7,1,0.5304263786038317,1,1
2024-05-15,7,0,0.5308058924792849,1,1
2024-05-16,7,1,0.5302937463174233,1,1
2024-05-17,7,0,0.5307124072226447,1,1
2024-05-18,7,0,0.5293391277587469,1,1
2024-05-19,7,1,0.5288650402658277,1,1
2024-05-20,7,0,0.530811697358642,1,1
2024-05-21,7,0,0.5304856216293202,1,1
2024-05-22,7,0,0.5299975635746029,1,1
2024-05-23,7,1,0.5300049509536804,1,1
2024-05-24,7,1,0.5290926574471888,1,1
2024-05-25,7,0,0.5287549576156868,1,1
2024-05-26,7,1,0.5286593037763512,1,1
2024-05-27,7,0,0.5287219211180068,1,1
2024-05-28,7,0,0.5291769952659595,1,1
2024-05-29,7,1,0.5288336445053434,1,1
2024-05-30,7,0,0.5287033996524353,1,1
2024-05-31,7,1,0.5288131900930289,1,1
2024-06-01,7,1,0.5283140717643356,1,1
2024-06-02,7,1,0.5281391201558053,1,1
2024-06-03,7,1,0.5287527906289928,1,1
2024-06-04,7,1,0.5303697757112842,1,1
2024-06-05,7,0,0.5292128157553895,1,1
2024-06-06,7,0,0.5285149297026364,1,1
2024-06-07,7,0,0.5296727675189626,1,1
2024-06-08,7,1,0.5286371891471571,1,1
2024-06-09,7,0,0.5282887732532296,1,1
2024-06-10,7,0,0.5281434062106432,1,1
2024-06-11,7,1,0.5306680420320865,1,1
2024-06-12,7,0,0.5298824829604117,1,1
2024-06-13,7,0,0.5303708870713025,1,1
2024-06-14,7,1,0.5295575437315385,1,1
2024-06-15,7,1,0.5286005348760252,1,1
2024-06-16,7,0,0.528330418640928,1,1
2024-06-17,7,0,0.5281584474664608,1,1
2024-06-18,7,0,0.5295431342283926,1,1
2024-06-19,7,0,0.5286087214235617,1,1
2024-06-20,7,0,0.528240683049574,1,1
2024-06-21,7,1,0.5284753575204747,1,1
2024-06-22,7,0,0.5281957978833938,1,1
2024-06-23,7,0,0.5290169609332488,1,1
2024-06-24,7,1,0.5307703067719269,1,1
2024-06-25,7,0,0.5306693307809995,1,1
2024-06-26,7,1,0.5301805458413046,1,1
2024-06-27,7,0,0.5295507429348916,1,1
2024-06-28,7,1,0.5301952808866273,1,1
2024-06-29,7,1,0.5292418062549342,1,1
2024-06-30,7,1,0.5306577849044373,1,1
2024-07-01,7,0,0.5292501954575785,1,1
2024-07-02,7,0,0.5291193034401885,1,1
2024-07-03,7,0,0.5306861189332865,1,1
2024-07-04,7,0,0.5307840377363741,1,1
2024-07-05,7,1,0.5295155030689989,1,1
2024-07-06,7,0,0.5306707664008374,1,1
2024-07-07,7,1,0.5307829450168193,1,1
2024-07-08,7,1,0.5301437296437729,1,1
2024-07-09,7,0,0.5304770430711186,1,1
2024-07-10,7,0,0.5292074921330322,1,1
2024-07-11,7,1,0.5286071815452605,1,1
2024-07-12,7,1,0.5284674550862701,1,1
2024-07-13,7,1,0.5299825459611913,1,1
2024-07-14,7,1,0.5306082146325596,1,1
2024-07-15,7,1,0.5307874683807823,1,1
2024-07-16,7,0,0.5294264708848289,1,1
2024-07-17,7,0,0.5294424025887068,1,1
2024-07-18,7,1,0.528554480549685,1,1
2024-07-19,7,1,0.5307674809148258,1,1
2024-07-20,7,1,0.5294855737578977,1,1
2024-07-21,7,0,0.5293451001010082,1,1
2024-07-22,7,0,0.5287547547348028,1,1
2024-07-23,7,0,0.5303398108296687,1,1
2024-07-24,7,1,0.529315567536101,1,1
2024-07-25,7,1,0.5285899103810557,1,1
2024-07-26,7,0,0.5307003372627029,1,1
2024-07-27,7,1,0.5292703844231516,1,1
2024-07-28,7,0,0.5285836252708063,1,1
2024-07-29,7,0,0.5298578896003225,1,1
2024-07-30,7,0,0.5290860521960602,1,1
2024-07-31,7,1,0.5303600070960943,1,1
2024-08-01,7,0,0.5295062616153686,1,1
2024-08-02,7,0,0.5307860263054963,1,1
2024-08-03,7,0,0.5299475610100081,1,1
2024-08-04,7,0,0.5307877585721728,1,1
2024-08-05,7,1,0.5308564429499598,1,1
2024-08-06,7,0,0.5308498764018558,1,1
2024-08-07,7,1,0.530566388867422,1,1
2024-08-08,7,0,0.5309532393205294,1,1
2024-08-09,7,1,0.5309050623373326,1,1
2024-08-10,7,0,0.5303733020806833,1,1
2024-08-11,7,1,0.5308870885888719,1,1
2024-08-12,7,1,0.5302907386784972,1,1
2024-08-13,7,0,0.5304840432399465,1,1
2024-08-14,7,0,0.5308090596765975,1,1
2024-08-15,7,1,0.5305981822979984,1,1
2024-08-16,7,1,0.5306217331364195,1,1
2024-08-17,7,0,0.5296376849067209,1,1
2024-08-18,7,1,0.5297673754161796,1,1
2024-08-19,7,0,0.5297950162463103,1,1
2024-08-20,7,1,0.5289698304783075,1,1
2024-08-21,7,0,0.5307571823368759,1,1
2024-08-22,7,1,0.5299668009960772,1,1
2024-08-23,7,1,0.5307858143818187,1,1
2024-08-24,7,1,0.5293849111947873,1,1
2024-08-25,7,0,0.5285201991911187,1,1
2024-08-26,7,0,0.5300482003123035,1,1
2024-08-27,7,0,0.5307831870545404,1,1
2024-08-28,7,1,0.5296493823253672,1,1
2024-08-29,7,0,0.5287443291207283,1,1
2024-08-30,7,0,0.5283332680596794,1,1
2024-08-31,7,0,0.528162585191836,1,1
2024-09-01,7,1,0.5304987942198921,1,1
2024-09-02,7,0,0.5307407680995411,1,1
2024-09-03,7,1,0.5307326642360325,1,1
2024-09-04,7,0,0.5296153701884814,1,1
2024-09-05,7,0,0.5307318258649246,1,1
2024-09-06,7,1,0.5307766943444591,1,1
2024-09-07,7,1,0.5293908847951753,1,1
2024-09-08,7,1,0.5291004371165814,1,1
2024-09-09,7,1,0.5307661646569932,1,1
2024-09-10,7,0,0.52975833468752,1,1
2024-09-11,7,1,0.5287954503912751,1,1
2024-09-12,7,1,0.5288718934949949,1,1
2024-09-13,7,0,0.5307655468411333,1,1
2024-09-14,7,0,0.5296837973438253,1,1
2024-09-15,7,0,0.5294170169469574,1,1
2024-09-16,7,1,0.5296461982998096,1,1
2024-09-17,7,1,0.5307594900096927,1,1
2024-09-18,7,1,0.5305565295721594,1,1
2024-09-19,7,1,0.53043723395499,1,1
2024-09-20,7,1,0.5291232114273711,1,1
2024-09-21,7,1,0.5284265527459765,1,1
2024-09-22,7,0,0.5282017103631413,1,1
2024-09-23,7,1,0.5281701399677706,1,1
2024-09-24,7,0,0.5287466050047903,1,1
2024-09-25,7,1,0.529493917886111,1,1
2024-09-26,7,1,0.5307271077949723,1,1
2024-09-27,7,1,0.5295974989380652,1,1
2024-09-28,7,0,0.5286037877008506,1,1
2024-09-29,7,0,0.5282692527994535,1,1
2024-09-30,7,0,0.5307413113868957,1,1
2024-10-01,7,0,0.5307720228781343,1,1
2024-10-02,7,1,0.5293912371586353,1,1
2024-10-03,7,1,0.5285189333283389,1,1
2024-10-04,7,1,0.5297918872831435,1,1
2024-10-05,7,1,0.5286920057126104,1,1
2024-10-06,7,0,0.5286470815992449,1,1
2024-10-07,7,0,0.528505186171979,1,1
2024-10-08,7,0,0.5282046932080438,1,1
2024-10-09,7,0,0.5302334716212219,1,1
2024-10-10,7,1,0.5290524567126934,1,1
2024-10-11,7,1,0.5307518624872245,1,1
2024-10-12,7,0,0.5298132407125824,1,1
2024-10-13,7,1,0.5288279069770399,1,1
2024-10-14,7,1,0.5307708119630555,1,1
2024-10-15,7,1,0.5300896307171571,1,1
2024-10-16,7,0,0.5291172706517495,1,1
2024-10-17,7,1,0.528437863194171,1,1
2024-10-18,7,0,0.5288529974390053,1,1
2024-10-19,7,1,0.5283099651177499,1,1
2024-10-20,7,0,0.5283366200511328,1,1
2024-10-21,7,0,0.5301221871450582,1,1
2024-10-22,7,0,0.5288691113398887,1,1
2024-10-23,7,1,0.5290031424818586,1,1
2024-10-24,7,0,0.5304545505894669,1,1
2024-10-25,7,1,0.5305306311519448,1,1
2024-10-26,7,1,0.5292430952247761,1,1
2024-10-27,7,1,0.5290942217159186,1,1
2024-10-28,7,1,0.5306356763215516,1,1
2024-10-29,7,0,0.5307683055661192,1,1
2024-10-30,7,0,0.5294492259945812,1,1
2024-10-31,7,0,0.5306927109621331,1,1
2024-11-01,7,0,0.5297175027861544,1,1
2024-11-02,7,0,0.5286924593886094,1,1
2024-11-03,7,0,0.5284459441653757,1,1
2024-11-04,7,1,0.5287651707839556,1,1
2024-11-05,7,1,0.5300692035059722,1,1
2024-11-06,7,1,0.5308301653354421,1,1
2024-11-07,7,1,0.5296122616896175,1,1
2024-11-08,7,1,0.5288537714791893,1,1
2024-11-09,7,1,0.5283221264537872,1,1
2024-11-10,7,1,0.5307720543919858,1,1
2024-11-11,7,0,0.5308979670561723,1,1
2024-11-12,7,1,0.5302908931818421,1,1
2024-11-13,7,0,0.5308104286216504,1,1
2024-11-14,7,1,0.5308492621364874,1,1
2024-11-15,7,0,0.5308533460233754,1,1
2024-11-16,7,0,0.52984340578589,1,1
2024-11-17,7,1,0.5290154396770312,1,1
2024-11-18,7,1,0.5285261365126066,1,1
2024-11-19,7,1,0.5295500286175329,1,1
2024-11-20,7,1,0.530195315030855,1,1
2024-11-21,7,1,0.5307719529556186,1,1
2024-11-22,7,0,0.529419175029196,1,1
2024-11-23,7,1,0.5291272778202779,1,1
2024-11-24,7,0,0.5284165956138316,1,1
2024-11-25,7,0,0.5307730083940957,1,1
2024-11-26,7,1,0.5299082099836046,1,1
2024-11-27,7,0,0.5307747263947836,1,1
2024-11-28,7,1,0.5293958625305906,1,1
2024-11-29,7,0,0.5298206551193373,1,1
2024-11-30,7,1,0.529160448598549,1,1
2024-12-01,7,0,0.5286391134659143,1,1
2024-12-02,7,1,0.5289737171794909,1,1
2024-12-03,7,1,0.5283512049819233,1,1
2024-12-04,7,0,0.5305394229601679,1,1
2024-12-05,7,1,0.5305331264708902,1,1
2024-12-06,7,1,0.5307597839397423,1,1
2024-12-07,7,1,0.5293130536606272,1,1
2024-12-08,7,0,0.5290768027143222,1,1
2024-12-09,7,0,0.5307633559149272,1,1
2024-12-10,7,1,0.5295811468705444,1,1
2024-12-11,7,0,0.530773045360171,1,1
2024-12-12,7,1,0.5298424208443382,1,1
2024-12-13,7,0,0.5294723891677252,1,1
2024-12-14,7,1,0.528549133793041,1,1
2024-12-15,7,1,0.5305691523596602,1,1
2024-12-16,7,1,0.530101721438524,1,1
2024-12-17,7,0,0.5288593123080934,1,1
2024-12-18,7,0,0.5307802447985321,1,1
2024-12-19,7,1,0.5307041848345225,1,1
2024-12-20,7,0,0.5293174894330248,1,1
2024-12-21,7,0,0.5285905076294788,1,1
2024-12-22,7,0,0.529969472357881,1,1
2024-12-23,7,1,0.52887201251347,1,1
2024-12-24,7,1,0.530766433698867,1,1
2024-12-25,7,0,0.5294588323914816,1,1
2024-12-26,7,0,0.5307598340142711,1,1
2024-12-27,7,1,0.5302958056290243,1,1
2024-12-28,7,0,0.5294024784391732,1,1
2024-12-29,7,0,0.5296956977693339,1,1
2024-12-30,7,1,0.5290153372852145,1,1
2024-12-31,7,1,0.5285685666806518,1,1
2025-01-01,7,1,0.5285103500749461,1,1
2025-01-02,7,1,0.5303608313399909,1,1
2025-01-03,7,1,0.5296091349537795,1,1
2025-01-04,7,1,0.5286078114540302,1,1
2025-01-05,7,1,0.5282265247914594,1,1
2025-01-06,7,0,0.5307542364395251,1,1
2025-01-07,7,0,0.5307783120266131,1,1
2025-01-08,7,0,0.5304719773611054,1,1
2025-01-09,7,1,0.530705978121407,1,1
2025-01-10,7,0,0.5306269663387221,1,1
2025-01-11,7,0,0.5292335498864388,1,1
2025-01-12,7,1,0.5284494142072056,1,1
2025-01-13,7,1,0.5281775147805161,1,1
2025-01-14,7,1,0.5296007808956331,1,1
2025-01-15,7,0,0.5307652375545046,1,1
2025-01-16,7,1,0.5295560454656897,1,1
2025-01-17,7,0,0.5307718858597595,1,1
2025-01-18,7,0,0.5293359509305164,1,1
2025-01-19,7,1,0.5307324614841684,1,1
2025-01-20,7,1,0.5296024454254764,1,1
2025-01-21,7,0,0.5307694476865455,1,1
2025-01-22,7,1,0.5306406068738356,1,1
2025-01-23,7,1,0.5292533833786919,1,1
2025-01-24,7,0,0.5286610861531259,1,1
2025-01-25,7,0,0.5282472546601444,1,1
2025-01-26,7,0,0.5294487659907213,1,1
2025-01-27,7,0,0.528664382847278,1,1
2025-01-28,7,1,0.5284103366741671,1,1
2025-01-29,7,1,0.5300126042020917,1,1
2025-01-30,7,0,0.5291692900214462,1,1
2025-01-31,7,0,0.5302209086018179,1,1
2025-02-01,7,0,0.5300575776684083,1,1
2025-02-02,7,1,0.5307197823176861,1,1
2025-02-03,7,0,0.5307699031831554,1,1
2025-02-04,7,0,0.5307728695044991,1,1
2025-02-05,7,0,0.5299858400333844,1,1
2025-02-06,7,0,0.5287993418478975,1,1
2025-02-07,7,0,0.5282899177691611,1,1
2025-02-08,7,1,0.5281333781752904,1,1
2025-02-09,7,1,0.5280894079574031,1,1
2025-02-10,7,0,0.5282753663000114,1,1
2025-02-11,7,1,0.5291526234756764,1,1
2025-02-12,7,0,0.5301417515615369,1,1
2025-02-13,7,1,0.5295811166066826,1,1
2025-02-14,7,1,0.5288751938603156,1,1
2025-02-15,7,0,0.5283139428432857,1,1
2025-02-16,7,0,0.5287952671525038,1,1
2025-02-17,7,0,0.5283431673373982,1,1
2025-02-18,7,1,0.5281647499764515,1,1
2025-02-19,7,1,0.5284042649399314,1,1
2025-02-20,7,0,0.5291476351823872,1,1
2025-02-21,7,1,0.5302358658494176,1,1
2025-02-22,7,0,0.5290104140355465,1,1
2025-02-23,7,0,0.5283973121256255,1,1
2025-02-24,7,0,0.5307721671046585,1,1
2025-02-25,7,0,0.5307486010595011,1,1
2025-02-26,7,1,0.5307925787251757,1,1
2025-02-27,7,0,0.5294662352844037,1,1
2025-02-28,7,1,0.5286050795652668,1,1
2025-03-01,7,1,0.5295545775905021,1,1
2025-03-02,7,0,0.5308545403758678,1,1
2025-03-03,7,1,0.5309399342345541,1,1
2025-03-04,7,1,0.5307814342710289,1,1
2025-03-05,7,0,0.5308998872761701,1,1
2025-03-06,7,0,0.5302613128032116,1,1
2025-03-07,7,0,0.5308603014434352,1,1
2025-03-08,7,0,0.5299592986504911,1,1
2025-03-09,7,0,0.5308869429905112,1,1
2025-03-10,7,1,0.53084119082309,1,1
2025-03-11,7,1,0.5308903709351422,1,1
2025-03-12,7,0,0.5302803172031226,1,1
2025-03-13,7,1,0.5308342922261773,1,1
2025-03-14,7,1,0.5308398759310466,1,1
2025-03-15,7,0,0.5296995777063992,1,1
2025-03-16,8,1,0.5300693715177603,1,1
2025-03-17,8,0,0.5293511518296229,1,1
2025-03-18,8,1,0.5287536040596662,1,1
2025-03-19,8,0,0.5298219541584548,1,1
2025-03-20,8,0,0.5298233703426916,1,1
2025-03-21,8,0,0.5278309808937446,1,1
2025-03-22,8,1,0.5267423069152792,1,1
2025-03-23,8,1,0.5285738892521097,1,1
2025-03-24,8,0,0.528126820170166,1,1
2025-03-25,8,0,0.5268815061523551,1,1
2025-03-26,8,1,0.5265551734307824,1,1
2025-03-27,8,0,0.5263481962175177,1,1
2025-03-28,8,0,0.5286831011206113,1,1
2025-03-29,8,0,0.5284899632145882,1,1
2025-03-30,8,1,0.5271152668110238,1,1
2025-03-31,8,1,0.5265082039784029,1,1
2025-04-01,8,0,0.5286534116410129,1,1
2025-04-02,8,1,0.5287875795670555,1,1
2025-04-03,8,1,0.5274472784817392,1,1
2025-04-04,8,0,0.5268704657157613,1,1
2025-04-05,8,0,0.5264684579954131,1,1
2025-04-06,8,1,0.5291333364816102,1,1
2025-04-07,8,0,0.5280830296809257,1,1
2025-04-08,8,1,0.5290992334583582,1,1
2025-04-09,8,0,0.5308453271994046,1,1
2025-04-10,8,1,0.5308950611580001,1,1
2025-04-11,8,1,0.5311001193263057,1,1
2025-04-12,8,0,0.5305260108063381,1,1
2025-04-13,8,1,0.5299294459902223,1,1
2025-04-14,8,0,0.5283691077452832,1,1
2025-04-15,8,1,0.527455423321222,1,1
2025-04-16,8,1,0.5266405388814688,1,1
2025-04-17,8,0,0.5266455336342559,1,1
2025-04-18,8,1,0.5264318670340428,1,1
2025-04-19,8,1,0.5264209804207896,1,1
2025-04-20,8,1,0.526293894780105,1,1
2025-04-21,8,1,0.5284490223779552,1,1
2025-04-22,8,1,0.5291694451979505,1,1
2025-04-23,8,1,0.5274527733958275,1,1
2025-04-24,8,1,0.5266132470728963,1,1
2025-04-25,8,0,0.5265214841043383,1,1
2025-04-26,8,0,0.5263197374677874,1,1
2025-04-27,8,1,0.5265145803770418,1,1
2025-04-28,8,0,0.5268251962232718,1,1
2025-04-29,8,0,0.5265731893183716,1,1
2025-04-30,8,1,0.5263347570506651,1,1
2025-05-01,8,1,0.5281742141803123,1,1
2025-05-02,8,0,0.5269787181238109,1,1
2025-05-03,8,0,0.5268330766131281,1,1
2025-05-04,8,1,0.5274059941546839,1,1
2025-05-05,8,1,0.5266551309577292,1,1
2025-05-06,8,1,0.5279680342030688,1,1
2025-05-07,8,1,0.52683509749726,1,1
2025-05-08,8,0,0.5290231366169947,1,1
2025-05-09,8,1,0.5273874792906791,1,1
2025-05-10,8,0,0.5276381694295271,1,1
2025-05-11,8,0,0.5267978744224235,1,1
2025-05-12,8,1,0.5269288285295766,1,1
2025-05-13,8,0,0.5270097261397442,1,1
2025-05-14,8,1,0.5265811219254153,1,1
2025-05-15,8,0,0.5263415497979641,1,1
2025-05-16,8,0,0.5262877859526917,1,1
2025-05-17,8,1,0.5262795895960616,1,1
2025-05-18,8,0,0.5286207821702115,1,1
2025-05-19,8,1,0.5274152909822243,1,1
2025-05-20,8,1,0.5270327504021797,1,1
2025-05-21,8,1,0.5285279984585217,1,1
2025-05-22,8,0,0.5282014270680004,1,1
2025-05-23,8,1,0.5288620860305374,1,1
2025-05-24,8,1,0.5273530151969241,1,1
2025-05-25,8,1,0.5270330004766564,1,1
2025-05-26,8,0,0.5265009905706514,1,1
2025-05-27,8,0,0.5263590148365946,1,1
2025-05-28,8,0,0.526628954205351,1,1
2025-05-29,8,0,0.5278120472894157,1,1
2025-05-30,8,1,0.5277128287582762,1,1
2025-05-31,8,1,0.5268341418016074,1,1
2025-06-01,8,1,0.5266824022793573,1,1
2025-06-02,8,0,0.5263719248651637,1,1
2025-06-03,8,0,0.5263270715067018,1,1
2025-06-04,8,0,0.5263850594998499,1,1
2025-06-05,8,1,0.5286234646086037,1,1
2025-06-06,8,1,0.5286943073788668,1,1
2025-06-07,8,1,0.5277043245829327,1,1
2025-06-08,8,1,0.526710364646956,1,1
2025-06-09,8,0,0.5287781718347108,1,1
2025-06-10,8,0,0.5272340215928589,1,1
2025-06-11,8,0,0.5273141243136453,1,1
2025-06-12,8,1,0.5285353241405834,1,1
2025-06-13,8,0,0.5271002617707946,1,1
2025-06-14,8,1,0.5266027763842986,1,1
2025-06-15,8,1,0.5263401039187751,1,1
2025-06-16,8,0,0.5266495146778801,1,1
2025-06-17,8,1,0.5278876926370054,1,1
2025-06-18,8,0,0.5268046999843853,1,1
2025-06-19,8,0,0.5264097982539762,1,1
2025-06-20,8,0,0.5268378986665759,1,1
2025-06-21,8,0,0.5267528864753465,1,1
2025-06-22,8,1,0.5269091437439212,1,1
2025-06-23,8,1,0.5287862964821662,1,1
2025-06-24,8,1,0.5273072556611936,1,1
2025-06-25,8,0,0.5270937531240767,1,1
2025-06-26,8,1,0.52653372698128,1,1
2025-06-27,8,1,0.5263230431319267,1,1
2025-06-28,8,1,0.5262751100333142,1,1
2025-06-29,8,0,0.5264964091738257,1,1
2025-06-30,8,0,0.5267273923789738,1,1
2025-07-01,8,1,0.526998320106803,1,1
2025-07-02,8,1,0.5286291302429128,1,1
2025-07-03,8,0,0.5273487123214118,1,1
2025-07-04,8,1,0.5274168666697605,1,1
2025-07-05,8,1,0.5266039602251128,1,1
2025-07-06,8,0,0.5265727568307824,1,1
2025-07-07,8,1,0.5265497411276581,1,1
2025-07-08,8,1,0.5264128409428083,1,1
2025-07-09,8,1,0.527899551887929,1,1
2025-07-10,8,1,0.5287768378409659,1,1
2025-07-11,8,0,0.5278753053918633,1,1
2025-07-12,8,1,0.5267754044546732,1,1
2025-07-13,8,1,0.5270628618917348,1,1
2025-07-14,8,0,0.5265843247395645,1,1
2025-07-15,8,1,0.5274140378891053,1,1
2025-07-16,8,1,0.526813256313297,1,1
2025-07-17,8,0,0.5264542339617657,1,1
2025-07-18,8,0,0.526652655953771,1,1
2025-07-19,8,0,0.5263555191010338,1,1
2025-07-20,8,1,0.5263528751369245,1,1
2025-07-21,8,1,0.5262757071057764,1,1
2025-07-22,8,0,0.5278437148246107,1,1
2025-07-23,8,0,0.5271948963751123,1,1
2025-07-24,8,0,0.5265579996241297,1,1
2025-07-25,8,1,0.526437984231474,1,1
2025-07-26,8,1,0.5263096130773286,1,1
2025-07-27,8,0,0.52671476154142,1,1
2025-07-28,8,0,0.5269259304596088,1,1
2025-07-29,8,0,0.526434237402267,1,1
2025-07-30,8,0,0.5262970987267768,1,1
2025-07-31,8,0,0.5273294626421271,1,1
2025-08-01,8,0,0.5281624444205137,1,1
2025-08-02,8,1,0.5271116586399144,1,1
2025-08-03,8,1,0.5272887486854821,1,1
2025-08-04,8,0,0.5267260252473484,1,1
2025-08-05,8,1,0.526578091831316,1,1
2025-08-06,8,1,0.5264888216945244,1,1
2025-08-07,8,0,0.5278802205043313,1,1
2025-08-08,8,0,0.5269709885121647,1,1
2025-08-09,8,1,0.5264575185782888,1,1
2025-08-10,8,0,0.5281905170546819,1,1
2025-08-11,8,1,0.5270216792227683,1,1
2025-08-12,8,1,0.5269472542879334,1,1
2025-08-13,8,0,0.5284763609845787,1,1
2025-08-14,8,0,0.5288568769869214,1,1
2025-08-15,8,1,0.5275608994469941,1,1
2025-08-16,8,0,0.5266442135940744,1,1
2025-08-17,8,0,0.5263508678776694,1,1
2025-08-18,8,0,0.5265754736393706,1,1
2025-08-19,8,1,0.5286182633493622,1,1
2025-08-20,8,0,0.5277546102715334,1,1
2025-08-21,8,1,0.5277728213619877,1,1
2025-08-22,8,0,0.528804670729359,1,1
2025-08-23,8,0,0.5279127538689621,1,1
2025-08-24,8,0,0.5278941200126909,1,1
2025-08-25,8,1,0.5287727610253429,1,1
2025-08-26,8,0,0.5280638540809031,1,1
2025-08-27,8,1,0.5269669208007487,1,1
2025-08-28,8,0,0.5269021312657096,1,1
2025-08-29,8,1,0.5287813942837567,1,1
2025-08-30,8,0,0.5272803176614164,1,1
2025-08-31,8,1,0.5266445581966358,1,1
2025-09-01,8,1,0.5265935505872221,1,1
2025-09-02,8,1,0.5274240276820928,1,1
2025-09-03,8,0,0.5266662445402683,1,1
2025-09-04,8,0,0.5266060629995528,1,1
2025-09-05,8,0,0.5263429456042293,1,1
2025-09-06,8,1,0.5263109359357491,1,1
2025-09-07,8,1,0.5264399271567918,1,1
2025-09-08,8,0,0.5264611275986671,1,1
2025-09-09,8,1,0.5263666579781507,1,1
2025-09-10,8,1,0.5278737888851059,1,1
2025-09-11,8,1,0.5274703974815589,1,1
2025-09-12,8,0,0.5266977982409492,1,1
2025-09-13,8,0,0.5263727494445574,1,1
2025-09-14,8,1,0.5263377054894205,1,1
2025-09-15,8,1,0.5262697738669297,1,1
2025-09-16,8,0,0.5266484605981354,1,1
2025-09-17,8,1,0.5263843364591922,1,1
2025-09-18,8,0,0.5263564157558149,1,1
2025-09-19,8,1,0.5267442845693973,1,1
2025-09-20,8,0,0.5263801384206857,1,1
2025-09-21,8,0,0.5263159816745873,1,1
2025-09-22,8,0,0.5279868291977532,1,1
2025-09-23,8,1,0.5270003118951222,1,1
2025-09-24,8,0,0.5269020802225745,1,1
2025-09-25,8,1,0.5287760269962655,1,1
2025-09-26,8,0,0.5273689323622687,1,1
2025-09-27,8,1,0.5265774832103597,1,1
2025-09-28,8,1,0.5280191974316922,1,1
2025-09-29,8,0,0.5282268614333927,1,1
2025-09-30,8,1,0.5269785249298227,1,1
2025-10-01,8,1,0.5287691546018821,1,1
2025-10-02,8,1,0.52821627348127,1,1
2025-10-03,8,1,0.5275873975085114,1,1
2025-10-04,8,1,0.5266612146506309,1,1
2025-10-05,8,1,0.5265719947037215,1,1
2025-10-06,8,0,0.5266093320360269,1,1
2025-10-07,8,1,0.528475372592907,1,1
2025-10-08,8,0,0.5279528423063716,1,1
2025-10-09,8,0,0.5275381969147662,1,1
2025-10-10,8,0,0.5295042662637585,1,1
2025-10-11,8,1,0.5291493155118303,1,1
2025-10-12,8,1,0.5294484988312911,1,1
2025-10-13,8,0,0.527582183090611,1,1
2025-10-14,8,0,0.5281059035389495,1,1
2025-10-15,8,0,0.5284583161182641,1,1
2025-10-16,8,0,0.5287133956726289,1,1
2025-10-17,8,1,0.5281785424609181,1,1
2025-10-18,8,1,0.5270713065026323,1,1
2025-10-19,8,1,0.527123918328429,1,1
2025-10-20,8,0,0.5276279437490657,1,1
2025-10-21,8,0,0.5280507970264613,1,1
2025-10-22,8,1,0.5270713453791745,1,1
2025-10-23,8,1,0.5281516876917238,1,1
2025-10-24,8,1,0.5271846067906562,1,1
2025-10-25,8,1,0.5266020731685493,1,1
2025-10-26,8,0,0.5283463122436086,1,1
2025-10-27,8,0,0.5270432285760355,1,1
2025-10-28,8,0,0.5268342396034685,1,1
2025-10-29,8,0,0.5284659618290081,1,1
2025-10-30,8,1,0.528027979238943,1,1
2025-10-31,8,1,0.5273435415251735,1,1
2025-11-01,8,1,0.5266321458154299,1,1
2025-11-02,8,0,0.5264140448046086,1,1
2025-11-03,8,0,0.5287465198659403,1,1
2025-11-04,8,1,0.52901171367547,1,1
2025-11-05,8,0,0.5287593175503252,1,1
2025-11-06,8,1,0.5288474592483295,1,1
2025-11-07,8,0,0.5285671877660548,1,1
2025-11-08,8,1,0.5275817551477819,1,1
2025-11-09,8,1,0.5284752724165591,1,1
2025-11-10,8,0,0.5276286007110669,1,1
2025-11-11,8,0,0.528717246555329,1,1
2025-11-12,8,0,0.527877904162475,1,1
2025-11-13,8,0,0.5281832718025352,1,1
2025-11-14,8,1,0.529151729485758,1,1
2025-11-15,8,0,0.5280157841730401,1,1
2025-11-16,8,0,0.5277064130583521,1,1
2025-11-17,8,1,0.5284486633498452,1,1
2025-11-18,8,0,0.5273688243721802,1,1
2025-11-19,8,0,0.5275857947167774,1,1
2025-11-20,8,0,0.5290735107088569,1,1
2025-11-21,8,0,0.528547222186134,1,1
2025-11-22,8,1,0.5271963327315379,1,1
2025-11-23,8,1,0.5285397054044003,1,1
2025-11-24,8,0,0.5281145096265578,1,1
2025-11-25,8,1,0.5273419306104297,1,1
2025-11-26,8,1,0.5287858116609068,1,1
2025-11-27,8,0,0.5275085002725111,1,1
2025-11-28,8,0,0.5266885494635702,1,1
2025-11-29,8,0,0.5263654771427684,1,1
2025-11-30,8,0,0.52634469369883,1,1
2025-12-01,8,1,0.5288096505094274,1,1
2025-12-02,8,1,0.5291950210626662,1,1
2025-12-03,8,0,0.5289532239578165,1,1
2025-12-04,8,0,0.5282252946906529,1,1
2025-12-05,8,0,0.5289816912187069,1,1
2025-12-06,8,1,0.5273345082985469,1,1
2025-12-07,8,1,0.5271349778223405,1,1
2025-12-08,8,1,0.5265129283865493,1,1
2025-12-09,8,0,0.5280466709480786,1,1
2025-12-10,8,1,0.5270691503788604,1,1
2025-12-11,8,0,0.5265571300685686,1,1
2025-12-12,8,1,0.5282910565243346,1,1
2025-12-13,8,0,0.5269698591989658,1,1
2025-12-14,8,0,0.5283240518514389,1,1
2025-12-15,8,1,0.5283398369798684,1,1
2025-12-16,8,0,0.5279824758590401,1,1
2025-12-17,8,0,0.5282013335128174,1,1
2025-12-18,8,1,0.5271850567178684,1,1
2025-12-19,8,1,0.5286948218566603,1,1
2025-12-20,8,1,0.5272111298410663,1,1
2025-12-21,8,0,0.5265494156409553,1,1
2025-12-22,8,0,0.5263324048698018,1,1
2025-12-23,8,1,0.5267169824200284,1,1
2025-12-24,8,0,0.5263830764886152,1,1
2025-12-25,8,1,0.5263316402248932,1,1
2025-12-26,8,1,0.5262688552316318,1,1
2025-12-27,8,1,0.5263238173298939,1,1
2025-12-28,8,0,0.526266355088984,1,1
2025-12-29,8,1,0.5264201770860818,1,1
2025-12-30,8,0,0.5269683116080749,1,1
2025-12-31,8,1,0.5268219675174766,1,1
2026-01-01,8,1,0.5270452674142024,1,1
2026-01-02,8,1,0.5271073497166904,1,1
2026-01-03,8,1,0.5266505241729996,1,1
2026-01-04,8,1,0.5265720084400671,1,1
2026-01-05,8,0,0.528457558589723,1,1
2026-01-06,8,0,0.5270733634491258,1,1
2026-01-07,8,0,0.5285129752222941,1,1
2026-01-08,8,0,0.5271288289550221,1,1
2026-01-09,8,0,0.5266060428370738,1,1
2026-01-10,8,1,0.5263473163165,1,1
2026-01-11,8,1,0.5263236548300249,1,1
2026-01-12,8,1,0.5262998439385741,1,1
2026-01-13,8,1,0.528753739970216,1,1
2026-01-14,8,0,0.5281837855902191,1,1
2026-01-15,8,0,0.5277388527046848,1,1
2026-01-16,8,0,0.5267174448705749,1,1
2026-01-17,8,0,0.5264316343052579,1,1
2026-01-18,8,0,0.5271009035035457,1,1
2026-01-19,8,0,0.5269715972056549,1,1
2026-01-20,8,1,0.5288571465815206,1,1
2026-01-21,8,1,0.5278249233307893,1,1
2026-01-22,8,1,0.5267491398289998,1,1
2026-01-23,8,0,0.5263796592394269,1,1
2026-01-24,8,0,0.526332365514918,1,1
2026-01-25,8,1,0.5285546314860711,1,1
2026-01-26,8,1,0.5283195911774278,1,1
2026-01-27,8,1,0.5273201039628527,1,1
2026-01-28,8,0,0.5265627091472691,1,1
2026-01-29,8,0,0.5289192633246422,1,1
2026-01-30,8,0,0.5274227550655081,1,1
2026-01-31,8,0,0.5295767283551217,1,1
2026-02-01,8,1,0.5291893794161983,1,1
2026-02-02,8,0,0.5290061111408295,1,1
2026-02-03,8,0,0.5294502326192303,1,1
2026-02-04,8,0,0.529567380530742,1,1
2026-02-05,8,1,0.5326330241388697,1,1
2026-02-06,8,0,0.5326370265162892,1,1
2026-02-07,8,1,0.5322028897157784,1,1
2026-02-08,8,0,0.5313777121054211,1,1
2026-02-09,8,0,0.5293003595439385,1,1
2026-02-10,8,0,0.5294250317426267,1,1
2026-02-11,8,0,0.5298760611096995,1,1
2026-02-12,8,1,0.5285486980094882,1,1
2026-02-13,8,1,0.5295846743679239,1,1
2026-02-14,8,0,0.5284076591592012,1,1
2026-02-15,8,1,0.5278935366855614,1,1
2026-02-16,8,0,0.5267578642157198,1,1
2026-02-17,8,0,0.5278372248261273,1,1
2026-02-18,8,1,0.5277705617179288,1,1
2026-02-19,8,1,0.5269529216320958,1,1
2026-02-20,8,0,0.5272957827923073,1,1
2026-02-21,8,0,0.5265538583770504,1,1
2026-02-22,8,0,0.5264000020887548,1,1
2026-02-23,8,0,0.5288138946892349,1,1
2026-02-24,8,1,0.5275498832612054,1,1
2026-02-25,8,0,0.5291348495026907,1,1
2026-02-26,8,0,0.5276738763192389,1,1
2026-02-27,8,1,0.5285892496827787,1,1
2026-02-28,8,0,0.528163364483131,1,1
2026-03-01,8,1,0.5282418888722286,1,1
2026-03-02,8,0,0.5289823388633879,1,1
2026-03-03,8,1,0.5275582188854392,1,1
2026-03-04,8,0,0.529398028516154,1,1
2026-03-05,8,0,0.5292793826302404,1,1
2026-03-06,8,0,0.5295561165523616,1,1
2026-03-07,8,0,0.5284158133740073,1,1
2026-03-08,8,1,0.5285603741246125,1,1
2026-03-09,8,1,0.5291633654035317,1,1
2026-03-10,8,1,0.5288557475500341,1,1
2026-03-11,8,1,0.5272970384002769,1,1
2026-03-12,8,1,0.5265923655291573,1,1
2026-03-13,8,1,0.5264491093171426,1,1
2026-03-14,8,1,0.5263236442606,1,1
2026-03-15,8,1,0.5279104960250185,1,1
2026-03-16,8,0,0.5286425201141984,1,1
2026-03-17,8,0,0.5277930792679187,1,1
2026-03-18,8,0,0.5288275260086662,1,1
2026-03-19,8,1,0.5284379648413206,1,1
2026-03-20,8,0,0.5273236872916359,1,1
2026-03-21,8,0,0.5285822145576208,1,1
2026-03-22,8,1,0.5277747121318332,1,1
2026-03-23,8,0,0.528895223604927,1,1
2026-03-24,8,1,0.527432909454055,1,1
2026-03-25,8,0,0.527039794693635,1,1
2026-03-26,8,0,0.5288058381982059,1,1
2026-03-27,8,0,0.528941470558313,1,1
2026-03-28,8,0,0.5273110948608877,1,1
2026-03-29,8,1,0.526662001003471,1,1
2026-03-30,8,1,0.5267214799647945,1,1
2026-03-31,8,0,0.5281598481758653,1,1
2026-04-01,8,0,0.5269305686770014,1,1
2026-04-02,8,1,0.5275869571158779,1,1
2026-04-03,8,1,0.5266601951384984,1,1
2026-04-04,8,1,0.5264265823181378,1,1
2026-04-05,8,0,0.5282867016842862,1,1
2026-04-06,8,1,0.5269859473999138,1,1
2026-04-07,8,0,0.5287907255252426,1,1
2026-04-08,8,1,0.5277744966737353,1,1
2026-04-09,8,1,0.5270220993717155,1,1
2026-04-10,8,1,0.5274809604342479,1,1
2026-04-11,8,0,0.5266215187490537,1,1
2026-04-12,8,1,0.5286884143155709,1,1
2026-04-13,8,0,0.5289823089194942,1,1
2026-04-14,8,1,0.527411825905785,1,1
2026-04-15,8,1,0.5268195027551739,1,1
2026-04-16,8,1,0.5264537171554836,1,1
2026-04-17,8,0,0.5283967253826186,1,1
2026-04-18,8,0,0.5282037723480895,1,1
2026-04-19,8,1,0.5286139461910042,1,1
2026-04-20,8,1,0.5287231341703335,1,1
2026-04-21,8,1,0.5273474181399337,1,1
2026-04-22,8,1,0.5284258038099474,1,1
2026-04-23,8,0,0.5270367327363584,1,1
2026-04-24,8,1,0.5268473901833443,1,1
2026-04-25,8,1,0.5264182505690586,1,1
2026-04-26,8,0,0.5268262000562752,1,1
2026-04-27,8,0,0.527398744011117,1,1
2026-04-28,8,0,0.5272588004480352,1,1
2026-04-29,8,1,0.5267432372726875,1,1
2026-04-30,8,1,0.5265082963757648,1,1
2026-05-01,8,1,0.5282511854694194,1,1
2026-05-02,8,0,0.5270862191799978,1,1
2026-05-03,8,1,0.5264931519401367,1,1
2026-05-04,8,1,0.5271913657094217,1,1
2026-05-05,8,1,0.5271811704383469,1,1
2026-05-06,8,0,0.5266279677330062,1,1
2026-05-07,8,1,0.5274482494188523,1,1
2026-05-08,8,1,0.5266211881408731,1,1
2026-05-09,8,1,0.5264327505545374,1,1
2026-05-10,8,0,0.5274140467279865,1,1
2026-05-11,8,0,0.5266890747028918,1,1
2026-05-12,8,0,0.5271993817781759,1,1
2026-05-13,8,1,0.5273733785042702,1,1
2026-05-14,8,0,0.528250495292795,1,1
2026-05-15,8,0,0.5285970433247399,1,1
2026-05-16,8,0,0.5277071391607537,1,1
2026-05-17,8,0,0.5270241299462487,1,1
2026-05-18,8,0,0.5265885945511533,1,1
2026-05-19,8,1,0.5263569767337236,1,1
2026-05-20,8,1,0.526487536820481,1,1
2026-05-21,8,0,0.5263104844393709,1,1
2026-05-22,8,1,0.5284258818501142,1,1
2026-05-23,8,1,0.5279326052519903,1,1
2026-05-24,8,1,0.526853164976063,1,1
2026-05-25,8,0,0.5264485642503336,1,1
2026-05-26,8,0,0.5275702799680152,1,1
2026-05-27,8,0,0.5280737481925407,1,1
2026-05-28,8,0,0.5273521959811817,1,1
2026-05-29,8,1,0.5265923588326554,1,1
2026-05-30,8,0,0.5264016486922674,1,1
2026-05-31,8,0,0.5263024868514565,1,1
2026-06-01,8,0,0.5286357350011142,1,1
2026-06-02,8,0,0.5293700093650533,1,1
2026-06-03,8,0,0.5296294446384683,1,1
2026-06-04,8,0,0.5277573322284146,1,1
2026-06-05,8,0,0.5295081865772183,1,1
2026-06-06,8,1,0.5276236875063913,1,1
2026-06-07,8,0,0.5291550623281295,1,1
2026-06-08,8,0,0.527449696129797,1,1
2026-06-09,8,0,0.528501458822939,1,1
2026-06-10,8,1,0.5271052484232945,1,1
2026-06-11,8,0,0.528793144842208,1,1
2026-06-12,8,1,0.5272381098223895,1,1
2026-06-13,8,1,0.5272093569453051,1,1
2026-06-14,8,1,0.5279541488178533,1,1
2026-06-15,8,0,0.5270915041547691,1,1
2026-06-16,8,0,0.5268694047410883,1,1
2026-06-17,8,0,0.527634377262294,1,1
2026-06-18,8,1,0.5284597206008186,1,1
2026-06-19,8,1,0.5274538848215857,1,1
2026-06-20,8,0,0.5270303944677571,1,1
2026-06-21,8,1,0.5273857329915407,1,1
2026-06-22,8,0,0.5270268169634826,1,1
2026-06-23,8,0,0.5279621679808031,1,1
2026-06-24,8,0,0.5286551364961534,1,1
2026-06-25,8,1,0.5285057678439662,1,1
2026-06-26,8,0,0.5271614423075686,1,1
2026-06-27,8,0,0.5265131267665057,1,1
2026-06-28,8,1,0.5264474502340932,1,1
2026-06-29,8,0,0.526574771462686,1,1
2026-06-30,8,1,0.5284562524326593,1,1
2026-07-01,8,1,0.5285879219898529,1,1
2026-07-02,8,1,0.5286202405421159,1,1
2026-07-03,8,1,0.5281635733392829,1,1
2026-07-04,8,1,0.5271841316636952,1,1
2026-07-05,8,1,0.5266754584842908,1,1
