date,fold,actual,proba_up,pred,always_up_pred
2016-02-17,1,1,0.9999999999999999,1,1
2016-02-18,1,0,0.9420445750502194,1,1
2016-02-19,1,1,0.9999999999999998,1,1
2016-02-20,1,1,1.0,1,1
2016-02-21,1,0,0.9290391144983539,1,1
2016-02-22,1,0,1.0000000000000002,1,1
2016-02-23,1,1,1.0,1,1
2016-02-24,1,0,0.9031497746366375,1,1
2016-02-25,1,1,1.0,1,1
2016-02-26,1,1,0.9490941682581178,1,1
2016-02-27,1,1,1.0,1,1
2016-02-28,1,1,1.0,1,1
2016-02-29,1,0,1.0,1,1
2016-03-01,1,0,1.0000000000000002,1,1
2016-03-02,1,0,0.9209122151499304,1,1
2016-03-03,1,0,1.0,1,1
2016-03-04,1,0,0.0,0,1
2016-03-05,1,1,0.9999999999999999,1,1
2016-03-06,1,1,0.0,0,1
2016-03-07,1,0,0.9439105430545643,1,1
2016-03-08,1,1,0.9622865128149081,1,1
2016-03-09,1,1,0.9668190068873673,1,1
2016-03-10,1,1,0.0,0,1
2016-03-11,1,0,0.0,0,1
2016-03-12,1,1,0.9261738460784926,1,1
2016-03-13,1,1,0.9999999999999999,1,1
2016-03-14,1,1,1.0,1,1
2016-03-15,1,1,0.9675650635088531,1,1
2016-03-16,1,1,0.9680380965013637,1,1
2016-03-17,1,0,1.0,1,1
2016-03-18,1,1,0.9158379459967694,1,1
2016-03-19,1,1,0.9556913558138709,1,1
2016-03-20,1,0,0.9999999999999999,1,1
2016-03-21,1,1,0.9668181773381775,1,1
2016-03-22,1,0,0.9629399043101207,1,1
2016-03-23,1,0,0.9669127157582806,1,1
2016-03-24,1,1,0.9667022698305016,1,1
2016-03-25,1,1,1.0,1,1
2016-03-26,1,1,0.9681001361251762,1,1
2016-03-27,1,0,0.9999999999999998,1,1
2016-03-28,1,0,1.0000000000000002,1,1
2016-03-29,1,0,0.9999999999999999,1,1
2016-03-30,1,1,0.9612434314953071,1,1
2016-03-31,1,1,0.9999999999999999,1,1
2016-04-01,1,1,0.0,0,1
2016-04-02,1,1,1.0000000000000002,1,1
2016-04-03,1,1,1.0000000000000004,1,1
2016-04-04,1,1,0.9682977588892796,1,1
2016-04-05,1,0,0.9672068956450649,1,1
2016-04-06,1,0,0.0,0,1
2016-04-07,1,0,0.9678513970981822,1,1
2016-04-08,1,0,0.9999999999999999,1,1
2016-04-09,1,1,0.9671255222034582,1,1
2016-04-10,1,1,0.9673096993365345,1,1
2016-04-11,1,1,0.9999999999999997,1,1
2016-04-12,1,0,0.9999999999999998,1,1
2016-04-13,1,1,0.9999999999999999,1,1
2016-04-14,1,1,0.967967647710485,1,1
2016-04-15,1,1,0.9999999999999999,1,1
2016-04-16,1,0,0.0,0,1
2016-04-17,1,1,1.0,1,1
2016-04-18,1,1,1.0,1,1
2016-04-19,1,1,0.957177137242367,1,1
2016-04-20,1,1,0.9999999999999999,1,1
2016-04-21,1,0,0.9509384443389222,1,1
2016-04-22,1,1,0.9999999999999998,1,1
2016-04-23,1,1,1.0,1,1
2016-04-24,1,1,1.0000000000000004,1,1
2016-04-25,1,1,0.0,0,1
2016-04-26,1,0,1.0,1,1
2016-04-27,1,1,0.5938916810949052,1,1
2016-04-28,1,1,0.8480302010411411,1,1
2016-04-29,1,0,0.9252622011366564,1,1
2016-04-30,1,1,1.0,1,1
2016-05-01,1,0,0.9593792689935303,1,1
2016-05-02,1,1,0.9501931647468782,1,1
2016-05-03,1,0,0.9572553882020238,1,1
2016-05-04,1,1,1.0,1,1
2016-05-05,1,1,0.9667139803011615,1,1
2016-05-06,1,0,0.0,0,1
2016-05-07,1,1,0.9575442615468889,1,1
2016-05-08,1,1,0.9656271870998334,1,1
2016-05-09,1,0,1.0000000000000002,1,1
2016-05-10,1,1,1.0,1,1
2016-05-11,1,1,0.960674707681546,1,1
2016-05-12,1,1,0.9659789069992176,1,1
2016-05-13,1,1,0.9999999999999998,1,1
2016-05-14,1,1,0.9680143146386443,1,1
2016-05-15,1,0,1.0000000000000002,1,1
2016-05-16,1,0,0.9649793160779357,1,1
2016-05-17,1,1,0.9673655240444555,1,1
2016-05-18,1,0,1.0,1,1
2016-05-19,1,1,1.0,1,1
2016-05-20,1,1,0.9283522265582785,1,1
2016-05-21,1,0,0.9587385557702782,1,1
2016-05-22,1,1,1.0000000000000002,1,1
2016-05-23,1,1,0.9999999999999996,1,1
2016-05-24,1,1,0.9999999999999999,1,1
2016-05-25,1,1,0.9657565238021403,1,1
2016-05-26,1,1,0.965316020082084,1,1
2016-05-27,1,1,1.0,1,1
2016-05-28,1,0,1.0,1,1
2016-05-29,1,1,0.4901426334280674,0,1
2016-05-30,1,0,0.7811122732507918,1,1
2016-05-31,1,1,1.0,1,1
2016-06-01,1,1,0.9506713736620735,1,1
2016-06-02,1,1,1.0,1,1
2016-06-03,1,1,0.9999999999999998,1,1
2016-06-04,1,1,0.9999999999999998,1,1
2016-06-05,1,1,0.9999999999999999,1,1
2016-06-06,1,0,0.9999999999999998,1,1
2016-06-07,1,1,0.9999999999999998,1,1
2016-06-08,1,0,1.0,1,1
2016-06-09,1,1,1.0000000000000002,1,1
2016-06-10,1,1,0.9650829722253853,1,1
2016-06-11,1,1,1.0,1,1
2016-06-12,1,1,1.0,1,1
2016-06-13,1,0,0.05660450809624415,0,1
2016-06-14,1,1,0.0,0,1
2016-06-15,1,1,0.9999999999999999,1,1
2016-06-16,1,0,0.0,0,1
2016-06-17,1,1,0.9999999999999998,1,1
2016-06-18,1,1,0.7224324351579228,1,1
2016-06-19,1,0,0.8930167875723423,1,1
2016-06-20,1,0,0.7707287726436148,1,1
2016-06-21,1,0,1.0,1,1
2016-06-22,1,1,1.7887000094619577e-07,0,1
2016-06-23,1,1,0.0,0,1
2016-06-24,1,0,0.003963556724078546,0,1
2016-06-25,1,0,0.5181832087431566,1,1
2016-06-26,1,1,0.07495551929117761,0,1
2016-06-27,1,0,0.13173154544537052,0,1
2016-06-28,1,0,1.0,1,1
2016-06-29,1,1,0.0,0,1
2016-06-30,1,1,0.28415200522144807,0,1
2016-07-01,1,1,0.9999999999999999,1,1
2016-07-02,1,0,0.5264027221532893,1,1
2016-07-03,1,1,1.0,1,1
2016-07-04,1,0,1.0,1,1
2016-07-05,1,1,0.5119206747899566,1,1
2016-07-06,1,0,0.0,0,1
2016-07-07,1,1,0.175974030922056,0,1
2016-07-08,1,0,0.9999999999999999,1,1
2016-07-09,1,0,0.47874118209611083,0,1
2016-07-10,1,0,0.9999999999999998,1,1
2016-07-11,1,1,1.0000000000000002,1,1
2016-07-12,1,0,0.9999999999999999,1,1
2016-07-13,1,1,1.0,1,1
2016-07-14,1,1,1.0000000000000002,1,1
2016-07-15,1,0,0.9641077773042911,1,1
2016-07-16,1,1,0.9664945855375051,1,1
2016-07-17,1,0,1.0,1,1
2016-07-18,1,0,0.9504006436311355,1,1
2016-07-19,1,0,0.9641333431710841,1,1
2016-07-20,1,0,0.9999999999999999,1,1
2016-07-21,1,0,0.9663070688368884,1,1
2016-07-22,1,1,1.0000000000000002,1,1
2016-07-23,1,1,0.9581859986045298,1,1
2016-07-24,1,0,0.9631868830270643,1,1
2016-07-25,1,0,0.9599667022482637,1,1
2016-07-26,1,1,0.9999999999999999,1,1
2016-07-27,1,1,0.9999999999999998,1,1
2016-07-28,1,1,0.0,0,1
2016-07-29,1,0,1.0,1,1
2016-07-30,1,0,0.967419456378804,1,1
2016-07-31,1,0,1.0,1,1
2016-08-01,1,0,1.0000000000000002,1,1
2016-08-02,1,1,0.0,0,1
2016-08-03,1,1,0.18638867547189503,0,1
2016-08-04,1,0,0.0,0,1
2016-08-05,1,1,0.8267521738531995,1,1
2016-08-06,1,1,0.884149759866631,1,1
2016-08-07,1,0,0.9999999999999998,1,1
2016-08-08,1,0,0.9618811254384512,1,1
2016-08-09,1,1,0.9649005180941951,1,1
2016-08-10,1,0,0.0,0,1
2016-08-11,1,0,0.9661572550321775,1,1
2016-08-12,1,0,0.9999999999999997,1,1
2016-08-13,1,0,0.966977978568799,1,1
2016-08-14,1,0,0.9172786651129715,1,1
2016-08-15,1,1,1.0,1,1
2016-08-16,1,0,0.9486249405738959,1,1
2016-08-17,1,1,0.9603054443658571,1,1
2016-08-18,1,1,0.9663316814875137,1,1
2016-08-19,1,1,1.0000000000000002,1,1
2016-08-20,1,0,0.9642600144067311,1,1
2016-08-21,1,1,0.9999999999999998,1,1
2016-08-22,1,0,0.9999999999999998,1,1
2016-08-23,1,0,1.0,1,1
2016-08-24,1,0,1.0,1,1
2016-08-25,1,1,0.9999999999999999,1,1
2016-08-26,1,0,0.9999999999999999,1,1
2016-08-27,1,1,0.9510551258021291,1,1
2016-08-28,1,1,0.9999999999999999,1,1
2016-08-29,1,1,1.0,1,1
2016-08-30,1,0,0.966963875153236,1,1
2016-08-31,1,0,1.0000000000000002,1,1
2016-09-01,1,1,0.9658231936403044,1,1
2016-09-02,1,1,1.0,1,1
2016-09-03,1,1,1.0,1,1
2016-09-04,1,0,1.0,1,1
2016-09-05,1,1,1.0000000000000002,1,1
2016-09-06,1,1,1.0000000000000002,1,1
2016-09-07,1,1,1.0,1,1
2016-09-08,1,0,1.0000000000000002,1,1
2016-09-09,1,1,0.962173305022311,1,1
2016-09-10,1,0,1.0,1,1
2016-09-11,1,1,1.0,1,1
2016-09-12,1,1,0.0,0,1
2016-09-13,1,1,0.9999999999999998,1,1
2016-09-14,1,0,0.9674878030423889,1,1
2016-09-15,1,0,0.9661470357089714,1,1
2016-09-16,1,0,0.0,0,1
2016-09-17,1,1,0.9999999999999998,1,1
2016-09-18,1,0,1.0,1,1
2016-09-19,1,0,0.9999999999999998,1,1
2016-09-20,1,0,0.968123989080286,1,1
2016-09-21,1,0,0.9999999999999997,1,1
2016-09-22,1,1,1.0000000000000002,1,1
2016-09-23,1,0,0.0,0,1
2016-09-24,1,0,0.9668132832448345,1,1
2016-09-25,1,1,0.9999999999999999,1,1
2016-09-26,1,0,0.9624810153924138,1,1
2016-09-27,1,0,0.0,0,1
2016-09-28,1,1,0.9999999999999998,1,1
2016-09-29,1,1,0.9680029407560639,1,1
2016-09-30,1,1,1.0,1,1
2016-10-01,1,0,1.0000000000000002,1,1
2016-10-02,1,1,0.9663790150683651,1,1
2016-10-03,1,0,0.9677476785098184,1,1
2016-10-04,1,1,0.9999999999999999,1,1
2016-10-05,1,1,0.9677739881336471,1,1
2016-10-06,1,1,1.0000000000000002,1,1
2016-10-07,1,1,1.0000000000000004,1,1
2016-10-08,1,0,0.9678948694087823,1,1
2016-10-09,1,1,1.0000000000000002,1,1
2016-10-10,1,1,0.9676932682309116,1,1
2016-10-11,1,0,1.0,1,1
2016-10-12,1,1,1.0,1,1
2016-10-13,1,1,0.0,0,1
2016-10-14,1,0,0.9657882024955586,1,1
2016-10-15,1,1,1.0,1,1
2016-10-16,1,0,0.9999999999999999,1,1
2016-10-17,1,0,1.0,1,1
2016-10-18,1,0,1.0000000000000002,1,1
2016-10-19,1,1,0.9609866254938283,1,1
2016-10-20,1,1,0.9667613047736842,1,1
2016-10-21,1,1,0.0,0,1
2016-10-22,1,0,1.0,1,1
2016-10-23,1,0,1.0,1,1
2016-10-24,1,1,1.0,1,1
2016-10-25,1,1,0.0,0,1
2016-10-26,1,1,0.0,0,1
2016-10-27,1,1,0.9999999999999997,1,1
2016-10-28,1,1,0.0,0,1
2016-10-29,1,0,1.0,1,1
2016-10-30,1,0,0.9092622161347624,1,1
2016-10-31,1,1,1.0000000000000002,1,1
2016-11-01,1,1,0.9999999999999998,1,1
2016-11-02,1,0,1.0,1,1
2016-11-03,1,1,1.0,1,1
2016-11-04,1,1,0.0,0,1
2016-11-05,1,1,0.0,0,1
2016-11-06,1,0,0.9999999999999999,1,1
2016-11-07,1,1,1.0,1,1
2016-11-08,1,1,1.0,1,1
2016-11-09,1,0,0.9999999999999998,1,1
2016-11-10,1,1,0.9571263493923111,1,1
2016-11-11,1,0,0.0,0,1
2016-11-12,1,0,0.9528286694549442,1,1
2016-11-13,1,1,0.9631968255206678,1,1
2016-11-14,1,1,1.0,1,1
2016-11-15,1,1,0.9648786615164324,1,1
2016-11-16,1,0,1.0,1,1
2016-11-17,1,1,0.9999999999999999,1,1
2016-11-18,1,1,0.9367353495805715,1,1
2016-11-19,1,0,0.0,0,1
2016-11-20,1,1,0.0,0,1
2016-11-21,1,1,0.9479245483213995,1,1
2016-11-22,1,0,1.0,1,1
2016-11-23,1,0,0.9999999999999998,1,1
2016-11-24,1,1,0.9999999999999997,1,1
2016-11-25,1,0,0.0,0,1
2016-11-26,1,0,0.9638609510199923,1,1
2016-11-27,1,1,0.96597866134428,1,1
2016-11-28,1,0,0.0,0,1
2016-11-29,1,1,0.9678680561241104,1,1
2016-11-30,1,1,0.9608974422391885,1,1
2016-12-01,1,1,1.0,1,1
2016-12-02,1,0,0.9999999999999998,1,1
2016-12-03,1,1,0.9505080997712064,1,1
2016-12-04,1,0,0.9638151862526864,1,1
2016-12-05,1,1,0.9419918407990866,1,1
2016-12-06,1,1,1.0000000000000002,1,1
2016-12-07,1,1,1.0,1,1
2016-12-08,1,1,0.9675193765505379,1,1
2016-12-09,1,1,0.0,0,1
2016-12-10,1,0,1.0,1,1
2016-12-11,1,1,1.0000000000000002,1,1
2016-12-12,1,1,0.9603309060482143,1,1
2016-12-13,1,1,0.9664361488890373,1,1
2016-12-14,1,0,0.9677860199078473,1,1
2016-12-15,1,1,0.9669987057941162,1,1
2016-12-16,1,1,0.9654073915312974,1,1
2016-12-17,1,0,1.0,1,1
2016-12-18,1,1,0.9677415314813379,1,1
2016-12-19,1,1,0.9680257890097503,1,1
2016-12-20,1,1,0.9644099127438907,1,1
2016-12-21,1,1,0.0,0,1
2016-12-22,1,1,0.0,0,1
2016-12-23,1,0,0.021708860934321436,0,1
2016-12-24,1,0,0.9999999999999999,1,1
2016-12-25,1,1,1.0000000000000004,1,1
2016-12-26,1,1,0.8861424294419074,1,1
2016-12-27,1,1,0.8725229986040556,1,1
2016-12-28,1,0,1.0,1,1
2016-12-29,1,0,1.0000000000000002,1,1
2016-12-30,1,1,0.9999999999999999,1,1
2016-12-31,1,1,1.0,1,1
2017-01-01,1,1,1.0,1,1
2017-01-02,1,1,1.0000000000000002,1,1
2017-01-03,1,1,0.9999999999999999,1,1
2017-01-04,1,0,1.0,1,1
2017-01-05,1,0,9.523021128213195e-10,0,1
2017-01-06,1,1,0.0,0,1
2017-01-07,1,1,1.0000000000000002,1,1
2017-01-08,1,0,0.8256073256949612,1,1
2017-01-09,1,1,0.9223619686196798,1,1
2017-01-10,1,0,0.956433581536569,1,1
2017-01-11,1,1,1.0000000000000002,1,1
2017-01-12,1,1,0.181449421346071,0,1
2017-01-13,1,0,0.0,0,1
2017-01-14,1,1,0.805386223587781,1,1
2017-01-15,1,1,1.0000000000000002,1,1
2017-01-16,1,1,0.9515051294996214,1,1
2017-01-17,1,0,1.0000000000000002,1,1
2017-01-18,1,1,0.322344958687546,0,1
2017-01-19,1,0,0.6962327041734941,1,1
2017-01-20,1,1,0.8911451719912135,1,1
2017-01-21,1,1,0.8606737795980357,1,1
2017-01-22,1,0,0.9415970724020468,1,1
2017-01-23,1,0,0.9999999999999998,1,1
2017-01-24,1,1,0.8773398534136447,1,1
2017-01-25,1,1,0.0,0,1
2017-01-26,1,1,0.9452664290606744,1,1
2017-01-27,1,1,0.9627504262512067,1,1
2017-01-28,1,0,1.0000000000000004,1,1
2017-01-29,1,1,0.9673583418429895,1,1
2017-01-30,1,1,1.0000000000000002,1,1
2017-01-31,1,1,1.0,1,1
2017-02-01,1,1,1.0,1,1
2017-02-02,1,1,1.0,1,1
2017-02-03,1,1,0.9999999999999998,1,1
2017-02-04,1,0,0.9442821986336634,1,1
2017-02-05,1,1,0.9476925856168268,1,1
2017-02-06,1,1,1.0,1,1
2017-02-07,1,1,1.0,1,1
2017-02-08,1,0,0.9618878272730795,1,1
2017-02-09,1,0,1.0,1,1
2017-02-10,1,1,0.5537646280878019,1,1
2017-02-11,1,0,1.0,1,1
2017-02-12,1,0,0.9243565956219612,1,1
2017-02-13,1,1,1.0,1,1
2017-02-14,1,1,1.0,1,1
2017-02-15,1,1,0.9652539870736119,1,1
2017-02-16,1,1,1.0000000000000002,1,1
2017-02-17,1,1,1.0,1,1
2017-02-18,1,0,0.9617653225052348,1,1
2017-02-19,1,1,0.0,0,1
2017-02-20,1,1,1.0,1,1
2017-02-21,1,1,0.9999999999999998,1,1
2017-02-22,1,1,0.9999999999999999,1,1
2017-02-23,1,1,1.0,1,1
2017-02-24,1,0,0.8922162137403575,1,1
2017-02-25,1,1,1.0000000000000002,1,1
2017-02-26,1,1,0.919620686570914,1,1
2017-02-27,1,0,1.0000000000000002,1,1
2017-02-28,1,1,1.0,1,1
2017-03-01,1,1,1.0,1,1
2017-03-02,1,1,1.0,1,1
2017-03-03,1,0,1.0,1,1
2017-03-04,1,1,0.9999999999999998,1,1
2017-03-05,1,1,0.9575114946197049,1,1
2017-03-06,1,0,0.9999999999999998,1,1
2017-03-07,1,0,0.7705216048714949,1,1
2017-03-08,1,1,1.0000000000000002,1,1
2017-03-09,1,0,1.0,1,1
2017-03-10,1,1,1.0,1,1
2017-03-11,1,1,0.0,0,1
2017-03-12,1,1,1.0,1,1
2017-03-13,1,1,0.0,0,1
2017-03-14,1,1,0.8649992630218134,1,1
2017-03-15,1,0,1.0000000000000002,1,1
2017-03-16,1,0,1.0,1,1
2017-03-17,1,0,1.0000000000000002,1,1
2017-03-18,1,1,1.0000000000000002,1,1
2017-03-19,1,1,1.0,1,1
2017-03-20,1,1,0.0,0,1
2017-03-21,1,0,0.020486057543945363,0,1
2017-03-22,1,0,0.0,0,1
2017-03-23,1,0,0.4797258717397359,0,1
2017-03-24,1,1,0.9999999999999999,1,1
2017-03-25,1,0,0.0,0,1
2017-03-26,1,1,0.6161389500266196,1,1
2017-03-27,1,1,0.0008895216358019666,0,1
2017-03-28,1,0,0.5162009045941981,1,1
2017-03-29,1,0,0.0,0,1
2017-03-30,1,1,0.9139855373683893,1,1
2017-03-31,1,1,1.0,1,1
2017-04-01,1,1,0.0,0,1
2017-04-02,1,1,0.9122871901359882,1,1
2017-04-03,1,0,0.7743033973264438,1,1
2017-04-04,1,0,0.0,0,1
2017-04-05,1,1,0.9503415277709079,1,1
2017-04-06,1,0,0.46067254068516517,0,1
2017-04-07,1,0,1.0000000000000002,1,1
2017-04-08,1,1,0.9250769745329481,1,1
2017-04-09,1,0,1.0,1,1
2017-04-10,1,1,0.9648828459836754,1,1
2017-04-11,1,0,1.0,1,1
2017-04-12,1,0,0.9651358686000054,1,1
2017-04-13,1,0,0.9167146569877697,1,1
2017-04-14,1,1,0.9999999999999999,1,1
2017-04-15,1,1,1.0000000000000002,1,1
2017-04-16,1,1,0.9648203009283628,1,1
2017-04-17,1,1,0.9644464962267224,1,1
2017-04-18,1,0,0.0,0,1
2017-04-19,1,1,0.0,0,1
2017-04-20,1,0,0.0,0,1
2017-04-21,1,1,0.9635953326800617,1,1
2017-04-22,1,0,1.0,1,1
2017-04-23,1,1,1.0,1,1
2017-04-24,1,1,0.8299393049458117,1,1
2017-04-25,1,1,1.0,1,1
2017-04-26,1,1,0.9505415096922204,1,1
2017-04-27,1,0,1.0000000000000004,1,1
2017-04-28,1,1,1.0,1,1
2017-04-29,1,1,0.9647221935963711,1,1
2017-04-30,1,1,0.9999999999999996,1,1
2017-05-01,1,1,1.0,1,1
2017-05-02,1,1,1.0,1,1
2017-05-03,1,1,0.7734619087158093,1,1
2017-05-04,1,1,0.9999999999999999,1,1
2017-05-05,1,1,0.9066897204150473,1,1
2017-05-06,1,1,0.9406711489484707,1,1
2017-05-07,1,1,0.9999999999999998,1,1
2017-05-08,1,1,1.0,1,1
2017-05-09,1,1,0.42103769057367985,0,1
2017-05-10,1,1,0.0,0,1
2017-05-11,1,0,1.0,1,1
2017-05-12,1,1,0.0,0,1
2017-05-13,1,1,0.06285763451175998,0,1
2017-05-14,1,0,0.5703036698628781,1,1
2017-05-15,1,0,0.3887363584958848,0,1
2017-05-16,1,1,0.7743311988474165,1,1
2017-05-17,1,1,0.08640146008019954,0,1
2017-05-18,1,1,1.0,1,1
2017-05-19,1,1,0.0,0,1
2017-05-20,1,0,1.0,1,1
2017-05-21,1,1,1.0,1,1
2017-05-22,1,1,1.0000000000000002,1,1
2017-05-23,1,1,0.002747237883594287,0,1
2017-05-24,1,0,1.0,1,1
2017-05-25,1,0,1.0,1,1
2017-05-26,1,0,0.06004056306233526,0,1
2017-05-27,1,1,1.0,1,1
2017-05-28,1,1,0.013951466414554126,0,1
2017-05-29,1,0,0.0,0,1
2017-05-30,1,1,0.17654067090655695,0,1
2017-05-31,1,1,0.0,0,1
2017-06-01,1,1,0.0,0,1
2017-06-02,1,1,0.22432626197865665,0,1
2017-06-03,1,0,0.6582713968745862,1,1
2017-06-04,1,1,1.0000000000000002,1,1
2017-06-05,2,1,1.0,1,1
2017-06-06,2,0,1.0,1,1
2017-06-07,2,1,0.9999999999999999,1,1
2017-06-08,2,1,1.0000000000000002,1,1
2017-06-09,2,1,1.0000000000000002,1,1
2017-06-10,2,1,1.0000000000000002,1,1
2017-06-11,2,0,1.0,1,1
2017-06-12,2,1,1.0,1,1
2017-06-13,2,0,1.0,1,1
2017-06-14,2,0,0.9999999999999999,1,1
2017-06-15,2,1,0.9999999999999999,1,1
2017-06-16,2,1,0.9999999999999997,1,1
2017-06-17,2,0,1.0,1,1
2017-06-18,2,1,0.9999999999999999,1,1
2017-06-19,2,1,1.0,1,1
2017-06-20,2,0,1.0,1,1
2017-06-21,2,1,1.0000000000000002,1,1
2017-06-22,2,1,1.0000000000000002,1,1
2017-06-23,2,0,1.0000000000000002,1,1
2017-06-24,2,0,1.0,1,1
2017-06-25,2,0,1.0,1,1
2017-06-26,2,1,1.0,1,1
2017-06-27,2,1,1.0,1,1
2017-06-28,2,0,0.4706530002020584,0,1
2017-06-29,2,0,0.9999999999999998,1,1
2017-06-30,2,0,0.24379658032105106,0,1
2017-07-01,2,1,0.9999999999999999,1,1
2017-07-02,2,1,1.0,1,1
2017-07-03,2,1,0.2824479856073215,0,1
2017-07-04,2,1,0.9999999999999997,1,1
2017-07-05,2,1,1.0,1,1
2017-07-06,2,0,0.9999999999999999,1,1
2017-07-07,2,1,0.9999999999999999,1,1
2017-07-08,2,0,0.9999999999999998,1,1
2017-07-09,2,0,0.9999999999999999,1,1
2017-07-10,2,0,1.0000000000000002,1,1
2017-07-11,2,1,0.9999999999999998,1,1
2017-07-12,2,0,1.0,1,1
2017-07-13,2,0,0.39569611044314434,0,1
2017-07-14,2,0,1.0,1,1
2017-07-15,2,0,1.0000000000000002,1,1
2017-07-16,2,1,1.0000000000000002,1,1
2017-07-17,2,1,0.9999999999999999,1,1
2017-07-18,2,0,0.9999999999999999,1,1
2017-07-19,2,1,1.0000000000000002,1,1
2017-07-20,2,0,0.9999999999999996,1,1
2017-07-21,2,1,0.9999999999999999,1,1
2017-07-22,2,0,1.0000000000000002,1,1
2017-07-23,2,1,0.8756061897295822,1,1
2017-07-24,2,0,0.9999999999999998,1,1
2017-07-25,2,0,1.0,1,1
2017-07-26,2,1,0.0,0,1
2017-07-27,2,1,1.0000000000000002,1,1
2017-07-28,2,0,1.0,1,1
2017-07-29,2,1,1.0000000000000002,1,1
2017-07-30,2,1,0.0,0,1
2017-07-31,2,0,1.0000000000000002,1,1
2017-08-01,2,0,1.0000000000000002,1,1
2017-08-02,2,1,0.9999999999999998,1,1
2017-08-03,2,1,1.0,1,1
2017-08-04,2,1,0.9999999999999999,1,1
2017-08-05,2,0,0.9999999999999999,1,1
2017-08-06,2,1,1.0000000000000002,1,1
2017-08-07,2,1,0.9940141497630024,1,1
2017-08-08,2,0,0.9999999999999998,1,1
2017-08-09,2,1,1.0,1,1
2017-08-10,2,1,1.0000000000000002,1,1
2017-08-11,2,1,1.0,1,1
2017-08-12,2,1,1.0,1,1
2017-08-13,2,1,1.0,1,1
2017-08-14,2,0,0.9999999999999999,1,1
2017-08-15,2,1,0.9999999999999999,1,1
2017-08-16,2,0,1.0,1,1
2017-08-17,2,0,1.0,1,1
2017-08-18,2,1,1.0,1,1
2017-08-19,2,0,0.9999999999999998,1,1
2017-08-20,2,0,0.9999999999999998,1,1
2017-08-21,2,1,1.0,1,1
2017-08-22,2,1,1.0,1,1
2017-08-23,2,1,1.0,1,1
2017-08-24,2,1,1.0,1,1
2017-08-25,2,0,0.9999999999999999,1,1
2017-08-26,2,1,1.0000000000000002,1,1
2017-08-27,2,0,1.0,1,1
2017-08-28,2,1,1.0000000000000002,1,1
2017-08-29,2,0,1.0,1,1
2017-08-30,2,1,1.0,1,1
2017-08-31,2,1,1.0,1,1
2017-09-01,2,0,1.0000000000000002,1,1
2017-09-02,2,1,1.0,1,1
2017-09-03,2,0,0.9999999999999998,1,1
2017-09-04,2,1,1.0,1,1
2017-09-05,2,1,1.0,1,1
2017-09-06,2,1,1.0,1,1
2017-09-07,2,0,1.0,1,1
2017-09-08,2,0,0.9999999999999999,1,1
2017-09-09,2,0,0.9999999999999998,1,1
2017-09-10,2,1,1.0,1,1
2017-09-11,2,0,1.0,1,1
2017-09-12,2,0,1.0000000000000004,1,1
2017-09-13,2,0,1.0000000000000002,1,1
2017-09-14,2,1,1.0,1,1
2017-09-15,2,0,1.0,1,1
2017-09-16,2,0,0.5766770759278238,1,1
2017-09-17,2,1,0.9999999999999999,1,1
2017-09-18,2,0,0.9999999999999998,1,1
2017-09-19,2,0,0.9999999999999998,1,1
2017-09-20,2,0,0.9999999999999999,1,1
2017-09-21,2,0,0.9999999999999999,1,1
2017-09-22,2,1,1.0,1,1
2017-09-23,2,0,0.9999999999999999,1,1
2017-09-24,2,1,0.9999999999999999,1,1
2017-09-25,2,0,1.0,1,1
2017-09-26,2,1,0.6089600968581411,1,1
2017-09-27,2,0,1.0,1,1
2017-09-28,2,0,1.0,1,1
2017-09-29,2,1,1.0000000000000002,1,1
2017-09-30,2,1,1.0,1,1
2017-10-01,2,1,1.0,1,1
2017-10-02,2,0,1.0000000000000002,1,1
2017-10-03,2,0,1.0,1,1
2017-10-04,2,1,1.0,1,1
2017-10-05,2,1,1.0000000000000004,1,1
2017-10-06,2,1,0.9999999999999999,1,1
2017-10-07,2,1,0.9999999999999999,1,1
2017-10-08,2,1,1.0,1,1
2017-10-09,2,1,1.0,1,1
2017-10-10,2,1,1.0000000000000002,1,1
2017-10-11,2,1,0.9999999999999999,1,1
2017-10-12,2,1,0.9999999999999998,1,1
2017-10-13,2,1,0.9999999999999999,1,1
2017-10-14,2,0,1.0,1,1
2017-10-15,2,1,1.0,1,1
2017-10-16,2,0,1.0,1,1
2017-10-17,2,0,1.0,1,1
2017-10-18,2,1,1.0,1,1
2017-10-19,2,1,1.0000000000000002,1,1
2017-10-20,2,1,0.9999999999999999,1,1
2017-10-21,2,0,1.0,1,1
2017-10-22,2,0,1.0,1,1
2017-10-23,2,0,0.0,0,1
2017-10-24,2,1,0.999169444671772,1,1
2017-10-25,2,1,1.0,1,1
2017-10-26,2,0,1.0,1,1
2017-10-27,2,0,0.5931558659665476,1,1
2017-10-28,2,1,0.9999999999999998,1,1
2017-10-29,2,0,1.0,1,1
2017-10-30,2,1,1.0,1,1
2017-10-31,2,1,0.9999999999999999,1,1
2017-11-01,2,1,1.0,1,1
2017-11-02,2,1,1.0,1,1
2017-11-03,2,1,0.9999999999999999,1,1
2017-11-04,2,1,1.0,1,1
2017-11-05,2,0,0.9999999999999999,1,1
2017-11-06,2,1,1.0,1,1
2017-11-07,2,1,1.0,1,1
2017-11-08,2,0,1.0,1,1
2017-11-09,2,0,1.0,1,1
2017-11-10,2,0,1.0,1,1
2017-11-11,2,0,1.0000000000000002,1,1
2017-11-12,2,1,1.0,1,1
2017-11-13,2,1,0.9999999999999999,1,1
2017-11-14,2,1,1.0,1,1
2017-11-15,2,1,1.0,1,1
2017-11-16,2,0,1.0,1,1
2017-11-17,2,1,1.0000000000000002,1,1
2017-11-18,2,1,1.0,1,1
2017-11-19,2,1,1.0,1,1
2017-11-20,2,0,1.0000000000000002,1,1
2017-11-21,2,1,1.0,1,1
2017-11-22,2,0,1.0,1,1
2017-11-23,2,1,1.0000000000000002,1,1
2017-11-24,2,1,0.9999999999999999,1,1
2017-11-25,2,1,0.9999999999999999,1,1
2017-11-26,2,1,1.0,1,1
2017-11-27,2,1,0.9999999999999999,1,1
2017-11-28,2,0,1.0,1,1
2017-11-29,2,1,0.9999999999999998,1,1
2017-11-30,2,1,0.9999999999999998,1,1
2017-12-01,2,1,1.0000000000000002,1,1
2017-12-02,2,1,1.0,1,1
2017-12-03,2,1,0.9999999999999998,1,1
2017-12-04,2,1,1.0,1,1
2017-12-05,2,1,1.0000000000000002,1,1
2017-12-06,2,1,0.9999999999999998,1,1
2017-12-07,2,0,1.0,1,1
2017-12-08,2,0,1.0,1,1
2017-12-09,2,1,0.9999999999999999,1,1
2017-12-10,2,1,1.0,1,1
2017-12-11,2,1,1.0,1,1
2017-12-12,2,0,1.0000000000000002,1,1
2017-12-13,2,1,1.0,1,1
2017-12-14,2,1,0.9999999999999999,1,1
2017-12-15,2,1,1.0,1,1
2017-12-16,2,0,0.9999999999999998,1,1
2017-12-17,2,0,1.0,1,1
2017-12-18,2,0,0.9999999999999998,1,1
2017-12-19,2,0,1.0,1,1
2017-12-20,2,0,1.0,1,1
2017-12-21,2,0,1.0,1,1
2017-12-22,2,1,1.0,1,1
2017-12-23,2,0,0.9999999999999998,1,1
2017-12-24,2,1,1.0,1,1
2017-12-25,2,1,1.0,1,1
2017-12-26,2,0,0.9999999999999999,1,1
2017-12-27,2,0,1.0000000000000002,1,1
2017-12-28,2,1,0.9999999999999999,1,1
2017-12-29,2,0,1.0,1,1
2017-12-30,2,1,1.0,1,1
2017-12-31,2,0,1.0,1,1
2018-01-01,2,1,0.945892344749783,1,1
2018-01-02,2,1,1.0,1,1
2018-01-03,2,1,1.0,1,1
2018-01-04,2,1,0.9999999999999998,1,1
2018-01-05,2,1,1.0,1,1
2018-01-06,2,0,0.9999999999999999,1,1
2018-01-07,2,0,0.9999999999999999,1,1
2018-01-08,2,0,1.0,1,1
2018-01-09,2,1,1.0,1,1
2018-01-10,2,0,1.0,1,1
2018-01-11,2,1,1.0,1,1
2018-01-12,2,1,1.0000000000000002,1,1
2018-01-13,2,0,1.0,1,1
2018-01-14,2,1,0.9614325827858318,1,1
2018-01-15,2,0,1.0,1,1
2018-01-16,2,0,1.0,1,1
2018-01-17,2,1,1.0,1,1
2018-01-18,2,1,0.9999999999999998,1,1
2018-01-19,2,1,0.38724109812735186,0,1
2018-01-20,2,0,1.0,1,1
2018-01-21,2,0,0.9999999999008643,1,1
2018-01-22,2,0,1.0,1,1
2018-01-23,2,1,1.0,1,1
2018-01-24,2,0,0.9999999999999999,1,1
2018-01-25,2,0,1.0000000000000002,1,1
2018-01-26,2,1,0.9999999999999998,1,1
2018-01-27,2,1,1.0,1,1
2018-01-28,2,0,1.0000000000000002,1,1
2018-01-29,2,0,1.0,1,1
2018-01-30,2,1,1.0,1,1
2018-01-31,2,0,1.0,1,1
2018-02-01,2,0,1.0,1,1
2018-02-02,2,1,1.0,1,1
2018-02-03,2,0,1.0,1,1
2018-02-04,2,0,1.0,1,1
2018-02-05,2,1,0.9999999999999999,1,1
2018-02-06,2,0,0.9999999999999999,1,1
2018-02-07,2,1,0.7157889925182456,1,1
2018-02-08,2,1,1.0,1,1
2018-02-09,2,0,0.0,0,1
2018-02-10,2,0,1.0000000000000002,1,1
2018-02-11,2,1,0.0,0,1
2018-02-12,2,0,1.0,1,1
2018-02-13,2,1,1.0,1,1
2018-02-14,2,1,1.0,1,1
2018-02-15,2,1,1.0,1,1
2018-02-16,2,1,0.9999999999999999,1,1
2018-02-17,2,0,1.0,1,1
2018-02-18,2,1,0.9999999999999999,1,1
2018-02-19,2,1,1.0,1,1
2018-02-20,2,0,1.0000000000000002,1,1
2018-02-21,2,0,1.0,1,1
2018-02-22,2,1,0.9999999999999999,1,1
2018-02-23,2,0,1.0,1,1
2018-02-24,2,0,1.0,1,1
2018-02-25,2,1,0.9999999999999998,1,1
2018-02-26,2,1,1.0,1,1
2018-02-27,2,0,1.0000000000000002,1,1
2018-02-28,2,1,1.0,1,1
2018-03-01,2,1,1.0,1,1
2018-03-02,2,1,0.9999999999999998,1,1
2018-03-03,2,1,1.0,1,1
2018-03-04,2,1,0.9999999999999996,1,1
2018-03-05,2,0,1.0000000000000004,1,1
2018-03-06,2,0,1.0000000000000002,1,1
2018-03-07,2,0,0.9999999999999999,1,1
2018-03-08,2,0,0.9994350924860608,1,1
2018-03-09,2,0,1.0,1,1
2018-03-10,2,1,1.0,1,1
2018-03-11,2,0,1.0,1,1
2018-03-12,2,0,0.9999999999999999,1,1
2018-03-13,2,0,0.9999999999999998,1,1
2018-03-14,2,1,1.0,1,1
2018-03-15,2,1,1.0,1,1
2018-03-16,2,0,0.9999999999999998,1,1
2018-03-17,2,1,0.9999999999999999,1,1
2018-03-18,2,1,1.0,1,1
2018-03-19,2,1,1.0,1,1
2018-03-20,2,1,1.0,1,1
2018-03-21,2,0,1.0000000000000004,1,1
2018-03-22,2,1,1.0,1,1
2018-03-23,2,0,1.0,1,1
2018-03-24,2,0,1.0000000000000002,1,1
2018-03-25,2,0,1.0000000000000002,1,1
2018-03-26,2,0,1.0,1,1
2018-03-27,2,1,0.9999999999999999,1,1
2018-03-28,2,0,1.0,1,1
2018-03-29,2,0,0.9999999999999999,1,1
2018-03-30,2,1,0.9999999999999999,1,1
2018-03-31,2,0,1.0,1,1
2018-04-01,2,1,1.0,1,1
2018-04-02,2,1,0.9999999999999999,1,1
2018-04-03,2,0,1.0,1,1
2018-04-04,2,0,1.0,1,1
2018-04-05,2,0,1.0,1,1
2018-04-06,2,1,0.0,0,1
2018-04-07,2,1,1.0,1,1
2018-04-08,2,0,1.0000000000000002,1,1
2018-04-09,2,1,0.8244429671269252,1,1
2018-04-10,2,1,1.0000000000000004,1,1
2018-04-11,2,1,1.0000000000000002,1,1
2018-04-12,2,1,1.0,1,1
2018-04-13,2,1,0.5725105170150017,1,1
2018-04-14,2,1,1.0,1,1
2018-04-15,2,0,1.0,1,1
2018-04-16,2,0,1.0,1,1
2018-04-17,2,1,0.6146895657435657,1,1
2018-04-18,2,1,1.0,1,1
2018-04-19,2,1,0.9999999999999999,1,1
2018-04-20,2,1,0.9999999999999999,1,1
2018-04-21,2,0,0.5915760248644274,1,1
2018-04-22,2,1,1.0,1,1
2018-04-23,2,1,1.0000000000000002,1,1
2018-04-24,2,0,0.9999999999999999,1,1
2018-04-25,2,1,0.9999999617912632,1,1
2018-04-26,2,0,1.0000000000000002,1,1
2018-04-27,2,1,0.9999999999999999,1,1
2018-04-28,2,1,1.0,1,1
2018-04-29,2,0,1.0,1,1
2018-04-30,2,0,1.0000000000000002,1,1
2018-05-01,2,1,1.0,1,1
2018-05-02,2,1,1.0000000000000002,1,1
2018-05-03,2,0,1.0,1,1
2018-05-04,2,1,0.9999999999999999,1,1
2018-05-05,2,0,1.0,1,1
2018-05-06,2,0,1.0,1,1
2018-05-07,2,0,0.9999999999999999,1,1
2018-05-08,2,1,1.0,1,1
2018-05-09,2,0,0.9999999999999999,1,1
2018-05-10,2,0,1.0000000000000002,1,1
2018-05-11,2,1,1.0,1,1
2018-05-12,2,1,1.0,1,1
2018-05-13,2,0,1.0,1,1
2018-05-14,2,0,0.9999999999999999,1,1
2018-05-15,2,0,0.9999999999999999,1,1
2018-05-16,2,0,1.0000000000000004,1,1
2018-05-17,2,1,1.0,1,1
2018-05-18,2,0,1.0,1,1
2018-05-19,2,1,0.9999999999999999,1,1
2018-05-20,2,0,1.0,1,1
2018-05-21,2,0,1.0000000000000002,1,1
2018-05-22,2,0,0.9999999999999998,1,1
2018-05-23,2,1,0.9999999999999999,1,1
2018-05-24,2,0,1.0000000000000002,1,1
2018-05-25,2,0,0.29628325260601535,0,1
2018-05-26,2,1,1.0,1,1
2018-05-27,2,0,1.0,1,1
2018-05-28,2,1,1.0,1,1
2018-05-29,2,0,1.0,1,1
2018-05-30,2,1,1.0,1,1
2018-05-31,2,1,0.27333115505800243,0,1
2018-06-01,2,1,0.9999999999999999,1,1
2018-06-02,2,1,1.0000000000000002,1,1
2018-06-03,2,0,1.0000000000000002,1,1
2018-06-04,2,1,1.0,1,1
2018-06-05,2,1,1.0,1,1
2018-06-06,2,1,0.9999999999999999,1,1
2018-06-07,2,0,1.0,1,1
2018-06-08,2,0,1.0,1,1
2018-06-09,2,0,1.0,1,1
2018-06-10,2,1,1.0,1,1
2018-06-11,2,0,1.0000000000000002,1,1
2018-06-12,2,0,1.0,1,1
2018-06-13,2,1,1.0000000000000002,1,1
2018-06-14,2,0,1.0,1,1
2018-06-15,2,1,1.0,1,1
2018-06-16,2,0,1.0000000000000002,1,1
2018-06-17,2,1,1.0,1,1
2018-06-18,2,1,1.0,1,1
2018-06-19,2,1,1.0,1,1
2018-06-20,2,0,1.0,1,1
2018-06-21,2,0,0.9999999999999998,1,1
2018-06-22,2,1,1.0,1,1
2018-06-23,2,1,1.0,1,1
2018-06-24,2,1,0.9999999999999999,1,1
2018-06-25,2,0,0.9999999999999999,1,1
2018-06-26,2,1,1.0,1,1
2018-06-27,2,0,0.9999999999999997,1,1
2018-06-28,2,1,1.0,1,1
2018-06-29,2,1,0.9999999999999999,1,1
2018-06-30,2,0,0.9999999999999999,1,1
2018-07-01,2,1,1.0000000000000002,1,1
2018-07-02,2,0,1.0000000000000002,1,1
2018-07-03,2,1,0.0,0,1
2018-07-04,2,1,1.0,1,1
2018-07-05,2,1,1.0000000000000002,1,1
2018-07-06,2,1,1.0,1,1
2018-07-07,2,0,1.0,1,1
2018-07-08,2,0,1.0000000000000004,1,1
2018-07-09,2,0,1.0,1,1
2018-07-10,2,1,1.0,1,1
2018-07-11,2,0,1.0,1,1
2018-07-12,2,1,1.0,1,1
2018-07-13,2,1,0.26288568427175496,0,1
2018-07-14,2,1,1.0,1,1
2018-07-15,2,1,0.9999999999999998,1,1
2018-07-16,2,1,0.9999999999999999,1,1
2018-07-17,2,1,0.9999999999999999,1,1
2018-07-18,2,1,1.0000000000000002,1,1
2018-07-19,2,0,1.0,1,1
2018-07-20,2,1,1.0000000000000004,1,1
2018-07-21,2,0,1.0,1,1
2018-07-22,2,1,1.0,1,1
2018-07-23,2,1,1.0,1,1
2018-07-24,2,0,1.0,1,1
2018-07-25,2,0,1.0,1,1
2018-07-26,2,1,1.0000000000000002,1,1
2018-07-27,2,1,1.0,1,1
2018-07-28,2,1,1.0,1,1
2018-07-29,2,0,1.0,1,1
2018-07-30,2,0,1.0,1,1
2018-07-31,2,0,1.0,1,1
2018-08-01,2,0,1.0,1,1
2018-08-02,2,0,0.9999999999999998,1,1
2018-08-03,2,0,0.9999999999999999,1,1
2018-08-04,2,1,1.0,1,1
2018-08-05,2,0,0.9999999999999999,1,1
2018-08-06,2,0,0.3340013238312119,0,1
2018-08-07,2,0,1.0,1,1
2018-08-08,2,1,1.0,1,1
2018-08-09,2,0,1.0,1,1
2018-08-10,2,1,0.9995362256826702,1,1
2018-08-11,2,1,1.0,1,1
2018-08-12,2,0,1.0,1,1
2018-08-13,2,0,0.9999999999999996,1,1
2018-08-14,2,1,1.0000000000000002,1,1
2018-08-15,2,1,0.0,0,1
2018-08-16,2,1,1.0,1,1
2018-08-17,2,0,1.0,1,1
2018-08-18,2,1,1.0000000000000002,1,1
2018-08-19,2,0,1.0000000000000002,1,1
2018-08-20,2,1,0.9999999999999999,1,1
2018-08-21,2,0,1.0,1,1
2018-08-22,2,1,0.9999999999999998,1,1
2018-08-23,2,1,0.3247810615405698,0,1
2018-08-24,2,1,1.0,1,1
2018-08-25,2,0,1.0,1,1
2018-08-26,2,1,1.0,1,1
2018-08-27,2,1,1.0,1,1
2018-08-28,2,0,1.0,1,1
2018-08-29,2,0,0.9999999999999997,1,1
2018-08-30,2,1,1.0,1,1
2018-08-31,2,1,0.9999999999999998,1,1
2018-09-01,2,1,1.0,1,1
2018-09-02,2,0,1.0,1,1
2018-09-03,2,1,1.0000000000000002,1,1
2018-09-04,2,0,0.9999999999999997,1,1
2018-09-05,2,0,1.0,1,1
2018-09-06,2,0,1.0,1,1
2018-09-07,2,0,0.6073804992939411,1,1
2018-09-08,2,1,0.9999999999999999,1,1
2018-09-09,2,1,1.0000000000000002,1,1
2018-09-10,2,0,1.0000000000000002,1,1
2018-09-11,2,1,1.0000000000000002,1,1
2018-09-12,2,1,1.0,1,1
2018-09-13,2,0,0.9999999999999999,1,1
2018-09-14,2,1,0.9999999999999999,1,1
2018-09-15,2,0,1.0000000000000002,1,1
2018-09-16,2,0,1.0000000000000002,1,1
2018-09-17,2,1,1.0,1,1
2018-09-18,2,1,1.0000000000000002,1,1
2018-09-19,2,1,0.9999999999999998,1,1
2018-09-20,2,1,1.0000000000000004,1,1
2018-09-21,2,0,1.0,1,1
2018-09-22,3,0,0.03852826020965597,0,1
2018-09-23,3,0,1.0,1,1
2018-09-24,3,0,1.0000000000000002,1,1
2018-09-25,3,1,0.07930237447794958,0,1
2018-09-26,3,1,1.0,1,1
2018-09-27,3,0,1.0,1,1
2018-09-28,3,0,0.9999999999999998,1,1
2018-09-29,3,1,0.0383099708710862,0,1
2018-09-30,3,0,0.9999999999999999,1,1
2018-10-01,3,0,1.0000000000000002,1,1
2018-10-02,3,0,1.0,1,1
2018-10-03,3,1,1.0000000000000002,1,1
2018-10-04,3,1,0.9999999999999999,1,1
2018-10-05,3,0,0.9999999999999998,1,1
2018-10-06,3,1,0.9999999999999999,1,1
2018-10-07,3,1,1.0,1,1
2018-10-08,3,0,1.0,1,1
2018-10-09,3,0,0.9999999999999999,1,1
2018-10-10,3,0,0.9999999999999999,1,1
2018-10-11,3,1,1.0,1,1
2018-10-12,3,1,1.0,1,1
2018-10-13,3,1,1.0,1,1
2018-10-14,3,1,1.0000000000000002,1,1
2018-10-15,3,0,0.0,0,1
2018-10-16,3,0,1.0,1,1
2018-10-17,3,0,1.0,1,1
2018-10-18,3,0,1.0,1,1
2018-10-19,3,1,0.9999999999999999,1,1
2018-10-20,3,0,0.9999999999999999,1,1
2018-10-21,3,1,1.0,1,1
2018-10-22,3,0,0.031206414531319514,0,1
2018-10-23,3,1,0.9999999999999998,1,1
2018-10-24,3,0,1.0000000000000002,1,1
2018-10-25,3,0,1.0000000000000002,1,1
2018-10-26,3,1,1.0,1,1
2018-10-27,3,1,0.9999999999999998,1,1
2018-10-28,3,0,1.0,1,1
2018-10-29,3,1,1.0,1,1
2018-10-30,3,0,1.0000000000000002,1,1
2018-10-31,3,1,0.9999999999999999,1,1
2018-11-01,3,1,1.0,1,1
2018-11-02,3,0,1.0000000000000002,1,1
2018-11-03,3,1,0.9999999999999999,1,1
2018-11-04,3,1,1.0000000000000002,1,1
2018-11-05,3,1,1.0000000000000002,1,1
2018-11-06,3,1,0.9999999999999999,1,1
2018-11-07,3,0,1.0,1,1
2018-11-08,3,0,1.0,1,1
2018-11-09,3,1,1.0,1,1
2018-11-10,3,1,0.9999999999999998,1,1
2018-11-11,3,0,1.0,1,1
2018-11-12,3,0,0.9999999999999999,1,1
2018-11-13,3,0,1.0000000000000002,1,1
2018-11-14,3,0,0.9999999999999999,1,1
2018-11-15,3,0,0.9999999999999999,1,1
2018-11-16,3,0,0.9999999999999998,1,1
2018-11-17,3,1,0.9999999999999998,1,1
2018-11-18,3,0,0.9999999999999997,1,1
2018-11-19,3,0,0.9999999999999998,1,1
2018-11-20,3,1,1.0,1,1
2018-11-21,3,0,0.9999999999999999,1,1
2018-11-22,3,0,1.0,1,1
2018-11-23,3,0,0.9999999999999997,1,1
2018-11-24,3,1,0.9999999999999999,1,1
2018-11-25,3,0,1.0000000000000002,1,1
2018-11-26,3,1,0.9999999999999999,1,1
2018-11-27,3,1,0.9999999999999998,1,1
2018-11-28,3,1,0.9999999999999999,1,1
2018-11-29,3,0,0.9999999999999999,1,1
2018-11-30,3,1,1.0,1,1
2018-12-01,3,0,1.0,1,1
2018-12-02,3,0,1.0,1,1
2018-12-03,3,1,1.0000000000000002,1,1
2018-12-04,3,0,1.0,1,1
2018-12-05,3,0,1.0,1,1
2018-12-06,3,0,0.9999999999999999,1,1
2018-12-07,3,1,1.0,1,1
2018-12-08,3,1,1.0000000000000002,1,1
2018-12-09,3,0,1.0,1,1
2018-12-10,3,0,0.9999999999999999,1,1
2018-12-11,3,1,1.0,1,1
2018-12-12,3,0,1.0000000000000002,1,1
2018-12-13,3,0,0.9999999999999999,1,1
2018-12-14,3,0,1.0,1,1
2018-12-15,3,1,0.9999999999999999,1,1
2018-12-16,3,1,0.9999999999999999,1,1
2018-12-17,3,1,1.0,1,1
2018-12-18,3,1,0.9999999999999999,1,1
2018-12-19,3,1,1.0,1,1
2018-12-20,3,0,1.0,1,1
2018-12-21,3,1,1.0,1,1
2018-12-22,3,0,1.0,1,1
2018-12-23,3,1,1.0,1,1
2018-12-24,3,0,1.0000000000000002,1,1
2018-12-25,3,1,1.0,1,1
2018-12-26,3,0,1.0000000000000002,1,1
2018-12-27,3,1,0.9999999999999998,1,1
2018-12-28,3,0,0.9999999999999999,1,1
2018-12-29,3,1,0.8843181426958218,1,1
2018-12-30,3,0,1.0,1,1
2018-12-31,3,1,0.6214060830733699,1,1
2019-01-01,3,1,1.0,1,1
2019-01-02,3,0,1.0,1,1
2019-01-03,3,1,0.45849821700326243,0,1
2019-01-04,3,0,0.9999999999999997,1,1
2019-01-05,3,1,1.0,1,1
2019-01-06,3,0,1.0,1,1
2019-01-07,3,1,0.9999999999999998,1,1
2019-01-08,3,1,1.0,1,1
2019-01-09,3,0,1.0000000000000002,1,1
2019-01-10,3,1,1.0,1,1
2019-01-11,3,0,0.7249780223415583,1,1
2019-01-12,3,0,1.0,1,1
2019-01-13,3,1,0.9999999999999998,1,1
2019-01-14,3,0,1.0,1,1
2019-01-15,3,1,1.0,1,1
2019-01-16,3,1,1.0,1,1
2019-01-17,3,0,1.0000000000000002,1,1
2019-01-18,3,1,0.9999999999999999,1,1
2019-01-19,3,0,0.9999999999999997,1,1
2019-01-20,3,0,1.0,1,1
2019-01-21,3,1,1.0,1,1
2019-01-22,3,0,1.0,1,1
2019-01-23,3,1,1.0000000000000002,1,1
2019-01-24,3,0,1.0,1,1
2019-01-25,3,1,1.0000000000000002,1,1
2019-01-26,3,0,0.9999999999999996,1,1
2019-01-27,3,0,1.0,1,1
2019-01-28,3,0,0.9999999999999999,1,1
2019-01-29,3,1,0.9999999999999998,1,1
2019-01-30,3,0,0.9999999999999999,1,1
2019-01-31,3,1,1.0,1,1
2019-02-01,3,1,0.04107289962228069,0,1
2019-02-02,3,0,0.038647614602572336,0,1
2019-02-03,3,0,0.9999999999999998,1,1
2019-02-04,3,1,0.9999999999999999,1,1
2019-02-05,3,0,1.0000000000000004,1,1
2019-02-06,3,0,0.9999999999999999,1,1
2019-02-07,3,1,1.0,1,1
2019-02-08,3,1,1.0000000000000002,1,1
2019-02-09,3,1,1.0,1,1
2019-02-10,3,0,1.0,1,1
2019-02-11,3,1,0.1714213657739444,0,1
2019-02-12,3,0,0.9999999999999998,1,1
2019-02-13,3,0,0.9999999999999999,1,1
2019-02-14,3,1,1.0,1,1
2019-02-15,3,1,0.03282594959482713,0,1
2019-02-16,3,1,1.0,1,1
2019-02-17,3,1,1.0000000000000002,1,1
2019-02-18,3,1,0.9999999999999999,1,1
2019-02-19,3,1,0.9999999999999998,1,1
2019-02-20,3,0,0.37309924575949205,0,1
2019-02-21,3,1,1.0,1,1
2019-02-22,3,1,1.0,1,1
2019-02-23,3,0,1.0,1,1
2019-02-24,3,1,1.0000000000000002,1,1
2019-02-25,3,0,1.0,1,1
2019-02-26,3,0,1.0000000000000002,1,1
2019-02-27,3,1,1.0,1,1
2019-02-28,3,1,0.9999999999999999,1,1
2019-03-01,3,1,0.0455548687871752,0,1
2019-03-02,3,0,0.9999999999999998,1,1
2019-03-03,3,0,1.0,1,1
2019-03-04,3,1,0.9999999999999999,1,1
2019-03-05,3,1,1.0000000000000002,1,1
2019-03-06,3,1,0.13583927292011055,0,1
2019-03-07,3,0,1.0,1,1
2019-03-08,3,1,0.038320705971234735,0,1
2019-03-09,3,0,1.0,1,1
2019-03-10,3,0,0.9999999999999998,1,1
2019-03-11,3,1,1.0,1,1
2019-03-12,3,0,0.9999999999999997,1,1
2019-03-13,3,1,0.9999999999999997,1,1
2019-03-14,3,1,0.03395174198538074,0,1
2019-03-15,3,1,1.0,1,1
2019-03-16,3,0,0.9999999999999998,1,1
2019-03-17,3,1,0.9999999999999998,1,1
2019-03-18,3,1,1.0000000000000002,1,1
2019-03-19,3,1,0.9999999999999999,1,1
2019-03-20,3,0,1.0,1,1
2019-03-21,3,0,1.0000000000000004,1,1
2019-03-22,3,1,0.9999999999999997,1,1
2019-03-23,3,0,1.0000000000000002,1,1
2019-03-24,3,0,1.0,1,1
2019-03-25,3,1,1.0,1,1
2019-03-26,3,1,1.0,1,1
2019-03-27,3,0,1.0000000000000002,1,1
2019-03-28,3,1,0.9999999999999999,1,1
2019-03-29,3,1,1.0000000000000002,1,1
2019-03-30,3,0,1.0000000000000002,1,1
2019-03-31,3,1,0.9999999999999998,1,1
2019-04-01,3,1,1.0,1,1
2019-04-02,3,1,1.0000000000000002,1,1
2019-04-03,3,0,1.0000000000000002,1,1
2019-04-04,3,1,0.9999999999999997,1,1
2019-04-05,3,1,0.9999999999999998,1,1
2019-04-06,3,1,1.0,1,1
2019-04-07,3,1,1.0,1,1
2019-04-08,3,0,1.0000000000000004,1,1
2019-04-09,3,1,1.0000000000000002,1,1
2019-04-10,3,0,0.11576011992239768,0,1
2019-04-11,3,1,1.0,1,1
2019-04-12,3,1,1.0,1,1
2019-04-13,3,1,1.0,1,1
2019-04-14,3,0,0.9999999999999999,1,1
2019-04-15,3,1,1.0,1,1
2019-04-16,3,1,0.3687238291516257,0,1
2019-04-17,3,1,1.0,1,1
2019-04-18,3,1,1.0000000000000002,1,1
2019-04-19,3,1,0.9999999999999999,1,1
2019-04-20,3,0,0.9999999999999997,1,1
2019-04-21,3,1,0.9999999999999998,1,1
2019-04-22,3,1,0.9999999999999998,1,1
2019-04-23,3,0,1.0000000000000002,1,1
2019-04-24,3,0,1.0,1,1
2019-04-25,3,1,1.0,1,1
2019-04-26,3,0,0.5371854454793428,1,1
2019-04-27,3,1,1.0,1,1
2019-04-28,3,0,1.0000000000000002,1,1
2019-04-29,3,1,0.05205964638413599,0,1
2019-04-30,3,1,1.0,1,1
2019-05-01,3,1,1.0,1,1
2019-05-02,3,1,1.0000000000000002,1,1
2019-05-03,3,1,1.0,1,1
2019-05-04,3,0,1.0,1,1
2019-05-05,3,0,0.9999999999999999,1,1
2019-05-06,3,1,0.9999999999999998,1,1
2019-05-07,3,1,0.05294489006200753,0,1
2019-05-08,3,1,0.9999999999999999,1,1
2019-05-09,3,1,0.9999999999999999,1,1
2019-05-10,3,1,0.9999999999999999,1,1
2019-05-11,3,0,1.0,1,1
2019-05-12,3,1,1.0,1,1
2019-05-13,3,1,0.9999999999999999,1,1
2019-05-14,3,1,1.0,1,1
2019-05-15,3,0,0.9999999999999999,1,1
2019-05-16,3,0,1.0,1,1
2019-05-17,3,0,0.9999999999999999,1,1
2019-05-18,3,1,0.9999999999999999,1,1
2019-05-19,3,0,1.0,1,1
2019-05-20,3,0,1.0,1,1
2019-05-21,3,0,1.0,1,1
2019-05-22,3,1,0.7684531510777073,1,1
2019-05-23,3,1,0.9999999999999999,1,1
2019-05-24,3,1,1.0000000000000002,1,1
2019-05-25,3,1,0.9999999999999997,1,1
2019-05-26,3,1,0.9999999999999999,1,1
2019-05-27,3,0,0.9999999999999999,1,1
2019-05-28,3,0,1.0,1,1
2019-05-29,3,0,0.9999999999999999,1,1
2019-05-30,3,1,1.0,1,1
2019-05-31,3,0,0.7836828295249412,1,1
2019-06-01,3,1,1.0,1,1
2019-06-02,3,0,0.9999999999999999,1,1
2019-06-03,3,0,1.0,1,1
2019-06-04,3,1,0.9999999999999999,1,1
2019-06-05,3,0,1.0,1,1
2019-06-06,3,1,1.0,1,1
2019-06-07,3,0,1.0,1,1
2019-06-08,3,0,0.9999999999999999,1,1
2019-06-09,3,1,0.9999999999999998,1,1
2019-06-10,3,0,1.0,1,1
2019-06-11,3,1,1.0000000000000002,1,1
2019-06-12,3,1,1.0000000000000002,1,1
2019-06-13,3,1,0.9999999999999999,1,1
2019-06-14,3,1,0.9552485748793279,1,1
2019-06-15,3,1,1.0,1,1
2019-06-16,3,1,1.0000000000000002,1,1
2019-06-17,3,0,1.0,1,1
2019-06-18,3,1,1.0,1,1
2019-06-19,3,1,0.9999999999999998,1,1
2019-06-20,3,1,1.0,1,1
2019-06-21,3,1,1.0,1,1
2019-06-22,3,1,1.0,1,1
2019-06-23,3,1,1.0000000000000002,1,1
2019-06-24,3,1,1.0000000000000002,1,1
2019-06-25,3,1,1.0000000000000002,1,1
2019-06-26,3,0,1.0,1,1
2019-06-27,3,1,1.0,1,1
2019-06-28,3,0,1.0,1,1
2019-06-29,3,0,1.0,1,1
2019-06-30,3,0,1.0,1,1
2019-07-01,3,1,1.0,1,1
2019-07-02,3,1,1.0,1,1
2019-07-03,3,0,1.0,1,1
2019-07-04,3,0,1.0,1,1
2019-07-05,3,1,0.831944507479323,1,1
2019-07-06,3,1,1.0000000000000002,1,1
2019-07-07,3,1,0.9999999999999999,1,1
2019-07-08,3,1,1.0,1,1
2019-07-09,3,0,0.9999999999999999,1,1
2019-07-10,3,0,1.0,1,1
2019-07-11,3,1,1.0000000000000002,1,1
2019-07-12,3,0,0.9829785827795949,1,1
2019-07-13,3,0,0.9999999999999999,1,1
2019-07-14,3,1,0.9999999999999999,1,1
2019-07-15,3,0,0.9999999999999999,1,1
2019-07-16,3,1,1.0,1,1
2019-07-17,3,1,1.0,1,1
2019-07-18,3,0,0.9999999999999999,1,1
2019-07-19,3,1,1.0,1,1
2019-07-20,3,0,0.9999999999999999,1,1
2019-07-21,3,0,1.0000000000000004,1,1
2019-07-22,3,0,1.0000000000000002,1,1
2019-07-23,3,0,1.0,1,1
2019-07-24,3,1,0.9999999999999999,1,1
2019-07-25,3,0,1.0000000000000002,1,1
2019-07-26,3,0,0.10015288433232744,0,1
2019-07-27,3,1,1.0000000000000002,1,1
2019-07-28,3,0,0.9999999999999996,1,1
2019-07-29,3,1,1.0000000000000002,1,1
2019-07-30,3,1,1.0000000000000002,1,1
2019-07-31,3,1,0.9999999999999999,1,1
2019-08-01,3,1,1.0,1,1
2019-08-02,3,1,1.0,1,1
2019-08-03,3,1,1.0,1,1
2019-08-04,3,1,1.0,1,1
2019-08-05,3,0,1.0,1,1
2019-08-06,3,1,0.8614289152744294,1,1
2019-08-07,3,1,0.9616612776461289,1,1
2019-08-08,3,0,0.9999999999999998,1,1
2019-08-09,3,0,0.9999999999999998,1,1
2019-08-10,3,1,1.0,1,1
2019-08-11,3,0,1.0,1,1
2019-08-12,3,0,1.0,1,1
2019-08-13,3,0,1.0,1,1
2019-08-14,3,1,0.9999999999999999,1,1
2019-08-15,3,1,1.0000000000000002,1,1
2019-08-16,3,0,1.0,1,1
2019-08-17,3,1,1.0000000000000002,1,1
2019-08-18,3,1,0.9999999999999999,1,1
2019-08-19,3,0,1.0,1,1
2019-08-20,3,0,1.0,1,1
2019-08-21,3,0,0.9999999999999999,1,1
2019-08-22,3,1,0.9999999999999999,1,1
2019-08-23,3,0,1.0,1,1
2019-08-24,3,0,0.9999999999999999,1,1
2019-08-25,3,1,1.0,1,1
2019-08-26,3,0,1.0,1,1
2019-08-27,3,0,1.0000000000000002,1,1
2019-08-28,3,0,1.0,1,1
2019-08-29,3,1,1.0,1,1
2019-08-30,3,1,0.3024042557979562,0,1
2019-08-31,3,1,0.9999999999999997,1,1
2019-09-01,3,1,1.0,1,1
2019-09-02,3,1,1.0,1,1
2019-09-03,3,0,1.0,1,1
2019-09-04,3,0,0.9999999999999998,1,1
2019-09-05,3,0,1.0,1,1
2019-09-06,3,1,1.0,1,1
2019-09-07,3,0,1.0000000000000002,1,1
2019-09-08,3,0,1.0,1,1
2019-09-09,3,0,1.0,1,1
2019-09-10,3,1,1.0,1,1
2019-09-11,3,1,1.0,1,1
2019-09-12,3,0,0.9999999999999999,1,1
2019-09-13,3,0,1.0000000000000002,1,1
2019-09-14,3,0,0.9999999999999999,1,1
2019-09-15,3,0,1.0000000000000002,1,1
2019-09-16,3,0,1.0000000000000002,1,1
2019-09-17,3,0,1.0000000000000002,1,1
2019-09-18,3,1,1.0,1,1
2019-09-19,3,0,1.0,1,1
2019-09-20,3,0,1.0000000000000002,1,1
2019-09-21,3,1,0.9999999999999997,1,1
2019-09-22,3,0,1.0000000000000002,1,1
2019-09-23,3,0,1.0,1,1
2019-09-24,3,0,0.9999999999999999,1,1
2019-09-25,3,0,1.0,1,1
2019-09-26,3,1,0.9999999999999999,1,1
2019-09-27,3,0,1.0,1,1
2019-09-28,3,0,0.9999999999999998,1,1
2019-09-29,3,1,1.0,1,1
2019-09-30,3,1,1.0,1,1
2019-10-01,3,1,0.08412801305553584,0,1
2019-10-02,3,0,1.0000000000000002,1,1
2019-10-03,3,0,1.0,1,1
2019-10-04,3,0,1.0,1,1
2019-10-05,3,0,1.0000000000000002,1,1
2019-10-06,3,1,1.0000000000000002,1,1
2019-10-07,3,0,0.9999999999999999,1,1
2019-10-08,3,1,1.0000000000000002,1,1
2019-10-09,3,0,1.0,1,1
2019-10-10,3,0,1.0000000000000002,1,1
2019-10-11,3,1,1.0,1,1
2019-10-12,3,0,0.9999999999999998,1,1
2019-10-13,3,1,0.9999999999999998,1,1
2019-10-14,3,0,1.0,1,1
2019-10-15,3,0,0.9999999999999998,1,1
2019-10-16,3,1,0.9999999999999997,1,1
2019-10-17,3,0,1.0,1,1
2019-10-18,3,1,0.9999999999999998,1,1
2019-10-19,3,1,1.0,1,1
2019-10-20,3,1,1.0,1,1
2019-10-21,3,0,1.0000000000000002,1,1
2019-10-22,3,0,1.0000000000000002,1,1
2019-10-23,3,0,1.0,1,1
2019-10-24,3,1,0.9999999999999998,1,1
2019-10-25,3,1,0.9999999999999999,1,1
2019-10-26,3,1,1.0000000000000002,1,1
2019-10-27,3,0,1.0,1,1
2019-10-28,3,1,1.0,1,1
2019-10-29,3,0,1.0,1,1
2019-10-30,3,0,1.0,1,1
2019-10-31,3,1,0.9999999999999998,1,1
2019-11-01,3,1,0.9999999999999999,1,1
2019-11-02,3,0,0.9999999999999997,1,1
2019-11-03,3,1,0.9999999999999997,1,1
2019-11-04,3,0,0.9999999999999998,1,1
2019-11-05,3,1,0.9999999999999998,1,1
2019-11-06,3,0,0.9999999999999999,1,1
2019-11-07,3,0,1.0,1,1
2019-11-08,3,1,0.6253367045945184,1,1
2019-11-09,3,1,1.0,1,1
2019-11-10,3,0,1.0,1,1
2019-11-11,3,1,1.0,1,1
2019-11-12,3,0,1.0,1,1
2019-11-13,3,0,1.0000000000000002,1,1
2019-11-14,3,0,0.9999999999999997,1,1
2019-11-15,3,1,1.0,1,1
2019-11-16,3,1,1.0,1,1
2019-11-17,3,0,1.0000000000000002,1,1
2019-11-18,3,0,0.9999999999999999,1,1
2019-11-19,3,0,1.0000000000000002,1,1
2019-11-20,3,0,1.0,1,1
2019-11-21,3,0,1.0,1,1
2019-11-22,3,1,0.9705464188495807,1,1
2019-11-23,3,0,1.0000000000000002,1,1
2019-11-24,3,1,0.9999999999999999,1,1
2019-11-25,3,1,1.0,1,1
2019-11-26,3,1,1.0,1,1
2019-11-27,3,0,1.0000000000000002,1,1
2019-11-28,3,1,1.0000000000000002,1,1
2019-11-29,3,0,0.8262922032590941,1,1
2019-11-30,3,0,1.0,1,1
2019-12-01,3,0,0.9999999999999998,1,1
2019-12-02,3,0,1.0,1,1
2019-12-03,3,0,1.0000000000000002,1,1
2019-12-04,3,1,1.0000000000000002,1,1
2019-12-05,3,1,1.0000000000000002,1,1
2019-12-06,3,1,0.9999999999999999,1,1
2019-12-07,3,1,1.0000000000000002,1,1
2019-12-08,3,0,1.0000000000000002,1,1
2019-12-09,3,0,1.0,1,1
2019-12-10,3,0,1.0000000000000002,1,1
2019-12-11,3,1,0.9999999999999998,1,1
2019-12-12,3,1,1.0,1,1
2019-12-13,3,0,1.0000000000000002,1,1
2019-12-14,3,1,1.0000000000000004,1,1
2019-12-15,3,0,1.0,1,1
2019-12-16,3,0,1.0,1,1
2019-12-17,3,1,1.0000000000000002,1,1
2019-12-18,3,0,0.9999999999999999,1,1
2019-12-19,3,1,1.0,1,1
2019-12-20,3,0,0.9999999999999999,1,1
2019-12-21,3,1,1.0,1,1
2019-12-22,3,0,1.0,1,1
2019-12-23,3,0,0.9999999999999998,1,1
2019-12-24,3,0,0.2572016260331431,0,1
2019-12-25,3,0,0.9999999999999998,1,1
2019-12-26,3,1,1.0,1,1
2019-12-27,3,1,1.0,1,1
2019-12-28,3,1,0.9999999999999998,1,1
2019-12-29,3,0,1.0000000000000002,1,1
2019-12-30,3,0,1.0,1,1
2019-12-31,3,1,0.04986899569654579,0,1
2020-01-01,3,0,0.9999999999999999,1,1
2020-01-02,3,1,1.0,1,1
2020-01-03,3,1,1.0000000000000002,1,1
2020-01-04,3,1,1.0,1,1
2020-01-05,3,1,0.9999999999999998,1,1
2020-01-06,3,1,1.0000000000000002,1,1
2020-01-07,3,0,1.0,1,1
2020-01-08,3,0,0.9999999999999998,1,1
2020-01-09,4,1,1.0000000000000002,1,1
2020-01-10,4,0,0.9258087431368575,1,1
2020-01-11,4,1,1.0000000000000002,1,1
2020-01-12,4,0,1.0000000000000004,1,1
2020-01-13,4,1,1.0,1,1
2020-01-14,4,0,1.0,1,1
2020-01-15,4,0,0.9999999999999999,1,1
2020-01-16,4,1,0.9999999999999998,1,1
2020-01-17,4,1,1.0000000000000002,1,1
2020-01-18,4,0,1.0,1,1
2020-01-19,4,0,1.0,1,1
2020-01-20,4,1,0.9999999999999997,1,1
2020-01-21,4,0,0.9999999999999999,1,1
2020-01-22,4,0,0.0443310133013691,0,1
2020-01-23,4,1,1.0,1,1
2020-01-24,4,0,1.0,1,1
2020-01-25,4,1,0.9999999999999999,1,1
2020-01-26,4,1,1.0000000000000002,1,1
2020-01-27,4,1,1.0,1,1
2020-01-28,4,0,1.0,1,1
2020-01-29,4,1,0.9999999999999997,1,1
2020-01-30,4,0,0.9999999999999998,1,1
2020-01-31,4,1,0.195105671370198,0,1
2020-02-01,4,0,1.0,1,1
2020-02-02,4,0,1.0,1,1
2020-02-03,4,0,1.0000000000000002,1,1
2020-02-04,4,1,1.0000000000000002,1,1
2020-02-05,4,1,0.9999999999999999,1,1
2020-02-06,4,1,1.0000000000000002,1,1
2020-02-07,4,1,1.0000000000000002,1,1
2020-02-08,4,1,0.062317995042587004,0,1
2020-02-09,4,0,0.9999999999999999,1,1
2020-02-10,4,1,1.0000000000000002,1,1
2020-02-11,4,1,0.9999999999999999,1,1
2020-02-12,4,0,1.0,1,1
2020-02-13,4,1,1.0000000000000002,1,1
2020-02-14,4,0,0.9999999999999998,1,1
2020-02-15,4,1,1.0,1,1
2020-02-16,4,0,1.0,1,1
2020-02-17,4,1,1.0,1,1
2020-02-18,4,0,1.0,1,1
2020-02-19,4,0,1.0000000000000002,1,1
2020-02-20,4,1,0.6733322288075542,1,1
2020-02-21,4,0,0.3612549704045367,0,1
2020-02-22,4,1,0.9999999999999999,1,1
2020-02-23,4,0,0.9999999999999999,1,1
2020-02-24,4,0,1.0,1,1
2020-02-25,4,0,1.0,1,1
2020-02-26,4,0,1.0,1,1
2020-02-27,4,0,1.0,1,1
2020-02-28,4,0,1.0,1,1
2020-02-29,4,0,0.9999999999999999,1,1
2020-03-01,4,1,1.0,1,1
2020-03-02,4,0,1.0000000000000002,1,1
2020-03-03,4,0,1.0,1,1
2020-03-04,4,1,0.06296607931356556,0,1
2020-03-05,4,1,0.9999999999999999,1,1
2020-03-06,4,0,0.0,0,1
2020-03-07,4,0,1.0,1,1
2020-03-08,4,0,0.9999999999999999,1,1
2020-03-09,4,0,1.0000000000000002,1,1
2020-03-10,4,1,1.0,1,1
2020-03-11,4,0,1.0000000000000004,1,1
2020-03-12,4,1,0.9999999999999982,1,1
2020-03-13,4,0,0.9999999999999999,1,1
2020-03-14,4,1,1.0,1,1
2020-03-15,4,0,1.0,1,1
2020-03-16,4,1,0.9999082183407763,1,1
2020-03-17,4,1,1.0000000000000002,1,1
2020-03-18,4,1,0.6571569208063157,1,1
2020-03-19,4,1,1.0,1,1
2020-03-20,4,0,0.9999999999999999,1,1
2020-03-21,4,0,1.0,1,1
2020-03-22,4,1,1.0,1,1
2020-03-23,4,1,1.0,1,1
2020-03-24,4,0,1.0,1,1
2020-03-25,4,1,0.9999999999999998,1,1
2020-03-26,4,0,0.9999999999999998,1,1
2020-03-27,4,0,0.9999999999999999,1,1
2020-03-28,4,0,1.0,1,1
2020-03-29,4,1,1.0000000000000002,1,1
2020-03-30,4,1,1.0,1,1
2020-03-31,4,1,0.9999999999999999,1,1
2020-04-01,4,1,1.0,1,1
2020-04-02,4,0,1.0,1,1
2020-04-03,4,1,1.0,1,1
2020-04-04,4,0,1.0000000000000002,1,1
2020-04-05,4,1,1.0,1,1
2020-04-06,4,0,1.0,1,1
2020-04-07,4,1,1.0000000000000002,1,1
2020-04-08,4,0,1.0,1,1
2020-04-09,4,0,0.26365442158986635,0,1
2020-04-10,4,0,1.0,1,1
2020-04-11,4,1,0.9999999999999999,1,1
2020-04-12,4,0,1.0,1,1
2020-04-13,4,0,1.0000000000000002,1,1
2020-04-14,4,0,1.0000000000000002,1,1
2020-04-15,4,1,1.0,1,1
2020-04-16,4,0,1.0,1,1
2020-04-17,4,1,0.6846719503774998,1,1
2020-04-18,4,0,0.9999999999999998,1,1
2020-04-19,4,0,1.0,1,1
2020-04-20,4,0,1.0,1,1
2020-04-21,4,1,0.9999999999999997,1,1
2020-04-22,4,1,1.0,1,1
2020-04-23,4,1,1.0,1,1
2020-04-24,4,1,1.0000000000000002,1,1
2020-04-25,4,1,1.0000000000000002,1,1
2020-04-26,4,1,0.9999999999999998,1,1
2020-04-27,4,1,1.0,1,1
2020-04-28,4,1,1.0,1,1
2020-04-29,4,0,0.9999999999999999,1,1
2020-04-30,4,1,0.9999999999999998,1,1
2020-05-01,4,1,0.9999999999999997,1,1
2020-05-02,4,0,0.9999999999999998,1,1
2020-05-03,4,1,1.0,1,1
2020-05-04,4,1,0.9999999999999998,1,1
2020-05-05,4,1,0.9999999999999999,1,1
2020-05-06,4,1,1.0,1,1
2020-05-07,4,0,0.9999999999999999,1,1
2020-05-08,4,0,1.0000000000000002,1,1
2020-05-09,4,0,0.9999999999999998,1,1
2020-05-10,4,0,1.0,1,1
2020-05-11,4,1,0.7895919362647936,1,1
2020-05-12,4,1,0.6972171100218464,1,1
2020-05-13,4,1,1.0,1,1
2020-05-14,4,0,1.0000000000000002,1,1
2020-05-15,4,1,0.9710490491427641,1,1
2020-05-16,4,1,0.9999999999999998,1,1
2020-05-17,4,1,1.0,1,1
2020-05-18,4,1,1.0,1,1
2020-05-19,4,0,1.0,1,1
2020-05-20,4,0,0.9999999999999998,1,1
2020-05-21,4,1,1.0,1,1
2020-05-22,4,1,1.0,1,1
2020-05-23,4,0,1.0,1,1
2020-05-24,4,1,1.0,1,1
2020-05-25,4,0,0.588214203174784,1,1
2020-05-26,4,1,1.0,1,1
2020-05-27,4,1,1.0,1,1
2020-05-28,4,0,1.0,1,1
2020-05-29,4,1,1.0,1,1
2020-05-30,4,0,1.0,1,1
2020-05-31,4,1,1.0,1,1
2020-06-01,4,0,0.9998595812802666,1,1
2020-06-02,4,1,0.9999999999999999,1,1
2020-06-03,4,1,1.0,1,1
2020-06-04,4,0,1.0,1,1
2020-06-05,4,0,0.2216899601819489,0,1
2020-06-06,4,1,1.0,1,1
2020-06-07,4,1,1.0000000000000002,1,1
2020-06-08,4,1,1.0,1,1
2020-06-09,4,1,0.9999999999999999,1,1
2020-06-10,4,0,0.9999999999999997,1,1
2020-06-11,4,1,1.0,1,1
2020-06-12,4,0,1.0000000000000004,1,1
2020-06-13,4,0,1.0,1,1
2020-06-14,4,1,1.0,1,1
2020-06-15,4,1,0.9999999999999998,1,1
2020-06-16,4,0,1.0,1,1
2020-06-17,4,0,1.0000000000000002,1,1
2020-06-18,4,0,0.038196675705032934,0,1
2020-06-19,4,1,1.0,1,1
2020-06-20,4,0,0.9999999999999996,1,1
2020-06-21,4,1,1.0,1,1
2020-06-22,4,0,0.9999999999999999,1,1
2020-06-23,4,0,0.09502810064243046,0,1
2020-06-24,4,0,0.9999999999999999,1,1
2020-06-25,4,0,1.0,1,1
2020-06-26,4,0,0.9999999999999998,1,1
2020-06-27,4,1,0.9999999999999998,1,1
2020-06-28,4,1,1.0000000000000002,1,1
2020-06-29,4,0,1.0,1,1
2020-06-30,4,1,0.9999999999999999,1,1
2020-07-01,4,0,1.0000000000000002,1,1
2020-07-02,4,0,1.0,1,1
2020-07-03,4,1,0.03921350349608323,0,1
2020-07-04,4,0,1.0000000000000002,1,1
2020-07-05,4,1,1.0000000000000002,1,1
2020-07-06,4,0,0.9999999999999998,1,1
2020-07-07,4,1,1.0000000000000002,1,1
2020-07-08,4,0,1.0000000000000002,1,1
2020-07-09,4,1,1.0000000000000002,1,1
2020-07-10,4,0,0.9999999999999999,1,1
2020-07-11,4,1,0.9999999999999998,1,1
2020-07-12,4,0,0.9999999999999998,1,1
2020-07-13,4,0,0.035496571545106576,0,1
2020-07-14,4,0,0.9999999999999998,1,1
2020-07-15,4,0,1.0000000000000002,1,1
2020-07-16,4,1,0.9999999999999999,1,1
2020-07-17,4,1,1.0,1,1
2020-07-18,4,1,0.9999999999999999,1,1
2020-07-19,4,0,0.9999999999999998,1,1
2020-07-20,4,1,1.0000000000000002,1,1
2020-07-21,4,1,1.0000000000000002,1,1
2020-07-22,4,1,0.9999999999999996,1,1
2020-07-23,4,0,0.9999999999999998,1,1
2020-07-24,4,1,0.9999999999999998,1,1
2020-07-25,4,1,0.9999999999999998,1,1
2020-07-26,4,1,1.0,1,1
2020-07-27,4,0,1.0,1,1
2020-07-28,4,1,0.9999999999999998,1,1
2020-07-29,4,1,1.0,1,1
2020-07-30,4,1,1.0,1,1
2020-07-31,4,1,0.15630781169596653,0,1
2020-08-01,4,0,1.0,1,1
2020-08-02,4,1,0.9999999999999999,1,1
2020-08-03,4,0,0.9999999999999999,1,1
2020-08-04,4,1,0.41781722236206936,0,1
2020-08-05,4,1,1.0,1,1
2020-08-06,4,0,1.0000000000000002,1,1
2020-08-07,4,1,0.31357864157139315,0,1
2020-08-08,4,0,1.0,1,1
2020-08-09,4,1,1.0,1,1
2020-08-10,4,0,0.9999999999999999,1,1
2020-08-11,4,1,1.0,1,1
2020-08-12,4,1,1.0,1,1
2020-08-13,4,0,0.19214523708590314,0,1
2020-08-14,4,1,1.0,1,1
2020-08-15,4,1,0.05429390210033178,0,1
2020-08-16,4,1,1.0,1,1
2020-08-17,4,0,1.0,1,1
2020-08-18,4,0,1.0,1,1
2020-08-19,4,1,0.12771207212789296,0,1
2020-08-20,4,0,1.0,1,1
2020-08-21,4,1,1.0,1,1
2020-08-22,4,0,1.0000000000000002,1,1
2020-08-23,4,1,0.9999999999999999,1,1
2020-08-24,4,0,0.9999999999999998,1,1
2020-08-25,4,1,1.0,1,1
2020-08-26,4,0,1.0000000000000002,1,1
2020-08-27,4,1,0.9999999999999997,1,1
2020-08-28,4,0,0.11606847834905677,0,1
2020-08-29,4,1,1.0,1,1
2020-08-30,4,0,1.0,1,1
2020-08-31,4,1,0.0,0,1
2020-09-01,4,0,1.0,1,1
2020-09-02,4,0,1.0,1,1
2020-09-03,4,1,1.0,1,1
2020-09-04,4,0,1.0,1,1
2020-09-05,4,1,1.0,1,1
2020-09-06,4,1,1.0,1,1
2020-09-07,4,0,1.0,1,1
2020-09-08,4,1,1.0,1,1
2020-09-09,4,1,1.0,1,1
2020-09-10,4,1,1.0,1,1
2020-09-11,4,1,0.9999999999999997,1,1
2020-09-12,4,0,0.9999999999999997,1,1
2020-09-13,4,1,1.0,1,1
2020-09-14,4,1,1.0,1,1
2020-09-15,4,1,1.0,1,1
2020-09-16,4,0,1.0000000000000002,1,1
2020-09-17,4,0,0.9999999999999999,1,1
2020-09-18,4,1,1.0000000000000002,1,1
2020-09-19,4,0,0.05268831308182109,0,1
2020-09-20,4,0,1.0000000000000002,1,1
2020-09-21,4,1,1.0,1,1
2020-09-22,4,0,1.0000000000000002,1,1
2020-09-23,4,1,0.9999999999999999,1,1
2020-09-24,4,0,1.0,1,1
2020-09-25,4,1,1.0,1,1
2020-09-26,4,1,0.9999999999999998,1,1
2020-09-27,4,0,1.0000000000000002,1,1
2020-09-28,4,1,1.0,1,1
2020-09-29,4,0,1.0,1,1
2020-09-30,4,0,0.9999999999999998,1,1
2020-10-01,4,0,0.9999999999999999,1,1
2020-10-02,4,0,0.0,0,1
2020-10-03,4,1,0.9999999999999999,1,1
2020-10-04,4,1,1.0,1,1
2020-10-05,4,0,0.9999999999999997,1,1
2020-10-06,4,1,0.9999999999999999,1,1
2020-10-07,4,1,0.05430393858521336,0,1
2020-10-08,4,1,0.9999999999999999,1,1
2020-10-09,4,1,0.9999999999999998,1,1
2020-10-10,4,1,0.9999999999999999,1,1
2020-10-11,4,1,0.9999999999999998,1,1
2020-10-12,4,0,1.0,1,1
2020-10-13,4,1,1.0,1,1
2020-10-14,4,1,1.0000000000000002,1,1
2020-10-15,4,0,0.03853576977345998,0,1
2020-10-16,4,1,0.04885999338404135,0,1
2020-10-17,4,1,1.0000000000000002,1,1
2020-10-18,4,1,0.9999999999999998,1,1
2020-10-19,4,1,1.0000000000000002,1,1
2020-10-20,4,1,0.9999999999999999,1,1
2020-10-21,4,1,0.9999999999999999,1,1
2020-10-22,4,0,1.0,1,1
2020-10-23,4,1,1.0,1,1
2020-10-24,4,0,1.0,1,1
2020-10-25,4,1,1.0,1,1
2020-10-26,4,1,0.9999999999999996,1,1
2020-10-27,4,0,1.0,1,1
2020-10-28,4,1,0.9999999999999999,1,1
2020-10-29,4,1,1.0,1,1
2020-10-30,4,1,0.9999999999999999,1,1
2020-10-31,4,0,1.0,1,1
2020-11-01,4,0,1.0,1,1
2020-11-02,4,1,0.048794758065981325,0,1
2020-11-03,4,1,0.9999999999999999,1,1
2020-11-04,4,1,0.9999999999999997,1,1
2020-11-05,4,0,1.0000000000000002,1,1
2020-11-06,4,0,1.0,1,1
2020-11-07,4,1,0.9999999999999999,1,1
2020-11-08,4,0,1.0,1,1
2020-11-09,4,0,0.9999999999999998,1,1
2020-11-10,4,1,1.0,1,1
2020-11-11,4,1,1.0000000000000002,1,1
2020-11-12,4,1,1.0,1,1
2020-11-13,4,0,1.0,1,1
2020-11-14,4,0,1.0000000000000002,1,1
2020-11-15,4,1,1.0,1,1
2020-11-16,4,1,1.0,1,1
2020-11-17,4,1,0.9999999999999998,1,1
2020-11-18,4,1,1.0,1,1
2020-11-19,4,1,1.0,1,1
2020-11-20,4,1,1.0000000000000002,1,1
2020-11-21,4,0,1.0000000000000002,1,1
2020-11-22,4,0,1.0,1,1
2020-11-23,4,1,0.9999999999999999,1,1
2020-11-24,4,0,0.9999999999999999,1,1
2020-11-25,4,0,1.0,1,1
2020-11-26,4,0,1.0,1,1
2020-11-27,4,1,1.0000000000000002,1,1
2020-11-28,4,1,1.0,1,1
2020-11-29,4,1,0.9999999999999999,1,1
2020-11-30,4,0,0.9999999999999999,1,1
2020-12-01,4,1,1.0,1,1
2020-12-02,4,1,1.0000000000000004,1,1
2020-12-03,4,0,1.0000000000000004,1,1
2020-12-04,4,1,0.7432445834590549,1,1
2020-12-05,4,1,1.0,1,1
2020-12-06,4,0,1.0000000000000002,1,1
2020-12-07,4,0,1.0000000000000002,1,1
2020-12-08,4,1,0.9999999999999999,1,1
2020-12-09,4,0,1.0000000000000002,1,1
2020-12-10,4,0,1.0000000000000002,1,1
2020-12-11,4,1,0.9999999999999999,1,1
2020-12-12,4,1,1.0,1,1
2020-12-13,4,1,0.9999999999999998,1,1
2020-12-14,4,1,1.0,1,1
2020-12-15,4,1,0.9999999999999999,1,1
2020-12-16,4,1,0.9999999999999999,1,1
2020-12-17,4,1,1.0,1,1
2020-12-18,4,1,0.9999999999999999,1,1
2020-12-19,4,0,0.9999999999999999,1,1
2020-12-20,4,0,0.9999999999999998,1,1
2020-12-21,4,1,0.9999999999999998,1,1
2020-12-22,4,0,0.941029150633852,1,1
2020-12-23,4,1,0.0,0,1
2020-12-24,4,1,0.9999999999999998,1,1
2020-12-25,4,1,1.0,1,1
2020-12-26,4,0,1.0,1,1
2020-12-27,4,1,1.0,1,1
2020-12-28,4,1,1.0,1,1
2020-12-29,4,1,0.42391564969750123,0,1
2020-12-30,4,1,1.0,1,1
2020-12-31,4,1,1.0,1,1
2021-01-01,4,1,1.0,1,1
2021-01-02,4,1,0.9999996256145904,1,1
2021-01-03,4,0,1.0,1,1
2021-01-04,4,1,0.9999999999999998,1,1
2021-01-05,4,1,1.0,1,1
2021-01-06,4,1,1.0,1,1
2021-01-07,4,1,1.0,1,1
2021-01-08,4,0,1.0,1,1
2021-01-09,4,0,0.9999999999999998,1,1
2021-01-10,4,0,0.9999999999999998,1,1
2021-01-11,4,0,1.0,1,1
2021-01-12,4,1,1.0,1,1
2021-01-13,4,1,1.0,1,1
2021-01-14,4,0,1.0,1,1
2021-01-15,4,0,1.0,1,1
2021-01-16,4,0,1.0,1,1
2021-01-17,4,1,0.9999999999999998,1,1
2021-01-18,4,0,0.9999999999999998,1,1
2021-01-19,4,0,1.0,1,1
2021-01-20,4,0,1.0000000000000002,1,1
2021-01-21,4,1,0.9999999999999999,1,1
2021-01-22,4,0,1.0,1,1
2021-01-23,4,1,1.0,1,1
2021-01-24,4,1,1.0,1,1
2021-01-25,4,1,1.0,1,1
2021-01-26,4,0,1.0,1,1
2021-01-27,4,1,0.9999999999999999,1,1
2021-01-28,4,1,1.0,1,1
2021-01-29,4,0,0.9999999999999999,1,1
2021-01-30,4,0,0.9999999999999999,1,1
2021-01-31,4,1,0.6352758582725149,1,1
2021-02-01,4,1,0.9999999999999998,1,1
2021-02-02,4,1,1.0,1,1
2021-02-03,4,0,1.0,1,1
2021-02-04,4,1,0.7474278529541218,1,1
2021-02-05,4,1,0.9999999999999999,1,1
2021-02-06,4,0,1.0,1,1
2021-02-07,4,1,0.37010130788358137,0,1
2021-02-08,4,1,1.0,1,1
2021-02-09,4,0,0.9999999999999998,1,1
2021-02-10,4,1,0.9999999999999999,1,1
2021-02-11,4,0,1.0,1,1
2021-02-12,4,0,0.9999999999999999,1,1
2021-02-13,4,1,1.0000000000000002,1,1
2021-02-14,4,0,1.0,1,1
2021-02-15,4,1,1.0,1,1
2021-02-16,4,1,1.0,1,1
2021-02-17,4,0,1.0000000000000002,1,1
2021-02-18,4,1,0.6794447899700614,1,1
2021-02-19,4,1,1.0,1,1
2021-02-20,4,1,0.9999999999999998,1,1
2021-02-21,4,0,0.9999999999999998,1,1
2021-02-22,4,0,1.0,1,1
2021-02-23,4,1,1.0,1,1
2021-02-24,4,0,0.8090064189722468,1,1
2021-02-25,4,0,1.0,1,1
2021-02-26,4,0,1.0,1,1
2021-02-27,4,0,0.9999999999999998,1,1
2021-02-28,4,1,0.9999999999999999,1,1
2021-03-01,4,0,1.0,1,1
2021-03-02,4,1,0.9999999999999998,1,1
2021-03-03,4,0,0.9999999999999998,1,1
2021-03-04,4,1,1.0,1,1
2021-03-05,4,0,1.0,1,1
2021-03-06,4,1,0.9999999999999997,1,1
2021-03-07,4,1,0.9999999999999999,1,1
2021-03-08,4,1,1.0,1,1
2021-03-09,4,1,1.0,1,1
2021-03-10,4,1,1.0,1,1
2021-03-11,4,0,1.0,1,1
2021-03-12,4,1,1.0000000000000002,1,1
2021-03-13,4,0,1.0,1,1
2021-03-14,4,0,1.0,1,1
2021-03-15,4,1,0.9999999999999999,1,1
2021-03-16,4,1,0.9999999999999998,1,1
2021-03-17,4,0,1.0,1,1
2021-03-18,4,1,0.9999999999999999,1,1
2021-03-19,4,0,0.9999999999999999,1,1
2021-03-20,4,0,0.9999999999999999,1,1
2021-03-21,4,0,0.07687779087070856,0,1
2021-03-22,4,1,0.8603548901493938,1,1
2021-03-23,4,0,1.0,1,1
2021-03-24,4,0,1.0,1,1
2021-03-25,4,1,0.9999999999999999,1,1
2021-03-26,4,1,1.0,1,1
2021-03-27,4,0,1.0,1,1
2021-03-28,4,1,0.9999999999999998,1,1
2021-03-29,4,1,0.9999999999999998,1,1
2021-03-30,4,1,1.0000000000000002,1,1
2021-03-31,4,1,1.0000000000000002,1,1
2021-04-01,4,1,0.9999999999999999,1,1
2021-04-02,4,0,1.0,1,1
2021-04-03,4,1,1.0000000000000002,1,1
2021-04-04,4,1,0.9999999999999999,1,1
2021-04-05,4,0,0.9999999999999998,1,1
2021-04-06,4,0,0.9999999999999999,1,1
2021-04-07,4,1,0.9999999999999999,1,1
2021-04-08,4,0,1.0,1,1
2021-04-09,4,1,0.9999999999999998,1,1
2021-04-10,4,1,1.0000000000000002,1,1
2021-04-11,4,0,0.9999999999999999,1,1
2021-04-12,4,1,1.0000000000000002,1,1
2021-04-13,4,0,1.0,1,1
2021-04-14,4,1,1.0000000000000004,1,1
2021-04-15,4,0,0.9999999999999999,1,1
2021-04-16,4,0,1.0,1,1
2021-04-17,4,0,0.0,0,1
2021-04-18,4,0,0.9992391744077455,1,1
2021-04-19,4,1,1.0,1,1
2021-04-20,4,0,0.9999999999999998,1,1
2021-04-21,4,0,1.0000000000000002,1,1
2021-04-22,4,0,1.0,1,1
2021-04-23,4,0,1.0,1,1
2021-04-24,4,0,1.0,1,1
2021-04-25,4,1,0.9999999999999999,1,1
2021-04-26,4,1,0.9999999999999998,1,1
2021-04-27,5,0,1.0,1,1
2021-04-28,5,0,0.9999999999999998,1,1
2021-04-29,5,1,1.0000000000000002,1,1
2021-04-30,5,1,1.0,1,1
2021-05-01,5,0,1.0,1,1
2021-05-02,5,1,1.0,1,1
2021-05-03,5,0,0.9999999999999998,1,1
2021-05-04,5,1,1.0,1,1
2021-05-05,5,0,1.0,1,1
2021-05-06,5,1,0.7202420766690866,1,1
2021-05-07,5,1,0.9999999999999998,1,1
2021-05-08,5,0,0.9999999999999997,1,1
2021-05-09,5,0,1.0000000000000002,1,1
2021-05-10,5,1,0.9999999999999999,1,1
2021-05-11,5,0,0.9999999999999999,1,1
2021-05-12,5,1,0.9999999999999999,1,1
2021-05-13,5,1,0.9999999999999999,1,1
2021-05-14,5,0,1.0000000000000002,1,1
2021-05-15,5,0,0.9999999999999999,1,1
2021-05-16,5,0,1.0,1,1
2021-05-17,5,0,1.0,1,1
2021-05-18,5,0,0.6924194947185855,1,1
2021-05-19,5,1,1.0000000000000002,1,1
2021-05-20,5,0,0.9999999999999999,1,1
2021-05-21,5,1,0.9999959583616107,1,1
2021-05-22,5,0,1.0000000000000002,1,1
2021-05-23,5,1,1.0,1,1
2021-05-24,5,0,0.9999999999999999,1,1
2021-05-25,5,1,1.0,1,1
2021-05-26,5,0,1.0,1,1
2021-05-27,5,0,1.0,1,1
2021-05-28,5,0,1.0,1,1
2021-05-29,5,1,0.9999999999999999,1,1
2021-05-30,5,1,1.0,1,1
2021-05-31,5,0,1.0,1,1
2021-06-01,5,1,0.9999999999999997,1,1
2021-06-02,5,1,0.9999999999999998,1,1
2021-06-03,5,0,1.0,1,1
2021-06-04,5,0,1.0,1,1
2021-06-05,5,1,1.0,1,1
2021-06-06,5,0,1.0,1,1
2021-06-07,5,0,0.9914992775960974,1,1
2021-06-08,5,1,0.9999999999999998,1,1
2021-06-09,5,0,0.9999999999999998,1,1
2021-06-10,5,1,0.9999999999999998,1,1
2021-06-11,5,0,1.0,1,1
2021-06-12,5,1,1.0,1,1
2021-06-13,5,1,1.0,1,1
2021-06-14,5,1,0.9999999999999999,1,1
2021-06-15,5,0,0.47019897632953583,0,1
2021-06-16,5,0,1.0,1,1
2021-06-17,5,0,0.9999999999999998,1,1
2021-06-18,5,0,0.9999999999999999,1,1
2021-06-19,5,1,1.0,1,1
2021-06-20,5,0,1.0,1,1
2021-06-21,5,1,0.9999999999999999,1,1
2021-06-22,5,1,1.0,1,1
2021-06-23,5,1,1.0,1,1
2021-06-24,5,0,1.0,1,1
2021-06-25,5,1,1.0,1,1
2021-06-26,5,1,0.9999999999999999,1,1
2021-06-27,5,0,1.0,1,1
2021-06-28,5,1,0.9999999999999996,1,1
2021-06-29,5,0,1.0,1,1
2021-06-30,5,0,1.0,1,1
2021-07-01,5,1,0.9019856390021981,1,1
2021-07-02,5,1,0.9999999999999997,1,1
2021-07-03,5,1,1.0,1,1
2021-07-04,5,0,0.9999999999999998,1,1
2021-07-05,5,1,1.0,1,1
2021-07-06,5,0,1.0,1,1
2021-07-07,5,0,0.2378281852587107,0,1
2021-07-08,5,1,0.28133348475055475,0,1
2021-07-09,5,0,1.0,1,1
2021-07-10,5,1,1.0,1,1
2021-07-11,5,0,1.0000000000000002,1,1
2021-07-12,5,0,1.0,1,1
2021-07-13,5,1,1.0,1,1
2021-07-14,5,0,1.0,1,1
2021-07-15,5,0,1.0,1,1
2021-07-16,5,1,0.9999999999999999,1,1
2021-07-17,5,1,1.0,1,1
2021-07-18,5,0,1.0000000000000004,1,1
2021-07-19,5,0,1.0,1,1
2021-07-20,5,1,1.0,1,1
2021-07-21,5,1,0.9999999999999999,1,1
2021-07-22,5,1,0.9999999999999998,1,1
2021-07-23,5,1,0.9999999999999999,1,1
2021-07-24,5,1,1.0000000000000002,1,1
2021-07-25,5,1,1.0,1,1
2021-07-26,5,1,0.9999999999999999,1,1
2021-07-27,5,1,1.0,1,1
2021-07-28,5,1,0.7866679109888302,1,1
2021-07-29,5,1,0.4035320316648313,0,1
2021-07-30,5,0,1.0000000000000002,1,1
2021-07-31,5,0,1.0000000000000002,1,1
2021-08-01,5,0,1.0,1,1
2021-08-02,5,0,1.0,1,1
2021-08-03,5,1,1.0000000000000002,1,1
2021-08-04,5,1,0.927077865007424,1,1
2021-08-05,5,1,1.0,1,1
2021-08-06,5,1,1.0,1,1
2021-08-07,5,0,0.9999999999999999,1,1
2021-08-08,5,1,0.9999999999999998,1,1
2021-08-09,5,0,0.9999999999999999,1,1
2021-08-10,5,1,1.0,1,1
2021-08-11,5,0,0.38999138312842807,0,1
2021-08-12,5,1,1.0,1,1
2021-08-13,5,0,0.9999999999999999,1,1
2021-08-14,5,0,1.0,1,1
2021-08-15,5,0,1.0,1,1
2021-08-16,5,0,1.0,1,1
2021-08-17,5,1,1.0,1,1
2021-08-18,5,1,1.0000000000000002,1,1
2021-08-19,5,1,0.9999999999999998,1,1
2021-08-20,5,0,1.0000000000000002,1,1
2021-08-21,5,1,1.0,1,1
2021-08-22,5,1,1.0000000000000002,1,1
2021-08-23,5,0,1.0,1,1
2021-08-24,5,1,1.0,1,1
2021-08-25,5,0,0.5763901252989394,1,1
2021-08-26,5,1,1.0,1,1
2021-08-27,5,0,0.9999999999999999,1,1
2021-08-28,5,0,0.9999999999999998,1,1
2021-08-29,5,0,1.0,1,1
2021-08-30,5,1,1.0,1,1
2021-08-31,5,1,0.9999999999999998,1,1
2021-09-01,5,1,1.0,1,1
2021-09-02,5,1,0.23667044139771437,0,1
2021-09-03,5,0,0.15111141565028274,0,1
2021-09-04,5,1,0.9999999999999999,1,1
2021-09-05,5,1,0.9999999999999998,1,1
2021-09-06,5,0,1.0,1,1
2021-09-07,5,0,1.0000000000000002,1,1
2021-09-08,5,1,1.0000000000000002,1,1
2021-09-09,5,0,1.0,1,1
2021-09-10,5,1,0.3144160810381914,0,1
2021-09-11,5,1,1.0,1,1
2021-09-12,5,0,1.0000000000000002,1,1
2021-09-13,5,1,0.9999999999999999,1,1
2021-09-14,5,1,1.0,1,1
2021-09-15,5,0,1.0,1,1
2021-09-16,5,0,1.0,1,1
2021-09-17,5,1,1.0,1,1
2021-09-18,5,0,0.9999999999999999,1,1
2021-09-19,5,0,1.0000000000000002,1,1
2021-09-20,5,0,1.0,1,1
2021-09-21,5,1,1.0,1,1
2021-09-22,5,1,1.0,1,1
2021-09-23,5,0,1.0,1,1
2021-09-24,5,0,0.9999999999999998,1,1
2021-09-25,5,1,0.9999999999999999,1,1
2021-09-26,5,0,1.0,1,1
2021-09-27,5,0,1.0,1,1
2021-09-28,5,1,1.0,1,1
2021-09-29,5,1,1.0,1,1
2021-09-30,5,1,1.0,1,1
2021-10-01,5,0,1.0,1,1
2021-10-02,5,1,1.0000000000000002,1,1
2021-10-03,5,1,0.9999999999999999,1,1
2021-10-04,5,1,1.0000000000000002,1,1
2021-10-05,5,1,1.0,1,1
2021-10-06,5,0,1.0,1,1
2021-10-07,5,1,1.0,1,1
2021-10-08,5,1,1.0000000000000004,1,1
2021-10-09,5,0,0.9999999999999998,1,1
2021-10-10,5,1,1.0000000000000002,1,1
2021-10-11,5,0,0.9999999999999998,1,1
2021-10-12,5,1,0.9999999999999998,1,1
2021-10-13,5,0,1.0000000000000002,1,1
2021-10-14,5,1,1.0,1,1
2021-10-15,5,0,1.0000000000000002,1,1
2021-10-16,5,1,1.0000000000000002,1,1
2021-10-17,5,1,1.0000000000000002,1,1
2021-10-18,5,1,1.0,1,1
2021-10-19,5,1,0.4914211899460813,0,1
2021-10-20,5,0,1.0000000000000002,1,1
2021-10-21,5,0,1.0,1,1
2021-10-22,5,1,0.8024218938729992,1,1
2021-10-23,5,0,1.0,1,1
2021-10-24,5,1,0.17847617414338804,0,1
2021-10-25,5,0,0.6168449622419818,1,1
2021-10-26,5,0,1.0000000000000002,1,1
2021-10-27,5,1,1.0,1,1
2021-10-28,5,1,1.0,1,1
2021-10-29,5,0,1.0,1,1
2021-10-30,5,0,0.9999999999999998,1,1
2021-10-31,5,0,0.12541924818244704,0,1
2021-11-01,5,1,1.0,1,1
2021-11-02,5,0,1.0000000000000002,1,1
2021-11-03,5,0,1.0000000000000002,1,1
2021-11-04,5,0,0.9999999999999999,1,1
2021-11-05,5,1,1.0000000000000002,1,1
2021-11-06,5,1,1.0,1,1
2021-11-07,5,1,1.0000000000000002,1,1
2021-11-08,5,0,1.0,1,1
2021-11-09,5,0,1.0,1,1
2021-11-10,5,0,1.0,1,1
2021-11-11,5,0,1.0000000000000002,1,1
2021-11-12,5,1,0.9999999999999998,1,1
2021-11-13,5,1,1.0,1,1
2021-11-14,5,0,1.0,1,1
2021-11-15,5,0,1.0000000000000002,1,1
2021-11-16,5,1,1.0,1,1
2021-11-17,5,0,1.0000000000000002,1,1
2021-11-18,5,1,1.0,1,1
2021-11-19,5,1,1.0000000000000002,1,1
2021-11-20,5,0,0.9999999999999999,1,1
2021-11-21,5,0,1.0,1,1
2021-11-22,5,1,1.0,1,1
2021-11-23,5,0,0.9999999999999998,1,1
2021-11-24,5,1,1.0,1,1
2021-11-25,5,0,0.39006215384362286,0,1
2021-11-26,5,1,0.9999999999999999,1,1
2021-11-27,5,1,1.0,1,1
2021-11-28,5,1,0.9999999999999999,1,1
2021-11-29,5,0,0.9999999999999999,1,1
2021-11-30,5,1,1.0,1,1
2021-12-01,5,0,1.0000000000000002,1,1
2021-12-02,5,0,1.0,1,1
2021-12-03,5,0,0.9999999999999999,1,1
2021-12-04,5,1,0.9999999999999999,1,1
2021-12-05,5,1,0.9999999999999998,1,1
2021-12-06,5,1,0.9999999999999999,1,1
2021-12-07,5,0,0.18759246936251261,0,1
2021-12-08,5,0,0.9999999999999999,1,1
2021-12-09,5,0,1.0,1,1
2021-12-10,5,1,1.0,1,1
2021-12-11,5,1,1.0,1,1
2021-12-12,5,0,1.0,1,1
2021-12-13,5,0,1.0,1,1
2021-12-14,5,1,0.9999999999999998,1,1
2021-12-15,5,0,0.9999999999999999,1,1
2021-12-16,5,0,1.0000000000000002,1,1
2021-12-17,5,1,0.7791955114503173,1,1
2021-12-18,5,0,1.0000000000000002,1,1
2021-12-19,5,1,0.9999999999999999,1,1
2021-12-20,5,1,0.9999999999999999,1,1
2021-12-21,5,0,1.0,1,1
2021-12-22,5,1,1.0,1,1
2021-12-23,5,1,1.0000000000000002,1,1
2021-12-24,5,0,0.9999999999999999,1,1
2021-12-25,5,1,0.9999999999999996,1,1
2021-12-26,5,0,1.0,1,1
2021-12-27,5,0,1.0000000000000002,1,1
2021-12-28,5,0,1.0,1,1
2021-12-29,5,1,0.7918517694972461,1,1
2021-12-30,5,0,0.5457349021270487,1,1
2021-12-31,5,1,0.32768421272060505,0,1
2022-01-01,5,0,1.0,1,1
2022-01-02,5,0,1.0000000000000002,1,1
2022-01-03,5,0,1.0,1,1
2022-01-04,5,0,1.0000000000000004,1,1
2022-01-05,5,0,1.0,1,1
2022-01-06,5,0,1.0,1,1
2022-01-07,5,1,1.0,1,1
2022-01-08,5,1,1.0,1,1
2022-01-09,5,0,1.0,1,1
2022-01-10,5,1,0.9999999999999998,1,1
2022-01-11,5,1,0.15441954983285527,0,1
2022-01-12,5,0,1.0,1,1
2022-01-13,5,1,1.0,1,1
2022-01-14,5,1,0.9999999999999999,1,1
2022-01-15,5,0,0.9999999999999998,1,1
2022-01-16,5,0,1.0,1,1
2022-01-17,5,1,0.07641275867157295,0,1
2022-01-18,5,0,1.0,1,1
2022-01-19,5,0,0.061796152710534805,0,1
2022-01-20,5,0,1.0000000000000002,1,1
2022-01-21,5,0,1.0000000000000002,1,1
2022-01-22,5,1,1.0,1,1
2022-01-23,5,1,1.0,1,1
2022-01-24,5,1,1.0,1,1
2022-01-25,5,0,0.9999999999999998,1,1
2022-01-26,5,1,0.0969035742158178,0,1
2022-01-27,5,1,0.06796292838761127,0,1
2022-01-28,5,1,1.0,1,1
2022-01-29,5,0,0.06344575864435566,0,1
2022-01-30,5,1,1.0,1,1
2022-01-31,5,1,0.9999999999999999,1,1
2022-02-01,5,0,1.0,1,1
2022-02-02,5,1,1.0,1,1
2022-02-03,5,1,1.0,1,1
2022-02-04,5,0,0.9999999999999999,1,1
2022-02-05,5,1,1.0000000000000004,1,1
2022-02-06,5,1,0.9999999999999998,1,1
2022-02-07,5,1,1.0,1,1
2022-02-08,5,1,0.9999999999999999,1,1
2022-02-09,5,0,1.0,1,1
2022-02-10,5,0,0.08775270777702524,0,1
2022-02-11,5,0,1.0,1,1
2022-02-12,5,0,1.0,1,1
2022-02-13,5,1,0.9999999999999998,1,1
2022-02-14,5,1,0.9999999999999998,1,1
2022-02-15,5,0,1.0,1,1
2022-02-16,5,0,1.0,1,1
2022-02-17,5,0,0.9999999999999999,1,1
2022-02-18,5,1,1.0,1,1
2022-02-19,5,0,1.0000000000000004,1,1
2022-02-20,5,0,1.0,1,1
2022-02-21,5,1,1.0,1,1
2022-02-22,5,0,1.0,1,1
2022-02-23,5,1,0.9999999999999999,1,1
2022-02-24,5,1,0.9999999999999999,1,1
2022-02-25,5,0,0.9999999999999998,1,1
2022-02-26,5,0,1.0,1,1
2022-02-27,5,1,1.0,1,1
2022-02-28,5,1,1.0,1,1
2022-03-01,5,0,1.0,1,1
2022-03-02,5,0,1.0,1,1
2022-03-03,5,0,1.0,1,1
2022-03-04,5,1,1.0000000000000002,1,1
2022-03-05,5,0,1.0000000000000002,1,1
2022-03-06,5,0,1.0,1,1
2022-03-07,5,1,0.9999999999999998,1,1
2022-03-08,5,1,1.0,1,1
2022-03-09,5,0,0.9999479672421867,1,1
2022-03-10,5,0,0.9909783897267195,1,1
2022-03-11,5,1,1.0,1,1
2022-03-12,5,0,0.9999999999999999,1,1
2022-03-13,5,1,1.0,1,1
2022-03-14,5,0,1.0,1,1
2022-03-15,5,1,0.46585677616386095,0,1
2022-03-16,5,0,0.9999999999999999,1,1
2022-03-17,5,1,1.0000000000000002,1,1
2022-03-18,5,1,0.9999999999999999,1,1
2022-03-19,5,0,1.0,1,1
2022-03-20,5,0,0.9999999999999998,1,1
2022-03-21,5,1,0.08075759548566608,0,1
2022-03-22,5,1,1.0,1,1
2022-03-23,5,1,0.9999999999999996,1,1
2022-03-24,5,1,1.0,1,1
2022-03-25,5,1,1.0000000000000002,1,1
2022-03-26,5,1,1.0,1,1
2022-03-27,5,1,1.0000000000000002,1,1
2022-03-28,5,1,1.0,1,1
2022-03-29,5,0,0.1738969885236812,0,1
2022-03-30,5,0,1.0000000000000002,1,1
2022-03-31,5,1,1.0,1,1
2022-04-01,5,0,1.0000000000000002,1,1
2022-04-02,5,1,1.0,1,1
2022-04-03,5,1,0.9999999999999998,1,1
2022-04-04,5,0,1.0000000000000002,1,1
2022-04-05,5,0,1.0000000000000002,1,1
2022-04-06,5,1,1.0,1,1
2022-04-07,5,0,1.0000000000000002,1,1
2022-04-08,5,1,0.9999999999999997,1,1
2022-04-09,5,0,1.0,1,1
2022-04-10,5,0,1.0,1,1
2022-04-11,5,1,1.0,1,1
2022-04-12,5,1,1.0,1,1
2022-04-13,5,0,1.0000000000000002,1,1
2022-04-14,5,1,0.4719918645597944,0,1
2022-04-15,5,0,0.2961985840425611,0,1
2022-04-16,5,0,1.0,1,1
2022-04-17,5,1,1.0,1,1
2022-04-18,5,1,0.9999999999999999,1,1
2022-04-19,5,0,1.0000000000000002,1,1
2022-04-20,5,0,0.9999999999999999,1,1
2022-04-21,5,0,1.0,1,1
2022-04-22,5,0,1.0,1,1
2022-04-23,5,0,0.9999999999999999,1,1
2022-04-24,5,1,1.0,1,1
2022-04-25,5,0,1.0,1,1
2022-04-26,5,1,1.0,1,1
2022-04-27,5,1,1.0,1,1
2022-04-28,5,0,0.9999999999999999,1,1
2022-04-29,5,0,0.9999999999999999,1,1
2022-04-30,5,1,0.9999999999999999,1,1
2022-05-01,5,1,1.0,1,1
2022-05-02,5,0,1.0000000000000002,1,1
2022-05-03,5,1,1.0000000000000002,1,1
2022-05-04,5,0,0.9999999999999998,1,1
2022-05-05,5,0,1.0,1,1
2022-05-06,5,0,0.9999999999999999,1,1
2022-05-07,5,0,0.9999999999999998,1,1
2022-05-08,5,0,1.0000000000000002,1,1
2022-05-09,5,1,1.0,1,1
2022-05-10,5,0,1.0,1,1
2022-05-11,5,1,1.0,1,1
2022-05-12,5,1,0.9999999999999998,1,1
2022-05-13,5,1,0.9999999999999998,1,1
2022-05-14,5,1,0.37925119020983944,0,1
2022-05-15,5,0,0.9999999999999999,1,1
2022-05-16,5,1,1.0,1,1
2022-05-17,5,0,0.9999999999999997,1,1
2022-05-18,5,1,1.0,1,1
2022-05-19,5,0,0.9999999999999999,1,1
2022-05-20,5,1,1.0,1,1
2022-05-21,5,1,0.9999999999999998,1,1
2022-05-22,5,0,1.0,1,1
2022-05-23,5,1,1.0,1,1
2022-05-24,5,0,1.0,1,1
2022-05-25,5,0,0.9999999999999999,1,1
2022-05-26,5,0,0.9999999999999999,1,1
2022-05-27,5,1,1.0000000000000002,1,1
2022-05-28,5,1,1.0000000000000004,1,1
2022-05-29,5,1,0.9999999999999996,1,1
2022-05-30,5,1,1.0,1,1
2022-05-31,5,0,1.0,1,1
2022-06-01,5,1,1.0,1,1
2022-06-02,5,0,0.9999999999999998,1,1
2022-06-03,5,1,0.9999999999999999,1,1
2022-06-04,5,1,1.0,1,1
2022-06-05,5,1,1.0,1,1
2022-06-06,5,0,1.0,1,1
2022-06-07,5,0,1.0,1,1
2022-06-08,5,0,1.0,1,1
2022-06-09,5,0,1.0,1,1
2022-06-10,5,0,1.0,1,1
2022-06-11,5,0,1.0,1,1
2022-06-12,5,0,0.985492222434228,1,1
2022-06-13,5,0,0.9999999999999998,1,1
2022-06-14,5,1,1.0,1,1
2022-06-15,5,0,0.5629943028513572,1,1
2022-06-16,5,1,0.9999999999999999,1,1
2022-06-17,5,0,0.6816999542517449,1,1
2022-06-18,5,1,0.9999999999999999,1,1
2022-06-19,5,1,0.9999999999999999,1,1
2022-06-20,5,1,0.6372874023715775,1,1
2022-06-21,5,0,0.9999999999999998,1,1
2022-06-22,5,1,0.46808078328367814,0,1
2022-06-23,5,1,0.9999999999999999,1,1
2022-06-24,5,1,1.0,1,1
2022-06-25,5,0,0.9999999999999998,1,1
2022-06-26,5,0,1.0,1,1
2022-06-27,5,0,1.0,1,1
2022-06-28,5,0,1.0,1,1
2022-06-29,5,0,0.09961022117319213,0,1
2022-06-30,5,0,1.0000000000000002,1,1
2022-07-01,5,0,1.0,1,1
2022-07-02,5,1,0.9999999999999998,1,1
2022-07-03,5,1,1.0000000000000002,1,1
2022-07-04,5,0,1.0,1,1
2022-07-05,5,1,1.0000000000000002,1,1
2022-07-06,5,1,1.0,1,1
2022-07-07,5,1,0.9999999999999999,1,1
2022-07-08,5,0,0.9999999999999998,1,1
2022-07-09,5,0,0.9999999999999997,1,1
2022-07-10,5,0,1.0000000000000002,1,1
2022-07-11,5,0,1.0,1,1
2022-07-12,5,1,1.0,1,1
2022-07-13,5,1,0.9999999999999998,1,1
2022-07-14,5,1,1.0,1,1
2022-07-15,5,1,1.0,1,1
2022-07-16,5,0,1.0,1,1
2022-07-17,5,1,1.0,1,1
2022-07-18,5,1,0.9999999999999999,1,1
2022-07-19,5,0,0.9999999999999999,1,1
2022-07-20,5,0,1.0,1,1
2022-07-21,5,0,1.0000000000000004,1,1
2022-07-22,5,0,1.0,1,1
2022-07-23,5,1,1.0000000000000002,1,1
2022-07-24,5,0,1.0,1,1
2022-07-25,5,0,1.0,1,1
2022-07-26,5,1,1.0000000000000002,1,1
2022-07-27,5,1,1.0,1,1
2022-07-28,5,0,0.9999999999999999,1,1
2022-07-29,5,0,0.9999999999999999,1,1
2022-07-30,5,0,1.0000000000000002,1,1
2022-07-31,5,0,1.0000000000000004,1,1
2022-08-01,5,0,1.0000000000000002,1,1
2022-08-02,5,0,1.0,1,1
2022-08-03,5,0,1.0,1,1
2022-08-04,5,1,1.0000000000000002,1,1
2022-08-05,5,0,0.3068671509961489,0,1
2022-08-06,5,1,1.0,1,1
2022-08-07,5,1,1.0,1,1
2022-08-08,5,0,1.0000000000000002,1,1
2022-08-09,5,1,0.9999999999999999,1,1
2022-08-10,5,1,1.0,1,1
2022-08-11,5,1,1.0000000000000002,1,1
2022-08-12,5,1,1.0,1,1
2022-08-13,5,0,0.9999999999999997,1,1
2022-08-14,6,0,0.9999999999999999,1,1
2022-08-15,6,0,0.9999999999999998,1,1
2022-08-16,6,0,0.9999999999999999,1,1
2022-08-17,6,0,0.9999999999999998,1,1
2022-08-18,6,0,1.0,1,1
2022-08-19,6,1,1.0,1,1
2022-08-20,6,1,0.9999999999999998,1,1
2022-08-21,6,0,1.0,1,1
2022-08-22,6,1,1.0,1,1
2022-08-23,6,0,0.9999999999999996,1,1
2022-08-24,6,1,0.07061363521720397,0,1
2022-08-25,6,0,0.06804105604093826,0,1
2022-08-26,6,0,1.0,1,1
2022-08-27,6,0,1.0000000000000002,1,1
2022-08-28,6,1,0.35747788927957885,0,1
2022-08-29,6,0,1.0,1,1
2022-08-30,6,1,1.0,1,1
2022-08-31,6,1,0.6882093200370205,1,1
2022-09-01,6,0,0.9999999999999998,1,1
2022-09-02,6,0,0.8856163031967612,1,1
2022-09-03,6,1,1.0,1,1
2022-09-04,6,0,0.9999999999999997,1,1
2022-09-05,6,0,1.0000000000000002,1,1
2022-09-06,6,1,0.9999999999999999,1,1
2022-09-07,6,1,1.0,1,1
2022-09-08,6,1,1.0000000000000002,1,1
2022-09-09,6,1,1.0,1,1
2022-09-10,6,1,1.0,1,1
2022-09-11,6,1,1.0,1,1
2022-09-12,6,0,1.0,1,1
2022-09-13,6,0,1.4238673957974744e-07,0,1
2022-09-14,6,0,0.6408638857967869,1,1
2022-09-15,6,1,0.20145539067664442,0,1
2022-09-16,6,1,0.9999999999999999,1,1
2022-09-17,6,0,0.9999999999999998,1,1
2022-09-18,6,1,1.0,1,1
2022-09-19,6,0,1.0,1,1
2022-09-20,6,0,1.0,1,1
2022-09-21,6,1,1.0,1,1
2022-09-22,6,0,1.0,1,1
2022-09-23,6,0,1.0,1,1
2022-09-24,6,0,1.0,1,1
2022-09-25,6,1,1.0,1,1
2022-09-26,6,0,0.17466181596355404,0,1
2022-09-27,6,1,1.0,1,1
2022-09-28,6,1,1.0,1,1
2022-09-29,6,0,0.07713757871717838,0,1
2022-09-30,6,0,0.0584375463933962,0,1
2022-10-01,6,0,1.0,1,1
2022-10-02,6,1,0.9999999999999999,1,1
2022-10-03,6,1,0.9999999999999998,1,1
2022-10-04,6,0,1.0,1,1
2022-10-05,6,0,0.19941825270800034,0,1
2022-10-06,6,0,0.10628082738489653,0,1
2022-10-07,6,0,0.11524284628861153,0,1
2022-10-08,6,1,0.9999999999999998,1,1
2022-10-09,6,0,1.0000000000000002,1,1
2022-10-10,6,0,1.0,1,1
2022-10-11,6,1,0.9219791882367433,1,1
2022-10-12,6,1,1.0,1,1
2022-10-13,6,0,0.9999999999999999,1,1
2022-10-14,6,0,0.9999999999999998,1,1
2022-10-15,6,1,0.9999999999999998,1,1
2022-10-16,6,1,1.0,1,1
2022-10-17,6,0,1.0,1,1
2022-10-18,6,0,0.058286692494047304,0,1
2022-10-19,6,0,1.0,1,1
2022-10-20,6,1,1.0,1,1
2022-10-21,6,1,0.9999999999999998,1,1
2022-10-22,6,1,0.9999999999999997,1,1
2022-10-23,6,0,1.0,1,1
2022-10-24,6,1,1.0000000000000002,1,1
2022-10-25,6,1,1.0,1,1
2022-10-26,6,0,0.5315322514267502,1,1
2022-10-27,6,1,0.9999999999999998,1,1
2022-10-28,6,1,1.0,1,1
2022-10-29,6,0,1.0000000000000002,1,1
2022-10-30,6,0,1.0,1,1
2022-10-31,6,0,0.9999999999999999,1,1
2022-11-01,6,0,1.0000000000000002,1,1
2022-11-02,6,1,0.06044487491832776,0,1
2022-11-03,6,1,1.0,1,1
2022-11-04,6,1,0.775383757461287,1,1
2022-11-05,6,0,1.0000000000000002,1,1
2022-11-06,6,0,0.9999999999999998,1,1
2022-11-07,6,0,1.0,1,1
2022-11-08,6,0,1.0,1,1
2022-11-09,6,1,0.9999999999999919,1,1
2022-11-10,6,0,0.9999999964729465,1,1
2022-11-11,6,0,0.8561715831333734,1,1
2022-11-12,6,0,0.5402106539065306,1,1
2022-11-13,6,1,1.0000000000000002,1,1
2022-11-14,6,1,0.9999999999999998,1,1
2022-11-15,6,0,1.0,1,1
2022-11-16,6,1,0.10952684697786455,0,1
2022-11-17,6,1,0.07087132770077298,0,1
2022-11-18,6,1,0.9326149008596436,1,1
2022-11-19,6,0,1.0,1,1
2022-11-20,6,0,1.0,1,1
2022-11-21,6,1,0.9999999999999998,1,1
2022-11-22,6,1,1.0000000000000002,1,1
2022-11-23,6,0,0.31887894449812354,0,1
2022-11-24,6,0,1.0000000000000002,1,1
2022-11-25,6,0,1.0000000000000002,1,1
2022-11-26,6,0,1.0,1,1
2022-11-27,6,0,0.9999999999999998,1,1
2022-11-28,6,1,1.0,1,1
2022-11-29,6,1,1.0,1,1
2022-11-30,6,0,1.0,1,1
2022-12-01,6,1,1.0,1,1
2022-12-02,6,0,0.9999999999999999,1,1
2022-12-03,6,1,1.0,1,1
2022-12-04,6,0,0.9999999999999999,1,1
2022-12-05,6,1,1.0,1,1
2022-12-06,6,0,1.0000000000000002,1,1
2022-12-07,6,1,0.9999999999999999,1,1
2022-12-08,6,0,1.0000000000000002,1,1
2022-12-09,6,0,1.0,1,1
2022-12-10,6,0,1.0,1,1
2022-12-11,6,1,1.0,1,1
2022-12-12,6,1,0.9999999999999998,1,1
2022-12-13,6,1,0.274364394170143,0,1
2022-12-14,6,0,1.0,1,1
2022-12-15,6,0,1.0,1,1
2022-12-16,6,1,1.0,1,1
2022-12-17,6,0,1.0,1,1
2022-12-18,6,0,0.9999999999999999,1,1
2022-12-19,6,1,0.9999999999999998,1,1
2022-12-20,6,0,1.0,1,1
2022-12-21,6,1,0.9999999999999999,1,1
2022-12-22,6,0,1.0000000000000002,1,1
2022-12-23,6,1,0.9999999999999999,1,1
2022-12-24,6,0,1.0000000000000002,1,1
2022-12-25,6,1,0.9999999999999998,1,1
2022-12-26,6,0,0.9999999999999999,1,1
2022-12-27,6,0,1.0000000000000002,1,1
2022-12-28,6,1,1.0,1,1
2022-12-29,6,0,1.0000000000000002,1,1
2022-12-30,6,0,1.0,1,1
2022-12-31,6,1,1.0,1,1
2023-01-01,6,1,1.0000000000000002,1,1
2023-01-02,6,0,1.0000000000000002,1,1
2023-01-03,6,1,0.9999999999999999,1,1
2023-01-04,6,0,1.0,1,1
2023-01-05,6,1,0.9999999999999999,1,1
2023-01-06,6,1,1.0,1,1
2023-01-07,6,1,1.0000000000000002,1,1
2023-01-08,6,1,1.0000000000000002,1,1
2023-01-09,6,1,1.0,1,1
2023-01-10,6,1,1.0,1,1
2023-01-11,6,1,1.0000000000000002,1,1
2023-01-12,6,1,1.0,1,1
2023-01-13,6,1,1.0,1,1
2023-01-14,6,0,1.0,1,1
2023-01-15,6,1,0.9999999999999999,1,1
2023-01-16,6,0,0.3897701104831214,0,1
2023-01-17,6,0,0.1714945521245129,0,1
2023-01-18,6,1,0.9999999999999998,1,1
2023-01-19,6,1,0.8982983272148128,1,1
2023-01-20,6,1,0.9997160206901061,1,1
2023-01-21,6,0,0.9999999999999998,1,1
2023-01-22,6,1,1.0,1,1
2023-01-23,6,0,1.0,1,1
2023-01-24,6,1,1.0,1,1
2023-01-25,6,0,1.0,1,1
2023-01-26,6,1,1.0000000000000002,1,1
2023-01-27,6,0,1.0000000000000002,1,1
2023-01-28,6,1,0.9999999999999997,1,1
2023-01-29,6,0,1.0,1,1
2023-01-30,6,1,0.9999999999999999,1,1
2023-01-31,6,1,0.9999999999999998,1,1
2023-02-01,6,0,1.0000000000000002,1,1
2023-02-02,6,0,0.9999999999999998,1,1
2023-02-03,6,0,1.0,1,1
2023-02-04,6,0,1.0,1,1
2023-02-05,6,0,1.0000000000000002,1,1
2023-02-06,6,1,0.9999999999999998,1,1
2023-02-07,6,0,1.0,1,1
2023-02-08,6,0,1.0,1,1
2023-02-09,6,0,1.0,1,1
2023-02-10,6,1,1.0,1,1
2023-02-11,6,0,1.0,1,1
2023-02-12,6,1,0.9999999999999998,1,1
2023-02-13,6,1,1.0000000000000002,1,1
2023-02-14,6,1,1.0000000000000002,1,1
2023-02-15,6,0,0.9999999999999999,1,1
2023-02-16,6,1,1.0,1,1
2023-02-17,6,1,1.0,1,1
2023-02-18,6,0,1.0,1,1
2023-02-19,6,1,1.0,1,1
2023-02-20,6,0,0.8423354876327861,1,1
2023-02-21,6,0,1.0,1,1
2023-02-22,6,0,1.0000000000000004,1,1
2023-02-23,6,0,1.0,1,1
2023-02-24,6,0,1.0,1,1
2023-02-25,6,1,0.9999999999999998,1,1
2023-02-26,6,0,0.9999999999999998,1,1
2023-02-27,6,0,1.0,1,1
2023-02-28,6,1,1.0,1,1
2023-03-01,6,0,0.9302214173396662,1,1
2023-03-02,6,0,1.0,1,1
2023-03-03,6,0,0.6356732464939818,1,1
2023-03-04,6,1,1.0,1,1
2023-03-05,6,0,1.0,1,1
2023-03-06,6,0,0.9170223257273287,1,1
2023-03-07,6,0,0.06667955158719348,0,1
2023-03-08,6,0,0.08478211361550134,0,1
2023-03-09,6,0,0.9999999999999999,1,1
2023-03-10,6,1,0.6315992827567037,1,1
2023-03-11,6,1,0.5514159270818134,1,1
2023-03-12,6,1,1.0,1,1
2023-03-13,6,1,2.9408802559834027e-05,0,1
2023-03-14,6,0,0.2839240523010684,0,1
2023-03-15,6,1,1.0,1,1
2023-03-16,6,1,1.0000000000000002,1,1
2023-03-17,6,0,2.5472759037938466e-05,0,1
2023-03-18,6,1,1.0,1,1
2023-03-19,6,0,1.0,1,1
2023-03-20,6,1,0.9999999999999996,1,1
2023-03-21,6,0,1.0,1,1
2023-03-22,6,1,0.9999999999999999,1,1
2023-03-23,6,0,1.0,1,1
2023-03-24,6,1,0.5833924705446021,1,1
2023-03-25,6,1,1.0000000000000002,1,1
2023-03-26,6,0,1.0,1,1
2023-03-27,6,1,1.0000000000000002,1,1
2023-03-28,6,1,1.0,1,1
2023-03-29,6,0,1.0,1,1
2023-03-30,6,1,0.23584668053114766,0,1
2023-03-31,6,0,0.9999999999999999,1,1
2023-04-01,6,0,0.9999999999999998,1,1
2023-04-02,6,0,0.9999999999999998,1,1
2023-04-03,6,1,1.0000000000000002,1,1
2023-04-04,6,1,1.0,1,1
2023-04-05,6,0,0.9999999999999997,1,1
2023-04-06,6,0,1.0,1,1
2023-04-07,6,1,1.0000000000000002,1,1
2023-04-08,6,1,1.0,1,1
2023-04-09,6,1,1.0000000000000002,1,1
2023-04-10,6,1,1.0,1,1
2023-04-11,6,0,0.9999999999999999,1,1
2023-04-12,6,1,0.8198713454020545,1,1
2023-04-13,6,1,1.0000000000000002,1,1
2023-04-14,6,0,0.9999999999999999,1,1
2023-04-15,6,0,1.0000000000000002,1,1
2023-04-16,6,0,1.0000000000000004,1,1
2023-04-17,6,1,1.0,1,1
2023-04-18,6,0,1.0000000000000002,1,1
2023-04-19,6,0,1.0,1,1
2023-04-20,6,0,1.0,1,1
2023-04-21,6,1,0.07851986816676979,0,1
2023-04-22,6,0,1.0,1,1
2023-04-23,6,0,1.0000000000000004,1,1
2023-04-24,6,1,0.9999999999999999,1,1
2023-04-25,6,1,1.0000000000000002,1,1
2023-04-26,6,1,0.9999999999999999,1,1
2023-04-27,6,0,0.9999999999999998,1,1
2023-04-28,6,0,0.13539027348118732,0,1
2023-04-29,6,1,0.07752265853955731,0,1
2023-04-30,6,0,0.9999999999999997,1,1
2023-05-01,6,1,0.9999999999999999,1,1
2023-05-02,6,1,0.44425068484679964,0,1
2023-05-03,6,0,1.0000000000000002,1,1
2023-05-04,6,1,1.0,1,1
2023-05-05,6,0,0.1897182356573318,0,1
2023-05-06,6,0,1.0000000000000002,1,1
2023-05-07,6,0,1.0,1,1
2023-05-08,6,0,0.9999999999999999,1,1
2023-05-09,6,0,1.0,1,1
2023-05-10,6,0,0.9999999999999999,1,1
2023-05-11,6,0,1.0,1,1
2023-05-12,6,0,0.09913766106903948,0,1
2023-05-13,6,1,1.0,1,1
2023-05-14,6,1,1.0000000000000002,1,1
2023-05-15,6,0,0.0837970136386697,0,1
2023-05-16,6,1,1.0,1,1
2023-05-17,6,0,1.0000000000000002,1,1
2023-05-18,6,1,0.9999999999999998,1,1
2023-05-19,6,1,1.0,1,1
2023-05-20,6,0,1.0,1,1
2023-05-21,6,1,1.0,1,1
2023-05-22,6,1,1.0,1,1
2023-05-23,6,0,1.0000000000000002,1,1
2023-05-24,6,1,1.0,1,1
2023-05-25,6,1,0.9999999999999999,1,1
2023-05-26,6,1,0.08735264203030652,0,1
2023-05-27,6,1,0.9999999999999999,1,1
2023-05-28,6,0,1.0,1,1
2023-05-29,6,0,0.9999999999999998,1,1
2023-05-30,6,0,1.0,1,1
2023-05-31,6,0,1.0,1,1
2023-06-01,6,1,1.0,1,1
2023-06-02,6,0,0.1223098252375242,0,1
2023-06-03,6,1,0.9999999999999999,1,1
2023-06-04,6,0,1.0,1,1
2023-06-05,6,1,0.5840212469344622,1,1
2023-06-06,6,0,1.0,1,1
2023-06-07,6,1,0.8591773364352758,1,1
2023-06-08,6,0,1.0000000000000002,1,1
2023-06-09,6,0,0.9999999999999999,1,1
2023-06-10,6,1,1.0000000000000002,1,1
2023-06-11,6,0,0.11613544470116564,0,1
2023-06-12,6,1,1.0000000000000004,1,1
2023-06-13,6,0,0.9999999999999998,1,1
2023-06-14,6,1,1.0,1,1
2023-06-15,6,1,0.22567715488902418,0,1
2023-06-16,6,1,1.0,1,1
2023-06-17,6,0,0.9999999999999999,1,1
2023-06-18,6,1,1.0,1,1
2023-06-19,6,1,0.9999999999999999,1,1
2023-06-20,6,1,1.0,1,1
2023-06-21,6,0,0.9999999999999999,1,1
2023-06-22,6,1,0.6356704414055729,1,1
2023-06-23,6,0,1.0000000000000002,1,1
2023-06-24,6,0,1.0,1,1
2023-06-25,6,0,1.0000000000000002,1,1
2023-06-26,6,1,0.9999999999999997,1,1
2023-06-27,6,0,1.0,1,1
2023-06-28,6,1,0.9999999999999999,1,1
2023-06-29,6,1,1.0,1,1
2023-06-30,6,1,0.9999999999999999,1,1
2023-07-01,6,1,0.06371749105690916,0,1
2023-07-02,6,1,0.9999999999999999,1,1
2023-07-03,6,0,1.0,1,1
2023-07-04,6,0,0.9999999999999998,1,1
2023-07-05,6,0,0.9999999999999998,1,1
2023-07-06,6,1,1.0000000000000002,1,1
2023-07-07,6,0,1.0000000000000002,1,1
2023-07-08,6,0,1.0,1,1
2023-07-09,6,1,0.9999999999999999,1,1
2023-07-10,6,1,0.9999999999999999,1,1
2023-07-11,6,0,1.0,1,1
2023-07-12,6,1,0.9185761822876767,1,1
2023-07-13,6,0,1.0,1,1
2023-07-14,6,0,1.0,1,1
2023-07-15,6,0,0.9999999999999999,1,1
2023-07-16,6,0,0.9999999999999998,1,1
2023-07-17,6,0,1.0000000000000002,1,1
2023-07-18,6,1,0.9999999999999999,1,1
2023-07-19,6,0,0.9999999999999998,1,1
2023-07-20,6,1,1.0000000000000002,1,1
2023-07-21,6,0,1.0000000000000002,1,1
2023-07-22,6,1,0.9999999999999998,1,1
2023-07-23,6,0,1.0000000000000002,1,1
2023-07-24,6,1,0.9999999999999998,1,1
2023-07-25,6,1,1.0000000000000002,1,1
2023-07-26,6,0,1.0,1,1
2023-07-27,6,1,0.9300579823724708,1,1
2023-07-28,6,1,0.9999999999999999,1,1
2023-07-29,6,0,1.0,1,1
2023-07-30,6,0,1.0,1,1
2023-07-31,6,1,1.0,1,1
2023-08-01,6,0,1.0000000000000002,1,1
2023-08-02,6,1,0.07047042661610026,0,1
2023-08-03,6,0,1.0,1,1
2023-08-04,6,0,1.0000000000000002,1,1
2023-08-05,6,0,0.9999999999999999,1,1
2023-08-06,6,1,1.0,1,1
2023-08-07,6,1,0.9467266178786504,1,1
2023-08-08,6,0,0.13784412666267842,0,1
2023-08-09,6,0,0.9999999999999998,1,1
2023-08-10,6,0,0.9999999999999999,1,1
2023-08-11,6,1,1.0,1,1
2023-08-12,6,0,1.0000000000000002,1,1
2023-08-13,6,1,0.9999999999999998,1,1
2023-08-14,6,0,0.062313409397238236,0,1
2023-08-15,6,0,1.0000000000000002,1,1
2023-08-16,6,0,1.0,1,1
2023-08-17,6,0,1.0000000000000002,1,1
2023-08-18,6,1,1.0,1,1
2023-08-19,6,1,0.9999999999999998,1,1
2023-08-20,6,0,1.0,1,1
2023-08-21,6,0,0.09597707318903323,0,1
2023-08-22,6,1,0.9999999999999999,1,1
2023-08-23,6,0,1.0,1,1
2023-08-24,6,0,0.9999999999999999,1,1
2023-08-25,6,0,1.0000000000000002,1,1
2023-08-26,6,1,1.0000000000000002,1,1
2023-08-27,6,1,1.0,1,1
2023-08-28,6,1,1.0000000000000002,1,1
2023-08-29,6,0,0.9692071750508979,1,1
2023-08-30,6,0,1.0,1,1
2023-08-31,6,0,1.0,1,1
2023-09-01,6,1,0.3021981482262672,0,1
2023-09-02,6,1,0.9999999999999998,1,1
2023-09-03,6,0,1.0,1,1
2023-09-04,6,0,1.0,1,1
2023-09-05,6,0,1.0,1,1
2023-09-06,6,1,0.9999999999999998,1,1
2023-09-07,6,0,1.0,1,1
2023-09-08,6,0,0.07321253019953884,0,1
2023-09-09,6,0,1.0,1,1
2023-09-10,6,0,1.0000000000000004,1,1
2023-09-11,6,1,1.0,1,1
2023-09-12,6,1,0.9999999999999999,1,1
2023-09-13,6,1,1.0000000000000002,1,1
2023-09-14,6,1,1.0,1,1
2023-09-15,6,0,1.0,1,1
2023-09-16,6,0,0.9999999999999999,1,1
2023-09-17,6,1,0.9999999999999998,1,1
2023-09-18,6,1,0.9999999999999998,1,1
2023-09-19,6,0,0.9999999999999998,1,1
2023-09-20,6,0,0.05940206097864446,0,1
2023-09-21,6,1,0.9999999999999999,1,1
2023-09-22,6,0,0.9999999999999999,1,1
2023-09-23,6,0,1.0000000000000002,1,1
2023-09-24,6,1,0.9999999999999998,1,1
2023-09-25,6,0,1.0000000000000002,1,1
2023-09-26,6,1,1.0000000000000002,1,1
2023-09-27,6,1,1.0,1,1
2023-09-28,6,0,0.9999999999999997,1,1
2023-09-29,6,1,1.0000000000000002,1,1
2023-09-30,6,1,1.0,1,1
2023-10-01,6,0,1.0,1,1
2023-10-02,6,0,0.7928789449124883,1,1
2023-10-03,6,1,1.0,1,1
2023-10-04,6,0,1.0,1,1
2023-10-05,6,1,0.9999999999999999,1,1
2023-10-06,6,1,0.11903060736776283,0,1
2023-10-07,6,0,0.9999999999999998,1,1
2023-10-08,6,0,1.0000000000000002,1,1
2023-10-09,6,0,1.0,1,1
2023-10-10,6,0,0.9999999999999998,1,1
2023-10-11,6,0,0.8217622061869189,1,1
2023-10-12,6,1,0.9999999999999997,1,1
2023-10-13,6,0,0.9999999999999998,1,1
2023-10-14,6,1,1.0,1,1
2023-10-15,6,1,1.0,1,1
2023-10-16,6,0,0.8217214137166033,1,1
2023-10-17,6,0,0.44178772726728743,0,1
2023-10-18,6,1,0.19648618283708955,0,1
2023-10-19,6,1,0.14736100159672041,0,1
2023-10-20,6,1,0.9999999999999999,1,1
2023-10-21,6,1,0.9999999999999999,1,1
2023-10-22,6,1,1.0,1,1
2023-10-23,6,1,1.0,1,1
2023-10-24,6,1,0.2606201148713957,0,1
2023-10-25,6,0,1.0000000000000002,1,1
2023-10-26,6,0,1.0,1,1
2023-10-27,6,1,0.9999999999999999,1,1
2023-10-28,6,1,1.0,1,1
2023-10-29,6,0,1.0,1,1
2023-10-30,6,1,1.0000000000000002,1,1
2023-10-31,6,1,0.9999999999999999,1,1
2023-11-01,6,0,0.11533070540016485,0,1
2023-11-02,6,0,0.8381766753113913,1,1
2023-11-03,6,1,0.0873540272414408,0,1
2023-11-04,6,0,0.9999999999999999,1,1
2023-11-05,6,0,1.0,1,1
2023-11-06,6,1,0.9999999999999996,1,1
2023-11-07,6,1,1.0,1,1
2023-11-08,6,1,0.06105437437378314,0,1
2023-11-09,6,1,0.1946583519614884,0,1
2023-11-10,6,0,0.907617675481189,1,1
2023-11-11,6,0,0.9999999999999999,1,1
2023-11-12,6,0,0.9999999999999999,1,1
2023-11-13,6,0,1.0000000000000002,1,1
2023-11-14,6,1,1.0,1,1
2023-11-15,6,0,1.0,1,1
2023-11-16,6,1,1.0,1,1
2023-11-17,6,0,0.9999999999999999,1,1
2023-11-18,6,1,1.0,1,1
2023-11-19,6,1,1.0000000000000002,1,1
2023-11-20,6,0,1.0,1,1
2023-11-21,6,1,0.5852633564431833,1,1
2023-11-22,6,0,0.9315162778868415,1,1
2023-11-23,6,1,0.9999999999999998,1,1
2023-11-24,6,1,1.0,1,1
2023-11-25,6,0,1.0,1,1
2023-11-26,6,0,1.0000000000000002,1,1
2023-11-27,6,1,0.9999999999999999,1,1
2023-11-28,6,1,0.08721990548220271,0,1
2023-11-29,6,0,1.0,1,1
2023-11-30,6,1,0.9999999999999999,1,1
2023-12-01,7,1,0.9999999999999999,1,1
2023-12-02,7,1,1.0,1,1
2023-12-03,7,1,0.9999999999999999,1,1
2023-12-04,7,1,0.9999999999999998,1,1
2023-12-05,7,0,1.0000000000000002,1,1
2023-12-06,7,0,1.0000000000000002,1,1
2023-12-07,7,1,1.0000000000000002,1,1
2023-12-08,7,0,1.0000000000000002,1,1
2023-12-09,7,1,1.0,1,1
2023-12-10,7,0,1.0000000000000002,1,1
2023-12-11,7,1,1.0000000000000002,1,1
2023-12-12,7,1,1.0,1,1
2023-12-13,7,1,1.0,1,1
2023-12-14,7,0,1.0,1,1
2023-12-15,7,1,0.9999999999999998,1,1
2023-12-16,7,0,1.0000000000000002,1,1
2023-12-17,7,1,1.0,1,1
2023-12-18,7,0,1.0,1,1
2023-12-19,7,1,0.9999999999999998,1,1
2023-12-20,7,1,1.0,1,1
2023-12-21,7,1,1.0,1,1
2023-12-22,7,0,1.0,1,1
2023-12-23,7,0,1.0000000000000002,1,1
2023-12-24,7,1,0.07816174773833588,0,1
2023-12-25,7,0,0.9999999999999998,1,1
2023-12-26,7,1,1.0,1,1
2023-12-27,7,0,0.22986417269021453,0,1
2023-12-28,7,0,0.9999999999999998,1,1
2023-12-29,7,1,0.9999999999999998,1,1
2023-12-30,7,1,1.0000000000000002,1,1
2023-12-31,7,1,1.0,1,1
2024-01-01,7,1,0.9999999999999998,1,1
2024-01-02,7,0,1.0000000000000002,1,1
2024-01-03,7,1,1.0,1,1
2024-01-04,7,0,1.0,1,1
2024-01-05,7,0,1.0,1,1
2024-01-06,7,0,0.9999999999999998,1,1
2024-01-07,7,1,0.9999999999999999,1,1
2024-01-08,7,0,1.0,1,1
2024-01-09,7,1,1.0,1,1
2024-01-10,7,0,1.0,1,1
2024-01-11,7,0,1.0000000000000002,1,1
2024-01-12,7,0,1.0,1,1
2024-01-13,7,0,0.9999999999999996,1,1
2024-01-14,7,1,1.0,1,1
2024-01-15,7,1,1.0,1,1
2024-01-16,7,0,1.0,1,1
2024-01-17,7,0,0.9999999999999998,1,1
2024-01-18,7,1,1.0,1,1
2024-01-19,7,1,0.9999999999999999,1,1
2024-01-20,7,0,1.0,1,1
2024-01-21,7,0,0.9999999999999999,1,1
2024-01-22,7,1,1.0,1,1
2024-01-23,7,1,0.9999999999999998,1,1
2024-01-24,7,0,1.0,1,1
2024-01-25,7,1,0.9999999999999998,1,1
2024-01-26,7,1,1.0,1,1
2024-01-27,7,0,1.0000000000000002,1,1
2024-01-28,7,1,1.0,1,1
2024-01-29,7,0,0.9999999999999999,1,1
2024-01-30,7,0,0.1233731554602592,0,1
2024-01-31,7,1,1.0,1,1
2024-02-01,7,1,1.0,1,1
2024-02-02,7,0,1.0,1,1
2024-02-03,7,0,1.0000000000000004,1,1
2024-02-04,7,1,1.0,1,1
2024-02-05,7,1,1.0,1,1
2024-02-06,7,1,1.0000000000000002,1,1
2024-02-07,7,1,0.21619371734847145,0,1
2024-02-08,7,1,1.0,1,1
2024-02-09,7,1,1.0,1,1
2024-02-10,7,1,0.9999999999999998,1,1
2024-02-11,7,1,0.9999999999999998,1,1
2024-02-12,7,0,1.0,1,1
2024-02-13,7,1,0.152123160339808,0,1
2024-02-14,7,1,0.9999999999999999,1,1
2024-02-15,7,1,0.9999999999999999,1,1
2024-02-16,7,0,0.1334709190141155,0,1
2024-02-17,7,1,1.0000000000000002,1,1
2024-02-18,7,0,1.0000000000000002,1,1
2024-02-19,7,1,0.06012899058704342,0,1
2024-02-20,7,0,0.9999999999999997,1,1
2024-02-21,7,0,0.9999999999999998,1,1
2024-02-22,7,0,0.9999999999999998,1,1
2024-02-23,7,1,1.0,1,1
2024-02-24,7,1,1.0,1,1
2024-02-25,7,1,0.9999999999999999,1,1
2024-02-26,7,1,0.9415607913538506,1,1
2024-02-27,7,1,1.0,1,1
2024-02-28,7,0,1.0,1,1
2024-02-29,7,1,1.0,1,1
2024-03-01,7,0,0.6326622957220778,1,1
2024-03-02,7,1,1.0,1,1
2024-03-03,7,1,1.0,1,1
2024-03-04,7,0,1.0,1,1
2024-03-05,7,1,4.022395525360379e-05,0,1
2024-03-06,7,1,0.9435756891490149,1,1
2024-03-07,7,1,1.0,1,1
2024-03-08,7,1,0.9999999999999998,1,1
2024-03-09,7,1,0.9999999999999999,1,1
2024-03-10,7,1,0.9999999999999998,1,1
2024-03-11,7,0,1.0,1,1
2024-03-12,7,1,1.0,1,1
2024-03-13,7,0,1.0000000000000002,1,1
2024-03-14,7,0,0.20593978876411068,0,1
2024-03-15,7,0,1.0000000000000002,1,1
2024-03-16,7,1,1.0,1,1
2024-03-17,7,0,0.9920957173916842,1,1
2024-03-18,7,0,1.0,1,1
2024-03-19,7,1,1.0,1,1
2024-03-20,7,0,0.9999999999999999,1,1
2024-03-21,7,0,1.0,1,1
2024-03-22,7,1,0.7669045166959216,1,1
2024-03-23,7,1,1.0,1,1
2024-03-24,7,1,1.0,1,1
2024-03-25,7,1,0.9999999999999999,1,1
2024-03-26,7,0,1.0,1,1
2024-03-27,7,1,1.0,1,1
2024-03-28,7,0,0.23141279632214445,0,1
2024-03-29,7,0,0.9999999999999998,1,1
2024-03-30,7,1,1.0,1,1
2024-03-31,7,0,0.16778518369984385,0,1
2024-04-01,7,0,0.18416226759899637,0,1
2024-04-02,7,1,0.9999999999999999,1,1
2024-04-03,7,1,0.9999999999999998,1,1
2024-04-04,7,0,1.0,1,1
2024-04-05,7,1,0.9999999999999998,1,1
2024-04-06,7,1,1.0000000000000002,1,1
2024-04-07,7,1,1.0000000000000002,1,1
2024-04-08,7,0,1.0,1,1
2024-04-09,7,1,1.0,1,1
2024-04-10,7,0,1.0,1,1
2024-04-11,7,0,0.9999999999999999,1,1
2024-04-12,7,0,1.0,1,1
2024-04-13,7,1,1.0,1,1
2024-04-14,7,0,1.0,1,1
2024-04-15,7,1,0.9999999999999999,1,1
2024-04-16,7,0,1.0,1,1
2024-04-17,7,1,1.0,1,1
2024-04-18,7,1,0.18984189868345885,0,1
2024-04-19,7,1,1.0,1,1
2024-04-20,7,0,1.0,1,1
2024-04-21,7,1,0.9999999999999998,1,1
2024-04-22,7,0,1.0,1,1
2024-04-23,7,0,0.9999999999999998,1,1
2024-04-24,7,1,1.0,1,1
2024-04-25,7,0,0.9999999999999998,1,1
2024-04-26,7,0,1.0,1,1
2024-04-27,7,0,1.0,1,1
2024-04-28,7,1,1.0,1,1
2024-04-29,7,0,0.9999999999999997,1,1
2024-04-30,7,0,1.0,1,1
2024-05-01,7,1,0.9999999999999999,1,1
2024-05-02,7,1,0.9999999999999999,1,1
2024-05-03,7,1,1.0,1,1
2024-05-04,7,1,1.0,1,1
2024-05-05,7,0,0.9999999999999998,1,1
2024-05-06,7,0,0.17242540649545718,0,1
2024-05-07,7,0,0.9999999999999999,1,1
2024-05-08,7,1,1.0000000000000002,1,1
2024-05-09,7,0,0.32810209987455174,0,1
2024-05-10,7,1,0.9999999999999998,1,1
2024-05-11,7,1,0.9999999999999998,1,1
2024-05-12,7,1,1.0,1,1
2024-05-13,7,0,1.0,1,1
2024-05-14,7,1,1.0000000000000002,1,1
2024-05-15,7,0,0.9998947051790379,1,1
2024-05-16,7,1,0.9999999999999998,1,1
2024-05-17,7,0,1.0,1,1
2024-05-18,7,0,1.0,1,1
2024-05-19,7,1,1.0,1,1
2024-05-20,7,0,0.9999999999999999,1,1
2024-05-21,7,0,1.0,1,1
2024-05-22,7,0,1.0,1,1
2024-05-23,7,1,1.0000000000000004,1,1
2024-05-24,7,1,1.0,1,1
2024-05-25,7,0,0.9999999999999998,1,1
2024-05-26,7,1,0.9999999999999998,1,1
2024-05-27,7,0,1.0,1,1
2024-05-28,7,0,1.0000000000000002,1,1
2024-05-29,7,1,1.0,1,1
2024-05-30,7,0,0.08752050395075195,0,1
2024-05-31,7,1,0.9999999999999998,1,1
2024-06-01,7,1,1.0,1,1
2024-06-02,7,1,1.0000000000000002,1,1
2024-06-03,7,1,1.0,1,1
2024-06-04,7,1,0.9999999999999999,1,1
2024-06-05,7,0,1.0,1,1
2024-06-06,7,0,1.0,1,1
2024-06-07,7,0,0.10611658963148377,0,1
2024-06-08,7,1,1.0000000000000002,1,1
2024-06-09,7,0,0.9999999999999999,1,1
2024-06-10,7,0,0.9999999999999999,1,1
2024-06-11,7,1,0.24296146938579155,0,1
2024-06-12,7,0,1.0,1,1
2024-06-13,7,0,1.0,1,1
2024-06-14,7,1,1.0,1,1
2024-06-15,7,1,0.9999999999999999,1,1
2024-06-16,7,0,1.0000000000000002,1,1
2024-06-17,7,0,0.9999999999999999,1,1
2024-06-18,7,0,1.0,1,1
2024-06-19,7,0,0.06945906063965163,0,1
2024-06-20,7,0,1.0,1,1
2024-06-21,7,1,1.0000000000000002,1,1
2024-06-22,7,0,1.0,1,1
2024-06-23,7,0,0.9999999999999999,1,1
2024-06-24,7,1,1.0000000000000002,1,1
2024-06-25,7,0,0.7545093834442035,1,1
2024-06-26,7,1,0.9999999999999999,1,1
2024-06-27,7,0,1.0000000000000002,1,1
2024-06-28,7,1,0.9999999999999999,1,1
2024-06-29,7,1,1.0,1,1
2024-06-30,7,1,1.0,1,1
2024-07-01,7,0,1.0000000000000002,1,1
2024-07-02,7,0,0.9999999999999998,1,1
2024-07-03,7,0,1.0,1,1
2024-07-04,7,0,1.0,1,1
2024-07-05,7,1,1.0000000000000002,1,1
2024-07-06,7,0,0.9999999999999999,1,1
2024-07-07,7,1,1.0000000000000002,1,1
2024-07-08,7,1,0.9999999999999997,1,1
2024-07-09,7,0,0.9999999999999999,1,1
2024-07-10,7,0,1.0,1,1
2024-07-11,7,1,1.0,1,1
2024-07-12,7,1,0.9999999999999998,1,1
2024-07-13,7,1,0.9999999999999999,1,1
2024-07-14,7,1,1.0000000000000002,1,1
2024-07-15,7,1,1.0,1,1
2024-07-16,7,0,0.39154362877875387,0,1
2024-07-17,7,0,0.9999999999999998,1,1
2024-07-18,7,1,1.0000000000000002,1,1
2024-07-19,7,1,1.0,1,1
2024-07-20,7,1,1.0000000000000004,1,1
2024-07-21,7,0,0.9999999999999998,1,1
2024-07-22,7,0,1.0,1,1
2024-07-23,7,0,0.9999999999999999,1,1
2024-07-24,7,1,1.0,1,1
2024-07-25,7,1,0.9999999999999998,1,1
2024-07-26,7,0,1.0,1,1
2024-07-27,7,1,0.9999999999999997,1,1
2024-07-28,7,0,0.9999999999999999,1,1
2024-07-29,7,0,0.11624136081291181,0,1
2024-07-30,7,0,1.0000000000000002,1,1
2024-07-31,7,1,1.0,1,1
2024-08-01,7,0,0.9999999999999998,1,1
2024-08-02,7,0,1.0,1,1
2024-08-03,7,0,1.0000000000000002,1,1
2024-08-04,7,0,0.9999999999999998,1,1
2024-08-05,7,1,0.9999999999999999,1,1
2024-08-06,7,0,1.0,1,1
2024-08-07,7,1,1.0000000000000002,1,1
2024-08-08,7,0,1.0,1,1
2024-08-09,7,1,0.9999999999999998,1,1
2024-08-10,7,0,0.9999999999999998,1,1
2024-08-11,7,1,1.0,1,1
2024-08-12,7,1,0.9999999999999998,1,1
2024-08-13,7,0,1.0,1,1
2024-08-14,7,0,1.0,1,1
2024-08-15,7,1,0.9999999999999998,1,1
2024-08-16,7,1,0.32535363321845123,0,1
2024-08-17,7,0,1.0,1,1
2024-08-18,7,1,1.0,1,1
2024-08-19,7,0,1.0000000000000002,1,1
2024-08-20,7,1,1.0,1,1
2024-08-21,7,0,1.0,1,1
2024-08-22,7,1,1.0,1,1
2024-08-23,7,1,0.9924124845548726,1,1
2024-08-24,7,1,1.0000000000000004,1,1
2024-08-25,7,0,1.0,1,1
2024-08-26,7,0,0.9999999999999998,1,1
2024-08-27,7,0,0.9999999999999999,1,1
2024-08-28,7,1,0.5792099993033814,1,1
2024-08-29,7,0,1.0,1,1
2024-08-30,7,0,1.0000000000000002,1,1
2024-08-31,7,0,0.9999999999999999,1,1
2024-09-01,7,1,0.9999999999999999,1,1
2024-09-02,7,0,1.0000000000000002,1,1
2024-09-03,7,1,0.38428037103430523,0,1
2024-09-04,7,0,0.9999999999999996,1,1
2024-09-05,7,0,0.9999999999999998,1,1
2024-09-06,7,1,1.0000000000000002,1,1
2024-09-07,7,1,0.9999999999999998,1,1
2024-09-08,7,1,1.0000000000000002,1,1
2024-09-09,7,1,0.6990790209750706,1,1
2024-09-10,7,0,0.39394063229310655,0,1
2024-09-11,7,1,0.16809653525995355,0,1
2024-09-12,7,1,0.9999999999999999,1,1
2024-09-13,7,0,0.9999999999999998,1,1
2024-09-14,7,0,1.0000000000000002,1,1
2024-09-15,7,0,0.9999999999999998,1,1
2024-09-16,7,1,1.0,1,1
2024-09-17,7,1,0.9999999999999999,1,1
2024-09-18,7,1,1.0,1,1
2024-09-19,7,1,1.0,1,1
2024-09-20,7,1,1.0000000000000002,1,1
2024-09-21,7,1,1.0000000000000002,1,1
2024-09-22,7,0,1.0000000000000002,1,1
2024-09-23,7,1,0.9999999999999997,1,1
2024-09-24,7,0,1.0,1,1
2024-09-25,7,1,1.0000000000000002,1,1
2024-09-26,7,1,1.0,1,1
2024-09-27,7,1,0.1744897925816991,0,1
2024-09-28,7,0,1.0,1,1
2024-09-29,7,0,1.0,1,1
2024-09-30,7,0,1.0,1,1
2024-10-01,7,0,0.9999999999999999,1,1
2024-10-02,7,1,0.9999999999999998,1,1
2024-10-03,7,1,1.0,1,1
2024-10-04,7,1,0.9999999999999998,1,1
2024-10-05,7,1,1.0000000000000002,1,1
2024-10-06,7,0,1.0,1,1
2024-10-07,7,0,0.9999999999999997,1,1
2024-10-08,7,0,1.0,1,1
2024-10-09,7,0,0.9999999999999999,1,1
2024-10-10,7,1,1.0,1,1
2024-10-11,7,1,0.9999999999999999,1,1
2024-10-12,7,0,0.9999999999999998,1,1
2024-10-13,7,1,0.9999999999999999,1,1
2024-10-14,7,1,0.9999999999999999,1,1
2024-10-15,7,1,0.549880144246488,1,1
2024-10-16,7,0,1.0,1,1
2024-10-17,7,1,1.0,1,1
2024-10-18,7,0,0.10520659727749215,0,1
2024-10-19,7,1,0.9999999999999999,1,1
2024-10-20,7,0,1.0,1,1
2024-10-21,7,0,1.0,1,1
2024-10-22,7,0,1.0,1,1
2024-10-23,7,1,1.0,1,1
2024-10-24,7,0,1.0,1,1
2024-10-25,7,1,0.14535933048101662,0,1
2024-10-26,7,1,1.0,1,1
2024-10-27,7,1,1.0000000000000002,1,1
2024-10-28,7,1,0.2528122919195981,0,1
2024-10-29,7,0,1.0,1,1
2024-10-30,7,0,0.26259193644832235,0,1
2024-10-31,7,0,1.0,1,1
2024-11-01,7,0,1.0,1,1
2024-11-02,7,0,1.0,1,1
2024-11-03,7,0,1.0,1,1
2024-11-04,7,1,1.0,1,1
2024-11-05,7,1,0.8977250656845023,1,1
2024-11-06,7,1,0.9999966983942239,1,1
2024-11-07,7,1,0.6057792745782107,1,1
2024-11-08,7,1,0.30660177051171766,0,1
2024-11-09,7,1,1.0000000000000002,1,1
2024-11-10,7,1,1.0,1,1
2024-11-11,7,0,1.0,1,1
2024-11-12,7,1,0.9999999999999998,1,1
2024-11-13,7,0,1.0,1,1
2024-11-14,7,1,0.8133073608383679,1,1
2024-11-15,7,0,1.0,1,1
2024-11-16,7,0,1.0000000000000002,1,1
2024-11-17,7,1,1.0,1,1
2024-11-18,7,1,1.0,1,1
2024-11-19,7,1,1.0000000000000002,1,1
2024-11-20,7,1,0.19002303723954,0,1
2024-11-21,7,1,0.9999999999999999,1,1
2024-11-22,7,0,1.0,1,1
2024-11-23,7,1,1.0,1,1
2024-11-24,7,0,0.9999999999999999,1,1
2024-11-25,7,0,1.0,1,1
2024-11-26,7,1,0.5558308160394095,1,1
2024-11-27,7,0,0.9281551682708944,1,1
2024-11-28,7,1,0.5126517246674405,1,1
2024-11-29,7,0,0.3589102994374589,0,1
2024-11-30,7,1,1.0,1,1
2024-12-01,7,0,1.0,1,1
2024-12-02,7,1,0.9999999999999999,1,1
2024-12-03,7,1,1.0,1,1
2024-12-04,7,0,0.9999999999999999,1,1
2024-12-05,7,1,1.0,1,1
2024-12-06,7,1,0.9999999999999998,1,1
2024-12-07,7,1,1.0000000000000002,1,1
2024-12-08,7,0,1.0000000000000004,1,1
2024-12-09,7,0,1.0,1,1
2024-12-10,7,1,1.0000000000000002,1,1
2024-12-11,7,0,1.0,1,1
2024-12-12,7,1,1.0,1,1
2024-12-13,7,0,1.0,1,1
2024-12-14,7,1,1.0000000000000002,1,1
2024-12-15,7,1,1.0,1,1
2024-12-16,7,1,1.0,1,1
2024-12-17,7,0,1.0,1,1
2024-12-18,7,0,0.9531658342863298,1,1
2024-12-19,7,1,1.0,1,1
2024-12-20,7,0,1.0,1,1
2024-12-21,7,0,0.9999999999999998,1,1
2024-12-22,7,0,1.0,1,1
2024-12-23,7,1,0.9999999999999998,1,1
2024-12-24,7,1,0.629496676448239,1,1
2024-12-25,7,0,1.0,1,1
2024-12-26,7,0,0.9999999999999998,1,1
2024-12-27,7,1,1.0,1,1
2024-12-28,7,0,0.9999999999999998,1,1
2024-12-29,7,0,1.0,1,1
2024-12-30,7,1,0.07727510319293077,0,1
2024-12-31,7,1,0.07735840827266828,0,1
2025-01-01,7,1,1.0,1,1
2025-01-02,7,1,0.9999999999999999,1,1
2025-01-03,7,1,0.9999999999999998,1,1
2025-01-04,7,1,0.9999999999999999,1,1
2025-01-05,7,1,0.9999999999999998,1,1
2025-01-06,7,0,1.0000000000000002,1,1
2025-01-07,7,0,0.9999999999999999,1,1
2025-01-08,7,0,1.0,1,1
2025-01-09,7,1,1.0000000000000002,1,1
2025-01-10,7,0,0.9999999999999999,1,1
2025-01-11,7,0,1.0,1,1
2025-01-12,7,1,1.0,1,1
2025-01-13,7,1,1.0000000000000002,1,1
2025-01-14,7,1,0.9999999999999999,1,1
2025-01-15,7,0,1.0,1,1
2025-01-16,7,1,1.0,1,1
2025-01-17,7,0,0.8950935602910153,1,1
2025-01-18,7,0,1.0,1,1
2025-01-19,7,1,1.0000000000000002,1,1
2025-01-20,7,1,1.0,1,1
2025-01-21,7,0,1.0,1,1
2025-01-22,7,1,1.0,1,1
2025-01-23,7,1,1.0,1,1
2025-01-24,7,0,0.9999999999999998,1,1
2025-01-25,7,0,1.0,1,1
2025-01-26,7,0,1.0,1,1
2025-01-27,7,0,1.0,1,1
2025-01-28,7,1,0.9999999999999998,1,1
2025-01-29,7,1,0.9999999999999998,1,1
2025-01-30,7,0,0.9999999999999999,1,1
2025-01-31,7,0,1.0,1,1
2025-02-01,7,0,1.0,1,1
2025-02-02,7,1,0.9999999999999998,1,1
2025-02-03,7,0,1.0,1,1
2025-02-04,7,0,0.7141192027885702,1,1
2025-02-05,7,0,0.3587436973885786,0,1
2025-02-06,7,0,1.0000000000000002,1,1
2025-02-07,7,0,0.9999999999999998,1,1
2025-02-08,7,1,0.9999999999999998,1,1
2025-02-09,7,1,0.9999999999999997,1,1
2025-02-10,7,0,0.9999999999999998,1,1
2025-02-11,7,1,0.9999999999999997,1,1
2025-02-12,7,0,0.9999999999999999,1,1
2025-02-13,7,1,0.9999999999999999,1,1
2025-02-14,7,1,1.0000000000000002,1,1
2025-02-15,7,0,1.0,1,1
2025-02-16,7,0,0.9999999999999997,1,1
2025-02-17,7,0,1.0,1,1
2025-02-18,7,1,1.0,1,1
2025-02-19,7,1,1.0,1,1
2025-02-20,7,0,0.09490106642767505,0,1
2025-02-21,7,1,0.9999999999999999,1,1
2025-02-22,7,0,0.10404647321545929,0,1
2025-02-23,7,0,0.9999999999999999,1,1
2025-02-24,7,0,1.0,1,1
2025-02-25,7,0,0.9999999999999998,1,1
2025-02-26,7,1,1.0,1,1
2025-02-27,7,0,1.0000000000000002,1,1
2025-02-28,7,1,0.9999999999999998,1,1
2025-03-01,7,1,0.9999999999999998,1,1
2025-03-02,7,0,1.0,1,1
2025-03-03,7,1,1.0,1,1
2025-03-04,7,1,1.0,1,1
2025-03-05,7,0,1.0,1,1
2025-03-06,7,0,1.0,1,1
2025-03-07,7,0,1.0,1,1
2025-03-08,7,0,0.9999999999999998,1,1
2025-03-09,7,0,1.0,1,1
2025-03-10,7,1,0.9999999999999999,1,1
2025-03-11,7,1,0.9999999999999999,1,1
2025-03-12,7,0,1.0,1,1
2025-03-13,7,1,1.0,1,1
2025-03-14,7,1,1.0,1,1
2025-03-15,7,0,1.0,1,1
2025-03-16,7,1,0.9999999999999999,1,1
2025-03-17,7,0,1.0,1,1
2025-03-18,7,1,0.9999999999999999,1,1
2025-03-19,8,0,1.0,1,1
2025-03-20,8,0,1.0,1,1
2025-03-21,8,0,1.0,1,1
2025-03-22,8,1,1.0000000000000002,1,1
2025-03-23,8,1,1.0,1,1
2025-03-24,8,0,0.1641548773867843,0,1
2025-03-25,8,0,1.0,1,1
2025-03-26,8,1,1.0,1,1
2025-03-27,8,0,0.9999999999999999,1,1
2025-03-28,8,0,1.0,1,1
2025-03-29,8,0,0.9999999999999999,1,1
2025-03-30,8,1,1.0,1,1
2025-03-31,8,1,0.07014307708690236,0,1
2025-04-01,8,0,1.0,1,1
2025-04-02,8,1,0.9999999999999999,1,1
2025-04-03,8,1,0.9999999999999999,1,1
2025-04-04,8,0,0.09906505944340696,0,1
2025-04-05,8,0,1.0000000000000002,1,1
2025-04-06,8,1,0.009635018254008068,0,1
2025-04-07,8,0,1.0,1,1
2025-04-08,8,1,1.0,1,1
2025-04-09,8,0,1.0,1,1
2025-04-10,8,1,0.9999999999999999,1,1
2025-04-11,8,1,1.0,1,1
2025-04-12,8,0,1.0,1,1
2025-04-13,8,1,1.0000000000000002,1,1
2025-04-14,8,0,1.0,1,1
2025-04-15,8,1,0.9999999999999998,1,1
2025-04-16,8,1,0.9999999999999999,1,1
2025-04-17,8,0,1.0,1,1
2025-04-18,8,1,1.0,1,1
2025-04-19,8,1,0.9999999999999997,1,1
2025-04-20,8,1,0.9999999999999998,1,1
2025-04-21,8,1,0.9999999999999999,1,1
2025-04-22,8,1,1.0,1,1
2025-04-23,8,1,0.5633982480933432,1,1
2025-04-24,8,1,1.0,1,1
2025-04-25,8,0,0.13429993684638933,0,1
2025-04-26,8,0,1.0,1,1
2025-04-27,8,1,1.0,1,1
2025-04-28,8,0,1.0,1,1
2025-04-29,8,0,1.0,1,1
2025-04-30,8,1,1.0000000000000002,1,1
2025-05-01,8,1,1.0000000000000002,1,1
2025-05-02,8,0,0.07425206788494715,0,1
2025-05-03,8,0,1.0000000000000002,1,1
2025-05-04,8,1,0.9999999999999999,1,1
2025-05-05,8,1,1.0,1,1
2025-05-06,8,1,1.0000000000000004,1,1
2025-05-07,8,1,0.9999999999999998,1,1
2025-05-08,8,0,1.0,1,1
2025-05-09,8,1,1.0,1,1
2025-05-10,8,0,1.0000000000000002,1,1
2025-05-11,8,0,1.0,1,1
2025-05-12,8,1,0.9999999999999998,1,1
2025-05-13,8,0,1.0,1,1
2025-05-14,8,1,0.9999999999999999,1,1
2025-05-15,8,0,1.0000000000000002,1,1
2025-05-16,8,0,0.9999999999999998,1,1
2025-05-17,8,1,1.0000000000000002,1,1
2025-05-18,8,0,1.0,1,1
2025-05-19,8,1,0.9999999999999998,1,1
2025-05-20,8,1,1.0000000000000002,1,1
2025-05-21,8,1,1.0,1,1
2025-05-22,8,0,0.8886664917882241,1,1
2025-05-23,8,1,0.9999999999999998,1,1
2025-05-24,8,1,1.0,1,1
2025-05-25,8,1,1.0,1,1
2025-05-26,8,0,1.0,1,1
2025-05-27,8,0,0.9999999999999999,1,1
2025-05-28,8,0,1.0,1,1
2025-05-29,8,0,0.9999999999999999,1,1
2025-05-30,8,1,0.9999999999999998,1,1
2025-05-31,8,1,0.9999999999999998,1,1
2025-06-01,8,1,1.0,1,1
2025-06-02,8,0,1.0,1,1
2025-06-03,8,0,0.053288537496267316,0,1
2025-06-04,8,0,0.05555703475904201,0,1
2025-06-05,8,1,0.9999999999999998,1,1
2025-06-06,8,1,1.0000000000000004,1,1
2025-06-07,8,1,0.9999999999999999,1,1
2025-06-08,8,1,1.0,1,1
2025-06-09,8,0,1.0,1,1
2025-06-10,8,0,0.9999999999999998,1,1
2025-06-11,8,0,0.9999999999999998,1,1
2025-06-12,8,1,1.0,1,1
2025-06-13,8,0,1.0000000000000002,1,1
2025-06-14,8,1,0.9999999999999998,1,1
2025-06-15,8,1,1.0000000000000002,1,1
2025-06-16,8,0,1.0000000000000002,1,1
2025-06-17,8,1,0.9999999999999998,1,1
2025-06-18,8,0,0.9999999999999998,1,1
2025-06-19,8,0,1.0000000000000002,1,1
2025-06-20,8,0,0.9999999999999998,1,1
2025-06-21,8,0,1.0000000000000002,1,1
2025-06-22,8,1,0.9999999999999997,1,1
2025-06-23,8,1,1.0,1,1
2025-06-24,8,1,1.0000000000000002,1,1
2025-06-25,8,0,1.0,1,1
2025-06-26,8,1,1.0,1,1
2025-06-27,8,1,0.0624481290221552,0,1
2025-06-28,8,1,1.0000000000000002,1,1
2025-06-29,8,0,1.0,1,1
2025-06-30,8,0,1.0,1,1
2025-07-01,8,1,1.0000000000000002,1,1
2025-07-02,8,1,1.0,1,1
2025-07-03,8,0,1.0,1,1
2025-07-04,8,1,1.0000000000000002,1,1
2025-07-05,8,1,0.9999999999999998,1,1
2025-07-06,8,0,0.9999999999999998,1,1
2025-07-07,8,1,1.0,1,1
2025-07-08,8,1,0.9999999999999998,1,1
2025-07-09,8,1,1.0000000000000002,1,1
2025-07-10,8,1,0.9999999999999998,1,1
2025-07-11,8,0,0.7671069903970202,1,1
2025-07-12,8,1,1.0,1,1
2025-07-13,8,1,1.0000000000000004,1,1
2025-07-14,8,0,0.9381800529198282,1,1
2025-07-15,8,1,0.8596510865648159,1,1
2025-07-16,8,1,1.0,1,1
2025-07-17,8,0,1.0,1,1
2025-07-18,8,0,0.9999999999999998,1,1
2025-07-19,8,0,1.0000000000000004,1,1
2025-07-20,8,1,1.0000000000000002,1,1
2025-07-21,8,1,0.9999999999999998,1,1
2025-07-22,8,0,1.0000000000000002,1,1
2025-07-23,8,0,0.9999999999999998,1,1
2025-07-24,8,0,1.0,1,1
2025-07-25,8,1,0.9285297918242977,1,1
2025-07-26,8,1,0.9999999999999998,1,1
2025-07-27,8,0,1.0000000000000002,1,1
2025-07-28,8,0,0.07114794417247018,0,1
2025-07-29,8,0,1.0000000000000002,1,1
2025-07-30,8,0,1.0,1,1
2025-07-31,8,0,1.0,1,1
2025-08-01,8,0,0.9999999999999999,1,1
2025-08-02,8,1,0.9999999999999999,1,1
2025-08-03,8,1,0.9999999999999998,1,1
2025-08-04,8,0,1.0000000000000004,1,1
2025-08-05,8,1,0.9999999999999998,1,1
2025-08-06,8,1,1.0,1,1
2025-08-07,8,0,0.9999999999999999,1,1
2025-08-08,8,0,1.0000000000000002,1,1
2025-08-09,8,1,1.0000000000000002,1,1
2025-08-10,8,0,1.0000000000000002,1,1
2025-08-11,8,1,0.9999999999999999,1,1
2025-08-12,8,1,0.9999999999999998,1,1
2025-08-13,8,0,1.0000000000000002,1,1
2025-08-14,8,0,1.0,1,1
2025-08-15,8,1,1.0,1,1
2025-08-16,8,0,1.0,1,1
2025-08-17,8,0,0.9999999999999998,1,1
2025-08-18,8,0,1.0,1,1
2025-08-19,8,1,1.0000000000000002,1,1
2025-08-20,8,0,1.0,1,1
2025-08-21,8,1,0.9999999999999999,1,1
2025-08-22,8,0,0.9999999999999999,1,1
2025-08-23,8,0,0.9999999999999998,1,1
2025-08-24,8,0,0.8081183959555103,1,1
2025-08-25,8,1,1.0,1,1
2025-08-26,8,0,1.0,1,1
2025-08-27,8,1,1.0000000000000002,1,1
2025-08-28,8,0,1.0,1,1
2025-08-29,8,1,0.31346824214645697,0,1
2025-08-30,8,0,1.0000000000000002,1,1
2025-08-31,8,1,0.9999999999999998,1,1
2025-09-01,8,1,0.9999999999999998,1,1
2025-09-02,8,1,1.0,1,1
2025-09-03,8,0,0.9999999999999999,1,1
2025-09-04,8,0,0.06182655331599587,0,1
2025-09-05,8,0,0.9999999999999998,1,1
2025-09-06,8,1,1.0000000000000002,1,1
2025-09-07,8,1,1.0,1,1
2025-09-08,8,0,1.0000000000000002,1,1
2025-09-09,8,1,1.0,1,1
2025-09-10,8,1,1.0,1,1
2025-09-11,8,1,1.0000000000000002,1,1
2025-09-12,8,0,0.9999999999999998,1,1
2025-09-13,8,0,1.0000000000000002,1,1
2025-09-14,8,1,1.0,1,1
2025-09-15,8,1,0.9999999999999999,1,1
2025-09-16,8,0,1.0,1,1
2025-09-17,8,1,1.0,1,1
2025-09-18,8,0,1.0,1,1
2025-09-19,8,1,0.06442741333147971,0,1
2025-09-20,8,0,0.056621576139136605,0,1
2025-09-21,8,0,1.0,1,1
2025-09-22,8,0,1.0,1,1
2025-09-23,8,1,0.9999999999999999,1,1
2025-09-24,8,0,1.0000000000000002,1,1
2025-09-25,8,1,0.9999999999999999,1,1
2025-09-26,8,0,0.22310346166325,0,1
2025-09-27,8,1,1.0,1,1
2025-09-28,8,1,1.0000000000000002,1,1
2025-09-29,8,0,1.0,1,1
2025-09-30,8,1,0.06983333035450001,0,1
2025-10-01,8,1,1.0,1,1
2025-10-02,8,1,0.9999999999999999,1,1
2025-10-03,8,1,1.0,1,1
2025-10-04,8,1,1.0,1,1
2025-10-05,8,1,0.9378844642291044,1,1
2025-10-06,8,0,1.0000000000000002,1,1
2025-10-07,8,1,0.9999999999999999,1,1
2025-10-08,8,0,1.0000000000000002,1,1
2025-10-09,8,0,1.0,1,1
2025-10-10,8,0,1.0,1,1
2025-10-11,8,1,1.0,1,1
2025-10-12,8,1,0.9999999999999998,1,1
2025-10-13,8,0,1.0,1,1
2025-10-14,8,0,1.0,1,1
2025-10-15,8,0,0.20250809040766668,0,1
2025-10-16,8,0,1.0,1,1
2025-10-17,8,1,1.0,1,1
2025-10-18,8,1,1.0,1,1
2025-10-19,8,1,1.0,1,1
2025-10-20,8,0,1.0000000000000002,1,1
2025-10-21,8,0,1.0,1,1
2025-10-22,8,1,0.9999999999999998,1,1
2025-10-23,8,1,1.0,1,1
2025-10-24,8,1,1.0,1,1
2025-10-25,8,1,1.0000000000000002,1,1
2025-10-26,8,0,1.0,1,1
2025-10-27,8,0,0.9999999999999998,1,1
2025-10-28,8,0,1.0,1,1
2025-10-29,8,0,1.0,1,1
2025-10-30,8,1,1.0,1,1
2025-10-31,8,1,0.9999999999999998,1,1
2025-11-01,8,1,0.9999999999999998,1,1
2025-11-02,8,0,1.0,1,1
2025-11-03,8,0,1.0,1,1
2025-11-04,8,1,0.07391630918960793,0,1
2025-11-05,8,0,1.0,1,1
2025-11-06,8,1,1.0,1,1
2025-11-07,8,0,1.0,1,1
2025-11-08,8,1,1.0,1,1
2025-11-09,8,1,1.0000000000000002,1,1
2025-11-10,8,0,0.9999999999999999,1,1
2025-11-11,8,0,1.0,1,1
2025-11-12,8,0,1.0,1,1
2025-11-13,8,0,1.0,1,1
2025-11-14,8,1,1.0,1,1
2025-11-15,8,0,0.9999999999999999,1,1
2025-11-16,8,0,1.0000000000000002,1,1
2025-11-17,8,1,0.6666809733645451,1,1
2025-11-18,8,0,0.1793873180200864,0,1
2025-11-19,8,0,1.0,1,1
2025-11-20,8,0,1.0,1,1
2025-11-21,8,0,0.9999999999999998,1,1
2025-11-22,8,1,1.0,1,1
2025-11-23,8,1,0.9999999999999999,1,1
2025-11-24,8,0,1.0,1,1
2025-11-25,8,1,1.0,1,1
2025-11-26,8,1,0.9999999999999999,1,1
2025-11-27,8,0,1.0,1,1
2025-11-28,8,0,1.0,1,1
2025-11-29,8,0,1.0,1,1
2025-11-30,8,0,0.9999999999999998,1,1
2025-12-01,8,1,1.0,1,1
2025-12-02,8,1,0.9902538736731779,1,1
2025-12-03,8,0,1.0000000000000002,1,1
2025-12-04,8,0,1.0000000000000002,1,1
2025-12-05,8,0,1.0,1,1
2025-12-06,8,1,1.0,1,1
2025-12-07,8,1,0.9999999999999999,1,1
2025-12-08,8,1,0.9999999999999999,1,1
2025-12-09,8,0,1.0,1,1
2025-12-10,8,1,1.0000000000000002,1,1
2025-12-11,8,0,1.0,1,1
2025-12-12,8,1,1.0,1,1
2025-12-13,8,0,1.0,1,1
2025-12-14,8,0,0.9999999999999998,1,1
2025-12-15,8,1,1.0,1,1
2025-12-16,8,0,1.0000000000000004,1,1
2025-12-17,8,0,1.0,1,1
2025-12-18,8,1,1.0000000000000002,1,1
2025-12-19,8,1,1.0000000000000002,1,1
2025-12-20,8,1,1.0,1,1
2025-12-21,8,0,1.0,1,1
2025-12-22,8,0,1.0,1,1
2025-12-23,8,1,0.9999999999999998,1,1
2025-12-24,8,0,1.0,1,1
2025-12-25,8,1,0.9999999999999997,1,1
2025-12-26,8,1,1.0,1,1
2025-12-27,8,1,0.9999999999999998,1,1
2025-12-28,8,0,1.0,1,1
2025-12-29,8,1,1.0,1,1
2025-12-30,8,0,1.0,1,1
2025-12-31,8,1,0.06570754136912807,0,1
2026-01-01,8,1,1.0,1,1
2026-01-02,8,1,1.0000000000000002,1,1
2026-01-03,8,1,1.0,1,1
2026-01-04,8,1,0.9999999999999999,1,1
2026-01-05,8,0,1.0,1,1
2026-01-06,8,0,0.9999999999999999,1,1
2026-01-07,8,0,0.9999999999999999,1,1
2026-01-08,8,0,1.0,1,1
2026-01-09,8,0,0.9999999999999998,1,1
2026-01-10,8,1,0.9999999999999999,1,1
2026-01-11,8,1,1.0,1,1
2026-01-12,8,1,1.0,1,1
2026-01-13,8,1,0.6465059608836519,1,1
2026-01-14,8,0,0.41927144634551106,0,1
2026-01-15,8,0,0.9999999999999999,1,1
2026-01-16,8,0,1.0,1,1
2026-01-17,8,0,1.0,1,1
2026-01-18,8,0,0.9999999999999998,1,1
2026-01-19,8,0,1.0,1,1
2026-01-20,8,1,0.18551259246513815,0,1
2026-01-21,8,1,0.5801841165809962,1,1
2026-01-22,8,1,1.0000000000000002,1,1
2026-01-23,8,0,0.9999999999999997,1,1
2026-01-24,8,0,1.0,1,1
2026-01-25,8,1,1.0,1,1
2026-01-26,8,1,0.9999999999999998,1,1
2026-01-27,8,1,0.9999999999999999,1,1
2026-01-28,8,0,1.0000000000000002,1,1
2026-01-29,8,0,1.0,1,1
2026-01-30,8,0,1.0000000000000002,1,1
2026-01-31,8,0,0.0015962237041716684,0,1
2026-02-01,8,1,1.0,1,1
2026-02-02,8,0,0.9999999999999997,1,1
2026-02-03,8,0,1.0,1,1
2026-02-04,8,0,1.0,1,1
2026-02-05,8,1,1.4912414200454545e-15,0,1
2026-02-06,8,0,0.9999999999963406,1,1
2026-02-07,8,1,0.9999999999999999,1,1
2026-02-08,8,0,1.0,1,1
2026-02-09,8,0,0.1664070894125634,0,1
2026-02-10,8,0,1.0,1,1
2026-02-11,8,0,1.0000000000000002,1,1
2026-02-12,8,1,1.0,1,1
2026-02-13,8,1,1.0,1,1
2026-02-14,8,0,0.9999999999999998,1,1
2026-02-15,8,1,1.0000000000000002,1,1
2026-02-16,8,0,1.0,1,1
2026-02-17,8,0,0.9999999999999998,1,1
2026-02-18,8,1,0.10152239497858559,0,1
2026-02-19,8,1,1.0,1,1
2026-02-20,8,0,1.0,1,1
2026-02-21,8,0,0.9999999999999996,1,1
2026-02-22,8,0,1.0000000000000002,1,1
2026-02-23,8,0,1.0,1,1
2026-02-24,8,1,1.0,1,1
2026-02-25,8,0,1.0,1,1
2026-02-26,8,0,1.0,1,1
2026-02-27,8,1,1.0,1,1
2026-02-28,8,0,0.9999999999999998,1,1
2026-03-01,8,1,1.0,1,1
2026-03-02,8,0,1.0,1,1
2026-03-03,8,1,0.9999999999999998,1,1
2026-03-04,8,0,0.9973025347768314,1,1
2026-03-05,8,0,1.0,1,1
2026-03-06,8,0,0.9999999999999998,1,1
2026-03-07,8,0,1.0,1,1
2026-03-08,8,1,1.0000000000000002,1,1
2026-03-09,8,1,0.9999999999999999,1,1
2026-03-10,8,1,1.0,1,1
2026-03-11,8,1,1.0000000000000002,1,1
2026-03-12,8,1,1.0,1,1
2026-03-13,8,1,1.0,1,1
2026-03-14,8,1,0.9999999999999999,1,1
2026-03-15,8,1,0.9999999999999998,1,1
2026-03-16,8,0,1.0,1,1
2026-03-17,8,0,0.9999999999999998,1,1
2026-03-18,8,0,1.0,1,1
2026-03-19,8,1,1.0000000000000002,1,1
2026-03-20,8,0,1.0000000000000004,1,1
2026-03-21,8,0,1.0000000000000002,1,1
2026-03-22,8,1,1.0000000000000002,1,1
2026-03-23,8,0,1.0,1,1
2026-03-24,8,1,1.0000000000000002,1,1
2026-03-25,8,0,1.0000000000000002,1,1
2026-03-26,8,0,1.0,1,1
2026-03-27,8,0,1.0,1,1
2026-03-28,8,0,0.9999999999999998,1,1
2026-03-29,8,1,1.0,1,1
2026-03-30,8,1,0.9999999999999998,1,1
2026-03-31,8,0,0.9999999999999999,1,1
2026-04-01,8,0,1.0,1,1
2026-04-02,8,1,1.0,1,1
2026-04-03,8,1,0.9999999999999998,1,1
2026-04-04,8,1,1.0,1,1
2026-04-05,8,0,1.0000000000000002,1,1
2026-04-06,8,1,1.0,1,1
2026-04-07,8,0,1.0,1,1
2026-04-08,8,1,0.9999999999999999,1,1
2026-04-09,8,1,1.0,1,1
2026-04-10,8,1,0.9999999999999998,1,1
2026-04-11,8,0,0.9999999999999998,1,1
2026-04-12,8,1,1.0000000000000002,1,1
2026-04-13,8,0,0.9307370336272521,1,1
2026-04-14,8,1,0.5026840073234001,1,1
2026-04-15,8,1,0.2384082921210999,0,1
2026-04-16,8,1,0.9999999999999999,1,1
2026-04-17,8,0,1.0,1,1
2026-04-18,8,0,1.0,1,1
2026-04-19,8,1,1.0,1,1
2026-04-20,8,1,1.0,1,1
2026-04-21,8,1,1.0000000000000002,1,1
2026-04-22,8,1,1.0,1,1
2026-04-23,8,0,0.9999999999999999,1,1
2026-04-24,8,1,0.9137145052667728,1,1
2026-04-25,8,1,0.06339200132786563,0,1
2026-04-26,8,0,1.0,1,1
2026-04-27,8,0,0.8806624190509962,1,1
2026-04-28,8,0,0.9999999999999998,1,1
2026-04-29,8,1,1.0,1,1
2026-04-30,8,1,0.9999999999999999,1,1
2026-05-01,8,1,0.9999999999999998,1,1
2026-05-02,8,0,1.0,1,1
2026-05-03,8,1,1.0,1,1
2026-05-04,8,1,0.9999999999999998,1,1
2026-05-05,8,1,1.0,1,1
2026-05-06,8,0,1.0000000000000002,1,1
2026-05-07,8,1,0.9999999999999998,1,1
2026-05-08,8,1,1.0000000000000002,1,1
2026-05-09,8,1,0.9999999999999999,1,1
2026-05-10,8,0,0.9999999999999999,1,1
2026-05-11,8,0,1.0,1,1
2026-05-12,8,0,1.0,1,1
2026-05-13,8,1,0.9999999999999999,1,1
2026-05-14,8,0,0.9999999999999997,1,1
2026-05-15,8,0,1.0000000000000002,1,1
2026-05-16,8,0,1.0,1,1
2026-05-17,8,0,1.0,1,1
2026-05-18,8,0,0.9999999999999998,1,1
2026-05-19,8,1,1.0,1,1
2026-05-20,8,1,1.0,1,1
2026-05-21,8,0,0.9999999999999998,1,1
2026-05-22,8,1,1.0,1,1
2026-05-23,8,1,0.9999999999999998,1,1
2026-05-24,8,1,0.9999999999999999,1,1
2026-05-25,8,0,1.0000000000000002,1,1
2026-05-26,8,0,1.0000000000000002,1,1
2026-05-27,8,0,0.8488238563131681,1,1
2026-05-28,8,0,0.8829841673318751,1,1
2026-05-29,8,1,0.9999999999999999,1,1
2026-05-30,8,0,1.0000000000000002,1,1
2026-05-31,8,0,1.0,1,1
2026-06-01,8,0,1.0,1,1
2026-06-02,8,0,0.002594011525757725,0,1
2026-06-03,8,0,1.0,1,1
2026-06-04,8,0,1.0,1,1
2026-06-05,8,0,1.0,1,1
2026-06-06,8,1,1.0,1,1
2026-06-07,8,0,1.0000000000000002,1,1
2026-06-08,8,0,0.3252841962088626,0,1
2026-06-09,8,0,1.0000000000000002,1,1
2026-06-10,8,1,1.0000000000000002,1,1
2026-06-11,8,0,1.0,1,1
2026-06-12,8,1,0.1412977599438276,0,1
2026-06-13,8,1,0.9999999999999998,1,1
2026-06-14,8,1,1.0,1,1
2026-06-15,8,0,0.08108121982967006,0,1
2026-06-16,8,0,0.9999999999999998,1,1
2026-06-17,8,0,1.0000000000000004,1,1
2026-06-18,8,1,0.9999999999999999,1,1
2026-06-19,8,1,1.0000000000000002,1,1
2026-06-20,8,0,1.0,1,1
2026-06-21,8,1,0.07295825433510279,0,1
2026-06-22,8,0,0.9999999999999998,1,1
2026-06-23,8,0,0.9999999999999996,1,1
2026-06-24,8,0,1.0,1,1
2026-06-25,8,1,1.0000000000000002,1,1
2026-06-26,8,0,1.0000000000000002,1,1
2026-06-27,8,0,0.9999999999999999,1,1
2026-06-28,8,1,0.9999999999999998,1,1
2026-06-29,8,0,1.0,1,1
2026-06-30,8,1,1.0,1,1
2026-07-01,8,1,0.9999999999999999,1,1
2026-07-02,8,1,1.0,1,1
2026-07-03,8,1,1.0000000000000002,1,1
2026-07-04,8,1,1.0000000000000002,1,1
2026-07-05,8,1,1.0,1,1
