date,fold,actual,proba_up,pred,always_up_pred
2016-01-11,1,0,0.8263746101422897,1,1
2016-01-12,1,0,0.8927574153744483,1,1
2016-01-13,1,0,0.9524757459558791,1,1
2016-01-14,1,0,0.9699362201387689,1,1
2016-01-15,1,1,2.7520995000099736e-05,0,1
2016-01-16,1,1,0.23718361786952682,0,1
2016-01-17,1,1,0.7495961416999417,1,1
2016-01-18,1,1,0.9220548413402088,1,1
2016-01-19,1,1,0.9485443356828218,1,1
2016-01-20,1,1,0.08020005563994882,0,1
2016-01-21,1,1,0.6252118015308239,1,1
2016-01-22,1,1,0.3137968204656261,0,1
2016-01-23,1,1,0.8003671940859303,1,1
2016-01-24,1,1,0.8711556709324975,1,1
2016-01-25,1,1,0.9110812808120834,1,1
2016-01-26,1,1,0.9591544256227537,1,1
2016-01-27,1,1,0.9713691464104329,1,1
2016-01-28,1,1,0.9173240832081386,1,1
2016-01-29,1,1,0.9600923616977236,1,1
2016-01-30,1,1,0.972254242686786,1,1
2016-01-31,1,1,0.9526664313664659,1,1
2016-02-01,1,1,0.9698920376636091,1,1
2016-02-02,1,1,0.9795199920301072,1,1
2016-02-03,1,1,0.9812765680001163,1,1
2016-02-04,1,1,0.8757771292002065,1,1
2016-02-05,1,1,0.9476081293986177,1,1
2016-02-06,1,1,0.9411622248381744,1,1
2016-02-07,1,1,0.9663464952560892,1,1
2016-02-08,1,1,0.9725270977455336,1,1
2016-02-09,1,1,0.980660956342224,1,1
2016-02-10,1,1,0.9810697086856419,1,1
2016-02-11,1,1,0.9879116818613396,1,1
2016-02-12,1,1,0.9899071623328137,1,1
2016-02-13,1,1,0.9842983693718073,1,1
2016-02-14,1,1,0.9301651396022063,1,1
2016-02-15,1,1,0.9514991439444618,1,1
2016-02-16,1,1,0.9627927248779395,1,1
2016-02-17,1,0,0.9622244791620123,1,1
2016-02-18,1,0,0.9677968473847292,1,1
2016-02-19,1,0,0.9745518868168689,1,1
2016-02-20,1,0,0.9365690357460594,1,1
2016-02-21,1,0,0.9642728667902998,1,1
2016-02-22,1,0,0.9728226688724958,1,1
2016-02-23,1,0,0.9107712811488902,1,1
2016-02-24,1,0,0.957903919525983,1,1
2016-02-25,1,0,0.9710484068142725,1,1
2016-02-26,1,0,0.9699046057621066,1,1
2016-02-27,1,0,0.9790618815248217,1,1
2016-02-28,1,0,0.9863061760014721,1,1
2016-02-29,1,0,0.9896041346343898,1,1
2016-03-01,1,0,0.9931194409754329,1,1
2016-03-02,1,0,0.9731135808608423,1,1
2016-03-03,1,0,0.9893801329152624,1,1
2016-03-04,1,1,0.9693450208572851,1,1
2016-03-05,1,1,0.9553280613318208,1,1
2016-03-06,1,1,0.9694575543094169,1,1
2016-03-07,1,1,0.9742006223149295,1,1
2016-03-08,1,1,0.9841214239637834,1,1
2016-03-09,1,1,0.9904516375723027,1,1
2016-03-10,1,1,0.9937287418323826,1,1
2016-03-11,1,0,0.994204692366225,1,1
2016-03-12,1,1,0.9798726777866792,1,1
2016-03-13,1,1,0.9920496676072108,1,1
2016-03-14,1,1,0.9950505456208614,1,1
2016-03-15,1,1,0.9965392828309467,1,1
2016-03-16,1,1,0.9971447453127015,1,1
2016-03-17,1,1,0.99674679122832,1,1
2016-03-18,1,1,0.9777159920026602,1,1
2016-03-19,1,1,0.9929995083384164,1,1
2016-03-20,1,1,0.9951744788635293,1,1
2016-03-21,1,1,0.9966383858637275,1,1
2016-03-22,1,1,0.9958161614113539,1,1
2016-03-23,1,1,0.9970241382385614,1,1
2016-03-24,1,1,0.99721124204486,1,1
2016-03-25,1,1,0.9974451271112721,1,1
2016-03-26,1,1,0.9975099356306885,1,1
2016-03-27,1,1,0.9906184234651232,1,1
2016-03-28,1,1,0.9952479133105674,1,1
2016-03-29,1,1,0.9908542533451017,1,1
2016-03-30,1,1,0.9955836636627271,1,1
2016-03-31,1,1,0.9967026855728399,1,1
2016-04-01,1,1,0.997178048402203,1,1
2016-04-02,1,1,0.9970224200840129,1,1
2016-04-03,1,1,0.9973992049551622,1,1
2016-04-04,1,1,0.9975037542721844,1,1
2016-04-05,1,1,0.9972643804812116,1,1
2016-04-06,1,1,0.9974624877110987,1,1
2016-04-07,1,1,0.9975169464367065,1,1
2016-04-08,1,1,0.9972711900744117,1,1
2016-04-09,1,1,0.9974683455113013,1,1
2016-04-10,1,1,0.9973627792169589,1,1
2016-04-11,1,1,0.9974873659729006,1,1
2016-04-12,1,1,0.9972317302661827,1,1
2016-04-13,1,1,0.9973637697642614,1,1
2016-04-14,1,1,0.9975153748690253,1,1
2016-04-15,1,1,0.9959717691847794,1,1
2016-04-16,1,1,0.9971256347337921,1,1
2016-04-17,1,1,0.9968773650808089,1,1
2016-04-18,1,1,0.9973485183540518,1,1
2016-04-19,1,1,0.9944649913126069,1,1
2016-04-20,1,1,0.9944114245561607,1,1
2016-04-21,1,0,0.9910197389391382,1,1
2016-04-22,1,0,0.9944100492836915,1,1
2016-04-23,1,0,0.995249633253868,1,1
2016-04-24,1,0,0.9912516715510918,1,1
2016-04-25,1,0,0.9951084046522133,1,1
2016-04-26,1,0,0.9954514368006747,1,1
2016-04-27,1,1,0.83715843513542,1,1
2016-04-28,1,1,0.9448625174087931,1,1
2016-04-29,1,1,0.9663194018208434,1,1
2016-04-30,1,1,0.9676345460025938,1,1
2016-05-01,1,1,0.9784986238733889,1,1
2016-05-02,1,1,0.9760327731276298,1,1
2016-05-03,1,1,0.9825605342054213,1,1
2016-05-04,1,1,0.988107643359512,1,1
2016-05-05,1,1,0.9932922587925954,1,1
2016-05-06,1,1,0.9758261764207947,1,1
2016-05-07,1,1,0.9893239380615463,1,1
2016-05-08,1,1,0.9940674269610148,1,1
2016-05-09,1,1,0.9958768764453968,1,1
2016-05-10,1,1,0.9878462284607223,1,1
2016-05-11,1,1,0.9948734020190398,1,1
2016-05-12,1,1,0.9963922895471635,1,1
2016-05-13,1,1,0.9970800094043413,1,1
2016-05-14,1,1,0.9973738881688693,1,1
2016-05-15,1,1,0.9973730061482414,1,1
2016-05-16,1,1,0.9969811117881694,1,1
2016-05-17,1,1,0.9974339296666107,1,1
2016-05-18,1,1,0.9975156417798597,1,1
2016-05-19,1,1,0.9305149855471477,1,1
2016-05-20,1,1,0.9781831848925091,1,1
2016-05-21,1,1,0.9903866414992839,1,1
2016-05-22,1,1,0.9929719484476143,1,1
2016-05-23,1,1,0.994098128822413,1,1
2016-05-24,1,1,0.9960911637698835,1,1
2016-05-25,1,1,0.9963288983979247,1,1
2016-05-26,1,1,0.9964586660552174,1,1
2016-05-27,1,1,0.8917745804626137,1,1
2016-05-28,1,1,0.01194637783082603,0,1
2016-05-29,1,1,0.6772399606778952,1,1
2016-05-30,1,1,0.9021597597669465,1,1
2016-05-31,1,1,0.9572906810530087,1,1
2016-06-01,1,1,0.9712331448253674,1,1
2016-06-02,1,1,0.9801076352354103,1,1
2016-06-03,1,1,0.8486986298522243,1,1
2016-06-04,1,1,0.9460189449643482,1,1
2016-06-05,1,1,0.9685005709499473,1,1
2016-06-06,1,1,0.9682564855882727,1,1
2016-06-07,1,1,0.9674058343446549,1,1
2016-06-08,1,1,0.9776786847156871,1,1
2016-06-09,1,1,0.9799425146885984,1,1
2016-06-10,1,1,0.9884173923190114,1,1
2016-06-11,1,1,0.8863005687498622,1,1
2016-06-12,1,0,0.04251386248494428,0,1
2016-06-13,1,0,0.4661941628783994,0,1
2016-06-14,1,0,0.7684810553983445,1,1
2016-06-15,1,0,0.9256044943740659,1,1
2016-06-16,1,0,0.08866209486767343,0,1
2016-06-17,1,0,0.6364726361294962,1,1
2016-06-18,1,0,0.897095599209677,1,1
2016-06-19,1,0,0.9568238826360582,1,1
2016-06-20,1,0,0.9201460983013573,1,1
2016-06-21,1,0,0.07896558317464591,0,1
2016-06-22,1,1,0.0030000127261510527,0,1
2016-06-23,1,1,0.4494130973789954,0,1
2016-06-24,1,0,0.39273463267467806,0,1
2016-06-25,1,0,0.8323608427730984,1,1
2016-06-26,1,1,0.6986883870834472,1,1
2016-06-27,1,0,0.825392708603228,1,1
2016-06-28,1,1,0.930942777250297,1,1
2016-06-29,1,1,0.9590860787444733,1,1
2016-06-30,1,0,0.882803745500437,1,1
2016-07-01,1,0,0.9531180337772287,1,1
2016-07-02,1,0,0.9277819224696873,1,1
2016-07-03,1,0,0.6365793912594443,1,1
2016-07-04,1,0,0.8190074493250585,1,1
2016-07-05,1,0,0.9178934111428755,1,1
2016-07-06,1,0,0.9599482039870418,1,1
2016-07-07,1,0,0.8018367963825322,1,1
2016-07-08,1,0,0.8704318359149393,1,1
2016-07-09,1,0,0.92299811649422,1,1
2016-07-10,1,0,0.96117370122199,1,1
2016-07-11,1,0,0.9727472133750283,1,1
2016-07-12,1,0,0.9604813924350409,1,1
2016-07-13,1,0,0.9634988424102124,1,1
2016-07-14,1,0,0.9758123942597764,1,1
2016-07-15,1,0,0.982154307403223,1,1
2016-07-16,1,0,0.9883485174606601,1,1
2016-07-17,1,0,0.9645082950956136,1,1
2016-07-18,1,0,0.9780487328259488,1,1
2016-07-19,1,0,0.9880323543875467,1,1
2016-07-20,1,0,0.9902008990939686,1,1
2016-07-21,1,0,0.9946249577226601,1,1
2016-07-22,1,0,0.9848648659924595,1,1
2016-07-23,1,0,0.9930817972741797,1,1
2016-07-24,1,0,0.9948941190127281,1,1
2016-07-25,1,0,0.9948915597039614,1,1
2016-07-26,1,0,0.9965904771419591,1,1
2016-07-27,1,0,0.9971072303226275,1,1
2016-07-28,1,0,0.9973947221995741,1,1
2016-07-29,1,0,0.9974459318043879,1,1
2016-07-30,1,0,0.9974456468256944,1,1
2016-07-31,1,0,0.8150935508712032,1,1
2016-08-01,1,0,0.883703485851269,1,1
2016-08-02,1,1,0.05881686718529719,0,1
2016-08-03,1,1,0.5988643997414215,1,1
2016-08-04,1,1,0.8698814306891388,1,1
2016-08-05,1,1,0.9489800781811021,1,1
2016-08-06,1,1,0.9584150266122071,1,1
2016-08-07,1,1,0.970077899377812,1,1
2016-08-08,1,1,0.9770283634122185,1,1
2016-08-09,1,1,0.9833724202970909,1,1
2016-08-10,1,1,0.9889429727228878,1,1
2016-08-11,1,1,0.9928452428683998,1,1
2016-08-12,1,1,0.9954462184534121,1,1
2016-08-13,1,1,0.9965616854532129,1,1
2016-08-14,1,1,0.9786236869413683,1,1
2016-08-15,1,1,0.992339132660212,1,1
2016-08-16,1,1,0.9895982347986296,1,1
2016-08-17,1,1,0.9938501199473653,1,1
2016-08-18,1,1,0.9961830362142198,1,1
2016-08-19,1,1,0.9969699351955543,1,1
2016-08-20,1,1,0.9962665857247407,1,1
2016-08-21,1,1,0.9971669138216048,1,1
2016-08-22,1,1,0.9966486497990668,1,1
2016-08-23,1,1,0.9969730213173145,1,1
2016-08-24,1,1,0.9971090307146002,1,1
2016-08-25,1,1,0.9972895626863058,1,1
2016-08-26,1,1,0.9974333820036807,1,1
2016-08-27,1,1,0.9938018935187914,1,1
2016-08-28,1,1,0.9962670641647098,1,1
2016-08-29,1,1,0.9971515673528322,1,1
2016-08-30,1,1,0.9971362131283318,1,1
2016-08-31,1,1,0.997307990932104,1,1
2016-09-01,1,1,0.9972162173215764,1,1
2016-09-02,1,1,0.9972526622334091,1,1
2016-09-03,1,1,0.9174792193553317,1,1
2016-09-04,1,1,0.958838217924321,1,1
2016-09-05,1,1,0.9766740898151309,1,1
2016-09-06,1,1,0.9849525337833722,1,1
2016-09-07,1,1,0.9900118498807153,1,1
2016-09-08,1,0,0.984732456101653,1,1
2016-09-09,1,0,0.9914617212540993,1,1
2016-09-10,1,0,0.9950284391810844,1,1
2016-09-11,1,1,0.9717256759323509,1,1
2016-09-12,1,1,0.9904636248901371,1,1
2016-09-13,1,1,0.9948423602207346,1,1
2016-09-14,1,1,0.9963854446756708,1,1
2016-09-15,1,1,0.9967137546539959,1,1
2016-09-16,1,1,0.997291171510044,1,1
2016-09-17,1,1,0.9974400417881819,1,1
2016-09-18,1,1,0.9972162376244385,1,1
2016-09-19,1,1,0.997457567683724,1,1
2016-09-20,1,1,0.9975149876969517,1,1
2016-09-21,1,1,0.9926897124372797,1,1
2016-09-22,1,1,0.9964982510889647,1,1
2016-09-23,1,1,0.9960149484203558,1,1
2016-09-24,1,1,0.9970919748571949,1,1
2016-09-25,1,1,0.9973038927062909,1,1
2016-09-26,1,1,0.9961094646246362,1,1
2016-09-27,1,1,0.9970689617913686,1,1
2016-09-28,1,1,0.9973527891946545,1,1
2016-09-29,1,1,0.9974935146080329,1,1
2016-09-30,1,1,0.997202906246884,1,1
2016-10-01,1,1,0.9970798912205543,1,1
2016-10-02,1,1,0.997182759423559,1,1
2016-10-03,1,1,0.9974505743406668,1,1
2016-10-04,1,1,0.9974382380536245,1,1
2016-10-05,1,1,0.9974489076692236,1,1
2016-10-06,1,1,0.9975370718774768,1,1
2016-10-07,1,1,0.9972205879311052,1,1
2016-10-08,1,1,0.9974068236729662,1,1
2016-10-09,1,1,0.9973822727148073,1,1
2016-10-10,1,1,0.9974423698918847,1,1
2016-10-11,1,1,0.9406634812476846,1,1
2016-10-12,1,1,0.9770902144093934,1,1
2016-10-13,1,1,0.9892772620940354,1,1
2016-10-14,1,1,0.9933533172776245,1,1
2016-10-15,1,1,0.9956049292141147,1,1
2016-10-16,1,1,0.9965658947502337,1,1
2016-10-17,1,1,0.9970158804955146,1,1
2016-10-18,1,1,0.9973419091440365,1,1
2016-10-19,1,1,0.9960480593068779,1,1
2016-10-20,1,1,0.9972351548834186,1,1
2016-10-21,1,1,0.9973957304688963,1,1
2016-10-22,1,1,0.9221087564966186,1,1
2016-10-23,1,1,0.9725747324700837,1,1
2016-10-24,1,1,0.9851554178065576,1,1
2016-10-25,1,1,0.9911281643352946,1,1
2016-10-26,1,1,0.9569921659367354,1,1
2016-10-27,1,1,0.9722131344691107,1,1
2016-10-28,1,1,0.9834466692299144,1,1
2016-10-29,1,1,0.942804853689387,1,1
2016-10-30,1,1,0.9545226834772782,1,1
2016-10-31,1,1,0.9714613735111091,1,1
2016-11-01,1,1,0.9304080484126364,1,1
2016-11-02,1,1,0.9589416952857202,1,1
2016-11-03,1,1,0.5532996736339644,1,1
2016-11-04,1,1,0.8566229700455992,1,1
2016-11-05,1,1,0.9487546781979809,1,1
2016-11-06,1,1,0.9677887607099379,1,1
2016-11-07,1,1,0.9713801657839656,1,1
2016-11-08,1,1,0.9794594122520823,1,1
2016-11-09,1,1,0.9755518354567638,1,1
2016-11-10,1,1,0.9808854042459607,1,1
2016-11-11,1,1,0.9895035540171689,1,1
2016-11-12,1,1,0.9870975471514916,1,1
2016-11-13,1,1,0.9933873376004768,1,1
2016-11-14,1,1,0.9957139946652109,1,1
2016-11-15,1,1,0.9958686895575375,1,1
2016-11-16,1,1,0.8870386140547819,1,1
2016-11-17,1,1,0.9547508513224894,1,1
2016-11-18,1,1,0.9682516380948543,1,1
2016-11-19,1,1,0.9782500734458125,1,1
2016-11-20,1,1,0.9504699779131075,1,1
2016-11-21,1,1,0.9709443295200068,1,1
2016-11-22,1,1,0.9731621626760945,1,1
2016-11-23,1,1,0.9791617359636617,1,1
2016-11-24,1,1,0.9866355411376423,1,1
2016-11-25,1,1,0.9923718924744988,1,1
2016-11-26,1,1,0.9939726110824464,1,1
2016-11-27,1,1,0.9959340912733889,1,1
2016-11-28,1,1,0.9967238067766003,1,1
2016-11-29,1,1,0.9972467536129095,1,1
2016-11-30,1,1,0.9954765548695895,1,1
2016-12-01,1,1,0.9941745952114365,1,1
2016-12-02,1,1,0.9723772123674879,1,1
2016-12-03,1,1,0.986945756849885,1,1
2016-12-04,1,1,0.9933109116456968,1,1
2016-12-05,1,1,0.986496291527923,1,1
2016-12-06,1,1,0.9933806846417833,1,1
2016-12-07,1,1,0.9956573568905445,1,1
2016-12-08,1,1,0.9966898307254727,1,1
2016-12-09,1,1,0.9971678184860642,1,1
2016-12-10,1,1,0.9973744387350625,1,1
2016-12-11,1,1,0.9971174244929546,1,1
2016-12-12,1,0,0.9956096722133989,1,1
2016-12-13,1,1,0.9970458164096079,1,1
2016-12-14,1,1,0.997375936366245,1,1
2016-12-15,1,1,0.9973198320063743,1,1
2016-12-16,1,1,0.9968697134894197,1,1
2016-12-17,1,1,0.9968980793026163,1,1
2016-12-18,1,1,0.9973636221458216,1,1
2016-12-19,1,1,0.9974501457598955,1,1
2016-12-20,1,1,0.9965970563449245,1,1
2016-12-21,1,1,0.9044038581294747,1,1
2016-12-22,1,1,0.9192787613632815,1,1
2016-12-23,1,1,0.7252266282492972,1,1
2016-12-24,1,1,0.8712827495854673,1,1
2016-12-25,1,0,0.9504631922209368,1,1
2016-12-26,1,0,0.9671298258988706,1,1
2016-12-27,1,0,0.9555951911362073,1,1
2016-12-28,1,0,0.9124984117465649,1,1
2016-12-29,1,0,0.958045791228811,1,1
2016-12-30,1,0,0.9643740891763251,1,1
2016-12-31,1,0,0.9756576334220728,1,1
2017-01-01,1,0,0.9435361340664977,1,1
2017-01-02,1,0,0.9552003903107176,1,1
2017-01-03,1,0,0.9597454142565717,1,1
2017-01-04,1,0,0.0797952330196309,0,1
2017-01-05,1,1,0.00033774210452331706,0,1
2017-01-06,1,1,0.00158118096224738,0,1
2017-01-07,1,1,0.6876559086306526,1,1
2017-01-08,1,1,0.9115199317106001,1,1
2017-01-09,1,1,0.9573556972226157,1,1
2017-01-10,1,1,0.9742530818413202,1,1
2017-01-11,1,1,0.0001555209944849215,0,1
2017-01-12,1,1,0.5681652222025572,1,1
2017-01-13,1,1,0.8538310775432333,1,1
2017-01-14,1,1,0.9444193229079476,1,1
2017-01-15,1,1,0.969181710707901,1,1
2017-01-16,1,1,0.9750275459935013,1,1
2017-01-17,1,1,0.28455964640531184,0,1
2017-01-18,1,1,0.7164048499921998,1,1
2017-01-19,1,1,0.9124503131086262,1,1
2017-01-20,1,1,0.9599266063969006,1,1
2017-01-21,1,1,0.9508981790002229,1,1
2017-01-22,1,1,0.968137062578173,1,1
2017-01-23,1,1,0.9749093301771425,1,1
2017-01-24,1,1,0.9390414428204585,1,1
2017-01-25,1,1,0.9661718286331012,1,1
2017-01-26,1,1,0.968150168045534,1,1
2017-01-27,1,1,0.97752231580717,1,1
2017-01-28,1,1,0.9848978458470772,1,1
2017-01-29,1,1,0.9905539004256743,1,1
2017-01-30,1,1,0.9942962696541838,1,1
2017-01-31,1,1,0.8469777669929195,1,1
2017-02-01,1,1,0.9370536164089286,1,1
2017-02-02,1,1,0.9541017757819912,1,1
2017-02-03,1,1,0.9625503862828401,1,1
2017-02-04,1,1,0.9682890495908025,1,1
2017-02-05,1,1,0.9657719921415693,1,1
2017-02-06,1,1,0.9742973818821595,1,1
2017-02-07,1,1,0.966717517054414,1,1
2017-02-08,1,1,0.977978555988148,1,1
2017-02-09,1,1,0.6649372260839203,1,1
2017-02-10,1,1,0.9011676154113026,1,1
2017-02-11,1,1,0.953510855709334,1,1
2017-02-12,1,1,0.9697105683417988,1,1
2017-02-13,1,1,0.9762032276650324,1,1
2017-02-14,1,1,0.9793426275676991,1,1
2017-02-15,1,1,0.9873854485310147,1,1
2017-02-16,1,0,0.9811773431681663,1,1
2017-02-17,1,0,0.9798014325852674,1,1
2017-02-18,1,0,0.9876060567794074,1,1
2017-02-19,1,1,0.9918722685752275,1,1
2017-02-20,1,0,0.9603564214390093,1,1
2017-02-21,1,0,0.9435421794639026,1,1
2017-02-22,1,0,0.9679259183505708,1,1
2017-02-23,1,0,0.9213240683620426,1,1
2017-02-24,1,0,0.9605441798674178,1,1
2017-02-25,1,0,0.9463797911150116,1,1
2017-02-26,1,0,0.9605458306852476,1,1
2017-02-27,1,0,0.9680989658095625,1,1
2017-02-28,1,0,0.9752765264973557,1,1
2017-03-01,1,0,0.9434597377652468,1,1
2017-03-02,1,0,0.9553132632562015,1,1
2017-03-03,1,0,0.9618163850581587,1,1
2017-03-04,1,0,0.9611846877780312,1,1
2017-03-05,1,0,0.9709748856629914,1,1
2017-03-06,1,0,0.9782027690094186,1,1
2017-03-07,1,0,0.911439803126292,1,1
2017-03-08,1,1,0.680862377182119,1,1
2017-03-09,1,0,0.856564547229858,1,1
2017-03-10,1,1,0.6234094254028139,1,1
2017-03-11,1,1,0.687812891369043,1,1
2017-03-12,1,0,0.8346372666221215,1,1
2017-03-13,1,0,0.9424207386127269,1,1
2017-03-14,1,0,0.967092015398457,1,1
2017-03-15,1,0,0.9752085969784259,1,1
2017-03-16,1,0,0.8502633268446053,1,1
2017-03-17,1,1,0.3587020063243272,0,1
2017-03-18,1,1,0.0016411353160982883,0,1
2017-03-19,1,1,0.22683162648571115,0,1
2017-03-20,1,1,0.7614072226494507,1,1
2017-03-21,1,1,0.6417916887446579,1,1
2017-03-22,1,1,0.3945415197351436,0,1
2017-03-23,1,1,0.8165736986205224,1,1
2017-03-24,1,1,0.0437437126585209,0,1
2017-03-25,1,1,0.5650032426429165,1,1
2017-03-26,1,1,0.8747904984173759,1,1
2017-03-27,1,1,0.39078542972546226,0,1
2017-03-28,1,1,0.8326558465312957,1,1
2017-03-29,1,1,0.942025315508078,1,1
2017-03-30,1,1,0.9629420507937536,1,1
2017-03-31,1,1,0.9172922166929556,1,1
2017-04-01,1,1,0.9593256105162172,1,1
2017-04-02,1,1,0.9625305069360889,1,1
2017-04-03,1,1,0.9380949410442989,1,1
2017-04-04,1,1,0.9599111430950846,1,1
2017-04-05,1,1,0.9685273647233127,1,1
2017-04-06,1,1,0.8915235437225117,1,1
2017-04-07,1,1,0.9527915329555334,1,1
2017-04-08,1,1,0.9698885573031217,1,1
2017-04-09,1,1,0.975876075683282,1,1
2017-04-10,1,1,0.9834984479483453,1,1
2017-04-11,1,1,0.9834277823013255,1,1
2017-04-12,1,1,0.9901055876029099,1,1
2017-04-13,1,1,0.9673455458007556,1,1
2017-04-14,1,1,0.9870970550034,1,1
2017-04-15,1,1,0.9928536986560235,1,1
2017-04-16,1,1,0.9944004849333898,1,1
2017-04-17,1,1,0.9952430616547575,1,1
2017-04-18,1,1,0.9936409638637896,1,1
2017-04-19,1,1,0.9962621433176181,1,1
2017-04-20,1,1,0.9939650132460974,1,1
2017-04-21,1,1,0.9960526499236628,1,1
2017-04-22,1,1,0.996467681166898,1,1
2017-04-23,1,1,0.9900820295328681,1,1
2017-04-24,1,1,0.9373026515639051,1,1
2017-04-25,1,1,0.9694408300189923,1,1
2017-04-26,1,1,0.977960793004043,1,1
2017-04-27,1,1,0.9582277703303593,1,1
2017-04-28,1,1,0.9743073843368235,1,1
2017-04-29,1,1,0.9828256401890272,1,1
2017-04-30,2,1,0.9225631927649197,1,1
2017-05-01,2,1,0.6211543403893198,1,1
2017-05-02,2,1,0.8291573378494074,1,1
2017-05-03,2,1,0.8804841343226492,1,1
2017-05-04,2,1,0.8695221228374784,1,1
2017-05-05,2,1,0.9245355590450671,1,1
2017-05-06,2,1,0.9355856383484991,1,1
2017-05-07,2,1,0.9456838487079531,1,1
2017-05-08,2,1,0.10838297299616811,0,1
2017-05-09,2,1,0.645162065569675,1,1
2017-05-10,2,1,0.8514557262454465,1,1
2017-05-11,2,1,0.8421327966086657,1,1
2017-05-12,2,1,0.09003356004198458,0,1
2017-05-13,2,1,0.31144874221742247,0,1
2017-05-14,2,1,0.7663063879041813,1,1
2017-05-15,2,1,0.5936274437388467,1,1
2017-05-16,2,1,0.8535714320464235,1,1
2017-05-17,2,1,0.43634821195143364,0,1
2017-05-18,2,1,0.7313927733525989,1,1
2017-05-19,2,1,0.5332469634474988,1,1
2017-05-20,2,1,0.48924368548017233,0,1
2017-05-21,2,1,0.7114417371379127,1,1
2017-05-22,2,1,0.25412251870173813,0,1
2017-05-23,2,1,0.08586101687546749,0,1
2017-05-24,2,1,0.21481212324361465,0,1
2017-05-25,2,1,0.0766818131470396,0,1
2017-05-26,2,1,0.17538747897260268,0,1
2017-05-27,2,1,0.008416325247281727,0,1
2017-05-28,2,1,0.1384596313284838,0,1
2017-05-29,2,1,0.34066879262915883,0,1
2017-05-30,2,1,0.42670096755103726,0,1
2017-05-31,2,1,0.3919085457820018,0,1
2017-06-01,2,1,0.3351635711996714,0,1
2017-06-02,2,1,0.6241819320793914,1,1
2017-06-03,2,1,0.8629224542778998,1,1
2017-06-04,2,1,0.9305094920335123,1,1
2017-06-05,2,0,0.26887534237057154,0,1
2017-06-06,2,0,0.10708039574580326,0,1
2017-06-07,2,0,0.16794125639236893,0,1
2017-06-08,2,0,0.6135795347960447,1,1
2017-06-09,2,0,0.86478039300243,1,1
2017-06-10,2,0,0.756727786229764,1,1
2017-06-11,2,0,0.9022853238868589,1,1
2017-06-12,2,0,0.0005638479446555808,0,1
2017-06-13,2,0,0.5725708311906055,1,1
2017-06-14,2,0,0.011838648695705686,0,1
2017-06-15,2,0,0.5251479936372416,1,1
2017-06-16,2,0,0.7965764577420129,1,1
2017-06-17,2,0,0.5329888146370222,1,1
2017-06-18,2,0,0.4302277612636154,0,1
2017-06-19,2,0,0.787956198888711,1,1
2017-06-20,2,1,0.5965022971838307,1,1
2017-06-21,2,0,0.8202927985024558,1,1
2017-06-22,2,1,0.9218325154517579,1,1
2017-06-23,2,0,0.9398349550393789,1,1
2017-06-24,2,1,0.4895893053104,0,1
2017-06-25,2,0,0.8053252391490218,1,1
2017-06-26,2,1,0.5414607413717367,1,1
2017-06-27,2,1,0.7513305430770403,1,1
2017-06-28,2,1,0.899190139797463,1,1
2017-06-29,2,1,0.9129841882293663,1,1
2017-06-30,2,1,0.8716371004338457,1,1
2017-07-01,2,1,0.8813663180124544,1,1
2017-07-02,2,1,0.8796673095095626,1,1
2017-07-03,2,1,0.9050745067420017,1,1
2017-07-04,2,1,0.92963363455275,1,1
2017-07-05,2,1,0.946556159385357,1,1
2017-07-06,2,1,0.9614320725703964,1,1
2017-07-07,2,1,0.7814824484609529,1,1
2017-07-08,2,1,0.8827267369696283,1,1
2017-07-09,2,1,0.8739138473927597,1,1
2017-07-10,2,1,0.24954990757789605,0,1
2017-07-11,2,1,0.6635004438504934,1,1
2017-07-12,2,1,0.8219013495571755,1,1
2017-07-13,2,1,0.8706750551664576,1,1
2017-07-14,2,1,0.3625776386859847,0,1
2017-07-15,2,1,6.983559455708297e-05,0,1
2017-07-16,2,1,0.28657454843301045,0,1
2017-07-17,2,1,8.895220352401409e-09,0,1
2017-07-18,2,1,0.36271267758508147,0,1
2017-07-19,2,1,0.668150039807012,1,1
2017-07-20,2,1,7.411994346094682e-21,0,1
2017-07-21,2,1,0.07289358916025615,0,1
2017-07-22,2,1,0.206766300892145,0,1
2017-07-23,2,1,0.4788266601557375,0,1
2017-07-24,2,1,0.8223175327535751,1,1
2017-07-25,2,1,0.11090730231152647,0,1
2017-07-26,2,1,0.5612672185394993,1,1
2017-07-27,2,1,0.3535090602178951,0,1
2017-07-28,2,1,0.35036836688824485,0,1
2017-07-29,2,1,0.5349014493938886,1,1
2017-07-30,2,1,0.8359836346812543,1,1
2017-07-31,2,1,0.7539952155734415,1,1
2017-08-01,2,1,0.25339769042074367,0,1
2017-08-02,2,1,0.733378012542722,1,1
2017-08-03,2,1,0.7872945242490261,1,1
2017-08-04,2,1,0.8301321652621231,1,1
2017-08-05,2,1,5.1305459479463576e-05,0,1
2017-08-06,2,1,0.559833609981017,1,1
2017-08-07,2,1,0.4543247783518304,0,1
2017-08-08,2,1,0.8082800247934793,1,1
2017-08-09,2,1,0.8301955944666415,1,1
2017-08-10,2,1,0.9170346996256226,1,1
2017-08-11,2,1,0.09662152712533847,0,1
2017-08-12,2,1,0.09066487883688788,0,1
2017-08-13,2,1,0.28454900867020283,0,1
2017-08-14,2,0,0.154711577287928,0,1
2017-08-15,2,0,0.378668872876656,0,1
2017-08-16,2,0,0.4503664030761869,0,1
2017-08-17,2,0,0.7776191610643445,1,1
2017-08-18,2,0,0.5916135373224662,1,1
2017-08-19,2,0,0.8572966980259179,1,1
2017-08-20,2,0,0.8300313467316609,1,1
2017-08-21,2,0,0.8508296360687961,1,1
2017-08-22,2,0,0.8905940964241864,1,1
2017-08-23,2,0,0.9293355532311365,1,1
2017-08-24,2,0,0.7940802447933524,1,1
2017-08-25,2,0,0.9095303781054818,1,1
2017-08-26,2,0,0.9388692478689712,1,1
2017-08-27,2,0,0.957764386366328,1,1
2017-08-28,2,0,0.9723542396135896,1,1
2017-08-29,2,0,0.7819303271181464,1,1
2017-08-30,2,0,0.9035076532883333,1,1
2017-08-31,2,0,0.8840035235153529,1,1
2017-09-01,2,0,0.8126505676051328,1,1
2017-09-02,2,0,0.119728383217226,0,1
2017-09-03,2,0,0.6829968632404328,1,1
2017-09-04,2,0,0.019743809298156487,0,1
2017-09-05,2,0,0.47283109504983173,0,1
2017-09-06,2,0,0.4265695632351862,0,1
2017-09-07,2,0,0.8056782104464515,1,1
2017-09-08,2,1,0.012834761915366368,0,1
2017-09-09,2,1,0.6248900101408378,1,1
2017-09-10,2,1,0.7349933032618929,1,1
2017-09-11,2,1,0.8952863320362577,1,1
2017-09-12,2,1,0.9313779409715355,1,1
2017-09-13,2,1,0.23137878802554673,0,1
2017-09-14,2,1,1.3361666169125539e-14,0,1
2017-09-15,2,1,7.918608439835973e-09,0,1
2017-09-16,2,1,0.6087816160595876,1,1
2017-09-17,2,1,0.8264003394625876,1,1
2017-09-18,2,1,4.196917861746656e-06,0,1
2017-09-19,2,1,0.2871921793842185,0,1
2017-09-20,2,1,0.7401186629648595,1,1
2017-09-21,2,1,0.04567041801026169,0,1
2017-09-22,2,1,0.643859833812384,1,1
2017-09-23,2,1,0.6251316119618548,1,1
2017-09-24,2,1,0.6811814873369529,1,1
2017-09-25,2,1,0.2173228215174917,0,1
2017-09-26,2,1,0.6922344460104952,1,1
2017-09-27,2,1,0.055866794595200865,0,1
2017-09-28,2,1,0.6270162071284506,1,1
2017-09-29,2,1,0.8637614711475985,1,1
2017-09-30,2,1,0.7740864610922659,1,1
2017-10-01,2,1,0.8957448803345849,1,1
2017-10-02,2,1,0.9378759632143843,1,1
2017-10-03,2,1,0.8967904422279207,1,1
2017-10-04,2,1,0.8817724390005153,1,1
2017-10-05,2,1,0.9038812525489829,1,1
2017-10-06,2,1,0.9366835788957836,1,1
2017-10-07,2,1,0.9449591196118191,1,1
2017-10-08,2,1,0.824762723003624,1,1
2017-10-09,2,1,0.827695723126578,1,1
2017-10-10,2,1,0.918818536929365,1,1
2017-10-11,2,1,0.9438779566148894,1,1
2017-10-12,2,1,2.3279006815509717e-05,0,1
2017-10-13,2,1,0.41573588076372026,0,1
2017-10-14,2,1,0.6705514333642673,1,1
2017-10-15,2,1,0.735015621219473,1,1
2017-10-16,2,1,0.8959507227476686,1,1
2017-10-17,2,1,0.8774077710751631,1,1
2017-10-18,2,1,0.9331628169490189,1,1
2017-10-19,2,1,0.9272850720143029,1,1
2017-10-20,2,1,0.6565276953863599,1,1
2017-10-21,2,1,0.8766894321953509,1,1
2017-10-22,2,1,0.9331842033846213,1,1
2017-10-23,2,1,0.935367288592742,1,1
2017-10-24,2,1,0.09884382155901374,0,1
2017-10-25,2,1,0.41164122516488194,0,1
2017-10-26,2,1,0.72251061056283,1,1
2017-10-27,2,1,0.808474467665798,1,1
2017-10-28,2,1,0.9094753891934434,1,1
2017-10-29,2,1,0.25801992322357814,0,1
2017-10-30,2,1,0.732018790348631,1,1
2017-10-31,2,1,0.4718006991419348,0,1
2017-11-01,2,1,0.5044950734619282,1,1
2017-11-02,2,1,0.5258312741114313,1,1
2017-11-03,2,1,0.8129199793247909,1,1
2017-11-04,2,1,0.881910420098576,1,1
2017-11-05,2,1,0.9330480537554766,1,1
2017-11-06,2,1,0.4320663283518244,0,1
2017-11-07,2,1,0.784393889285294,1,1
2017-11-08,2,1,0.7098679064670546,1,1
2017-11-09,2,1,0.49420905334391707,0,1
2017-11-10,2,1,0.01755529040341899,0,1
2017-11-11,2,1,0.22463749348632664,0,1
2017-11-12,2,1,0.03462762541823745,0,1
2017-11-13,2,1,0.0004593778233945545,0,1
2017-11-14,2,1,0.6188512067126857,1,1
2017-11-15,2,1,0.0015281419122233682,0,1
2017-11-16,2,1,0.02070899237879489,0,1
2017-11-17,2,1,0.4868817001226935,0,1
2017-11-18,2,1,0.8222577336843768,1,1
2017-11-19,2,1,0.8469517030452922,1,1
2017-11-20,2,1,0.9028566144768577,1,1
2017-11-21,2,1,0.9036142851173736,1,1
2017-11-22,2,1,0.9130659555996112,1,1
2017-11-23,2,1,0.8507074318750594,1,1
2017-11-24,2,1,0.8830443047410886,1,1
2017-11-25,2,1,0.35246659860419044,0,1
2017-11-26,2,1,0.1798040965650265,0,1
2017-11-27,2,1,0.2613923170037971,0,1
2017-11-28,2,1,0.6762024344463458,1,1
2017-11-29,2,1,0.8198377031324952,1,1
2017-11-30,2,1,0.8244409433788538,1,1
2017-12-01,2,1,0.16537197832265654,0,1
2017-12-02,2,1,0.704395247457095,1,1
2017-12-03,2,1,0.8534098536381901,1,1
2017-12-04,2,1,0.8715361884155445,1,1
2017-12-05,2,1,0.9047954115574801,1,1
2017-12-06,2,1,5.465356039681913e-14,0,1
2017-12-07,2,0,7.083556933313024e-24,0,1
2017-12-08,2,0,0.00584967697714554,0,1
2017-12-09,2,0,0.0014027710435689051,0,1
2017-12-10,2,0,0.5933321314754963,1,1
2017-12-11,2,0,0.004271489198444173,0,1
2017-12-12,2,0,0.518200164676899,1,1
2017-12-13,2,0,0.12010137551025922,0,1
2017-12-14,2,0,0.6830606194561641,1,1
2017-12-15,2,0,0.1669767981688092,0,1
2017-12-16,2,0,0.0007496719478788289,0,1
2017-12-17,2,0,0.5025577456845893,1,1
2017-12-18,2,0,0.8273554420081343,1,1
2017-12-19,2,0,0.06020104986448572,0,1
2017-12-20,2,0,0.02305878323981923,0,1
2017-12-21,2,0,0.10745578698409158,0,1
2017-12-22,2,0,6.267460756311705e-07,0,1
2017-12-23,2,0,0.08620839469073864,0,1
2017-12-24,2,0,0.09060191114823746,0,1
2017-12-25,2,0,0.6719544531546566,1,1
2017-12-26,2,0,1.1944297917836457e-07,0,1
2017-12-27,2,0,0.5229795776144291,1,1
2017-12-28,2,0,0.01024220336577206,0,1
2017-12-29,2,0,0.6305662913532091,1,1
2017-12-30,2,0,1.2223581489178638e-05,0,1
2017-12-31,2,0,0.0019839221610408572,0,1
2018-01-01,2,0,0.2769005172207745,0,1
2018-01-02,2,0,0.0018360446826259497,0,1
2018-01-03,2,0,0.6102481465983565,1,1
2018-01-04,2,0,0.8035533754229478,1,1
2018-01-05,2,0,0.0001579458478467642,0,1
2018-01-06,2,0,0.6260939254156269,1,1
2018-01-07,2,0,0.1210425434528125,0,1
2018-01-08,2,0,0.0036120563839668754,0,1
2018-01-09,2,0,0.2401259254763277,0,1
2018-01-10,2,0,0.6556940177620221,1,1
2018-01-11,2,0,0.00013946224962297924,0,1
2018-01-12,2,0,0.3299120535533591,0,1
2018-01-13,2,0,0.6849648828648102,1,1
2018-01-14,2,0,0.5076744165274186,1,1
2018-01-15,2,0,0.8341122756313355,1,1
2018-01-16,2,0,2.329102027879071e-11,0,1
2018-01-17,2,0,0.4047922135937663,0,1
2018-01-18,2,0,0.7286005978068392,1,1
2018-01-19,2,0,0.8902635810907799,1,1
2018-01-20,2,0,0.0006477539768618935,0,1
2018-01-21,2,0,7.643568600813257e-05,0,1
2018-01-22,2,0,0.046318059758844156,0,1
2018-01-23,2,0,0.6239885844769733,1,1
2018-01-24,2,0,0.6036879684181581,1,1
2018-01-25,2,0,0.837424833423819,1,1
2018-01-26,2,0,0.914329712851502,1,1
2018-01-27,2,0,0.9112625559646756,1,1
2018-01-28,2,0,0.8878774074862101,1,1
2018-01-29,2,0,0.6364057872127687,1,1
2018-01-30,2,1,0.00011718911054586834,0,1
2018-01-31,2,1,0.6193172911548479,1,1
2018-02-01,2,1,0.00018529341536812534,0,1
2018-02-02,2,1,0.2505153464717051,0,1
2018-02-03,2,1,0.5105017654899002,1,1
2018-02-04,2,1,0.00036526522374203204,0,1
2018-02-05,2,1,5.4289965077336767e-11,0,1
2018-02-06,2,1,4.465057063790412e-05,0,1
2018-02-07,2,1,0.5143000829109801,1,1
2018-02-08,2,1,0.01915082719076381,0,1
2018-02-09,2,1,0.14473119809623788,0,1
2018-02-10,2,1,0.6261061649355448,1,1
2018-02-11,2,1,0.1580864761368438,0,1
2018-02-12,2,0,0.0012384168087192734,0,1
2018-02-13,2,0,0.25489623425843244,0,1
2018-02-14,2,0,0.0005227893292856406,0,1
2018-02-15,2,0,0.03813942737107097,0,1
2018-02-16,2,0,0.6460613120737394,1,1
2018-02-17,2,0,0.021228358622737895,0,1
2018-02-18,2,0,0.09764285184574524,0,1
2018-02-19,2,0,0.09338071296397707,0,1
2018-02-20,2,0,0.65108913137049,1,1
2018-02-21,2,0,0.09584185993428132,0,1
2018-02-22,2,0,0.026924604966155792,0,1
2018-02-23,2,0,0.5163574341916735,1,1
2018-02-24,2,0,0.2851608800094298,0,1
2018-02-25,2,0,0.6757324160365095,1,1
2018-02-26,2,0,0.1144271337808429,0,1
2018-02-27,2,0,0.502441905001095,1,1
2018-02-28,2,0,0.593980147695794,1,1
2018-03-01,2,0,0.43511669721766794,0,1
2018-03-02,2,0,0.801298585876312,1,1
2018-03-03,2,0,0.8039451533824584,1,1
2018-03-04,2,0,0.9133109486375148,1,1
2018-03-05,2,0,0.9457812193099479,1,1
2018-03-06,2,0,0.10013816736919157,0,1
2018-03-07,2,0,0.006042477914700045,0,1
2018-03-08,2,0,0.04887198502086414,0,1
2018-03-09,2,0,0.6236150399422198,1,1
2018-03-10,2,0,0.2716442169942547,0,1
2018-03-11,2,0,0.020466986249515245,0,1
2018-03-12,2,0,0.23091218869135122,0,1
2018-03-13,2,0,0.7285815992214137,1,1
2018-03-14,2,0,0.00035776658318370817,0,1
2018-03-15,2,0,0.625457932630424,1,1
2018-03-16,2,0,0.8683907759536842,1,1
2018-03-17,2,1,0.4123332144096643,0,1
2018-03-18,2,0,0.5939309860380368,1,1
2018-03-19,2,0,0.5098637936904339,1,1
2018-03-20,2,0,0.7117493803841065,1,1
2018-03-21,2,0,0.8906785366476372,1,1
2018-03-22,2,1,0.8656288326237654,1,1
2018-03-23,2,0,0.9161368631684811,1,1
2018-03-24,2,1,0.8675440835176124,1,1
2018-03-25,2,1,0.8723077016541709,1,1
2018-03-26,2,1,0.7496602936257809,1,1
2018-03-27,2,1,0.4436308546381245,0,1
2018-03-28,2,1,0.7950901483418447,1,1
2018-03-29,2,1,0.0005662210729991589,0,1
2018-03-30,2,1,0.23173313923551514,0,1
2018-03-31,2,1,0.7261852362562771,1,1
2018-04-01,2,1,0.8278831622201951,1,1
2018-04-02,2,1,0.8266555678531298,1,1
2018-04-03,2,1,0.5969055471892559,1,1
2018-04-04,2,1,0.007721823610082064,0,1
2018-04-05,2,1,0.6009229065575687,1,1
2018-04-06,2,1,0.7091935216956692,1,1
2018-04-07,2,1,0.706759357033752,1,1
2018-04-08,2,1,0.8746319433300535,1,1
2018-04-09,2,1,0.7199703765066394,1,1
2018-04-10,2,1,0.8904674604687008,1,1
2018-04-11,2,1,0.9176191781564911,1,1
2018-04-12,2,1,9.914147666630946e-06,0,1
2018-04-13,2,1,0.6212268807453858,1,1
2018-04-14,2,1,0.8609110356499079,1,1
2018-04-15,2,1,0.7675616034157845,1,1
2018-04-16,2,1,0.7079532521224402,1,1
2018-04-17,2,1,0.8144508845875461,1,1
2018-04-18,2,1,0.8358266719211012,1,1
2018-04-19,2,0,0.9097205103727055,1,1
2018-04-20,2,0,0.3374274530839612,0,1
2018-04-21,2,0,0.7769061823173067,1,1
2018-04-22,2,0,0.8884386401166535,1,1
2018-04-23,2,0,0.9305626696344038,1,1
2018-04-24,2,0,0.045187655409916316,0,1
2018-04-25,2,0,0.0008144658006115118,0,1
2018-04-26,2,0,0.2380852149854289,0,1
2018-04-27,2,0,0.44144163272831544,0,1
2018-04-28,2,0,0.5870887473379847,1,1
2018-04-29,2,0,0.856300189486914,1,1
2018-04-30,2,0,0.8741032139481992,1,1
2018-05-01,2,0,0.9077871041128626,1,1
2018-05-02,2,0,0.9387536489132542,1,1
2018-05-03,2,0,0.6228350082189785,1,1
2018-05-04,2,0,0.8573267658436063,1,1
2018-05-05,2,0,0.9171989173565589,1,1
2018-05-06,2,0,0.8880734112138493,1,1
2018-05-07,2,0,0.8093706458288801,1,1
2018-05-08,2,0,0.8778943935364305,1,1
2018-05-09,2,0,0.9322128428649094,1,1
2018-05-10,2,0,0.8222082809872359,1,1
2018-05-11,2,0,0.09112699684086341,0,1
2018-05-12,2,0,0.671972139466069,1,1
2018-05-13,2,0,0.8271786126498194,1,1
2018-05-14,2,0,0.9180601473403696,1,1
2018-05-15,2,0,0.8693533944920127,1,1
2018-05-16,2,0,0.8905231518729112,1,1
2018-05-17,2,0,0.7703585355370428,1,1
2018-05-18,2,0,0.8843424273493565,1,1
2018-05-19,2,0,0.9331409108248162,1,1
2018-05-20,2,0,0.8843599673543407,1,1
2018-05-21,2,0,0.9131885542578724,1,1
2018-05-22,2,0,0.5852859699087106,1,1
2018-05-23,2,0,0.1079385767167488,0,1
2018-05-24,2,0,0.6807864705621365,1,1
2018-05-25,2,0,0.8390959868162251,1,1
2018-05-26,2,0,0.881013780034406,1,1
2018-05-27,2,0,0.9394864911348454,1,1
2018-05-28,2,0,0.8087508175471458,1,1
2018-05-29,2,0,0.67898775093768,1,1
2018-05-30,2,0,0.8606335313721809,1,1
2018-05-31,2,0,0.9259972046407541,1,1
2018-06-01,2,0,0.9509302273162998,1,1
2018-06-02,2,0,0.9546929946066898,1,1
2018-06-03,2,0,0.964557999763563,1,1
2018-06-04,2,0,0.8700615676764426,1,1
2018-06-05,2,0,0.9240242241458245,1,1
2018-06-06,2,0,0.9544495200309174,1,1
2018-06-07,2,0,0.9709994655763121,1,1
2018-06-08,2,0,0.9780524657256533,1,1
2018-06-09,2,0,0.977271151208835,1,1
2018-06-10,2,0,0.0007490178874955712,0,1
2018-06-11,2,0,0.5953474770555336,1,1
2018-06-12,2,0,0.32995852003897125,0,1
2018-06-13,2,0,0.4252408507115664,0,1
2018-06-14,2,0,0.3862840612857116,0,1
2018-06-15,2,0,0.49786894328959636,0,1
2018-06-16,2,1,0.8164590363395786,1,1
2018-06-17,2,1,0.9063637982029037,1,1
2018-06-18,2,1,0.8488476008654278,1,1
2018-06-19,2,1,0.9241254283676937,1,1
2018-06-20,2,1,0.9481585609263747,1,1
2018-06-21,2,1,0.9571799199491973,1,1
2018-06-22,2,1,0.001510850965692507,0,1
2018-06-23,2,1,0.6157375186458045,1,1
2018-06-24,2,1,0.8648900413083918,1,1
2018-06-25,2,1,0.9270104432593294,1,1
2018-06-26,2,1,0.8647859472179374,1,1
2018-06-27,2,1,0.9282191681747806,1,1
2018-06-28,2,1,0.6666612096447783,1,1
2018-06-29,2,1,0.47463373633469186,0,1
2018-06-30,2,1,0.7235630795675881,1,1
2018-07-01,2,1,0.8888808318958703,1,1
2018-07-02,2,1,0.8459552337655973,1,1
2018-07-03,2,1,0.896197004631323,1,1
2018-07-04,2,1,0.9355224100333926,1,1
2018-07-05,2,1,0.9533354682273536,1,1
2018-07-06,2,1,0.9668495942391672,1,1
2018-07-07,2,1,0.915246204245759,1,1
2018-07-08,2,0,0.9275109530889185,1,1
2018-07-09,2,0,0.953998661981811,1,1
2018-07-10,2,1,0.21349173565927276,0,1
2018-07-11,2,0,0.7229092295515379,1,1
2018-07-12,2,1,0.7624229132878605,1,1
2018-07-13,2,1,0.9047512513493791,1,1
2018-07-14,2,1,0.9452177446359138,1,1
2018-07-15,2,0,0.9524400823695431,1,1
2018-07-16,2,0,0.5121280786313047,1,1
2018-07-17,2,0,0.015737354394069085,0,1
2018-07-18,2,0,0.6342125555563833,1,1
2018-07-19,2,0,0.8617335639932371,1,1
2018-07-20,2,0,0.8948054304342543,1,1
2018-07-21,2,0,0.9391112976013536,1,1
2018-07-22,2,0,0.9589248668947515,1,1
2018-07-23,2,0,0.8399042676908873,1,1
2018-07-24,2,0,0.013575498056273779,0,1
2018-07-25,2,0,0.3759276722216032,0,1
2018-07-26,2,0,0.5674805908173381,1,1
2018-07-27,2,0,0.7833768387429788,1,1
2018-07-28,2,0,0.9094076329311386,1,1
2018-07-29,2,0,0.9459965662586685,1,1
2018-07-30,2,0,0.9602545366194652,1,1
2018-07-31,2,0,0.5029053436076223,1,1
2018-08-01,2,0,0.7261226410538318,1,1
2018-08-02,2,0,0.8806616604326395,1,1
2018-08-03,2,0,0.8917524478452913,1,1
2018-08-04,2,1,0.34456476690093707,0,1
2018-08-05,2,1,0.779654702797068,1,1
2018-08-06,2,0,0.8607878947068613,1,1
2018-08-07,2,0,0.8007103637903703,1,1
2018-08-08,2,1,0.08998477240137116,0,1
2018-08-09,2,0,0.39140852380416336,0,1
2018-08-10,2,1,0.08957623153618714,0,1
2018-08-11,2,1,0.6394615216841514,1,1
2018-08-12,2,0,0.872993209759891,1,1
2018-08-13,2,1,0.9328107224009068,1,1
2018-08-14,2,1,0.9253860885394753,1,1
2018-08-15,2,1,0.937156160729336,1,1
2018-08-16,2,1,0.9603799271772442,1,1
2018-08-17,2,0,0.8449509976784386,1,1
2018-08-18,3,0,1.0,1,1
2018-08-19,3,0,0.9999999999999998,1,1
2018-08-20,3,1,1.0,1,1
2018-08-21,3,1,0.9999999999999999,1,1
2018-08-22,3,1,1.0,1,1
2018-08-23,3,1,1.0,1,1
2018-08-24,3,0,0.9999999999999998,1,1
2018-08-25,3,0,0.9999999999999997,1,1
2018-08-26,3,0,1.0000000000000002,1,1
2018-08-27,3,0,1.0,1,1
2018-08-28,3,0,1.0,1,1
2018-08-29,3,0,0.9999999999999999,1,1
2018-08-30,3,0,0.9999999999999999,1,1
2018-08-31,3,0,0.9999999999999999,1,1
2018-09-01,3,0,1.0,1,1
2018-09-02,3,0,0.9999999999999998,1,1
2018-09-03,3,0,0.9999999999999999,1,1
2018-09-04,3,0,0.9999999999999998,1,1
2018-09-05,3,0,0.9999999999999998,1,1
2018-09-06,3,1,1.0,1,1
2018-09-07,3,1,1.0,1,1
2018-09-08,3,1,0.9999999999999998,1,1
2018-09-09,3,1,0.9999999999999999,1,1
2018-09-10,3,1,0.9999999999999999,1,1
2018-09-11,3,0,1.0000000000000002,1,1
2018-09-12,3,0,1.0,1,1
2018-09-13,3,0,1.0,1,1
2018-09-14,3,0,1.0000000000000002,1,1
2018-09-15,3,1,0.9999999999999999,1,1
2018-09-16,3,1,0.9999999999999998,1,1
2018-09-17,3,1,1.0,1,1
2018-09-18,3,1,1.0,1,1
2018-09-19,3,1,0.9999999999999997,1,1
2018-09-20,3,0,0.9999999999999998,1,1
2018-09-21,3,0,1.0000000000000002,1,1
2018-09-22,3,0,1.0000000000000002,1,1
2018-09-23,3,0,0.9999999999999998,1,1
2018-09-24,3,0,1.0,1,1
2018-09-25,3,1,1.0000000000000002,1,1
2018-09-26,3,0,1.0000000000000002,1,1
2018-09-27,3,0,1.0,1,1
2018-09-28,3,0,1.0000000000000002,1,1
2018-09-29,3,0,1.0,1,1
2018-09-30,3,0,0.9999999999999998,1,1
2018-10-01,3,0,0.9999999999999999,1,1
2018-10-02,3,0,1.0,1,1
2018-10-03,3,0,1.0,1,1
2018-10-04,3,0,1.0,1,1
2018-10-05,3,0,0.9999999999999997,1,1
2018-10-06,3,0,1.0,1,1
2018-10-07,3,0,1.0000000000000002,1,1
2018-10-08,3,0,1.0,1,1
2018-10-09,3,0,1.0,1,1
2018-10-10,3,0,0.9999999999999998,1,1
2018-10-11,3,1,1.0,1,1
2018-10-12,3,1,1.0,1,1
2018-10-13,3,1,1.0000000000000002,1,1
2018-10-14,3,1,0.9999999999999999,1,1
2018-10-15,3,0,1.0000000000000002,1,1
2018-10-16,3,0,1.0,1,1
2018-10-17,3,0,1.0000000000000002,1,1
2018-10-18,3,0,1.0000000000000004,1,1
2018-10-19,3,0,1.0000000000000002,1,1
2018-10-20,3,0,1.0000000000000002,1,1
2018-10-21,3,0,1.0,1,1
2018-10-22,3,0,0.9999999999999999,1,1
2018-10-23,3,0,0.9999999999999998,1,1
2018-10-24,3,0,1.0,1,1
2018-10-25,3,0,0.9999999999999999,1,1
2018-10-26,3,0,1.0000000000000004,1,1
2018-10-27,3,0,1.0,1,1
2018-10-28,3,0,0.9999999999999998,1,1
2018-10-29,3,0,1.0000000000000002,1,1
2018-10-30,3,0,1.0000000000000002,1,1
2018-10-31,3,0,1.0,1,1
2018-11-01,3,0,1.0000000000000002,1,1
2018-11-02,3,0,0.9999999999999999,1,1
2018-11-03,3,0,0.9999999999999997,1,1
2018-11-04,3,0,1.0,1,1
2018-11-05,3,0,0.9999999999999999,1,1
2018-11-06,3,0,1.0,1,1
2018-11-07,3,0,0.9999999999999998,1,1
2018-11-08,3,0,0.9999999999999997,1,1
2018-11-09,3,0,1.0000000000000002,1,1
2018-11-10,3,0,1.0,1,1
2018-11-11,3,0,0.9999999999999999,1,1
2018-11-12,3,0,1.0000000000000002,1,1
2018-11-13,3,0,1.0,1,1
2018-11-14,3,0,0.9999999999999997,1,1
2018-11-15,3,0,1.0,1,1
2018-11-16,3,0,0.9999999999999998,1,1
2018-11-17,3,0,0.9999999999999998,1,1
2018-11-18,3,0,1.0,1,1
2018-11-19,3,0,1.0,1,1
2018-11-20,3,0,1.0,1,1
2018-11-21,3,0,1.0,1,1
2018-11-22,3,0,0.9999999999999998,1,1
2018-11-23,3,0,1.0000000000000002,1,1
2018-11-24,3,1,1.0,1,1
2018-11-25,3,0,1.0000000000000002,1,1
2018-11-26,3,1,1.0,1,1
2018-11-27,3,0,1.0000000000000002,1,1
2018-11-28,3,0,1.0,1,1
2018-11-29,3,0,0.9999999999999999,1,1
2018-11-30,3,0,1.0000000000000002,1,1
2018-12-01,3,0,1.0,1,1
2018-12-02,3,0,1.0,1,1
2018-12-03,3,1,1.0000000000000002,1,1
2018-12-04,3,0,0.9999999999999998,1,1
2018-12-05,3,1,1.0,1,1
2018-12-06,3,1,1.0,1,1
2018-12-07,3,1,1.0000000000000002,1,1
2018-12-08,3,1,0.9999999999999998,1,1
2018-12-09,3,1,1.0,1,1
2018-12-10,3,1,1.0,1,1
2018-12-11,3,1,1.0,1,1
2018-12-12,3,1,1.0000000000000002,1,1
2018-12-13,3,1,0.9999999999999999,1,1
2018-12-14,3,1,0.9999999999999998,1,1
2018-12-15,3,1,0.9999999999999999,1,1
2018-12-16,3,1,0.9999999999999998,1,1
2018-12-17,3,1,1.0,1,1
2018-12-18,3,0,1.0,1,1
2018-12-19,3,0,1.0,1,1
2018-12-20,3,0,1.0,1,1
2018-12-21,3,0,1.0,1,1
2018-12-22,3,0,1.0,1,1
2018-12-23,3,0,1.0000000000000002,1,1
2018-12-24,3,0,1.0000000000000002,1,1
2018-12-25,3,0,0.9999999999999999,1,1
2018-12-26,3,0,0.9999999999999998,1,1
2018-12-27,3,0,1.0,1,1
2018-12-28,3,0,1.0,1,1
2018-12-29,3,0,1.0,1,1
2018-12-30,3,0,1.0,1,1
2018-12-31,3,0,1.0,1,1
2019-01-01,3,0,1.0,1,1
2019-01-02,3,0,1.0,1,1
2019-01-03,3,0,1.0000000000000002,1,1
2019-01-04,3,0,1.0000000000000002,1,1
2019-01-05,3,0,0.9999999999999999,1,1
2019-01-06,3,0,0.9999999999999998,1,1
2019-01-07,3,0,1.0,1,1
2019-01-08,3,0,1.0,1,1
2019-01-09,3,0,0.9999999999999999,1,1
2019-01-10,3,0,1.0,1,1
2019-01-11,3,1,0.9999999999999998,1,1
2019-01-12,3,0,1.0,1,1
2019-01-13,3,1,0.9999999999999998,1,1
2019-01-14,3,0,1.0,1,1
2019-01-15,3,0,0.9999999999999996,1,1
2019-01-16,3,0,1.0000000000000002,1,1
2019-01-17,3,0,0.9999999999999998,1,1
2019-01-18,3,1,1.0000000000000002,1,1
2019-01-19,3,1,0.9999999999999999,1,1
2019-01-20,3,1,1.0,1,1
2019-01-21,3,1,1.0,1,1
2019-01-22,3,1,0.9999999999999997,1,1
2019-01-23,3,1,1.0000000000000002,1,1
2019-01-24,3,1,0.9999999999999998,1,1
2019-01-25,3,1,0.9999999999999999,1,1
2019-01-26,3,1,0.9999999999999994,1,1
2019-01-27,3,1,1.0,1,1
2019-01-28,3,1,1.0,1,1
2019-01-29,3,1,0.9999999999999998,1,1
2019-01-30,3,1,1.0000000000000002,1,1
2019-01-31,3,1,1.0000000000000002,1,1
2019-02-01,3,1,1.0000000000000002,1,1
2019-02-02,3,1,1.0,1,1
2019-02-03,3,1,1.0,1,1
2019-02-04,3,1,1.0000000000000002,1,1
2019-02-05,3,1,1.0000000000000002,1,1
2019-02-06,3,1,1.0000000000000004,1,1
2019-02-07,3,1,0.9999999999999999,1,1
2019-02-08,3,1,1.0,1,1
2019-02-09,3,1,0.9999999999999998,1,1
2019-02-10,3,1,0.9999999999999998,1,1
2019-02-11,3,1,1.0,1,1
2019-02-12,3,1,0.9999999999999999,1,1
2019-02-13,3,1,1.0000000000000002,1,1
2019-02-14,3,1,1.0000000000000004,1,1
2019-02-15,3,1,0.9999999999999999,1,1
2019-02-16,3,1,0.9999999999999999,1,1
2019-02-17,3,1,0.9999999999999997,1,1
2019-02-18,3,1,0.9999999999999998,1,1
2019-02-19,3,1,1.0000000000000002,1,1
2019-02-20,3,1,0.9999999999999999,1,1
2019-02-21,3,1,1.0,1,1
2019-02-22,3,1,1.0,1,1
2019-02-23,3,0,1.0000000000000002,1,1
2019-02-24,3,1,1.0,1,1
2019-02-25,3,1,1.0,1,1
2019-02-26,3,1,1.0000000000000002,1,1
2019-02-27,3,1,1.0,1,1
2019-02-28,3,1,0.9999999999999999,1,1
2019-03-01,3,1,1.0,1,1
2019-03-02,3,1,0.9999999999999998,1,1
2019-03-03,3,1,0.9999999999999999,1,1
2019-03-04,3,1,1.0,1,1
2019-03-05,3,1,0.9999999999999999,1,1
2019-03-06,3,1,1.0000000000000002,1,1
2019-03-07,3,1,1.0,1,1
2019-03-08,3,1,1.0000000000000004,1,1
2019-03-09,3,1,1.0,1,1
2019-03-10,3,1,0.9999999999999999,1,1
2019-03-11,3,1,1.0000000000000002,1,1
2019-03-12,3,1,1.0000000000000002,1,1
2019-03-13,3,1,0.9999999999999999,1,1
2019-03-14,3,1,0.9999999999999997,1,1
2019-03-15,3,1,1.0000000000000002,1,1
2019-03-16,3,1,1.0000000000000004,1,1
2019-03-17,3,1,1.0000000000000002,1,1
2019-03-18,3,1,0.9999999999999996,1,1
2019-03-19,3,1,0.9999999999999999,1,1
2019-03-20,3,1,1.0000000000000004,1,1
2019-03-21,3,1,0.9999999999999997,1,1
2019-03-22,3,1,1.0000000000000002,1,1
2019-03-23,3,1,1.0,1,1
2019-03-24,3,1,0.9999999999999998,1,1
2019-03-25,3,1,1.0000000000000002,1,1
2019-03-26,3,1,1.0000000000000002,1,1
2019-03-27,3,1,0.9999999999999998,1,1
2019-03-28,3,1,0.9999999999999999,1,1
2019-03-29,3,1,0.9999999999999994,1,1
2019-03-30,3,1,0.9999999999999997,1,1
2019-03-31,3,1,1.0000000000000002,1,1
2019-04-01,3,1,1.0000000000000002,1,1
2019-04-02,3,1,1.0,1,1
2019-04-03,3,1,1.0000000000000002,1,1
2019-04-04,3,1,1.0,1,1
2019-04-05,3,1,1.0000000000000004,1,1
2019-04-06,3,1,1.0,1,1
2019-04-07,3,1,1.0000000000000002,1,1
2019-04-08,3,1,0.9999999999999999,1,1
2019-04-09,3,1,1.0000000000000002,1,1
2019-04-10,3,1,1.0,1,1
2019-04-11,3,1,1.0,1,1
2019-04-12,3,1,1.0,1,1
2019-04-13,3,1,1.0,1,1
2019-04-14,3,1,1.0000000000000002,1,1
2019-04-15,3,1,0.9999999999999998,1,1
2019-04-16,3,1,0.9999999999999998,1,1
2019-04-17,3,1,1.0,1,1
2019-04-18,3,1,1.0000000000000002,1,1
2019-04-19,3,1,0.9999999999999999,1,1
2019-04-20,3,1,0.9999999999999999,1,1
2019-04-21,3,1,1.0,1,1
2019-04-22,3,1,1.0000000000000002,1,1
2019-04-23,3,1,1.0,1,1
2019-04-24,3,1,1.0,1,1
2019-04-25,3,1,1.0,1,1
2019-04-26,3,1,1.0000000000000002,1,1
2019-04-27,3,1,0.9999999999999998,1,1
2019-04-28,3,1,1.0000000000000002,1,1
2019-04-29,3,1,0.9999999999999999,1,1
2019-04-30,3,1,0.9999999999999996,1,1
2019-05-01,3,1,0.9999999999999999,1,1
2019-05-02,3,1,0.9999999999999996,1,1
2019-05-03,3,1,1.0,1,1
2019-05-04,3,1,0.9999999999999998,1,1
2019-05-05,3,1,1.0000000000000002,1,1
2019-05-06,3,1,0.9999999999999997,1,1
2019-05-07,3,1,1.0000000000000002,1,1
2019-05-08,3,1,0.9999999999999998,1,1
2019-05-09,3,1,0.9999999999999998,1,1
2019-05-10,3,1,1.0,1,1
2019-05-11,3,1,1.0,1,1
2019-05-12,3,1,1.0,1,1
2019-05-13,3,1,0.9999999999999999,1,1
2019-05-14,3,1,1.0,1,1
2019-05-15,3,1,1.0000000000000002,1,1
2019-05-16,3,1,1.0,1,1
2019-05-17,3,1,1.0,1,1
2019-05-18,3,1,1.0,1,1
2019-05-19,3,1,1.0,1,1
2019-05-20,3,1,1.0000000000000002,1,1
2019-05-21,3,1,1.0,1,1
2019-05-22,3,1,0.9999999999999998,1,1
2019-05-23,3,1,0.9999999999999998,1,1
2019-05-24,3,1,0.9999999999999998,1,1
2019-05-25,3,1,0.9999999999999999,1,1
2019-05-26,3,1,1.0000000000000002,1,1
2019-05-27,3,1,1.0,1,1
2019-05-28,3,1,1.0000000000000002,1,1
2019-05-29,3,1,1.0,1,1
2019-05-30,3,1,1.0,1,1
2019-05-31,3,1,1.0000000000000002,1,1
2019-06-01,3,1,0.9999999999999999,1,1
2019-06-02,3,1,0.9999999999999998,1,1
2019-06-03,3,1,1.0,1,1
2019-06-04,3,1,1.0,1,1
2019-06-05,3,1,1.0,1,1
2019-06-06,3,1,1.0,1,1
2019-06-07,3,1,1.0000000000000002,1,1
2019-06-08,3,1,0.9999999999999999,1,1
2019-06-09,3,1,1.0,1,1
2019-06-10,3,1,1.0,1,1
2019-06-11,3,1,1.0000000000000002,1,1
2019-06-12,3,1,1.0,1,1
2019-06-13,3,1,1.0000000000000002,1,1
2019-06-14,3,1,1.0000000000000002,1,1
2019-06-15,3,1,1.0000000000000002,1,1
2019-06-16,3,1,1.0000000000000002,1,1
2019-06-17,3,1,1.0,1,1
2019-06-18,3,1,0.9999999999999999,1,1
2019-06-19,3,1,1.0,1,1
2019-06-20,3,1,1.0,1,1
2019-06-21,3,1,0.9999999999999998,1,1
2019-06-22,3,0,1.0000000000000004,1,1
2019-06-23,3,0,1.0,1,1
2019-06-24,3,0,1.0,1,1
2019-06-25,3,0,1.0,1,1
2019-06-26,3,0,1.0,1,1
2019-06-27,3,0,1.0,1,1
2019-06-28,3,0,1.0,1,1
2019-06-29,3,0,1.0,1,1
2019-06-30,3,0,1.0,1,1
2019-07-01,3,0,0.9999999999999999,1,1
2019-07-02,3,0,1.0,1,1
2019-07-03,3,0,0.9999999999999999,1,1
2019-07-04,3,0,1.0,1,1
2019-07-05,3,0,1.0,1,1
2019-07-06,3,1,1.0000000000000002,1,1
2019-07-07,3,1,1.0000000000000004,1,1
2019-07-08,3,0,0.9999999999999999,1,1
2019-07-09,3,0,1.0,1,1
2019-07-10,3,0,0.9999999999999999,1,1
2019-07-11,3,0,1.0,1,1
2019-07-12,3,0,1.0,1,1
2019-07-13,3,0,1.0,1,1
2019-07-14,3,1,1.0,1,1
2019-07-15,3,0,1.0,1,1
2019-07-16,3,1,1.0,1,1
2019-07-17,3,1,1.0,1,1
2019-07-18,3,0,1.0,1,1
2019-07-19,3,0,1.0,1,1
2019-07-20,3,1,1.0000000000000002,1,1
2019-07-21,3,1,0.9999999999999999,1,1
2019-07-22,3,0,1.0000000000000002,1,1
2019-07-23,3,1,0.9999999999999999,1,1
2019-07-24,3,1,0.9999999999999999,1,1
2019-07-25,3,1,1.0000000000000002,1,1
2019-07-26,3,1,1.0000000000000002,1,1
2019-07-27,3,1,1.0,1,1
2019-07-28,3,1,1.0,1,1
2019-07-29,3,1,1.0,1,1
2019-07-30,3,0,1.0000000000000002,1,1
2019-07-31,3,0,0.9999999999999998,1,1
2019-08-01,3,0,1.0,1,1
2019-08-02,3,0,0.9999999999999999,1,1
2019-08-03,3,0,1.0,1,1
2019-08-04,3,0,1.0,1,1
2019-08-05,3,0,1.0,1,1
2019-08-06,3,0,0.9999999999999998,1,1
2019-08-07,3,0,1.0,1,1
2019-08-08,3,0,0.9999999999999998,1,1
2019-08-09,3,0,0.9999999999999999,1,1
2019-08-10,3,0,0.9999999999999997,1,1
2019-08-11,3,0,1.0,1,1
2019-08-12,3,0,0.9999999999999998,1,1
2019-08-13,3,0,1.0,1,1
2019-08-14,3,1,1.0,1,1
2019-08-15,3,1,1.0,1,1
2019-08-16,3,0,1.0000000000000002,1,1
2019-08-17,3,1,0.9999999999999998,1,1
2019-08-18,3,0,1.0,1,1
2019-08-19,3,0,0.9999999999999999,1,1
2019-08-20,3,0,1.0,1,1
2019-08-21,3,1,1.0,1,1
2019-08-22,3,0,0.9999999999999998,1,1
2019-08-23,3,0,0.9999999999999998,1,1
2019-08-24,3,0,0.9999999999999999,1,1
2019-08-25,3,0,1.0000000000000002,1,1
2019-08-26,3,0,1.0000000000000002,1,1
2019-08-27,3,0,1.0,1,1
2019-08-28,3,0,1.0000000000000002,1,1
2019-08-29,3,0,0.9999999999999999,1,1
2019-08-30,3,0,0.9999999999999999,1,1
2019-08-31,3,0,1.0,1,1
2019-09-01,3,0,0.9999999999999999,1,1
2019-09-02,3,0,1.0,1,1
2019-09-03,3,0,0.9999999999999999,1,1
2019-09-04,3,0,0.9999999999999998,1,1
2019-09-05,3,0,1.0000000000000002,1,1
2019-09-06,3,0,1.0,1,1
2019-09-07,3,0,0.9999999999999998,1,1
2019-09-08,3,0,1.0000000000000002,1,1
2019-09-09,3,0,1.0000000000000002,1,1
2019-09-10,3,0,0.9999999999999999,1,1
2019-09-11,3,0,1.0000000000000004,1,1
2019-09-12,3,0,1.0,1,1
2019-09-13,3,0,1.0000000000000004,1,1
2019-09-14,3,0,1.0000000000000002,1,1
2019-09-15,3,0,0.9999999999999996,1,1
2019-09-16,3,0,1.0,1,1
2019-09-17,3,0,1.0,1,1
2019-09-18,3,0,1.0,1,1
2019-09-19,3,0,1.0,1,1
2019-09-20,3,0,1.0,1,1
2019-09-21,3,0,1.0000000000000002,1,1
2019-09-22,3,0,1.0,1,1
2019-09-23,3,0,0.9999999999999999,1,1
2019-09-24,3,0,1.0,1,1
2019-09-25,3,1,1.0,1,1
2019-09-26,3,1,1.0,1,1
2019-09-27,3,1,1.0,1,1
2019-09-28,3,1,1.0,1,1
2019-09-29,3,1,1.0,1,1
2019-09-30,3,1,1.0,1,1
2019-10-01,3,1,1.0,1,1
2019-10-02,3,1,0.9999999999999999,1,1
2019-10-03,3,1,1.0000000000000002,1,1
2019-10-04,3,1,0.9999999999999999,1,1
2019-10-05,3,1,0.9999999999999999,1,1
2019-10-06,3,1,1.0,1,1
2019-10-07,3,1,1.0000000000000002,1,1
2019-10-08,3,1,1.0,1,1
2019-10-09,3,1,1.0000000000000002,1,1
2019-10-10,3,1,0.9999999999999998,1,1
2019-10-11,3,1,0.9999999999999999,1,1
2019-10-12,3,1,0.9999999999999999,1,1
2019-10-13,3,1,1.0000000000000002,1,1
2019-10-14,3,1,1.0000000000000002,1,1
2019-10-15,3,1,1.0,1,1
2019-10-16,3,1,0.9999999999999998,1,1
2019-10-17,3,1,0.9999999999999997,1,1
2019-10-18,3,1,0.9999999999999998,1,1
2019-10-19,3,1,1.0,1,1
2019-10-20,3,0,1.0000000000000002,1,1
2019-10-21,3,0,1.0,1,1
2019-10-22,3,0,0.9999999999999998,1,1
2019-10-23,3,0,0.9999999999999999,1,1
2019-10-24,3,0,1.0000000000000002,1,1
2019-10-25,3,0,1.0,1,1
2019-10-26,3,0,0.9999999999999999,1,1
2019-10-27,3,0,0.9999999999999999,1,1
2019-10-28,3,0,1.0,1,1
2019-10-29,3,0,1.0,1,1
2019-10-30,3,0,1.0,1,1
2019-10-31,3,0,1.0000000000000004,1,1
2019-11-01,3,0,0.9999999999999999,1,1
2019-11-02,3,0,1.0000000000000002,1,1
2019-11-03,3,0,0.9999999999999998,1,1
2019-11-04,3,0,1.0,1,1
2019-11-05,3,0,0.9999999999999999,1,1
2019-11-06,3,0,1.0,1,1
2019-11-07,3,0,1.0000000000000002,1,1
2019-11-08,3,0,1.0,1,1
2019-11-09,3,0,1.0000000000000002,1,1
2019-11-10,3,0,0.9999999999999999,1,1
2019-11-11,3,0,0.9999999999999999,1,1
2019-11-12,3,0,1.0000000000000004,1,1
2019-11-13,3,0,0.9999999999999999,1,1
2019-11-14,3,0,0.9999999999999998,1,1
2019-11-15,3,0,0.9999999999999997,1,1
2019-11-16,3,0,0.9999999999999998,1,1
2019-11-17,3,0,0.9999999999999996,1,1
2019-11-18,3,0,1.0,1,1
2019-11-19,3,0,1.0000000000000002,1,1
2019-11-20,3,0,0.9999999999999998,1,1
2019-11-21,3,0,1.0,1,1
2019-11-22,3,1,0.9999999999999999,1,1
2019-11-23,3,0,1.0000000000000002,1,1
2019-11-24,3,1,1.0,1,1
2019-11-25,3,1,1.0000000000000004,1,1
2019-11-26,3,1,1.0000000000000002,1,1
2019-11-27,3,0,1.0000000000000002,1,1
2019-11-28,3,0,1.0000000000000002,1,1
2019-11-29,3,0,1.0,1,1
2019-11-30,3,0,0.9999999999999999,1,1
2019-12-01,3,0,1.0000000000000002,1,1
2019-12-02,3,0,1.0,1,1
2019-12-03,3,0,1.0,1,1
2019-12-04,3,1,1.0000000000000002,1,1
2019-12-05,3,0,1.0,1,1
2019-12-06,4,0,1.0,1,1
2019-12-07,4,1,0.9999999999999999,1,1
2019-12-08,4,1,1.0000000000000002,1,1
2019-12-09,4,1,0.9999999999999998,1,1
2019-12-10,4,1,1.0000000000000002,1,1
2019-12-11,4,1,0.9999999999999998,1,1
2019-12-12,4,1,1.0,1,1
2019-12-13,4,1,1.0000000000000002,1,1
2019-12-14,4,1,1.0000000000000002,1,1
2019-12-15,4,1,1.0,1,1
2019-12-16,4,1,1.0,1,1
2019-12-17,4,1,1.0,1,1
2019-12-18,4,1,0.9999999999999999,1,1
2019-12-19,4,1,1.0,1,1
2019-12-20,4,1,1.0000000000000002,1,1
2019-12-21,4,1,0.9999999999999999,1,1
2019-12-22,4,1,1.0,1,1
2019-12-23,4,1,1.0000000000000002,1,1
2019-12-24,4,1,0.9999999999999998,1,1
2019-12-25,4,1,0.9999999999999999,1,1
2019-12-26,4,1,1.0,1,1
2019-12-27,4,1,0.9999999999999993,1,1
2019-12-28,4,1,0.9999999999999998,1,1
2019-12-29,4,1,0.9999999999999998,1,1
2019-12-30,4,1,0.9999999999999998,1,1
2019-12-31,4,1,1.0000000000000002,1,1
2020-01-01,4,1,1.0000000000000002,1,1
2020-01-02,4,1,1.0,1,1
2020-01-03,4,1,0.9999999999999998,1,1
2020-01-04,4,1,0.9999999999999996,1,1
2020-01-05,4,1,0.9999999999999997,1,1
2020-01-06,4,1,1.0,1,1
2020-01-07,4,1,1.0,1,1
2020-01-08,4,1,1.0,1,1
2020-01-09,4,1,1.0,1,1
2020-01-10,4,1,1.0,1,1
2020-01-11,4,1,1.0,1,1
2020-01-12,4,1,1.0000000000000002,1,1
2020-01-13,4,1,1.0,1,1
2020-01-14,4,1,0.9999999999999998,1,1
2020-01-15,4,1,1.0,1,1
2020-01-16,4,1,1.0,1,1
2020-01-17,4,1,0.9999999999999998,1,1
2020-01-18,4,1,1.0,1,1
2020-01-19,4,1,1.0000000000000002,1,1
2020-01-20,4,1,1.0,1,1
2020-01-21,4,1,0.9999999999999999,1,1
2020-01-22,4,1,1.0,1,1
2020-01-23,4,1,1.0,1,1
2020-01-24,4,1,0.9999999999999999,1,1
2020-01-25,4,1,1.0000000000000002,1,1
2020-01-26,4,1,0.9999999999999999,1,1
2020-01-27,4,0,0.9999999999999998,1,1
2020-01-28,4,0,1.0,1,1
2020-01-29,4,0,1.0,1,1
2020-01-30,4,0,1.0000000000000002,1,1
2020-01-31,4,0,1.0,1,1
2020-02-01,4,0,1.0,1,1
2020-02-02,4,0,1.0,1,1
2020-02-03,4,0,1.0000000000000002,1,1
2020-02-04,4,0,0.9999999999999999,1,1
2020-02-05,4,0,1.0000000000000002,1,1
2020-02-06,4,0,0.9999999999999999,1,1
2020-02-07,4,0,0.9999999999999998,1,1
2020-02-08,4,0,1.0000000000000002,1,1
2020-02-09,4,0,1.0,1,1
2020-02-10,4,0,1.0,1,1
2020-02-11,4,0,0.9999999999999998,1,1
2020-02-12,4,0,0.9999999999999997,1,1
2020-02-13,4,0,1.0,1,1
2020-02-14,4,0,1.0000000000000002,1,1
2020-02-15,4,0,0.9999999999999999,1,1
2020-02-16,4,0,1.0,1,1
2020-02-17,4,0,0.9999999999999999,1,1
2020-02-18,4,0,1.0,1,1
2020-02-19,4,0,1.0,1,1
2020-02-20,4,0,0.9999999999999998,1,1
2020-02-21,4,0,1.0000000000000002,1,1
2020-02-22,4,0,0.9999999999999998,1,1
2020-02-23,4,0,1.0,1,1
2020-02-24,4,0,1.0000000000000002,1,1
2020-02-25,4,0,1.0,1,1
2020-02-26,4,0,1.0,1,1
2020-02-27,4,0,1.0,1,1
2020-02-28,4,0,0.9999999999999999,1,1
2020-02-29,4,0,0.9999999999999998,1,1
2020-03-01,4,0,1.0000000000000004,1,1
2020-03-02,4,0,0.9999999999999998,1,1
2020-03-03,4,0,0.9999999999999998,1,1
2020-03-04,4,0,1.0000000000000002,1,1
2020-03-05,4,0,0.9999999999999998,1,1
2020-03-06,4,0,1.0,1,1
2020-03-07,4,0,0.9999999999999998,1,1
2020-03-08,4,0,1.0,1,1
2020-03-09,4,0,1.0000000000000002,1,1
2020-03-10,4,0,1.0,1,1
2020-03-11,4,0,0.9999999999999996,1,1
2020-03-12,4,1,1.0000000000000004,1,1
2020-03-13,4,1,1.0,1,1
2020-03-14,4,1,1.0000000000000002,1,1
2020-03-15,4,1,1.0,1,1
2020-03-16,4,1,1.0,1,1
2020-03-17,4,1,1.0000000000000002,1,1
2020-03-18,4,1,1.0,1,1
2020-03-19,4,1,0.9999999999999999,1,1
2020-03-20,4,1,0.9999999999999999,1,1
2020-03-21,4,1,1.0,1,1
2020-03-22,4,1,1.0000000000000002,1,1
2020-03-23,4,1,1.0,1,1
2020-03-24,4,1,0.9999999999999999,1,1
2020-03-25,4,1,0.9999999999999998,1,1
2020-03-26,4,1,1.0000000000000002,1,1
2020-03-27,4,1,1.0,1,1
2020-03-28,4,1,1.0,1,1
2020-03-29,4,1,1.0,1,1
2020-03-30,4,1,0.9999999999999999,1,1
2020-03-31,4,1,1.0000000000000002,1,1
2020-04-01,4,1,0.9999999999999999,1,1
2020-04-02,4,1,0.9999999999999999,1,1
2020-04-03,4,1,1.0,1,1
2020-04-04,4,1,1.0,1,1
2020-04-05,4,1,1.0000000000000002,1,1
2020-04-06,4,1,1.0,1,1
2020-04-07,4,1,1.0,1,1
2020-04-08,4,1,0.9999999999999998,1,1
2020-04-09,4,1,1.0,1,1
2020-04-10,4,1,0.9999999999999999,1,1
2020-04-11,4,1,1.0,1,1
2020-04-12,4,1,1.0000000000000002,1,1
2020-04-13,4,1,1.0,1,1
2020-04-14,4,1,1.0000000000000004,1,1
2020-04-15,4,1,1.0,1,1
2020-04-16,4,1,1.0,1,1
2020-04-17,4,1,1.0,1,1
2020-04-18,4,1,0.9999999999999998,1,1
2020-04-19,4,1,1.0000000000000002,1,1
2020-04-20,4,1,1.0,1,1
2020-04-21,4,1,0.9999999999999998,1,1
2020-04-22,4,1,1.0,1,1
2020-04-23,4,1,0.9999999999999998,1,1
2020-04-24,4,1,1.0000000000000002,1,1
2020-04-25,4,1,1.0000000000000002,1,1
2020-04-26,4,1,0.9999999999999997,1,1
2020-04-27,4,1,1.0,1,1
2020-04-28,4,1,1.0000000000000002,1,1
2020-04-29,4,1,0.9999999999999997,1,1
2020-04-30,4,1,0.9999999999999999,1,1
2020-05-01,4,1,1.0000000000000002,1,1
2020-05-02,4,1,1.0,1,1
2020-05-03,4,1,1.0,1,1
2020-05-04,4,1,1.0,1,1
2020-05-05,4,1,0.9999999999999999,1,1
2020-05-06,4,1,0.9999999999999999,1,1
2020-05-07,4,0,1.0,1,1
2020-05-08,4,0,1.0,1,1
2020-05-09,4,1,0.9999999999999998,1,1
2020-05-10,4,1,1.0000000000000002,1,1
2020-05-11,4,1,0.9999999999999999,1,1
2020-05-12,4,1,1.0,1,1
2020-05-13,4,1,1.0000000000000002,1,1
2020-05-14,4,0,1.0,1,1
2020-05-15,4,1,1.0,1,1
2020-05-16,4,1,1.0000000000000004,1,1
2020-05-17,4,0,1.0,1,1
2020-05-18,4,0,1.0000000000000002,1,1
2020-05-19,4,0,0.9999999999999999,1,1
2020-05-20,4,0,0.9999999999999999,1,1
2020-05-21,4,1,1.0,1,1
2020-05-22,4,1,0.9999999999999999,1,1
2020-05-23,4,1,1.0,1,1
2020-05-24,4,1,1.0000000000000002,1,1
2020-05-25,4,1,1.0000000000000002,1,1
2020-05-26,4,1,1.0000000000000002,1,1
2020-05-27,4,0,1.0,1,1
2020-05-28,4,0,1.0000000000000002,1,1
2020-05-29,4,0,1.0,1,1
2020-05-30,4,0,1.0000000000000004,1,1
2020-05-31,4,0,1.0,1,1
2020-06-01,4,0,1.0,1,1
2020-06-02,4,0,0.9999999999999999,1,1
2020-06-03,4,0,0.9999999999999999,1,1
2020-06-04,4,0,1.0,1,1
2020-06-05,4,0,0.9999999999999999,1,1
2020-06-06,4,0,0.9999999999999999,1,1
2020-06-07,4,0,1.0000000000000004,1,1
2020-06-08,4,0,1.0000000000000002,1,1
2020-06-09,4,0,1.0000000000000002,1,1
2020-06-10,4,0,1.0,1,1
2020-06-11,4,0,1.0,1,1
2020-06-12,4,0,0.9999999999999996,1,1
2020-06-13,4,0,1.0000000000000002,1,1
2020-06-14,4,0,1.0,1,1
2020-06-15,4,0,0.9999999999999998,1,1
2020-06-16,4,0,1.0000000000000002,1,1
2020-06-17,4,0,1.0000000000000002,1,1
2020-06-18,4,0,0.9999999999999999,1,1
2020-06-19,4,0,0.9999999999999994,1,1
2020-06-20,4,0,0.9999999999999999,1,1
2020-06-21,4,1,1.0000000000000004,1,1
2020-06-22,4,0,1.0,1,1
2020-06-23,4,0,1.0000000000000002,1,1
2020-06-24,4,1,1.0,1,1
2020-06-25,4,1,0.9999999999999997,1,1
2020-06-26,4,1,0.9999999999999999,1,1
2020-06-27,4,1,1.0000000000000002,1,1
2020-06-28,4,1,1.0000000000000002,1,1
2020-06-29,4,1,1.0,1,1
2020-06-30,4,1,1.0000000000000004,1,1
2020-07-01,4,1,1.0000000000000002,1,1
2020-07-02,4,1,1.0000000000000002,1,1
2020-07-03,4,1,0.9999999999999999,1,1
2020-07-04,4,1,1.0,1,1
2020-07-05,4,1,1.0,1,1
2020-07-06,4,1,0.9999999999999999,1,1
2020-07-07,4,1,0.9999999999999997,1,1
2020-07-08,4,1,1.0,1,1
2020-07-09,4,1,0.9999999999999996,1,1
2020-07-10,4,1,1.0,1,1
2020-07-11,4,1,1.0,1,1
2020-07-12,4,1,1.0,1,1
2020-07-13,4,1,0.9999999999999999,1,1
2020-07-14,4,1,0.9999999999999996,1,1
2020-07-15,4,1,1.0,1,1
2020-07-16,4,1,1.0,1,1
2020-07-17,4,1,1.0,1,1
2020-07-18,4,1,1.0,1,1
2020-07-19,4,1,1.0000000000000002,1,1
2020-07-20,4,1,1.0000000000000002,1,1
2020-07-21,4,1,0.9999999999999999,1,1
2020-07-22,4,1,1.0000000000000007,1,1
2020-07-23,4,1,1.0000000000000002,1,1
2020-07-24,4,1,1.0,1,1
2020-07-25,4,1,0.9999999999999999,1,1
2020-07-26,4,1,0.9999999999999999,1,1
2020-07-27,4,1,1.0000000000000002,1,1
2020-07-28,4,1,0.9999999999999999,1,1
2020-07-29,4,1,1.0,1,1
2020-07-30,4,1,1.0000000000000002,1,1
2020-07-31,4,1,0.9999999999999997,1,1
2020-08-01,4,0,1.0,1,1
2020-08-02,4,1,1.0,1,1
2020-08-03,4,1,1.0,1,1
2020-08-04,4,0,1.0,1,1
2020-08-05,4,0,1.0,1,1
2020-08-06,4,0,1.0000000000000002,1,1
2020-08-07,4,0,1.0000000000000002,1,1
2020-08-08,4,0,0.9999999999999996,1,1
2020-08-09,4,0,1.0,1,1
2020-08-10,4,0,1.0,1,1
2020-08-11,4,0,1.0,1,1
2020-08-12,4,0,0.9999999999999999,1,1
2020-08-13,4,0,0.9999999999999998,1,1
2020-08-14,4,0,1.0000000000000002,1,1
2020-08-15,4,0,0.9999999999999999,1,1
2020-08-16,4,0,1.0000000000000002,1,1
2020-08-17,4,0,1.0000000000000002,1,1
2020-08-18,4,0,0.9999999999999998,1,1
2020-08-19,4,0,1.0000000000000002,1,1
2020-08-20,4,0,1.0,1,1
2020-08-21,4,0,0.9999999999999999,1,1
2020-08-22,4,0,0.9999999999999998,1,1
2020-08-23,4,0,0.9999999999999999,1,1
2020-08-24,4,0,1.0,1,1
2020-08-25,4,0,0.9999999999999997,1,1
2020-08-26,4,0,0.9999999999999999,1,1
2020-08-27,4,0,0.9999999999999998,1,1
2020-08-28,4,0,1.0,1,1
2020-08-29,4,0,1.0,1,1
2020-08-30,4,0,1.0,1,1
2020-08-31,4,0,1.0,1,1
2020-09-01,4,0,1.0,1,1
2020-09-02,4,0,0.9999999999999998,1,1
2020-09-03,4,1,1.0,1,1
2020-09-04,4,1,1.0,1,1
2020-09-05,4,1,1.0,1,1
2020-09-06,4,1,1.0,1,1
2020-09-07,4,1,0.9999999999999998,1,1
2020-09-08,4,1,1.0,1,1
2020-09-09,4,1,0.9999999999999999,1,1
2020-09-10,4,1,1.0000000000000002,1,1
2020-09-11,4,1,1.0000000000000004,1,1
2020-09-12,4,1,1.0000000000000004,1,1
2020-09-13,4,1,1.0000000000000004,1,1
2020-09-14,4,1,1.0,1,1
2020-09-15,4,1,1.0000000000000004,1,1
2020-09-16,4,1,1.0,1,1
2020-09-17,4,1,1.0,1,1
2020-09-18,4,1,0.9999999999999999,1,1
2020-09-19,4,1,1.0,1,1
2020-09-20,4,1,1.0,1,1
2020-09-21,4,1,1.0000000000000002,1,1
2020-09-22,4,1,0.9999999999999998,1,1
2020-09-23,4,1,0.9999999999999997,1,1
2020-09-24,4,1,0.9999999999999998,1,1
2020-09-25,4,1,1.0,1,1
2020-09-26,4,1,0.9999999999999999,1,1
2020-09-27,4,1,0.9999999999999999,1,1
2020-09-28,4,1,1.0,1,1
2020-09-29,4,1,1.0,1,1
2020-09-30,4,1,1.0000000000000002,1,1
2020-10-01,4,1,0.9999999999999999,1,1
2020-10-02,4,1,1.0,1,1
2020-10-03,4,1,1.0000000000000002,1,1
2020-10-04,4,1,1.0000000000000002,1,1
2020-10-05,4,1,0.9999999999999996,1,1
2020-10-06,4,1,1.0,1,1
2020-10-07,4,1,1.0,1,1
2020-10-08,4,1,0.9999999999999999,1,1
2020-10-09,4,1,0.9999999999999999,1,1
2020-10-10,4,1,1.0000000000000002,1,1
2020-10-11,4,1,1.0,1,1
2020-10-12,4,1,1.0,1,1
2020-10-13,4,1,0.9999999999999999,1,1
2020-10-14,4,1,0.9999999999999997,1,1
2020-10-15,4,1,1.0000000000000002,1,1
2020-10-16,4,1,0.9999999999999999,1,1
2020-10-17,4,1,0.9999999999999999,1,1
2020-10-18,4,1,0.9999999999999999,1,1
2020-10-19,4,1,1.0000000000000002,1,1
2020-10-20,4,1,1.0000000000000004,1,1
2020-10-21,4,1,1.0,1,1
2020-10-22,4,1,1.0000000000000002,1,1
2020-10-23,4,1,1.0,1,1
2020-10-24,4,1,1.0,1,1
2020-10-25,4,1,0.9999999999999999,1,1
2020-10-26,4,1,1.0,1,1
2020-10-27,4,1,1.0,1,1
2020-10-28,4,1,1.0,1,1
2020-10-29,4,1,1.0000000000000002,1,1
2020-10-30,4,1,1.0000000000000004,1,1
2020-10-31,4,1,0.9999999999999997,1,1
2020-11-01,4,1,0.9999999999999998,1,1
2020-11-02,4,1,0.9999999999999998,1,1
2020-11-03,4,1,0.9999999999999999,1,1
2020-11-04,4,1,1.0000000000000002,1,1
2020-11-05,4,1,0.9999999999999999,1,1
2020-11-06,4,1,0.9999999999999998,1,1
2020-11-07,4,1,1.0,1,1
2020-11-08,4,1,1.0000000000000002,1,1
2020-11-09,4,1,1.0000000000000002,1,1
2020-11-10,4,1,1.0,1,1
2020-11-11,4,1,1.0000000000000002,1,1
2020-11-12,4,1,1.0,1,1
2020-11-13,4,1,1.0000000000000002,1,1
2020-11-14,4,1,1.0,1,1
2020-11-15,4,1,1.0,1,1
2020-11-16,4,1,0.9999999999999997,1,1
2020-11-17,4,1,1.0,1,1
2020-11-18,4,1,1.0000000000000002,1,1
2020-11-19,4,1,1.0000000000000004,1,1
2020-11-20,4,1,0.9999999999999999,1,1
2020-11-21,4,1,0.9999999999999998,1,1
2020-11-22,4,1,0.9999999999999999,1,1
2020-11-23,4,1,1.0000000000000002,1,1
2020-11-24,4,1,1.0000000000000002,1,1
2020-11-25,4,1,1.0000000000000002,1,1
2020-11-26,4,1,1.0,1,1
2020-11-27,4,1,1.0000000000000002,1,1
2020-11-28,4,1,1.0,1,1
2020-11-29,4,1,0.9999999999999998,1,1
2020-11-30,4,1,1.0,1,1
2020-12-01,4,1,0.9999999999999999,1,1
2020-12-02,4,1,1.0000000000000002,1,1
2020-12-03,4,1,1.0,1,1
2020-12-04,4,1,1.0,1,1
2020-12-05,4,1,0.9999999999999998,1,1
2020-12-06,4,1,1.0,1,1
2020-12-07,4,1,0.9999999999999997,1,1
2020-12-08,4,1,1.0000000000000002,1,1
2020-12-09,4,1,1.0,1,1
2020-12-10,4,1,0.9999999999999998,1,1
2020-12-11,4,1,1.0,1,1
2020-12-12,4,1,0.9999999999999998,1,1
2020-12-13,4,1,1.0,1,1
2020-12-14,4,1,1.0,1,1
2020-12-15,4,1,1.0,1,1
2020-12-16,4,1,0.9999999999999999,1,1
2020-12-17,4,1,1.0,1,1
2020-12-18,4,1,0.9999999999999999,1,1
2020-12-19,4,1,1.0,1,1
2020-12-20,4,1,1.0000000000000002,1,1
2020-12-21,4,1,1.0000000000000002,1,1
2020-12-22,4,1,0.9999999999999998,1,1
2020-12-23,4,1,1.0000000000000002,1,1
2020-12-24,4,1,1.0,1,1
2020-12-25,4,1,0.9999999999999999,1,1
2020-12-26,4,1,1.0,1,1
2020-12-27,4,1,1.0,1,1
2020-12-28,4,1,0.9999999999999999,1,1
2020-12-29,4,1,1.0000000000000002,1,1
2020-12-30,4,1,1.0000000000000002,1,1
2020-12-31,4,1,1.0000000000000002,1,1
2021-01-01,4,1,1.0,1,1
2021-01-02,4,1,1.0,1,1
2021-01-03,4,1,0.9999999999999999,1,1
2021-01-04,4,1,1.0000000000000002,1,1
2021-01-05,4,1,1.0,1,1
2021-01-06,4,1,1.0,1,1
2021-01-07,4,0,1.0,1,1
2021-01-08,4,0,1.0000000000000002,1,1
2021-01-09,4,1,0.9999999999999999,1,1
2021-01-10,4,1,1.0,1,1
2021-01-11,4,1,1.0000000000000002,1,1
2021-01-12,4,1,1.0,1,1
2021-01-13,4,1,0.9999999999999999,1,1
2021-01-14,4,1,0.9999999999999999,1,1
2021-01-15,4,1,1.0,1,1
2021-01-16,4,1,1.0,1,1
2021-01-17,4,1,0.9999999999999998,1,1
2021-01-18,4,1,1.0000000000000002,1,1
2021-01-19,4,1,1.0,1,1
2021-01-20,4,1,1.0,1,1
2021-01-21,4,1,1.0,1,1
2021-01-22,4,1,1.0,1,1
2021-01-23,4,1,1.0,1,1
2021-01-24,4,1,1.0,1,1
2021-01-25,4,1,1.0000000000000004,1,1
2021-01-26,4,1,0.9999999999999998,1,1
2021-01-27,4,1,1.0,1,1
2021-01-28,4,1,1.0,1,1
2021-01-29,4,1,0.9999999999999999,1,1
2021-01-30,4,1,1.0000000000000002,1,1
2021-01-31,4,1,1.0,1,1
2021-02-01,4,1,0.9999999999999998,1,1
2021-02-02,4,1,1.0,1,1
2021-02-03,4,1,1.0,1,1
2021-02-04,4,1,1.0,1,1
2021-02-05,4,1,1.0,1,1
2021-02-06,4,1,0.9999999999999998,1,1
2021-02-07,4,1,0.9999999999999998,1,1
2021-02-08,4,1,0.9999999999999997,1,1
2021-02-09,4,1,0.9999999999999999,1,1
2021-02-10,4,1,1.0,1,1
2021-02-11,4,1,0.9999999999999999,1,1
2021-02-12,4,1,1.0000000000000002,1,1
2021-02-13,4,1,1.0000000000000002,1,1
2021-02-14,4,1,1.0,1,1
2021-02-15,4,1,0.9999999999999998,1,1
2021-02-16,4,1,1.0,1,1
2021-02-17,4,1,0.9999999999999999,1,1
2021-02-18,4,1,0.9999999999999998,1,1
2021-02-19,4,1,1.0,1,1
2021-02-20,4,0,1.0,1,1
2021-02-21,4,0,1.0,1,1
2021-02-22,4,0,1.0,1,1
2021-02-23,4,1,0.9999999999999999,1,1
2021-02-24,4,1,1.0,1,1
2021-02-25,4,1,1.0,1,1
2021-02-26,4,1,1.0,1,1
2021-02-27,4,1,0.9999999999999998,1,1
2021-02-28,4,1,1.0,1,1
2021-03-01,4,1,1.0,1,1
2021-03-02,4,1,1.0,1,1
2021-03-03,4,1,1.0,1,1
2021-03-04,4,1,1.0,1,1
2021-03-05,4,1,0.9999999999999997,1,1
2021-03-06,4,1,1.0,1,1
2021-03-07,4,1,1.0,1,1
2021-03-08,4,1,1.0,1,1
2021-03-09,4,1,1.0000000000000002,1,1
2021-03-10,4,1,1.0000000000000004,1,1
2021-03-11,4,1,0.9999999999999999,1,1
2021-03-12,4,1,1.0000000000000002,1,1
2021-03-13,4,0,1.0,1,1
2021-03-14,4,1,1.0,1,1
2021-03-15,4,1,1.0,1,1
2021-03-16,4,1,1.0,1,1
2021-03-17,4,1,0.9999999999999998,1,1
2021-03-18,4,1,1.0000000000000002,1,1
2021-03-19,4,0,0.9999999999999998,1,1
2021-03-20,4,0,1.0000000000000002,1,1
2021-03-21,4,0,0.9999999999999999,1,1
2021-03-22,4,0,1.0,1,1
2021-03-23,4,0,1.0,1,1
2021-03-24,4,0,1.0,1,1
2021-03-25,5,0,0.9999999999999999,1,1
2021-03-26,5,0,1.0,1,1
2021-03-27,5,0,1.0,1,1
2021-03-28,5,0,0.9999999999999999,1,1
2021-03-29,5,0,1.0,1,1
2021-03-30,5,0,1.0,1,1
2021-03-31,5,0,0.9999999999999998,1,1
2021-04-01,5,0,1.0000000000000002,1,1
2021-04-02,5,0,1.0,1,1
2021-04-03,5,0,1.0,1,1
2021-04-04,5,0,1.0000000000000002,1,1
2021-04-05,5,0,1.0,1,1
2021-04-06,5,0,1.0000000000000002,1,1
2021-04-07,5,1,1.0,1,1
2021-04-08,5,1,1.0000000000000002,1,1
2021-04-09,5,0,1.0,1,1
2021-04-10,5,0,1.0,1,1
2021-04-11,5,0,1.0000000000000002,1,1
2021-04-12,5,0,1.0000000000000002,1,1
2021-04-13,5,0,1.0,1,1
2021-04-14,5,0,1.0,1,1
2021-04-15,5,0,1.0,1,1
2021-04-16,5,0,1.0,1,1
2021-04-17,5,0,1.0000000000000004,1,1
2021-04-18,5,0,1.0,1,1
2021-04-19,5,0,1.0,1,1
2021-04-20,5,0,1.0000000000000002,1,1
2021-04-21,5,0,0.9999999999999998,1,1
2021-04-22,5,0,1.0,1,1
2021-04-23,5,0,1.0,1,1
2021-04-24,5,0,1.0,1,1
2021-04-25,5,0,1.0000000000000002,1,1
2021-04-26,5,0,1.0,1,1
2021-04-27,5,0,1.0000000000000002,1,1
2021-04-28,5,0,1.0,1,1
2021-04-29,5,0,1.0000000000000002,1,1
2021-04-30,5,0,1.0000000000000002,1,1
2021-05-01,5,0,1.0,1,1
2021-05-02,5,0,1.0000000000000002,1,1
2021-05-03,5,0,1.0,1,1
2021-05-04,5,0,1.0000000000000002,1,1
2021-05-05,5,0,0.9999999999999999,1,1
2021-05-06,5,0,1.0,1,1
2021-05-07,5,0,0.9999999999999999,1,1
2021-05-08,5,0,0.9999999999999998,1,1
2021-05-09,5,0,1.0,1,1
2021-05-10,5,0,1.0,1,1
2021-05-11,5,0,0.9999999999999998,1,1
2021-05-12,5,0,1.0,1,1
2021-05-13,5,0,1.0,1,1
2021-05-14,5,0,1.0,1,1
2021-05-15,5,0,1.0,1,1
2021-05-16,5,0,1.0,1,1
2021-05-17,5,0,1.0,1,1
2021-05-18,5,0,0.9999999999999999,1,1
2021-05-19,5,0,1.0,1,1
2021-05-20,5,0,1.0,1,1
2021-05-21,5,0,1.0,1,1
2021-05-22,5,0,0.9999999999999998,1,1
2021-05-23,5,0,1.0,1,1
2021-05-24,5,0,1.0,1,1
2021-05-25,5,0,1.0000000000000002,1,1
2021-05-26,5,0,0.9999999999999998,1,1
2021-05-27,5,0,1.0000000000000004,1,1
2021-05-28,5,0,1.0,1,1
2021-05-29,5,0,1.0,1,1
2021-05-30,5,1,0.9999999999999999,1,1
2021-05-31,5,0,1.0,1,1
2021-06-01,5,0,1.0000000000000002,1,1
2021-06-02,5,0,1.0000000000000002,1,1
2021-06-03,5,0,1.0,1,1
2021-06-04,5,0,1.0000000000000002,1,1
2021-06-05,5,0,1.0,1,1
2021-06-06,5,0,1.0,1,1
2021-06-07,5,1,1.0,1,1
2021-06-08,5,0,1.0000000000000002,1,1
2021-06-09,5,0,1.0000000000000002,1,1
2021-06-10,5,0,1.0,1,1
2021-06-11,5,0,1.0,1,1
2021-06-12,5,0,1.0,1,1
2021-06-13,5,0,1.0,1,1
2021-06-14,5,0,1.0000000000000002,1,1
2021-06-15,5,0,0.9999999999999998,1,1
2021-06-16,5,0,1.0000000000000002,1,1
2021-06-17,5,0,0.9999999999999998,1,1
2021-06-18,5,0,1.0000000000000002,1,1
2021-06-19,5,0,0.9999999999999999,1,1
2021-06-20,5,0,0.9999999999999997,1,1
2021-06-21,5,1,1.0000000000000002,1,1
2021-06-22,5,0,1.0,1,1
2021-06-23,5,0,1.0,1,1
2021-06-24,5,0,1.0,1,1
2021-06-25,5,1,1.0,1,1
2021-06-26,5,1,0.9999999999999999,1,1
2021-06-27,5,1,1.0,1,1
2021-06-28,5,1,1.0,1,1
2021-06-29,5,1,1.0,1,1
2021-06-30,5,1,1.0000000000000002,1,1
2021-07-01,5,1,1.0,1,1
2021-07-02,5,1,0.9999999999999999,1,1
2021-07-03,5,1,1.0,1,1
2021-07-04,5,1,1.0000000000000004,1,1
2021-07-05,5,1,1.0,1,1
2021-07-06,5,1,1.0,1,1
2021-07-07,5,1,0.9999999999999998,1,1
2021-07-08,5,1,0.9999999999999999,1,1
2021-07-09,5,1,0.9999999999999999,1,1
2021-07-10,5,1,1.0,1,1
2021-07-11,5,1,1.0,1,1
2021-07-12,5,1,1.0,1,1
2021-07-13,5,1,1.0000000000000002,1,1
2021-07-14,5,1,0.9999999999999999,1,1
2021-07-15,5,1,1.0000000000000002,1,1
2021-07-16,5,1,1.0,1,1
2021-07-17,5,1,0.9999999999999998,1,1
2021-07-18,5,1,1.0,1,1
2021-07-19,5,1,1.0000000000000002,1,1
2021-07-20,5,1,1.0,1,1
2021-07-21,5,1,1.0000000000000002,1,1
2021-07-22,5,1,1.0,1,1
2021-07-23,5,1,1.0,1,1
2021-07-24,5,1,1.0000000000000002,1,1
2021-07-25,5,1,0.9999999999999996,1,1
2021-07-26,5,1,1.0000000000000002,1,1
2021-07-27,5,1,0.9999999999999999,1,1
2021-07-28,5,1,0.9999999999999999,1,1
2021-07-29,5,1,1.0,1,1
2021-07-30,5,1,1.0,1,1
2021-07-31,5,1,1.0,1,1
2021-08-01,5,1,1.0000000000000002,1,1
2021-08-02,5,1,0.9999999999999999,1,1
2021-08-03,5,1,1.0,1,1
2021-08-04,5,1,1.0,1,1
2021-08-05,5,1,0.9999999999999999,1,1
2021-08-06,5,1,0.9999999999999999,1,1
2021-08-07,5,1,1.0000000000000002,1,1
2021-08-08,5,1,0.9999999999999998,1,1
2021-08-09,5,0,1.0,1,1
2021-08-10,5,1,0.9999999999999999,1,1
2021-08-11,5,0,1.0,1,1
2021-08-12,5,1,0.9999999999999999,1,1
2021-08-13,5,0,1.0,1,1
2021-08-14,5,0,0.9999999999999998,1,1
2021-08-15,5,1,0.9999999999999999,1,1
2021-08-16,5,1,1.0,1,1
2021-08-17,5,1,1.0,1,1
2021-08-18,5,1,1.0000000000000002,1,1
2021-08-19,5,1,1.0000000000000002,1,1
2021-08-20,5,0,1.0,1,1
2021-08-21,5,0,0.9999999999999999,1,1
2021-08-22,5,0,0.9999999999999998,1,1
2021-08-23,5,0,0.9999999999999998,1,1
2021-08-24,5,0,1.0,1,1
2021-08-25,5,0,0.9999999999999997,1,1
2021-08-26,5,0,1.0,1,1
2021-08-27,5,0,1.0,1,1
2021-08-28,5,0,0.9999999999999999,1,1
2021-08-29,5,0,0.9999999999999999,1,1
2021-08-30,5,0,1.0,1,1
2021-08-31,5,0,1.0,1,1
2021-09-01,5,0,0.9999999999999998,1,1
2021-09-02,5,0,0.9999999999999999,1,1
2021-09-03,5,0,1.0000000000000002,1,1
2021-09-04,5,0,0.9999999999999998,1,1
2021-09-05,5,0,0.9999999999999999,1,1
2021-09-06,5,1,0.9999999999999999,1,1
2021-09-07,5,1,0.9999999999999999,1,1
2021-09-08,5,1,1.0,1,1
2021-09-09,5,1,1.0000000000000002,1,1
2021-09-10,5,1,1.0,1,1
2021-09-11,5,1,1.0000000000000002,1,1
2021-09-12,5,1,1.0,1,1
2021-09-13,5,1,1.0,1,1
2021-09-14,5,1,1.0,1,1
2021-09-15,5,1,1.0000000000000002,1,1
2021-09-16,5,1,1.0,1,1
2021-09-17,5,1,0.9999999999999999,1,1
2021-09-18,5,1,1.0,1,1
2021-09-19,5,1,1.0,1,1
2021-09-20,5,1,1.0000000000000002,1,1
2021-09-21,5,1,1.0,1,1
2021-09-22,5,1,1.0,1,1
2021-09-23,5,1,1.0,1,1
2021-09-24,5,1,1.0,1,1
2021-09-25,5,1,1.0,1,1
2021-09-26,5,1,1.0000000000000002,1,1
2021-09-27,5,1,0.9999999999999999,1,1
2021-09-28,5,1,1.0000000000000002,1,1
2021-09-29,5,1,1.0,1,1
2021-09-30,5,1,1.0,1,1
2021-10-01,5,1,1.0,1,1
2021-10-02,5,1,0.9999999999999998,1,1
2021-10-03,5,1,1.0000000000000002,1,1
2021-10-04,5,1,1.0,1,1
2021-10-05,5,1,0.9999999999999998,1,1
2021-10-06,5,1,1.0,1,1
2021-10-07,5,1,0.9999999999999998,1,1
2021-10-08,5,1,0.9999999999999998,1,1
2021-10-09,5,1,0.9999999999999998,1,1
2021-10-10,5,1,1.0,1,1
2021-10-11,5,1,1.0,1,1
2021-10-12,5,1,1.0,1,1
2021-10-13,5,1,1.0,1,1
2021-10-14,5,1,0.9999999999999997,1,1
2021-10-15,5,1,1.0,1,1
2021-10-16,5,1,0.9999999999999999,1,1
2021-10-17,5,0,1.0000000000000002,1,1
2021-10-18,5,0,0.9999999999999999,1,1
2021-10-19,5,0,1.0000000000000002,1,1
2021-10-20,5,0,0.9999999999999999,1,1
2021-10-21,5,0,1.0,1,1
2021-10-22,5,0,0.9999999999999999,1,1
2021-10-23,5,0,0.9999999999999999,1,1
2021-10-24,5,0,0.9999999999999999,1,1
2021-10-25,5,0,1.0000000000000002,1,1
2021-10-26,5,0,1.0,1,1
2021-10-27,5,0,1.0,1,1
2021-10-28,5,0,1.0,1,1
2021-10-29,5,0,0.9999999999999999,1,1
2021-10-30,5,0,1.0,1,1
2021-10-31,5,0,1.0,1,1
2021-11-01,5,0,1.0000000000000004,1,1
2021-11-02,5,0,0.9999999999999999,1,1
2021-11-03,5,0,1.0000000000000002,1,1
2021-11-04,5,0,0.9999999999999998,1,1
2021-11-05,5,0,1.0000000000000002,1,1
2021-11-06,5,0,1.0,1,1
2021-11-07,5,0,0.9999999999999999,1,1
2021-11-08,5,0,1.0,1,1
2021-11-09,5,0,1.0000000000000002,1,1
2021-11-10,5,0,0.9999999999999998,1,1
2021-11-11,5,0,1.0,1,1
2021-11-12,5,0,0.9999999999999999,1,1
2021-11-13,5,0,1.0,1,1
2021-11-14,5,0,0.9999999999999999,1,1
2021-11-15,5,0,1.0,1,1
2021-11-16,5,0,1.0,1,1
2021-11-17,5,0,1.0,1,1
2021-11-18,5,0,1.0000000000000002,1,1
2021-11-19,5,0,0.9999999999999998,1,1
2021-11-20,5,0,1.0,1,1
2021-11-21,5,0,0.9999999999999998,1,1
2021-11-22,5,0,1.0000000000000002,1,1
2021-11-23,5,0,1.0,1,1
2021-11-24,5,0,1.0000000000000002,1,1
2021-11-25,5,0,0.9999999999999999,1,1
2021-11-26,5,0,0.9999999999999998,1,1
2021-11-27,5,0,1.0000000000000002,1,1
2021-11-28,5,0,0.9999999999999998,1,1
2021-11-29,5,0,1.0,1,1
2021-11-30,5,0,0.9999999999999999,1,1
2021-12-01,5,0,1.0000000000000002,1,1
2021-12-02,5,0,0.9999999999999999,1,1
2021-12-03,5,0,1.0000000000000002,1,1
2021-12-04,5,0,1.0,1,1
2021-12-05,5,0,1.0,1,1
2021-12-06,5,0,1.0000000000000002,1,1
2021-12-07,5,0,0.9999999999999999,1,1
2021-12-08,5,0,1.0,1,1
2021-12-09,5,0,1.0,1,1
2021-12-10,5,0,1.0,1,1
2021-12-11,5,0,1.0,1,1
2021-12-12,5,0,0.9999999999999999,1,1
2021-12-13,5,0,0.9999999999999999,1,1
2021-12-14,5,0,1.0000000000000002,1,1
2021-12-15,5,0,1.0,1,1
2021-12-16,5,0,0.9999999999999997,1,1
2021-12-17,5,0,1.0,1,1
2021-12-18,5,0,1.0,1,1
2021-12-19,5,0,0.9999999999999997,1,1
2021-12-20,5,0,1.0000000000000004,1,1
2021-12-21,5,0,1.0000000000000002,1,1
2021-12-22,5,0,1.0,1,1
2021-12-23,5,0,0.9999999999999997,1,1
2021-12-24,5,0,1.0,1,1
2021-12-25,5,0,0.9999999999999998,1,1
2021-12-26,5,0,0.9999999999999997,1,1
2021-12-27,5,0,1.0,1,1
2021-12-28,5,0,0.9999999999999998,1,1
2021-12-29,5,0,1.0000000000000002,1,1
2021-12-30,5,0,0.9999999999999997,1,1
2021-12-31,5,0,1.0000000000000002,1,1
2022-01-01,5,0,0.9999999999999997,1,1
2022-01-02,5,0,0.9999999999999999,1,1
2022-01-03,5,0,1.0,1,1
2022-01-04,5,0,1.0,1,1
2022-01-05,5,0,1.0000000000000002,1,1
2022-01-06,5,0,0.9999999999999998,1,1
2022-01-07,5,1,0.9999999999999998,1,1
2022-01-08,5,1,1.0,1,1
2022-01-09,5,1,0.9999999999999998,1,1
2022-01-10,5,1,0.9999999999999997,1,1
2022-01-11,5,1,1.0,1,1
2022-01-12,5,0,1.0,1,1
2022-01-13,5,0,1.0000000000000002,1,1
2022-01-14,5,0,1.0000000000000002,1,1
2022-01-15,5,0,0.9999999999999999,1,1
2022-01-16,5,1,1.0,1,1
2022-01-17,5,1,0.9999999999999997,1,1
2022-01-18,5,0,1.0000000000000002,1,1
2022-01-19,5,0,1.0,1,1
2022-01-20,5,0,1.0,1,1
2022-01-21,5,1,1.0,1,1
2022-01-22,5,1,1.0,1,1
2022-01-23,5,1,0.9999999999999999,1,1
2022-01-24,5,1,0.9999999999999997,1,1
2022-01-25,5,1,0.9999999999999999,1,1
2022-01-26,5,1,1.0,1,1
2022-01-27,5,1,1.0,1,1
2022-01-28,5,0,0.9999999999999999,1,1
2022-01-29,5,1,1.0000000000000002,1,1
2022-01-30,5,1,1.0,1,1
2022-01-31,5,1,0.9999999999999999,1,1
2022-02-01,5,1,0.9999999999999998,1,1
2022-02-02,5,1,1.0000000000000002,1,1
2022-02-03,5,1,1.0000000000000002,1,1
2022-02-04,5,0,1.0,1,1
2022-02-05,5,0,1.0,1,1
2022-02-06,5,0,1.0,1,1
2022-02-07,5,0,1.0,1,1
2022-02-08,5,0,1.0,1,1
2022-02-09,5,0,0.9999999999999998,1,1
2022-02-10,5,0,1.0,1,1
2022-02-11,5,0,1.0,1,1
2022-02-12,5,0,0.9999999999999998,1,1
2022-02-13,5,0,0.9999999999999998,1,1
2022-02-14,5,0,1.0,1,1
2022-02-15,5,0,0.9999999999999999,1,1
2022-02-16,5,0,1.0,1,1
2022-02-17,5,1,0.9999999999999998,1,1
2022-02-18,5,1,1.0000000000000002,1,1
2022-02-19,5,1,1.0,1,1
2022-02-20,5,1,0.9999999999999999,1,1
2022-02-21,5,1,0.9999999999999998,1,1
2022-02-22,5,1,0.9999999999999999,1,1
2022-02-23,5,1,1.0,1,1
2022-02-24,5,1,1.0000000000000004,1,1
2022-02-25,5,1,0.9999999999999999,1,1
2022-02-26,5,1,0.9999999999999998,1,1
2022-02-27,5,1,1.0,1,1
2022-02-28,5,1,1.0,1,1
2022-03-01,5,1,1.0000000000000002,1,1
2022-03-02,5,1,0.9999999999999999,1,1
2022-03-03,5,1,1.0,1,1
2022-03-04,5,1,1.0,1,1
2022-03-05,5,1,1.0,1,1
2022-03-06,5,1,1.0,1,1
2022-03-07,5,1,0.9999999999999998,1,1
2022-03-08,5,1,1.0000000000000002,1,1
2022-03-09,5,1,1.0,1,1
2022-03-10,5,1,1.0,1,1
2022-03-11,5,1,1.0,1,1
2022-03-12,5,1,0.9999999999999997,1,1
2022-03-13,5,1,0.9999999999999999,1,1
2022-03-14,5,1,1.0,1,1
2022-03-15,5,1,1.0000000000000002,1,1
2022-03-16,5,0,0.9999999999999998,1,1
2022-03-17,5,0,1.0,1,1
2022-03-18,5,0,0.9999999999999998,1,1
2022-03-19,5,0,1.0,1,1
2022-03-20,5,1,1.0000000000000002,1,1
2022-03-21,5,1,1.0,1,1
2022-03-22,5,0,0.9999999999999999,1,1
2022-03-23,5,0,0.9999999999999998,1,1
2022-03-24,5,0,0.9999999999999999,1,1
2022-03-25,5,0,1.0,1,1
2022-03-26,5,0,0.9999999999999998,1,1
2022-03-27,5,0,1.0000000000000002,1,1
2022-03-28,5,0,1.0,1,1
2022-03-29,5,0,1.0,1,1
2022-03-30,5,0,0.9999999999999998,1,1
2022-03-31,5,0,1.0,1,1
2022-04-01,5,0,0.9999999999999999,1,1
2022-04-02,5,0,1.0,1,1
2022-04-03,5,0,0.9999999999999999,1,1
2022-04-04,5,0,0.9999999999999997,1,1
2022-04-05,5,0,1.0000000000000002,1,1
2022-04-06,5,0,1.0,1,1
2022-04-07,5,0,0.9999999999999998,1,1
2022-04-08,5,0,1.0000000000000002,1,1
2022-04-09,5,0,1.0000000000000002,1,1
2022-04-10,5,0,1.0000000000000002,1,1
2022-04-11,5,0,1.0,1,1
2022-04-12,5,0,0.9999999999999999,1,1
2022-04-13,5,0,0.9999999999999997,1,1
2022-04-14,5,0,1.0,1,1
2022-04-15,5,0,0.9999999999999999,1,1
2022-04-16,5,0,0.9999999999999999,1,1
2022-04-17,5,0,1.0,1,1
2022-04-18,5,0,0.9999999999999999,1,1
2022-04-19,5,0,0.9999999999999999,1,1
2022-04-20,5,0,0.9999999999999999,1,1
2022-04-21,5,0,1.0000000000000002,1,1
2022-04-22,5,0,0.9999999999999999,1,1
2022-04-23,5,0,0.9999999999999998,1,1
2022-04-24,5,0,1.0,1,1
2022-04-25,5,0,0.9999999999999998,1,1
2022-04-26,5,0,1.0,1,1
2022-04-27,5,0,1.0000000000000004,1,1
2022-04-28,5,0,0.9999999999999999,1,1
2022-04-29,5,0,0.9999999999999998,1,1
2022-04-30,5,0,0.9999999999999998,1,1
2022-05-01,5,0,0.9999999999999999,1,1
2022-05-02,5,0,0.9999999999999998,1,1
2022-05-03,5,0,0.9999999999999999,1,1
2022-05-04,5,0,1.0000000000000002,1,1
2022-05-05,5,0,0.9999999999999999,1,1
2022-05-06,5,0,1.0000000000000002,1,1
2022-05-07,5,0,0.9999999999999999,1,1
2022-05-08,5,0,0.9999999999999998,1,1
2022-05-09,5,0,1.0,1,1
2022-05-10,5,0,1.0,1,1
2022-05-11,5,1,0.9999999999999999,1,1
2022-05-12,5,0,1.0,1,1
2022-05-13,5,0,0.9999999999999998,1,1
2022-05-14,5,0,0.9999999999999999,1,1
2022-05-15,5,0,1.0,1,1
2022-05-16,5,0,0.9999999999999998,1,1
2022-05-17,5,0,1.0,1,1
2022-05-18,5,0,0.9999999999999999,1,1
2022-05-19,5,0,1.0,1,1
2022-05-20,5,0,1.0,1,1
2022-05-21,5,0,1.0,1,1
2022-05-22,5,0,1.0,1,1
2022-05-23,5,0,1.0,1,1
2022-05-24,5,0,1.0000000000000002,1,1
2022-05-25,5,0,0.9999999999999999,1,1
2022-05-26,5,0,1.0000000000000002,1,1
2022-05-27,5,0,1.0,1,1
2022-05-28,5,0,0.9999999999999999,1,1
2022-05-29,5,0,0.9999999999999999,1,1
2022-05-30,5,0,1.0,1,1
2022-05-31,5,0,1.0000000000000002,1,1
2022-06-01,5,0,1.0,1,1
2022-06-02,5,0,1.0,1,1
2022-06-03,5,0,0.9999999999999998,1,1
2022-06-04,5,0,0.9999999999999999,1,1
2022-06-05,5,0,0.9999999999999998,1,1
2022-06-06,5,0,1.0000000000000002,1,1
2022-06-07,5,0,1.0000000000000004,1,1
2022-06-08,5,0,1.0,1,1
2022-06-09,5,0,1.0,1,1
2022-06-10,5,0,1.0,1,1
2022-06-11,5,0,1.0,1,1
2022-06-12,5,0,1.0,1,1
2022-06-13,5,0,1.0,1,1
2022-06-14,5,0,1.0,1,1
2022-06-15,5,0,1.0,1,1
2022-06-16,5,1,1.0,1,1
2022-06-17,5,1,1.0,1,1
2022-06-18,5,1,1.0,1,1
2022-06-19,5,1,1.0,1,1
2022-06-20,5,1,1.0,1,1
2022-06-21,5,1,1.0,1,1
2022-06-22,5,1,0.9999999999999999,1,1
2022-06-23,5,1,1.0,1,1
2022-06-24,5,1,0.9999999999999998,1,1
2022-06-25,5,0,0.9999999999999998,1,1
2022-06-26,5,1,1.0,1,1
2022-06-27,5,1,1.0000000000000002,1,1
2022-06-28,5,1,0.9999999999999998,1,1
2022-06-29,5,1,1.0,1,1
2022-06-30,5,1,0.9999999999999998,1,1
2022-07-01,5,1,0.9999999999999998,1,1
2022-07-02,5,1,1.0,1,1
2022-07-03,5,1,0.9999999999999996,1,1
2022-07-04,5,1,0.9999999999999997,1,1
2022-07-05,5,1,1.0,1,1
2022-07-06,5,1,1.0,1,1
2022-07-07,5,1,1.0000000000000002,1,1
2022-07-08,5,1,1.0,1,1
2022-07-09,5,1,1.0,1,1
2022-07-10,5,1,1.0,1,1
2022-07-11,5,1,1.0,1,1
2022-07-12,5,1,1.0000000000000002,1,1
2022-07-13,6,1,1.0,1,1
2022-07-14,6,1,1.0,1,1
2022-07-15,6,1,1.0000000000000002,1,1
2022-07-16,6,1,1.0,1,1
2022-07-17,6,1,1.0000000000000004,1,1
2022-07-18,6,1,1.0000000000000002,1,1
2022-07-19,6,0,1.0,1,1
2022-07-20,6,0,1.0,1,1
2022-07-21,6,0,1.0000000000000002,1,1
2022-07-22,6,0,0.9999999999999998,1,1
2022-07-23,6,0,1.0000000000000004,1,1
2022-07-24,6,0,1.0,1,1
2022-07-25,6,1,1.0,1,1
2022-07-26,6,1,1.0,1,1
2022-07-27,6,0,0.9999999999999998,1,1
2022-07-28,6,0,1.0,1,1
2022-07-29,6,0,1.0,1,1
2022-07-30,6,0,0.9999999999999998,1,1
2022-07-31,6,0,0.9999999999999998,1,1
2022-08-01,6,0,1.0000000000000004,1,1
2022-08-02,6,0,1.0,1,1
2022-08-03,6,0,1.0,1,1
2022-08-04,6,0,1.0,1,1
2022-08-05,6,0,0.9999999999999999,1,1
2022-08-06,6,0,0.9999999999999998,1,1
2022-08-07,6,0,1.0000000000000002,1,1
2022-08-08,6,0,1.0,1,1
2022-08-09,6,0,1.0,1,1
2022-08-10,6,0,0.9999999999999998,1,1
2022-08-11,6,0,1.0000000000000002,1,1
2022-08-12,6,0,1.0,1,1
2022-08-13,6,0,1.0,1,1
2022-08-14,6,0,1.0000000000000002,1,1
2022-08-15,6,0,1.0,1,1
2022-08-16,6,0,1.0000000000000007,1,1
2022-08-17,6,0,1.0000000000000002,1,1
2022-08-18,6,0,0.9999999999999999,1,1
2022-08-19,6,0,1.0,1,1
2022-08-20,6,0,1.0,1,1
2022-08-21,6,0,1.0,1,1
2022-08-22,6,0,1.0,1,1
2022-08-23,6,0,1.0000000000000002,1,1
2022-08-24,6,0,1.0000000000000002,1,1
2022-08-25,6,0,1.0,1,1
2022-08-26,6,0,1.0,1,1
2022-08-27,6,0,0.9999999999999998,1,1
2022-08-28,6,0,1.0000000000000002,1,1
2022-08-29,6,0,1.0,1,1
2022-08-30,6,0,1.0,1,1
2022-08-31,6,0,0.9999999999999999,1,1
2022-09-01,6,0,1.0,1,1
2022-09-02,6,0,1.0,1,1
2022-09-03,6,0,1.0000000000000002,1,1
2022-09-04,6,1,1.0,1,1
2022-09-05,6,1,0.9999999999999999,1,1
2022-09-06,6,1,1.0,1,1
2022-09-07,6,1,1.0000000000000002,1,1
2022-09-08,6,1,0.9999999999999997,1,1
2022-09-09,6,0,0.9999999999999998,1,1
2022-09-10,6,0,1.0000000000000002,1,1
2022-09-11,6,0,0.9999999999999997,1,1
2022-09-12,6,0,1.0000000000000002,1,1
2022-09-13,6,0,1.0,1,1
2022-09-14,6,0,1.0000000000000004,1,1
2022-09-15,6,0,1.0000000000000002,1,1
2022-09-16,6,0,0.9999999999999997,1,1
2022-09-17,6,0,1.0000000000000002,1,1
2022-09-18,6,0,1.0000000000000002,1,1
2022-09-19,6,0,1.0,1,1
2022-09-20,6,1,1.0000000000000002,1,1
2022-09-21,6,1,0.9999999999999998,1,1
2022-09-22,6,0,1.0000000000000002,1,1
2022-09-23,6,1,0.9999999999999999,1,1
2022-09-24,6,1,0.9999999999999998,1,1
2022-09-25,6,1,1.0,1,1
2022-09-26,6,1,0.9999999999999998,1,1
2022-09-27,6,1,1.0000000000000002,1,1
2022-09-28,6,1,1.0000000000000002,1,1
2022-09-29,6,1,1.0000000000000007,1,1
2022-09-30,6,1,0.9999999999999998,1,1
2022-10-01,6,1,0.9999999999999997,1,1
2022-10-02,6,1,1.0,1,1
2022-10-03,6,1,0.9999999999999999,1,1
2022-10-04,6,0,0.9999999999999998,1,1
2022-10-05,6,1,1.0000000000000004,1,1
2022-10-06,6,1,1.0000000000000002,1,1
2022-10-07,6,1,0.9999999999999998,1,1
2022-10-08,6,1,1.0000000000000002,1,1
2022-10-09,6,0,0.9999999999999996,1,1
2022-10-10,6,0,0.9999999999999999,1,1
2022-10-11,6,0,1.0000000000000002,1,1
2022-10-12,6,0,1.0000000000000002,1,1
2022-10-13,6,0,0.9999999999999997,1,1
2022-10-14,6,0,1.0000000000000002,1,1
2022-10-15,6,0,0.9999999999999999,1,1
2022-10-16,6,0,1.0000000000000002,1,1
2022-10-17,6,0,1.0,1,1
2022-10-18,6,0,0.9999999999999998,1,1
2022-10-19,6,0,0.9999999999999998,1,1
2022-10-20,6,0,0.9999999999999996,1,1
2022-10-21,6,0,0.9999999999999997,1,1
2022-10-22,6,0,1.0000000000000002,1,1
2022-10-23,6,0,0.9999999999999999,1,1
2022-10-24,6,0,1.0000000000000004,1,1
2022-10-25,6,0,0.9999999999999997,1,1
2022-10-26,6,0,0.9999999999999999,1,1
2022-10-27,6,0,1.0000000000000002,1,1
2022-10-28,6,0,0.9999999999999999,1,1
2022-10-29,6,0,1.0,1,1
2022-10-30,6,0,1.0000000000000002,1,1
2022-10-31,6,0,0.9999999999999994,1,1
2022-11-01,6,0,0.9999999999999997,1,1
2022-11-02,6,0,1.0000000000000002,1,1
2022-11-03,6,0,0.9999999999999999,1,1
2022-11-04,6,0,1.0,1,1
2022-11-05,6,0,1.0,1,1
2022-11-06,6,0,0.9999999999999999,1,1
2022-11-07,6,0,0.9999999999999998,1,1
2022-11-08,6,0,0.9999999999999998,1,1
2022-11-09,6,1,1.0,1,1
2022-11-10,6,0,1.0,1,1
2022-11-11,6,1,1.0,1,1
2022-11-12,6,1,0.9999999999999999,1,1
2022-11-13,6,1,1.0,1,1
2022-11-14,6,1,1.0000000000000002,1,1
2022-11-15,6,1,1.0,1,1
2022-11-16,6,0,1.0000000000000002,1,1
2022-11-17,6,1,0.9999999999999997,1,1
2022-11-18,6,1,0.9999999999999999,1,1
2022-11-19,6,0,0.9999999999999999,1,1
2022-11-20,6,1,1.0000000000000002,1,1
2022-11-21,6,1,1.0,1,1
2022-11-22,6,1,1.0000000000000002,1,1
2022-11-23,6,1,1.0,1,1
2022-11-24,6,1,0.9999999999999998,1,1
2022-11-25,6,1,1.0000000000000002,1,1
2022-11-26,6,1,1.0000000000000002,1,1
2022-11-27,6,1,1.0,1,1
2022-11-28,6,1,1.0,1,1
2022-11-29,6,1,0.9999999999999999,1,1
2022-11-30,6,0,0.9999999999999998,1,1
2022-12-01,6,0,1.0000000000000002,1,1
2022-12-02,6,0,1.0,1,1
2022-12-03,6,0,1.0000000000000002,1,1
2022-12-04,6,0,1.0000000000000002,1,1
2022-12-05,6,0,0.9999999999999999,1,1
2022-12-06,6,0,1.0,1,1
2022-12-07,6,1,0.9999999999999997,1,1
2022-12-08,6,0,1.0000000000000002,1,1
2022-12-09,6,0,1.0,1,1
2022-12-10,6,1,1.0000000000000004,1,1
2022-12-11,6,1,1.0000000000000002,1,1
2022-12-12,6,1,0.9999999999999999,1,1
2022-12-13,6,1,1.0,1,1
2022-12-14,6,1,0.9999999999999998,1,1
2022-12-15,6,1,0.9999999999999998,1,1
2022-12-16,6,1,1.0,1,1
2022-12-17,6,1,1.0,1,1
2022-12-18,6,1,1.0,1,1
2022-12-19,6,1,0.9999999999999998,1,1
2022-12-20,6,1,1.0000000000000004,1,1
2022-12-21,6,1,1.0000000000000004,1,1
2022-12-22,6,1,1.0000000000000004,1,1
2022-12-23,6,1,0.9999999999999999,1,1
2022-12-24,6,1,1.0000000000000002,1,1
2022-12-25,6,1,0.9999999999999998,1,1
2022-12-26,6,1,1.0,1,1
2022-12-27,6,1,0.9999999999999999,1,1
2022-12-28,6,1,1.0000000000000002,1,1
2022-12-29,6,1,1.0000000000000002,1,1
2022-12-30,6,1,0.9999999999999998,1,1
2022-12-31,6,1,1.0,1,1
2023-01-01,6,1,0.9999999999999996,1,1
2023-01-02,6,1,1.0,1,1
2023-01-03,6,1,0.9999999999999998,1,1
2023-01-04,6,1,1.0000000000000002,1,1
2023-01-05,6,1,1.0000000000000002,1,1
2023-01-06,6,1,1.0000000000000002,1,1
2023-01-07,6,1,1.0000000000000002,1,1
2023-01-08,6,1,1.0000000000000002,1,1
2023-01-09,6,1,0.9999999999999999,1,1
2023-01-10,6,1,0.9999999999999998,1,1
2023-01-11,6,1,1.0,1,1
2023-01-12,6,1,1.0,1,1
2023-01-13,6,1,1.0,1,1
2023-01-14,6,1,1.0000000000000002,1,1
2023-01-15,6,1,1.0,1,1
2023-01-16,6,1,1.0,1,1
2023-01-17,6,1,1.0,1,1
2023-01-18,6,1,1.0,1,1
2023-01-19,6,1,0.9999999999999999,1,1
2023-01-20,6,1,1.0,1,1
2023-01-21,6,1,1.0,1,1
2023-01-22,6,1,1.0000000000000002,1,1
2023-01-23,6,1,0.9999999999999999,1,1
2023-01-24,6,1,0.9999999999999999,1,1
2023-01-25,6,1,1.0000000000000002,1,1
2023-01-26,6,1,1.0,1,1
2023-01-27,6,1,0.9999999999999998,1,1
2023-01-28,6,1,1.0000000000000002,1,1
2023-01-29,6,0,1.0,1,1
2023-01-30,6,1,1.0000000000000002,1,1
2023-01-31,6,1,1.0000000000000002,1,1
2023-02-01,6,0,1.0000000000000004,1,1
2023-02-02,6,0,1.0000000000000002,1,1
2023-02-03,6,0,1.0,1,1
2023-02-04,6,0,1.0000000000000002,1,1
2023-02-05,6,0,1.0000000000000002,1,1
2023-02-06,6,0,0.9999999999999997,1,1
2023-02-07,6,0,1.0000000000000002,1,1
2023-02-08,6,0,0.9999999999999999,1,1
2023-02-09,6,0,1.0000000000000002,1,1
2023-02-10,6,1,0.9999999999999999,1,1
2023-02-11,6,1,0.9999999999999999,1,1
2023-02-12,6,1,1.0,1,1
2023-02-13,6,1,1.0,1,1
2023-02-14,6,1,1.0,1,1
2023-02-15,6,1,1.0,1,1
2023-02-16,6,1,0.9999999999999999,1,1
2023-02-17,6,1,0.9999999999999999,1,1
2023-02-18,6,1,0.9999999999999998,1,1
2023-02-19,6,1,1.0,1,1
2023-02-20,6,1,1.0,1,1
2023-02-21,6,1,0.9999999999999999,1,1
2023-02-22,6,1,1.0000000000000002,1,1
2023-02-23,6,1,1.0000000000000002,1,1
2023-02-24,6,1,0.9999999999999999,1,1
2023-02-25,6,1,1.0,1,1
2023-02-26,6,1,1.0,1,1
2023-02-27,6,1,1.0000000000000002,1,1
2023-02-28,6,1,0.9999999999999998,1,1
2023-03-01,6,1,0.9999999999999997,1,1
2023-03-02,6,1,1.0,1,1
2023-03-03,6,1,0.9999999999999999,1,1
2023-03-04,6,1,1.0000000000000002,1,1
2023-03-05,6,1,0.9999999999999998,1,1
2023-03-06,6,1,0.9999999999999999,1,1
2023-03-07,6,1,0.9999999999999997,1,1
2023-03-08,6,1,0.9999999999999999,1,1
2023-03-09,6,1,1.0,1,1
2023-03-10,6,1,0.9999999999999998,1,1
2023-03-11,6,1,1.0000000000000002,1,1
2023-03-12,6,1,1.0,1,1
2023-03-13,6,1,0.9999999999999999,1,1
2023-03-14,6,1,1.0,1,1
2023-03-15,6,1,1.0,1,1
2023-03-16,6,1,0.9999999999999999,1,1
2023-03-17,6,1,1.0,1,1
2023-03-18,6,1,1.0,1,1
2023-03-19,6,1,1.0000000000000002,1,1
2023-03-20,6,1,1.0000000000000002,1,1
2023-03-21,6,1,0.9999999999999998,1,1
2023-03-22,6,0,1.0,1,1
2023-03-23,6,0,1.0000000000000002,1,1
2023-03-24,6,1,1.0,1,1
2023-03-25,6,1,1.0,1,1
2023-03-26,6,1,1.0,1,1
2023-03-27,6,1,1.0,1,1
2023-03-28,6,1,1.0,1,1
2023-03-29,6,1,0.9999999999999999,1,1
2023-03-30,6,1,0.9999999999999998,1,1
2023-03-31,6,1,0.9999999999999998,1,1
2023-04-01,6,0,1.0,1,1
2023-04-02,6,1,0.9999999999999999,1,1
2023-04-03,6,1,1.0,1,1
2023-04-04,6,1,0.9999999999999996,1,1
2023-04-05,6,1,1.0000000000000002,1,1
2023-04-06,6,1,1.0000000000000002,1,1
2023-04-07,6,1,1.0000000000000002,1,1
2023-04-08,6,0,1.0000000000000002,1,1
2023-04-09,6,0,1.0000000000000002,1,1
2023-04-10,6,0,1.0,1,1
2023-04-11,6,0,1.0000000000000002,1,1
2023-04-12,6,0,1.0000000000000002,1,1
2023-04-13,6,0,1.0000000000000004,1,1
2023-04-14,6,0,1.0,1,1
2023-04-15,6,0,1.0000000000000002,1,1
2023-04-16,6,0,1.0,1,1
2023-04-17,6,0,1.0,1,1
2023-04-18,6,0,1.0,1,1
2023-04-19,6,0,1.0000000000000002,1,1
2023-04-20,6,0,1.0,1,1
2023-04-21,6,0,1.0,1,1
2023-04-22,6,0,1.0,1,1
2023-04-23,6,0,1.0,1,1
2023-04-24,6,0,1.0,1,1
2023-04-25,6,0,1.0,1,1
2023-04-26,6,0,1.0000000000000002,1,1
2023-04-27,6,0,1.0000000000000002,1,1
2023-04-28,6,0,0.9999999999999998,1,1
2023-04-29,6,0,1.0000000000000004,1,1
2023-04-30,6,0,1.0,1,1
2023-05-01,6,0,1.0000000000000002,1,1
2023-05-02,6,0,1.0,1,1
2023-05-03,6,0,1.0,1,1
2023-05-04,6,0,1.0000000000000002,1,1
2023-05-05,6,0,0.9999999999999998,1,1
2023-05-06,6,0,1.0,1,1
2023-05-07,6,0,1.0000000000000002,1,1
2023-05-08,6,0,0.9999999999999999,1,1
2023-05-09,6,0,0.9999999999999998,1,1
2023-05-10,6,0,0.9999999999999999,1,1
2023-05-11,6,0,0.9999999999999999,1,1
2023-05-12,6,0,1.0,1,1
2023-05-13,6,0,1.0,1,1
2023-05-14,6,0,1.0000000000000004,1,1
2023-05-15,6,0,0.9999999999999997,1,1
2023-05-16,6,0,1.0,1,1
2023-05-17,6,0,1.0,1,1
2023-05-18,6,0,1.0,1,1
2023-05-19,6,0,1.0,1,1
2023-05-20,6,0,0.9999999999999999,1,1
2023-05-21,6,1,0.9999999999999998,1,1
2023-05-22,6,1,1.0000000000000004,1,1
2023-05-23,6,1,0.9999999999999999,1,1
2023-05-24,6,1,1.0000000000000002,1,1
2023-05-25,6,1,0.9999999999999999,1,1
2023-05-26,6,1,1.0,1,1
2023-05-27,6,1,0.9999999999999999,1,1
2023-05-28,6,1,1.0000000000000002,1,1
2023-05-29,6,1,0.9999999999999999,1,1
2023-05-30,6,1,1.0,1,1
2023-05-31,6,1,1.0,1,1
2023-06-01,6,1,1.0,1,1
2023-06-02,6,1,1.0,1,1
2023-06-03,6,1,0.9999999999999998,1,1
2023-06-04,6,1,1.0000000000000002,1,1
2023-06-05,6,1,1.0,1,1
2023-06-06,6,1,1.0,1,1
2023-06-07,6,1,0.9999999999999999,1,1
2023-06-08,6,1,1.0,1,1
2023-06-09,6,1,1.0000000000000002,1,1
2023-06-10,6,1,1.0,1,1
2023-06-11,6,1,1.0,1,1
2023-06-12,6,1,1.0,1,1
2023-06-13,6,1,0.9999999999999997,1,1
2023-06-14,6,1,1.0000000000000002,1,1
2023-06-15,6,1,0.9999999999999998,1,1
2023-06-16,6,1,0.9999999999999999,1,1
2023-06-17,6,1,1.0,1,1
2023-06-18,6,1,1.0,1,1
2023-06-19,6,1,1.0000000000000002,1,1
2023-06-20,6,1,1.0,1,1
2023-06-21,6,0,0.9999999999999998,1,1
2023-06-22,6,0,0.9999999999999999,1,1
2023-06-23,6,0,1.0000000000000002,1,1
2023-06-24,6,0,1.0,1,1
2023-06-25,6,0,0.9999999999999998,1,1
2023-06-26,6,0,0.9999999999999997,1,1
2023-06-27,6,0,1.0000000000000002,1,1
2023-06-28,6,0,1.0000000000000002,1,1
2023-06-29,6,0,1.0,1,1
2023-06-30,6,0,0.9999999999999998,1,1
2023-07-01,6,0,1.0000000000000002,1,1
2023-07-02,6,0,1.0,1,1
2023-07-03,6,0,1.0000000000000002,1,1
2023-07-04,6,0,0.9999999999999999,1,1
2023-07-05,6,0,1.0000000000000004,1,1
2023-07-06,6,0,1.0000000000000002,1,1
2023-07-07,6,0,1.0,1,1
2023-07-08,6,0,1.0,1,1
2023-07-09,6,0,1.0,1,1
2023-07-10,6,0,0.9999999999999997,1,1
2023-07-11,6,0,1.0000000000000002,1,1
2023-07-12,6,0,0.9999999999999999,1,1
2023-07-13,6,0,1.0000000000000002,1,1
2023-07-14,6,0,1.0000000000000002,1,1
2023-07-15,6,0,1.0,1,1
2023-07-16,6,0,1.0,1,1
2023-07-17,6,0,0.9999999999999997,1,1
2023-07-18,6,0,1.0000000000000002,1,1
2023-07-19,6,0,1.0,1,1
2023-07-20,6,0,0.9999999999999999,1,1
2023-07-21,6,0,0.9999999999999997,1,1
2023-07-22,6,0,0.9999999999999998,1,1
2023-07-23,6,0,0.9999999999999999,1,1
2023-07-24,6,0,0.9999999999999998,1,1
2023-07-25,6,0,1.0000000000000002,1,1
2023-07-26,6,0,1.0,1,1
2023-07-27,6,0,1.0,1,1
2023-07-28,6,0,1.0,1,1
2023-07-29,6,0,0.9999999999999998,1,1
2023-07-30,6,0,0.9999999999999997,1,1
2023-07-31,6,0,1.0000000000000002,1,1
2023-08-01,6,0,0.9999999999999998,1,1
2023-08-02,6,0,0.9999999999999999,1,1
2023-08-03,6,0,1.0,1,1
2023-08-04,6,0,1.0,1,1
2023-08-05,6,0,0.9999999999999999,1,1
2023-08-06,6,0,1.0000000000000007,1,1
2023-08-07,6,0,0.9999999999999998,1,1
2023-08-08,6,0,1.0000000000000002,1,1
2023-08-09,6,0,0.9999999999999998,1,1
2023-08-10,6,0,0.9999999999999996,1,1
2023-08-11,6,0,0.9999999999999999,1,1
2023-08-12,6,0,1.0,1,1
2023-08-13,6,0,1.0,1,1
2023-08-14,6,0,0.9999999999999999,1,1
2023-08-15,6,0,0.9999999999999998,1,1
2023-08-16,6,0,1.0000000000000002,1,1
2023-08-17,6,0,0.9999999999999998,1,1
2023-08-18,6,1,0.9999999999999998,1,1
2023-08-19,6,1,1.0000000000000002,1,1
2023-08-20,6,1,1.0000000000000002,1,1
2023-08-21,6,1,1.0000000000000004,1,1
2023-08-22,6,1,1.0,1,1
2023-08-23,6,1,0.9999999999999998,1,1
2023-08-24,6,1,0.9999999999999997,1,1
2023-08-25,6,1,1.0,1,1
2023-08-26,6,1,1.0,1,1
2023-08-27,6,1,0.9999999999999999,1,1
2023-08-28,6,1,1.0000000000000002,1,1
2023-08-29,6,0,1.0,1,1
2023-08-30,6,0,1.0,1,1
2023-08-31,6,1,0.9999999999999998,1,1
2023-09-01,6,1,1.0,1,1
2023-09-02,6,1,1.0,1,1
2023-09-03,6,1,1.0,1,1
2023-09-04,6,1,0.9999999999999998,1,1
2023-09-05,6,1,1.0000000000000004,1,1
2023-09-06,6,1,1.0,1,1
2023-09-07,6,1,0.9999999999999999,1,1
2023-09-08,6,1,1.0,1,1
2023-09-09,6,1,1.0000000000000002,1,1
2023-09-10,6,1,0.9999999999999996,1,1
2023-09-11,6,1,0.9999999999999997,1,1
2023-09-12,6,1,1.0,1,1
2023-09-13,6,1,0.9999999999999999,1,1
2023-09-14,6,1,1.0000000000000002,1,1
2023-09-15,6,1,1.0,1,1
2023-09-16,6,1,0.9999999999999999,1,1
2023-09-17,6,1,1.0,1,1
2023-09-18,6,1,1.0000000000000002,1,1
2023-09-19,6,1,1.0000000000000002,1,1
2023-09-20,6,1,0.9999999999999998,1,1
2023-09-21,6,1,0.9999999999999999,1,1
2023-09-22,6,1,0.9999999999999999,1,1
2023-09-23,6,1,0.9999999999999999,1,1
2023-09-24,6,1,1.0,1,1
2023-09-25,6,1,1.0,1,1
2023-09-26,6,1,0.9999999999999996,1,1
2023-09-27,6,1,1.0,1,1
2023-09-28,6,1,1.0,1,1
2023-09-29,6,1,1.0,1,1
2023-09-30,6,1,0.9999999999999999,1,1
2023-10-01,6,1,0.9999999999999998,1,1
2023-10-02,6,1,1.0,1,1
2023-10-03,6,1,0.9999999999999998,1,1
2023-10-04,6,1,1.0000000000000002,1,1
2023-10-05,6,1,0.9999999999999998,1,1
2023-10-06,6,1,1.0000000000000002,1,1
2023-10-07,6,1,1.0,1,1
2023-10-08,6,1,1.0000000000000002,1,1
2023-10-09,6,1,1.0000000000000002,1,1
2023-10-10,6,1,0.9999999999999999,1,1
2023-10-11,6,1,1.0,1,1
2023-10-12,6,1,1.0,1,1
2023-10-13,6,1,1.0,1,1
2023-10-14,6,1,1.0,1,1
2023-10-15,6,1,0.9999999999999999,1,1
2023-10-16,6,1,0.9999999999999999,1,1
2023-10-17,6,1,1.0,1,1
2023-10-18,6,1,1.0000000000000002,1,1
2023-10-19,6,1,1.0,1,1
2023-10-20,6,1,0.9999999999999998,1,1
2023-10-21,6,1,1.0,1,1
2023-10-22,6,1,1.0000000000000002,1,1
2023-10-23,6,1,0.9999999999999999,1,1
2023-10-24,6,1,1.0,1,1
2023-10-25,6,1,1.0,1,1
2023-10-26,6,1,1.0,1,1
2023-10-27,6,1,1.0000000000000002,1,1
2023-10-28,6,1,1.0,1,1
2023-10-29,6,1,1.0,1,1
2023-10-30,6,1,1.0,1,1
2023-10-31,7,1,0.9999999999999999,1,1
2023-11-01,7,1,1.0,1,1
2023-11-02,7,1,1.0,1,1
2023-11-03,7,1,1.0000000000000002,1,1
2023-11-04,7,1,1.0000000000000002,1,1
2023-11-05,7,1,1.0000000000000002,1,1
2023-11-06,7,1,1.0,1,1
2023-11-07,7,1,1.0000000000000002,1,1
2023-11-08,7,1,1.0,1,1
2023-11-09,7,1,1.0,1,1
2023-11-10,7,1,0.9999999999999998,1,1
2023-11-11,7,1,1.0,1,1
2023-11-12,7,1,1.0,1,1
2023-11-13,7,1,0.9999999999999999,1,1
2023-11-14,7,1,0.9999999999999999,1,1
2023-11-15,7,1,1.0,1,1
2023-11-16,7,1,0.9999999999999999,1,1
2023-11-17,7,1,0.9999999999999997,1,1
2023-11-18,7,1,1.0000000000000002,1,1
2023-11-19,7,1,0.9999999999999999,1,1
2023-11-20,7,1,1.0,1,1
2023-11-21,7,1,0.9999999999999999,1,1
2023-11-22,7,1,1.0000000000000002,1,1
2023-11-23,7,1,1.0000000000000002,1,1
2023-11-24,7,1,1.0000000000000002,1,1
2023-11-25,7,1,0.9999999999999997,1,1
2023-11-26,7,1,1.0000000000000002,1,1
2023-11-27,7,1,0.9999999999999999,1,1
2023-11-28,7,1,1.0000000000000002,1,1
2023-11-29,7,1,0.9999999999999998,1,1
2023-11-30,7,1,0.9999999999999999,1,1
2023-12-01,7,1,0.9999999999999998,1,1
2023-12-02,7,1,0.9999999999999999,1,1
2023-12-03,7,1,1.0,1,1
2023-12-04,7,1,1.0,1,1
2023-12-05,7,1,0.9999999999999999,1,1
2023-12-06,7,1,1.0,1,1
2023-12-07,7,1,1.0,1,1
2023-12-08,7,0,0.9999999999999997,1,1
2023-12-09,7,1,0.9999999999999999,1,1
2023-12-10,7,1,1.0,1,1
2023-12-11,7,1,1.0,1,1
2023-12-12,7,1,1.0000000000000002,1,1
2023-12-13,7,0,0.9999999999999998,1,1
2023-12-14,7,0,1.0000000000000002,1,1
2023-12-15,7,0,1.0,1,1
2023-12-16,7,1,1.0000000000000002,1,1
2023-12-17,7,1,1.0,1,1
2023-12-18,7,1,0.9999999999999999,1,1
2023-12-19,7,0,0.9999999999999999,1,1
2023-12-20,7,0,0.9999999999999999,1,1
2023-12-21,7,0,1.0,1,1
2023-12-22,7,0,1.0000000000000002,1,1
2023-12-23,7,0,1.0,1,1
2023-12-24,7,0,1.0,1,1
2023-12-25,7,0,1.0000000000000004,1,1
2023-12-26,7,0,1.0,1,1
2023-12-27,7,0,0.9999999999999999,1,1
2023-12-28,7,0,1.0000000000000002,1,1
2023-12-29,7,0,1.0,1,1
2023-12-30,7,1,1.0,1,1
2023-12-31,7,1,1.0000000000000002,1,1
2024-01-01,7,0,0.9999999999999999,1,1
2024-01-02,7,0,0.9999999999999997,1,1
2024-01-03,7,1,0.9999999999999999,1,1
2024-01-04,7,0,1.0000000000000002,1,1
2024-01-05,7,0,1.0000000000000004,1,1
2024-01-06,7,0,1.0000000000000002,1,1
2024-01-07,7,0,0.9999999999999997,1,1
2024-01-08,7,0,1.0,1,1
2024-01-09,7,0,1.0,1,1
2024-01-10,7,1,1.0000000000000002,1,1
2024-01-11,7,1,1.0,1,1
2024-01-12,7,1,0.9999999999999999,1,1
2024-01-13,7,1,0.9999999999999998,1,1
2024-01-14,7,1,0.9999999999999999,1,1
2024-01-15,7,1,1.0,1,1
2024-01-16,7,1,1.0,1,1
2024-01-17,7,1,1.0,1,1
2024-01-18,7,1,0.9999999999999999,1,1
2024-01-19,7,1,1.0000000000000002,1,1
2024-01-20,7,1,1.0,1,1
2024-01-21,7,1,0.9999999999999999,1,1
2024-01-22,7,1,0.9999999999999998,1,1
2024-01-23,7,1,0.9999999999999999,1,1
2024-01-24,7,1,1.0,1,1
2024-01-25,7,1,1.0,1,1
2024-01-26,7,1,1.0,1,1
2024-01-27,7,1,1.0,1,1
2024-01-28,7,1,1.0,1,1
2024-01-29,7,1,1.0,1,1
2024-01-30,7,1,1.0,1,1
2024-01-31,7,1,1.0000000000000004,1,1
2024-02-01,7,1,1.0000000000000002,1,1
2024-02-02,7,1,0.9999999999999999,1,1
2024-02-03,7,1,0.9999999999999998,1,1
2024-02-04,7,1,1.0000000000000002,1,1
2024-02-05,7,1,1.0000000000000002,1,1
2024-02-06,7,1,0.9999999999999999,1,1
2024-02-07,7,1,0.9999999999999999,1,1
2024-02-08,7,1,0.9999999999999999,1,1
2024-02-09,7,1,1.0000000000000002,1,1
2024-02-10,7,1,0.9999999999999999,1,1
2024-02-11,7,1,0.9999999999999996,1,1
2024-02-12,7,1,0.9999999999999999,1,1
2024-02-13,7,1,0.9999999999999997,1,1
2024-02-14,7,1,0.9999999999999998,1,1
2024-02-15,7,1,0.9999999999999999,1,1
2024-02-16,7,1,1.0000000000000002,1,1
2024-02-17,7,1,1.0000000000000004,1,1
2024-02-18,7,1,1.0,1,1
2024-02-19,7,1,0.9999999999999998,1,1
2024-02-20,7,1,0.9999999999999997,1,1
2024-02-21,7,1,1.0,1,1
2024-02-22,7,1,1.0,1,1
2024-02-23,7,1,1.0,1,1
2024-02-24,7,1,1.0,1,1
2024-02-25,7,1,1.0,1,1
2024-02-26,7,1,1.0,1,1
2024-02-27,7,1,1.0,1,1
2024-02-28,7,1,0.9999999999999999,1,1
2024-02-29,7,1,1.0000000000000002,1,1
2024-03-01,7,1,0.9999999999999999,1,1
2024-03-02,7,1,0.9999999999999999,1,1
2024-03-03,7,1,1.0,1,1
2024-03-04,7,0,1.0000000000000002,1,1
2024-03-05,7,1,0.9999999999999999,1,1
2024-03-06,7,1,1.0,1,1
2024-03-07,7,1,0.9999999999999999,1,1
2024-03-08,7,1,0.9999999999999999,1,1
2024-03-09,7,1,0.9999999999999999,1,1
2024-03-10,7,1,1.0000000000000002,1,1
2024-03-11,7,0,0.9999999999999998,1,1
2024-03-12,7,0,0.9999999999999998,1,1
2024-03-13,7,0,0.9999999999999999,1,1
2024-03-14,7,0,1.0,1,1
2024-03-15,7,0,0.9999999999999999,1,1
2024-03-16,7,0,1.0,1,1
2024-03-17,7,0,1.0,1,1
2024-03-18,7,0,0.9999999999999999,1,1
2024-03-19,7,1,0.9999999999999999,1,1
2024-03-20,7,0,1.0,1,1
2024-03-21,7,0,1.0,1,1
2024-03-22,7,1,1.0,1,1
2024-03-23,7,1,0.9999999999999998,1,1
2024-03-24,7,0,1.0,1,1
2024-03-25,7,0,1.0,1,1
2024-03-26,7,0,1.0,1,1
2024-03-27,7,0,0.9999999999999998,1,1
2024-03-28,7,0,1.0,1,1
2024-03-29,7,0,0.9999999999999998,1,1
2024-03-30,7,0,0.9999999999999998,1,1
2024-03-31,7,0,1.0,1,1
2024-04-01,7,0,0.9999999999999999,1,1
2024-04-02,7,0,0.9999999999999999,1,1
2024-04-03,7,0,0.9999999999999999,1,1
2024-04-04,7,0,1.0,1,1
2024-04-05,7,0,1.0,1,1
2024-04-06,7,0,1.0000000000000002,1,1
2024-04-07,7,0,0.9999999999999997,1,1
2024-04-08,7,0,1.0000000000000002,1,1
2024-04-09,7,0,0.9999999999999999,1,1
2024-04-10,7,0,1.0000000000000002,1,1
2024-04-11,7,0,1.0000000000000002,1,1
2024-04-12,7,0,1.0000000000000002,1,1
2024-04-13,7,0,1.0000000000000002,1,1
2024-04-14,7,0,1.0000000000000002,1,1
2024-04-15,7,1,0.9999999999999999,1,1
2024-04-16,7,1,1.0,1,1
2024-04-17,7,1,0.9999999999999999,1,1
2024-04-18,7,1,1.0,1,1
2024-04-19,7,1,1.0,1,1
2024-04-20,7,1,1.0,1,1
2024-04-21,7,1,1.0,1,1
2024-04-22,7,1,1.0,1,1
2024-04-23,7,1,1.0,1,1
2024-04-24,7,1,0.9999999999999999,1,1
2024-04-25,7,1,1.0,1,1
2024-04-26,7,1,0.9999999999999999,1,1
2024-04-27,7,1,1.0000000000000002,1,1
2024-04-28,7,1,1.0000000000000002,1,1
2024-04-29,7,1,1.0000000000000002,1,1
2024-04-30,7,1,1.0000000000000002,1,1
2024-05-01,7,1,0.9999999999999999,1,1
2024-05-02,7,1,1.0000000000000002,1,1
2024-05-03,7,1,1.0,1,1
2024-05-04,7,1,0.9999999999999999,1,1
2024-05-05,7,1,1.0,1,1
2024-05-06,7,1,0.9999999999999997,1,1
2024-05-07,7,1,1.0000000000000004,1,1
2024-05-08,7,1,1.0,1,1
2024-05-09,7,1,1.0000000000000002,1,1
2024-05-10,7,1,1.0000000000000002,1,1
2024-05-11,7,1,1.0000000000000002,1,1
2024-05-12,7,1,0.9999999999999999,1,1
2024-05-13,7,1,1.0,1,1
2024-05-14,7,1,1.0,1,1
2024-05-15,7,0,0.9999999999999999,1,1
2024-05-16,7,1,1.0,1,1
2024-05-17,7,0,1.0,1,1
2024-05-18,7,0,1.0,1,1
2024-05-19,7,0,1.0,1,1
2024-05-20,7,0,1.0000000000000002,1,1
2024-05-21,7,0,0.9999999999999998,1,1
2024-05-22,7,0,1.0,1,1
2024-05-23,7,0,0.9999999999999999,1,1
2024-05-24,7,0,0.9999999999999998,1,1
2024-05-25,7,0,1.0000000000000002,1,1
2024-05-26,7,0,1.0,1,1
2024-05-27,7,0,1.0,1,1
2024-05-28,7,0,0.9999999999999998,1,1
2024-05-29,7,0,0.9999999999999998,1,1
2024-05-30,7,0,1.0000000000000002,1,1
2024-05-31,7,0,1.0,1,1
2024-06-01,7,0,1.0,1,1
2024-06-02,7,0,1.0,1,1
2024-06-03,7,0,1.0000000000000002,1,1
2024-06-04,7,0,1.0,1,1
2024-06-05,7,0,0.9999999999999996,1,1
2024-06-06,7,0,1.0000000000000002,1,1
2024-06-07,7,0,0.9999999999999999,1,1
2024-06-08,7,0,0.9999999999999998,1,1
2024-06-09,7,0,1.0000000000000002,1,1
2024-06-10,7,0,1.0000000000000002,1,1
2024-06-11,7,0,0.9999999999999999,1,1
2024-06-12,7,0,1.0,1,1
2024-06-13,7,0,0.9999999999999998,1,1
2024-06-14,7,0,1.0,1,1
2024-06-15,7,0,1.0000000000000002,1,1
2024-06-16,7,0,1.0000000000000002,1,1
2024-06-17,7,0,1.0,1,1
2024-06-18,7,0,1.0,1,1
2024-06-19,7,1,0.9999999999999998,1,1
2024-06-20,7,1,1.0,1,1
2024-06-21,7,1,0.9999999999999999,1,1
2024-06-22,7,1,0.9999999999999999,1,1
2024-06-23,7,1,1.0,1,1
2024-06-24,7,1,1.0,1,1
2024-06-25,7,1,1.0,1,1
2024-06-26,7,1,0.9999999999999999,1,1
2024-06-27,7,1,0.9999999999999998,1,1
2024-06-28,7,1,1.0,1,1
2024-06-29,7,1,1.0000000000000002,1,1
2024-06-30,7,1,1.0,1,1
2024-07-01,7,1,1.0000000000000002,1,1
2024-07-02,7,1,1.0000000000000002,1,1
2024-07-03,7,1,1.0,1,1
2024-07-04,7,1,1.0000000000000002,1,1
2024-07-05,7,1,1.0,1,1
2024-07-06,7,0,0.9999999999999998,1,1
2024-07-07,7,1,1.0,1,1
2024-07-08,7,0,1.0000000000000002,1,1
2024-07-09,7,1,1.0,1,1
2024-07-10,7,1,1.0000000000000002,1,1
2024-07-11,7,1,1.0000000000000002,1,1
2024-07-12,7,1,1.0,1,1
2024-07-13,7,1,1.0000000000000002,1,1
2024-07-14,7,0,1.0000000000000002,1,1
2024-07-15,7,0,1.0,1,1
2024-07-16,7,0,1.0,1,1
2024-07-17,7,0,0.9999999999999999,1,1
2024-07-18,7,0,1.0,1,1
2024-07-19,7,0,1.0,1,1
2024-07-20,7,0,0.9999999999999997,1,1
2024-07-21,7,0,0.9999999999999998,1,1
2024-07-22,7,0,0.9999999999999999,1,1
2024-07-23,7,0,1.0000000000000002,1,1
2024-07-24,7,0,1.0,1,1
2024-07-25,7,0,1.0000000000000004,1,1
2024-07-26,7,0,1.0,1,1
2024-07-27,7,0,0.9999999999999997,1,1
2024-07-28,7,0,1.0,1,1
2024-07-29,7,0,1.0000000000000002,1,1
2024-07-30,7,0,0.9999999999999998,1,1
2024-07-31,7,0,0.9999999999999999,1,1
2024-08-01,7,0,0.9999999999999999,1,1
2024-08-02,7,0,1.0,1,1
2024-08-03,7,0,0.9999999999999999,1,1
2024-08-04,7,0,1.0,1,1
2024-08-05,7,1,1.0,1,1
2024-08-06,7,1,0.9999999999999999,1,1
2024-08-07,7,0,1.0000000000000002,1,1
2024-08-08,7,0,1.0,1,1
2024-08-09,7,0,0.9999999999999999,1,1
2024-08-10,7,0,1.0,1,1
2024-08-11,7,0,1.0,1,1
2024-08-12,7,0,1.0,1,1
2024-08-13,7,0,1.0,1,1
2024-08-14,7,1,0.9999999999999998,1,1
2024-08-15,7,1,0.9999999999999998,1,1
2024-08-16,7,1,1.0000000000000004,1,1
2024-08-17,7,0,1.0000000000000002,1,1
2024-08-18,7,1,0.9999999999999999,1,1
2024-08-19,7,1,0.9999999999999999,1,1
2024-08-20,7,1,0.9999999999999997,1,1
2024-08-21,7,1,1.0,1,1
2024-08-22,7,1,0.9999999999999998,1,1
2024-08-23,7,0,1.0,1,1
2024-08-24,7,0,1.0,1,1
2024-08-25,7,0,1.0000000000000002,1,1
2024-08-26,7,1,1.0,1,1
2024-08-27,7,1,1.0,1,1
2024-08-28,7,1,1.0,1,1
2024-08-29,7,1,0.9999999999999994,1,1
2024-08-30,7,1,0.9999999999999998,1,1
2024-08-31,7,1,1.0,1,1
2024-09-01,7,1,1.0,1,1
2024-09-02,7,1,1.0,1,1
2024-09-03,7,1,1.0000000000000004,1,1
2024-09-04,7,1,0.9999999999999999,1,1
2024-09-05,7,1,0.9999999999999999,1,1
2024-09-06,7,1,0.9999999999999998,1,1
2024-09-07,7,1,1.0,1,1
2024-09-08,7,1,0.9999999999999999,1,1
2024-09-09,7,1,1.0,1,1
2024-09-10,7,1,1.0000000000000004,1,1
2024-09-11,7,1,0.9999999999999998,1,1
2024-09-12,7,1,1.0,1,1
2024-09-13,7,1,1.0,1,1
2024-09-14,7,1,1.0000000000000002,1,1
2024-09-15,7,1,1.0,1,1
2024-09-16,7,1,0.9999999999999999,1,1
2024-09-17,7,1,1.0000000000000002,1,1
2024-09-18,7,1,1.0,1,1
2024-09-19,7,1,0.9999999999999999,1,1
2024-09-20,7,1,1.0000000000000004,1,1
2024-09-21,7,1,0.9999999999999999,1,1
2024-09-22,7,1,1.0,1,1
2024-09-23,7,1,0.9999999999999996,1,1
2024-09-24,7,1,0.9999999999999999,1,1
2024-09-25,7,1,1.0,1,1
2024-09-26,7,1,1.0000000000000002,1,1
2024-09-27,7,1,0.9999999999999996,1,1
2024-09-28,7,1,1.0,1,1
2024-09-29,7,1,1.0000000000000002,1,1
2024-09-30,7,1,0.9999999999999999,1,1
2024-10-01,7,1,1.0,1,1
2024-10-02,7,1,1.0,1,1
2024-10-03,7,1,1.0,1,1
2024-10-04,7,1,0.9999999999999998,1,1
2024-10-05,7,1,1.0,1,1
2024-10-06,7,1,1.0000000000000002,1,1
2024-10-07,7,1,1.0000000000000002,1,1
2024-10-08,7,1,0.9999999999999998,1,1
2024-10-09,7,1,0.9999999999999998,1,1
2024-10-10,7,1,1.0000000000000007,1,1
2024-10-11,7,1,0.9999999999999998,1,1
2024-10-12,7,1,1.0000000000000002,1,1
2024-10-13,7,1,0.9999999999999998,1,1
2024-10-14,7,1,1.0,1,1
2024-10-15,7,1,1.0,1,1
2024-10-16,7,1,1.0,1,1
2024-10-17,7,1,1.0,1,1
2024-10-18,7,1,1.0000000000000002,1,1
2024-10-19,7,1,1.0,1,1
2024-10-20,7,1,0.9999999999999998,1,1
2024-10-21,7,1,1.0000000000000002,1,1
2024-10-22,7,1,0.9999999999999998,1,1
2024-10-23,7,1,0.9999999999999998,1,1
2024-10-24,7,1,0.9999999999999999,1,1
2024-10-25,7,1,0.9999999999999998,1,1
2024-10-26,7,1,1.0000000000000002,1,1
2024-10-27,7,1,0.9999999999999999,1,1
2024-10-28,7,1,1.0000000000000002,1,1
2024-10-29,7,1,1.0000000000000002,1,1
2024-10-30,7,1,1.0,1,1
2024-10-31,7,1,0.9999999999999996,1,1
2024-11-01,7,1,1.0,1,1
2024-11-02,7,1,1.0000000000000002,1,1
2024-11-03,7,1,1.0000000000000002,1,1
2024-11-04,7,1,1.0,1,1
2024-11-05,7,1,0.9999999999999999,1,1
2024-11-06,7,1,1.0,1,1
2024-11-07,7,1,1.0,1,1
2024-11-08,7,1,1.0,1,1
2024-11-09,7,1,0.9999999999999998,1,1
2024-11-10,7,1,1.0,1,1
2024-11-11,7,1,1.0,1,1
2024-11-12,7,1,1.0,1,1
2024-11-13,7,1,0.9999999999999999,1,1
2024-11-14,7,1,1.0,1,1
2024-11-15,7,1,1.0000000000000002,1,1
2024-11-16,7,1,1.0,1,1
2024-11-17,7,1,0.9999999999999997,1,1
2024-11-18,7,1,0.9999999999999999,1,1
2024-11-19,7,1,1.0000000000000002,1,1
2024-11-20,7,1,1.0000000000000002,1,1
2024-11-21,7,0,1.0,1,1
2024-11-22,7,0,0.9999999999999998,1,1
2024-11-23,7,0,1.0000000000000002,1,1
2024-11-24,7,1,1.0000000000000002,1,1
2024-11-25,7,1,1.0000000000000002,1,1
2024-11-26,7,1,0.9999999999999998,1,1
2024-11-27,7,0,0.9999999999999997,1,1
2024-11-28,7,0,1.0,1,1
2024-11-29,7,0,0.9999999999999998,1,1
2024-11-30,7,0,0.9999999999999997,1,1
2024-12-01,7,0,1.0000000000000002,1,1
2024-12-02,7,0,1.0000000000000002,1,1
2024-12-03,7,1,1.0000000000000004,1,1
2024-12-04,7,0,0.9999999999999998,1,1
2024-12-05,7,1,0.9999999999999999,1,1
2024-12-06,7,0,1.0,1,1
2024-12-07,7,1,0.9999999999999999,1,1
2024-12-08,7,0,1.0000000000000002,1,1
2024-12-09,7,0,1.0,1,1
2024-12-10,7,0,1.0000000000000002,1,1
2024-12-11,7,0,1.0,1,1
2024-12-12,7,0,0.9999999999999998,1,1
2024-12-13,7,0,0.9999999999999999,1,1
2024-12-14,7,0,1.0000000000000002,1,1
2024-12-15,7,0,0.9999999999999997,1,1
2024-12-16,7,0,0.9999999999999999,1,1
2024-12-17,7,0,1.0000000000000002,1,1
2024-12-18,7,1,1.0,1,1
2024-12-19,7,1,1.0,1,1
2024-12-20,7,1,0.9999999999999999,1,1
2024-12-21,7,1,1.0,1,1
2024-12-22,7,1,1.0,1,1
2024-12-23,7,1,0.9999999999999999,1,1
2024-12-24,7,1,0.9999999999999999,1,1
2024-12-25,7,1,1.0000000000000004,1,1
2024-12-26,7,1,0.9999999999999998,1,1
2024-12-27,7,1,1.0,1,1
2024-12-28,7,1,1.0,1,1
2024-12-29,7,1,1.0,1,1
2024-12-30,7,1,1.0000000000000002,1,1
2024-12-31,7,1,1.0,1,1
2025-01-01,7,1,1.0000000000000002,1,1
2025-01-02,7,1,0.9999999999999998,1,1
2025-01-03,7,0,0.9999999999999999,1,1
2025-01-04,7,1,1.0000000000000002,1,1
2025-01-05,7,0,1.0,1,1
2025-01-06,7,0,1.0000000000000002,1,1
2025-01-07,7,0,1.0000000000000002,1,1
2025-01-08,7,1,1.0,1,1
2025-01-09,7,1,0.9999999999999999,1,1
2025-01-10,7,1,0.9999999999999999,1,1
2025-01-11,7,1,1.0000000000000002,1,1
2025-01-12,7,1,1.0,1,1
2025-01-13,7,1,1.0,1,1
2025-01-14,7,1,1.0000000000000002,1,1
2025-01-15,7,0,0.9999999999999999,1,1
2025-01-16,7,0,1.0,1,1
2025-01-17,7,0,1.0000000000000002,1,1
2025-01-18,7,0,1.0,1,1
2025-01-19,7,0,1.0,1,1
2025-01-20,7,0,0.9999999999999998,1,1
2025-01-21,7,0,0.9999999999999999,1,1
2025-01-22,7,0,1.0,1,1
2025-01-23,7,0,0.9999999999999999,1,1
2025-01-24,7,0,1.0000000000000002,1,1
2025-01-25,7,0,1.0000000000000004,1,1
2025-01-26,7,0,0.9999999999999998,1,1
2025-01-27,7,0,1.0,1,1
2025-01-28,7,0,1.0000000000000002,1,1
2025-01-29,7,0,1.0,1,1
2025-01-30,7,0,1.0000000000000002,1,1
2025-01-31,7,0,1.0,1,1
2025-02-01,7,0,0.9999999999999998,1,1
2025-02-02,7,0,0.9999999999999999,1,1
2025-02-03,7,0,0.9999999999999998,1,1
2025-02-04,7,0,1.0,1,1
2025-02-05,7,0,0.9999999999999997,1,1
2025-02-06,7,0,0.9999999999999998,1,1
2025-02-07,7,0,0.9999999999999998,1,1
2025-02-08,7,0,0.9999999999999998,1,1
2025-02-09,7,0,1.0000000000000002,1,1
2025-02-10,7,0,1.0,1,1
2025-02-11,7,0,1.0000000000000002,1,1
2025-02-12,7,0,0.9999999999999999,1,1
2025-02-13,7,0,1.0000000000000002,1,1
2025-02-14,7,0,1.0000000000000004,1,1
2025-02-15,7,0,0.9999999999999998,1,1
2025-02-16,7,0,1.0,1,1
2025-02-17,8,0,1.0,1,1
2025-02-18,8,0,0.9999999999999999,1,1
2025-02-19,8,0,0.9999999999999998,1,1
2025-02-20,8,0,0.9999999999999999,1,1
2025-02-21,8,0,1.0,1,1
2025-02-22,8,0,1.0,1,1
2025-02-23,8,0,0.9999999999999999,1,1
2025-02-24,8,0,1.0,1,1
2025-02-25,8,0,1.0,1,1
2025-02-26,8,1,1.0,1,1
2025-02-27,8,0,1.0,1,1
2025-02-28,8,0,0.9999999999999998,1,1
2025-03-01,8,0,0.9999999999999998,1,1
2025-03-02,8,0,1.0,1,1
2025-03-03,8,0,1.0,1,1
2025-03-04,8,0,1.0,1,1
2025-03-05,8,0,1.0,1,1
2025-03-06,8,0,1.0000000000000002,1,1
2025-03-07,8,0,1.0,1,1
2025-03-08,8,0,0.9999999999999997,1,1
2025-03-09,8,0,0.9999999999999999,1,1
2025-03-10,8,1,0.9999999999999998,1,1
2025-03-11,8,0,1.0,1,1
2025-03-12,8,0,0.9999999999999998,1,1
2025-03-13,8,1,1.0,1,1
2025-03-14,8,0,1.0,1,1
2025-03-15,8,1,1.0,1,1
2025-03-16,8,1,0.9999999999999999,1,1
2025-03-17,8,0,1.0,1,1
2025-03-18,8,1,0.9999999999999998,1,1
2025-03-19,8,0,1.0,1,1
2025-03-20,8,1,1.0000000000000002,1,1
2025-03-21,8,1,1.0000000000000002,1,1
2025-03-22,8,1,0.9999999999999998,1,1
2025-03-23,8,1,0.9999999999999999,1,1
2025-03-24,8,1,1.0000000000000002,1,1
2025-03-25,8,1,1.0,1,1
2025-03-26,8,1,1.0000000000000002,1,1
2025-03-27,8,1,0.9999999999999998,1,1
2025-03-28,8,1,1.0,1,1
2025-03-29,8,1,1.0000000000000004,1,1
2025-03-30,8,1,1.0,1,1
2025-03-31,8,1,0.9999999999999997,1,1
2025-04-01,8,1,0.9999999999999999,1,1
2025-04-02,8,1,1.0,1,1
2025-04-03,8,1,1.0000000000000002,1,1
2025-04-04,8,1,0.9999999999999997,1,1
2025-04-05,8,1,1.0,1,1
2025-04-06,8,1,0.9999999999999998,1,1
2025-04-07,8,1,1.0,1,1
2025-04-08,8,1,1.0,1,1
2025-04-09,8,1,1.0000000000000002,1,1
2025-04-10,8,1,1.0,1,1
2025-04-11,8,1,0.9999999999999998,1,1
2025-04-12,8,1,1.0,1,1
2025-04-13,8,1,0.9999999999999998,1,1
2025-04-14,8,1,0.9999999999999998,1,1
2025-04-15,8,1,1.0000000000000002,1,1
2025-04-16,8,1,0.9999999999999999,1,1
2025-04-17,8,1,0.9999999999999998,1,1
2025-04-18,8,1,1.0,1,1
2025-04-19,8,1,1.0,1,1
2025-04-20,8,1,1.0000000000000002,1,1
2025-04-21,8,1,1.0,1,1
2025-04-22,8,1,1.0,1,1
2025-04-23,8,1,0.9999999999999999,1,1
2025-04-24,8,1,0.9999999999999998,1,1
2025-04-25,8,1,0.9999999999999997,1,1
2025-04-26,8,1,1.0,1,1
2025-04-27,8,1,1.0,1,1
2025-04-28,8,1,0.9999999999999998,1,1
2025-04-29,8,1,0.9999999999999998,1,1
2025-04-30,8,1,0.9999999999999998,1,1
2025-05-01,8,1,0.9999999999999999,1,1
2025-05-02,8,1,1.0,1,1
2025-05-03,8,1,1.0,1,1
2025-05-04,8,1,1.0000000000000002,1,1
2025-05-05,8,1,1.0000000000000002,1,1
2025-05-06,8,1,1.0,1,1
2025-05-07,8,1,1.0000000000000002,1,1
2025-05-08,8,1,1.0000000000000002,1,1
2025-05-09,8,1,1.0000000000000002,1,1
2025-05-10,8,1,0.9999999999999999,1,1
2025-05-11,8,1,1.0000000000000002,1,1
2025-05-12,8,1,0.9999999999999998,1,1
2025-05-13,8,1,1.0,1,1
2025-05-14,8,1,1.0000000000000002,1,1
2025-05-15,8,1,0.9999999999999998,1,1
2025-05-16,8,1,1.0,1,1
2025-05-17,8,1,0.9999999999999997,1,1
2025-05-18,8,0,1.0000000000000002,1,1
2025-05-19,8,0,1.0,1,1
2025-05-20,8,0,1.0000000000000002,1,1
2025-05-21,8,0,1.0000000000000002,1,1
2025-05-22,8,0,0.9999999999999999,1,1
2025-05-23,8,0,0.9999999999999999,1,1
2025-05-24,8,0,1.0,1,1
2025-05-25,8,0,1.0000000000000002,1,1
2025-05-26,8,0,1.0000000000000002,1,1
2025-05-27,8,0,0.9999999999999998,1,1
2025-05-28,8,0,0.9999999999999999,1,1
2025-05-29,8,1,1.0,1,1
2025-05-30,8,1,1.0,1,1
2025-05-31,8,1,0.9999999999999999,1,1
2025-06-01,8,1,1.0000000000000002,1,1
2025-06-02,8,1,1.0,1,1
2025-06-03,8,1,0.9999999999999999,1,1
2025-06-04,8,1,1.0,1,1
2025-06-05,8,1,1.0000000000000002,1,1
2025-06-06,8,1,0.9999999999999999,1,1
2025-06-07,8,1,1.0,1,1
2025-06-08,8,1,0.9999999999999999,1,1
2025-06-09,8,1,1.0,1,1
2025-06-10,8,1,0.9999999999999999,1,1
2025-06-11,8,1,1.0000000000000002,1,1
2025-06-12,8,1,1.0,1,1
2025-06-13,8,1,0.9999999999999999,1,1
2025-06-14,8,1,1.0,1,1
2025-06-15,8,1,1.0,1,1
2025-06-16,8,1,1.0,1,1
2025-06-17,8,1,1.0,1,1
2025-06-18,8,1,1.0000000000000002,1,1
2025-06-19,8,1,1.0,1,1
2025-06-20,8,1,1.0000000000000002,1,1
2025-06-21,8,1,1.0,1,1
2025-06-22,8,1,1.0,1,1
2025-06-23,8,1,0.9999999999999999,1,1
2025-06-24,8,1,0.9999999999999999,1,1
2025-06-25,8,1,1.0000000000000002,1,1
2025-06-26,8,1,1.0,1,1
2025-06-27,8,1,0.9999999999999996,1,1
2025-06-28,8,1,0.9999999999999997,1,1
2025-06-29,8,1,0.9999999999999997,1,1
2025-06-30,8,1,0.9999999999999999,1,1
2025-07-01,8,1,1.0000000000000002,1,1
2025-07-02,8,1,1.0000000000000002,1,1
2025-07-03,8,1,1.0000000000000002,1,1
2025-07-04,8,1,1.0,1,1
2025-07-05,8,1,1.0000000000000004,1,1
2025-07-06,8,1,0.9999999999999999,1,1
2025-07-07,8,1,1.0,1,1
2025-07-08,8,1,1.0,1,1
2025-07-09,8,1,1.0000000000000002,1,1
2025-07-10,8,1,0.9999999999999999,1,1
2025-07-11,8,1,1.0,1,1
2025-07-12,8,1,0.9999999999999999,1,1
2025-07-13,8,1,1.0000000000000002,1,1
2025-07-14,8,1,1.0,1,1
2025-07-15,8,1,0.9999999999999996,1,1
2025-07-16,8,0,0.9999999999999999,1,1
2025-07-17,8,0,1.0,1,1
2025-07-18,8,0,0.9999999999999999,1,1
2025-07-19,8,0,0.9999999999999999,1,1
2025-07-20,8,0,1.0,1,1
2025-07-21,8,0,0.9999999999999999,1,1
2025-07-22,8,0,0.9999999999999999,1,1
2025-07-23,8,0,0.9999999999999997,1,1
2025-07-24,8,0,1.0000000000000002,1,1
2025-07-25,8,0,1.0,1,1
2025-07-26,8,0,0.9999999999999999,1,1
2025-07-27,8,0,0.9999999999999999,1,1
2025-07-28,8,0,1.0,1,1
2025-07-29,8,0,1.0,1,1
2025-07-30,8,0,1.0,1,1
2025-07-31,8,0,0.9999999999999999,1,1
2025-08-01,8,0,1.0,1,1
2025-08-02,8,0,1.0,1,1
2025-08-03,8,0,0.9999999999999999,1,1
2025-08-04,8,0,0.9999999999999999,1,1
2025-08-05,8,0,0.9999999999999998,1,1
2025-08-06,8,0,1.0,1,1
2025-08-07,8,0,0.9999999999999997,1,1
2025-08-08,8,0,0.9999999999999999,1,1
2025-08-09,8,0,0.9999999999999999,1,1
2025-08-10,8,0,0.9999999999999998,1,1
2025-08-11,8,0,0.9999999999999999,1,1
2025-08-12,8,0,1.0,1,1
2025-08-13,8,0,1.0,1,1
2025-08-14,8,0,1.0,1,1
2025-08-15,8,0,1.0,1,1
2025-08-16,8,0,1.0000000000000002,1,1
2025-08-17,8,0,1.0000000000000002,1,1
2025-08-18,8,1,1.0000000000000002,1,1
2025-08-19,8,1,0.9999999999999999,1,1
2025-08-20,8,1,1.0000000000000002,1,1
2025-08-21,8,1,0.9999999999999997,1,1
2025-08-22,8,0,1.0,1,1
2025-08-23,8,0,0.9999999999999999,1,1
2025-08-24,8,0,1.0,1,1
2025-08-25,8,1,1.0,1,1
2025-08-26,8,0,0.9999999999999998,1,1
2025-08-27,8,0,1.0,1,1
2025-08-28,8,0,0.9999999999999998,1,1
2025-08-29,8,1,1.0,1,1
2025-08-30,8,1,1.0000000000000002,1,1
2025-08-31,8,1,0.9999999999999999,1,1
2025-09-01,8,1,0.9999999999999998,1,1
2025-09-02,8,1,1.0,1,1
2025-09-03,8,1,0.9999999999999999,1,1
2025-09-04,8,1,0.9999999999999999,1,1
2025-09-05,8,1,1.0000000000000002,1,1
2025-09-06,8,1,1.0000000000000002,1,1
2025-09-07,8,1,0.9999999999999999,1,1
2025-09-08,8,1,1.0,1,1
2025-09-09,8,1,1.0000000000000002,1,1
2025-09-10,8,0,1.0,1,1
2025-09-11,8,0,1.0000000000000004,1,1
2025-09-12,8,0,1.0,1,1
2025-09-13,8,0,1.0000000000000002,1,1
2025-09-14,8,0,1.0,1,1
2025-09-15,8,0,1.0000000000000002,1,1
2025-09-16,8,0,1.0,1,1
2025-09-17,8,0,1.0,1,1
2025-09-18,8,0,1.0,1,1
2025-09-19,8,0,1.0000000000000002,1,1
2025-09-20,8,0,0.9999999999999996,1,1
2025-09-21,8,0,1.0,1,1
2025-09-22,8,0,1.0000000000000002,1,1
2025-09-23,8,0,1.0,1,1
2025-09-24,8,0,1.0000000000000004,1,1
2025-09-25,8,1,1.0000000000000002,1,1
2025-09-26,8,1,1.0000000000000002,1,1
2025-09-27,8,1,1.0,1,1
2025-09-28,8,1,1.0,1,1
2025-09-29,8,0,1.0,1,1
2025-09-30,8,0,1.0000000000000002,1,1
2025-10-01,8,0,0.9999999999999999,1,1
2025-10-02,8,0,0.9999999999999999,1,1
2025-10-03,8,0,1.0000000000000002,1,1
2025-10-04,8,0,1.0000000000000002,1,1
2025-10-05,8,0,0.9999999999999999,1,1
2025-10-06,8,0,1.0,1,1
2025-10-07,8,0,1.0,1,1
2025-10-08,8,0,1.0,1,1
2025-10-09,8,0,0.9999999999999998,1,1
2025-10-10,8,0,1.0,1,1
2025-10-11,8,0,1.0,1,1
2025-10-12,8,0,0.9999999999999998,1,1
2025-10-13,8,0,0.9999999999999999,1,1
2025-10-14,8,0,1.0,1,1
2025-10-15,8,0,1.0,1,1
2025-10-16,8,0,1.0000000000000002,1,1
2025-10-17,8,0,1.0,1,1
2025-10-18,8,0,0.9999999999999999,1,1
2025-10-19,8,0,1.0,1,1
2025-10-20,8,0,0.9999999999999999,1,1
2025-10-21,8,0,1.0,1,1
2025-10-22,8,0,1.0000000000000002,1,1
2025-10-23,8,0,1.0000000000000002,1,1
2025-10-24,8,0,1.0000000000000002,1,1
2025-10-25,8,0,0.9999999999999998,1,1
2025-10-26,8,0,0.9999999999999998,1,1
2025-10-27,8,0,1.0,1,1
2025-10-28,8,0,1.0,1,1
2025-10-29,8,0,0.9999999999999998,1,1
2025-10-30,8,0,1.0000000000000002,1,1
2025-10-31,8,0,1.0000000000000002,1,1
2025-11-01,8,0,0.9999999999999998,1,1
2025-11-02,8,0,1.0000000000000002,1,1
2025-11-03,8,0,0.9999999999999999,1,1
2025-11-04,8,0,1.0,1,1
2025-11-05,8,0,1.0,1,1
2025-11-06,8,0,0.9999999999999998,1,1
2025-11-07,8,0,0.9999999999999998,1,1
2025-11-08,8,0,1.0,1,1
2025-11-09,8,0,0.9999999999999999,1,1
2025-11-10,8,0,0.9999999999999999,1,1
2025-11-11,8,0,1.0,1,1
2025-11-12,8,0,0.9999999999999998,1,1
2025-11-13,8,0,1.0,1,1
2025-11-14,8,0,1.0,1,1
2025-11-15,8,0,0.9999999999999999,1,1
2025-11-16,8,0,0.9999999999999994,1,1
2025-11-17,8,0,0.9999999999999999,1,1
2025-11-18,8,0,1.0000000000000002,1,1
2025-11-19,8,0,1.0000000000000002,1,1
2025-11-20,8,1,0.9999999999999999,1,1
2025-11-21,8,1,1.0,1,1
2025-11-22,8,1,1.0,1,1
2025-11-23,8,1,1.0,1,1
2025-11-24,8,0,1.0000000000000004,1,1
2025-11-25,8,0,1.0,1,1
2025-11-26,8,0,0.9999999999999999,1,1
2025-11-27,8,0,1.0000000000000002,1,1
2025-11-28,8,0,0.9999999999999999,1,1
2025-11-29,8,0,0.9999999999999998,1,1
2025-11-30,8,0,1.0,1,1
2025-12-01,8,1,1.0,1,1
2025-12-02,8,0,1.0,1,1
2025-12-03,8,0,1.0000000000000002,1,1
2025-12-04,8,0,0.9999999999999998,1,1
2025-12-05,8,1,1.0000000000000002,1,1
2025-12-06,8,1,1.0000000000000002,1,1
2025-12-07,8,1,1.0,1,1
2025-12-08,8,1,0.9999999999999999,1,1
2025-12-09,8,0,1.0000000000000002,1,1
2025-12-10,8,0,1.0000000000000002,1,1
2025-12-11,8,0,1.0,1,1
2025-12-12,8,1,0.9999999999999998,1,1
2025-12-13,8,1,1.0000000000000002,1,1
2025-12-14,8,1,1.0000000000000002,1,1
2025-12-15,8,1,1.0000000000000002,1,1
2025-12-16,8,1,0.9999999999999997,1,1
2025-12-17,8,1,1.0000000000000002,1,1
2025-12-18,8,1,1.0000000000000004,1,1
2025-12-19,8,1,0.9999999999999997,1,1
2025-12-20,8,1,1.0000000000000002,1,1
2025-12-21,8,0,1.0000000000000002,1,1
2025-12-22,8,1,1.0000000000000002,1,1
2025-12-23,8,1,1.0,1,1
2025-12-24,8,1,1.0,1,1
2025-12-25,8,1,0.9999999999999998,1,1
2025-12-26,8,0,0.9999999999999998,1,1
2025-12-27,8,1,0.9999999999999999,1,1
2025-12-28,8,1,1.0000000000000004,1,1
2025-12-29,8,1,0.9999999999999999,1,1
2025-12-30,8,0,1.0000000000000002,1,1
2025-12-31,8,0,1.0,1,1
2026-01-01,8,0,0.9999999999999999,1,1
2026-01-02,8,0,1.0,1,1
2026-01-03,8,0,1.0000000000000002,1,1
2026-01-04,8,0,0.9999999999999998,1,1
2026-01-05,8,0,1.0,1,1
2026-01-06,8,0,1.0,1,1
2026-01-07,8,0,0.9999999999999999,1,1
2026-01-08,8,0,1.0,1,1
2026-01-09,8,0,1.0,1,1
2026-01-10,8,0,1.0000000000000002,1,1
2026-01-11,8,0,0.9999999999999999,1,1
2026-01-12,8,0,1.0000000000000002,1,1
2026-01-13,8,0,1.0,1,1
2026-01-14,8,0,1.0000000000000002,1,1
2026-01-15,8,0,0.9999999999999999,1,1
2026-01-16,8,0,0.9999999999999999,1,1
2026-01-17,8,0,1.0,1,1
2026-01-18,8,0,0.9999999999999998,1,1
2026-01-19,8,0,1.0,1,1
2026-01-20,8,0,1.0,1,1
2026-01-21,8,0,0.9999999999999998,1,1
2026-01-22,8,0,1.0000000000000002,1,1
2026-01-23,8,0,0.9999999999999998,1,1
2026-01-24,8,0,0.9999999999999998,1,1
2026-01-25,8,0,1.0000000000000002,1,1
2026-01-26,8,0,1.0,1,1
2026-01-27,8,0,1.0000000000000002,1,1
2026-01-28,8,0,1.0000000000000002,1,1
2026-01-29,8,0,1.0000000000000002,1,1
2026-01-30,8,0,1.0,1,1
2026-01-31,8,0,1.0,1,1
2026-02-01,8,0,0.9999999999999998,1,1
2026-02-02,8,0,1.0000000000000002,1,1
2026-02-03,8,0,0.9999999999999997,1,1
2026-02-04,8,0,1.0000000000000002,1,1
2026-02-05,8,1,1.0000000000000002,1,1
2026-02-06,8,0,1.0,1,1
2026-02-07,8,0,1.0,1,1
2026-02-08,8,0,1.0,1,1
2026-02-09,8,1,0.9999999999999999,1,1
2026-02-10,8,1,1.0,1,1
2026-02-11,8,1,1.0000000000000002,1,1
2026-02-12,8,1,1.0,1,1
2026-02-13,8,1,1.0,1,1
2026-02-14,8,1,1.0,1,1
2026-02-15,8,1,0.9999999999999996,1,1
2026-02-16,8,1,1.0,1,1
2026-02-17,8,1,1.0,1,1
2026-02-18,8,1,1.0000000000000004,1,1
2026-02-19,8,1,0.9999999999999999,1,1
2026-02-20,8,0,1.0,1,1
2026-02-21,8,1,0.9999999999999998,1,1
2026-02-22,8,1,0.9999999999999999,1,1
2026-02-23,8,1,1.0000000000000002,1,1
2026-02-24,8,1,1.0000000000000002,1,1
2026-02-25,8,0,1.0,1,1
2026-02-26,8,0,0.9999999999999999,1,1
2026-02-27,8,1,1.0000000000000002,1,1
2026-02-28,8,0,0.9999999999999999,1,1
2026-03-01,8,1,1.0000000000000002,1,1
2026-03-02,8,0,0.9999999999999998,1,1
2026-03-03,8,0,1.0000000000000002,1,1
2026-03-04,8,0,1.0,1,1
2026-03-05,8,0,1.0,1,1
2026-03-06,8,1,1.0000000000000002,1,1
2026-03-07,8,1,1.0,1,1
2026-03-08,8,1,0.9999999999999998,1,1
2026-03-09,8,1,0.9999999999999998,1,1
2026-03-10,8,1,0.9999999999999999,1,1
2026-03-11,8,1,0.9999999999999998,1,1
2026-03-12,8,1,1.0,1,1
2026-03-13,8,0,1.0000000000000002,1,1
2026-03-14,8,1,1.0000000000000002,1,1
2026-03-15,8,1,1.0,1,1
2026-03-16,8,0,1.0,1,1
2026-03-17,8,1,1.0,1,1
2026-03-18,8,1,1.0,1,1
2026-03-19,8,1,1.0,1,1
2026-03-20,8,1,1.0000000000000002,1,1
2026-03-21,8,1,1.0000000000000002,1,1
2026-03-22,8,1,0.9999999999999999,1,1
2026-03-23,8,1,1.0,1,1
2026-03-24,8,1,0.9999999999999998,1,1
2026-03-25,8,1,0.9999999999999999,1,1
2026-03-26,8,1,1.0000000000000002,1,1
2026-03-27,8,1,0.9999999999999999,1,1
2026-03-28,8,1,1.0,1,1
2026-03-29,8,1,0.9999999999999998,1,1
2026-03-30,8,1,1.0,1,1
2026-03-31,8,1,0.9999999999999997,1,1
2026-04-01,8,1,1.0000000000000002,1,1
2026-04-02,8,1,0.9999999999999998,1,1
2026-04-03,8,1,1.0,1,1
2026-04-04,8,1,0.9999999999999996,1,1
2026-04-05,8,1,1.0,1,1
2026-04-06,8,1,1.0000000000000002,1,1
2026-04-07,8,1,0.9999999999999999,1,1
2026-04-08,8,1,0.9999999999999999,1,1
2026-04-09,8,1,0.9999999999999999,1,1
2026-04-10,8,1,0.9999999999999997,1,1
2026-04-11,8,1,1.0000000000000004,1,1
2026-04-12,8,1,0.9999999999999998,1,1
2026-04-13,8,1,0.9999999999999998,1,1
2026-04-14,8,1,1.0000000000000002,1,1
2026-04-15,8,1,0.9999999999999999,1,1
2026-04-16,8,1,1.0000000000000002,1,1
2026-04-17,8,1,1.0000000000000002,1,1
2026-04-18,8,1,0.9999999999999999,1,1
2026-04-19,8,1,1.0,1,1
2026-04-20,8,1,0.9999999999999999,1,1
2026-04-21,8,1,0.9999999999999998,1,1
2026-04-22,8,0,1.0,1,1
2026-04-23,8,0,1.0,1,1
2026-04-24,8,0,1.0000000000000004,1,1
2026-04-25,8,0,1.0,1,1
2026-04-26,8,0,0.9999999999999997,1,1
2026-04-27,8,0,1.0,1,1
2026-04-28,8,0,1.0000000000000004,1,1
2026-04-29,8,0,0.9999999999999998,1,1
2026-04-30,8,0,0.9999999999999996,1,1
2026-05-01,8,0,0.9999999999999998,1,1
2026-05-02,8,0,1.0,1,1
2026-05-03,8,0,1.0000000000000002,1,1
2026-05-04,8,0,0.9999999999999998,1,1
2026-05-05,8,0,1.0000000000000002,1,1
2026-05-06,8,0,1.0,1,1
2026-05-07,8,0,0.9999999999999999,1,1
2026-05-08,8,0,1.0,1,1
2026-05-09,8,0,1.0,1,1
2026-05-10,8,0,0.9999999999999999,1,1
2026-05-11,8,0,1.0000000000000002,1,1
2026-05-12,8,0,0.9999999999999999,1,1
2026-05-13,8,0,0.9999999999999998,1,1
2026-05-14,8,0,0.9999999999999999,1,1
2026-05-15,8,0,1.0,1,1
2026-05-16,8,0,1.0,1,1
2026-05-17,8,0,1.0000000000000002,1,1
2026-05-18,8,0,1.0,1,1
2026-05-19,8,0,1.0,1,1
2026-05-20,8,0,0.9999999999999998,1,1
2026-05-21,8,0,1.0,1,1
2026-05-22,8,0,1.0,1,1
2026-05-23,8,0,1.0000000000000002,1,1
2026-05-24,8,0,0.9999999999999998,1,1
2026-05-25,8,0,0.9999999999999998,1,1
2026-05-26,8,0,1.0,1,1
2026-05-27,8,0,1.0000000000000002,1,1
2026-05-28,8,0,0.9999999999999999,1,1
2026-05-29,8,0,1.0,1,1
2026-05-30,8,0,1.0,1,1
2026-05-31,8,0,0.9999999999999998,1,1
2026-06-01,8,0,1.0,1,1
2026-06-02,8,0,1.0,1,1
2026-06-03,8,0,1.0,1,1
2026-06-04,8,0,1.0000000000000002,1,1
2026-06-05,8,1,1.0,1,1
2026-06-06,8,1,1.0,1,1
