date,fold,actual,proba_up,pred,always_up_pred
2016-02-17,1,1,0.5142421702070185,1,1
2016-02-18,1,0,0.5146090218918437,1,1
2016-02-19,1,1,0.5148379293310323,1,1
2016-02-20,1,1,0.5129318847626894,1,1
2016-02-21,1,0,0.5141811938820012,1,1
2016-02-22,1,0,0.5147048652731541,1,1
2016-02-23,1,1,0.5129419243505275,1,1
2016-02-24,1,0,0.5142174629955828,1,1
2016-02-25,1,1,0.5147068078918792,1,1
2016-02-26,1,1,0.5146658941391793,1,1
2016-02-27,1,1,0.514873528594628,1,1
2016-02-28,1,1,0.5149585263949508,1,1
2016-02-29,1,0,0.5150095913599225,1,1
2016-03-01,1,0,0.5151038469398479,1,1
2016-03-02,1,0,0.5145235989443452,1,1
2016-03-03,1,0,0.5149311198567735,1,1
2016-03-04,1,0,0.5145073518494286,1,1
2016-03-05,1,1,0.5145223210392927,1,1
2016-03-06,1,1,0.5147789895066754,1,1
2016-03-07,1,0,0.514846906105088,1,1
2016-03-08,1,1,0.5149317838745681,1,1
2016-03-09,1,1,0.5149606787022274,1,1
2016-03-10,1,1,0.5151530863414502,1,1
2016-03-11,1,0,0.5152475604942427,1,1
2016-03-12,1,1,0.5147318961783001,1,1
2016-03-13,1,1,0.514888292607748,1,1
2016-03-14,1,1,0.5149343539417001,1,1
2016-03-15,1,1,0.5149784426185658,1,1
2016-03-16,1,1,0.5149742348966037,1,1
2016-03-17,1,0,0.5149416614399348,1,1
2016-03-18,1,1,0.5143574539317196,1,1
2016-03-19,1,1,0.5147652145534753,1,1
2016-03-20,1,0,0.5148663165863665,1,1
2016-03-21,1,1,0.5149324023918245,1,1
2016-03-22,1,0,0.5149155644870889,1,1
2016-03-23,1,0,0.5149545202995481,1,1
2016-03-24,1,1,0.5149574199075421,1,1
2016-03-25,1,1,0.5149691742120708,1,1
2016-03-26,1,1,0.5149711717280229,1,1
2016-03-27,1,0,0.5147096683457177,1,1
2016-03-28,1,0,0.5148736497947838,1,1
2016-03-29,1,0,0.5147328082347867,1,1
2016-03-30,1,1,0.5148827277267368,1,1
2016-03-31,1,1,0.5149358331341704,1,1
2016-04-01,1,1,0.5150140351541413,1,1
2016-04-02,1,1,0.5150128245543605,1,1
2016-04-03,1,1,0.5149860085243666,1,1
2016-04-04,1,1,0.5149995300086339,1,1
2016-04-05,1,0,0.5149690369556841,1,1
2016-04-06,1,0,0.5150353492314128,1,1
2016-04-07,1,0,0.5149913427090943,1,1
2016-04-08,1,0,0.5149961364572985,1,1
2016-04-09,1,1,0.5149771065348526,1,1
2016-04-10,1,1,0.5149660579872426,1,1
2016-04-11,1,1,0.5149748282979532,1,1
2016-04-12,1,0,0.5149653899138928,1,1
2016-04-13,1,1,0.5149704323232184,1,1
2016-04-14,1,1,0.5149781146005729,1,1
2016-04-15,1,1,0.5149013790226528,1,1
2016-04-16,1,0,0.5152095681481833,1,1
2016-04-17,1,1,0.5150268675094188,1,1
2016-04-18,1,1,0.5151423686348678,1,1
2016-04-19,1,1,0.5149368937685037,1,1
2016-04-20,1,1,0.5151020341180798,1,1
2016-04-21,1,0,0.5148956449844639,1,1
2016-04-22,1,1,0.5149366225552193,1,1
2016-04-23,1,1,0.514915512010146,1,1
2016-04-24,1,1,0.514760422755873,1,1
2016-04-25,1,1,0.5150389590714797,1,1
2016-04-26,1,0,0.5149999250930294,1,1
2016-04-27,1,1,0.5113529402253569,1,1
2016-04-28,1,1,0.5134520822369226,1,1
2016-04-29,1,0,0.5142243784082274,1,1
2016-04-30,1,1,0.5145164539680928,1,1
2016-05-01,1,0,0.5148358696287796,1,1
2016-05-02,1,1,0.5147489740515209,1,1
2016-05-03,1,0,0.5148165356254328,1,1
2016-05-04,1,1,0.5153028219463077,1,1
2016-05-05,1,1,0.5150766472498469,1,1
2016-05-06,1,0,0.515237080142857,1,1
2016-05-07,1,1,0.5150596783971335,1,1
2016-05-08,1,1,0.5150049173463777,1,1
2016-05-09,1,0,0.5149922862328433,1,1
2016-05-10,1,1,0.5148139042273011,1,1
2016-05-11,1,1,0.5149230219994015,1,1
2016-05-12,1,1,0.5149506926946537,1,1
2016-05-13,1,1,0.5149836425183529,1,1
2016-05-14,1,1,0.5149755362451316,1,1
2016-05-15,1,0,0.5149690054273521,1,1
2016-05-16,1,0,0.5149361139428763,1,1
2016-05-17,1,1,0.5149632942772249,1,1
2016-05-18,1,0,0.514971259682157,1,1
2016-05-19,1,1,0.5138758302645903,1,1
2016-05-20,1,1,0.5146348567256314,1,1
2016-05-21,1,0,0.5148566092774592,1,1
2016-05-22,1,1,0.5148974425066716,1,1
2016-05-23,1,1,0.5148884626931145,1,1
2016-05-24,1,1,0.5149386635811828,1,1
2016-05-25,1,1,0.5149331027768634,1,1
2016-05-26,1,1,0.5149444714095947,1,1
2016-05-27,1,1,0.512094728602686,1,1
2016-05-28,1,0,0.5078074309670525,1,1
2016-05-29,1,1,0.5103575314604372,1,1
2016-05-30,1,0,0.5125425899988868,1,1
2016-05-31,1,1,0.5139174893270994,1,1
2016-06-01,1,1,0.5144890789814847,1,1
2016-06-02,1,1,0.5148181545993968,1,1
2016-06-03,1,1,0.5081704782725766,1,1
2016-06-04,1,1,0.5115997321006558,1,1
2016-06-05,1,1,0.5135940030459769,1,1
2016-06-06,1,0,0.5140130690874307,1,1
2016-06-07,1,1,0.5145973758302874,1,1
2016-06-08,1,0,0.5148925491152775,1,1
2016-06-09,1,1,0.5148555252539195,1,1
2016-06-10,1,1,0.5149578974606241,1,1
2016-06-11,1,1,0.5106159673282562,1,1
2016-06-12,1,1,0.5077132715986009,1,1
2016-06-13,1,0,0.5081416164355317,1,1
2016-06-14,1,1,0.5091778939201363,1,1
2016-06-15,1,1,0.5113527250486212,1,1
2016-06-16,1,0,0.49920898103747685,0,1
2016-06-17,1,1,0.5059252375012181,1,1
2016-06-18,1,1,0.5101923980710203,1,1
2016-06-19,1,0,0.5126785426790785,1,1
2016-06-20,1,0,0.5111480554435183,1,1
2016-06-21,1,0,0.5021548457377946,1,1
2016-06-22,1,1,0.5004833056048665,1,1
2016-06-23,1,1,0.5037710675909589,1,1
2016-06-24,1,0,0.5044523635865236,1,1
2016-06-25,1,0,0.5094120192483955,1,1
2016-06-26,1,1,0.5077451203200622,1,1
2016-06-27,1,0,0.5084965630140698,1,1
2016-06-28,1,0,0.512001726875554,1,1
2016-06-29,1,1,0.5137842295299854,1,1
2016-06-30,1,1,0.5090892381834704,1,1
2016-07-01,1,1,0.5120451031128347,1,1
2016-07-02,1,0,0.5103631291509708,1,1
2016-07-03,1,1,0.5072318417400987,1,1
2016-07-04,1,0,0.5082845810136957,1,1
2016-07-05,1,1,0.5100289431345038,1,1
2016-07-06,1,0,0.512761628904031,1,1
2016-07-07,1,1,0.5081889273462237,1,1
2016-07-08,1,0,0.5083333605676293,1,1
2016-07-09,1,0,0.5096673625696522,1,1
2016-07-10,1,0,0.5122582795096892,1,1
2016-07-11,1,1,0.5137774088215051,1,1
2016-07-12,1,0,0.5135953437777326,1,1
2016-07-13,1,1,0.5142950834987721,1,1
2016-07-14,1,1,0.5147265101729696,1,1
2016-07-15,1,0,0.5148606558081158,1,1
2016-07-16,1,1,0.5149355105659218,1,1
2016-07-17,1,0,0.5143193938396332,1,1
2016-07-18,1,0,0.5146535857861521,1,1
2016-07-19,1,0,0.5148759268160548,1,1
2016-07-20,1,0,0.5148723183618835,1,1
2016-07-21,1,0,0.5149452676213562,1,1
2016-07-22,1,1,0.5147173740460103,1,1
2016-07-23,1,1,0.5149067829854034,1,1
2016-07-24,1,0,0.5149380524456992,1,1
2016-07-25,1,0,0.5148929735166408,1,1
2016-07-26,1,1,0.5149628814322207,1,1
2016-07-27,1,1,0.5149655095821051,1,1
2016-07-28,1,1,0.5150811141983465,1,1
2016-07-29,1,0,0.5150106683496808,1,1
2016-07-30,1,0,0.5149805817125831,1,1
2016-07-31,1,0,0.512567054556715,1,1
2016-08-01,1,0,0.5139320163776574,1,1
2016-08-02,1,1,0.5078679671538662,1,1
2016-08-03,1,1,0.5089927577894142,1,1
2016-08-04,1,0,0.5118599367662804,1,1
2016-08-05,1,1,0.5134932293337795,1,1
2016-08-06,1,1,0.5138112452752117,1,1
2016-08-07,1,0,0.5144883599553604,1,1
2016-08-08,1,0,0.514782064312004,1,1
2016-08-09,1,1,0.514880403264779,1,1
2016-08-10,1,0,0.5150335624705804,1,1
2016-08-11,1,0,0.5149780991277862,1,1
2016-08-12,1,0,0.5149772612044495,1,1
2016-08-13,1,0,0.5149678072563446,1,1
2016-08-14,1,0,0.5144669847956681,1,1
2016-08-15,1,1,0.5147946878480382,1,1
2016-08-16,1,0,0.5147820886637884,1,1
2016-08-17,1,1,0.5148740029459093,1,1
2016-08-18,1,1,0.5149376651057176,1,1
2016-08-19,1,1,0.5149623037517249,1,1
2016-08-20,1,0,0.5149214137503726,1,1
2016-08-21,1,1,0.5149668504385648,1,1
2016-08-22,1,0,0.5149381598754198,1,1
2016-08-23,1,0,0.5149650926973531,1,1
2016-08-24,1,0,0.5149613499267344,1,1
2016-08-25,1,1,0.5149627893457053,1,1
2016-08-26,1,0,0.5149753907883695,1,1
2016-08-27,1,1,0.5148073039859328,1,1
2016-08-28,1,1,0.5149149367644013,1,1
2016-08-29,1,1,0.5149598802949187,1,1
2016-08-30,1,0,0.51495506200266,1,1
2016-08-31,1,0,0.5150915986890039,1,1
2016-09-01,1,1,0.5149968904928057,1,1
2016-09-02,1,1,0.5149717031816992,1,1
2016-09-03,1,1,0.5130788696020878,1,1
2016-09-04,1,0,0.5139078951961334,1,1
2016-09-05,1,1,0.5147018537827471,1,1
2016-09-06,1,1,0.5148789989512285,1,1
2016-09-07,1,1,0.5149308409878205,1,1
2016-09-08,1,0,0.5147398653160576,1,1
2016-09-09,1,1,0.5148681034303911,1,1
2016-09-10,1,0,0.5149514569679716,1,1
2016-09-11,1,1,0.5145797994474475,1,1
2016-09-12,1,1,0.5149106095434622,1,1
2016-09-13,1,1,0.5150230529167031,1,1
2016-09-14,1,0,0.5149984779588589,1,1
2016-09-15,1,0,0.5149633076180704,1,1
2016-09-16,1,0,0.5150054184529069,1,1
2016-09-17,1,1,0.514990604013496,1,1
2016-09-18,1,0,0.514982565441051,1,1
2016-09-19,1,0,0.5151481321512498,1,1
2016-09-20,1,0,0.5150433916756725,1,1
2016-09-21,1,0,0.5148320450701845,1,1
2016-09-22,1,1,0.5150051189293139,1,1
2016-09-23,1,0,0.5150058388722978,1,1
2016-09-24,1,0,0.5149880787241056,1,1
2016-09-25,1,1,0.514993354840131,1,1
2016-09-26,1,0,0.5149439936376825,1,1
2016-09-27,1,0,0.5150484054538057,1,1
2016-09-28,1,1,0.5150260465936698,1,1
2016-09-29,1,1,0.5149927697945734,1,1
2016-09-30,1,1,0.5149886418297608,1,1
2016-10-01,1,0,0.5149790916281042,1,1
2016-10-02,1,1,0.5149592974828232,1,1
2016-10-03,1,0,0.5149673829043131,1,1
2016-10-04,1,1,0.5149713535975481,1,1
2016-10-05,1,1,0.5149919265134419,1,1
2016-10-06,1,1,0.5150277365358232,1,1
2016-10-07,1,1,0.5149744447096973,1,1
2016-10-08,1,0,0.515003808828725,1,1
2016-10-09,1,1,0.5149838327672915,1,1
2016-10-10,1,1,0.5149820824856932,1,1
2016-10-11,1,0,0.5137167337575027,1,1
2016-10-12,1,1,0.5147994207224624,1,1
2016-10-13,1,1,0.5149813484606031,1,1
2016-10-14,1,0,0.5149628759853534,1,1
2016-10-15,1,1,0.5150984166214148,1,1
2016-10-16,1,0,0.5150093795207815,1,1
2016-10-17,1,0,0.5149831717020412,1,1
2016-10-18,1,0,0.5149987243995122,1,1
2016-10-19,1,1,0.5149066236771817,1,1
2016-10-20,1,1,0.5149803359002817,1,1
2016-10-21,1,1,0.515076327506163,1,1
2016-10-22,1,0,0.5133535776961377,1,1
2016-10-23,1,0,0.5145146782487282,1,1
2016-10-24,1,1,0.5150068334438841,1,1
2016-10-25,1,1,0.5150419190315042,1,1
2016-10-26,1,1,0.5147038402943716,1,1
2016-10-27,1,1,0.5148707986322738,1,1
2016-10-28,1,1,0.5150484731066406,1,1
2016-10-29,1,0,0.5137163286375154,1,1
2016-10-30,1,0,0.5140724295400183,1,1
2016-10-31,1,1,0.5146392045788736,1,1
2016-11-01,1,1,0.5121554643704648,1,1
2016-11-02,1,0,0.5133793940393829,1,1
2016-11-03,1,1,0.5051588245055341,1,1
2016-11-04,1,1,0.5093447442751253,1,1
2016-11-05,1,1,0.5125623027863562,1,1
2016-11-06,1,0,0.5137744086242287,1,1
2016-11-07,1,1,0.5143596932636781,1,1
2016-11-08,1,1,0.5147044204667186,1,1
2016-11-09,1,0,0.5146289412063048,1,1
2016-11-10,1,1,0.5147527818151635,1,1
2016-11-11,1,0,0.5149847545492633,1,1
2016-11-12,1,0,0.5148147147987886,1,1
2016-11-13,1,1,0.5149064638977174,1,1
2016-11-14,1,1,0.5149491104689373,1,1
2016-11-15,1,1,0.5149400450622047,1,1
2016-11-16,1,0,0.5116581539136402,1,1
2016-11-17,1,1,0.5139094081097374,1,1
2016-11-18,1,1,0.5144448359637233,1,1
2016-11-19,1,0,0.5148389013452389,1,1
2016-11-20,1,1,0.5141836468025499,1,1
2016-11-21,1,1,0.5146404703667895,1,1
2016-11-22,1,0,0.5146675058135861,1,1
2016-11-23,1,0,0.5148333104037993,1,1
2016-11-24,1,1,0.5150662265124906,1,1
2016-11-25,1,0,0.5150797709734758,1,1
2016-11-26,1,0,0.5149683933721194,1,1
2016-11-27,1,1,0.5149648012046144,1,1
2016-11-28,1,0,0.515054052735815,1,1
2016-11-29,1,1,0.5149999081792136,1,1
2016-11-30,1,1,0.5149002330181999,1,1
2016-12-01,1,1,0.5148493252751454,1,1
2016-12-02,1,0,0.5142776021439848,1,1
2016-12-03,1,1,0.5146675364360972,1,1
2016-12-04,1,0,0.5148566048906836,1,1
2016-12-05,1,1,0.5146643150811424,1,1
2016-12-06,1,1,0.514843903446617,1,1
2016-12-07,1,1,0.514940224141799,1,1
2016-12-08,1,1,0.514976724035565,1,1
2016-12-09,1,1,0.5150285598749895,1,1
2016-12-10,1,0,0.5149981718245532,1,1
2016-12-11,1,1,0.5149626744100929,1,1
2016-12-12,1,1,0.5149347053108855,1,1
2016-12-13,1,1,0.5149688538212875,1,1
2016-12-14,1,0,0.5149715469343789,1,1
2016-12-15,1,1,0.5149642063469663,1,1
2016-12-16,1,1,0.5149457397683577,1,1
2016-12-17,1,0,0.5149960087823148,1,1
2016-12-18,1,1,0.5149810546081538,1,1
2016-12-19,1,1,0.5149780650811382,1,1
2016-12-20,1,1,0.5149721335991286,1,1
2016-12-21,1,1,0.5136409511498434,1,1
2016-12-22,1,1,0.5132895854219339,1,1
2016-12-23,1,0,0.5062313569136917,1,1
2016-12-24,1,0,0.5094267256077107,1,1
2016-12-25,1,1,0.512327226906579,1,1
2016-12-26,1,1,0.5136555172635667,1,1
2016-12-27,1,1,0.513369715030692,1,1
2016-12-28,1,0,0.5098064114741097,1,1
2016-12-29,1,0,0.51313637380919,1,1
2016-12-30,1,1,0.5141636525208786,1,1
2016-12-31,1,1,0.5147896761534594,1,1
2017-01-01,1,1,0.513398178900845,1,1
2017-01-02,1,1,0.5136739112087347,1,1
2017-01-03,1,1,0.5142290935726155,1,1
2017-01-04,1,0,0.5078618536998898,1,1
2017-01-05,1,0,0.5077930580955083,1,1
2017-01-06,1,1,0.5078685669095044,1,1
2017-01-07,1,1,0.5103870562213972,1,1
2017-01-08,1,0,0.5126483674505425,1,1
2017-01-09,1,1,0.5138475830911707,1,1
2017-01-10,1,0,0.5145905304092048,1,1
2017-01-11,1,1,0.49675792162259785,0,1
2017-01-12,1,1,0.5036552913863861,1,1
2017-01-13,1,0,0.508866671310807,1,1
2017-01-14,1,1,0.5121067573972801,1,1
2017-01-15,1,1,0.5137513614083093,1,1
2017-01-16,1,1,0.5144197683126344,1,1
2017-01-17,1,0,0.5054465353255098,1,1
2017-01-18,1,1,0.5086389901276964,1,1
2017-01-19,1,0,0.511291578768783,1,1
2017-01-20,1,1,0.5132225841582623,1,1
2017-01-21,1,1,0.5128147904449155,1,1
2017-01-22,1,0,0.5141197423629119,1,1
2017-01-23,1,0,0.5146404147701135,1,1
2017-01-24,1,1,0.513765789594415,1,1
2017-01-25,1,1,0.5146874118245626,1,1
2017-01-26,1,1,0.5146755563663485,1,1
2017-01-27,1,1,0.5148688791291195,1,1
2017-01-28,1,0,0.5149461796048841,1,1
2017-01-29,1,1,0.5149583149755397,1,1
2017-01-30,1,1,0.5149707190767189,1,1
2017-01-31,1,1,0.5093286871465961,1,1
2017-02-01,1,1,0.5114481625685086,1,1
2017-02-02,1,1,0.5122843229094514,1,1
2017-02-03,1,1,0.5132287653585599,1,1
2017-02-04,1,0,0.5141244687515812,1,1
2017-02-05,1,1,0.514401342675572,1,1
2017-02-06,1,1,0.5146984802830473,1,1
2017-02-07,1,1,0.5144779087219975,1,1
2017-02-08,1,0,0.5148205835884245,1,1
2017-02-09,1,0,0.5032205467941132,1,1
2017-02-10,1,1,0.5109684410697171,1,1
2017-02-11,1,0,0.5130359590116863,1,1
2017-02-12,1,0,0.51415774208247,1,1
2017-02-13,1,1,0.5146334323923605,1,1
2017-02-14,1,1,0.5147186563609508,1,1
2017-02-15,1,1,0.5148791855838695,1,1
2017-02-16,1,1,0.5147269555976605,1,1
2017-02-17,1,1,0.5147110731701725,1,1
2017-02-18,1,0,0.5148500817632886,1,1
2017-02-19,1,1,0.5151255007947986,1,1
2017-02-20,1,1,0.5143120490273025,1,1
2017-02-21,1,1,0.5133254125761282,1,1
2017-02-22,1,1,0.51437513897027,1,1
2017-02-23,1,1,0.5110449526764177,1,1
2017-02-24,1,0,0.5131134706437785,1,1
2017-02-25,1,1,0.5132569568382789,1,1
2017-02-26,1,1,0.513981667811872,1,1
2017-02-27,1,0,0.514450759762003,1,1
2017-02-28,1,1,0.5148273480977723,1,1
2017-03-01,1,1,0.5134336814799945,1,1
2017-03-02,1,1,0.5137461833126162,1,1
2017-03-03,1,0,0.5141321393554825,1,1
2017-03-04,1,1,0.5150957205986061,1,1
2017-03-05,1,1,0.5149838326386181,1,1
2017-03-06,1,0,0.5149835101588844,1,1
2017-03-07,1,0,0.513127456187832,1,1
2017-03-08,1,1,0.5060984663135599,1,1
2017-03-09,1,0,0.5083780055828907,1,1
2017-03-10,1,1,0.5074466991122951,1,1
2017-03-11,1,1,0.5076122160305447,1,1
2017-03-12,1,1,0.5083616997454654,1,1
2017-03-13,1,1,0.5114567391863672,1,1
2017-03-14,1,1,0.5133230673217317,1,1
2017-03-15,1,0,0.5142495771487703,1,1
2017-03-16,1,0,0.5107274507849152,1,1
2017-03-17,1,0,0.49916522747748965,0,1
2017-03-18,1,1,0.4967451070469923,0,1
2017-03-19,1,1,0.5035552530625175,1,1
2017-03-20,1,1,0.5087737078935937,1,1
2017-03-21,1,0,0.5066165288340562,1,1
2017-03-22,1,0,0.5076305325280943,1,1
2017-03-23,1,0,0.5101489043071077,1,1
2017-03-24,1,1,0.5054173382764193,1,1
2017-03-25,1,0,0.5075893099973308,1,1
2017-03-26,1,1,0.5108839962309933,1,1
2017-03-27,1,1,0.506183115282186,1,1
2017-03-28,1,0,0.51001113864824,1,1
2017-03-29,1,0,0.5127198823290134,1,1
2017-03-30,1,1,0.5136882934405026,1,1
2017-03-31,1,1,0.5104830538192633,1,1
2017-04-01,1,1,0.5131898578790501,1,1
2017-04-02,1,1,0.5137795218477377,1,1
2017-04-03,1,0,0.5121759422042245,1,1
2017-04-04,1,0,0.5139561276219599,1,1
2017-04-05,1,1,0.5145085299779638,1,1
2017-04-06,1,0,0.5097248313385526,1,1
2017-04-07,1,0,0.5127897392186207,1,1
2017-04-08,1,1,0.5141074205152385,1,1
2017-04-09,1,0,0.5145556068607525,1,1
2017-04-10,1,1,0.5148419290728381,1,1
2017-04-11,1,0,0.514793890844434,1,1
2017-04-12,1,0,0.5149114958215991,1,1
2017-04-13,1,0,0.5143799500093937,1,1
2017-04-14,1,1,0.5148081999262496,1,1
2017-04-15,1,1,0.5149358311620111,1,1
2017-04-16,1,1,0.5149287545768914,1,1
2017-04-17,1,1,0.5149756018309789,1,1
2017-04-18,1,0,0.5149470119896193,1,1
2017-04-19,1,1,0.5150452001892165,1,1
2017-04-20,1,0,0.5149930937337677,1,1
2017-04-21,1,1,0.5149631788246767,1,1
2017-04-22,1,0,0.5149484710233231,1,1
2017-04-23,1,1,0.5147781973628485,1,1
2017-04-24,1,1,0.51389788057014,1,1
2017-04-25,1,1,0.5145633047338429,1,1
2017-04-26,1,1,0.5147283422247653,1,1
2017-04-27,1,0,0.5141350617526674,1,1
2017-04-28,1,1,0.5149575655501742,1,1
2017-04-29,1,1,0.5149547882473667,1,1
2017-04-30,1,1,0.5147945882060342,1,1
2017-05-01,1,1,0.5091981332365902,1,1
2017-05-02,1,1,0.5106849745775339,1,1
2017-05-03,1,1,0.511965939057482,1,1
2017-05-04,1,1,0.5112980747153727,1,1
2017-05-05,1,1,0.5131347860144161,1,1
2017-05-06,1,1,0.513938306959012,1,1
2017-05-07,1,1,0.5144591699822544,1,1
2017-05-08,1,1,0.5077054184988036,1,1
2017-05-09,1,1,0.509873248749604,1,1
2017-05-10,1,1,0.5127187956121293,1,1
2017-05-11,1,0,0.5114722492633578,1,1
2017-05-12,1,1,0.5078405439834184,1,1
2017-05-13,1,1,0.5081339463639223,1,1
2017-05-14,1,0,0.5107752353705437,1,1
2017-05-15,1,0,0.5094780258081879,1,1
2017-05-16,1,1,0.5120827091950448,1,1
2017-05-17,1,1,0.5077581344642758,1,1
2017-05-18,1,1,0.5093096888769992,1,1
2017-05-19,1,1,0.5082503745523326,1,1
2017-05-20,1,0,0.5080514554417649,1,1
2017-05-21,1,1,0.5115412661697953,1,1
2017-05-22,1,1,0.5077893085930074,1,1
2017-05-23,1,1,0.5077568300590565,1,1
2017-05-24,1,0,0.5079313036326372,1,1
2017-05-25,1,0,0.5089443028991635,1,1
2017-05-26,1,0,0.508332072573777,1,1
2017-05-27,1,1,0.5074671606102831,1,1
2017-05-28,1,1,0.5076728635972293,1,1
2017-05-29,1,0,0.5083388493042118,1,1
2017-05-30,1,1,0.5086980469961967,1,1
2017-05-31,1,1,0.5085666778947449,1,1
2017-06-01,1,1,0.50797133202673,1,1
2017-06-02,1,1,0.5088897496356012,1,1
2017-06-03,1,0,0.5116149677230039,1,1
2017-06-04,1,1,0.5134453834134634,1,1
2017-06-05,2,1,0.5370453448101253,1,1
2017-06-06,2,0,0.536233044350402,1,1
2017-06-07,2,1,0.5372365142111505,1,1
2017-06-08,2,1,0.5433230792904511,1,1
2017-06-09,2,1,0.5586015560193459,1,1
2017-06-10,2,1,0.5530900730536145,1,1
2017-06-11,2,0,0.5674295814823804,1,1
2017-06-12,2,1,0.5356360202616237,1,1
2017-06-13,2,0,0.5437307484475395,1,1
2017-06-14,2,0,0.5356531559797314,1,1
2017-06-15,2,1,0.5444198844042423,1,1
2017-06-16,2,1,0.5524485219164025,1,1
2017-06-17,2,0,0.5425787336481644,1,1
2017-06-18,2,1,0.5414626313803077,1,1
2017-06-19,2,1,0.5513388454732607,1,1
2017-06-20,2,0,0.5478808514760022,1,1
2017-06-21,2,1,0.5564072140381744,1,1
2017-06-22,2,1,0.5701053402719135,1,1
2017-06-23,2,0,0.5693037107579801,1,1
2017-06-24,2,0,0.5465922186801774,1,1
2017-06-25,2,0,0.5596812312936459,1,1
2017-06-26,2,1,0.5426670610598946,1,1
2017-06-27,2,1,0.5481294373078587,1,1
2017-06-28,2,0,0.5633752795136243,1,1
2017-06-29,2,0,0.5637101183092899,1,1
2017-06-30,2,0,0.5624303078402623,1,1
2017-07-01,2,1,0.5634893626598296,1,1
2017-07-02,2,1,0.5634075039770914,1,1
2017-07-03,2,1,0.5635663854357736,1,1
2017-07-04,2,1,0.5658485599527978,1,1
2017-07-05,2,1,0.5742309078174508,1,1
2017-07-06,2,0,0.5791224258735259,1,1
2017-07-07,2,1,0.561866731289155,1,1
2017-07-08,2,0,0.5634616594208001,1,1
2017-07-09,2,0,0.5619022925520474,1,1
2017-07-10,2,0,0.5380885809944558,1,1
2017-07-11,2,1,0.5450800327722087,1,1
2017-07-12,2,0,0.5499788933903776,1,1
2017-07-13,2,0,0.5569297994856313,1,1
2017-07-14,2,0,0.5370888221400253,1,1
2017-07-15,2,0,0.5356354300102771,1,1
2017-07-16,2,1,0.5371878912646161,1,1
2017-07-17,2,1,0.5356354176308377,1,1
2017-07-18,2,0,0.5396915537233989,1,1
2017-07-19,2,1,0.5475937906180285,1,1
2017-07-20,2,0,0.5356354176301361,1,1
2017-07-21,2,1,0.5362209575765841,1,1
2017-07-22,2,0,0.5369590229355526,1,1
2017-07-23,2,1,0.5433491391850422,1,1
2017-07-24,2,0,0.5566472478613402,1,1
2017-07-25,2,0,0.5369905815363458,1,1
2017-07-26,2,1,0.5465553134643474,1,1
2017-07-27,2,1,0.5375658979664922,1,1
2017-07-28,2,0,0.5383930951418335,1,1
2017-07-29,2,1,0.5402581734145607,1,1
2017-07-30,2,1,0.5524969274914732,1,1
2017-07-31,2,0,0.5439397259220472,1,1
2017-08-01,2,0,0.5367091454274187,1,1
2017-08-02,2,1,0.5477279637465711,1,1
2017-08-03,2,1,0.5499049614092333,1,1
2017-08-04,2,1,0.5534483472996633,1,1
2017-08-05,2,0,0.5356354794551476,1,1
2017-08-06,2,1,0.5444291206674244,1,1
2017-08-07,2,1,0.5375991947702207,1,1
2017-08-08,2,0,0.5483370541062819,1,1
2017-08-09,2,1,0.5498830482694107,1,1
2017-08-10,2,1,0.5600059358737165,1,1
2017-08-11,2,1,0.5360309444469277,1,1
2017-08-12,2,1,0.5361505688326917,1,1
2017-08-13,2,1,0.5385104479655093,1,1
2017-08-14,2,0,0.5367954060714571,1,1
2017-08-15,2,1,0.5391401810711842,1,1
2017-08-16,2,0,0.5399095466763318,1,1
2017-08-17,2,0,0.5499429570353682,1,1
2017-08-18,2,1,0.5407495776349642,1,1
2017-08-19,2,0,0.5546435604606929,1,1
2017-08-20,2,0,0.5513360459844473,1,1
2017-08-21,2,1,0.5540571542593261,1,1
2017-08-22,2,1,0.558333109106456,1,1
2017-08-23,2,1,0.5642990096128049,1,1
2017-08-24,2,1,0.5545810651758732,1,1
2017-08-25,2,0,0.565994483255932,1,1
2017-08-26,2,1,0.5750126317562443,1,1
2017-08-27,2,0,0.5783387791249615,1,1
2017-08-28,2,1,0.5804216052908844,1,1
2017-08-29,2,0,0.5623612287272907,1,1
2017-08-30,2,1,0.5719080164892804,1,1
2017-08-31,2,1,0.563422757046262,1,1
2017-09-01,2,0,0.5610043613222068,1,1
2017-09-02,2,1,0.5375917226798788,1,1
2017-09-03,2,0,0.5507418378490537,1,1
2017-09-04,2,1,0.5357014371288145,1,1
2017-09-05,2,1,0.5402364101787199,1,1
2017-09-06,2,1,0.5382518615958362,1,1
2017-09-07,2,0,0.5520440701420913,1,1
2017-09-08,2,0,0.5356501381113226,1,1
2017-09-09,2,0,0.5460522907030366,1,1
2017-09-10,2,1,0.5458469188175508,1,1
2017-09-11,2,0,0.5594118540514819,1,1
2017-09-12,2,0,0.5680048513354583,1,1
2017-09-13,2,0,0.5393173634381445,1,1
2017-09-14,2,1,0.5356354176301362,1,1
2017-09-15,2,0,0.5356354176351974,1,1
2017-09-16,2,0,0.5460712034600844,1,1
2017-09-17,2,1,0.5553413977661481,1,1
2017-09-18,2,0,0.5356354190033796,1,1
2017-09-19,2,0,0.5392326765820112,1,1
2017-09-20,2,0,0.5520941186310074,1,1
2017-09-21,2,0,0.5358913739355889,1,1
2017-09-22,2,1,0.5465417587634857,1,1
2017-09-23,2,0,0.5424088219601733,1,1
2017-09-24,2,1,0.542729774977523,1,1
2017-09-25,2,0,0.5364760633327809,1,1
2017-09-26,2,1,0.5468760121684848,1,1
2017-09-27,2,0,0.5357169454881259,1,1
2017-09-28,2,0,0.5444478335179983,1,1
2017-09-29,2,1,0.5605806554145112,1,1
2017-09-30,2,1,0.5495775052236775,1,1
2017-10-01,2,1,0.5584221813127462,1,1
2017-10-02,2,0,0.5715238437361638,1,1
2017-10-03,2,0,0.562465044879784,1,1
2017-10-04,2,1,0.5624086577596511,1,1
2017-10-05,2,1,0.5637267702487142,1,1
2017-10-06,2,1,0.5685705601322063,1,1
2017-10-07,2,1,0.5700897472627797,1,1
2017-10-08,2,1,0.5631207166825715,1,1
2017-10-09,2,1,0.564136168662871,1,1
2017-10-10,2,1,0.5730978559329293,1,1
2017-10-11,2,1,0.5730886175331342,1,1
2017-10-12,2,1,0.535636038979706,1,1
2017-10-13,2,1,0.5419158812560674,1,1
2017-10-14,2,0,0.5464601982964059,1,1
2017-10-15,2,1,0.5479314576555562,1,1
2017-10-16,2,0,0.5616232702492957,1,1
2017-10-17,2,0,0.5602613915302005,1,1
2017-10-18,2,1,0.5702784818544868,1,1
2017-10-19,2,1,0.5649491580026761,1,1
2017-10-20,2,1,0.5576679883036845,1,1
2017-10-21,2,0,0.5703431877787548,1,1
2017-10-22,2,0,0.5764254539935078,1,1
2017-10-23,2,0,0.5661057443948675,1,1
2017-10-24,2,1,0.542434909154069,1,1
2017-10-25,2,1,0.5406723667167447,1,1
2017-10-26,2,0,0.547675376344093,1,1
2017-10-27,2,0,0.5547527272455205,1,1
2017-10-28,2,1,0.5666896431232641,1,1
2017-10-29,2,0,0.5419812875238763,1,1
2017-10-30,2,1,0.5567855282918733,1,1
2017-10-31,2,1,0.5424287327139292,1,1
2017-11-01,2,1,0.5409225421493861,1,1
2017-11-02,2,1,0.5407747321795949,1,1
2017-11-03,2,1,0.5498675872720915,1,1
2017-11-04,2,1,0.5568158475203567,1,1
2017-11-05,2,0,0.569333728029754,1,1
2017-11-06,2,1,0.5459412435967731,1,1
2017-11-07,2,1,0.5540965442898272,1,1
2017-11-08,2,0,0.5549614838564003,1,1
2017-11-09,2,0,0.5465342090949131,1,1
2017-11-10,2,0,0.5356752933570674,1,1
2017-11-11,2,0,0.5366829762011599,1,1
2017-11-12,2,1,0.5356381846464641,1,1
2017-11-13,2,1,0.5356359901132122,1,1
2017-11-14,2,1,0.5455925822736878,1,1
2017-11-15,2,1,0.5356368132602798,1,1
2017-11-16,2,0,0.5357453217292285,1,1
2017-11-17,2,1,0.5426343167675199,1,1
2017-11-18,2,1,0.5552179089769753,1,1
2017-11-19,2,1,0.5544701974072166,1,1
2017-11-20,2,0,0.5594753320453434,1,1
2017-11-21,2,1,0.5625507119539254,1,1
2017-11-22,2,0,0.5635137907407703,1,1
2017-11-23,2,1,0.5622271097735566,1,1
2017-11-24,2,1,0.5630460883011984,1,1
2017-11-25,2,1,0.5419466033288766,1,1
2017-11-26,2,1,0.5365022779618497,1,1
2017-11-27,2,1,0.5372677915039813,1,1
2017-11-28,2,0,0.5451523458311887,1,1
2017-11-29,2,1,0.5510331286771729,1,1
2017-11-30,2,1,0.5508465907172043,1,1
2017-12-01,2,1,0.5363613916801632,1,1
2017-12-02,2,1,0.5473158296059759,1,1
2017-12-03,2,1,0.5537786905293843,1,1
2017-12-04,2,1,0.5574125261320398,1,1
2017-12-05,2,1,0.5607528288757595,1,1
2017-12-06,2,1,0.5356354176301362,1,1
2017-12-07,2,0,0.5356354176301361,1,1
2017-12-08,2,0,0.535642413842027,1,1
2017-12-09,2,1,0.535638719197622,1,1
2017-12-10,2,1,0.5451581294114517,1,1
2017-12-11,2,1,0.5356442889914828,1,1
2017-12-12,2,0,0.5443354695655314,1,1
2017-12-13,2,1,0.5360154889347161,1,1
2017-12-14,2,1,0.5462057682316767,1,1
2017-12-15,2,1,0.5362999710541932,1,1
2017-12-16,2,0,0.5356401690030433,1,1
2017-12-17,2,0,0.5416823373418933,1,1
2017-12-18,2,0,0.5571370991403101,1,1
2017-12-19,2,0,0.5360399981242304,1,1
2017-12-20,2,0,0.5357201892692472,1,1
2017-12-21,2,0,0.536462435648095,1,1
2017-12-22,2,1,0.535635417634257,1,1
2017-12-23,2,0,0.5360432594879503,1,1
2017-12-24,2,1,0.5359730987882028,1,1
2017-12-25,2,1,0.5467165397160206,1,1
2017-12-26,2,0,0.5356354176700626,1,1
2017-12-27,2,0,0.5440904416088235,1,1
2017-12-28,2,1,0.5357227717276879,1,1
2017-12-29,2,0,0.5461317185093998,1,1
2017-12-30,2,1,0.5356354338460959,1,1
2017-12-31,2,0,0.535639451064352,1,1
2018-01-01,2,1,0.540603976495299,1,1
2018-01-02,2,1,0.5356460037027649,1,1
2018-01-03,2,1,0.5452676489086543,1,1
2018-01-04,2,1,0.5491951128284387,1,1
2018-01-05,2,1,0.5356354716498496,1,1
2018-01-06,2,0,0.5459488098760006,1,1
2018-01-07,2,0,0.5360859556044961,1,1
2018-01-08,2,0,0.5356514649086804,1,1
2018-01-09,2,1,0.5385190100877412,1,1
2018-01-10,2,0,0.546055364604265,1,1
2018-01-11,2,1,0.5356359074261076,1,1
2018-01-12,2,1,0.5385405361406141,1,1
2018-01-13,2,0,0.5460528085222182,1,1
2018-01-14,2,1,0.5438246993043413,1,1
2018-01-15,2,0,0.5599096698329162,1,1
2018-01-16,2,0,0.5356354176301364,1,1
2018-01-17,2,1,0.5390792736924578,1,1
2018-01-18,2,1,0.5473626920138823,1,1
2018-01-19,2,1,0.5603543829871178,1,1
2018-01-20,2,0,0.535639507497422,1,1
2018-01-21,2,0,0.535635895597158,1,1
2018-01-22,2,0,0.5359457910846226,1,1
2018-01-23,2,1,0.5462375195370309,1,1
2018-01-24,2,0,0.5408380085306606,1,1
2018-01-25,2,0,0.5519540905276643,1,1
2018-01-26,2,1,0.5620074002737658,1,1
2018-01-27,2,1,0.5602961108021888,1,1
2018-01-28,2,0,0.5607800800437095,1,1
2018-01-29,2,0,0.5527403274423984,1,1
2018-01-30,2,1,0.5356358314096435,1,1
2018-01-31,2,0,0.5450095727633303,1,1
2018-02-01,2,0,0.5356354225379245,1,1
2018-02-02,2,1,0.5362901992211915,1,1
2018-02-03,2,0,0.5390633624713624,1,1
2018-02-04,2,0,0.5356354594741631,1,1
2018-02-05,2,1,0.5356354176301381,1,1
2018-02-06,2,0,0.5356357553842417,1,1
2018-02-07,2,1,0.544449120109615,1,1
2018-02-08,2,1,0.5357345813773087,1,1
2018-02-09,2,0,0.535891339577105,1,1
2018-02-10,2,0,0.5444876593920451,1,1
2018-02-11,2,1,0.5387577837797453,1,1
2018-02-12,2,0,0.5356368101129566,1,1
2018-02-13,2,1,0.5380386744072508,1,1
2018-02-14,2,1,0.535635692205629,1,1
2018-02-15,2,1,0.5357662742578604,1,1
2018-02-16,2,1,0.546274598941531,1,1
2018-02-17,2,0,0.5356899547487142,1,1
2018-02-18,2,1,0.5362717242323565,1,1
2018-02-19,2,1,0.5359214125969445,1,1
2018-02-20,2,0,0.5458074347957443,1,1
2018-02-21,2,0,0.5359214986193452,1,1
2018-02-22,2,1,0.535711935374704,1,1
2018-02-23,2,0,0.5424994790460946,1,1
2018-02-24,2,0,0.5374809562962678,1,1
2018-02-25,2,1,0.5450969203540305,1,1
2018-02-26,2,1,0.5360638948436025,1,1
2018-02-27,2,0,0.5405945788730652,1,1
2018-02-28,2,1,0.5426019501514279,1,1
2018-03-01,2,1,0.5397726034919678,1,1
2018-03-02,2,1,0.5510648765471114,1,1
2018-03-03,2,1,0.549306232222629,1,1
2018-03-04,2,1,0.5657208002819936,1,1
2018-03-05,2,0,0.5754152461310547,1,1
2018-03-06,2,0,0.5369610037449494,1,1
2018-03-07,2,0,0.5356535065420966,1,1
2018-03-08,2,0,0.536317431644827,1,1
2018-03-09,2,0,0.5465249385306673,1,1
2018-03-10,2,1,0.5380948562151999,1,1
2018-03-11,2,0,0.5357115175996087,1,1
2018-03-12,2,0,0.5378265633581362,1,1
2018-03-13,2,0,0.5509304121842372,1,1
2018-03-14,2,1,0.5356356741425528,1,1
2018-03-15,2,1,0.5459185323808479,1,1
2018-03-16,2,0,0.5625085859946986,1,1
2018-03-17,2,1,0.5420806251538607,1,1
2018-03-18,2,1,0.5494892516209876,1,1
2018-03-19,2,1,0.5467108855981775,1,1
2018-03-20,2,1,0.5488957703556213,1,1
2018-03-21,2,0,0.5654119445174519,1,1
2018-03-22,2,1,0.5605906845675513,1,1
2018-03-23,2,0,0.5640266829853435,1,1
2018-03-24,2,0,0.5626202606124019,1,1
2018-03-25,2,0,0.5633689995284593,1,1
2018-03-26,2,0,0.5595051328496062,1,1
2018-03-27,2,1,0.5469384552454563,1,1
2018-03-28,2,0,0.5562624025328488,1,1
2018-03-29,2,0,0.5356356172704559,1,1
2018-03-30,2,1,0.5368587256758381,1,1
2018-03-31,2,0,0.5470810991524312,1,1
2018-04-01,2,1,0.5515790996522196,1,1
2018-04-02,2,1,0.5530299751883904,1,1
2018-04-03,2,0,0.5466446719094024,1,1
2018-04-04,2,0,0.5356605714407088,1,1
2018-04-05,2,0,0.5451999702225874,1,1
2018-04-06,2,1,0.5523189686696022,1,1
2018-04-07,2,1,0.5480024156918784,1,1
2018-04-08,2,0,0.5567645555949856,1,1
2018-04-09,2,1,0.5542484427076482,1,1
2018-04-10,2,1,0.5658950959570115,1,1
2018-04-11,2,1,0.5638466487985059,1,1
2018-04-12,2,1,0.5356356267533459,1,1
2018-04-13,2,1,0.5460168376064992,1,1
2018-04-14,2,1,0.557208557857746,1,1
2018-04-15,2,0,0.5515540568594369,1,1
2018-04-16,2,0,0.5508593446985628,1,1
2018-04-17,2,1,0.5571653032485643,1,1
2018-04-18,2,1,0.5587213978515932,1,1
2018-04-19,2,1,0.5637026092753755,1,1
2018-04-20,2,1,0.5403528799106098,1,1
2018-04-21,2,0,0.5554598902636088,1,1
2018-04-22,2,1,0.5620447553913325,1,1
2018-04-23,2,1,0.5648763160396278,1,1
2018-04-24,2,0,0.5360024747668725,1,1
2018-04-25,2,1,0.5356469087019743,1,1
2018-04-26,2,0,0.5377820870459736,1,1
2018-04-27,2,1,0.5391420981026198,1,1
2018-04-28,2,1,0.5410356918975726,1,1
2018-04-29,2,0,0.5543883465989882,1,1
2018-04-30,2,0,0.5561512802670135,1,1
2018-05-01,2,1,0.5613824721792372,1,1
2018-05-02,2,1,0.566339604347607,1,1
2018-05-03,2,0,0.5579979582747484,1,1
2018-05-04,2,1,0.5701399288396556,1,1
2018-05-05,2,0,0.5656441825528408,1,1
2018-05-06,2,0,0.5643654542563907,1,1
2018-05-07,2,0,0.5612118224498336,1,1
2018-05-08,2,1,0.5637325195584946,1,1
2018-05-09,2,0,0.5700443561640173,1,1
2018-05-10,2,0,0.5633617085695142,1,1
2018-05-11,2,1,0.5367353003793099,1,1
2018-05-12,2,1,0.5478692943812911,1,1
2018-05-13,2,0,0.5526689667593527,1,1
2018-05-14,2,0,0.5674754708454878,1,1
2018-05-15,2,0,0.5611247907020855,1,1
2018-05-16,2,0,0.5634216228911432,1,1
2018-05-17,2,1,0.5598992478845618,1,1
2018-05-18,2,0,0.5631401272000061,1,1
2018-05-19,2,1,0.5728682494137535,1,1
2018-05-20,2,0,0.5639447146269313,1,1
2018-05-21,2,0,0.5682791050781316,1,1
2018-05-22,2,0,0.5539046185328532,1,1
2018-05-23,2,1,0.5359084368008201,1,1
2018-05-24,2,0,0.546725477967984,1,1
2018-05-25,2,0,0.5551109259526161,1,1
2018-05-26,2,1,0.55929026195177,1,1
2018-05-27,2,0,0.571407009615757,1,1
2018-05-28,2,1,0.5607135473324102,1,1
2018-05-29,2,0,0.5519342141137419,1,1
2018-05-30,2,1,0.5618865333595131,1,1
2018-05-31,2,1,0.5701414961080131,1,1
2018-06-01,2,1,0.5764501203116773,1,1
2018-06-02,2,1,0.5683374749997044,1,1
2018-06-03,2,0,0.5711090386945922,1,1
2018-06-04,2,1,0.5623564354979145,1,1
2018-06-05,2,1,0.5653243788577301,1,1
2018-06-06,2,1,0.5739902474020112,1,1
2018-06-07,2,0,0.5790341362151606,1,1
2018-06-08,2,0,0.5774716905214197,1,1
2018-06-09,2,0,0.5748960232779035,1,1
2018-06-10,2,1,0.5356362939722031,1,1
2018-06-11,2,0,0.5437284634911682,1,1
2018-06-12,2,0,0.5377484663896048,1,1
2018-06-13,2,1,0.5377899765423282,1,1
2018-06-14,2,0,0.5376999820835479,1,1
2018-06-15,2,1,0.5398700640745684,1,1
2018-06-16,2,0,0.550153439718728,1,1
2018-06-17,2,1,0.5626531616046433,1,1
2018-06-18,2,1,0.5566645782778655,1,1
2018-06-19,2,1,0.5698709966084553,1,1
2018-06-20,2,0,0.5776670779450067,1,1
2018-06-21,2,0,0.5772550185633599,1,1
2018-06-22,2,1,0.5356422513011644,1,1
2018-06-23,2,1,0.5454398694665411,1,1
2018-06-24,2,1,0.561633259127829,1,1
2018-06-25,2,0,0.5658949601224578,1,1
2018-06-26,2,1,0.5605985596517694,1,1
2018-06-27,2,0,0.5662300867581896,1,1
2018-06-28,2,1,0.5473989705268912,1,1
2018-06-29,2,1,0.542437570204628,1,1
2018-06-30,2,0,0.5480094940763128,1,1
2018-07-01,2,1,0.5630921256507324,1,1
2018-07-02,2,0,0.5560026069767802,1,1
2018-07-03,2,1,0.5618119911905082,1,1
2018-07-04,2,1,0.5686563367908432,1,1
2018-07-05,2,1,0.5741552164003907,1,1
2018-07-06,2,1,0.5790727401464427,1,1
2018-07-07,2,0,0.5648588578865466,1,1
2018-07-08,2,0,0.5661803858009827,1,1
2018-07-09,2,0,0.5710463916334952,1,1
2018-07-10,2,1,0.5393057652012746,1,1
2018-07-11,2,0,0.5516508090926552,1,1
2018-07-12,2,1,0.5510877367654178,1,1
2018-07-13,2,1,0.5667356971408164,1,1
2018-07-14,2,1,0.5759820791391795,1,1
2018-07-15,2,1,0.5713883775422571,1,1
2018-07-16,2,1,0.5580267984187564,1,1
2018-07-17,2,1,0.5363614398508767,1,1
2018-07-18,2,1,0.5474989337395332,1,1
2018-07-19,2,0,0.5579776320380258,1,1
2018-07-20,2,1,0.5612471970760143,1,1
2018-07-21,2,0,0.5694388278375896,1,1
2018-07-22,2,1,0.5773530821531828,1,1
2018-07-23,2,1,0.5639391906148132,1,1
2018-07-24,2,0,0.5360773448739973,1,1
2018-07-25,2,0,0.5399126883469125,1,1
2018-07-26,2,1,0.5430736226501516,1,1
2018-07-27,2,1,0.5484034091887803,1,1
2018-07-28,2,1,0.5646447554180435,1,1
2018-07-29,2,0,0.5757784964196381,1,1
2018-07-30,2,0,0.5795324846302589,1,1
2018-07-31,2,0,0.5455495955089058,1,1
2018-08-01,2,0,0.5521509784340722,1,1
2018-08-02,2,0,0.5641039691216232,1,1
2018-08-03,2,0,0.5618645745308314,1,1
2018-08-04,2,1,0.5414063351564894,1,1
2018-08-05,2,0,0.5564059964818967,1,1
2018-08-06,2,0,0.5586375210319567,1,1
2018-08-07,2,0,0.5548188397875601,1,1
2018-08-08,2,1,0.5359562873728926,1,1
2018-08-09,2,0,0.5398453915377772,1,1
2018-08-10,2,1,0.5366403133673128,1,1
2018-08-11,2,1,0.5457394089699241,1,1
2018-08-12,2,0,0.5623391421699098,1,1
2018-08-13,2,0,0.5732017555501056,1,1
2018-08-14,2,1,0.5661131821659664,1,1
2018-08-15,2,1,0.5693808108183659,1,1
2018-08-16,2,1,0.5767817181746943,1,1
2018-08-17,2,0,0.5642654338176121,1,1
2018-08-18,2,1,0.5632624170710122,1,1
2018-08-19,2,0,0.5678565180200882,1,1
2018-08-20,2,1,0.5624945335503282,1,1
2018-08-21,2,0,0.5637203658056956,1,1
2018-08-22,2,1,0.5642329825968164,1,1
2018-08-23,2,1,0.5632364112318523,1,1
2018-08-24,2,1,0.5637375726634076,1,1
2018-08-25,2,0,0.5709000648931093,1,1
2018-08-26,2,1,0.5745059041022499,1,1
2018-08-27,2,1,0.5649786639369512,1,1
2018-08-28,2,0,0.5652669980145617,1,1
2018-08-29,2,0,0.5723596059855832,1,1
2018-08-30,2,1,0.5751432233483438,1,1
2018-08-31,2,1,0.5767260853578942,1,1
2018-09-01,2,1,0.5656435782396471,1,1
2018-09-02,2,0,0.569368852564722,1,1
2018-09-03,2,1,0.5765362510633141,1,1
2018-09-04,2,0,0.5684409335025692,1,1
2018-09-05,2,0,0.5358194477451403,1,1
2018-09-06,2,0,0.536278986038333,1,1
2018-09-07,2,0,0.546520510747011,1,1
2018-09-08,2,1,0.5429357328984084,1,1
2018-09-09,2,1,0.5548704147741921,1,1
2018-09-10,2,0,0.5702729715673549,1,1
2018-09-11,2,1,0.5774184744242301,1,1
2018-09-12,2,1,0.5801886374683267,1,1
2018-09-13,2,0,0.5646882286443735,1,1
2018-09-14,2,1,0.5734596268424161,1,1
2018-09-15,2,0,0.5781080328303292,1,1
2018-09-16,2,0,0.5781137901222917,1,1
2018-09-17,2,1,0.5606103878870267,1,1
2018-09-18,2,1,0.5652296120999416,1,1
2018-09-19,2,1,0.5739812124415115,1,1
2018-09-20,2,1,0.5666627964043687,1,1
2018-09-21,2,0,0.564426065216954,1,1
2018-09-22,3,0,0.5688955808886951,1,1
2018-09-23,3,0,0.5735703475205826,1,1
2018-09-24,3,0,0.5722384816957858,1,1
2018-09-25,3,1,0.5653176362730724,1,1
2018-09-26,3,1,0.5691477680567655,1,1
2018-09-27,3,0,0.5623046560043579,1,1
2018-09-28,3,0,0.56551958859253,1,1
2018-09-29,3,1,0.5689169492082045,1,1
2018-09-30,3,0,0.5735257070472015,1,1
2018-10-01,3,0,0.576700509037749,1,1
2018-10-02,3,0,0.5788090308331945,1,1
2018-10-03,3,1,0.579835710517908,1,1
2018-10-04,3,1,0.5801184742041926,1,1
2018-10-05,3,0,0.5806570993860803,1,1
2018-10-06,3,1,0.5808897335784975,1,1
2018-10-07,3,1,0.5811534305898504,1,1
2018-10-08,3,0,0.5810563481884233,1,1
2018-10-09,3,0,0.5812629037508692,1,1
2018-10-10,3,0,0.5813158684623896,1,1
2018-10-11,3,1,0.5561953500509648,1,1
2018-10-12,3,1,0.560712771145082,1,1
2018-10-13,3,1,0.5648019443746538,1,1
2018-10-14,3,1,0.5696488042178688,1,1
2018-10-15,3,0,0.545480931763982,1,1
2018-10-16,3,0,0.5545125850640062,1,1
2018-10-17,3,0,0.5607075373836794,1,1
2018-10-18,3,0,0.5650729706360303,1,1
2018-10-19,3,1,0.5722738932922243,1,1
2018-10-20,3,0,0.5767326590927523,1,1
2018-10-21,3,1,0.5793032974911713,1,1
2018-10-22,3,0,0.5804780234732525,1,1
2018-10-23,3,1,0.5810365411978717,1,1
2018-10-24,3,0,0.5812102081883856,1,1
2018-10-25,3,0,0.5812990660810388,1,1
2018-10-26,3,1,0.5813578445333732,1,1
2018-10-27,3,1,0.5813822008071459,1,1
2018-10-28,3,0,0.5813884537532139,1,1
2018-10-29,3,1,0.578293426934205,1,1
2018-10-30,3,0,0.580206848174899,1,1
2018-10-31,3,1,0.5809683460976542,1,1
2018-11-01,3,1,0.5808489283791618,1,1
2018-11-02,3,0,0.5813923736305255,1,1
2018-11-03,3,1,0.58126608048485,1,1
2018-11-04,3,1,0.5813148300629902,1,1
2018-11-05,3,1,0.5811893489340353,1,1
2018-11-06,3,1,0.5811385814807691,1,1
2018-11-07,3,0,0.5807563664948937,1,1
2018-11-08,3,0,0.5805991643323994,1,1
2018-11-09,3,1,0.5805506523455097,1,1
2018-11-10,3,1,0.580983639406999,1,1
2018-11-11,3,0,0.5812227179914594,1,1
2018-11-12,3,0,0.5812515530837352,1,1
2018-11-13,3,0,0.5813806825133926,1,1
2018-11-14,3,0,0.5368326742117443,1,1
2018-11-15,3,0,0.5433925336241687,1,1
2018-11-16,3,0,0.551133419416298,1,1
2018-11-17,3,1,0.5586675603996697,1,1
2018-11-18,3,0,0.5628843120579994,1,1
2018-11-19,3,0,0.5368053142102965,1,1
2018-11-20,3,1,0.5368106678563075,1,1
2018-11-21,3,0,0.5415810407012467,1,1
2018-11-22,3,0,0.5401464690401002,1,1
2018-11-23,3,0,0.5487310840882461,1,1
2018-11-24,3,1,0.5368069256723343,1,1
2018-11-25,3,0,0.5447963536779415,1,1
2018-11-26,3,1,0.5380974224124083,1,1
2018-11-27,3,1,0.5467781023211166,1,1
2018-11-28,3,1,0.5368105114770146,1,1
2018-11-29,3,0,0.545183146983998,1,1
2018-11-30,3,1,0.5375039461443004,1,1
2018-12-01,3,0,0.5400258240758674,1,1
2018-12-02,3,0,0.5472531921026529,1,1
2018-12-03,3,1,0.5387693887664093,1,1
2018-12-04,3,0,0.5464842529961852,1,1
2018-12-05,3,0,0.5401210751090687,1,1
2018-12-06,3,0,0.5376528965404507,1,1
2018-12-07,3,1,0.5404586654964364,1,1
2018-12-08,3,1,0.5487455065586005,1,1
2018-12-09,3,0,0.5488676073136093,1,1
2018-12-10,3,0,0.5510015529677098,1,1
2018-12-11,3,1,0.5538820439323205,1,1
2018-12-12,3,0,0.5582412863547525,1,1
2018-12-13,3,0,0.5484609765563666,1,1
2018-12-14,3,0,0.5535618088698002,1,1
2018-12-15,3,1,0.5596733696978433,1,1
2018-12-16,3,1,0.5644984900950285,1,1
2018-12-17,3,1,0.5387973705307846,1,1
2018-12-18,3,1,0.542098392753634,1,1
2018-12-19,3,1,0.5505474452718226,1,1
2018-12-20,3,0,0.5369030370510273,1,1
2018-12-21,3,1,0.5372668264204041,1,1
2018-12-22,3,0,0.5426857683056833,1,1
2018-12-23,3,1,0.5515881114107035,1,1
2018-12-24,3,0,0.5568640182675393,1,1
2018-12-25,3,1,0.5411884800165719,1,1
2018-12-26,3,0,0.5503238235065194,1,1
2018-12-27,3,1,0.5422467452237855,1,1
2018-12-28,3,0,0.5373894326954798,1,1
2018-12-29,3,1,0.543931367793187,1,1
2018-12-30,3,0,0.5522942298138316,1,1
2018-12-31,3,1,0.5548922687635728,1,1
2019-01-01,3,1,0.5569263853594142,1,1
2019-01-02,3,0,0.5582755756639047,1,1
2019-01-03,3,1,0.5589953765521759,1,1
2019-01-04,3,0,0.5618638174770507,1,1
2019-01-05,3,1,0.565360383250151,1,1
2019-01-06,3,0,0.5548163894583078,1,1
2019-01-07,3,1,0.5579368515086074,1,1
2019-01-08,3,1,0.5631154195324779,1,1
2019-01-09,3,0,0.5682793608674698,1,1
2019-01-10,3,1,0.5372661025458821,1,1
2019-01-11,3,0,0.5458041950061566,1,1
2019-01-12,3,0,0.5540999589615008,1,1
2019-01-13,3,1,0.5532872571659752,1,1
2019-01-14,3,0,0.554409545713709,1,1
2019-01-15,3,1,0.5568450111999161,1,1
2019-01-16,3,1,0.5612127378498865,1,1
2019-01-17,3,0,0.5649893122664507,1,1
2019-01-18,3,1,0.5689887801813586,1,1
2019-01-19,3,0,0.5668840881104927,1,1
2019-01-20,3,0,0.5580041698234988,1,1
2019-01-21,3,1,0.5615246975095947,1,1
2019-01-22,3,0,0.5647332785018719,1,1
2019-01-23,3,1,0.569007158431456,1,1
2019-01-24,3,0,0.5736517632928039,1,1
2019-01-25,3,1,0.5773927716085698,1,1
2019-01-26,3,0,0.5795564210115903,1,1
2019-01-27,3,0,0.580541966890199,1,1
2019-01-28,3,0,0.5652925066116955,1,1
2019-01-29,3,1,0.5697099018613346,1,1
2019-01-30,3,0,0.5720995453390498,1,1
2019-01-31,3,1,0.5748532083203406,1,1
2019-02-01,3,1,0.5780191149280668,1,1
2019-02-02,3,0,0.579409004520483,1,1
2019-02-03,3,0,0.5786353126839009,1,1
2019-02-04,3,1,0.5802365201967604,1,1
2019-02-05,3,0,0.58090226981598,1,1
2019-02-06,3,0,0.5800884047426954,1,1
2019-02-07,3,1,0.5811849600112231,1,1
2019-02-08,3,1,0.5508688285565237,1,1
2019-02-09,3,1,0.5578542739330248,1,1
2019-02-10,3,0,0.5632360187266461,1,1
2019-02-11,3,1,0.5654840090823219,1,1
2019-02-12,3,0,0.5707183593406892,1,1
2019-02-13,3,0,0.5753573492684848,1,1
2019-02-14,3,1,0.5784555885849555,1,1
2019-02-15,3,1,0.5801168425286525,1,1
2019-02-16,3,1,0.5808722280529758,1,1
2019-02-17,3,1,0.5805153893747098,1,1
2019-02-18,3,1,0.5545131247812306,1,1
2019-02-19,3,1,0.5596103730195645,1,1
2019-02-20,3,0,0.5622642277784221,1,1
2019-02-21,3,1,0.5645821682501632,1,1
2019-02-22,3,1,0.566490515796338,1,1
2019-02-23,3,0,0.5601620892368472,1,1
2019-02-24,3,1,0.537588901423926,1,1
2019-02-25,3,0,0.5455613280840516,1,1
2019-02-26,3,0,0.5540783443094001,1,1
2019-02-27,3,1,0.5610309282192611,1,1
2019-02-28,3,1,0.5673592881352333,1,1
2019-03-01,3,1,0.5730068486755182,1,1
2019-03-02,3,0,0.5771917064579986,1,1
2019-03-03,3,0,0.5794917174333777,1,1
2019-03-04,3,1,0.575907398656884,1,1
2019-03-05,3,1,0.5598488059436938,1,1
2019-03-06,3,1,0.5647621555042016,1,1
2019-03-07,3,0,0.5700446196342713,1,1
2019-03-08,3,1,0.5744451996128102,1,1
2019-03-09,3,0,0.5741594289251489,1,1
2019-03-10,3,0,0.5776713438824649,1,1
2019-03-11,3,1,0.5785358717354157,1,1
2019-03-12,3,0,0.5802446608575964,1,1
2019-03-13,3,1,0.5810385507139091,1,1
2019-03-14,3,1,0.5812817758068536,1,1
2019-03-15,3,1,0.5810245845767121,1,1
2019-03-16,3,0,0.5768423065707302,1,1
2019-03-17,3,1,0.5788641525126893,1,1
2019-03-18,3,1,0.5803132280995771,1,1
2019-03-19,3,1,0.5803676783195197,1,1
2019-03-20,3,0,0.5808766610513697,1,1
2019-03-21,3,0,0.5800624785046936,1,1
2019-03-22,3,1,0.5808168255850545,1,1
2019-03-23,3,0,0.5811136286838532,1,1
2019-03-24,3,0,0.581221215769065,1,1
2019-03-25,3,1,0.5799985614735329,1,1
2019-03-26,3,1,0.5806579073771364,1,1
2019-03-27,3,0,0.5743715660815663,1,1
2019-03-28,3,1,0.5777351268660827,1,1
2019-03-29,3,1,0.5793359301087017,1,1
2019-03-30,3,0,0.5804688857627386,1,1
2019-03-31,3,1,0.5810593040590427,1,1
2019-04-01,3,1,0.5806393536958697,1,1
2019-04-02,3,1,0.5368055054478379,1,1
2019-04-03,3,0,0.5448263231640026,1,1
2019-04-04,3,1,0.552641060683609,1,1
2019-04-05,3,1,0.5569857479173125,1,1
2019-04-06,3,1,0.5615943428769721,1,1
2019-04-07,3,1,0.5601723875927125,1,1
2019-04-08,3,0,0.5613479260523832,1,1
2019-04-09,3,1,0.5617264903589608,1,1
2019-04-10,3,0,0.5608356942577951,1,1
2019-04-11,3,1,0.5465531203117493,1,1
2019-04-12,3,1,0.5551526328482621,1,1
2019-04-13,3,1,0.561903490751416,1,1
2019-04-14,3,0,0.5646426044150304,1,1
2019-04-15,3,1,0.5637550741207972,1,1
2019-04-16,3,1,0.5578532594508242,1,1
2019-04-17,3,1,0.5621331722277944,1,1
2019-04-18,3,1,0.5656352928334467,1,1
2019-04-19,3,1,0.5705806887035376,1,1
2019-04-20,3,0,0.5745412752952305,1,1
2019-04-21,3,1,0.5777496577971655,1,1
2019-04-22,3,1,0.576689357848992,1,1
2019-04-23,3,0,0.563119917471233,1,1
2019-04-24,3,0,0.5622077248788911,1,1
2019-04-25,3,1,0.5531190534428854,1,1
2019-04-26,3,0,0.5579949451863535,1,1
2019-04-27,3,1,0.5628117010359884,1,1
2019-04-28,3,0,0.5676098783368868,1,1
2019-04-29,3,1,0.5710979368314771,1,1
2019-04-30,3,1,0.5679236331592064,1,1
2019-05-01,3,1,0.5709620702292697,1,1
2019-05-02,3,1,0.5686799313703471,1,1
2019-05-03,3,1,0.5593812002695796,1,1
2019-05-04,3,0,0.5614718914233424,1,1
2019-05-05,3,0,0.5637967387695141,1,1
2019-05-06,3,1,0.5662744272088938,1,1
2019-05-07,3,1,0.5681313189522931,1,1
2019-05-08,3,1,0.5627429655679669,1,1
2019-05-09,3,1,0.5603450351440704,1,1
2019-05-10,3,1,0.5600543640363185,1,1
2019-05-11,3,0,0.5368103122416055,1,1
2019-05-12,3,1,0.5392261210693365,1,1
2019-05-13,3,1,0.5368167078948727,1,1
2019-05-14,3,1,0.5448023692750055,1,1
2019-05-15,3,0,0.5531491904793797,1,1
2019-05-16,3,0,0.5490704158343194,1,1
2019-05-17,3,0,0.5382082507517546,1,1
2019-05-18,3,1,0.5462416195924621,1,1
2019-05-19,3,0,0.5368098896347338,1,1
2019-05-20,3,0,0.5410581082097932,1,1
2019-05-21,3,0,0.5498795789173454,1,1
2019-05-22,3,1,0.5511042988209076,1,1
2019-05-23,3,1,0.5560702869665497,1,1
2019-05-24,3,1,0.5599165218329265,1,1
2019-05-25,3,1,0.5630695465046067,1,1
2019-05-26,3,1,0.547205592348478,1,1
2019-05-27,3,0,0.5551085187650834,1,1
2019-05-28,3,0,0.5594258769052919,1,1
2019-05-29,3,0,0.5642561729011293,1,1
2019-05-30,3,1,0.5535606046989255,1,1
2019-05-31,3,0,0.5543553194694939,1,1
2019-06-01,3,1,0.5598420988817542,1,1
2019-06-02,3,0,0.5608203380129588,1,1
2019-06-03,3,0,0.5441580434600486,1,1
2019-06-04,3,1,0.5387065323297114,1,1
2019-06-05,3,0,0.5468828208054951,1,1
2019-06-06,3,1,0.5557492318901147,1,1
2019-06-07,3,0,0.5561974670844568,1,1
2019-06-08,3,0,0.5599474536868106,1,1
2019-06-09,3,1,0.5571827064419365,1,1
2019-06-10,3,0,0.5565774998426412,1,1
2019-06-11,3,1,0.5601186402722734,1,1
2019-06-12,3,1,0.5600240387686348,1,1
2019-06-13,3,1,0.5620130932875674,1,1
2019-06-14,3,1,0.5503268298527039,1,1
2019-06-15,3,1,0.5567392587077993,1,1
2019-06-16,3,1,0.5600397942559393,1,1
2019-06-17,3,0,0.5598134441453015,1,1
2019-06-18,3,1,0.5574803226029398,1,1
2019-06-19,3,1,0.5600999030626732,1,1
2019-06-20,3,1,0.5602067014656804,1,1
2019-06-21,3,1,0.5476113258571541,1,1
2019-06-22,3,1,0.5488504106881246,1,1
2019-06-23,3,1,0.5560187297910231,1,1
2019-06-24,3,1,0.5600887766339917,1,1
2019-06-25,3,1,0.5426104346128521,1,1
2019-06-26,3,0,0.5372145896395275,1,1
2019-06-27,3,1,0.5368053135356661,1,1
2019-06-28,3,0,0.5368073071896453,1,1
2019-06-29,3,0,0.5395531883648922,1,1
2019-06-30,3,0,0.5368069615344057,1,1
2019-07-01,3,1,0.5420226346020789,1,1
2019-07-02,3,1,0.5498812737717791,1,1
2019-07-03,3,0,0.5368193863190931,1,1
2019-07-04,3,0,0.5370211584591305,1,1
2019-07-05,3,1,0.5444515666755771,1,1
2019-07-06,3,1,0.5514174079579568,1,1
2019-07-07,3,1,0.5561290526964261,1,1
2019-07-08,3,1,0.5452951570783783,1,1
2019-07-09,3,0,0.5522982146855039,1,1
2019-07-10,3,0,0.5494098679664868,1,1
2019-07-11,3,1,0.5381794041133027,1,1
2019-07-12,3,0,0.5399919221358827,1,1
2019-07-13,3,0,0.5430374407839774,1,1
2019-07-14,3,1,0.5368157930370135,1,1
2019-07-15,3,0,0.5374534874744002,1,1
2019-07-16,3,1,0.5368053363374944,1,1
2019-07-17,3,1,0.5439104117008831,1,1
2019-07-18,3,0,0.5369108336765558,1,1
2019-07-19,3,1,0.54447042743928,1,1
2019-07-20,3,0,0.5513211715746691,1,1
2019-07-21,3,0,0.5563522665471277,1,1
2019-07-22,3,0,0.556876598555827,1,1
2019-07-23,3,0,0.5535101717713512,1,1
2019-07-24,3,1,0.5586362505439704,1,1
2019-07-25,3,0,0.5623924483887894,1,1
2019-07-26,3,0,0.5663652752885114,1,1
2019-07-27,3,1,0.5568193716989885,1,1
2019-07-28,3,0,0.5607695461506843,1,1
2019-07-29,3,1,0.5644312283821877,1,1
2019-07-30,3,1,0.5678449060961928,1,1
2019-07-31,3,1,0.557672609906206,1,1
2019-08-01,3,1,0.5586985616252618,1,1
2019-08-02,3,1,0.5612097203102386,1,1
2019-08-03,3,1,0.5604283062895293,1,1
2019-08-04,3,1,0.5617359093261819,1,1
2019-08-05,3,0,0.5485241022110924,1,1
2019-08-06,3,1,0.5545754125345297,1,1
2019-08-07,3,1,0.5503470935673813,1,1
2019-08-08,3,0,0.5576276888886232,1,1
2019-08-09,3,0,0.5621913472630367,1,1
2019-08-10,3,1,0.5524246956047354,1,1
2019-08-11,3,0,0.5579908818197026,1,1
2019-08-12,3,0,0.5606855470246835,1,1
2019-08-13,3,0,0.5530932485033561,1,1
2019-08-14,3,1,0.5376081582167007,1,1
2019-08-15,3,1,0.5440375355309478,1,1
2019-08-16,3,0,0.5529481276118535,1,1
2019-08-17,3,1,0.5575270775436727,1,1
2019-08-18,3,1,0.5625002999322267,1,1
2019-08-19,3,0,0.5524149467196191,1,1
2019-08-20,3,0,0.5571003107930238,1,1
2019-08-21,3,0,0.5442073722760787,1,1
2019-08-22,3,1,0.5530437334304904,1,1
2019-08-23,3,0,0.5562139866867893,1,1
2019-08-24,3,0,0.5571874385802081,1,1
2019-08-25,3,1,0.5614221363915768,1,1
2019-08-26,3,0,0.5611849993658993,1,1
2019-08-27,3,0,0.561140454545516,1,1
2019-08-28,3,0,0.5553754254673604,1,1
2019-08-29,3,1,0.5572421922492476,1,1
2019-08-30,3,1,0.560836201028653,1,1
2019-08-31,3,1,0.5647006573890904,1,1
2019-09-01,3,1,0.5663645407824001,1,1
2019-09-02,3,1,0.5562320119784941,1,1
2019-09-03,3,0,0.5591415400281876,1,1
2019-09-04,3,0,0.561902248841098,1,1
2019-09-05,3,0,0.5659886924312375,1,1
2019-09-06,3,1,0.5633435299407065,1,1
2019-09-07,3,0,0.5643950488942325,1,1
2019-09-08,3,0,0.5680673584621188,1,1
2019-09-09,3,0,0.5734949549533764,1,1
2019-09-10,3,1,0.5682585211123282,1,1
2019-09-11,3,1,0.5730505097471709,1,1
2019-09-12,3,0,0.5669948680416846,1,1
2019-09-13,3,0,0.5712181391969973,1,1
2019-09-14,3,0,0.5757038140590095,1,1
2019-09-15,3,0,0.5786623525524505,1,1
2019-09-16,3,0,0.5799505064771819,1,1
2019-09-17,3,0,0.5808261220033819,1,1
2019-09-18,3,1,0.5810687938306608,1,1
2019-09-19,3,0,0.5811439907768055,1,1
2019-09-20,3,0,0.5810274804183275,1,1
2019-09-21,3,1,0.5800531801944782,1,1
2019-09-22,3,0,0.5807201362004623,1,1
2019-09-23,3,0,0.5635593266824537,1,1
2019-09-24,3,0,0.5368053891764074,1,1
2019-09-25,3,0,0.5423902736111159,1,1
2019-09-26,3,1,0.5408550938928125,1,1
2019-09-27,3,0,0.5487517117385255,1,1
2019-09-28,3,0,0.5571647288260506,1,1
2019-09-29,3,1,0.5597073479810285,1,1
2019-09-30,3,1,0.5601879534563972,1,1
2019-10-01,3,1,0.5634047879402334,1,1
2019-10-02,3,0,0.567225698233331,1,1
2019-10-03,3,0,0.5668217193394534,1,1
2019-10-04,3,0,0.5707429637626873,1,1
2019-10-05,3,0,0.5745273407714857,1,1
2019-10-06,3,1,0.5709753261273377,1,1
2019-10-07,3,0,0.560851012698937,1,1
2019-10-08,3,1,0.5644283694946479,1,1
2019-10-09,3,0,0.5587323756242917,1,1
2019-10-10,3,0,0.5616959686708388,1,1
2019-10-11,3,1,0.5593923446317853,1,1
2019-10-12,3,0,0.5621939579679665,1,1
2019-10-13,3,1,0.5657274926881529,1,1
2019-10-14,3,0,0.5697023757346438,1,1
2019-10-15,3,0,0.566993756028266,1,1
2019-10-16,3,1,0.5650788029853352,1,1
2019-10-17,3,0,0.5695855508382037,1,1
2019-10-18,3,1,0.5683468374785506,1,1
2019-10-19,3,1,0.5733117518130105,1,1
2019-10-20,3,1,0.5632021885310261,1,1
2019-10-21,3,0,0.5679252940575772,1,1
2019-10-22,3,0,0.5646770327409718,1,1
2019-10-23,3,0,0.5418476833396544,1,1
2019-10-24,3,1,0.5509315889874721,1,1
2019-10-25,3,1,0.5368053467340124,1,1
2019-10-26,3,1,0.5391480398336934,1,1
2019-10-27,3,0,0.545374223176243,1,1
2019-10-28,3,1,0.5469954217582197,1,1
2019-10-29,3,0,0.5540533467558685,1,1
2019-10-30,3,0,0.5561103665500142,1,1
2019-10-31,3,1,0.5610637033246598,1,1
2019-11-01,3,1,0.5652096959447468,1,1
2019-11-02,3,0,0.5693971464802041,1,1
2019-11-03,3,1,0.5722516674636224,1,1
2019-11-04,3,0,0.5698274911870014,1,1
2019-11-05,3,1,0.5739241749415774,1,1
2019-11-06,3,0,0.5776664700134808,1,1
2019-11-07,3,0,0.5788435009414455,1,1
2019-11-08,3,1,0.557703383765313,1,1
2019-11-09,3,1,0.5613331909996606,1,1
2019-11-10,3,0,0.5601989786335535,1,1
2019-11-11,3,1,0.557713178550876,1,1
2019-11-12,3,0,0.5612082484792674,1,1
2019-11-13,3,0,0.5648818388251695,1,1
2019-11-14,3,0,0.566935541122237,1,1
2019-11-15,3,1,0.5618279090518689,1,1
2019-11-16,3,1,0.5653242208740833,1,1
2019-11-17,3,0,0.5699082208540631,1,1
2019-11-18,3,0,0.5593379464923963,1,1
2019-11-19,3,0,0.5620893024061812,1,1
2019-11-20,3,0,0.5608138675957489,1,1
2019-11-21,3,0,0.5519245358514492,1,1
2019-11-22,3,1,0.5493414498087901,1,1
2019-11-23,3,0,0.5561921958702504,1,1
2019-11-24,3,1,0.5477308638930839,1,1
2019-11-25,3,1,0.5555542512082179,1,1
2019-11-26,3,1,0.5605442038582233,1,1
2019-11-27,3,0,0.5562025302829365,1,1
2019-11-28,3,1,0.5599544332853373,1,1
2019-11-29,3,0,0.5553525207161454,1,1
2019-11-30,3,0,0.5572571099086573,1,1
2019-12-01,3,0,0.5592011841428586,1,1
2019-12-02,3,0,0.5596799128935569,1,1
2019-12-03,3,0,0.5665061797904944,1,1
2019-12-04,3,1,0.5700548429712629,1,1
2019-12-05,3,1,0.5629487931804729,1,1
2019-12-06,3,1,0.5647994608201468,1,1
2019-12-07,3,1,0.5694278322385001,1,1
2019-12-08,3,0,0.5742178305607071,1,1
2019-12-09,3,0,0.5698430182031257,1,1
2019-12-10,3,0,0.5705557328755392,1,1
2019-12-11,3,1,0.5741149057731625,1,1
2019-12-12,3,1,0.577698719127039,1,1
2019-12-13,3,0,0.5796303457000633,1,1
2019-12-14,3,1,0.5765329537577843,1,1
2019-12-15,3,0,0.5790584227453146,1,1
2019-12-16,3,0,0.5656883662122956,1,1
2019-12-17,3,1,0.5508242467659943,1,1
2019-12-18,3,0,0.5374548366534149,1,1
2019-12-19,3,1,0.5444834543993281,1,1
2019-12-20,3,0,0.5537509778695322,1,1
2019-12-21,3,1,0.56108467121311,1,1
2019-12-22,3,0,0.5559710697934434,1,1
2019-12-23,3,0,0.5564427866853079,1,1
2019-12-24,3,0,0.5612469306696007,1,1
2019-12-25,3,0,0.5651440550369509,1,1
2019-12-26,3,1,0.5699763901774284,1,1
2019-12-27,3,1,0.5740127716325184,1,1
2019-12-28,3,1,0.5775014924835196,1,1
2019-12-29,3,0,0.5772952936553591,1,1
2019-12-30,3,0,0.5752507906788162,1,1
2019-12-31,3,1,0.5748078164367907,1,1
2020-01-01,3,0,0.578267587040349,1,1
2020-01-02,3,1,0.5695420708738739,1,1
2020-01-03,3,1,0.5504128642696231,1,1
2020-01-04,3,1,0.5574627387821306,1,1
2020-01-05,3,1,0.5627595876611317,1,1
2020-01-06,3,1,0.556244357106054,1,1
2020-01-07,3,0,0.5547042351442786,1,1
2020-01-08,3,0,0.5586759796222929,1,1
2020-01-09,4,1,0.5475524592803106,1,1
2020-01-10,4,0,0.5459957408553238,1,1
2020-01-11,4,1,0.549292411344592,1,1
2020-01-12,4,0,0.5510264435092308,1,1
2020-01-13,4,1,0.5537306477788232,1,1
2020-01-14,4,0,0.5412851270842965,1,1
2020-01-15,4,0,0.5492709503034906,1,1
2020-01-16,4,1,0.5522097471701659,1,1
2020-01-17,4,1,0.5516881177719055,1,1
2020-01-18,4,0,0.5543520807350321,1,1
2020-01-19,4,0,0.5526266860340945,1,1
2020-01-20,4,1,0.5541926035382282,1,1
2020-01-21,4,0,0.5548938985151266,1,1
2020-01-22,4,0,0.5550604511779555,1,1
2020-01-23,4,1,0.5527538393900898,1,1
2020-01-24,4,0,0.5545703309157067,1,1
2020-01-25,4,1,0.5548466274812373,1,1
2020-01-26,4,1,0.5535502801313094,1,1
2020-01-27,4,1,0.5526408837096677,1,1
2020-01-28,4,0,0.5520160570476036,1,1
2020-01-29,4,1,0.5542515260347747,1,1
2020-01-30,4,0,0.5533338574784732,1,1
2020-01-31,4,1,0.55349299106876,1,1
2020-02-01,4,0,0.5547916618473498,1,1
2020-02-02,4,0,0.5554302842691365,1,1
2020-02-03,4,0,0.5558091011799082,1,1
2020-02-04,4,1,0.5552614195896939,1,1
2020-02-05,4,1,0.5523045261310046,1,1
2020-02-06,4,1,0.5535961098393613,1,1
2020-02-07,4,1,0.5548802284278255,1,1
2020-02-08,4,1,0.5556542186238999,1,1
2020-02-09,4,0,0.5537216868516038,1,1
2020-02-10,4,1,0.552692415683738,1,1
2020-02-11,4,1,0.5526543555212317,1,1
2020-02-12,4,0,0.5537527364451866,1,1
2020-02-13,4,1,0.5542597079829193,1,1
2020-02-14,4,0,0.5549486865099716,1,1
2020-02-15,4,1,0.5514995111719803,1,1
2020-02-16,4,0,0.5541403921722436,1,1
2020-02-17,4,1,0.5521989710045179,1,1
2020-02-18,4,0,0.5482424821400179,1,1
2020-02-19,4,0,0.5429040547225397,1,1
2020-02-20,4,1,0.549974679258289,1,1
2020-02-21,4,0,0.5541543516703578,1,1
2020-02-22,4,1,0.5556536326777404,1,1
2020-02-23,4,0,0.553290440986251,1,1
2020-02-24,4,0,0.5526060220852781,1,1
2020-02-25,4,0,0.5519024029101866,1,1
2020-02-26,4,0,0.5416475865171199,1,1
2020-02-27,4,0,0.5489579574199824,1,1
2020-02-28,4,0,0.5511601021596373,1,1
2020-02-29,4,0,0.5533956278226128,1,1
2020-03-01,4,1,0.5550588920147947,1,1
2020-03-02,4,0,0.552704773803884,1,1
2020-03-03,4,0,0.5538342047345588,1,1
2020-03-04,4,1,0.5548572471346941,1,1
2020-03-05,4,1,0.5523785090361324,1,1
2020-03-06,4,0,0.5544880111337344,1,1
2020-03-07,4,0,0.5526170325863909,1,1
2020-03-08,4,0,0.5309933625852482,1,1
2020-03-09,4,0,0.5332755236861072,1,1
2020-03-10,4,1,0.5411398027389428,1,1
2020-03-11,4,0,0.5505623112043829,1,1
2020-03-12,4,1,0.5303425423941827,1,1
2020-03-13,4,0,0.5303485648191815,1,1
2020-03-14,4,1,0.5305061800203547,1,1
2020-03-15,4,0,0.5336665144967137,1,1
2020-03-16,4,1,0.5309989277908316,1,1
2020-03-17,4,1,0.5331081666771755,1,1
2020-03-18,4,1,0.5410258044903854,1,1
2020-03-19,4,1,0.530342542399571,1,1
2020-03-20,4,0,0.5357798466553755,1,1
2020-03-21,4,0,0.5443749081382595,1,1
2020-03-22,4,1,0.5339956264605382,1,1
2020-03-23,4,1,0.5303654245240272,1,1
2020-03-24,4,0,0.5315217632694852,1,1
2020-03-25,4,1,0.5375678415169491,1,1
2020-03-26,4,0,0.5463227870090915,1,1
2020-03-27,4,0,0.543094682294935,1,1
2020-03-28,4,0,0.5426222111314954,1,1
2020-03-29,4,1,0.5351568295465832,1,1
2020-03-30,4,1,0.530572337045778,1,1
2020-03-31,4,1,0.536420181496577,1,1
2020-04-01,4,1,0.5402074518473758,1,1
2020-04-02,4,0,0.5438103467126408,1,1
2020-04-03,4,1,0.5492781900601512,1,1
2020-04-04,4,0,0.550723249562614,1,1
2020-04-05,4,1,0.552664554254332,1,1
2020-04-06,4,0,0.5396073063679793,1,1
2020-04-07,4,1,0.5448221476204348,1,1
2020-04-08,4,0,0.5477153287382969,1,1
2020-04-09,4,0,0.552267555444008,1,1
2020-04-10,4,0,0.5404374673428539,1,1
2020-04-11,4,1,0.5488200423436602,1,1
2020-04-12,4,0,0.5507821427630694,1,1
2020-04-13,4,0,0.5517410892527363,1,1
2020-04-14,4,0,0.5543593018617103,1,1
2020-04-15,4,1,0.5512460541030025,1,1
2020-04-16,4,0,0.5432273531352336,1,1
2020-04-17,4,1,0.5499561242894812,1,1
2020-04-18,4,0,0.550899921270978,1,1
2020-04-19,4,0,0.5531216231720317,1,1
2020-04-20,4,0,0.5489990060291515,1,1
2020-04-21,4,1,0.5533599359843061,1,1
2020-04-22,4,1,0.5511908656658234,1,1
2020-04-23,4,1,0.5513608103747969,1,1
2020-04-24,4,1,0.5526538719418032,1,1
2020-04-25,4,1,0.5547493398993352,1,1
2020-04-26,4,1,0.55435732543857,1,1
2020-04-27,4,1,0.5541423269478949,1,1
2020-04-28,4,1,0.5552427883793022,1,1
2020-04-29,4,0,0.5303731475719679,1,1
2020-04-30,4,1,0.5346041347804503,1,1
2020-05-01,4,1,0.5400551257829003,1,1
2020-05-02,4,0,0.5461007201440867,1,1
2020-05-03,4,1,0.550514163795999,1,1
2020-05-04,4,1,0.5545666561464133,1,1
2020-05-05,4,1,0.5549367278427845,1,1
2020-05-06,4,1,0.5532284332699375,1,1
2020-05-07,4,0,0.5452071634978128,1,1
2020-05-08,4,0,0.5495574931407993,1,1
2020-05-09,4,0,0.5489437931237796,1,1
2020-05-10,4,0,0.5310040843570316,1,1
2020-05-11,4,1,0.5361123109435306,1,1
2020-05-12,4,1,0.5389093426201615,1,1
2020-05-13,4,1,0.5349676799637268,1,1
2020-05-14,4,0,0.5353856731381395,1,1
2020-05-15,4,1,0.5373539276889193,1,1
2020-05-16,4,1,0.5456515588090248,1,1
2020-05-17,4,1,0.5465985915981578,1,1
2020-05-18,4,1,0.5519808880359707,1,1
2020-05-19,4,0,0.5549677394923386,1,1
2020-05-20,4,0,0.5531142424705875,1,1
2020-05-21,4,1,0.5466591532658958,1,1
2020-05-22,4,1,0.5511273919483478,1,1
2020-05-23,4,0,0.5544772119968798,1,1
2020-05-24,4,1,0.5484764028970638,1,1
2020-05-25,4,0,0.5517150427403719,1,1
2020-05-26,4,1,0.5539090903834988,1,1
2020-05-27,4,1,0.5516266149984448,1,1
2020-05-28,4,0,0.551513057128816,1,1
2020-05-29,4,1,0.5534348360964628,1,1
2020-05-30,4,0,0.5528990200725653,1,1
2020-05-31,4,1,0.5519638855370136,1,1
2020-06-01,4,0,0.5338885087902654,1,1
2020-06-02,4,1,0.5307171842049739,1,1
2020-06-03,4,1,0.5361387740695694,1,1
2020-06-04,4,0,0.5424836671440302,1,1
2020-06-05,4,0,0.5473609846368622,1,1
2020-06-06,4,1,0.5527720007722567,1,1
2020-06-07,4,1,0.554181461773768,1,1
2020-06-08,4,1,0.5555836702265673,1,1
2020-06-09,4,1,0.5560092950362645,1,1
2020-06-10,4,0,0.5558629804556955,1,1
2020-06-11,4,1,0.5481876093307223,1,1
2020-06-12,4,0,0.5509779160997696,1,1
2020-06-13,4,0,0.5541550206312681,1,1
2020-06-14,4,1,0.5547863562369876,1,1
2020-06-15,4,1,0.5555061292484029,1,1
2020-06-16,4,0,0.555603535576092,1,1
2020-06-17,4,0,0.5557978410933089,1,1
2020-06-18,4,0,0.5553291550826581,1,1
2020-06-19,4,1,0.5548178820365222,1,1
2020-06-20,4,0,0.5555775056951531,1,1
2020-06-21,4,1,0.5559539079246991,1,1
2020-06-22,4,0,0.5531825357783479,1,1
2020-06-23,4,0,0.5546086068777408,1,1
2020-06-24,4,0,0.5520616376870389,1,1
2020-06-25,4,0,0.5541676693913511,1,1
2020-06-26,4,0,0.5544177258643732,1,1
2020-06-27,4,1,0.5543098833313606,1,1
2020-06-28,4,1,0.5546577484795318,1,1
2020-06-29,4,0,0.5554500981161529,1,1
2020-06-30,4,1,0.555695612720986,1,1
2020-07-01,4,0,0.5552751070354821,1,1
2020-07-02,4,0,0.5550791167297474,1,1
2020-07-03,4,1,0.5554835266566082,1,1
2020-07-04,4,0,0.5558148727803645,1,1
2020-07-05,4,1,0.5559205580443037,1,1
2020-07-06,4,0,0.5536762478869025,1,1
2020-07-07,4,1,0.5538659024167003,1,1
2020-07-08,4,0,0.5538597304650795,1,1
2020-07-09,4,1,0.553587067238843,1,1
2020-07-10,4,0,0.555053107715697,1,1
2020-07-11,4,1,0.5557402537362838,1,1
2020-07-12,4,0,0.5560120174799786,1,1
2020-07-13,4,0,0.5559576628800049,1,1
2020-07-14,4,0,0.5561105353718833,1,1
2020-07-15,4,0,0.5560005309005143,1,1
2020-07-16,4,1,0.5559264325240362,1,1
2020-07-17,4,1,0.5560981394091455,1,1
2020-07-18,4,1,0.5561494831064219,1,1
2020-07-19,4,0,0.5561600401352472,1,1
2020-07-20,4,1,0.5561750857023907,1,1
2020-07-21,4,1,0.5538962770645144,1,1
2020-07-22,4,1,0.5539699177604023,1,1
2020-07-23,4,0,0.5549167661944826,1,1
2020-07-24,4,1,0.5555118581456786,1,1
2020-07-25,4,1,0.5547060259963702,1,1
2020-07-26,4,1,0.5538902218811499,1,1
2020-07-27,4,0,0.5328977059834273,1,1
2020-07-28,4,1,0.5393154231489652,1,1
2020-07-29,4,1,0.5441065779284314,1,1
2020-07-30,4,1,0.5515002945704579,1,1
2020-07-31,4,1,0.5516323443717415,1,1
2020-08-01,4,0,0.5507560394404107,1,1
2020-08-02,4,1,0.537597770009912,1,1
2020-08-03,4,0,0.5427285500383595,1,1
2020-08-04,4,1,0.5496829730277025,1,1
2020-08-05,4,1,0.5440399469653917,1,1
2020-08-06,4,0,0.5510424290096548,1,1
2020-08-07,4,1,0.5518224665376535,1,1
2020-08-08,4,0,0.5532473166607611,1,1
2020-08-09,4,1,0.5544110043597316,1,1
2020-08-10,4,0,0.5539957475523369,1,1
2020-08-11,4,1,0.5512561068515428,1,1
2020-08-12,4,1,0.5527678334234337,1,1
2020-08-13,4,0,0.5532211460873967,1,1
2020-08-14,4,1,0.5550145108175264,1,1
2020-08-15,4,1,0.5556766428472176,1,1
2020-08-16,4,1,0.5560334395874234,1,1
2020-08-17,4,0,0.5533671741364554,1,1
2020-08-18,4,0,0.5529924417309237,1,1
2020-08-19,4,1,0.5532549307124586,1,1
2020-08-20,4,0,0.5541616038685059,1,1
2020-08-21,4,1,0.5532813615455502,1,1
2020-08-22,4,0,0.5544496195270585,1,1
2020-08-23,4,1,0.5554850787991444,1,1
2020-08-24,4,0,0.5555831260250654,1,1
2020-08-25,4,1,0.5529324151023083,1,1
2020-08-26,4,0,0.5540198979108988,1,1
2020-08-27,4,1,0.553932488847247,1,1
2020-08-28,4,0,0.5534619420030649,1,1
2020-08-29,4,1,0.5550633854780691,1,1
2020-08-30,4,0,0.5539723244700663,1,1
2020-08-31,4,1,0.5545311480512853,1,1
2020-09-01,4,0,0.5537773341356624,1,1
2020-09-02,4,0,0.5501195994676173,1,1
2020-09-03,4,1,0.5303822876967978,1,1
2020-09-04,4,0,0.5349706561755059,1,1
2020-09-05,4,1,0.5347647113847048,1,1
2020-09-06,4,1,0.5417978997839975,1,1
2020-09-07,4,0,0.5487868833512868,1,1
2020-09-08,4,1,0.5487747234023933,1,1
2020-09-09,4,1,0.5521932341097756,1,1
2020-09-10,4,1,0.5538895508016851,1,1
2020-09-11,4,1,0.555344163197451,1,1
2020-09-12,4,0,0.5558744739726578,1,1
2020-09-13,4,1,0.555414687330313,1,1
2020-09-14,4,1,0.5531757143058685,1,1
2020-09-15,4,1,0.5541385042859853,1,1
2020-09-16,4,0,0.5539517810718312,1,1
2020-09-17,4,0,0.5550520861748133,1,1
2020-09-18,4,1,0.5557664662707508,1,1
2020-09-19,4,0,0.5555695319394227,1,1
2020-09-20,4,0,0.5548239288382522,1,1
2020-09-21,4,1,0.5494624751330439,1,1
2020-09-22,4,0,0.5529961426127236,1,1
2020-09-23,4,1,0.5517859285584283,1,1
2020-09-24,4,0,0.5492199749945434,1,1
2020-09-25,4,1,0.5527290886744327,1,1
2020-09-26,4,1,0.554876804429417,1,1
2020-09-27,4,0,0.5558024382042864,1,1
2020-09-28,4,1,0.5559989930728094,1,1
2020-09-29,4,0,0.5553849923572262,1,1
2020-09-30,4,0,0.555829007487994,1,1
2020-10-01,4,0,0.5543384301453363,1,1
2020-10-02,4,0,0.5548383575396214,1,1
2020-10-03,4,1,0.5556628341398576,1,1
2020-10-04,4,1,0.5552869349383334,1,1
2020-10-05,4,0,0.5551989747564134,1,1
2020-10-06,4,1,0.5539610386976238,1,1
2020-10-07,4,1,0.5553159492727994,1,1
2020-10-08,4,1,0.5538313473968647,1,1
2020-10-09,4,1,0.5541153290434211,1,1
2020-10-10,4,1,0.5538500759835887,1,1
2020-10-11,4,1,0.5545955765747181,1,1
2020-10-12,4,0,0.554211169222138,1,1
2020-10-13,4,1,0.5543550786138195,1,1
2020-10-14,4,1,0.555419429798204,1,1
2020-10-15,4,0,0.5559103869868628,1,1
2020-10-16,4,1,0.5542678276482287,1,1
2020-10-17,4,1,0.5552664208013592,1,1
2020-10-18,4,1,0.5551561705316748,1,1
2020-10-19,4,1,0.5537888360536118,1,1
2020-10-20,4,1,0.5540048246622714,1,1
2020-10-21,4,1,0.5435009816357085,1,1
2020-10-22,4,0,0.5492158768949762,1,1
2020-10-23,4,1,0.5536740639052442,1,1
2020-10-24,4,0,0.5539223924300938,1,1
2020-10-25,4,1,0.5550999317214016,1,1
2020-10-26,4,1,0.5558210112563262,1,1
2020-10-27,4,0,0.5514005547718801,1,1
2020-10-28,4,1,0.5499107649207614,1,1
2020-10-29,4,1,0.5524309256045784,1,1
2020-10-30,4,1,0.5544157548926731,1,1
2020-10-31,4,0,0.5538100063855579,1,1
2020-11-01,4,0,0.5550269952870923,1,1
2020-11-02,4,1,0.5541017068662307,1,1
2020-11-03,4,1,0.5530178012589594,1,1
2020-11-04,4,1,0.5538446975974453,1,1
2020-11-05,4,0,0.531608189324436,1,1
2020-11-06,4,0,0.5384069471307064,1,1
2020-11-07,4,1,0.5330932119789359,1,1
2020-11-08,4,0,0.5344877728808004,1,1
2020-11-09,4,0,0.5411285867294475,1,1
2020-11-10,4,1,0.549526975384397,1,1
2020-11-11,4,1,0.5494586426053355,1,1
2020-11-12,4,1,0.5485216806429584,1,1
2020-11-13,4,0,0.5530191401773955,1,1
2020-11-14,4,0,0.553119084737073,1,1
2020-11-15,4,1,0.5545487905363018,1,1
2020-11-16,4,1,0.5497163470216148,1,1
2020-11-17,4,1,0.5474922535517647,1,1
2020-11-18,4,1,0.551916360423044,1,1
2020-11-19,4,1,0.5548484772623328,1,1
2020-11-20,4,1,0.5521659827752953,1,1
2020-11-21,4,0,0.5543923225724886,1,1
2020-11-22,4,0,0.5538997348427832,1,1
2020-11-23,4,1,0.5552916648827033,1,1
2020-11-24,4,0,0.5525695301064147,1,1
2020-11-25,4,0,0.5522554882765008,1,1
2020-11-26,4,0,0.5306526497363159,1,1
2020-11-27,4,1,0.5362512635875128,1,1
2020-11-28,4,1,0.5376765161030382,1,1
2020-11-29,4,1,0.5413627923850924,1,1
2020-11-30,4,0,0.5320463674649388,1,1
2020-12-01,4,1,0.532271261772327,1,1
2020-12-02,4,1,0.5374379691818099,1,1
2020-12-03,4,0,0.544075523637458,1,1
2020-12-04,4,1,0.5442487896896836,1,1
2020-12-05,4,1,0.5473980392639045,1,1
2020-12-06,4,0,0.5517986539163351,1,1
2020-12-07,4,0,0.554020551162675,1,1
2020-12-08,4,1,0.5496450102176241,1,1
2020-12-09,4,0,0.552385148661137,1,1
2020-12-10,4,0,0.552825657974234,1,1
2020-12-11,4,1,0.5537423960675035,1,1
2020-12-12,4,1,0.5521956698756626,1,1
2020-12-13,4,1,0.5530483838920449,1,1
2020-12-14,4,1,0.5545442712315607,1,1
2020-12-15,4,1,0.5550897438571478,1,1
2020-12-16,4,1,0.5323766661127446,1,1
2020-12-17,4,1,0.5321256383869024,1,1
2020-12-18,4,1,0.538288630582832,1,1
2020-12-19,4,0,0.5422844790426731,1,1
2020-12-20,4,0,0.5467453711059107,1,1
2020-12-21,4,1,0.5459062216696707,1,1
2020-12-22,4,0,0.5395498189311507,1,1
2020-12-23,4,1,0.5450068930504718,1,1
2020-12-24,4,1,0.5489448629445974,1,1
2020-12-25,4,1,0.5487029517634028,1,1
2020-12-26,4,0,0.5359688916760522,1,1
2020-12-27,4,1,0.5435547135836887,1,1
2020-12-28,4,1,0.54388155202704,1,1
2020-12-29,4,1,0.5498656096195241,1,1
2020-12-30,4,1,0.5403689184860299,1,1
2020-12-31,4,1,0.5485734129895788,1,1
2021-01-01,4,1,0.5521656636014071,1,1
2021-01-02,4,1,0.5305722032036846,1,1
2021-01-03,4,0,0.5361388918521057,1,1
2021-01-04,4,1,0.53884325567308,1,1
2021-01-05,4,1,0.533332074123707,1,1
2021-01-06,4,1,0.5304813047424932,1,1
2021-01-07,4,1,0.530822830848036,1,1
2021-01-08,4,0,0.5341606089124602,1,1
2021-01-09,4,0,0.5395856608512568,1,1
2021-01-10,4,0,0.5342721976929257,1,1
2021-01-11,4,0,0.53054742368392,1,1
2021-01-12,4,1,0.5318623531432612,1,1
2021-01-13,4,1,0.5303622094713522,1,1
2021-01-14,4,0,0.5316546674317972,1,1
2021-01-15,4,0,0.5305850427190931,1,1
2021-01-16,4,0,0.5348995932554341,1,1
2021-01-17,4,1,0.5411281607587051,1,1
2021-01-18,4,0,0.5450403260976366,1,1
2021-01-19,4,0,0.5476604348738521,1,1
2021-01-20,4,0,0.5499804927525989,1,1
2021-01-21,4,1,0.5303433258666329,1,1
2021-01-22,4,0,0.5307050860715024,1,1
2021-01-23,4,1,0.5335866567969365,1,1
2021-01-24,4,1,0.5413029644962025,1,1
2021-01-25,4,1,0.5503806159580267,1,1
2021-01-26,4,0,0.5544864405067419,1,1
2021-01-27,4,1,0.5388347236337852,1,1
2021-01-28,4,1,0.5304381895574396,1,1
2021-01-29,4,0,0.5354586595079164,1,1
2021-01-30,4,0,0.5441039751911909,1,1
2021-01-31,4,1,0.543904974616713,1,1
2021-02-01,4,1,0.5491092569617024,1,1
2021-02-02,4,1,0.5413568316674473,1,1
2021-02-03,4,0,0.5360119029027042,1,1
2021-02-04,4,1,0.5420758497042344,1,1
2021-02-05,4,1,0.5438062580682586,1,1
2021-02-06,4,0,0.5470504792455333,1,1
2021-02-07,4,1,0.5510439534864024,1,1
2021-02-08,4,1,0.5303425425427895,1,1
2021-02-09,4,0,0.5358493110514732,1,1
2021-02-10,4,1,0.5357494355418009,1,1
2021-02-11,4,0,0.5316258066294643,1,1
2021-02-12,4,0,0.5375440360708817,1,1
2021-02-13,4,1,0.5446329696129777,1,1
2021-02-14,4,0,0.5450796561543222,1,1
2021-02-15,4,1,0.5485912530247854,1,1
2021-02-16,4,1,0.5505437377765015,1,1
2021-02-17,4,0,0.5442330452267586,1,1
2021-02-18,4,1,0.5494313208261067,1,1
2021-02-19,4,1,0.5341909970761346,1,1
2021-02-20,4,1,0.5426560735529077,1,1
2021-02-21,4,0,0.5468902508144415,1,1
2021-02-22,4,0,0.5346618496503817,1,1
2021-02-23,4,1,0.5303481152299294,1,1
2021-02-24,4,0,0.5346425875585079,1,1
2021-02-25,4,0,0.5318869340531637,1,1
2021-02-26,4,0,0.5366378220550145,1,1
2021-02-27,4,0,0.545253511404316,1,1
2021-02-28,4,1,0.5452336980565496,1,1
2021-03-01,4,0,0.5304254657803658,1,1
2021-03-02,4,1,0.5343660685688605,1,1
2021-03-03,4,0,0.5342973739177816,1,1
2021-03-04,4,1,0.5341520661757445,1,1
2021-03-05,4,0,0.541588286759251,1,1
2021-03-06,4,1,0.5504150331969885,1,1
2021-03-07,4,1,0.5442455536533308,1,1
2021-03-08,4,1,0.5476391226364425,1,1
2021-03-09,4,1,0.543275483086894,1,1
2021-03-10,4,1,0.5468947150640296,1,1
2021-03-11,4,0,0.5476293316938964,1,1
2021-03-12,4,1,0.5516233505190683,1,1
2021-03-13,4,0,0.5394174020980531,1,1
2021-03-14,4,0,0.5361363106470458,1,1
2021-03-15,4,1,0.5326353828953017,1,1
2021-03-16,4,1,0.5382226642831862,1,1
2021-03-17,4,0,0.5389555299013339,1,1
2021-03-18,4,1,0.5429928235098188,1,1
2021-03-19,4,0,0.5496839543245984,1,1
2021-03-20,4,0,0.5542725085165041,1,1
2021-03-21,4,0,0.5534732909378517,1,1
2021-03-22,4,1,0.5488603524123664,1,1
2021-03-23,4,0,0.5532204421560106,1,1
2021-03-24,4,0,0.5499533924192368,1,1
2021-03-25,4,1,0.5508033018209401,1,1
2021-03-26,4,1,0.5387171302447757,1,1
2021-03-27,4,0,0.544665003731665,1,1
2021-03-28,4,1,0.5517087178980637,1,1
2021-03-29,4,1,0.550212792618115,1,1
2021-03-30,4,1,0.5519725784870697,1,1
2021-03-31,4,1,0.5544108291634458,1,1
2021-04-01,4,1,0.555593961534055,1,1
2021-04-02,4,0,0.5559315015824108,1,1
2021-04-03,4,1,0.5528169279944606,1,1
2021-04-04,4,1,0.5531205504399205,1,1
2021-04-05,4,0,0.5546759162694822,1,1
2021-04-06,4,0,0.5539811128553285,1,1
2021-04-07,4,1,0.5518916830229487,1,1
2021-04-08,4,0,0.5499323902351381,1,1
2021-04-09,4,1,0.5536722971466641,1,1
2021-04-10,4,1,0.5525847738051493,1,1
2021-04-11,4,0,0.5541384583050082,1,1
2021-04-12,4,1,0.555210870727373,1,1
2021-04-13,4,0,0.5502142292302987,1,1
2021-04-14,4,1,0.5534064695942009,1,1
2021-04-15,4,0,0.555376557871958,1,1
2021-04-16,4,0,0.5526805780290617,1,1
2021-04-17,4,0,0.5534277156556351,1,1
2021-04-18,4,0,0.5397344439383779,1,1
2021-04-19,4,1,0.5463652473748567,1,1
2021-04-20,4,0,0.5503069756530042,1,1
2021-04-21,4,0,0.5412858451283892,1,1
2021-04-22,4,0,0.5346603654879531,1,1
2021-04-23,4,0,0.5395482812410212,1,1
2021-04-24,4,0,0.5423599164690367,1,1
2021-04-25,4,1,0.5442717891808803,1,1
2021-04-26,4,1,0.5304180100693086,1,1
2021-04-27,5,0,0.5489348498916938,1,1
2021-04-28,5,0,0.5527037819789383,1,1
2021-04-29,5,1,0.550941728504586,1,1
2021-04-30,5,1,0.5429193946716608,1,1
2021-05-01,5,0,0.5493829842681491,1,1
2021-05-02,5,1,0.5496382331563952,1,1
2021-05-03,5,0,0.552664685759759,1,1
2021-05-04,5,1,0.5339207698438254,1,1
2021-05-05,5,0,0.5287291806238126,1,1
2021-05-06,5,1,0.5364369047448192,1,1
2021-05-07,5,1,0.5438024588648587,1,1
2021-05-08,5,0,0.5471708946834936,1,1
2021-05-09,5,0,0.5506767251725182,1,1
2021-05-10,5,1,0.5473480242321465,1,1
2021-05-11,5,0,0.5501387382847334,1,1
2021-05-12,5,1,0.5252223769294929,1,1
2021-05-13,5,1,0.532268282945067,1,1
2021-05-14,5,0,0.5415430947092416,1,1
2021-05-15,5,0,0.5294072901225607,1,1
2021-05-16,5,0,0.5373214320262958,1,1
2021-05-17,5,0,0.5258539573553365,1,1
2021-05-18,5,0,0.5330131853083314,1,1
2021-05-19,5,1,0.5252217902298809,1,1
2021-05-20,5,0,0.5252921942744977,1,1
2021-05-21,5,1,0.5257216579497502,1,1
2021-05-22,5,0,0.5329443678157504,1,1
2021-05-23,5,1,0.5271047300792921,1,1
2021-05-24,5,0,0.5252488785376127,1,1
2021-05-25,5,1,0.5315669175043198,1,1
2021-05-26,5,0,0.5376811313043323,1,1
2021-05-27,5,0,0.5420760453060164,1,1
2021-05-28,5,0,0.5289565490415451,1,1
2021-05-29,5,1,0.532125992829836,1,1
2021-05-30,5,1,0.5362607361197116,1,1
2021-05-31,5,0,0.5373193150314175,1,1
2021-06-01,5,1,0.5431243116522544,1,1
2021-06-02,5,1,0.5461508871500673,1,1
2021-06-03,5,0,0.5450563245996995,1,1
2021-06-04,5,0,0.5383498762362919,1,1
2021-06-05,5,1,0.5388802389619017,1,1
2021-06-06,5,0,0.5463247955902837,1,1
2021-06-07,5,0,0.5444895868095007,1,1
2021-06-08,5,1,0.5499738491974612,1,1
2021-06-09,5,0,0.5257876766394951,1,1
2021-06-10,5,1,0.5311900689891642,1,1
2021-06-11,5,0,0.5391619619040363,1,1
2021-06-12,5,1,0.5353536387866538,1,1
2021-06-13,5,1,0.5259535994694433,1,1
2021-06-14,5,1,0.5323080852721184,1,1
2021-06-15,5,0,0.5409731694338219,1,1
2021-06-16,5,0,0.5318314010176013,1,1
2021-06-17,5,0,0.5402617755166202,1,1
2021-06-18,5,0,0.5283812006164874,1,1
2021-06-19,5,1,0.5366577363320751,1,1
2021-06-20,5,0,0.5465566547398538,1,1
2021-06-21,5,1,0.5253360154716296,1,1
2021-06-22,5,1,0.5317406750074647,1,1
2021-06-23,5,1,0.535194223403931,1,1
2021-06-24,5,0,0.5408127754451466,1,1
2021-06-25,5,1,0.5269850689388991,1,1
2021-06-26,5,1,0.5342547928337392,1,1
2021-06-27,5,0,0.5283254904788899,1,1
2021-06-28,5,1,0.5362807778032019,1,1
2021-06-29,5,0,0.5371815210980386,1,1
2021-06-30,5,0,0.542198484124264,1,1
2021-07-01,5,1,0.5426840536178925,1,1
2021-07-02,5,1,0.5486439694261493,1,1
2021-07-03,5,1,0.5499260985927026,1,1
2021-07-04,5,0,0.5512244766688871,1,1
2021-07-05,5,1,0.5469915844109503,1,1
2021-07-06,5,0,0.5501960162363543,1,1
2021-07-07,5,0,0.5523149689861501,1,1
2021-07-08,5,1,0.5509087585746287,1,1
2021-07-09,5,0,0.5510305594205871,1,1
2021-07-10,5,1,0.5525637322898768,1,1
2021-07-11,5,0,0.551985855876417,1,1
2021-07-12,5,0,0.5501012669290702,1,1
2021-07-13,5,1,0.551454414380687,1,1
2021-07-14,5,0,0.5539460417540073,1,1
2021-07-15,5,0,0.5505458877139044,1,1
2021-07-16,5,1,0.5520307663518569,1,1
2021-07-17,5,1,0.5546762917713064,1,1
2021-07-18,5,0,0.5560661100618087,1,1
2021-07-19,5,0,0.5502958335868677,1,1
2021-07-20,5,1,0.5494760478379305,1,1
2021-07-21,5,1,0.5369712087643417,1,1
2021-07-22,5,1,0.5453922937616432,1,1
2021-07-23,5,1,0.5450213415572563,1,1
2021-07-24,5,1,0.5485052267491686,1,1
2021-07-25,5,1,0.5486658922277373,1,1
2021-07-26,5,1,0.5481902168323203,1,1
2021-07-27,5,1,0.5466411724938028,1,1
2021-07-28,5,1,0.5489278006895972,1,1
2021-07-29,5,1,0.5535677227686353,1,1
2021-07-30,5,0,0.5471278825526829,1,1
2021-07-31,5,0,0.5497742898757045,1,1
2021-08-01,5,0,0.546157816967985,1,1
2021-08-02,5,0,0.548043475825728,1,1
2021-08-03,5,1,0.5478748504664417,1,1
2021-08-04,5,1,0.5454907752158786,1,1
2021-08-05,5,1,0.5483274928754108,1,1
2021-08-06,5,1,0.5484123843620201,1,1
2021-08-07,5,0,0.5485379166500493,1,1
2021-08-08,5,1,0.5499794886783664,1,1
2021-08-09,5,0,0.5442498801934895,1,1
2021-08-10,5,1,0.5471706058817468,1,1
2021-08-11,5,0,0.5521937922404522,1,1
2021-08-12,5,1,0.5496388964680018,1,1
2021-08-13,5,0,0.5397773606975844,1,1
2021-08-14,5,0,0.5449201329608268,1,1
2021-08-15,5,0,0.5512760105094184,1,1
2021-08-16,5,0,0.5500744368840816,1,1
2021-08-17,5,1,0.5488266359546597,1,1
2021-08-18,5,1,0.5522765648659016,1,1
2021-08-19,5,1,0.5494974662495495,1,1
2021-08-20,5,0,0.5449364176667956,1,1
2021-08-21,5,1,0.5493233137807156,1,1
2021-08-22,5,1,0.5530950404516642,1,1
2021-08-23,5,0,0.5557242514054764,1,1
2021-08-24,5,1,0.549551841807373,1,1
2021-08-25,5,0,0.5488503308352898,1,1
2021-08-26,5,1,0.5402747958795241,1,1
2021-08-27,5,0,0.5407953444000146,1,1
2021-08-28,5,0,0.5479691138426159,1,1
2021-08-29,5,0,0.5533419829139536,1,1
2021-08-30,5,1,0.5476632185986651,1,1
2021-08-31,5,1,0.5517047938416829,1,1
2021-09-01,5,1,0.5498573643041187,1,1
2021-09-02,5,1,0.5520467199624721,1,1
2021-09-03,5,0,0.5532811432467983,1,1
2021-09-04,5,1,0.5555772179549997,1,1
2021-09-05,5,1,0.5509915585935033,1,1
2021-09-06,5,0,0.5517275952504419,1,1
2021-09-07,5,0,0.5261627347562239,1,1
2021-09-08,5,1,0.5325788468209881,1,1
2021-09-09,5,0,0.5417808700132078,1,1
2021-09-10,5,1,0.5466409462097882,1,1
2021-09-11,5,1,0.5509360533036045,1,1
2021-09-12,5,0,0.5516152245228303,1,1
2021-09-13,5,1,0.550664653047389,1,1
2021-09-14,5,1,0.5492323264234343,1,1
2021-09-15,5,0,0.5500738708064515,1,1
2021-09-16,5,0,0.5523281500981958,1,1
2021-09-17,5,1,0.5537988814528543,1,1
2021-09-18,5,0,0.5525281640475653,1,1
2021-09-19,5,0,0.5516132298288008,1,1
2021-09-20,5,0,0.5270040610282603,1,1
2021-09-21,5,1,0.5270728425349854,1,1
2021-09-22,5,1,0.5272060520899086,1,1
2021-09-23,5,0,0.5331100668778807,1,1
2021-09-24,5,0,0.5314714240425911,1,1
2021-09-25,5,1,0.5403845445112538,1,1
2021-09-26,5,0,0.5478921069541026,1,1
2021-09-27,5,0,0.5479280307864104,1,1
2021-09-28,5,1,0.5474203371218943,1,1
2021-09-29,5,1,0.5507239272997654,1,1
2021-09-30,5,1,0.5485327123147152,1,1
2021-10-01,5,0,0.5295915851299976,1,1
2021-10-02,5,1,0.537201606884612,1,1
2021-10-03,5,1,0.5457763575631558,1,1
2021-10-04,5,1,0.5489242526734259,1,1
2021-10-05,5,1,0.5466070684684494,1,1
2021-10-06,5,0,0.5389958099274981,1,1
2021-10-07,5,1,0.5406343370197118,1,1
2021-10-08,5,1,0.54809877538491,1,1
2021-10-09,5,0,0.5503084575719076,1,1
2021-10-10,5,1,0.5538349492034389,1,1
2021-10-11,5,0,0.5492566197329857,1,1
2021-10-12,5,1,0.5473289537139256,1,1
2021-10-13,5,0,0.5488492042083171,1,1
2021-10-14,5,1,0.5523857519473794,1,1
2021-10-15,5,0,0.5384854894711402,1,1
2021-10-16,5,1,0.5431975091550175,1,1
2021-10-17,5,1,0.5497350219103035,1,1
2021-10-18,5,1,0.5541326467655374,1,1
2021-10-19,5,1,0.5486033691522031,1,1
2021-10-20,5,0,0.5496385820101088,1,1
2021-10-21,5,0,0.5429105412277373,1,1
2021-10-22,5,1,0.5466297414830793,1,1
2021-10-23,5,0,0.5505082548693215,1,1
2021-10-24,5,1,0.5531972802238111,1,1
2021-10-25,5,0,0.5474846742194492,1,1
2021-10-26,5,0,0.545553352589879,1,1
2021-10-27,5,1,0.5455493978557001,1,1
2021-10-28,5,1,0.5486670521050305,1,1
2021-10-29,5,0,0.5499353139127249,1,1
2021-10-30,5,0,0.5524040487454985,1,1
2021-10-31,5,0,0.5538943326099727,1,1
2021-11-01,5,1,0.555806191614861,1,1
2021-11-02,5,0,0.5508344065501157,1,1
2021-11-03,5,0,0.5528489643769304,1,1
2021-11-04,5,0,0.5513372962245923,1,1
2021-11-05,5,1,0.5533434079395881,1,1
2021-11-06,5,1,0.5552673034102914,1,1
2021-11-07,5,1,0.5516622018877395,1,1
2021-11-08,5,0,0.5491425640781307,1,1
2021-11-09,5,0,0.5516517815532385,1,1
2021-11-10,5,0,0.5496566999301039,1,1
2021-11-11,5,0,0.5525962265378294,1,1
2021-11-12,5,1,0.5537894639062134,1,1
2021-11-13,5,1,0.555831797923419,1,1
2021-11-14,5,0,0.5553783494201842,1,1
2021-11-15,5,0,0.5506093209519026,1,1
2021-11-16,5,1,0.5464878916889188,1,1
2021-11-17,5,0,0.551099925142088,1,1
2021-11-18,5,1,0.5331574600714958,1,1
2021-11-19,5,1,0.5404827221764639,1,1
2021-11-20,5,0,0.5450694995119751,1,1
2021-11-21,5,0,0.5481803706237071,1,1
2021-11-22,5,1,0.5424704170092239,1,1
2021-11-23,5,0,0.5468118647811876,1,1
2021-11-24,5,1,0.5474736908887733,1,1
2021-11-25,5,0,0.549739575666887,1,1
2021-11-26,5,1,0.5283382196840745,1,1
2021-11-27,5,1,0.5347432124898208,1,1
2021-11-28,5,1,0.537118556693172,1,1
2021-11-29,5,0,0.5449839029858602,1,1
2021-11-30,5,1,0.5487752372607002,1,1
2021-12-01,5,0,0.5538572932845995,1,1
2021-12-02,5,0,0.5547273289096103,1,1
2021-12-03,5,0,0.5464837517089417,1,1
2021-12-04,5,1,0.5308898929740172,1,1
2021-12-05,5,1,0.5400511903458933,1,1
2021-12-06,5,1,0.544923627652367,1,1
2021-12-07,5,0,0.5507006496560892,1,1
2021-12-08,5,0,0.5546089234218735,1,1
2021-12-09,5,0,0.5439454751537416,1,1
2021-12-10,5,1,0.5485172379561869,1,1
2021-12-11,5,1,0.5455277034938948,1,1
2021-12-12,5,0,0.54930978265976,1,1
2021-12-13,5,0,0.5374408650914374,1,1
2021-12-14,5,1,0.545811585348051,1,1
2021-12-15,5,0,0.5418991952895068,1,1
2021-12-16,5,0,0.5447103270720003,1,1
2021-12-17,5,1,0.5466479015830857,1,1
2021-12-18,5,0,0.5502080595129484,1,1
2021-12-19,5,1,0.553387355632823,1,1
2021-12-20,5,1,0.5557104956877573,1,1
2021-12-21,5,0,0.5503594184719551,1,1
2021-12-22,5,1,0.5524153978960445,1,1
2021-12-23,5,1,0.5508057906776548,1,1
2021-12-24,5,0,0.5529088262105094,1,1
2021-12-25,5,1,0.5549910687213403,1,1
2021-12-26,5,0,0.5563605174285997,1,1
2021-12-27,5,0,0.5573641621794087,1,1
2021-12-28,5,0,0.544363727682409,1,1
2021-12-29,5,1,0.5474805371289974,1,1
2021-12-30,5,0,0.549894516208302,1,1
2021-12-31,5,1,0.5509783314988742,1,1
2022-01-01,5,0,0.550428009006569,1,1
2022-01-02,5,0,0.552438514531806,1,1
2022-01-03,5,0,0.5519746346257427,1,1
2022-01-04,5,0,0.5532926341391142,1,1
2022-01-05,5,0,0.5475714962167153,1,1
2022-01-06,5,0,0.5507363608223454,1,1
2022-01-07,5,1,0.5464469563882057,1,1
2022-01-08,5,1,0.551058290083382,1,1
2022-01-09,5,0,0.5543664787719425,1,1
2022-01-10,5,1,0.5563562223614272,1,1
2022-01-11,5,1,0.5545569641345149,1,1
2022-01-12,5,0,0.5514038683223658,1,1
2022-01-13,5,1,0.549675820362459,1,1
2022-01-14,5,1,0.5517838031421907,1,1
2022-01-15,5,0,0.5542715070203822,1,1
2022-01-16,5,0,0.5561508252227557,1,1
2022-01-17,5,1,0.5537745733990523,1,1
2022-01-18,5,0,0.5557191888024243,1,1
2022-01-19,5,0,0.5550941156879966,1,1
2022-01-20,5,0,0.5515614986315004,1,1
2022-01-21,5,0,0.5253754232285407,1,1
2022-01-22,5,1,0.5285223950183509,1,1
2022-01-23,5,1,0.5339538443626171,1,1
2022-01-24,5,1,0.5425531379621678,1,1
2022-01-25,5,0,0.5496565990559563,1,1
2022-01-26,5,1,0.5543776296190013,1,1
2022-01-27,5,1,0.5564096090970042,1,1
2022-01-28,5,1,0.5553935799707287,1,1
2022-01-29,5,0,0.5565830447807475,1,1
2022-01-30,5,1,0.5573247362726197,1,1
2022-01-31,5,1,0.5567172646345652,1,1
2022-02-01,5,0,0.5572265003579396,1,1
2022-02-02,5,1,0.5491850758450129,1,1
2022-02-03,5,1,0.5521260194654107,1,1
2022-02-04,5,0,0.5264145485553606,1,1
2022-02-05,5,1,0.5340509989351298,1,1
2022-02-06,5,1,0.5409045038258259,1,1
2022-02-07,5,1,0.5425204918325793,1,1
2022-02-08,5,1,0.5489498624065314,1,1
2022-02-09,5,0,0.5534831291042697,1,1
2022-02-10,5,0,0.5529662203255746,1,1
2022-02-11,5,0,0.5506016774474993,1,1
2022-02-12,5,0,0.5531310156424815,1,1
2022-02-13,5,1,0.5555158232110948,1,1
2022-02-14,5,1,0.5564443057454305,1,1
2022-02-15,5,0,0.5502468582405725,1,1
2022-02-16,5,0,0.5514943009513898,1,1
2022-02-17,5,0,0.537430354543005,1,1
2022-02-18,5,1,0.5442249878586836,1,1
2022-02-19,5,0,0.5510238508670726,1,1
2022-02-20,5,0,0.5446363266457699,1,1
2022-02-21,5,1,0.5427799641868992,1,1
2022-02-22,5,0,0.5458373550200413,1,1
2022-02-23,5,1,0.5471603086927617,1,1
2022-02-24,5,1,0.5496818364341233,1,1
2022-02-25,5,0,0.5507100617415581,1,1
2022-02-26,5,0,0.5530306134103651,1,1
2022-02-27,5,1,0.5500096006244141,1,1
2022-02-28,5,1,0.5252416603122709,1,1
2022-03-01,5,0,0.5316218475456364,1,1
2022-03-02,5,0,0.5399343600154389,1,1
2022-03-03,5,0,0.5365086801530959,1,1
2022-03-04,5,1,0.5271525840501358,1,1
2022-03-05,5,0,0.5351626356536082,1,1
2022-03-06,5,0,0.5387301816733424,1,1
2022-03-07,5,1,0.5452671516080988,1,1
2022-03-08,5,1,0.548854701155969,1,1
2022-03-09,5,0,0.5294151140286818,1,1
2022-03-10,5,0,0.537762710773708,1,1
2022-03-11,5,1,0.5425471416132904,1,1
2022-03-12,5,0,0.549966289273116,1,1
2022-03-13,5,1,0.5477215882433066,1,1
2022-03-14,5,0,0.5480236145094821,1,1
2022-03-15,5,1,0.5512722307348351,1,1
2022-03-16,5,0,0.5477904967879047,1,1
2022-03-17,5,1,0.5513838253696104,1,1
2022-03-18,5,1,0.5515304833272137,1,1
2022-03-19,5,0,0.5534230191765492,1,1
2022-03-20,5,0,0.5517479464725623,1,1
2022-03-21,5,1,0.5539447179994841,1,1
2022-03-22,5,1,0.5511033085907485,1,1
2022-03-23,5,1,0.5523580722322226,1,1
2022-03-24,5,1,0.5515305507330636,1,1
2022-03-25,5,1,0.5530433018817584,1,1
2022-03-26,5,1,0.5550749799465515,1,1
2022-03-27,5,1,0.5495928491765508,1,1
2022-03-28,5,1,0.5522052979847335,1,1
2022-03-29,5,0,0.5544946010567339,1,1
2022-03-30,5,0,0.5559347369826005,1,1
2022-03-31,5,1,0.5502233230712458,1,1
2022-04-01,5,0,0.551577742583903,1,1
2022-04-02,5,1,0.5533286709762849,1,1
2022-04-03,5,1,0.5543158915340104,1,1
2022-04-04,5,0,0.5561395281346297,1,1
2022-04-05,5,0,0.5532215316570227,1,1
2022-04-06,5,1,0.5477652871660235,1,1
2022-04-07,5,0,0.5514241812163162,1,1
2022-04-08,5,1,0.549610465952685,1,1
2022-04-09,5,0,0.5518690448505597,1,1
2022-04-10,5,0,0.5528138043224536,1,1
2022-04-11,5,1,0.5408145479333331,1,1
2022-04-12,5,1,0.5466508304404861,1,1
2022-04-13,5,0,0.5485204806871931,1,1
2022-04-14,5,1,0.5500974628328508,1,1
2022-04-15,5,0,0.5513625817317385,1,1
2022-04-16,5,0,0.5539673863740184,1,1
2022-04-17,5,1,0.5534121903775944,1,1
2022-04-18,5,1,0.5512613633684292,1,1
2022-04-19,5,0,0.5520308991981062,1,1
2022-04-20,5,0,0.554075741862719,1,1
2022-04-21,5,0,0.5525491004953609,1,1
2022-04-22,5,0,0.5518108158242012,1,1
2022-04-23,5,0,0.5543350150411076,1,1
2022-04-24,5,1,0.556339368589436,1,1
2022-04-25,5,0,0.5527069709467581,1,1
2022-04-26,5,1,0.5458089554368395,1,1
2022-04-27,5,1,0.5479512231809116,1,1
2022-04-28,5,0,0.5507322424578358,1,1
2022-04-29,5,0,0.5484574866119574,1,1
2022-04-30,5,1,0.5487470102556471,1,1
2022-05-01,5,1,0.5505585046790179,1,1
2022-05-02,5,0,0.55326767315201,1,1
2022-05-03,5,1,0.5521759971312473,1,1
2022-05-04,5,0,0.5512159243178314,1,1
2022-05-05,5,0,0.5300501826642456,1,1
2022-05-06,5,0,0.5335293883131152,1,1
2022-05-07,5,0,0.5400591927799098,1,1
2022-05-08,5,0,0.5345183948561901,1,1
2022-05-09,5,1,0.525221896353289,1,1
2022-05-10,5,0,0.5312500735858455,1,1
2022-05-11,5,1,0.5280638533260754,1,1
2022-05-12,5,1,0.5365116562454962,1,1
2022-05-13,5,1,0.5457208876440007,1,1
2022-05-14,5,1,0.5448543846494508,1,1
2022-05-15,5,0,0.5451621266343044,1,1
2022-05-16,5,1,0.5432220533946909,1,1
2022-05-17,5,0,0.5475541187571695,1,1
2022-05-18,5,1,0.5402099308849266,1,1
2022-05-19,5,0,0.5400766510085228,1,1
2022-05-20,5,1,0.5404466210342382,1,1
2022-05-21,5,1,0.5475511153059213,1,1
2022-05-22,5,0,0.5477575703756571,1,1
2022-05-23,5,1,0.5461868522171431,1,1
2022-05-24,5,0,0.549217871469402,1,1
2022-05-25,5,0,0.5526354298477697,1,1
2022-05-26,5,0,0.5542718363921227,1,1
2022-05-27,5,1,0.5522227517837451,1,1
2022-05-28,5,1,0.554500635319277,1,1
2022-05-29,5,1,0.5527856815989652,1,1
2022-05-30,5,1,0.5409010056839921,1,1
2022-05-31,5,0,0.5482449920836824,1,1
2022-06-01,5,1,0.5332518310720501,1,1
2022-06-02,5,0,0.5391663472270759,1,1
2022-06-03,5,1,0.543431711506018,1,1
2022-06-04,5,1,0.5497054608749331,1,1
2022-06-05,5,1,0.5540999057378203,1,1
2022-06-06,5,0,0.5479288692380991,1,1
2022-06-07,5,0,0.5512942269305025,1,1
2022-06-08,5,0,0.5488824960290488,1,1
2022-06-09,5,0,0.5521654959554645,1,1
2022-06-10,5,0,0.5488813753241176,1,1
2022-06-11,5,0,0.548836728356534,1,1
2022-06-12,5,0,0.5451468465537618,1,1
2022-06-13,5,0,0.5252217199562779,1,1
2022-06-14,5,1,0.5289540721394508,1,1
2022-06-15,5,0,0.5351678253263907,1,1
2022-06-16,5,1,0.5253936936148813,1,1
2022-06-17,5,0,0.5313309803753825,1,1
2022-06-18,5,1,0.5261626184303525,1,1
2022-06-19,5,1,0.5259463993797688,1,1
2022-06-20,5,1,0.5333220712016541,1,1
2022-06-21,5,0,0.5428420370366436,1,1
2022-06-22,5,1,0.5438755619593081,1,1
2022-06-23,5,1,0.5413568036561504,1,1
2022-06-24,5,1,0.548219024325556,1,1
2022-06-25,5,0,0.5517578105383826,1,1
2022-06-26,5,0,0.5506915229173902,1,1
2022-06-27,5,0,0.5520213607512675,1,1
2022-06-28,5,0,0.5509765042843007,1,1
2022-06-29,5,0,0.5530710686066419,1,1
2022-06-30,5,0,0.5530963840578393,1,1
2022-07-01,5,0,0.5509708462998859,1,1
2022-07-02,5,1,0.5533650184268258,1,1
2022-07-03,5,1,0.5555373238536603,1,1
2022-07-04,5,0,0.5500412022905057,1,1
2022-07-05,5,1,0.552561324441792,1,1
2022-07-06,5,1,0.5527309696706292,1,1
2022-07-07,5,1,0.5490734932414657,1,1
2022-07-08,5,0,0.5521495609006905,1,1
2022-07-09,5,0,0.5544479164993534,1,1
2022-07-10,5,0,0.5498360673518551,1,1
2022-07-11,5,0,0.5467661865308451,1,1
2022-07-12,5,1,0.5468090463795799,1,1
2022-07-13,5,1,0.5474565412208947,1,1
2022-07-14,5,1,0.5500080861032718,1,1
2022-07-15,5,1,0.5520432282933639,1,1
2022-07-16,5,0,0.5525044241254866,1,1
2022-07-17,5,1,0.5517107716996447,1,1
2022-07-18,5,1,0.5385335122444793,1,1
2022-07-19,5,0,0.5401973067823777,1,1
2022-07-20,5,0,0.5472561129991522,1,1
2022-07-21,5,0,0.5527406424485217,1,1
2022-07-22,5,0,0.5519580255072537,1,1
2022-07-23,5,1,0.554083883134073,1,1
2022-07-24,5,0,0.5561251547613741,1,1
2022-07-25,5,0,0.5477103857812664,1,1
2022-07-26,5,1,0.5513165797132509,1,1
2022-07-27,5,1,0.5380783116164705,1,1
2022-07-28,5,0,0.5429531781041,1,1
2022-07-29,5,0,0.5493745912618081,1,1
2022-07-30,5,0,0.553438417673444,1,1
2022-07-31,5,0,0.5542970329248208,1,1
2022-08-01,5,0,0.5563792539495811,1,1
2022-08-02,5,0,0.5558383677965342,1,1
2022-08-03,5,0,0.5567898007260099,1,1
2022-08-04,5,1,0.5571106037965031,1,1
2022-08-05,5,0,0.5520723862201176,1,1
2022-08-06,5,1,0.5532542304206409,1,1
2022-08-07,5,1,0.5551548622491945,1,1
2022-08-08,5,0,0.551827330569665,1,1
2022-08-09,5,1,0.5506370914587093,1,1
2022-08-10,5,1,0.550837364561363,1,1
2022-08-11,5,1,0.5529254778722446,1,1
2022-08-12,5,1,0.5527008500523768,1,1
2022-08-13,5,0,0.554905607023077,1,1
2022-08-14,6,0,0.5428277440027929,1,1
2022-08-15,6,0,0.5455623700374171,1,1
2022-08-16,6,0,0.547453544887601,1,1
2022-08-17,6,0,0.5431678225625679,1,1
2022-08-18,6,0,0.5464596095158138,1,1
2022-08-19,6,1,0.5271300093815349,1,1
2022-08-20,6,1,0.531078069427565,1,1
2022-08-21,6,0,0.5347230020258729,1,1
2022-08-22,6,1,0.5385140359888496,1,1
2022-08-23,6,0,0.5424615524098355,1,1
2022-08-24,6,1,0.5459022428310043,1,1
2022-08-25,6,0,0.5482140507866137,1,1
2022-08-26,6,0,0.5336679539484604,1,1
2022-08-27,6,0,0.5368824006064196,1,1
2022-08-28,6,1,0.5371600378496696,1,1
2022-08-29,6,0,0.5366817565271574,1,1
2022-08-30,6,1,0.5374343989532583,1,1
2022-08-31,6,1,0.5392763127313595,1,1
2022-09-01,6,0,0.5418845402390857,1,1
2022-09-02,6,0,0.5452200635987837,1,1
2022-09-03,6,1,0.5480613330174446,1,1
2022-09-04,6,0,0.5498684120725829,1,1
2022-09-05,6,0,0.5508079956845823,1,1
2022-09-06,6,1,0.5370272496792238,1,1
2022-09-07,6,1,0.5379051286462604,1,1
2022-09-08,6,1,0.5402103517736745,1,1
2022-09-09,6,1,0.5292570818116032,1,1
2022-09-10,6,1,0.5335295559323728,1,1
2022-09-11,6,1,0.5380100710710647,1,1
2022-09-12,6,0,0.5378609282733969,1,1
2022-09-13,6,0,0.5267263515374777,1,1
2022-09-14,6,0,0.5306685378412116,1,1
2022-09-15,6,1,0.5306547942628774,1,1
2022-09-16,6,1,0.5353862690028552,1,1
2022-09-17,6,0,0.5378339240541685,1,1
2022-09-18,6,1,0.5365768645842905,1,1
2022-09-19,6,0,0.5391580177552966,1,1
2022-09-20,6,0,0.5377464494714606,1,1
2022-09-21,6,1,0.5385625720883872,1,1
2022-09-22,6,0,0.5377755634403545,1,1
2022-09-23,6,0,0.5396236101871492,1,1
2022-09-24,6,0,0.5396788929864388,1,1
2022-09-25,6,1,0.5419603060819027,1,1
2022-09-26,6,0,0.5404364250529601,1,1
2022-09-27,6,1,0.5431275629808445,1,1
2022-09-28,6,1,0.5431691275759766,1,1
2022-09-29,6,0,0.54642166981214,1,1
2022-09-30,6,0,0.5486365552133033,1,1
2022-10-01,6,0,0.5502784726137717,1,1
2022-10-02,6,1,0.550098140386518,1,1
2022-10-03,6,1,0.5411291679961511,1,1
2022-10-04,6,0,0.5382264779040078,1,1
2022-10-05,6,0,0.5397271011245038,1,1
2022-10-06,6,0,0.5412490864356391,1,1
2022-10-07,6,0,0.5401927528743444,1,1
2022-10-08,6,1,0.5425137425945862,1,1
2022-10-09,6,0,0.5460750303540418,1,1
2022-10-10,6,0,0.5459854549500714,1,1
2022-10-11,6,1,0.5491934451461108,1,1
2022-10-12,6,1,0.5507567205678563,1,1
2022-10-13,6,0,0.5508757988610347,1,1
2022-10-14,6,0,0.5510741350477261,1,1
2022-10-15,6,1,0.551609875588601,1,1
2022-10-16,6,1,0.5515220606271287,1,1
2022-10-17,6,0,0.5508067096025391,1,1
2022-10-18,6,0,0.5507472242221018,1,1
2022-10-19,6,0,0.5510779925817665,1,1
2022-10-20,6,1,0.5517111613483008,1,1
2022-10-21,6,1,0.5518775358900085,1,1
2022-10-22,6,1,0.5520722239665938,1,1
2022-10-23,6,0,0.5502544389794779,1,1
2022-10-24,6,1,0.5506813167723398,1,1
2022-10-25,6,1,0.5385978744370895,1,1
2022-10-26,6,0,0.5379836243103212,1,1
2022-10-27,6,1,0.5381636348259735,1,1
2022-10-28,6,1,0.5393056459325963,1,1
2022-10-29,6,0,0.5408748930976587,1,1
2022-10-30,6,0,0.5431332072910554,1,1
2022-10-31,6,0,0.5463479727920914,1,1
2022-11-01,6,0,0.549388644073057,1,1
2022-11-02,6,1,0.5481120154184993,1,1
2022-11-03,6,1,0.5503525668893078,1,1
2022-11-04,6,1,0.538888636534767,1,1
2022-11-05,6,0,0.5401653649429142,1,1
2022-11-06,6,0,0.5403487941011215,1,1
2022-11-07,6,0,0.540809795864068,1,1
2022-11-08,6,0,0.5283340354133934,1,1
2022-11-09,6,1,0.5266558123942355,1,1
2022-11-10,6,0,0.5266653735295935,1,1
2022-11-11,6,0,0.5300771277378901,1,1
2022-11-12,6,0,0.5341135547523977,1,1
2022-11-13,6,1,0.535373935803007,1,1
2022-11-14,6,1,0.5377990918231459,1,1
2022-11-15,6,0,0.539257798616721,1,1
2022-11-16,6,1,0.540608626293881,1,1
2022-11-17,6,1,0.5439671124096054,1,1
2022-11-18,6,1,0.5481818644738343,1,1
2022-11-19,6,0,0.5504474678525575,1,1
2022-11-20,6,0,0.5445749220410243,1,1
2022-11-21,6,1,0.538711759392464,1,1
2022-11-22,6,1,0.5386600469302739,1,1
2022-11-23,6,0,0.5385091583403785,1,1
2022-11-24,6,0,0.540532367899715,1,1
2022-11-25,6,0,0.5434064531132257,1,1
2022-11-26,6,0,0.5468965157504478,1,1
2022-11-27,6,0,0.5496927545672877,1,1
2022-11-28,6,1,0.5496073302819289,1,1
2022-11-29,6,1,0.549553413858938,1,1
2022-11-30,6,0,0.5381857587900928,1,1
2022-12-01,6,1,0.539397213181768,1,1
2022-12-02,6,0,0.5416036752490558,1,1
2022-12-03,6,1,0.5435597818300258,1,1
2022-12-04,6,0,0.5448477467682356,1,1
2022-12-05,6,1,0.5472332604619232,1,1
2022-12-06,6,0,0.549471439171258,1,1
2022-12-07,6,1,0.5493893376889722,1,1
2022-12-08,6,0,0.545197080634613,1,1
2022-12-09,6,0,0.5481234380932959,1,1
2022-12-10,6,0,0.5504050410165803,1,1
2022-12-11,6,1,0.5514785909497605,1,1
2022-12-12,6,1,0.5517878504266008,1,1
2022-12-13,6,1,0.5409009984959939,1,1
2022-12-14,6,0,0.5447388794187942,1,1
2022-12-15,6,0,0.5404315773909916,1,1
2022-12-16,6,1,0.5376499530921877,1,1
2022-12-17,6,0,0.5394583046357173,1,1
2022-12-18,6,0,0.5422564131187444,1,1
2022-12-19,6,1,0.5414668556591327,1,1
2022-12-20,6,0,0.5390469770555611,1,1
2022-12-21,6,1,0.5409887503992612,1,1
2022-12-22,6,0,0.544359181323867,1,1
2022-12-23,6,1,0.5479397844151502,1,1
2022-12-24,6,0,0.5502273564030167,1,1
2022-12-25,6,1,0.5514302559505604,1,1
2022-12-26,6,0,0.5518242312240448,1,1
2022-12-27,6,0,0.5514961649334184,1,1
2022-12-28,6,1,0.5515879806819224,1,1
2022-12-29,6,0,0.5518695810438004,1,1
2022-12-30,6,0,0.5520498924160661,1,1
2022-12-31,6,1,0.552140952250601,1,1
2023-01-01,6,1,0.5521231881083194,1,1
2023-01-02,6,0,0.5521267832751462,1,1
2023-01-03,6,1,0.5521631231072123,1,1
2023-01-04,6,0,0.5517391939767938,1,1
2023-01-05,6,1,0.552009604692372,1,1
2023-01-06,6,1,0.551974400815742,1,1
2023-01-07,6,1,0.5521199805274974,1,1
2023-01-08,6,1,0.5519541084936763,1,1
2023-01-09,6,1,0.5519819375401273,1,1
2023-01-10,6,1,0.5511909777389508,1,1
2023-01-11,6,1,0.543764123639736,1,1
2023-01-12,6,1,0.5377259736377791,1,1
2023-01-13,6,1,0.5364754350655017,1,1
2023-01-14,6,0,0.536551240051471,1,1
2023-01-15,6,1,0.5391043789205044,1,1
2023-01-16,6,0,0.5406989097190794,1,1
2023-01-17,6,0,0.5442550175402228,1,1
2023-01-18,6,1,0.5412683754390274,1,1
2023-01-19,6,1,0.5407634458438277,1,1
2023-01-20,6,1,0.529587835436098,1,1
2023-01-21,6,0,0.5342135174864728,1,1
2023-01-22,6,1,0.5390331166870485,1,1
2023-01-23,6,0,0.5428224396395533,1,1
2023-01-24,6,1,0.5443512613806702,1,1
2023-01-25,6,0,0.5421728154700646,1,1
2023-01-26,6,1,0.545582969955478,1,1
2023-01-27,6,0,0.5488211476800016,1,1
2023-01-28,6,1,0.5507071057222002,1,1
2023-01-29,6,0,0.5405596843644058,1,1
2023-01-30,6,1,0.5374469272834677,1,1
2023-01-31,6,1,0.539059080190585,1,1
2023-02-01,6,0,0.5388090111175361,1,1
2023-02-02,6,0,0.5400587089812426,1,1
2023-02-03,6,0,0.5428590132904048,1,1
2023-02-04,6,0,0.5460522878142391,1,1
2023-02-05,6,0,0.5459114332648579,1,1
2023-02-06,6,1,0.548219736262432,1,1
2023-02-07,6,0,0.5445561610286538,1,1
2023-02-08,6,0,0.5455092637526303,1,1
2023-02-09,6,0,0.5367558948520555,1,1
2023-02-10,6,1,0.5389540555999642,1,1
2023-02-11,6,0,0.5412463342152976,1,1
2023-02-12,6,1,0.5446586520018104,1,1
2023-02-13,6,1,0.5481429868870233,1,1
2023-02-14,6,1,0.5463956189015864,1,1
2023-02-15,6,0,0.53331777562407,1,1
2023-02-16,6,1,0.5340720785939804,1,1
2023-02-17,6,1,0.535196745975725,1,1
2023-02-18,6,0,0.5385118521893015,1,1
2023-02-19,6,1,0.5403654879422429,1,1
2023-02-20,6,0,0.5399989108599296,1,1
2023-02-21,6,0,0.5404328413294384,1,1
2023-02-22,6,0,0.5421237361677403,1,1
2023-02-23,6,0,0.5441638833521363,1,1
2023-02-24,6,0,0.5387251396270291,1,1
2023-02-25,6,1,0.5411808897679247,1,1
2023-02-26,6,0,0.5415027443049185,1,1
2023-02-27,6,0,0.5449305074250193,1,1
2023-02-28,6,1,0.5446876059290132,1,1
2023-03-01,6,0,0.5419908871390288,1,1
2023-03-02,6,0,0.5446420313515122,1,1
2023-03-03,6,0,0.5379925473508222,1,1
2023-03-04,6,1,0.5399400394553255,1,1
2023-03-05,6,0,0.5427651352485673,1,1
2023-03-06,6,0,0.5466282372548671,1,1
2023-03-07,6,0,0.5483163044824696,1,1
2023-03-08,6,0,0.5434283308758523,1,1
2023-03-09,6,0,0.5344170744604994,1,1
2023-03-10,6,1,0.5378033389913206,1,1
2023-03-11,6,1,0.5381424376319218,1,1
2023-03-12,6,1,0.533299702998054,1,1
2023-03-13,6,1,0.531776292067518,1,1
2023-03-14,6,0,0.5355607459334968,1,1
2023-03-15,6,1,0.5376240815948521,1,1
2023-03-16,6,1,0.5377807386791184,1,1
2023-03-17,6,0,0.5319428466769712,1,1
2023-03-18,6,1,0.5348883305698101,1,1
2023-03-19,6,0,0.5362003930307315,1,1
2023-03-20,6,1,0.538527273980187,1,1
2023-03-21,6,0,0.5399962087151486,1,1
2023-03-22,6,1,0.5383302769671819,1,1
2023-03-23,6,0,0.538127231224123,1,1
2023-03-24,6,1,0.5382484074307737,1,1
2023-03-25,6,1,0.5401306905425517,1,1
2023-03-26,6,0,0.5402813103810591,1,1
2023-03-27,6,1,0.538606852676983,1,1
2023-03-28,6,1,0.5403526758595862,1,1
2023-03-29,6,0,0.538156923782271,1,1
2023-03-30,6,1,0.5394486730072823,1,1
2023-03-31,6,0,0.5401293979910079,1,1
2023-04-01,6,0,0.5428949463623144,1,1
2023-04-02,6,0,0.5456849939938146,1,1
2023-04-03,6,1,0.546115503234633,1,1
2023-04-04,6,1,0.5470296594899362,1,1
2023-04-05,6,0,0.5498092443905935,1,1
2023-04-06,6,0,0.5510921543577558,1,1
2023-04-07,6,1,0.5516771344693875,1,1
2023-04-08,6,1,0.5519938771515215,1,1
2023-04-09,6,1,0.5513151429275309,1,1
2023-04-10,6,1,0.5378966470546641,1,1
2023-04-11,6,0,0.5387170964647084,1,1
2023-04-12,6,1,0.540952721350483,1,1
2023-04-13,6,1,0.5434524119693688,1,1
2023-04-14,6,0,0.5469806395793859,1,1
2023-04-15,6,0,0.5493796433320305,1,1
2023-04-16,6,0,0.5510421068175796,1,1
2023-04-17,6,1,0.5429485197063151,1,1
2023-04-18,6,0,0.5385101478094952,1,1
2023-04-19,6,0,0.5360191310272456,1,1
2023-04-20,6,0,0.5370468116860999,1,1
2023-04-21,6,1,0.5352155768454104,1,1
2023-04-22,6,0,0.5374076901314099,1,1
2023-04-23,6,0,0.5397113861433844,1,1
2023-04-24,6,1,0.5429656450802107,1,1
2023-04-25,6,1,0.5392962071103057,1,1
2023-04-26,6,1,0.5416090120452239,1,1
2023-04-27,6,0,0.538554072695786,1,1
2023-04-28,6,0,0.5401338781701807,1,1
2023-04-29,6,1,0.542754326285238,1,1
2023-04-30,6,0,0.5463359641701195,1,1
2023-05-01,6,1,0.5378284747719465,1,1
2023-05-02,6,1,0.5383626935934556,1,1
2023-05-03,6,0,0.5399936794800472,1,1
2023-05-04,6,1,0.5425636468223073,1,1
2023-05-05,6,0,0.5404136932885478,1,1
2023-05-06,6,0,0.5396153404539367,1,1
2023-05-07,6,0,0.5402287250220846,1,1
2023-05-08,6,0,0.5387798207035627,1,1
2023-05-09,6,0,0.5409287447143013,1,1
2023-05-10,6,0,0.5441746034606741,1,1
2023-05-11,6,0,0.5416045599867357,1,1
2023-05-12,6,0,0.544500307040329,1,1
2023-05-13,6,1,0.5480403571991338,1,1
2023-05-14,6,1,0.5501170009141656,1,1
2023-05-15,6,0,0.5512137517762072,1,1
2023-05-16,6,1,0.5517700352539192,1,1
2023-05-17,6,0,0.5512146937344417,1,1
2023-05-18,6,1,0.548527268438179,1,1
2023-05-19,6,1,0.5506468981342955,1,1
2023-05-20,6,0,0.5511731248560129,1,1
2023-05-21,6,1,0.5507506566433961,1,1
2023-05-22,6,1,0.5515956657433854,1,1
2023-05-23,6,0,0.5510123985012074,1,1
2023-05-24,6,1,0.540076484131027,1,1
2023-05-25,6,1,0.5433304160406981,1,1
2023-05-26,6,1,0.5460780941130956,1,1
2023-05-27,6,1,0.5488651066882302,1,1
2023-05-28,6,0,0.5381784003875187,1,1
2023-05-29,6,0,0.5393540212876905,1,1
2023-05-30,6,0,0.5419622566517617,1,1
2023-05-31,6,0,0.5419707225188413,1,1
2023-06-01,6,1,0.5431299625074629,1,1
2023-06-02,6,0,0.5437046962058303,1,1
2023-06-03,6,1,0.5469509593203004,1,1
2023-06-04,6,0,0.5497266617484556,1,1
2023-06-05,6,1,0.5382614117546544,1,1
2023-06-06,6,0,0.53642672772179,1,1
2023-06-07,6,1,0.5375178538204394,1,1
2023-06-08,6,0,0.5395876104917016,1,1
2023-06-09,6,0,0.5425515630999783,1,1
2023-06-10,6,1,0.5399962261790378,1,1
2023-06-11,6,0,0.5429128947440762,1,1
2023-06-12,6,1,0.5465603494171691,1,1
2023-06-13,6,0,0.5495019449496875,1,1
2023-06-14,6,1,0.5404812862314886,1,1
2023-06-15,6,1,0.5409004800705903,1,1
2023-06-16,6,1,0.5386513723957185,1,1
2023-06-17,6,0,0.5405678858829052,1,1
2023-06-18,6,1,0.5432534019180605,1,1
2023-06-19,6,1,0.5421353998353386,1,1
2023-06-20,6,1,0.5371024891467272,1,1
2023-06-21,6,0,0.5352360089041938,1,1
2023-06-22,6,1,0.5384930380125836,1,1
2023-06-23,6,0,0.538357328707125,1,1
2023-06-24,6,0,0.5405217245011745,1,1
2023-06-25,6,0,0.543849997075096,1,1
2023-06-26,6,1,0.5469902620019403,1,1
2023-06-27,6,0,0.5476469650185469,1,1
2023-06-28,6,1,0.545311505380848,1,1
2023-06-29,6,1,0.5469526426081057,1,1
2023-06-30,6,1,0.5497872734557778,1,1
2023-07-01,6,1,0.5513094367583463,1,1
2023-07-02,6,1,0.5518775632514664,1,1
2023-07-03,6,0,0.5504250791046913,1,1
2023-07-04,6,0,0.5505972638605364,1,1
2023-07-05,6,0,0.5513221748556851,1,1
2023-07-06,6,1,0.5489915236521243,1,1
2023-07-07,6,0,0.5491567913708723,1,1
2023-07-08,6,0,0.5509991741411475,1,1
2023-07-09,6,1,0.5516792155855765,1,1
2023-07-10,6,1,0.5517598068874683,1,1
2023-07-11,6,0,0.5518770923872108,1,1
2023-07-12,6,1,0.5520659921555371,1,1
2023-07-13,6,0,0.5397822286506507,1,1
2023-07-14,6,0,0.5375967600262156,1,1
2023-07-15,6,0,0.5398121083289874,1,1
2023-07-16,6,0,0.5428904495942524,1,1
2023-07-17,6,0,0.546425276239191,1,1
2023-07-18,6,1,0.5483366712977399,1,1
2023-07-19,6,0,0.5504988798225606,1,1
2023-07-20,6,1,0.5514350139986499,1,1
2023-07-21,6,0,0.5518506442737262,1,1
2023-07-22,6,1,0.55197519177117,1,1
2023-07-23,6,0,0.551703901147729,1,1
2023-07-24,6,1,0.5421824779178679,1,1
2023-07-25,6,1,0.5461597406380834,1,1
2023-07-26,6,0,0.5491002909770595,1,1
2023-07-27,6,1,0.5508994360283551,1,1
2023-07-28,6,1,0.5516435049924767,1,1
2023-07-29,6,0,0.5519800114596731,1,1
2023-07-30,6,0,0.5520860055787772,1,1
2023-07-31,6,1,0.5521298949362127,1,1
2023-08-01,6,0,0.5510915674831207,1,1
2023-08-02,6,1,0.5490757128544718,1,1
2023-08-03,6,0,0.5508733112863201,1,1
2023-08-04,6,0,0.5516006198314117,1,1
2023-08-05,6,0,0.5519827169462445,1,1
2023-08-06,6,1,0.5521118569619274,1,1
2023-08-07,6,1,0.552119070754268,1,1
2023-08-08,6,0,0.5505188340239414,1,1
2023-08-09,6,0,0.5513242467639521,1,1
2023-08-10,6,0,0.5517623859422285,1,1
2023-08-11,6,1,0.5520412131435353,1,1
2023-08-12,6,0,0.5521516975819167,1,1
2023-08-13,6,1,0.5521197040493269,1,1
2023-08-14,6,0,0.5521885784494331,1,1
2023-08-15,6,0,0.5519530882373372,1,1
2023-08-16,6,0,0.5508408415591737,1,1
2023-08-17,6,0,0.5313291243518016,1,1
2023-08-18,6,1,0.5341011828451074,1,1
2023-08-19,6,1,0.5380893010333864,1,1
2023-08-20,6,0,0.5420907707882516,1,1
2023-08-21,6,0,0.5460683592019611,1,1
2023-08-22,6,1,0.5491376360135735,1,1
2023-08-23,6,0,0.5489355685190695,1,1
2023-08-24,6,0,0.5499311388232923,1,1
2023-08-25,6,0,0.5511235062395091,1,1
2023-08-26,6,1,0.5518154445729039,1,1
2023-08-27,6,1,0.552020947451277,1,1
2023-08-28,6,1,0.5521314203113704,1,1
2023-08-29,6,0,0.5348812338155114,1,1
2023-08-30,6,0,0.5371442619127087,1,1
2023-08-31,6,0,0.5330818401866244,1,1
2023-09-01,6,1,0.5366487339519768,1,1
2023-09-02,6,1,0.5412284337652543,1,1
2023-09-03,6,0,0.5455360715776463,1,1
2023-09-04,6,0,0.5486913711011181,1,1
2023-09-05,6,0,0.5507054766748832,1,1
2023-09-06,6,1,0.5516468124206855,1,1
2023-09-07,6,0,0.5497804217992486,1,1
2023-09-08,6,0,0.549746906002914,1,1
2023-09-09,6,0,0.5512200638587573,1,1
2023-09-10,6,0,0.5518043720667053,1,1
2023-09-11,6,1,0.5454167962400166,1,1
2023-09-12,6,1,0.5404610385709083,1,1
2023-09-13,6,1,0.5412960800836095,1,1
2023-09-14,6,1,0.5429335464361132,1,1
2023-09-15,6,0,0.5464450794335233,1,1
2023-09-16,6,0,0.5493387102717837,1,1
2023-09-17,6,1,0.5509925924685066,1,1
2023-09-18,6,1,0.5513996233073903,1,1
2023-09-19,6,0,0.5501208844503918,1,1
2023-09-20,6,0,0.5512882394296168,1,1
2023-09-21,6,1,0.5482563522557918,1,1
2023-09-22,6,0,0.5506073418186173,1,1
2023-09-23,6,0,0.5515709918818011,1,1
2023-09-24,6,1,0.5512731948598134,1,1
2023-09-25,6,0,0.5518402098385863,1,1
2023-09-26,6,1,0.55206398626169,1,1
2023-09-27,6,1,0.5520651625524029,1,1
2023-09-28,6,0,0.546810248272749,1,1
2023-09-29,6,1,0.5494748403038988,1,1
2023-09-30,6,1,0.551056628723465,1,1
2023-10-01,6,0,0.5390702227877067,1,1
2023-10-02,6,0,0.5396199543639084,1,1
2023-10-03,6,1,0.5423688995510632,1,1
2023-10-04,6,0,0.5435513909594322,1,1
2023-10-05,6,1,0.5443778651255492,1,1
2023-10-06,6,1,0.5433778491414633,1,1
2023-10-07,6,0,0.5470634760145839,1,1
2023-10-08,6,0,0.5497864475954765,1,1
2023-10-09,6,0,0.5500442505268026,1,1
2023-10-10,6,0,0.5510002928646482,1,1
2023-10-11,6,0,0.5498875157744572,1,1
2023-10-12,6,1,0.5513323810147173,1,1
2023-10-13,6,0,0.5518230098133459,1,1
2023-10-14,6,1,0.5520473392242561,1,1
2023-10-15,6,1,0.5516953757317682,1,1
2023-10-16,6,0,0.5364069795571074,1,1
2023-10-17,6,0,0.5391637057454892,1,1
2023-10-18,6,1,0.5422576549694009,1,1
2023-10-19,6,1,0.5439363426449277,1,1
2023-10-20,6,1,0.5386408331310576,1,1
2023-10-21,6,1,0.5403972876097548,1,1
2023-10-22,6,1,0.543382115246593,1,1
2023-10-23,6,1,0.529839157126595,1,1
2023-10-24,6,1,0.5339833765825297,1,1
2023-10-25,6,0,0.5369700425151961,1,1
2023-10-26,6,0,0.5393749604461924,1,1
2023-10-27,6,1,0.5421942215070804,1,1
2023-10-28,6,1,0.5456831661988173,1,1
2023-10-29,6,0,0.5467115330239445,1,1
2023-10-30,6,1,0.5495405237464027,1,1
2023-10-31,6,1,0.5509640338520269,1,1
2023-11-01,6,0,0.547742181320335,1,1
2023-11-02,6,0,0.5490725878439353,1,1
2023-11-03,6,1,0.5506092186081333,1,1
2023-11-04,6,0,0.5510208015072047,1,1
2023-11-05,6,0,0.551747770997281,1,1
2023-11-06,6,1,0.5520457993325528,1,1
2023-11-07,6,1,0.5516077929730212,1,1
2023-11-08,6,1,0.5519085115074922,1,1
2023-11-09,6,1,0.5442044267593384,1,1
2023-11-10,6,0,0.5441650384565626,1,1
2023-11-11,6,0,0.5473844332006266,1,1
2023-11-12,6,0,0.5499236961685365,1,1
2023-11-13,6,0,0.549410375834511,1,1
2023-11-14,6,1,0.5428268764565563,1,1
2023-11-15,6,0,0.5365536212025092,1,1
2023-11-16,6,1,0.5356458890075434,1,1
2023-11-17,6,0,0.5381388238494602,1,1
2023-11-18,6,1,0.5413242979009296,1,1
2023-11-19,6,1,0.5401858008098087,1,1
2023-11-20,6,0,0.5432832525217203,1,1
2023-11-21,6,1,0.5380870399975506,1,1
2023-11-22,6,0,0.5366882644574513,1,1
2023-11-23,6,1,0.5392340007572912,1,1
2023-11-24,6,1,0.5411784887327484,1,1
2023-11-25,6,0,0.5447275867253281,1,1
2023-11-26,6,0,0.5471658139961435,1,1
2023-11-27,6,1,0.5494887623627012,1,1
2023-11-28,6,1,0.5492770154832602,1,1
2023-11-29,6,0,0.5510028111026053,1,1
2023-11-30,6,1,0.5516602476042998,1,1
2023-12-01,7,1,0.5318137206923075,1,1
2023-12-02,7,1,0.5317978503118737,1,1
2023-12-03,7,1,0.5314065239178689,1,1
2023-12-04,7,1,0.5319479788582371,1,1
2023-12-05,7,0,0.5313959452636783,1,1
2023-12-06,7,0,0.5309858531347537,1,1
2023-12-07,7,1,0.5307275668061509,1,1
2023-12-08,7,0,0.5313503968277088,1,1
2023-12-09,7,1,0.5309675522154309,1,1
2023-12-10,7,0,0.5306127137741264,1,1
2023-12-11,7,1,0.5310797367352253,1,1
2023-12-12,7,1,0.5310034239357506,1,1
2023-12-13,7,1,0.5315585582406195,1,1
2023-12-14,7,0,0.5311210499030695,1,1
2023-12-15,7,1,0.5315676393448038,1,1
2023-12-16,7,0,0.5310958296197652,1,1
2023-12-17,7,1,0.5313747663688388,1,1
2023-12-18,7,0,0.5318047195579405,1,1
2023-12-19,7,1,0.5311827546554294,1,1
2023-12-20,7,1,0.5317305201671658,1,1
2023-12-21,7,1,0.5311801917516764,1,1
2023-12-22,7,0,0.5307358826786996,1,1
2023-12-23,7,0,0.5306015252435343,1,1
2023-12-24,7,1,0.5312295732525766,1,1
2023-12-25,7,0,0.5312050089026329,1,1
2023-12-26,7,1,0.531908605874549,1,1
2023-12-27,7,0,0.5315759307665536,1,1
2023-12-28,7,0,0.5315929642636372,1,1
2023-12-29,7,1,0.5313289925442208,1,1
2023-12-30,7,1,0.5307624829463773,1,1
2023-12-31,7,1,0.5305441811095707,1,1
2024-01-01,7,1,0.532042023043112,1,1
2024-01-02,7,0,0.531762591588933,1,1
2024-01-03,7,1,0.5313043741018731,1,1
2024-01-04,7,0,0.5314010036228843,1,1
2024-01-05,7,0,0.5310600661822126,1,1
2024-01-06,7,0,0.530722777178933,1,1
2024-01-07,7,1,0.5305365344100914,1,1
2024-01-08,7,0,0.5319365413461753,1,1
2024-01-09,7,1,0.5314638540346182,1,1
2024-01-10,7,0,0.5312269180135273,1,1
2024-01-11,7,0,0.5307646580843229,1,1
2024-01-12,7,0,0.5297619699615428,1,1
2024-01-13,7,0,0.5304396598043172,1,1
2024-01-14,7,1,0.5309413177793504,1,1
2024-01-15,7,1,0.5312186447333292,1,1
2024-01-16,7,0,0.5312206987147904,1,1
2024-01-17,7,0,0.5309098244752102,1,1
2024-01-18,7,1,0.5316319008527948,1,1
2024-01-19,7,1,0.5312572509721208,1,1
2024-01-20,7,0,0.5307744182731199,1,1
2024-01-21,7,0,0.5305627659649618,1,1
2024-01-22,7,1,0.5317981884810924,1,1
2024-01-23,7,1,0.5313411166944201,1,1
2024-01-24,7,0,0.5308755772206308,1,1
2024-01-25,7,1,0.5306011351266552,1,1
2024-01-26,7,1,0.5320627069349013,1,1
2024-01-27,7,0,0.5313485612505632,1,1
2024-01-28,7,1,0.5307922458274794,1,1
2024-01-29,7,0,0.5319537961585068,1,1
2024-01-30,7,0,0.5314457255356129,1,1
2024-01-31,7,1,0.5310389078752232,1,1
2024-02-01,7,1,0.5308856016320788,1,1
2024-02-02,7,0,0.5305790445635169,1,1
2024-02-03,7,0,0.5305128644877646,1,1
2024-02-04,7,1,0.5305869059538102,1,1
2024-02-05,7,1,0.53048024683231,1,1
2024-02-06,7,1,0.5305746332167826,1,1
2024-02-07,7,1,0.5318730283892661,1,1
2024-02-08,7,1,0.5318562453013533,1,1
2024-02-09,7,1,0.5317752711886764,1,1
2024-02-10,7,1,0.5314555791484965,1,1
2024-02-11,7,1,0.5311944022197248,1,1
2024-02-12,7,0,0.5319891513302365,1,1
2024-02-13,7,1,0.5313292297232268,1,1
2024-02-14,7,1,0.5318080018791412,1,1
2024-02-15,7,1,0.5311983613558422,1,1
2024-02-16,7,0,0.5307398124231394,1,1
2024-02-17,7,1,0.5306780039900697,1,1
2024-02-18,7,0,0.5306379293415734,1,1
2024-02-19,7,1,0.5305884150678338,1,1
2024-02-20,7,0,0.5306123647161665,1,1
2024-02-21,7,0,0.5305382949934423,1,1
2024-02-22,7,0,0.5306184837776137,1,1
2024-02-23,7,1,0.5307216278444962,1,1
2024-02-24,7,1,0.5310734713800719,1,1
2024-02-25,7,1,0.5306561809328072,1,1
2024-02-26,7,1,0.5316272357535192,1,1
2024-02-27,7,1,0.5316421831865067,1,1
2024-02-28,7,0,0.5303429825816232,1,1
2024-02-29,7,1,0.5301683734810437,1,1
2024-03-01,7,0,0.5305175047484801,1,1
2024-03-02,7,1,0.530662211731924,1,1
2024-03-03,7,1,0.531140080534778,1,1
2024-03-04,7,0,0.530412396995902,1,1
2024-03-05,7,1,0.5259993733104854,1,1
2024-03-06,7,1,0.5264978735922756,1,1
2024-03-07,7,1,0.5281374956375006,1,1
2024-03-08,7,1,0.5290360563194743,1,1
2024-03-09,7,1,0.5301015396627335,1,1
2024-03-10,7,1,0.5305086815885182,1,1
2024-03-11,7,0,0.5317356839802204,1,1
2024-03-12,7,1,0.5312630747378954,1,1
2024-03-13,7,0,0.5315845666150999,1,1
2024-03-14,7,0,0.5319073086683188,1,1
2024-03-15,7,0,0.531854211399981,1,1
2024-03-16,7,1,0.5300754893222289,1,1
2024-03-17,7,0,0.5286902128961035,1,1
2024-03-18,7,0,0.5296718975252374,1,1
2024-03-19,7,1,0.5254794137635209,1,1
2024-03-20,7,0,0.5250991214209331,1,1
2024-03-21,7,0,0.5257790976729149,1,1
2024-03-22,7,1,0.5270490083359282,1,1
2024-03-23,7,1,0.5287264077915523,1,1
2024-03-24,7,1,0.5283842948200596,1,1
2024-03-25,7,1,0.5284369528294574,1,1
2024-03-26,7,0,0.5297472923250856,1,1
2024-03-27,7,1,0.5303428429059273,1,1
2024-03-28,7,0,0.5306677125535224,1,1
2024-03-29,7,0,0.5307562988608,1,1
2024-03-30,7,1,0.5305671100827507,1,1
2024-03-31,7,0,0.5314798858256345,1,1
2024-04-01,7,0,0.5318693241355897,1,1
2024-04-02,7,1,0.530719975198577,1,1
2024-04-03,7,1,0.5308940671284742,1,1
2024-04-04,7,0,0.5311433526494428,1,1
2024-04-05,7,1,0.5309937616406476,1,1
2024-04-06,7,1,0.531167660219959,1,1
2024-04-07,7,1,0.5308426487283032,1,1
2024-04-08,7,0,0.5319458044812035,1,1
2024-04-09,7,1,0.5315549097631614,1,1
2024-04-10,7,0,0.5315576877938295,1,1
2024-04-11,7,0,0.5311352887037785,1,1
2024-04-12,7,0,0.5312468022337964,1,1
2024-04-13,7,1,0.5302613162784973,1,1
2024-04-14,7,0,0.5307992874458536,1,1
2024-04-15,7,1,0.5304696634862316,1,1
2024-04-16,7,0,0.530742357247012,1,1
2024-04-17,7,1,0.5305754045672553,1,1
2024-04-18,7,1,0.5313985648207021,1,1
2024-04-19,7,1,0.53111650983051,1,1
2024-04-20,7,0,0.5313562623950415,1,1
2024-04-21,7,1,0.5308089241962791,1,1
2024-04-22,7,0,0.5318688779288324,1,1
2024-04-23,7,0,0.5311764872460132,1,1
2024-04-24,7,1,0.5315188706288355,1,1
2024-04-25,7,0,0.5310880130797251,1,1
2024-04-26,7,0,0.530974536711261,1,1
2024-04-27,7,0,0.5306682915731343,1,1
2024-04-28,7,1,0.530516585495554,1,1
2024-04-29,7,0,0.5306874810859786,1,1
2024-04-30,7,0,0.5315035924892696,1,1
2024-05-01,7,1,0.530988369652941,1,1
2024-05-02,7,1,0.5311643115464865,1,1
2024-05-03,7,1,0.530239741525843,1,1
2024-05-04,7,1,0.5306932858714759,1,1
2024-05-05,7,0,0.5307161471426266,1,1
2024-05-06,7,0,0.5310021249726214,1,1
2024-05-07,7,0,0.5310172240717655,1,1
2024-05-08,7,1,0.5312841405423362,1,1
2024-05-09,7,0,0.5317872579986936,1,1
2024-05-10,7,1,0.5315290683832278,1,1
2024-05-11,7,1,0.5311060752796493,1,1
2024-05-12,7,1,0.5309219263840407,1,1
2024-05-13,7,0,0.5316810918761105,1,1
2024-05-14,7,1,0.5317829407724413,1,1
2024-05-15,7,0,0.5285528787066689,1,1
2024-05-16,7,1,0.5295419140829969,1,1
2024-05-17,7,0,0.5299011395277593,1,1
2024-05-18,7,0,0.5304964391821649,1,1
2024-05-19,7,1,0.5306786257290612,1,1
2024-05-20,7,0,0.5292915698920542,1,1
2024-05-21,7,0,0.5292892132705432,1,1
2024-05-22,7,0,0.5300196503405803,1,1
2024-05-23,7,1,0.5305212487777476,1,1
2024-05-24,7,1,0.5307565264467274,1,1
2024-05-25,7,0,0.5307808714653833,1,1
2024-05-26,7,1,0.5307627171479096,1,1
2024-05-27,7,0,0.5308415094077669,1,1
2024-05-28,7,0,0.5311756905196431,1,1
2024-05-29,7,1,0.5308692831591234,1,1
2024-05-30,7,0,0.5306590373778567,1,1
2024-05-31,7,1,0.530622237616092,1,1
2024-06-01,7,1,0.5305023943497948,1,1
2024-06-02,7,1,0.5304534380642034,1,1
2024-06-03,7,1,0.5307671515735319,1,1
2024-06-04,7,1,0.5317741556953813,1,1
2024-06-05,7,0,0.5311679873476592,1,1
2024-06-06,7,0,0.5307386923696926,1,1
2024-06-07,7,0,0.531500033056863,1,1
2024-06-08,7,1,0.530806683546848,1,1
2024-06-09,7,0,0.5305822707491019,1,1
2024-06-10,7,0,0.5304793266751127,1,1
2024-06-11,7,1,0.5320983894458802,1,1
2024-06-12,7,0,0.5315940678860652,1,1
2024-06-13,7,0,0.5318480157893559,1,1
2024-06-14,7,1,0.5312749083482794,1,1
2024-06-15,7,1,0.5307652555699971,1,1
2024-06-16,7,0,0.530595080399912,1,1
2024-06-17,7,0,0.5304807125812943,1,1
2024-06-18,7,0,0.5313117488669346,1,1
2024-06-19,7,0,0.5307857822283297,1,1
2024-06-20,7,0,0.5305445761263544,1,1
2024-06-21,7,1,0.5306377934874497,1,1
2024-06-22,7,0,0.5304991684757222,1,1
2024-06-23,7,0,0.5309513404419264,1,1
2024-06-24,7,1,0.5315116638157316,1,1
2024-06-25,7,0,0.5314109637045797,1,1
2024-06-26,7,1,0.5311632898623322,1,1
2024-06-27,7,0,0.5312508945021388,1,1
2024-06-28,7,1,0.5313303591968093,1,1
2024-06-29,7,1,0.5310401655995115,1,1
2024-06-30,7,1,0.5318481484774841,1,1
2024-07-01,7,0,0.531173839204333,1,1
2024-07-02,7,0,0.5311046832816938,1,1
2024-07-03,7,0,0.531833354305925,1,1
2024-07-04,7,0,0.530714727964001,1,1
2024-07-05,7,1,0.5308453381024985,1,1
2024-07-06,7,0,0.53140062858456,1,1
2024-07-07,7,1,0.530867616242775,1,1
2024-07-08,7,1,0.5311944830094614,1,1
2024-07-09,7,0,0.5315083138625267,1,1
2024-07-10,7,0,0.531069388874907,1,1
2024-07-11,7,1,0.530711431794138,1,1
2024-07-12,7,1,0.5306598997820304,1,1
2024-07-13,7,1,0.5316474241053345,1,1
2024-07-14,7,1,0.531936655621861,1,1
2024-07-15,7,1,0.5309911229374374,1,1
2024-07-16,7,0,0.530827708828606,1,1
2024-07-17,7,0,0.5310472661386411,1,1
2024-07-18,7,1,0.5307098317075473,1,1
2024-07-19,7,1,0.5318063068330839,1,1
2024-07-20,7,1,0.5312718548205889,1,1
2024-07-21,7,0,0.5311931240498671,1,1
2024-07-22,7,0,0.5308698094922102,1,1
2024-07-23,7,0,0.5317997051670139,1,1
2024-07-24,7,1,0.5312394669355653,1,1
2024-07-25,7,1,0.5307968047448854,1,1
2024-07-26,7,0,0.5319938602797089,1,1
2024-07-27,7,1,0.5312169851110058,1,1
2024-07-28,7,0,0.5307920645636043,1,1
2024-07-29,7,0,0.531623703285295,1,1
2024-07-30,7,0,0.5311453784914167,1,1
2024-07-31,7,1,0.5317935396871635,1,1
2024-08-01,7,0,0.5313068569040466,1,1
2024-08-02,7,0,0.530997290858671,1,1
2024-08-03,7,0,0.5310675598675173,1,1
2024-08-04,7,0,0.5310293025565638,1,1
2024-08-05,7,1,0.5277903757750722,1,1
2024-08-06,7,0,0.5283734512672488,1,1
2024-08-07,7,1,0.5294082676515107,1,1
2024-08-08,7,0,0.5251163941712346,1,1
2024-08-09,7,1,0.5261569034679904,1,1
2024-08-10,7,0,0.5278861424182206,1,1
2024-08-11,7,1,0.5280637509343409,1,1
2024-08-12,7,1,0.5294216379510921,1,1
2024-08-13,7,0,0.5303976291741137,1,1
2024-08-14,7,0,0.5305604895026838,1,1
2024-08-15,7,1,0.5309625358063753,1,1
2024-08-16,7,1,0.5309688757424881,1,1
2024-08-17,7,0,0.5310239666002422,1,1
2024-08-18,7,1,0.5311079291181283,1,1
2024-08-19,7,0,0.5313898792887534,1,1
2024-08-20,7,1,0.5309482131483618,1,1
2024-08-21,7,0,0.5318811531044954,1,1
2024-08-22,7,1,0.5314567048000792,1,1
2024-08-23,7,1,0.5307638813152875,1,1
2024-08-24,7,1,0.5308375896020886,1,1
2024-08-25,7,0,0.5306533013442447,1,1
2024-08-26,7,0,0.5314930751595216,1,1
2024-08-27,7,0,0.5308210291370085,1,1
2024-08-28,7,1,0.53104529943187,1,1
2024-08-29,7,0,0.5308179067215405,1,1
2024-08-30,7,0,0.5305948943262716,1,1
2024-08-31,7,0,0.5304845195229131,1,1
2024-09-01,7,1,0.5318911564719764,1,1
2024-09-02,7,0,0.5320150569449408,1,1
2024-09-03,7,1,0.531980637049284,1,1
2024-09-04,7,0,0.5314083142067275,1,1
2024-09-05,7,0,0.5316260574645554,1,1
2024-09-06,7,1,0.5312994648284823,1,1
2024-09-07,7,1,0.5310430674822209,1,1
2024-09-08,7,1,0.5311192331963972,1,1
2024-09-09,7,1,0.5315801800263279,1,1
2024-09-10,7,0,0.5311948852655274,1,1
2024-09-11,7,1,0.530869474258498,1,1
2024-09-12,7,1,0.530978958237808,1,1
2024-09-13,7,0,0.5318677139053987,1,1
2024-09-14,7,0,0.5313730906131601,1,1
2024-09-15,7,0,0.5311960134002989,1,1
2024-09-16,7,1,0.5310834001574619,1,1
2024-09-17,7,1,0.5318084284018935,1,1
2024-09-18,7,1,0.5317981574167749,1,1
2024-09-19,7,1,0.5318120290589778,1,1
2024-09-20,7,1,0.5311470360648695,1,1
2024-09-21,7,1,0.5307065537690765,1,1
2024-09-22,7,0,0.5305396532796697,1,1
2024-09-23,7,1,0.5305042928712288,1,1
2024-09-24,7,0,0.5308059881541843,1,1
2024-09-25,7,1,0.530961107290946,1,1
2024-09-26,7,1,0.531965969426958,1,1
2024-09-27,7,1,0.5312822056368092,1,1
2024-09-28,7,0,0.5307550363772359,1,1
2024-09-29,7,0,0.5305366179494284,1,1
2024-09-30,7,0,0.5320090895847366,1,1
2024-10-01,7,0,0.5314340035896532,1,1
2024-10-02,7,1,0.5310744782773276,1,1
2024-10-03,7,1,0.5307076672147499,1,1
2024-10-04,7,1,0.5314767701954096,1,1
2024-10-05,7,1,0.53084231788731,1,1
2024-10-06,7,0,0.5307701551792682,1,1
2024-10-07,7,0,0.5307133970833665,1,1
2024-10-08,7,0,0.5305282215159107,1,1
2024-10-09,7,0,0.5315695325889686,1,1
2024-10-10,7,1,0.5309326909102225,1,1
2024-10-11,7,1,0.5319731224794282,1,1
2024-10-12,7,0,0.5314854961510522,1,1
2024-10-13,7,1,0.5309285568358499,1,1
2024-10-14,7,1,0.5319367835850757,1,1
2024-10-15,7,1,0.5314459532012402,1,1
2024-10-16,7,0,0.5310689215797848,1,1
2024-10-17,7,1,0.5306940606445251,1,1
2024-10-18,7,0,0.5308168497900916,1,1
2024-10-19,7,1,0.5305494162646375,1,1
2024-10-20,7,0,0.5305982562354132,1,1
2024-10-21,7,0,0.5316824007728658,1,1
2024-10-22,7,0,0.5309461812665939,1,1
2024-10-23,7,1,0.5309504608851151,1,1
2024-10-24,7,0,0.5318303815856827,1,1
2024-10-25,7,1,0.5320262606913891,1,1
2024-10-26,7,1,0.5312957881837043,1,1
2024-10-27,7,1,0.5311818759578912,1,1
2024-10-28,7,1,0.5318228582359168,1,1
2024-10-29,7,0,0.5319196755315935,1,1
2024-10-30,7,0,0.5313329987051705,1,1
2024-10-31,7,0,0.5316348476081653,1,1
2024-11-01,7,0,0.5311374715912607,1,1
2024-11-02,7,0,0.5307354233020045,1,1
2024-11-03,7,0,0.5306221936457294,1,1
2024-11-04,7,1,0.5306510187634408,1,1
2024-11-05,7,1,0.5318377821037824,1,1
2024-11-06,7,1,0.5286067424986426,1,1
2024-11-07,7,1,0.5298299213164593,1,1
2024-11-08,7,1,0.5303613336192897,1,1
2024-11-09,7,1,0.5304779535859512,1,1
2024-11-10,7,1,0.531766529562417,1,1
2024-11-11,7,0,0.5280752196133736,1,1
2024-11-12,7,1,0.5292645276654074,1,1
2024-11-13,7,0,0.5298723485230326,1,1
2024-11-14,7,1,0.5301961392666551,1,1
2024-11-15,7,0,0.530113644376773,1,1
2024-11-16,7,0,0.5305523838769155,1,1
2024-11-17,7,1,0.5306018171401087,1,1
2024-11-18,7,1,0.5305983809146856,1,1
2024-11-19,7,1,0.5312247713056947,1,1
2024-11-20,7,1,0.5314059544533458,1,1
2024-11-21,7,1,0.5316658226456767,1,1
2024-11-22,7,0,0.5312060735289723,1,1
2024-11-23,7,1,0.531036800535174,1,1
2024-11-24,7,0,0.5306572620379665,1,1
2024-11-25,7,0,0.5315394664268479,1,1
2024-11-26,7,1,0.5314243485165471,1,1
2024-11-27,7,0,0.5311609694073743,1,1
2024-11-28,7,1,0.5310430137773372,1,1
2024-11-29,7,0,0.5312222691004208,1,1
2024-11-30,7,1,0.5309668551810522,1,1
2024-12-01,7,0,0.5307864316449257,1,1
2024-12-02,7,1,0.5310217072672451,1,1
2024-12-03,7,1,0.5306284440630449,1,1
2024-12-04,7,0,0.5319476173892215,1,1
2024-12-05,7,1,0.5319147223408149,1,1
2024-12-06,7,1,0.531917679843038,1,1
2024-12-07,7,1,0.5311884833921166,1,1
2024-12-08,7,0,0.5311108940257251,1,1
2024-12-09,7,0,0.5316392733086684,1,1
2024-12-10,7,1,0.5312121773765203,1,1
2024-12-11,7,0,0.5314202976995547,1,1
2024-12-12,7,1,0.5312204061888688,1,1
2024-12-13,7,0,0.5311145280239267,1,1
2024-12-14,7,1,0.5307033035577011,1,1
2024-12-15,7,1,0.5319642023297488,1,1
2024-12-16,7,1,0.5316974629502352,1,1
2024-12-17,7,0,0.5309833462921417,1,1
2024-12-18,7,0,0.5317557469521451,1,1
2024-12-19,7,1,0.5313509093404072,1,1
2024-12-20,7,0,0.5310078751135315,1,1
2024-12-21,7,0,0.5307028375637192,1,1
2024-12-22,7,0,0.5313713969774627,1,1
2024-12-23,7,1,0.5308120230184121,1,1
2024-12-24,7,1,0.5321781700797454,1,1
2024-12-25,7,0,0.5313876535572853,1,1
2024-12-26,7,0,0.5319628683295999,1,1
2024-12-27,7,1,0.5317539298288149,1,1
2024-12-28,7,0,0.5312930896912061,1,1
2024-12-29,7,0,0.5314738099067539,1,1
2024-12-30,7,1,0.5312005852127819,1,1
2024-12-31,7,1,0.5306873459340812,1,1
2025-01-01,7,1,0.530684026431539,1,1
2025-01-02,7,1,0.531874016524086,1,1
2025-01-03,7,1,0.5314754763577263,1,1
2025-01-04,7,1,0.5308336328556519,1,1
2025-01-05,7,1,0.5305550217648914,1,1
2025-01-06,7,0,0.5320849809854075,1,1
2025-01-07,7,0,0.5315355588274749,1,1
2025-01-08,7,0,0.5314163882473244,1,1
2025-01-09,7,1,0.531416855199277,1,1
2025-01-10,7,0,0.5315906340447327,1,1
2025-01-11,7,0,0.5310802543026159,1,1
2025-01-12,7,1,0.5306734015258747,1,1
2025-01-13,7,1,0.5305040936091869,1,1
2025-01-14,7,1,0.5314399514709752,1,1
2025-01-15,7,0,0.5320581518214672,1,1
2025-01-16,7,1,0.5313918295319349,1,1
2025-01-17,7,0,0.5315208299833646,1,1
2025-01-18,7,0,0.5310936819535615,1,1
2025-01-19,7,1,0.5314937013069043,1,1
2025-01-20,7,1,0.5312519272633323,1,1
2025-01-21,7,0,0.531633500084663,1,1
2025-01-22,7,1,0.5315314225653863,1,1
2025-01-23,7,1,0.5310778443694906,1,1
2025-01-24,7,0,0.5308113082431665,1,1
2025-01-25,7,0,0.5305532919143372,1,1
2025-01-26,7,0,0.5311983454336678,1,1
2025-01-27,7,0,0.5307458150432083,1,1
2025-01-28,7,1,0.5305996506315308,1,1
2025-01-29,7,1,0.5316436358749443,1,1
2025-01-30,7,0,0.5311304032931049,1,1
2025-01-31,7,0,0.5317827093988674,1,1
2025-02-01,7,0,0.5316371797948795,1,1
2025-02-02,7,1,0.531700986441391,1,1
2025-02-03,7,0,0.5317004855003393,1,1
2025-02-04,7,0,0.5318445108526575,1,1
2025-02-05,7,0,0.5316897926026593,1,1
2025-02-06,7,0,0.5309925385155075,1,1
2025-02-07,7,0,0.5306207021266989,1,1
2025-02-08,7,1,0.5304902377803248,1,1
2025-02-09,7,1,0.5304455118523429,1,1
2025-02-10,7,0,0.5305612276724304,1,1
2025-02-11,7,1,0.5309728906235738,1,1
2025-02-12,7,0,0.5316963605222849,1,1
2025-02-13,7,1,0.5312125980777326,1,1
2025-02-14,7,1,0.5308680296988758,1,1
2025-02-15,7,0,0.5305690205944719,1,1
2025-02-16,7,0,0.5308428014324501,1,1
2025-02-17,7,0,0.5305738665391895,1,1
2025-02-18,7,1,0.5304655767435716,1,1
2025-02-19,7,1,0.5306647460236503,1,1
2025-02-20,7,0,0.5309922066584744,1,1
2025-02-21,7,1,0.5314277836229738,1,1
2025-02-22,7,0,0.5308207231180342,1,1
2025-02-23,7,0,0.5305713818584237,1,1
2025-02-24,7,0,0.5316418436744209,1,1
2025-02-25,7,0,0.5309636528616323,1,1
2025-02-26,7,1,0.5295856699324085,1,1
2025-02-27,7,0,0.5303665181090311,1,1
2025-02-28,7,1,0.5305203239827968,1,1
2025-03-01,7,1,0.531152549963821,1,1
2025-03-02,7,0,0.5274862410793066,1,1
2025-03-03,7,1,0.5252736171146268,1,1
2025-03-04,7,1,0.5265570505335359,1,1
2025-03-05,7,0,0.5272326316540956,1,1
2025-03-06,7,0,0.5287125942194102,1,1
2025-03-07,7,0,0.5282561121477634,1,1
2025-03-08,7,0,0.529546633591382,1,1
2025-03-09,7,0,0.5273465968252783,1,1
2025-03-10,7,1,0.5276332853137459,1,1
2025-03-11,7,1,0.527379960959635,1,1
2025-03-12,7,0,0.5289080274319292,1,1
2025-03-13,7,1,0.5289664075775922,1,1
2025-03-14,7,1,0.5292642306545718,1,1
2025-03-15,7,0,0.5302032949142654,1,1
2025-03-16,7,1,0.5307122644671329,1,1
2025-03-17,7,0,0.5310200305827548,1,1
2025-03-18,7,1,0.5311096377127509,1,1
2025-03-19,8,0,0.5293064699654312,1,1
2025-03-20,8,0,0.5293030241110759,1,1
2025-03-21,8,0,0.5286357656273386,1,1
2025-03-22,8,1,0.528191133818061,1,1
2025-03-23,8,1,0.5293489249408211,1,1
2025-03-24,8,0,0.5289837267035596,1,1
2025-03-25,8,0,0.528315711771341,1,1
2025-03-26,8,1,0.5281463416987267,1,1
2025-03-27,8,0,0.5280016808924307,1,1
2025-03-28,8,0,0.5295150296574437,1,1
2025-03-29,8,0,0.5293952557643454,1,1
2025-03-30,8,1,0.5285418377686397,1,1
2025-03-31,8,1,0.5281228239624172,1,1
2025-04-01,8,0,0.529504595042754,1,1
2025-04-02,8,1,0.5295139531792169,1,1
2025-04-03,8,1,0.5287947870243352,1,1
2025-04-04,8,0,0.5283496968306741,1,1
2025-04-05,8,0,0.5280605846975477,1,1
2025-04-06,8,1,0.5293569680378782,1,1
2025-04-07,8,0,0.5290223100744774,1,1
2025-04-08,8,1,0.5293627656041769,1,1
2025-04-09,8,0,0.5289136353997886,1,1
2025-04-10,8,1,0.528938249212198,1,1
2025-04-11,8,1,0.5289290568039087,1,1
2025-04-12,8,0,0.5290290370969128,1,1
2025-04-13,8,1,0.5290143819224492,1,1
2025-04-14,8,0,0.5286718984543798,1,1
2025-04-15,8,1,0.5284870479163453,1,1
2025-04-16,8,1,0.5281348798203924,1,1
2025-04-17,8,0,0.5281720677279311,1,1
2025-04-18,8,1,0.5280310109470705,1,1
2025-04-19,8,1,0.5280463867773746,1,1
2025-04-20,8,1,0.5279639698590334,1,1
2025-04-21,8,1,0.5293688464727897,1,1
2025-04-22,8,1,0.5294646252157292,1,1
2025-04-23,8,1,0.5286348898106843,1,1
2025-04-24,8,1,0.5281663987823879,1,1
2025-04-25,8,0,0.5280191796536758,1,1
2025-04-26,8,0,0.5279565906979808,1,1
2025-04-27,8,1,0.5280542188705732,1,1
2025-04-28,8,0,0.5282973485835369,1,1
2025-04-29,8,0,0.5281437767359529,1,1
2025-04-30,8,1,0.5279902361671733,1,1
2025-05-01,8,1,0.529216847184781,1,1
2025-05-02,8,0,0.5284302422353929,1,1
2025-05-03,8,0,0.5282909288831045,1,1
2025-05-04,8,1,0.5286341220769281,1,1
2025-05-05,8,1,0.5281938762686355,1,1
2025-05-06,8,1,0.5289653261737103,1,1
2025-05-07,8,1,0.528299399408917,1,1
2025-05-08,8,0,0.5295086172631667,1,1
2025-05-09,8,1,0.528662301472238,1,1
2025-05-10,8,0,0.5288231713081771,1,1
2025-05-11,8,0,0.5282953213825803,1,1
2025-05-12,8,1,0.5283569093607056,1,1
2025-05-13,8,0,0.5284494872131383,1,1
2025-05-14,8,1,0.5281526331822143,1,1
2025-05-15,8,0,0.5279962601661334,1,1
2025-05-16,8,0,0.5279658995364652,1,1
2025-05-17,8,1,0.5279496487189725,1,1
2025-05-18,8,0,0.5295197918965102,1,1
2025-05-19,8,1,0.5287606651321485,1,1
2025-05-20,8,1,0.5285231954306665,1,1
2025-05-21,8,1,0.5294243635248425,1,1
2025-05-22,8,0,0.5293078395109498,1,1
2025-05-23,8,1,0.5295004927607753,1,1
2025-05-24,8,1,0.5286799551034619,1,1
2025-05-25,8,1,0.5284975008611535,1,1
2025-05-26,8,0,0.5281363981070186,1,1
2025-05-27,8,0,0.5280035767496981,1,1
2025-05-28,8,0,0.5281533880617626,1,1
2025-05-29,8,0,0.5289057759849488,1,1
2025-05-30,8,1,0.5289545342682608,1,1
2025-05-31,8,1,0.5283933923943797,1,1
2025-06-01,8,1,0.5282898862998072,1,1
2025-06-02,8,0,0.5280373686432682,1,1
2025-06-03,8,0,0.5280436888013916,1,1
2025-06-04,8,0,0.5280869486398835,1,1
2025-06-05,8,1,0.5294845632983014,1,1
2025-06-06,8,1,0.5295154257294487,1,1
2025-06-07,8,1,0.5289812140787483,1,1
2025-06-08,8,1,0.5283062387643935,1,1
2025-06-09,8,0,0.529525003580502,1,1
2025-06-10,8,0,0.5286287607963114,1,1
2025-06-11,8,0,0.5286422718461727,1,1
2025-06-12,8,1,0.5293937338026378,1,1
2025-06-13,8,0,0.5285375894689375,1,1
2025-06-14,8,1,0.528168777229294,1,1
2025-06-15,8,1,0.5279974629517504,1,1
2025-06-16,8,0,0.5282137295543258,1,1
2025-06-17,8,1,0.5289849431119251,1,1
2025-06-18,8,0,0.5283189790219318,1,1
2025-06-19,8,0,0.5280445527162562,1,1
2025-06-20,8,0,0.528265835336512,1,1
2025-06-21,8,0,0.5282092955379776,1,1
2025-06-22,8,1,0.5282456113755007,1,1
2025-06-23,8,1,0.5295264777617369,1,1
2025-06-24,8,1,0.5286858392162026,1,1
2025-06-25,8,0,0.5285340093964714,1,1
2025-06-26,8,1,0.528144343113555,1,1
2025-06-27,8,1,0.52799084716138,1,1
2025-06-28,8,1,0.5279532893578949,1,1
2025-06-29,8,0,0.5280998865774218,1,1
2025-06-30,8,0,0.5283089032683865,1,1
2025-07-01,8,1,0.5284277845835025,1,1
2025-07-02,8,1,0.5294916592041481,1,1
2025-07-03,8,0,0.5287279862033184,1,1
2025-07-04,8,1,0.5286553536811914,1,1
2025-07-05,8,1,0.5281672686768967,1,1
2025-07-06,8,0,0.5281619390201776,1,1
2025-07-07,8,1,0.5281663399327488,1,1
2025-07-08,8,1,0.5280369916659714,1,1
2025-07-09,8,1,0.52895294827343,1,1
2025-07-10,8,1,0.5295334508428607,1,1
2025-07-11,8,0,0.5291088741850983,1,1
2025-07-12,8,1,0.528356024647931,1,1
2025-07-13,8,1,0.5285811927040467,1,1
2025-07-14,8,0,0.5282505925187441,1,1
2025-07-15,8,1,0.5283062783655594,1,1
2025-07-16,8,1,0.5281684073057124,1,1
2025-07-17,8,0,0.5280226996866347,1,1
2025-07-18,8,0,0.5281737461387987,1,1
2025-07-19,8,0,0.5280050916645418,1,1
2025-07-20,8,1,0.5279940546084958,1,1
2025-07-21,8,1,0.5279492040423748,1,1
2025-07-22,8,0,0.5290244314188963,1,1
2025-07-23,8,0,0.5285820614413776,1,1
2025-07-24,8,0,0.5281347844520407,1,1
2025-07-25,8,1,0.5279696564936212,1,1
2025-07-26,8,1,0.5279497585300468,1,1
2025-07-27,8,0,0.5282179227859213,1,1
2025-07-28,8,0,0.52845525218929,1,1
2025-07-29,8,0,0.5280912174281751,1,1
2025-07-30,8,0,0.5279804652123651,1,1
2025-07-31,8,0,0.528656939186088,1,1
2025-08-01,8,0,0.5291262085149073,1,1
2025-08-02,8,1,0.528493186241662,1,1
2025-08-03,8,1,0.5286159842791223,1,1
2025-08-04,8,0,0.5282720558214169,1,1
2025-08-05,8,1,0.5281523338116759,1,1
2025-08-06,8,1,0.5280971993576196,1,1
2025-08-07,8,0,0.5289634216897463,1,1
2025-08-08,8,0,0.5284250975432365,1,1
2025-08-09,8,1,0.5280813843867237,1,1
2025-08-10,8,0,0.5292167321202482,1,1
2025-08-11,8,1,0.5284623912909676,1,1
2025-08-12,8,1,0.5283993875242812,1,1
2025-08-13,8,0,0.5293630455634742,1,1
2025-08-14,8,0,0.5295065115595454,1,1
2025-08-15,8,1,0.5287777639833952,1,1
2025-08-16,8,0,0.5282154260421867,1,1
2025-08-17,8,0,0.5280110913476569,1,1
2025-08-18,8,0,0.5281866103611288,1,1
2025-08-19,8,1,0.529448016418372,1,1
2025-08-20,8,0,0.5289808091162778,1,1
2025-08-21,8,1,0.5289812779441173,1,1
2025-08-22,8,0,0.529525078146343,1,1
2025-08-23,8,0,0.5290185667763845,1,1
2025-08-24,8,0,0.5288560169319829,1,1
2025-08-25,8,1,0.5294620619305269,1,1
2025-08-26,8,0,0.5291107924726064,1,1
2025-08-27,8,1,0.528453527833602,1,1
2025-08-28,8,0,0.5283962113443731,1,1
2025-08-29,8,1,0.5295423211261379,1,1
2025-08-30,8,0,0.5286590198634871,1,1
2025-08-31,8,1,0.5281911158289886,1,1
2025-09-01,8,1,0.5281734978356292,1,1
2025-09-02,8,1,0.5286337066881602,1,1
2025-09-03,8,0,0.5281837202801335,1,1
2025-09-04,8,0,0.528233977498047,1,1
2025-09-05,8,0,0.5280183848546331,1,1
2025-09-06,8,1,0.5279756792634775,1,1
2025-09-07,8,1,0.5280609259729968,1,1
2025-09-08,8,0,0.5281065070246115,1,1
2025-09-09,8,1,0.5280440268906212,1,1
2025-09-10,8,1,0.5290494587536672,1,1
2025-09-11,8,1,0.528720590196511,1,1
2025-09-12,8,0,0.5282364343291722,1,1
2025-09-13,8,0,0.5280223706466347,1,1
2025-09-14,8,1,0.527999273899806,1,1
2025-09-15,8,1,0.5279517131991823,1,1
2025-09-16,8,0,0.5281981319691661,1,1
2025-09-17,8,1,0.5280366961072493,1,1
2025-09-18,8,0,0.5280105023629135,1,1
2025-09-19,8,1,0.5283682366843789,1,1
2025-09-20,8,0,0.5280616001318852,1,1
2025-09-21,8,0,0.5279804874092093,1,1
2025-09-22,8,0,0.5290232200845846,1,1
2025-09-23,8,1,0.5284600619719639,1,1
2025-09-24,8,0,0.5283355863882222,1,1
2025-09-25,8,1,0.5295157675434398,1,1
2025-09-26,8,0,0.5286347560889666,1,1
2025-09-27,8,1,0.5281535562572979,1,1
2025-09-28,8,1,0.529150889757635,1,1
2025-09-29,8,0,0.5292911756777435,1,1
2025-09-30,8,1,0.5285380117767319,1,1
2025-10-01,8,1,0.5295301462770579,1,1
2025-10-02,8,1,0.5292048541403813,1,1
2025-10-03,8,1,0.5288495223444536,1,1
2025-10-04,8,1,0.5282438291652575,1,1
2025-10-05,8,1,0.5282186064334364,1,1
2025-10-06,8,0,0.5282124372776388,1,1
2025-10-07,8,1,0.5294040606058935,1,1
2025-10-08,8,0,0.5291083025005926,1,1
2025-10-09,8,0,0.5288443907358359,1,1
2025-10-10,8,0,0.5292889877838498,1,1
2025-10-11,8,1,0.5291774593895229,1,1
2025-10-12,8,1,0.5293114447437629,1,1
2025-10-13,8,0,0.5286367029288118,1,1
2025-10-14,8,0,0.5289457363649661,1,1
2025-10-15,8,0,0.5293346966157891,1,1
2025-10-16,8,0,0.5293757862461682,1,1
2025-10-17,8,1,0.5290364626942218,1,1
2025-10-18,8,1,0.5284747051082519,1,1
2025-10-19,8,1,0.5285445534228014,1,1
2025-10-20,8,0,0.5288895992432484,1,1
2025-10-21,8,0,0.5290806628275042,1,1
2025-10-22,8,1,0.5284762627496473,1,1
2025-10-23,8,1,0.5292238734580778,1,1
2025-10-24,8,1,0.5286318943885757,1,1
2025-10-25,8,1,0.5282210025708587,1,1
2025-10-26,8,0,0.529350904514381,1,1
2025-10-27,8,0,0.528535745750879,1,1
2025-10-28,8,0,0.5283794687125551,1,1
2025-10-29,8,0,0.529380160304621,1,1
2025-10-30,8,1,0.5289986370258482,1,1
2025-10-31,8,1,0.5286695763199764,1,1
2025-11-01,8,1,0.5282142313059859,1,1
2025-11-02,8,0,0.5280575012034496,1,1
2025-11-03,8,0,0.5295433085997118,1,1
2025-11-04,8,1,0.5294134124605414,1,1
2025-11-05,8,0,0.5293555080619958,1,1
2025-11-06,8,1,0.5293958762249347,1,1
2025-11-07,8,0,0.5292980500320127,1,1
2025-11-08,8,1,0.5287708217222041,1,1
2025-11-09,8,1,0.5293212913961225,1,1
2025-11-10,8,0,0.5289348191789905,1,1
2025-11-11,8,0,0.5294698770557495,1,1
2025-11-12,8,0,0.5289986939448944,1,1
2025-11-13,8,0,0.5291156531790936,1,1
2025-11-14,8,1,0.5293879103361419,1,1
2025-11-15,8,0,0.5289966947188124,1,1
2025-11-16,8,0,0.5287320316726027,1,1
2025-11-17,8,1,0.5291153377167184,1,1
2025-11-18,8,0,0.5284345116224541,1,1
2025-11-19,8,0,0.528742078072162,1,1
2025-11-20,8,0,0.529417633239715,1,1
2025-11-21,8,0,0.5291335102331316,1,1
2025-11-22,8,1,0.5284899079077123,1,1
2025-11-23,8,1,0.5293419587639481,1,1
2025-11-24,8,0,0.5291576473943368,1,1
2025-11-25,8,1,0.5287110908538666,1,1
2025-11-26,8,1,0.5295181982764627,1,1
2025-11-27,8,0,0.5288008084140439,1,1
2025-11-28,8,0,0.5282576916232968,1,1
2025-11-29,8,0,0.5280287953615289,1,1
2025-11-30,8,0,0.5279941524838826,1,1
2025-12-01,8,1,0.5295346683645142,1,1
2025-12-02,8,1,0.5293964741745101,1,1
2025-12-03,8,0,0.5293714198837245,1,1
2025-12-04,8,0,0.5290791307269055,1,1
2025-12-05,8,0,0.5294635764096163,1,1
2025-12-06,8,1,0.528628905110641,1,1
2025-12-07,8,1,0.5285412160703691,1,1
2025-12-08,8,1,0.5281303194516725,1,1
2025-12-09,8,0,0.5291086025251093,1,1
2025-12-10,8,1,0.5285187921069229,1,1
2025-12-11,8,0,0.5281574945946349,1,1
2025-12-12,8,1,0.529252978026411,1,1
2025-12-13,8,0,0.528437371752524,1,1
2025-12-14,8,0,0.5292568874777941,1,1
2025-12-15,8,1,0.5292205393846142,1,1
2025-12-16,8,0,0.5290947792949489,1,1
2025-12-17,8,0,0.5291713252146035,1,1
2025-12-18,8,1,0.528503148095359,1,1
2025-12-19,8,1,0.5295009328682746,1,1
2025-12-20,8,1,0.528623804829384,1,1
2025-12-21,8,0,0.5281694429226115,1,1
2025-12-22,8,0,0.5279947802827734,1,1
2025-12-23,8,1,0.5282915620885148,1,1
2025-12-24,8,0,0.5280439058033414,1,1
2025-12-25,8,1,0.5279972934671449,1,1
2025-12-26,8,1,0.5279463354564695,1,1
2025-12-27,8,1,0.5279792922863369,1,1
2025-12-28,8,0,0.5279412204938669,1,1
2025-12-29,8,1,0.528046737056299,1,1
2025-12-30,8,0,0.5283206171236786,1,1
2025-12-31,8,1,0.5284094089939162,1,1
2026-01-01,8,1,0.528507082748027,1,1
2026-01-02,8,1,0.5285052620338915,1,1
2026-01-03,8,1,0.528223348961502,1,1
2026-01-04,8,1,0.5281664473961726,1,1
2026-01-05,8,0,0.5293387393893002,1,1
2026-01-06,8,0,0.5284934542925588,1,1
2026-01-07,8,0,0.5293855207588198,1,1
2026-01-08,8,0,0.5285464342592251,1,1
2026-01-09,8,0,0.5281569942829943,1,1
2026-01-10,8,1,0.5279974050811761,1,1
2026-01-11,8,1,0.5279890641510623,1,1
2026-01-12,8,1,0.5279639787010366,1,1
2026-01-13,8,1,0.5295323565093706,1,1
2026-01-14,8,0,0.529082441790681,1,1
2026-01-15,8,0,0.5288740293470968,1,1
2026-01-16,8,0,0.5282480947562755,1,1
2026-01-17,8,0,0.5280586591925905,1,1
2026-01-18,8,0,0.5284343861106616,1,1
2026-01-19,8,0,0.528333731286817,1,1
2026-01-20,8,1,0.5294657303392132,1,1
2026-01-21,8,1,0.5290465112036934,1,1
2026-01-22,8,1,0.5283446729424328,1,1
2026-01-23,8,0,0.5280522875244921,1,1
2026-01-24,8,0,0.5279931231362541,1,1
2026-01-25,8,1,0.529421202863187,1,1
2026-01-26,8,1,0.5292868869563591,1,1
2026-01-27,8,1,0.5287331012739717,1,1
2026-01-28,8,0,0.5281926357779442,1,1
2026-01-29,8,0,0.5294780370450329,1,1
2026-01-30,8,0,0.5286666105883748,1,1
2026-01-31,8,0,0.5291459636427008,1,1
2026-02-01,8,1,0.5291146262265833,1,1
2026-02-02,8,0,0.5291888609615183,1,1
2026-02-03,8,0,0.5292304243464637,1,1
2026-02-04,8,0,0.5291424133079062,1,1
2026-02-05,8,1,0.5285433658898805,1,1
2026-02-06,8,0,0.5285433859769136,1,1
2026-02-07,8,1,0.5286727811962463,1,1
2026-02-08,8,0,0.5287639300455442,1,1
2026-02-09,8,0,0.5285608180147854,1,1
2026-02-10,8,0,0.5289177741852782,1,1
2026-02-11,8,0,0.5292046571960907,1,1
2026-02-12,8,1,0.5288576962115832,1,1
2026-02-13,8,1,0.5293464073030857,1,1
2026-02-14,8,0,0.5290179869443112,1,1
2026-02-15,8,1,0.5288716851117997,1,1
2026-02-16,8,0,0.5282669871632788,1,1
2026-02-17,8,0,0.5288879526299238,1,1
2026-02-18,8,1,0.5289912613793423,1,1
2026-02-19,8,1,0.5284699118608992,1,1
2026-02-20,8,0,0.5287080878592367,1,1
2026-02-21,8,0,0.5281823963777443,1,1
2026-02-22,8,0,0.5280514312661552,1,1
2026-02-23,8,0,0.5295295120289041,1,1
2026-02-24,8,1,0.5288080798485245,1,1
2026-02-25,8,0,0.5294154299458422,1,1
2026-02-26,8,0,0.5287988074786327,1,1
2026-02-27,8,1,0.5292854655777588,1,1
2026-02-28,8,0,0.5291066930805406,1,1
2026-03-01,8,1,0.5291678033345419,1,1
2026-03-02,8,0,0.5294541905449918,1,1
2026-03-03,8,1,0.5287688733399656,1,1
2026-03-04,8,0,0.5291156132337088,1,1
2026-03-05,8,0,0.5291522790021382,1,1
2026-03-06,8,0,0.5291236739238782,1,1
2026-03-07,8,0,0.5288992998913642,1,1
2026-03-08,8,1,0.5290386998936043,1,1
2026-03-09,8,1,0.5293336661596874,1,1
2026-03-10,8,1,0.52928869639868,1,1
2026-03-11,8,1,0.5285809318425481,1,1
2026-03-12,8,1,0.528164037152826,1,1
2026-03-13,8,1,0.5280638892714808,1,1
2026-03-14,8,1,0.5279884396311865,1,1
2026-03-15,8,1,0.5290345426534951,1,1
2026-03-16,8,0,0.5295153798620189,1,1
2026-03-17,8,0,0.5289627386155782,1,1
2026-03-18,8,0,0.5295092784685224,1,1
2026-03-19,8,1,0.5292781013911079,1,1
2026-03-20,8,0,0.528674149696381,1,1
2026-03-21,8,0,0.5293749514410632,1,1
2026-03-22,8,1,0.5289752041784817,1,1
2026-03-23,8,0,0.529512043628485,1,1
2026-03-24,8,1,0.5286741750064812,1,1
2026-03-25,8,0,0.5284267629953577,1,1
2026-03-26,8,0,0.5294996256129008,1,1
2026-03-27,8,0,0.5294581291398502,1,1
2026-03-28,8,0,0.5286223371663882,1,1
2026-03-29,8,1,0.5282158658284658,1,1
2026-03-30,8,1,0.5282942116111919,1,1
2026-03-31,8,0,0.5292314255687129,1,1
2026-04-01,8,0,0.5284460434234131,1,1
2026-04-02,8,1,0.5287923551851068,1,1
2026-04-03,8,1,0.5282150185277582,1,1
2026-04-04,8,1,0.5280606037185922,1,1
2026-04-05,8,0,0.5293098069192509,1,1
2026-04-06,8,1,0.5284706617549183,1,1
2026-04-07,8,0,0.5295364834078258,1,1
2026-04-08,8,1,0.5289638903756668,1,1
2026-04-09,8,1,0.5284599672693412,1,1
2026-04-10,8,1,0.5286898176802528,1,1
2026-04-11,8,0,0.5281761421952109,1,1
2026-04-12,8,1,0.5295014863469172,1,1
2026-04-13,8,0,0.5294389471895329,1,1
2026-04-14,8,1,0.5287177149309711,1,1
2026-04-15,8,1,0.5282902969071857,1,1
2026-04-16,8,1,0.5280642819785977,1,1
2026-04-17,8,0,0.5293769681668542,1,1
2026-04-18,8,0,0.529221508112113,1,1
2026-04-19,8,1,0.5293984329844069,1,1
2026-04-20,8,1,0.5294583861389087,1,1
2026-04-21,8,1,0.528684229910943,1,1
2026-04-22,8,1,0.5293099541202543,1,1
2026-04-23,8,0,0.5284853999236729,1,1
2026-04-24,8,1,0.5282430822490238,1,1
2026-04-25,8,1,0.5280193388509947,1,1
2026-04-26,8,0,0.5283304655646949,1,1
2026-04-27,8,0,0.5284157174991018,1,1
2026-04-28,8,0,0.5284166516516908,1,1
2026-04-29,8,1,0.5281840511480771,1,1
2026-04-30,8,1,0.5281050662604999,1,1
2026-05-01,8,1,0.5292336839198558,1,1
2026-05-02,8,0,0.5285156800883426,1,1
2026-05-03,8,1,0.5281130714783583,1,1
2026-05-04,8,1,0.5284842002691789,1,1
2026-05-05,8,1,0.5284886828086292,1,1
2026-05-06,8,0,0.528187130139534,1,1
2026-05-07,8,1,0.5287542790118173,1,1
2026-05-08,8,1,0.5282069690098137,1,1
2026-05-09,8,1,0.5280643782109841,1,1
2026-05-10,8,0,0.5287195711688419,1,1
2026-05-11,8,0,0.5282137128424599,1,1
2026-05-12,8,0,0.5284569314146996,1,1
2026-05-13,8,1,0.528577054885143,1,1
2026-05-14,8,0,0.5292261951883489,1,1
2026-05-15,8,0,0.5294298383201427,1,1
2026-05-16,8,0,0.528918970299065,1,1
2026-05-17,8,0,0.5284655086674473,1,1
2026-05-18,8,0,0.5281226182619508,1,1
2026-05-19,8,1,0.5279900354976891,1,1
2026-05-20,8,1,0.5281086278374978,1,1
2026-05-21,8,0,0.5279804170036526,1,1
2026-05-22,8,1,0.5293479280617754,1,1
2026-05-23,8,1,0.5290724543605755,1,1
2026-05-24,8,1,0.5283897311647309,1,1
2026-05-25,8,0,0.5280874496009881,1,1
2026-05-26,8,0,0.5287652054840312,1,1
2026-05-27,8,0,0.5289667604110553,1,1
2026-05-28,8,0,0.5284518997806152,1,1
2026-05-29,8,1,0.5281059188260374,1,1
2026-05-30,8,0,0.5280267772970481,1,1
2026-05-31,8,0,0.5279621166611272,1,1
2026-06-01,8,0,0.529460543942776,1,1
2026-06-02,8,0,0.5291766845657282,1,1
2026-06-03,8,0,0.5291202576334263,1,1
2026-06-04,8,0,0.5286473742093837,1,1
2026-06-05,8,0,0.5292513796266105,1,1
2026-06-06,8,1,0.5286492148307469,1,1
2026-06-07,8,0,0.5293817055984598,1,1
2026-06-08,8,0,0.5286692695407246,1,1
2026-06-09,8,0,0.5292256501406049,1,1
2026-06-10,8,1,0.5284848632478847,1,1
2026-06-11,8,0,0.5295002488601889,1,1
2026-06-12,8,1,0.5286312831139124,1,1
2026-06-13,8,1,0.5285692332021348,1,1
2026-06-14,8,1,0.5290199063054132,1,1
2026-06-15,8,0,0.5284497523562828,1,1
2026-06-16,8,0,0.5283786384045496,1,1
2026-06-17,8,0,0.5288935634002585,1,1
2026-06-18,8,1,0.5293614574347173,1,1
2026-06-19,8,1,0.5287427026587634,1,1
2026-06-20,8,0,0.5284577343188562,1,1
2026-06-21,8,1,0.5289279027313418,1,1
2026-06-22,8,0,0.5286068652889683,1,1
2026-06-23,8,0,0.5291422157235394,1,1
2026-06-24,8,0,0.5294640411785639,1,1
2026-06-25,8,1,0.5293531568258195,1,1
2026-06-26,8,0,0.5285822787171661,1,1
2026-06-27,8,0,0.528144781319845,1,1
2026-06-28,8,1,0.5281059116074005,1,1
2026-06-29,8,0,0.5281773957679313,1,1
2026-06-30,8,1,0.5293901672221233,1,1
2026-07-01,8,1,0.5294630765463453,1,1
2026-07-02,8,1,0.5294732335103657,1,1
2026-07-03,8,1,0.529217837624426,1,1
2026-07-04,8,1,0.5286416122746481,1,1
2026-07-05,8,1,0.5283089539399926,1,1
