date,fold,actual,proba_up,pred,always_up_pred
2016-03-20,1,0,0.5458264804180605,1,1
2016-03-21,1,1,0.5506480283027766,1,1
2016-03-22,1,0,0.5526507396505094,1,1
2016-03-23,1,0,0.5547670806592528,1,1
2016-03-24,1,1,0.5556010600719561,1,1
2016-03-25,1,1,0.5565692829505494,1,1
2016-03-26,1,1,0.5570825721802961,1,1
2016-03-27,1,0,0.5547020159351369,1,1
2016-03-28,1,0,0.5552409176508524,1,1
2016-03-29,1,0,0.5498985758749174,1,1
2016-03-30,1,1,0.5524631325576626,1,1
2016-03-31,1,1,0.554826001346095,1,1
2016-04-01,1,1,0.5561352438676822,1,1
2016-04-02,1,1,0.5568104801669891,1,1
2016-04-03,1,1,0.5571116470484473,1,1
2016-04-04,1,1,0.5573247265157066,1,1
2016-04-05,1,0,0.5574629396134361,1,1
2016-04-06,1,0,0.557406814605242,1,1
2016-04-07,1,0,0.5573387367154582,1,1
2016-04-08,1,0,0.5568689960682816,1,1
2016-04-09,1,1,0.5569785627965729,1,1
2016-04-10,1,1,0.55731178285693,1,1
2016-04-11,1,1,0.5574756512172975,1,1
2016-04-12,1,0,0.557549150393448,1,1
2016-04-13,1,1,0.5572889078738824,1,1
2016-04-14,1,1,0.5574513613728102,1,1
2016-04-15,1,1,0.55694656801991,1,1
2016-04-16,1,0,0.557290663465871,1,1
2016-04-17,1,1,0.5567371308247795,1,1
2016-04-18,1,1,0.5571913070384225,1,1
2016-04-19,1,1,0.5560658499498521,1,1
2016-04-20,1,1,0.5559168132830845,1,1
2016-04-21,1,0,0.5543990204433225,1,1
2016-04-22,1,1,0.554752451592916,1,1
2016-04-23,1,1,0.5555877276780715,1,1
2016-04-24,1,1,0.5544071389925921,1,1
2016-04-25,1,1,0.5558668645818522,1,1
2016-04-26,1,0,0.5563977091936337,1,1
2016-04-27,1,1,0.5050032833030295,1,1
2016-04-28,1,1,0.5086349887702893,1,1
2016-04-29,1,0,0.5128833453953595,1,1
2016-04-30,1,1,0.5129580945278607,1,1
2016-05-01,1,0,0.5205857806778874,1,1
2016-05-02,1,1,0.5185679114218114,1,1
2016-05-03,1,0,0.5250555158556868,1,1
2016-05-04,1,1,0.5301137264774509,1,1
2016-05-05,1,1,0.5391244114485164,1,1
2016-05-06,1,0,0.5319953647573041,1,1
2016-05-07,1,1,0.5396689317205257,1,1
2016-05-08,1,1,0.5462966748173781,1,1
2016-05-09,1,0,0.5511061905550568,1,1
2016-05-10,1,1,0.5417998938297325,1,1
2016-05-11,1,1,0.548195201954228,1,1
2016-05-12,1,1,0.5522953042197791,1,1
2016-05-13,1,1,0.5546914982359161,1,1
2016-05-14,1,1,0.5559529222862276,1,1
2016-05-15,1,0,0.5567654560601569,1,1
2016-05-16,1,0,0.556267377513283,1,1
2016-05-17,1,1,0.5568026955522988,1,1
2016-05-18,1,0,0.5571948271254715,1,1
2016-05-19,1,1,0.524842941223429,1,1
2016-05-20,1,1,0.5336417960560056,1,1
2016-05-21,1,0,0.5420283768779838,1,1
2016-05-22,1,1,0.5450260187554756,1,1
2016-05-23,1,1,0.5491088247559335,1,1
2016-05-24,1,1,0.5528486133869159,1,1
2016-05-25,1,1,0.5548035238014477,1,1
2016-05-26,1,1,0.5559269715974368,1,1
2016-05-27,1,1,0.5167544966651642,1,1
2016-05-28,1,0,0.505167383752609,1,1
2016-05-29,1,1,0.5031871284703905,1,1
2016-05-30,1,0,0.5042864689889013,1,1
2016-05-31,1,1,0.5068833411154422,1,1
2016-06-01,1,1,0.5127171021820087,1,1
2016-06-02,1,1,0.5204701468881401,1,1
2016-06-03,1,1,0.5016292556125164,1,1
2016-06-04,1,1,0.5025481481073285,1,1
2016-06-05,1,1,0.5058477925029086,1,1
2016-06-06,1,0,0.5093654980304049,1,1
2016-06-07,1,1,0.50645399428908,1,1
2016-06-08,1,0,0.5124381880182812,1,1
2016-06-09,1,1,0.5109028820438364,1,1
2016-06-10,1,1,0.5185267610868469,1,1
2016-06-11,1,1,0.5015555860210907,1,1
2016-06-12,1,1,0.5051606372744465,1,1
2016-06-13,1,0,0.503642156423902,1,1
2016-06-14,1,1,0.5025426627760958,1,1
2016-06-15,1,1,0.5026572195326077,1,1
2016-06-16,1,0,0.5051394188191934,1,1
2016-06-17,1,1,0.5032750775196071,1,1
2016-06-18,1,1,0.502935095414582,1,1
2016-06-19,1,0,0.5059282202667712,1,1
2016-06-20,1,0,0.5010470362576286,1,1
2016-06-21,1,0,0.5051639196999453,1,1
2016-06-22,1,1,0.5051677061267665,1,1
2016-06-23,1,1,0.5038146718214017,1,1
2016-06-24,1,0,0.5045897296735959,1,1
2016-06-25,1,0,0.5030811600833451,1,1
2016-06-26,1,1,0.503939339806361,1,1
2016-06-27,1,0,0.5026649520498574,1,1
2016-06-28,1,0,0.5017071126218883,1,1
2016-06-29,1,1,0.5017901210653254,1,1
2016-06-30,1,1,0.5011655198761683,1,1
2016-07-01,1,1,0.5022007360878411,1,1
2016-07-02,1,0,0.5010889397814831,1,1
2016-07-03,1,1,0.5043967050025813,1,1
2016-07-04,1,0,0.5027348327695744,1,1
2016-07-05,1,1,0.501604260459035,1,1
2016-07-06,1,0,0.5029161476981383,1,1
2016-07-07,1,1,0.5030698409011128,1,1
2016-07-08,1,0,0.5021381707842156,1,1
2016-07-09,1,0,0.5013790297701582,1,1
2016-07-10,1,0,0.5020474869809154,1,1
2016-07-11,1,1,0.5039609883907938,1,1
2016-07-12,1,0,0.5049010253921056,1,1
2016-07-13,1,1,0.503178560184211,1,1
2016-07-14,1,1,0.5071445357836816,1,1
2016-07-15,1,0,0.5134806306790892,1,1
2016-07-16,1,1,0.5171142589100978,1,1
2016-07-17,1,0,0.5157530202022698,1,1
2016-07-18,1,0,0.5144918689529268,1,1
2016-07-19,1,0,0.51994577199633,1,1
2016-07-20,1,0,0.5165143812213525,1,1
2016-07-21,1,0,0.5220083985687948,1,1
2016-07-22,1,1,0.5068081124675903,1,1
2016-07-23,1,1,0.5128578744028023,1,1
2016-07-24,1,0,0.5212311496122255,1,1
2016-07-25,1,0,0.5179833849363474,1,1
2016-07-26,1,1,0.5222503823243551,1,1
2016-07-27,1,1,0.5312168846874876,1,1
2016-07-28,1,1,0.539246547059634,1,1
2016-07-29,1,0,0.546039289890194,1,1
2016-07-30,1,0,0.5493425319442761,1,1
2016-07-31,1,0,0.5021081358665993,1,1
2016-08-01,1,0,0.5011889713426693,1,1
2016-08-02,1,1,0.5051588382870912,1,1
2016-08-03,1,1,0.5033647282438778,1,1
2016-08-04,1,0,0.5022588543767773,1,1
2016-08-05,1,1,0.5036149621408873,1,1
2016-08-06,1,1,0.5037864454185443,1,1
2016-08-07,1,0,0.5078659490862664,1,1
2016-08-08,1,0,0.513681262634075,1,1
2016-08-09,1,1,0.5198726154194594,1,1
2016-08-10,1,0,0.5288300478852739,1,1
2016-08-11,1,0,0.5362515063550176,1,1
2016-08-12,1,0,0.5438372232748689,1,1
2016-08-13,1,0,0.5493105235408859,1,1
2016-08-14,1,0,0.5374527035694527,1,1
2016-08-15,1,1,0.5444226611232301,1,1
2016-08-16,1,0,0.5399559578819999,1,1
2016-08-17,1,1,0.5461464439216027,1,1
2016-08-18,1,1,0.5507746862698674,1,1
2016-08-19,1,1,0.5536128746958935,1,1
2016-08-20,1,0,0.5538988569236725,1,1
2016-08-21,1,1,0.5556349632961818,1,1
2016-08-22,1,0,0.5561742763892168,1,1
2016-08-23,1,0,0.5564969228592931,1,1
2016-08-24,1,0,0.5568179354639735,1,1
2016-08-25,1,1,0.5571033043785087,1,1
2016-08-26,1,0,0.5573539368900801,1,1
2016-08-27,1,1,0.5551602745602546,1,1
2016-08-28,1,1,0.5559778108646505,1,1
2016-08-29,1,1,0.55678322829225,1,1
2016-08-30,1,0,0.556961324277809,1,1
2016-08-31,1,0,0.5572379563771103,1,1
2016-09-01,1,1,0.5573244255141372,1,1
2016-09-02,1,1,0.5573101515574126,1,1
2016-09-03,1,1,0.5225469223038381,1,1
2016-09-04,1,0,0.5232574587799229,1,1
2016-09-05,1,1,0.5325016191845829,1,1
2016-09-06,1,1,0.5405245842633838,1,1
2016-09-07,1,1,0.5464885525433164,1,1
2016-09-08,1,0,0.5445888259185401,1,1
2016-09-09,1,1,0.5490185103892323,1,1
2016-09-10,1,0,0.5527957743752415,1,1
2016-09-11,1,1,0.5388311292073114,1,1
2016-09-12,1,1,0.5461052720680606,1,1
2016-09-13,1,1,0.5509954270199214,1,1
2016-09-14,1,0,0.5539510013854443,1,1
2016-09-15,1,0,0.555205172679277,1,1
2016-09-16,1,0,0.5563555326820507,1,1
2016-09-17,1,1,0.5569477369891981,1,1
2016-09-18,1,0,0.5570803542246339,1,1
2016-09-19,1,0,0.5573487251290951,1,1
2016-09-20,1,0,0.5574793055462745,1,1
2016-09-21,1,0,0.5542968954253256,1,1
2016-09-22,1,1,0.5558319028564539,1,1
2016-09-23,1,0,0.5558151915980636,1,1
2016-09-24,1,0,0.5566837449885536,1,1
2016-09-25,1,1,0.5570505544766274,1,1
2016-09-26,1,0,0.5564916622424961,1,1
2016-09-27,1,0,0.5569396319946662,1,1
2016-09-28,1,1,0.5572232720604091,1,1
2016-09-29,1,1,0.5574455566551545,1,1
2016-09-30,1,1,0.5574252269350144,1,1
2016-10-01,1,0,0.5574326356013067,1,1
2016-10-02,1,1,0.5570210970010954,1,1
2016-10-03,1,0,0.5573282472911965,1,1
2016-10-04,1,1,0.5572540006542666,1,1
2016-10-05,1,1,0.557462503544286,1,1
2016-10-06,1,1,0.557548480680522,1,1
2016-10-07,1,1,0.5575315558152752,1,1
2016-10-08,1,0,0.5576106996954114,1,1
2016-10-09,1,1,0.5573690715231169,1,1
2016-10-10,1,1,0.557522389531801,1,1
2016-10-11,1,0,0.5402938548519901,1,1
2016-10-12,1,1,0.544249276894295,1,1
2016-10-13,1,1,0.5496977753479982,1,1
2016-10-14,1,0,0.5531776455180963,1,1
2016-10-15,1,1,0.5547127632483089,1,1
2016-10-16,1,0,0.5560852180791669,1,1
2016-10-17,1,0,0.5563559059582858,1,1
2016-10-18,1,0,0.5567302439712963,1,1
2016-10-19,1,1,0.5551449120708977,1,1
2016-10-20,1,1,0.556259172756552,1,1
2016-10-21,1,1,0.5569315443923254,1,1
2016-10-22,1,0,0.5331895062898346,1,1
2016-10-23,1,0,0.5414773279770411,1,1
2016-10-24,1,1,0.5459879728958675,1,1
2016-10-25,1,1,0.550882569347891,1,1
2016-10-26,1,1,0.5377216412458465,1,1
2016-10-27,1,1,0.5429911357892158,1,1
2016-10-28,1,1,0.5487570282350764,1,1
2016-10-29,1,0,0.5280419438608911,1,1
2016-10-30,1,0,0.5199949083870282,1,1
2016-10-31,1,1,0.5280576950027807,1,1
2016-11-01,1,1,0.5059020557651042,1,1
2016-11-02,1,0,0.5099310576761454,1,1
2016-11-03,1,1,0.5043800804492842,1,1
2016-11-04,1,1,0.5027147518044066,1,1
2016-11-05,1,1,0.5040823962991703,1,1
2016-11-06,1,0,0.5077675862883534,1,1
2016-11-07,1,1,0.5088814117039768,1,1
2016-11-08,1,1,0.5152695549332632,1,1
2016-11-09,1,0,0.5180304394419298,1,1
2016-11-10,1,1,0.5199174733945898,1,1
2016-11-11,1,0,0.5289462148533508,1,1
2016-11-12,1,0,0.5240960463510486,1,1
2016-11-13,1,1,0.5310416678609212,1,1
2016-11-14,1,1,0.5399575581044199,1,1
2016-11-15,1,1,0.5463707361776766,1,1
2016-11-16,1,0,0.5078291063763586,1,1
2016-11-17,1,1,0.5120129301907116,1,1
2016-11-18,1,1,0.5180226931763068,1,1
2016-11-19,1,0,0.5262818116248825,1,1
2016-11-20,1,1,0.5070605488870353,1,1
2016-11-21,1,1,0.5126174629989,1,1
2016-11-22,1,0,0.5178363541133283,1,1
2016-11-23,1,0,0.5201570217079519,1,1
2016-11-24,1,1,0.5252726374440999,1,1
2016-11-25,1,0,0.5342936631280198,1,1
2016-11-26,1,0,0.5367528734915785,1,1
2016-11-27,1,1,0.5417841590452228,1,1
2016-11-28,1,0,0.5481296553860308,1,1
2016-11-29,1,1,0.5517109842421883,1,1
2016-11-30,1,1,0.553547731446649,1,1
2016-12-01,1,1,0.5545273109727148,1,1
2016-12-02,1,0,0.5492244821878077,1,1
2016-12-03,1,1,0.5491214883103644,1,1
2016-12-04,1,0,0.5527757874795349,1,1
2016-12-05,1,1,0.5425399682800369,1,1
2016-12-06,1,1,0.5486823472630026,1,1
2016-12-07,1,1,0.5525921803226782,1,1
2016-12-08,1,1,0.5548328976806618,1,1
2016-12-09,1,1,0.5560493785430817,1,1
2016-12-10,1,0,0.5567204751421966,1,1
2016-12-11,1,1,0.5561182222647758,1,1
2016-12-12,1,1,0.556378446105464,1,1
2016-12-13,1,1,0.5568126973284482,1,1
2016-12-14,1,0,0.5570980394135981,1,1
2016-12-15,1,1,0.5566898209959612,1,1
2016-12-16,1,1,0.5570972295313982,1,1
2016-12-17,1,0,0.5573616742568874,1,1
2016-12-18,1,1,0.5572762620633999,1,1
2016-12-19,1,1,0.5574078501616124,1,1
2016-12-20,1,1,0.5574427403114524,1,1
2016-12-21,1,1,0.533957280103584,1,1
2016-12-22,1,1,0.5152333136444022,1,1
2016-12-23,1,0,0.5031624099342579,1,1
2016-12-24,1,0,0.5020041428281239,1,1
2016-12-25,1,1,0.5022251823452673,1,1
2016-12-26,1,1,0.5049187259198653,1,1
2016-12-27,1,1,0.5043085078874121,1,1
2016-12-28,1,0,0.5009806944968154,1,1
2016-12-29,1,0,0.5023090315896432,1,1
2016-12-30,1,1,0.5025370059700673,1,1
2016-12-31,1,1,0.5059764680998825,1,1
2017-01-01,1,1,0.5024406933952533,1,1
2017-01-02,1,1,0.5035984496540848,1,1
2017-01-03,1,1,0.5058939464022819,1,1
2017-01-04,1,0,0.505144323539878,1,1
2017-01-05,1,0,0.505167804652157,1,1
2017-01-06,1,1,0.5051677512822346,1,1
2017-01-07,1,1,0.5036385486983234,1,1
2017-01-08,1,0,0.5058075761080829,1,1
2017-01-09,1,1,0.5071491453354128,1,1
2017-01-10,1,0,0.5134305405232131,1,1
2017-01-11,1,1,0.5051678062481744,1,1
2017-01-12,1,1,0.5032755670232857,1,1
2017-01-13,1,0,0.5022309749126274,1,1
2017-01-14,1,1,0.5031675132570164,1,1
2017-01-15,1,1,0.5070523427263736,1,1
2017-01-16,1,1,0.512190903285135,1,1
2017-01-17,1,0,0.5050393281606607,1,1
2017-01-18,1,1,0.5029439898849379,1,1
2017-01-19,1,0,0.5028064549118627,1,1
2017-01-20,1,1,0.5046665281007852,1,1
2017-01-21,1,1,0.5032853908002275,1,1
2017-01-22,1,0,0.5072573107332281,1,1
2017-01-23,1,0,0.5112970873132817,1,1
2017-01-24,1,1,0.5015910669169552,1,1
2017-01-25,1,1,0.504205613772217,1,1
2017-01-26,1,1,0.5070530264611656,1,1
2017-01-27,1,1,0.5129451740712607,1,1
2017-01-28,1,0,0.5206986700301639,1,1
2017-01-29,1,1,0.5275918669228997,1,1
2017-01-30,1,1,0.5359978991754131,1,1
2017-01-31,1,1,0.5019928240526385,1,1
2017-02-01,1,1,0.5029001518895746,1,1
2017-02-02,1,1,0.5040449325563563,1,1
2017-02-03,1,1,0.5070833724625329,1,1
2017-02-04,1,0,0.5129495594168845,1,1
2017-02-05,1,1,0.508878136427248,1,1
2017-02-06,1,1,0.515780907904837,1,1
2017-02-07,1,1,0.5185617880919892,1,1
2017-02-08,1,0,0.5265290647741229,1,1
2017-02-09,1,0,0.5039405649263791,1,1
2017-02-10,1,1,0.5025860696996854,1,1
2017-02-11,1,0,0.5040552399883912,1,1
2017-02-12,1,0,0.5063399592586387,1,1
2017-02-13,1,1,0.5078789530948596,1,1
2017-02-14,1,1,0.513422109351786,1,1
2017-02-15,1,1,0.5214101515539005,1,1
2017-02-16,1,1,0.5256715525032023,1,1
2017-02-17,1,1,0.5313564767217306,1,1
2017-02-18,1,0,0.5402338385973503,1,1
2017-02-19,1,1,0.5422490269600071,1,1
2017-02-20,1,1,0.5326523420914392,1,1
2017-02-21,1,1,0.5200993751227084,1,1
2017-02-22,1,1,0.5291491243820742,1,1
2017-02-23,1,1,0.5047828615580129,1,1
2017-02-24,1,0,0.509536506287924,1,1
2017-02-25,1,1,0.5023784178379246,1,1
2017-02-26,1,1,0.5043211701582101,1,1
2017-02-27,1,0,0.5084431674509788,1,1
2017-02-28,1,1,0.5144360588969233,1,1
2017-03-01,1,1,0.505191905414891,1,1
2017-03-02,1,1,0.5063480358074439,1,1
2017-03-03,1,0,0.5093367054480364,1,1
2017-03-04,1,1,0.5069493133113726,1,1
2017-03-05,1,1,0.5129280483106164,1,1
2017-03-06,1,0,0.5213301694638779,1,1
2017-03-07,1,0,0.5013144291997805,1,1
2017-03-08,1,1,0.5039517450434006,1,1
2017-03-09,1,0,0.5024268218225999,1,1
2017-03-10,1,1,0.5045357536278261,1,1
2017-03-11,1,1,0.5040623538271791,1,1
2017-03-12,1,1,0.5026873511944093,1,1
2017-03-13,1,1,0.502883184424745,1,1
2017-03-14,1,1,0.5060642731478306,1,1
2017-03-15,1,0,0.5117908695400546,1,1
2017-03-16,1,0,0.5020359568637367,1,1
2017-03-17,1,0,0.5050600862208557,1,1
2017-03-18,1,1,0.5051677812988264,1,1
2017-03-19,1,1,0.5049176234685643,1,1
2017-03-20,1,1,0.5031997376767114,1,1
2017-03-21,1,0,0.5039419107637108,1,1
2017-03-22,1,0,0.5049450867064357,1,1
2017-03-23,1,0,0.5029956113035042,1,1
2017-03-24,1,1,0.5051627408875798,1,1
2017-03-25,1,0,0.5034992428183261,1,1
2017-03-26,1,1,0.5026558429012122,1,1
2017-03-27,1,1,0.5049565938018669,1,1
2017-03-28,1,0,0.5034724204377004,1,1
2017-03-29,1,0,0.504501611891922,1,1
2017-03-30,1,1,0.504963724623036,1,1
2017-03-31,1,1,0.5010411948128457,1,1
2017-04-01,1,1,0.5027512419289951,1,1
2017-04-02,1,1,0.5041475428138494,1,1
2017-04-03,1,0,0.5012431186462137,1,1
2017-04-04,1,0,0.5024650000017771,1,1
2017-04-05,1,1,0.5046323833296082,1,1
2017-04-06,1,0,0.5011759236077378,1,1
2017-04-07,1,0,0.5019306055344285,1,1
2017-04-08,1,1,0.5046938606901262,1,1
2017-04-09,1,0,0.509275291923678,1,1
2017-04-10,1,1,0.5157798476713444,1,1
2017-04-11,1,0,0.5221395074958339,1,1
2017-04-12,1,0,0.5284279250424311,1,1
2017-04-13,1,0,0.5094811882010767,1,1
2017-04-14,1,1,0.5155237253399892,1,1
2017-04-15,1,1,0.5244413828199664,1,1
2017-04-16,1,1,0.5336214715649336,1,1
2017-04-17,1,1,0.5416847609468882,1,1
2017-04-18,1,0,0.546029656133928,1,1
2017-04-19,1,1,0.5501991292724322,1,1
2017-04-20,1,0,0.5519583219937569,1,1
2017-04-21,1,1,0.5529188096475911,1,1
2017-04-22,1,0,0.5549975280685446,1,1
2017-04-23,1,1,0.5475698374353722,1,1
2017-04-24,1,1,0.5250641278069836,1,1
2017-04-25,1,1,0.532636501422364,1,1
2017-04-26,1,1,0.5393899867913275,1,1
2017-04-27,1,0,0.5296627247500343,1,1
2017-04-28,1,1,0.5378370654920863,1,1
2017-04-29,1,1,0.545321050611595,1,1
2017-04-30,1,1,0.5457613998525461,1,1
2017-05-01,1,1,0.5024446278888948,1,1
2017-05-02,1,1,0.5026189744262747,1,1
2017-05-03,1,1,0.5026425987940335,1,1
2017-05-04,1,1,0.5017205015263794,1,1
2017-05-05,1,1,0.5044047632426372,1,1
2017-05-06,1,1,0.5081031107166847,1,1
2017-05-07,1,1,0.5144629448705708,1,1
2017-05-08,1,1,0.5041114546138028,1,1
2017-05-09,1,1,0.502887904131625,1,1
2017-05-10,1,1,0.5046338042929035,1,1
2017-05-11,1,0,0.5030336433350153,1,1
2017-05-12,1,1,0.5045496415076136,1,1
2017-05-13,1,1,0.5034224481382817,1,1
2017-05-14,1,0,0.5027565535196382,1,1
2017-05-15,1,0,0.5018167835573349,1,1
2017-05-16,1,1,0.5019519950665662,1,1
2017-05-17,1,1,0.5019156508421246,1,1
2017-05-18,1,1,0.5018759728607589,1,1
2017-05-19,1,1,0.5011584310281779,1,1
2017-05-20,1,0,0.501168035642694,1,1
2017-05-21,1,1,0.5009321484949432,1,1
2017-05-22,1,1,0.5023399784407149,1,1
2017-05-23,1,1,0.5036223740609334,1,1
2017-05-24,1,0,0.5026695916401267,1,1
2017-05-25,1,0,0.5049400572197257,1,1
2017-05-26,1,0,0.5048090220401895,1,1
2017-05-27,1,1,0.5051563916680314,1,1
2017-05-28,1,1,0.5040987992252736,1,1
2017-05-29,1,0,0.5026910851366854,1,1
2017-05-30,1,1,0.5032336907962018,1,1
2017-05-31,1,1,0.5025272928689567,1,1
2017-06-01,1,1,0.5021864348534377,1,1
2017-06-02,1,1,0.5017780695302739,1,1
2017-06-03,1,0,0.5038405556721298,1,1
2017-06-04,1,1,0.5046157178606059,1,1
2017-06-05,1,1,0.5018494816011928,1,1
2017-06-06,1,0,0.5029403711372573,1,1
2017-06-07,1,1,0.5044873302271053,1,1
2017-06-08,1,1,0.5030438520290519,1,1
2017-06-09,1,1,0.5041817599990072,1,1
2017-06-10,1,1,0.5023360784335725,1,1
2017-06-11,1,0,0.5037624065761828,1,1
2017-06-12,1,1,0.50516708209917,1,1
2017-06-13,1,0,0.5035780040009705,1,1
2017-06-14,1,0,0.5051499678619406,1,1
2017-06-15,1,1,0.5031339899343747,1,1
2017-06-16,1,1,0.5028430532197838,1,1
2017-06-17,1,0,0.5013802016912592,1,1
2017-06-18,1,1,0.5029815788589451,1,1
2017-06-19,1,1,0.5026972046349784,1,1
2017-06-20,1,0,0.5012464997126442,1,1
2017-06-21,1,1,0.5009295035889582,1,1
2017-06-22,1,1,0.5023520511702853,1,1
2017-06-23,1,0,0.5058975184230612,1,1
2017-06-24,1,0,0.5029892724340024,1,1
2017-06-25,1,0,0.5017737942899482,1,1
2017-06-26,1,1,0.5031065129505421,1,1
2017-06-27,1,1,0.5021506140036416,1,1
2017-06-28,1,0,0.5039475782138112,1,1
2017-06-29,1,0,0.5018815691011365,1,1
2017-06-30,1,0,0.500695965942887,1,1
2017-07-01,1,1,0.5006558164121204,1,1
2017-07-02,1,1,0.5014227911447864,1,1
2017-07-03,2,1,0.5563792630281551,1,1
2017-07-04,2,1,0.560182214434756,1,1
2017-07-05,2,1,0.5641439689150163,1,1
2017-07-06,2,0,0.5694165329501188,1,1
2017-07-07,2,1,0.5543308236863724,1,1
2017-07-08,2,0,0.556199409435111,1,1
2017-07-09,2,0,0.5551182795602495,1,1
2017-07-10,2,0,0.552244279258767,1,1
2017-07-11,2,1,0.5535860609796316,1,1
2017-07-12,2,0,0.5548988678259306,1,1
2017-07-13,2,0,0.5552500882523562,1,1
2017-07-14,2,0,0.5525772260186731,1,1
2017-07-15,2,0,0.5517010556063562,1,1
2017-07-16,2,1,0.5523176047540244,1,1
2017-07-17,2,1,0.5517009421326949,1,1
2017-07-18,2,0,0.5526911113597421,1,1
2017-07-19,2,1,0.55373917341138,1,1
2017-07-20,2,0,0.5517009420861806,1,1
2017-07-21,2,1,0.5518002288451629,1,1
2017-07-22,2,0,0.5522872547509586,1,1
2017-07-23,2,1,0.5528541107320578,1,1
2017-07-24,2,0,0.5555351626155921,1,1
2017-07-25,2,0,0.5519235602364978,1,1
2017-07-26,2,1,0.5531270446269805,1,1
2017-07-27,2,1,0.5527525159818789,1,1
2017-07-28,2,0,0.552857979973712,1,1
2017-07-29,2,1,0.5531265409989465,1,1
2017-07-30,2,1,0.5558751564677464,1,1
2017-07-31,2,0,0.5543458008477219,1,1
2017-08-01,2,0,0.5523838592778859,1,1
2017-08-02,2,1,0.5547267395160884,1,1
2017-08-03,2,1,0.5543716263992815,1,1
2017-08-04,2,1,0.5547002167215349,1,1
2017-08-05,2,0,0.5517012903575278,1,1
2017-08-06,2,1,0.5531355122019539,1,1
2017-08-07,2,1,0.5530315546924722,1,1
2017-08-08,2,0,0.5556310776364697,1,1
2017-08-09,2,1,0.5548320528910496,1,1
2017-08-10,2,1,0.5576752582147619,1,1
2017-08-11,2,1,0.5521934156463437,1,1
2017-08-12,2,1,0.5521118899200617,1,1
2017-08-13,2,1,0.5527587944106038,1,1
2017-08-14,2,0,0.5525363387253577,1,1
2017-08-15,2,1,0.5524336475928343,1,1
2017-08-16,2,0,0.5531777793445779,1,1
2017-08-17,2,0,0.5544209237478627,1,1
2017-08-18,2,1,0.5528068001844988,1,1
2017-08-19,2,0,0.5555892229690411,1,1
2017-08-20,2,0,0.5541014193607362,1,1
2017-08-21,2,1,0.5542377306578131,1,1
2017-08-22,2,1,0.555737141030803,1,1
2017-08-23,2,1,0.5593841600219821,1,1
2017-08-24,2,1,0.5550076884891111,1,1
2017-08-25,2,0,0.5581830779632149,1,1
2017-08-26,2,1,0.5594671426913139,1,1
2017-08-27,2,0,0.5648907680798017,1,1
2017-08-28,2,1,0.5686693348138887,1,1
2017-08-29,2,0,0.5557341889790753,1,1
2017-08-30,2,1,0.5573072138141024,1,1
2017-08-31,2,1,0.5574637989948747,1,1
2017-09-01,2,0,0.5554789519808228,1,1
2017-09-02,2,1,0.5518949481525253,1,1
2017-09-03,2,0,0.5536442326244924,1,1
2017-09-04,2,1,0.5517128796144115,1,1
2017-09-05,2,1,0.5531631390471539,1,1
2017-09-06,2,1,0.5534872428211026,1,1
2017-09-07,2,0,0.5558039674669896,1,1
2017-09-08,2,0,0.5517113746860064,1,1
2017-09-09,2,0,0.5532532211120882,1,1
2017-09-10,2,1,0.5532864705839411,1,1
2017-09-11,2,0,0.5562903365326212,1,1
2017-09-12,2,0,0.5569747035720723,1,1
2017-09-13,2,0,0.551951623966197,1,1
2017-09-14,2,1,0.551700942086181,1,1
2017-09-15,2,0,0.5517009423980422,1,1
2017-09-16,2,0,0.5531957197943247,1,1
2017-09-17,2,1,0.5543598251429568,1,1
2017-09-18,2,0,0.551701024454614,1,1
2017-09-19,2,0,0.5521735149220951,1,1
2017-09-20,2,0,0.5539565833531565,1,1
2017-09-21,2,0,0.5517505589774415,1,1
2017-09-22,2,1,0.5534559262409564,1,1
2017-09-23,2,0,0.553700254794159,1,1
2017-09-24,2,1,0.5535175446516135,1,1
2017-09-25,2,0,0.5525448327384195,1,1
2017-09-26,2,1,0.5541466684779619,1,1
2017-09-27,2,0,0.5519828093241409,1,1
2017-09-28,2,0,0.5535629645513739,1,1
2017-09-29,2,1,0.5559219977790083,1,1
2017-09-30,2,1,0.5545410919300787,1,1
2017-10-01,2,1,0.5574030273426215,1,1
2017-10-02,2,0,0.5610903699865042,1,1
2017-10-03,2,0,0.5556996271389739,1,1
2017-10-04,2,1,0.5549441656747547,1,1
2017-10-05,2,1,0.55605598011928,1,1
2017-10-06,2,1,0.5597924834506502,1,1
2017-10-07,2,1,0.5641552725880152,1,1
2017-10-08,2,1,0.555191269127401,1,1
2017-10-09,2,1,0.5550951097031761,1,1
2017-10-10,2,1,0.558072473643361,1,1
2017-10-11,2,1,0.5627883962385174,1,1
2017-10-12,2,1,0.5517013014826262,1,1
2017-10-13,2,1,0.5529242678391019,1,1
2017-10-14,2,0,0.5539988375382869,1,1
2017-10-15,2,1,0.5538986948385577,1,1
2017-10-16,2,0,0.5569977395186478,1,1
2017-10-17,2,0,0.5553376410369985,1,1
2017-10-18,2,1,0.5581807995315586,1,1
2017-10-19,2,1,0.5593954782032929,1,1
2017-10-20,2,1,0.5544906057028522,1,1
2017-10-21,2,0,0.5573936999205357,1,1
2017-10-22,2,0,0.5600670064271962,1,1
2017-10-23,2,0,0.558601607914304,1,1
2017-10-24,2,1,0.551932612856506,1,1
2017-10-25,2,1,0.5529063305972646,1,1
2017-10-26,2,0,0.5543667544360943,1,1
2017-10-27,2,0,0.5544727699503688,1,1
2017-10-28,2,1,0.5568455226171766,1,1
2017-10-29,2,0,0.5528756084260413,1,1
2017-10-30,2,1,0.5551330866946922,1,1
2017-10-31,2,1,0.5535137305629121,1,1
2017-11-01,2,1,0.5536900450171679,1,1
2017-11-02,2,1,0.5539132267783028,1,1
2017-11-03,2,1,0.556368834962985,1,1
2017-11-04,2,1,0.5582027492163112,1,1
2017-11-05,2,0,0.5626431057866954,1,1
2017-11-06,2,1,0.5527502951104448,1,1
2017-11-07,2,1,0.5551644839486642,1,1
2017-11-08,2,0,0.5544274818493138,1,1
2017-11-09,2,0,0.5527956317372831,1,1
2017-11-10,2,0,0.5517120013686286,1,1
2017-11-11,2,0,0.5519969382754292,1,1
2017-11-12,2,1,0.5517301955925755,1,1
2017-11-13,2,1,0.5517048875079927,1,1
2017-11-14,2,1,0.5534117943366351,1,1
2017-11-15,2,1,0.5517209093451136,1,1
2017-11-16,2,0,0.5518724939652738,1,1
2017-11-17,2,1,0.5525237799527496,1,1
2017-11-18,2,1,0.5551321593436979,1,1
2017-11-19,2,1,0.5560012207190271,1,1
2017-11-20,2,0,0.5593796320587613,1,1
2017-11-21,2,1,0.5553387377054312,1,1
2017-11-22,2,0,0.5581233657004878,1,1
2017-11-23,2,1,0.5543731191477509,1,1
2017-11-24,2,1,0.5563333878239359,1,1
2017-11-25,2,1,0.5539737486298721,1,1
2017-11-26,2,1,0.5535951703620544,1,1
2017-11-27,2,1,0.553854456000261,1,1
2017-11-28,2,0,0.5563485422543258,1,1
2017-11-29,2,1,0.5545951393152361,1,1
2017-11-30,2,1,0.5555182126632772,1,1
2017-12-01,2,1,0.5535096228487704,1,1
2017-12-02,2,1,0.55619991089773,1,1
2017-12-03,2,1,0.5602146904619943,1,1
2017-12-04,2,1,0.5627344082438819,1,1
2017-12-05,2,1,0.5683040068986466,1,1
2017-12-06,2,1,0.5517009420863783,1,1
2017-12-07,2,0,0.5517009420861808,1,1
2017-12-08,2,0,0.551701395367946,1,1
2017-12-09,2,1,0.5517010535359468,1,1
2017-12-10,2,1,0.5533916904391248,1,1
2017-12-11,2,1,0.55187604205733,1,1
2017-12-12,2,0,0.5537883869615692,1,1
2017-12-13,2,1,0.5517438214270521,1,1
2017-12-14,2,1,0.5533715077153322,1,1
2017-12-15,2,1,0.5530033300150441,1,1
2017-12-16,2,0,0.5517676084200233,1,1
2017-12-17,2,0,0.5522383162492073,1,1
2017-12-18,2,0,0.5533307611665254,1,1
2017-12-19,2,0,0.5517053711952651,1,1
2017-12-20,2,0,0.5517051888686516,1,1
2017-12-21,2,0,0.5517405223388534,1,1
2017-12-22,2,1,0.5517009421301664,1,1
2017-12-23,2,0,0.5523128186441221,1,1
2017-12-24,2,1,0.5517472609928772,1,1
2017-12-25,2,1,0.5533762428325874,1,1
2017-12-26,2,0,0.5517009565643226,1,1
2017-12-27,2,0,0.5524043209021314,1,1
2017-12-28,2,1,0.5517020201863783,1,1
2017-12-29,2,0,0.5532003225405246,1,1
2017-12-30,2,1,0.5517009434490789,1,1
2017-12-31,2,0,0.5517306979137764,1,1
2018-01-01,2,1,0.5519666967164196,1,1
2018-01-02,2,1,0.5517216078685967,1,1
2018-01-03,2,1,0.5534668966462437,1,1
2018-01-04,2,1,0.5557339129394908,1,1
2018-01-05,2,1,0.5517093560136438,1,1
2018-01-06,2,0,0.5532422006701917,1,1
2018-01-07,2,0,0.5517396987261992,1,1
2018-01-08,2,0,0.5517017921703213,1,1
2018-01-09,2,1,0.5518989149268914,1,1
2018-01-10,2,0,0.5537761983010505,1,1
2018-01-11,2,1,0.5517009646201895,1,1
2018-01-12,2,1,0.5530549394269536,1,1
2018-01-13,2,0,0.5552680340403869,1,1
2018-01-14,2,1,0.5525258886587237,1,1
2018-01-15,2,0,0.5547033867442733,1,1
2018-01-16,2,0,0.5517009420861869,1,1
2018-01-17,2,1,0.5524004680704291,1,1
2018-01-18,2,1,0.5541679468872748,1,1
2018-01-19,2,1,0.5575941422173983,1,1
2018-01-20,2,0,0.5517106586167491,1,1
2018-01-21,2,0,0.5517009863865494,1,1
2018-01-22,2,0,0.5517511117457738,1,1
2018-01-23,2,1,0.553264173648073,1,1
2018-01-24,2,0,0.5536383518296409,1,1
2018-01-25,2,0,0.5552758267309416,1,1
2018-01-26,2,1,0.5572373262586514,1,1
2018-01-27,2,1,0.5572476634164507,1,1
2018-01-28,2,0,0.5558320519412867,1,1
2018-01-29,2,0,0.5538162227660376,1,1
2018-01-30,2,1,0.5517012281892064,1,1
2018-01-31,2,0,0.5534059644536168,1,1
2018-02-01,2,0,0.551701534648966,1,1
2018-02-02,2,1,0.5523669683312217,1,1
2018-02-03,2,0,0.5529391449642089,1,1
2018-02-04,2,0,0.5517026310047539,1,1
2018-02-05,2,1,0.551700942088993,1,1
2018-02-06,2,0,0.5517009505936965,1,1
2018-02-07,2,1,0.5533313170980788,1,1
2018-02-08,2,1,0.551715093674076,1,1
2018-02-09,2,0,0.5518479998387466,1,1
2018-02-10,2,0,0.5537065707932108,1,1
2018-02-11,2,1,0.5526515871593155,1,1
2018-02-12,2,0,0.5517019089181118,1,1
2018-02-13,2,1,0.5526553514011358,1,1
2018-02-14,2,1,0.5517012436956606,1,1
2018-02-15,2,1,0.5517269998834285,1,1
2018-02-16,2,1,0.553390130626021,1,1
2018-02-17,2,0,0.5517151266219102,1,1
2018-02-18,2,1,0.5520801918440646,1,1
2018-02-19,2,1,0.5518345146867967,1,1
2018-02-20,2,0,0.5534289451557436,1,1
2018-02-21,2,0,0.5519749989723232,1,1
2018-02-22,2,1,0.551809975472784,1,1
2018-02-23,2,0,0.5529322674985365,1,1
2018-02-24,2,0,0.5525638674659483,1,1
2018-02-25,2,1,0.554781650495541,1,1
2018-02-26,2,1,0.5518639242920564,1,1
2018-02-27,2,0,0.5527484223961852,1,1
2018-02-28,2,1,0.5534715214822866,1,1
2018-03-01,2,1,0.5527196492915547,1,1
2018-03-02,2,1,0.5546917508967734,1,1
2018-03-03,2,1,0.5541895978848242,1,1
2018-03-04,2,1,0.5571604703273103,1,1
2018-03-05,2,0,0.5608357371019368,1,1
2018-03-06,2,0,0.5523837910969311,1,1
2018-03-07,2,0,0.551758543734173,1,1
2018-03-08,2,0,0.551971934949765,1,1
2018-03-09,2,0,0.5540613619936421,1,1
2018-03-10,2,1,0.5529564519905695,1,1
2018-03-11,2,0,0.5517300053927794,1,1
2018-03-12,2,0,0.5524911169155335,1,1
2018-03-13,2,0,0.5550564736103275,1,1
2018-03-14,2,1,0.5517051514631369,1,1
2018-03-15,2,1,0.5534044234851669,1,1
2018-03-16,2,0,0.5557503192538596,1,1
2018-03-17,2,1,0.5535673875063097,1,1
2018-03-18,2,1,0.5535533228969006,1,1
2018-03-19,2,1,0.5529244942031657,1,1
2018-03-20,2,1,0.553552602171146,1,1
2018-03-21,2,0,0.556500204694166,1,1
2018-03-22,2,1,0.5571526860104811,1,1
2018-03-23,2,0,0.5568505998767869,1,1
2018-03-24,2,0,0.5563269755244421,1,1
2018-03-25,2,0,0.5570574569844404,1,1
2018-03-26,2,0,0.5550001925088324,1,1
2018-03-27,2,1,0.55388966168749,1,1
2018-03-28,2,0,0.5551634071013885,1,1
2018-03-29,2,0,0.5517090179919482,1,1
2018-03-30,2,1,0.5525498460826389,1,1
2018-03-31,2,0,0.5542142372425379,1,1
2018-04-01,2,1,0.5561387683096032,1,1
2018-04-02,2,1,0.5543923061712359,1,1
2018-04-03,2,0,0.5533022396697586,1,1
2018-04-04,2,0,0.5517309422668908,1,1
2018-04-05,2,0,0.5534625810488595,1,1
2018-04-06,2,1,0.554252674412977,1,1
2018-04-07,2,1,0.55396406210488,1,1
2018-04-08,2,0,0.5555099108025808,1,1
2018-04-09,2,1,0.5543035849953782,1,1
2018-04-10,2,1,0.5564650147003519,1,1
2018-04-11,2,1,0.5560525846219425,1,1
2018-04-12,2,1,0.5517009717144008,1,1
2018-04-13,2,1,0.5534155692083814,1,1
2018-04-14,2,1,0.5556039863620184,1,1
2018-04-15,2,0,0.5541854001694215,1,1
2018-04-16,2,0,0.5542132938899169,1,1
2018-04-17,2,1,0.5556603851237361,1,1
2018-04-18,2,1,0.5545996142906553,1,1
2018-04-19,2,1,0.555540020931188,1,1
2018-04-20,2,1,0.5525887820928241,1,1
2018-04-21,2,0,0.5549652998593044,1,1
2018-04-22,2,1,0.5583989144652003,1,1
2018-04-23,2,1,0.5589421835314294,1,1
2018-04-24,2,0,0.5518488738709674,1,1
2018-04-25,2,1,0.5517039498389471,1,1
2018-04-26,2,0,0.5521969985615138,1,1
2018-04-27,2,1,0.552843962352774,1,1
2018-04-28,2,1,0.5531760257034862,1,1
2018-04-29,2,0,0.5557063615523009,1,1
2018-04-30,2,0,0.5565294548497973,1,1
2018-05-01,2,1,0.5592345257045915,1,1
2018-05-02,2,1,0.5603365863134545,1,1
2018-05-03,2,0,0.5537684839211894,1,1
2018-05-04,2,1,0.5568028276655466,1,1
2018-05-05,2,0,0.5572929030327082,1,1
2018-05-06,2,0,0.5570569363918254,1,1
2018-05-07,2,0,0.555088864455034,1,1
2018-05-08,2,1,0.5565265654640739,1,1
2018-05-09,2,0,0.5595525262131184,1,1
2018-05-10,2,0,0.5551561649430685,1,1
2018-05-11,2,1,0.5521573305299189,1,1
2018-05-12,2,1,0.5543051808769711,1,1
2018-05-13,2,0,0.5546974013097387,1,1
2018-05-14,2,0,0.5580434093467609,1,1
2018-05-15,2,0,0.5559968625741167,1,1
2018-05-16,2,0,0.5568262765151313,1,1
2018-05-17,2,1,0.5546127272413647,1,1
2018-05-18,2,0,0.5556994149176426,1,1
2018-05-19,2,1,0.559449172151929,1,1
2018-05-20,2,0,0.5552030069565859,1,1
2018-05-21,2,0,0.5573959263452266,1,1
2018-05-22,2,0,0.5540290728022873,1,1
2018-05-23,2,1,0.5522410372613529,1,1
2018-05-24,2,0,0.5545489604421376,1,1
2018-05-25,2,0,0.5567728052453099,1,1
2018-05-26,2,1,0.5581268843599181,1,1
2018-05-27,2,0,0.5633659508904858,1,1
2018-05-28,2,1,0.5557617276624663,1,1
2018-05-29,2,0,0.5542039510729813,1,1
2018-05-30,2,1,0.5564458302813249,1,1
2018-05-31,2,1,0.559288056428095,1,1
2018-06-01,2,1,0.5644268576261599,1,1
2018-06-02,2,1,0.567009880220796,1,1
2018-06-03,2,0,0.5709065280529063,1,1
2018-06-04,2,1,0.5584817901658247,1,1
2018-06-05,2,1,0.5603023630890029,1,1
2018-06-06,2,1,0.5661585663084563,1,1
2018-06-07,2,0,0.5722371925564259,1,1
2018-06-08,2,0,0.575417399111946,1,1
2018-06-09,2,0,0.5751970320991157,1,1
2018-06-10,2,1,0.5517062276638137,1,1
2018-06-11,2,0,0.5533023309179882,1,1
2018-06-12,2,0,0.552713771850812,1,1
2018-06-13,2,1,0.5531310721059535,1,1
2018-06-14,2,0,0.5525828797045658,1,1
2018-06-15,2,1,0.5532354425580375,1,1
2018-06-16,2,0,0.5548969144964233,1,1
2018-06-17,2,1,0.558338157006501,1,1
2018-06-18,2,1,0.5546274243106345,1,1
2018-06-19,2,1,0.5571628593908781,1,1
2018-06-20,2,0,0.5613162314381129,1,1
2018-06-21,2,0,0.5671811921329698,1,1
2018-06-22,2,1,0.55172489643509,1,1
2018-06-23,2,1,0.5533014176975314,1,1
2018-06-24,2,1,0.5558603406960456,1,1
2018-06-25,2,0,0.5567565985345299,1,1
2018-06-26,2,1,0.5571134062393882,1,1
2018-06-27,2,0,0.557962124990263,1,1
2018-06-28,2,1,0.5547519146819726,1,1
2018-06-29,2,1,0.5530583775720904,1,1
2018-06-30,2,0,0.5536223782899246,1,1
2018-07-01,2,1,0.5566641014600217,1,1
2018-07-02,2,0,0.5543580698130607,1,1
2018-07-03,2,1,0.5570955783338537,1,1
2018-07-04,2,1,0.5579420817929036,1,1
2018-07-05,2,1,0.5600715709648835,1,1
2018-07-06,2,1,0.5630088206020666,1,1
2018-07-07,2,0,0.5555188977811928,1,1
2018-07-08,2,0,0.5584069553516361,1,1
2018-07-09,2,0,0.5635745428619288,1,1
2018-07-10,2,1,0.5531934038722782,1,1
2018-07-11,2,0,0.5551551216556121,1,1
2018-07-12,2,1,0.5555091368527304,1,1
2018-07-13,2,1,0.5588268584841394,1,1
2018-07-14,2,1,0.5616147174021575,1,1
2018-07-15,2,1,0.560688672911133,1,1
2018-07-16,2,1,0.553250595041469,1,1
2018-07-17,2,1,0.5517284428849557,1,1
2018-07-18,2,1,0.5534755083804791,1,1
2018-07-19,2,0,0.5554394350190556,1,1
2018-07-20,2,1,0.5574660914838437,1,1
2018-07-21,2,0,0.5603860062175952,1,1
2018-07-22,2,1,0.5662490132592911,1,1
2018-07-23,2,1,0.554956537391719,1,1
2018-07-24,2,0,0.5517622945595164,1,1
2018-07-25,2,0,0.5526037594035533,1,1
2018-07-26,2,1,0.5532024832614306,1,1
2018-07-27,2,1,0.5542855931277243,1,1
2018-07-28,2,1,0.557603550773993,1,1
2018-07-29,2,0,0.5626745369447208,1,1
2018-07-30,2,0,0.5678773901196743,1,1
2018-07-31,2,0,0.5536893336096248,1,1
2018-08-01,2,0,0.5547186294654566,1,1
2018-08-02,2,0,0.5576533347205057,1,1
2018-08-03,2,0,0.5581103518486585,1,1
2018-08-04,2,1,0.5531343816465278,1,1
2018-08-05,2,0,0.5558873559428197,1,1
2018-08-06,2,0,0.5573715880828352,1,1
2018-08-07,2,0,0.5553363468444967,1,1
2018-08-08,2,1,0.5522099848920092,1,1
2018-08-09,2,0,0.5526838111934376,1,1
2018-08-10,2,1,0.5519468119727848,1,1
2018-08-11,2,1,0.5535499825262507,1,1
2018-08-12,2,0,0.556578390376057,1,1
2018-08-13,2,0,0.5610900283479704,1,1
2018-08-14,2,1,0.5623517011291177,1,1
2018-08-15,2,1,0.5614472532079255,1,1
2018-08-16,2,1,0.5670132824249374,1,1
2018-08-17,2,0,0.5550299475016331,1,1
2018-08-18,2,1,0.555268155992998,1,1
2018-08-19,2,0,0.5570900419258984,1,1
2018-08-20,2,1,0.5550787805304174,1,1
2018-08-21,2,0,0.5549835225109221,1,1
2018-08-22,2,1,0.5558933037821389,1,1
2018-08-23,2,1,0.5556568787796631,1,1
2018-08-24,2,1,0.5552932954864428,1,1
2018-08-25,2,0,0.558331132812456,1,1
2018-08-26,2,1,0.5614438116590484,1,1
2018-08-27,2,1,0.5573092491678874,1,1
2018-08-28,2,0,0.555514406009957,1,1
2018-08-29,2,0,0.5580403883825623,1,1
2018-08-30,2,1,0.5606375749303538,1,1
2018-08-31,2,1,0.5654190187409345,1,1
2018-09-01,2,1,0.5615279364455488,1,1
2018-09-02,2,0,0.5654939099853783,1,1
2018-09-03,2,1,0.5713701630348182,1,1
2018-09-04,2,0,0.5730118347992503,1,1
2018-09-05,2,0,0.5518702606300441,1,1
2018-09-06,2,0,0.5523470785817117,1,1
2018-09-07,2,0,0.5544405770897898,1,1
2018-09-08,2,1,0.5535584275708995,1,1
2018-09-09,2,1,0.5558034266610032,1,1
2018-09-10,2,0,0.5597381973023551,1,1
2018-09-11,2,1,0.5654773895958729,1,1
2018-09-12,2,1,0.5712007513560775,1,1
2018-09-13,2,0,0.5612741210357024,1,1
2018-09-14,2,1,0.5672848623991131,1,1
2018-09-15,2,0,0.5726123590484619,1,1
2018-09-16,2,0,0.5770033600735227,1,1
2018-09-17,2,1,0.5573894572964474,1,1
2018-09-18,2,1,0.5581091090237021,1,1
2018-09-19,2,1,0.5623594831676211,1,1
2018-09-20,2,1,0.5594032615642183,1,1
2018-09-21,2,0,0.5550560862308002,1,1
2018-09-22,2,0,0.5582449078602483,1,1
2018-09-23,2,0,0.5632459806844407,1,1
2018-09-24,2,0,0.5648111733447836,1,1
2018-09-25,2,1,0.562218049331007,1,1
2018-09-26,2,1,0.5652912761800712,1,1
2018-09-27,2,0,0.5559838284679794,1,1
2018-09-28,2,0,0.5598128952364331,1,1
2018-09-29,2,1,0.5652915554986794,1,1
2018-09-30,2,0,0.5704881263300994,1,1
2018-10-01,2,0,0.5754813195603851,1,1
2018-10-02,2,0,0.5786859821492929,1,1
2018-10-03,2,1,0.5800948500914813,1,1
2018-10-04,2,1,0.5795506488423044,1,1
2018-10-05,2,0,0.5802332743438152,1,1
2018-10-06,2,1,0.5810352402346896,1,1
2018-10-07,2,1,0.5814842967332059,1,1
2018-10-08,2,0,0.5814425918508577,1,1
2018-10-09,2,0,0.5816958789101241,1,1
2018-10-10,2,0,0.5812515155137455,1,1
2018-10-11,2,1,0.5541328034634057,1,1
2018-10-12,2,1,0.5572116656306902,1,1
2018-10-13,2,1,0.5620249161775269,1,1
2018-10-14,2,1,0.5682177505362002,1,1
2018-10-15,2,0,0.5544626473358485,1,1
2018-10-16,3,0,0.5698193572163437,1,1
2018-10-17,3,0,0.5717109349564139,1,1
2018-10-18,3,0,0.572431329302839,1,1
2018-10-19,3,1,0.5736285834017281,1,1
2018-10-20,3,0,0.5741327551742711,1,1
2018-10-21,3,1,0.5743669575554339,1,1
2018-10-22,3,0,0.5744665473855137,1,1
2018-10-23,3,1,0.5744962481592009,1,1
2018-10-24,3,0,0.5744855341124309,1,1
2018-10-25,3,0,0.5744950480201906,1,1
2018-10-26,3,1,0.5745173469718469,1,1
2018-10-27,3,1,0.5745190857688743,1,1
2018-10-28,3,0,0.5745140083864755,1,1
2018-10-29,3,1,0.5714537801084777,1,1
2018-10-30,3,0,0.5731701388788497,1,1
2018-10-31,3,1,0.5739653219986667,1,1
2018-11-01,3,1,0.5737704821481271,1,1
2018-11-02,3,0,0.5741744054637298,1,1
2018-11-03,3,1,0.5743713004542799,1,1
2018-11-04,3,1,0.5744088089515387,1,1
2018-11-05,3,1,0.5743030066455522,1,1
2018-11-06,3,1,0.5743068573903485,1,1
2018-11-07,3,0,0.5740576630438071,1,1
2018-11-08,3,0,0.5736729636261646,1,1
2018-11-09,3,1,0.5736274320029484,1,1
2018-11-10,3,1,0.5741219009389493,1,1
2018-11-11,3,0,0.5743679637776988,1,1
2018-11-12,3,0,0.5743368152817327,1,1
2018-11-13,3,0,0.5744467944405971,1,1
2018-11-14,3,0,0.5392321669449207,1,1
2018-11-15,3,0,0.5447011955753561,1,1
2018-11-16,3,0,0.5509744936201318,1,1
2018-11-17,3,1,0.557610408958815,1,1
2018-11-18,3,0,0.5604733995830463,1,1
2018-11-19,3,0,0.5379167163889735,1,1
2018-11-20,3,1,0.5380167455151152,1,1
2018-11-21,3,0,0.541053261088374,1,1
2018-11-22,3,0,0.5413893813465156,1,1
2018-11-23,3,0,0.5484550324821528,1,1
2018-11-24,3,1,0.5379920983725037,1,1
2018-11-25,3,0,0.5409206665638963,1,1
2018-11-26,3,1,0.5405794732942732,1,1
2018-11-27,3,1,0.5462263326600547,1,1
2018-11-28,3,1,0.5379203759379608,1,1
2018-11-29,3,0,0.5435355741800079,1,1
2018-11-30,3,1,0.5410343236639976,1,1
2018-12-01,3,0,0.5407002236391815,1,1
2018-12-02,3,0,0.5467679888663137,1,1
2018-12-03,3,1,0.5429284194519537,1,1
2018-12-04,3,0,0.5479860235844632,1,1
2018-12-05,3,0,0.546463986931615,1,1
2018-12-06,3,0,0.5427564086173486,1,1
2018-12-07,3,1,0.547694629092929,1,1
2018-12-08,3,1,0.5513142791005965,1,1
2018-12-09,3,0,0.5493669196722267,1,1
2018-12-10,3,0,0.5525128479075598,1,1
2018-12-11,3,1,0.5559467690342551,1,1
2018-12-12,3,0,0.5560315386089351,1,1
2018-12-13,3,0,0.553958149445056,1,1
2018-12-14,3,0,0.5567457363579457,1,1
2018-12-15,3,1,0.5595265864240719,1,1
2018-12-16,3,1,0.560392761312985,1,1
2018-12-17,3,1,0.5391196544439969,1,1
2018-12-18,3,1,0.540427678591228,1,1
2018-12-19,3,1,0.5458224018538567,1,1
2018-12-20,3,0,0.5379467995162639,1,1
2018-12-21,3,1,0.5391959229920943,1,1
2018-12-22,3,0,0.5424167005732012,1,1
2018-12-23,3,1,0.5495759370936989,1,1
2018-12-24,3,0,0.5523069154762772,1,1
2018-12-25,3,1,0.5452275757117572,1,1
2018-12-26,3,0,0.5507244327193531,1,1
2018-12-27,3,1,0.548057572563403,1,1
2018-12-28,3,0,0.5392306593068047,1,1
2018-12-29,3,1,0.5440027165670744,1,1
2018-12-30,3,0,0.5496315275795701,1,1
2018-12-31,3,1,0.5519977275705105,1,1
2019-01-01,3,1,0.5530560391459023,1,1
2019-01-02,3,0,0.5541214742869255,1,1
2019-01-03,3,1,0.5557348067478339,1,1
2019-01-04,3,0,0.5579959478398864,1,1
2019-01-05,3,1,0.5612396648386399,1,1
2019-01-06,3,0,0.5504192696460412,1,1
2019-01-07,3,1,0.5554476042042957,1,1
2019-01-08,3,1,0.5594829795247706,1,1
2019-01-09,3,0,0.5632661632524582,1,1
2019-01-10,3,1,0.5416629669012977,1,1
2019-01-11,3,0,0.5483980910580165,1,1
2019-01-12,3,0,0.5554390837611907,1,1
2019-01-13,3,1,0.5561070478718978,1,1
2019-01-14,3,0,0.5523711120449366,1,1
2019-01-15,3,1,0.5555270698692176,1,1
2019-01-16,3,1,0.5581983935974476,1,1
2019-01-17,3,0,0.5603418301683639,1,1
2019-01-18,3,1,0.5644553229678532,1,1
2019-01-19,3,0,0.5609864334168816,1,1
2019-01-20,3,0,0.5566608037619294,1,1
2019-01-21,3,1,0.5591953631636815,1,1
2019-01-22,3,0,0.5614862059814982,1,1
2019-01-23,3,1,0.5654725583718447,1,1
2019-01-24,3,0,0.5691524892928487,1,1
2019-01-25,3,1,0.5719567949422907,1,1
2019-01-26,3,0,0.5734214690395397,1,1
2019-01-27,3,0,0.5739726496032633,1,1
2019-01-28,3,0,0.5651251388461145,1,1
2019-01-29,3,1,0.5691136145180354,1,1
2019-01-30,3,0,0.5701006138902827,1,1
2019-01-31,3,1,0.5722145226204398,1,1
2019-02-01,3,1,0.5727499033760493,1,1
2019-02-02,3,0,0.5731336270001247,1,1
2019-02-03,3,0,0.5725807518874184,1,1
2019-02-04,3,1,0.5737119701336153,1,1
2019-02-05,3,0,0.57418965212657,1,1
2019-02-06,3,0,0.5732151182763171,1,1
2019-02-07,3,1,0.573900048681151,1,1
2019-02-08,3,1,0.5476349754147454,1,1
2019-02-09,3,1,0.5540073665147152,1,1
2019-02-10,3,0,0.5594676388251696,1,1
2019-02-11,3,1,0.5619913907830051,1,1
2019-02-12,3,0,0.5667786155855592,1,1
2019-02-13,3,0,0.5695923606411522,1,1
2019-02-14,3,1,0.5718132810041393,1,1
2019-02-15,3,1,0.5733552356188394,1,1
2019-02-16,3,1,0.5740415085496618,1,1
2019-02-17,3,1,0.5737645931564148,1,1
2019-02-18,3,1,0.5529299983591084,1,1
2019-02-19,3,1,0.5567552690232661,1,1
2019-02-20,3,0,0.559080230683278,1,1
2019-02-21,3,1,0.5611348858708816,1,1
2019-02-22,3,1,0.5630100302135054,1,1
2019-02-23,3,0,0.5570929672245318,1,1
2019-02-24,3,1,0.5413200474566001,1,1
2019-02-25,3,0,0.5471542014876534,1,1
2019-02-26,3,0,0.5532700415397973,1,1
2019-02-27,3,1,0.5593070413981516,1,1
2019-02-28,3,1,0.5648135960815499,1,1
2019-03-01,3,1,0.5692808012634129,1,1
2019-03-02,3,0,0.5720901693938774,1,1
2019-03-03,3,0,0.5733489402374435,1,1
2019-03-04,3,1,0.569894573434993,1,1
2019-03-05,3,1,0.5577452915845539,1,1
2019-03-06,3,1,0.5607331302301364,1,1
2019-03-07,3,0,0.5647536676642428,1,1
2019-03-08,3,1,0.5688016206418597,1,1
2019-03-09,3,0,0.5684971747483112,1,1
2019-03-10,3,0,0.5714775420913374,1,1
2019-03-11,3,1,0.572107220039921,1,1
2019-03-12,3,0,0.5735006204348279,1,1
2019-03-13,3,1,0.5740982770661422,1,1
2019-03-14,3,1,0.5743276452873586,1,1
2019-03-15,3,1,0.5742815849119534,1,1
2019-03-16,3,0,0.5719160662739251,1,1
2019-03-17,3,1,0.5729852745189372,1,1
2019-03-18,3,1,0.5738904062956901,1,1
2019-03-19,3,1,0.5740467443025671,1,1
2019-03-20,3,0,0.5743244915475909,1,1
2019-03-21,3,0,0.5733265116740267,1,1
2019-03-22,3,1,0.5739859000453289,1,1
2019-03-23,3,0,0.5743115759670496,1,1
2019-03-24,3,0,0.5743513046544789,1,1
2019-03-25,3,1,0.5731735651993289,1,1
2019-03-26,3,1,0.5739119646522922,1,1
2019-03-27,3,0,0.5699243999829785,1,1
2019-03-28,3,1,0.5719692618603428,1,1
2019-03-29,3,1,0.5732929025041398,1,1
2019-03-30,3,0,0.5740185696895446,1,1
2019-03-31,3,1,0.5742857919267312,1,1
2019-04-01,3,1,0.574102929514269,1,1
2019-04-02,3,1,0.5379122184930661,1,1
2019-04-03,3,0,0.5434644686387011,1,1
2019-04-04,3,1,0.5488221694552272,1,1
2019-04-05,3,1,0.5536781844233247,1,1
2019-04-06,3,1,0.5587633370687299,1,1
2019-04-07,3,1,0.5586755213023475,1,1
2019-04-08,3,0,0.5614006310709082,1,1
2019-04-09,3,1,0.5587197884092411,1,1
2019-04-10,3,0,0.5594569669048064,1,1
2019-04-11,3,1,0.5520867160225474,1,1
2019-04-12,3,1,0.5566534956337915,1,1
2019-04-13,3,1,0.5606424148577237,1,1
2019-04-14,3,0,0.5642689663836743,1,1
2019-04-15,3,1,0.5593007041477039,1,1
2019-04-16,3,1,0.5574235168278319,1,1
2019-04-17,3,1,0.5599994396555132,1,1
2019-04-18,3,1,0.563742299186684,1,1
2019-04-19,3,1,0.5674915442546413,1,1
2019-04-20,3,0,0.5709292903029559,1,1
2019-04-21,3,1,0.5721200345364297,1,1
2019-04-22,3,1,0.5727326224208931,1,1
2019-04-23,3,0,0.5660012584592103,1,1
2019-04-24,3,0,0.560541194530089,1,1
2019-04-25,3,1,0.5529161307343979,1,1
2019-04-26,3,0,0.5568171562183075,1,1
2019-04-27,3,1,0.5600046959978059,1,1
2019-04-28,3,0,0.5642449863707636,1,1
2019-04-29,3,1,0.5659353015874486,1,1
2019-04-30,3,1,0.5669505455560917,1,1
2019-05-01,3,1,0.5704091431667131,1,1
2019-05-02,3,1,0.571035187944315,1,1
2019-05-03,3,1,0.5567911808317274,1,1
2019-05-04,3,0,0.5592201327013904,1,1
2019-05-05,3,0,0.5605794745032062,1,1
2019-05-06,3,1,0.561260001049757,1,1
2019-05-07,3,1,0.5646118488736612,1,1
2019-05-08,3,1,0.5631808224322571,1,1
2019-05-09,3,1,0.5594926690918216,1,1
2019-05-10,3,1,0.5579084599580557,1,1
2019-05-11,3,0,0.5380065259588664,1,1
2019-05-12,3,1,0.5399575209928419,1,1
2019-05-13,3,1,0.5379266877095332,1,1
2019-05-14,3,1,0.5435771342338978,1,1
2019-05-15,3,0,0.5499206109414031,1,1
2019-05-16,3,0,0.5452531272395916,1,1
2019-05-17,3,0,0.5384343073242216,1,1
2019-05-18,3,1,0.5429658095878865,1,1
2019-05-19,3,0,0.5379233762079704,1,1
2019-05-20,3,0,0.5403035971159021,1,1
2019-05-21,3,0,0.545934579676698,1,1
2019-05-22,3,1,0.5437107745979378,1,1
2019-05-23,3,1,0.5499578161030034,1,1
2019-05-24,3,1,0.5563065414386166,1,1
2019-05-25,3,1,0.5616423441476268,1,1
2019-05-26,3,1,0.5497301444719104,1,1
2019-05-27,3,0,0.5553636067040189,1,1
2019-05-28,3,0,0.5557389329697685,1,1
2019-05-29,3,0,0.5566290279068539,1,1
2019-05-30,3,1,0.5511391388574937,1,1
2019-05-31,3,0,0.5548162040004159,1,1
2019-06-01,3,1,0.5571800519276384,1,1
2019-06-02,3,0,0.5597903654229089,1,1
2019-06-03,3,0,0.5454120309811065,1,1
2019-06-04,3,1,0.5392553991942285,1,1
2019-06-05,3,0,0.5456418027526322,1,1
2019-06-06,3,1,0.5522721799154074,1,1
2019-06-07,3,0,0.5551180448302104,1,1
2019-06-08,3,0,0.5566343961365087,1,1
2019-06-09,3,1,0.5535212778860819,1,1
2019-06-10,3,0,0.5543862945390862,1,1
2019-06-11,3,1,0.5562453208990268,1,1
2019-06-12,3,1,0.5573655400911981,1,1
2019-06-13,3,1,0.5603072905119202,1,1
2019-06-14,3,1,0.555329368860514,1,1
2019-06-15,3,1,0.5579714030315854,1,1
2019-06-16,3,1,0.5605812960397657,1,1
2019-06-17,3,0,0.5580060203995335,1,1
2019-06-18,3,1,0.5558471454869074,1,1
2019-06-19,3,1,0.5578748491784002,1,1
2019-06-20,3,1,0.5585809062957994,1,1
2019-06-21,3,1,0.5541599546122684,1,1
2019-06-22,3,1,0.5533811727347471,1,1
2019-06-23,3,1,0.5572919869175426,1,1
2019-06-24,3,1,0.5611591921184638,1,1
2019-06-25,3,1,0.5531382616167302,1,1
2019-06-26,3,0,0.5393782937604817,1,1
2019-06-27,3,1,0.5379121855418436,1,1
2019-06-28,3,0,0.5379609793278948,1,1
2019-06-29,3,0,0.5391514751506202,1,1
2019-06-30,3,0,0.5379172085616727,1,1
2019-07-01,3,1,0.5408187164991755,1,1
2019-07-02,3,1,0.5475786753894065,1,1
2019-07-03,3,0,0.5382125313896529,1,1
2019-07-04,3,0,0.5381163190131513,1,1
2019-07-05,3,1,0.5410948656907568,1,1
2019-07-06,3,1,0.5478816084995559,1,1
2019-07-07,3,1,0.5544157270863785,1,1
2019-07-08,3,1,0.547093432251372,1,1
2019-07-09,3,0,0.553131391106769,1,1
2019-07-10,3,0,0.5493768783308633,1,1
2019-07-11,3,1,0.5394221624598946,1,1
2019-07-12,3,0,0.5436087989860338,1,1
2019-07-13,3,0,0.5432556979309793,1,1
2019-07-14,3,1,0.5379299923823864,1,1
2019-07-15,3,0,0.5392577771363545,1,1
2019-07-16,3,1,0.5379122720015609,1,1
2019-07-17,3,1,0.5432430360754693,1,1
2019-07-18,3,0,0.5381056034291993,1,1
2019-07-19,3,1,0.5427944705828918,1,1
2019-07-20,3,0,0.5489123231282316,1,1
2019-07-21,3,0,0.5520335015101997,1,1
2019-07-22,3,0,0.552487541680682,1,1
2019-07-23,3,0,0.5486688417062972,1,1
2019-07-24,3,1,0.5533175295943155,1,1
2019-07-25,3,0,0.5581581385297057,1,1
2019-07-26,3,0,0.562005719493752,1,1
2019-07-27,3,1,0.554459260847602,1,1
2019-07-28,3,0,0.5577380929612837,1,1
2019-07-29,3,1,0.5608109957946177,1,1
2019-07-30,3,1,0.5646238437196042,1,1
2019-07-31,3,1,0.5556958521550188,1,1
2019-08-01,3,1,0.5563423556006368,1,1
2019-08-02,3,1,0.5585628081344615,1,1
2019-08-03,3,1,0.5578839486102911,1,1
2019-08-04,3,1,0.560192657380624,1,1
2019-08-05,3,0,0.5501462482050973,1,1
2019-08-06,3,1,0.5502526705687822,1,1
2019-08-07,3,1,0.5522555156752672,1,1
2019-08-08,3,0,0.5564952050327562,1,1
2019-08-09,3,0,0.5577680045020805,1,1
2019-08-10,3,1,0.5519846396225163,1,1
2019-08-11,3,0,0.5563568742575907,1,1
2019-08-12,3,0,0.5572027925856232,1,1
2019-08-13,3,0,0.5522061590873885,1,1
2019-08-14,3,1,0.5391526783676499,1,1
2019-08-15,3,1,0.5443599537425985,1,1
2019-08-16,3,0,0.551552031797881,1,1
2019-08-17,3,1,0.5550387963210085,1,1
2019-08-18,3,1,0.5597307476556567,1,1
2019-08-19,3,0,0.5532543002371415,1,1
2019-08-20,3,0,0.5555789978434493,1,1
2019-08-21,3,0,0.5473121767633806,1,1
2019-08-22,3,1,0.5537515448356387,1,1
2019-08-23,3,0,0.5547870684052365,1,1
2019-08-24,3,0,0.555498718385527,1,1
2019-08-25,3,1,0.5587884795341208,1,1
2019-08-26,3,0,0.5574909199611273,1,1
2019-08-27,3,0,0.5580116410593802,1,1
2019-08-28,3,0,0.5551513394774268,1,1
2019-08-29,3,1,0.5560175815506154,1,1
2019-08-30,3,1,0.558290187264663,1,1
2019-08-31,3,1,0.5614646278761017,1,1
2019-09-01,3,1,0.5627143919606428,1,1
2019-09-02,3,1,0.5523965698850994,1,1
2019-09-03,3,0,0.5544654485868187,1,1
2019-09-04,3,0,0.5579204873907172,1,1
2019-09-05,3,0,0.5617191515682092,1,1
2019-09-06,3,1,0.5601792267983302,1,1
2019-09-07,3,0,0.5603122302734022,1,1
2019-09-08,3,0,0.5638827733011927,1,1
2019-09-09,3,0,0.5670039159747143,1,1
2019-09-10,3,1,0.5642974075185576,1,1
2019-09-11,3,1,0.5676704218278726,1,1
2019-09-12,3,0,0.5627602359242074,1,1
2019-09-13,3,0,0.5665655465087372,1,1
2019-09-14,3,0,0.5703154307885097,1,1
2019-09-15,3,0,0.57253416625175,1,1
2019-09-16,3,0,0.5732780276583621,1,1
2019-09-17,3,0,0.5739721867571449,1,1
2019-09-18,3,1,0.5742477766033219,1,1
2019-09-19,3,0,0.5742556036587865,1,1
2019-09-20,3,0,0.5742003889746712,1,1
2019-09-21,3,1,0.5732085688018408,1,1
2019-09-22,3,0,0.5739010813646283,1,1
2019-09-23,3,0,0.5603470233945017,1,1
2019-09-24,3,0,0.5379971148278944,1,1
2019-09-25,3,0,0.5430923363287211,1,1
2019-09-26,3,1,0.5433468468604552,1,1
2019-09-27,3,0,0.5491414607926862,1,1
2019-09-28,3,0,0.5555148245188103,1,1
2019-09-29,3,1,0.5581648853097849,1,1
2019-09-30,3,1,0.556878576377633,1,1
2019-10-01,3,1,0.5593865266211387,1,1
2019-10-02,3,0,0.5620484642383118,1,1
2019-10-03,3,0,0.5639693486652201,1,1
2019-10-04,3,0,0.5681636340339863,1,1
2019-10-05,3,0,0.5713638956389913,1,1
2019-10-06,3,1,0.5711871784652669,1,1
2019-10-07,3,0,0.5573465596379376,1,1
2019-10-08,3,1,0.5600147961112586,1,1
2019-10-09,3,0,0.554995944101895,1,1
2019-10-10,3,0,0.5580056049069914,1,1
2019-10-11,3,1,0.5567825805738165,1,1
2019-10-12,3,0,0.5592886288888752,1,1
2019-10-13,3,1,0.5628748446311118,1,1
2019-10-14,3,0,0.5658382625487186,1,1
2019-10-15,3,0,0.5652097429320728,1,1
2019-10-16,3,1,0.5654536576414019,1,1
2019-10-17,3,0,0.5679076480902947,1,1
2019-10-18,3,1,0.5692281982413694,1,1
2019-10-19,3,1,0.5715794734129982,1,1
2019-10-20,3,1,0.5592364415336507,1,1
2019-10-21,3,0,0.5624550113731551,1,1
2019-10-22,3,0,0.5622953556430038,1,1
2019-10-23,3,0,0.5483793593788416,1,1
2019-10-24,3,1,0.5545199527311327,1,1
2019-10-25,3,1,0.5379122368003691,1,1
2019-10-26,3,1,0.5384713899789741,1,1
2019-10-27,3,0,0.5422041498846629,1,1
2019-10-28,3,1,0.5449463218975141,1,1
2019-10-29,3,0,0.5505374638139454,1,1
2019-10-30,3,0,0.5528311732701018,1,1
2019-10-31,3,1,0.5575843996651755,1,1
2019-11-01,3,1,0.5615377407716007,1,1
2019-11-02,3,0,0.565128903510504,1,1
2019-11-03,3,1,0.5683373633526165,1,1
2019-11-04,3,0,0.5653195333985871,1,1
2019-11-05,3,1,0.5688529138954784,1,1
2019-11-06,3,0,0.5717071485901776,1,1
2019-11-07,3,0,0.5727928445923001,1,1
2019-11-08,3,1,0.5549518872872398,1,1
2019-11-09,3,1,0.5580748613567758,1,1
2019-11-10,3,0,0.5568186939145175,1,1
2019-11-11,3,1,0.555942373426134,1,1
2019-11-12,3,0,0.5581707002357956,1,1
2019-11-13,3,0,0.5613365128127691,1,1
2019-11-14,3,0,0.5641336328367014,1,1
2019-11-15,3,1,0.5608348765756591,1,1
2019-11-16,3,1,0.5637383374877059,1,1
2019-11-17,3,0,0.5675547916993742,1,1
2019-11-18,3,0,0.5593340766466521,1,1
2019-11-19,3,0,0.5620081404649465,1,1
2019-11-20,3,0,0.5611513027982236,1,1
2019-11-21,3,0,0.5545714590908175,1,1
2019-11-22,3,1,0.5527767132315151,1,1
2019-11-23,3,0,0.5556991200962764,1,1
2019-11-24,3,1,0.5524732383507167,1,1
2019-11-25,3,1,0.5557116781286827,1,1
2019-11-26,3,1,0.5583095606902809,1,1
2019-11-27,3,0,0.5550926329281558,1,1
2019-11-28,3,1,0.5576616919276384,1,1
2019-11-29,3,0,0.5555688249961914,1,1
2019-11-30,3,0,0.5560991157288502,1,1
2019-12-01,3,0,0.5571070904781846,1,1
2019-12-02,3,0,0.5587591632195756,1,1
2019-12-03,3,0,0.5622601527502287,1,1
2019-12-04,3,1,0.5655177872433907,1,1
2019-12-05,3,1,0.559045614463657,1,1
2019-12-06,3,1,0.5603702468570072,1,1
2019-12-07,3,1,0.5641813446624133,1,1
2019-12-08,3,0,0.5683164607368066,1,1
2019-12-09,3,0,0.5657378559047145,1,1
2019-12-10,3,0,0.5664794141810157,1,1
2019-12-11,3,1,0.5697136198985954,1,1
2019-12-12,3,1,0.5720357288408625,1,1
2019-12-13,3,0,0.5732867088619285,1,1
2019-12-14,3,1,0.5717596846491846,1,1
2019-12-15,3,0,0.5731337072706415,1,1
2019-12-16,3,0,0.5638663717240782,1,1
2019-12-17,3,1,0.5554383660949994,1,1
2019-12-18,3,0,0.5388654185784175,1,1
2019-12-19,3,1,0.5446597458049707,1,1
2019-12-20,3,0,0.5520032491066874,1,1
2019-12-21,3,1,0.5587723039510315,1,1
2019-12-22,3,0,0.5531217945208309,1,1
2019-12-23,3,0,0.5550048220857525,1,1
2019-12-24,3,0,0.5583790423795834,1,1
2019-12-25,3,0,0.5621146327446779,1,1
2019-12-26,3,1,0.5665366398258168,1,1
2019-12-27,3,1,0.5685517728706364,1,1
2019-12-28,3,1,0.5710155183961507,1,1
2019-12-29,3,0,0.5695175625387865,1,1
2019-12-30,3,0,0.5698754231042134,1,1
2019-12-31,3,1,0.5713895511003937,1,1
2020-01-01,3,0,0.5730110533990922,1,1
2020-01-02,3,1,0.5667374927377634,1,1
2020-01-03,3,1,0.5540385194131555,1,1
2020-01-04,3,1,0.5568887505996817,1,1
2020-01-05,3,1,0.5601282197941283,1,1
2020-01-06,3,1,0.554449116458981,1,1
2020-01-07,3,0,0.5514350037430669,1,1
2020-01-08,3,0,0.5556711216022533,1,1
2020-01-09,3,1,0.5559420000707467,1,1
2020-01-10,3,0,0.5550493451604865,1,1
2020-01-11,3,1,0.5568914850113728,1,1
2020-01-12,3,0,0.557537616487165,1,1
2020-01-13,3,1,0.5601167657028365,1,1
2020-01-14,3,0,0.5433051913354761,1,1
2020-01-15,3,0,0.5503083831781329,1,1
2020-01-16,3,1,0.5558211877233381,1,1
2020-01-17,3,1,0.5565514080352044,1,1
2020-01-18,3,0,0.5606679025733002,1,1
2020-01-19,3,0,0.5570721368902178,1,1
2020-01-20,3,1,0.5596886971664718,1,1
2020-01-21,3,0,0.5628161970855541,1,1
2020-01-22,3,0,0.5652243381253107,1,1
2020-01-23,3,1,0.5567333693872438,1,1
2020-01-24,3,0,0.5596217177212152,1,1
2020-01-25,3,1,0.5613682872229246,1,1
2020-01-26,3,1,0.5587826909769839,1,1
2020-01-27,3,1,0.5566986994975475,1,1
2020-01-28,3,0,0.5549020146802168,1,1
2020-01-29,4,1,0.5500506934763126,1,1
2020-01-30,4,0,0.5503990119084673,1,1
2020-01-31,4,1,0.549542388331622,1,1
2020-02-01,4,0,0.5525713870766038,1,1
2020-02-02,4,0,0.5544239071324721,1,1
2020-02-03,4,0,0.5557404743407514,1,1
2020-02-04,4,1,0.5550750803178666,1,1
2020-02-05,4,1,0.5468574554332966,1,1
2020-02-06,4,1,0.5496018384141906,1,1
2020-02-07,4,1,0.5528511976616284,1,1
2020-02-08,4,1,0.5555933991869777,1,1
2020-02-09,4,0,0.5531901858766182,1,1
2020-02-10,4,1,0.5479055186761921,1,1
2020-02-11,4,1,0.5477066841787402,1,1
2020-02-12,4,0,0.5502359313936467,1,1
2020-02-13,4,1,0.5504134608760807,1,1
2020-02-14,4,0,0.5534369779045853,1,1
2020-02-15,4,1,0.5461436501841992,1,1
2020-02-16,4,0,0.5496592139519615,1,1
2020-02-17,4,1,0.5475057330590365,1,1
2020-02-18,4,0,0.5467638902837373,1,1
2020-02-19,4,0,0.54250723019764,1,1
2020-02-20,4,1,0.5473829776613953,1,1
2020-02-21,4,0,0.5518986001709114,1,1
2020-02-22,4,1,0.5547343817676431,1,1
2020-02-23,4,0,0.5515978189039351,1,1
2020-02-24,4,0,0.547509564853747,1,1
2020-02-25,4,0,0.546601698846059,1,1
2020-02-26,4,0,0.5409640658569005,1,1
2020-02-27,4,0,0.546517021195149,1,1
2020-02-28,4,0,0.5487864488539483,1,1
2020-02-29,4,0,0.5514135057265658,1,1
2020-03-01,4,1,0.5542290700975517,1,1
2020-03-02,4,0,0.5480406579463662,1,1
2020-03-03,4,0,0.5495942230429094,1,1
2020-03-04,4,1,0.5522360638757295,1,1
2020-03-05,4,1,0.5480229002009319,1,1
2020-03-06,4,0,0.5506730450152288,1,1
2020-03-07,4,0,0.5485841775611855,1,1
2020-03-08,4,0,0.5308303490236816,1,1
2020-03-09,4,0,0.5351917493630014,1,1
2020-03-10,4,1,0.5431447184738485,1,1
2020-03-11,4,0,0.5505550445718282,1,1
2020-03-12,4,1,0.5265395437500007,1,1
2020-03-13,4,0,0.5265437296274247,1,1
2020-03-14,4,1,0.5274051870208832,1,1
2020-03-15,4,0,0.5299692511071111,1,1
2020-03-16,4,1,0.5281504828503922,1,1
2020-03-17,4,1,0.5298410519352998,1,1
2020-03-18,4,1,0.5367215081061127,1,1
2020-03-19,4,1,0.5265395454604628,1,1
2020-03-20,4,0,0.5318768926136788,1,1
2020-03-21,4,0,0.5397236268555031,1,1
2020-03-22,4,1,0.5342147608944847,1,1
2020-03-23,4,1,0.5267396345815966,1,1
2020-03-24,4,0,0.5286537992764341,1,1
2020-03-25,4,1,0.535093245969528,1,1
2020-03-26,4,0,0.5433959603371749,1,1
2020-03-27,4,0,0.541126812490771,1,1
2020-03-28,4,0,0.5421959959465044,1,1
2020-03-29,4,1,0.5398185606100996,1,1
2020-03-30,4,1,0.528128323822774,1,1
2020-03-31,4,1,0.5345782271491557,1,1
2020-04-01,4,1,0.5379899024717721,1,1
2020-04-02,4,0,0.5409103066817225,1,1
2020-04-03,4,1,0.5467245701660579,1,1
2020-04-04,4,0,0.5472662668204763,1,1
2020-04-05,4,1,0.5504263673223179,1,1
2020-04-06,4,0,0.5398201933891034,1,1
2020-04-07,4,1,0.5452675835409345,1,1
2020-04-08,4,0,0.5462365456456599,1,1
2020-04-09,4,0,0.550332625976164,1,1
2020-04-10,4,0,0.5430086813949742,1,1
2020-04-11,4,1,0.5481813737589821,1,1
2020-04-12,4,0,0.5486007051314563,1,1
2020-04-13,4,0,0.5502406261016759,1,1
2020-04-14,4,0,0.5534796783517837,1,1
2020-04-15,4,1,0.5497314442899295,1,1
2020-04-16,4,0,0.5400664348312271,1,1
2020-04-17,4,1,0.5465663164732483,1,1
2020-04-18,4,0,0.5465985833866212,1,1
2020-04-19,4,0,0.5502034291881213,1,1
2020-04-20,4,0,0.5462352187771319,1,1
2020-04-21,4,1,0.5497111744599105,1,1
2020-04-22,4,1,0.547276069925443,1,1
2020-04-23,4,1,0.5462392645647415,1,1
2020-04-24,4,1,0.5479678031747736,1,1
2020-04-25,4,1,0.5510191601022966,1,1
2020-04-26,4,1,0.5515610446410449,1,1
2020-04-27,4,1,0.5521324360575666,1,1
2020-04-28,4,1,0.5550583844312907,1,1
2020-04-29,4,0,0.5267903824908692,1,1
2020-04-30,4,1,0.531239029331288,1,1
2020-05-01,4,1,0.5367386929459159,1,1
2020-05-02,4,0,0.543423392823888,1,1
2020-05-03,4,1,0.5478099026796692,1,1
2020-05-04,4,1,0.5529465096532017,1,1
2020-05-05,4,1,0.5554323655711251,1,1
2020-05-06,4,1,0.5497210201408417,1,1
2020-05-07,4,0,0.5416153070286785,1,1
2020-05-08,4,0,0.545272935744077,1,1
2020-05-09,4,0,0.545016321107411,1,1
2020-05-10,4,0,0.5282835777557333,1,1
2020-05-11,4,1,0.5326989127680488,1,1
2020-05-12,4,1,0.5394422116288706,1,1
2020-05-13,4,1,0.5389327591003173,1,1
2020-05-14,4,0,0.540364488565536,1,1
2020-05-15,4,1,0.5364930445472452,1,1
2020-05-16,4,1,0.5436149452160305,1,1
2020-05-17,4,1,0.5459923416949648,1,1
2020-05-18,4,1,0.5506121248213055,1,1
2020-05-19,4,0,0.5537467557068514,1,1
2020-05-20,4,0,0.5482244453470166,1,1
2020-05-21,4,1,0.5437583987247727,1,1
2020-05-22,4,1,0.5485405499021252,1,1
2020-05-23,4,0,0.5526048705647323,1,1
2020-05-24,4,1,0.544605426335371,1,1
2020-05-25,4,0,0.5485308571347609,1,1
2020-05-26,4,1,0.5505066544865398,1,1
2020-05-27,4,1,0.5476201506632348,1,1
2020-05-28,4,0,0.547688954802128,1,1
2020-05-29,4,1,0.5486823964866975,1,1
2020-05-30,4,0,0.5488936634671249,1,1
2020-05-31,4,1,0.5477061907863812,1,1
2020-06-01,4,0,0.5423650954483892,1,1
2020-06-02,4,1,0.5324561802176968,1,1
2020-06-03,4,1,0.5400290484609843,1,1
2020-06-04,4,0,0.5471195540948576,1,1
2020-06-05,4,0,0.5476019213148641,1,1
2020-06-06,4,1,0.5519102507952245,1,1
2020-06-07,4,1,0.5550484830722091,1,1
2020-06-08,4,1,0.5568963483681733,1,1
2020-06-09,4,1,0.5577617275891004,1,1
2020-06-10,4,0,0.558123585324603,1,1
2020-06-11,4,1,0.5403911834719093,1,1
2020-06-12,4,0,0.5457339126654698,1,1
2020-06-13,4,0,0.5504122878942721,1,1
2020-06-14,4,1,0.551563268528512,1,1
2020-06-15,4,1,0.5549906183531402,1,1
2020-06-16,4,0,0.5568328688477018,1,1
2020-06-17,4,0,0.5569909030792072,1,1
2020-06-18,4,0,0.5569881845834335,1,1
2020-06-19,4,1,0.5553691579964004,1,1
2020-06-20,4,0,0.5571902065148203,1,1
2020-06-21,4,1,0.5575565964186658,1,1
2020-06-22,4,0,0.5485436643420126,1,1
2020-06-23,4,0,0.5516367169038398,1,1
2020-06-24,4,0,0.5470354190050105,1,1
2020-06-25,4,0,0.5495210528161645,1,1
2020-06-26,4,0,0.5506699969897756,1,1
2020-06-27,4,1,0.5511521734232726,1,1
2020-06-28,4,1,0.5535986727447341,1,1
2020-06-29,4,0,0.5559439324320941,1,1
2020-06-30,4,1,0.5570534062469458,1,1
2020-07-01,4,0,0.5574185780684671,1,1
2020-07-02,4,0,0.5572367770058214,1,1
2020-07-03,4,1,0.5578519656102352,1,1
2020-07-04,4,0,0.5580950036095054,1,1
2020-07-05,4,1,0.5580805342920055,1,1
2020-07-06,4,0,0.5482084683571049,1,1
2020-07-07,4,1,0.5503565027609271,1,1
2020-07-08,4,0,0.5499166350091163,1,1
2020-07-09,4,1,0.5505707144744522,1,1
2020-07-10,4,0,0.5537505595878645,1,1
2020-07-11,4,1,0.5559251515114443,1,1
2020-07-12,4,0,0.5573128115294255,1,1
2020-07-13,4,0,0.557896381380046,1,1
2020-07-14,4,0,0.5581758468356927,1,1
2020-07-15,4,0,0.5581804626013954,1,1
2020-07-16,4,1,0.5581450849405877,1,1
2020-07-17,4,1,0.5582425788237103,1,1
2020-07-18,4,1,0.558292315990386,1,1
2020-07-19,4,0,0.5582727310411785,1,1
2020-07-20,4,1,0.5583021575875998,1,1
2020-07-21,4,1,0.5545635467047209,1,1
2020-07-22,4,1,0.5544450404549983,1,1
2020-07-23,4,0,0.5564838687800917,1,1
2020-07-24,4,1,0.5574212041862749,1,1
2020-07-25,4,1,0.5569818802277698,1,1
2020-07-26,4,1,0.5535498102645143,1,1
2020-07-27,4,0,0.5281040075783437,1,1
2020-07-28,4,1,0.533977465926277,1,1
2020-07-29,4,1,0.5405382994573368,1,1
2020-07-30,4,1,0.5482933311905444,1,1
2020-07-31,4,1,0.5502977013593373,1,1
2020-08-01,4,0,0.5464103979308733,1,1
2020-08-02,4,1,0.5393346983687639,1,1
2020-08-03,4,0,0.544510680496896,1,1
2020-08-04,4,1,0.5495669504267932,1,1
2020-08-05,4,1,0.5453013782317376,1,1
2020-08-06,4,0,0.5493323673031982,1,1
2020-08-07,4,1,0.5496279755534512,1,1
2020-08-08,4,0,0.5519584109569657,1,1
2020-08-09,4,1,0.553950110223281,1,1
2020-08-10,4,0,0.5542256784631082,1,1
2020-08-11,4,1,0.5464812811646924,1,1
2020-08-12,4,1,0.5489278927790717,1,1
2020-08-13,4,0,0.5504565885315066,1,1
2020-08-14,4,1,0.5533541553805925,1,1
2020-08-15,4,1,0.5557691925212336,1,1
2020-08-16,4,1,0.5572782228871003,1,1
2020-08-17,4,0,0.5512358595084299,1,1
2020-08-18,4,0,0.5484942449755644,1,1
2020-08-19,4,1,0.5481604373953365,1,1
2020-08-20,4,0,0.5508214550592816,1,1
2020-08-21,4,1,0.5482400531967976,1,1
2020-08-22,4,0,0.5509329727418013,1,1
2020-08-23,4,1,0.5537935362740771,1,1
2020-08-24,4,0,0.5559418668002816,1,1
2020-08-25,4,1,0.5469354414531513,1,1
2020-08-26,4,0,0.5498283686302827,1,1
2020-08-27,4,1,0.549861440668826,1,1
2020-08-28,4,0,0.5506542701186131,1,1
2020-08-29,4,1,0.5532331144113727,1,1
2020-08-30,4,0,0.5538257347162736,1,1
2020-08-31,4,1,0.5558474044709404,1,1
2020-09-01,4,0,0.5532368787264937,1,1
2020-09-02,4,0,0.5451894071758419,1,1
2020-09-03,4,1,0.5270458590922017,1,1
2020-09-04,4,0,0.53172060191819,1,1
2020-09-05,4,1,0.5338947178347893,1,1
2020-09-06,4,1,0.5412153283142394,1,1
2020-09-07,4,0,0.5481556792372262,1,1
2020-09-08,4,1,0.5465673488110373,1,1
2020-09-09,4,1,0.5502280932078524,1,1
2020-09-10,4,1,0.5528427310349575,1,1
2020-09-11,4,1,0.555710956589489,1,1
2020-09-12,4,0,0.557259932476712,1,1
2020-09-13,4,1,0.5568497212843876,1,1
2020-09-14,4,1,0.5483126556938764,1,1
2020-09-15,4,1,0.5510966945168412,1,1
2020-09-16,4,0,0.5522802786769693,1,1
2020-09-17,4,0,0.554884918958374,1,1
2020-09-18,4,1,0.5567610488070975,1,1
2020-09-19,4,0,0.5570801538456239,1,1
2020-09-20,4,0,0.5557736192827758,1,1
2020-09-21,4,1,0.5453621447816878,1,1
2020-09-22,4,0,0.5491519457967583,1,1
2020-09-23,4,1,0.5472860609051098,1,1
2020-09-24,4,0,0.5457344145058515,1,1
2020-09-25,4,1,0.5490080229088873,1,1
2020-09-26,4,1,0.5523218656579502,1,1
2020-09-27,4,0,0.5552908364715118,1,1
2020-09-28,4,1,0.5568358175913503,1,1
2020-09-29,4,0,0.5566856585189941,1,1
2020-09-30,4,0,0.557589702518513,1,1
2020-10-01,4,0,0.5569929366671927,1,1
2020-10-02,4,0,0.5578016830462407,1,1
2020-10-03,4,1,0.5581383941487642,1,1
2020-10-04,4,1,0.5576288606771775,1,1
2020-10-05,4,0,0.557212938188533,1,1
2020-10-06,4,1,0.5562078272797936,1,1
2020-10-07,4,1,0.5572167350980557,1,1
2020-10-08,4,1,0.5522856419253865,1,1
2020-10-09,4,1,0.5530176438312637,1,1
2020-10-10,4,1,0.5506472559660015,1,1
2020-10-11,4,1,0.5531735812086983,1,1
2020-10-12,4,0,0.5533276113267619,1,1
2020-10-13,4,1,0.55471101517423,1,1
2020-10-14,4,1,0.5567718784162232,1,1
2020-10-15,4,0,0.5575279239693406,1,1
2020-10-16,4,1,0.5568190310595855,1,1
2020-10-17,4,1,0.5576960718463938,1,1
2020-10-18,4,1,0.5574357947877394,1,1
2020-10-19,4,1,0.5535513936458287,1,1
2020-10-20,4,1,0.5538912954106019,1,1
2020-10-21,4,1,0.5399098367082951,1,1
2020-10-22,4,0,0.5457834722407714,1,1
2020-10-23,4,1,0.5509220438515362,1,1
2020-10-24,4,0,0.5531384342338169,1,1
2020-10-25,4,1,0.5553116525886764,1,1
2020-10-26,4,1,0.5571096492877263,1,1
2020-10-27,4,0,0.5468185000082019,1,1
2020-10-28,4,1,0.5467365846704434,1,1
2020-10-29,4,1,0.5493400618468703,1,1
2020-10-30,4,1,0.5523253160929,1,1
2020-10-31,4,0,0.5528635171396596,1,1
2020-11-01,4,0,0.5553107377904899,1,1
2020-11-02,4,1,0.5544244213424755,1,1
2020-11-03,4,1,0.5502870478432165,1,1
2020-11-04,4,1,0.552786947688504,1,1
2020-11-05,4,0,0.5316565641280038,1,1
2020-11-06,4,0,0.538749241125416,1,1
2020-11-07,4,1,0.5337398316729871,1,1
2020-11-08,4,0,0.536509297915956,1,1
2020-11-09,4,0,0.5416429020349264,1,1
2020-11-10,4,1,0.5472365151270108,1,1
2020-11-11,4,1,0.5481352128925051,1,1
2020-11-12,4,1,0.5471936489795958,1,1
2020-11-13,4,0,0.5501645298631246,1,1
2020-11-14,4,0,0.5490203950925626,1,1
2020-11-15,4,1,0.5503700795503441,1,1
2020-11-16,4,1,0.5474186144438699,1,1
2020-11-17,4,1,0.5461796861522655,1,1
2020-11-18,4,1,0.5497216185428744,1,1
2020-11-19,4,1,0.5526276917675135,1,1
2020-11-20,4,1,0.5476418651720758,1,1
2020-11-21,4,0,0.5498647333980831,1,1
2020-11-22,4,0,0.5486251917741131,1,1
2020-11-23,4,1,0.5506036861706582,1,1
2020-11-24,4,0,0.5481581686323582,1,1
2020-11-25,4,0,0.5477460845925735,1,1
2020-11-26,4,0,0.5297916491102962,1,1
2020-11-27,4,1,0.5361528792028492,1,1
2020-11-28,4,1,0.5396452290848948,1,1
2020-11-29,4,1,0.5443235615738259,1,1
2020-11-30,4,0,0.5355946735435277,1,1
2020-12-01,4,1,0.5328184095963542,1,1
2020-12-02,4,1,0.5398530098016888,1,1
2020-12-03,4,0,0.5476505035088675,1,1
2020-12-04,4,1,0.5406866725258727,1,1
2020-12-05,4,1,0.5454299877812172,1,1
2020-12-06,4,0,0.5504963774023347,1,1
2020-12-07,4,0,0.5504989616842304,1,1
2020-12-08,4,1,0.543532056827957,1,1
2020-12-09,4,0,0.5483827019077464,1,1
2020-12-10,4,0,0.5476186383025807,1,1
2020-12-11,4,1,0.548370007801573,1,1
2020-12-12,4,1,0.5474726412168578,1,1
2020-12-13,4,1,0.5497347314887838,1,1
2020-12-14,4,1,0.5527401503674719,1,1
2020-12-15,4,1,0.5555352260064765,1,1
2020-12-16,4,1,0.5347588003464054,1,1
2020-12-17,4,1,0.5323148101978338,1,1
2020-12-18,4,1,0.5401820213661772,1,1
2020-12-19,4,0,0.5440296454290706,1,1
2020-12-20,4,0,0.5442088242306545,1,1
2020-12-21,4,1,0.5433135073844687,1,1
2020-12-22,4,0,0.544724785239476,1,1
2020-12-23,4,1,0.544881511824508,1,1
2020-12-24,4,1,0.5482941187974846,1,1
2020-12-25,4,1,0.5475408833045903,1,1
2020-12-26,4,0,0.543869108865861,1,1
2020-12-27,4,1,0.5465143562353911,1,1
2020-12-28,4,1,0.5480789717941764,1,1
2020-12-29,4,1,0.5515454033070177,1,1
2020-12-30,4,1,0.5472076183128908,1,1
2020-12-31,4,1,0.549763602884791,1,1
2021-01-01,4,1,0.5530291608076391,1,1
2021-01-02,4,1,0.5387672998734053,1,1
2021-01-03,4,0,0.5454632601152333,1,1
2021-01-04,4,1,0.5428645478585878,1,1
2021-01-05,4,1,0.5412750229780067,1,1
2021-01-06,4,1,0.5338955567171376,1,1
2021-01-07,4,1,0.5330905487686496,1,1
2021-01-08,4,0,0.5387144663409114,1,1
2021-01-09,4,0,0.5404186847863177,1,1
2021-01-10,4,0,0.5328431233575371,1,1
2021-01-11,4,0,0.5269484839823251,1,1
2021-01-12,4,1,0.5275761961490916,1,1
2021-01-13,4,1,0.526831003094475,1,1
2021-01-14,4,0,0.5303881337993983,1,1
2021-01-15,4,0,0.5272850036942435,1,1
2021-01-16,4,0,0.5304940263215296,1,1
2021-01-17,4,1,0.534790998316562,1,1
2021-01-18,4,0,0.5418299376316332,1,1
2021-01-19,4,0,0.5425496015704651,1,1
2021-01-20,4,0,0.5441695567744147,1,1
2021-01-21,4,1,0.5265426263938159,1,1
2021-01-22,4,0,0.5278048439032814,1,1
2021-01-23,4,1,0.5300149120755752,1,1
2021-01-24,4,1,0.5373120736428185,1,1
2021-01-25,4,1,0.5451798548704266,1,1
2021-01-26,4,0,0.5518748745188418,1,1
2021-01-27,4,1,0.5323082736241419,1,1
2021-01-28,4,1,0.5271390889269029,1,1
2021-01-29,4,0,0.532555759094477,1,1
2021-01-30,4,0,0.5391659685652634,1,1
2021-01-31,4,1,0.5366918269615922,1,1
2021-02-01,4,1,0.5441934165640253,1,1
2021-02-02,4,1,0.5410250252298103,1,1
2021-02-03,4,0,0.5412627895195223,1,1
2021-02-04,4,1,0.5433048929557904,1,1
2021-02-05,4,1,0.5460328058777166,1,1
2021-02-06,4,0,0.5481561720905753,1,1
2021-02-07,4,1,0.5480485634963312,1,1
2021-02-08,4,1,0.5265397455726387,1,1
2021-02-09,4,0,0.5314940439326565,1,1
2021-02-10,4,1,0.5306752209725871,1,1
2021-02-11,4,0,0.5313588152379918,1,1
2021-02-12,4,0,0.5353664924448035,1,1
2021-02-13,4,1,0.5389554374657474,1,1
2021-02-14,4,0,0.5437339888610996,1,1
2021-02-15,4,1,0.5439678632779474,1,1
2021-02-16,4,1,0.5476792096154703,1,1
2021-02-17,4,0,0.545401795850574,1,1
2021-02-18,4,1,0.5466612590546319,1,1
2021-02-19,4,1,0.5405841611306784,1,1
2021-02-20,4,1,0.5454490460185101,1,1
2021-02-21,4,0,0.549627321229457,1,1
2021-02-22,4,0,0.5352248032396464,1,1
2021-02-23,4,1,0.5265796066963364,1,1
2021-02-24,4,0,0.5319470043450829,1,1
2021-02-25,4,0,0.5286899382345877,1,1
2021-02-26,4,0,0.5324286730592666,1,1
2021-02-27,4,0,0.538608093388559,1,1
2021-02-28,4,1,0.5393855995077468,1,1
2021-03-01,4,0,0.5280431876215914,1,1
2021-03-02,4,1,0.5306704664069327,1,1
2021-03-03,4,0,0.534132449404533,1,1
2021-03-04,4,1,0.5329123329503119,1,1
2021-03-05,4,0,0.5408299894226597,1,1
2021-03-06,4,1,0.5476589051823204,1,1
2021-03-07,4,1,0.5439643588979827,1,1
2021-03-08,4,1,0.5474990240729855,1,1
2021-03-09,4,1,0.5457789882746431,1,1
2021-03-10,4,1,0.5481421232163329,1,1
2021-03-11,4,0,0.5480223732754098,1,1
2021-03-12,4,1,0.5491040369564164,1,1
2021-03-13,4,0,0.5451635096239033,1,1
2021-03-14,4,0,0.5437519818561527,1,1
2021-03-15,4,1,0.535034053752281,1,1
2021-03-16,4,1,0.5422374670412212,1,1
2021-03-17,4,0,0.5437169170577232,1,1
2021-03-18,4,1,0.5449799161688714,1,1
2021-03-19,4,0,0.5494224156754349,1,1
2021-03-20,4,0,0.5522990956595376,1,1
2021-03-21,4,0,0.5498972021421556,1,1
2021-03-22,4,1,0.5424394497575656,1,1
2021-03-23,4,0,0.5474804822336785,1,1
2021-03-24,4,0,0.5435859007925774,1,1
2021-03-25,4,1,0.5445874268537426,1,1
2021-03-26,4,1,0.5411411155399553,1,1
2021-03-27,4,0,0.5469932671545731,1,1
2021-03-28,4,1,0.5506487425441192,1,1
2021-03-29,4,1,0.5496840065544364,1,1
2021-03-30,4,1,0.5520324700921558,1,1
2021-03-31,4,1,0.5540204585780262,1,1
2021-04-01,4,1,0.555979901067025,1,1
2021-04-02,4,0,0.5572056535989318,1,1
2021-04-03,4,1,0.5462675705611599,1,1
2021-04-04,4,1,0.5490287798795485,1,1
2021-04-05,4,0,0.5523920341163241,1,1
2021-04-06,4,0,0.5497779465899553,1,1
2021-04-07,4,1,0.5462274195665799,1,1
2021-04-08,4,0,0.5466495654303998,1,1
2021-04-09,4,1,0.5493379367351647,1,1
2021-04-10,4,1,0.5489033396816622,1,1
2021-04-11,4,0,0.5518675307287861,1,1
2021-04-12,4,1,0.5536141678899971,1,1
2021-04-13,4,0,0.5458427384983693,1,1
2021-04-14,4,1,0.5485718119590807,1,1
2021-04-15,4,0,0.5521396373007057,1,1
2021-04-16,4,0,0.5476272304393818,1,1
2021-04-17,4,0,0.548447297869885,1,1
2021-04-18,4,0,0.5360428150543829,1,1
2021-04-19,4,1,0.5424966418590238,1,1
2021-04-20,4,0,0.5477974901730267,1,1
2021-04-21,4,0,0.542651413567627,1,1
2021-04-22,4,0,0.542053377922361,1,1
2021-04-23,4,0,0.5464941909442431,1,1
2021-04-24,4,0,0.5476016270871603,1,1
2021-04-25,4,1,0.5478934308212927,1,1
2021-04-26,4,1,0.5289067471271514,1,1
2021-04-27,4,0,0.5348032924459651,1,1
2021-04-28,4,0,0.5424055116128483,1,1
2021-04-29,4,1,0.5428600765954834,1,1
2021-04-30,4,1,0.5330207362191777,1,1
2021-05-01,4,0,0.5408924487433922,1,1
2021-05-02,4,1,0.5426077619794112,1,1
2021-05-03,4,0,0.5481974337903167,1,1
2021-05-04,4,1,0.5350851042981077,1,1
2021-05-05,4,0,0.5292179878796379,1,1
2021-05-06,4,1,0.5338468933912963,1,1
2021-05-07,4,1,0.5402848987249638,1,1
2021-05-08,4,0,0.5435095442438,1,1
2021-05-09,4,0,0.5477351914704505,1,1
2021-05-10,4,1,0.5443547122231568,1,1
2021-05-11,4,0,0.5474551878788844,1,1
2021-05-12,4,1,0.5265653774878505,1,1
2021-05-13,5,1,0.5488296418654519,1,1
2021-05-14,5,0,0.5519106551794486,1,1
2021-05-15,5,0,0.5441307610275941,1,1
2021-05-16,5,0,0.5479206668763816,1,1
2021-05-17,5,0,0.5428635715242767,1,1
2021-05-18,5,0,0.5465731533482242,1,1
2021-05-19,5,1,0.529846362265559,1,1
2021-05-20,5,0,0.5298249383842336,1,1
2021-05-21,5,1,0.5301137832601107,1,1
2021-05-22,5,0,0.5349136559808444,1,1
2021-05-23,5,1,0.5320785342277637,1,1
2021-05-24,5,0,0.5298095842424334,1,1
2021-05-25,5,1,0.5344905034036689,1,1
2021-05-26,5,0,0.5382900693012036,1,1
2021-05-27,5,0,0.5425353263529549,1,1
2021-05-28,5,0,0.53666258343321,1,1
2021-05-29,5,1,0.5402439436668386,1,1
2021-05-30,5,1,0.5415255214111715,1,1
2021-05-31,5,0,0.5404630528151673,1,1
2021-06-01,5,1,0.5450626711324147,1,1
2021-06-02,5,1,0.544875430559057,1,1
2021-06-03,5,0,0.5440142562133822,1,1
2021-06-04,5,0,0.5419258429609223,1,1
2021-06-05,5,1,0.5433881847565015,1,1
2021-06-06,5,0,0.5462751513638918,1,1
2021-06-07,5,0,0.5424555054628506,1,1
2021-06-08,5,1,0.5470092471524258,1,1
2021-06-09,5,0,0.5301488700034701,1,1
2021-06-10,5,1,0.534819682735744,1,1
2021-06-11,5,0,0.5389961317826487,1,1
2021-06-12,5,1,0.5393604467026173,1,1
2021-06-13,5,1,0.5302357474427164,1,1
2021-06-14,5,1,0.5335604161402728,1,1
2021-06-15,5,0,0.5394757098680787,1,1
2021-06-16,5,0,0.5384440649229739,1,1
2021-06-17,5,0,0.5446486159295012,1,1
2021-06-18,5,0,0.5401864836710132,1,1
2021-06-19,5,1,0.545874130115239,1,1
2021-06-20,5,0,0.550170134526151,1,1
2021-06-21,5,1,0.531075951329706,1,1
2021-06-22,5,1,0.5345919378709507,1,1
2021-06-23,5,1,0.5364371437492709,1,1
2021-06-24,5,0,0.5393962922217647,1,1
2021-06-25,5,1,0.5318437826260198,1,1
2021-06-26,5,1,0.5361199963544652,1,1
2021-06-27,5,0,0.5313535378064276,1,1
2021-06-28,5,1,0.5371489412421896,1,1
2021-06-29,5,0,0.5372874150098129,1,1
2021-06-30,5,0,0.5418102873269454,1,1
2021-07-01,5,1,0.5421298405862419,1,1
2021-07-02,5,1,0.5453883874202825,1,1
2021-07-03,5,1,0.5455113369555789,1,1
2021-07-04,5,0,0.5464421999714005,1,1
2021-07-05,5,1,0.545768790163815,1,1
2021-07-06,5,0,0.5467846704031533,1,1
2021-07-07,5,0,0.5496685017224443,1,1
2021-07-08,5,1,0.5486781466086942,1,1
2021-07-09,5,0,0.546519699392206,1,1
2021-07-10,5,1,0.5491859489106491,1,1
2021-07-11,5,0,0.5471386277888194,1,1
2021-07-12,5,0,0.5468278957644113,1,1
2021-07-13,5,1,0.5490240714267992,1,1
2021-07-14,5,0,0.5513627052905813,1,1
2021-07-15,5,0,0.5478037348711469,1,1
2021-07-16,5,1,0.5505446622800608,1,1
2021-07-17,5,1,0.5531055931960912,1,1
2021-07-18,5,0,0.554125596887896,1,1
2021-07-19,5,0,0.5480115885699,1,1
2021-07-20,5,1,0.5466636462616796,1,1
2021-07-21,5,1,0.5405568592860255,1,1
2021-07-22,5,1,0.5456594205403384,1,1
2021-07-23,5,1,0.544296181915067,1,1
2021-07-24,5,1,0.5458993046655843,1,1
2021-07-25,5,1,0.5459595631923584,1,1
2021-07-26,5,1,0.5442962035866008,1,1
2021-07-27,5,1,0.5428711486899874,1,1
2021-07-28,5,1,0.5464183452914902,1,1
2021-07-29,5,1,0.5504902428122734,1,1
2021-07-30,5,0,0.5450038107439631,1,1
2021-07-31,5,0,0.5467392653413157,1,1
2021-08-01,5,0,0.5452415195485099,1,1
2021-08-02,5,0,0.5464002057028131,1,1
2021-08-03,5,1,0.5463089430633846,1,1
2021-08-04,5,1,0.5458874304392094,1,1
2021-08-05,5,1,0.5465275383418747,1,1
2021-08-06,5,1,0.5458119673801619,1,1
2021-08-07,5,0,0.545933077774275,1,1
2021-08-08,5,1,0.5466446761872252,1,1
2021-08-09,5,0,0.5449303756617707,1,1
2021-08-10,5,1,0.5461978933593865,1,1
2021-08-11,5,0,0.5494160291234106,1,1
2021-08-12,5,1,0.546673280526162,1,1
2021-08-13,5,0,0.5422142675274838,1,1
2021-08-14,5,0,0.545026756593666,1,1
2021-08-15,5,0,0.5491451126147389,1,1
2021-08-16,5,0,0.5470144352963859,1,1
2021-08-17,5,1,0.5460850954935258,1,1
2021-08-18,5,1,0.5490342209072567,1,1
2021-08-19,5,1,0.5463430819370257,1,1
2021-08-20,5,0,0.5453815305170254,1,1
2021-08-21,5,1,0.5470131688385051,1,1
2021-08-22,5,1,0.5503668875370058,1,1
2021-08-23,5,0,0.5536111122833519,1,1
2021-08-24,5,1,0.5458629419372559,1,1
2021-08-25,5,0,0.5471061762559364,1,1
2021-08-26,5,1,0.5452077679224944,1,1
2021-08-27,5,0,0.5452985536402345,1,1
2021-08-28,5,0,0.5479354292783235,1,1
2021-08-29,5,0,0.55093541474899,1,1
2021-08-30,5,1,0.5458766921801703,1,1
2021-08-31,5,1,0.5487610963215445,1,1
2021-09-01,5,1,0.546874511537617,1,1
2021-09-02,5,1,0.5495996475139363,1,1
2021-09-03,5,0,0.5521855690827131,1,1
2021-09-04,5,1,0.5541894135100607,1,1
2021-09-05,5,1,0.5481513857501797,1,1
2021-09-06,5,0,0.5505297479365917,1,1
2021-09-07,5,0,0.5305561840366347,1,1
2021-09-08,5,1,0.5346104971204523,1,1
2021-09-09,5,0,0.5413983357465989,1,1
2021-09-10,5,1,0.540534773012558,1,1
2021-09-11,5,1,0.5461273652529002,1,1
2021-09-12,5,0,0.5492176040114319,1,1
2021-09-13,5,1,0.5462075919444371,1,1
2021-09-14,5,1,0.5455887291391528,1,1
2021-09-15,5,0,0.5473602490440955,1,1
2021-09-16,5,0,0.5485031934105054,1,1
2021-09-17,5,1,0.5487658450374869,1,1
2021-09-18,5,0,0.550190757244257,1,1
2021-09-19,5,0,0.5470565338821667,1,1
2021-09-20,5,0,0.5331855562759475,1,1
2021-09-21,5,1,0.532945674626276,1,1
2021-09-22,5,1,0.5320943857162492,1,1
2021-09-23,5,0,0.5362925494702546,1,1
2021-09-24,5,0,0.535707560832026,1,1
2021-09-25,5,1,0.5420455242332157,1,1
2021-09-26,5,0,0.5476584547188883,1,1
2021-09-27,5,0,0.5464018907004042,1,1
2021-09-28,5,1,0.5455719944651376,1,1
2021-09-29,5,1,0.5478730268657545,1,1
2021-09-30,5,1,0.5451400524586828,1,1
2021-10-01,5,0,0.5336148409581399,1,1
2021-10-02,5,1,0.5390618427361552,1,1
2021-10-03,5,1,0.5458019734716709,1,1
2021-10-04,5,1,0.5488516480128359,1,1
2021-10-05,5,1,0.5445360613596464,1,1
2021-10-06,5,0,0.5399037396227,1,1
2021-10-07,5,1,0.5415646147239319,1,1
2021-10-08,5,1,0.5467541655271346,1,1
2021-10-09,5,0,0.5489107295292792,1,1
2021-10-10,5,1,0.5521829598891499,1,1
2021-10-11,5,0,0.5457885556128632,1,1
2021-10-12,5,1,0.5459915510560237,1,1
2021-10-13,5,0,0.5469552168790953,1,1
2021-10-14,5,1,0.5497113944698158,1,1
2021-10-15,5,0,0.5434398020926975,1,1
2021-10-16,5,1,0.5459296771452523,1,1
2021-10-17,5,1,0.5496524935599788,1,1
2021-10-18,5,1,0.5532568268674587,1,1
2021-10-19,5,1,0.5474892169338703,1,1
2021-10-20,5,0,0.547543484103665,1,1
2021-10-21,5,0,0.5437878124150972,1,1
2021-10-22,5,1,0.5447614174855857,1,1
2021-10-23,5,0,0.5480915039754681,1,1
2021-10-24,5,1,0.5501490007333073,1,1
2021-10-25,5,0,0.5469579457842111,1,1
2021-10-26,5,0,0.5453524045532814,1,1
2021-10-27,5,1,0.5453491424193299,1,1
2021-10-28,5,1,0.5457709623685566,1,1
2021-10-29,5,0,0.5467273003114567,1,1
2021-10-30,5,0,0.5487949805363966,1,1
2021-10-31,5,0,0.5499771484118413,1,1
2021-11-01,5,1,0.5522416893636282,1,1
2021-11-02,5,0,0.5471109472866356,1,1
2021-11-03,5,0,0.5493449148141546,1,1
2021-11-04,5,0,0.5470554461882452,1,1
2021-11-05,5,1,0.5492553385362827,1,1
2021-11-06,5,1,0.5524315983984175,1,1
2021-11-07,5,1,0.5492790470519883,1,1
2021-11-08,5,0,0.5449177235191545,1,1
2021-11-09,5,0,0.5469165152678638,1,1
2021-11-10,5,0,0.5456714703458762,1,1
2021-11-11,5,0,0.5483865775166454,1,1
2021-11-12,5,1,0.5486229058407496,1,1
2021-11-13,5,1,0.5519836161485006,1,1
2021-11-14,5,0,0.5539107684180801,1,1
2021-11-15,5,0,0.5467094193261935,1,1
2021-11-16,5,1,0.543861206807826,1,1
2021-11-17,5,0,0.5479133774079933,1,1
2021-11-18,5,1,0.5424168041734327,1,1
2021-11-19,5,1,0.54553498703823,1,1
2021-11-20,5,0,0.5466033384386286,1,1
2021-11-21,5,0,0.5467863215643719,1,1
2021-11-22,5,1,0.5450877481624092,1,1
2021-11-23,5,0,0.5467748598552401,1,1
2021-11-24,5,1,0.5464064357313317,1,1
2021-11-25,5,0,0.5483019008461912,1,1
2021-11-26,5,1,0.542288601148365,1,1
2021-11-27,5,1,0.5452181813122319,1,1
2021-11-28,5,1,0.5448482184770963,1,1
2021-11-29,5,0,0.5483125855465872,1,1
2021-11-30,5,1,0.5484962195983942,1,1
2021-12-01,5,0,0.5519943415229082,1,1
2021-12-02,5,0,0.5518765721705471,1,1
2021-12-03,5,0,0.5449571969300477,1,1
2021-12-04,5,1,0.5353146383391795,1,1
2021-12-05,5,1,0.5419342695124089,1,1
2021-12-06,5,1,0.5434251430628106,1,1
2021-12-07,5,0,0.5483279281333321,1,1
2021-12-08,5,0,0.5524963240614071,1,1
2021-12-09,5,0,0.5441322728110708,1,1
2021-12-10,5,1,0.5476423493841073,1,1
2021-12-11,5,1,0.545058153805146,1,1
2021-12-12,5,0,0.546993761990452,1,1
2021-12-13,5,0,0.5422679020524991,1,1
2021-12-14,5,1,0.547109011700197,1,1
2021-12-15,5,0,0.5436472034879585,1,1
2021-12-16,5,0,0.5453834837075514,1,1
2021-12-17,5,1,0.5457677740767608,1,1
2021-12-18,5,0,0.5471585082922186,1,1
2021-12-19,5,1,0.5504096840855829,1,1
2021-12-20,5,1,0.5528247855915049,1,1
2021-12-21,5,0,0.5459552863719912,1,1
2021-12-22,5,1,0.5488040729356861,1,1
2021-12-23,5,1,0.5458283107401719,1,1
2021-12-24,5,0,0.5487585376738326,1,1
2021-12-25,5,1,0.5519643248956949,1,1
2021-12-26,5,0,0.5538241457574896,1,1
2021-12-27,5,0,0.5558569632101004,1,1
2021-12-28,5,0,0.5442115452864277,1,1
2021-12-29,5,1,0.5459552588289606,1,1
2021-12-30,5,0,0.5470442261835414,1,1
2021-12-31,5,1,0.5485422858371818,1,1
2022-01-01,5,0,0.5465404915813743,1,1
2022-01-02,5,0,0.5492012687266503,1,1
2022-01-03,5,0,0.5502838950226157,1,1
2022-01-04,5,0,0.5528333757004639,1,1
2022-01-05,5,0,0.5457424630412416,1,1
2022-01-06,5,0,0.548664160497768,1,1
2022-01-07,5,1,0.5465206338199307,1,1
2022-01-08,5,1,0.5484400456588363,1,1
2022-01-09,5,0,0.5503455829457407,1,1
2022-01-10,5,1,0.5533292263623238,1,1
2022-01-11,5,1,0.5480956436686925,1,1
2022-01-12,5,0,0.5465702535503263,1,1
2022-01-13,5,1,0.5467895495249502,1,1
2022-01-14,5,1,0.5476262767538446,1,1
2022-01-15,5,0,0.5500617292980354,1,1
2022-01-16,5,0,0.5531492265247249,1,1
2022-01-17,5,1,0.5533590633467806,1,1
2022-01-18,5,0,0.5551867024932251,1,1
2022-01-19,5,0,0.5558695346831942,1,1
2022-01-20,5,0,0.5536605230890914,1,1
2022-01-21,5,0,0.5334862702354898,1,1
2022-01-22,5,1,0.5362961691855245,1,1
2022-01-23,5,1,0.5378382684268309,1,1
2022-01-24,5,1,0.5424754966643119,1,1
2022-01-25,5,0,0.5461142822570271,1,1
2022-01-26,5,1,0.5506932879022053,1,1
2022-01-27,5,1,0.552112727429468,1,1
2022-01-28,5,1,0.5490704002215835,1,1
2022-01-29,5,0,0.5498819234384226,1,1
2022-01-30,5,1,0.5531845424198979,1,1
2022-01-31,5,1,0.5509153300633016,1,1
2022-02-01,5,0,0.5523381144622114,1,1
2022-02-02,5,1,0.5461081370040117,1,1
2022-02-03,5,1,0.5483629834809395,1,1
2022-02-04,5,0,0.530717235561701,1,1
2022-02-05,5,1,0.53614730170346,1,1
2022-02-06,5,1,0.5396468751016388,1,1
2022-02-07,5,1,0.541361506798784,1,1
2022-02-08,5,1,0.5462406457190168,1,1
2022-02-09,5,0,0.5506317942459417,1,1
2022-02-10,5,0,0.5512220822716265,1,1
2022-02-11,5,0,0.5482988341405399,1,1
2022-02-12,5,0,0.5517026142785673,1,1
2022-02-13,5,1,0.5546434919197026,1,1
2022-02-14,5,1,0.5553752974952428,1,1
2022-02-15,5,0,0.5457441170982053,1,1
2022-02-16,5,0,0.547625613436296,1,1
2022-02-17,5,0,0.5397504074592601,1,1
2022-02-18,5,1,0.544629894560071,1,1
2022-02-19,5,0,0.549709972080613,1,1
2022-02-20,5,0,0.545010400000586,1,1
2022-02-21,5,1,0.5453217739474269,1,1
2022-02-22,5,0,0.5454705144014749,1,1
2022-02-23,5,1,0.5464880688842056,1,1
2022-02-24,5,1,0.5462528244971211,1,1
2022-02-25,5,0,0.5465921421590488,1,1
2022-02-26,5,0,0.54937451884471,1,1
2022-02-27,5,1,0.5466149698568177,1,1
2022-02-28,5,1,0.5298132446844113,1,1
2022-03-01,5,0,0.5336739303871397,1,1
2022-03-02,5,0,0.539516720464501,1,1
2022-03-03,5,0,0.5404538202777013,1,1
2022-03-04,5,1,0.5332738930208172,1,1
2022-03-05,5,0,0.5393475633616815,1,1
2022-03-06,5,0,0.5420017117906109,1,1
2022-03-07,5,1,0.547073717360335,1,1
2022-03-08,5,1,0.5480121128019028,1,1
2022-03-09,5,0,0.5377025755092582,1,1
2022-03-10,5,0,0.5346772679985794,1,1
2022-03-11,5,1,0.5396224926681544,1,1
2022-03-12,5,0,0.5462424970718588,1,1
2022-03-13,5,1,0.5451863954108195,1,1
2022-03-14,5,0,0.5435947547209842,1,1
2022-03-15,5,1,0.5472970527940589,1,1
2022-03-16,5,0,0.5449007342177126,1,1
2022-03-17,5,1,0.5482414525319714,1,1
2022-03-18,5,1,0.548101305574834,1,1
2022-03-19,5,0,0.5506999871433402,1,1
2022-03-20,5,0,0.5486501328850694,1,1
2022-03-21,5,1,0.5517293067023453,1,1
2022-03-22,5,1,0.5473505296856933,1,1
2022-03-23,5,1,0.5495332597121365,1,1
2022-03-24,5,1,0.5487709117593881,1,1
2022-03-25,5,1,0.5517323551921683,1,1
2022-03-26,5,1,0.5545995319233438,1,1
2022-03-27,5,1,0.5458930737496902,1,1
2022-03-28,5,1,0.5488427380348503,1,1
2022-03-29,5,0,0.5522186685747772,1,1
2022-03-30,5,0,0.5532504048112735,1,1
2022-03-31,5,1,0.546433399867367,1,1
2022-04-01,5,0,0.5482901618330379,1,1
2022-04-02,5,1,0.5499309946343579,1,1
2022-04-03,5,1,0.5522994938568759,1,1
2022-04-04,5,0,0.5549865334450603,1,1
2022-04-05,5,0,0.549207199556531,1,1
2022-04-06,5,1,0.5447807031899546,1,1
2022-04-07,5,0,0.5481492707608621,1,1
2022-04-08,5,1,0.5464811963474688,1,1
2022-04-09,5,0,0.5485496009383499,1,1
2022-04-10,5,0,0.550008178577667,1,1
2022-04-11,5,1,0.5437783888774258,1,1
2022-04-12,5,1,0.5463677023534053,1,1
2022-04-13,5,0,0.5464143513801486,1,1
2022-04-14,5,1,0.5461807796018504,1,1
2022-04-15,5,0,0.5476753370854434,1,1
2022-04-16,5,0,0.5507687282287552,1,1
2022-04-17,5,1,0.5509479883131126,1,1
2022-04-18,5,1,0.5474049870361671,1,1
2022-04-19,5,0,0.5484708488204394,1,1
2022-04-20,5,0,0.5514474482811124,1,1
2022-04-21,5,0,0.5495691398474994,1,1
2022-04-22,5,0,0.5487023314027833,1,1
2022-04-23,5,0,0.5512821336713152,1,1
2022-04-24,5,1,0.5542826193142566,1,1
2022-04-25,5,0,0.5506638288459975,1,1
2022-04-26,5,1,0.5443310818951967,1,1
2022-04-27,5,1,0.5453772125749571,1,1
2022-04-28,5,0,0.547677067738838,1,1
2022-04-29,5,0,0.5463492420092145,1,1
2022-04-30,5,1,0.5469364588814037,1,1
2022-05-01,5,1,0.5472485382339123,1,1
2022-05-02,5,0,0.5500782817817194,1,1
2022-05-03,5,1,0.5495760886266869,1,1
2022-05-04,5,0,0.5457603320484953,1,1
2022-05-05,5,0,0.5379919081286523,1,1
2022-05-06,5,0,0.5427716280399184,1,1
2022-05-07,5,0,0.5463527935692645,1,1
2022-05-08,5,0,0.5440836350039815,1,1
2022-05-09,5,1,0.5306070635782261,1,1
2022-05-10,5,0,0.5345330940775673,1,1
2022-05-11,5,1,0.5325154030273896,1,1
2022-05-12,5,1,0.5384840313553335,1,1
2022-05-13,5,1,0.5443200282738024,1,1
2022-05-14,5,1,0.5436425360506816,1,1
2022-05-15,5,0,0.5435708121820276,1,1
2022-05-16,5,1,0.5432652763681752,1,1
2022-05-17,5,0,0.5452243374677569,1,1
2022-05-18,5,1,0.5432627848050283,1,1
2022-05-19,5,0,0.5406094398289804,1,1
2022-05-20,5,1,0.5421398819836937,1,1
2022-05-21,5,1,0.5459522181005877,1,1
2022-05-22,5,0,0.5451414519327835,1,1
2022-05-23,5,1,0.5451675923037282,1,1
2022-05-24,5,0,0.5461352352224643,1,1
2022-05-25,5,0,0.5492009956908755,1,1
2022-05-26,5,0,0.5524928011922124,1,1
2022-05-27,5,1,0.5529832566962998,1,1
2022-05-28,5,1,0.5534976153977591,1,1
2022-05-29,5,1,0.5478481064724962,1,1
2022-05-30,5,1,0.5396860747768067,1,1
2022-05-31,5,0,0.545141944229845,1,1
2022-06-01,5,1,0.5404404143898902,1,1
2022-06-02,5,0,0.5428830332419131,1,1
2022-06-03,5,1,0.5453691902395384,1,1
2022-06-04,5,1,0.5484064285651988,1,1
2022-06-05,5,1,0.5513576115555376,1,1
2022-06-06,5,0,0.545236399687685,1,1
2022-06-07,5,0,0.5485324712914201,1,1
2022-06-08,5,0,0.547102202760177,1,1
2022-06-09,5,0,0.5502445731125709,1,1
2022-06-10,5,0,0.5470990850458236,1,1
2022-06-11,5,0,0.5474838017110528,1,1
2022-06-12,5,0,0.5452278973392416,1,1
2022-06-13,5,0,0.5297758886403445,1,1
2022-06-14,5,1,0.5344378376599975,1,1
2022-06-15,5,0,0.5385382299217405,1,1
2022-06-16,5,1,0.5310111193813262,1,1
2022-06-17,5,0,0.536018934152357,1,1
2022-06-18,5,1,0.5336723778266681,1,1
2022-06-19,5,1,0.5303306861304284,1,1
2022-06-20,5,1,0.5351793184404631,1,1
2022-06-21,5,0,0.5405226060721321,1,1
2022-06-22,5,1,0.5425368347535015,1,1
2022-06-23,5,1,0.5385292957918619,1,1
2022-06-24,5,1,0.5431181400716891,1,1
2022-06-25,5,0,0.5450844733939961,1,1
2022-06-26,5,0,0.547684683631619,1,1
2022-06-27,5,0,0.551380031832431,1,1
2022-06-28,5,0,0.5529578685486198,1,1
2022-06-29,5,0,0.5554366139181741,1,1
2022-06-30,5,0,0.556395889976126,1,1
2022-07-01,5,0,0.5554727246830987,1,1
2022-07-02,5,1,0.556190641385196,1,1
2022-07-03,5,1,0.5560022071630631,1,1
2022-07-04,5,0,0.5444858279082221,1,1
2022-07-05,5,1,0.5478993482174127,1,1
2022-07-06,5,1,0.5468758469001946,1,1
2022-07-07,5,1,0.5442523467270151,1,1
2022-07-08,5,0,0.5473308042259918,1,1
2022-07-09,5,0,0.5510992992383023,1,1
2022-07-10,5,0,0.5472265994267745,1,1
2022-07-11,5,0,0.5459462232842706,1,1
2022-07-12,5,1,0.5462961250464217,1,1
2022-07-13,5,1,0.5451021705331813,1,1
2022-07-14,5,1,0.5462660565856048,1,1
2022-07-15,5,1,0.5473183416018355,1,1
2022-07-16,5,0,0.547422086014795,1,1
2022-07-17,5,1,0.5487471592953046,1,1
2022-07-18,5,1,0.5394834456592046,1,1
2022-07-19,5,0,0.5402933477671573,1,1
2022-07-20,5,0,0.545789567653538,1,1
2022-07-21,5,0,0.550939741173202,1,1
2022-07-22,5,0,0.5516786477543234,1,1
2022-07-23,5,1,0.5541994869171799,1,1
2022-07-24,5,0,0.5553280148608668,1,1
2022-07-25,5,0,0.544959116325401,1,1
2022-07-26,5,1,0.5484319494651358,1,1
2022-07-27,5,1,0.5388861253448073,1,1
2022-07-28,5,0,0.5400489150607538,1,1
2022-07-29,5,0,0.5457903292071338,1,1
2022-07-30,5,0,0.5509324262965494,1,1
2022-07-31,5,0,0.5535645710599159,1,1
2022-08-01,5,0,0.5557986622888835,1,1
2022-08-02,5,0,0.5561261987065614,1,1
2022-08-03,5,0,0.5568877091509966,1,1
2022-08-04,5,1,0.5570610809553147,1,1
2022-08-05,5,0,0.5479717177686209,1,1
2022-08-06,5,1,0.5504907063473015,1,1
2022-08-07,5,1,0.5517718112140143,1,1
2022-08-08,5,0,0.5472079823630853,1,1
2022-08-09,5,1,0.5470836129932938,1,1
2022-08-10,5,1,0.5464083695153129,1,1
2022-08-11,5,1,0.5490633610291669,1,1
2022-08-12,5,1,0.5488117676495947,1,1
2022-08-13,5,0,0.5520436116693632,1,1
2022-08-14,5,0,0.5544233636399657,1,1
2022-08-15,5,0,0.555543084917951,1,1
2022-08-16,5,0,0.5554105456900239,1,1
2022-08-17,5,0,0.5501790571973776,1,1
2022-08-18,5,0,0.5526928326819197,1,1
2022-08-19,5,1,0.532614300314515,1,1
2022-08-20,5,1,0.5381411237895681,1,1
2022-08-21,5,0,0.5429118002294986,1,1
2022-08-22,5,1,0.5481334770493274,1,1
2022-08-23,5,0,0.5525338058420117,1,1
2022-08-24,5,1,0.5549594667497103,1,1
2022-08-25,5,0,0.5559139987852559,1,1
2022-08-26,6,0,0.5347342690369943,1,1
2022-08-27,6,0,0.5361245028514868,1,1
2022-08-28,6,1,0.536182748605991,1,1
2022-08-29,6,0,0.535494575653073,1,1
2022-08-30,6,1,0.5356606493495123,1,1
2022-08-31,6,1,0.5367505566792198,1,1
2022-09-01,6,0,0.5392433624135186,1,1
2022-09-02,6,0,0.5416968271058242,1,1
2022-09-03,6,1,0.544387543964733,1,1
2022-09-04,6,0,0.5462131370436671,1,1
2022-09-05,6,0,0.5471998841041611,1,1
2022-09-06,6,1,0.5351860201750488,1,1
2022-09-07,6,1,0.5355244293141389,1,1
2022-09-08,6,1,0.5372412992983716,1,1
2022-09-09,6,1,0.5326034196468585,1,1
2022-09-10,6,1,0.534033255760781,1,1
2022-09-11,6,1,0.536280559430336,1,1
2022-09-12,6,0,0.5357223041672292,1,1
2022-09-13,6,0,0.5326294004412202,1,1
2022-09-14,6,0,0.5342214345778497,1,1
2022-09-15,6,1,0.5347146370682667,1,1
2022-09-16,6,1,0.5367424434067991,1,1
2022-09-17,6,0,0.5368491435712889,1,1
2022-09-18,6,1,0.5355298041733482,1,1
2022-09-19,6,0,0.5368805388691373,1,1
2022-09-20,6,0,0.5356864254302239,1,1
2022-09-21,6,1,0.5364234808048624,1,1
2022-09-22,6,0,0.535352697907277,1,1
2022-09-23,6,0,0.5369201205277189,1,1
2022-09-24,6,0,0.537286426691495,1,1
2022-09-25,6,1,0.5398548258600626,1,1
2022-09-26,6,0,0.5371469284196418,1,1
2022-09-27,6,1,0.5398786642557601,1,1
2022-09-28,6,1,0.5388575074428873,1,1
2022-09-29,6,0,0.5409075671951783,1,1
2022-09-30,6,0,0.5440372042801092,1,1
2022-10-01,6,0,0.5464137482968429,1,1
2022-10-02,6,1,0.5469361051049759,1,1
2022-10-03,6,1,0.5374628635615709,1,1
2022-10-04,6,0,0.5354843876004955,1,1
2022-10-05,6,0,0.5369119349417902,1,1
2022-10-06,6,0,0.5389366207140801,1,1
2022-10-07,6,0,0.5386591537581601,1,1
2022-10-08,6,1,0.5418526126587399,1,1
2022-10-09,6,0,0.5448710746268305,1,1
2022-10-10,6,0,0.5456329507574174,1,1
2022-10-11,6,1,0.5473690740066246,1,1
2022-10-12,6,1,0.5477471440724738,1,1
2022-10-13,6,0,0.5470534823375159,1,1
2022-10-14,6,0,0.5478181826209692,1,1
2022-10-15,6,1,0.5483191108297302,1,1
2022-10-16,6,1,0.5477473165750428,1,1
2022-10-17,6,0,0.5465441458539715,1,1
2022-10-18,6,0,0.5474071632251485,1,1
2022-10-19,6,0,0.5478045342250385,1,1
2022-10-20,6,1,0.5483063373851641,1,1
2022-10-21,6,1,0.5483179374669532,1,1
2022-10-22,6,1,0.5485014358394653,1,1
2022-10-23,6,0,0.5463967986745587,1,1
2022-10-24,6,1,0.5471458366598227,1,1
2022-10-25,6,1,0.5357452853909975,1,1
2022-10-26,6,0,0.5354880204327889,1,1
2022-10-27,6,1,0.5357119779442143,1,1
2022-10-28,6,1,0.5365718738743118,1,1
2022-10-29,6,0,0.538126093645385,1,1
2022-10-30,6,0,0.5402055347290404,1,1
2022-10-31,6,0,0.5429714096344749,1,1
2022-11-01,6,0,0.5458410290596057,1,1
2022-11-02,6,1,0.5452016355590341,1,1
2022-11-03,6,1,0.547142712464573,1,1
2022-11-04,6,1,0.5353941265073956,1,1
2022-11-05,6,0,0.5369896067118576,1,1
2022-11-06,6,0,0.5370436328627556,1,1
2022-11-07,6,0,0.5374487833196775,1,1
2022-11-08,6,0,0.5326232476363838,1,1
2022-11-09,6,1,0.5322583608414649,1,1
2022-11-10,6,0,0.532265784674636,1,1
2022-11-11,6,0,0.5332180026275725,1,1
2022-11-12,6,0,0.5348364254649224,1,1
2022-11-13,6,1,0.5352307798153217,1,1
2022-11-14,6,1,0.5359188496704838,1,1
2022-11-15,6,0,0.5364213250620157,1,1
2022-11-16,6,1,0.5379775635639809,1,1
2022-11-17,6,1,0.541005557164347,1,1
2022-11-18,6,1,0.5442905036394915,1,1
2022-11-19,6,0,0.5465849858823798,1,1
2022-11-20,6,0,0.5426530880555526,1,1
2022-11-21,6,1,0.5370433470825833,1,1
2022-11-22,6,1,0.5358630093759477,1,1
2022-11-23,6,0,0.5356914086938688,1,1
2022-11-24,6,0,0.537387635176701,1,1
2022-11-25,6,0,0.5401735013845909,1,1
2022-11-26,6,0,0.5435936422603196,1,1
2022-11-27,6,0,0.5462373429703661,1,1
2022-11-28,6,1,0.5468017951162133,1,1
2022-11-29,6,1,0.5459457037964223,1,1
2022-11-30,6,0,0.5353767514275882,1,1
2022-12-01,6,1,0.536609947990557,1,1
2022-12-02,6,0,0.538508069983863,1,1
2022-12-03,6,1,0.5409342507423373,1,1
2022-12-04,6,0,0.5412660316803828,1,1
2022-12-05,6,1,0.5440699468556698,1,1
2022-12-06,6,0,0.5458038222109456,1,1
2022-12-07,6,1,0.5463568188401049,1,1
2022-12-08,6,0,0.5416062189114829,1,1
2022-12-09,6,0,0.5447257077023572,1,1
2022-12-10,6,0,0.5469021326418393,1,1
2022-12-11,6,1,0.5479611285498217,1,1
2022-12-12,6,1,0.5481899133821128,1,1
2022-12-13,6,1,0.5374220377810043,1,1
2022-12-14,6,0,0.540505466377513,1,1
2022-12-15,6,0,0.5376254798538567,1,1
2022-12-16,6,1,0.5354163281787024,1,1
2022-12-17,6,0,0.536562087811473,1,1
2022-12-18,6,0,0.5390480695442593,1,1
2022-12-19,6,1,0.5391129278511335,1,1
2022-12-20,6,0,0.5360611811298072,1,1
2022-12-21,6,1,0.5380087311671634,1,1
2022-12-22,6,0,0.5410933941304004,1,1
2022-12-23,6,1,0.5444404888317175,1,1
2022-12-24,6,0,0.5465460952056127,1,1
2022-12-25,6,1,0.5477771290402116,1,1
2022-12-26,6,0,0.5480875462242152,1,1
2022-12-27,6,0,0.5481213939707043,1,1
2022-12-28,6,1,0.5483056237004803,1,1
2022-12-29,6,0,0.5482677503644916,1,1
2022-12-30,6,0,0.5485173648663848,1,1
2022-12-31,6,1,0.5486115146163585,1,1
2023-01-01,6,1,0.5484666528902749,1,1
2023-01-02,6,0,0.5484613530660681,1,1
2023-01-03,6,1,0.5485768281223199,1,1
2023-01-04,6,0,0.5478295040817188,1,1
2023-01-05,6,1,0.54834035379274,1,1
2023-01-06,6,1,0.548190990727718,1,1
2023-01-07,6,1,0.5484606829048668,1,1
2023-01-08,6,1,0.5483152321400923,1,1
2023-01-09,6,1,0.5484645223200247,1,1
2023-01-10,6,1,0.5477008622230247,1,1
2023-01-11,6,1,0.5413671938623651,1,1
2023-01-12,6,1,0.5352315829392201,1,1
2023-01-13,6,1,0.534964042616383,1,1
2023-01-14,6,0,0.5348043426914413,1,1
2023-01-15,6,1,0.5363396766114703,1,1
2023-01-16,6,0,0.5381582469746677,1,1
2023-01-17,6,0,0.541255390199509,1,1
2023-01-18,6,1,0.5374047801883209,1,1
2023-01-19,6,1,0.5381112939915023,1,1
2023-01-20,6,1,0.5346996486665532,1,1
2023-01-21,6,0,0.5365358086754923,1,1
2023-01-22,6,1,0.5387302721619194,1,1
2023-01-23,6,0,0.5420095142347745,1,1
2023-01-24,6,1,0.541121513274396,1,1
2023-01-25,6,0,0.5414212276815896,1,1
2023-01-26,6,1,0.5437003080590441,1,1
2023-01-27,6,0,0.5461998863808468,1,1
2023-01-28,6,1,0.5472534481830188,1,1
2023-01-29,6,0,0.5414944866019723,1,1
2023-01-30,6,1,0.5352899519895792,1,1
2023-01-31,6,1,0.5367030780872185,1,1
2023-02-01,6,0,0.5366889904776632,1,1
2023-02-02,6,0,0.5372502518112673,1,1
2023-02-03,6,0,0.5396896314746255,1,1
2023-02-04,6,0,0.5417844094185531,1,1
2023-02-05,6,0,0.5396107937917897,1,1
2023-02-06,6,1,0.5407814023203961,1,1
2023-02-07,6,0,0.5405263515879661,1,1
2023-02-08,6,0,0.5396113215974314,1,1
2023-02-09,6,0,0.5351247858307554,1,1
2023-02-10,6,1,0.5362954029129972,1,1
2023-02-11,6,0,0.5384356946116466,1,1
2023-02-12,6,1,0.5411300331357777,1,1
2023-02-13,6,1,0.5444175723843032,1,1
2023-02-14,6,1,0.5445553143178717,1,1
2023-02-15,6,0,0.5335026250455922,1,1
2023-02-16,6,1,0.5340499700958751,1,1
2023-02-17,6,1,0.5346170522712479,1,1
2023-02-18,6,0,0.5364476676255868,1,1
2023-02-19,6,1,0.5366958700502276,1,1
2023-02-20,6,0,0.5377488474677018,1,1
2023-02-21,6,0,0.5368332235847698,1,1
2023-02-22,6,0,0.5373560052062822,1,1
2023-02-23,6,0,0.5378989574583103,1,1
2023-02-24,6,0,0.5355273278534792,1,1
2023-02-25,6,1,0.5369826360511671,1,1
2023-02-26,6,0,0.538579241824068,1,1
2023-02-27,6,0,0.5411834938509463,1,1
2023-02-28,6,1,0.5389725991574742,1,1
2023-03-01,6,0,0.5395086559733568,1,1
2023-03-02,6,0,0.5407832329520462,1,1
2023-03-03,6,0,0.5351573141917458,1,1
2023-03-04,6,1,0.5367281777782456,1,1
2023-03-05,6,0,0.5394417161618813,1,1
2023-03-06,6,0,0.5425886727858329,1,1
2023-03-07,6,0,0.543268347824353,1,1
2023-03-08,6,0,0.5379752326578606,1,1
2023-03-09,6,0,0.53450333075038,1,1
2023-03-10,6,1,0.5358846717271061,1,1
2023-03-11,6,1,0.5363602655006539,1,1
2023-03-12,6,1,0.534397833168845,1,1
2023-03-13,6,1,0.5326916003298514,1,1
2023-03-14,6,0,0.5339925810203894,1,1
2023-03-15,6,1,0.5350510845389624,1,1
2023-03-16,6,1,0.5354057086980675,1,1
2023-03-17,6,0,0.5329274772451558,1,1
2023-03-18,6,1,0.5340295152164016,1,1
2023-03-19,6,0,0.5345085350439847,1,1
2023-03-20,6,1,0.5356622397746772,1,1
2023-03-21,6,0,0.5373905218317997,1,1
2023-03-22,6,1,0.5354835555062597,1,1
2023-03-23,6,0,0.5354585051536742,1,1
2023-03-24,6,1,0.5354244041152604,1,1
2023-03-25,6,1,0.537022754324376,1,1
2023-03-26,6,0,0.5379466581797827,1,1
2023-03-27,6,1,0.5356485660497795,1,1
2023-03-28,6,1,0.5373650316111485,1,1
2023-03-29,6,0,0.5355969027773214,1,1
2023-03-30,6,1,0.5363630101944262,1,1
2023-03-31,6,0,0.537491169949099,1,1
2023-04-01,6,0,0.5399890134910096,1,1
2023-04-02,6,0,0.5418812096074163,1,1
2023-04-03,6,1,0.5413096619410102,1,1
2023-04-04,6,1,0.5433674629433874,1,1
2023-04-05,6,0,0.546026594685257,1,1
2023-04-06,6,0,0.5471325685598245,1,1
2023-04-07,6,1,0.5477589199575671,1,1
2023-04-08,6,1,0.5482874828224605,1,1
2023-04-09,6,1,0.5481392719430211,1,1
2023-04-10,6,1,0.5355741892019333,1,1
2023-04-11,6,0,0.5365631966113579,1,1
2023-04-12,6,1,0.5383767135131756,1,1
2023-04-13,6,1,0.5415804649795952,1,1
2023-04-14,6,0,0.5447435786434833,1,1
2023-04-15,6,0,0.5458036313678186,1,1
2023-04-16,6,0,0.5472616349051687,1,1
2023-04-17,6,1,0.53780517821264,1,1
2023-04-18,6,0,0.5359952617851053,1,1
2023-04-19,6,0,0.5349565959287677,1,1
2023-04-20,6,0,0.5354732175837211,1,1
2023-04-21,6,1,0.5352378048814251,1,1
2023-04-22,6,0,0.5359565370644794,1,1
2023-04-23,6,0,0.5373319959089413,1,1
2023-04-24,6,1,0.5400102214190035,1,1
2023-04-25,6,1,0.5370931162684693,1,1
2023-04-26,6,1,0.5398668370399465,1,1
2023-04-27,6,0,0.5358921263429495,1,1
2023-04-28,6,0,0.5373347831912576,1,1
2023-04-29,6,1,0.5396777806631688,1,1
2023-04-30,6,0,0.5429756414396543,1,1
2023-05-01,6,1,0.5354069021853571,1,1
2023-05-02,6,1,0.5360703566610838,1,1
2023-05-03,6,0,0.5378470968255712,1,1
2023-05-04,6,1,0.5398217149761635,1,1
2023-05-05,6,0,0.5390200549813271,1,1
2023-05-06,6,0,0.536626365507078,1,1
2023-05-07,6,0,0.536589154579529,1,1
2023-05-08,6,0,0.5356428610190678,1,1
2023-05-09,6,0,0.5371199946056233,1,1
2023-05-10,6,0,0.5394251610837533,1,1
2023-05-11,6,0,0.5364890929617179,1,1
2023-05-12,6,0,0.5379688036542367,1,1
2023-05-13,6,1,0.5410521395102612,1,1
2023-05-14,6,1,0.5442282468732462,1,1
2023-05-15,6,0,0.5460884587257159,1,1
2023-05-16,6,1,0.5472687286522034,1,1
2023-05-17,6,0,0.547103701719632,1,1
2023-05-18,6,1,0.5445479676213071,1,1
2023-05-19,6,1,0.5467860681751759,1,1
2023-05-20,6,0,0.5474368250523617,1,1
2023-05-21,6,1,0.547260243342503,1,1
2023-05-22,6,1,0.5480557749670231,1,1
2023-05-23,6,0,0.5474261877697121,1,1
2023-05-24,6,1,0.5379334016728443,1,1
2023-05-25,6,1,0.5408932164246609,1,1
2023-05-26,6,1,0.543118671000627,1,1
2023-05-27,6,1,0.5456377894188281,1,1
2023-05-28,6,0,0.5354393146031975,1,1
2023-05-29,6,0,0.5365095533644281,1,1
2023-05-30,6,0,0.5389611008409787,1,1
2023-05-31,6,0,0.5390962898204331,1,1
2023-06-01,6,1,0.5401787433866585,1,1
2023-06-02,6,0,0.5402443838094544,1,1
2023-06-03,6,1,0.5432413671467959,1,1
2023-06-04,6,0,0.5459826703589986,1,1
2023-06-05,6,1,0.5352025298684826,1,1
2023-06-06,6,0,0.5347135526770987,1,1
2023-06-07,6,1,0.5349799679485956,1,1
2023-06-08,6,0,0.5365874650562722,1,1
2023-06-09,6,0,0.5393320580925075,1,1
2023-06-10,6,1,0.5378103243217154,1,1
2023-06-11,6,0,0.540567237370049,1,1
2023-06-12,6,1,0.5439885587586427,1,1
2023-06-13,6,0,0.5463997622537881,1,1
2023-06-14,6,1,0.5396605489837056,1,1
2023-06-15,6,1,0.5383596932566548,1,1
2023-06-16,6,1,0.5358127727842349,1,1
2023-06-17,6,0,0.5372258650437045,1,1
2023-06-18,6,1,0.5398459356301248,1,1
2023-06-19,6,1,0.5384516610458704,1,1
2023-06-20,6,1,0.5352652348675485,1,1
2023-06-21,6,0,0.5347698492016602,1,1
2023-06-22,6,1,0.5364776361000764,1,1
2023-06-23,6,0,0.5360083122053483,1,1
2023-06-24,6,0,0.5378418401690638,1,1
2023-06-25,6,0,0.5408450211771857,1,1
2023-06-26,6,1,0.5434518684892639,1,1
2023-06-27,6,0,0.544357074057656,1,1
2023-06-28,6,1,0.5421533734581322,1,1
2023-06-29,6,1,0.5438681885948208,1,1
2023-06-30,6,1,0.5464242959176192,1,1
2023-07-01,6,1,0.5477216714982573,1,1
2023-07-02,6,1,0.5483026134795648,1,1
2023-07-03,6,0,0.5472728397592919,1,1
2023-07-04,6,0,0.5471174168291659,1,1
2023-07-05,6,0,0.5476268258119795,1,1
2023-07-06,6,1,0.54522316387682,1,1
2023-07-07,6,0,0.5456849383326462,1,1
2023-07-08,6,0,0.5473478143837848,1,1
2023-07-09,6,1,0.5480153342180654,1,1
2023-07-10,6,1,0.5482698243404253,1,1
2023-07-11,6,0,0.5484487554857511,1,1
2023-07-12,6,1,0.5482683856230606,1,1
2023-07-13,6,0,0.538238621705007,1,1
2023-07-14,6,0,0.5353539241369825,1,1
2023-07-15,6,0,0.5370115839942275,1,1
2023-07-16,6,0,0.5397041801413757,1,1
2023-07-17,6,0,0.5428520212839104,1,1
2023-07-18,6,1,0.5443296836557453,1,1
2023-07-19,6,0,0.5466902911676859,1,1
2023-07-20,6,1,0.5476922263450147,1,1
2023-07-21,6,0,0.5482767591285906,1,1
2023-07-22,6,1,0.5483839401813398,1,1
2023-07-23,6,0,0.5483004970512273,1,1
2023-07-24,6,1,0.5387944758395349,1,1
2023-07-25,6,1,0.5424223803654529,1,1
2023-07-26,6,0,0.5454453928993457,1,1
2023-07-27,6,1,0.5469980597335075,1,1
2023-07-28,6,1,0.5479631112514717,1,1
2023-07-29,6,0,0.5483988631111217,1,1
2023-07-30,6,0,0.5485232222604971,1,1
2023-07-31,6,1,0.5485915687824352,1,1
2023-08-01,6,0,0.5479566250480521,1,1
2023-08-02,6,1,0.5462301036264242,1,1
2023-08-03,6,0,0.547685721861781,1,1
2023-08-04,6,0,0.5481995765024762,1,1
2023-08-05,6,0,0.5484600722288632,1,1
2023-08-06,6,1,0.5485869118723843,1,1
2023-08-07,6,1,0.5486108916509346,1,1
2023-08-08,6,0,0.5470930547059769,1,1
2023-08-09,6,0,0.5476719543984652,1,1
2023-08-10,6,0,0.5481073247352084,1,1
2023-08-11,6,1,0.5484237965377677,1,1
2023-08-12,6,0,0.548570341598448,1,1
2023-08-13,6,1,0.5485030185143407,1,1
2023-08-14,6,0,0.5485993341991718,1,1
2023-08-15,6,0,0.5482961401037013,1,1
2023-08-16,6,0,0.5469651891796844,1,1
2023-08-17,6,0,0.533964131106788,1,1
2023-08-18,6,1,0.5348010291853299,1,1
2023-08-19,6,1,0.5368449886522336,1,1
2023-08-20,6,0,0.5396700616582816,1,1
2023-08-21,6,0,0.5432352113918518,1,1
2023-08-22,6,1,0.5460261098126976,1,1
2023-08-23,6,0,0.5447748456958372,1,1
2023-08-24,6,0,0.5464725003905228,1,1
2023-08-25,6,0,0.5477570426528454,1,1
2023-08-26,6,1,0.5483140315923314,1,1
2023-08-27,6,1,0.548425034471049,1,1
2023-08-28,6,1,0.5485510459180258,1,1
2023-08-29,6,0,0.5346305307297297,1,1
2023-08-30,6,0,0.5358219078423075,1,1
2023-08-31,6,0,0.5348721564652879,1,1
2023-09-01,6,1,0.5366498756594109,1,1
2023-09-02,6,1,0.5391603852208776,1,1
2023-09-03,6,0,0.5420974744687528,1,1
2023-09-04,6,0,0.5451321129201828,1,1
2023-09-05,6,0,0.5471115480532037,1,1
2023-09-06,6,1,0.5480380543460202,1,1
2023-09-07,6,0,0.5453575380654618,1,1
2023-09-08,6,0,0.5464452620025924,1,1
2023-09-09,6,0,0.5477416063190539,1,1
2023-09-10,6,0,0.5483119001749961,1,1
2023-09-11,6,1,0.5448937585025816,1,1
2023-09-12,6,1,0.5375592451720578,1,1
2023-09-13,6,1,0.5377368697175697,1,1
2023-09-14,6,1,0.538762021998936,1,1
2023-09-15,6,0,0.5418549160814388,1,1
2023-09-16,6,0,0.5450516544155924,1,1
2023-09-17,6,1,0.5470721083686214,1,1
2023-09-18,6,1,0.5474814134564494,1,1
2023-09-19,6,0,0.5458649178286477,1,1
2023-09-20,6,0,0.5474932516529634,1,1
2023-09-21,6,1,0.5457055665442725,1,1
2023-09-22,6,0,0.5473970716700975,1,1
2023-09-23,6,0,0.5481645130878697,1,1
2023-09-24,6,1,0.5480535189883936,1,1
2023-09-25,6,0,0.5483994443979749,1,1
2023-09-26,6,1,0.5485623185593042,1,1
2023-09-27,6,1,0.5484851730813736,1,1
2023-09-28,6,0,0.5428203319145517,1,1
2023-09-29,6,1,0.5457628335956783,1,1
2023-09-30,6,1,0.5473773701913325,1,1
2023-10-01,6,0,0.5359429349696304,1,1
2023-10-02,6,0,0.5367300487877769,1,1
2023-10-03,6,1,0.5392910981424133,1,1
2023-10-04,6,0,0.5402576094132332,1,1
2023-10-05,6,1,0.5415935969982183,1,1
2023-10-06,6,1,0.539982040131984,1,1
2023-10-07,6,0,0.5434282330284066,1,1
2023-10-08,6,0,0.546145126223189,1,1
2023-10-09,6,0,0.5466992016797942,1,1
2023-10-10,6,0,0.547692877011002,1,1
2023-10-11,6,0,0.5464128037134105,1,1
2023-10-12,6,1,0.547718232175826,1,1
2023-10-13,6,0,0.5481917603190516,1,1
2023-10-14,6,1,0.5484823089730294,1,1
2023-10-15,6,1,0.5480461600321846,1,1
2023-10-16,6,0,0.5351642775670118,1,1
2023-10-17,6,0,0.5367875334749229,1,1
2023-10-18,6,1,0.5393531403316686,1,1
2023-10-19,6,1,0.5409463530880938,1,1
2023-10-20,6,1,0.5361439633900359,1,1
2023-10-21,6,1,0.5380287798930421,1,1
2023-10-22,6,1,0.5411985411308642,1,1
2023-10-23,6,1,0.5329029517123849,1,1
2023-10-24,6,1,0.5341389546451218,1,1
2023-10-25,6,0,0.5356453369870636,1,1
2023-10-26,6,0,0.5367920260346268,1,1
2023-10-27,6,1,0.5384270862863204,1,1
2023-10-28,6,1,0.5418449572331732,1,1
2023-10-29,6,0,0.5440230067697073,1,1
2023-10-30,6,1,0.5462954341192058,1,1
2023-10-31,6,1,0.547690087788747,1,1
2023-11-01,6,0,0.5465744141152584,1,1
2023-11-02,6,0,0.5447678446876278,1,1
2023-11-03,6,1,0.5459696604543768,1,1
2023-11-04,6,0,0.5473948249237525,1,1
2023-11-05,6,0,0.5480078835565473,1,1
2023-11-06,6,1,0.5483093142020488,1,1
2023-11-07,6,1,0.5483895731116223,1,1
2023-11-08,6,1,0.5485631546941832,1,1
2023-11-09,6,1,0.5450326463030147,1,1
2023-11-10,6,0,0.5461495059233599,1,1
2023-11-11,6,0,0.5467779948586263,1,1
2023-11-12,6,0,0.5475406050116032,1,1
2023-11-13,6,0,0.5451658092776527,1,1
2023-11-14,6,1,0.5370912337426204,1,1
2023-11-15,6,0,0.5348912141109882,1,1
2023-11-16,6,1,0.5344800671117101,1,1
2023-11-17,6,0,0.5361995538550995,1,1
2023-11-18,6,1,0.538654574328564,1,1
2023-11-19,6,1,0.5389840033766606,1,1
2023-11-20,6,0,0.5423272272886125,1,1
2023-11-21,6,1,0.5352294491211232,1,1
2023-11-22,6,0,0.5352588350684587,1,1
2023-11-23,6,1,0.53654251168696,1,1
2023-11-24,6,1,0.5388263449967625,1,1
2023-11-25,6,0,0.5420183516858141,1,1
2023-11-26,6,0,0.5426640343450098,1,1
2023-11-27,6,1,0.544079740189378,1,1
2023-11-28,6,1,0.5456491151818503,1,1
2023-11-29,6,0,0.5472160703808318,1,1
2023-11-30,6,1,0.5476346063060784,1,1
2023-12-01,6,1,0.5452614693367368,1,1
2023-12-02,6,1,0.5454201176332136,1,1
2023-12-03,6,1,0.5469913686463383,1,1
2023-12-04,6,1,0.535487067137262,1,1
2023-12-05,6,0,0.535309603023951,1,1
2023-12-06,6,0,0.536143300532002,1,1
2023-12-07,6,1,0.5365698263470071,1,1
2023-12-08,6,0,0.537783066396005,1,1
2023-12-09,7,1,0.5303570218446724,1,1
2023-12-10,7,0,0.5304178204278198,1,1
2023-12-11,7,1,0.5301663165565069,1,1
2023-12-12,7,1,0.5303245088857945,1,1
2023-12-13,7,1,0.5302812659275637,1,1
2023-12-14,7,0,0.5303775829025904,1,1
2023-12-15,7,1,0.5302856220518971,1,1
2023-12-16,7,0,0.5303779499389188,1,1
2023-12-17,7,1,0.5303136776220403,1,1
2023-12-18,7,0,0.5303152819963679,1,1
2023-12-19,7,1,0.5303522216232501,1,1
2023-12-20,7,1,0.5303195188269342,1,1
2023-12-21,7,1,0.5303948805014903,1,1
2023-12-22,7,0,0.5304439197596247,1,1
2023-12-23,7,0,0.5304528175955938,1,1
2023-12-24,7,1,0.5304026548607198,1,1
2023-12-25,7,0,0.5304316638950655,1,1
2023-12-26,7,1,0.5303303048061776,1,1
2023-12-27,7,0,0.5303488433492376,1,1
2023-12-28,7,0,0.5303318041930868,1,1
2023-12-29,7,1,0.5303578674820085,1,1
2023-12-30,7,1,0.5304242915869203,1,1
2023-12-31,7,1,0.5304590202877003,1,1
2024-01-01,7,1,0.5303082737874981,1,1
2024-01-02,7,0,0.530351724915403,1,1
2024-01-03,7,1,0.5302444296534282,1,1
2024-01-04,7,0,0.530267869240528,1,1
2024-01-05,7,0,0.5303668967636594,1,1
2024-01-06,7,0,0.5304239869419954,1,1
2024-01-07,7,1,0.530457089356089,1,1
2024-01-08,7,0,0.530237550249814,1,1
2024-01-09,7,1,0.5302725960978164,1,1
2024-01-10,7,0,0.5303691102880298,1,1
2024-01-11,7,0,0.5304202002386836,1,1
2024-01-12,7,0,0.530000780054574,1,1
2024-01-13,7,0,0.5302417228489295,1,1
2024-01-14,7,1,0.5301959956581864,1,1
2024-01-15,7,1,0.5302911616332004,1,1
2024-01-16,7,0,0.5303653718810415,1,1
2024-01-17,7,0,0.5304058568726358,1,1
2024-01-18,7,1,0.5302829216159941,1,1
2024-01-19,7,1,0.5303657822869667,1,1
2024-01-20,7,0,0.5304325071423398,1,1
2024-01-21,7,0,0.53045913272998,1,1
2024-01-22,7,1,0.5302693897135515,1,1
2024-01-23,7,1,0.5303573793214384,1,1
2024-01-24,7,0,0.5304246556433969,1,1
2024-01-25,7,1,0.5304571536671179,1,1
2024-01-26,7,1,0.5302995242971213,1,1
2024-01-27,7,0,0.530375202156962,1,1
2024-01-28,7,1,0.5304332419822821,1,1
2024-01-29,7,0,0.5303399874536523,1,1
2024-01-30,7,0,0.5303887823756651,1,1
2024-01-31,7,1,0.5304229493803128,1,1
2024-02-01,7,1,0.530443023064762,1,1
2024-02-02,7,0,0.5304657870580924,1,1
2024-02-03,7,0,0.5304717072569027,1,1
2024-02-04,7,1,0.5304684629794223,1,1
2024-02-05,7,1,0.5304742332533235,1,1
2024-02-06,7,1,0.5304671004624527,1,1
2024-02-07,7,1,0.5303500567920173,1,1
2024-02-08,7,1,0.5303419612837899,1,1
2024-02-09,7,1,0.5303005400330844,1,1
2024-02-10,7,1,0.5303593469721084,1,1
2024-02-11,7,1,0.5304119731368189,1,1
2024-02-12,7,0,0.5303180790222732,1,1
2024-02-13,7,1,0.5303821567840167,1,1
2024-02-14,7,1,0.5303014045234586,1,1
2024-02-15,7,1,0.5303809806851323,1,1
2024-02-16,7,0,0.5304390325692051,1,1
2024-02-17,7,1,0.5304421718141824,1,1
2024-02-18,7,0,0.5304622881737731,1,1
2024-02-19,7,1,0.530463706403142,1,1
2024-02-20,7,0,0.5304685392922003,1,1
2024-02-21,7,0,0.5304619729273994,1,1
2024-02-22,7,0,0.5304532841055234,1,1
2024-02-23,7,1,0.530444645450127,1,1
2024-02-24,7,1,0.5304398463334533,1,1
2024-02-25,7,1,0.5304646075096012,1,1
2024-02-26,7,1,0.5302940786889653,1,1
2024-02-27,7,1,0.530271103347356,1,1
2024-02-28,7,0,0.5298302075349955,1,1
2024-02-29,7,1,0.52992505926468,1,1
2024-03-01,7,0,0.5301367435105401,1,1
2024-03-02,7,1,0.5302854623998976,1,1
2024-03-03,7,1,0.5303695561554141,1,1
2024-03-04,7,0,0.5300319585624415,1,1
2024-03-05,7,1,0.5296172550392598,1,1
2024-03-06,7,1,0.5297660923644624,1,1
2024-03-07,7,1,0.530087798616445,1,1
2024-03-08,7,1,0.5302641034019315,1,1
2024-03-09,7,1,0.5304075148526876,1,1
2024-03-10,7,1,0.5304587818480969,1,1
2024-03-11,7,0,0.530303625497146,1,1
2024-03-12,7,1,0.5303371875056754,1,1
2024-03-13,7,0,0.5303749728343191,1,1
2024-03-14,7,0,0.530302179663438,1,1
2024-03-15,7,0,0.5302710891430229,1,1
2024-03-16,7,1,0.530048254131888,1,1
2024-03-17,7,0,0.5300709741344498,1,1
2024-03-18,7,0,0.5301689639711884,1,1
2024-03-19,7,1,0.5294774434646367,1,1
2024-03-20,7,0,0.5292869917988214,1,1
2024-03-21,7,0,0.5293627259235518,1,1
2024-03-22,7,1,0.529468408447639,1,1
2024-03-23,7,1,0.5297989435470833,1,1
2024-03-24,7,1,0.5297717351511968,1,1
2024-03-25,7,1,0.5298898436862904,1,1
2024-03-26,7,0,0.5301422985812326,1,1
2024-03-27,7,1,0.5302486785486791,1,1
2024-03-28,7,0,0.5303700143465728,1,1
2024-03-29,7,0,0.5303428650582437,1,1
2024-03-30,7,1,0.5303956066659768,1,1
2024-03-31,7,0,0.5304021475367163,1,1
2024-04-01,7,0,0.5303061333624535,1,1
2024-04-02,7,1,0.5300837777185625,1,1
2024-04-03,7,1,0.5302883081304035,1,1
2024-04-04,7,0,0.5302355280627111,1,1
2024-04-05,7,1,0.5302899955440681,1,1
2024-04-06,7,1,0.5303817021942187,1,1
2024-04-07,7,1,0.5304429800612793,1,1
2024-04-08,7,0,0.5303628771469406,1,1
2024-04-09,7,1,0.5302777558225644,1,1
2024-04-10,7,0,0.5303359769253346,1,1
2024-04-11,7,0,0.5303716589472698,1,1
2024-04-12,7,0,0.530251565789409,1,1
2024-04-13,7,1,0.5301279256520315,1,1
2024-04-14,7,0,0.5301968267779336,1,1
2024-04-15,7,1,0.5301585577363154,1,1
2024-04-16,7,0,0.5303217827222246,1,1
2024-04-17,7,1,0.5301937194897111,1,1
2024-04-18,7,1,0.5302163858653267,1,1
2024-04-19,7,1,0.5303479363460495,1,1
2024-04-20,7,0,0.5303871221607583,1,1
2024-04-21,7,1,0.5304408522608477,1,1
2024-04-22,7,0,0.5303591177803609,1,1
2024-04-23,7,0,0.530399245997748,1,1
2024-04-24,7,1,0.5302959627547603,1,1
2024-04-25,7,0,0.5303797883021324,1,1
2024-04-26,7,0,0.5303937179489533,1,1
2024-04-27,7,0,0.5304343500542845,1,1
2024-04-28,7,1,0.5304572144694986,1,1
2024-04-29,7,0,0.5304574474391127,1,1
2024-04-30,7,0,0.5302717108250674,1,1
2024-05-01,7,1,0.5302398570675173,1,1
2024-05-02,7,1,0.5303105193128763,1,1
2024-05-03,7,1,0.5301544838492375,1,1
2024-05-04,7,1,0.530256459153243,1,1
2024-05-05,7,0,0.5303815701118637,1,1
2024-05-06,7,0,0.5304114519098869,1,1
2024-05-07,7,0,0.5304308840018962,1,1
2024-05-08,7,1,0.5304147771483498,1,1
2024-05-09,7,0,0.5303189070980086,1,1
2024-05-10,7,1,0.5302898945180817,1,1
2024-05-11,7,1,0.5303759876726357,1,1
2024-05-12,7,1,0.5304043276661031,1,1
2024-05-13,7,0,0.5303383601846821,1,1
2024-05-14,7,1,0.5303426092824832,1,1
2024-05-15,7,0,0.530102345486942,1,1
2024-05-16,7,1,0.5302209859571881,1,1
2024-05-17,7,0,0.5302266373796879,1,1
2024-05-18,7,0,0.5303559184479458,1,1
2024-05-19,7,1,0.5304069513773224,1,1
2024-05-20,7,0,0.5300841198576708,1,1
2024-05-21,7,0,0.5301805660749342,1,1
2024-05-22,7,0,0.5302707189309912,1,1
2024-05-23,7,1,0.5303054629950458,1,1
2024-05-24,7,1,0.5303917040910011,1,1
2024-05-25,7,0,0.5304270333009921,1,1
2024-05-26,7,1,0.5304447043991808,1,1
2024-05-27,7,0,0.5304451542920692,1,1
2024-05-28,7,0,0.5304323327647316,1,1
2024-05-29,7,1,0.5304478496222358,1,1
2024-05-30,7,0,0.5304497367974497,1,1
2024-05-31,7,1,0.530450235526946,1,1
2024-06-01,7,1,0.5304671904517172,1,1
2024-06-02,7,1,0.5304742431273627,1,1
2024-06-03,7,1,0.5304523488339251,1,1
2024-06-04,7,1,0.5303664733943727,1,1
2024-06-05,7,0,0.5304184380720279,1,1
2024-06-06,7,0,0.5304521365680117,1,1
2024-06-07,7,0,0.5304049957775827,1,1
2024-06-08,7,1,0.5304498763224647,1,1
2024-06-09,7,0,0.5304660230975962,1,1
2024-06-10,7,0,0.5304736282416355,1,1
2024-06-11,7,1,0.5303347457012542,1,1
2024-06-12,7,0,0.5303721144008531,1,1
2024-06-13,7,0,0.5303412845921367,1,1
2024-06-14,7,1,0.5303862366641928,1,1
2024-06-15,7,1,0.5304405295065235,1,1
2024-06-16,7,0,0.5304608354791811,1,1
2024-06-17,7,0,0.5304710616356698,1,1
2024-06-18,7,0,0.5304138140392833,1,1
2024-06-19,7,0,0.5304525352307827,1,1
2024-06-20,7,0,0.5304690261104172,1,1
2024-06-21,7,1,0.530462602064393,1,1
2024-06-22,7,0,0.5304718561316895,1,1
2024-06-23,7,0,0.5304462736329841,1,1
2024-06-24,7,1,0.5302856063825427,1,1
2024-06-25,7,0,0.5302979582984587,1,1
2024-06-26,7,1,0.5303385900463936,1,1
2024-06-27,7,0,0.5303772926663998,1,1
2024-06-28,7,1,0.530357665750444,1,1
2024-06-29,7,1,0.5304043686407096,1,1
2024-06-30,7,1,0.530325935590528,1,1
2024-07-01,7,0,0.5303972264075844,1,1
2024-07-02,7,0,0.530411059906137,1,1
2024-07-03,7,0,0.5303203052260577,1,1
2024-07-04,7,0,0.5302295327390456,1,1
2024-07-05,7,1,0.5303494983038894,1,1
2024-07-06,7,0,0.5302894334475488,1,1
2024-07-07,7,1,0.5302447642065589,1,1
2024-07-08,7,1,0.530307512478232,1,1
2024-07-09,7,0,0.5303039747192976,1,1
2024-07-10,7,0,0.5303877087214635,1,1
2024-07-11,7,1,0.5304377667356571,1,1
2024-07-12,7,1,0.5304491718848687,1,1
2024-07-13,7,1,0.5303718878948347,1,1
2024-07-14,7,1,0.5303298372368718,1,1
2024-07-15,7,1,0.5301954357953109,1,1
2024-07-16,7,0,0.5303358166589505,1,1
2024-07-17,7,0,0.5303769788578744,1,1
2024-07-18,7,1,0.5304414825633222,1,1
2024-07-19,7,1,0.5302947681305976,1,1
2024-07-20,7,1,0.5303667326110759,1,1
2024-07-21,7,0,0.530384780969933,1,1
2024-07-22,7,0,0.5304290899155436,1,1
2024-07-23,7,0,0.5303581124652424,1,1
2024-07-24,7,1,0.5304125398136551,1,1
2024-07-25,7,1,0.5304462014655134,1,1
2024-07-26,7,0,0.5303242382114598,1,1
2024-07-27,7,1,0.530394206757143,1,1
2024-07-28,7,0,0.5304372220443107,1,1
2024-07-29,7,0,0.5303888980638721,1,1
2024-07-30,7,0,0.5304285072488166,1,1
2024-07-31,7,1,0.5303646085603143,1,1
2024-08-01,7,0,0.5303993791032755,1,1
2024-08-02,7,0,0.5302165321180153,1,1
2024-08-03,7,0,0.5303222321254746,1,1
2024-08-04,7,0,0.5302322166015732,1,1
2024-08-05,7,1,0.5299709277041285,1,1
2024-08-06,7,0,0.5299902791003896,1,1
2024-08-07,7,1,0.5301625418122239,1,1
2024-08-08,7,0,0.5292683025256,1,1
2024-08-09,7,1,0.5294661969888517,1,1
2024-08-10,7,0,0.5298208729991507,1,1
2024-08-11,7,1,0.5297654662884499,1,1
2024-08-12,7,1,0.5300270456985504,1,1
2024-08-13,7,0,0.5301143213960222,1,1
2024-08-14,7,0,0.5301215979680803,1,1
2024-08-15,7,1,0.5302177529502633,1,1
2024-08-16,7,1,0.5302412708851154,1,1
2024-08-17,7,0,0.5303343267010988,1,1
2024-08-18,7,1,0.5303678676377507,1,1
2024-08-19,7,0,0.5303652735807198,1,1
2024-08-20,7,1,0.5304224089541729,1,1
2024-08-21,7,0,0.5303062498559368,1,1
2024-08-22,7,1,0.5303558755415101,1,1
2024-08-23,7,1,0.5302237828814389,1,1
2024-08-24,7,1,0.5303505712831521,1,1
2024-08-25,7,0,0.530430207145416,1,1
2024-08-26,7,0,0.5303610021713753,1,1
2024-08-27,7,0,0.5302217236972601,1,1
2024-08-28,7,1,0.5303334679724311,1,1
2024-08-29,7,0,0.5304134722778714,1,1
2024-08-30,7,0,0.5304546076420239,1,1
2024-08-31,7,0,0.5304703028948583,1,1
2024-09-01,7,1,0.5303599770072933,1,1
2024-09-02,7,0,0.5303134814369246,1,1
2024-09-03,7,1,0.5302997775871741,1,1
2024-09-04,7,0,0.5303675207641374,1,1
2024-09-05,7,0,0.5303006021340174,1,1
2024-09-06,7,1,0.5302613629499608,1,1
2024-09-07,7,1,0.5303622187395486,1,1
2024-09-08,7,1,0.5303939220655394,1,1
2024-09-09,7,1,0.5302942420582005,1,1
2024-09-10,7,0,0.5303569657239642,1,1
2024-09-11,7,1,0.5304198180657667,1,1
2024-09-12,7,1,0.5304260792530738,1,1
2024-09-13,7,0,0.5303025409977039,1,1
2024-09-14,7,0,0.530367971890123,1,1
2024-09-15,7,0,0.5304013250359981,1,1
2024-09-16,7,1,0.5304056161359297,1,1
2024-09-17,7,1,0.5303057122393688,1,1
2024-09-18,7,1,0.5303167175948604,1,1
2024-09-19,7,1,0.5303253245849152,1,1
2024-09-20,7,1,0.5303944815170334,1,1
2024-09-21,7,1,0.5304425562296522,1,1
2024-09-22,7,0,0.5304636611041947,1,1
2024-09-23,7,1,0.5304712020309993,1,1
2024-09-24,7,0,0.5304470148401009,1,1
2024-09-25,7,1,0.5304236229296404,1,1
2024-09-26,7,1,0.5303206695340138,1,1
2024-09-27,7,1,0.530374108702653,1,1
2024-09-28,7,0,0.5304327344760695,1,1
2024-09-29,7,0,0.530460303827005,1,1
2024-09-30,7,0,0.5303123603552418,1,1
2024-10-01,7,0,0.5302747958864591,1,1
2024-10-02,7,1,0.530368398542063,1,1
2024-10-03,7,1,0.5304343922884114,1,1
2024-10-04,7,1,0.5303916223649296,1,1
2024-10-05,7,1,0.5304426375414991,1,1
2024-10-06,7,0,0.5304537150432597,1,1
2024-10-07,7,0,0.5304543957232701,1,1
2024-10-08,7,0,0.5304697242999865,1,1
2024-10-09,7,0,0.5303767560533674,1,1
2024-10-10,7,1,0.5304301761489255,1,1
2024-10-11,7,1,0.5303155256353634,1,1
2024-10-12,7,0,0.5303666502878923,1,1
2024-10-13,7,1,0.5304220721308265,1,1
2024-10-14,7,1,0.530286649392498,1,1
2024-10-15,7,1,0.530346187795194,1,1
2024-10-16,7,0,0.5304115087459347,1,1
2024-10-17,7,1,0.5304500110608213,1,1
2024-10-18,7,0,0.530448323201984,1,1
2024-10-19,7,1,0.5304668753045533,1,1
2024-10-20,7,0,0.5304698474975282,1,1
2024-10-21,7,0,0.5303735725510146,1,1
2024-10-22,7,0,0.5304318075143902,1,1
2024-10-23,7,1,0.5304299096232892,1,1
2024-10-24,7,0,0.5303542606926805,1,1
2024-10-25,7,1,0.5303334673331344,1,1
2024-10-26,7,1,0.5304012961599869,1,1
2024-10-27,7,1,0.5304252615855027,1,1
2024-10-28,7,1,0.5303445163993288,1,1
2024-10-29,7,0,0.53030412129421,1,1
2024-10-30,7,0,0.5303679456068066,1,1
2024-10-31,7,0,0.5302978154741638,1,1
2024-11-01,7,0,0.5303463918268588,1,1
2024-11-02,7,0,0.5304138816396242,1,1
2024-11-03,7,0,0.5304365549206513,1,1
2024-11-04,7,1,0.5304233839396817,1,1
2024-11-05,7,1,0.5303914184159412,1,1
2024-11-06,7,1,0.5300409423725643,1,1
2024-11-07,7,1,0.5302651227983906,1,1
2024-11-08,7,1,0.5304029521968266,1,1
2024-11-09,7,1,0.530455913693256,1,1
2024-11-10,7,1,0.5302936354824472,1,1
2024-11-11,7,0,0.5297680184794934,1,1
2024-11-12,7,1,0.5299870457020908,1,1
2024-11-13,7,0,0.5300847376105285,1,1
2024-11-14,7,1,0.5300048934875455,1,1
2024-11-15,7,0,0.5300506018858929,1,1
2024-11-16,7,0,0.5302123859692106,1,1
2024-11-17,7,1,0.5303060530959006,1,1
2024-11-18,7,1,0.5304162390041496,1,1
2024-11-19,7,1,0.5304286361859087,1,1
2024-11-20,7,1,0.5304255164921966,1,1
2024-11-21,7,1,0.5303096670608582,1,1
2024-11-22,7,0,0.530384064463313,1,1
2024-11-23,7,1,0.5303658110067612,1,1
2024-11-24,7,0,0.5304255638617066,1,1
2024-11-25,7,0,0.5302307171772763,1,1
2024-11-26,7,1,0.530287384971733,1,1
2024-11-27,7,0,0.5302561877978114,1,1
2024-11-28,7,1,0.530343161670767,1,1
2024-11-29,7,0,0.5303905758424035,1,1
2024-11-30,7,1,0.5303853182311857,1,1
2024-12-01,7,0,0.5304417184658583,1,1
2024-12-02,7,1,0.5303803812815611,1,1
2024-12-03,7,1,0.5304307653449748,1,1
2024-12-04,7,0,0.5303833444489978,1,1
2024-12-05,7,1,0.5303154230939184,1,1
2024-12-06,7,1,0.5303116371535166,1,1
2024-12-07,7,1,0.5303760919358864,1,1
2024-12-08,7,0,0.5304314149032071,1,1
2024-12-09,7,0,0.5302769158652124,1,1
2024-12-10,7,1,0.5303247044543804,1,1
2024-12-11,7,0,0.5302783814416391,1,1
2024-12-12,7,1,0.5303106032564228,1,1
2024-12-13,7,0,0.5303898069052898,1,1
2024-12-14,7,1,0.5304337121348642,1,1
2024-12-15,7,1,0.5303817370378402,1,1
2024-12-16,7,1,0.5304223135096632,1,1
2024-12-17,7,0,0.5304518547496254,1,1
2024-12-18,7,0,0.5302007447554673,1,1
2024-12-19,7,1,0.5302034861366925,1,1
2024-12-20,7,0,0.5303404711922737,1,1
2024-12-21,7,0,0.5303969299879104,1,1
2024-12-22,7,0,0.5303102828167829,1,1
2024-12-23,7,1,0.5303728804169587,1,1
2024-12-24,7,1,0.530296343773133,1,1
2024-12-25,7,0,0.5303799092299575,1,1
2024-12-26,7,0,0.5302731685793394,1,1
2024-12-27,7,1,0.5302917101582313,1,1
2024-12-28,7,0,0.5303791655411451,1,1
2024-12-29,7,0,0.5303481890302484,1,1
2024-12-30,7,1,0.530381393658728,1,1
2024-12-31,7,1,0.5304373172988428,1,1
2025-01-01,7,1,0.5304605493773513,1,1
2025-01-02,7,1,0.5304078268035091,1,1
2025-01-03,7,1,0.5304437051733814,1,1
2025-01-04,7,1,0.5304634240802716,1,1
2025-01-05,7,1,0.5304707430977998,1,1
2025-01-06,7,0,0.5303290827789758,1,1
2025-01-07,7,0,0.530231775201716,1,1
2025-01-08,7,0,0.5302616500847661,1,1
2025-01-09,7,1,0.5302493198727861,1,1
2025-01-10,7,0,0.5302894955984087,1,1
2025-01-11,7,0,0.5303851403669281,1,1
2025-01-12,7,1,0.5304432001414106,1,1
2025-01-13,7,1,0.5304666911290844,1,1
2025-01-14,7,1,0.5304184901517159,1,1
2025-01-15,7,0,0.530308813284316,1,1
2025-01-16,7,1,0.5303682961226971,1,1
2025-01-17,7,0,0.5302858750704228,1,1
2025-01-18,7,0,0.5303732229753391,1,1
2025-01-19,7,1,0.5302900687829367,1,1
2025-01-20,7,1,0.530366468174934,1,1
2025-01-21,7,0,0.530290217975249,1,1
2025-01-22,7,1,0.5302970426279692,1,1
2025-01-23,7,1,0.5303844658998192,1,1
2025-01-24,7,0,0.5304330126588359,1,1
2025-01-25,7,0,0.5304616471198453,1,1
2025-01-26,7,0,0.5304024697306507,1,1
2025-01-27,7,0,0.5304413320024939,1,1
2025-01-28,7,1,0.5304569470611159,1,1
2025-01-29,7,1,0.5303899480940171,1,1
2025-01-30,7,0,0.5304281453992119,1,1
2025-01-31,7,0,0.5303654129768316,1,1
2025-02-01,7,0,0.5303658188969325,1,1
2025-02-02,7,1,0.5303073793395766,1,1
2025-02-03,7,0,0.5302871931940243,1,1
2025-02-04,7,0,0.5302646658526335,1,1
2025-02-05,7,0,0.5303345921449154,1,1
2025-02-06,7,0,0.530417028693024,1,1
2025-02-07,7,0,0.5304571968375971,1,1
2025-02-08,7,1,0.530471256868382,1,1
2025-02-09,7,1,0.5304755727036079,1,1
2025-02-10,7,0,0.5304670017891729,1,1
2025-02-11,7,1,0.5304391791050753,1,1
2025-02-12,7,0,0.5303745746535217,1,1
2025-02-13,7,1,0.5304041408392262,1,1
2025-02-14,7,1,0.5304315684804715,1,1
2025-02-15,7,0,0.5304609110208001,1,1
2025-02-16,7,0,0.5304533798880638,1,1
2025-02-17,7,0,0.530468523134752,1,1
2025-02-18,7,1,0.5304743515888105,1,1
2025-02-19,7,1,0.5304630453119751,1,1
2025-02-20,7,0,0.5304311759830119,1,1
2025-02-21,7,1,0.530371400266912,1,1
2025-02-22,7,0,0.5304275699877903,1,1
2025-02-23,7,0,0.5304590788745437,1,1
2025-02-24,7,0,0.5302749647469268,1,1
2025-02-25,7,0,0.5302745164756644,1,1
2025-02-26,7,1,0.5301991054009333,1,1
2025-02-27,7,0,0.530331042331531,1,1
2025-02-28,7,1,0.5304215563715675,1,1
2025-03-01,7,1,0.5303780797530633,1,1
2025-03-02,7,0,0.5298305423905891,1,1
2025-03-03,7,1,0.5293540309909446,1,1
2025-03-04,7,1,0.5295851078849343,1,1
2025-03-05,7,0,0.5296454122806079,1,1
2025-03-06,7,0,0.5299743167722836,1,1
2025-03-07,7,0,0.5299148817102443,1,1
2025-03-08,7,0,0.5301907082148818,1,1
2025-03-09,7,0,0.5298358378448793,1,1
2025-03-10,7,1,0.5299671338851955,1,1
2025-03-11,7,1,0.5298355461397322,1,1
2025-03-12,7,0,0.530085679789383,1,1
2025-03-13,7,1,0.5300727835194415,1,1
2025-03-14,7,1,0.5300946079560257,1,1
2025-03-15,7,0,0.5302824777041062,1,1
2025-03-16,7,1,0.5303104296499971,1,1
2025-03-17,7,0,0.5303153806844443,1,1
2025-03-18,7,1,0.5303664275362309,1,1
2025-03-19,7,0,0.5302433418928684,1,1
2025-03-20,7,0,0.5302520981045226,1,1
2025-03-21,7,0,0.5303647685373729,1,1
2025-03-22,7,1,0.5304356970027175,1,1
2025-03-23,8,1,0.5282207116960419,1,1
2025-03-24,8,0,0.5280823175819664,1,1
2025-03-25,8,0,0.5275645475339535,1,1
2025-03-26,8,1,0.5273025116296806,1,1
2025-03-27,8,0,0.5272352636742591,1,1
2025-03-28,8,0,0.5280811123238656,1,1
2025-03-29,8,0,0.5279274206067059,1,1
2025-03-30,8,1,0.5274646275864073,1,1
2025-03-31,8,1,0.5272983566643835,1,1
2025-04-01,8,0,0.528212747048667,1,1
2025-04-02,8,1,0.5282172957397263,1,1
2025-04-03,8,1,0.5278095259093715,1,1
2025-04-04,8,0,0.5275789961267215,1,1
2025-04-05,8,0,0.5272991572043523,1,1
2025-04-06,8,1,0.5283405151685368,1,1
2025-04-07,8,0,0.5280537700655384,1,1
2025-04-08,8,1,0.5283054922451947,1,1
2025-04-09,8,0,0.5288461602385579,1,1
2025-04-10,8,1,0.5288015405214983,1,1
2025-04-11,8,1,0.5288864025365815,1,1
2025-04-12,8,0,0.5286838087676072,1,1
2025-04-13,8,1,0.5283334534454758,1,1
2025-04-14,8,0,0.5279158558955749,1,1
2025-04-15,8,1,0.5275123678057275,1,1
2025-04-16,8,1,0.5273150648929325,1,1
2025-04-17,8,0,0.5273615285734204,1,1
2025-04-18,8,1,0.527226694670696,1,1
2025-04-19,8,1,0.5272493748473357,1,1
2025-04-20,8,1,0.5271925748164702,1,1
2025-04-21,8,1,0.5280772214618785,1,1
2025-04-22,8,1,0.5283746652883885,1,1
2025-04-23,8,1,0.527763280351751,1,1
2025-04-24,8,1,0.5273821033886241,1,1
2025-04-25,8,0,0.5272957501530462,1,1
2025-04-26,8,0,0.5271990272062776,1,1
2025-04-27,8,1,0.5272535553082167,1,1
2025-04-28,8,0,0.5272990849634859,1,1
2025-04-29,8,0,0.527269244409102,1,1
2025-04-30,8,1,0.5271947808312276,1,1
2025-05-01,8,1,0.5277486805508348,1,1
2025-05-02,8,0,0.5273943865826369,1,1
2025-05-03,8,0,0.5273791653555409,1,1
2025-05-04,8,1,0.5275767589565269,1,1
2025-05-05,8,1,0.5273168388469718,1,1
2025-05-06,8,1,0.5277155793297681,1,1
2025-05-07,8,1,0.5273594636127954,1,1
2025-05-08,8,0,0.5283084329615703,1,1
2025-05-09,8,1,0.527768147018151,1,1
2025-05-10,8,0,0.5275758506084933,1,1
2025-05-11,8,0,0.5273874906266396,1,1
2025-05-12,8,1,0.52749443936951,1,1
2025-05-13,8,0,0.5273609228624848,1,1
2025-05-14,8,1,0.5272976599038786,1,1
2025-05-15,8,0,0.5271998075374684,1,1
2025-05-16,8,0,0.5271939831107938,1,1
2025-05-17,8,1,0.5271928096110785,1,1
2025-05-18,8,0,0.5280192546277616,1,1
2025-05-19,8,1,0.5276766101365815,1,1
2025-05-20,8,1,0.5274102432898531,1,1
2025-05-21,8,1,0.5278806133403475,1,1
2025-05-22,8,0,0.5276962926808725,1,1
2025-05-23,8,1,0.5282745405159159,1,1
2025-05-24,8,1,0.5276980952261282,1,1
2025-05-25,8,1,0.5274299401980745,1,1
2025-05-26,8,0,0.5272426042160345,1,1
2025-05-27,8,0,0.5272251536900373,1,1
2025-05-28,8,0,0.5273804746664208,1,1
2025-05-29,8,0,0.5279020406567229,1,1
2025-05-30,8,1,0.5279129707632296,1,1
2025-05-31,8,1,0.5274655536486366,1,1
2025-06-01,8,1,0.5272980294642632,1,1
2025-06-02,8,0,0.5272008469566183,1,1
2025-06-03,8,0,0.5272156489141809,1,1
2025-06-04,8,0,0.5272546717394814,1,1
2025-06-05,8,1,0.5281862328878045,1,1
2025-06-06,8,1,0.5281432678440727,1,1
2025-06-07,8,1,0.5276767932835685,1,1
2025-06-08,8,1,0.5273516782455109,1,1
2025-06-09,8,0,0.5282362350435985,1,1
2025-06-10,8,0,0.5277089550401949,1,1
2025-06-11,8,0,0.5277809352155386,1,1
2025-06-12,8,1,0.5281778478568648,1,1
2025-06-13,8,0,0.5276291836285494,1,1
2025-06-14,8,1,0.5274116843625405,1,1
2025-06-15,8,1,0.5272421980437241,1,1
2025-06-16,8,0,0.5272391835918182,1,1
2025-06-17,8,1,0.5278264073054267,1,1
2025-06-18,8,0,0.5274119095651957,1,1
2025-06-19,8,0,0.5272579608543767,1,1
2025-06-20,8,0,0.527442367256019,1,1
2025-06-21,8,0,0.5274090264155888,1,1
2025-06-22,8,1,0.527421857031378,1,1
2025-06-23,8,1,0.5282544244092375,1,1
2025-06-24,8,1,0.527696114483519,1,1
2025-06-25,8,0,0.5274935156969379,1,1
2025-06-26,8,1,0.5272929498518835,1,1
2025-06-27,8,1,0.527197499501308,1,1
2025-06-28,8,1,0.5271688301463958,1,1
2025-06-29,8,0,0.5272093923588304,1,1
2025-06-30,8,0,0.5273274799493542,1,1
2025-07-01,8,1,0.5274239326195995,1,1
2025-07-02,8,1,0.5281057566619016,1,1
2025-07-03,8,0,0.5276200706065917,1,1
2025-07-04,8,1,0.5276586996112472,1,1
2025-07-05,8,1,0.527332436353984,1,1
2025-07-06,8,0,0.5272641418821282,1,1
2025-07-07,8,1,0.5272721823133467,1,1
2025-07-08,8,1,0.527217049455685,1,1
2025-07-09,8,1,0.5276779786410972,1,1
2025-07-10,8,1,0.5282472972686382,1,1
2025-07-11,8,0,0.5278554203862132,1,1
2025-07-12,8,1,0.5274318745666164,1,1
2025-07-13,8,1,0.5274164508003283,1,1
2025-07-14,8,0,0.5272554497779567,1,1
2025-07-15,8,1,0.5275795303141659,1,1
2025-07-16,8,1,0.5273446800039315,1,1
2025-07-17,8,0,0.5272208198626503,1,1
2025-07-18,8,0,0.5273007860167699,1,1
2025-07-19,8,0,0.5272026078848273,1,1
2025-07-20,8,1,0.5272009237190222,1,1
2025-07-21,8,1,0.527169745236934,1,1
2025-07-22,8,0,0.5276544897277151,1,1
2025-07-23,8,0,0.5274905690107322,1,1
2025-07-24,8,0,0.5272828701792956,1,1
2025-07-25,8,1,0.5272334824793168,1,1
2025-07-26,8,1,0.5271820721086393,1,1
2025-07-27,8,0,0.5272811178161135,1,1
2025-07-28,8,0,0.5273773996488323,1,1
2025-07-29,8,0,0.5272265552398113,1,1
2025-07-30,8,0,0.5271807848657706,1,1
2025-07-31,8,0,0.5275303925812403,1,1
2025-08-01,8,0,0.5278652531173024,1,1
2025-08-02,8,1,0.5275029244554578,1,1
2025-08-03,8,1,0.5275076651411136,1,1
2025-08-04,8,0,0.5273147787312331,1,1
2025-08-05,8,1,0.5272850523106987,1,1
2025-08-06,8,1,0.5272329542897369,1,1
2025-08-07,8,0,0.5276427733175237,1,1
2025-08-08,8,0,0.527398613137801,1,1
2025-08-09,8,1,0.5272356536885906,1,1
2025-08-10,8,0,0.5278168162027684,1,1
2025-08-11,8,1,0.527447970169371,1,1
2025-08-12,8,1,0.5273685938417322,1,1
2025-08-13,8,0,0.5279337251322012,1,1
2025-08-14,8,0,0.528274371745749,1,1
2025-08-15,8,1,0.5278103648557607,1,1
2025-08-16,8,0,0.5273994670317064,1,1
2025-08-17,8,0,0.5272341607905775,1,1
2025-08-18,8,0,0.5272921271850503,1,1
2025-08-19,8,1,0.5281307737581991,1,1
2025-08-20,8,0,0.527775661258582,1,1
2025-08-21,8,1,0.5277764451041731,1,1
2025-08-22,8,0,0.5282511507855437,1,1
2025-08-23,8,0,0.5279167291164455,1,1
2025-08-24,8,0,0.5278472400917702,1,1
2025-08-25,8,1,0.5282057951886909,1,1
2025-08-26,8,0,0.5279267471083726,1,1
2025-08-27,8,1,0.5274985892115526,1,1
2025-08-28,8,0,0.5274183411240665,1,1
2025-08-29,8,1,0.528239322860232,1,1
2025-08-30,8,0,0.5276927159205361,1,1
2025-08-31,8,1,0.5273761775682045,1,1
2025-09-01,8,1,0.5273184613498721,1,1
2025-09-02,8,1,0.5275799316665734,1,1
2025-09-03,8,0,0.5273236416755697,1,1
2025-09-04,8,0,0.5272766235061941,1,1
2025-09-05,8,0,0.5271924519618366,1,1
2025-09-06,8,1,0.5271761665820475,1,1
2025-09-07,8,1,0.5272215652852219,1,1
2025-09-08,8,0,0.5272350214476602,1,1
2025-09-09,8,1,0.5271895165597719,1,1
2025-09-10,8,1,0.527761211757674,1,1
2025-09-11,8,1,0.5276519023212974,1,1
2025-09-12,8,0,0.5273727756051392,1,1
2025-09-13,8,0,0.5272236051801826,1,1
2025-09-14,8,1,0.5271867785371238,1,1
2025-09-15,8,1,0.527166616134683,1,1
2025-09-16,8,0,0.5273057029082814,1,1
2025-09-17,8,1,0.5272064486057896,1,1
2025-09-18,8,0,0.527202410436177,1,1
2025-09-19,8,1,0.5272844057704493,1,1
2025-09-20,8,0,0.5271958181154964,1,1
2025-09-21,8,0,0.527171945566688,1,1
2025-09-22,8,0,0.5276356340960237,1,1
2025-09-23,8,1,0.5273512876749357,1,1
2025-09-24,8,0,0.5273865023570449,1,1
2025-09-25,8,1,0.5282314825081269,1,1
2025-09-26,8,0,0.5277528023028297,1,1
2025-09-27,8,1,0.5273765008301222,1,1
2025-09-28,8,1,0.5278959049624179,1,1
2025-09-29,8,0,0.5279964429739173,1,1
2025-09-30,8,1,0.5275129504798131,1,1
2025-10-01,8,1,0.5282480569231297,1,1
2025-10-02,8,1,0.5279945842634444,1,1
2025-10-03,8,1,0.5277157127403334,1,1
2025-10-04,8,1,0.5273579299142769,1,1
2025-10-05,8,1,0.5272791637374592,1,1
2025-10-06,8,0,0.5272676158842418,1,1
2025-10-07,8,1,0.5279916308784024,1,1
2025-10-08,8,0,0.5278118336726497,1,1
2025-10-09,8,0,0.5276461408924378,1,1
2025-10-10,8,0,0.5284429732628427,1,1
2025-10-11,8,1,0.528228450110784,1,1
2025-10-12,8,1,0.5284031404918001,1,1
2025-10-13,8,0,0.5277724646294024,1,1
2025-10-14,8,0,0.527790570270637,1,1
2025-10-15,8,0,0.5278790479619291,1,1
2025-10-16,8,0,0.5280162323529615,1,1
2025-10-17,8,1,0.5277718292731799,1,1
2025-10-18,8,1,0.5274755281736258,1,1
2025-10-19,8,1,0.527514035081963,1,1
2025-10-20,8,0,0.5277101580758539,1,1
2025-10-21,8,0,0.5277775630343686,1,1
2025-10-22,8,1,0.5274226598048569,1,1
2025-10-23,8,1,0.5279027150801254,1,1
2025-10-24,8,1,0.5275744624926864,1,1
2025-10-25,8,1,0.5273330855855674,1,1
2025-10-26,8,0,0.52796674904855,1,1
2025-10-27,8,0,0.5275013319529128,1,1
2025-10-28,8,0,0.5273709232822392,1,1
2025-10-29,8,0,0.5279818071843648,1,1
2025-10-30,8,1,0.5278085726773374,1,1
2025-10-31,8,1,0.5275848013350561,1,1
2025-11-01,8,1,0.5273284373625624,1,1
2025-11-02,8,0,0.5272379271256554,1,1
2025-11-03,8,0,0.5282208514994859,1,1
2025-11-04,8,1,0.5283106602063389,1,1
2025-11-05,8,0,0.5282162631429781,1,1
2025-11-06,8,1,0.5281760107665646,1,1
2025-11-07,8,0,0.5281303779736825,1,1
2025-11-08,8,1,0.5276874542826419,1,1
2025-11-09,8,1,0.5280789944354408,1,1
2025-11-10,8,0,0.5278106083797891,1,1
2025-11-11,8,0,0.5281273716207864,1,1
2025-11-12,8,0,0.5277333713151665,1,1
2025-11-13,8,0,0.5277180268277927,1,1
2025-11-14,8,1,0.5283165122755916,1,1
2025-11-15,8,0,0.5280139181024537,1,1
2025-11-16,8,0,0.5276569045685223,1,1
2025-11-17,8,1,0.5277445902509413,1,1
2025-11-18,8,0,0.5276053357619538,1,1
2025-11-19,8,0,0.5274712660350427,1,1
2025-11-20,8,0,0.5282933331492311,1,1
2025-11-21,8,0,0.5279046216752461,1,1
2025-11-22,8,1,0.5274460952227275,1,1
2025-11-23,8,1,0.5281586482214577,1,1
2025-11-24,8,0,0.528091654584161,1,1
2025-11-25,8,1,0.5276225916703918,1,1
2025-11-26,8,1,0.5282557444960797,1,1
2025-11-27,8,0,0.5278640935801648,1,1
2025-11-28,8,0,0.527428691515014,1,1
2025-11-29,8,0,0.527253138040977,1,1
2025-11-30,8,0,0.5271854739689171,1,1
2025-12-01,8,1,0.5282444991300065,1,1
2025-12-02,8,1,0.52838330763234,1,1
2025-12-03,8,0,0.5283264226188711,1,1
2025-12-04,8,0,0.5278482866131236,1,1
2025-12-05,8,0,0.5281157707614493,1,1
2025-12-06,8,1,0.5275985451191431,1,1
2025-12-07,8,1,0.5277152608167476,1,1
2025-12-08,8,1,0.5274337089938796,1,1
2025-12-09,8,0,0.5280784879425229,1,1
2025-12-10,8,1,0.5275746551225964,1,1
2025-12-11,8,0,0.5273815840905741,1,1
2025-12-12,8,1,0.5276979279755856,1,1
2025-12-13,8,0,0.5273758861345764,1,1
2025-12-14,8,0,0.5276536038732312,1,1
2025-12-15,8,1,0.527632899362178,1,1
2025-12-16,8,0,0.5278458926423552,1,1
2025-12-17,8,0,0.5277387798368787,1,1
2025-12-18,8,1,0.527384959412135,1,1
2025-12-19,8,1,0.5282140644081369,1,1
2025-12-20,8,1,0.5277185384081504,1,1
2025-12-21,8,0,0.5274152407758966,1,1
2025-12-22,8,0,0.5272421034930432,1,1
2025-12-23,8,1,0.5272330758268002,1,1
2025-12-24,8,0,0.527212998041579,1,1
2025-12-25,8,1,0.5271730896848149,1,1
2025-12-26,8,1,0.5271842948319142,1,1
2025-12-27,8,1,0.5272537735067809,1,1
2025-12-28,8,0,0.5272045785400147,1,1
2025-12-29,8,1,0.5271803586194972,1,1
2025-12-30,8,0,0.5275253733875835,1,1
2025-12-31,8,1,0.5273198053590376,1,1
2026-01-01,8,1,0.5275701327596901,1,1
2026-01-02,8,1,0.5276804404064981,1,1
2026-01-03,8,1,0.527474731725551,1,1
2026-01-04,8,1,0.5273934670217008,1,1
2026-01-05,8,0,0.528116578943152,1,1
2026-01-06,8,0,0.5275859467928414,1,1
2026-01-07,8,0,0.527966897214975,1,1
2026-01-08,8,0,0.5274882961472892,1,1
2026-01-09,8,0,0.5272714753394078,1,1
2026-01-10,8,1,0.5271928633089515,1,1
2026-01-11,8,1,0.5272090178175906,1,1
2026-01-12,8,1,0.5272019492610898,1,1
2026-01-13,8,1,0.5282514906913119,1,1
2026-01-14,8,0,0.5280079382907114,1,1
2026-01-15,8,0,0.5277655551277188,1,1
2026-01-16,8,0,0.5273798465815845,1,1
2026-01-17,8,0,0.5272432991344244,1,1
2026-01-18,8,0,0.5274058057086052,1,1
2026-01-19,8,0,0.527364349167741,1,1
2026-01-20,8,1,0.5282757728971206,1,1
2026-01-21,8,1,0.5278727804666994,1,1
2026-01-22,8,1,0.5274320086387082,1,1
2026-01-23,8,0,0.5272432590099405,1,1
2026-01-24,8,0,0.5271943053017855,1,1
2026-01-25,8,1,0.5280273820521708,1,1
2026-01-26,8,1,0.5280170576139218,1,1
2026-01-27,8,1,0.5276638320804418,1,1
2026-01-28,8,0,0.5273380355408029,1,1
2026-01-29,8,0,0.5282934464177951,1,1
2026-01-30,8,0,0.5277213964641009,1,1
2026-01-31,8,0,0.5284585834078472,1,1
2026-02-01,8,1,0.5281820038085253,1,1
2026-02-02,8,0,0.5282612940816576,1,1
2026-02-03,8,0,0.5283714499996142,1,1
2026-02-04,8,0,0.5283666657208176,1,1
2026-02-05,8,1,0.5295954984928538,1,1
2026-02-06,8,0,0.529606449260841,1,1
2026-02-07,8,1,0.5294152089935432,1,1
2026-02-08,8,0,0.5291377696386563,1,1
2026-02-09,8,0,0.5283960655330355,1,1
2026-02-10,8,0,0.5280179363859479,1,1
2026-02-11,8,0,0.5281661345003758,1,1
2026-02-12,8,1,0.527617794832442,1,1
2026-02-13,8,1,0.5283820630449612,1,1
2026-02-14,8,0,0.5280915723551045,1,1
2026-02-15,8,1,0.5276858701004993,1,1
2026-02-16,8,0,0.5273629729398064,1,1
2026-02-17,8,0,0.5274862230941575,1,1
2026-02-18,8,1,0.5273951416850734,1,1
2026-02-19,8,1,0.5274015650004532,1,1
2026-02-20,8,0,0.5277259804238097,1,1
2026-02-21,8,0,0.5273867483199396,1,1
2026-02-22,8,0,0.5272286954864109,1,1
2026-02-23,8,0,0.5282484281067491,1,1
2026-02-24,8,1,0.5276925158912676,1,1
2026-02-25,8,0,0.5283664793182064,1,1
2026-02-26,8,0,0.5277572639955274,1,1
2026-02-27,8,1,0.5278302883719415,1,1
2026-02-28,8,0,0.5279830044509078,1,1
2026-03-01,8,1,0.5277524438791937,1,1
2026-03-02,8,0,0.528301424737944,1,1
2026-03-03,8,1,0.5277185211616824,1,1
2026-03-04,8,0,0.5284393953612366,1,1
2026-03-05,8,0,0.5282769674618829,1,1
2026-03-06,8,0,0.528398767394191,1,1
2026-03-07,8,0,0.5278341348633264,1,1
2026-03-08,8,1,0.5276542019736108,1,1
2026-03-09,8,1,0.5283014318795313,1,1
2026-03-10,8,1,0.5282459193289062,1,1
2026-03-11,8,1,0.5277575556893526,1,1
2026-03-12,8,1,0.5274572680413024,1,1
2026-03-13,8,1,0.5273761622635705,1,1
2026-03-14,8,1,0.5272775939958432,1,1
2026-03-15,8,1,0.5279977186888672,1,1
2026-03-16,8,0,0.528227287061868,1,1
2026-03-17,8,0,0.5277571841521509,1,1
2026-03-18,8,0,0.528220474460179,1,1
2026-03-19,8,1,0.5278934853228995,1,1
2026-03-20,8,0,0.527685236204582,1,1
2026-03-21,8,0,0.52789373620373,1,1
2026-03-22,8,1,0.5275342806334962,1,1
2026-03-23,8,0,0.528278203033932,1,1
2026-03-24,8,1,0.5277006266377184,1,1
2026-03-25,8,0,0.5276393913578487,1,1
2026-03-26,8,0,0.5282070223389121,1,1
2026-03-27,8,0,0.5282628328177907,1,1
2026-03-28,8,0,0.527710074612054,1,1
2026-03-29,8,1,0.5273526769246053,1,1
2026-03-30,8,1,0.5274976272062525,1,1
2026-03-31,8,0,0.5280661621035149,1,1
2026-04-01,8,0,0.5275531197167754,1,1
2026-04-02,8,1,0.5275524580342323,1,1
2026-04-03,8,1,0.5272979961850763,1,1
2026-04-04,8,1,0.527254789101716,1,1
2026-04-05,8,0,0.5279956329222136,1,1
2026-04-06,8,1,0.5275079108734995,1,1
2026-04-07,8,0,0.5282531023589305,1,1
2026-04-08,8,1,0.5278435002492088,1,1
2026-04-09,8,1,0.5275197391730757,1,1
2026-04-10,8,1,0.5276150716301894,1,1
2026-04-11,8,0,0.5273146608204277,1,1
2026-04-12,8,1,0.5281699997582621,1,1
2026-04-13,8,0,0.5283037407139457,1,1
2026-04-14,8,1,0.5277532117584438,1,1
2026-04-15,8,1,0.5274377751298122,1,1
2026-04-16,8,1,0.527258209276224,1,1
2026-04-17,8,0,0.5279041547962676,1,1
2026-04-18,8,0,0.5279268191135194,1,1
2026-04-19,8,1,0.5281442095378063,1,1
2026-04-20,8,1,0.52817628652555,1,1
2026-04-21,8,1,0.5276522283522614,1,1
2026-04-22,8,1,0.5279463248442757,1,1
2026-04-23,8,0,0.5274773338988011,1,1
2026-04-24,8,1,0.5274257923960843,1,1
2026-04-25,8,1,0.5272419030641405,1,1
2026-04-26,8,0,0.5272770723352853,1,1
2026-04-27,8,0,0.5275558117399218,1,1
2026-04-28,8,0,0.5275541338665348,1,1
2026-04-29,8,1,0.5273873548237936,1,1
2026-04-30,8,1,0.5272533285265166,1,1
2026-05-01,8,1,0.5277570492183963,1,1
2026-05-02,8,0,0.5274007747988361,1,1
2026-05-03,8,1,0.527243296287053,1,1
2026-05-04,8,1,0.5274178155031748,1,1
2026-05-05,8,1,0.5273924898250144,1,1
2026-05-06,8,0,0.5272429515915711,1,1
2026-05-07,8,1,0.5276213523682516,1,1
2026-05-08,8,1,0.5273173028120058,1,1
2026-05-09,8,1,0.527216841820669,1,1
2026-05-10,8,0,0.5274348647359114,1,1
2026-05-11,8,0,0.5272926040503871,1,1
2026-05-12,8,0,0.5275108395362161,1,1
2026-05-13,8,1,0.5275928767286115,1,1
2026-05-14,8,0,0.5278474511391724,1,1
2026-05-15,8,0,0.5281141892429041,1,1
2026-05-16,8,0,0.5277755312139364,1,1
2026-05-17,8,0,0.5274929719577467,1,1
2026-05-18,8,0,0.5273138589609592,1,1
2026-05-19,8,1,0.5272149735356596,1,1
2026-05-20,8,1,0.527226679088797,1,1
2026-05-21,8,0,0.5271772806637771,1,1
2026-05-22,8,1,0.5280149457959634,1,1
2026-05-23,8,1,0.5278118985571929,1,1
2026-05-24,8,1,0.5274157981726993,1,1
2026-05-25,8,0,0.52724679669513,1,1
2026-05-26,8,0,0.5276295926336724,1,1
2026-05-27,8,0,0.5278717339919253,1,1
2026-05-28,8,0,0.5276271092288565,1,1
2026-05-29,8,1,0.527331607293332,1,1
2026-05-30,8,0,0.5272238469758533,1,1
2026-05-31,8,0,0.5271831602240301,1,1
2026-06-01,8,0,0.5281318048045506,1,1
2026-06-02,8,0,0.5284224240192942,1,1
2026-06-03,8,0,0.5284726761105115,1,1
2026-06-04,8,0,0.5278118401058906,1,1
2026-06-05,8,0,0.5284204241078011,1,1
2026-06-06,8,1,0.5277774222520901,1,1
2026-06-07,8,0,0.5283448677577695,1,1
2026-06-08,8,0,0.5277313369324627,1,1
2026-06-09,8,0,0.5278878761829726,1,1
2026-06-10,8,1,0.5274369218671314,1,1
2026-06-11,8,0,0.5282446026886757,1,1
2026-06-12,8,1,0.5276809079277439,1,1
2026-06-13,8,1,0.5277017540261082,1,1
2026-06-14,8,1,0.5279713466898702,1,1
2026-06-15,8,0,0.5276620793677592,1,1
2026-06-16,8,0,0.5274022774069234,1,1
2026-06-17,8,0,0.5274681930978163,1,1
2026-06-18,8,1,0.5277573210799734,1,1
2026-06-19,8,1,0.5276026998734646,1,1
2026-06-20,8,0,0.5275579019575365,1,1
2026-06-21,8,1,0.5274584548853597,1,1
2026-06-22,8,0,0.5275172514958008,1,1
2026-06-23,8,0,0.5275828788894641,1,1
2026-06-24,8,0,0.5279184404821303,1,1
2026-06-25,8,1,0.5278039407853983,1,1
2026-06-26,8,0,0.5275237522157525,1,1
2026-06-27,8,0,0.5272890774883492,1,1
2026-06-28,8,1,0.5272000730338543,1,1
2026-06-29,8,0,0.5273649471180158,1,1
2026-06-30,8,1,0.5277758407334318,1,1
2026-07-01,8,1,0.52818098911176,1,1
2026-07-02,8,1,0.5282196075349022,1,1
2026-07-03,8,1,0.5281129080432906,1,1
2026-07-04,8,1,0.5278049055230858,1,1
2026-07-05,8,1,0.5275785852518443,1,1
