date,fold,actual,proba_up,pred,always_up_pred
2016-01-24,1,0,0.7060152773873227,1,1
2016-01-25,1,1,0.8471598005245273,1,1
2016-01-26,1,1,0.8268407208322743,1,1
2016-01-27,1,0,0.710024939298185,1,1
2016-01-28,1,0,0.8677191533081998,1,1
2016-01-29,1,0,0.8243815021478316,1,1
2016-01-30,1,0,0.6672810280478045,1,1
2016-01-31,1,1,0.7598336589522765,1,1
2016-02-01,1,1,0.6908212834546927,1,1
2016-02-02,1,0,0.5054738132300581,1,1
2016-02-03,1,1,0.3760045315535323,0,1
2016-02-04,1,0,0.7575846382158016,1,1
2016-02-05,1,0,0.8307350929565539,1,1
2016-02-06,1,1,0.871843777796659,1,1
2016-02-07,1,0,0.7728794392675359,1,1
2016-02-08,1,1,0.6174469230066577,1,1
2016-02-09,1,1,0.4523751733993935,0,1
2016-02-10,1,0,0.41893286805487495,0,1
2016-02-11,1,1,0.25286498222504,0,1
2016-02-12,1,1,0.20086626559299042,0,1
2016-02-13,1,1,0.2775735270840866,0,1
2016-02-14,1,0,0.7783855960876485,1,1
2016-02-15,1,1,0.8296973094150566,1,1
2016-02-16,1,1,0.8466014016896185,1,1
2016-02-17,1,1,0.8767624248124657,1,1
2016-02-18,1,0,0.8373571987110177,1,1
2016-02-19,1,1,0.6794287453212098,1,1
2016-02-20,1,1,0.9036554652641634,1,1
2016-02-21,1,0,0.8596383278092982,1,1
2016-02-22,1,0,0.713891312592326,1,1
2016-02-23,1,1,0.8663333207598031,1,1
2016-02-24,1,0,0.865590565575991,1,1
2016-02-25,1,1,0.7308206446318503,1,1
2016-02-26,1,1,0.7373141172824101,1,1
2016-02-27,1,1,0.5478341286024482,1,1
2016-02-28,1,1,0.35086268631729617,0,1
2016-02-29,1,0,0.24868794751829032,0,1
2016-03-01,1,0,0.1399919935006906,0,1
2016-03-02,1,0,0.26928265239990257,0,1
2016-03-03,1,0,0.17498027501829622,0,1
2016-03-04,1,0,0.3156122522206005,0,1
2016-03-05,1,1,0.500053783816257,1,1
2016-03-06,1,1,0.5659980821666051,1,1
2016-03-07,1,0,0.5660510756749051,1,1
2016-03-08,1,1,0.3668718982351343,0,1
2016-03-09,1,1,0.2104144289472268,0,1
2016-03-10,1,1,0.12318625596077612,0,1
2016-03-11,1,0,0.09512699914698275,0,1
2016-03-12,1,1,0.1768603559825511,0,1
2016-03-13,1,1,0.12376800915622206,0,1
2016-03-14,1,1,0.07638385863256499,0,1
2016-03-15,1,1,0.04453040631128049,0,1
2016-03-16,1,1,0.02934202232739339,0,1
2016-03-17,1,0,0.02891126536930905,0,1
2016-03-18,1,1,0.10604179903884993,0,1
2016-03-19,1,1,0.08382959848701348,0,1
2016-03-20,1,0,0.06069659886492812,0,1
2016-03-21,1,1,0.037186844966318154,0,1
2016-03-22,1,0,0.03961672779637762,0,1
2016-03-23,1,0,0.028531678427656686,0,1
2016-03-24,1,1,0.022568222329196672,0,1
2016-03-25,1,1,0.020063657164299302,0,1
2016-03-26,1,1,0.01884321881921523,0,1
2016-03-27,1,0,0.06359483159595017,0,1
2016-03-28,1,0,0.049694628104200035,0,1
2016-03-29,1,0,0.0671557494439638,0,1
2016-03-30,1,1,0.04576262489948098,0,1
2016-03-31,1,1,0.03298232271380044,0,1
2016-04-01,1,1,0.02535706340300898,0,1
2016-04-02,1,1,0.024743271848778788,0,1
2016-04-03,1,1,0.020949412373757928,0,1
2016-04-04,1,1,0.019068344732797383,0,1
2016-04-05,1,0,0.020679903504899066,0,1
2016-04-06,1,0,0.01897324224422775,0,1
2016-04-07,1,0,0.017911524937522513,0,1
2016-04-08,1,0,0.018364012345196752,0,1
2016-04-09,1,1,0.01792828373413711,0,1
2016-04-10,1,1,0.019437256373735494,0,1
2016-04-11,1,1,0.018890362926133566,0,1
2016-04-12,1,0,0.020865260750639027,0,1
2016-04-13,1,1,0.01933644853735351,0,1
2016-04-14,1,1,0.018451169670010377,0,1
2016-04-15,1,1,0.029575163440119057,0,1
2016-04-16,1,0,0.025108587439454037,0,1
2016-04-17,1,1,0.022877449128410256,0,1
2016-04-18,1,1,0.020937343565050556,0,1
2016-04-19,1,1,0.04118195716898491,0,1
2016-04-20,1,1,0.054629930840880234,0,1
2016-04-21,1,0,0.09329700900099397,0,1
2016-04-22,1,1,0.06523869551035072,0,1
2016-04-23,1,1,0.05532476365247063,0,1
2016-04-24,1,1,0.09188585172290176,0,1
2016-04-25,1,1,0.0655069695145006,0,1
2016-04-26,1,0,0.054742942872059074,0,1
2016-04-27,1,1,0.35525369265654566,0,1
2016-04-28,1,1,0.6743373816730837,1,1
2016-04-29,1,0,0.6757938358265431,1,1
2016-04-30,1,1,0.5972687379967045,1,1
2016-05-01,1,0,0.44984667258641803,0,1
2016-05-02,1,1,0.3881146328283622,0,1
2016-05-03,1,0,0.32593332372482337,0,1
2016-05-04,1,1,0.19991616842315407,0,1
2016-05-05,1,1,0.11028865230040216,0,1
2016-05-06,1,0,0.2981309490486989,0,1
2016-05-07,1,1,0.1880000964516419,0,1
2016-05-08,1,1,0.10093406682829756,0,1
2016-05-09,1,0,0.05948478553507133,0,1
2016-05-10,1,1,0.09324946011602656,0,1
2016-05-11,1,1,0.06454389168753194,0,1
2016-05-12,1,1,0.042336592281870575,0,1
2016-05-13,1,1,0.029142296937045335,0,1
2016-05-14,1,1,0.022438605594232993,0,1
2016-05-15,1,0,0.02091235224748876,0,1
2016-05-16,1,0,0.020902369783715923,0,1
2016-05-17,1,1,0.019225868810068703,0,1
2016-05-18,1,0,0.01846630100823634,0,1
2016-05-19,1,1,0.19264504397420665,0,1
2016-05-20,1,1,0.27588983033012765,0,1
2016-05-21,1,0,0.16481245814790957,0,1
2016-05-22,1,1,0.10043717120371695,0,1
2016-05-23,1,1,0.08095913571753738,0,1
2016-05-24,1,1,0.050716412442261605,0,1
2016-05-25,1,1,0.04026814784347288,0,1
2016-05-26,1,1,0.03552656251079779,0,1
2016-05-27,1,1,0.41733685360254047,0,1
2016-05-28,1,0,0.002866180665729858,0,1
2016-05-29,1,1,0.5443242937025748,1,1
2016-05-30,1,0,0.6200893343433278,1,1
2016-05-31,1,1,0.4425859215510374,0,1
2016-06-01,1,1,0.33531528587771114,0,1
2016-06-02,1,1,0.19007506229423704,0,1
2016-06-03,1,1,0.5672979986530772,1,1
2016-06-04,1,1,0.7774197832164278,1,1
2016-06-05,1,1,0.6719167181228055,1,1
2016-06-06,1,0,0.6979537886920659,1,1
2016-06-07,1,1,0.6205612817464735,1,1
2016-06-08,1,0,0.4827848985301694,0,1
2016-06-09,1,1,0.35786336883043735,0,1
2016-06-10,1,1,0.21856299795326145,0,1
2016-06-11,1,1,0.6913502686766725,1,1
2016-06-12,1,1,0.019640335846673768,0,1
2016-06-13,1,0,0.49927207437578836,0,1
2016-06-14,1,1,0.7790987333375032,1,1
2016-06-15,1,1,0.8443457627952454,1,1
2016-06-16,1,0,0.0728646754980835,0,1
2016-06-17,1,1,0.6193395060843746,1,1
2016-06-18,1,1,0.7252527430738118,1,1
2016-06-19,1,0,0.63873034656797,1,1
2016-06-20,1,0,0.8454820161366675,1,1
2016-06-21,1,0,0.05395695783581995,0,1
2016-06-22,1,1,0.0024986996578558254,0,1
2016-06-23,1,1,0.4938934749236643,0,1
2016-06-24,1,0,0.43681849070655654,0,1
2016-06-25,1,0,0.7144807918590601,1,1
2016-06-26,1,1,0.6978590129516035,1,1
2016-06-27,1,0,0.8386945159630791,1,1
2016-06-28,1,0,0.8687191192530729,1,1
2016-06-29,1,1,0.7911382581133873,1,1
2016-06-30,1,1,0.8619755665419275,1,1
2016-07-01,1,1,0.8658218017212425,1,1
2016-07-02,1,0,0.918935388093487,1,1
2016-07-03,1,1,0.6023875676930162,1,1
2016-07-04,1,0,0.8229991150581271,1,1
2016-07-05,1,1,0.8801621131939157,1,1
2016-07-06,1,0,0.8362396527858826,1,1
2016-07-07,1,1,0.7673542117783094,1,1
2016-07-08,1,0,0.865970834563481,1,1
2016-07-09,1,0,0.8993421341763973,1,1
2016-07-10,1,0,0.8297202070035248,1,1
2016-07-11,1,1,0.6682058848927508,1,1
2016-07-12,1,0,0.8272518173375708,1,1
2016-07-13,1,1,0.7679067441014821,1,1
2016-07-14,1,1,0.6159428574132021,1,1
2016-07-15,1,0,0.46021339017130847,0,1
2016-07-16,1,1,0.27563611298452545,0,1
2016-07-17,1,0,0.6000785677974239,1,1
2016-07-18,1,0,0.47515077537377887,0,1
2016-07-19,1,0,0.28944348718019974,0,1
2016-07-20,1,0,0.19017031876852905,0,1
2016-07-21,1,0,0.10141398740612743,0,1
2016-07-22,1,1,0.1490853629524914,0,1
2016-07-23,1,1,0.10773383110161856,0,1
2016-07-24,1,0,0.07664244447233991,0,1
2016-07-25,1,0,0.056553330596235914,0,1
2016-07-26,1,1,0.036363535805362814,0,1
2016-07-27,1,1,0.027528483229692986,0,1
2016-07-28,1,1,0.02204600833861174,0,1
2016-07-29,1,0,0.02014104816054129,0,1
2016-07-30,1,0,0.018607897221793582,0,1
2016-07-31,1,0,0.22471995703480552,0,1
2016-08-01,1,0,0.6560575023833153,1,1
2016-08-02,1,1,0.02579549253707757,0,1
2016-08-03,1,1,0.6246615583453725,1,1
2016-08-04,1,0,0.8525772777925992,1,1
2016-08-05,1,1,0.7956827763533313,1,1
2016-08-06,1,1,0.8502923941006555,1,1
2016-08-07,1,0,0.7502644869105157,1,1
2016-08-08,1,0,0.5569782656390571,1,1
2016-08-09,1,1,0.3624115148285268,0,1
2016-08-10,1,0,0.23574144659115867,0,1
2016-08-11,1,0,0.1296509640125187,0,1
2016-08-12,1,0,0.06963098091269082,0,1
2016-08-13,1,0,0.04100968030858815,0,1
2016-08-14,1,0,0.11903650198450567,0,1
2016-08-15,1,1,0.08966393283876836,0,1
2016-08-16,1,0,0.1267638202698436,0,1
2016-08-17,1,1,0.08061356826000189,0,1
2016-08-18,1,1,0.0477224743921074,0,1
2016-08-19,1,1,0.03162109670601277,0,1
2016-08-20,1,0,0.03363571112904507,0,1
2016-08-21,1,1,0.025504575679183544,0,1
2016-08-22,1,0,0.02789983077674158,0,1
2016-08-23,1,0,0.02389893284323823,0,1
2016-08-24,1,0,0.021385645447563943,0,1
2016-08-25,1,1,0.01965164575797888,0,1
2016-08-26,1,0,0.019327475840404312,0,1
2016-08-27,1,1,0.033925449358992325,0,1
2016-08-28,1,1,0.03371756915278707,0,1
2016-08-29,1,1,0.025263840850456225,0,1
2016-08-30,1,0,0.023618929041474793,0,1
2016-08-31,1,0,0.020508889502502025,0,1
2016-09-01,1,1,0.019585437410335783,0,1
2016-09-02,1,1,0.020842588026468604,0,1
2016-09-03,1,1,0.3420961532632055,0,1
2016-09-04,1,0,0.6314169326949771,1,1
2016-09-05,1,1,0.4968084072782569,0,1
2016-09-06,1,1,0.3395627712283408,0,1
2016-09-07,1,1,0.2150310449529099,0,1
2016-09-08,1,0,0.2772704153187564,0,1
2016-09-09,1,1,0.16306738096064025,0,1
2016-09-10,1,0,0.08773916140285952,0,1
2016-09-11,1,1,0.21688094756149653,0,1
2016-09-12,1,1,0.14787865678495202,0,1
2016-09-13,1,1,0.08173805042896942,0,1
2016-09-14,1,0,0.04774906934416622,0,1
2016-09-15,1,0,0.032302280166371655,0,1
2016-09-16,1,0,0.024035946567449146,0,1
2016-09-17,1,1,0.020093876479614182,0,1
2016-09-18,1,0,0.021430440754690295,0,1
2016-09-19,1,0,0.019333757252959723,0,1
2016-09-20,1,0,0.01806021398751497,0,1
2016-09-21,1,0,0.037394387865805775,0,1
2016-09-22,1,1,0.031183175656871207,0,1
2016-09-23,1,0,0.034739029178338446,0,1
2016-09-24,1,0,0.02617844486649779,0,1
2016-09-25,1,1,0.021267619076902066,0,1
2016-09-26,1,0,0.029963499050768047,0,1
2016-09-27,1,0,0.02454607184760819,0,1
2016-09-28,1,1,0.02055343704556777,0,1
2016-09-29,1,1,0.019000813032978497,0,1
2016-09-30,1,1,0.02110874508638319,0,1
2016-10-01,1,0,0.022941969752760007,0,1
2016-10-02,1,1,0.020887431525227648,0,1
2016-10-03,1,0,0.019484952451454544,0,1
2016-10-04,1,1,0.018326253700740102,0,1
2016-10-05,1,1,0.018875988185371298,0,1
2016-10-06,1,1,0.018166284134304548,0,1
2016-10-07,1,1,0.020682845013761622,0,1
2016-10-08,1,0,0.02006091519120475,0,1
2016-10-09,1,1,0.0187974390756325,0,1
2016-10-10,1,1,0.01906854353616797,0,1
2016-10-11,1,0,0.2829388231556664,0,1
2016-10-12,1,1,0.32635063812284354,0,1
2016-10-13,1,1,0.1974830663002293,0,1
2016-10-14,1,0,0.11730928912460133,0,1
2016-10-15,1,1,0.0636801337460492,0,1
2016-10-16,1,0,0.041368552273064095,0,1
2016-10-17,1,0,0.0283950758728524,0,1
2016-10-18,1,0,0.022133017165142304,0,1
2016-10-19,1,1,0.025662655447255628,0,1
2016-10-20,1,1,0.022402594867276998,0,1
2016-10-21,1,1,0.020450507893540488,0,1
2016-10-22,1,0,0.3316250142367862,0,1
2016-10-23,1,0,0.42507723473504505,0,1
2016-10-24,1,1,0.27836643767975466,0,1
2016-10-25,1,1,0.16948582289619424,0,1
2016-10-26,1,1,0.562667462342916,1,1
2016-10-27,1,1,0.5899655339374137,1,1
2016-10-28,1,1,0.40303274603770806,0,1
2016-10-29,1,0,0.8286823112599616,1,1
2016-10-30,1,0,0.8363723523790306,1,1
2016-10-31,1,1,0.7017715144445127,1,1
2016-11-01,1,1,0.9028200639811172,1,1
2016-11-02,1,0,0.9061265561723476,1,1
2016-11-03,1,1,0.49791700874020245,0,1
2016-11-04,1,1,0.8200854659105256,1,1
2016-11-05,1,1,0.7781745358391736,1,1
2016-11-06,1,0,0.6955260695326981,1,1
2016-11-07,1,1,0.5626755005358433,1,1
2016-11-08,1,1,0.43284096449262455,0,1
2016-11-09,1,0,0.4920320527635303,0,1
2016-11-10,1,1,0.3569012361045407,0,1
2016-11-11,1,0,0.20371089314953308,0,1
2016-11-12,1,0,0.17491781806779388,0,1
2016-11-13,1,1,0.09811254076061736,0,1
2016-11-14,1,1,0.05847991051219566,0,1
2016-11-15,1,1,0.047456733941476134,0,1
2016-11-16,1,0,0.4526569680444595,0,1
2016-11-17,1,1,0.6740590848940683,1,1
2016-11-18,1,1,0.6729714590635387,1,1
2016-11-19,1,0,0.47858825761107193,0,1
2016-11-20,1,1,0.6728361441714467,1,1
2016-11-21,1,1,0.6033567410898593,1,1
2016-11-22,1,0,0.595941754900815,1,1
2016-11-23,1,0,0.430857182163899,0,1
2016-11-24,1,1,0.26221225646123575,0,1
2016-11-25,1,0,0.14346249311621842,0,1
2016-11-26,1,0,0.08631432678721945,0,1
2016-11-27,1,1,0.050336726717098386,0,1
2016-11-28,1,0,0.035497906025461094,0,1
2016-11-29,1,1,0.025420695744524227,0,1
2016-11-30,1,1,0.036983734648975086,0,1
2016-12-01,1,1,0.05456473023881246,0,1
2016-12-02,1,0,0.24881867160895552,0,1
2016-12-03,1,1,0.19414848199948576,0,1
2016-12-04,1,0,0.11237613272906813,0,1
2016-12-05,1,1,0.13677315180844923,0,1
2016-12-06,1,1,0.0954290424959864,0,1
2016-12-07,1,1,0.05935114717967272,0,1
2016-12-08,1,1,0.03822657581059059,0,1
2016-12-09,1,1,0.027449903453451205,0,1
2016-12-10,1,0,0.022387648751641377,0,1
2016-12-11,1,1,0.02080583916507772,0,1
2016-12-12,1,1,0.033384560614166586,0,1
2016-12-13,1,1,0.02665888968724885,0,1
2016-12-14,1,0,0.02169670888215505,0,1
2016-12-15,1,1,0.019571368832296827,0,1
2016-12-16,1,1,0.023772454792544976,0,1
2016-12-17,1,0,0.02539285909642406,0,1
2016-12-18,1,1,0.021328123985954385,0,1
2016-12-19,1,1,0.019739987889790075,0,1
2016-12-20,1,1,0.025899807841536313,0,1
2016-12-21,1,1,0.3825713435725867,0,1
2016-12-22,1,1,0.7625681525253494,1,1
2016-12-23,1,0,0.5993111723220039,1,1
2016-12-24,1,0,0.816366177126631,1,1
2016-12-25,1,1,0.7972489147827755,1,1
2016-12-26,1,1,0.736440054543952,1,1
2016-12-27,1,1,0.8796455573838968,1,1
2016-12-28,1,0,0.9005497245998815,1,1
2016-12-29,1,0,0.8697266819108771,1,1
2016-12-30,1,1,0.7853361361951067,1,1
2016-12-31,1,1,0.6152172841895481,1,1
2017-01-01,1,1,0.8901836997314585,1,1
2017-01-02,1,1,0.9202750692249151,1,1
2017-01-03,1,1,0.9214730337145179,1,1
2017-01-04,1,0,0.06122765823026191,0,1
2017-01-05,1,0,0.0002558157854361189,0,1
2017-01-06,1,1,0.001356966276100014,0,1
2017-01-07,1,1,0.5643480975275709,1,1
2017-01-08,1,0,0.5021988141480537,1,1
2017-01-09,1,1,0.3532820088679913,0,1
2017-01-10,1,0,0.21750286502619254,0,1
2017-01-11,1,1,2.3498309422252432e-05,0,1
2017-01-12,1,1,0.6110650140673144,1,1
2017-01-13,1,0,0.854765577688738,1,1
2017-01-14,1,1,0.8164674415006524,1,1
2017-01-15,1,1,0.6735147190854335,1,1
2017-01-16,1,1,0.5757698450318229,1,1
2017-01-17,1,0,0.17717126231041955,0,1
2017-01-18,1,1,0.6625167161835873,1,1
2017-01-19,1,0,0.7886782316545933,1,1
2017-01-20,1,1,0.6552775803352201,1,1
2017-01-21,1,1,0.866092843861587,1,1
2017-01-22,1,0,0.7637349374250617,1,1
2017-01-23,1,0,0.5785908288185665,1,1
2017-01-24,1,1,0.792482370001175,1,1
2017-01-25,1,1,0.7354895012394626,1,1
2017-01-26,1,1,0.7436820600888479,1,1
2017-01-27,1,1,0.5620788906420702,1,1
2017-01-28,1,0,0.36249954060024014,0,1
2017-01-29,1,1,0.20248674758246024,0,1
2017-01-30,1,1,0.10772116683565047,0,1
2017-01-31,1,1,0.5037456970433374,1,1
2017-02-01,1,1,0.8153846713501036,1,1
2017-02-02,1,1,0.893651293866659,1,1
2017-02-03,1,1,0.8900754814503478,1,1
2017-02-04,1,0,0.8342590659605588,1,1
2017-02-05,1,1,0.7579056877880632,1,1
2017-02-06,1,1,0.6542716323566544,1,1
2017-02-07,1,1,0.7582288651788675,1,1
2017-02-08,1,0,0.5841321702789775,1,1
2017-02-09,1,0,0.5327008008531939,1,1
2017-02-10,1,1,0.7515262060854048,1,1
2017-02-11,1,0,0.772406892653525,1,1
2017-02-12,1,0,0.607877284894532,1,1
2017-02-13,1,1,0.43404430039337516,0,1
2017-02-14,1,1,0.38551215858932825,0,1
2017-02-15,1,1,0.22890548989441686,0,1
2017-02-16,1,1,0.3061777346634458,0,1
2017-02-17,1,1,0.3642240378025631,0,1
2017-02-18,1,0,0.2508632812723838,0,1
2017-02-19,1,1,0.1426022010741241,0,1
2017-02-20,1,1,0.4953631610785861,0,1
2017-02-21,1,1,0.8284494279063052,1,1
2017-02-22,1,1,0.765686727402289,1,1
2017-02-23,1,1,0.8993671795669244,1,1
2017-02-24,1,0,0.8780757451593797,1,1
2017-02-25,1,1,0.887969103142901,1,1
2017-02-26,1,1,0.8896435966413339,1,1
2017-02-27,1,0,0.8347788459143963,1,1
2017-02-28,1,1,0.671827922766759,1,1
2017-03-01,1,1,0.9015832697711335,1,1
2017-03-02,1,1,0.9241289833251244,1,1
2017-03-03,1,0,0.9141577405086001,1,1
2017-03-04,1,1,0.8593012862402303,1,1
2017-03-05,1,1,0.7694822184487292,1,1
2017-03-06,1,0,0.6003957619174065,1,1
2017-03-07,1,0,0.8418567635239597,1,1
2017-03-08,1,1,0.6193569037834442,1,1
2017-03-09,1,0,0.8474885645084775,1,1
2017-03-10,1,1,0.606446823060461,1,1
2017-03-11,1,1,0.6998071094855665,1,1
2017-03-12,1,1,0.8517055256791939,1,1
2017-03-13,1,1,0.8733385905468268,1,1
2017-03-14,1,1,0.7750712927423696,1,1
2017-03-15,1,0,0.6360853253767124,1,1
2017-03-16,1,0,0.7838731334922836,1,1
2017-03-17,1,0,0.2900172045152638,0,1
2017-03-18,1,1,0.0011537058888537533,0,1
2017-03-19,1,1,0.25175339937534263,0,1
2017-03-20,1,1,0.723898965241744,1,1
2017-03-21,1,0,0.6678362379913888,1,1
2017-03-22,1,0,0.410547797062455,0,1
2017-03-23,1,0,0.7187235968534582,1,1
2017-03-24,1,1,0.03641327289057275,0,1
2017-03-25,1,0,0.6054279734475131,1,1
2017-03-26,1,1,0.77131583989088,1,1
2017-03-27,1,1,0.3755244666446272,0,1
2017-03-28,1,0,0.6941018728403585,1,1
2017-03-29,1,0,0.5946349489383851,1,1
2017-03-30,1,1,0.4830337452649578,0,1
2017-03-31,1,1,0.8533572746434731,1,1
2017-04-01,1,1,0.8651451255009605,1,1
2017-04-02,1,1,0.8773446853921318,1,1
2017-04-03,1,0,0.9269529306525812,1,1
2017-04-04,1,0,0.881787970348807,1,1
2017-04-05,1,1,0.7670001410487327,1,1
2017-04-06,1,0,0.8663443766576508,1,1
2017-04-07,1,0,0.8611411337296127,1,1
2017-04-08,1,1,0.7281097814878044,1,1
2017-04-09,1,0,0.609549400903764,1,1
2017-04-10,1,1,0.4013806491013047,0,1
2017-04-11,1,0,0.3734984640234837,0,1
2017-04-12,1,0,0.21634063122438635,0,1
2017-04-13,1,0,0.3770997110085141,0,1
2017-04-14,1,1,0.239730599519627,0,1
2017-04-15,1,1,0.13815737962271984,0,1
2017-04-16,1,1,0.0944541180110465,0,1
2017-04-17,1,1,0.06979513766908046,0,1
2017-04-18,1,0,0.07968395099899665,0,1
2017-04-19,1,1,0.04827401308806509,0,1
2017-04-20,1,0,0.06339056575831326,0,1
2017-04-21,1,1,0.04321261158118959,0,1
2017-04-22,1,0,0.03609323814012608,0,1
2017-04-23,1,1,0.06298154708856869,0,1
2017-04-24,1,1,0.4713194521148711,0,1
2017-04-25,1,1,0.5586837898685089,1,1
2017-04-26,1,1,0.4956420809460934,0,1
2017-04-27,1,0,0.7788077538029794,1,1
2017-04-28,1,1,0.632654728505434,1,1
2017-04-29,1,1,0.4439627998220581,0,1
2017-04-30,1,1,0.5224383316927351,1,1
2017-05-01,1,1,0.7862292676415024,1,1
2017-05-02,1,1,0.8998354898868179,1,1
2017-05-03,1,1,0.9277155810966772,1,1
2017-05-04,1,1,0.9375897470301762,1,1
2017-05-05,1,1,0.9017165458889382,1,1
2017-05-06,1,1,0.8621439393326799,1,1
2017-05-07,1,1,0.7837015396203248,1,1
2017-05-08,1,1,0.48138852956255423,0,1
2017-05-09,1,1,0.8074131485049938,1,1
2017-05-10,1,1,0.8612634440242957,1,1
2017-05-11,1,0,0.9263135879341533,1,1
2017-05-12,1,1,0.5505254108869689,1,1
2017-05-13,1,1,0.7392453205508148,1,1
2017-05-14,1,0,0.8226174093393457,1,1
2017-05-15,2,0,0.38395915962880944,0,1
2017-05-16,2,1,0.7932517302445594,1,1
2017-05-17,2,1,0.4703415286645829,0,1
2017-05-18,2,1,0.7690959485061,1,1
2017-05-19,2,1,0.6219170540079999,1,1
2017-05-20,2,0,0.5980176376634231,1,1
2017-05-21,2,1,0.7601544001755671,1,1
2017-05-22,2,1,0.35372572298747595,0,1
2017-05-23,2,1,0.14321718317581983,0,1
2017-05-24,2,0,0.2906171850303204,0,1
2017-05-25,2,0,0.0917527185876456,0,1
2017-05-26,2,0,0.1854945960407946,0,1
2017-05-27,2,1,0.009492474129087576,0,1
2017-05-28,2,1,0.18270760411040454,0,1
2017-05-29,2,0,0.418592022689182,0,1
2017-05-30,2,1,0.4685658579151844,0,1
2017-05-31,2,1,0.4764396931130619,0,1
2017-06-01,2,1,0.4405887343699144,0,1
2017-06-02,2,1,0.7075668317325585,1,1
2017-06-03,2,0,0.8927499845483112,1,1
2017-06-04,2,1,0.9411850033581365,1,1
2017-06-05,2,1,0.3616204001473769,0,1
2017-06-06,2,0,0.1717630916204443,0,1
2017-06-07,2,1,0.1919751426696288,0,1
2017-06-08,2,1,0.657849861367187,1,1
2017-06-09,2,1,0.8835218518204137,1,1
2017-06-10,2,1,0.8038034493029919,1,1
2017-06-11,2,0,0.9180618103124678,1,1
2017-06-12,2,1,0.0007364645409321895,0,1
2017-06-13,2,0,0.6058333688817139,1,1
2017-06-14,2,0,0.014027446733962725,0,1
2017-06-15,2,1,0.5367349688021561,1,1
2017-06-16,2,1,0.8173760758725326,1,1
2017-06-17,2,0,0.615470155415971,1,1
2017-06-18,2,1,0.4783605316746028,0,1
2017-06-19,2,1,0.8183139827053748,1,1
2017-06-20,2,0,0.6755789086023141,1,1
2017-06-21,2,1,0.8497679277421877,1,1
2017-06-22,2,1,0.9336977315483684,1,1
2017-06-23,2,0,0.948541607588516,1,1
2017-06-24,2,0,0.5054572709294953,1,1
2017-06-25,2,0,0.8160480565599159,1,1
2017-06-26,2,1,0.5515209287808975,1,1
2017-06-27,2,1,0.7805811250040031,1,1
2017-06-28,2,0,0.9120771801317717,1,1
2017-06-29,2,0,0.9198009685820185,1,1
2017-06-30,2,0,0.8769431690805276,1,1
2017-07-01,2,1,0.8857851418405166,1,1
2017-07-02,2,1,0.8949324285261699,1,1
2017-07-03,2,1,0.9184558036088263,1,1
2017-07-04,2,1,0.9381945668936021,1,1
2017-07-05,2,1,0.9517970372941962,1,1
2017-07-06,2,0,0.9663404726135446,1,1
2017-07-07,2,1,0.7901838947586266,1,1
2017-07-08,2,0,0.8953585207578926,1,1
2017-07-09,2,0,0.8804497105579232,1,1
2017-07-10,2,0,0.26087708716466607,0,1
2017-07-11,2,1,0.6749233369283899,1,1
2017-07-12,2,0,0.8427757801462978,1,1
2017-07-13,2,0,0.8797386366721849,1,1
2017-07-14,2,0,0.37591493191643793,0,1
2017-07-15,2,0,9.090992799829004e-05,0,1
2017-07-16,2,1,0.29447033793846156,0,1
2017-07-17,2,1,3.433963813937375e-08,0,1
2017-07-18,2,0,0.4165366517732395,0,1
2017-07-19,2,1,0.6956993845795125,1,1
2017-07-20,2,0,1.3288578087938364e-19,0,1
2017-07-21,2,1,0.07704748653406149,0,1
2017-07-22,2,0,0.26094044077340284,0,1
2017-07-23,2,1,0.5101406644095017,1,1
2017-07-24,2,0,0.8417434678762535,1,1
2017-07-25,2,0,0.12250049313338925,0,1
2017-07-26,2,1,0.5749230533821204,1,1
2017-07-27,2,1,0.429336610564083,0,1
2017-07-28,2,0,0.44983589424764786,0,1
2017-07-29,2,1,0.5872165067501648,1,1
2017-07-30,2,1,0.8608544277030894,1,1
2017-07-31,2,0,0.8029350156593654,1,1
2017-08-01,2,0,0.2862064614099444,0,1
2017-08-02,2,1,0.7559461460394961,1,1
2017-08-03,2,1,0.8216378287060793,1,1
2017-08-04,2,1,0.8628658720374466,1,1
2017-08-05,2,0,0.00014163171673660756,0,1
2017-08-06,2,1,0.5717787764842382,1,1
2017-08-07,2,1,0.5252300586316383,1,1
2017-08-08,2,0,0.8416444001191035,1,1
2017-08-09,2,1,0.8456276055575332,1,1
2017-08-10,2,1,0.9266025670067515,1,1
2017-08-11,2,1,0.150643390707882,0,1
2017-08-12,2,1,0.13779023977385987,0,1
2017-08-13,2,1,0.36192786734969445,0,1
2017-08-14,2,0,0.22993757104664064,0,1
2017-08-15,2,1,0.41926737853216806,0,1
2017-08-16,2,0,0.5290154923591761,1,1
2017-08-17,2,0,0.8103743375681879,1,1
2017-08-18,2,1,0.6152243703505492,1,1
2017-08-19,2,0,0.8715877550561052,1,1
2017-08-20,2,0,0.8380056492995378,1,1
2017-08-21,2,1,0.8555850592080751,1,1
2017-08-22,2,1,0.9029539593692729,1,1
2017-08-23,2,1,0.93728318106056,1,1
2017-08-24,2,1,0.8320114854369688,1,1
2017-08-25,2,0,0.9235391708539736,1,1
2017-08-26,2,1,0.9456539812717127,1,1
2017-08-27,2,0,0.9637187035476966,1,1
2017-08-28,2,1,0.9770917075314158,1,1
2017-08-29,2,0,0.8255922574432142,1,1
2017-08-30,2,1,0.9177890024742458,1,1
2017-08-31,2,1,0.9028094577866498,1,1
2017-09-01,2,0,0.8490121725309613,1,1
2017-09-02,2,1,0.13811777034485695,0,1
2017-09-03,2,0,0.7049726091840491,1,1
2017-09-04,2,1,0.022661379289696557,0,1
2017-09-05,2,1,0.5207172242599856,1,1
2017-09-06,2,1,0.5147500257414385,1,1
2017-09-07,2,0,0.8411818571017666,1,1
2017-09-08,2,0,0.0158183251218496,0,1
2017-09-09,2,0,0.6421462653572175,1,1
2017-09-10,2,1,0.7441300382764767,1,1
2017-09-11,2,0,0.904019151755459,1,1
2017-09-12,2,0,0.93718375937736,1,1
2017-09-13,2,0,0.2437869489602778,0,1
2017-09-14,2,1,3.717805637127432e-14,0,1
2017-09-15,2,0,3.000173418160925e-08,0,1
2017-09-16,2,0,0.6236047937579621,1,1
2017-09-17,2,1,0.8348800261713082,1,1
2017-09-18,2,0,1.2301221957819221e-05,0,1
2017-09-19,2,0,0.2950900271146616,0,1
2017-09-20,2,0,0.7517466684219902,1,1
2017-09-21,2,0,0.050186397295935395,0,1
2017-09-22,2,1,0.6611884315618222,1,1
2017-09-23,2,0,0.6829453646184503,1,1
2017-09-24,2,1,0.711506534195401,1,1
2017-09-25,2,0,0.2997075420432048,0,1
2017-09-26,2,1,0.7350922541577904,1,1
2017-09-27,2,0,0.09429673862674161,0,1
2017-09-28,2,0,0.6583608994855178,1,1
2017-09-29,2,1,0.8786789623569347,1,1
2017-09-30,2,1,0.8142123959367176,1,1
2017-10-01,2,1,0.9130827153879773,1,1
2017-10-02,2,0,0.9452917559633154,1,1
2017-10-03,2,0,0.9029509871830557,1,1
2017-10-04,2,1,0.8868515588879783,1,1
2017-10-05,2,1,0.9148367942592524,1,1
2017-10-06,2,1,0.9437181883978761,1,1
2017-10-07,2,1,0.9515224034530122,1,1
2017-10-08,2,1,0.8562238271579468,1,1
2017-10-09,2,1,0.8621191109508516,1,1
2017-10-10,2,1,0.9304765324357956,1,1
2017-10-11,2,1,0.9510370954678691,1,1
2017-10-12,2,1,6.409833593147656e-05,0,1
2017-10-13,2,1,0.4665806255143503,0,1
2017-10-14,2,0,0.7256960984433536,1,1
2017-10-15,2,1,0.7621791190639474,1,1
2017-10-16,2,0,0.9086509284865648,1,1
2017-10-17,2,0,0.8845677734491664,1,1
2017-10-18,2,1,0.9390630494653038,1,1
2017-10-19,2,1,0.9365974819274417,1,1
2017-10-20,2,1,0.722638981662132,1,1
2017-10-21,2,0,0.8990978624817595,1,1
2017-10-22,2,0,0.9424176012161608,1,1
2017-10-23,2,0,0.9429486450477239,1,1
2017-10-24,2,1,0.10761266976460013,0,1
2017-10-25,2,1,0.46925430547866265,0,1
2017-10-26,2,0,0.7696874620331308,1,1
2017-10-27,2,0,0.8288213090845896,1,1
2017-10-28,2,1,0.9183843658952123,1,1
2017-10-29,2,0,0.3458853421880414,0,1
2017-10-30,2,1,0.7749255557576349,1,1
2017-10-31,2,1,0.5686858687868404,1,1
2017-11-01,2,1,0.6115215998285448,1,1
2017-11-02,2,1,0.6375685072188181,1,1
2017-11-03,2,1,0.8602755683777912,1,1
2017-11-04,2,1,0.9066850614247348,1,1
2017-11-05,2,0,0.942184843825868,1,1
2017-11-06,2,1,0.44860684095987385,0,1
2017-11-07,2,1,0.8054627260954609,1,1
2017-11-08,2,0,0.7628471833315468,1,1
2017-11-09,2,0,0.5317612451222177,1,1
2017-11-10,2,0,0.020624072671678827,0,1
2017-11-11,2,0,0.23266525934256985,0,1
2017-11-12,2,1,0.03748727273069289,0,1
2017-11-13,2,1,0.0009383833571042144,0,1
2017-11-14,2,1,0.6427565222906555,1,1
2017-11-15,2,1,0.003184499800594923,0,1
2017-11-16,2,0,0.03278141116751249,0,1
2017-11-17,2,1,0.5024915165720134,1,1
2017-11-18,2,1,0.8375451961386915,1,1
2017-11-19,2,1,0.8704780493811184,1,1
2017-11-20,2,0,0.9175255337516679,1,1
2017-11-21,2,1,0.9103863493517681,1,1
2017-11-22,2,0,0.923529182152795,1,1
2017-11-23,2,1,0.8571229417725463,1,1
2017-11-24,2,1,0.8974575551379549,1,1
2017-11-25,2,1,0.44891755155011315,0,1
2017-11-26,2,1,0.2703826061069018,0,1
2017-11-27,2,1,0.35802385532796216,0,1
2017-11-28,2,0,0.7417739967698472,1,1
2017-11-29,2,1,0.8456264736247604,1,1
2017-11-30,2,1,0.8567429950503493,1,1
2017-12-01,2,1,0.2478703051956398,0,1
2017-12-02,2,1,0.7539225810677316,1,1
2017-12-03,2,1,0.8806598114462072,1,1
2017-12-04,2,1,0.8950916569609846,1,1
2017-12-05,2,1,0.9200607777902381,1,1
2017-12-06,2,1,4.4732552301267905e-13,0,1
2017-12-07,2,0,1.6294596816086416e-22,0,1
2017-12-08,2,0,0.006573155920448378,0,1
2017-12-09,2,1,0.0016391293677158994,0,1
2017-12-10,2,1,0.6230710695514773,1,1
2017-12-11,2,1,0.008416351443798124,0,1
2017-12-12,2,0,0.5612087718699255,1,1
2017-12-13,2,1,0.13473425139466894,0,1
2017-12-14,2,1,0.7076748864479507,1,1
2017-12-15,2,1,0.23727237161392514,0,1
2017-12-16,2,0,0.001700912472592305,0,1
2017-12-17,2,0,0.5134288505198401,1,1
2017-12-18,2,0,0.8373568115124067,1,1
2017-12-19,2,0,0.0660181979613886,0,1
2017-12-20,2,0,0.025238987537192246,0,1
2017-12-21,2,0,0.11287380895285565,0,1
2017-12-22,2,1,9.310203863302133e-07,0,1
2017-12-23,2,0,0.11975872419293207,0,1
2017-12-24,2,1,0.10060046184342201,0,1
2017-12-25,2,1,0.6941907745216862,1,1
2017-12-26,2,0,4.2957148662058747e-07,0,1
2017-12-27,2,0,0.5338133508038228,1,1
2017-12-28,2,1,0.01156111759688824,0,1
2017-12-29,2,0,0.6490727944260686,1,1
2017-12-30,2,1,1.726261531869455e-05,0,1
2017-12-31,2,0,0.0036781840067153203,0,1
2018-01-01,2,1,0.28534439077411483,0,1
2018-01-02,2,1,0.0035223777762877486,0,1
2018-01-03,2,1,0.6372079263644935,1,1
2018-01-04,2,1,0.8313695598317729,1,1
2018-01-05,2,1,0.0003983122061500437,0,1
2018-01-06,2,0,0.6456451493754848,1,1
2018-01-07,2,0,0.13064196870139555,0,1
2018-01-08,2,0,0.004167307009916308,0,1
2018-01-09,2,1,0.24766377004710177,0,1
2018-01-10,2,0,0.68883579417865,1,1
2018-01-11,2,1,0.00018985623058775898,0,1
2018-01-12,2,1,0.38478528336452106,0,1
2018-01-13,2,0,0.7353800730624802,1,1
2018-01-14,2,1,0.5419853796794741,1,1
2018-01-15,2,0,0.8518697587378729,1,1
2018-01-16,2,0,5.287142612843411e-11,0,1
2018-01-17,2,1,0.41382852653036917,0,1
2018-01-18,2,1,0.7563320647164892,1,1
2018-01-19,2,1,0.9041148421702492,1,1
2018-01-20,2,0,0.0014782834630422941,0,1
2018-01-21,2,0,9.713509317496188e-05,0,1
2018-01-22,2,0,0.04947091293400805,0,1
2018-01-23,2,1,0.638352375518054,1,1
2018-01-24,2,0,0.6622020846361527,1,1
2018-01-25,2,0,0.8594918914701878,1,1
2018-01-26,2,1,0.9240914937808791,1,1
2018-01-27,2,1,0.9235069161599364,1,1
2018-01-28,2,0,0.9055848340425163,1,1
2018-01-29,2,0,0.6537404106509359,1,1
2018-01-30,2,1,0.00015396949051006754,0,1
2018-01-31,2,0,0.6428040198217837,1,1
2018-02-01,2,0,0.00024318452463621627,0,1
2018-02-02,2,1,0.25804325522615285,0,1
2018-02-03,2,0,0.5632870254618123,1,1
2018-02-04,2,0,0.0004958417297322525,0,1
2018-02-05,2,1,1.0987624921748651e-10,0,1
2018-02-06,2,0,0.00010407946795824947,0,1
2018-02-07,2,1,0.5249691664889028,1,1
2018-02-08,2,1,0.032213625443349984,0,1
2018-02-09,2,0,0.19371662923727861,0,1
2018-02-10,2,0,0.657393434600319,1,1
2018-02-11,2,1,0.17258856165734043,0,1
2018-02-12,2,0,0.0024459715485434835,0,1
2018-02-13,2,1,0.26289990758137705,0,1
2018-02-14,2,1,0.0010808257322612192,0,1
2018-02-15,2,1,0.057312279898466434,0,1
2018-02-16,2,1,0.6741841898732891,1,1
2018-02-17,2,0,0.03749133873407801,0,1
2018-02-18,2,1,0.10539666563550167,0,1
2018-02-19,2,1,0.13089477176601272,0,1
2018-02-20,2,0,0.6915471712566043,1,1
2018-02-21,2,0,0.10913710116896844,0,1
2018-02-22,2,1,0.02972845699356525,0,1
2018-02-23,2,0,0.5596296529584419,1,1
2018-02-24,2,0,0.30873675545462603,0,1
2018-02-25,2,1,0.6917530362742452,1,1
2018-02-26,2,1,0.16782614724510678,0,1
2018-02-27,2,0,0.5739301042707007,1,1
2018-02-28,2,1,0.6323767022473545,1,1
2018-03-01,2,1,0.5239218729087718,1,1
2018-03-02,2,1,0.8408642175649081,1,1
2018-03-03,2,1,0.8455812178958519,1,1
2018-03-04,2,1,0.9268988434604368,1,1
2018-03-05,2,0,0.9529286565279387,1,1
2018-03-06,2,0,0.10986379236131703,0,1
2018-03-07,2,0,0.006883236132061335,0,1
2018-03-08,2,0,0.05219529342533137,0,1
2018-03-09,2,0,0.6378761683252484,1,1
2018-03-10,2,1,0.28261459126425065,0,1
2018-03-11,2,0,0.033471709915903744,0,1
2018-03-12,2,0,0.24258380883884365,0,1
2018-03-13,2,0,0.7439286619264264,1,1
2018-03-14,2,1,0.00045562920598423356,0,1
2018-03-15,2,1,0.6438362767381665,1,1
2018-03-16,2,0,0.8797714129895626,1,1
2018-03-17,2,1,0.42716097517857465,0,1
2018-03-18,2,1,0.6455244433547737,1,1
2018-03-19,2,1,0.5997235615631339,1,1
2018-03-20,2,1,0.7784170690162862,1,1
2018-03-21,2,0,0.9117105251140801,1,1
2018-03-22,2,1,0.8764993031378036,1,1
2018-03-23,2,0,0.9259846000098406,1,1
2018-03-24,2,0,0.8736820786753178,1,1
2018-03-25,2,0,0.8765450297640069,1,1
2018-03-26,2,0,0.7533196861095062,1,1
2018-03-27,2,1,0.4496454146053763,0,1
2018-03-28,2,0,0.8111309079813178,1,1
2018-03-29,2,0,0.0007218904434769839,0,1
2018-03-30,2,1,0.2390718938154615,0,1
2018-03-31,2,0,0.7459205830528494,1,1
2018-04-01,2,1,0.8373093790531011,1,1
2018-04-02,2,1,0.8524816564848204,1,1
2018-04-03,2,0,0.6766046316144372,1,1
2018-04-04,2,0,0.010360185065630141,0,1
2018-04-05,2,0,0.6158769371923031,1,1
2018-04-06,2,1,0.7175057675825142,1,1
2018-04-07,2,1,0.7498543600734475,1,1
2018-04-08,2,0,0.8950805339859746,1,1
2018-04-09,2,1,0.7356091665751542,1,1
2018-04-10,2,1,0.9009122239837792,1,1
2018-04-11,2,1,0.9277627383506484,1,1
2018-04-12,2,1,2.8718539200590544e-05,0,1
2018-04-13,2,1,0.6380173457707671,1,1
2018-04-14,2,1,0.8740692072840177,1,1
2018-04-15,2,0,0.8093409966719444,1,1
2018-04-16,2,0,0.7328980635298635,1,1
2018-04-17,2,1,0.8257932930104779,1,1
2018-04-18,2,1,0.8600374431308441,1,1
2018-04-19,2,1,0.9224758119333863,1,1
2018-04-20,2,1,0.43480008001376924,0,1
2018-04-21,2,0,0.8203147393208889,1,1
2018-04-22,2,1,0.905016488534838,1,1
2018-04-23,2,1,0.9411287315010155,1,1
2018-04-24,2,0,0.07684879406119678,0,1
2018-04-25,2,1,0.0010247210609333267,0,1
2018-04-26,2,0,0.2919033306523295,0,1
2018-04-27,2,1,0.4719020377309564,0,1
2018-04-28,2,1,0.6480244478285645,1,1
2018-04-29,2,0,0.8802895202583587,1,1
2018-04-30,2,0,0.8851642207830113,1,1
2018-05-01,2,1,0.9145561999206452,1,1
2018-05-02,2,1,0.9462043716133696,1,1
2018-05-03,2,0,0.6936397081424684,1,1
2018-05-04,2,1,0.881744554653691,1,1
2018-05-05,2,0,0.9300823051275604,1,1
2018-05-06,2,0,0.8955823515854184,1,1
2018-05-07,2,0,0.814496533439212,1,1
2018-05-08,2,1,0.8820372006764949,1,1
2018-05-09,2,0,0.9384478082465173,1,1
2018-05-10,2,0,0.8277145300093356,1,1
2018-05-11,2,1,0.0975566877590542,0,1
2018-05-12,2,1,0.692741106741736,1,1
2018-05-13,2,0,0.8504402380090255,1,1
2018-05-14,2,0,0.9271515782651103,1,1
2018-05-15,2,0,0.8755206170599557,1,1
2018-05-16,2,0,0.8952407012719433,1,1
2018-05-17,2,1,0.774207187540958,1,1
2018-05-18,2,0,0.8949996068857176,1,1
2018-05-19,2,1,0.939058642335125,1,1
2018-05-20,2,0,0.9015866651125131,1,1
2018-05-21,2,0,0.9203508206018175,1,1
2018-05-22,2,0,0.595839412142586,1,1
2018-05-23,2,1,0.11451977448097785,0,1
2018-05-24,2,0,0.6991627747236709,1,1
2018-05-25,2,0,0.8483400003953535,1,1
2018-05-26,2,1,0.8869441660496007,1,1
2018-05-27,2,0,0.9456271812296777,1,1
2018-05-28,2,1,0.8148390922577912,1,1
2018-05-29,2,0,0.7303364841846774,1,1
2018-05-30,2,1,0.8791819568717242,1,1
2018-05-31,2,1,0.9359895127709119,1,1
2018-06-01,2,1,0.9574641877547483,1,1
2018-06-02,2,1,0.9614328571414132,1,1
2018-06-03,2,0,0.9701637715473599,1,1
2018-06-04,2,1,0.8795042362517085,1,1
2018-06-05,2,1,0.933102198534756,1,1
2018-06-06,2,1,0.9602704807745496,1,1
2018-06-07,2,0,0.9756300615721847,1,1
2018-06-08,2,0,0.982038435363312,1,1
2018-06-09,2,0,0.981714543901498,1,1
2018-06-10,2,1,0.0010133000218104137,0,1
2018-06-11,2,0,0.6246763908052279,1,1
2018-06-12,2,0,0.3488859736924988,0,1
2018-06-13,2,1,0.4379794395970867,0,1
2018-06-14,2,0,0.4561079119786523,0,1
2018-06-15,2,1,0.5359934639634956,1,1
2018-06-16,2,0,0.8402531230099409,1,1
2018-06-17,2,1,0.9160869329739816,1,1
2018-06-18,2,1,0.8736546207799694,1,1
2018-06-19,2,1,0.9337884890382739,1,1
2018-06-20,2,0,0.9540419318841453,1,1
2018-06-21,2,0,0.9627345290915936,1,1
2018-06-22,2,1,0.0018794896793987207,0,1
2018-06-23,2,1,0.6406299420706223,1,1
2018-06-24,2,1,0.8775955172063211,1,1
2018-06-25,2,0,0.9356913659437539,1,1
2018-06-26,2,1,0.8711810302161406,1,1
2018-06-27,2,0,0.9351379996437805,1,1
2018-06-28,2,1,0.6758853424916698,1,1
2018-06-29,2,1,0.5473238570169146,1,1
2018-06-30,2,0,0.7790036983221023,1,1
2018-07-01,2,1,0.9070308625137194,1,1
2018-07-02,2,0,0.8741082535478681,1,1
2018-07-03,2,1,0.9067469451168154,1,1
2018-07-04,2,1,0.9428921565368251,1,1
2018-07-05,2,1,0.9591820030879452,1,1
2018-07-06,2,1,0.9719358392357204,1,1
2018-07-07,2,0,0.9288741225379009,1,1
2018-07-08,2,0,0.9343494376853873,1,1
2018-07-09,2,0,0.959391937564033,1,1
2018-07-10,2,1,0.22776777145550967,0,1
2018-07-11,2,0,0.7447111802115283,1,1
2018-07-12,2,1,0.7736455145569737,1,1
2018-07-13,2,1,0.9122837909237085,1,1
2018-07-14,2,1,0.9514493519466022,1,1
2018-07-15,2,1,0.9591013972347,1,1
2018-07-16,2,1,0.6002232991940326,1,1
2018-07-17,2,1,0.03168079260778112,0,1
2018-07-18,2,1,0.6618044151446841,1,1
2018-07-19,2,0,0.8783510153714847,1,1
2018-07-20,2,1,0.9028390551886754,1,1
2018-07-21,2,0,0.946091260519478,1,1
2018-07-22,2,1,0.9646909924767851,1,1
2018-07-23,2,1,0.8681641378389937,1,1
2018-07-24,2,0,0.026275563726262142,0,1
2018-07-25,2,0,0.39036088934916696,0,1
2018-07-26,2,1,0.5774035876650205,1,1
2018-07-27,2,1,0.8076522625816264,1,1
2018-07-28,2,1,0.9196135621365755,1,1
2018-07-29,2,0,0.9522768313660225,1,1
2018-07-30,2,0,0.9656536024767752,1,1
2018-07-31,2,0,0.5183685038308288,1,1
2018-08-01,2,0,0.7352654315834551,1,1
2018-08-02,2,0,0.8872328834688302,1,1
2018-08-03,2,0,0.8970554672831168,1,1
2018-08-04,2,1,0.3548195996487769,0,1
2018-08-05,2,0,0.7940538307995101,1,1
2018-08-06,2,0,0.8683633848358006,1,1
2018-08-07,2,0,0.8056315859270543,1,1
2018-08-08,2,1,0.09601761391335059,0,1
2018-08-09,2,0,0.4486567611143473,0,1
2018-08-10,2,1,0.10349024356708146,0,1
2018-08-11,2,1,0.6717630220276428,1,1
2018-08-12,2,0,0.8877306041104972,1,1
2018-08-13,2,0,0.9403626710226172,1,1
2018-08-14,2,1,0.932528596006811,1,1
2018-08-15,2,1,0.9459058618304206,1,1
2018-08-16,2,1,0.9664154597804202,1,1
2018-08-17,2,0,0.8727003425570297,1,1
2018-08-18,2,1,0.8503863264174979,1,1
2018-08-19,2,0,0.9251757697354522,1,1
2018-08-20,2,1,0.8202641748773125,1,1
2018-08-21,2,0,0.8797071199111888,1,1
2018-08-22,2,1,0.8908895725689481,1,1
2018-08-23,2,1,0.9126333977509771,1,1
2018-08-24,2,1,0.9092332404947037,1,1
2018-08-25,2,0,0.9414123627303752,1,1
2018-08-26,2,1,0.9451469283632234,1,1
2018-08-27,2,1,0.922946163809829,1,1
2018-08-28,2,0,0.9037392817445385,1,1
2018-08-29,2,0,0.9301781829355741,1,1
2018-08-30,2,1,0.9391113616661348,1,1
2018-08-31,2,1,0.9608673692271045,1,1
2018-09-01,2,1,0.9426869841671883,1,1
2018-09-02,2,0,0.9567680080535113,1,1
2018-09-03,2,1,0.9702476676714726,1,1
2018-09-04,3,0,1.0,1,1
2018-09-05,3,0,1.0,1,1
2018-09-06,3,0,1.0,1,1
2018-09-07,3,0,0.9999999999999998,1,1
2018-09-08,3,1,1.0000000000000002,1,1
2018-09-09,3,1,0.9999999999999997,1,1
2018-09-10,3,0,1.0000000000000002,1,1
2018-09-11,3,1,1.0000000000000004,1,1
2018-09-12,3,1,1.0000000000000002,1,1
2018-09-13,3,0,1.0,1,1
2018-09-14,3,1,0.9999999999999998,1,1
2018-09-15,3,0,1.0000000000000002,1,1
2018-09-16,3,0,0.9999999999999998,1,1
2018-09-17,3,1,0.9999999999999998,1,1
2018-09-18,3,1,1.0000000000000002,1,1
2018-09-19,3,1,1.0000000000000002,1,1
2018-09-20,3,1,0.9999999999999999,1,1
2018-09-21,3,0,1.0,1,1
2018-09-22,3,0,1.0000000000000002,1,1
2018-09-23,3,0,1.0,1,1
2018-09-24,3,0,0.9999999999999999,1,1
2018-09-25,3,1,1.0,1,1
2018-09-26,3,1,1.0,1,1
2018-09-27,3,0,1.0000000000000002,1,1
2018-09-28,3,0,1.0,1,1
2018-09-29,3,1,1.0000000000000002,1,1
2018-09-30,3,0,1.0000000000000002,1,1
2018-10-01,3,0,1.0,1,1
2018-10-02,3,0,0.9999999999999999,1,1
2018-10-03,3,1,0.9999999999999998,1,1
2018-10-04,3,1,1.0,1,1
2018-10-05,3,0,1.0000000000000002,1,1
2018-10-06,3,1,0.9999999999999998,1,1
2018-10-07,3,1,1.0,1,1
2018-10-08,3,0,1.0,1,1
2018-10-09,3,0,1.0000000000000002,1,1
2018-10-10,3,0,1.0,1,1
2018-10-11,3,1,0.9999999999999998,1,1
2018-10-12,3,1,1.0000000000000002,1,1
2018-10-13,3,1,0.9999999999999999,1,1
2018-10-14,3,1,1.0,1,1
2018-10-15,3,0,1.0,1,1
2018-10-16,3,0,1.0000000000000002,1,1
2018-10-17,3,0,1.0000000000000002,1,1
2018-10-18,3,0,1.0000000000000004,1,1
2018-10-19,3,1,1.0000000000000002,1,1
2018-10-20,3,0,1.0,1,1
2018-10-21,3,1,1.0,1,1
2018-10-22,3,0,1.0,1,1
2018-10-23,3,1,0.9999999999999999,1,1
2018-10-24,3,0,1.0000000000000002,1,1
2018-10-25,3,0,0.9999999999999999,1,1
2018-10-26,3,1,0.9999999999999993,1,1
2018-10-27,3,1,0.9999999999999999,1,1
2018-10-28,3,0,1.0000000000000002,1,1
2018-10-29,3,1,0.9999999999999999,1,1
2018-10-30,3,0,1.0000000000000004,1,1
2018-10-31,3,1,0.9999999999999997,1,1
2018-11-01,3,1,1.0,1,1
2018-11-02,3,0,0.9999999999999998,1,1
2018-11-03,3,1,1.0000000000000002,1,1
2018-11-04,3,1,1.0000000000000002,1,1
2018-11-05,3,1,1.0,1,1
2018-11-06,3,1,0.9999999999999997,1,1
2018-11-07,3,0,1.0,1,1
2018-11-08,3,0,0.9999999999999996,1,1
2018-11-09,3,1,1.0000000000000002,1,1
2018-11-10,3,1,0.9999999999999998,1,1
2018-11-11,3,0,0.9999999999999998,1,1
2018-11-12,3,0,0.9999999999999998,1,1
2018-11-13,3,0,0.9999999999999998,1,1
2018-11-14,3,0,1.0000000000000002,1,1
2018-11-15,3,0,1.0,1,1
2018-11-16,3,0,1.0,1,1
2018-11-17,3,1,1.0,1,1
2018-11-18,3,0,0.9999999999999998,1,1
2018-11-19,3,0,0.9999999999999998,1,1
2018-11-20,3,1,1.0,1,1
2018-11-21,3,0,1.0,1,1
2018-11-22,3,0,1.0,1,1
2018-11-23,3,0,1.0,1,1
2018-11-24,3,1,1.0,1,1
2018-11-25,3,0,1.0,1,1
2018-11-26,3,1,1.0,1,1
2018-11-27,3,1,1.0000000000000002,1,1
2018-11-28,3,1,1.0,1,1
2018-11-29,3,0,1.0,1,1
2018-11-30,3,1,1.0000000000000002,1,1
2018-12-01,3,0,1.0,1,1
2018-12-02,3,0,0.9999999999999998,1,1
2018-12-03,3,1,1.0,1,1
2018-12-04,3,0,1.0000000000000002,1,1
2018-12-05,3,0,1.0,1,1
2018-12-06,3,0,1.0,1,1
2018-12-07,3,1,0.9999999999999999,1,1
2018-12-08,3,1,1.0,1,1
2018-12-09,3,0,0.9999999999999999,1,1
2018-12-10,3,0,0.9999999999999999,1,1
2018-12-11,3,1,1.0,1,1
2018-12-12,3,0,1.0,1,1
2018-12-13,3,0,1.0,1,1
2018-12-14,3,0,1.0,1,1
2018-12-15,3,1,1.0000000000000002,1,1
2018-12-16,3,1,1.0,1,1
2018-12-17,3,1,0.9999999999999999,1,1
2018-12-18,3,1,1.0,1,1
2018-12-19,3,1,0.9999999999999999,1,1
2018-12-20,3,0,1.0,1,1
2018-12-21,3,1,1.0,1,1
2018-12-22,3,0,1.0,1,1
2018-12-23,3,1,1.0000000000000002,1,1
2018-12-24,3,0,0.9999999999999998,1,1
2018-12-25,3,1,0.9999999999999999,1,1
2018-12-26,3,0,1.0000000000000004,1,1
2018-12-27,3,1,1.0,1,1
2018-12-28,3,0,1.0,1,1
2018-12-29,3,1,1.0,1,1
2018-12-30,3,0,1.0000000000000002,1,1
2018-12-31,3,1,1.0,1,1
2019-01-01,3,1,1.0,1,1
2019-01-02,3,0,1.0,1,1
2019-01-03,3,1,0.9999999999999998,1,1
2019-01-04,3,0,1.0,1,1
2019-01-05,3,1,1.0000000000000004,1,1
2019-01-06,3,0,0.9999999999999999,1,1
2019-01-07,3,1,1.0,1,1
2019-01-08,3,1,1.0,1,1
2019-01-09,3,0,1.0000000000000002,1,1
2019-01-10,3,1,0.9999999999999999,1,1
2019-01-11,3,0,1.0,1,1
2019-01-12,3,0,1.0000000000000002,1,1
2019-01-13,3,1,1.0,1,1
2019-01-14,3,0,0.9999999999999998,1,1
2019-01-15,3,1,1.0,1,1
2019-01-16,3,1,1.0,1,1
2019-01-17,3,0,1.0000000000000002,1,1
2019-01-18,3,1,1.0,1,1
2019-01-19,3,0,0.9999999999999998,1,1
2019-01-20,3,0,0.9999999999999997,1,1
2019-01-21,3,1,1.0000000000000002,1,1
2019-01-22,3,0,0.9999999999999998,1,1
2019-01-23,3,1,0.9999999999999999,1,1
2019-01-24,3,0,0.9999999999999997,1,1
2019-01-25,3,1,0.9999999999999999,1,1
2019-01-26,3,0,0.9999999999999999,1,1
2019-01-27,3,0,1.0,1,1
2019-01-28,3,0,1.0,1,1
2019-01-29,3,1,0.9999999999999999,1,1
2019-01-30,3,0,0.9999999999999997,1,1
2019-01-31,3,1,0.9999999999999998,1,1
2019-02-01,3,1,1.0,1,1
2019-02-02,3,0,0.9999999999999999,1,1
2019-02-03,3,0,1.0,1,1
2019-02-04,3,1,0.9999999999999998,1,1
2019-02-05,3,0,0.9999999999999997,1,1
2019-02-06,3,0,0.9999999999999997,1,1
2019-02-07,3,1,1.0,1,1
2019-02-08,3,1,1.0,1,1
2019-02-09,3,1,0.9999999999999998,1,1
2019-02-10,3,0,1.0000000000000002,1,1
2019-02-11,3,1,1.0,1,1
2019-02-12,3,0,1.0000000000000002,1,1
2019-02-13,3,0,1.0,1,1
2019-02-14,3,1,0.9999999999999998,1,1
2019-02-15,3,1,0.9999999999999996,1,1
2019-02-16,3,1,1.0000000000000002,1,1
2019-02-17,3,1,1.0000000000000002,1,1
2019-02-18,3,1,0.9999999999999999,1,1
2019-02-19,3,1,1.0000000000000002,1,1
2019-02-20,3,0,0.9999999999999998,1,1
2019-02-21,3,1,1.0,1,1
2019-02-22,3,1,1.0000000000000002,1,1
2019-02-23,3,0,1.0,1,1
2019-02-24,3,1,1.0000000000000002,1,1
2019-02-25,3,0,1.0,1,1
2019-02-26,3,0,1.0,1,1
2019-02-27,3,1,1.0000000000000002,1,1
2019-02-28,3,1,1.0,1,1
2019-03-01,3,1,1.0,1,1
2019-03-02,3,0,1.0,1,1
2019-03-03,3,0,1.0,1,1
2019-03-04,3,1,1.0,1,1
2019-03-05,3,1,0.9999999999999999,1,1
2019-03-06,3,1,0.9999999999999998,1,1
2019-03-07,3,0,0.9999999999999999,1,1
2019-03-08,3,1,0.9999999999999999,1,1
2019-03-09,3,0,1.0000000000000002,1,1
2019-03-10,3,0,1.0000000000000002,1,1
2019-03-11,3,1,1.0,1,1
2019-03-12,3,0,0.9999999999999998,1,1
2019-03-13,3,1,1.0000000000000002,1,1
2019-03-14,3,1,1.0,1,1
2019-03-15,3,1,1.0000000000000004,1,1
2019-03-16,3,0,1.0000000000000002,1,1
2019-03-17,3,1,1.0000000000000002,1,1
2019-03-18,3,1,1.0,1,1
2019-03-19,3,1,0.9999999999999998,1,1
2019-03-20,3,0,1.0,1,1
2019-03-21,3,0,0.9999999999999999,1,1
2019-03-22,3,1,0.9999999999999998,1,1
2019-03-23,3,0,1.0000000000000002,1,1
2019-03-24,3,0,0.9999999999999999,1,1
2019-03-25,3,1,1.0,1,1
2019-03-26,3,1,1.0000000000000002,1,1
2019-03-27,3,0,1.0,1,1
2019-03-28,3,1,0.9999999999999998,1,1
2019-03-29,3,1,1.0000000000000002,1,1
2019-03-30,3,0,1.0000000000000002,1,1
2019-03-31,3,1,0.9999999999999999,1,1
2019-04-01,3,1,1.0,1,1
2019-04-02,3,1,1.0000000000000002,1,1
2019-04-03,3,0,1.0,1,1
2019-04-04,3,1,1.0,1,1
2019-04-05,3,1,1.0,1,1
2019-04-06,3,1,1.0,1,1
2019-04-07,3,1,0.9999999999999997,1,1
2019-04-08,3,0,1.0,1,1
2019-04-09,3,1,1.0000000000000002,1,1
2019-04-10,3,0,0.9999999999999998,1,1
2019-04-11,3,1,1.0000000000000002,1,1
2019-04-12,3,1,0.9999999999999997,1,1
2019-04-13,3,1,1.0000000000000002,1,1
2019-04-14,3,0,1.0000000000000004,1,1
2019-04-15,3,1,1.0,1,1
2019-04-16,3,1,1.0,1,1
2019-04-17,3,1,1.0,1,1
2019-04-18,3,1,1.0,1,1
2019-04-19,3,1,1.0,1,1
2019-04-20,3,0,1.0000000000000002,1,1
2019-04-21,3,1,0.9999999999999994,1,1
2019-04-22,3,1,1.0000000000000002,1,1
2019-04-23,3,0,1.0,1,1
2019-04-24,3,0,1.0000000000000002,1,1
2019-04-25,3,1,1.0,1,1
2019-04-26,3,0,0.9999999999999998,1,1
2019-04-27,3,1,0.9999999999999997,1,1
2019-04-28,3,0,1.0,1,1
2019-04-29,3,1,0.9999999999999999,1,1
2019-04-30,3,1,0.9999999999999999,1,1
2019-05-01,3,1,1.0,1,1
2019-05-02,3,1,0.9999999999999998,1,1
2019-05-03,3,1,0.9999999999999998,1,1
2019-05-04,3,0,0.9999999999999998,1,1
2019-05-05,3,0,0.9999999999999999,1,1
2019-05-06,3,1,1.0000000000000004,1,1
2019-05-07,3,1,0.9999999999999999,1,1
2019-05-08,3,1,1.0000000000000002,1,1
2019-05-09,3,1,0.9999999999999998,1,1
2019-05-10,3,1,0.9999999999999997,1,1
2019-05-11,3,0,1.0000000000000002,1,1
2019-05-12,3,1,1.0,1,1
2019-05-13,3,1,1.0,1,1
2019-05-14,3,1,1.0,1,1
2019-05-15,3,0,1.0,1,1
2019-05-16,3,0,1.0,1,1
2019-05-17,3,0,1.0,1,1
2019-05-18,3,1,1.0,1,1
2019-05-19,3,0,1.0,1,1
2019-05-20,3,0,1.0,1,1
2019-05-21,3,0,1.0,1,1
2019-05-22,3,1,1.0000000000000002,1,1
2019-05-23,3,1,1.0,1,1
2019-05-24,3,1,0.9999999999999998,1,1
2019-05-25,3,1,0.9999999999999998,1,1
2019-05-26,3,1,1.0000000000000002,1,1
2019-05-27,3,0,1.0,1,1
2019-05-28,3,0,0.9999999999999998,1,1
2019-05-29,3,0,0.9999999999999998,1,1
2019-05-30,3,1,0.9999999999999999,1,1
2019-05-31,3,0,1.0000000000000002,1,1
2019-06-01,3,1,1.0000000000000002,1,1
2019-06-02,3,0,1.0,1,1
2019-06-03,3,0,1.0,1,1
2019-06-04,3,1,1.0,1,1
2019-06-05,3,0,0.9999999999999997,1,1
2019-06-06,3,1,0.9999999999999999,1,1
2019-06-07,3,0,1.0000000000000002,1,1
2019-06-08,3,0,1.0000000000000007,1,1
2019-06-09,3,1,0.9999999999999998,1,1
2019-06-10,3,0,0.9999999999999997,1,1
2019-06-11,3,1,1.0000000000000002,1,1
2019-06-12,3,1,1.0,1,1
2019-06-13,3,1,0.9999999999999999,1,1
2019-06-14,3,1,0.9999999999999998,1,1
2019-06-15,3,1,1.0,1,1
2019-06-16,3,1,1.0000000000000002,1,1
2019-06-17,3,0,0.9999999999999998,1,1
2019-06-18,3,1,1.0000000000000002,1,1
2019-06-19,3,1,1.0,1,1
2019-06-20,3,1,1.0,1,1
2019-06-21,3,1,1.0,1,1
2019-06-22,3,1,0.9999999999999998,1,1
2019-06-23,3,1,0.9999999999999998,1,1
2019-06-24,3,1,1.0,1,1
2019-06-25,3,1,1.0,1,1
2019-06-26,3,0,1.0,1,1
2019-06-27,3,1,0.9999999999999999,1,1
2019-06-28,3,0,1.0,1,1
2019-06-29,3,0,1.0,1,1
2019-06-30,3,0,1.0,1,1
2019-07-01,3,1,1.0000000000000002,1,1
2019-07-02,3,1,1.0000000000000002,1,1
2019-07-03,3,0,0.9999999999999999,1,1
2019-07-04,3,0,1.0,1,1
2019-07-05,3,1,0.9999999999999999,1,1
2019-07-06,3,1,1.0,1,1
2019-07-07,3,1,1.0000000000000002,1,1
2019-07-08,3,1,1.0,1,1
2019-07-09,3,0,0.9999999999999998,1,1
2019-07-10,3,0,1.0,1,1
2019-07-11,3,1,1.0,1,1
2019-07-12,3,0,1.0,1,1
2019-07-13,3,0,0.9999999999999998,1,1
2019-07-14,3,1,1.0,1,1
2019-07-15,3,0,1.0,1,1
2019-07-16,3,1,1.0,1,1
2019-07-17,3,1,1.0000000000000002,1,1
2019-07-18,3,0,0.9999999999999999,1,1
2019-07-19,3,1,1.0,1,1
2019-07-20,3,0,1.0,1,1
2019-07-21,3,0,0.9999999999999999,1,1
2019-07-22,3,0,0.9999999999999999,1,1
2019-07-23,3,0,1.0,1,1
2019-07-24,3,1,0.9999999999999999,1,1
2019-07-25,3,0,0.9999999999999999,1,1
2019-07-26,3,0,0.9999999999999998,1,1
2019-07-27,3,1,1.0,1,1
2019-07-28,3,0,0.9999999999999999,1,1
2019-07-29,3,1,0.9999999999999998,1,1
2019-07-30,3,1,1.0,1,1
2019-07-31,3,1,1.0,1,1
2019-08-01,3,1,1.0,1,1
2019-08-02,3,1,1.0,1,1
2019-08-03,3,1,1.0,1,1
2019-08-04,3,1,0.9999999999999999,1,1
2019-08-05,3,0,0.9999999999999999,1,1
2019-08-06,3,1,1.0000000000000002,1,1
2019-08-07,3,1,1.0,1,1
2019-08-08,3,0,1.0000000000000002,1,1
2019-08-09,3,0,0.9999999999999999,1,1
2019-08-10,3,1,1.0,1,1
2019-08-11,3,0,1.0,1,1
2019-08-12,3,0,1.0,1,1
2019-08-13,3,0,1.0,1,1
2019-08-14,3,1,1.0,1,1
2019-08-15,3,1,0.9999999999999999,1,1
2019-08-16,3,0,0.9999999999999999,1,1
2019-08-17,3,1,0.9999999999999999,1,1
2019-08-18,3,1,0.9999999999999998,1,1
2019-08-19,3,0,0.9999999999999998,1,1
2019-08-20,3,0,0.9999999999999998,1,1
2019-08-21,3,0,1.0,1,1
2019-08-22,3,1,1.0000000000000004,1,1
2019-08-23,3,0,0.9999999999999999,1,1
2019-08-24,3,0,0.9999999999999999,1,1
2019-08-25,3,1,1.0000000000000002,1,1
2019-08-26,3,0,1.0000000000000002,1,1
2019-08-27,3,0,0.9999999999999998,1,1
2019-08-28,3,0,0.9999999999999999,1,1
2019-08-29,3,1,1.0,1,1
2019-08-30,3,1,0.9999999999999996,1,1
2019-08-31,3,1,1.0000000000000002,1,1
2019-09-01,3,1,0.9999999999999999,1,1
2019-09-02,3,1,1.0,1,1
2019-09-03,3,0,0.9999999999999997,1,1
2019-09-04,3,0,0.9999999999999999,1,1
2019-09-05,3,0,1.0,1,1
2019-09-06,3,1,1.0,1,1
2019-09-07,3,0,1.0000000000000002,1,1
2019-09-08,3,0,0.9999999999999999,1,1
2019-09-09,3,0,1.0,1,1
2019-09-10,3,1,0.9999999999999998,1,1
2019-09-11,3,1,0.9999999999999999,1,1
2019-09-12,3,0,1.0,1,1
2019-09-13,3,0,1.0,1,1
2019-09-14,3,0,1.0,1,1
2019-09-15,3,0,1.0000000000000002,1,1
2019-09-16,3,0,1.0,1,1
2019-09-17,3,0,1.0,1,1
2019-09-18,3,1,1.0000000000000002,1,1
2019-09-19,3,0,1.0000000000000002,1,1
2019-09-20,3,0,1.0000000000000002,1,1
2019-09-21,3,1,0.9999999999999998,1,1
2019-09-22,3,0,0.9999999999999999,1,1
2019-09-23,3,0,0.9999999999999998,1,1
2019-09-24,3,0,1.0000000000000002,1,1
2019-09-25,3,0,1.0,1,1
2019-09-26,3,1,1.0,1,1
2019-09-27,3,0,1.0,1,1
2019-09-28,3,0,0.9999999999999999,1,1
2019-09-29,3,1,0.9999999999999999,1,1
2019-09-30,3,1,0.9999999999999999,1,1
2019-10-01,3,1,1.0,1,1
2019-10-02,3,0,0.9999999999999998,1,1
2019-10-03,3,0,1.0,1,1
2019-10-04,3,0,1.0000000000000002,1,1
2019-10-05,3,0,1.0,1,1
2019-10-06,3,1,1.0,1,1
2019-10-07,3,0,1.0,1,1
2019-10-08,3,1,0.9999999999999999,1,1
2019-10-09,3,0,1.0,1,1
2019-10-10,3,0,0.9999999999999999,1,1
2019-10-11,3,1,0.9999999999999999,1,1
2019-10-12,3,0,1.0,1,1
2019-10-13,3,1,1.0000000000000002,1,1
2019-10-14,3,0,0.9999999999999997,1,1
2019-10-15,3,0,0.9999999999999999,1,1
2019-10-16,3,1,1.0000000000000002,1,1
2019-10-17,3,0,1.0000000000000004,1,1
2019-10-18,3,1,0.9999999999999998,1,1
2019-10-19,3,1,0.9999999999999997,1,1
2019-10-20,3,1,0.9999999999999999,1,1
2019-10-21,3,0,1.0000000000000002,1,1
2019-10-22,3,0,0.9999999999999998,1,1
2019-10-23,3,0,1.0000000000000002,1,1
2019-10-24,3,1,1.0,1,1
2019-10-25,3,1,1.0,1,1
2019-10-26,3,1,1.0000000000000002,1,1
2019-10-27,3,0,1.0,1,1
2019-10-28,3,1,0.9999999999999998,1,1
2019-10-29,3,0,1.0,1,1
2019-10-30,3,0,0.9999999999999999,1,1
2019-10-31,3,1,0.9999999999999996,1,1
2019-11-01,3,1,0.9999999999999999,1,1
2019-11-02,3,0,1.0000000000000002,1,1
2019-11-03,3,1,0.9999999999999999,1,1
2019-11-04,3,0,1.0,1,1
2019-11-05,3,1,0.9999999999999999,1,1
2019-11-06,3,0,1.0000000000000002,1,1
2019-11-07,3,0,1.0000000000000004,1,1
2019-11-08,3,1,1.0,1,1
2019-11-09,3,1,1.0,1,1
2019-11-10,3,0,0.9999999999999998,1,1
2019-11-11,3,1,1.0000000000000002,1,1
2019-11-12,3,0,1.0,1,1
2019-11-13,3,0,0.9999999999999999,1,1
2019-11-14,3,0,0.9999999999999998,1,1
2019-11-15,3,1,1.0,1,1
2019-11-16,3,1,0.9999999999999999,1,1
2019-11-17,3,0,0.9999999999999999,1,1
2019-11-18,3,0,0.9999999999999999,1,1
2019-11-19,3,0,1.0000000000000002,1,1
2019-11-20,3,0,0.9999999999999998,1,1
2019-11-21,3,0,1.0,1,1
2019-11-22,3,1,1.0,1,1
2019-11-23,3,0,0.9999999999999999,1,1
2019-11-24,3,1,1.0,1,1
2019-11-25,3,1,0.9999999999999999,1,1
2019-11-26,3,1,1.0000000000000002,1,1
2019-11-27,3,0,0.9999999999999998,1,1
2019-11-28,3,1,1.0000000000000002,1,1
2019-11-29,3,0,1.0,1,1
2019-11-30,3,0,0.9999999999999999,1,1
2019-12-01,3,0,1.0000000000000002,1,1
2019-12-02,3,0,1.0,1,1
2019-12-03,3,0,1.0000000000000002,1,1
2019-12-04,3,1,1.0,1,1
2019-12-05,3,1,1.0,1,1
2019-12-06,3,1,1.0000000000000002,1,1
2019-12-07,3,1,1.0000000000000002,1,1
2019-12-08,3,0,0.9999999999999998,1,1
2019-12-09,3,0,1.0,1,1
2019-12-10,3,0,0.9999999999999998,1,1
2019-12-11,3,1,1.0,1,1
2019-12-12,3,1,1.0,1,1
2019-12-13,3,0,1.0,1,1
2019-12-14,3,1,1.0000000000000002,1,1
2019-12-15,3,0,0.9999999999999998,1,1
2019-12-16,3,0,1.0,1,1
2019-12-17,3,1,0.9999999999999999,1,1
2019-12-18,3,0,0.9999999999999999,1,1
2019-12-19,3,1,1.0000000000000002,1,1
2019-12-20,3,0,1.0,1,1
2019-12-21,3,1,0.9999999999999998,1,1
2019-12-22,3,0,1.0,1,1
2019-12-23,3,0,0.9999999999999998,1,1
2019-12-24,3,0,0.9999999999999999,1,1
2019-12-25,4,0,0.9999999999999999,1,1
2019-12-26,4,1,1.0000000000000002,1,1
2019-12-27,4,1,0.9999999999999998,1,1
2019-12-28,4,1,1.0000000000000002,1,1
2019-12-29,4,0,1.0,1,1
2019-12-30,4,0,0.9999999999999998,1,1
2019-12-31,4,1,1.0,1,1
2020-01-01,4,0,0.9999999999999997,1,1
2020-01-02,4,1,1.0000000000000002,1,1
2020-01-03,4,1,1.0000000000000002,1,1
2020-01-04,4,1,1.0,1,1
2020-01-05,4,1,1.0,1,1
2020-01-06,4,1,0.9999999999999998,1,1
2020-01-07,4,0,0.9999999999999999,1,1
2020-01-08,4,0,1.0,1,1
2020-01-09,4,1,1.0,1,1
2020-01-10,4,0,1.0000000000000002,1,1
2020-01-11,4,1,1.0000000000000002,1,1
2020-01-12,4,0,0.9999999999999998,1,1
2020-01-13,4,1,1.0,1,1
2020-01-14,4,0,1.0,1,1
2020-01-15,4,0,1.0,1,1
2020-01-16,4,1,1.0000000000000002,1,1
2020-01-17,4,1,0.9999999999999999,1,1
2020-01-18,4,0,0.9999999999999998,1,1
2020-01-19,4,0,1.0000000000000002,1,1
2020-01-20,4,1,1.0,1,1
2020-01-21,4,0,1.0000000000000002,1,1
2020-01-22,4,0,1.0,1,1
2020-01-23,4,1,0.9999999999999998,1,1
2020-01-24,4,0,1.0,1,1
2020-01-25,4,1,0.9999999999999999,1,1
2020-01-26,4,1,0.9999999999999998,1,1
2020-01-27,4,1,1.0,1,1
2020-01-28,4,0,1.0,1,1
2020-01-29,4,1,0.9999999999999998,1,1
2020-01-30,4,0,1.0000000000000002,1,1
2020-01-31,4,1,0.9999999999999999,1,1
2020-02-01,4,0,0.9999999999999999,1,1
2020-02-02,4,0,1.0000000000000002,1,1
2020-02-03,4,0,1.0,1,1
2020-02-04,4,1,1.0,1,1
2020-02-05,4,1,1.0,1,1
2020-02-06,4,1,1.0000000000000002,1,1
2020-02-07,4,1,1.0,1,1
2020-02-08,4,1,1.0000000000000004,1,1
2020-02-09,4,0,1.0,1,1
2020-02-10,4,1,0.9999999999999999,1,1
2020-02-11,4,1,1.0,1,1
2020-02-12,4,0,0.9999999999999999,1,1
2020-02-13,4,1,1.0000000000000002,1,1
2020-02-14,4,0,1.0000000000000002,1,1
2020-02-15,4,1,1.0,1,1
2020-02-16,4,0,1.0000000000000002,1,1
2020-02-17,4,1,1.0,1,1
2020-02-18,4,0,0.9999999999999999,1,1
2020-02-19,4,0,1.0,1,1
2020-02-20,4,1,1.0,1,1
2020-02-21,4,0,1.0,1,1
2020-02-22,4,1,1.0,1,1
2020-02-23,4,0,1.0000000000000002,1,1
2020-02-24,4,0,1.0,1,1
2020-02-25,4,0,1.0,1,1
2020-02-26,4,0,1.0000000000000002,1,1
2020-02-27,4,0,1.0,1,1
2020-02-28,4,0,1.0,1,1
2020-02-29,4,0,1.0000000000000002,1,1
2020-03-01,4,1,1.0,1,1
2020-03-02,4,0,1.0,1,1
2020-03-03,4,0,1.0000000000000002,1,1
2020-03-04,4,1,1.0,1,1
2020-03-05,4,1,1.0000000000000002,1,1
2020-03-06,4,0,1.0000000000000002,1,1
2020-03-07,4,0,1.0000000000000002,1,1
2020-03-08,4,0,1.0,1,1
2020-03-09,4,0,1.0,1,1
2020-03-10,4,1,0.9999999999999998,1,1
2020-03-11,4,0,1.0,1,1
2020-03-12,4,1,1.0000000000000004,1,1
2020-03-13,4,0,1.0000000000000002,1,1
2020-03-14,4,1,1.0,1,1
2020-03-15,4,0,0.9999999999999999,1,1
2020-03-16,4,1,1.0,1,1
2020-03-17,4,1,1.0,1,1
2020-03-18,4,1,0.9999999999999998,1,1
2020-03-19,4,1,0.9999999999999997,1,1
2020-03-20,4,0,1.0,1,1
2020-03-21,4,0,0.9999999999999999,1,1
2020-03-22,4,1,0.9999999999999998,1,1
2020-03-23,4,1,0.9999999999999999,1,1
2020-03-24,4,0,0.9999999999999998,1,1
2020-03-25,4,1,1.0000000000000002,1,1
2020-03-26,4,0,1.0,1,1
2020-03-27,4,0,1.0,1,1
2020-03-28,4,0,0.9999999999999998,1,1
2020-03-29,4,1,1.0,1,1
2020-03-30,4,1,1.0,1,1
2020-03-31,4,1,1.0000000000000002,1,1
2020-04-01,4,1,1.0000000000000002,1,1
2020-04-02,4,0,1.0,1,1
2020-04-03,4,1,0.9999999999999999,1,1
2020-04-04,4,0,1.0000000000000004,1,1
2020-04-05,4,1,0.9999999999999997,1,1
2020-04-06,4,0,1.0,1,1
2020-04-07,4,1,1.0,1,1
2020-04-08,4,0,1.0,1,1
2020-04-09,4,0,0.9999999999999998,1,1
2020-04-10,4,0,1.0000000000000002,1,1
2020-04-11,4,1,0.9999999999999999,1,1
2020-04-12,4,0,1.0000000000000002,1,1
2020-04-13,4,0,1.0,1,1
2020-04-14,4,0,1.0000000000000002,1,1
2020-04-15,4,1,1.0,1,1
2020-04-16,4,0,1.0,1,1
2020-04-17,4,1,1.0000000000000002,1,1
2020-04-18,4,0,0.9999999999999999,1,1
2020-04-19,4,0,1.0000000000000002,1,1
2020-04-20,4,0,1.0000000000000002,1,1
2020-04-21,4,1,1.0000000000000002,1,1
2020-04-22,4,1,1.0,1,1
2020-04-23,4,1,1.0,1,1
2020-04-24,4,1,0.9999999999999999,1,1
2020-04-25,4,1,1.0000000000000002,1,1
2020-04-26,4,1,1.0000000000000002,1,1
2020-04-27,4,1,0.9999999999999999,1,1
2020-04-28,4,1,1.0,1,1
2020-04-29,4,0,1.0000000000000002,1,1
2020-04-30,4,1,0.9999999999999999,1,1
2020-05-01,4,1,0.9999999999999998,1,1
2020-05-02,4,0,1.0000000000000002,1,1
2020-05-03,4,1,1.0,1,1
2020-05-04,4,1,0.9999999999999999,1,1
2020-05-05,4,1,0.9999999999999998,1,1
2020-05-06,4,1,1.0000000000000002,1,1
2020-05-07,4,0,1.0,1,1
2020-05-08,4,0,1.0000000000000002,1,1
2020-05-09,4,0,1.0000000000000002,1,1
2020-05-10,4,0,1.0,1,1
2020-05-11,4,1,0.9999999999999998,1,1
2020-05-12,4,1,0.9999999999999998,1,1
2020-05-13,4,1,0.9999999999999998,1,1
2020-05-14,4,0,1.0,1,1
2020-05-15,4,1,1.0000000000000002,1,1
2020-05-16,4,1,1.0,1,1
2020-05-17,4,1,0.9999999999999998,1,1
2020-05-18,4,1,1.0,1,1
2020-05-19,4,0,1.0000000000000002,1,1
2020-05-20,4,0,1.0000000000000002,1,1
2020-05-21,4,1,1.0000000000000002,1,1
2020-05-22,4,1,0.9999999999999997,1,1
2020-05-23,4,0,1.0000000000000002,1,1
2020-05-24,4,1,1.0,1,1
2020-05-25,4,0,1.0,1,1
2020-05-26,4,1,1.0,1,1
2020-05-27,4,1,1.0000000000000002,1,1
2020-05-28,4,0,1.0,1,1
2020-05-29,4,1,1.0000000000000002,1,1
2020-05-30,4,0,0.9999999999999994,1,1
2020-05-31,4,1,0.9999999999999997,1,1
2020-06-01,4,0,1.0,1,1
2020-06-02,4,1,1.0,1,1
2020-06-03,4,1,1.0000000000000002,1,1
2020-06-04,4,0,0.9999999999999998,1,1
2020-06-05,4,0,1.0000000000000002,1,1
2020-06-06,4,1,0.9999999999999999,1,1
2020-06-07,4,1,0.9999999999999998,1,1
2020-06-08,4,1,0.9999999999999999,1,1
2020-06-09,4,1,1.0000000000000002,1,1
2020-06-10,4,0,0.9999999999999998,1,1
2020-06-11,4,1,1.0,1,1
2020-06-12,4,0,1.0,1,1
2020-06-13,4,0,1.0000000000000002,1,1
2020-06-14,4,1,1.0000000000000002,1,1
2020-06-15,4,1,1.0,1,1
2020-06-16,4,0,1.0000000000000002,1,1
2020-06-17,4,0,1.0000000000000002,1,1
2020-06-18,4,0,0.9999999999999999,1,1
2020-06-19,4,1,0.9999999999999998,1,1
2020-06-20,4,0,0.9999999999999996,1,1
2020-06-21,4,1,1.0,1,1
2020-06-22,4,0,0.9999999999999997,1,1
2020-06-23,4,0,1.0000000000000002,1,1
2020-06-24,4,0,1.0000000000000002,1,1
2020-06-25,4,0,1.0,1,1
2020-06-26,4,0,0.9999999999999999,1,1
2020-06-27,4,1,1.0,1,1
2020-06-28,4,1,1.0000000000000002,1,1
2020-06-29,4,0,1.0000000000000002,1,1
2020-06-30,4,1,1.0000000000000007,1,1
2020-07-01,4,0,1.0,1,1
2020-07-02,4,0,1.0,1,1
2020-07-03,4,1,0.9999999999999998,1,1
2020-07-04,4,0,1.0000000000000002,1,1
2020-07-05,4,1,1.0,1,1
2020-07-06,4,0,0.9999999999999999,1,1
2020-07-07,4,1,1.0,1,1
2020-07-08,4,0,1.0,1,1
2020-07-09,4,1,1.0000000000000002,1,1
2020-07-10,4,0,1.0,1,1
2020-07-11,4,1,0.9999999999999999,1,1
2020-07-12,4,0,1.0,1,1
2020-07-13,4,0,1.0000000000000002,1,1
2020-07-14,4,0,0.9999999999999999,1,1
2020-07-15,4,0,0.9999999999999999,1,1
2020-07-16,4,1,0.9999999999999999,1,1
2020-07-17,4,1,1.0000000000000002,1,1
2020-07-18,4,1,1.0000000000000004,1,1
2020-07-19,4,0,0.9999999999999998,1,1
2020-07-20,4,1,1.0000000000000002,1,1
2020-07-21,4,1,0.9999999999999998,1,1
2020-07-22,4,1,0.9999999999999996,1,1
2020-07-23,4,0,1.0000000000000002,1,1
2020-07-24,4,1,0.9999999999999999,1,1
2020-07-25,4,1,1.0000000000000002,1,1
2020-07-26,4,1,1.0,1,1
2020-07-27,4,0,0.9999999999999998,1,1
2020-07-28,4,1,0.9999999999999998,1,1
2020-07-29,4,1,1.0,1,1
2020-07-30,4,1,1.0,1,1
2020-07-31,4,1,1.0000000000000002,1,1
2020-08-01,4,0,1.0,1,1
2020-08-02,4,1,1.0,1,1
2020-08-03,4,0,1.0,1,1
2020-08-04,4,1,1.0000000000000004,1,1
2020-08-05,4,1,1.0000000000000002,1,1
2020-08-06,4,0,1.0000000000000002,1,1
2020-08-07,4,1,1.0000000000000002,1,1
2020-08-08,4,0,1.0,1,1
2020-08-09,4,1,0.9999999999999997,1,1
2020-08-10,4,0,0.9999999999999999,1,1
2020-08-11,4,1,0.9999999999999999,1,1
2020-08-12,4,1,0.9999999999999999,1,1
2020-08-13,4,0,1.0000000000000002,1,1
2020-08-14,4,1,0.9999999999999998,1,1
2020-08-15,4,1,0.9999999999999997,1,1
2020-08-16,4,1,0.9999999999999998,1,1
2020-08-17,4,0,1.0,1,1
2020-08-18,4,0,1.0000000000000002,1,1
2020-08-19,4,1,1.0,1,1
2020-08-20,4,0,1.0,1,1
2020-08-21,4,1,1.0000000000000002,1,1
2020-08-22,4,0,1.0,1,1
2020-08-23,4,1,0.9999999999999999,1,1
2020-08-24,4,0,0.9999999999999996,1,1
2020-08-25,4,1,1.0,1,1
2020-08-26,4,0,0.9999999999999999,1,1
2020-08-27,4,1,0.9999999999999999,1,1
2020-08-28,4,0,1.0000000000000002,1,1
2020-08-29,4,1,1.0000000000000002,1,1
2020-08-30,4,0,0.9999999999999999,1,1
2020-08-31,4,1,1.0,1,1
2020-09-01,4,0,1.0,1,1
2020-09-02,4,0,0.9999999999999998,1,1
2020-09-03,4,1,1.0,1,1
2020-09-04,4,0,1.0,1,1
2020-09-05,4,1,1.0,1,1
2020-09-06,4,1,1.0,1,1
2020-09-07,4,0,1.0,1,1
2020-09-08,4,1,1.0,1,1
2020-09-09,4,1,0.9999999999999999,1,1
2020-09-10,4,1,1.0,1,1
2020-09-11,4,1,1.0,1,1
2020-09-12,4,0,1.0000000000000002,1,1
2020-09-13,4,1,1.0000000000000002,1,1
2020-09-14,4,1,0.9999999999999999,1,1
2020-09-15,4,1,1.0,1,1
2020-09-16,4,0,0.9999999999999997,1,1
2020-09-17,4,0,0.9999999999999998,1,1
2020-09-18,4,1,1.0,1,1
2020-09-19,4,0,0.9999999999999998,1,1
2020-09-20,4,0,1.0000000000000002,1,1
2020-09-21,4,1,0.9999999999999999,1,1
2020-09-22,4,0,1.0,1,1
2020-09-23,4,1,1.0000000000000002,1,1
2020-09-24,4,0,1.0,1,1
2020-09-25,4,1,0.9999999999999998,1,1
2020-09-26,4,1,0.9999999999999997,1,1
2020-09-27,4,0,1.0,1,1
2020-09-28,4,1,0.9999999999999998,1,1
2020-09-29,4,0,0.9999999999999998,1,1
2020-09-30,4,0,1.0000000000000002,1,1
2020-10-01,4,0,1.0,1,1
2020-10-02,4,0,0.9999999999999998,1,1
2020-10-03,4,1,1.0000000000000002,1,1
2020-10-04,4,1,1.0000000000000002,1,1
2020-10-05,4,0,0.9999999999999999,1,1
2020-10-06,4,1,1.0,1,1
2020-10-07,4,1,1.0,1,1
2020-10-08,4,1,1.0000000000000002,1,1
2020-10-09,4,1,0.9999999999999994,1,1
2020-10-10,4,1,1.0,1,1
2020-10-11,4,1,1.0,1,1
2020-10-12,4,0,1.0,1,1
2020-10-13,4,1,1.0000000000000004,1,1
2020-10-14,4,1,0.9999999999999999,1,1
2020-10-15,4,0,1.0,1,1
2020-10-16,4,1,0.9999999999999997,1,1
2020-10-17,4,1,0.9999999999999999,1,1
2020-10-18,4,1,0.9999999999999999,1,1
2020-10-19,4,1,1.0,1,1
2020-10-20,4,1,0.9999999999999998,1,1
2020-10-21,4,1,1.0,1,1
2020-10-22,4,0,1.0,1,1
2020-10-23,4,1,1.0000000000000002,1,1
2020-10-24,4,0,1.0,1,1
2020-10-25,4,1,0.9999999999999997,1,1
2020-10-26,4,1,0.9999999999999999,1,1
2020-10-27,4,0,0.9999999999999999,1,1
2020-10-28,4,1,1.0,1,1
2020-10-29,4,1,0.9999999999999999,1,1
2020-10-30,4,1,1.0,1,1
2020-10-31,4,0,1.0,1,1
2020-11-01,4,0,1.0,1,1
2020-11-02,4,1,1.0,1,1
2020-11-03,4,1,1.0,1,1
2020-11-04,4,1,1.0,1,1
2020-11-05,4,0,1.0,1,1
2020-11-06,4,0,1.0,1,1
2020-11-07,4,1,1.0,1,1
2020-11-08,4,0,1.0,1,1
2020-11-09,4,0,0.9999999999999998,1,1
2020-11-10,4,1,1.0,1,1
2020-11-11,4,1,0.9999999999999999,1,1
2020-11-12,4,1,1.0,1,1
2020-11-13,4,0,0.9999999999999999,1,1
2020-11-14,4,0,1.0000000000000002,1,1
2020-11-15,4,1,1.0000000000000002,1,1
2020-11-16,4,1,1.0,1,1
2020-11-17,4,1,1.0,1,1
2020-11-18,4,1,1.0,1,1
2020-11-19,4,1,1.0,1,1
2020-11-20,4,1,1.0,1,1
2020-11-21,4,0,1.0,1,1
2020-11-22,4,0,0.9999999999999999,1,1
2020-11-23,4,1,1.0,1,1
2020-11-24,4,0,1.0000000000000002,1,1
2020-11-25,4,0,1.0,1,1
2020-11-26,4,0,1.0,1,1
2020-11-27,4,1,1.0000000000000004,1,1
2020-11-28,4,1,1.0,1,1
2020-11-29,4,1,1.0,1,1
2020-11-30,4,0,1.0,1,1
2020-12-01,4,1,1.0000000000000002,1,1
2020-12-02,4,1,0.9999999999999998,1,1
2020-12-03,4,0,1.0,1,1
2020-12-04,4,1,1.0,1,1
2020-12-05,4,1,1.0000000000000002,1,1
2020-12-06,4,0,1.0000000000000004,1,1
2020-12-07,4,0,1.0,1,1
2020-12-08,4,1,1.0,1,1
2020-12-09,4,0,1.0,1,1
2020-12-10,4,0,0.9999999999999998,1,1
2020-12-11,4,1,1.0,1,1
2020-12-12,4,1,1.0000000000000002,1,1
2020-12-13,4,1,0.9999999999999997,1,1
2020-12-14,4,1,0.9999999999999998,1,1
2020-12-15,4,1,0.9999999999999999,1,1
2020-12-16,4,1,1.0,1,1
2020-12-17,4,1,1.0,1,1
2020-12-18,4,1,1.0,1,1
2020-12-19,4,0,0.9999999999999998,1,1
2020-12-20,4,0,1.0000000000000002,1,1
2020-12-21,4,1,1.0,1,1
2020-12-22,4,0,1.0,1,1
2020-12-23,4,1,0.9999999999999999,1,1
2020-12-24,4,1,1.0,1,1
2020-12-25,4,1,1.0,1,1
2020-12-26,4,0,1.0,1,1
2020-12-27,4,1,0.9999999999999999,1,1
2020-12-28,4,1,1.0,1,1
2020-12-29,4,1,1.0000000000000002,1,1
2020-12-30,4,1,1.0,1,1
2020-12-31,4,1,1.0,1,1
2021-01-01,4,1,0.9999999999999999,1,1
2021-01-02,4,1,1.0,1,1
2021-01-03,4,0,1.0,1,1
2021-01-04,4,1,0.9999999999999998,1,1
2021-01-05,4,1,1.0,1,1
2021-01-06,4,1,0.9999999999999998,1,1
2021-01-07,4,1,1.0,1,1
2021-01-08,4,0,1.0000000000000002,1,1
2021-01-09,4,0,0.9999999999999998,1,1
2021-01-10,4,0,0.9999999999999998,1,1
2021-01-11,4,0,1.0,1,1
2021-01-12,4,1,1.0,1,1
2021-01-13,4,1,1.0,1,1
2021-01-14,4,0,1.0,1,1
2021-01-15,4,0,1.0,1,1
2021-01-16,4,0,1.0,1,1
2021-01-17,4,1,0.9999999999999998,1,1
2021-01-18,4,0,1.0000000000000002,1,1
2021-01-19,4,0,0.9999999999999998,1,1
2021-01-20,4,0,1.0,1,1
2021-01-21,4,1,1.0000000000000002,1,1
2021-01-22,4,0,1.0000000000000002,1,1
2021-01-23,4,1,1.0,1,1
2021-01-24,4,1,1.0,1,1
2021-01-25,4,1,1.0,1,1
2021-01-26,4,0,0.9999999999999996,1,1
2021-01-27,4,1,1.0,1,1
2021-01-28,4,1,1.0,1,1
2021-01-29,4,0,1.0,1,1
2021-01-30,4,0,1.0,1,1
2021-01-31,4,1,0.9999999999999998,1,1
2021-02-01,4,1,1.0000000000000002,1,1
2021-02-02,4,1,0.9999999999999999,1,1
2021-02-03,4,0,0.9999999999999999,1,1
2021-02-04,4,1,1.0000000000000002,1,1
2021-02-05,4,1,1.0,1,1
2021-02-06,4,0,0.9999999999999997,1,1
2021-02-07,4,1,1.0,1,1
2021-02-08,4,1,1.0,1,1
2021-02-09,4,0,1.0,1,1
2021-02-10,4,1,1.0,1,1
2021-02-11,4,0,1.0,1,1
2021-02-12,4,0,0.9999999999999998,1,1
2021-02-13,4,1,1.0000000000000002,1,1
2021-02-14,4,0,0.9999999999999999,1,1
2021-02-15,4,1,1.0,1,1
2021-02-16,4,1,0.9999999999999998,1,1
2021-02-17,4,0,1.0,1,1
2021-02-18,4,1,1.0,1,1
2021-02-19,4,1,1.0,1,1
2021-02-20,4,1,1.0,1,1
2021-02-21,4,0,1.0,1,1
2021-02-22,4,0,1.0,1,1
2021-02-23,4,1,0.9999999999999999,1,1
2021-02-24,4,0,1.0,1,1
2021-02-25,4,0,1.0,1,1
2021-02-26,4,0,1.0,1,1
2021-02-27,4,0,1.0000000000000004,1,1
2021-02-28,4,1,1.0,1,1
2021-03-01,4,0,1.0,1,1
2021-03-02,4,1,1.0,1,1
2021-03-03,4,0,1.0,1,1
2021-03-04,4,1,1.0000000000000002,1,1
2021-03-05,4,0,0.9999999999999998,1,1
2021-03-06,4,1,1.0,1,1
2021-03-07,4,1,1.0,1,1
2021-03-08,4,1,1.0,1,1
2021-03-09,4,1,0.9999999999999998,1,1
2021-03-10,4,1,1.0,1,1
2021-03-11,4,0,1.0,1,1
2021-03-12,4,1,1.0000000000000002,1,1
2021-03-13,4,0,0.9999999999999999,1,1
2021-03-14,4,0,0.9999999999999998,1,1
2021-03-15,4,1,1.0,1,1
2021-03-16,4,1,0.9999999999999998,1,1
2021-03-17,4,0,1.0,1,1
2021-03-18,4,1,1.0,1,1
2021-03-19,4,0,1.0,1,1
2021-03-20,4,0,0.9999999999999999,1,1
2021-03-21,4,0,0.9999999999999998,1,1
2021-03-22,4,1,1.0000000000000002,1,1
2021-03-23,4,0,1.0000000000000002,1,1
2021-03-24,4,0,1.0,1,1
2021-03-25,4,1,0.9999999999999999,1,1
2021-03-26,4,1,1.0,1,1
2021-03-27,4,0,1.0,1,1
2021-03-28,4,1,0.9999999999999998,1,1
2021-03-29,4,1,0.9999999999999999,1,1
2021-03-30,4,1,0.9999999999999999,1,1
2021-03-31,4,1,0.9999999999999999,1,1
2021-04-01,4,1,1.0,1,1
2021-04-02,4,0,0.9999999999999998,1,1
2021-04-03,4,1,1.0,1,1
2021-04-04,4,1,1.0,1,1
2021-04-05,4,0,1.0000000000000002,1,1
2021-04-06,4,0,1.0,1,1
2021-04-07,4,1,1.0,1,1
2021-04-08,4,0,0.9999999999999998,1,1
2021-04-09,4,1,1.0,1,1
2021-04-10,4,1,0.9999999999999997,1,1
2021-04-11,4,0,1.0,1,1
2021-04-12,4,1,1.0000000000000002,1,1
2021-04-13,4,0,1.0,1,1
2021-04-14,4,1,1.0000000000000002,1,1
2021-04-15,5,0,1.0,1,1
2021-04-16,5,0,1.0000000000000004,1,1
2021-04-17,5,0,1.0000000000000002,1,1
2021-04-18,5,0,1.0,1,1
2021-04-19,5,1,1.0,1,1
2021-04-20,5,0,0.9999999999999998,1,1
2021-04-21,5,0,0.9999999999999999,1,1
2021-04-22,5,0,0.9999999999999999,1,1
2021-04-23,5,0,0.9999999999999999,1,1
2021-04-24,5,0,1.0000000000000002,1,1
2021-04-25,5,1,1.0,1,1
2021-04-26,5,1,1.0,1,1
2021-04-27,5,0,0.9999999999999998,1,1
2021-04-28,5,0,0.9999999999999998,1,1
2021-04-29,5,1,0.9999999999999999,1,1
2021-04-30,5,1,0.9999999999999999,1,1
2021-05-01,5,0,1.0,1,1
2021-05-02,5,1,1.0000000000000002,1,1
2021-05-03,5,0,1.0000000000000004,1,1
2021-05-04,5,1,1.0,1,1
2021-05-05,5,0,1.0,1,1
2021-05-06,5,1,1.0,1,1
2021-05-07,5,1,1.0,1,1
2021-05-08,5,0,0.9999999999999998,1,1
2021-05-09,5,0,1.0,1,1
2021-05-10,5,1,1.0,1,1
2021-05-11,5,0,1.0000000000000002,1,1
2021-05-12,5,1,0.9999999999999999,1,1
2021-05-13,5,1,1.0000000000000002,1,1
2021-05-14,5,0,1.0,1,1
2021-05-15,5,0,1.0,1,1
2021-05-16,5,0,0.9999999999999998,1,1
2021-05-17,5,0,1.0,1,1
2021-05-18,5,0,1.0,1,1
2021-05-19,5,1,0.9999999999999999,1,1
2021-05-20,5,0,1.0,1,1
2021-05-21,5,1,0.9999999999999999,1,1
2021-05-22,5,0,1.0,1,1
2021-05-23,5,1,1.0,1,1
2021-05-24,5,0,1.0,1,1
2021-05-25,5,1,1.0,1,1
2021-05-26,5,0,1.0,1,1
2021-05-27,5,0,1.0,1,1
2021-05-28,5,0,1.0,1,1
2021-05-29,5,1,1.0,1,1
2021-05-30,5,1,1.0,1,1
2021-05-31,5,0,1.0,1,1
2021-06-01,5,1,0.9999999999999999,1,1
2021-06-02,5,1,0.9999999999999998,1,1
2021-06-03,5,0,1.0000000000000002,1,1
2021-06-04,5,0,1.0000000000000002,1,1
2021-06-05,5,1,1.0,1,1
2021-06-06,5,0,1.0,1,1
2021-06-07,5,0,0.9999999999999999,1,1
2021-06-08,5,1,1.0,1,1
2021-06-09,5,0,1.0,1,1
2021-06-10,5,1,1.0,1,1
2021-06-11,5,0,1.0,1,1
2021-06-12,5,1,0.9999999999999999,1,1
2021-06-13,5,1,0.9999999999999999,1,1
2021-06-14,5,1,1.0,1,1
2021-06-15,5,0,1.0,1,1
2021-06-16,5,0,1.0,1,1
2021-06-17,5,0,1.0000000000000002,1,1
2021-06-18,5,0,1.0,1,1
2021-06-19,5,1,0.9999999999999998,1,1
2021-06-20,5,0,1.0000000000000002,1,1
2021-06-21,5,1,1.0,1,1
2021-06-22,5,1,1.0,1,1
2021-06-23,5,1,1.0,1,1
2021-06-24,5,0,0.9999999999999997,1,1
2021-06-25,5,1,1.0,1,1
2021-06-26,5,1,1.0000000000000002,1,1
2021-06-27,5,0,0.9999999999999998,1,1
2021-06-28,5,1,1.0,1,1
2021-06-29,5,0,1.0,1,1
2021-06-30,5,0,0.9999999999999999,1,1
2021-07-01,5,1,1.0,1,1
2021-07-02,5,1,1.0,1,1
2021-07-03,5,1,0.9999999999999999,1,1
2021-07-04,5,0,0.9999999999999998,1,1
2021-07-05,5,1,0.9999999999999998,1,1
2021-07-06,5,0,1.0,1,1
2021-07-07,5,0,1.0000000000000002,1,1
2021-07-08,5,1,1.0000000000000002,1,1
2021-07-09,5,0,1.0000000000000004,1,1
2021-07-10,5,1,1.0,1,1
2021-07-11,5,0,0.9999999999999999,1,1
2021-07-12,5,0,1.0,1,1
2021-07-13,5,1,0.9999999999999998,1,1
2021-07-14,5,0,0.9999999999999999,1,1
2021-07-15,5,0,1.0,1,1
2021-07-16,5,1,1.0,1,1
2021-07-17,5,1,1.0000000000000002,1,1
2021-07-18,5,0,0.9999999999999999,1,1
2021-07-19,5,0,0.9999999999999998,1,1
2021-07-20,5,1,1.0000000000000002,1,1
2021-07-21,5,1,0.9999999999999998,1,1
2021-07-22,5,1,0.9999999999999998,1,1
2021-07-23,5,1,1.0000000000000002,1,1
2021-07-24,5,1,1.0,1,1
2021-07-25,5,1,0.9999999999999999,1,1
2021-07-26,5,1,1.0,1,1
2021-07-27,5,1,0.9999999999999998,1,1
2021-07-28,5,1,1.0,1,1
2021-07-29,5,1,0.9999999999999994,1,1
2021-07-30,5,0,0.9999999999999999,1,1
2021-07-31,5,0,1.0,1,1
2021-08-01,5,0,0.9999999999999998,1,1
2021-08-02,5,0,1.0,1,1
2021-08-03,5,1,0.9999999999999998,1,1
2021-08-04,5,1,0.9999999999999999,1,1
2021-08-05,5,1,1.0000000000000002,1,1
2021-08-06,5,1,1.0,1,1
2021-08-07,5,0,1.0,1,1
2021-08-08,5,1,1.0000000000000002,1,1
2021-08-09,5,0,1.0000000000000002,1,1
2021-08-10,5,1,1.0000000000000004,1,1
2021-08-11,5,0,1.0000000000000002,1,1
2021-08-12,5,1,0.9999999999999999,1,1
2021-08-13,5,0,0.9999999999999999,1,1
2021-08-14,5,0,1.0000000000000002,1,1
2021-08-15,5,0,1.0,1,1
2021-08-16,5,0,1.0,1,1
2021-08-17,5,1,0.9999999999999999,1,1
2021-08-18,5,1,1.0,1,1
2021-08-19,5,1,1.0,1,1
2021-08-20,5,0,1.0000000000000002,1,1
2021-08-21,5,1,0.9999999999999998,1,1
2021-08-22,5,1,1.0,1,1
2021-08-23,5,0,0.9999999999999998,1,1
2021-08-24,5,1,0.9999999999999999,1,1
2021-08-25,5,0,1.0000000000000002,1,1
2021-08-26,5,1,1.0,1,1
2021-08-27,5,0,1.0,1,1
2021-08-28,5,0,1.0000000000000002,1,1
2021-08-29,5,0,1.0000000000000002,1,1
2021-08-30,5,1,1.0000000000000002,1,1
2021-08-31,5,1,1.0000000000000002,1,1
2021-09-01,5,1,0.9999999999999998,1,1
2021-09-02,5,1,0.9999999999999999,1,1
2021-09-03,5,0,0.9999999999999998,1,1
2021-09-04,5,1,1.0000000000000002,1,1
2021-09-05,5,1,1.0,1,1
2021-09-06,5,0,0.9999999999999998,1,1
2021-09-07,5,0,1.0,1,1
2021-09-08,5,1,1.0,1,1
2021-09-09,5,0,1.0,1,1
2021-09-10,5,1,1.0,1,1
2021-09-11,5,1,1.0,1,1
2021-09-12,5,0,1.0,1,1
2021-09-13,5,1,0.9999999999999999,1,1
2021-09-14,5,1,1.0000000000000002,1,1
2021-09-15,5,0,1.0,1,1
2021-09-16,5,0,0.9999999999999999,1,1
2021-09-17,5,1,1.0,1,1
2021-09-18,5,0,1.0,1,1
2021-09-19,5,0,1.0000000000000002,1,1
2021-09-20,5,0,1.0,1,1
2021-09-21,5,1,1.0,1,1
2021-09-22,5,1,1.0000000000000002,1,1
2021-09-23,5,0,1.0,1,1
2021-09-24,5,0,1.0,1,1
2021-09-25,5,1,1.0,1,1
2021-09-26,5,0,1.0,1,1
2021-09-27,5,0,0.9999999999999998,1,1
2021-09-28,5,1,0.9999999999999999,1,1
2021-09-29,5,1,0.9999999999999997,1,1
2021-09-30,5,1,1.0,1,1
2021-10-01,5,0,1.0,1,1
2021-10-02,5,1,0.9999999999999998,1,1
2021-10-03,5,1,1.0000000000000002,1,1
2021-10-04,5,1,0.9999999999999998,1,1
2021-10-05,5,1,0.9999999999999997,1,1
2021-10-06,5,0,1.0,1,1
2021-10-07,5,1,0.9999999999999998,1,1
2021-10-08,5,1,1.0,1,1
2021-10-09,5,0,1.0,1,1
2021-10-10,5,1,1.0000000000000002,1,1
2021-10-11,5,0,0.9999999999999998,1,1
2021-10-12,5,1,1.0,1,1
2021-10-13,5,0,1.0000000000000004,1,1
2021-10-14,5,1,1.0000000000000002,1,1
2021-10-15,5,0,1.0,1,1
2021-10-16,5,1,1.0,1,1
2021-10-17,5,1,1.0,1,1
2021-10-18,5,1,1.0,1,1
2021-10-19,5,1,1.0000000000000002,1,1
2021-10-20,5,0,1.0,1,1
2021-10-21,5,0,1.0,1,1
2021-10-22,5,1,1.0,1,1
2021-10-23,5,0,1.0,1,1
2021-10-24,5,1,0.9999999999999999,1,1
2021-10-25,5,0,1.0,1,1
2021-10-26,5,0,1.0,1,1
2021-10-27,5,1,1.0,1,1
2021-10-28,5,1,0.9999999999999999,1,1
2021-10-29,5,0,1.0,1,1
2021-10-30,5,0,1.0,1,1
2021-10-31,5,0,0.9999999999999998,1,1
2021-11-01,5,1,0.9999999999999998,1,1
2021-11-02,5,0,1.0,1,1
2021-11-03,5,0,1.0000000000000002,1,1
2021-11-04,5,0,1.0000000000000002,1,1
2021-11-05,5,1,0.9999999999999999,1,1
2021-11-06,5,1,1.0000000000000002,1,1
2021-11-07,5,1,1.0,1,1
2021-11-08,5,0,0.9999999999999999,1,1
2021-11-09,5,0,1.0,1,1
2021-11-10,5,0,1.0,1,1
2021-11-11,5,0,1.0000000000000002,1,1
2021-11-12,5,1,1.0,1,1
2021-11-13,5,1,1.0000000000000002,1,1
2021-11-14,5,0,1.0,1,1
2021-11-15,5,0,1.0000000000000002,1,1
2021-11-16,5,1,1.0,1,1
2021-11-17,5,0,1.0000000000000002,1,1
2021-11-18,5,1,1.0000000000000002,1,1
2021-11-19,5,1,0.9999999999999998,1,1
2021-11-20,5,0,1.0000000000000002,1,1
2021-11-21,5,0,0.9999999999999997,1,1
2021-11-22,5,1,1.0000000000000002,1,1
2021-11-23,5,0,1.0000000000000002,1,1
2021-11-24,5,1,1.0,1,1
2021-11-25,5,0,0.9999999999999999,1,1
2021-11-26,5,1,1.0,1,1
2021-11-27,5,1,1.0,1,1
2021-11-28,5,1,1.0,1,1
2021-11-29,5,0,0.9999999999999998,1,1
2021-11-30,5,1,1.0,1,1
2021-12-01,5,0,1.0000000000000002,1,1
2021-12-02,5,0,1.0,1,1
2021-12-03,5,0,1.0,1,1
2021-12-04,5,1,1.0,1,1
2021-12-05,5,1,1.0000000000000002,1,1
2021-12-06,5,1,0.9999999999999998,1,1
2021-12-07,5,0,1.0000000000000002,1,1
2021-12-08,5,0,0.9999999999999999,1,1
2021-12-09,5,0,0.9999999999999999,1,1
2021-12-10,5,1,0.9999999999999999,1,1
2021-12-11,5,1,1.0000000000000002,1,1
2021-12-12,5,0,0.9999999999999999,1,1
2021-12-13,5,0,1.0,1,1
2021-12-14,5,1,0.9999999999999998,1,1
2021-12-15,5,0,1.0,1,1
2021-12-16,5,0,1.0,1,1
2021-12-17,5,1,1.0000000000000002,1,1
2021-12-18,5,0,0.9999999999999998,1,1
2021-12-19,5,1,1.0,1,1
2021-12-20,5,1,1.0000000000000004,1,1
2021-12-21,5,0,1.0,1,1
2021-12-22,5,1,1.0,1,1
2021-12-23,5,1,1.0000000000000002,1,1
2021-12-24,5,0,1.0000000000000002,1,1
2021-12-25,5,1,0.9999999999999998,1,1
2021-12-26,5,0,1.0,1,1
2021-12-27,5,0,0.9999999999999999,1,1
2021-12-28,5,0,1.0,1,1
2021-12-29,5,1,1.0,1,1
2021-12-30,5,0,0.9999999999999998,1,1
2021-12-31,5,1,1.0,1,1
2022-01-01,5,0,0.9999999999999999,1,1
2022-01-02,5,0,0.9999999999999998,1,1
2022-01-03,5,0,1.0000000000000002,1,1
2022-01-04,5,0,1.0000000000000002,1,1
2022-01-05,5,0,1.0,1,1
2022-01-06,5,0,1.0,1,1
2022-01-07,5,1,1.0000000000000002,1,1
2022-01-08,5,1,1.0,1,1
2022-01-09,5,0,1.0000000000000002,1,1
2022-01-10,5,1,0.9999999999999999,1,1
2022-01-11,5,1,0.9999999999999999,1,1
2022-01-12,5,0,1.0,1,1
2022-01-13,5,1,1.0,1,1
2022-01-14,5,1,1.0000000000000002,1,1
2022-01-15,5,0,1.0,1,1
2022-01-16,5,0,1.0,1,1
2022-01-17,5,1,1.0000000000000002,1,1
2022-01-18,5,0,1.0000000000000002,1,1
2022-01-19,5,0,1.0000000000000004,1,1
2022-01-20,5,0,1.0,1,1
2022-01-21,5,0,1.0,1,1
2022-01-22,5,1,0.9999999999999998,1,1
2022-01-23,5,1,0.9999999999999999,1,1
2022-01-24,5,1,1.0000000000000004,1,1
2022-01-25,5,0,1.0,1,1
2022-01-26,5,1,1.0,1,1
2022-01-27,5,1,1.0,1,1
2022-01-28,5,1,0.9999999999999998,1,1
2022-01-29,5,0,1.0,1,1
2022-01-30,5,1,1.0000000000000002,1,1
2022-01-31,5,1,1.0,1,1
2022-02-01,5,0,1.0,1,1
2022-02-02,5,1,1.0,1,1
2022-02-03,5,1,1.0,1,1
2022-02-04,5,0,0.9999999999999998,1,1
2022-02-05,5,1,1.0,1,1
2022-02-06,5,1,1.0,1,1
2022-02-07,5,1,1.0,1,1
2022-02-08,5,1,1.0000000000000002,1,1
2022-02-09,5,0,0.9999999999999997,1,1
2022-02-10,5,0,1.0000000000000004,1,1
2022-02-11,5,0,1.0,1,1
2022-02-12,5,0,0.9999999999999999,1,1
2022-02-13,5,1,1.0,1,1
2022-02-14,5,1,1.0,1,1
2022-02-15,5,0,0.9999999999999999,1,1
2022-02-16,5,0,0.9999999999999999,1,1
2022-02-17,5,0,1.0,1,1
2022-02-18,5,1,1.0,1,1
2022-02-19,5,0,0.9999999999999997,1,1
2022-02-20,5,0,1.0,1,1
2022-02-21,5,1,1.0000000000000002,1,1
2022-02-22,5,0,0.9999999999999999,1,1
2022-02-23,5,1,1.0,1,1
2022-02-24,5,1,1.0,1,1
2022-02-25,5,0,1.0000000000000002,1,1
2022-02-26,5,0,1.0,1,1
2022-02-27,5,1,1.0,1,1
2022-02-28,5,1,1.0,1,1
2022-03-01,5,0,1.0,1,1
2022-03-02,5,0,0.9999999999999998,1,1
2022-03-03,5,0,1.0,1,1
2022-03-04,5,1,1.0,1,1
2022-03-05,5,0,1.0,1,1
2022-03-06,5,0,0.9999999999999999,1,1
2022-03-07,5,1,1.0000000000000002,1,1
2022-03-08,5,1,0.9999999999999998,1,1
2022-03-09,5,0,1.0000000000000002,1,1
2022-03-10,5,0,1.0,1,1
2022-03-11,5,1,1.0,1,1
2022-03-12,5,0,0.9999999999999998,1,1
2022-03-13,5,1,0.9999999999999998,1,1
2022-03-14,5,0,1.0,1,1
2022-03-15,5,1,1.0,1,1
2022-03-16,5,0,1.0,1,1
2022-03-17,5,1,0.9999999999999998,1,1
2022-03-18,5,1,0.9999999999999999,1,1
2022-03-19,5,0,0.9999999999999999,1,1
2022-03-20,5,0,0.9999999999999998,1,1
2022-03-21,5,1,1.0000000000000002,1,1
2022-03-22,5,1,1.0,1,1
2022-03-23,5,1,1.0000000000000002,1,1
2022-03-24,5,1,1.0000000000000002,1,1
2022-03-25,5,1,0.9999999999999999,1,1
2022-03-26,5,1,1.0,1,1
2022-03-27,5,1,1.0,1,1
2022-03-28,5,1,1.0,1,1
2022-03-29,5,0,0.9999999999999999,1,1
2022-03-30,5,0,1.0,1,1
2022-03-31,5,1,1.0,1,1
2022-04-01,5,0,1.0,1,1
2022-04-02,5,1,1.0,1,1
2022-04-03,5,1,1.0,1,1
2022-04-04,5,0,0.9999999999999997,1,1
2022-04-05,5,0,1.0,1,1
2022-04-06,5,1,1.0,1,1
2022-04-07,5,0,1.0,1,1
2022-04-08,5,1,1.0,1,1
2022-04-09,5,0,0.9999999999999999,1,1
2022-04-10,5,0,1.0,1,1
2022-04-11,5,1,1.0,1,1
2022-04-12,5,1,0.9999999999999998,1,1
2022-04-13,5,0,1.0000000000000002,1,1
2022-04-14,5,1,1.0,1,1
2022-04-15,5,0,0.9999999999999999,1,1
2022-04-16,5,0,0.9999999999999999,1,1
2022-04-17,5,1,1.0,1,1
2022-04-18,5,1,0.9999999999999999,1,1
2022-04-19,5,0,0.9999999999999999,1,1
2022-04-20,5,0,0.9999999999999999,1,1
2022-04-21,5,0,1.0000000000000002,1,1
2022-04-22,5,0,1.0,1,1
2022-04-23,5,0,1.0000000000000002,1,1
2022-04-24,5,1,1.0000000000000002,1,1
2022-04-25,5,0,1.0,1,1
2022-04-26,5,1,1.0,1,1
2022-04-27,5,1,0.9999999999999997,1,1
2022-04-28,5,0,1.0,1,1
2022-04-29,5,0,1.0,1,1
2022-04-30,5,1,1.0,1,1
2022-05-01,5,1,1.0,1,1
2022-05-02,5,0,1.0000000000000002,1,1
2022-05-03,5,1,1.0000000000000002,1,1
2022-05-04,5,0,1.0,1,1
2022-05-05,5,0,0.9999999999999998,1,1
2022-05-06,5,0,1.0,1,1
2022-05-07,5,0,1.0000000000000002,1,1
2022-05-08,5,0,1.0,1,1
2022-05-09,5,1,1.0,1,1
2022-05-10,5,0,1.0,1,1
2022-05-11,5,1,1.0,1,1
2022-05-12,5,1,0.9999999999999998,1,1
2022-05-13,5,1,1.0,1,1
2022-05-14,5,1,0.9999999999999998,1,1
2022-05-15,5,0,1.0000000000000004,1,1
2022-05-16,5,1,1.0,1,1
2022-05-17,5,0,1.0,1,1
2022-05-18,5,1,0.9999999999999998,1,1
2022-05-19,5,0,1.0,1,1
2022-05-20,5,1,1.0,1,1
2022-05-21,5,1,1.0000000000000002,1,1
2022-05-22,5,0,1.0000000000000004,1,1
2022-05-23,5,1,0.9999999999999998,1,1
2022-05-24,5,0,0.9999999999999998,1,1
2022-05-25,5,0,0.9999999999999998,1,1
2022-05-26,5,0,0.9999999999999999,1,1
2022-05-27,5,1,1.0,1,1
2022-05-28,5,1,0.9999999999999998,1,1
2022-05-29,5,1,0.9999999999999999,1,1
2022-05-30,5,1,0.9999999999999997,1,1
2022-05-31,5,0,1.0000000000000002,1,1
2022-06-01,5,1,1.0,1,1
2022-06-02,5,0,1.0000000000000002,1,1
2022-06-03,5,1,1.0000000000000004,1,1
2022-06-04,5,1,0.9999999999999999,1,1
2022-06-05,5,1,0.9999999999999999,1,1
2022-06-06,5,0,1.0000000000000002,1,1
2022-06-07,5,0,1.0,1,1
2022-06-08,5,0,0.9999999999999998,1,1
2022-06-09,5,0,1.0,1,1
2022-06-10,5,0,1.0000000000000002,1,1
2022-06-11,5,0,1.0,1,1
2022-06-12,5,0,1.0,1,1
2022-06-13,5,0,1.0000000000000002,1,1
2022-06-14,5,1,0.9999999999999998,1,1
2022-06-15,5,0,0.9999999999999998,1,1
2022-06-16,5,1,1.0,1,1
2022-06-17,5,0,1.0000000000000002,1,1
2022-06-18,5,1,0.9999999999999998,1,1
2022-06-19,5,1,1.0,1,1
2022-06-20,5,1,1.0000000000000002,1,1
2022-06-21,5,0,0.9999999999999999,1,1
2022-06-22,5,1,1.0,1,1
2022-06-23,5,1,1.0,1,1
2022-06-24,5,1,0.9999999999999998,1,1
2022-06-25,5,0,1.0000000000000004,1,1
2022-06-26,5,0,0.9999999999999999,1,1
2022-06-27,5,0,1.0,1,1
2022-06-28,5,0,1.0,1,1
2022-06-29,5,0,1.0,1,1
2022-06-30,5,0,0.9999999999999996,1,1
2022-07-01,5,0,1.0,1,1
2022-07-02,5,1,0.9999999999999998,1,1
2022-07-03,5,1,1.0000000000000002,1,1
2022-07-04,5,0,1.0,1,1
2022-07-05,5,1,1.0,1,1
2022-07-06,5,1,0.9999999999999999,1,1
2022-07-07,5,1,1.0,1,1
2022-07-08,5,0,1.0,1,1
2022-07-09,5,0,1.0,1,1
2022-07-10,5,0,0.9999999999999998,1,1
2022-07-11,5,0,1.0,1,1
2022-07-12,5,1,0.9999999999999999,1,1
2022-07-13,5,1,1.0000000000000002,1,1
2022-07-14,5,1,0.9999999999999998,1,1
2022-07-15,5,1,0.9999999999999999,1,1
2022-07-16,5,0,1.0000000000000002,1,1
2022-07-17,5,1,1.0,1,1
2022-07-18,5,1,1.0,1,1
2022-07-19,5,0,1.0,1,1
2022-07-20,5,0,1.0,1,1
2022-07-21,5,0,1.0,1,1
2022-07-22,5,0,1.0,1,1
2022-07-23,5,1,0.9999999999999999,1,1
2022-07-24,5,0,1.0000000000000002,1,1
2022-07-25,5,0,1.0,1,1
2022-07-26,5,1,0.9999999999999998,1,1
2022-07-27,5,1,1.0,1,1
2022-07-28,5,0,1.0,1,1
2022-07-29,5,0,0.9999999999999998,1,1
2022-07-30,5,0,1.0000000000000002,1,1
2022-07-31,5,0,1.0,1,1
2022-08-01,5,0,1.0000000000000002,1,1
2022-08-02,5,0,1.0000000000000002,1,1
2022-08-03,5,0,1.0,1,1
2022-08-04,5,1,0.9999999999999998,1,1
2022-08-05,6,0,1.0,1,1
2022-08-06,6,1,1.0,1,1
2022-08-07,6,1,1.0000000000000002,1,1
2022-08-08,6,0,1.0,1,1
2022-08-09,6,1,0.9999999999999998,1,1
2022-08-10,6,1,1.0000000000000004,1,1
2022-08-11,6,1,1.0,1,1
2022-08-12,6,1,1.0000000000000002,1,1
2022-08-13,6,0,0.9999999999999997,1,1
2022-08-14,6,0,1.0,1,1
2022-08-15,6,0,1.0,1,1
2022-08-16,6,0,1.0,1,1
2022-08-17,6,0,1.0000000000000002,1,1
2022-08-18,6,0,1.0,1,1
2022-08-19,6,1,1.0,1,1
2022-08-20,6,1,0.9999999999999998,1,1
2022-08-21,6,0,0.9999999999999998,1,1
2022-08-22,6,1,1.0000000000000002,1,1
2022-08-23,6,0,1.0,1,1
2022-08-24,6,1,0.9999999999999999,1,1
2022-08-25,6,0,0.9999999999999998,1,1
2022-08-26,6,0,1.0,1,1
2022-08-27,6,0,1.0000000000000002,1,1
2022-08-28,6,1,1.0,1,1
2022-08-29,6,0,1.0,1,1
2022-08-30,6,1,1.0,1,1
2022-08-31,6,1,1.0000000000000002,1,1
2022-09-01,6,0,1.0,1,1
2022-09-02,6,0,0.9999999999999999,1,1
2022-09-03,6,1,1.0,1,1
2022-09-04,6,0,0.9999999999999999,1,1
2022-09-05,6,0,1.0,1,1
2022-09-06,6,1,0.9999999999999999,1,1
2022-09-07,6,1,0.9999999999999999,1,1
2022-09-08,6,1,1.0,1,1
2022-09-09,6,1,1.0,1,1
2022-09-10,6,1,1.0,1,1
2022-09-11,6,1,1.0,1,1
2022-09-12,6,0,1.0000000000000002,1,1
2022-09-13,6,0,0.9999999999999999,1,1
2022-09-14,6,0,1.0,1,1
2022-09-15,6,1,1.0000000000000002,1,1
2022-09-16,6,1,0.9999999999999998,1,1
2022-09-17,6,0,0.9999999999999999,1,1
2022-09-18,6,1,1.0,1,1
2022-09-19,6,0,1.0,1,1
2022-09-20,6,0,1.0000000000000002,1,1
2022-09-21,6,1,0.9999999999999999,1,1
2022-09-22,6,0,1.0,1,1
2022-09-23,6,0,1.0,1,1
2022-09-24,6,0,0.9999999999999999,1,1
2022-09-25,6,1,1.0,1,1
2022-09-26,6,0,0.9999999999999998,1,1
2022-09-27,6,1,0.9999999999999998,1,1
2022-09-28,6,1,1.0,1,1
2022-09-29,6,0,0.9999999999999998,1,1
2022-09-30,6,0,0.9999999999999998,1,1
2022-10-01,6,0,0.9999999999999999,1,1
2022-10-02,6,1,1.0,1,1
2022-10-03,6,1,1.0000000000000002,1,1
2022-10-04,6,0,1.0000000000000002,1,1
2022-10-05,6,0,0.9999999999999999,1,1
2022-10-06,6,0,0.9999999999999998,1,1
2022-10-07,6,0,1.0000000000000002,1,1
2022-10-08,6,1,1.0,1,1
2022-10-09,6,0,1.0000000000000002,1,1
2022-10-10,6,0,1.0000000000000002,1,1
2022-10-11,6,1,1.0000000000000002,1,1
2022-10-12,6,1,0.9999999999999998,1,1
2022-10-13,6,0,1.0,1,1
2022-10-14,6,0,0.9999999999999998,1,1
2022-10-15,6,1,1.0000000000000002,1,1
2022-10-16,6,1,0.9999999999999999,1,1
2022-10-17,6,0,1.0,1,1
2022-10-18,6,0,1.0,1,1
2022-10-19,6,0,1.0000000000000004,1,1
2022-10-20,6,1,1.0,1,1
2022-10-21,6,1,0.9999999999999997,1,1
2022-10-22,6,1,0.9999999999999996,1,1
2022-10-23,6,0,0.9999999999999999,1,1
2022-10-24,6,1,1.0000000000000002,1,1
2022-10-25,6,1,1.0,1,1
2022-10-26,6,0,1.0,1,1
2022-10-27,6,1,1.0000000000000002,1,1
2022-10-28,6,1,0.9999999999999999,1,1
2022-10-29,6,0,1.0000000000000004,1,1
2022-10-30,6,0,0.9999999999999997,1,1
2022-10-31,6,0,0.9999999999999996,1,1
2022-11-01,6,0,1.0,1,1
2022-11-02,6,1,1.0,1,1
2022-11-03,6,1,1.0,1,1
2022-11-04,6,1,0.9999999999999998,1,1
2022-11-05,6,0,1.0000000000000002,1,1
2022-11-06,6,0,1.0000000000000004,1,1
2022-11-07,6,0,1.0000000000000002,1,1
2022-11-08,6,0,1.0,1,1
2022-11-09,6,1,1.0,1,1
2022-11-10,6,0,0.9999999999999999,1,1
2022-11-11,6,0,1.0,1,1
2022-11-12,6,0,0.9999999999999998,1,1
2022-11-13,6,1,0.9999999999999999,1,1
2022-11-14,6,1,1.0,1,1
2022-11-15,6,0,1.0000000000000002,1,1
2022-11-16,6,1,1.0000000000000002,1,1
2022-11-17,6,1,0.9999999999999998,1,1
2022-11-18,6,1,1.0000000000000002,1,1
2022-11-19,6,0,1.0000000000000002,1,1
2022-11-20,6,0,0.9999999999999999,1,1
2022-11-21,6,1,1.0,1,1
2022-11-22,6,1,1.0,1,1
2022-11-23,6,0,0.9999999999999999,1,1
2022-11-24,6,0,1.0000000000000002,1,1
2022-11-25,6,0,1.0,1,1
2022-11-26,6,0,1.0000000000000002,1,1
2022-11-27,6,0,0.9999999999999999,1,1
2022-11-28,6,1,0.9999999999999999,1,1
2022-11-29,6,1,1.0000000000000002,1,1
2022-11-30,6,0,1.0,1,1
2022-12-01,6,1,1.0000000000000002,1,1
2022-12-02,6,0,1.0,1,1
2022-12-03,6,1,0.9999999999999998,1,1
2022-12-04,6,0,1.0000000000000002,1,1
2022-12-05,6,1,1.0000000000000002,1,1
2022-12-06,6,0,0.9999999999999998,1,1
2022-12-07,6,1,1.0,1,1
2022-12-08,6,0,0.9999999999999998,1,1
2022-12-09,6,0,1.0000000000000004,1,1
2022-12-10,6,0,1.0,1,1
2022-12-11,6,1,1.0000000000000002,1,1
2022-12-12,6,1,1.0000000000000004,1,1
2022-12-13,6,1,0.9999999999999999,1,1
2022-12-14,6,0,1.0,1,1
2022-12-15,6,0,1.0,1,1
2022-12-16,6,1,0.9999999999999999,1,1
2022-12-17,6,0,1.0000000000000002,1,1
2022-12-18,6,0,0.9999999999999999,1,1
2022-12-19,6,1,1.0000000000000002,1,1
2022-12-20,6,0,1.0,1,1
2022-12-21,6,1,1.0,1,1
2022-12-22,6,0,1.0,1,1
2022-12-23,6,1,1.0,1,1
2022-12-24,6,0,0.9999999999999998,1,1
2022-12-25,6,1,0.9999999999999999,1,1
2022-12-26,6,0,0.9999999999999999,1,1
2022-12-27,6,0,1.0000000000000002,1,1
2022-12-28,6,1,1.0,1,1
2022-12-29,6,0,0.9999999999999999,1,1
2022-12-30,6,0,0.9999999999999998,1,1
2022-12-31,6,1,0.9999999999999997,1,1
2023-01-01,6,1,0.9999999999999999,1,1
2023-01-02,6,0,1.0,1,1
2023-01-03,6,1,0.9999999999999998,1,1
2023-01-04,6,0,1.0000000000000002,1,1
2023-01-05,6,1,0.9999999999999999,1,1
2023-01-06,6,1,0.9999999999999997,1,1
2023-01-07,6,1,0.9999999999999999,1,1
2023-01-08,6,1,1.0000000000000002,1,1
2023-01-09,6,1,1.0000000000000002,1,1
2023-01-10,6,1,0.9999999999999996,1,1
2023-01-11,6,1,1.0,1,1
2023-01-12,6,1,1.0,1,1
2023-01-13,6,1,0.9999999999999998,1,1
2023-01-14,6,0,1.0000000000000002,1,1
2023-01-15,6,1,0.9999999999999998,1,1
2023-01-16,6,0,0.9999999999999999,1,1
2023-01-17,6,0,0.9999999999999998,1,1
2023-01-18,6,1,1.0,1,1
2023-01-19,6,1,1.0000000000000002,1,1
2023-01-20,6,1,0.9999999999999998,1,1
2023-01-21,6,0,1.0000000000000002,1,1
2023-01-22,6,1,1.0000000000000002,1,1
2023-01-23,6,0,0.9999999999999998,1,1
2023-01-24,6,1,1.0000000000000002,1,1
2023-01-25,6,0,1.0000000000000002,1,1
2023-01-26,6,1,1.0000000000000002,1,1
2023-01-27,6,0,1.0,1,1
2023-01-28,6,1,1.0000000000000002,1,1
2023-01-29,6,0,1.0,1,1
2023-01-30,6,1,1.0,1,1
2023-01-31,6,1,1.0,1,1
2023-02-01,6,0,1.0,1,1
2023-02-02,6,0,0.9999999999999999,1,1
2023-02-03,6,0,0.9999999999999998,1,1
2023-02-04,6,0,0.9999999999999997,1,1
2023-02-05,6,0,0.9999999999999997,1,1
2023-02-06,6,1,0.9999999999999996,1,1
2023-02-07,6,0,0.9999999999999998,1,1
2023-02-08,6,0,1.0,1,1
2023-02-09,6,0,1.0,1,1
2023-02-10,6,1,0.9999999999999999,1,1
2023-02-11,6,0,0.9999999999999999,1,1
2023-02-12,6,1,1.0000000000000002,1,1
2023-02-13,6,1,0.9999999999999998,1,1
2023-02-14,6,1,1.0,1,1
2023-02-15,6,0,1.0,1,1
2023-02-16,6,1,0.9999999999999999,1,1
2023-02-17,6,1,1.0,1,1
2023-02-18,6,0,1.0,1,1
2023-02-19,6,1,0.9999999999999999,1,1
2023-02-20,6,0,1.0,1,1
2023-02-21,6,0,1.0,1,1
2023-02-22,6,0,0.9999999999999998,1,1
2023-02-23,6,0,1.0,1,1
2023-02-24,6,0,1.0,1,1
2023-02-25,6,1,0.9999999999999999,1,1
2023-02-26,6,0,0.9999999999999999,1,1
2023-02-27,6,0,1.0000000000000002,1,1
2023-02-28,6,1,1.0,1,1
2023-03-01,6,0,1.0,1,1
2023-03-02,6,0,1.0000000000000004,1,1
2023-03-03,6,0,1.0,1,1
2023-03-04,6,1,1.0000000000000002,1,1
2023-03-05,6,0,0.9999999999999999,1,1
2023-03-06,6,0,1.0000000000000002,1,1
2023-03-07,6,0,1.0000000000000002,1,1
2023-03-08,6,0,0.9999999999999998,1,1
2023-03-09,6,0,1.0,1,1
2023-03-10,6,1,1.0000000000000002,1,1
2023-03-11,6,1,1.0,1,1
2023-03-12,6,1,1.0,1,1
2023-03-13,6,1,1.0,1,1
2023-03-14,6,0,1.0,1,1
2023-03-15,6,1,0.9999999999999999,1,1
2023-03-16,6,1,1.0000000000000002,1,1
2023-03-17,6,0,0.9999999999999998,1,1
2023-03-18,6,1,1.0,1,1
2023-03-19,6,0,1.0,1,1
2023-03-20,6,1,0.9999999999999999,1,1
2023-03-21,6,0,1.0000000000000004,1,1
2023-03-22,6,1,0.9999999999999998,1,1
2023-03-23,6,0,0.9999999999999999,1,1
2023-03-24,6,1,1.0,1,1
2023-03-25,6,1,1.0000000000000002,1,1
2023-03-26,6,0,0.9999999999999998,1,1
2023-03-27,6,1,1.0,1,1
2023-03-28,6,1,1.0000000000000002,1,1
2023-03-29,6,0,0.9999999999999999,1,1
2023-03-30,6,1,0.9999999999999999,1,1
2023-03-31,6,0,1.0000000000000002,1,1
2023-04-01,6,0,1.0,1,1
2023-04-02,6,0,0.9999999999999998,1,1
2023-04-03,6,1,0.9999999999999998,1,1
2023-04-04,6,1,0.9999999999999999,1,1
2023-04-05,6,0,0.9999999999999997,1,1
2023-04-06,6,0,1.0,1,1
2023-04-07,6,1,1.0,1,1
2023-04-08,6,1,0.9999999999999997,1,1
2023-04-09,6,1,0.9999999999999998,1,1
2023-04-10,6,1,1.0,1,1
2023-04-11,6,0,1.0,1,1
2023-04-12,6,1,1.0000000000000002,1,1
2023-04-13,6,1,1.0,1,1
2023-04-14,6,0,0.9999999999999998,1,1
2023-04-15,6,0,1.0,1,1
2023-04-16,6,0,1.0,1,1
2023-04-17,6,1,1.0000000000000002,1,1
2023-04-18,6,0,1.0,1,1
2023-04-19,6,0,1.0,1,1
2023-04-20,6,0,1.0,1,1
2023-04-21,6,1,1.0,1,1
2023-04-22,6,0,0.9999999999999999,1,1
2023-04-23,6,0,1.0000000000000002,1,1
2023-04-24,6,1,0.9999999999999999,1,1
2023-04-25,6,1,1.0,1,1
2023-04-26,6,1,1.0,1,1
2023-04-27,6,0,1.0,1,1
2023-04-28,6,0,1.0000000000000002,1,1
2023-04-29,6,1,0.9999999999999999,1,1
2023-04-30,6,0,0.9999999999999996,1,1
2023-05-01,6,1,0.9999999999999998,1,1
2023-05-02,6,1,1.0,1,1
2023-05-03,6,0,0.9999999999999999,1,1
2023-05-04,6,1,1.0,1,1
2023-05-05,6,0,0.9999999999999999,1,1
2023-05-06,6,0,0.9999999999999998,1,1
2023-05-07,6,0,1.0000000000000002,1,1
2023-05-08,6,0,1.0,1,1
2023-05-09,6,0,0.9999999999999998,1,1
2023-05-10,6,0,0.9999999999999998,1,1
2023-05-11,6,0,1.0000000000000002,1,1
2023-05-12,6,0,0.9999999999999997,1,1
2023-05-13,6,1,0.9999999999999998,1,1
2023-05-14,6,1,0.9999999999999998,1,1
2023-05-15,6,0,0.9999999999999999,1,1
2023-05-16,6,1,0.9999999999999998,1,1
2023-05-17,6,0,1.0,1,1
2023-05-18,6,1,0.9999999999999996,1,1
2023-05-19,6,1,1.0,1,1
2023-05-20,6,0,0.9999999999999999,1,1
2023-05-21,6,1,1.0000000000000002,1,1
2023-05-22,6,1,1.0000000000000002,1,1
2023-05-23,6,0,1.0000000000000004,1,1
2023-05-24,6,1,1.0,1,1
2023-05-25,6,1,1.0000000000000002,1,1
2023-05-26,6,1,0.9999999999999994,1,1
2023-05-27,6,1,1.0000000000000002,1,1
2023-05-28,6,0,1.0,1,1
2023-05-29,6,0,0.9999999999999999,1,1
2023-05-30,6,0,1.0,1,1
2023-05-31,6,0,0.9999999999999998,1,1
2023-06-01,6,1,1.0000000000000002,1,1
2023-06-02,6,0,1.0,1,1
2023-06-03,6,1,1.0000000000000002,1,1
2023-06-04,6,0,0.9999999999999998,1,1
2023-06-05,6,1,1.0,1,1
2023-06-06,6,0,1.0,1,1
2023-06-07,6,1,1.0,1,1
2023-06-08,6,0,1.0,1,1
2023-06-09,6,0,1.0000000000000002,1,1
2023-06-10,6,1,1.0,1,1
2023-06-11,6,0,0.9999999999999999,1,1
2023-06-12,6,1,0.9999999999999999,1,1
2023-06-13,6,0,1.0,1,1
2023-06-14,6,1,1.0,1,1
2023-06-15,6,1,0.9999999999999999,1,1
2023-06-16,6,1,1.0000000000000002,1,1
2023-06-17,6,0,0.9999999999999999,1,1
2023-06-18,6,1,1.0000000000000002,1,1
2023-06-19,6,1,0.9999999999999998,1,1
2023-06-20,6,1,0.9999999999999998,1,1
2023-06-21,6,0,0.9999999999999996,1,1
2023-06-22,6,1,1.0,1,1
2023-06-23,6,0,1.0,1,1
2023-06-24,6,0,0.9999999999999999,1,1
2023-06-25,6,0,0.9999999999999999,1,1
2023-06-26,6,1,0.9999999999999999,1,1
2023-06-27,6,0,0.9999999999999998,1,1
2023-06-28,6,1,0.9999999999999999,1,1
2023-06-29,6,1,1.0,1,1
2023-06-30,6,1,0.9999999999999998,1,1
2023-07-01,6,1,1.0,1,1
2023-07-02,6,1,0.9999999999999994,1,1
2023-07-03,6,0,1.0000000000000002,1,1
2023-07-04,6,0,1.0,1,1
2023-07-05,6,0,1.0,1,1
2023-07-06,6,1,1.0,1,1
2023-07-07,6,0,1.0000000000000002,1,1
2023-07-08,6,0,0.9999999999999998,1,1
2023-07-09,6,1,1.0000000000000002,1,1
2023-07-10,6,1,1.0000000000000002,1,1
2023-07-11,6,0,0.9999999999999997,1,1
2023-07-12,6,1,1.0,1,1
2023-07-13,6,0,1.0,1,1
2023-07-14,6,0,1.0,1,1
2023-07-15,6,0,1.0000000000000002,1,1
2023-07-16,6,0,0.9999999999999999,1,1
2023-07-17,6,0,1.0000000000000002,1,1
2023-07-18,6,1,1.0000000000000002,1,1
2023-07-19,6,0,1.0000000000000004,1,1
2023-07-20,6,1,1.0,1,1
2023-07-21,6,0,0.9999999999999999,1,1
2023-07-22,6,1,0.9999999999999999,1,1
2023-07-23,6,0,0.9999999999999999,1,1
2023-07-24,6,1,1.0,1,1
2023-07-25,6,1,1.0000000000000004,1,1
2023-07-26,6,0,0.9999999999999999,1,1
2023-07-27,6,1,0.9999999999999998,1,1
2023-07-28,6,1,1.0000000000000002,1,1
2023-07-29,6,0,1.0,1,1
2023-07-30,6,0,1.0000000000000002,1,1
2023-07-31,6,1,1.0000000000000002,1,1
2023-08-01,6,0,1.0000000000000002,1,1
2023-08-02,6,1,0.9999999999999996,1,1
2023-08-03,6,0,0.9999999999999997,1,1
2023-08-04,6,0,0.9999999999999998,1,1
2023-08-05,6,0,1.0,1,1
2023-08-06,6,1,0.9999999999999997,1,1
2023-08-07,6,1,1.0000000000000002,1,1
2023-08-08,6,0,0.9999999999999998,1,1
2023-08-09,6,0,1.0000000000000004,1,1
2023-08-10,6,0,0.9999999999999999,1,1
2023-08-11,6,1,1.0000000000000002,1,1
2023-08-12,6,0,0.9999999999999997,1,1
2023-08-13,6,1,1.0,1,1
2023-08-14,6,0,0.9999999999999999,1,1
2023-08-15,6,0,0.9999999999999999,1,1
2023-08-16,6,0,1.0000000000000002,1,1
2023-08-17,6,0,1.0,1,1
2023-08-18,6,1,0.9999999999999998,1,1
2023-08-19,6,1,1.0,1,1
2023-08-20,6,0,1.0,1,1
2023-08-21,6,0,1.0,1,1
2023-08-22,6,1,0.9999999999999999,1,1
2023-08-23,6,0,0.9999999999999998,1,1
2023-08-24,6,0,0.9999999999999999,1,1
2023-08-25,6,0,1.0,1,1
2023-08-26,6,1,1.0000000000000002,1,1
2023-08-27,6,1,1.0000000000000002,1,1
2023-08-28,6,1,0.9999999999999999,1,1
2023-08-29,6,0,1.0000000000000002,1,1
2023-08-30,6,0,1.0,1,1
2023-08-31,6,0,1.0,1,1
2023-09-01,6,1,1.0000000000000002,1,1
2023-09-02,6,1,0.9999999999999994,1,1
2023-09-03,6,0,1.0000000000000002,1,1
2023-09-04,6,0,1.0000000000000002,1,1
2023-09-05,6,0,0.9999999999999999,1,1
2023-09-06,6,1,0.9999999999999998,1,1
2023-09-07,6,0,0.9999999999999999,1,1
2023-09-08,6,0,1.0,1,1
2023-09-09,6,0,1.0,1,1
2023-09-10,6,0,1.0,1,1
2023-09-11,6,1,0.9999999999999999,1,1
2023-09-12,6,1,1.0,1,1
2023-09-13,6,1,0.9999999999999998,1,1
2023-09-14,6,1,0.9999999999999997,1,1
2023-09-15,6,0,1.0,1,1
2023-09-16,6,0,1.0000000000000002,1,1
2023-09-17,6,1,0.9999999999999999,1,1
2023-09-18,6,1,0.9999999999999999,1,1
2023-09-19,6,0,1.0,1,1
2023-09-20,6,0,0.9999999999999999,1,1
2023-09-21,6,1,1.0,1,1
2023-09-22,6,0,1.0000000000000002,1,1
2023-09-23,6,0,0.9999999999999998,1,1
2023-09-24,6,1,1.0000000000000002,1,1
2023-09-25,6,0,1.0,1,1
2023-09-26,6,1,1.0,1,1
2023-09-27,6,1,0.9999999999999998,1,1
2023-09-28,6,0,1.0,1,1
2023-09-29,6,1,1.0000000000000002,1,1
2023-09-30,6,1,1.0000000000000002,1,1
2023-10-01,6,0,1.0,1,1
2023-10-02,6,0,0.9999999999999998,1,1
2023-10-03,6,1,1.0000000000000002,1,1
2023-10-04,6,0,1.0,1,1
2023-10-05,6,1,1.0,1,1
2023-10-06,6,1,1.0,1,1
2023-10-07,6,0,1.0,1,1
2023-10-08,6,0,1.0,1,1
2023-10-09,6,0,1.0000000000000002,1,1
2023-10-10,6,0,0.9999999999999999,1,1
2023-10-11,6,0,1.0000000000000004,1,1
2023-10-12,6,1,1.0,1,1
2023-10-13,6,0,1.0000000000000002,1,1
2023-10-14,6,1,0.9999999999999998,1,1
2023-10-15,6,1,0.9999999999999998,1,1
2023-10-16,6,0,1.0,1,1
2023-10-17,6,0,0.9999999999999999,1,1
2023-10-18,6,1,1.0,1,1
2023-10-19,6,1,1.0000000000000002,1,1
2023-10-20,6,1,1.0,1,1
2023-10-21,6,1,1.0000000000000004,1,1
2023-10-22,6,1,1.0,1,1
2023-10-23,6,1,0.9999999999999998,1,1
2023-10-24,6,1,0.9999999999999998,1,1
2023-10-25,6,0,0.9999999999999998,1,1
2023-10-26,6,0,0.9999999999999998,1,1
2023-10-27,6,1,1.0,1,1
2023-10-28,6,1,0.9999999999999998,1,1
2023-10-29,6,0,1.0000000000000002,1,1
2023-10-30,6,1,1.0,1,1
2023-10-31,6,1,0.9999999999999999,1,1
2023-11-01,6,0,0.9999999999999998,1,1
2023-11-02,6,0,0.9999999999999999,1,1
2023-11-03,6,1,1.0000000000000002,1,1
2023-11-04,6,0,1.0000000000000004,1,1
2023-11-05,6,0,1.0000000000000004,1,1
2023-11-06,6,1,1.0,1,1
2023-11-07,6,1,0.9999999999999996,1,1
2023-11-08,6,1,1.0,1,1
2023-11-09,6,1,1.0000000000000002,1,1
2023-11-10,6,0,0.9999999999999998,1,1
2023-11-11,6,0,0.9999999999999998,1,1
2023-11-12,6,0,1.0000000000000004,1,1
2023-11-13,6,0,1.0000000000000004,1,1
2023-11-14,6,1,0.9999999999999998,1,1
2023-11-15,6,0,1.0,1,1
2023-11-16,6,1,1.0,1,1
2023-11-17,6,0,1.0000000000000002,1,1
2023-11-18,6,1,1.0,1,1
2023-11-19,6,1,1.0,1,1
2023-11-20,6,0,0.9999999999999996,1,1
2023-11-21,6,1,0.9999999999999998,1,1
2023-11-22,6,0,1.0000000000000002,1,1
2023-11-23,6,1,1.0,1,1
2023-11-24,6,1,1.0000000000000002,1,1
2023-11-25,7,0,1.0000000000000002,1,1
2023-11-26,7,0,1.0000000000000002,1,1
2023-11-27,7,1,1.0000000000000004,1,1
2023-11-28,7,1,0.9999999999999999,1,1
2023-11-29,7,0,1.0000000000000002,1,1
2023-11-30,7,1,1.0,1,1
2023-12-01,7,1,1.0,1,1
2023-12-02,7,1,0.9999999999999999,1,1
2023-12-03,7,1,0.9999999999999998,1,1
2023-12-04,7,1,1.0,1,1
2023-12-05,7,0,0.9999999999999998,1,1
2023-12-06,7,0,1.0,1,1
2023-12-07,7,1,0.9999999999999999,1,1
2023-12-08,7,0,0.9999999999999997,1,1
2023-12-09,7,1,0.9999999999999999,1,1
2023-12-10,7,0,1.0,1,1
2023-12-11,7,1,1.0,1,1
2023-12-12,7,1,0.9999999999999997,1,1
2023-12-13,7,1,1.0,1,1
2023-12-14,7,0,0.9999999999999999,1,1
2023-12-15,7,1,0.9999999999999998,1,1
2023-12-16,7,0,0.9999999999999998,1,1
2023-12-17,7,1,1.0,1,1
2023-12-18,7,0,1.0,1,1
2023-12-19,7,1,0.9999999999999998,1,1
2023-12-20,7,1,0.9999999999999999,1,1
2023-12-21,7,1,0.9999999999999999,1,1
2023-12-22,7,0,1.0000000000000002,1,1
2023-12-23,7,0,1.0000000000000002,1,1
2023-12-24,7,1,0.9999999999999998,1,1
2023-12-25,7,0,0.9999999999999999,1,1
2023-12-26,7,1,0.9999999999999999,1,1
2023-12-27,7,0,0.9999999999999997,1,1
2023-12-28,7,0,1.0,1,1
2023-12-29,7,1,1.0,1,1
2023-12-30,7,1,1.0000000000000004,1,1
2023-12-31,7,1,0.9999999999999999,1,1
2024-01-01,7,1,0.9999999999999999,1,1
2024-01-02,7,0,1.0000000000000002,1,1
2024-01-03,7,1,1.0000000000000002,1,1
2024-01-04,7,0,1.0,1,1
2024-01-05,7,0,1.0,1,1
2024-01-06,7,0,1.0,1,1
2024-01-07,7,1,1.0,1,1
2024-01-08,7,0,0.9999999999999999,1,1
2024-01-09,7,1,0.9999999999999998,1,1
2024-01-10,7,0,1.0,1,1
2024-01-11,7,0,0.9999999999999999,1,1
2024-01-12,7,0,0.9999999999999998,1,1
2024-01-13,7,0,0.9999999999999998,1,1
2024-01-14,7,1,1.0,1,1
2024-01-15,7,1,1.0000000000000004,1,1
2024-01-16,7,0,1.0000000000000002,1,1
2024-01-17,7,0,1.0,1,1
2024-01-18,7,1,1.0,1,1
2024-01-19,7,1,0.9999999999999999,1,1
2024-01-20,7,0,1.0,1,1
2024-01-21,7,0,1.0000000000000002,1,1
2024-01-22,7,1,1.0,1,1
2024-01-23,7,1,1.0,1,1
2024-01-24,7,0,1.0,1,1
2024-01-25,7,1,0.9999999999999997,1,1
2024-01-26,7,1,0.9999999999999998,1,1
2024-01-27,7,0,1.0000000000000004,1,1
2024-01-28,7,1,1.0,1,1
2024-01-29,7,0,1.0000000000000002,1,1
2024-01-30,7,0,0.9999999999999998,1,1
2024-01-31,7,1,1.0000000000000002,1,1
2024-02-01,7,1,1.0000000000000002,1,1
2024-02-02,7,0,1.0000000000000002,1,1
2024-02-03,7,0,1.0000000000000002,1,1
2024-02-04,7,1,1.0000000000000004,1,1
2024-02-05,7,1,1.0,1,1
2024-02-06,7,1,1.0,1,1
2024-02-07,7,1,0.9999999999999997,1,1
2024-02-08,7,1,1.0,1,1
2024-02-09,7,1,0.9999999999999998,1,1
2024-02-10,7,1,1.0,1,1
2024-02-11,7,1,1.0000000000000002,1,1
2024-02-12,7,0,1.0,1,1
2024-02-13,7,1,1.0,1,1
2024-02-14,7,1,0.9999999999999999,1,1
2024-02-15,7,1,0.9999999999999999,1,1
2024-02-16,7,0,1.0,1,1
2024-02-17,7,1,1.0,1,1
2024-02-18,7,0,1.0000000000000002,1,1
2024-02-19,7,1,1.0,1,1
2024-02-20,7,0,1.0,1,1
2024-02-21,7,0,1.0,1,1
2024-02-22,7,0,1.0000000000000002,1,1
2024-02-23,7,1,0.9999999999999999,1,1
2024-02-24,7,1,1.0,1,1
2024-02-25,7,1,0.9999999999999999,1,1
2024-02-26,7,1,0.9999999999999998,1,1
2024-02-27,7,1,1.0000000000000002,1,1
2024-02-28,7,0,1.0,1,1
2024-02-29,7,1,1.0,1,1
2024-03-01,7,0,0.9999999999999998,1,1
2024-03-02,7,1,1.0000000000000004,1,1
2024-03-03,7,1,1.0000000000000002,1,1
2024-03-04,7,0,1.0,1,1
2024-03-05,7,1,1.0,1,1
2024-03-06,7,1,1.0,1,1
2024-03-07,7,1,1.0000000000000002,1,1
2024-03-08,7,1,1.0,1,1
2024-03-09,7,1,1.0,1,1
2024-03-10,7,1,1.0000000000000002,1,1
2024-03-11,7,0,1.0,1,1
2024-03-12,7,1,1.0,1,1
2024-03-13,7,0,1.0,1,1
2024-03-14,7,0,1.0,1,1
2024-03-15,7,0,1.0000000000000002,1,1
2024-03-16,7,1,1.0,1,1
2024-03-17,7,0,0.9999999999999998,1,1
2024-03-18,7,0,0.9999999999999996,1,1
2024-03-19,7,1,1.0,1,1
2024-03-20,7,0,1.0,1,1
2024-03-21,7,0,0.9999999999999999,1,1
2024-03-22,7,1,0.9999999999999998,1,1
2024-03-23,7,1,0.9999999999999999,1,1
2024-03-24,7,1,1.0,1,1
2024-03-25,7,1,1.0000000000000002,1,1
2024-03-26,7,0,1.0,1,1
2024-03-27,7,1,1.0,1,1
2024-03-28,7,0,0.9999999999999999,1,1
2024-03-29,7,0,0.9999999999999999,1,1
2024-03-30,7,1,1.0,1,1
2024-03-31,7,0,0.9999999999999999,1,1
2024-04-01,7,0,0.9999999999999999,1,1
2024-04-02,7,1,1.0,1,1
2024-04-03,7,1,0.9999999999999998,1,1
2024-04-04,7,0,1.0,1,1
2024-04-05,7,1,0.9999999999999998,1,1
2024-04-06,7,1,0.9999999999999998,1,1
2024-04-07,7,1,1.0000000000000004,1,1
2024-04-08,7,0,1.0,1,1
2024-04-09,7,1,1.0000000000000002,1,1
2024-04-10,7,0,0.9999999999999999,1,1
2024-04-11,7,0,0.9999999999999998,1,1
2024-04-12,7,0,1.0,1,1
2024-04-13,7,1,0.9999999999999998,1,1
2024-04-14,7,0,1.0,1,1
2024-04-15,7,1,0.9999999999999998,1,1
2024-04-16,7,0,0.9999999999999999,1,1
2024-04-17,7,1,1.0,1,1
2024-04-18,7,1,1.0000000000000002,1,1
2024-04-19,7,1,1.0000000000000002,1,1
2024-04-20,7,0,1.0000000000000002,1,1
2024-04-21,7,1,0.9999999999999998,1,1
2024-04-22,7,0,1.0,1,1
2024-04-23,7,0,0.9999999999999997,1,1
2024-04-24,7,1,1.0,1,1
2024-04-25,7,0,1.0000000000000002,1,1
2024-04-26,7,0,1.0,1,1
2024-04-27,7,0,1.0,1,1
2024-04-28,7,1,1.0000000000000002,1,1
2024-04-29,7,0,1.0,1,1
2024-04-30,7,0,0.9999999999999999,1,1
2024-05-01,7,1,0.9999999999999999,1,1
2024-05-02,7,1,1.0,1,1
2024-05-03,7,1,1.0,1,1
2024-05-04,7,1,1.0,1,1
2024-05-05,7,0,0.9999999999999999,1,1
2024-05-06,7,0,0.9999999999999999,1,1
2024-05-07,7,0,1.0000000000000002,1,1
2024-05-08,7,1,1.0000000000000002,1,1
2024-05-09,7,0,0.9999999999999999,1,1
2024-05-10,7,1,1.0,1,1
2024-05-11,7,1,1.0,1,1
2024-05-12,7,1,1.0,1,1
2024-05-13,7,0,1.0,1,1
2024-05-14,7,1,1.0,1,1
2024-05-15,7,0,1.0,1,1
2024-05-16,7,1,1.0000000000000002,1,1
2024-05-17,7,0,1.0,1,1
2024-05-18,7,0,1.0000000000000002,1,1
2024-05-19,7,1,1.0,1,1
2024-05-20,7,0,1.0,1,1
2024-05-21,7,0,1.0,1,1
2024-05-22,7,0,1.0,1,1
2024-05-23,7,1,1.0,1,1
2024-05-24,7,1,1.0000000000000004,1,1
2024-05-25,7,0,1.0000000000000004,1,1
2024-05-26,7,1,0.9999999999999998,1,1
2024-05-27,7,0,0.9999999999999999,1,1
2024-05-28,7,0,1.0000000000000002,1,1
2024-05-29,7,1,0.9999999999999998,1,1
2024-05-30,7,0,1.0000000000000002,1,1
2024-05-31,7,1,1.0,1,1
2024-06-01,7,1,1.0,1,1
2024-06-02,7,1,1.0000000000000004,1,1
2024-06-03,7,1,1.0000000000000002,1,1
2024-06-04,7,1,1.0,1,1
2024-06-05,7,0,0.9999999999999998,1,1
2024-06-06,7,0,0.9999999999999998,1,1
2024-06-07,7,0,1.0,1,1
2024-06-08,7,1,0.9999999999999999,1,1
2024-06-09,7,0,0.9999999999999998,1,1
2024-06-10,7,0,1.0000000000000002,1,1
2024-06-11,7,1,0.9999999999999997,1,1
2024-06-12,7,0,0.9999999999999998,1,1
2024-06-13,7,0,0.9999999999999999,1,1
2024-06-14,7,1,0.9999999999999999,1,1
2024-06-15,7,1,1.0000000000000002,1,1
2024-06-16,7,0,0.9999999999999999,1,1
2024-06-17,7,0,0.9999999999999999,1,1
2024-06-18,7,0,1.0,1,1
2024-06-19,7,0,0.9999999999999999,1,1
2024-06-20,7,0,1.0000000000000002,1,1
2024-06-21,7,1,0.9999999999999993,1,1
2024-06-22,7,0,0.9999999999999999,1,1
2024-06-23,7,0,1.0,1,1
2024-06-24,7,1,1.0,1,1
2024-06-25,7,0,1.0000000000000002,1,1
2024-06-26,7,1,0.9999999999999998,1,1
2024-06-27,7,0,0.9999999999999998,1,1
2024-06-28,7,1,0.9999999999999998,1,1
2024-06-29,7,1,1.0,1,1
2024-06-30,7,1,0.9999999999999999,1,1
2024-07-01,7,0,1.0000000000000002,1,1
2024-07-02,7,0,1.0000000000000002,1,1
2024-07-03,7,0,1.0,1,1
2024-07-04,7,0,1.0,1,1
2024-07-05,7,1,1.0000000000000002,1,1
2024-07-06,7,0,1.0,1,1
2024-07-07,7,1,1.0000000000000002,1,1
2024-07-08,7,1,0.9999999999999996,1,1
2024-07-09,7,0,0.9999999999999999,1,1
2024-07-10,7,0,1.0,1,1
2024-07-11,7,1,1.0000000000000002,1,1
2024-07-12,7,1,1.0000000000000002,1,1
2024-07-13,7,1,1.0,1,1
2024-07-14,7,1,1.0,1,1
2024-07-15,7,1,0.9999999999999999,1,1
2024-07-16,7,0,1.0,1,1
2024-07-17,7,0,1.0,1,1
2024-07-18,7,1,1.0000000000000004,1,1
2024-07-19,7,1,1.0,1,1
2024-07-20,7,1,1.0,1,1
2024-07-21,7,0,0.9999999999999999,1,1
2024-07-22,7,0,0.9999999999999999,1,1
2024-07-23,7,0,1.0,1,1
2024-07-24,7,1,0.9999999999999999,1,1
2024-07-25,7,1,0.9999999999999997,1,1
2024-07-26,7,0,1.0,1,1
2024-07-27,7,1,1.0000000000000002,1,1
2024-07-28,7,0,1.0000000000000002,1,1
2024-07-29,7,0,1.0,1,1
2024-07-30,7,0,0.9999999999999998,1,1
2024-07-31,7,1,1.0,1,1
2024-08-01,7,0,0.9999999999999998,1,1
2024-08-02,7,0,1.0,1,1
2024-08-03,7,0,1.0000000000000002,1,1
2024-08-04,7,0,1.0,1,1
2024-08-05,7,1,1.0,1,1
2024-08-06,7,0,1.0,1,1
2024-08-07,7,1,1.0,1,1
2024-08-08,7,0,0.9999999999999999,1,1
2024-08-09,7,1,1.0,1,1
2024-08-10,7,0,1.0,1,1
2024-08-11,7,1,1.0,1,1
2024-08-12,7,1,1.0,1,1
2024-08-13,7,0,1.0,1,1
2024-08-14,7,0,0.9999999999999999,1,1
2024-08-15,7,1,1.0000000000000004,1,1
2024-08-16,7,1,1.0000000000000002,1,1
2024-08-17,7,0,1.0000000000000004,1,1
2024-08-18,7,1,1.0,1,1
2024-08-19,7,0,1.0000000000000002,1,1
2024-08-20,7,1,0.9999999999999997,1,1
2024-08-21,7,0,1.0,1,1
2024-08-22,7,1,1.0,1,1
2024-08-23,7,1,1.0000000000000004,1,1
2024-08-24,7,1,1.0000000000000002,1,1
2024-08-25,7,0,1.0,1,1
2024-08-26,7,0,0.9999999999999998,1,1
2024-08-27,7,0,1.0,1,1
2024-08-28,7,1,1.0,1,1
2024-08-29,7,0,1.0,1,1
2024-08-30,7,0,1.0000000000000004,1,1
2024-08-31,7,0,1.0000000000000004,1,1
2024-09-01,7,1,1.0,1,1
2024-09-02,7,0,0.9999999999999998,1,1
2024-09-03,7,1,0.9999999999999998,1,1
2024-09-04,7,0,1.0000000000000002,1,1
2024-09-05,7,0,1.0,1,1
2024-09-06,7,1,0.9999999999999998,1,1
2024-09-07,7,1,0.9999999999999999,1,1
2024-09-08,7,1,1.0,1,1
2024-09-09,7,1,1.0,1,1
2024-09-10,7,0,0.9999999999999999,1,1
2024-09-11,7,1,1.0,1,1
2024-09-12,7,1,1.0,1,1
2024-09-13,7,0,0.9999999999999999,1,1
2024-09-14,7,0,0.9999999999999998,1,1
2024-09-15,7,0,1.0,1,1
2024-09-16,7,1,1.0,1,1
2024-09-17,7,1,0.9999999999999998,1,1
2024-09-18,7,1,0.9999999999999999,1,1
2024-09-19,7,1,0.9999999999999999,1,1
2024-09-20,7,1,0.9999999999999997,1,1
2024-09-21,7,1,0.9999999999999998,1,1
2024-09-22,7,0,0.9999999999999999,1,1
2024-09-23,7,1,1.0000000000000004,1,1
2024-09-24,7,0,0.9999999999999999,1,1
2024-09-25,7,1,1.0000000000000002,1,1
2024-09-26,7,1,0.9999999999999999,1,1
2024-09-27,7,1,1.0,1,1
2024-09-28,7,0,0.9999999999999999,1,1
2024-09-29,7,0,1.0,1,1
2024-09-30,7,0,1.0,1,1
2024-10-01,7,0,1.0,1,1
2024-10-02,7,1,0.9999999999999998,1,1
2024-10-03,7,1,0.9999999999999998,1,1
2024-10-04,7,1,1.0,1,1
2024-10-05,7,1,0.9999999999999997,1,1
2024-10-06,7,0,0.9999999999999997,1,1
2024-10-07,7,0,1.0000000000000002,1,1
2024-10-08,7,0,1.0000000000000004,1,1
2024-10-09,7,0,1.0,1,1
2024-10-10,7,1,0.9999999999999999,1,1
2024-10-11,7,1,1.0,1,1
2024-10-12,7,0,1.0,1,1
2024-10-13,7,1,1.0,1,1
2024-10-14,7,1,1.0,1,1
2024-10-15,7,1,0.9999999999999998,1,1
2024-10-16,7,0,1.0,1,1
2024-10-17,7,1,1.0,1,1
2024-10-18,7,0,1.0000000000000002,1,1
2024-10-19,7,1,1.0000000000000002,1,1
2024-10-20,7,0,1.0,1,1
2024-10-21,7,0,0.9999999999999999,1,1
2024-10-22,7,0,1.0,1,1
2024-10-23,7,1,0.9999999999999999,1,1
2024-10-24,7,0,1.0,1,1
2024-10-25,7,1,1.0,1,1
2024-10-26,7,1,1.0000000000000002,1,1
2024-10-27,7,1,1.0,1,1
2024-10-28,7,1,0.9999999999999999,1,1
2024-10-29,7,0,1.0,1,1
2024-10-30,7,0,1.0000000000000002,1,1
2024-10-31,7,0,1.0,1,1
2024-11-01,7,0,1.0,1,1
2024-11-02,7,0,0.9999999999999998,1,1
2024-11-03,7,0,0.9999999999999999,1,1
2024-11-04,7,1,1.0,1,1
2024-11-05,7,1,0.9999999999999999,1,1
2024-11-06,7,1,0.9999999999999999,1,1
2024-11-07,7,1,0.9999999999999996,1,1
2024-11-08,7,1,0.9999999999999998,1,1
2024-11-09,7,1,1.0000000000000002,1,1
2024-11-10,7,1,0.9999999999999999,1,1
2024-11-11,7,0,1.0,1,1
2024-11-12,7,1,1.0000000000000004,1,1
2024-11-13,7,0,1.0,1,1
2024-11-14,7,1,1.0,1,1
2024-11-15,7,0,1.0000000000000002,1,1
2024-11-16,7,0,1.0,1,1
2024-11-17,7,1,1.0,1,1
2024-11-18,7,1,1.0000000000000002,1,1
2024-11-19,7,1,1.0000000000000002,1,1
2024-11-20,7,1,0.9999999999999999,1,1
2024-11-21,7,1,0.9999999999999996,1,1
2024-11-22,7,0,1.0000000000000002,1,1
2024-11-23,7,1,1.0,1,1
2024-11-24,7,0,1.0,1,1
2024-11-25,7,0,1.0,1,1
2024-11-26,7,1,1.0,1,1
2024-11-27,7,0,1.0,1,1
2024-11-28,7,1,1.0,1,1
2024-11-29,7,0,0.9999999999999999,1,1
2024-11-30,7,1,0.9999999999999999,1,1
2024-12-01,7,0,1.0,1,1
2024-12-02,7,1,0.9999999999999999,1,1
2024-12-03,7,1,0.9999999999999999,1,1
2024-12-04,7,0,1.0000000000000002,1,1
2024-12-05,7,1,1.0,1,1
2024-12-06,7,1,1.0,1,1
2024-12-07,7,1,0.9999999999999998,1,1
2024-12-08,7,0,0.9999999999999998,1,1
2024-12-09,7,0,0.9999999999999999,1,1
2024-12-10,7,1,1.0,1,1
2024-12-11,7,0,1.0000000000000002,1,1
2024-12-12,7,1,1.0000000000000002,1,1
2024-12-13,7,0,0.9999999999999997,1,1
2024-12-14,7,1,0.9999999999999996,1,1
2024-12-15,7,1,1.0,1,1
2024-12-16,7,1,1.0,1,1
2024-12-17,7,0,1.0,1,1
2024-12-18,7,0,1.0,1,1
2024-12-19,7,1,1.0,1,1
2024-12-20,7,0,0.9999999999999997,1,1
2024-12-21,7,0,1.0000000000000002,1,1
2024-12-22,7,0,1.0,1,1
2024-12-23,7,1,0.9999999999999998,1,1
2024-12-24,7,1,1.0,1,1
2024-12-25,7,0,1.0,1,1
2024-12-26,7,0,1.0000000000000002,1,1
2024-12-27,7,1,1.0,1,1
2024-12-28,7,0,0.9999999999999999,1,1
2024-12-29,7,0,1.0,1,1
2024-12-30,7,1,0.9999999999999999,1,1
2024-12-31,7,1,1.0000000000000004,1,1
2025-01-01,7,1,1.0000000000000002,1,1
2025-01-02,7,1,0.9999999999999998,1,1
2025-01-03,7,1,0.9999999999999997,1,1
2025-01-04,7,1,0.9999999999999996,1,1
2025-01-05,7,1,1.0,1,1
2025-01-06,7,0,0.9999999999999999,1,1
2025-01-07,7,0,0.9999999999999999,1,1
2025-01-08,7,0,0.9999999999999998,1,1
2025-01-09,7,1,1.0000000000000004,1,1
2025-01-10,7,0,1.0000000000000002,1,1
2025-01-11,7,0,1.0000000000000002,1,1
2025-01-12,7,1,0.9999999999999998,1,1
2025-01-13,7,1,1.0,1,1
2025-01-14,7,1,0.9999999999999997,1,1
2025-01-15,7,0,1.0,1,1
2025-01-16,7,1,1.0000000000000002,1,1
2025-01-17,7,0,1.0,1,1
2025-01-18,7,0,1.0,1,1
2025-01-19,7,1,0.9999999999999999,1,1
2025-01-20,7,1,1.0000000000000002,1,1
2025-01-21,7,0,1.0,1,1
2025-01-22,7,1,0.9999999999999998,1,1
2025-01-23,7,1,0.9999999999999997,1,1
2025-01-24,7,0,1.0,1,1
2025-01-25,7,0,1.0,1,1
2025-01-26,7,0,1.0,1,1
2025-01-27,7,0,1.0,1,1
2025-01-28,7,1,1.0000000000000004,1,1
2025-01-29,7,1,0.9999999999999998,1,1
2025-01-30,7,0,0.9999999999999998,1,1
2025-01-31,7,0,0.9999999999999998,1,1
2025-02-01,7,0,0.9999999999999999,1,1
2025-02-02,7,1,0.9999999999999998,1,1
2025-02-03,7,0,1.0000000000000002,1,1
2025-02-04,7,0,1.0,1,1
2025-02-05,7,0,1.0,1,1
2025-02-06,7,0,1.0,1,1
2025-02-07,7,0,0.9999999999999999,1,1
2025-02-08,7,1,1.0,1,1
2025-02-09,7,1,0.9999999999999998,1,1
2025-02-10,7,0,0.9999999999999998,1,1
2025-02-11,7,1,1.0000000000000002,1,1
2025-02-12,7,0,1.0,1,1
2025-02-13,7,1,1.0,1,1
2025-02-14,7,1,1.0000000000000002,1,1
2025-02-15,7,0,1.0000000000000002,1,1
2025-02-16,7,0,0.9999999999999998,1,1
2025-02-17,7,0,1.0000000000000002,1,1
2025-02-18,7,1,0.9999999999999997,1,1
2025-02-19,7,1,1.0000000000000002,1,1
2025-02-20,7,0,1.0,1,1
2025-02-21,7,1,0.9999999999999998,1,1
2025-02-22,7,0,0.9999999999999999,1,1
2025-02-23,7,0,0.9999999999999998,1,1
2025-02-24,7,0,1.0,1,1
2025-02-25,7,0,1.0,1,1
2025-02-26,7,1,0.9999999999999998,1,1
2025-02-27,7,0,1.0,1,1
2025-02-28,7,1,0.9999999999999998,1,1
2025-03-01,7,1,1.0,1,1
2025-03-02,7,0,1.0,1,1
2025-03-03,7,1,1.0,1,1
2025-03-04,7,1,1.0,1,1
2025-03-05,7,0,1.0,1,1
2025-03-06,7,0,1.0,1,1
2025-03-07,7,0,1.0,1,1
2025-03-08,7,0,1.0000000000000004,1,1
2025-03-09,7,0,1.0,1,1
2025-03-10,7,1,0.9999999999999999,1,1
2025-03-11,7,1,1.0000000000000002,1,1
2025-03-12,7,0,1.0000000000000002,1,1
2025-03-13,7,1,0.9999999999999999,1,1
2025-03-14,7,1,1.0,1,1
2025-03-15,7,0,1.0,1,1
2025-03-16,8,1,0.9999999999999998,1,1
2025-03-17,8,0,1.0,1,1
2025-03-18,8,1,0.9999999999999999,1,1
2025-03-19,8,0,1.0,1,1
2025-03-20,8,0,1.0,1,1
2025-03-21,8,0,1.0,1,1
2025-03-22,8,1,1.0000000000000002,1,1
2025-03-23,8,1,0.9999999999999998,1,1
2025-03-24,8,0,1.0000000000000002,1,1
2025-03-25,8,0,0.9999999999999999,1,1
2025-03-26,8,1,0.9999999999999999,1,1
2025-03-27,8,0,0.9999999999999997,1,1
2025-03-28,8,0,1.0,1,1
2025-03-29,8,0,0.9999999999999999,1,1
2025-03-30,8,1,0.9999999999999998,1,1
2025-03-31,8,1,0.9999999999999997,1,1
2025-04-01,8,0,1.0000000000000002,1,1
2025-04-02,8,1,1.0,1,1
2025-04-03,8,1,0.9999999999999996,1,1
2025-04-04,8,0,0.9999999999999997,1,1
2025-04-05,8,0,0.9999999999999999,1,1
2025-04-06,8,1,1.0000000000000002,1,1
2025-04-07,8,0,1.0,1,1
2025-04-08,8,1,1.0,1,1
2025-04-09,8,0,1.0,1,1
2025-04-10,8,1,1.0,1,1
2025-04-11,8,1,1.0,1,1
2025-04-12,8,0,0.9999999999999998,1,1
2025-04-13,8,1,1.0,1,1
2025-04-14,8,0,0.9999999999999999,1,1
2025-04-15,8,1,1.0000000000000002,1,1
2025-04-16,8,1,0.9999999999999997,1,1
2025-04-17,8,0,0.9999999999999997,1,1
2025-04-18,8,1,1.0,1,1
2025-04-19,8,1,1.0000000000000002,1,1
2025-04-20,8,1,1.0,1,1
2025-04-21,8,1,1.0,1,1
2025-04-22,8,1,1.0000000000000002,1,1
2025-04-23,8,1,1.0000000000000002,1,1
2025-04-24,8,1,1.0,1,1
2025-04-25,8,0,1.0000000000000002,1,1
2025-04-26,8,0,0.9999999999999999,1,1
2025-04-27,8,1,0.9999999999999997,1,1
2025-04-28,8,0,0.9999999999999999,1,1
2025-04-29,8,0,1.0,1,1
2025-04-30,8,1,0.9999999999999999,1,1
2025-05-01,8,1,1.0,1,1
2025-05-02,8,0,0.9999999999999999,1,1
2025-05-03,8,0,1.0000000000000002,1,1
2025-05-04,8,1,0.9999999999999998,1,1
2025-05-05,8,1,0.9999999999999999,1,1
2025-05-06,8,1,1.0,1,1
2025-05-07,8,1,1.0000000000000002,1,1
2025-05-08,8,0,1.0000000000000002,1,1
2025-05-09,8,1,0.9999999999999999,1,1
2025-05-10,8,0,1.0,1,1
2025-05-11,8,0,1.0000000000000002,1,1
2025-05-12,8,1,1.0,1,1
2025-05-13,8,0,0.9999999999999998,1,1
2025-05-14,8,1,0.9999999999999999,1,1
2025-05-15,8,0,0.9999999999999999,1,1
2025-05-16,8,0,1.0000000000000004,1,1
2025-05-17,8,1,0.9999999999999997,1,1
2025-05-18,8,0,0.9999999999999999,1,1
2025-05-19,8,1,0.9999999999999998,1,1
2025-05-20,8,1,0.9999999999999998,1,1
2025-05-21,8,1,0.9999999999999999,1,1
2025-05-22,8,0,0.9999999999999998,1,1
2025-05-23,8,1,0.9999999999999997,1,1
2025-05-24,8,1,1.0,1,1
2025-05-25,8,1,1.0,1,1
2025-05-26,8,0,1.0,1,1
2025-05-27,8,0,0.9999999999999998,1,1
2025-05-28,8,0,0.9999999999999998,1,1
2025-05-29,8,0,0.9999999999999999,1,1
2025-05-30,8,1,1.0000000000000002,1,1
2025-05-31,8,1,1.0000000000000002,1,1
2025-06-01,8,1,1.0000000000000002,1,1
2025-06-02,8,0,1.0000000000000002,1,1
2025-06-03,8,0,1.0,1,1
2025-06-04,8,0,0.9999999999999999,1,1
2025-06-05,8,1,1.0,1,1
2025-06-06,8,1,1.0,1,1
2025-06-07,8,1,1.0000000000000002,1,1
2025-06-08,8,1,1.0,1,1
2025-06-09,8,0,1.0000000000000002,1,1
2025-06-10,8,0,1.0000000000000002,1,1
2025-06-11,8,0,0.9999999999999997,1,1
2025-06-12,8,1,1.0,1,1
2025-06-13,8,0,1.0,1,1
2025-06-14,8,1,0.9999999999999999,1,1
2025-06-15,8,1,0.9999999999999997,1,1
2025-06-16,8,0,1.0000000000000002,1,1
2025-06-17,8,1,1.0,1,1
2025-06-18,8,0,1.0000000000000002,1,1
2025-06-19,8,0,0.9999999999999998,1,1
2025-06-20,8,0,0.9999999999999998,1,1
2025-06-21,8,0,1.0,1,1
2025-06-22,8,1,1.0,1,1
2025-06-23,8,1,1.0,1,1
2025-06-24,8,1,1.0,1,1
2025-06-25,8,0,0.9999999999999996,1,1
2025-06-26,8,1,1.0000000000000002,1,1
2025-06-27,8,1,0.9999999999999999,1,1
2025-06-28,8,1,1.0,1,1
2025-06-29,8,0,1.0,1,1
2025-06-30,8,0,1.0,1,1
2025-07-01,8,1,0.9999999999999998,1,1
2025-07-02,8,1,0.9999999999999998,1,1
2025-07-03,8,0,0.9999999999999998,1,1
2025-07-04,8,1,1.0,1,1
2025-07-05,8,1,1.0,1,1
2025-07-06,8,0,1.0,1,1
2025-07-07,8,1,0.9999999999999998,1,1
2025-07-08,8,1,1.0,1,1
2025-07-09,8,1,1.0000000000000002,1,1
2025-07-10,8,1,1.0,1,1
2025-07-11,8,0,1.0,1,1
2025-07-12,8,1,1.0,1,1
2025-07-13,8,1,0.9999999999999999,1,1
2025-07-14,8,0,1.0,1,1
2025-07-15,8,1,1.0000000000000002,1,1
2025-07-16,8,1,1.0,1,1
2025-07-17,8,0,1.0,1,1
2025-07-18,8,0,0.9999999999999997,1,1
2025-07-19,8,0,1.0000000000000002,1,1
2025-07-20,8,1,1.0,1,1
2025-07-21,8,1,1.0000000000000002,1,1
2025-07-22,8,0,1.0,1,1
2025-07-23,8,0,0.9999999999999998,1,1
2025-07-24,8,0,1.0000000000000002,1,1
2025-07-25,8,1,0.9999999999999999,1,1
2025-07-26,8,1,1.0,1,1
2025-07-27,8,0,1.0,1,1
2025-07-28,8,0,1.0,1,1
2025-07-29,8,0,0.9999999999999999,1,1
2025-07-30,8,0,1.0000000000000002,1,1
2025-07-31,8,0,1.0000000000000002,1,1
2025-08-01,8,0,1.0000000000000002,1,1
2025-08-02,8,1,0.9999999999999999,1,1
2025-08-03,8,1,0.9999999999999997,1,1
2025-08-04,8,0,1.0,1,1
2025-08-05,8,1,1.0000000000000002,1,1
2025-08-06,8,1,0.9999999999999999,1,1
2025-08-07,8,0,0.9999999999999999,1,1
2025-08-08,8,0,1.0000000000000007,1,1
2025-08-09,8,1,1.0000000000000007,1,1
2025-08-10,8,0,1.0,1,1
2025-08-11,8,1,1.0000000000000002,1,1
2025-08-12,8,1,0.9999999999999999,1,1
2025-08-13,8,0,1.0000000000000002,1,1
2025-08-14,8,0,1.0,1,1
2025-08-15,8,1,1.0000000000000002,1,1
2025-08-16,8,0,1.0,1,1
2025-08-17,8,0,1.0,1,1
2025-08-18,8,0,1.0,1,1
2025-08-19,8,1,0.9999999999999999,1,1
2025-08-20,8,0,0.9999999999999997,1,1
2025-08-21,8,1,0.9999999999999998,1,1
2025-08-22,8,0,1.0,1,1
2025-08-23,8,0,1.0,1,1
2025-08-24,8,0,1.0,1,1
2025-08-25,8,1,0.9999999999999999,1,1
2025-08-26,8,0,1.0,1,1
2025-08-27,8,1,0.9999999999999999,1,1
2025-08-28,8,0,1.0,1,1
2025-08-29,8,1,0.9999999999999996,1,1
2025-08-30,8,0,1.0000000000000002,1,1
2025-08-31,8,1,1.0000000000000002,1,1
2025-09-01,8,1,0.9999999999999999,1,1
2025-09-02,8,1,1.0,1,1
2025-09-03,8,0,1.0,1,1
2025-09-04,8,0,1.0,1,1
2025-09-05,8,0,0.9999999999999999,1,1
2025-09-06,8,1,0.9999999999999999,1,1
2025-09-07,8,1,1.0,1,1
2025-09-08,8,0,1.0000000000000004,1,1
2025-09-09,8,1,0.9999999999999999,1,1
2025-09-10,8,1,0.9999999999999997,1,1
2025-09-11,8,1,1.0000000000000002,1,1
2025-09-12,8,0,1.0000000000000002,1,1
2025-09-13,8,0,1.0,1,1
2025-09-14,8,1,1.0000000000000002,1,1
2025-09-15,8,1,0.9999999999999999,1,1
2025-09-16,8,0,0.9999999999999998,1,1
2025-09-17,8,1,0.9999999999999997,1,1
2025-09-18,8,0,1.0,1,1
2025-09-19,8,1,0.9999999999999997,1,1
2025-09-20,8,0,1.0000000000000002,1,1
2025-09-21,8,0,1.0000000000000002,1,1
2025-09-22,8,0,0.9999999999999999,1,1
2025-09-23,8,1,0.9999999999999998,1,1
2025-09-24,8,0,0.9999999999999999,1,1
2025-09-25,8,1,0.9999999999999999,1,1
2025-09-26,8,0,1.0000000000000002,1,1
2025-09-27,8,1,1.0,1,1
2025-09-28,8,1,0.9999999999999997,1,1
2025-09-29,8,0,0.9999999999999998,1,1
2025-09-30,8,1,1.0,1,1
2025-10-01,8,1,1.0,1,1
2025-10-02,8,1,1.0,1,1
2025-10-03,8,1,1.0000000000000002,1,1
2025-10-04,8,1,0.9999999999999997,1,1
2025-10-05,8,1,1.0000000000000002,1,1
2025-10-06,8,0,1.0000000000000002,1,1
2025-10-07,8,1,1.0,1,1
2025-10-08,8,0,1.0000000000000002,1,1
2025-10-09,8,0,0.9999999999999999,1,1
2025-10-10,8,0,1.0000000000000002,1,1
2025-10-11,8,1,1.0000000000000002,1,1
2025-10-12,8,1,1.0,1,1
2025-10-13,8,0,1.0,1,1
2025-10-14,8,0,1.0,1,1
2025-10-15,8,0,1.0,1,1
2025-10-16,8,0,1.0000000000000002,1,1
2025-10-17,8,1,1.0,1,1
2025-10-18,8,1,1.0000000000000002,1,1
2025-10-19,8,1,0.9999999999999998,1,1
2025-10-20,8,0,1.0000000000000002,1,1
2025-10-21,8,0,1.0,1,1
2025-10-22,8,1,1.0,1,1
2025-10-23,8,1,1.0,1,1
2025-10-24,8,1,1.0000000000000002,1,1
2025-10-25,8,1,0.9999999999999999,1,1
2025-10-26,8,0,0.9999999999999999,1,1
2025-10-27,8,0,1.0,1,1
2025-10-28,8,0,1.0000000000000002,1,1
2025-10-29,8,0,0.9999999999999998,1,1
2025-10-30,8,1,1.0,1,1
2025-10-31,8,1,0.9999999999999999,1,1
2025-11-01,8,1,1.0,1,1
2025-11-02,8,0,1.0000000000000002,1,1
2025-11-03,8,0,1.0,1,1
2025-11-04,8,1,1.0,1,1
2025-11-05,8,0,0.9999999999999999,1,1
2025-11-06,8,1,1.0000000000000002,1,1
2025-11-07,8,0,1.0,1,1
2025-11-08,8,1,0.9999999999999997,1,1
2025-11-09,8,1,1.0,1,1
2025-11-10,8,0,0.9999999999999998,1,1
2025-11-11,8,0,1.0000000000000002,1,1
2025-11-12,8,0,0.9999999999999999,1,1
2025-11-13,8,0,1.0000000000000002,1,1
2025-11-14,8,1,0.9999999999999998,1,1
2025-11-15,8,0,0.9999999999999999,1,1
2025-11-16,8,0,1.0,1,1
2025-11-17,8,1,1.0000000000000002,1,1
2025-11-18,8,0,0.9999999999999998,1,1
2025-11-19,8,0,1.0000000000000002,1,1
2025-11-20,8,0,1.0,1,1
2025-11-21,8,0,1.0000000000000004,1,1
2025-11-22,8,1,1.0,1,1
2025-11-23,8,1,0.9999999999999999,1,1
2025-11-24,8,0,1.0,1,1
2025-11-25,8,1,1.0000000000000002,1,1
2025-11-26,8,1,0.9999999999999999,1,1
2025-11-27,8,0,0.9999999999999999,1,1
2025-11-28,8,0,0.9999999999999999,1,1
2025-11-29,8,0,1.0,1,1
2025-11-30,8,0,1.0000000000000002,1,1
2025-12-01,8,1,1.0,1,1
2025-12-02,8,1,1.0,1,1
2025-12-03,8,0,0.9999999999999997,1,1
2025-12-04,8,0,1.0,1,1
2025-12-05,8,0,0.9999999999999998,1,1
2025-12-06,8,1,1.0,1,1
2025-12-07,8,1,1.0,1,1
2025-12-08,8,1,1.0,1,1
2025-12-09,8,0,0.9999999999999997,1,1
2025-12-10,8,1,0.9999999999999998,1,1
2025-12-11,8,0,1.0,1,1
2025-12-12,8,1,1.0,1,1
2025-12-13,8,0,1.0000000000000002,1,1
2025-12-14,8,0,0.9999999999999999,1,1
2025-12-15,8,1,0.9999999999999997,1,1
2025-12-16,8,0,0.9999999999999999,1,1
2025-12-17,8,0,0.9999999999999998,1,1
2025-12-18,8,1,1.0000000000000002,1,1
2025-12-19,8,1,1.0000000000000002,1,1
2025-12-20,8,1,1.0000000000000002,1,1
2025-12-21,8,0,0.9999999999999999,1,1
2025-12-22,8,0,1.0,1,1
2025-12-23,8,1,0.9999999999999999,1,1
2025-12-24,8,0,0.9999999999999999,1,1
2025-12-25,8,1,1.0,1,1
2025-12-26,8,1,1.0000000000000002,1,1
2025-12-27,8,1,1.0,1,1
2025-12-28,8,0,1.0,1,1
2025-12-29,8,1,0.9999999999999999,1,1
2025-12-30,8,0,1.0,1,1
2025-12-31,8,1,1.0000000000000002,1,1
2026-01-01,8,1,0.9999999999999999,1,1
2026-01-02,8,1,1.0000000000000002,1,1
2026-01-03,8,1,0.9999999999999998,1,1
2026-01-04,8,1,1.0000000000000002,1,1
2026-01-05,8,0,1.0,1,1
2026-01-06,8,0,0.9999999999999999,1,1
2026-01-07,8,0,0.9999999999999999,1,1
2026-01-08,8,0,1.0,1,1
2026-01-09,8,0,0.9999999999999997,1,1
2026-01-10,8,1,0.9999999999999994,1,1
2026-01-11,8,1,1.0,1,1
2026-01-12,8,1,1.0,1,1
2026-01-13,8,1,0.9999999999999999,1,1
2026-01-14,8,0,0.9999999999999999,1,1
2026-01-15,8,0,1.0000000000000004,1,1
2026-01-16,8,0,1.0000000000000002,1,1
2026-01-17,8,0,1.0000000000000002,1,1
2026-01-18,8,0,1.0000000000000004,1,1
2026-01-19,8,0,1.0000000000000002,1,1
2026-01-20,8,1,1.0,1,1
2026-01-21,8,1,1.0,1,1
2026-01-22,8,1,1.0,1,1
2026-01-23,8,0,0.9999999999999997,1,1
2026-01-24,8,0,1.0,1,1
2026-01-25,8,1,1.0,1,1
2026-01-26,8,1,1.0000000000000002,1,1
2026-01-27,8,1,1.0000000000000004,1,1
2026-01-28,8,0,0.9999999999999999,1,1
2026-01-29,8,0,1.0,1,1
2026-01-30,8,0,0.9999999999999999,1,1
2026-01-31,8,0,1.0,1,1
2026-02-01,8,1,1.0,1,1
2026-02-02,8,0,0.9999999999999999,1,1
2026-02-03,8,0,1.0,1,1
2026-02-04,8,0,1.0,1,1
2026-02-05,8,1,0.9999999999999999,1,1
2026-02-06,8,0,1.0,1,1
2026-02-07,8,1,1.0,1,1
2026-02-08,8,0,0.9999999999999998,1,1
2026-02-09,8,0,0.9999999999999998,1,1
2026-02-10,8,0,1.0000000000000002,1,1
2026-02-11,8,0,0.9999999999999998,1,1
2026-02-12,8,1,0.9999999999999998,1,1
2026-02-13,8,1,1.0,1,1
2026-02-14,8,0,1.0,1,1
2026-02-15,8,1,1.0000000000000002,1,1
2026-02-16,8,0,1.0000000000000002,1,1
2026-02-17,8,0,1.0,1,1
2026-02-18,8,1,1.0,1,1
2026-02-19,8,1,1.0000000000000002,1,1
2026-02-20,8,0,0.9999999999999999,1,1
2026-02-21,8,0,0.9999999999999998,1,1
2026-02-22,8,0,0.9999999999999999,1,1
2026-02-23,8,0,1.0,1,1
2026-02-24,8,1,1.0,1,1
2026-02-25,8,0,0.9999999999999998,1,1
2026-02-26,8,0,0.9999999999999999,1,1
2026-02-27,8,1,0.9999999999999998,1,1
2026-02-28,8,0,1.0000000000000002,1,1
2026-03-01,8,1,0.9999999999999999,1,1
2026-03-02,8,0,1.0,1,1
2026-03-03,8,1,0.9999999999999998,1,1
2026-03-04,8,0,1.0,1,1
2026-03-05,8,0,1.0,1,1
2026-03-06,8,0,1.0,1,1
2026-03-07,8,0,0.9999999999999999,1,1
2026-03-08,8,1,1.0000000000000002,1,1
2026-03-09,8,1,1.0,1,1
2026-03-10,8,1,1.0,1,1
2026-03-11,8,1,0.9999999999999999,1,1
2026-03-12,8,1,0.9999999999999999,1,1
2026-03-13,8,1,1.0000000000000004,1,1
2026-03-14,8,1,1.0,1,1
2026-03-15,8,1,1.0,1,1
2026-03-16,8,0,0.9999999999999998,1,1
2026-03-17,8,0,1.0,1,1
2026-03-18,8,0,1.0000000000000002,1,1
2026-03-19,8,1,0.9999999999999999,1,1
2026-03-20,8,0,1.0,1,1
2026-03-21,8,0,0.9999999999999999,1,1
2026-03-22,8,1,1.0000000000000002,1,1
2026-03-23,8,0,0.9999999999999999,1,1
2026-03-24,8,1,0.9999999999999999,1,1
2026-03-25,8,0,0.9999999999999998,1,1
2026-03-26,8,0,0.9999999999999998,1,1
2026-03-27,8,0,1.0000000000000002,1,1
2026-03-28,8,0,1.0,1,1
2026-03-29,8,1,0.9999999999999999,1,1
2026-03-30,8,1,0.9999999999999997,1,1
2026-03-31,8,0,1.0000000000000002,1,1
2026-04-01,8,0,1.0000000000000002,1,1
2026-04-02,8,1,1.0000000000000002,1,1
2026-04-03,8,1,1.0,1,1
2026-04-04,8,1,0.9999999999999998,1,1
2026-04-05,8,0,1.0,1,1
2026-04-06,8,1,0.9999999999999999,1,1
2026-04-07,8,0,1.0,1,1
2026-04-08,8,1,0.9999999999999998,1,1
2026-04-09,8,1,1.0000000000000002,1,1
2026-04-10,8,1,1.0,1,1
2026-04-11,8,0,0.9999999999999997,1,1
2026-04-12,8,1,1.0000000000000002,1,1
2026-04-13,8,0,1.0,1,1
2026-04-14,8,1,0.9999999999999999,1,1
2026-04-15,8,1,1.0,1,1
2026-04-16,8,1,1.0000000000000002,1,1
2026-04-17,8,0,1.0,1,1
2026-04-18,8,0,1.0,1,1
2026-04-19,8,1,1.0000000000000004,1,1
2026-04-20,8,1,1.0,1,1
2026-04-21,8,1,1.0000000000000002,1,1
2026-04-22,8,1,1.0,1,1
2026-04-23,8,0,1.0,1,1
2026-04-24,8,1,1.0000000000000002,1,1
2026-04-25,8,1,0.9999999999999999,1,1
2026-04-26,8,0,1.0,1,1
2026-04-27,8,0,0.9999999999999999,1,1
2026-04-28,8,0,1.0,1,1
2026-04-29,8,1,1.0000000000000002,1,1
2026-04-30,8,1,1.0000000000000004,1,1
2026-05-01,8,1,1.0000000000000002,1,1
2026-05-02,8,0,1.0000000000000002,1,1
2026-05-03,8,1,0.9999999999999999,1,1
2026-05-04,8,1,0.9999999999999999,1,1
2026-05-05,8,1,0.9999999999999998,1,1
2026-05-06,8,0,0.9999999999999999,1,1
2026-05-07,8,1,1.0000000000000004,1,1
2026-05-08,8,1,0.9999999999999996,1,1
2026-05-09,8,1,1.0000000000000002,1,1
2026-05-10,8,0,1.0000000000000002,1,1
2026-05-11,8,0,1.0000000000000002,1,1
2026-05-12,8,0,1.0000000000000004,1,1
2026-05-13,8,1,1.0000000000000002,1,1
2026-05-14,8,0,1.0,1,1
2026-05-15,8,0,0.9999999999999997,1,1
2026-05-16,8,0,1.0,1,1
2026-05-17,8,0,0.9999999999999998,1,1
2026-05-18,8,0,1.0000000000000002,1,1
2026-05-19,8,1,1.0000000000000002,1,1
2026-05-20,8,1,1.0000000000000002,1,1
2026-05-21,8,0,1.0,1,1
2026-05-22,8,1,1.0000000000000002,1,1
2026-05-23,8,1,1.0,1,1
2026-05-24,8,1,0.9999999999999999,1,1
2026-05-25,8,0,0.9999999999999998,1,1
2026-05-26,8,0,1.0000000000000002,1,1
2026-05-27,8,0,1.0000000000000002,1,1
2026-05-28,8,0,0.9999999999999996,1,1
2026-05-29,8,1,1.0,1,1
2026-05-30,8,0,1.0000000000000004,1,1
2026-05-31,8,0,1.0,1,1
2026-06-01,8,0,0.9999999999999999,1,1
2026-06-02,8,0,0.9999999999999999,1,1
2026-06-03,8,0,0.9999999999999998,1,1
2026-06-04,8,0,0.9999999999999999,1,1
2026-06-05,8,0,1.0000000000000002,1,1
2026-06-06,8,1,0.9999999999999998,1,1
2026-06-07,8,0,0.9999999999999998,1,1
2026-06-08,8,0,0.9999999999999999,1,1
2026-06-09,8,0,0.9999999999999998,1,1
2026-06-10,8,1,0.9999999999999999,1,1
2026-06-11,8,0,1.0,1,1
2026-06-12,8,1,1.0000000000000002,1,1
2026-06-13,8,1,1.0000000000000002,1,1
2026-06-14,8,1,1.0000000000000002,1,1
2026-06-15,8,0,1.0,1,1
2026-06-16,8,0,1.0,1,1
2026-06-17,8,0,1.0,1,1
2026-06-18,8,1,1.0,1,1
2026-06-19,8,1,1.0000000000000002,1,1
2026-06-20,8,0,1.0,1,1
2026-06-21,8,1,1.0,1,1
2026-06-22,8,0,1.0,1,1
2026-06-23,8,0,1.0,1,1
2026-06-24,8,0,0.9999999999999998,1,1
2026-06-25,8,1,0.9999999999999998,1,1
2026-06-26,8,0,1.0,1,1
2026-06-27,8,0,1.0,1,1
2026-06-28,8,1,0.9999999999999997,1,1
2026-06-29,8,0,1.0,1,1
2026-06-30,8,1,0.9999999999999999,1,1
2026-07-01,8,1,0.9999999999999999,1,1
2026-07-02,8,1,1.0,1,1
2026-07-03,8,1,1.0,1,1
2026-07-04,8,1,1.0,1,1
2026-07-05,8,1,0.9999999999999999,1,1
