date,btc_close,return,realized_vol_14d,target_bullish_tomorrow
2014-10-01,383.614990234375,-0.008603337970520819,0.04233358331964755,0
2014-10-02,375.0719909667969,-0.0222697222086099,0.038829877773368576,0
2014-10-03,359.5119934082031,-0.04148536263261304,0.03599768804077173,0
2014-10-04,328.8659973144531,-0.08524332054467354,0.03953597971513586,0
2014-10-05,320.510009765625,-0.025408487399317115,0.039550993314141754,1
2014-10-06,330.0790100097656,0.02985554258083245,0.04091208693958202,1
2014-10-07,336.18701171875,0.018504665621736027,0.03171719490147986,1
2014-10-08,352.94000244140625,0.04983235561959076,0.03626831444099572,1
2014-10-09,365.0260009765625,0.03424377642532228,0.03798706792864551,0
2014-10-10,361.56201171875,-0.009489705523839986,0.0378934952045243,1
2014-10-11,362.2990112304687,0.002038376510339779,0.037943522823749125,1
2014-10-12,378.5490112304687,0.04485245473017008,0.03735674927095666,1
2014-10-13,390.41400146484375,0.03134333965318792,0.03817543285815271,1
2014-10-14,400.8699951171875,0.026781810112118443,0.03798174633723357,0
2014-10-15,394.77301025390625,-0.015209381938149025,0.03818032411907673,0
2014-10-16,382.5559997558594,-0.030946924386216934,0.038684632761491686,1
2014-10-17,383.7579956054687,0.0031420128043382345,0.036597540193486544,1
2014-10-18,391.4419860839844,0.02002301076852442,0.02577664723562388,0
2014-10-19,389.5459899902344,-0.004843619645193642,0.02395154844985485,0
2014-10-20,382.8450012207031,-0.01720204787552615,0.024883640421646577,1
2014-10-21,386.4750061035156,0.009481656731152865,0.024789131769749614,0
2014-10-22,383.1579895019531,-0.00858274545359361,0.022424662537128503,0
2014-10-23,358.4169921875,-0.06457126822962156,0.027797930872964446,0
2014-10-24,358.3450012207031,-0.0002008581299606238,0.02768884928356218,0
2014-10-25,347.27099609375,-0.03090319409850706,0.028852085645378247,1
2014-10-26,354.7040100097656,0.02140407347467921,0.02646548416461037,0
2014-10-27,352.989013671875,-0.004835006905739236,0.024402706174125325,1
2014-10-28,357.6180114746094,0.013113716357861849,0.02319549999451246,0
2014-10-29,335.59100341796875,-0.061593676352636795,0.02727836767691674,1
2014-10-30,345.30499267578125,0.02894591678226255,0.02860407488521975,0
2014-10-31,338.3210144042969,-0.020225535163465924,0.028654656763715536,0
2014-11-01,325.7489929199219,-0.037160037210550945,0.02833908550181758,1
2014-11-02,325.8919982910156,0.00043900479879277476,0.028485884436685958,1
2014-11-03,327.5539855957031,0.005099810100901436,0.02881105823068284,1
2014-11-04,330.49200439453125,0.008969571209719529,0.02878379822528246,1
2014-11-05,339.4859924316406,0.02721393533736638,0.030525628354177315,1
2014-11-06,349.2900085449219,0.02887900040604885,0.027288070404995337,0
2014-11-07,342.4150085449219,-0.019682784596788183,0.02771077000097124,1
2014-11-08,345.4880065917969,0.008974484091493373,0.026637533195792776,1
2014-11-09,363.2640075683594,0.0514518612438124,0.029549032536793515,1
2014-11-10,366.9240112304687,0.01007532699594682,0.029548025582601372,1
2014-11-11,367.6950073242187,0.0021012418652148757,0.029409453743611372,1
2014-11-12,423.5610046386719,0.15193569725354683,0.044941229666607796,0
2014-11-13,420.7349853515625,-0.00667204784236497,0.045259262518317786,0
2014-11-14,397.8179931640625,-0.05446894835320326,0.04814832519539026,0
2014-11-15,376.1329956054687,-0.05450984603818754,0.04972651274913287,1
2014-11-16,387.8819885253906,0.03123627295980591,0.04988457259066626,0
2014-11-17,387.4079895019531,-0.0012220186486088247,0.04999606580966733,0
2014-11-18,375.197998046875,-0.031517139000605376,0.051408268134862746,1
2014-11-19,380.5549926757813,0.014277780416720232,0.05119613147889155,0
2014-11-20,357.8399963378906,-0.059689129758029535,0.053992707210616074,0
2014-11-21,350.8479919433594,-0.019539471456759827,0.05398808504726569,1
2014-11-22,352.9200134277344,0.005905752724699953,0.05396832392108797,1
2014-11-23,367.572998046875,0.04151927933138033,0.05334135828288772,1
2014-11-24,376.9010009765625,0.02537728010287066,0.053673038567267586,0
2014-11-25,375.3479919433594,-0.004120469378375846,0.05370854027892959,0
2014-11-26,368.3699951171875,-0.01859073972939984,0.032370660849234796,1
2014-11-27,369.6700134277344,0.0035291102092429583,0.032551811313978704,1
2014-11-28,376.4469909667969,0.018332505458648285,0.030423394135326475,0
2014-11-29,375.4909973144531,-0.0025395173166042895,0.02665831360435172,1
2014-11-30,378.0469970703125,0.0068070866522502715,0.02523274179696635,1
2014-12-01,379.2449951171875,0.0031689130085912343,0.025264181545791138,1
2014-12-02,381.31500244140625,0.005458232411423403,0.02374001056526621,0
2014-12-03,375.010009765625,-0.01653486654186942,0.023884268244289353,0
2014-12-04,369.60400390625,-0.014415630832770754,0.017508613940140628,1
2014-12-05,376.85400390625,0.019615588368569137,0.01683965321243622,0
2014-12-06,374.7850036621094,-0.005490190425720742,0.017079287458397378,1
2014-12-07,375.0950012207031,0.0008271343718790902,0.013335260305196713,0
2014-12-08,361.9089965820313,-0.035153773299456126,0.014746861742812084,0
2014-12-09,352.218994140625,-0.026774693453109455,0.016085816678175272,0
2014-12-10,346.364990234375,-0.016620352688625162,0.015960343548737495,1
2014-12-11,350.5060119628906,0.011955659045429279,0.016429125000142528,1
2014-12-12,352.5419921875,0.0058086884536090455,0.015450841963836205,0
2014-12-13,347.3760070800781,-0.014653531272593279,0.01566648325178425,1
2014-12-14,351.6319885253906,0.012251800235389965,0.01605632187473259,0
2014-12-15,345.3450012207031,-0.017879452125651896,0.016213242702793465,0
2014-12-16,327.06201171875,-0.05294123105105797,0.019966185175229793,0
2014-12-17,319.7760009765625,-0.02227715381526163,0.020153054087886008,0
2014-12-18,311.39599609375,-0.026205859280311383,0.02054371004971862,1
2014-12-19,317.8429870605469,0.020703512722289208,0.02067400851979213,1
2014-12-20,329.95599365234375,0.03811003257872558,0.024619544860464807,0
2014-12-21,320.8429870605469,-0.02761885453548918,0.024937893218387543,1
2014-12-22,331.885986328125,0.034418702333968154,0.02659021503261624,1
2014-12-23,334.5719909667969,0.00809315472578076,0.026106820876162,0
2014-12-24,322.53399658203125,-0.0359802814036525,0.02734726130837586,0
2014-12-25,319.00799560546875,-0.01093218393697526,0.026954377186182515,1
2014-12-26,327.92401123046875,0.027949191706237997,0.028337563080774706,0
2014-12-27,315.8630065917969,-0.036779876512901266,0.02952265080706848,1
2014-12-28,317.239013671875,0.004356341361166027,0.02921348906942911,0
2014-12-29,312.6700134277344,-0.014402390775512863,0.029127871819382582,0
2014-12-30,310.73699951171875,-0.006182281104684106,0.02591927590383107,1
2014-12-31,320.1929931640625,0.030430858466170996,0.026770881661883517,0
2015-01-01,314.2489929199219,-0.01856380486469611,0.026259109656311164,1
2015-01-02,315.0320129394531,0.0024917184690256278,0.025650463930787515,0
2015-01-03,281.0820007324219,-0.10776686435849991,0.03626670000867025,0
2015-01-04,264.19500732421875,-0.0600785299812876,0.03840282887332217,1
2015-01-05,274.4739990234375,0.03890683553533014,0.038845907201728085,1
2015-01-06,286.1889953613281,0.04268162514326268,0.04129595354200766,1
2015-01-07,294.3370056152344,0.028470732229305185,0.04179949092514256,0
2015-01-08,283.3489990234375,-0.03733137995621494,0.04264197429769299,1
2015-01-09,290.4079895019531,0.024912706601556422,0.04245478920621436,0
2015-01-10,274.7959899902344,-0.05375884988044988,0.043574823319950017,0
2015-01-11,265.6600036621094,-0.03324643248414827,0.0438470623576045,1
2015-01-12,267.7959899902344,0.00804030075540374,0.04414885344245339,0
2015-01-13,225.86099243164065,-0.1565930750498652,0.058949932291272746,0
2015-01-14,178.10299682617188,-0.21144862196566883,0.07580972790931532,1
2015-01-15,209.843994140625,0.17821708719158869,0.09541598506794657,0
2015-01-16,208.0970001220703,-0.00832520380537527,0.0952282627454097,0
2015-01-17,199.2599945068359,-0.04246580013191248,0.09240987077982278,1
2015-01-18,210.33900451660156,0.05560077444138223,0.09372681507831876,1
2015-01-19,214.86099243164065,0.021498570488300395,0.0931146680510623,0
2015-01-20,211.31500244140625,-0.016503647079460393,0.09171917332246038,1
2015-01-21,226.89700317382812,0.0737382606648691,0.09422259410113464,1
2015-01-22,233.406005859375,0.028687036825075563,0.09462268523070352,0
2015-01-23,232.8789978027344,-0.0022579027249115535,0.09414212553893603,1
2015-01-24,247.8470001220703,0.06427373211222287,0.09532920447171005,1
2015-01-25,253.7180023193359,0.02368800991891762,0.09514989242758036,1
2015-01-26,273.4729919433594,0.07786199419605766,0.09734319423306614,0
2015-01-27,263.4750061035156,-0.03655931713327831,0.08660072057978041,0
2015-01-28,233.9149932861328,-0.11219285371519871,0.06891907170617594,0
2015-01-29,233.51300048828125,-0.001718542245643162,0.05227416411341322,0
2015-01-30,226.4250030517578,-0.03035375941254781,0.05315826708159485,0
2015-01-31,217.46400451660156,-0.03957601154633916,0.05295505647754922,1
2015-02-01,226.9720001220703,0.043722158187070814,0.05221655264279505,1
2015-02-02,238.22900390625,0.04959644263664864,0.05335517113225734,0
2015-02-03,227.26800537109375,-0.046010344481269505,0.05498701070659351,0
2015-02-04,226.85299682617188,-0.001826075536872085,0.051491157492888476,0
2015-02-05,217.11099243164065,-0.04294412915336587,0.05210901765483708,1
2015-02-06,222.26600646972656,0.023743680503459652,0.05263196190285604,1
2015-02-07,227.7539978027344,0.024691096133746093,0.04978278200192541,0
2015-02-08,223.41200256347656,-0.01906440844572399,0.049205567955265705,0
2015-02-09,220.11000061035156,-0.01477987715627238,0.042565986013456784,0
2015-02-10,219.83900451660156,-0.0012311848303054873,0.04220453241661704,0
2015-02-11,219.18499755859375,-0.0029749359511789253,0.03081685455115813,1
2015-02-12,221.76400756835935,0.011766361924821833,0.03110955378106639,1
2015-02-13,235.427001953125,0.061610513511999976,0.03446985751414104,1
2015-02-14,257.3210144042969,0.09299703207166998,0.03960197920014287,0
2015-02-15,234.8249969482422,-0.08742394206758974,0.04661632256052946,0
2015-02-16,233.8430023193359,-0.004181814720188082,0.04469648156414965,1
2015-02-17,243.61000061035156,0.04176733190278603,0.04395702568587446,0
2015-02-18,236.3260040283203,-0.02990023629482208,0.0449638511680073,1
2015-02-19,240.2830047607422,0.016743822791281504,0.04296985663253757,1
2015-02-20,243.7790069580078,0.014549519225243168,0.04278265500704344,1
2015-02-21,244.53399658203125,0.003097024774383117,0.04250234261850471,0
2015-02-22,235.9770050048828,-0.03499305494022753,0.043425966819444044,1
2015-02-23,238.8919982910156,0.012352870086102197,0.04308959719027274,0
2015-02-24,238.73500061035156,-0.000657191039411753,0.043081714797909454,0
2015-02-25,237.47000122070312,-0.005298759655745222,0.043126594100506926,0
2015-02-26,236.42599487304688,-0.00439637150919947,0.043193997026511395,1
2015-02-27,253.8280029296875,0.07360446158209011,0.0444930305029642,1
2015-02-28,254.26300048828125,0.0017137492852363767,0.03684212502797648,1
2015-03-01,260.2019958496094,0.02335768613570588,0.027342988732174986,1
2015-03-02,275.6700134277344,0.059446191131697246,0.03034036447597252,1
2015-03-03,281.7019958496094,0.02188116997881684,0.02929939467596707,0
2015-03-04,273.0920104980469,-0.030564161697168357,0.02937082613153139,1
2015-03-05,276.1780090332031,0.011300215372570532,0.029321707354617452,0
2015-03-06,272.7229919433594,-0.012510109338315867,0.029912007964812942,1
2015-03-07,276.260986328125,0.012972849702017175,0.029892441227387254,0
2015-03-08,274.35400390625,-0.006902829267430466,0.027552101001063926,1
2015-03-09,289.60699462890625,0.0555960201254011,0.030009916211149963,1
2015-03-10,291.760009765625,0.007434264975117566,0.029777688681753407,1
2015-03-11,296.3789978027344,0.01583146381445455,0.029208982215463995,0
2015-03-12,294.35400390625,-0.006832447344437664,0.02934893952997807,0
2015-03-13,285.3370056152344,-0.03063317696159995,0.026764831470408913,0
2015-03-14,281.885009765625,-0.012097960592830526,0.02729232930888717,1
2015-03-15,286.39300537109375,0.015992321156832467,0.027037800960222916,1
2015-03-16,290.5929870605469,0.014665098695448187,0.022680230508453664,0
2015-03-17,285.5050048828125,-0.01750896409855296,0.022735817083356973,0
2015-03-18,256.29901123046875,-0.10229590778743636,0.03514174249246912,1
2015-03-19,260.9280090332031,0.018060927275961758,0.035412507228125466,1
2015-03-20,261.7489929199219,0.003146399996537985,0.03535136984077289,0
2015-03-21,260.0249938964844,-0.006586459050732407,0.035085719081083044,1
2015-03-22,267.9599914550781,0.03051628783713256,0.03623147086034164,0
2015-03-23,266.739990234375,-0.004552923046751367,0.03235657914211154,0
2015-03-24,245.59500122070312,-0.07927191192851335,0.037595850155231925,1
2015-03-25,246.1970062255859,0.0024512103336411517,0.037012033871762294,1
2015-03-26,248.5319976806641,0.009484239840587882,0.03745831017878399,0
2015-03-27,247.0290069580078,-0.0060474737123686895,0.03705793797722313,1
2015-03-28,252.79800415039065,0.023353521367486696,0.038069678478297016,0
2015-03-29,242.71299743652344,-0.03989353771902249,0.03839713156090917,1
2015-03-30,247.5260009765625,0.019830019780040065,0.03868676718635989,0
2015-03-31,244.2239990234375,-0.013340020604290626,0.038646061195696614,1
2015-04-01,247.27200317382812,0.012480362956050595,0.028482068161288877,1
2015-04-02,253.0050048828125,0.023185001275515038,0.028793253923735267,1
2015-04-03,254.3220062255859,0.005205435929551694,0.028825721524789356,0
2015-04-04,253.6970062255859,-0.002457514429347607,0.02879250099389307,1
2015-04-05,260.5979919433594,0.027201683695223133,0.028522574830521723,0
2015-04-06,255.49200439453125,-0.0195933495525088,0.02892287840459939,0
2015-04-07,253.17999267578125,-0.009049252731916368,0.019005796312126264,0
2015-04-08,245.02200317382812,-0.03222209391719244,0.021131028810533498,0
2015-04-09,243.67599487304688,-0.005493418074075329,0.020985309918583012,0
2015-04-10,236.0720062255859,-0.031205325134396555,0.02245756531767169,1
2015-04-11,236.552001953125,0.002033259831241585,0.021221924861789362,0
2015-04-12,236.1529998779297,-0.0016867414855967766,0.018620696489620246,0
2015-04-13,224.5870056152344,-0.04897669844835295,0.02135410983093519,0
2015-04-14,219.15899658203125,-0.024168847250684244,0.021804172665995082,1
2015-04-15,223.83299255371097,0.021326963732151594,0.022542873591951472,1
2015-04-16,228.572998046875,0.021176527370184717,0.02234252840903439,0
2015-04-17,222.8820037841797,-0.0248979289387814,0.02252601053670715,1
2015-04-18,223.3560028076172,0.0021266814520228827,0.02266357791594039,0
2015-04-19,222.6000061035156,-0.0033847163031152094,0.020272514513706114,1
2015-04-20,224.62600708007812,0.009101531540930852,0.020781178839440587,1
2015-04-21,235.2689971923828,0.04738093442808933,0.02566053154240858,0
2015-04-22,234.17599487304688,-0.004645755847049293,0.024432653150271,1
2015-04-23,236.4620056152344,0.00976193458012986,0.0246497613464387,0
2015-04-24,231.26800537109375,-0.021965474878836155,0.02391643682624639,0
2015-04-25,226.38999938964844,-0.021092437640122474,0.024468098628348797,0
2015-04-26,219.42999267578125,-0.03074343713340466,0.025569127153217366,1
2015-04-27,229.28599548339844,0.04491638853663882,0.02544031882008833,0
2015-04-28,225.85499572753903,-0.014963843511793695,0.02482976711218507,0
2015-04-29,225.80799865722656,-0.00020808514844261605,0.024229197308373578,1
2015-04-30,236.14500427246097,0.045777854091545445,0.026590177926561237,0
2015-05-01,232.07899475097656,-0.017218274568252534,0.026051820812674497,1
2015-05-02,234.92999267578125,0.012284601318028887,0.026160761392461596,1
2015-05-03,240.3580017089844,0.023104793778690347,0.02654622728139203,0
2015-05-04,239.01800537109375,-0.0055750019902106596,0.026696071066170494,0
2015-05-05,236.1210021972656,-0.012120439082948353,0.0239901292718629,0
2015-05-06,229.7819976806641,-0.026846423899664962,0.02506756589290584,1
2015-05-07,237.33399963378903,0.03286594262976261,0.02655163645919056,1
2015-05-08,243.86300659179688,0.027509783545898392,0.026611527834546587,0
2015-05-09,241.83200073242188,-0.008328470512031005,0.025890143503026337,0
2015-05-10,240.29600524902344,-0.006351498059588678,0.024052942661654506,1
2015-05-11,242.1580047607422,0.00774877430770915,0.021427099128474146,0
2015-05-12,241.11199951171875,-0.004319515475265434,0.020879705451598268,0
2015-05-13,236.3769989013672,-0.019638179020291524,0.02186638565394708,1
2015-05-14,236.9290008544922,0.002335260857404098,0.018174965812915736,1
2015-05-15,237.60499572753903,0.0028531537743747837,0.017456642290467138,0
2015-05-16,236.1529998779297,-0.0061109651552712085,0.017300245068266155,1
2015-05-17,236.802001953125,0.002748227105015877,0.016066517351468457,0
2015-05-18,233.1280059814453,-0.015515054523934979,0.016500633449119687,0
2015-05-19,231.9470062255859,-0.005065885374378354,0.016262451114570732,1
2015-05-20,234.01800537109375,0.008928759974998979,0.0146445247438688,1
2015-05-21,235.343994140625,0.005666182682946053,0.011647026002566523,1
2015-05-22,240.34800720214844,0.021262548380705182,0.010558566340598888,0
2015-05-23,238.8719940185547,-0.00614115007973548,0.01045723798500702,1
2015-05-24,240.9530029296875,0.008711816216392387,0.010618949723932443,0
2015-05-25,237.11000061035156,-0.015949177941797066,0.011203890863233767,1
2015-05-26,237.11599731445312,2.5290810535816277e-05,0.011178297035332801,1
2015-05-27,237.2830047607422,0.0007043280427325715,0.009828768249001764,1
2015-05-28,237.4080047607422,0.0005267971051110543,0.009812087907766843,0
2015-05-29,237.0959930419922,-0.0013142426223767822,0.009788229727498305,0
2015-05-30,233.34500122070312,-0.015820561845702352,0.010559804507020121,0
2015-05-31,230.19000244140625,-0.013520747231747232,0.01102399579903372,0
2015-06-01,222.92599487304688,-0.03155657279341828,0.013166294830290384,1
2015-06-02,225.8029937744141,0.012905623245084596,0.013820772871132063,1
2015-06-03,225.87399291992188,0.0003144296021988513,0.01349297900060339,0
2015-06-04,224.32400512695312,-0.006862179097875454,0.013328323794690074,1
2015-06-05,224.95199584960935,0.0027994806989151133,0.011494331631541921,1
2015-06-06,225.61900329589844,0.002965110150589645,0.011660250699490548,0
2015-06-07,222.88099670410156,-0.012135531811591216,0.011234703869292728,1
2015-06-08,228.4889984130859,0.02516141704278896,0.013446694397108726,1
2015-06-09,229.04800415039065,0.002446532398440171,0.01349794365198897,0
2015-06-10,228.8029937744141,-0.0010696900716746782,0.013475021214715503,1
2015-06-11,229.7050018310547,0.003942291321283653,0.01356487843819968,1
2015-06-12,229.98199462890625,0.0012058631533644615,0.013595188165183937,1
2015-06-13,232.40199279785156,0.010522554919354388,0.013369382436048667,1
2015-06-14,233.54299926757812,0.0049096242936221834,0.012854937967015107,1
2015-06-15,236.822998046875,0.014044517667339163,0.009198027459580005,1
2015-06-16,250.89500427246097,0.05941993109470167,0.017327487806660657,0
2015-06-17,249.28399658203125,-0.006421043316909736,0.01763874681269492,0
2015-06-18,249.0070037841797,-0.001111153550366062,0.017350442508210415,0
2015-06-19,244.6060028076172,-0.017674205583297353,0.018605438456262186,1
2015-06-20,245.2120056152344,0.0024774649872099097,0.01861233012726941,0
2015-06-21,243.94400024414065,-0.005171057460715778,0.01817471917365791,1
2015-06-22,246.9900054931641,0.01248649380995226,0.01748257875593094,0
2015-06-23,244.29600524902344,-0.010907324929045448,0.01803032695092189,0
2015-06-24,240.51499938964844,-0.01547714976149872,0.018784126888409906,1
2015-06-25,242.7989959716797,0.009496275025787648,0.01884745392157625,1
2015-06-26,243.593994140625,0.0032743058337771913,0.01883087983524485,1
2015-06-27,250.9900054931641,0.0303620431145335,0.020044487371062236,0
2015-06-28,249.0110015869141,-0.007884791676710412,0.020371967064906175,1
2015-06-29,257.0639953613281,0.032339911582594194,0.021563939264453266,1
2015-06-30,263.0719909667969,0.023371595065360795,0.016187692274318877,0
2015-07-01,258.6210021972656,-0.01691928035810175,0.01691023248104538,0
2015-07-02,255.41200256347656,-0.012408116922156931,0.017372469297965355,1
2015-07-03,256.33599853515625,0.0036176685606230663,0.016428220754059093,1
2015-07-04,260.885986328125,0.017750092920892246,0.016858297225601327,1
2015-07-05,271.9129943847656,0.04226753691082363,0.019335965964980127,0
2015-07-06,269.0299987792969,-0.010602640054006462,0.01989627818280522,0
2015-07-07,266.2070007324219,-0.010493246328231565,0.019869010691033324,1
2015-07-08,270.7850036621094,0.017197154534223102,0.019010215165544582,0
2015-07-09,269.2279968261719,-0.005749974388834178,0.01939205252063815,1
2015-07-10,284.8940124511719,0.05818865723357458,0.023559993107542056,1
2015-07-11,293.114990234375,0.028856267327177054,0.023470541018225127,1
2015-07-12,310.86700439453125,0.06056331048085162,0.026124572906474002,0
2015-07-13,292.0539855957031,-0.060517901652090145,0.03269591091089543,0
2015-07-14,287.4639892578125,-0.015716259884378525,0.03310059691466488,0
2015-07-15,285.8290100097656,-0.005687596739571199,0.032612446602897846,0
2015-07-16,278.0889892578125,-0.027079199384585473,0.033529771357645184,1
2015-07-17,279.47198486328125,0.00497321238485493,0.03352241009256174,0
2015-07-18,274.9010009765625,-0.016355785675458256,0.0338956338283707,0
2015-07-19,273.614013671875,-0.004681639208717225,0.03212377793414755,1
2015-07-20,278.9809875488281,0.01961512791296327,0.032304601495422997,0
2015-07-21,275.8330078125,-0.011283850430048203,0.03233083341187431,1
2015-07-22,277.22198486328125,0.005035572289903145,0.0320831307722416,0
2015-07-23,276.04901123046875,-0.004231171035699033,0.03205690447193056,1
2015-07-24,288.27801513671875,0.044300118488887597,0.030363239900390436,1
2015-07-25,288.6969909667969,0.0014533742015652162,0.02931326396398666,1
2015-07-26,292.6860046386719,0.013817302558355227,0.023976272820228184,1
2015-07-27,293.6239929199219,0.0032047595935034145,0.017637505829639563,1
2015-07-28,294.427001953125,0.002734820902126067,0.01700862138232921,0
2015-07-29,289.5899963378906,-0.01642853944491296,0.01760622778973303,0
2015-07-30,287.72198486328125,-0.006450538686529117,0.015843557943260388,0
2015-07-31,284.6499938964844,-0.010676942077459284,0.01620738121492763,0
2015-08-01,281.60101318359375,-0.010711332437264742,0.01579582578483059,1
2015-08-02,282.614013671875,0.0035972899274365755,0.01568767380697035,0
2015-08-03,281.22698974609375,-0.004907838460521785,0.014973684819218557,1
2015-08-04,285.2179870605469,0.014191373730012113,0.014956493596492683,0
2015-08-05,281.8819885253906,-0.011696311896514655,0.01539978745458162,0
2015-08-06,278.5769958496094,-0.011724738757061592,0.015733428412093627,1
2015-08-07,279.5849914550781,0.0036183734496617603,0.009658032713613608,0
2015-08-08,260.99700927734375,-0.06648419173359299,0.019631231076548093,1
2015-08-09,265.0830078125,0.015655346191397745,0.019786649394639564,0
2015-08-10,264.4700012207031,-0.00231250805872274,0.019624994068846376,1
2015-08-11,270.385986328125,0.02236921042127915,0.021044199339552636,0
2015-08-12,266.3760070800781,-0.014830573516412149,0.020986690016220957,0
2015-08-13,264.0799865722656,-0.008619471899818154,0.02100033786875596,1
2015-08-14,265.67999267578125,0.006058793490122394,0.02118274000085329,0
2015-08-15,261.5509948730469,-0.01554124479284047,0.021327019162767198,0
2015-08-16,258.5069885253906,-0.011638290074689861,0.02124065845354895,0
2015-08-17,257.97601318359375,-0.0020540076878606817,0.021266998409477867,0
2015-08-18,211.07899475097656,-0.18178829052312706,0.05088287843204896,1
2015-08-19,226.6840057373047,0.0739297200308271,0.05675563999282721,1
2015-08-20,235.3500061035156,0.03822943016215086,0.0584421479769924,0
2015-08-21,232.56900024414065,-0.011816468184631113,0.05830596314249857,0
2015-08-22,230.38999938964844,-0.009369266119752861,0.05610791568030807,0
2015-08-23,228.16900634765625,-0.009640145179374393,0.055718942764474914,0
2015-08-24,210.4949951171875,-0.07746017530329796,0.0585645782370297,1
2015-08-25,221.60899353027344,0.05279934758970639,0.06056632987539582,1
2015-08-26,225.83099365234375,0.0190515739222179,0.06113033871417538,0
2015-08-27,224.7689971923828,-0.004702616070475396,0.061145350376454397,1
2015-08-28,231.39599609375,0.029483598646369513,0.06192141543371199,0
2015-08-29,229.77999877929688,-0.006983687452389642,0.06188234522319163,0
2015-08-30,228.7610015869141,-0.004434664452068082,0.061873292068217775,1
2015-08-31,230.05599975585935,0.005660921922713502,0.061952813612946335,0
2015-09-01,228.1210021972656,-0.008410984980383951,0.03608584495352792,1
2015-09-02,229.28399658203125,0.005098146920115454,0.030381390728439244,0
2015-09-03,227.18299865722656,-0.009163299471941166,0.028527900760775927,1
2015-09-04,230.29800415039065,0.013711437526467307,0.028676923016000902,1
2015-09-05,235.0189971923828,0.020499496117687643,0.029059728605328062,1
2015-09-06,239.83999633789065,0.020513231709355928,0.029261571414592492,1
2015-09-07,239.8470001220703,2.9201902462583362e-05,0.017728636411374354,1
2015-09-08,243.60699462890625,0.01567663762699678,0.01286511565494077,0
2015-09-09,238.16799926757812,-0.02232692607867648,0.014498074514172255,1
2015-09-10,238.4770050048828,0.001297427606794077,0.014311581574335578,1
2015-09-11,240.10699462890625,0.006834997042964641,0.012402568355104511,0
2015-09-12,235.22900390625,-0.020315904291731912,0.013653273748516742,0
2015-09-13,230.51199340820312,-0.020052843908342277,0.014789350892621558,1
2015-09-14,230.6439971923828,0.0005726547336126764,0.014718998181603746,0
2015-09-15,230.3040008544922,-0.001474117436522926,0.014519216631604194,0
2015-09-16,229.09100341796875,-0.005266940357192551,0.014546253092350053,1
2015-09-17,229.80999755859375,0.003138465194607587,0.014317416251100435,1
2015-09-18,232.9750061035156,0.01377228396738861,0.014321607520130413,0
2015-09-19,231.4929962158203,-0.006361239827747056,0.013256643207351333,0
2015-09-20,231.2120056152344,-0.0012138190147400474,0.011728413717496472,0
2015-09-21,227.0850067138672,-0.01784941439518095,0.012381242617332606,1
2015-09-22,230.6179962158203,0.01555800426051368,0.012366900161653585,0
2015-09-23,230.2830047607422,-0.001452581587625179,0.011165935303750242,1
2015-09-24,234.5290069580078,0.01843819174444561,0.012460588758496413,1
2015-09-25,235.1439971923828,0.0026222352720963737,0.012303598199994548,0
2015-09-26,234.33999633789065,-0.0034191851124923955,0.011074856316333318,0
2015-09-27,232.7570037841797,-0.006755110431206468,0.009731166585198374,1
2015-09-28,239.1419982910156,0.027432018813733805,0.012064386136438846,0
2015-09-29,236.68699645996097,-0.010265874871828617,0.012516202342426178,0
2015-09-30,236.05999755859375,-0.0026490635765589188,0.01241802046689844,1
2015-10-01,237.5489959716797,0.006307711719417242,0.012464969115831205,0
2015-10-02,237.29299926757812,-0.0010776585396811145,0.012051464995307145,1
2015-10-03,238.72999572753903,0.00605578952769914,0.011893841144381393,0
2015-10-04,238.25900268554688,-0.0019729110309610887,0.011912642916874822,1
2015-10-05,240.38299560546875,0.008914638674640596,0.010510535432264054,1
2015-10-06,246.06300354003903,0.023628992226607748,0.011371972058352423,0
2015-10-07,242.968994140625,-0.012574053615949543,0.012193623903486973,0
2015-10-08,242.3040008544922,-0.002736947109176935,0.011548625552634055,1
2015-10-09,243.93099975585935,0.006714700936135909,0.011606506813925317,1
2015-10-10,244.9409942626953,0.004140492630484882,0.01147574112104272,1
2015-10-11,247.0500030517578,0.008610272834936872,0.011178657354578984,0
2015-10-12,245.30799865722656,-0.007051221910595595,0.009343660668835355,1
2015-10-13,249.50799560546875,0.01712132083434792,0.009475589494419588,1
2015-10-14,251.9889984130859,0.009943580371429173,0.009412092371996908,1
2015-10-15,254.32000732421875,0.009250439208903893,0.0094829645878409,1
2015-10-16,262.8689880371094,0.03361505373815121,0.011993833620488602,1
2015-10-17,270.6400146484375,0.029562356021361813,0.013358285388205608,0
2015-10-18,261.64300537109375,-0.03324345547730956,0.017363178905444965,1
2015-10-19,263.43701171875,0.006856695232925425,0.017353060999217986,1
2015-10-20,269.4630126953125,0.022874541953110006,0.017297536354756542,0
2015-10-21,266.2720031738281,-0.011842105859227958,0.017235962185001022,1
2015-10-22,274.02301025390625,0.02910935805375714,0.017979965317700443,1
2015-10-23,276.4960021972656,0.009024760150864397,0.01796821418265366,1
2015-10-24,281.65399169921875,0.018654842966854712,0.018075912304490956,1
2015-10-25,283.67999267578125,0.00719322656973409,0.018089326264939674,1
2015-10-26,285.29998779296875,0.005710642833521851,0.017470810769285538,1
2015-10-27,293.7879943847656,0.02975116352951379,0.018125685595895162,1
2015-10-28,304.6180114746094,0.03686337528027095,0.019293562873486554,1
2015-10-29,313.8550109863281,0.030323221752396767,0.01972736376168018,1
2015-10-30,328.0150146484375,0.0451163854851635,0.02076036475761124,0
2015-10-31,314.1659851074219,-0.042220718328576656,0.025511099332833173,1
2015-11-01,325.4309997558594,0.0358568883406829,0.022834241341647486,1
2015-11-02,361.1889953613281,0.10987888563872117,0.033696012783563295,1
2015-11-03,403.4169921875,0.11691385221725148,0.04196235397637467,1
2015-11-04,411.56298828125,0.020192496229717305,0.040346104239384215,0
2015-11-05,386.35400390625,-0.06125182558391995,0.0474926865427318,0
2015-11-06,374.4700012207031,-0.03075936204981211,0.04971557838535464,1
2015-11-07,386.48199462890625,0.03207731826059823,0.04975441560755199,0
2015-11-08,373.3680114746094,-0.03393167944832387,0.05198538971457122,1
2015-11-09,380.2569885253906,0.01845090323505061,0.0518076632697765,0
2015-11-10,336.8190002441406,-0.11423324118170564,0.0631821740089029,0
2015-11-11,311.0840148925781,-0.0764059786796728,0.06685253852878927,1
2015-11-12,338.1520080566406,0.08701184203697987,0.07022899262026262,0
2015-11-13,336.75299072265625,-0.00413724390407888,0.06943537839746701,0
2015-11-14,332.906005859375,-0.011423758568634534,0.06833400954028143,0
2015-11-15,320.1659851074219,-0.03826912259833104,0.0687384754659596,1
2015-11-16,330.7510070800781,0.033061044786206084,0.06212750868247176,1
2015-11-17,335.093994140625,0.013130684314123231,0.0518743281267653,0
2015-11-18,334.5899963378906,-0.0015040490475721757,0.051161259017630294,0
2015-11-19,326.14898681640625,-0.025227919584780656,0.04944895068081306,0
2015-11-20,322.0220031738281,-0.012653676109382728,0.049124420127911565,1
2015-11-21,326.927001953125,0.015231874626433939,0.048223754880869295,0
2015-11-22,324.5360107421875,-0.0073135323685509235,0.047763221505930424,0
2015-11-23,323.0459899902344,-0.004591233954424845,0.04714204781546848,0
2015-11-24,320.0459899902344,-0.009286603434051854,0.03653227672562294,1
2015-11-25,328.20599365234375,0.025496347141729103,0.030429332915525072,1
2015-11-26,352.6839904785156,0.07458119991586898,0.02790538641297258,1
2015-11-27,358.0419921875,0.015192075210770817,0.02798377352483936,0
2015-11-28,357.3810119628906,-0.0018460969356444146,0.027673454682044508,1
2015-11-29,371.29400634765625,0.038930424166492505,0.025933106399155404,1
2015-11-30,377.3210144042969,0.016232441013328103,0.025208936385850138,0
2015-12-01,362.4880065917969,-0.03931137478764046,0.028365154024618946,0
2015-12-02,359.18701171875,-0.009106494043992441,0.028591629219534256,1
2015-12-03,361.0459899902344,0.0051755164046409785,0.02720301382704749,1
2015-12-04,363.1830139160156,0.005918979811516678,0.02658390090700365,1
2015-12-05,388.9490051269531,0.0709449236987052,0.03134095322838628,0
2015-12-06,388.7829895019531,-0.0004268313398714252,0.031051495239431435,1
2015-12-07,395.5360107421875,0.017369641734802377,0.030623285720460244,1
2015-12-08,415.56298828125,0.05063250120130314,0.03115193800473456,1
2015-12-09,417.56298828125,0.0048127481426387675,0.031323938420525506,0
2015-12-10,415.47900390625,-0.0049908263746698545,0.02717092642036532,1
2015-12-11,451.93798828125,0.08775168909191544,0.03389304469963952,0
2015-12-12,434.99700927734375,-0.03748518478903251,0.03666600287928378,0
2015-12-13,433.7550048828125,-0.002855202146319513,0.03624422359654423,1
2015-12-14,444.1820068359375,0.024038920210135872,0.03637809967380687,1
2015-12-15,465.3210144042969,0.047590868704790346,0.03424201534463364,0
2015-12-16,454.9339904785156,-0.022322275599520713,0.035230306099614604,1
2015-12-17,456.0780029296875,0.0025146778985860596,0.035309476351460374,1
2015-12-18,463.6159973144531,0.01652786219976443,0.03515781550685815,0
2015-12-19,462.3219909667969,-0.0027911166895705497,0.03202383953702469,0
2015-12-20,442.68499755859375,-0.042474711979715085,0.03518403481000456,0
2015-12-21,438.6390075683594,-0.009139659153908575,0.03546218700692667,0
2015-12-22,436.5719909667969,-0.004712341050152391,0.033365287506789486,1
2015-12-23,442.4010009765625,0.013351772743957158,0.033458551208804706,1
2015-12-24,454.9849853515625,0.028444746614998406,0.03390826819304456,1
2015-12-25,455.6530151367187,0.0014682457809900296,0.024698853647688004,0
2015-12-26,417.27398681640625,-0.08422862802476316,0.03227867367212135,1
2015-12-27,422.822998046875,0.01329824385364864,0.03255141832129645,0
2015-12-28,422.2789916992187,-0.0012866053884703632,0.031727220453763916,1
2015-12-29,432.9830017089844,0.02534819448794634,0.029468720740411007,0
2015-12-30,426.6199951171875,-0.014695742250116273,0.02918733505447101,1
2015-12-31,430.5669860839844,0.009251772096881439,0.029361040540842275,1
2016-01-01,434.3340148925781,0.008748995929425352,0.029020666478015593,0
2016-01-02,433.43798828125,-0.0020629897281927434,0.02902412289816844,0
2016-01-03,430.010986328125,-0.00790655652199379,0.02691021755126534,1
2016-01-04,433.0910034179687,0.007162647438717862,0.02691730756603472,0
2016-01-05,431.9599914550781,-0.0026114880105210236,0.026898217966865656,0
2016-01-06,429.1050109863281,-0.006609363193875617,0.026640532129219217,1
2016-01-07,458.0480041503906,0.06744967414278147,0.03162411707721243,0
2016-01-08,453.2300109863281,-0.010518533255044149,0.03177098697562946,0
2016-01-09,447.6109924316406,-0.012397719520954253,0.021120696211439523,1
2016-01-10,447.9909973144531,0.0008489623562373261,0.02101652853552936,1
2016-01-11,448.4280090332031,0.0009754921892843882,0.02097862717000025,0
2016-01-12,435.69000244140625,-0.028405912064368155,0.021773249607832643,0
2016-01-13,432.3710021972656,-0.007617802165628018,0.02146933927391244,0
2016-01-14,430.3059997558594,-0.004775996611502853,0.021390078916407252,0
2016-01-15,364.33099365234375,-0.1533211392380016,0.04603958832347679,1
2016-01-16,387.5360107421875,0.06369213021713627,0.05023021583884108,0
2016-01-17,382.2990112304687,-0.013513581619651771,0.05026277438409201,1
2016-01-18,387.1679992675781,0.012736072796626141,0.05040644450394247,0
2016-01-19,380.14898681640625,-0.018129113109683792,0.05047972752139131,1
2016-01-20,420.2300109863281,0.10543504141779825,0.058872009590285386,0
2016-01-21,410.2619934082031,-0.023720384830985597,0.05582139729006962,0
2016-01-22,382.4920043945313,-0.06768842705359057,0.05819163941059464,1
2016-01-23,387.4909973144531,0.013069535735354743,0.05852218383290759,1
2016-01-24,402.9710083007813,0.03994934358117752,0.05992407728770494,0
2016-01-25,391.72601318359375,-0.02790522118354033,0.060169195643221166,1
2016-01-26,392.1530151367187,0.0010900525845978226,0.05991070125577354,1
2016-01-27,394.9719848632813,0.007188443331437311,0.060006073595979655,0
2016-01-28,380.28900146484375,-0.037174746465929775,0.06063045060742519,0
2016-01-29,379.4739990234375,-0.0021431133644858047,0.043656177946775704,0
2016-01-30,378.2550048828125,-0.003212325860960319,0.04011098060486267,0
2016-01-31,368.7669982910156,-0.025083624722259446,0.04050585797963438,1
2016-02-01,373.0559997558594,0.011630654274163321,0.04047635143641576,1
2016-02-02,374.447998046875,0.0037313387049842106,0.04022326360375691,0
2016-02-03,369.9490051269531,-0.012015000596581338,0.02630331066983228,1
2016-02-04,389.593994140625,0.053101883614825374,0.030598961252021478,0
2016-02-05,386.5490112304687,-0.007815785037633804,0.024469769292740983,0
2016-02-06,376.5220031738281,-0.025939810387103135,0.025203300309070756,1
2016-02-07,376.6199951171875,0.00026025555620479146,0.022205018926143568,0
2016-02-08,373.4469909667969,-0.00842494873221833,0.021220262259588677,1
2016-02-09,376.0289916992187,0.006913968501225387,0.021367416936944012,1
2016-02-10,381.64898681640625,0.014945643131907493,0.02174319451320454,0
2016-02-11,379.6539916992187,-0.005227303585499277,0.019336963286975793,1
2016-02-12,384.2630004882813,0.012140024574571306,0.019587433842507152,1
2016-02-13,391.8599853515625,0.019770274144603306,0.02015560569551118,1
2016-02-14,407.2300109863281,0.03922325884072131,0.020654932869877664,0
2016-02-15,400.18499755859375,-0.017299838513058163,0.021614000652727748,1
2016-02-16,407.4880065917969,0.018249082493738022,0.02188262857798701,1
2016-02-17,416.3219909667969,0.021679127316867275,0.021566641975775312,1
2016-02-18,422.37298583984375,0.014534410875089776,0.01754465110404966,0
2016-02-19,420.7850036621094,-0.003759667949825962,0.017332421433266763,1
2016-02-20,437.16400146484375,0.03892486105775461,0.016733970072446255,1
2016-02-21,438.7980041503906,0.003737733848330871,0.016589844423590027,0
2016-02-22,437.74798583984375,-0.0023929423119869453,0.016115280416372498,0
2016-02-23,420.7359924316406,-0.03886252811778146,0.021021367735176003,1
2016-02-24,424.9549865722656,0.01002765205857803,0.020942021472747884,0
2016-02-25,424.54400634765625,-0.0009671147241367972,0.020766657724333296,1
2016-02-26,432.1520080566406,0.017920407767467728,0.020907691113330573,1
2016-02-27,432.5190124511719,0.0008492483841082699,0.02074289004394974,1
2016-02-28,433.5039978027344,0.0022773226683849845,0.018605902652382354,1
2016-02-29,437.6969909667969,0.009672328710496725,0.017524710998570402,0
2016-03-01,435.12298583984375,-0.005880792374806099,0.017473546706080506,0
2016-03-02,423.989013671875,-0.02558810389315269,0.018505615328662076,0
2016-03-03,421.6510009765625,-0.005514323767648155,0.01818937302973715,0
2016-03-04,410.9389953613281,-0.02540490972492626,0.019415051329167203,0
2016-03-05,400.5700073242187,-0.025232426598970625,0.01648654127320391,1
2016-03-06,407.7070007324219,0.017817093835551523,0.017529057604441237,1
2016-03-07,414.3210144042969,0.016222467752560865,0.01843226209572752,0
2016-03-08,413.9719848632813,-0.0008424133193374317,0.01541709609131465,1
2016-03-09,414.8599853515625,0.0021450738715433904,0.015122699524670985,1
2016-03-10,417.1310119628906,0.005474200191670997,0.015241251615279972,1
2016-03-11,421.69000244140625,0.010929397114499917,0.014672318993019877,0
2016-03-12,411.6239929199219,-0.02387063829639413,0.015793250934559088,1
2016-03-13,414.06500244140625,0.00593019251421345,0.01592414134341496,1
2016-03-14,416.43798828125,0.00573095003405788,0.015713402006314017,1
2016-03-15,416.8299865722656,0.0009413125172212933,0.015737469395646055,1
2016-03-16,417.010986328125,0.0004342292102057499,0.014331629966995788,1
2016-03-17,420.6210021972656,0.008656884320788816,0.014494520784502135,0
2016-03-18,409.5480041503906,-0.026325357005549388,0.014619793438373156,1
2016-03-19,410.4440002441406,0.0021877681850965836,0.012712187530246133,1
2016-03-20,413.7550048828125,0.008066885218695807,0.012016188826071845,0
2016-03-21,413.3070068359375,-0.0010827616381386962,0.011205882790477318,1
2016-03-22,418.0889892578125,0.011570049243740943,0.011627107371085178,0
2016-03-23,418.0409851074219,-0.0001148180211008043,0.011622243459344863,0
2016-03-24,416.3940124511719,-0.0039397396784595085,0.011591405443256092,1
2016-03-25,417.177001953125,0.001880405285714648,0.011176139704102027,1
2016-03-26,417.9450073242187,0.0018409580765432754,0.00897274234318083,1
2016-03-27,426.7650146484375,0.0211032723675455,0.010400332726690347,0
2016-03-28,424.2309875488281,-0.005937757343340011,0.010562815550993353,0
2016-03-29,416.5159912109375,-0.01818583876313995,0.011789310297230383,0
2016-03-30,414.8160095214844,-0.004081431986586503,0.011838510701104085,1
2016-03-31,416.72900390625,0.004611669609792424,0.01165065506975006,1
2016-04-01,417.9599914550781,0.0029539281818384833,0.00900521775938864,1
2016-04-02,420.87298583984375,0.006969553173317822,0.009123587709255936,1
2016-04-03,420.9039916992187,7.367034810523698e-05,0.008951921216567396,1
2016-04-04,421.4440002441406,0.0012829732090253732,0.008926558021644534,1
2016-04-05,424.0299987792969,0.006136043065408936,0.008562472309015693,0
2016-04-06,423.4129943847656,-0.0014550960929827772,0.00858387129332577,0
2016-04-07,422.7449951171875,-0.0015776541495821084,0.008503275132930952,0
2016-04-08,420.3489990234375,-0.0056677101359551285,0.008688315510031219,0
2016-04-09,419.4110107421875,-0.0022314512070426007,0.008710856616458495,1
2016-04-10,421.5639953613281,0.005133352639766775,0.006553483207628229,1
2016-04-11,422.4830017089844,0.0021799924988104014,0.006427119719642816,1
2016-04-12,425.19000244140625,0.00640736011028098,0.004092059502864135,0
2016-04-13,423.7340087890625,-0.0034243365177533125,0.004026595104985139,1
2016-04-14,424.2820129394531,0.0012932739384234893,0.003927562857898835,1
2016-04-15,429.7130126953125,0.012800447792337577,0.004986995922746301,1
2016-04-16,430.5719909667969,0.0019989580164132548,0.004778106549533047,0
2016-04-17,427.39898681640625,-0.007369276722496543,0.0053460253037355306,1
2016-04-18,428.5910034179687,0.0027890019357357243,0.0053649436915529985,1
2016-04-19,435.5090026855469,0.016141261044697375,0.006596013998822438,1
2016-04-20,441.3890075683594,0.013501454267428992,0.007190064941241459,1
2016-04-21,449.4249877929687,0.018206117703021274,0.008107200711258375,0
2016-04-22,445.7369995117187,-0.008206015200358463,0.008373939503943108,1
2016-04-23,450.2820129394531,0.010196625886370825,0.008294644195369062,1
2016-04-24,458.5549926757813,0.018372885211030088,0.009019607350074031,1
2016-04-25,461.4259948730469,0.006260976858004641,0.00895012509894555,1
2016-04-26,466.0889892578125,0.010105617014595225,0.00900619329561287,0
2016-04-27,444.68701171875,-0.04591822169655291,0.016605759121888632,1
2016-04-28,449.010986328125,0.00972363594039427,0.016669042602798584,1
2016-04-29,455.0969848632813,0.013554230788261457,0.016700196374993554,0
2016-04-30,448.3179931640625,-0.014895707782496825,0.01746736261407703,1
2016-05-01,451.875,0.007934115717358248,0.017243723499771216,0
2016-05-02,444.66900634765625,-0.015946873919432947,0.018063056666667673,1
2016-05-03,450.3039855957031,0.01267230044731571,0.017888740624899424,0
2016-05-04,446.7219848632813,-0.007954628089030136,0.01779627373920537,1
2016-05-05,447.97601318359375,0.002807178430441981,0.01711433164971014,1
2016-05-06,459.6029968261719,0.025954478142589776,0.018265061628439352,0
2016-05-07,458.5360107421875,-0.0023215385699234536,0.018157352920077197,1
2016-05-08,458.5480041503906,2.615586981646878e-05,0.017492174693479298,1
2016-05-09,460.4830017089844,0.004219836398980714,0.017445703822676975,0
2016-05-10,450.8949890136719,-0.020821643056809114,0.018016030505098663,1
2016-05-11,452.7279968261719,0.00406526543244512,0.012920505315284108,1
2016-05-12,454.7659912109375,0.004501586822668102,0.01273446856350994,1
2016-05-13,455.6700134277344,0.001987884393882755,0.01222116480080052,1
2016-05-14,455.6709899902344,2.1431353198764214e-06,0.011432616172723613,1
2016-05-15,457.5679931640625,0.004163098409817101,0.011306066812933474,0
2016-05-16,454.1629943847656,-0.007441514332660049,0.010529927036588086,0
2016-05-17,453.7829895019531,-0.0008367147643265627,0.010041059003601069,1
2016-05-18,454.6189880371094,0.0018422870722276663,0.009736019347505192,0
2016-05-19,438.7149963378906,-0.034983122389776966,0.013711810427416286,1
2016-05-20,442.6759948730469,0.009028637197771028,0.011714893453861485,1
2016-05-21,443.18798828125,0.001156587242436613,0.011758326272370423,0
2016-05-22,439.322998046875,-0.008720882191243562,0.01185358511788655,1
2016-05-23,444.1549987792969,0.010998742961110253,0.01230070455693036,1
2016-05-24,445.9809875488281,0.004111152130561901,0.011200350982262946,1
2016-05-25,449.5989990234375,0.008112479176510368,0.011384172770057027,1
2016-05-26,453.3840026855469,0.008418621194288045,0.011561560732387823,1
2016-05-27,473.4639892578125,0.04428913780222743,0.016595932203350545,1
2016-05-28,530.0399780273438,0.11949375254117633,0.03525096469332647,0
2016-05-29,526.2329711914062,-0.0071824899889741944,0.03555925788567246,1
2016-05-30,533.864013671875,0.014501262555236538,0.03518487187126097,0
2016-05-31,531.385986328125,-0.004641682676279957,0.03530746248895106,1
2016-06-01,536.9199829101562,0.01041426895780817,0.03519400740712976,1
2016-06-02,537.9719848632812,0.001959327249142495,0.03265322674410118,1
2016-06-03,569.1939697265625,0.058036451231221475,0.03452132174271655,1
2016-06-04,572.7269897460938,0.006207058063578019,0.03435054300938358,1
2016-06-05,574.9769897460938,0.003928573369656352,0.033725993084074,1
2016-06-06,585.5369873046875,0.018365948110822705,0.0336337158259607,0
2016-06-07,576.5969848632812,-0.015268040508522596,0.03473764528876472,1
2016-06-08,581.64501953125,0.008754875243001337,0.034722514037103885,0
2016-06-09,574.6300048828125,-0.012060645948779758,0.03562633632695321,1
2016-06-10,577.469970703125,0.00494225118107372,0.034906056724028266,1
2016-06-11,606.7269897460938,0.05066413930986835,0.021175374271953974,1
2016-06-12,672.7839965820312,0.10887435032943138,0.03324828121344409,1
2016-06-13,704.3759765625,0.04695709193584663,0.03409200206375574,0
2016-06-14,685.5590209960938,-0.026714363056839163,0.03581163748205615,1
2016-06-15,694.468994140625,0.012996653638348121,0.03577101242151528,1
2016-06-16,766.3079833984375,0.1034444876069811,0.041801128685001715,0
2016-06-17,748.9089965820312,-0.02270495309111209,0.042656668729810325,1
2016-06-18,756.2269897460938,0.009771538594757656,0.04257471775680137,1
2016-06-19,763.781005859375,0.009989085573125944,0.04241991729401135,0
2016-06-20,737.2260131835938,-0.034767809715171794,0.04499978794287502,0
2016-06-21,666.6519775390625,-0.09572917176344398,0.05378592174408098,0
2016-06-22,596.1160278320312,-0.10580625586293746,0.06231417674864917,1
2016-06-23,623.9769897460938,0.046737481653341684,0.06315606094016303,1
2016-06-24,665.2990112304688,0.0662236302995558,0.06504118827354571,0
2016-06-25,665.1229858398438,-0.00026458086913350165,0.06413864339789531,0
2016-06-26,629.3670043945312,-0.0537584510031085,0.05908987879782545,1
2016-06-27,655.2750244140625,0.04116520224071096,0.058731522101905645,0
2016-06-28,647.0009765625,-0.012626832312067848,0.058423618109210096,0
2016-06-29,639.8900146484375,-0.010990650975278071,0.05828501838285127,1
2016-06-30,673.3369750976562,0.05226985838745257,0.05231085424168263,1
2016-07-01,676.2960205078125,0.004394598127820171,0.05222188390123884,1
2016-07-02,703.7020263671875,0.04052368345860824,0.05356385095316056,0
2016-07-03,658.6640014648438,-0.06400155636164562,0.05571015737431284,1
2016-07-04,683.6619873046875,0.037952561221273884,0.056511718077063504,0
2016-07-05,670.6270141601562,-0.01906640033610929,0.05029645841870506,1
2016-07-06,677.3309936523438,0.009996584316817492,0.039669045199372185,0
2016-07-07,640.56201171875,-0.054285101786537004,0.04159358476978276,1
2016-07-08,666.5230102539062,0.04052847040600782,0.03906399241181717,0
2016-07-09,650.9600219726562,-0.023349513882981232,0.03959802241675179,0
2016-07-10,649.3599853515625,-0.0024579644941098433,0.03657927354290223,0
2016-07-11,647.6589965820312,-0.0026194850435854455,0.03488491388826236,1
2016-07-12,664.551025390625,0.026081670906665577,0.0353606380321381,0
2016-07-13,654.468017578125,-0.015172661582416813,0.03550074059120843,1
2016-07-14,658.0780029296875,0.0055159079658642085,0.03250060945951584,1
2016-07-15,663.2550048828125,0.007866851543552045,0.03255928914055459,0
2016-07-16,660.7670288085938,-0.0037511606484723625,0.030298894243863866,1
2016-07-17,679.458984375,0.02828826916516869,0.025985649349701753,0
2016-07-18,673.1060180664062,-0.00935003650652666,0.024028164689220973,0
2016-07-19,672.864013671875,-0.0003595338446481522,0.023449876151758375,0
2016-07-20,665.6849975585938,-0.010669341750207062,0.023456211973739566,0
2016-07-21,665.0120239257812,-0.0010109490754345307,0.017777399868346384,0
2016-07-22,650.6190185546875,-0.021643225766245777,0.015214950260426794,1
2016-07-23,655.5560302734375,0.007588176149103898,0.014015011165135939,1
2016-07-24,661.2849731445312,0.008739059068229693,0.014146362467548546,0
2016-07-25,654.0969848632812,-0.010869728745036777,0.014493947875535413,0
2016-07-26,651.7839965820312,-0.0035361549353930544,0.012551970206163205,1
2016-07-27,654.3519897460938,0.003939945100722264,0.011953559729272423,1
2016-07-28,655.0349731445312,0.001043755362771126,0.011855710101774511,1
2016-07-29,656.9920043945312,0.002987674445236399,0.011668480957943459,0
2016-07-30,655.0469970703125,-0.0029604733561579,0.01165403576684006,0
2016-07-31,624.6810302734375,-0.04635692848404205,0.014231737223397576,0
2016-08-01,606.27197265625,-0.02946953200920699,0.01556170230350509,0
2016-08-02,547.4650268554688,-0.09699763217344737,0.028383888437153223,1
2016-08-03,566.35498046875,0.03450440244883124,0.031243409622145377,1
2016-08-04,578.2890014648438,0.021071627173149254,0.03232534888163992,0
2016-08-05,575.0430297851562,-0.005613061413004994,0.03214268447062516,1
2016-08-06,587.7780151367188,0.022146143317866906,0.03292159637857571,1
2016-08-07,592.6900024414062,0.008356874837424755,0.032907481909279925,0
2016-08-08,591.0540161132812,-0.002760273197432106,0.03291058023523848,0
2016-08-09,587.801025390625,-0.0055037113934993664,0.0329002810497716,1
2016-08-10,592.10302734375,0.007318806479226669,0.03299760793962825,0
2016-08-11,589.1199951171875,-0.005038029006446343,0.032929369769700234,0
2016-08-12,587.5590209960938,-0.002649670922785896,0.03283187111898375,0
2016-08-13,585.5880126953125,-0.003354570741573859,0.03282791742921869,0
2016-08-14,570.4730224609375,-0.02581164557109794,0.03138240828601434,0
2016-08-15,567.239990234375,-0.005667283288201208,0.030648462291305998,1
2016-08-16,577.4390258789062,0.017980106868553447,0.015608736610632558,0
2016-08-17,573.2160034179688,-0.007313365172209707,0.013108112876382898,1
2016-08-18,574.3179931640625,0.0019224685625014448,0.011777390658824216,1
2016-08-19,575.6300048828125,0.0022844691170509357,0.011698791036493012,1
2016-08-20,581.697021484375,0.010539785192048123,0.01035293752690982,0
2016-08-21,581.3079833984375,-0.0006687984836930561,0.01002179305651229,1
2016-08-22,586.7529907226562,0.009366820136180065,0.01040606374820422,0
2016-08-23,583.4149780273438,-0.005688957275192363,0.01041307071447846,0
2016-08-24,580.1820068359375,-0.0055414607323549525,0.01023752615747412,0
2016-08-25,577.760986328125,-0.004172863824260409,0.010216484633388064,1
2016-08-26,579.6510009765625,0.0032712742693985497,0.0102804983988727,0
2016-08-27,569.947021484375,-0.016741072603754348,0.01111333714386694,1
2016-08-28,573.9119873046875,0.006956726977862093,0.008917898421037466,1
2016-08-29,574.1069946289062,0.0003397861144782688,0.008742882071795556,1
2016-08-30,577.5029907226562,0.0059152668849560275,0.0074245297308035635,0
2016-08-31,575.4719848632812,-0.0035168750500036428,0.007201527445695068,0
2016-09-01,572.302978515625,-0.005506795171634882,0.007345436364190559,1
2016-09-02,575.5369873046875,0.0056508683520231084,0.007487660022527165,1
2016-09-03,598.2119750976562,0.03939796797275985,0.012738896712687587,1
2016-09-04,608.6339721679688,0.01742191314142638,0.01334231340321282,0
2016-09-05,606.5900268554688,-0.0033582504525986323,0.013335656937261253,1
2016-09-06,610.4359741210938,0.00634027447757779,0.013156610702775467,1
2016-09-07,614.5440063476562,0.006729669286737572,0.012927723952908938,1
2016-09-08,626.3159790039062,0.019155621948398593,0.013265258176983194,0
2016-09-09,622.8610229492188,-0.005516314720538151,0.013600892858699342,1
2016-09-10,623.5089721679688,0.0010402789625236775,0.01214310027040631,0
2016-09-11,606.718994140625,-0.02692820597106127,0.015070039249503312,1
2016-09-12,608.2429809570312,0.0025118495236247096,0.015039685854152862,1
2016-09-13,609.2410278320312,0.0016408687091293839,0.015046410273840684,1
2016-09-14,610.6840209960938,0.0023685095030407943,0.014903794412357053,0
2016-09-15,607.155029296875,-0.005778752313614799,0.014917805434503266,0
2016-09-16,606.9730224609375,-0.00029976995520941685,0.014962107496546462,0
2016-09-17,605.9840087890625,-0.0016294194886373736,0.010958712535744524,1
2016-09-18,609.8740234375,0.006419335480833732,0.010045216041831331,0
2016-09-19,609.2269897460938,-0.0010609300716880599,0.01000141836911332,0
2016-09-20,608.31201171875,-0.0015018671902981007,0.00985910837197518,0
2016-09-21,597.1489868164062,-0.018350821103800485,0.010741549169751664,0
2016-09-22,596.2979736328125,-0.0014251270660791127,0.008869453597579312,1
2016-09-23,602.8419799804688,0.010974389712895327,0.009637818591017727,0
2016-09-24,602.625,-0.0003599284516910828,0.009607851593609863,0
2016-09-25,600.8259887695312,-0.0029852914009023124,0.006546794544512966,1
2016-09-26,608.0430297851562,0.012011865582587822,0.007346257148562424,0
2016-09-27,606.166015625,-0.0030869758688286675,0.0073737234155535234,0
2016-09-28,604.72802734375,-0.0023722680654858497,0.007348780599636755,1
2016-09-29,605.6929931640625,0.0015957021614345646,0.007217916518757919,1
2016-09-30,609.7349853515625,0.006673334895926697,0.00744369466584272,1
2016-10-01,613.9829711914062,0.006966938000768419,0.007620299825398483,0
2016-10-02,610.8920288085938,-0.005034247736243724,0.007604393582799358,1
2016-10-03,612.1329956054688,0.002031401194242388,0.007611545390930866,0
2016-10-04,610.2039794921875,-0.003151302293994518,0.007655336732924788,1
2016-10-05,612.510986328125,0.003780714176687905,0.005500927661671176,1
2016-10-06,613.02099609375,0.0008326540699006291,0.0054308071182112725,1
2016-10-07,617.1209716796875,0.0066881487127896655,0.004988210140207943,1
2016-10-08,619.1079711914062,0.003219789316688537,0.004967024161961508,0
2016-10-09,616.7520141601562,-0.003805405746458379,0.005033974213580766,1
2016-10-10,618.9940185546875,0.003635179688199708,0.004159159157229407,1
2016-10-11,641.072021484375,0.03566755456092818,0.009925641440744518,0
2016-10-12,636.1920166015625,-0.007612256843642973,0.01027903473975161,1
2016-10-13,636.7860107421875,0.0009336711639325035,0.010290865736010586,1
2016-10-14,640.3779907226562,0.005640795997202019,0.010271061288778773,0
2016-10-15,638.64599609375,-0.002704644216381835,0.010349002873225852,1
2016-10-16,641.6309814453125,0.004673927919097709,0.010101216714909583,0
2016-10-17,639.1929931640625,-0.0037996735690011274,0.010287561178823812,0
2016-10-18,637.9600219726562,-0.0019289497923044019,0.010235087091069026,0
2016-10-19,630.52001953125,-0.011662176602227792,0.01097649085308637,1
2016-10-20,630.8569946289062,0.0005344399657709609,0.010979484921445586,1
2016-10-21,632.8280029296875,0.0031243345442188986,0.010906138168465494,1
2016-10-22,657.2940063476562,0.0386613792447601,0.014701296408752743,0
2016-10-23,657.0709838867188,-0.0003393039625855243,0.01458149363373139,0
2016-10-24,653.760986328125,-0.005037503770162544,0.014809464661877889,1
2016-10-25,657.5880126953125,0.005853861651613945,0.01173070225297441,1
2016-10-26,678.3040161132812,0.031503012551975074,0.013775551804585744,1
2016-10-27,688.31298828125,0.01475587926682298,0.013980561800460785,1
2016-10-28,689.6510009765625,0.0019439015652655822,0.0140158725806293,1
2016-10-29,714.47900390625,0.03600082200204224,0.015975020956679215,0
2016-10-30,701.864013671875,-0.01765620846155791,0.017401291220170163,0
2016-10-31,700.9719848632812,-0.0012709425062655821,0.017298214958826198,1
2016-11-01,729.7930297851562,0.04111582993933238,0.019341891386858018,1
2016-11-02,740.8289794921875,0.015122026734456728,0.018352568483198127,0
2016-11-03,688.7000122070312,-0.07036572370709482,0.028601846145998616,1
2016-11-04,703.2349853515625,0.021104941029334467,0.028833040657577455,1
2016-11-05,703.4180297851562,0.0002602891457430534,0.02748228901560687,1
2016-11-06,711.52197265625,0.011520806302859343,0.027480746709198256,0
2016-11-07,703.1309814453125,-0.011793017690813201,0.027748617694142975,1
2016-11-08,709.8480224609375,0.009553043732787758,0.027769048627033138,1
2016-11-09,723.2730102539062,0.018912481782264123,0.027069141879658684,0
2016-11-10,715.5339965820312,-0.010699989578151436,0.027213871193359485,1
2016-11-11,716.4110107421875,0.0012256778354984288,0.027216945535754704,0
2016-11-12,705.0540161132812,-0.01585262434358825,0.02588710584257554,0
2016-11-13,702.031005859375,-0.004287629294803641,0.02545369338303445,1
2016-11-14,705.02099609375,0.004259057234537567,0.025469930731569574,1
2016-11-15,711.6190185546875,0.009358618392210527,0.022877717386114122,1
2016-11-16,744.197998046875,0.045781490717260676,0.025868247865793705,0
2016-11-17,740.9769897460938,-0.004328160394457825,0.01610152777686686,1
2016-11-18,751.5850219726562,0.014316277527319121,0.015687734511259845,1
2016-11-19,751.6160278320312,4.125396125331804e-05,0.015692797367766836,0
2016-11-20,731.0260009765625,-0.027394342447511155,0.017735350034877393,1
2016-11-21,739.2479858398438,0.011247185260575776,0.017415300037689454,1
2016-11-22,751.3469848632812,0.01636663102935887,0.017683870620256434,0
2016-11-23,744.593994140625,-0.00898784564083277,0.017470397836819918,0
2016-11-24,740.2890014648438,-0.0057816645173855985,0.01723857309415134,1
2016-11-25,741.6489868164062,0.0018371005767632287,0.017235682734099114,0
2016-11-26,735.3820190429688,-0.00845004562109497,0.016731817792707767,0
2016-11-27,732.0349731445312,-0.004551438316092282,0.016740973911057278,1
2016-11-28,735.81298828125,0.005160976285722985,0.016747418469563034,0
2016-11-29,735.60400390625,-0.00028401832847246844,0.0166721860969117,1
2016-11-30,745.6909790039062,0.013712507060988921,0.011741955424591216,1
2016-12-01,756.7739868164062,0.0148627355359785,0.01227960965758697,1
2016-12-02,777.9439697265625,0.027973983354282694,0.013815845287112412,0
2016-12-03,771.155029296875,-0.008726772998926546,0.014133581009330733,1
2016-12-04,773.8720092773438,0.0035232604045207783,0.01133867806346836,0
2016-12-05,758.7000122070312,-0.019605305384388316,0.012759419857458595,1
2016-12-06,764.2239990234375,0.007280857687529396,0.012186986288312508,1
2016-12-07,768.1320190429688,0.005113710148497264,0.0118508999336587,1
2016-12-08,770.8099975585938,0.0034863518890431155,0.011621948860795688,1
2016-12-09,772.7940063476562,0.0025739271614879655,0.011618177325390628,1
2016-12-10,774.6500244140625,0.0024016983195536135,0.011147610631195761,0
2016-12-11,769.7310180664062,-0.006349972494194334,0.011260799801048629,1
2016-12-12,780.0869750976562,0.013453994691891902,0.01156043458242226,1
2016-12-13,780.5560302734375,0.0006012857421731077,0.011536156317611549,1
2016-12-14,781.4810180664062,0.0011850370211665684,0.011232366102532422,0
2016-12-15,778.0880126953125,-0.004341763002112309,0.010894017363932681,1
2016-12-16,784.906982421875,0.008763751163498146,0.008270155183401294,1
2016-12-17,790.8289794921875,0.0075448393286550175,0.007986718200117328,0
2016-12-18,790.530029296875,-0.00037802129545694285,0.007991183934889593,1
2016-12-19,792.7139892578125,0.002762652751951755,0.00517580315774175,1
2016-12-20,800.8759765625,0.010296257433692224,0.005418007336757316,1
2016-12-21,834.281005859375,0.041710614719965955,0.01161317008964005,1
2016-12-22,864.5399780273438,0.03626952064766198,0.014108829856103062,1
2016-12-23,921.9840087890624,0.06644462051690314,0.020832123283167827,0
2016-12-24,898.822021484375,-0.025121897000261906,0.02307532730922126,0
2016-12-25,896.1829833984375,-0.002936107508335395,0.022896163362625017,1
2016-12-26,907.6099853515624,0.012750746404257995,0.022891516869691878,1
2016-12-27,933.197998046875,0.02819274039322206,0.023103852174098945,1
2016-12-28,975.9210205078124,0.045781305307506015,0.02437672830087466,0
2016-12-29,973.4970092773438,-0.0024838190586440323,0.02426068150914509,0
2016-12-30,961.2379760742188,-0.012592779521968134,0.025421418044664936,1
2016-12-31,963.7429809570312,0.0026060194719346175,0.02556481687769267,1
2017-01-01,998.3250122070312,0.03588304343929827,0.02577517391377357,1
2017-01-02,1021.75,0.02346429019261209,0.02548080160622119,1
2017-01-03,1043.8399658203125,0.02161973655034255,0.025376781285759552,1
2017-01-04,1154.72998046875,0.10623277348965399,0.03410015312008159,0
2017-01-05,1013.3800048828124,-0.1224095485323401,0.05159448023162612,0
2017-01-06,902.2009887695312,-0.10971108130965923,0.05849134907819176,1
2017-01-07,908.5850219726562,0.00707606540293404,0.058055104270901804,1
2017-01-08,911.198974609375,0.002876948852891692,0.0580348579669377,0
2017-01-09,902.8280029296876,-0.009186765912764572,0.058041856512155945,1
2017-01-10,907.6790161132812,0.005373131059129843,0.05754499479371266,0
2017-01-11,777.7570190429688,-0.14313649953773722,0.0672216470220486,1
2017-01-12,804.833984375,0.03481417032449219,0.06843637967440833,1
2017-01-13,823.9840087890625,0.023793757204392474,0.06906828173482765,0
2017-01-14,818.4119873046875,-0.00676229323013644,0.06899647961500831,1
2017-01-15,821.7979736328125,0.004137263848341455,0.06791076224520007,1
2017-01-16,831.5339965820312,0.011847221898321436,0.0675197549428695,1
2017-01-17,907.93798828125,0.09188318458808964,0.0726579291383126,0
2017-01-18,886.6179809570312,-0.02348178796282996,0.06491507877709071,1
2017-01-19,899.072998046875,0.0140477831009016,0.05764923004450593,0
2017-01-20,895.0260009765625,-0.004501299759979593,0.049495184128587374,1
2017-01-21,921.7890014648438,0.029901925149750097,0.05009625963076886,1
2017-01-22,924.6729736328124,0.0031286684516582675,0.050096544181468805,0
2017-01-23,921.0120239257812,-0.0039591832046828035,0.05002396600874612,0
2017-01-24,892.68701171875,-0.030754226298042142,0.05079846345634816,1
2017-01-25,901.5419921875,0.00991946824867651,0.029693786186699513,1
2017-01-26,917.5859985351562,0.01779618308042097,0.02898380801270888,1
2017-01-27,919.75,0.0023583636501629535,0.02875213033939514,1
2017-01-28,921.5900268554688,0.002000572824646607,0.02849430419902837,0
2017-01-29,919.4959716796876,-0.002272219875171788,0.028627552210297853,1
2017-01-30,920.3820190429688,0.0009636228875071762,0.02867513311975123,1
2017-01-31,970.4030151367188,0.05434808053482265,0.020891476811635154,1
2017-02-01,989.0230102539062,0.019187899075688852,0.019487680603754932,1
2017-02-02,1011.7999877929688,0.02302977514468041,0.019846234632847324,1
2017-02-03,1029.9100341796875,0.01789884028979083,0.019605613157832644,1
2017-02-04,1042.9000244140625,0.012612742670015331,0.0188007612798242,0
2017-02-05,1027.3399658203125,-0.014919990631405144,0.019826524824277908,1
2017-02-06,1038.1500244140625,0.010522377161797936,0.01954557916403849,1
2017-02-07,1061.3499755859375,0.022347397414905545,0.01614317028543316,1
2017-02-08,1063.0699462890625,0.0016205500001782447,0.016397817509388204,0
2017-02-09,994.3829956054688,-0.06461188271135343,0.026077254803589196,0
2017-02-10,988.6740112304688,-0.005741232905460025,0.026255354987046387,1
2017-02-11,1004.4500122070312,0.015956726683781453,0.026376970142486064,0
2017-02-12,999.1810302734376,-0.005245638777002348,0.02646482648010008,0
2017-02-13,990.6420288085938,-0.008546000380438623,0.02673255777036014,1
2017-02-14,1004.5499877929688,0.01403933871158447,0.022987152189923674,1
2017-02-15,1007.47998046875,0.0029167216279784025,0.022496871853661293,1
2017-02-16,1027.43994140625,0.019811769290158265,0.022276021219692785,1
2017-02-17,1046.2099609375,0.01826872673993929,0.022297389629821456,1
2017-02-18,1054.4200439453125,0.007847452532812271,0.022148262137784886,0
2017-02-19,1047.8699951171875,-0.0062119919530519985,0.021785511700661255,1
2017-02-20,1079.97998046875,0.030643100290290715,0.02304383019044016,1
2017-02-21,1115.300048828125,0.03270437322740438,0.02386175137716417,1
2017-02-22,1117.43994140625,0.0019186698506590272,0.02385977245999252,1
2017-02-23,1166.719970703125,0.04410083036306922,0.016389503734243128,1
2017-02-24,1173.6800537109375,0.005965512875911516,0.01572147153393752,0
2017-02-25,1143.8399658203125,-0.025424380176076733,0.018630469854963628,1
2017-02-26,1165.199951171875,0.01867392816288249,0.018268951390893358,1
2017-02-27,1179.969970703125,0.012675952755057507,0.017363075084983862,0
2017-02-28,1179.969970703125,0.0,0.01768282742867525,1
2017-03-01,1222.5,0.03604331495955959,0.018608330023297117,1
2017-03-02,1251.010009765625,0.023321071382924385,0.018714916659176913,1
2017-03-03,1274.989990234375,0.019168496080413044,0.018731045868541605,0
2017-03-04,1255.1500244140625,-0.015560879671428163,0.020335787736466625,1
2017-03-05,1267.1199951171875,0.00953668523307627,0.019631631284282827,1
2017-03-06,1272.8299560546875,0.004506251151827012,0.019147638081864152,0
2017-03-07,1223.5400390625,-0.03872466762564919,0.02243336084253497,0
2017-03-08,1150.0,-0.06010431756597667,0.02872786969534096,1
2017-03-09,1188.489990234375,0.033469556725543415,0.02766271992488886,0
2017-03-10,1116.719970703125,-0.06038756751926588,0.032186627530186925,1
2017-03-11,1175.8299560546875,0.052931788543501,0.03471168965984348,1
2017-03-12,1221.3800048828125,0.03873863613830775,0.03582546255489132,1
2017-03-13,1231.9200439453125,0.008629614878549852,0.03576611817567623,1
2017-03-14,1240.0,0.006558831552744948,0.0357571136552735,1
2017-03-15,1249.6099853515625,0.007749988186743995,0.03459672128095108,0
2017-03-16,1187.81005859375,-0.049455372061888436,0.03657862436068313,0
2017-03-17,1100.22998046875,-0.07373239306348878,0.04045566418630237,0
2017-03-18,973.8179931640624,-0.11489596679671477,0.049305164910939135,1
2017-03-19,1036.739990234375,0.0646137137658247,0.05358007644119262,1
2017-03-20,1054.22998046875,0.016870179986421707,0.05398875018009665,1
2017-03-21,1120.5400390625,0.06289904463186113,0.056871239188482275,0
2017-03-22,1049.1400146484375,-0.06371929777163454,0.05714955776504666,0
2017-03-23,1038.5899658203125,-0.01005590167262882,0.05607066647999915,0
2017-03-24,937.52001953125,-0.09731457997404602,0.05948469296702497,1
2017-03-25,972.7789916992188,0.037608767208616944,0.058353497620680574,0
2017-03-26,966.7249755859376,-0.006223423989354604,0.05656669782509954,1
2017-03-27,1045.77001953125,0.0817658030376247,0.062033093855767184,1
2017-03-28,1047.1500244140625,0.0013196064689549036,0.06194249031288688,0
2017-03-29,1039.969970703125,-0.006856757430679705,0.061739871841156584,0
2017-03-30,1026.4300537109375,-0.013019526884062937,0.06076469363707114,1
2017-03-31,1071.7900390625,0.044191988716200115,0.05919831879006407,1
2017-04-01,1080.5,0.008126555220758114,0.049139634450641075,1
2017-04-02,1102.1700439453125,0.020055570518567878,0.04660950020833703,1
2017-04-03,1143.81005859375,0.03778002757122989,0.047334585821312704,0
2017-04-04,1133.25,-0.009232353321610876,0.04461769783248025,0
2017-04-05,1124.780029296875,-0.007474053124310598,0.04062311314876617,1
2017-04-06,1182.6800537109375,0.05147675359266213,0.0420825539005157,0
2017-04-07,1176.9000244140625,-0.004887229879914523,0.029205031867258764,0
2017-04-08,1175.949951171875,-0.0008072675864378986,0.02889852168931302,1
2017-04-09,1187.8699951171875,0.010136523185730661,0.02834259772087239,0
2017-04-10,1187.1300048828125,-0.0006229555737722325,0.021076427894028617,1
2017-04-11,1205.010009765625,0.015061539013646152,0.020996064371507004,0
2017-04-12,1200.3699951171875,-0.0038506025766043006,0.020821969793969202,0
2017-04-13,1169.280029296875,-0.02590031902395007,0.02218116300150448,0
2017-04-14,1167.5400390625,-0.001488086848982828,0.019944321206307514,1
2017-04-15,1172.52001953125,0.004265361616847763,0.01994400217712124,1
2017-04-16,1182.93994140625,0.008886775237463063,0.019559779236706633,1
2017-04-17,1193.9100341796875,0.009273583881525216,0.01726025255716124,1
2017-04-18,1211.6700439453125,0.014875500881293524,0.017126279506098213,0
2017-04-19,1210.2900390625,-0.0011389279529591123,0.016855026416202318,1
2017-04-20,1229.0799560546875,0.015525135616866192,0.011019853071940797,0
2017-04-21,1222.050048828125,-0.005719650045492797,0.011066720330937153,1
2017-04-22,1231.7099609375,0.00790467797831873,0.011096220325837208,0
2017-04-23,1207.2099609375,-0.019891046412705893,0.012501225738837876,1
2017-04-24,1250.1500244140625,0.03556967293677382,0.015477191794366919,1
2017-04-25,1265.489990234375,0.012270499956597014,0.015338500996327895,1
2017-04-26,1281.0799560546875,0.01231931184017121,0.01534205378867865,1
2017-04-27,1317.72998046875,0.028608693970150645,0.013799443075308017,0
2017-04-28,1316.47998046875,-0.0009486010173004322,0.013769641300688232,1
2017-04-29,1321.7900390625,0.004033527795735514,0.013775522938729383,1
2017-04-30,1347.8900146484375,0.019745931513033055,0.014089980894971349,1
2017-05-01,1421.5999755859375,0.0546854417915732,0.018561617418931056,1
2017-05-02,1452.8199462890625,0.021961150280870756,0.018721330085880453,1
2017-05-03,1490.0899658203125,0.025653570923533042,0.018510033587620732,1
2017-05-04,1537.6700439453125,0.031931010352657774,0.019048941824404118,1
2017-05-05,1555.449951171875,0.011562888473097388,0.018046171720273795,1
2017-05-06,1578.800048828125,0.01501179619354387,0.017853541213282597,1
2017-05-07,1596.7099609375,0.011344002758720828,0.014358932990656038,1
2017-05-08,1723.3499755859375,0.07931309865072889,0.021114797287560456,1
2017-05-09,1755.3599853515625,0.018574294379609002,0.020925749418017992,1
2017-05-10,1787.1300048828125,0.018098862795306925,0.020737089569600905,1
2017-05-11,1848.5699462890625,0.034379111334029044,0.02088707621643098,0
2017-05-12,1724.239990234375,-0.06725737173444557,0.031806453330435226,1
2017-05-13,1804.9100341796875,0.04678585603060226,0.0322124380871364,1
2017-05-14,1808.9100341796875,0.002216176941925996,0.03268525577083054,0
2017-05-15,1738.4300537109375,-0.03896267870541803,0.03492837129184704,0
2017-05-16,1734.449951171875,-0.0022894809777168623,0.03515948920937703,1
2017-05-17,1839.0899658203125,0.06033037423636123,0.037254861861712715,1
2017-05-18,1888.6500244140625,0.02694814256769873,0.03711230798341695,1
2017-05-19,1987.7099609375,0.05245012852721076,0.038371787379239665,1
2017-05-20,2084.72998046875,0.048809947848473145,0.039199675678019456,0
2017-05-21,2041.199951171875,-0.020880416027349136,0.04071244641870357,1
2017-05-22,2173.39990234375,0.06476580165308032,0.0391974415507374,1
2017-05-23,2320.419921875,0.06764517628472633,0.04143793299154807,1
2017-05-24,2443.639892578125,0.05310244475213688,0.04230090430638715,0
2017-05-25,2304.97998046875,-0.05674318565944014,0.04721215005645342,0
2017-05-26,2202.419921875,-0.04449498887747083,0.04439825131806433,0
2017-05-27,2038.8699951171875,-0.07425919332339515,0.04991923537704482,1
2017-05-28,2155.800048828125,0.0573504215526095,0.051418466750550965,1
2017-05-29,2255.610107421875,0.046298384049117125,0.04970388368503471,0
2017-05-30,2175.469970703125,-0.03552925058061074,0.05160452875542343,1
2017-05-31,2286.409912109375,0.050995850505991314,0.051066865515815,1
2017-06-01,2407.8798828125,0.05312694371196991,0.0519354053634513,1
2017-06-02,2488.550048828125,0.033502570701906764,0.05123204534819445,1
2017-06-03,2515.35009765625,0.010769342911445712,0.050441055738084176,0
2017-06-04,2511.81005859375,-0.0014073742918723209,0.04964699598815088,1
2017-06-05,2686.81005859375,0.06967087316227039,0.05003281117865737,1
2017-06-06,2863.199951171875,0.06565030230326219,0.0498783369326531,0
2017-06-07,2732.159912109375,-0.045766988438535994,0.051245516682625086,1
2017-06-08,2805.6201171875,0.026887227483478382,0.04771691606026724,1
2017-06-09,2823.81005859375,0.006483394275232257,0.044658236468529115,1
2017-06-10,2947.7099609375,0.043876854240490815,0.03604373648995184,1
2017-06-11,2958.110107421875,0.003528212280786036,0.035455144923775654,0
2017-06-12,2659.6298828125,-0.10090233756359857,0.04782268463545678,1
2017-06-13,2717.02001953125,0.021578241803352327,0.0457634057870887,0
2017-06-14,2506.3701171875,-0.07752975717127475,0.05100970884269713,0
2017-06-15,2464.580078125,-0.016673530687237204,0.04963323705748496,1
2017-06-16,2518.56005859375,0.021902303336727824,0.049176580651005074,1
2017-06-17,2655.8798828125,0.05452314855474327,0.051128036123838726,0
2017-06-18,2548.2900390625,-0.04051005636447136,0.05256062724919439,1
2017-06-19,2589.60009765625,0.01621089356412031,0.049121941589866186,1
2017-06-20,2721.7900390625,0.05104646911540134,0.04772180566083329,0
2017-06-21,2689.10009765625,-0.012010456698382854,0.046197328540539165,1
2017-06-22,2705.409912109375,0.006065157064008231,0.04559240659622202,1
2017-06-23,2744.909912109375,0.014600375278880584,0.045754441651726506,0
2017-06-24,2608.719970703125,-0.04961545033060577,0.045519521839629574,0
2017-06-25,2589.409912109375,-0.007402120124278988,0.04540573682522244,0
2017-06-26,2478.449951171875,-0.042851446740276966,0.03843138601014504,1
2017-06-27,2552.449951171875,0.029857371122225418,0.0389213473438506,1
2017-06-28,2574.7900390625,0.008752409770216296,0.032667361597654355,0
2017-06-29,2539.320068359375,-0.013775869164089127,0.03254602889615289,0
2017-06-30,2480.840087890625,-0.02302977919066862,0.032714138233632846,0
2017-07-01,2434.550048828125,-0.01865901768052247,0.028850462632807692,1
2017-07-02,2506.469970703125,0.029541361004107758,0.028440849606368983,1
2017-07-03,2564.06005859375,0.022976572057023192,0.028807341581892996,1
2017-07-04,2601.639892578125,0.01465637821486343,0.02523623825991833,1
2017-07-05,2601.989990234375,0.00013456806887401918,0.025108171695500395,1
2017-07-06,2608.56005859375,0.0025250167694854664,0.025037845979007007,0
2017-07-07,2518.659912109375,-0.03446351414766324,0.02590799061772038,1
2017-07-08,2571.340087890625,0.020915954364450373,0.023478423617678046,0
2017-07-09,2518.43994140625,-0.02057298711030131,0.024022066910288756,0
2017-07-10,2372.56005859375,-0.05792470188153198,0.026242811871757917,0
2017-07-11,2337.7900390625,-0.014655064012102925,0.02462998644517245,1
2017-07-12,2398.840087890625,0.026114427646636518,0.02583586873323298,0
2017-07-13,2357.89990234375,-0.01706665890466874,0.02593926475276606,0
2017-07-14,2233.340087890625,-0.052826591293936076,0.02861949257677494,0
2017-07-15,1998.8599853515625,-0.10499077315203142,0.03879510633224255,0
2017-07-16,1929.8199462890625,-0.03453970741745427,0.03710004813671546,1
2017-07-17,2228.409912109375,0.1547242613977975,0.058681134621358336,1
2017-07-18,2318.8798828125,0.0405984420601897,0.05986377563929147,0
2017-07-19,2273.429931640625,-0.019599959234089415,0.059925985405037234,1
2017-07-20,2817.60009765625,0.2393608698654388,0.08933371285190811,0
2017-07-21,2667.760009765625,-0.05318004070743243,0.0901692603747922,1
2017-07-22,2810.1201171875,0.05336316119169271,0.09095154653083352,0
2017-07-23,2730.39990234375,-0.02836897054903753,0.09117615557429294,1
2017-07-24,2754.860107421875,0.008958469804049018,0.089108357158369,0
2017-07-25,2576.47998046875,-0.06475106538896502,0.0913315137186824,0
2017-07-26,2529.449951171875,-0.018253597797534105,0.09151972672791457,1
2017-07-27,2671.780029296875,0.05626918139220716,0.09210922230302744,1
2017-07-28,2809.010009765625,0.05136275403063939,0.09061097186013135,0
2017-07-29,2726.449951171875,-0.029391158560036046,0.08464077558398674,1
2017-07-30,2757.179931640625,0.01127105981004406,0.08301228531690295,1
2017-07-31,2875.340087890625,0.042855438955589076,0.074944531918313,0
2017-08-01,2718.260009765625,-0.05463008664141544,0.07728929288543114,0
2017-08-02,2710.669921875,-0.0027922597041331043,0.07685743988125017,1
2017-08-03,2804.72998046875,0.03469993075685429,0.04288707253290791,1
2017-08-04,2895.889892578125,0.03250220618176569,0.04069026078524097,1
2017-08-05,3252.909912109375,0.12328508084725742,0.05007418921333208,0
2017-08-06,3213.93994140625,-0.011980033802367007,0.04925161994312982,1
2017-08-07,3378.93994140625,0.05133885604838184,0.05028788933627001,1
2017-08-08,3419.93994140625,0.012133983057105446,0.044696947847560245,0
2017-08-09,3342.469970703125,-0.022652436016542987,0.04501099568003707,1
2017-08-10,3381.280029296875,0.011611191404536703,0.04388918483202855,1
2017-08-11,3650.6201171875,0.07965625016471445,0.04614547956112929,1
2017-08-12,3884.7099609375,0.06412330952976464,0.04522844243077451,1
2017-08-13,4073.260009765625,0.04853645464502643,0.04535772179704414,1
2017-08-14,4325.1298828125,0.06183496080363593,0.046075474472230316,0
2017-08-15,4181.93017578125,-0.033108764571511906,0.043289854465293424,1
2017-08-16,4376.6298828125,0.04655737873358379,0.042227614692412374,0
2017-08-17,4331.68994140625,-0.010268161258673913,0.043976180542070004,0
2017-08-18,4160.6201171875,-0.03949262909690476,0.04798938927743199,1
2017-08-19,4193.7001953125,0.007950756664456327,0.03935986143147505,0
2017-08-20,4087.659912109375,-0.025285613721660716,0.04031496075822406,0
2017-08-21,4001.739990234375,-0.02101934204958411,0.04035950927287484,1
2017-08-22,4100.52001953125,0.024684269727151875,0.04048042454015429,1
2017-08-23,4151.52001953125,0.01243744689870585,0.039113376911693684,1
2017-08-24,4334.68017578125,0.044118818020461026,0.03977288393736622,1
2017-08-25,4371.60009765625,0.008517334700095969,0.0357126208575811,0
2017-08-26,4352.39990234375,-0.0043920292075192435,0.03282578608465794,1
2017-08-27,4382.8798828125,0.007003028479147133,0.030755003825911887,0
2017-08-28,4382.66015625,-5.0132919079404203e-05,0.02616863633832625,1
2017-08-29,4579.02001953125,0.0448038077972408,0.02657859712118465,0
2017-08-30,4565.2998046875,-0.002996321218345477,0.024060801295559556,1
2017-08-31,4703.39013671875,0.030247812397657503,0.024732285178729146,1
2017-09-01,4892.009765625,0.040102909480912885,0.02247062657375882,0
2017-09-02,4578.77001953125,-0.06403089141293461,0.03030483190378269,1
2017-09-03,4582.9599609375,0.0009150801172317369,0.028954941060497435,0
2017-09-04,4236.31005859375,-0.07563886774014905,0.03606019203696025,1
2017-09-05,4376.52978515625,0.03309949569863302,0.03648664911704572,1
2017-09-06,4597.1201171875,0.050403023139341974,0.03841804947805294,1
2017-09-07,4599.8798828125,0.0006003248892021418,0.037006086934297994,0
2017-09-08,4228.75,-0.0806825161237863,0.0434525488073693,0
2017-09-09,4226.06005859375,-0.0006361079293526473,0.04344473092116536,0
2017-09-10,4122.93994140625,-0.024401006080782994,0.043797670548202196,1
2017-09-11,4161.27001953125,0.009296783040678047,0.043924497670159914,0
2017-09-12,4130.81005859375,-0.007319871287980284,0.04173548080700881,0
2017-09-13,3882.590087890625,-0.06008990178251539,0.04408950241368038,0
2017-09-14,3154.949951171875,-0.1874110117851947,0.06293367068511974,1
2017-09-15,3637.52001953125,0.15295648927176453,0.07759035942139772,0
2017-09-16,3625.0400390625,-0.0034309035831391332,0.07651177060009218,0
2017-09-17,3582.8798828125,-0.011630259471810844,0.0764003317479395,1
2017-09-18,4065.199951171875,0.13461798445242934,0.0837938128248291,0
2017-09-19,3924.969970703125,-0.03449522339690225,0.08371108851908159,0
2017-09-20,3905.949951171875,-0.004845901923637541,0.08221547084849501,0
2017-09-21,3631.0400390625,-0.07038234374377883,0.08379196019414946,0
2017-09-22,3630.699951171875,-9.366128904286786e-05,0.08155708591452501,1
2017-09-23,3792.39990234375,0.04453685331933954,0.08274321252671864,0
2017-09-24,3682.840087890625,-0.028889309480631398,0.0828349874086148,1
2017-09-25,3926.070068359375,0.06604413296914613,0.08493945812796559,0
2017-09-26,3892.35009765625,-0.00858873380148717,0.08494768969913884,1
2017-09-27,4200.669921875,0.0792117400755914,0.08562886553872172,0
2017-09-28,4174.72998046875,-0.006175191550082948,0.06479870626447956,0
2017-09-29,4163.06982421875,-0.0027930324367207993,0.052868718571905615,1
2017-09-30,4338.7099609375,0.042190053046182285,0.053319198611404356,1
2017-10-01,4403.740234375,0.014988389180881967,0.052799578838985305,1
2017-10-02,4409.31982421875,0.0012670115735247123,0.04032870240192999,0
2017-10-03,4317.47998046875,-0.02082857388696502,0.039413247787449784,0
2017-10-04,4229.35986328125,-0.02041008124788868,0.04000473792218343,1
2017-10-05,4328.41015625,0.023419689071315863,0.03347121228185526,1
2017-10-06,4370.81005859375,0.00979572194250733,0.03327434840063185,1
2017-10-07,4426.89013671875,0.012830591440306849,0.03208201574914325,1
2017-10-08,4610.47998046875,0.04147151568709995,0.03073837941471418,1
2017-10-09,4772.02001953125,0.03503757520840067,0.027886688990300848,1
2017-10-10,4781.990234375,0.0020893070026830607,0.02735083053606054,1
2017-10-11,4826.47998046875,0.009303604548152045,0.020202859972301326,1
2017-10-12,5446.91015625,0.12854713544693785,0.036960779163300206,1
2017-10-13,5647.2099609375,0.03677310602556361,0.036613108375771225,1
2017-10-14,5831.7900390625,0.0326851807178703,0.03630887337222964,0
2017-10-15,5678.18994140625,-0.02633841352782007,0.03852842321128904,1
2017-10-16,5725.58984375,0.008347713414463831,0.03832402745254041,0
2017-10-17,5605.509765625,-0.02097252534707461,0.0383356916684957,0
2017-10-18,5590.68994140625,-0.002643795986161823,0.037190963887202076,1
2017-10-19,5708.52001953125,0.021076124657229967,0.037183243456602184,1
2017-10-20,6011.4501953125,0.05306632450176196,0.038007856105534615,1
2017-10-21,6031.60009765625,0.003351920366813088,0.03829895802426142,0
2017-10-22,6008.419921875,-0.0038431221244686897,0.03853059482203793,0
2017-10-23,5930.31982421875,-0.012998441965067942,0.039197412850910926,0
2017-10-24,5526.64013671875,-0.06807047502757235,0.0451842072744126,1
2017-10-25,5750.7998046875,0.040559845118093296,0.045845021264919815,1
2017-10-26,5904.830078125,0.026784148060926993,0.032263039457197246,0
2017-10-27,5780.89990234375,-0.02098793261475229,0.03175140697724381,0
2017-10-28,5753.08984375,-0.004810679835932641,0.0305351708068543,1
2017-10-29,6153.85009765625,0.06966000267519279,0.034778716069392944,0
2017-10-30,6130.52978515625,-0.0037895483526454443,0.03487549831396525,1
2017-10-31,6468.39990234375,0.0551127111404921,0.036337894020857964,1
2017-11-01,6767.31005859375,0.04621083432731066,0.03727199134966704,1
2017-11-02,7078.5,0.04598428898807039,0.038199163143460724,1
2017-11-03,7207.759765625,0.01826089787737506,0.03671621487032446,1
2017-11-04,7379.9501953125,0.023889590564422525,0.036682383345386406,1
2017-11-05,7407.41015625,0.0037208870264384686,0.036436153239500134,0
2017-11-06,7022.759765625,-0.05192778346429916,0.04009494146475049,1
2017-11-07,7144.3798828125,0.01731799481206897,0.03263009113102248,1
2017-11-08,7459.68994140625,0.04413399955849262,0.0328251581332686,0
2017-11-09,7143.580078125,-0.0423757375660655,0.03659265262011621,0
2017-11-10,6618.14013671875,-0.07355414731266852,0.04268356587852261,0
2017-11-11,6357.60009765625,-0.03936756153242693,0.04459708553191977,0
2017-11-12,5950.06982421875,-0.06410127519466624,0.044720261915519005,1
2017-11-13,6559.490234375,0.1024223964020905,0.052608675533138936,1
2017-11-14,6635.75,0.011625867697059977,0.05074444879141658,1
2017-11-15,7315.5400390625,0.10244358799871911,0.056343072174463875,1
2017-11-16,7871.68994140625,0.07602308228430132,0.058472197468801015,0
2017-11-17,7708.990234375,-0.020668967939835303,0.05893097168619872,1
2017-11-18,7790.14990234375,0.01052792460507379,0.05873377980417018,1
2017-11-19,8036.490234375,0.03162202719066243,0.05914274602271773,1
2017-11-20,8200.6396484375,0.020425510300550398,0.05666554878410118,0
2017-11-21,8071.259765625,-0.015776803805438666,0.05714213108030517,1
2017-11-22,8253.5498046875,0.02258507895370454,0.05644493002375544,0
2017-11-23,8038.77001953125,-0.026022716314653915,0.055467352691607665,1
2017-11-24,8253.6904296875,0.026735484363164197,0.050078802010356346,1
2017-11-25,8790.919921875,0.06508961012823455,0.04879421902316012,1
2017-11-26,9330.5498046875,0.06138491620992981,0.042370314996236225,1
2017-11-27,9818.349609375,0.052279856482030373,0.03798459788869167,1
2017-11-28,10058.7998046875,0.024489879142509663,0.03766337677203054,0
2017-11-29,9888.6103515625,-0.016919459222728528,0.03347387271636225,1
2017-11-30,10233.599609375,0.034887536827456156,0.03001975867312496,1
2017-12-01,10975.599609375,0.07250625667631683,0.030788151079867654,1
2017-12-02,11074.599609375,0.009020008338809893,0.030848969518259904,1
2017-12-03,11323.2001953125,0.022447817050383678,0.030815014205602592,1
2017-12-04,11657.2001953125,0.02949696148075409,0.03080172944451784,1
2017-12-05,11916.7001953125,0.02226091991663215,0.028431826280763715,1
2017-12-06,14291.5,0.19928333899191664,0.05362206683071651,1
2017-12-07,17899.69921875,0.2524716942763181,0.07439527969853817,0
2017-12-08,16569.400390625,-0.07431961911021989,0.08245239521248793,0
2017-12-09,15178.2001953125,-0.08396201205323306,0.09015726386666723,1
2017-12-10,15455.400390625,0.01826304777546084,0.09022617370044285,1
2017-12-11,16936.80078125,0.09585001702858453,0.09141999936735508,1
2017-12-12,17415.400390625,0.028257970059188287,0.09136598742898688,0
2017-12-13,16408.19921875,-0.05783393716386753,0.09406312721994765,1
2017-12-14,16564.0,0.009495300439305021,0.0944261960297628,1
2017-12-15,17706.900390625,0.06899905763251635,0.09433450959900203,1
2017-12-16,19497.400390625,0.10111877067699493,0.09532275315207968,0
2017-12-17,19140.80078125,-0.01828959770177696,0.09668053434062744,0
2017-12-18,19114.19921875,-0.0013897831550526707,0.09734335826988473,0
2017-12-19,17776.69921875,-0.0699741582000456,0.10166277629977512,0
2017-12-20,16624.599609375,-0.06480953495347552,0.0926196379208704,0
2017-12-21,15802.900390625,-0.04942670729264509,0.06355064959675097,0
2017-12-22,13831.7998046875,-0.12473030502089644,0.06886426443987147,1
2017-12-23,14699.2001953125,0.06271059463505568,0.0679967328488002,0
2017-12-24,13925.7998046875,-0.05261513418067698,0.06915110933002773,1
2017-12-25,14026.599609375,0.007238349401918809,0.0629708065343987,1
2017-12-26,16099.7998046875,0.14780490304484273,0.07561541525894291,0
2017-12-27,15838.5,-0.016230003345223065,0.07409601400046219,0
2017-12-28,14606.5,-0.07778514379518264,0.07685543853927497,1
2017-12-29,14656.2001953125,0.0034026081068359026,0.07385661731659145,0
2017-12-30,12952.2001953125,-0.11626478741365665,0.07129509728626085,1
2017-12-31,14156.400390625,0.09297263608914186,0.0781471756951343,0
2018-01-01,13657.2001953125,-0.03526321533283927,0.07810081017324313,1
2018-01-02,14982.099609375,0.0970110560814097,0.08265238817554078,1
2018-01-03,15201.0,0.014610795304552893,0.0812406085244439,1
2018-01-04,15599.2001953125,0.026195657872015055,0.08044981687930881,1
2018-01-05,17429.5,0.11733292616101543,0.07704017306365846,1
2018-01-06,17527.0,0.005593964256002781,0.07607451707915885,0
2018-01-07,16477.599609375,-0.05987336056512804,0.07659580277606247,0
2018-01-08,15170.099609375,-0.07935014996092593,0.08063967410593306,0
2018-01-09,14595.400390625,-0.03788368129071751,0.07062864507021846,1
2018-01-10,14973.2998046875,0.025891678470515656,0.07099503218243372,0
2018-01-11,13405.7998046875,-0.10468634305373903,0.07353224253773835,1
2018-01-12,13980.599609375,0.042876949757709726,0.07457063834440114,1
2018-01-13,14360.2001953125,0.02715195317395036,0.06694584893033761,0
2018-01-14,13772.0,-0.04096044534981502,0.06358033827266872,1
2018-01-15,13819.7998046875,0.0034707961579654167,0.0627699345432559,0
2018-01-16,11490.5,-0.16854801354629112,0.07157514814403368,0
2018-01-17,11188.599609375,-0.02627391241677912,0.07104914936155782,1
2018-01-18,11474.900390625,0.02558861620270214,0.07101948079026035,1
2018-01-19,11607.400390625,0.01154694119247024,0.06016684119428024,1
2018-01-20,12899.2001953125,0.11129105236439107,0.07032138498565739,0
2018-01-21,11600.099609375,-0.10071171594108497,0.0729337876387565,0
2018-01-22,10931.400390625,-0.05764598936801968,0.0718478011456586,0
2018-01-23,10868.400390625,-0.005763214020962026,0.07176744118893699,1
2018-01-24,11359.400390625,0.04517684133384825,0.07285853906718419,0
2018-01-25,11259.400390625,-0.008803281560753051,0.06834490686886584,0
2018-01-26,11171.400390625,-0.007815691506385392,0.06664312326263824,1
2018-01-27,11440.7001953125,0.024106181433931617,0.06650420647633423,1
2018-01-28,11786.2998046875,0.03020790716258781,0.0669991527724262,0
2018-01-29,11296.400390625,-0.041565158037780714,0.067440783196598,0
2018-01-30,10106.2998046875,-0.10535219581320587,0.05755290253904006,1
2018-01-31,10221.099609375,0.011359232053877344,0.057491052773774975,0
2018-02-01,9170.5400390625,-0.1027834196380305,0.062293604046012224,0
2018-02-02,8830.75,-0.037052347802326024,0.062111093963128125,1
2018-02-03,9174.91015625,0.03897292486481896,0.052897651815762066,0
2018-02-04,8277.009765625,-0.09786476110758924,0.05257915792562376,0
2018-02-05,6955.27001953125,-0.15968807377551097,0.06372026211088766,1
2018-02-06,7754.0,0.11483809805022926,0.0744628299881451,0
2018-02-07,7621.2998046875,-0.01711377293171268,0.07201479672594799,1
2018-02-08,8265.58984375,0.08453807822469184,0.07778060757299488,1
2018-02-09,8736.98046875,0.057030488314931294,0.08038158736545394,0
2018-02-10,8621.900390625,-0.013171607575021227,0.07962493097015498,0
2018-02-11,8129.97021484375,-0.05705588715872301,0.07906087080745576,1
2018-02-12,8926.5703125,0.09798315081177211,0.08513217511577846,0
2018-02-13,8598.3095703125,-0.03677344497335466,0.08131163681474331,1
2018-02-14,9494.6298828125,0.10424378247495736,0.08665654946897484,1
2018-02-15,10166.400390625,0.07075267978887334,0.08343792047210029,1
2018-02-16,10233.900390625,0.006639518158486624,0.082324579738767,1
2018-02-17,11112.7001953125,0.0858714440383399,0.08435638983027889,0
2018-02-18,10551.7998046875,-0.050473816513253555,0.08023585054994167,1
2018-02-19,11225.2998046875,0.06382797366007709,0.06171430199841277,1
2018-02-20,11403.7001953125,0.01589270609507487,0.05758134820498863,0
2018-02-21,10690.400390625,-0.06254985596523333,0.061550838714599106,0
2018-02-22,10005.0,-0.06411363144322124,0.06350315765341086,1
2018-02-23,10301.099609375,0.02959516335582202,0.06254162705580876,0
2018-02-24,9813.0703125,-0.04737642731178393,0.06431177865193179,0
2018-02-25,9664.73046875,-0.015116557715992629,0.06181743539500797,1
2018-02-26,10366.7001953125,0.07263210586495439,0.05950144760998862,1
2018-02-27,10725.599609375,0.03462041028492213,0.05800711089821,0
2018-02-28,10397.900390625,-0.030552997565149287,0.05350685313071319,1
2018-03-01,10951.0,0.05319339372337972,0.05210596137270918,1
2018-03-02,11086.400390625,0.012364203326180156,0.05212894024671361,1
2018-03-03,11489.7001953125,0.036377885560451295,0.04787211505866338,1
2018-03-04,11512.599609375,0.0019930384320943073,0.04531104161045839,1
2018-03-05,11573.2998046875,0.005272501204946822,0.04228306506901696,0
2018-03-06,10779.900390625,-0.06855429544313296,0.04615139283803396,0
2018-03-07,9965.5703125,-0.0755415215926486,0.047549970231910335,0
2018-03-08,9395.009765625,-0.0572531755818666,0.04691326564752443,0
2018-03-09,9337.5498046875,-0.006116008644050375,0.04593884324635626,0
2018-03-10,8866.0,-0.050500379066334866,0.046162303494624045,1
2018-03-11,9578.6298828125,0.08037783474086391,0.05149496391526369,0
2018-03-12,9205.1201171875,-0.03899407015352063,0.04800653553300157,0
2018-03-13,9194.849609375,-0.001115738597840088,0.046528881657523787,0
2018-03-14,8269.8095703125,-0.10060415105858134,0.052322863936541196,1
2018-03-15,8300.8603515625,0.0037547153880626016,0.048929333716920514,1
2018-03-16,8338.349609375,0.0045163099033997955,0.048592738427180676,0
2018-03-17,7916.8798828125,-0.05054594090041897,0.046475997336286136,1
2018-03-18,8223.6796875,0.038752615832098325,0.04909713902843262,1
2018-03-19,8630.650390625,0.04948766471821564,0.052343500880825566,1
2018-03-20,8913.4697265625,0.03276917997335538,0.05203605519993737,1
2018-03-21,8929.2802734375,0.0017737814072429359,0.04880042181374381,0
2018-03-22,8728.4697265625,-0.022488995834565095,0.04687634258557823,1
2018-03-23,8879.6201171875,0.017316940467241304,0.04722012384609833,0
2018-03-24,8668.1201171875,-0.023818586517076135,0.045647581813697075,0
2018-03-25,8495.7802734375,-0.019882032253830673,0.03939788484972766,0
2018-03-26,8209.400390625,-0.033708485106174635,0.039100074236430686,0
2018-03-27,7833.0400390625,-0.04584504758621555,0.04035324388699107,1
2018-03-28,7954.47998046875,0.015503551724572073,0.03136477647568675,0
2018-03-29,7165.7001953125,-0.09916170347942321,0.04054870021046799,0
2018-03-30,6890.52001953125,-0.03840241264367461,0.04101368594762038,1
2018-03-31,6973.52978515625,0.012046952245941878,0.039972932450306864,0
2018-04-01,6844.22998046875,-0.01854151465198095,0.03765508895761911,1
2018-04-02,7083.7998046875,0.03500318149775872,0.03598729560057439,1
2018-04-03,7456.10986328125,0.052557958843978625,0.038256756968709345,0
2018-04-04,6853.83984375,-0.08077536819799569,0.042139235085379624,0
2018-04-05,6811.47021484375,-0.006181881962836755,0.04222705616729395,0
2018-04-06,6636.31982421875,-0.025714036045156208,0.04111139712500078,1
2018-04-07,6911.08984375,0.041403974915207975,0.04419817086525712,1
2018-04-08,7023.52001953125,0.016268081926749334,0.044948256377433105,0
2018-04-09,6770.72998046875,-0.03599192973886778,0.04503504182662273,1
2018-04-10,6834.759765625,0.009456851084145068,0.04432409945724317,1
2018-04-11,6968.31982421875,0.019541295257440083,0.04450682723370019,1
2018-04-12,7889.25,0.13215957347142848,0.05074656194025318,1
2018-04-13,7895.9599609375,0.0008505194964667506,0.04903765612629392,1
2018-04-14,7986.240234375,0.011433729892771805,0.04903679122197528,1
2018-04-15,8329.1103515625,0.04293260747550409,0.04895772211917471,0
2018-04-16,8058.669921875,-0.03246930563679795,0.050165549105626706,0
2018-04-17,7902.08984375,-0.01943001508226172,0.049190859670312136,1
2018-04-18,8163.419921875,0.03307100821331388,0.04288154203569488,1
2018-04-19,8294.3095703125,0.016033678248838168,0.04251138828139674,1
2018-04-20,8845.830078125,0.06649384172813311,0.042865166077600846,1
2018-04-21,8895.580078125,0.0056241188854653235,0.04265675005442976,0
2018-04-22,8802.4599609375,-0.010468133204319163,0.04338071858824394,1
2018-04-23,8930.8798828125,0.014589094689994253,0.0406396030401666,1
2018-04-24,9697.5,0.08583925965266448,0.04400199342086493,0
2018-04-25,8845.740234375,-0.0878329224671307,0.05356286723535727,1
2018-04-26,9281.509765625,0.049263206888732425,0.043705073189235694,0
2018-04-27,8987.0498046875,-0.031725437819185576,0.04521780206005281,1
2018-04-28,9348.48046875,0.040216831097785066,0.045925086129293635,1
2018-04-29,9419.080078125,0.0075519876851644074,0.04507509570288388,0
2018-04-30,9240.5498046875,-0.01895410931393615,0.044237860233531066,0
2018-05-01,9119.009765625,-0.013152901248456694,0.043939427397290814,1
2018-05-02,9235.919921875,0.012820488107240013,0.043494492423751245,1
2018-05-03,9743.8603515625,0.05499619247287524,0.045143735661189816,0
2018-05-04,9700.759765625,-0.004423358338729533,0.04252413049181701,1
2018-05-05,9858.150390625,0.016224566817716557,0.042583390983893986,0
2018-05-06,9654.7998046875,-0.020627661161558675,0.043010606764223774,0
2018-05-07,9373.009765625,-0.02918652325920712,0.04403345195756329,0
2018-05-08,9234.8203125,-0.014743338221176572,0.03742611391689681,1
2018-05-09,9325.1796875,0.009784638135047707,0.028367915627087757,0
2018-05-10,9043.9404296875,-0.030159124782280555,0.026533467027775755,0
2018-05-11,8441.490234375,-0.06661368459868511,0.030871586798470543,1
2018-05-12,8504.8896484375,0.007510452811321011,0.02840561322944067,1
2018-05-13,8723.9404296875,0.025755864015265972,0.02948723921666243,0
2018-05-14,8716.7900390625,-0.0008196285477451992,0.02922686314570265,0
2018-05-15,8510.3798828125,-0.023679606291423294,0.029619876239744877,0
2018-05-16,8368.830078125,-0.016632607079429262,0.029338794584924763,0
2018-05-17,8094.31982421875,-0.03280150885412081,0.02406575448056165,1
2018-05-18,8250.9697265625,0.019353065575076878,0.025504861841319452,0
2018-05-19,8247.1796875,-0.0004593446816679725,0.024495273022099792,1
2018-05-20,8513.25,0.03226197592169289,0.02706872404666607,0
2018-05-21,8418.990234375,-0.011072124702669384,0.02643460753685334,0
2018-05-22,8041.77978515625,-0.04480471395234409,0.028244002363354868,0
2018-05-23,7557.81982421875,-0.060180703011888936,0.030663965368832664,1
2018-05-24,7587.33984375,0.0039058908809461723,0.030673342871936425,0
2018-05-25,7480.14013671875,-0.014128760440268784,0.026396810842275003,0
2018-05-26,7355.8798828125,-0.016612022186092146,0.02607275826942518,1
2018-05-27,7368.22021484375,0.0016776146739541087,0.024264601875565832,0
2018-05-28,7135.990234375,-0.03151778498705937,0.024589283413763274,1
2018-05-29,7472.58984375,0.047169292322396306,0.029268546720124786,0
2018-05-30,7406.52001953125,-0.008841623265862797,0.029183046082302346,1
2018-05-31,7494.169921875,0.011834154516914053,0.028733859245219158,1
2018-06-01,7541.4501953125,0.006308940673935393,0.02808405044616673,1
2018-06-02,7643.4501953125,0.013525250098900043,0.02854249907182649,1
2018-06-03,7720.25,0.010047792910929054,0.02687863391978216,0
2018-06-04,7514.47021484375,-0.026654549419546036,0.02739482118560865,1
2018-06-05,7633.759765625,0.015874645500039364,0.02583420651458752,1
2018-06-06,7653.97998046875,0.002648788469189478,0.02001303421881473,1
2018-06-07,7678.240234375,0.0031696259943396754,0.020006027037719868,0
2018-06-08,7624.919921875,-0.006944340222814094,0.01967655038892793,0
2018-06-09,7531.97998046875,-0.012188972783781837,0.019396030877837624,0
2018-06-10,6786.02001953125,-0.09903902597615177,0.03322150442713561,1
2018-06-11,6906.919921875,0.017816025003725366,0.03284426709922322,0
2018-06-12,6582.35986328125,-0.04699056341537011,0.031663622926198766,0
2018-06-13,6349.89990234375,-0.03531559589050193,0.03246401752278389,1
2018-06-14,6675.35009765625,0.05125280718084646,0.036053718689421886,0
2018-06-15,6456.580078125,-0.03277281585696323,0.036404705468671895,1
2018-06-16,6550.16015625,0.014493753193281167,0.036454549021817134,0
2018-06-17,6499.27001953125,-0.007769296552266991,0.03599659862408869,1
2018-06-18,6734.81982421875,0.036242501693211526,0.0378506001390484,1
2018-06-19,6769.93994140625,0.005214707758210091,0.03745787127458184,1
2018-06-20,6776.5498046875,0.0009763547887364776,0.0374243958748583,0
2018-06-21,6729.740234375,-0.006907581536569007,0.03728992286972123,0
2018-06-22,6083.68994140625,-0.09599929127557916,0.043964074474934195,1
2018-06-23,6162.47998046875,0.012951028047344604,0.04459965205955526,1
2018-06-24,6173.22998046875,0.0017444275736506754,0.03721375524860408,1
2018-06-25,6249.18017578125,0.012303153382069887,0.03696986348542258,0
2018-06-26,6093.669921875,-0.02488490482462502,0.035550935841724925,1
2018-06-27,6157.1298828125,0.010414079159373646,0.034629349547030654,0
2018-06-28,5903.43994140625,-0.041202629509963784,0.03252143220294915,1
2018-06-29,6218.2998046875,0.053334982045442514,0.03552611559875906,1
2018-06-30,6404.0,0.029863499854496434,0.036306514836573114,0
2018-07-01,6385.81982421875,-0.00283887816696593,0.03625947414657624,1
2018-07-02,6614.18017578125,0.03576053785551925,0.036221984917325735,0
2018-07-03,6529.58984375,-0.012789239147277698,0.03631676159657199,1
2018-07-04,6597.5498046875,0.010407998444580624,0.03646237409223848,1
2018-07-05,6639.14013671875,0.006303905732049309,0.03647632985382107,1
2018-07-06,6673.5,0.005175348399594437,0.023928561653380934,1
2018-07-07,6856.93017578125,0.02748635285551071,0.0245195344392524,0
2018-07-08,6773.8798828125,-0.012111876720297454,0.025062254633304974,0
2018-07-09,6741.75,-0.004743202325453666,0.02519561300736648,0
2018-07-10,6329.9501953125,-0.06108203429191239,0.029981283581321565,1
2018-07-11,6394.7099609375,0.010230691178732654,0.029977901492500195,0
2018-07-12,6228.81005859375,-0.025943303661489003,0.028482202313127866,1
2018-07-13,6238.0498046875,0.0014833886419449716,0.024727818082037247,1
2018-07-14,6276.1201171875,0.006102918971790272,0.02333466556397944,1
2018-07-15,6359.64013671875,0.013307587804530119,0.023643487587314053,1
2018-07-16,6741.75,0.06008356684760452,0.02711453984167367,1
2018-07-17,7321.0400390625,0.08592576690955611,0.03480052142721151,1
2018-07-18,7370.77978515625,0.006794081964906162,0.03480075284902012,1
2018-07-19,7466.85986328125,0.013035266406750123,0.03481456127168202,0
2018-07-20,7354.1298828125,-0.015097374603627811,0.03540171393844739,1
2018-07-21,7419.2900390625,0.008860348850009636,0.03494119091677575,0
2018-07-22,7418.490234375,-0.00010780070374505346,0.034602824392446094,1
2018-07-23,7711.10986328125,0.03944463356578143,0.03544827044627729,1
2018-07-24,8424.26953125,0.09248469813206439,0.03544821195735114,0
2018-07-25,8181.39013671875,-0.028830914494162863,0.03783382055512853,0
2018-07-26,7951.580078125,-0.02808936559110453,0.03803112061508831,1
2018-07-27,8165.009765625,0.026841166837664243,0.03777452611929037,1
2018-07-28,8192.150390625,0.0033240162325662848,0.03786067601161208,1
2018-07-29,8218.4599609375,0.0032115585112559852,0.03809044224138855,0
2018-07-30,8180.47998046875,-0.004621301393359478,0.03663740511146675,0
2018-07-31,7780.43994140625,-0.04890178082675012,0.0340508025615605,0
2018-08-01,7624.91015625,-0.01998984457531061,0.034681685855208824,0
2018-08-02,7567.14990234375,-0.007575204523413981,0.034658944551615306,0
2018-08-03,7434.39013671875,-0.017544223034868245,0.034755096073320314,0
2018-08-04,7032.85009765625,-0.05401116052267385,0.03764764396152584,1
2018-08-05,7068.47998046875,0.005066208196926381,0.03770535713502695,0
2018-08-06,6951.7998046875,-0.01650710988835713,0.03580046298891382,0
2018-08-07,6753.1201171875,-0.02857960428694062,0.0218961441552775,0
2018-08-08,6305.7998046875,-0.06623905761153515,0.025621134964829404,1
2018-08-09,6568.22998046875,0.04161727043509522,0.029942500897681763,0
2018-08-10,6184.7099609375,-0.058390163053316124,0.029853505321818807,1
2018-08-11,6295.72998046875,0.01795072367701156,0.03093950412484538,1
2018-08-12,6322.68994140625,0.004282261313801161,0.03099771636478328,0
2018-08-13,6297.56982421875,-0.0039730110791915685,0.03101988186097301,0
2018-08-14,6199.7099609375,-0.015539305797755087,0.029722367309687612,1
2018-08-15,6308.52001953125,0.017550830487124358,0.030970242131748725,1
2018-08-16,6334.72998046875,0.0041546925200131035,0.031285130543951274,1
2018-08-17,6580.6298828125,0.03881774015655104,0.03404304550975234,0
2018-08-18,6423.759765625,-0.023838161388960444,0.03179577248209765,1
2018-08-19,6506.06982421875,0.012813377460690445,0.03206892447697531,0
2018-08-20,6308.52978515625,-0.030362422230262642,0.03264599890593863,1
2018-08-21,6488.759765625,0.028569252521058797,0.03322837710752009,0
2018-08-22,6376.7099609375,-0.017268292976586608,0.028176472832436763,1
2018-08-23,6534.8798828125,0.024804314896540447,0.026636147555930478,1
2018-08-24,6719.9599609375,0.028321879123101024,0.02163374910326095,1
2018-08-25,6763.18994140625,0.0064330711373343785,0.021368377880312785,0
2018-08-26,6707.259765625,-0.008269792252739938,0.02167728940954744,1
2018-08-27,6884.64013671875,0.026446026737003914,0.022284731411627113,1
2018-08-28,7096.27978515625,0.03074084399978072,0.022177640306948364,0
2018-08-29,7047.16015625,-0.006921884479385465,0.022492352646664857,0
2018-08-30,6978.22998046875,-0.009781269937524706,0.02298687079215622,1
2018-08-31,7037.580078125,0.008505036065358018,0.02113011140562745,1
2018-09-01,7193.25,0.022119808250405715,0.019833115239144786,1
2018-09-02,7272.72021484375,0.011047887233691212,0.0198077821263221,0
2018-09-03,7260.06005859375,-0.0017407731737240084,0.016768721936566842,1
2018-09-04,7361.66015625,0.01399438804035591,0.015975207255332982,0
2018-09-05,6792.830078125,-0.07726926617796492,0.027503490186839858,0
2018-09-06,6529.169921875,-0.03881447838641905,0.02916515365753002,0
2018-09-07,6467.06982421875,-0.009511178051622271,0.02810691157770937,0
2018-09-08,6225.97998046875,-0.03727961044229555,0.029450964101148728,1
2018-09-09,6300.85986328125,0.012027003467310005,0.029800617702092337,1
2018-09-10,6329.7001953125,0.0045772057555697465,0.02863037579549664,0
2018-09-11,6321.2001953125,-0.0013428756082783933,0.02671854591451692,1
2018-09-12,6351.7998046875,0.004840791057003857,0.026935227618003554,1
2018-09-13,6517.31005859375,0.026057221416850407,0.028322453558487004,0
2018-09-14,6512.7099609375,-0.000705827652036306,0.028103627625135363,1
2018-09-15,6543.2001953125,0.004681650888474609,0.0271734154839692,0
2018-09-16,6517.18017578125,-0.0039766503781880624,0.026724803270263102,0
2018-09-17,6281.2001953125,-0.036208908470212964,0.027726154597679315,1
2018-09-18,6371.2998046875,0.014344330155602991,0.027749523870933986,1
2018-09-19,6398.5400390625,0.004275459515334479,0.019995386415974457,1
2018-09-20,6519.669921875,0.018930862676956428,0.018148410963696945,1
2018-09-21,6734.9501953125,0.033020118505568075,0.01989992220343079,0
2018-09-22,6721.97998046875,-0.0019258070910126435,0.01630092442200108,0
2018-09-23,6710.6298828125,-0.001688505126350992,0.01629799930369131,0
2018-09-24,6595.41015625,-0.01716973347876105,0.017308847404235005,0
2018-09-25,6446.47021484375,-0.022582362260686772,0.018608434451608574,1
2018-09-26,6495.0,0.00752811748738158,0.018658630949895772,1
2018-09-27,6676.75,0.027983063895304028,0.01885761287769711,0
2018-09-28,6644.1298828125,-0.004885628065675718,0.01893485711772204,0
2018-09-29,6601.9599609375,-0.006346944237813346,0.019025746740955557,1
2018-09-30,6625.56005859375,0.003574710812529469,0.018986699752813356,0
2018-10-01,6589.6201171875,-0.005424438249508223,0.015821569937719358,0
2018-10-02,6556.10009765625,-0.005086790882500303,0.01565274390108628,0
2018-10-03,6502.58984375,-0.008161903129785819,0.015874651217724384,1
2018-10-04,6576.68994140625,0.011395474639611658,0.015348781123837295,1
2018-10-05,6622.47998046875,0.0069624749639192185,0.012435473116505624,0
2018-10-06,6588.31005859375,-0.005159686699812593,0.01248133109847738,1
2018-10-07,6602.9501953125,0.002222138391870798,0.012517160361383783,1
2018-10-08,6652.22998046875,0.007463298025666587,0.011792136759648906,0
2018-10-09,6642.64013671875,-0.0014415983479458827,0.009763608002070968,0
2018-10-10,6585.52978515625,-0.008597538085317824,0.010032558866044611,0
2018-10-11,6256.240234375,-0.05000198336714945,0.014551562639168271,1
2018-10-12,6274.580078125,0.002931448132255543,0.014686419818395094,1
2018-10-13,6285.990234375,0.001818473285531752,0.01474705374540847,1
2018-10-14,6290.93017578125,0.0007858652689651802,0.014664293463315348,1
2018-10-15,6596.5400390625,0.04857943972383971,0.020202393987816106,0
2018-10-16,6596.10986328125,-6.521233536105342e-05,0.020144562632918757,0
2018-10-17,6544.43017578125,-0.007834873671174969,0.0201337781746173,0
2018-10-18,6476.7099609375,-0.010347763368972918,0.020079423796006933,0
2018-10-19,6465.41015625,-0.001744682833668909,0.019951394116912442,1
2018-10-20,6489.18994140625,0.003678001021058641,0.019967456015491374,0
2018-10-21,6482.35009765625,-0.0010540366073054086,0.019947279121185716,1
2018-10-22,6487.16015625,0.0007420238835125215,0.019804901174486623,0
2018-10-23,6475.740234375,-0.0017603884596555375,0.019804874825277746,1
2018-10-24,6495.83984375,0.0031038319400622516,0.0197351656707249,0
2018-10-25,6476.2900390625,-0.003009588468581126,0.013837818963450902,0
2018-10-26,6474.75,-0.00023779649354971344,0.01385716250921468,1
2018-10-27,6480.3798828125,0.000869513542993916,0.013862189686578676,1
2018-10-28,6486.39013671875,0.0009274539479067201,0.013861079462751587,0
2018-10-29,6332.6298828125,-0.02370505792364075,0.007099762791478585,1
2018-10-30,6334.27001953125,0.0002589977227631657,0.007110201084782029,0
2018-10-31,6317.60986328125,-0.002630161991615365,0.006964957857622625,1
2018-11-01,6377.77978515625,0.009524159164166601,0.007259837698861128,1
2018-11-02,6388.43994140625,0.0016714525444749828,0.007292900307078472,0
2018-11-03,6361.259765625,-0.004254587353178851,0.007223531731304296,1
2018-11-04,6376.1298828125,0.0023376057157507013,0.007292453877495557,1
2018-11-05,6419.66015625,0.006827068180471185,0.007589475890333349,1
2018-11-06,6461.009765625,0.006441090083988854,0.00781612316838256,1
2018-11-07,6530.14013671875,0.01069962337180641,0.008306419539976226,0
2018-11-08,6453.72021484375,-0.011702646539741735,0.008886271039245096,0
2018-11-09,6385.6201171875,-0.01055206847976109,0.009306181811427684,1
2018-11-10,6409.22021484375,0.003695819234960096,0.009379038290746305,1
2018-11-11,6411.27001953125,0.0003198212292272462,0.009372095763018251,0
2018-11-12,6371.27001953125,-0.006239013468180898,0.006932055811312966,0
2018-11-13,6359.490234375,-0.0018488912132336166,0.006959522950945366,0
2018-11-14,5738.35009765625,-0.09767137204823373,0.02713990556580446,0
2018-11-15,5648.02978515625,-0.015739770310788437,0.02683191653898223,0
2018-11-16,5575.5498046875,-0.012832790057027754,0.026697513404663593,0
2018-11-17,5554.330078125,-0.0038058536477711957,0.02670433482380469,1
2018-11-18,5623.5400390625,0.01246054158899823,0.027176292295926944,0
2018-11-19,4871.490234375,-0.1337324531280254,0.04262461556420171,0
2018-11-20,4451.8701171875,-0.08613793664749825,0.04552246736073264,1
2018-11-21,4602.169921875,0.033761048892067214,0.04730459032329419,0
2018-11-22,4365.93994140625,-0.051330130021037146,0.04772338669499595,0
2018-11-23,4347.10986328125,-0.004312949417012546,0.047911560327574064,0
2018-11-24,3880.760009765625,-0.10727813839138145,0.05166136466021747,1
2018-11-25,4009.969970703125,0.03329501453641903,0.05403785110109987,0
2018-11-26,3779.1298828125,-0.05756653779882259,0.05393108338982335,1
2018-11-27,3820.719970703125,0.01100520203864308,0.054647130477944623,1
2018-11-28,4257.419921875,0.11429781677810569,0.06425223040161265,1
2018-11-29,4278.8466796875,0.005032803483256965,0.06457574688028206,0
2018-11-30,4017.2685546875,-0.061132857655723294,0.06558081564108889,1
2018-12-01,4214.671875,0.04913869153262418,0.0681319212825657,0
2018-12-02,4139.8779296875,-0.017746089738599147,0.06759238909861628,0
2018-12-03,3894.130859375,-0.059360946019741734,0.060469412038925544,1
2018-12-04,3956.893798828125,0.016117316474361765,0.057194378952249894,0
2018-12-05,3753.994873046875,-0.05127732410744523,0.05706364153210912,0
2018-12-06,3521.101806640625,-0.06203872788383058,0.05768623716076051,0
2018-12-07,3419.937255859375,-0.02873093603554966,0.05774962944161135,1
2018-12-08,3476.11474609375,0.016426468099122626,0.05177237310802823,1
2018-12-09,3614.234375,0.03973390954986766,0.052181125754854375,0
2018-12-10,3502.656005859375,-0.030871924054627797,0.050622225373481995,0
2018-12-11,3424.588134765625,-0.02228819243544189,0.050632803711911256,1
2018-12-12,3486.9501953125,0.018210090700773618,0.03789002481990493,0
2018-12-13,3313.67724609375,-0.04969183369802088,0.038647949564065885,0
2018-12-14,3242.48486328125,-0.021484404643338006,0.03659441893855211,0
2018-12-15,3236.76171875,-0.00176504895861207,0.03202150486882208,1
2018-12-16,3252.839111328125,0.004967122690864523,0.03261600990076512,1
2018-12-17,3545.86474609375,0.09008303968836118,0.04093108449527991,1
2018-12-18,3696.05908203125,0.04235760433416402,0.04258429539108258,1
2018-12-19,3745.95068359375,0.013498594166162725,0.04052469425970271,1
2018-12-20,4134.44140625,0.10370951341077017,0.044802786761717416,0
2018-12-21,3896.543701171875,-0.05754047081632285,0.04742417170984453,1
2018-12-22,4014.1826171875,0.03019058043163869,0.04770098839534355,0
2018-12-23,3998.980224609375,-0.003787170148421448,0.04712462077724191,1
2018-12-24,4078.59912109375,0.019909800002112288,0.04581743108069393,0
2018-12-25,3815.49072265625,-0.06450950206818629,0.04948265980753142,1
2018-12-26,3857.297607421875,0.010957144913857908,0.049415246168454406,0
2018-12-27,3654.83349609375,-0.05248858966405945,0.049672917881148124,1
2018-12-28,3923.918701171875,0.0736244771111243,0.051767821996649935,0
2018-12-29,3820.40869140625,-0.02637924423222937,0.052786877299195116,1
2018-12-30,3865.95263671875,0.011921223353655419,0.05273629161067287,0
2018-12-31,3742.700439453125,-0.03188145558095512,0.04909244179682618,1
2019-01-01,3843.52001953125,0.02693765683605087,0.048356567078622584,1
2019-01-02,3943.409423828125,0.025989042281366226,0.04866216205026401,0
2019-01-03,3836.7412109375,-0.02704974336321264,0.03998450680704948,1
2019-01-04,3857.717529296875,0.005467222626216461,0.036999306034472816,0
2019-01-05,3845.194580078125,-0.003246206888826486,0.03595969237052688,1
2019-01-06,4076.632568359375,0.06018888861446059,0.03965421101296155,0
2019-01-07,4025.248291015625,-0.01260458883210791,0.03948285478381112,1
2019-01-08,4030.847900390625,0.0013911214837352137,0.03488975515176884,1
2019-01-09,4035.29638671875,0.0011036105648376537,0.03484857041740722,0
2019-01-10,3678.924560546875,-0.08831366819666353,0.0402025506943687,1
2019-01-11,3687.365478515625,0.0022943982214995717,0.03442628835038757,0
2019-01-12,3661.301025390625,-0.007068584135981104,0.033836865568748646,0
2019-01-13,3552.953125,-0.029592732102399433,0.034292680900061615,1
2019-01-14,3706.05224609375,0.04309066731460187,0.03567464275448856,0
2019-01-15,3630.67529296875,-0.020338880328643172,0.03515206963826079,1
2019-01-16,3655.0068359375,0.006701657682214313,0.034275398453494026,1
2019-01-17,3678.56396484375,0.006445166852939055,0.033772339279745545,0
2019-01-18,3657.83935546875,-0.005633885824214646,0.033702071877719605,1
2019-01-19,3728.568359375,0.019336279435154813,0.03423871738143176,0
2019-01-20,3601.013671875,-0.034210097604695955,0.030179855611084622,0
2019-01-21,3576.032470703125,-0.006937269182559769,0.030156913273531115,1
2019-01-22,3604.5771484375,0.007982219951364833,0.03036520712063608,0
2019-01-23,3585.123046875,-0.005397055122244532,0.03027292034572507,1
2019-01-24,3600.865478515625,0.00439104360848841,0.01960864400990304,0
2019-01-25,3599.765869140625,-0.0003053736335224544,0.01958374330550452,1
2019-01-26,3602.46044921875,0.0007485431486600191,0.01952529036782015,0
2019-01-27,3583.9658203125,-0.005133888120898322,0.01778485702358761,0
2019-01-28,3470.450439453125,-0.03167312037855241,0.01512444939292804,0
2019-01-29,3448.116943359375,-0.006435330653293936,0.01445108304218332,1
2019-01-30,3486.181640625,0.01103927096757329,0.014732242975620653,0
2019-01-31,3457.792724609375,-0.008143269325041613,0.014506396931355948,1
2019-02-01,3487.9453125,0.008720183739189036,0.014907518951014406,1
2019-02-02,3521.060791015625,0.009494265405179059,0.01396058406367504,0
2019-02-03,3464.013427734375,-0.01620175471744556,0.011590383344884268,0
2019-02-04,3459.154052734375,-0.0014028164443861124,0.011529100071353056,1
2019-02-05,3466.357421875,0.0020824077305636735,0.011227913122431685,0
2019-02-06,3413.767822265625,-0.015171430181290635,0.011700475326846673,0
2019-02-07,3399.4716796875,-0.004187789950119369,0.011482087878266569,1
2019-02-08,3666.7802734375,0.07863239318839477,0.024945642267894683,1
2019-02-09,3671.20361328125,0.0012063280354683847,0.024944743596911092,1
2019-02-10,3690.188232421875,0.005171224791767015,0.02488175067500747,0
2019-02-11,3648.4306640625,-0.011315836951756086,0.023282925771564034,1
2019-02-12,3653.528564453125,0.0013972858086190865,0.02311099812505519,0
2019-02-13,3632.070556640625,-0.005873228423961097,0.023178056704194604,0
2019-02-14,3616.880859375,-0.004182104127314679,0.023053144018428163,1
2019-02-15,3620.810791015625,0.0010865526937218206,0.02300926395667415,1
2019-02-16,3629.78759765625,0.00247922555437019,0.022931091437398653,1
2019-02-17,3673.836181640625,0.01213530621263259,0.02240666338078109,1
2019-02-18,3915.71435546875,0.06583804009467542,0.027652200131679048,1
2019-02-19,3947.094482421875,0.008013895832135631,0.02757951528174172,1
2019-02-20,3999.820556640625,0.013358199164869689,0.02664173293131494,0
2019-02-21,3954.1181640625,-0.011426110729454764,0.02704096038300322,1
2019-02-22,4005.526611328125,0.013001242029855531,0.018916016206334905,1
2019-02-23,4142.52685546875,0.03420280463327119,0.02021761501042033,0
2019-02-24,3810.427490234375,-0.08016830712779921,0.031260855195824486,1
2019-02-25,3882.6962890625,0.018966060635805304,0.03126012948499612,0
2019-02-26,3854.35791015625,-0.007298633937987575,0.03142140947578336,0
2019-02-27,3851.04736328125,-0.0008589100836423613,0.031325016435047426,1
2019-02-28,3854.785400390625,0.0009706546704713048,0.03124338298638942,1
2019-03-01,3859.583740234375,0.0012447748305945971,0.03124187872606696,1
2019-03-02,3864.4150390625,0.0012517668104363722,0.03125131690227036,0
2019-03-03,3847.17578125,-0.0044610264783262465,0.03127235573459107,0
2019-03-04,3761.55712890625,-0.022254936403225956,0.026285700591656323,1
2019-03-05,3896.375,0.035840973956695166,0.028131826119092464,1
2019-03-06,3903.942626953125,0.0019422224383240927,0.027861983201038353,1
2019-03-07,3911.484375,0.0019318286070102442,0.02771912668865399,0
2019-03-08,3901.131591796875,-0.0026467658337827604,0.027451095559820653,1
2019-03-09,3963.313720703125,0.01593951074016675,0.026019305419107176,0
2019-03-10,3951.599853515625,-0.0029555740506511663,0.013569768737108011,0
2019-03-11,3905.227294921875,-0.01173513521428382,0.013212580729257961,1
2019-03-12,3909.15625,0.0010060759032475275,0.013020861279462222,0
2019-03-13,3906.71728515625,-0.0006239108103570645,0.013018311246886804,1
2019-03-14,3924.369140625,0.004518334494236109,0.013050014044480598,1
2019-03-15,3960.9111328125,0.009311558336655423,0.013221635642482098,1
2019-03-16,4048.725830078125,0.02217032756381765,0.014278471951730995,0
2019-03-17,4025.22900390625,-0.0058035113164038865,0.014339900204503188,1
2019-03-18,4032.50732421875,0.0018081754616785517,0.012339806950499044,1
2019-03-19,4071.190185546875,0.009592756619634768,0.008783186605163298,1
2019-03-20,4087.476318359375,0.004000337019458566,0.008778180635947791,0
2019-03-21,4029.326904296875,-0.014226238767748978,0.009958016087857922,0
2019-03-22,4023.96826171875,-0.0013299101079167208,0.009915162810291213,1
2019-03-23,4035.826416015625,0.002946880672416219,0.009112045340911614,0
2019-03-24,4022.168212890625,-0.0033842394882989124,0.009128275100271354,0
2019-03-25,3963.070556640625,-0.014692984758966188,0.009480700782832903,1
2019-03-26,3985.080810546875,0.00555383851780511,0.009555133892153143,1
2019-03-27,4087.066162109375,0.025591790081793686,0.011496018543517861,0
2019-03-28,4069.107177734375,-0.00439410170099408,0.011668231063391767,1
2019-03-29,4098.37451171875,0.007192568960710188,0.011588689397242436,1
2019-03-30,4106.66015625,0.0020216904305738748,0.010115690921402114,0
2019-03-31,4105.404296875,-0.0003058103975535076,0.009933716010149227,1
2019-04-01,4158.18310546875,0.01285593446519373,0.010392135643958899,1
2019-04-02,4879.8779296875,0.1735601357404375,0.04705041259109656,1
2019-04-03,4973.02197265625,0.01908737151027773,0.04697755749362845,0
2019-04-04,4922.798828125,-0.010099119772122078,0.04679240302026744,1
2019-04-05,5036.68115234375,0.023133653881632465,0.046578741724314525,1
2019-04-06,5059.8173828125,0.004593546775932822,0.04654238303837294,1
2019-04-07,5198.89697265625,0.027487076967675605,0.046222647956807125,1
2019-04-08,5289.77099609375,0.017479481496835758,0.04518544779573677,0
2019-04-09,5204.95849609375,-0.016033302776742198,0.04613701101931054,1
2019-04-10,5324.5517578125,0.02297679449480783,0.046118597076697576,0
2019-04-11,5064.48779296875,-0.04884241466188555,0.04934205023092473,1
2019-04-12,5089.5390625,0.004946456691243162,0.04937930641448957,1
2019-04-13,5096.58642578125,0.0013846761356397508,0.04939409705331242,1
2019-04-14,5167.72216796875,0.013957526910101548,0.04916542011885166,0
2019-04-15,5067.1083984375,-0.019469655345422332,0.05015477647981359,1
2019-04-16,5235.5595703125,0.03324404347200138,0.022481022515402946,1
2019-04-17,5251.93798828125,0.003128303240330199,0.02212860742952425,1
2019-04-18,5298.3857421875,0.008843926567657423,0.021767510846751863,1
2019-04-19,5303.8125,0.0010242285247921146,0.02118299912556373,1
2019-04-20,5337.88623046875,0.00642438443454596,0.02119320172747127,0
2019-04-21,5314.53125,-0.004375323763073036,0.020167513658919105,1
2019-04-22,5399.365234375,0.015962646635110156,0.02008047515011902,1
2019-04-23,5572.3623046875,0.032040260809014454,0.02091599922533643,0
2019-04-24,5464.86669921875,-0.019290850018550354,0.021184209172239742,0
2019-04-25,5210.515625,-0.04654296037177108,0.02076385208992597,1
2019-04-26,5279.34814453125,0.013210308630683842,0.02096339339846205,0
2019-04-27,5268.291015625,-0.00209441177273062,0.02100235793275766,1
2019-04-28,5285.13916015625,0.0031980284462800324,0.020749168276456113,0
2019-04-29,5247.3525390625,-0.007149598137096702,0.02002601770200836,1
2019-04-30,5350.7265625,0.019700224573813152,0.018720950945427278,1
2019-05-01,5402.697265625,0.009712831055362026,0.018841378382072952,1
2019-05-02,5505.28369140625,0.018988001869725712,0.01930625769858372,1
2019-05-03,5768.28955078125,0.047773352676729886,0.022698892787882712,1
2019-05-04,5831.16748046875,0.010900619522295596,0.022732976416251473,0
2019-05-05,5795.70849609375,-0.006080940822531411,0.02280063791240538,0
2019-05-06,5746.80712890625,-0.008437513242851802,0.02294980374670661,1
2019-05-07,5829.50146484375,0.014389613933892154,0.021788285559047178,1
2019-05-08,5982.45751953125,0.026238273651690402,0.021529458059800083,1
2019-05-09,6174.52880859375,0.03210575059420551,0.016158998888828945,1
2019-05-10,6378.84912109375,0.03309083475578345,0.01709014183780148,1
2019-05-11,7204.771484375,0.12947827227172803,0.03475796480336164,0
2019-05-12,6972.37158203125,-0.03225638770747363,0.03750542073611023,1
2019-05-13,7814.9150390625,0.1208402976115901,0.045058540143795775,1
2019-05-14,7994.416015625,0.02296902470023965,0.04501092469948021,1
2019-05-15,8205.16796875,0.026362395040874453,0.04465278935478999,0
2019-05-16,7884.9091796875,-0.03903135076359554,0.04840499075638341,0
2019-05-17,7343.8955078125,-0.06861381146516154,0.05421336082684676,0
2019-05-18,7271.2080078125,-0.009897676229553398,0.05472638944374093,1
2019-05-19,8197.689453125,0.12741781617539316,0.06155727569335552,0
2019-05-20,7978.30908203125,-0.026761244415049346,0.06255003721811611,0
2019-05-21,7963.32763671875,-0.0018777719888342093,0.06292134280208785,0
2019-05-22,7680.06640625,-0.03557071156568237,0.06491112611592223,1
2019-05-23,7881.8466796875,0.02627324592835456,0.06484527547780328,1
2019-05-24,7987.37158203125,0.013388347506898546,0.06474037874897376,1
2019-05-25,8052.5439453125,0.008159425489589589,0.056239686096524924,1
2019-05-26,8673.2158203125,0.077077738316635,0.05758738954020201,1
2019-05-27,8805.7783203125,0.015284123299404317,0.04928529347331132,0
2019-05-28,8719.9619140625,-0.00974546520800379,0.04938096476427847,0
2019-05-29,8659.4873046875,-0.006935191916087824,0.049194721046962125,0
2019-05-30,8319.47265625,-0.039264986075266295,0.049210821966432804,1
2019-05-31,8574.501953125,0.030654502684543283,0.04474936475484342,0
2019-06-01,8564.0166015625,-0.001222852548150466,0.04448187470150625,1
2019-06-02,8742.9580078125,0.020894565549692157,0.03013392688152084,0
2019-06-03,8208.9951171875,-0.061073482241120636,0.034057940952180794,0
2019-06-04,7707.77099609375,-0.06105791439007158,0.03808729706707641,1
2019-06-05,7824.2314453125,0.015109484866347334,0.037008763073075136,0
2019-06-06,7822.0234375,-0.00028220123956368415,0.03634168932921191,1
2019-06-07,8043.951171875,0.02837216433167966,0.036979124354907064,0
2019-06-08,7954.1279296875,-0.011166557363197271,0.03705759712625338,0
2019-06-09,7688.0771484375,-0.033448139582594405,0.030514425588298283,1
2019-06-10,8000.32958984375,0.04061515452790565,0.032683743732798316,0
2019-06-11,7927.71435546875,-0.009076530355347279,0.03267884733339344,1
2019-06-12,8145.857421875,0.027516514423324256,0.03389985230479619,1
2019-06-13,8230.923828125,0.010442903901259237,0.03247465177387934,1
2019-06-14,8693.8330078125,0.05624024585256682,0.03497246415508539,1
2019-06-15,8838.375,0.01662580728863916,0.03518781654714086,1
2019-06-16,8994.48828125,0.017663120341691707,0.035070655241238986,1
2019-06-17,9320.3525390625,0.03622932707487103,0.03087018284567441,0
2019-06-18,9081.7626953125,-0.025598800340442818,0.02564298382590858,1
2019-06-19,9273.521484375,0.021114710381221036,0.025747414016471838,1
2019-06-20,9527.16015625,0.027350847496536934,0.025749868662309702,1
2019-06-21,10144.556640625,0.06480383180815696,0.028907782987632934,1
2019-06-22,10701.69140625,0.0549195775982847,0.029330703626921854,1
2019-06-23,10855.37109375,0.014360317604584338,0.024841261302249232,1
2019-06-24,11011.1025390625,0.014346026862422256,0.02458042705506833,1
2019-06-25,11790.9169921875,0.07082074209722089,0.02572062243734303,1
2019-06-26,13016.2314453125,0.10392020009443503,0.03256344033341157,0
2019-06-27,11182.806640625,-0.14085680731712602,0.05706017314158469,1
2019-06-28,12407.33203125,0.1095007210601795,0.061033056118838996,0
2019-06-29,11959.37109375,-0.03610453370408184,0.06334012413892329,0
2019-06-30,10817.1552734375,-0.09550801721584046,0.0709418608066266,0
2019-07-01,10583.134765625,-0.021634200665230252,0.07133604306947584,1
2019-07-02,10801.677734375,0.020650116774459715,0.07055088325007634,1
2019-07-03,11961.26953125,0.1073529339969792,0.07477944450311025,0
2019-07-04,11215.4375,-0.06235391898004139,0.07796809368387451,0
2019-07-05,10978.4599609375,-0.02112958491922401,0.07708824666467234,1
2019-07-06,11208.55078125,0.02095838770931313,0.07604065029009911,1
2019-07-07,11450.8466796875,0.021617058544519452,0.07612653858766279,1
2019-07-08,12285.9580078125,0.07293009429655473,0.07817123680115828,1
2019-07-09,12573.8125,0.023429552014133215,0.07637419164700576,0
2019-07-10,12156.5126953125,-0.03318800918078746,0.0716838577454571,0
2019-07-11,11358.662109375,-0.06563153479411477,0.06277746359108691,1
2019-07-12,11815.986328125,0.04026215537942113,0.0561082595141957,0
2019-07-13,11392.37890625,-0.03585036493032401,0.05609642404405975,0
2019-07-14,10256.05859375,-0.09974390088768914,0.05664823701782052,1
2019-07-15,10895.08984375,0.06230768322534974,0.05884523894911115,0
2019-07-16,9477.6416015625,-0.13009972955850602,0.06850246516432773,1
2019-07-17,9693.802734375,0.022807481217359316,0.06094840653620466,1
2019-07-18,10666.482421875,0.10034036323545137,0.06612919564458065,0
2019-07-19,10530.732421875,-0.012726782329064878,0.06597527614073322,1
2019-07-20,10767.1396484375,0.02244926725812757,0.06601446202503872,0
2019-07-21,10599.10546875,-0.015606204170657723,0.06579168689099384,0
2019-07-22,10343.1064453125,-0.024152889523769483,0.06213650693551824,0
2019-07-23,9900.767578125,-0.04276653919461193,0.06188346057130852,0
2019-07-24,9811.92578125,-0.00897322315406024,0.06167750005094095,1
2019-07-25,9911.841796875,0.01018311979244002,0.0600439671307187,0
2019-07-26,9870.3037109375,-0.004190753523789725,0.058451475469168054,0
2019-07-27,9477.677734375,-0.039778510171619375,0.0585884602087791,1
2019-07-28,9552.8603515625,0.007932599028432463,0.05289338944171936,0
2019-07-29,9519.1455078125,-0.0035292930608459283,0.049380147377378523,1
2019-07-30,9607.423828125,0.00927376519668166,0.03488817567502616,1
2019-07-31,10085.6279296875,0.04977443590680308,0.03684359865853284,1
2019-08-01,10399.6689453125,0.031137477786643997,0.025844120300794148,1
2019-08-02,10518.1748046875,0.01139515690337567,0.025842023649990793,1
2019-08-03,10821.7265625,0.028859736926716506,0.0263185057567805,1
2019-08-04,10970.1845703125,0.013718514042569074,0.026088317451359044,1
2019-08-05,11805.6533203125,0.07615813067183441,0.03136455546167974,0
2019-08-06,11478.1689453125,-0.027739623222421628,0.029631234395230334,1
2019-08-07,11941.96875,0.040407124768529146,0.03000544114708102,1
2019-08-08,11966.4072265625,0.002046436150864972,0.03017471040079838,0
2019-08-09,11862.9365234375,-0.008646764326666112,0.03040354813914784,0
2019-08-10,11354.0244140625,-0.042899336801604404,0.030833760513258732,1
2019-08-11,11523.5791015625,0.014933443976921312,0.030794654847536736,0
2019-08-12,11382.6162109375,-0.01223256154903185,0.03125837681409824,0
2019-08-13,10895.830078125,-0.0427657511938907,0.03468067117762058,0
2019-08-14,10051.7041015625,-0.07747238810719048,0.039654457877467505,1
2019-08-15,10311.5458984375,0.025850521886593203,0.03936428477057847,1
2019-08-16,10374.3388671875,0.006089578552864294,0.039272768895413895,0
2019-08-17,10231.744140625,-0.013744945908168327,0.038485225105188633,1
2019-08-18,10345.810546875,0.011148285637548438,0.038403804498349084,1
2019-08-19,10916.0537109375,0.05511826854733437,0.03533633968349084,0
2019-08-20,10763.232421875,-0.013999682770833077,0.03484336124247833,0
2019-08-21,10138.0498046875,-0.0580850243386819,0.035126920251477504,0
2019-08-22,10131.0556640625,-0.0006898901425563819,0.035056002367877516,1
2019-08-23,10407.96484375,0.027332707357414776,0.03654802133740234,0
2019-08-24,10159.9609375,-0.0238282805498643,0.035515001649400676,0
2019-08-25,10138.517578125,-0.0021105749822180053,0.03498197211078177,1
2019-08-26,10370.8203125,0.022912889639430167,0.03594350747473905,0
2019-08-27,10185.5,-0.017869397686568034,0.03457536028074109,0
2019-08-28,9754.4228515625,-0.0423226300562074,0.029794056014217356,0
2019-08-29,9510.2001953125,-0.02503712008044423,0.029270150681957992,1
2019-08-30,9598.173828125,0.009250450148868827,0.02937728297490785,1
2019-08-31,9630.6640625,0.0033850433381186207,0.029347922935721797,1
2019-09-01,9757.970703125,0.013218884990569668,0.02943475744686487,1
2019-09-02,10346.7607421875,0.06033939401703048,0.030259724272299157,1
2019-09-03,10623.5400390625,0.02675033314982045,0.03110896006282396,0
2019-09-04,10594.4931640625,-0.002734199230500889,0.026383480661969227,0
2019-09-05,10575.533203125,-0.0017896052830365106,0.026398455401206833,0
2019-09-06,10353.302734375,-0.021013642005712985,0.02618721221502901,1
2019-09-07,10517.2548828125,0.015835734030373416,0.02555601439379256,0
2019-09-08,10441.2763671875,-0.007224177456150227,0.025667474328526618,0
2019-09-09,10334.974609375,-0.010180916017754393,0.025152464873003866,0
2019-09-10,10115.9755859375,-0.02119008819226731,0.025349267443925336,1
2019-09-11,10178.3720703125,0.006168113381149309,0.02227673327344254,1
2019-09-12,10410.126953125,0.022769346729666573,0.021243974179440246,0
2019-09-13,10360.546875,-0.004762677568511009,0.02144297367237945,0
2019-09-14,10358.048828125,-0.00024111148814232042,0.02149471273222499,0
2019-09-15,10347.712890625,-0.0009978652998753335,0.021433900386536225,0
2019-09-16,10276.7939453125,-0.006853586494147135,0.014273500750742586,0
2019-09-17,10241.2724609375,-0.003456475294145833,0.011949053609722019,0
2019-09-18,10198.248046875,-0.004201080893668663,0.011957240988396312,1
2019-09-19,10266.4150390625,0.0066841865263698175,0.012215963124522044,0
2019-09-20,10181.6416015625,-0.008257355384274523,0.011118972460828562,0
2019-09-21,10019.716796875,-0.015903604843314323,0.010616672252283006,1
2019-09-22,10070.392578125,0.005057606145695059,0.010782798935727552,0
2019-09-23,9729.32421875,-0.033868427345709606,0.013573617658948309,0
2019-09-24,8620.56640625,-0.1139604136496184,0.0322678146605082,0
2019-09-25,8486.9931640625,-0.015494717619790932,0.03190662914537428,0
2019-09-26,8118.9677734375,-0.043363460239767226,0.03118796705933015,1
2019-09-27,8251.845703125,0.01636635757099958,0.032322320243972344,0
2019-09-28,8245.9150390625,-0.0007187075808087195,0.03230510318752448,0
2019-09-29,8104.185546875,-0.017187842891431715,0.03202921710495428,1
2019-09-30,8293.8681640625,0.023405512631758718,0.03372774169481601,1
2019-10-01,8343.2763671875,0.005957196587605074,0.0340599561287199,1
2019-10-02,8393.0419921875,0.005964758065035269,0.03439084257247175,0
2019-10-03,8259.9921875,-0.015852393543526522,0.03391073800073159,0
2019-10-04,8205.939453125,-0.006543920762636879,0.03393942949005237,0
2019-10-05,8151.50048828125,-0.006634092921928403,0.034005009920301296,0
2019-10-06,7988.15576171875,-0.02003860844973604,0.033578365478501834,1
2019-10-07,8245.623046875,0.03223112979219778,0.03544582488813116,0
2019-10-08,8228.783203125,-0.0020422766908295698,0.019509116749199775,1
2019-10-09,8595.740234375,0.0445943248463081,0.022897458136505934,0
2019-10-10,8586.4736328125,-0.0010780457889411066,0.019037180204298922,0
2019-10-11,8321.7568359375,-0.030829512579344187,0.020808261496317974,1
2019-10-12,8336.5556640625,0.0017783297946283305,0.020804925771525918,0
2019-10-13,8321.005859375,-0.0018652553061611066,0.020168957558523343,1
2019-10-14,8374.6865234375,0.006451222961466829,0.01927902544289333,0
2019-10-15,8205.369140625,-0.020217757684260373,0.020002694154816647,0
2019-10-16,8047.52685546875,-0.019236463643636514,0.02045595989857183,1
2019-10-17,8103.9111328125,0.007006410585064904,0.02024570500923575,0
2019-10-18,7973.20751953125,-0.016128460830725944,0.02060023399647157,1
2019-10-19,7988.560546875,0.0019255772919670733,0.02057457859629002,1
2019-10-20,8222.078125,0.029231496307097427,0.021313466868561844,1
2019-10-21,8243.720703125,0.002632251578733369,0.019504410350273692,0
2019-10-22,8078.203125,-0.020078018662405217,0.020242628350914536,0
2019-10-23,7514.671875,-0.06975948008239763,0.023225096999189995,0
2019-10-24,7493.48876953125,-0.002818899590176671,0.023182324817745806,1
2019-10-25,8660.7001953125,0.15576341830619223,0.049089788340846124,1
2019-10-26,9244.97265625,0.0674624969992299,0.05192762779562448,1
2019-10-27,9551.71484375,0.03317935043243514,0.05222825503191886,0
2019-10-28,9256.1484375,-0.030943805493041765,0.05342682552163038,1
2019-10-29,9427.6875,0.018532445072405368,0.052828935930828845,0
2019-10-30,9205.7265625,-0.02354351875791383,0.05303195216955117,0
2019-10-31,9199.5849609375,-0.000667150118005666,0.05311476995220185,1
2019-11-01,9261.1044921875,0.006687207250242189,0.052587520408995954,1
2019-11-02,9324.7177734375,0.006868865512063227,0.05253144416734656,0
2019-11-03,9235.3544921875,-0.009583483749455834,0.05259475199082953,1
2019-11-04,9412.6123046875,0.01919339562438549,0.052613377392108626,0
2019-11-05,9342.52734375,-0.007445856545328811,0.05215057755700948,1
2019-11-06,9360.8798828125,0.001964408386214478,0.04678635973833033,0
2019-11-07,9267.5615234375,-0.009968973060571096,0.047054785599362464,0
2019-11-08,8804.880859375,-0.049924746967407674,0.028658576448582447,1
2019-11-09,8813.58203125,0.0009882214210468199,0.021516291401910533,1
2019-11-10,9055.5263671875,0.02745130584586919,0.020814517365183454,0
2019-11-11,8757.7880859375,-0.032879179981060824,0.021015553147115344,1
2019-11-12,8815.662109375,0.006608292284490114,0.02027203552616869,0
2019-11-13,8808.2626953125,-0.0008393486468396549,0.01953380418177329,0
2019-11-14,8708.0947265625,-0.011372046022572246,0.019646021114711466,0
2019-11-15,8491.9921875,-0.024816282533459022,0.02015829387004246,1
2019-11-16,8550.7607421875,0.006920467352055093,0.020160828998310048,1
2019-11-17,8577.9755859375,0.0031827394743637605,0.02027364216197817,0
2019-11-18,8309.2861328125,-0.031323177646423006,0.02011851423925756,0
2019-11-19,8206.1455078125,-0.012412693864603863,0.020138949041773265,0
2019-11-20,8027.26806640625,-0.021797985575073398,0.020142403126009102,0
2019-11-21,7642.75,-0.04790148568918984,0.02245144316382333,0
2019-11-22,7296.57763671875,-0.045294215208040334,0.02189989190244238,1
2019-11-23,7397.796875,0.013872152579023078,0.022790328262786114,0
2019-11-24,7047.9169921875,-0.047295145936607,0.021509706848731186,1
2019-11-25,7146.1337890625,0.013935577984796277,0.022552734950522492,1
2019-11-26,7218.37109375,0.010108585540066883,0.022818767275751117,1
2019-11-27,7531.66357421875,0.04340210227484875,0.027379004188602462,0
2019-11-28,7463.10595703125,-0.009102586236349741,0.02738188892333937,1
2019-11-29,7761.24365234375,0.039948206152910615,0.03012988022472912,0
2019-11-30,7569.6298828125,-0.02468853937775628,0.03027257928000646,0
2019-12-01,7424.29248046875,-0.019200067188720915,0.030213873724692482,0
2019-12-02,7321.98828125,-0.013779656376399996,0.029612106797414807,0
2019-12-03,7320.1455078125,-0.00025167664392733435,0.029669533846615775,0
2019-12-04,7252.03466796875,-0.00930457458407874,0.029400111731738534,1
2019-12-05,7448.3076171875,0.02706453543109233,0.028143288271056638,1
2019-12-06,7546.99658203125,0.013249850827323328,0.02534063694036828,1
2019-12-07,7556.23779296875,0.0012244885547587625,0.025136769707674367,1
2019-12-08,7564.34521484375,0.0010729442478032425,0.020822447051693775,0
2019-12-09,7400.8994140625,-0.021607395767781146,0.02182627260088603,0
2019-12-10,7278.11962890625,-0.01658984648851669,0.02229280487465589,0
2019-12-11,7217.42724609375,-0.008339019679128423,0.018687129588568656,1
2019-12-12,7243.13427734375,0.0035617998454939848,0.018669193933543344,1
2019-12-13,7269.6845703125,0.0036655806660659263,0.014441638508362012,0
2019-12-14,7124.673828125,-0.01994732244362929,0.013981727612567935,1
2019-12-15,7152.3017578125,0.003877781685729609,0.013430200695648759,0
2019-12-16,6932.48046875,-0.030734342104957735,0.015169701233588849,0
2019-12-17,6640.51513671875,-0.04211556503438585,0.0182350448267874,1
2019-12-18,7276.802734375,0.0958190117115909,0.03287922457399162,0
2019-12-19,7202.84423828125,-0.010163597776861044,0.032081193492143535,1
2019-12-20,7218.81640625,0.0022174806840695727,0.03181401449292427,0
2019-12-21,7191.15869140625,-0.0038313365082680573,0.03179450350578794,1
2019-12-22,7511.5888671875,0.0445589076158448,0.03425995937723091,0
2019-12-23,7355.62841796875,-0.020762644491902904,0.034219646390961866,0
2019-12-24,7322.5322265625,-0.004499437644974069,0.033917630344642694,0
2019-12-25,7275.15576171875,-0.006469956481979233,0.03388191237170323,0
2019-12-26,7238.966796875,-0.004974321654276248,0.03391068739642933,1
2019-12-27,7290.08837890625,0.007061999794407026,0.033947403750172155,1
2019-12-28,7317.990234375,0.003827368615925586,0.033424808397788046,1
2019-12-29,7422.65283203125,0.014302095835631912,0.033575667749006985,0
2019-12-30,7292.9951171875,-0.017467840376992116,0.03272184544486234,0
2019-12-31,7193.59912109375,-0.013628967865274233,0.030432027651743767,1
2020-01-01,7200.17431640625,0.0009140341575637478,0.016127925137792605,0
2020-01-02,6985.47021484375,-0.029819292162590716,0.017790854509234108,1
2020-01-03,7344.88427734375,0.05145166344511276,0.02284540190363624,1
2020-01-04,7410.65673828125,0.008954866877941559,0.02287247621719643,1
2020-01-05,7411.3173828125,8.914790612779555e-05,0.01938814442408125,1
2020-01-06,7769.21923828125,0.04829126010697582,0.02245642024372752,1
2020-01-07,8163.6923828125,0.050773846435889336,0.025475567272719792,0
2020-01-08,8079.86279296875,-0.010268587535248286,0.025662151853714336,0
2020-01-09,7879.0712890625,-0.024850855645838776,0.02694245480082788,1
2020-01-10,8166.55419921875,0.03648690303834745,0.028119875199667382,0
2020-01-11,8037.53759765625,-0.015798168776598898,0.028850633814763202,1
2020-01-12,8192.494140625,0.019279106453440997,0.028976565655173248,0
2020-01-13,8144.1943359375,-0.005895616628883604,0.02836954193023702,1
2020-01-14,8827.7646484375,0.08393344808628167,0.03399720419210277,0
2020-01-15,8807.0107421875,-0.002350980919464507,0.03411413111737991,0
2020-01-16,8723.7861328125,-0.009449813541879348,0.0324483536969133,1
2020-01-17,8929.0380859375,0.02352785247141642,0.030956928578750455,1
2020-01-18,8942.80859375,0.0015422162701026476,0.03112165390109066,0
2020-01-19,8706.2451171875,-0.026452928527155417,0.03279450671789273,0
2020-01-20,8657.642578125,-0.005582491465413786,0.03134414372764228,1
2020-01-21,8745.89453125,0.010193531591149663,0.028884757679346215,0
2020-01-22,8680.8759765625,-0.007434180055016837,0.028776911835706114,0
2020-01-23,8406.515625,-0.03160514587505292,0.02937547400380466,1
2020-01-24,8445.4345703125,0.004629616722148233,0.02795044000425706,0
2020-01-25,8367.84765625,-0.00918684685986848,0.027667322389679373,1
2020-01-26,8596.830078125,0.027364554337216074,0.02810908173796798,1
2020-01-27,8909.8193359375,0.036407519395889265,0.02923746992296044,1
2020-01-28,9358.58984375,0.05036808165148732,0.023175805224862872,0
2020-01-29,9316.6298828125,-0.004483577295090302,0.02323072185398436,1
2020-01-30,9508.9931640625,0.02064730312029206,0.023255591248123222,0
2020-01-31,9350.529296875,-0.016664631518128026,0.023461662416124306,1
2020-02-01,9392.875,0.00452869583961979,0.02345554889718965,0
2020-02-02,9344.365234375,-0.0051645279666768795,0.02199003074603305,0
2020-02-03,9293.521484375,-0.005441113304621492,0.021984687019338207,0
2020-02-04,9180.962890625,-0.012111511652417528,0.022406715297045667,1
2020-02-05,9613.423828125,0.047104093835473426,0.024921192088060127,1
2020-02-06,9729.8017578125,0.012105773319493585,0.022223837323970007,1
2020-02-07,9795.943359375,0.006797836503646293,0.022185639556092075,1
2020-02-08,9865.119140625,0.007061676319697785,0.021468741389034977,1
2020-02-09,10116.673828125,0.02549940694219166,0.021371878921876128,0
2020-02-10,9856.611328125,-0.025706324471686526,0.022319995211186258,1
2020-02-11,10208.236328125,0.03567402510806805,0.020411320456944163,1
2020-02-12,10326.0546875,0.011541499979814906,0.020201218514288393,0
2020-02-13,10214.3798828125,-0.010814856987217514,0.02038279395387041,1
2020-02-14,10312.1162109375,0.009568503349817403,0.019388319575612097,0
2020-02-15,9889.4248046875,-0.0409897830477971,0.023292280976235907,1
2020-02-16,9934.43359375,0.004551203932625647,0.023144499590417762,0
2020-02-17,9690.142578125,-0.024590331529186438,0.024321478653390197,1
2020-02-18,10141.99609375,0.0466302236506857,0.02643968254396761,0
2020-02-19,9633.38671875,-0.05014884351152826,0.027954887100074682,0
2020-02-20,9608.4755859375,-0.0025859164113087862,0.027761308748894282,1
2020-02-21,9686.44140625,0.008114275736580634,0.02779027665471119,0
2020-02-22,9663.181640625,-0.002401270461409255,0.027708677825287454,1
2020-02-23,9924.515625,0.02704430011708836,0.027825666667950187,0
2020-02-24,9650.1748046875,-0.027642741538078885,0.02796235719977646,0
2020-02-25,9341.705078125,-0.031965195740564556,0.026935646312702476,0
2020-02-26,8820.5224609375,-0.05579095174048332,0.029459844310047886,0
2020-02-27,8784.494140625,-0.0040846016176541156,0.02951422175729963,0
2020-02-28,8672.455078125,-0.012754184897438958,0.028955592897120398,0
2020-02-29,8599.5087890625,-0.008411261679117432,0.027720793876359125,0
2020-03-01,8562.4541015625,-0.0043089307085921735,0.027473546081825482,1
2020-03-02,8869.669921875,0.03587941221856461,0.029701352623516555,0
2020-03-03,8787.7861328125,-0.009231886844013548,0.025567985427046382,0
2020-03-04,8755.24609375,-0.0037028710724991143,0.022804621963774488,1
2020-03-05,9078.7626953125,0.03695117168590434,0.025610159335003768,1
2020-03-06,9122.5458984375,0.004822595830994203,0.025507901696702653,0
2020-03-07,8909.9541015625,-0.02330399860322019,0.026015637819067846,0
2020-03-08,8108.1162109375,-0.08999349283790192,0.03270914933466247,0
2020-03-09,7923.64453125,-0.022751484424786028,0.032576045921804325,0
2020-03-10,7909.7294921875,-0.0017561412564156553,0.03225597722689421,1
2020-03-11,7911.43017578125,0.00021501160000858555,0.029686595102933245,0
2020-03-12,4970.7880859375,-0.37169538560117077,0.10174087517656,1
2020-03-13,5563.70703125,0.11928067241286833,0.10963282563915977,0
2020-03-14,5200.3662109375,-0.06530552710121185,0.11005846399136911,1
2020-03-15,5392.31494140625,0.036910617960911996,0.11129140332869852,0
2020-03-16,5014.47998046875,-0.07006915676163483,0.11041269043693852,1
2020-03-17,5225.62939453125,0.04210793838741411,0.11209650203231959,1
2020-03-18,5238.4384765625,0.0024512036855608432,0.11221602675225939,1
2020-03-19,6191.19287109375,0.18187755736638023,0.1247277658988572,1
2020-03-20,6198.7783203125,0.001225199953657663,0.1246800022203087,0
2020-03-21,6185.06640625,-0.00221203491300348,0.12474658188679193,0
2020-03-22,5830.2548828125,-0.05736583896317804,0.123579787544643,1
2020-03-23,6416.31494140625,0.10052048673231173,0.12730451335599127,1
2020-03-24,6734.8037109375,0.04963733427047878,0.12817391800258748,0
2020-03-25,6681.06298828125,-0.007979552925792555,0.12818018210064325,1
2020-03-26,6716.4404296875,0.005295181540467819,0.07205687768100609,0
2020-03-27,6469.79833984375,-0.03672214358569481,0.06814987872708651,0
2020-03-28,6242.19384765625,-0.035179534234601295,0.06593060007966356,0
2020-03-29,5922.04296875,-0.051288198783903005,0.06786504864007231,1
2020-03-30,6429.841796875,0.08574723804008189,0.06671411347415353,1
2020-03-31,6438.64453125,0.0013690436954885143,0.06655759879679786,1
2020-04-01,6606.7763671875,0.026112924097839496,0.06646131183152802,1
2020-04-02,6793.62451171875,0.028281287899985408,0.04738176087935201,0
2020-04-03,6733.38720703125,-0.008866740365705117,0.04756384249923404,1
2020-04-04,6867.52734375,0.01992164308903499,0.047603587381853024,0
2020-04-05,6791.12939453125,-0.011124520572645125,0.04415898605307164,1
2020-04-06,7271.78125,0.0707764242948763,0.040092333279892374,0
2020-04-07,7176.41455078125,-0.013114627068677276,0.038771519107886496,1
2020-04-08,7334.0986328125,0.02197254365887824,0.038812867486632235,0
2020-04-09,7302.08935546875,-0.004364445986660415,0.038938246037160285,0
2020-04-10,6865.4931640625,-0.05979058460566089,0.04133076301487337,0
2020-04-11,6859.0830078125,-0.0009336774645052337,0.03975099975192088,1
2020-04-12,6971.091796875,0.016329994685138294,0.03599154745382916,0
2020-04-13,6845.03759765625,-0.018082418492216368,0.029871995261652105,0
2020-04-14,6842.427734375,-0.0003812781513637953,0.029891530102625897,0
2020-04-15,6642.10986328125,-0.029275847531044064,0.030508088331062826,1
2020-04-16,7116.80419921875,0.07146740203164859,0.03530547646623853,0
2020-04-17,7096.1845703125,-0.002897315751431484,0.03517529907008908,1
2020-04-18,7257.6650390625,0.02275595669052466,0.03527999174969037,0
2020-04-19,7189.4248046875,-0.009402505352301915,0.03522419490002366,0
2020-04-20,6881.95849609375,-0.04276646838190479,0.031724507611895526,0
2020-04-21,6880.3232421875,-0.00023761461322069355,0.03160961930453588,1
2020-04-22,7117.20751953125,0.034429236680519004,0.0325151359936334,1
2020-04-23,7429.724609375,0.043910071328696176,0.0346923593739792,1
2020-04-24,7550.90087890625,0.016309658285092787,0.02993655194619551,1
2020-04-25,7569.93603515625,0.002520911948821203,0.029878262907486193,1
2020-04-26,7679.8671875,0.014522071498782596,0.029840940171926005,1
2020-04-27,7795.60107421875,0.015069777105927384,0.028970379689033723,1
2020-04-28,7807.05859375,0.001469741643032707,0.028924940919350033,1
2020-04-29,8801.0380859375,0.1273180520232342,0.040566565603792036,0
2020-04-30,8658.5537109375,-0.01618949646720247,0.03891463623649663,1
2020-05-01,8864.7666015625,0.023816089558295506,0.038635515043889186,1
2020-05-02,8988.5966796875,0.013968791699848548,0.038600582172343356,0
2020-05-03,8897.46875,-0.010138170944239966,0.03863838258158359,1
2020-05-04,8912.654296875,0.0017067266322232655,0.03510153058960513,1
2020-05-05,9003.0703125,0.010144678859214995,0.034767896526622134,1
2020-05-06,9268.76171875,0.029511199738283755,0.03463459401251983,1
2020-05-07,9951.5185546875,0.07366214135771076,0.037070285676966595,0
2020-05-08,9842.666015625,-0.010938284289408906,0.038076268569730544,0
2020-05-09,9593.896484375,-0.025274608612654736,0.03973217680142023,0
2020-05-10,8756.4306640625,-0.0872915214038874,0.04868061680535481,0
2020-05-11,8601.7958984375,-0.017659566044374797,0.049226497130250645,1
2020-05-12,8804.4775390625,0.023562712138033515,0.0493498247509306,1
2020-05-13,9269.9873046875,0.05287193516704303,0.03852915480112445,1
2020-05-14,9733.7216796875,0.05002535168149658,0.03984737685517038,0
2020-05-15,9328.197265625,-0.04166180495059313,0.04178777962463111,1
2020-05-16,9377.013671875,0.005233209039209763,0.04170005783159579,1
2020-05-17,9670.7392578125,0.03132400103227817,0.04210139373383783,1
2020-05-18,9726.5751953125,0.005773698991511145,0.04207756265254522,1
2020-05-19,9729.0380859375,0.00025321252090737545,0.04210539091736846,0
2020-05-20,9522.9814453125,-0.02117954918100662,0.042143242219662466,0
2020-05-21,9081.76171875,-0.04633209978369557,0.03867435998874046,1
2020-05-22,9182.5771484375,0.01110086707949609,0.038897316614889044,1
2020-05-23,9209.287109375,0.0029087652089092586,0.03845127204262141,0
2020-05-24,8790.3681640625,-0.045488748514099786,0.032499290644101855,1
2020-05-25,8906.9345703125,0.013260696716498988,0.032200025209129034,0
2020-05-26,8835.052734375,-0.008070322664891605,0.03175098011918265,1
2020-05-27,9181.017578125,0.039158209254817056,0.03019136503525947,1
2020-05-28,9525.7509765625,0.037548495632866885,0.028742075769217883,0
2020-05-29,9439.1240234375,-0.009093976247976698,0.02643695075283979,1
2020-05-30,9700.4140625,0.02768159825145977,0.02736669526292056,0
2020-05-31,9461.05859375,-0.024674768232348376,0.026962339937975085,1
2020-06-01,10167.2685546875,0.07464386293982206,0.03376266646296102,0
2020-06-02,9529.8037109375,-0.06269774820259899,0.038161496891216264,1
2020-06-03,9656.7177734375,0.013317594606312655,0.03785706493499021,1
2020-06-04,9800.63671875,0.014903505382374727,0.03533918674000551,0
2020-06-05,9665.533203125,-0.013785177382049874,0.03568895942885396,0
2020-06-06,9653.6796875,-0.0012263695520872142,0.03571808442202887,1
2020-06-07,9758.8525390625,0.010894586827723485,0.032770408748551874,1
2020-06-08,9771.4892578125,0.0012948980117710729,0.03277840901011201,1
2020-06-09,9795.7001953125,0.0024777121338637187,0.032522238458899504,1
2020-06-10,9870.0947265625,0.007594610876882513,0.031257237359767806,0
2020-06-11,9321.78125,-0.05555301055894357,0.03374954279643592,1
2020-06-12,9480.84375,0.01706353064227928,0.033991118290594265,0
2020-06-13,9475.27734375,-0.0005871213994007585,0.03310280124212626,0
2020-06-14,9386.7880859375,-0.009338962291258746,0.032513545802230724,1
2020-06-15,9450.7021484375,0.006808938469139436,0.024618626019819848,1
2020-06-16,9538.0244140625,0.009239764861221245,0.01833681105209255,0
2020-06-17,9480.2548828125,-0.006056760681470541,0.018000446650044747,0
2020-06-18,9411.8408203125,-0.007216479234543938,0.017443998038368696,0
2020-06-19,9288.0185546875,-0.013156009327927487,0.017414144542797338,1
2020-06-20,9332.3408203125,0.004771982890003024,0.017526544299261076,0
2020-06-21,9303.6298828125,-0.0030764990320015784,0.017112240262173388,1
2020-06-22,9648.7177734375,0.03709174751916078,0.020235609233631394,0
2020-06-23,9629.658203125,-0.0019753474772544743,0.020216641718348284,0
2020-06-24,9313.6103515625,-0.03282025643027875,0.021720261852520475,0
2020-06-25,9264.8134765625,-0.005239308190707503,0.015902147609535504,0
2020-06-26,9162.91796875,-0.010998117562784016,0.015299479279430168,0
2020-06-27,9045.390625,-0.012826410118569775,0.015540314804225332,1
2020-06-28,9143.58203125,0.010855408054862181,0.015860527356987928,1
2020-06-29,9190.8544921875,0.005170015512075743,0.01579836602461118,0
2020-06-30,9137.9931640625,-0.005751513982724221,0.015492218445055075,1
2020-07-01,9228.3251953125,0.00988532488788163,0.015828139111590225,0
2020-07-02,9123.41015625,-0.011368806022981404,0.01597553752100402,0
2020-07-03,9087.3037109375,-0.00395756024273064,0.01567225023686237,1
2020-07-04,9132.48828125,0.004972274697731871,0.015678452870558437,0
2020-07-05,9073.9423828125,-0.00641072801130238,0.015730602314741143,1
2020-07-06,9375.474609375,0.0332305643833104,0.015016373528876121,0
2020-07-07,9252.27734375,-0.01314037643510968,0.015311668365632929,1
2020-07-08,9428.3330078125,0.019028359994139876,0.013658262311035656,0
2020-07-09,9277.9677734375,-0.015948231171979632,0.01431622264739854,1
2020-07-10,9278.8076171875,9.052022711308894e-05,0.013951374805406203,0
2020-07-11,9240.3466796875,-0.004145030168397623,0.01347493925726019,1
2020-07-12,9276.5,0.003912550206798482,0.013234027774907805,0
2020-07-13,9243.6142578125,-0.003545059255915528,0.013233431217819386,0
2020-07-14,9243.2138671875,-4.331537576462985e-05,0.013113747761731251,0
2020-07-15,9192.8369140625,-0.005450155524782674,0.012944611113430466,0
2020-07-16,9132.2275390625,-0.006593108913667822,0.012687977047766698,1
2020-07-17,9151.392578125,0.002098616025556055,0.012640572820237044,1
2020-07-18,9159.0400390625,0.0008356608977502233,0.012578084683837028,1
2020-07-19,9185.8173828125,0.002923597193133398,0.012442809632676306,0
2020-07-20,9164.2314453125,-0.0023499201650132306,0.008278345198003466,1
2020-07-21,9374.8876953125,0.02298678850016933,0.009878585327136478,1
2020-07-22,9525.36328125,0.016050921443329758,0.009484459127872252,1
2020-07-23,9581.072265625,0.00584848921034431,0.008235170127013964,0
2020-07-24,9536.892578125,-0.004611142289210002,0.008427153623855594,1
2020-07-25,9677.11328125,0.014702976045533722,0.008865090225171126,1
2020-07-26,9905.1669921875,0.023566295475673238,0.01038798446283043,1
2020-07-27,10990.873046875,0.1096100707382146,0.029634134056949663,0
2020-07-28,10912.8232421875,-0.007101328925793737,0.02992850132942513,1
2020-07-29,11100.4677734375,0.017194865809297744,0.02950297621716416,1
2020-07-30,11111.2138671875,0.0009680757576464583,0.02916545433722937,1
2020-07-31,11323.466796875,0.0191025870102548,0.028963526072579546,1
2020-08-01,11759.5927734375,0.03851523428168302,0.029226015099171936,0
2020-08-02,11053.6142578125,-0.060034265575901635,0.03587547082706478,1
2020-08-03,11246.3486328125,0.017436321777176023,0.03557500093621472,0
2020-08-04,11205.892578125,-0.00359726129861071,0.0358417737027735,1
2020-08-05,11747.0224609375,0.04828976175167332,0.03704053519337933,1
2020-08-06,11779.7734375,0.002788023660583505,0.03711215195805572,0
2020-08-07,11601.47265625,-0.01513618086086388,0.037653279909631875,1
2020-08-08,11754.0458984375,0.013151196120374076,0.03765566880938859,0
2020-08-09,11675.7392578125,-0.006662100973708895,0.03796889658245709,1
2020-08-10,11878.111328125,0.017332698670629254,0.025898897309164955,0
2020-08-11,11410.525390625,-0.03936534391564839,0.028452018139578657,1
2020-08-12,11584.9345703125,0.015284938573538076,0.028386167561951864,1
2020-08-13,11784.1376953125,0.017195015111304723,0.028608162666095536,0
2020-08-14,11768.87109375,-0.0012955213149429268,0.028330430747463404,1
2020-08-15,11865.6982421875,0.008227394765919493,0.026519475301561242,1
2020-08-16,11892.8037109375,0.0022843551383793237,0.01989428031900513,1
2020-08-17,12254.40234375,0.03040482644811049,0.020778888837381552,0
2020-08-18,11991.2333984375,-0.021475461465219614,0.021953431587965557,0
2020-08-19,11758.283203125,-0.019426708460436926,0.01895422949812243,1
2020-08-20,11878.3720703125,0.01021312934149976,0.01913415302512266,0
2020-08-21,11592.4892578125,-0.024067507803910648,0.019840987223822278,1
2020-08-22,11681.8251953125,0.007706363621583279,0.01961820066455879,0
2020-08-23,11664.84765625,-0.0014533293195752028,0.019536674529092114,1
2020-08-24,11774.595703125,0.00940844236539995,0.01910949020920815,0
2020-08-25,11366.134765625,-0.034690018052305094,0.018405051976318587,1
2020-08-26,11488.36328125,0.010753745063331488,0.018151402157636602,0
2020-08-27,11323.3974609375,-0.01435938403704018,0.017747243610723433,1
2020-08-28,11542.5,0.01934954061432026,0.018704620121257013,0
2020-08-29,11506.865234375,-0.0030872658111327222,0.018508279828233526,1
2020-08-30,11711.505859375,0.017784220187846422,0.019235594827259103,0
2020-08-31,11680.8203125,-0.0026201196706430174,0.016992232222966717,1
2020-09-01,11970.478515625,0.024797762089964426,0.01766831773614339,0
2020-09-02,11414.0341796875,-0.04648471948812871,0.021105109672141256,0
2020-09-03,10245.296875,-0.10239476124641311,0.033780798813939986,1
2020-09-04,10511.8134765625,0.02601355576262887,0.03480736130353333,0
2020-09-05,10169.5673828125,-0.03255823502891142,0.03521527873158987,1
2020-09-06,10280.3515625,0.010893696409813414,0.035578373830555864,1
2020-09-07,10369.5634765625,0.00867790498409815,0.03555081673350656,0
2020-09-08,10131.5166015625,-0.022956306264775628,0.035018256082222525,1
2020-09-09,10242.34765625,0.010939236349907233,0.035025762695738934,1
2020-09-10,10363.138671875,0.011793293850096198,0.035331977847383546,1
2020-09-11,10400.9150390625,0.0036452631180188266,0.0347193737681388,1
2020-09-12,10442.1708984375,0.003966560559340859,0.034828804951712866,0
2020-09-13,10323.755859375,-0.011340078630605377,0.03414122203856658,1
2020-09-14,10680.837890625,0.0345883839286778,0.03602237126883041,1
2020-09-15,10796.951171875,0.010871177190313608,0.035299109248862585,1
2020-09-16,10974.9052734375,0.01648188444401355,0.03382606127937558,0
2020-09-17,10948.990234375,-0.0023612995663134795,0.017822132897163674,0
2020-09-18,10944.5859375,-0.00040225598714782596,0.016783385419043798,1
2020-09-19,11094.3466796875,0.013683545731443925,0.013465911999506135,0
2020-09-20,10938.271484375,-0.014067993350005525,0.014431667209482578,0
2020-09-21,10462.259765625,-0.04351800185522625,0.019225572429240168,1
2020-09-22,10538.4599609375,0.0072833400259153525,0.018010500940574842,0
2020-09-23,10246.1865234375,-0.027733979972724532,0.019590457030460102,1
2020-09-24,10760.06640625,0.050153282066164984,0.023606624490468953,0
2020-09-25,10692.716796875,-0.006259218747560857,0.023732148971598945,1
2020-09-26,10750.7236328125,0.005424892199001441,0.023743512965187234,1
2020-09-27,10775.26953125,0.0022831856976197606,0.023416503563538166,0
2020-09-28,10709.65234375,-0.006089609852421796,0.02169837304386254,1
2020-09-29,10844.640625,0.012604356977915954,0.02176748004742512,0
2020-09-30,10784.4912109375,-0.00554646448346463,0.021317557173761936,0
2020-10-01,10619.4521484375,-0.015303370300178809,0.021657218480201315,0
2020-10-02,10575.974609375,-0.00409414143543152,0.02165922331640481,0
2020-10-03,10549.3291015625,-0.0025194375739971964,0.021171039373505094,1
2020-10-04,10669.5830078125,0.011399199427022166,0.02127631788466149,1
2020-10-05,10793.33984375,0.01159903211277169,0.017718209977740738,0
2020-10-06,10604.40625,-0.017504646058134066,0.01841446110492713,1
2020-10-07,10668.96875,0.0060882710901424275,0.016533727944714582,1
2020-10-08,10915.685546875,0.023124708925124526,0.011381607785648704,1
2020-10-09,11064.4580078125,0.013629236597062944,0.01163268616649907,1
2020-10-10,11296.361328125,0.02095930231275278,0.01263053258544761,1
2020-10-11,11384.181640625,0.0077742124166433335,0.012671138768039804,1
2020-10-12,11555.36328125,0.01503679807902314,0.012633950111136156,0
2020-10-13,11425.8994140625,-0.011203790312466544,0.013196486544620677,1
2020-10-14,11429.5068359375,0.0003157232305546209,0.012967543481796153,1
2020-10-15,11495.349609375,0.005760771167350187,0.011684629415636468,0
2020-10-16,11322.123046875,-0.01506927308750361,0.012717695852508655,1
2020-10-17,11358.1015625,0.0031777181254826203,0.0125501271542171,1
2020-10-18,11483.359375,0.011028058853915557,0.012536781635448871,1
2020-10-19,11742.037109375,0.02252631185070797,0.013275063331682506,1
2020-10-20,11916.3349609375,0.014843919324981414,0.011550431213157934,1
2020-10-21,12823.689453125,0.07614375520341321,0.021418461520222594,1
2020-10-22,12965.8916015625,0.011089019970212055,0.02124029089029032,0
2020-10-23,12931.5390625,-0.0026494544392426933,0.02162015592861113,1
2020-10-24,13108.0625,0.0136506131750318,0.021459466792726135,0
2020-10-25,13031.173828125,-0.0058657541398662305,0.021916453016836698,1
2020-10-26,13075.248046875,0.003382214014740148,0.021928207431253486,1
2020-10-27,13654.21875,0.04427990207523247,0.02296927059771377,0
2020-10-28,13271.28515625,-0.02804507535445777,0.025309585685448627,1
2020-10-29,13437.8828125,0.012553242153156674,0.025266120397726202,1
2020-10-30,13546.5224609375,0.00808458072996765,0.024124987542119166,1
2020-10-31,13780.9951171875,0.01730869726353168,0.023970463439888626,0
2020-11-01,13737.109375,-0.003184511845067406,0.02441052419623688,0
2020-11-02,13550.4892578125,-0.013585108198026608,0.02523756893661122,1
2020-11-03,13950.30078125,0.02950532012761009,0.025727902974954198,1
2020-11-04,14133.70703125,0.013147117963686394,0.017889531166776343,1
2020-11-05,15579.8486328125,0.10231863433740651,0.031148672268875896,0
2020-11-06,15565.880859375,-0.0008965281862933772,0.031081625734048823,0
2020-11-07,14833.75390625,-0.0470340843373509,0.03507339138962901,1
2020-11-08,15479.5673828125,0.04353675277640923,0.03589214611176709,0
2020-11-09,15332.3154296875,-0.009512665921690977,0.03631960997449264,0
2020-11-10,15290.90234375,-0.0027010327388199418,0.035266185577353996,1
2020-11-11,15701.33984375,0.02684194109497806,0.03389382027645195,1
2020-11-12,16276.34375,0.03662132734990031,0.03449636515330371,1
2020-11-13,16317.80859375,0.002547552717421464,0.034604897928574574,0
2020-11-14,16068.138671875,-0.015300456580341737,0.03544664450512662,0
2020-11-15,15955.587890625,-0.007004593596581565,0.03558358998585075,1
2020-11-16,16716.111328125,0.04766502135260464,0.03604824131387256,1
2020-11-17,17645.40625,0.05559276937282975,0.037463483822709524,1
2020-11-18,17804.005859375,0.008988152900985202,0.03751760690003245,1
2020-11-19,17817.08984375,0.0007348899162549216,0.02855463007850858,1
2020-11-20,18621.314453125,0.045137820846602006,0.029824890632144187,1
2020-11-21,18642.232421875,0.0011233347035009,0.024662063558780492,0
2020-11-22,18370.001953125,-0.014602889964538845,0.02469654573230291,0
2020-11-23,18364.12109375,-0.000320133845930215,0.02418077560674661,1
2020-11-24,19107.46484375,0.040478046632625775,0.02473874816528723,0
2020-11-25,18732.12109375,-0.01964382784787766,0.026289159287189095,0
2020-11-26,17150.623046875,-0.08442706722639481,0.036025948736303284,0
2020-11-27,17108.40234375,-0.0024617591448197196,0.03607012907604866,1
2020-11-28,17717.4140625,0.03559722915754793,0.036537480088706366,1
2020-11-29,18177.484375,0.02596712538731971,0.03658403288721624,1
2020-11-30,19625.8359375,0.07967832801396635,0.03996448830020292,0
2020-12-01,18802.998046875,-0.04192625951044282,0.04033040225646446,1
2020-12-02,19201.091796875,0.021171823185194727,0.04054677521580356,1
2020-12-03,19445.3984375,0.012723580680175761,0.040549550390987836,0
2020-12-04,18699.765625,-0.038344949058079725,0.04065353118296806,1
2020-12-05,19154.23046875,0.024303237423597412,0.04112506088021963,1
2020-12-06,19345.12109375,0.009965977245154134,0.04085191711584192,0
2020-12-07,19191.630859375,-0.007934312410408761,0.040971290549615035,0
2020-12-08,18321.14453125,-0.0453576006387062,0.04150181207480121,1
2020-12-09,18553.916015625,0.012705073309037251,0.04135569669089041,0
2020-12-10,18264.9921875,-0.015572121156616547,0.0339608405077891,0
2020-12-11,18058.904296875,-0.011283218109780502,0.03419172113551319,1
2020-12-12,18803.65625,0.041240151721379625,0.03461829087473265,1
2020-12-13,19142.3828125,0.018013866983980886,0.03430825781776776,1
2020-12-14,19246.64453125,0.005446642655266398,0.026629803943545752,1
2020-12-15,19417.076171875,0.008855135259981495,0.02395994266131803,1
2020-12-16,21310.59765625,0.09751836309514528,0.03476996487966656,1
2020-12-17,22805.162109375,0.07013245133867341,0.03854745084299874,1
2020-12-18,23137.9609375,0.014593135822884129,0.03570815761133399,1
2020-12-19,23869.83203125,0.03163075154837203,0.035893991026402845,0
2020-12-20,23477.294921875,-0.01644490454985592,0.03693843698469833,0
2020-12-21,22803.08203125,-0.028717656479103182,0.038303497679183514,1
2020-12-22,23783.029296875,0.042974334095805755,0.03508121287854675,0
2020-12-23,23241.345703125,-0.022776055438033516,0.036836948428477845,1
2020-12-24,23735.94921875,0.021281190940612982,0.03564077373301915,1
2020-12-25,24664.791015625,0.03913227940938091,0.03483319491557378,1
2020-12-26,26437.037109375,0.07185327832809496,0.03695810660063986,0
2020-12-27,26272.294921875,-0.0062314920850786715,0.0378798005915286,1
2020-12-28,27084.80859375,0.03092663485588698,0.037555484795866914,1
2020-12-29,27362.4375,0.010250355112868093,0.037510205542107676,1
2020-12-30,28840.953125,0.054034499850387885,0.032555590776133604,1
2020-12-31,29001.720703125,0.005574281038085438,0.02971197712467117,1
2021-01-01,29374.15234375,0.012841708408869223,0.02972983751288005,1
2021-01-02,32127.267578125,0.09372577639540935,0.03596334482582064,1
2021-01-03,32782.0234375,0.020380066800975483,0.03423811104150004,0
2021-01-04,31971.9140625,-0.024712000360334718,0.03377128510751767,1
2021-01-05,33992.4296875,0.06319658000613337,0.035011361673923096,1
2021-01-06,36824.36328125,0.08331071417326141,0.035031702549379186,1
2021-01-07,39371.04296875,0.0691574669750421,0.03602072108178514,1
2021-01-08,40797.609375,0.0362338992996023,0.036018257424594455,0
2021-01-09,40254.546875,-0.013311135341493308,0.03689320016189029,0
2021-01-10,38356.44140625,-0.047152573214749416,0.04142137105088502,0
2021-01-11,35566.65625,-0.07273315912449108,0.049390081940041186,0
2021-01-12,33922.9609375,-0.046214502171538774,0.05252149872364709,1
2021-01-13,37316.359375,0.10003249550509552,0.056334453619375405,1
2021-01-14,39187.328125,0.050138030111625875,0.056712953151615834,0
2021-01-15,36825.3671875,-0.06027358971670127,0.06094912299395225,0
2021-01-16,36178.140625,-0.017575563040677422,0.05746917913531653,0
2021-01-17,35791.27734375,-0.010693288117263444,0.05763866201928777,1
2021-01-18,36630.07421875,0.023435790428599335,0.0569812804418554,0
2021-01-19,36069.8046875,-0.015295342507474663,0.055314467294984584,0
2021-01-20,35547.75,-0.014473454791977813,0.050737779638155386,0
2021-01-21,30825.69921875,-0.1328368400602007,0.05742843086903749,1
2021-01-22,33005.76171875,0.07072224005462169,0.06048875482673221,0
2021-01-23,32067.642578125,-0.02842289017956734,0.060623609379215376,1
2021-01-24,32289.37890625,0.006914643868341619,0.06009523009309015,1
2021-01-25,32366.392578125,0.0023851084933719235,0.05740653848147292,1
2021-01-26,32569.849609375,0.006286058316783416,0.056220498720916556,0
2021-01-27,30432.546875,-0.06562212475675022,0.0503557842386883,1
2021-01-28,33466.09765625,0.09968113394222766,0.05651610039152204,1
2021-01-29,34316.38671875,0.02540747568580648,0.05524281146198107,0
2021-01-30,34269.5234375,-0.0013656239986477026,0.05509653730129403,0
2021-01-31,33114.359375,-0.03370820328466961,0.055702401974882194,1
2021-02-01,33537.17578125,0.012768370405776608,0.0553692616436683,1
2021-02-02,35510.2890625,0.05883361479570781,0.0577828831945842,1
2021-02-03,37472.08984375,0.055245981743407446,0.05937832194116513,0
2021-02-04,36926.06640625,-0.014571470120209207,0.044819254605231965,1
2021-02-05,38144.30859375,0.032991388091470286,0.04219709571504461,1
2021-02-06,39266.01171875,0.029406828078771152,0.04082813695533702,0
2021-02-07,38903.44140625,-0.009233693380855112,0.04130951184125669,1
2021-02-08,46196.46484375,0.18746473766529936,0.061785185404815,1
2021-02-09,46481.10546875,0.006161523959955284,0.061788467749431794,0
2021-02-10,44918.18359375,-0.03362488605290981,0.058592479644759984,1
2021-02-11,47909.33203125,0.0665910372634968,0.05616855172220594,0
2021-02-12,47504.8515625,-0.008442623839676311,0.0569795490681684,0
2021-02-13,47105.515625,-0.008406213773231364,0.05725952646336072,1
2021-02-14,48717.2890625,0.03421623595697554,0.054782041098612566,0
2021-02-15,47945.05859375,-0.01585126109458379,0.055965308335854454,1
2021-02-16,49199.87109375,0.026171883752032166,0.05522094718645614,1
2021-02-17,52149.0078125,0.05994196027730325,0.05543353378792364,0
2021-02-18,51679.796875,-0.008997504596578998,0.05514516831552579,1
2021-02-19,55888.1328125,0.08143096900475189,0.057128601821798325,1
2021-02-20,56099.51953125,0.0037823185014820293,0.057525714914350365,1
2021-02-21,57539.9453125,0.025676258785917394,0.056572310848927596,0
2021-02-22,54207.3203125,-0.05791845963531039,0.039324023488047186,0
2021-02-23,48824.42578125,-0.09930198541853996,0.04938362411556825,1
2021-02-24,49705.33203125,0.018042326886684945,0.048219148102329946,0
2021-02-25,47093.8515625,-0.052539242009451814,0.04765943384278356,0
2021-02-26,46339.76171875,-0.016012490351298148,0.04780339227860375,0
2021-02-27,46188.453125,-0.003265200081699504,0.0477593463909939,0
2021-02-28,45137.76953125,-0.022747754528746222,0.0470104064430995,1
2021-03-01,49631.2421875,0.09955017057586457,0.054386636149572905,0
2021-03-02,48378.98828125,-0.025231161886280384,0.05449831130699851,1
2021-03-03,50538.2421875,0.04463205996986197,0.053348180275573885,0
2021-03-04,48561.16796875,-0.039120359814156846,0.05429796124951545,1
2021-03-05,48927.3046875,0.007539701660092213,0.04876095565826112,0
2021-03-06,48912.3828125,-0.0003049805235605385,0.04869491221941332,1
2021-03-07,51206.69140625,0.046906498146797926,0.05015458121954593,1
2021-03-08,52246.5234375,0.020306565464276005,0.04838700739452541,1
2021-03-09,54824.1171875,0.049335220420617,0.04103417089908149,1
2021-03-10,56008.55078125,0.021604243798385436,0.04110500912905769,1
2021-03-11,57805.12109375,0.032076714848716215,0.03735780450935004,0
2021-03-12,57332.08984375,-0.008183206626845796,0.0369076674212655,1
2021-03-13,61243.0859375,0.06821652767950437,0.038935781768870914,0
2021-03-14,59302.31640625,-0.031689610370558396,0.0397736821985973,0
2021-03-15,55907.19921875,-0.05725100456855314,0.03779997743340709,1
2021-03-16,56804.90234375,0.01605702194966918,0.036494917351673664,1
2021-03-17,58870.89453125,0.036369962842253134,0.03599263105997017,0
2021-03-18,57858.921875,-0.017189693893861602,0.03404151601012644,1
2021-03-19,58346.65234375,0.008429650137686817,0.034031106981770594,0
2021-03-20,58313.64453125,-0.0005657190459794625,0.03403913188459957,0
2021-03-21,57523.421875,-0.013551247955811196,0.03325632128999235,0
2021-03-22,54529.14453125,-0.05205318540083803,0.03677625061732732,1
2021-03-23,54738.9453125,0.0038474981233158623,0.03436321193781535,0
2021-03-24,52774.265625,-0.035891807492523076,0.03506740291856677,0
2021-03-25,51704.16015625,-0.020277031922222966,0.03372809395859238,1
2021-03-26,55137.3125,0.06639992475218648,0.03906452726922951,1
2021-03-27,55973.51171875,0.015165759461888806,0.03396044547971368,0
2021-03-28,55950.74609375,-0.0004067213991215679,0.03315051337385076,1
2021-03-29,57750.19921875,0.03216137854506651,0.030536785419613684,1
2021-03-30,58917.69140625,0.020216245195582738,0.03069602601004453,1
2021-03-31,58918.83203125,1.9359634988669328e-05,0.029159437174532715,1
2021-04-01,59095.80859375,0.0030037350775407035,0.028715808271689534,1
2021-04-02,59384.3125,0.004881969011259368,0.02866930066670098,0
2021-04-03,57603.890625,-0.029981350293480258,0.02989503685871226,1
2021-04-04,58758.5546875,0.0200448971410081,0.030111131055494372,1
2021-04-05,59057.87890625,0.005094138552963257,0.025792804783750338,0
2021-04-06,58192.359375,-0.014655445594718208,0.026380046214597084,0
2021-04-07,56048.9375,-0.036833390122360865,0.02649245157264067,1
2021-04-08,58323.953125,0.04058980823677527,0.027078310575989348,0
2021-04-09,58245.00390625,-0.0013536328475677317,0.021507965103641617,1
2021-04-10,59793.234375,0.026581343719059625,0.022164530234005716,1
2021-04-11,60204.96484375,0.006885903949730876,0.02211447973952907,0
2021-04-12,59893.453125,-0.005174186540237491,0.020864681522561303,1
2021-04-13,63503.45703125,0.06027376479221824,0.025636458901702828,0
2021-04-14,63109.6953125,-0.00620063437737306,0.025795319128023853,1
2021-04-15,63314.01171875,0.003237480473297971,0.025793846073158017,0
2021-04-16,61572.7890625,-0.027501379378466195,0.027240098044438936,0
2021-04-17,60683.8203125,-0.014437688523377457,0.02608794076971205,0
2021-04-18,56216.18359375,-0.0736215468265391,0.032811718466880614,0
2021-04-19,55724.265625,-0.008750468945115109,0.03276893205898493,1
2021-04-20,56473.03125,0.013436976092944253,0.032902362401229304,0
2021-04-21,53906.08984375,-0.045454287638402646,0.03368322241001851,0
2021-04-22,51762.2734375,-0.0397694659817468,0.03265272717393464,0
2021-04-23,51093.65234375,-0.012917150838772984,0.03261820184459742,0
2021-04-24,50050.8671875,-0.02040928977310741,0.03107696001677298,0
2021-04-25,49004.25390625,-0.02091099195802515,0.030650770411839317,1
2021-04-26,54021.75390625,0.10238907033660749,0.04375543678094467,1
2021-04-27,55033.1171875,0.018721407731506323,0.04013938745940567,0
2021-04-28,54824.703125,-0.003787066282106566,0.04015955797062436,0
2021-04-29,53555.109375,-0.02315733013830157,0.04014679788573866,1
2021-04-30,57750.17578125,0.07833176806484676,0.04632126009769501,1
2021-05-01,57828.05078125,0.0013484807439372304,0.0462290753842867,0
2021-05-02,56631.078125,-0.020698824187899145,0.04192678414249979,1
2021-05-03,57200.29296875,0.010051280367532334,0.041880761447571024,0
2021-05-04,53333.5390625,-0.06760024652955021,0.04570179620727889,1
2021-05-05,57424.0078125,0.07669599321369813,0.048570589937089424,0
2021-05-06,56396.515625,-0.01789307689659958,0.047335165040702655,1
2021-05-07,57356.40234375,0.017020319573156195,0.04703392628455791,1
2021-05-08,58803.77734375,0.02523475916996243,0.046394277703931563,0
2021-05-09,58232.31640625,-0.009718099130935132,0.04586668461528061,0
2021-05-10,55859.796875,-0.04074231762821234,0.040080943471992966,1
2021-05-11,56704.57421875,0.01512317249631967,0.039984688523042135,0
2021-05-12,49150.53515625,-0.1332174549686006,0.054110643908255415,1
2021-05-13,49716.19140625,0.011508648851976444,0.0540766570263455,1
2021-05-14,49880.53515625,0.00330563837155351,0.048756830363136126,0
2021-05-15,46760.1875,-0.06255641898138342,0.05064261538701001,0
2021-05-16,46456.05859375,-0.0065040138312105755,0.05063640750788004,0
2021-05-17,43537.51171875,-0.06282381595309616,0.05183739281629152,0
2021-05-18,42909.40234375,-0.014426855146374762,0.049833871554718856,0
2021-05-19,37002.44140625,-0.13766122609163733,0.05260665781818053,1
2021-05-20,40782.73828125,0.10216344466291027,0.06333913769286177,0
2021-05-21,37304.69140625,-0.08528232829817228,0.06451203292955832,1
2021-05-22,37536.6328125,0.006217486259949112,0.06349120076480654,0
2021-05-23,34770.58203125,-0.0736893688644572,0.06424654444835332,1
2021-05-24,38705.98046875,0.11318183957815453,0.07526394290963648,0
2021-05-25,38402.22265625,-0.007847826326095597,0.07461201328475038,1
2021-05-26,39294.19921875,0.023227211885217036,0.06860371278429561,0
2021-05-27,38436.96875,-0.021815700174415475,0.06824057223818819,0
2021-05-28,35697.60546875,-0.07126897282320166,0.06951333075708498,0
2021-05-29,34616.06640625,-0.03029724398312339,0.06857110426558599,1
2021-05-30,35678.12890625,0.03068120125307594,0.06980393006343688,1
2021-05-31,37332.85546875,0.04637929771620186,0.07031717760457679,0
2021-06-01,36684.92578125,-0.017355481635803582,0.07034018892466805,1
2021-06-02,37575.1796875,0.02426756732611457,0.06008958149148871,1
2021-06-03,39208.765625,0.043475133082156336,0.05439870241250828,0
2021-06-04,36894.40625,-0.05902658087058821,0.051669928471803656,0
2021-06-05,35551.95703125,-0.03638625350557034,0.05255042515827026,1
2021-06-06,35862.37890625,0.008731498936251025,0.04842954798582297,0
2021-06-07,33560.70703125,-0.06418068028941804,0.03991981658918638,0
2021-06-08,33472.6328125,-0.0026243254847995168,0.03995969868445873,1
2021-06-09,37345.12109375,0.11569117681725527,0.051634270976754874,0
2021-06-10,36702.59765625,-0.01720501684509279,0.05151553841173212,1
2021-06-11,37334.3984375,0.01721406171757467,0.04765739694829828,0
2021-06-12,35552.515625,-0.047727642256857994,0.04884203849058462,1
2021-06-13,39097.859375,0.09972131894675185,0.054955247836174406,1
2021-06-14,40218.4765625,0.028661855288592664,0.05420044957563709,1
2021-06-15,40406.26953125,0.004669320789865594,0.05376764199822747,0
2021-06-16,38347.0625,-0.05096256237308472,0.055764223558522036,0
2021-06-17,38053.50390625,-0.007655308506355651,0.054561017454725184,0
2021-06-18,35787.24609375,-0.0595545108824469,0.05460452726411846,0
2021-06-19,35615.87109375,-0.004788717174578294,0.053666748393073754,1
2021-06-20,35698.296875,0.002314299179515533,0.05362695938317664,0
2021-06-21,31676.693359375,-0.11265533282181261,0.05941009773531427,1
2021-06-22,32505.66015625,0.02616961270137308,0.059901573804979895,1
2021-06-23,33723.02734375,0.0374509295196066,0.051260412230274714,1
2021-06-24,34662.4375,0.027856637741157764,0.051914950027880685,0
2021-06-25,31637.779296875,-0.0872604012088013,0.05615170549837162,1
2021-06-26,32186.27734375,0.017336806155961115,0.055501682217000144,1
2021-06-27,34649.64453125,0.07653470332064805,0.05237426315720592,0
2021-06-28,34434.3359375,-0.006213875976586625,0.05135281479197339,1
2021-06-29,35867.77734375,0.04162825758718758,0.05307328365741633,0
2021-06-30,35040.8359375,-0.02305527321430456,0.05180931298185902,0
2021-07-01,33572.1171875,-0.04191448950075438,0.05273824841808336,1
2021-07-02,33897.046875,0.00967855812266083,0.05069641350920316,1
2021-07-03,34668.546875,0.022760094790705843,0.051139188892296204,1
2021-07-04,35287.78125,0.017861561294527206,0.05137721744759133,0
2021-07-05,33746.00390625,-0.043691535402215154,0.04218292430259547,1
2021-07-06,34235.1953125,0.014496276584600176,0.04185419377012589,0
2021-07-07,33855.328125,-0.011095808977648836,0.04091776655302013,0
2021-07-08,32877.37109375,-0.028886355129662422,0.040870177970359155,1
2021-07-09,33798.01171875,0.02800225791699673,0.03354016099981505,0
2021-07-10,33520.51953125,-0.008210311003178261,0.03352669129790475,1
2021-07-11,34240.1875,0.021469475378479208,0.026855822273379962,0
2021-07-12,33155.84765625,-0.031668630428790756,0.028104185877173053,0
2021-07-13,32702.025390625,-0.013687548281983153,0.025185538037781757,1
2021-07-14,32822.34765625,0.003679352094793975,0.024826871696392555,0
2021-07-15,31780.73046875,-0.031734999531688124,0.02376932186464532,0
2021-07-16,31421.5390625,-0.011302175908234458,0.02352482922968289,1
2021-07-17,31533.068359375,0.003549453661488622,0.022300442707302384,1
2021-07-18,31796.810546875,0.008363987433579023,0.021636398960740013,0
2021-07-19,30817.83203125,-0.030788575922789052,0.020188500067093565,0
2021-07-20,29807.34765625,-0.03278895069501786,0.02040091410300286,1
2021-07-21,32110.693359375,0.07727442675168827,0.030892504238074072,1
2021-07-22,32313.10546875,0.006303573302191001,0.03007462612890312,1
2021-07-23,33581.55078125,0.03925482537500802,0.031039181015326784,1
2021-07-24,34292.4453125,0.021169199000986128,0.03143353480710235,1
2021-07-25,35350.1875,0.030844758309330533,0.031973654215043903,1
2021-07-26,37337.53515625,0.05621887171744144,0.03329706731532877,1
2021-07-27,39406.94140625,0.055424286615063156,0.03476163785322932,1
2021-07-28,39995.90625,0.014945713184850051,0.03463546133068645,1
2021-07-29,40008.421875,0.00031292265067750513,0.032306389187940016,1
2021-07-30,42235.546875,0.055666404612466414,0.03273951657412228,0
2021-07-31,41626.1953125,-0.014427457617713135,0.033845877812628655,0
2021-08-01,39974.89453125,-0.039669750474507826,0.03742242134744278,0
2021-08-02,39201.9453125,-0.019335866368471732,0.03640585343103274,0
2021-08-03,38152.98046875,-0.02675797936526192,0.03578985311208025,1
2021-08-04,39747.50390625,0.041792893187100555,0.032393108810706624,1
2021-08-05,40869.5546875,0.02822946527400849,0.03242665941609608,1
2021-08-06,42816.5,0.04763803587748594,0.032934609923789986,1
2021-08-07,44555.80078125,0.04062220829002827,0.033484207882780816,0
2021-08-08,43798.1171875,-0.017005273846830926,0.03464730239706623,1
2021-08-09,46365.40234375,0.058616336068955555,0.03486674033776767,0
2021-08-10,45585.03125,-0.016830892309838696,0.033940924996998426,1
2021-08-11,45593.63671875,0.00018877838873909702,0.034037483492158675,0
2021-08-12,44428.2890625,-0.02555943636254754,0.035279571423536764,1
2021-08-13,47793.3203125,0.07574073458615982,0.03768800550337666,0
2021-08-14,47096.9453125,-0.01457055076832292,0.03769501755602806,0
2021-08-15,47047.00390625,-0.0010603958689597848,0.03514664052434114,0
2021-08-16,46004.484375,-0.02215910567498447,0.03534941692497233,0
2021-08-17,44695.359375,-0.028456465011732934,0.03549551415730817,1
2021-08-18,44801.1875,0.002367765389513554,0.034494889523218185,1
2021-08-19,46717.578125,0.04277544261522093,0.03532366978037119,1
2021-08-20,49339.17578125,0.056115872471717454,0.0360800661433926,0
2021-08-21,48905.4921875,-0.008789842693618932,0.03534456469034543,1
2021-08-22,49321.65234375,0.00850947690403503,0.03464915152193245,1
2021-08-23,49546.1484375,0.004551674225862445,0.031578237867150916,0
2021-08-24,47706.1171875,-0.037137725293038826,0.03309792140923189,1
2021-08-25,48960.7890625,0.02630002081428562,0.03361341543265614,0
2021-08-26,46942.21875,-0.04122830434622349,0.03496498706136224,1
2021-08-27,49058.66796875,0.04508626296557394,0.030881727409039546,0
2021-08-28,48902.40234375,-0.003185280633781984,0.030551216418290145,0
2021-08-29,48829.83203125,-0.0014839825657210204,0.030555885016163804,0
2021-08-30,47054.984375,-0.0363476092875793,0.0316726615152029,1
2021-08-31,47166.6875,0.0023738850726162664,0.0304339795477468,1
2021-09-01,48847.02734375,0.03562556399047523,0.03155080522794151,1
2021-09-02,49327.72265625,0.009840830417728652,0.029831394184896547,1
2021-09-03,50025.375,0.014143210068944922,0.026099233816713013,0
2021-09-04,49944.625,-0.0016141808032423821,0.025955820592549837,1
2021-09-05,51753.41015625,0.03621581213694158,0.02751479893007173,1
2021-09-06,52633.53515625,0.017006125728580734,0.027741523635152924,0
2021-09-07,46811.12890625,-0.1106216071695616,0.040349925031563684,0
2021-09-08,46091.390625,-0.015375366885328479,0.039748435032589347,1
2021-09-09,46391.421875,0.006509485739778498,0.03828740739027713,0
2021-09-10,44883.91015625,-0.032495484247323514,0.036826043406739416,1
2021-09-11,45201.45703125,0.0070748487352050304,0.03698110442837627,1
2021-09-12,46063.26953125,0.019066033632592516,0.03753252367309516,0
2021-09-13,44963.07421875,-0.023884438158555232,0.03683406056954522,1
2021-09-14,47092.4921875,0.0473592610325122,0.03918659739168979,1
2021-09-15,48176.34765625,0.023015462091804384,0.03845854694759822,0
2021-09-16,47783.359375,-0.008157286726135138,0.03839538395834315,0
2021-09-17,47267.51953125,-0.010795386730801604,0.03818904499223233,1
2021-09-18,48278.36328125,0.021385589090024082,0.038759241557617403,0
2021-09-19,47260.21875,-0.021089044077959085,0.03745174724019076,0
2021-09-20,42843.80078125,-0.09344895316951951,0.04343707122243458,0
2021-09-21,40693.67578125,-0.050185206746199196,0.03530269330750733,1
2021-09-22,43574.5078125,0.07079311406361999,0.04119314843017801,1
2021-09-23,44895.09765625,0.0303064775724482,0.042105652971502615,0
2021-09-24,42839.75,-0.04578111561282838,0.04299812445542669,0
2021-09-25,42716.59375,-0.002874812528084303,0.04291066929500469,1
2021-09-26,43208.5390625,0.011516492054097771,0.042656507746938244,0
2021-09-27,42235.73046875,-0.02251426719942695,0.04260818655505392,0
2021-09-28,41034.54296875,-0.02844007873591181,0.040392289176449554,1
2021-09-29,41564.36328125,0.012911568502261384,0.03986267580984882,1
2021-09-30,43790.89453125,0.05356827518164842,0.04331532726712261,1
2021-10-01,48116.94140625,0.09878873042688929,0.051399142040912456,0
2021-10-02,47711.48828125,-0.008426411013467638,0.0511733874631001,1
2021-10-03,48199.953125,0.010237887379882071,0.05084693173605372,1
2021-10-04,49112.90234375,0.018940873580984396,0.042741513463036576,1
2021-10-05,51514.8125,0.048905889117254686,0.040013238056626474,1
2021-10-06,55361.44921875,0.0746704982911468,0.04042027427818909,0
2021-10-07,53805.984375,-0.02809653406297008,0.04203258880995603,1
2021-10-08,53967.84765625,0.0030082765538104184,0.03859322488456321,1
2021-10-09,54968.22265625,0.01853649985027972,0.03815399161551982,0
2021-10-10,54771.578125,-0.003577422040362044,0.03858732088414928,1
2021-10-11,57484.7890625,0.04953684064585273,0.037596026667123986,0
2021-10-12,56041.05859375,-0.025114999851183484,0.037255726820536766,1
2021-10-13,57401.09765625,0.02426861834211813,0.037139459519297875,0
2021-10-14,57321.5234375,-0.001386283921372633,0.03666896350943121,1
2021-10-15,61593.94921875,0.07453440740995654,0.03305624457201292,0
2021-10-16,60892.1796875,-0.01139348166745524,0.033249642388459656,1
2021-10-17,61553.6171875,0.01086243756414218,0.03323873357725397,1
2021-10-18,62026.078125,0.007675599893030238,0.03335352176415143,1
2021-10-19,64261.9921875,0.036047967727284025,0.032584935818805644,1
2021-10-20,65992.8359375,0.026934175102288238,0.028223934265018718,0
2021-10-21,62210.171875,-0.057319313661295834,0.0322846411092878,0
2021-10-22,60692.265625,-0.024399647264276236,0.03360409303639359,1
2021-10-23,61393.6171875,0.011555863919028075,0.03350243439935252,0
2021-10-24,60930.8359375,-0.007537937512081094,0.03362824217057486,1
2021-10-25,63039.82421875,0.0346128236844363,0.0324310088344251,0
2021-10-26,60363.79296875,-0.04244985266320056,0.03404610440854564,0
2021-10-27,58482.38671875,-0.03116779376295975,0.03495180861422939,1
2021-10-28,60622.13671875,0.03658793903693369,0.036130952927731844,1
2021-10-29,62227.96484375,0.02648913766352501,0.03087843244091686,0
2021-10-30,61888.83203125,-0.005449845794435637,0.030732801932778383,0
2021-10-31,61318.95703125,-0.009208042570786446,0.030735764076300097,0
2021-11-01,61004.40625,-0.005129747739996526,0.030685699304176726,1
2021-11-02,63226.40234375,0.03642353446805324,0.0307204836172608,0
2021-11-03,62970.046875,-0.004054563588107407,0.029673340352479982,0
2021-11-04,61452.23046875,-0.024103783966732184,0.026103417810543265,0
2021-11-05,61125.67578125,-0.005313959884109654,0.025246903802893014,1
2021-11-06,61527.48046875,0.006573419146120196,0.025118471302663547,1
2021-11-07,63326.98828125,0.029247220896912562,0.02612272640548685,1
2021-11-08,67566.828125,0.06695154718111462,0.030232443536338378,0
2021-11-09,66971.828125,-0.008806096371717143,0.027336010675258628,0
2021-11-10,64995.23046875,-0.029513867421399387,0.0271576956712553,0
2021-11-11,64949.9609375,-0.0006965054346836919,0.025929085967249584,0
2021-11-12,64155.94140625,-0.01222509636324598,0.025550617335998824,1
2021-11-13,64469.52734375,0.0048878705639170406,0.025453067844765302,1
2021-11-14,65466.83984375,0.015469517787564335,0.025380834401699255,0
2021-11-15,63557.87109375,-0.02915932332393234,0.026884988389125945,0
2021-11-16,60161.24609375,-0.05344145330150951,0.029003108777790765,1
2021-11-17,60368.01171875,0.003436857419438999,0.029054319122034208,0
2021-11-18,56942.13671875,-0.05674983989800575,0.0320651882000605,1
2021-11-19,58119.578125,0.020677857806173483,0.03278700325462229,1
2021-11-20,59697.1953125,0.027144333086984274,0.03370186503919027,0
2021-11-21,58730.4765625,-0.01619370466132397,0.0326721369580898,0
2021-11-22,56289.2890625,-0.041565940596482776,0.026636606792684012,1
2021-11-23,57569.07421875,0.022735855747423095,0.028268344667618944,0
2021-11-24,56280.42578125,-0.02238438701660228,0.02795949250942477,1
2021-11-25,57274.6796875,0.017666069374003168,0.02883937613461628,0
2021-11-26,53569.765625,-0.06468677053655503,0.03252627062482689,1
2021-11-27,54815.078125,0.02324655494514305,0.033623962446646914,1
2021-11-28,57248.45703125,0.044392510044424904,0.03616687257390852,1
2021-11-29,57806.56640625,0.009748898117819094,0.03598645881636275,0
2021-11-30,57005.42578125,-0.013858989986877734,0.03344989976626424,1
2021-12-01,57229.828125,0.003936508510805847,0.03345792180980926,0
2021-12-02,56477.81640625,-0.013140205787574133,0.029941994608808375,0
2021-12-03,53598.24609375,-0.05098586481791345,0.03214940226873824,0
2021-12-04,49200.703125,-0.08204639683653359,0.03661265830362474,1
2021-12-05,49368.84765625,0.003417522933012007,0.03685874682532841,1
2021-12-06,50582.625,0.02458589579002135,0.036972845842994026,1
2021-12-07,50700.0859375,0.002322159783127109,0.03610415729247875,0
2021-12-08,50504.796875,-0.00385184874717448,0.03589162759518451,0
2021-12-09,47672.12109375,-0.05608726213196957,0.03736113667482367,0
2021-12-10,47243.3046875,-0.00899511908452133,0.034191249660795654,1
2021-12-11,49362.5078125,0.044857216044006165,0.03616003988668836,1
2021-12-12,50098.3359375,0.014906619570362878,0.03372331558829251,0
2021-12-13,46737.48046875,-0.0670851717099511,0.036578657848174136,0
2021-12-14,46612.6328125,-0.00267125345649466,0.03671405756551697,1
2021-12-15,48896.72265625,0.04900151967252708,0.04018434537909516,0
2021-12-16,47665.42578125,-0.025181582897818466,0.0403756347642127,0
2021-12-17,46202.14453125,-0.030699007215741814,0.0391872538694769,1
2021-12-18,46848.77734375,0.013995731563123393,0.03357614214293551,0
2021-12-19,46707.015625,-0.0030259427628138713,0.03352607492736035,1
2021-12-20,46880.27734375,0.003709543768351198,0.03263692677321357,1
2021-12-21,48936.61328125,0.04386356169401262,0.03513804838688826,0
2021-12-22,48628.51171875,-0.006295931447672265,0.03515430612422206,1
2021-12-23,50784.5390625,0.04433669194360079,0.03350260654276447,1
2021-12-24,50822.1953125,0.0007414904357732066,0.03328897167595492,0
2021-12-25,50429.859375,-0.007719775485643066,0.031452383461839484,1
2021-12-26,50809.515625,0.0075284019171428795,0.03128067148932622,0
2021-12-27,50640.41796875,-0.003328070621613999,0.02442231755255259,0
2021-12-28,47588.85546875,-0.06025942562091624,0.03017153650214984,0
2021-12-29,46444.7109375,-0.02404227880624954,0.027607456058401533,1
2021-12-30,47178.125,0.01579112126431248,0.02728062213088053,0
2021-12-31,46306.4453125,-0.018476352917798256,0.026417843315360064,1
2022-01-01,47686.8125,0.029809396471367267,0.02736109658654759,0
2022-01-02,47345.21875,-0.007163274962024402,0.027437334505935343,0
2022-01-03,46458.1171875,-0.0187368774698079,0.02793828824027358,0
2022-01-04,45897.57421875,-0.012065555013512697,0.024982586321576045,0
2022-01-05,43569.00390625,-0.050734060615097554,0.02791029390437452,0
2022-01-06,43160.9296875,-0.009366159015892994,0.023603237372514754,0
2022-01-07,41557.90234375,-0.03714070469186992,0.024279895458764456,1
2022-01-08,41733.94140625,0.004235994902819673,0.024723717734844768,1
2022-01-09,41911.6015625,0.004256970472081845,0.024528040185020472,0
2022-01-10,41821.26171875,-0.0021554853640055605,0.024566949624633953,1
2022-01-11,42735.85546875,0.021869109453241498,0.022177678449094716,1
2022-01-12,43949.1015625,0.028389418684672707,0.023540439064235145,0
2022-01-13,42591.5703125,-0.030888714484173407,0.023874269086260627,1
2022-01-14,43099.69921875,0.011930269358978673,0.024132773755016504,1
2022-01-15,43177.3984375,0.001802778677309158,0.022116128239675032,0
2022-01-16,43113.87890625,-0.0014711291913973579,0.022162011375820804,0
2022-01-17,42250.55078125,-0.020024366790964976,0.022219587584662442,1
2022-01-18,42375.6328125,0.0029604828561313745,0.02229419599668211,0
2022-01-19,41744.328125,-0.014897823244158781,0.018415026451678047,0
2022-01-20,40680.41796875,-0.02548634039729203,0.019332064774020448,0
2022-01-21,36457.31640625,-0.10381165615712484,0.032104555131685295,0
2022-01-22,35030.25,-0.039143484680769114,0.03283402116742766,1
2022-01-23,36276.8046875,0.03558509252717301,0.0350153198416359,1
2022-01-24,36654.328125,0.010406744495611076,0.03538166763935855,1
2022-01-25,36954.00390625,0.008175727030871549,0.034651252798009034,0
2022-01-26,36852.12109375,-0.002757016878562668,0.03297357329123021,1
2022-01-27,37138.234375,0.007763821260712289,0.03288598375760424,1
2022-01-28,37784.33203125,0.017397102127314046,0.03318741215426529,1
2022-01-29,38138.1796875,0.00936493083845824,0.03343425404900457,0
2022-01-30,37917.6015625,-0.005783656346668664,0.033386516187783655,1
2022-01-31,38483.125,0.01491453610450133,0.033769637037887476,1
2022-02-01,38743.2734375,0.00676006528835682,0.033863139394917155,0
2022-02-02,36952.984375,-0.046209029430310355,0.03550293013510368,1
2022-02-03,37154.6015625,0.005456046132945147,0.0352970890289971,1
2022-02-04,41500.875,0.116978066100073,0.037420821662474735,0
2022-02-05,41441.1640625,-0.001438787435204647,0.03488908493973884,1
2022-02-06,42412.43359375,0.023437312952531153,0.03442180686206103,1
2022-02-07,43840.28515625,0.033665872045371525,0.03490995323426449,1
2022-02-08,44118.4453125,0.0063448528050995545,0.0349344861378397,1
2022-02-09,44338.796875,0.004994545046617338,0.03472157142761489,0
2022-02-10,43565.11328125,-0.01744935921313273,0.03570059534595489,0
2022-02-11,42407.9375,-0.026561982607033352,0.037098110846007094,0
2022-02-12,42244.46875,-0.0038546734323026133,0.037253034496484455,0
2022-02-13,42197.515625,-0.001111462077505676,0.03714133079946011,1
2022-02-14,42586.91796875,0.009228086961576842,0.03709426337423009,1
2022-02-15,44575.203125,0.04668769779745485,0.03850990515740388,0
2022-02-16,43961.859375,-0.013759752216496501,0.03569302338885672,0
2022-02-17,40538.01171875,-0.07788223029977337,0.043213078657074494,0
2022-02-18,40030.9765625,-0.012507647384577658,0.02959628170620717,1
2022-02-19,40122.15625,0.0022777282826873524,0.029619884197469692,0
2022-02-20,38431.37890625,-0.04214073972532317,0.030478958124052647,0
2022-02-21,37075.28125,-0.03528620868790788,0.029011653146543998,1
2022-02-22,38286.02734375,0.03265642371222732,0.031038151199368195,0
2022-02-23,37296.5703125,-0.025843815613622922,0.031015302520287388,1
2022-02-24,38332.609375,0.027778400368163814,0.03269439931229755,1
2022-02-25,39214.21875,0.022998939789759643,0.03327722110376952,0
2022-02-26,39105.1484375,-0.002781397053842838,0.03328143318790421,0
2022-02-27,37709.78515625,-0.03568234201898368,0.03424118981125758,1
2022-02-28,43193.234375,0.1454118392886461,0.05335295874626449,1
2022-03-01,44354.63671875,0.026888524570001016,0.052338066405358284,0
2022-03-02,43924.1171875,-0.009706302725009275,0.05226208857807297,0
2022-03-03,42451.7890625,-0.03351981142193561,0.04829560542467713,0
2022-03-04,39137.60546875,-0.07806935036049167,0.05300250967191895,1
2022-03-05,39400.5859375,0.00671938064683042,0.05303278766546433,0
2022-03-06,38419.984375,-0.024887994408395286,0.05217273474183763,0
2022-03-07,38062.0390625,-0.009316643885282638,0.05122917427932626,1
2022-03-08,38737.26953125,0.017740259990833174,0.05071854736778878,1
2022-03-09,41982.92578125,0.08378639716414904,0.05442023751061063,0
2022-03-10,39437.4609375,-0.060630954045771346,0.05723186591705414,0
2022-03-11,38794.97265625,-0.016291319622939393,0.05716525858265569,1
2022-03-12,38904.01171875,0.002810649293818468,0.05715867316948,0
2022-03-13,37849.6640625,-0.027101257933814904,0.05677876944978651,1
2022-03-14,39666.75390625,0.0480080837903738,0.041809002959998225,0
2022-03-15,39338.78515625,-0.008268101563720931,0.040772814750301756,1
2022-03-16,41143.9296875,0.04588714481344902,0.043204033670649185,0
2022-03-17,40951.37890625,-0.00467993171076464,0.0423569757294229,1
2022-03-18,41801.15625,0.020750884742987363,0.036484639638664974,1
2022-03-19,42190.65234375,0.009317830622209256,0.036498894492194324,0
2022-03-20,41247.82421875,-0.022346848712323064,0.036342083074880904,0
2022-03-21,41077.99609375,-0.004117262624553253,0.0362032281810495,1
2022-03-22,42358.80859375,0.031180014163224357,0.03671134189446213,1
2022-03-23,42892.95703125,0.012610091153007819,0.029478752632573515,1
2022-03-24,43960.93359375,0.024898646221148013,0.02383725342632256,1
2022-03-25,44348.73046875,0.008821397620525806,0.022786615152649584,1
2022-03-26,44500.828125,0.003429583093865096,0.02277252240953065,1
2022-03-27,46820.4921875,0.052126312256127294,0.022718385441123007,1
2022-03-28,47128.00390625,0.0065678873583499,0.020780217471896872,1
2022-03-29,47465.73046875,0.0071661546110000085,0.019982974533233146,0
2022-03-30,47062.6640625,-0.008491735032190584,0.01847020755506741,0
2022-03-31,45538.67578125,-0.03238210822970233,0.02139358072901723,1
2022-04-01,46281.64453125,0.016315115388267687,0.021219538977380267,0
2022-04-02,45868.94921875,-0.008917040798352427,0.021654998519385345,1
2022-04-03,46453.56640625,0.012745379989237415,0.02006884754363573,1
2022-04-04,46622.67578125,0.003640395949819908,0.019792601800169167,0
2022-04-05,45555.9921875,-0.02287907280900814,0.02045058704395537,0
2022-04-06,43206.73828125,-0.05156849392240015,0.025323491200521433,1
2022-04-07,43503.84765625,0.006876459247305178,0.02444823373318237,0
2022-04-08,42287.6640625,-0.02795577079433975,0.025333156540387765,1
2022-04-09,42782.13671875,0.011693070951357853,0.025591811168507218,0
2022-04-10,42207.671875,-0.013427680050824398,0.020271360195822485,0
2022-04-11,39521.90234375,-0.06363225953812457,0.024786684199513482,1
2022-04-12,40127.18359375,0.015315083892861292,0.025365399552070456,1
2022-04-13,41166.73046875,0.025906300465151855,0.02728497868855852,0
2022-04-14,39935.515625,-0.029908006531745968,0.027130592817672106,1
2022-04-15,40553.46484375,0.015473675726454417,0.027071099391523912,0
2022-04-16,40424.484375,-0.0031805042860567623,0.027116570844701853,0
2022-04-17,39716.953125,-0.017502542356175654,0.026479484166060472,1
2022-04-18,40826.21484375,0.027929174608607443,0.028235587628495713,1
2022-04-19,41502.75,0.016571096753378534,0.02871500029096412,0
2022-04-20,41374.37890625,-0.003093074404708074,0.025580789551720086,0
2022-04-21,40527.36328125,-0.020471984048854197,0.025829581743826192,0
2022-04-22,39740.3203125,-0.019420038833716236,0.02533530337251293,0
2022-04-23,39486.73046875,-0.0063811726165236005,0.02492443890985354,0
2022-04-24,39469.29296875,-0.0004416040475622163,0.024844853500512375,1
2022-04-25,40458.30859375,0.025057850055308917,0.01929044765061196,0
2022-04-26,38117.4609375,-0.057858267871623625,0.024555142929927644,1
2022-04-27,39241.12109375,0.029478882606909007,0.024899061179745424,1
2022-04-28,39773.828125,0.013575224570606004,0.023996814061769976,0
2022-04-29,38609.82421875,-0.02926557389929385,0.024742360261251158,0
2022-04-30,37714.875,-0.023179313474195662,0.02531102376720622,1
2022-05-01,38469.09375,0.019997911964443782,0.025824522252404617,1
2022-05-02,38529.328125,0.001565786170879102,0.02439888326575002,0
2022-05-03,37750.453125,-0.020215120218891713,0.02400848611918869,1
2022-05-04,39698.37109375,0.051599856624237495,0.02860995820041575,0
2022-05-05,36575.140625,-0.07867402068901796,0.034940004673227894,0
2022-05-06,36040.921875,-0.014606061408683924,0.03482897716238811,0
2022-05-07,35501.953125,-0.014954355270636377,0.03490425109350191,0
2022-05-08,34059.265625,-0.040636848764922684,0.035960956210053775,0
2022-05-09,30296.953125,-0.11046369999353145,0.04332349318616937,1
2022-05-10,31022.90625,0.02396125848050934,0.043276219590625574,0
2022-05-11,28936.35546875,-0.06725839173272163,0.04357330951738278,1
2022-05-12,29047.751953125,0.003849706798608521,0.04306087456844161,1
2022-05-13,29283.103515625,0.008102229834508146,0.04368314955433045,1
2022-05-14,30101.265625,0.027939733537411415,0.045377801225181855,1
2022-05-15,31305.11328125,0.03999325713567892,0.046854221733132424,0
2022-05-16,29862.91796875,-0.046069001557128786,0.047397986990322195,1
2022-05-17,30425.857421875,0.018850785235190015,0.04833230940403404,0
2022-05-18,28720.271484375,-0.05605711989808215,0.04554742059841934,1
2022-05-19,30314.333984375,0.05550304428240649,0.046773009456634825,0
2022-05-20,29200.740234375,-0.036734890846488066,0.04722953494547964,1
2022-05-21,29432.2265625,0.007927413013061102,0.04758317200517982,1
2022-05-22,30323.72265625,0.030289794482822652,0.048097994380896764,0
2022-05-23,29098.91015625,-0.04039123144227663,0.03937552453391984,1
2022-05-24,29655.5859375,0.019130468401079792,0.039149627453682716,0
2022-05-25,29562.361328125,-0.003143576713387941,0.03446007927127823,0
2022-05-26,29267.224609375,-0.009983529917456657,0.03460361230403119,0
2022-05-27,28627.57421875,-0.02185551924250806,0.03506035154285928,1
2022-05-28,28814.900390625,0.006543557286537771,0.03415443376305282,1
2022-05-29,29445.95703125,0.02190035821988534,0.032732684129822595,1
2022-05-30,31726.390625,0.07744470968730455,0.036866299082953635,1
2022-05-31,31792.310546875,0.0020777630413166825,0.03665203579812454,0
2022-06-01,29799.080078125,-0.06269536357891181,0.037518121825945626,1
2022-06-02,30467.48828125,0.02243049790035867,0.034929301725401284,0
2022-06-03,29704.390625,-0.02504629358369581,0.034089505939607634,1
2022-06-04,29832.9140625,0.004326748833952898,0.03405295302270738,1
2022-06-05,29906.662109375,0.00247203631266113,0.03304050998649134,1
2022-06-06,31370.671875,0.048952630028413324,0.033366469539964465,0
2022-06-07,31155.478515625,-0.006859698773187373,0.03329648075437273,0
2022-06-08,30214.35546875,-0.03020730515832104,0.034509192204875076,0
2022-06-09,30111.998046875,-0.003387708269364409,0.03437619646010744,0
2022-06-10,29083.8046875,-0.03414563715680452,0.035195328382628156,0
2022-06-11,28360.810546875,-0.024858994495164377,0.035857362765557135,0
2022-06-12,26762.6484375,-0.056351073137826724,0.03811750993729951,0
2022-06-13,22487.388671875,-0.15974726027617203,0.049210925977253704,0
2022-06-14,22206.79296875,-0.012477914053041661,0.04879062244277155,1
2022-06-15,22572.83984375,0.01648355417709846,0.04856292346038605,0
2022-06-16,20381.650390625,-0.09707194434960298,0.0512511132888349,1
2022-06-17,20471.482421875,0.004407495444594733,0.05193716784015808,0
2022-06-18,19017.642578125,-0.07101780974085614,0.052576477767499984,1
2022-06-19,20553.271484375,0.0807475952890373,0.05996875318797824,1
2022-06-20,20599.537109375,0.002251010260589048,0.056771404122029474,1
2022-06-21,20710.59765625,0.0053914098304885805,0.057215292440339405,0
2022-06-22,19987.029296875,-0.034937106663198714,0.057248740617113235,1
2022-06-23,21085.876953125,0.05497803800296652,0.0611316076296805,1
2022-06-24,21231.65625,0.006913598955313738,0.06155525460052131,1
2022-06-25,21502.337890625,0.012748964915301864,0.06216226824226683,0
2022-06-26,21027.294921875,-0.02209261947079333,0.0611900548608844,0
2022-06-27,20735.478515625,-0.013877981325425726,0.04495798875528145,0
2022-06-28,20280.634765625,-0.02193553187871977,0.045152458785253015,0
2022-06-29,20104.0234375,-0.008708372798288844,0.04470873623462249,0
2022-06-30,19784.7265625,-0.01588223750298734,0.036720539401801235,0
2022-07-01,19269.3671875,-0.02604834458398897,0.037242019077843004,0
2022-07-02,19242.255859375,-0.0014069651515379311,0.031810432842751965,1
2022-07-03,19297.076171875,0.002848954556089245,0.022207295999606438,1
2022-07-04,20231.26171875,0.04841073013105235,0.026299346242829768,0
2022-07-05,20190.115234375,-0.0020338071321012174,0.02623595662633203,1
2022-07-06,20548.24609375,0.017737930428710857,0.024810464644762883,1
2022-07-07,21637.587890625,0.053013857820514154,0.024492949495755156,1
2022-07-08,21731.1171875,0.004322538045727464,0.024463718099098645,0
2022-07-09,21592.20703125,-0.006392223420980114,0.024347493078384592,0
2022-07-10,20860.44921875,-0.03388990349346599,0.02537460021818468,0
2022-07-11,19970.556640625,-0.04265931997884009,0.027627425655693132,0
2022-07-12,19323.9140625,-0.03237979740682695,0.0283296368755152,1
2022-07-13,20212.07421875,0.04596171114078618,0.031123695941718564,1
2022-07-14,20569.919921875,0.017704551212910147,0.0310308206732235,1
2022-07-15,20836.328125,0.012951348577769028,0.029931541700451137,1
2022-07-16,21190.31640625,0.01698899533192111,0.029984467536886578,0
2022-07-17,20779.34375,-0.01939436147960416,0.030817764307446836,1
2022-07-18,22485.689453125,0.08211740099467768,0.035386001764339904,1
2022-07-19,23389.43359375,0.0401919693193753,0.03624078266399998,0
2022-07-20,23231.732421875,-0.006742410894342465,0.03648884817262349,0
2022-07-21,23164.62890625,-0.0028884421706671937,0.03434646863642191,0
2022-07-22,22714.978515625,-0.01941107679491816,0.0349846373134868,0
2022-07-23,22465.478515625,-0.010983941711781742,0.03510809387906089,1
2022-07-24,22609.1640625,0.006395837363315726,0.03342755959723418,0
2022-07-25,21361.701171875,-0.05517510011323534,0.034968761063450635,0
2022-07-26,21239.75390625,-0.005708686992848544,0.03344670592730231,1
2022-07-27,22930.548828125,0.0796052030234431,0.037412726290002904,1
2022-07-28,23843.88671875,0.0398306162434614,0.03823564551463603,0
2022-07-29,23804.6328125,-0.0016462880701044735,0.03838500999212183,0
2022-07-30,23656.20703125,-0.006235163651508224,0.038571686516519585,0
2022-07-31,23336.896484375,-0.013497960448739299,0.03827391315827945,0
2022-08-01,23314.19921875,-0.0009725914343493569,0.03198798269591769,0
2022-08-02,22978.1171875,-0.014415336683737068,0.030401166439666505,0
2022-08-03,22846.5078125,-0.0057275961266136655,0.03038723280092359,0
2022-08-04,22630.95703125,-0.009434736504108754,0.030472525501712134,1
2022-08-05,23289.314453125,0.029091011085651708,0.031000420556396402,0
2022-08-06,22961.279296875,-0.014085221654344782,0.031112931032144457,1
2022-08-07,23175.890625,0.009346662498644243,0.031154955407707904,1
2022-08-08,23809.486328125,0.02733856978257987,0.026989840437041463,0
2022-08-09,23164.318359375,-0.02709709734425869,0.028400459773403535,1
2022-08-10,23947.642578125,0.033815983988709775,0.021021686209767902,1
2022-08-11,23957.529296875,0.00041284726535173455,0.0182046862868799,1
2022-08-12,24402.818359375,0.018586602023192844,0.01881473397444415,1
2022-08-13,24424.068359375,0.0008708010561344626,0.01867260941364132,0
2022-08-14,24319.333984375,-0.004288162539464846,0.01822457932923638,0
2022-08-15,24136.97265625,-0.007498615226969818,0.01841926306719653,0
2022-08-16,23883.291015625,-0.010510085263709001,0.018169026602976906,0
2022-08-17,23335.998046875,-0.02291530796119967,0.01934089305588952,0
2022-08-18,23212.73828125,-0.005281958173694035,0.01918842671154404,0
2022-08-19,20877.552734375,-0.10059931398792521,0.03207428616897807,1
2022-08-20,21166.060546875,0.013819043648011897,0.03248319815914989,1
2022-08-21,21534.12109375,0.01738918520335342,0.03283113040828919,0
2022-08-22,21398.908203125,-0.006279006699941081,0.03150948953294553,1
2022-08-23,21528.087890625,0.006036741981122917,0.031135095185678467,0
2022-08-24,21395.01953125,-0.006181150878381003,0.02909256239687434,1
2022-08-25,21600.904296875,0.009623023027591993,0.0293903720910698,0
2022-08-26,20260.01953125,-0.06207539958496022,0.0318072327198819,0
2022-08-27,20041.73828125,-0.010773990107132536,0.03157629065270517,0
2022-08-28,19616.814453125,-0.021201944769558057,0.03151866726709912,1
2022-08-29,20297.994140625,0.03472427641744291,0.03417378056012607,0
2022-08-30,19796.80859375,-0.024691382971281484,0.03434457408454221,1
2022-08-31,20049.763671875,0.012777568511970205,0.03485243433656873,1
2022-09-01,20127.140625,0.0038592451457939436,0.035036676364794885,0
2022-09-02,19969.771484375,-0.007818752974256604,0.023295521120407805,0
2022-09-03,19832.087890625,-0.006894600364241943,0.02280362795422752,1
2022-09-04,19986.712890625,0.007796708085036963,0.022235830285167343,0
2022-09-05,19812.37109375,-0.008722884940063236,0.022255564148195385,0
2022-09-06,18837.66796875,-0.04919669232863699,0.024845225277671468,1
2022-09-07,19290.32421875,0.024029314602578067,0.02639126778542022,1
2022-09-08,19329.833984375,0.0020481649337233954,0.02609939754268919,1
2022-09-09,21381.15234375,0.10612188190716765,0.03594166478425523,1
2022-09-10,21680.5390625,0.014002365912589188,0.03574475002172876,1
2022-09-11,21769.255859375,0.004092001431295067,0.03488187874184913,1
2022-09-12,22370.44921875,0.027616624254801714,0.03451291478031514,0
2022-09-13,20296.70703125,-0.09270006906083372,0.04310847264305028,0
2022-09-14,20241.08984375,-0.0027402074343571003,0.04302728507951109,0
2022-09-15,19701.2109375,-0.026672422800232853,0.04366938728691522,1
2022-09-16,19772.583984375,0.003622774615297697,0.04363186431016465,1
2022-09-17,20127.576171875,0.017953757980268437,0.043827269023029546,0
2022-09-18,19419.505859375,-0.035179114785287124,0.044878424628067716,1
2022-09-19,19544.12890625,0.006417415961943007,0.04486362285540662,0
2022-09-20,18890.7890625,-0.033428956945789956,0.043717993491997675,0
2022-09-21,18547.400390625,-0.018177571658806957,0.04346859177903087,1
2022-09-22,19413.55078125,0.04669928789927913,0.04537903159162141,0
2022-09-23,19297.638671875,-0.005970680514919002,0.0338877395279135,0
2022-09-24,18937.01171875,-0.01868762076318642,0.0334716929674556,0
2022-09-25,18802.09765625,-0.007124358610731463,0.03326569724962486,1
2022-09-26,19222.671875,0.022368473265013344,0.032837417056897335,0
2022-09-27,19110.546875,-0.005832956039052206,0.02270518698398635,1
2022-09-28,19426.720703125,0.016544467837213528,0.023366359475464307,1
2022-09-29,19573.05078125,0.007532412719634118,0.022433935461180558,0
2022-09-30,19431.7890625,-0.0072171538473359,0.02247764052814423,0
2022-10-01,19312.095703125,-0.0061596674907298254,0.021827412804442014,0
2022-10-02,19044.107421875,-0.013876706359042923,0.02006248987249376,1
2022-10-03,19623.580078125,0.030427924155919772,0.02172212072092074,1
2022-10-04,20336.84375,0.036347275524413414,0.021338261364392486,0
2022-10-05,20160.716796875,-0.008660486125090072,0.020667278115381243,0
2022-10-06,19955.443359375,-0.01018185214187517,0.01742348391489797,0
2022-10-07,19546.849609375,-0.02047530303595302,0.018347538690309955,0
2022-10-08,19416.568359375,-0.006665076603316944,0.017618433813555153,1
2022-10-09,19446.42578125,0.0015377290838616275,0.017427043819616888,0
2022-10-10,19141.484375,-0.01568110303046133,0.01706154888261648,0
2022-10-11,19051.41796875,-0.00470529894576166,0.017035392451251217,1
2022-10-12,19157.4453125,0.005565325579645286,0.016453593072191876,1
2022-10-13,19382.904296875,0.011768739552548313,0.016657740373793268,0
2022-10-14,19185.65625,-0.010176392755898878,0.016766997219396524,0
2022-10-15,19067.634765625,-0.0061515479500473536,0.01676679700262136,1
2022-10-16,19268.09375,0.010513049302600663,0.01656728493983929,1
2022-10-17,19550.7578125,0.014670058500208416,0.014858554977328646,0
2022-10-18,19334.416015625,-0.011065647631146036,0.010724904148703304,0
2022-10-19,19139.53515625,-0.010079479991405349,0.010783456098419006,0
2022-10-20,19053.740234375,-0.004482602172654282,0.010624383714155921,1
2022-10-21,19172.46875,0.006231244583192241,0.009645121169658216,1
2022-10-22,19208.189453125,0.0018631248583989013,0.009551599753087213,1
2022-10-23,19567.0078125,0.018680488353712166,0.010871970281992605,0
2022-10-24,19345.572265625,-0.011316781236911488,0.01042583880805944,1
2022-10-25,20095.857421875,0.03878330120960949,0.014384014853415812,1
2022-10-26,20770.44140625,0.03356831063305088,0.016432402982902987,0
2022-10-27,20285.8359375,-0.0233314959115013,0.018066924538740075,1
2022-10-28,20595.3515625,0.015257721000682789,0.01787364947524348,1
2022-10-29,20818.4765625,0.01083375534148523,0.017616699882999225,0
2022-10-30,20635.603515625,-0.008784170461560437,0.018023523106058217,0
2022-10-31,20495.7734375,-0.006776156462742766,0.018055187238514167,0
2022-11-01,20485.2734375,-0.0005123007449325812,0.017613974210070393,0
2022-11-02,20159.50390625,-0.015902620594443806,0.018042707925280413,1
2022-11-03,20209.98828125,0.0025042468919260763,0.017890030595475892,1
2022-11-04,21147.23046875,0.0463751969796804,0.021135133934295513,1
2022-11-05,21282.69140625,0.006405611254872046,0.021081176880496526,0
2022-11-06,20926.486328125,-0.01673684363155281,0.02175776209877157,0
2022-11-07,20602.81640625,-0.015466997985227438,0.022024201982601316,0
2022-11-08,18541.271484375,-0.10006131594948431,0.03368451776688241,0
2022-11-09,15880.7802734375,-0.14349022466876316,0.0481477854860871,1
2022-11-10,17586.771484375,0.10742489862358795,0.05855650631563238,0
2022-11-11,17034.29296875,-0.03141443647663533,0.058428628122899194,0
2022-11-12,16799.185546875,-0.013802006476365758,0.058063437936885356,0
2022-11-13,16353.365234375,-0.026538209918333333,0.05814426368355565,1
2022-11-14,16618.19921875,0.016194463988263186,0.058711158605893134,1
2022-11-15,16884.61328125,0.016031463998783302,0.05915135355305618,0
2022-11-16,16669.439453125,-0.0127437818409466,0.05914148572199361,1
2022-11-17,16687.517578125,0.0010845070736082985,0.05911626776123467,1
2022-11-18,16697.77734375,0.0006148167681003791,0.056868052552895926,1
2022-11-19,16711.546875,0.0008246325823211276,0.056724491083800295,0
2022-11-20,16291.83203125,-0.025115259939095247,0.05678183644331116,0
2022-11-21,15787.2841796875,-0.030969374751391165,0.05691795047990745,1
2022-11-22,16189.76953125,0.025494274188105903,0.052599416506304106,1
2022-11-23,16610.70703125,0.02600021570334854,0.035970293190772495,0
2022-11-24,16604.46484375,-0.0003757930043709612,0.02012977206369011,0
2022-11-25,16521.841796875,-0.004975953615638518,0.01852714885233129,0
2022-11-26,16464.28125,-0.0034839061881034583,0.018225162492297466,0
2022-11-27,16444.626953125,-0.0011937537130568554,0.016720142389090507,0
2022-11-28,16217.322265625,-0.013822428939733733,0.016479442481794924,1
2022-11-29,16444.982421875,0.014038085481754337,0.016323103244381375,1
2022-11-30,17168.56640625,0.044000289316970864,0.020013465898783524,0
2022-12-01,16967.1328125,-0.011732697360023692,0.02036317116620243,1
2022-12-02,17088.66015625,0.007162515027905547,0.020419389442279178,0
2022-12-03,16908.236328125,-0.010558102652595158,0.02068805673212386,1
2022-12-04,17130.486328125,0.013144481522908036,0.0194586531677984,0
2022-12-05,16974.826171875,-0.00908673304822849,0.017201834109337937,1
2022-12-06,17089.50390625,0.006755753090715411,0.016212693877461694,0
2022-12-07,16848.126953125,-0.01412428087141393,0.01555589604747442,1
2022-12-08,17233.474609375,0.022871839541696026,0.016589834736763936,0
2022-12-09,17133.15234375,-0.005821360340788395,0.016621766588893142,0
2022-12-10,17128.724609375,-0.00025843080632004245,0.016551290861357818,0
2022-12-11,17104.193359375,-0.0014321702613265819,0.01655601029828562,1
2022-12-12,17206.4375,0.005977723618808328,0.01584450982436789,1
2022-12-13,17781.318359375,0.033410801008343594,0.017513493910188565,1
2022-12-14,17815.650390625,0.0019307922256450727,0.013619365060819816,0
2022-12-15,17364.865234375,-0.02530276169357326,0.015127367372101921,0
2022-12-16,16647.484375,-0.04131220425223303,0.01887871663313609,1
2022-12-17,16795.091796875,0.008866650272798315,0.018891444476842,0
2022-12-18,16757.9765625,-0.0022098857704312413,0.018491548971414605,0
2022-12-19,16439.6796875,-0.01899375344110854,0.018990766187990192,1
2022-12-20,16906.3046875,0.028384068842582266,0.020581220100415586,0
2022-12-21,16817.53515625,-0.005250676176186131,0.02026598840833089,1
2022-12-22,16830.341796875,0.0007615052090579333,0.01918431232973036,0
2022-12-23,16796.953125,-0.001983838015767403,0.019145469138098795,1
2022-12-24,16847.755859375,0.003024520816182319,0.01917854197821893,0
2022-12-25,16841.986328125,-0.000342451024228807,0.019178904752728685,1
2022-12-26,16919.8046875,0.004620497716771643,0.01914469410057353,0
2022-12-27,16717.173828125,-0.011975957353969946,0.016528314336346397,0
2022-12-28,16552.572265625,-0.009846255365429935,0.016488082258287337,1
2022-12-29,16642.341796875,0.0054232979508825885,0.015615566649638245,0
2022-12-30,16602.5859375,-0.002388838052975517,0.011051795337093906,0
2022-12-31,16547.49609375,-0.0033181483870876605,0.0107642905494918,1
2023-01-01,16625.080078125,0.0046885633896178724,0.01086242864593391,1
2023-01-02,16688.470703125,0.0038129515588565255,0.009502928092369432,0
2023-01-03,16679.857421875,-0.000516121662866742,0.005359176284232443,1
2023-01-04,16863.23828125,0.010994150293785143,0.0060679886652835035,0
2023-01-05,16836.736328125,-0.0015715814888571655,0.006083723662821806,1
2023-01-06,16951.96875,0.006844106816741524,0.0063106057631120965,1
2023-01-07,16955.078125,0.00018342264818071996,0.006274815432385324,1
2023-01-08,17091.14453125,0.008025112314249405,0.006582251608619725,1
2023-01-09,17196.5546875,0.006167530562816603,0.006658986784161582,1
2023-01-10,17446.29296875,0.014522576515372032,0.006392476834847857,1
2023-01-11,17934.896484375,0.02800615102017323,0.008244565659881367,1
2023-01-12,18869.587890625,0.052115795988246116,0.014871528059517613,1
2023-01-13,19909.57421875,0.05511441660269112,0.01885755356571914,1
2023-01-14,20976.298828125,0.05357847423830919,0.021025718572546797,0
2023-01-15,20880.798828125,-0.004552757413617381,0.021589056966588437,1
2023-01-16,21169.6328125,0.013832516023570829,0.021295812853432662,0
2023-01-17,21161.51953125,-0.00038325091993141047,0.021287271341343887,0
2023-01-18,20688.78125,-0.022339524368838015,0.0237718428474285,1
2023-01-19,21086.79296875,0.019238045679950355,0.02330413881051644,1
2023-01-20,22676.552734375,0.07539125404137925,0.027881256840698025,1
2023-01-21,22777.625,0.004457126566322689,0.02765415393702238,0
2023-01-22,22720.416015625,-0.002511630794474806,0.028191796682792883,1
2023-01-23,22934.431640625,0.009419529327844067,0.028074200174131803,0
2023-01-24,22636.46875,-0.012991945703908492,0.029499587525155493,1
2023-01-25,23117.859375,0.021266153759075257,0.029399109771333625,0
2023-01-26,23032.77734375,-0.003680359408276712,0.028279607801571002,1
2023-01-27,23078.728515625,0.0019950339114214177,0.025904265867048467,0
2023-01-28,23031.08984375,-0.0020641809553220147,0.022954492764669925,1
2023-01-29,23774.56640625,0.03228143207915801,0.023637403556843316,0
2023-01-30,22840.138671875,-0.03930367092328346,0.026935407802522023,1
2023-01-31,23139.283203125,0.013097316769725253,0.026939488763768484,1
2023-02-01,23723.76953125,0.025259482888651652,0.025974550879060365,0
2023-02-02,23471.87109375,-0.01061797692681965,0.026391723600297776,0
2023-02-03,23449.322265625,-0.0009606745041729203,0.017925239529966146,0
2023-02-04,23331.84765625,-0.005009723012217249,0.01802588309927925,0
2023-02-05,22955.666015625,-0.01612309690031044,0.018637098595299655,0
2023-02-06,22760.109375,-0.008518883333286542,0.018622780197257223,1
2023-02-07,23264.291015625,0.022151986720186922,0.01915356538545121,0
2023-02-08,22939.3984375,-0.013965290320121615,0.01875578978396029,0
2023-02-09,21819.0390625,-0.04883996317743455,0.02281033205182254,0
2023-02-10,21651.18359375,-0.007693073387383564,0.02277395412795778,1
2023-02-11,21870.875,0.010146854341645195,0.023098012450078514,0
2023-02-12,21788.203125,-0.003779998514005456,0.02069425227985781,1
2023-02-13,21808.1015625,0.0009132665684197239,0.018379142420438168,1
2023-02-14,22220.8046875,0.018924303145655852,0.018835417333985846,1
2023-02-15,24307.841796875,0.09392266116037784,0.031418469536131116,0
2023-02-16,23623.474609375,-0.028154173176657027,0.03230509291284095,1
2023-02-17,24565.6015625,0.03988096453648349,0.033924734047313054,1
2023-02-18,24641.27734375,0.0030805588480080637,0.033831041440627124,0
2023-02-19,24327.642578125,-0.012728023845912761,0.033684271890009554,1
2023-02-20,24829.1484375,0.020614650916729094,0.03370689624261859,0
2023-02-21,24436.353515625,-0.01581991113645098,0.03389924588299023,0
2023-02-22,24188.84375,-0.01012875204423358,0.03375774368190844,0
2023-02-23,23947.4921875,-0.00997780485063493,0.030490803698603148,0
2023-02-24,23198.126953125,-0.03129201289670536,0.03198632118957363,0
2023-02-25,23175.375,-0.0009807668166905703,0.0319975512997138,1
2023-02-26,23561.212890625,0.016648614774302573,0.032051496515331776,0
2023-02-27,23522.87109375,-0.0016273269569350157,0.03209007483296095,0
2023-02-28,23147.353515625,-0.01596393470118429,0.0323530090331489,1
2023-03-01,23646.55078125,0.02156606219747892,0.020319978318118832,0
2023-03-02,23475.466796875,-0.007235050302163204,0.01895441592228356,0
2023-03-03,22362.6796875,-0.047402129167592566,0.019081607338277125,0
2023-03-04,22353.349609375,-0.0004172164631153219,0.018968834818442196,1
2023-03-05,22435.513671875,0.0036756935285233716,0.01907863496328373,0
2023-03-06,22429.7578125,-0.00025655126328649747,0.017633741758327146,0
2023-03-07,22219.76953125,-0.00936203961743065,0.017471431306087793,0
2023-03-08,21718.080078125,-0.022578517406286358,0.01797310680444204,0
2023-03-09,20363.021484375,-0.06239311158608585,0.023219317824082458,0
2023-03-10,20187.244140625,-0.008632183779056501,0.022493853307756533,1
2023-03-11,20632.41015625,0.022051846825845045,0.023969768599913576,1
2023-03-12,22163.94921875,0.07422977009964415,0.03208868785956864,1
2023-03-13,24197.533203125,0.09175187888693825,0.041047596773793375,1
2023-03-14,24746.07421875,0.022669294883089997,0.040988530778147646,0
2023-03-15,24375.9609375,-0.014956444322371198,0.04105280758992021,1
2023-03-16,25052.7890625,0.027766213062754286,0.041449418511020825,1
2023-03-17,27423.9296875,0.0946457745317153,0.04477215967405394,0
2023-03-18,26965.87890625,-0.01670259464889101,0.04542668305177637,1
2023-03-19,28038.67578125,0.039783493752593824,0.0457931605777282,0
2023-03-20,27767.236328125,-0.00968089417783835,0.04613436586151315,1
2023-03-21,28175.81640625,0.014714466837708162,0.045548076352255336,0
2023-03-22,27307.4375,-0.030820008681536337,0.0461626452410688,1
2023-03-23,28333.97265625,0.03759177902540278,0.04020882541704135,0
2023-03-24,27493.28515625,-0.02967065403073854,0.04190382111928461,1
2023-03-25,27494.70703125,5.17171735541222e-05,0.042356149165334464,1
2023-03-26,27994.330078125,0.018171608313816145,0.039547188252635215,0
2023-03-27,27139.888671875,-0.03052194511765327,0.03515033618491925,1
2023-03-28,27268.130859375,0.004725228944394866,0.03493173715683947,1
2023-03-29,28348.44140625,0.0396180637553154,0.03527552680461921,0
2023-03-30,28033.5625,-0.0111074503792854,0.03541828057186014,1
2023-03-31,28478.484375,0.015871042968584437,0.02559768770030044,0
2023-04-01,28411.03515625,-0.0023684272611504964,0.025029280731132655,0
2023-04-02,28199.30859375,-0.00745226498561502,0.022934325713823756,0
2023-04-03,27790.220703125,-0.014507018470504951,0.02313695404726297,1
2023-04-04,28168.08984375,0.0135971982612757,0.0230853052862431,1
2023-04-05,28177.984375,0.000351267384649967,0.02129427247580994,0
2023-04-06,28044.140625,-0.004749940528704033,0.01877792832302847,0
2023-04-07,27925.859375,-0.004217681389550476,0.01688003377649951,1
2023-04-08,27947.794921875,0.0007854922772632111,0.016877175066501195,1
2023-04-09,28333.05078125,0.013784839213681899,0.01657790457770721,1
2023-04-10,29652.98046875,0.04658621825410658,0.01804831146908937,1
2023-04-11,30235.05859375,0.019629666758571807,0.018372615042327234,0
2023-04-12,30139.052734375,-0.003175315803583212,0.016040321748374723,1
2023-04-13,30399.06640625,0.00862713483952482,0.015418120459938366,1
2023-04-14,30485.69921875,0.002849851088919886,0.015161723910680195,0
2023-04-15,30318.49609375,-0.005484641300179338,0.015300169428748093,0
2023-04-16,30315.35546875,-0.00010358775680330279,0.01497153981842804,0
2023-04-17,29445.044921875,-0.028708571396173888,0.016786694462305046,1
2023-04-18,30397.552734375,0.032348662229154,0.018270680963214717,0
2023-04-19,28822.6796875,-0.0518092051895368,0.023881891295474487,0
2023-04-20,28245.98828125,-0.020008250880993006,0.0245467916915757,0
2023-04-21,27276.91015625,-0.034308522518338824,0.02627580098532014,1
2023-04-22,27817.5,0.01981858797984626,0.026880559108182614,0
2023-04-23,27591.384765625,-0.008128524647254443,0.02665338210071129,0
2023-04-24,27525.33984375,-0.002393679129772508,0.022780437073119046,1
2023-04-25,28307.59765625,0.02841955147295372,0.023618959310608423,1
2023-04-26,28422.701171875,0.004066170397882152,0.02372765491974609,1
2023-04-27,29473.787109375,0.036980508331842854,0.02598336198225645,0
2023-04-28,29340.26171875,-0.00453030993708059,0.025954648497059543,0
2023-04-29,29248.48828125,-0.0031279011203009244,0.025940862675230433,1
2023-04-30,29268.806640625,0.000694680667924441,0.025946817608515183,0
2023-05-01,28091.568359375,-0.04022160164248023,0.027012449600679944,1
2023-05-02,28680.537109375,0.020966033026897257,0.026019230928002162,1
2023-05-03,29006.30859375,0.01135862564681589,0.022264742588245186,0
2023-05-04,28847.7109375,-0.005467695268338013,0.021552969774945512,1
2023-05-05,29534.384765625,0.023803407820215394,0.019585952132837887,0
2023-05-06,28904.623046875,-0.021323001096775096,0.02040222053032392,0
2023-05-07,28454.978515625,-0.015556145829018653,0.020804667920086797,0
2023-05-08,27694.2734375,-0.026733637409259936,0.022206298763969425,0
2023-05-09,27658.775390625,-0.0012817829272578907,0.020719923874732572,0
2023-05-10,27621.755859375,-0.0013384371045779275,0.020659399044948717,0
2023-05-11,27000.7890625,-0.022481076150133283,0.018006125007506455,0
2023-05-12,26804.990234375,-0.007251596524522896,0.018002698372454898,0
2023-05-13,26784.078125,-0.0007801573211611013,0.01804523211368482,1
2023-05-14,26930.638671875,0.005471927993601522,0.018228152051256684,1
2023-05-15,27192.693359375,0.009730726801279843,0.015676964747910156,0
2023-05-16,27036.650390625,-0.005738415341494774,0.014195274443312126,1
2023-05-17,27398.802734375,0.013394867282656264,0.014375286479233494,0
2023-05-18,26832.208984375,-0.02067950762275983,0.015056136552075348,1
2023-05-19,26890.12890625,0.0021585968530852817,0.012808412340438575,1
2023-05-20,27129.5859375,0.008905016115201336,0.012682894751159031,0
2023-05-21,26753.826171875,-0.013850552916312875,0.012575655512300537,1
2023-05-22,26851.27734375,0.0036425134576618667,0.010922838174226335,1
2023-05-23,27225.7265625,0.013945303754316907,0.01174323955297689,0
2023-05-24,26334.818359375,-0.03272302765106416,0.014477364058170076,1
2023-05-25,26476.20703125,0.005368887301425707,0.013521429464797735,1
2023-05-26,26719.291015625,0.009181223884829448,0.013678748519144366,1
2023-05-27,26868.353515625,0.005578834405180588,0.01376121769520377,1
2023-05-28,28085.646484375,0.0453058267244435,0.018284505503391137,0
2023-05-29,27745.884765625,-0.0120973437068298,0.0186087619634962,0
2023-05-30,27702.349609375,-0.0015690671469931194,0.018515423688694074,0
2023-05-31,27219.658203125,-0.01742420455507676,0.018871940218907996,0
2023-06-01,26819.97265625,-0.014683709247646393,0.01843700260057966,1
2023-06-02,27249.58984375,0.01601855426947596,0.018920422930750865,0
2023-06-03,27075.12890625,-0.0064023326039167605,0.01887781507128712,1
2023-06-04,27119.06640625,0.001622799291266075,0.018451361394470067,0
2023-06-05,25760.09765625,-0.05011119223804861,0.022935385045605536,1
2023-06-06,27238.783203125,0.057402171630208665,0.02779028985499805,0
2023-06-07,26345.998046875,-0.03277624957004588,0.027795171270365345,1
2023-06-08,26508.216796875,0.0061572444403654725,0.027806837360536543,0
2023-06-09,26480.375,-0.0010503081775867784,0.027693736351438545,0
2023-06-10,25851.240234375,-0.02375852931180167,0.0283185735386587,1
2023-06-11,25940.16796875,0.0034399794195076883,0.024899338054289386,0
2023-06-12,25902.5,-0.001452109670044499,0.024840691151772384,1
2023-06-13,25918.728515625,0.0006265231396582749,0.024868304632925456,0
2023-06-14,25124.67578125,-0.030636253390914137,0.025637071227312916,1
2023-06-15,25576.39453125,0.017979087727655774,0.026207131613372445,1
2023-06-16,26327.462890625,0.029365685552642073,0.02717957336037539,1
2023-06-17,26510.67578125,0.006959002900740696,0.027251891509106275,0
2023-06-18,26336.212890625,-0.006580854145875503,0.027275653320112496,1
2023-06-19,26851.029296875,0.019547852547670663,0.023921429776861812,1
2023-06-20,28327.48828125,0.05498705349618893,0.023505818152992512,1
2023-06-21,30027.296875,0.06000562340273241,0.025610850950040055,0
2023-06-22,29912.28125,-0.0038303689299371557,0.025854621496064756,1
2023-06-23,30695.46875,0.02618280743799839,0.026066204900279916,0
2023-06-24,30548.6953125,-0.0047815994828226405,0.024575079355287556,0
2023-06-25,30480.26171875,-0.002240147837737516,0.024778163014393426,0
2023-06-26,30271.130859375,-0.006861189753050945,0.02504257582248685,1
2023-06-27,30688.1640625,0.013776598074988877,0.024850037069357407,0
2023-06-28,30086.24609375,-0.01961401038928634,0.023520017700080435,1
2023-06-29,30445.3515625,0.011935868224670187,0.023481118843975576,1
2023-06-30,30477.251953125,0.0010477918298796851,0.02315952272840968,1
2023-07-01,30590.078125,0.0037019798257575953,0.023216848372593454,1
2023-07-02,30620.76953125,0.0010033124506771962,0.022873076259918485,1
2023-07-03,31156.439453125,0.01749367929268808,0.02282097979615621,0
2023-07-04,30777.58203125,-0.012159843310882601,0.0196867578803733,0
2023-07-05,30514.166015625,-0.0085586975402272,0.012447464954482413,0
2023-07-06,29909.337890625,-0.019821224171432172,0.01362466942756237,1
2023-07-07,30342.265625,0.014474667943441766,0.012182095682633638,0
2023-07-08,30292.541015625,-0.0016387902600796256,0.01213108440465235,0
2023-07-09,30171.234375,-0.004004505286051452,0.012159316967902352,1
2023-07-10,30414.470703125,0.008061862007427312,0.012227688261683183,1
2023-07-11,30620.951171875,0.006788889103658935,0.011774182991380694,0
2023-07-12,30391.646484375,-0.007488490028050299,0.010616775301741748,1
2023-07-13,31476.048828125,0.03568093437476372,0.013919931918113984,0
2023-07-14,30334.068359375,-0.036280934592069825,0.017362710221068965,0
2023-07-15,30295.806640625,-0.001261344778969442,0.017327628092981426,0
2023-07-16,30249.1328125,-0.001540603578530031,0.01732341566555086,0
2023-07-17,30145.888671875,-0.0034131272874816654,0.016513589729197815,0
2023-07-18,29856.5625,-0.009597533349379406,0.016408887540234774,1
2023-07-19,29913.923828125,0.0019212301525000086,0.01632761208932865,0
2023-07-20,29792.015625,-0.0040752996439197275,0.015473194205715414,1
2023-07-21,29908.744140625,0.0039181140710413676,0.014953140685380837,0
2023-07-22,29771.802734375,-0.004578641136054662,0.014984567035735625,1
2023-07-23,30084.5390625,0.010504447141318263,0.015269748645401392,0
2023-07-24,29176.916015625,-0.03016908602087709,0.017016953562479162,1
2023-07-25,29227.390625,0.0017299501204297574,0.016849925595331203,1
2023-07-26,29354.97265625,0.004365152978824893,0.016914969688257533,0
2023-07-27,29210.689453125,-0.004915119656712763,0.012897883517381085,1
2023-07-28,29319.24609375,0.0037163327075591113,0.009467408695522367,1
2023-07-29,29356.91796875,0.001284885528077373,0.00951500084433097,0
2023-07-30,29275.30859375,-0.002779902682116475,0.00951412385336699,0
2023-07-31,29230.111328125,-0.0015438698273756435,0.00951029618813624,1
2023-08-01,29675.732421875,0.015245275282999904,0.010300353595492966,0
2023-08-02,29151.958984375,-0.01764989082843693,0.011247908905346257,1
2023-08-03,29178.6796875,0.0009166006009861949,0.011248739936199938,0
2023-08-04,29074.091796875,-0.0035843942133476636,0.011152893235229437,0
2023-08-05,29042.126953125,-0.0010994270766331304,0.01112882293852137,0
2023-08-06,29041.85546875,-9.347950838400898e-06,0.010582293797756416,1
2023-08-07,29180.578125,0.004776645775930843,0.00708961736218393,1
2023-08-08,29765.4921875,0.020044635853149417,0.008888477446554017,0
2023-08-09,29561.494140625,-0.006853508270246889,0.009098054289345717,0
2023-08-10,29429.591796875,-0.004461964714047806,0.009077940567784878,0
2023-08-11,29397.71484375,-0.001083159880198692,0.009040593744709264,1
2023-08-12,29415.96484375,0.0006207965516027425,0.009036367305053855,0
2023-08-13,29282.9140625,-0.004523080645381872,0.009092146412088204,1
2023-08-14,29408.443359375,0.004286776125049352,0.009146562146458133,0
2023-08-15,29170.34765625,-0.008096168172366025,0.008338430863158327,0
2023-08-16,28701.779296875,-0.016063173634291772,0.008105072542696393,0
2023-08-17,26664.55078125,-0.07097917151940503,0.02031786230717004,0
2023-08-18,26049.556640625,-0.02306411031148714,0.020785404641449012,1
2023-08-19,26096.205078125,0.0017907574452629138,0.020869198628374212,1
2023-08-20,26189.583984375,0.00357825614760654,0.02098862897450241,0
2023-08-21,26124.140625,-0.002498831574187843,0.020759570759995374,0
2023-08-22,26031.65625,-0.0035401882238949023,0.019239308107337837,1
2023-08-23,26431.640625,0.015365306423789304,0.020345613874706913,0
2023-08-24,26162.373046875,-0.01018731988472621,0.020331715702511483,0
2023-08-25,26047.66796875,-0.004384352975912553,0.020262215209554155,0
2023-08-26,26008.462890625,-0.0015051281432193475,0.020197217455697056,1
2023-08-27,26089.693359375,0.0031232321991347956,0.0204169280765133,1
2023-08-28,26106.150390625,0.0006307866874213364,0.020270369275788958,1
2023-08-29,27727.392578125,0.062101924766441385,0.027654793208584005,0
2023-08-30,27297.265625,-0.015512708305083889,0.027635573465805627,0
2023-08-31,25931.47265625,-0.0500340578984273,0.0240149692671733,0
2023-09-01,25800.724609375,-0.005042060225742162,0.023254039311093513,1
2023-09-02,25868.798828125,0.0026384615075991658,0.02326138806168931,1
2023-09-03,25969.56640625,0.0038953327054152,0.02326568842201425,0
2023-09-04,25812.416015625,-0.006051329012069284,0.023310216325883863,0
2023-09-05,25779.982421875,-0.0012565113521479931,0.023296099877873535,0
2023-09-06,25753.236328125,-0.0010374752516241204,0.022847995909326794,1
2023-09-07,26240.1953125,0.018908652030005024,0.023326634557419974,0
2023-09-08,25905.654296875,-0.012749181613965876,0.0235662288078395,0
2023-09-09,25895.677734375,-0.0003851113886439439,0.023563120687123087,0
2023-09-10,25832.2265625,-0.0024502611024840304,0.02355237334074975,0
2023-09-11,25162.654296875,-0.02592003689674205,0.024507961040651807,1
2023-09-12,25833.34375,0.026654161568650414,0.01840942108860121,1
2023-09-13,26228.32421875,0.01528956036711282,0.018875854046513846,1
2023-09-14,26539.673828125,0.011870739692642074,0.013380917042552995,1
2023-09-15,26608.693359375,0.0026006171627044328,0.013238065679607773,0
2023-09-16,26568.28125,-0.001518755875352329,0.013276128386379503,0
2023-09-17,26534.1875,-0.0012832501161511578,0.013291072263835583,1
2023-09-18,26754.28125,0.008294723552398242,0.01320694042441761,1
2023-09-19,27211.1171875,0.017075246134672373,0.013690369291403869,0
2023-09-20,27132.0078125,-0.00290724465500225,0.013751786405510964,0
2023-09-21,26567.6328125,-0.02080107760178318,0.01447636635817126,1
2023-09-22,26579.568359375,0.0004492514240630463,0.013932809553300434,0
2023-09-23,26579.390625,-6.686879658768241e-06,0.013928346673599747,0
2023-09-24,26256.826171875,-0.01213588594546644,0.01439657818170804,1
2023-09-25,26298.48046875,0.0015864178176880905,0.012094576046980166,0
2023-09-26,26217.25,-0.0030887894396227633,0.010112632007621502,1
2023-09-27,26352.716796875,0.005167086436411061,0.009353583740702305,1
2023-09-28,27021.546875,0.02537992888096885,0.011153894168130693,0
2023-09-29,26911.720703125,-0.004064392478456136,0.011238039817142623,1
2023-09-30,26967.916015625,0.0020881352448591795,0.011220454084144694,1
2023-10-01,27983.75,0.037668241913332734,0.014826946612676943,0
2023-10-02,27530.78515625,-0.016186709920936293,0.015688353928269137,0
2023-10-03,27429.978515625,-0.003661597010505724,0.01514108005381483,1
2023-10-04,27799.39453125,0.013467601347721292,0.015471710659394705,0
2023-10-05,27415.912109375,-0.01379463216164356,0.014780639784339888,1
2023-10-06,27946.59765625,0.01935684447622399,0.015442812587600335,1
2023-10-07,27968.83984375,0.0007958817661306572,0.015429485151763182,0
2023-10-08,27935.08984375,-0.001206700034343422,0.014828379072069901,0
2023-10-09,27583.677734375,-0.012579594744121514,0.01551269208345864,0
2023-10-10,27391.01953125,-0.006984500217130485,0.01567453964050942,0
2023-10-11,26873.3203125,-0.018900326735168282,0.01673178892718984,0
2023-10-12,26756.798828125,-0.0043359541366684295,0.015296366671924588,1
2023-10-13,26862.375,0.003945769916393171,0.015306440336602233,0
2023-10-14,26861.70703125,-2.4866332556272575e-05,0.015294430941328666,1
2023-10-15,27159.65234375,0.011091823470242623,0.011386128076476895,1
2023-10-16,28519.466796875,0.05006744695824206,0.01730097542230864,0
2023-10-17,28415.748046875,-0.0036367703063566736,0.017300278901192987,0
2023-10-18,28328.341796875,-0.0030759792019486865,0.017068854723794283,1
2023-10-19,28719.806640625,0.013818840741083749,0.016760690282275982,1
2023-10-20,29682.94921875,0.033535830870205396,0.018165212343229143,1
2023-10-21,29918.412109375,0.007932597562652743,0.018154459182882478,1
2023-10-22,29993.896484375,0.002523007395046406,0.018083999612718313,1
2023-10-23,33086.234375,0.10309890521346299,0.03107574132442437,1
2023-10-24,33901.52734375,0.02464145540134477,0.030617923625970277,1
2023-10-25,34502.8203125,0.017736456610143003,0.028947456900170296,0
2023-10-26,34156.6484375,-0.010033147199696724,0.02932889249722509,0
2023-10-27,33909.80078125,-0.007226928505637331,0.029886640950358867,1
2023-10-28,34089.57421875,0.005301518539129857,0.029684061651317546,1
2023-10-29,34538.48046875,0.013168432293093613,0.029654452918769156,0
2023-10-30,34502.36328125,-0.0010457086417764438,0.028486895362472356,1
2023-10-31,34667.78125,0.004794395311462418,0.028171538034361367,1
2023-11-01,35437.25390625,0.022195613001625203,0.02775458175499947,0
2023-11-02,34938.2421875,-0.014081557224217889,0.028935381935016304,0
2023-11-03,34732.32421875,-0.005893770145759425,0.02885539484168625,1
2023-11-04,35082.1953125,0.010073356782761111,0.02883984353836197,0
2023-11-05,35049.35546875,-0.0009360829177728069,0.02894011288727467,0
2023-11-06,35037.37109375,-0.0003419285416157436,0.01204221704419153,1
2023-11-07,35443.5625,0.011593090279608864,0.010773911709057364,1
2023-11-08,35655.27734375,0.005973294692089626,0.00998594645474495,1
2023-11-09,36693.125,0.029107827327892632,0.011589040228810847,1
2023-11-10,37313.96875,0.01691989303173269,0.01139387231076352,0
2023-11-11,37138.05078125,-0.0047145338500075296,0.01180992887054841,0
2023-11-12,37054.51953125,-0.002249209321512735,0.011829057615562603,0
2023-11-13,36502.35546875,-0.014901395821212304,0.012912750288986643,0
2023-11-14,35537.640625,-0.026428838121854925,0.015267162554164904,1
2023-11-15,37880.58203125,0.06592844558740318,0.022503017836098496,0
2023-11-16,36154.76953125,-0.04555929205565723,0.025876326284524173,1
2023-11-17,36596.68359375,0.012222842746045792,0.02586352989029462,0
2023-11-18,36585.703125,-0.000300039994658885,0.025826232238592966,1
2023-11-19,37386.546875,0.021889527372586093,0.02625461834751772,1
2023-11-20,37476.95703125,0.0024182537251242753,0.026222258688672898,0
2023-11-21,35813.8125,-0.04437779006078835,0.029253547174207844,1
2023-11-22,37432.33984375,0.045192824521265385,0.031540700537413764,0
2023-11-23,37289.62109375,-0.003812712499291715,0.030736879269115534,1
2023-11-24,37720.28125,0.011549062275727495,0.03056382606362869,1
2023-11-25,37796.79296875,0.0020283973558654633,0.03051647582926746,0
2023-11-26,37479.12109375,-0.008404730932136117,0.030621694080306953,0
2023-11-27,37254.16796875,-0.006002091789647501,0.030351890949281837,1
2023-11-28,37831.0859375,0.01548599794884531,0.029396736037988744,1
2023-11-29,37858.4921875,0.0007244373065387055,0.02356706804983613,0
2023-11-30,37712.74609375,-0.0038497596002547985,0.01964491327573146,1
2023-12-01,38688.75,0.025879947957747618,0.0204501449662124,1
2023-12-02,39476.33203125,0.020356874575942596,0.020844003256780378,1
2023-12-03,39978.390625,0.012717964611113297,0.020434396148100796,1
2023-12-04,41980.09765625,0.05006972516793251,0.023682838493718047,1
2023-12-05,44080.6484375,0.05003682455553493,0.020761226125407314,0
2023-12-06,43746.4453125,-0.007581629055975703,0.01964615489358605,0
2023-12-07,43292.6640625,-0.010372985662227885,0.020108960817830975,1
2023-12-08,44166.6015625,0.02018673414826888,0.02026224215400658,0
2023-12-09,43725.984375,-0.009976252913108663,0.020937557825851036,1
2023-12-10,43779.69921875,0.0012284421841561866,0.020414505417160618,0
2023-12-11,41243.83203125,-0.05792335792051162,0.027348115373106642,1
2023-12-12,41450.22265625,0.005004157345118276,0.027260180838615502,1
2023-12-13,42890.7421875,0.03475299863154757,0.02816974561082753,1
2023-12-14,43023.97265625,0.0031062756659134827,0.027980228786094918,0
2023-12-15,41929.7578125,-0.025432678020983368,0.029054871884431642,1
2023-12-16,42240.1171875,0.007401888090740938,0.028772705788870832,0
2023-12-17,41364.6640625,-0.02072563201266564,0.02948274194340516,1
2023-12-18,42623.5390625,0.030433584522719714,0.027460846709837748,0
2023-12-19,42270.52734375,-0.008282083715112631,0.023685482912682125,1
2023-12-20,43652.25,0.032687613405284255,0.02543141593480577,1
2023-12-21,43869.15234375,0.0049688697318006625,0.025273185283177433,1
2023-12-22,43997.90234375,0.002934864092908329,0.024692492287694528,0
2023-12-23,43739.54296875,-0.005872083923035065,0.024588923558238173,0
2023-12-24,43016.1171875,-0.01653939964043194,0.0249928621578831,1
2023-12-25,43613.140625,0.013879063861056418,0.019070597357389665,0
2023-12-26,42520.40234375,-0.025055253200995553,0.02059975775782441,1
2023-12-27,43442.85546875,0.021694364920222586,0.019255289255364044,0
2023-12-28,42627.85546875,-0.01876027694786908,0.019952994083255987,0
2023-12-29,42099.40234375,-0.012396896798793966,0.018979190146179842,1
2023-12-30,42156.90234375,0.0013658151137276864,0.01887752481893717,1
2023-12-31,42265.1875,0.002568622223877659,0.017909758587807034,1
2024-01-01,44167.33203125,0.0450049945064126,0.020009172787065037,1
2024-01-02,44957.96875,0.017900939051301412,0.02012418356046725,0
2024-01-03,42848.17578125,-0.04692812036242189,0.022664838731723508,1
2024-01-04,44179.921875,0.03108057856532498,0.024222483927718277,0
2024-01-05,44162.69140625,-0.0003900067727314882,0.024215997550620948,0
2024-01-06,43989.1953125,-0.003928567037593367,0.024181961776097095,0
2024-01-07,43943.09765625,-0.0010479313368322307,0.02368278213141669,1
2024-01-08,46970.50390625,0.06889378335779228,0.029655094965621975,0
2024-01-09,46139.73046875,-0.017687130611972357,0.029127706018178164,1
2024-01-10,46627.77734375,0.010577584004972662,0.02882395957952443,0
2024-01-11,46368.5859375,-0.005558733892443213,0.028179865142592533,0
2024-01-12,42853.16796875,-0.07581464687080208,0.035562188995798605,0
2024-01-13,42842.3828125,-0.0002516769882185965,0.03556654451374122,0
2024-01-14,41796.26953125,-0.0244177193838242,0.03624327966302582,1
2024-01-15,42511.96875,0.01712351907901466,0.03428219372211834,1
2024-01-16,43154.9453125,0.015124600939588229,0.03416495900981322,0
2024-01-17,42742.65234375,-0.009553782672285682,0.03179359056235954,0
2024-01-18,41262.05859375,-0.034639725632667706,0.03175044477053671,1
2024-01-19,41618.40625,0.00863620644230223,0.0319292302816488,1
2024-01-20,41665.5859375,0.0011336255217606617,0.03195574365151659,0
2024-01-21,41545.78515625,-0.0028752933279206916,0.031949165811990116,0
2024-01-22,39507.3671875,-0.049064374667218136,0.026466106218641042,1
2024-01-23,39845.55078125,0.008560013431039293,0.026953419049417993,1
2024-01-24,40077.07421875,0.005810521700930993,0.02670140575775407,0
2024-01-25,39933.80859375,-0.0035747525934159974,0.026734397353809582,1
2024-01-26,41816.87109375,0.04715459322091098,0.023555592722297267,1
2024-01-27,42120.0546875,0.007250269707417489,0.023670930981856166,0
2024-01-28,42035.59375,-0.002005242826170095,0.022699833642696905,1
2024-01-29,43288.24609375,0.029799801358818767,0.023640844830618696,0
2024-01-30,42952.609375,-0.007753530092744043,0.023420320137385212,0
2024-01-31,42582.60546875,-0.00861423582021903,0.02339241483416878,1
2024-02-01,43075.7734375,0.011581441842771323,0.021297323712880692,1
2024-02-02,43185.859375,0.0025556346111748063,0.021241805980517,0
2024-02-03,42992.25,-0.0044831659668692625,0.021329663388404297,0
2024-02-04,42583.58203125,-0.009505619472114146,0.021529740616658757,1
2024-02-05,42658.66796875,0.0017632602500394778,0.015777140319982372,1
2024-02-06,43084.671875,0.009986338686479135,0.01580224105145282,1
2024-02-07,44318.22265625,0.028630850081180936,0.01694860047710944,1
2024-02-08,45301.56640625,0.022188248784866804,0.01707033098823587,1
2024-02-09,47147.19921875,0.040741037427910465,0.01602706383489475,1
2024-02-10,47771.27734375,0.013236801662479536,0.016064539201970998,1
2024-02-11,48293.91796875,0.010940478338881565,0.015742294835592658,1
2024-02-12,49958.22265625,0.034461993507690414,0.016233279081664328,0
2024-02-13,49742.44140625,-0.004319233922406296,0.01596137340237811,1
2024-02-14,51826.6953125,0.041900916949929146,0.016949538425375048,1
2024-02-15,51938.5546875,0.0021583350882306007,0.017248667034064958,1
2024-02-16,52160.203125,0.004267512618200353,0.01717031858615836,0
2024-02-17,51662.99609375,-0.009532306269177337,0.017628801760240526,1
2024-02-18,52122.546875,0.008895163192163213,0.016439405882426757,0
2024-02-19,51779.14453125,-0.006588364620277343,0.017082565488783542,1
2024-02-20,52284.875,0.009767068832988945,0.017086696753827974,0
2024-02-21,51839.1796875,-0.008524364120598982,0.017528148772783424,0
2024-02-22,51304.97265625,-0.010305082651198116,0.018130606642200654,0
2024-02-23,50731.94921875,-0.011168964874795462,0.016380855217615887,1
2024-02-24,51571.1015625,0.016540904827679226,0.016526062132410282,1
2024-02-25,51733.23828125,0.003143945229742817,0.016463745458146464,1
2024-02-26,54522.40234375,0.053914352844811164,0.01964952969396654,1
2024-02-27,57085.37109375,0.04700762695380023,0.022120687995490204,1
2024-02-28,62504.7890625,0.09493531994124749,0.030816418221988034,0
2024-02-29,61198.3828125,-0.020900898468654838,0.03208214668728593,1
2024-03-01,62440.6328125,0.020298739001094468,0.032061537982782384,0
2024-03-02,62029.84765625,-0.006578811548619723,0.031908447516076764,1
2024-03-03,63167.37109375,0.01833832389535761,0.03190109062561094,1
2024-03-04,68330.4140625,0.08173591649219114,0.035935761978510256,0
2024-03-05,63801.19921875,-0.06628402455760396,0.04279122235477748,1
2024-03-06,66106.8046875,0.03613733749494208,0.04255433789323707,1
2024-03-07,66925.484375,0.012384196927533564,0.04180477858546746,1
2024-03-08,68300.09375,0.020539401213709896,0.040836005440004756,1
2024-03-09,68498.8828125,0.0029105240064184468,0.04114339120499966,1
2024-03-10,69019.7890625,0.007604594828588107,0.04100939546886474,1
2024-03-11,72123.90625,0.04497430707429584,0.04053392900478145,0
2024-03-12,71481.2890625,-0.008909905479502545,0.04052225243098639,1
2024-03-13,73083.5,0.022414410239567806,0.0338753185351697,0
2024-03-14,71396.59375,-0.0230819028918976,0.03404168861269563,0
2024-03-15,69403.7734375,-0.027911980219644583,0.03550184902200892,0
2024-03-16,65315.1171875,-0.05891115205258901,0.03968228255326258,1
2024-03-17,68390.625,0.04708722796395115,0.04117353186841631,0
2024-03-18,67548.59375,-0.0123120859035869,0.03518725860838631,0
2024-03-19,61912.7734375,-0.08343356981432348,0.0378602823710092,1
2024-03-20,67913.671875,0.09692504638897836,0.045265819201777996,0
2024-03-21,65491.390625,-0.03566706353999505,0.046299418175004194,0
2024-03-22,63778.76171875,-0.02615044343853401,0.04634461060986131,1
2024-03-23,64062.203125,0.004444134671348854,0.04636373021831512,1
2024-03-24,67234.171875,0.04951388799118828,0.04846089983957378,1
2024-03-25,69958.8125,0.04052464020923141,0.04815128724156951,1
2024-03-26,69987.8359375,0.00041486463910467286,0.04809948423767007,0
2024-03-27,69455.34375,-0.007608353371227561,0.04766956099317026,1
2024-03-28,70744.953125,0.018567460837021654,0.04759144384687987,0
2024-03-29,69892.828125,-0.01204502883045766,0.04705143305797925,0
2024-03-30,69645.3046875,-0.0035414711944022903,0.043795015391871035,1
2024-03-31,71333.6484375,0.02424203264779501,0.04253289682537609,0
2024-04-01,69702.1484375,-0.022871394296192005,0.04293325015584737,0
2024-04-02,65446.97265625,-0.061047985989492126,0.03976257978207006,1
2024-04-03,65980.8125,0.008156830210526378,0.02973756973102235,1
2024-04-04,68508.84375,0.038314642609167615,0.02980051997901556,0
2024-04-05,67837.640625,-0.009797320875087778,0.028848436950725857,1
2024-04-06,68896.109375,0.015602971156545964,0.02899150627019592,1
2024-04-07,69362.5546875,0.006770270726916605,0.026119831593443495,1
2024-04-08,71631.359375,0.03270935878474601,0.02531695050456095,0
2024-04-09,69139.015625,-0.03479403115822832,0.027166714175840278,1
2024-04-10,70587.8828125,0.0209558550176423,0.02766188125025208,0
2024-04-11,70060.609375,-0.007469744331340511,0.02730017795500594,0
2024-04-12,67195.8671875,-0.04088948430588779,0.029268641441077305,0
2024-04-13,63821.47265625,-0.05021729270691988,0.031944267830410336,1
2024-04-14,65738.7265625,0.03004089104268326,0.03239729181079827,0
2024-04-15,63426.2109375,-0.03517737178558533,0.03306996520147217,1
2024-04-16,63811.86328125,0.006080330797783695,0.02913910041090676,0
2024-04-17,61276.69140625,-0.03972884891052719,0.030698699486820184,1
2024-04-18,63512.75390625,0.03649124077498622,0.030504835037921944,1
2024-04-19,63843.5703125,0.005208661031110617,0.030585273187127955,1
2024-04-20,64994.44140625,0.018026421268684478,0.030710666445870522,0
2024-04-21,64926.64453125,-0.0010431180502996629,0.030576186040601024,1
2024-04-22,66837.6796875,0.029433758205850147,0.030282556839732914,0
2024-04-23,66407.2734375,-0.006439574982440521,0.02902303353691192,0
2024-04-24,64276.8984375,-0.03208044676017341,0.029189488114683443,1
2024-04-25,64481.70703125,0.0031863484195515657,0.029294511952353077,0
2024-04-26,63755.3203125,-0.011265004482557628,0.02756081663896678,0
2024-04-27,63419.140625,-0.005272966802647994,0.024085426748916408,0
2024-04-28,63113.23046875,-0.004823625063903991,0.022468337120009424,1
2024-04-29,63841.12109375,0.011533090916022948,0.020665937439985103,0
2024-04-30,60636.85546875,-0.050191249309274655,0.02462468582638145,0
2024-05-01,58254.01171875,-0.03929695449375714,0.024575833301437637,1
2024-05-02,59123.43359375,0.014924669552331737,0.02247421843063111,1
2024-05-03,62889.8359375,0.06370405294167747,0.02898530295246582,1
2024-05-04,63891.47265625,0.015926845790239064,0.02888629981030677,1
2024-05-05,64031.1328125,0.002185896653241981,0.028897407931067872,0
2024-05-06,63161.94921875,-0.013574390387488533,0.027720455250317525,0
2024-05-07,62334.81640625,-0.01309542885757653,0.027828337703800637,0
2024-05-08,61187.94140625,-0.018398626419713127,0.027000045729264694,1
2024-05-09,63049.9609375,0.03043115176709965,0.028437444719548465,0
2024-05-10,60792.77734375,-0.035799920573900024,0.029825588345423388,1
2024-05-11,60793.7109375,1.5356984674586016e-05,0.02982782899335758,1
2024-05-12,61448.39453125,0.010768936188532141,0.030029013340589363,1
2024-05-13,62901.44921875,0.023646747788683697,0.03060219503438314,0
2024-05-14,61552.7890625,-0.02144084393922019,0.027862137030134917,1
2024-05-15,66267.4921875,0.07659609250545496,0.03177340542251682,0
2024-05-16,65231.58203125,-0.01563225228621834,0.0324301227341437,1
2024-05-17,67051.875,0.02790508695432159,0.028876267786851605,0
2024-05-18,66940.8046875,-0.0016564833198177142,0.028744986211948213,0
2024-05-19,66278.3671875,-0.009895869986810912,0.028974730379456706,1
2024-05-20,71448.1953125,0.07800174241430358,0.03474452212739239,0
2024-05-21,70136.53125,-0.018358253231772315,0.03503377001536707,0
2024-05-22,69122.3359375,-0.01446030042296964,0.03481184119499668,0
2024-05-23,67929.5625,-0.017255976976508713,0.03491744128135463,1
2024-05-24,68526.1015625,0.008781729788116976,0.032791265280083706,1
2024-05-25,69265.9453125,0.010796524727518797,0.032688634755859626,0
2024-05-26,68518.09375,-0.010796814497022966,0.03314654831272273,1
2024-05-27,69394.5546875,0.012791671360530277,0.03288593543489495,0
2024-05-28,68296.21875,-0.015827408107827234,0.032537960006323544,0
2024-05-29,67578.09375,-0.01051485738366742,0.02608583916466741,1
2024-05-30,68364.9921875,0.011644282841286824,0.025707160467105,0
2024-05-31,67491.4140625,-0.012778150001159894,0.02504584561857594,1
2024-06-01,67706.9375,0.0031933460054698326,0.025043570041130548,1
2024-06-02,67751.6015625,0.0006596674454519835,0.024845351734418947,1
2024-06-03,68804.78125,0.015544720172089965,0.012813482590181365,1
2024-06-04,70567.765625,0.025622992224831664,0.01399336673959672,1
2024-06-05,71082.8203125,0.007298724608017615,0.013396130604297602,0
2024-06-06,70757.1640625,-0.004581363662391591,0.01237826230693045,0
2024-06-07,69342.5859375,-0.01999201273457618,0.013664289390725462,0
2024-06-08,69305.7734375,-0.0005308786729295578,0.013367452376653832,1
2024-06-09,69647.9921875,0.00493781012787653,0.013035995321414043,0
2024-06-10,69512.28125,-0.0019485261992140401,0.012620550659240753,0
2024-06-11,67332.03125,-0.03136496113771259,0.014656801607519762,1
2024-06-12,68241.1875,0.013502581655740586,0.014851023895957365,0
2024-06-13,66756.3984375,-0.021757960505889518,0.015637225492829303,0
2024-06-14,66011.09375,-0.011164543099157487,0.015554105709578858,1
2024-06-15,66191.0,0.0027253941690672523,0.015543812831539473,1
2024-06-16,66639.046875,0.006768999939568809,0.0156942417880724,0
2024-06-17,66490.296875,-0.0022321747830370553,0.014948251768117283,0
2024-06-18,65140.74609375,-0.02029695827328193,0.013286917568519485,0
2024-06-19,64960.296875,-0.0027701435671353414,0.01279753118136041,0
2024-06-20,64828.65625,-0.00202647819256907,0.01284261448677143,0
2024-06-21,64096.19921875,-0.011298352821403679,0.012321629795402262,1
2024-06-22,64252.578125,0.0024397531859308152,0.012439404106236021,0
2024-06-23,63180.796875,-0.01668075089399379,0.01240982203528,0
2024-06-24,60277.4140625,-0.04595356431233677,0.01609469955842206,1
2024-06-25,61804.640625,0.025336630415439876,0.017389129679416665,0
2024-06-26,60811.27734375,-0.016072632592061153,0.016622727707524564,1
2024-06-27,61604.80078125,0.013048951973404943,0.017016332579265096,0
2024-06-28,60320.13671875,-0.020853310881755127,0.01745219158426108,1
2024-06-29,60887.37890625,0.009403861104374522,0.017804870957137096,1
2024-06-30,62678.29296875,0.029413551620566913,0.0199355065308042,1
2024-07-01,62851.98046875,0.002771094932125795,0.020017816231806967,0
2024-07-02,62029.015625,-0.013093697885290578,0.019651059311108478,0
2024-07-03,60173.921875,-0.02990687070088416,0.02089286721373113,0
2024-07-04,56977.703125,-0.05311634426354228,0.024446511793552696,0
2024-07-05,56662.375,-0.005534237213954074,0.02445150097388047,1
2024-07-06,58303.5390625,0.02896391234041995,0.026319390268007732,0
2024-07-07,55849.109375,-0.042097439142912196,0.027898162090681702,1
2024-07-08,56705.09765625,0.015326802715911692,0.026316479175218933,1
2024-07-09,58009.2265625,0.02299844211812685,0.026122481643925312,0
2024-07-10,57742.49609375,-0.004598069730556098,0.025900254834230304,0
2024-07-11,57344.9140625,-0.006885432015347748,0.02547219868336934,1
2024-07-12,57899.46484375,0.009670444019596935,0.02529821596006732,1
2024-07-13,59231.953125,0.023013827240820017,0.02604625073704576,1
2024-07-14,60787.79296875,0.026266900915231206,0.025769700247702157,1
2024-07-15,64870.15234375,0.06715755212726138,0.03172056926329756,1
2024-07-16,65097.1484375,0.003499237870556282,0.03139229865135993,0
2024-07-17,64118.79296875,-0.01502916014346345,0.030395412336520846,0
2024-07-18,63974.06640625,-0.0022571629283560934,0.025575666718120862,1
2024-07-19,66710.15625,0.042768734230136385,0.026752285154273695,1
2024-07-20,67163.6484375,0.0067979482134701286,0.02632726387811619,1
2024-07-21,68154.5234375,0.014753144342986024,0.021544852367467875,0
2024-07-22,67585.25,-0.00835268752223095,0.022390749528519226,0
2024-07-23,65927.671875,-0.02452573786440093,0.024257385928511815,0
2024-07-24,65372.1328125,-0.008426492953570563,0.024448741776064674,1
2024-07-25,65777.2265625,0.00619673448871394,0.024034172252181008,1
2024-07-26,67912.0625,0.032455548053117234,0.024762577092323126,0
2024-07-27,67813.3359375,-0.0014537411892032726,0.02476889569386535,1
2024-07-28,68255.8671875,0.006525726007755361,0.024328959638783537,0
2024-07-29,66819.9140625,-0.021037797689324123,0.018779755927790114,0
2024-07-30,66201.015625,-0.009262185475442442,0.019024119715061308,0
2024-07-31,64619.25,-0.023893373992326827,0.01974565484705383,1
2024-08-01,65357.5,0.011424614182306447,0.019923948021136038,0
2024-08-02,61415.06640625,-0.06032105869640059,0.022470324715981354,0
2024-08-03,60680.09375,-0.011967302150066583,0.022228972650321404,0
2024-08-04,58116.9765625,-0.04223983565450573,0.023140417305468244,0
2024-08-05,53991.45703125,-0.07098647891315102,0.028099451342510247,1
2024-08-06,56034.31640625,0.03783671505322772,0.03132292737911212,0
2024-08-07,55027.4609375,-0.017968550940289485,0.03136448641016678,1
2024-08-08,61710.13671875,0.12144256099404904,0.047443192527611984,0
2024-08-09,60880.11328125,-0.013450358103773374,0.046338137142406366,1
2024-08-10,60945.8125,0.001079157301276501,0.046365598523094104,0
2024-08-11,58719.484375,-0.036529632368097475,0.046851244047095404,1
2024-08-12,59354.515625,0.010814659848586317,0.04703164085942493,1
2024-08-13,60609.56640625,0.021144992390795814,0.04763871524308045,0
2024-08-14,58737.26953125,-0.0308911115194338,0.047885354340542384,0
2024-08-15,57560.09765625,-0.020041310813293967,0.04775509940228539,1
2024-08-16,58894.10546875,0.023175912946963972,0.04589664932204811,1
2024-08-17,59478.97265625,0.00993082725079053,0.04590549925613443,0
2024-08-18,58483.96484375,-0.016728732324455264,0.044608214928862036,1
2024-08-19,59493.453125,0.01726094125025579,0.039549229893575386,0
2024-08-20,59012.79296875,-0.008079210921579816,0.03874895837971905,1
2024-08-21,61175.19140625,0.03664287570061453,0.039074796612391105,0
2024-08-22,60381.9140625,-0.012967304646127387,0.02184089279804261,1
2024-08-23,64094.35546875,0.061482671821355916,0.027173199143007372,1
2024-08-24,64178.9921875,0.0013205019089592707,0.027171265700876482,1
2024-08-25,64333.54296875,0.0024081210374646833,0.0245673556342881,0
2024-08-26,62880.66015625,-0.022583597070127692,0.02574299721173216,0
2024-08-27,59504.1328125,-0.05369739018896724,0.029502311221275886,0
2024-08-28,59027.625,-0.00800797843742207,0.028323979994510137,1
2024-08-29,59388.1796875,0.006108236397788236,0.027704823990666386,0
2024-08-30,59119.4765625,-0.004524521990973862,0.027104209507999855,0
2024-08-31,58969.8984375,-0.002530098940268344,0.026978956026900047,0
2024-09-01,57325.48828125,-0.027885585694078285,0.02765847821977937,1
2024-09-02,59112.48046875,0.031172733823612075,0.028601746222954944,0
2024-09-03,57431.0234375,-0.02844504270361159,0.02954225240279649,1
2024-09-04,57971.5390625,0.00941156177702851,0.027672433720948998,0
2024-09-05,56160.48828125,-0.031240343288065575,0.028570638353263435,0
2024-09-06,53948.75390625,-0.03938239218868078,0.022685537842083988,1
2024-09-07,54139.6875,0.003539165966313096,0.022793177267568448,1
2024-09-08,54841.56640625,0.012964221602682846,0.02346519852355529,1
2024-09-09,57019.53515625,0.039713831911113884,0.02678734161630511,1
2024-09-10,57648.7109375,0.011034389872275785,0.02341193202214645,0
2024-09-11,57343.171875,-0.005300015516934153,0.02336967065505879,1
2024-09-12,58127.01171875,0.013669279499548104,0.023652437596980984,1
2024-09-13,60571.30078125,0.04205082955798245,0.02628833938678039,0
2024-09-14,60005.12109375,-0.00934732588201681,0.026442493481725268,0
2024-09-15,59182.8359375,-0.013703582981947293,0.025481524923337343,0
2024-09-16,58192.5078125,-0.016733367188517922,0.0245461221774772,1
2024-09-17,60308.5390625,0.0363626062794542,0.025045699996438717,1
2024-09-18,61649.6796875,0.02223798894564699,0.025497731412294115,1
2024-09-19,62940.45703125,0.020937291974474137,0.02358085279035918,1
2024-09-20,63192.9765625,0.004012038411551844,0.019270507571420074,1
2024-09-21,63394.83984375,0.003194394254405042,0.019281723641230226,1
2024-09-22,63648.7109375,0.004004601863112578,0.01937807027557657,0
2024-09-23,63329.80078125,-0.005010473135318549,0.017885686550658524,1
2024-09-24,64301.96875,0.01535087678718594,0.01798503523497614,0
2024-09-25,63143.14453125,-0.018021597802944433,0.019000350441948154,1
2024-09-26,65181.01953125,0.032273891570151925,0.020115192260706384,1
2024-09-27,65790.6640625,0.00935309904070647,0.017655405498861878,1
2024-09-28,65887.6484375,0.0014741358273548943,0.017158636423111304,0
2024-09-29,65635.3046875,-0.003829909793174213,0.01643712665355829,0
2024-09-30,63329.5,-0.035130555094979754,0.019054280681642666,0
2024-10-01,60837.0078125,-0.039357521968434894,0.020532220729935644,0
2024-10-02,60632.78515625,-0.0033568819965540397,0.019596684905055988,1
2024-10-03,60759.40234375,0.0020882627636797935,0.018594909814006935,1
2024-10-04,62067.4765625,0.021528753876634443,0.019617418671366123,1
2024-10-05,62089.94921875,0.0003620681473552878,0.019584270702151255,1
2024-10-06,62818.953125,0.011741093613744757,0.019852925376706368,0
2024-10-07,62236.66015625,-0.009269383518558882,0.01995555430842786,0
2024-10-08,62131.96875,-0.001682150134457161,0.01938947714066068,0
2024-10-09,60582.1015625,-0.024944762232405493,0.019903490125252263,0
2024-10-10,60274.5,-0.005077433013489285,0.017159198368736812,1
2024-10-11,62445.08984375,0.036011743668549645,0.020145851528542646,1
2024-10-12,63193.0234375,0.011977460447594401,0.020538356473931377,0
2024-10-13,62851.375,-0.005406426515387475,0.02054886685178776,1
2024-10-14,66046.125,0.050830232433260125,0.022885362099051197,1
2024-10-15,67041.109375,0.015064992457922477,0.01945740873048383,1
2024-10-16,67612.71875,0.008526251733136592,0.019222357838687476,0
2024-10-17,67399.8359375,-0.0031485616380424464,0.019396042294943815,1
2024-10-18,68418.7890625,0.015118035686984221,0.019115767522890334,0
2024-10-19,68362.734375,-0.0008192879217548965,0.019150613090455144,1
2024-10-20,69001.703125,0.009346740674458287,0.019116309578792522,0
2024-10-21,67367.8515625,-0.023678423698328066,0.0203984246393682,0
2024-10-22,67361.40625,-9.567341618454961e-05,0.02035763498383605,0
2024-10-23,66432.1953125,-0.01379441121005398,0.019242306515701583,1
2024-10-24,68161.0546875,0.02602442034118191,0.019561352698476836,0
2024-10-25,66642.4140625,-0.022280180844656217,0.019572650190227463,1
2024-10-26,67014.6953125,0.00558625096700216,0.019467451224332823,1
2024-10-27,67929.296875,0.01364777618155344,0.019396810510413903,1
2024-10-28,69907.7578125,0.029125296867722028,0.01610318979241786,1
2024-10-29,72720.4921875,0.04023493905417541,0.018619505705746463,0
2024-10-30,72339.5390625,-0.005238593875544262,0.018837159679900503,0
2024-10-31,70215.1875,-0.029366396164960396,0.020900054516705478,0
2024-11-01,69482.46875,-0.010435331387529279,0.020888327792139692,0
2024-11-02,69289.2734375,-0.0027804900426771084,0.020910228228419033,0
2024-11-03,68741.1171875,-0.00791112711687536,0.02089942218680807,0
2024-11-04,67811.5078125,-0.013523338185854272,0.02018083313790132,1
2024-11-05,69359.5625,0.02282879023690776,0.021027377915792025,1
2024-11-06,75639.078125,0.09053568676993895,0.03100646204557008,1
2024-11-07,75904.859375,0.003513808689745934,0.030679333143352205,1
2024-11-08,76545.4765625,0.008439738809541852,0.02940862529236674,1
2024-11-09,76778.8671875,0.0030490452928257916,0.029447916064260574,1
2024-11-10,80474.1875,0.048129393514959595,0.031155332844451218,1
2024-11-11,88701.484375,0.10223522760015435,0.03921931105797361,0
2024-11-12,87955.8125,-0.008406532091926988,0.03923696874723931,1
2024-11-13,90584.1640625,0.029882636380625716,0.039009472758481205,0
2024-11-14,87250.4296875,-0.03680261786927608,0.03973141956963727,1
2024-11-15,91066.0078125,0.04373133907381366,0.03956051575998288,0
2024-11-16,90558.4765625,-0.005573223886622736,0.03969217597906261,0
2024-11-17,89845.8515625,-0.007869224693816235,0.03968991018159952,1
2024-11-18,90542.640625,0.007755383808848215,0.03870202969586138,1
2024-11-19,92343.7890625,0.019892819836786257,0.03870241741639143,1
2024-11-20,94339.4921875,0.02161166598491282,0.033215708768971126,1
2024-11-21,98504.7265625,0.044151545428309014,0.03377399953070871,1
2024-11-22,98997.6640625,0.005004201495724558,0.03387133396605102,0
2024-11-23,97777.28125,-0.012327389984975179,0.03467020183311137,1
2024-11-24,98013.8203125,0.002419161787646784,0.0337504604376949,0
2024-11-25,93102.296875,-0.05011051933125821,0.0272965682213813,0
2024-11-26,91985.3203125,-0.011997304040733403,0.027436710919927998,1
2024-11-27,95962.53125,0.04323745271515378,0.02862874636707057,0
2024-11-28,95652.46875,-0.0032310787967048116,0.02620574678602272,1
2024-11-29,97461.5234375,0.018912786163713058,0.024292660601493904,0
2024-11-30,96449.0546875,-0.010388394458550332,0.02448920925859779,1
2024-12-01,97279.7890625,0.008613193542348574,0.024228608389698,0
2024-12-02,95865.3046875,-0.01454037255458307,0.024827397164333683,1
2024-12-03,96002.1640625,0.0014276215513644441,0.02442684420124059,1
2024-12-04,98768.53125,0.02881567529768403,0.024918732451006585,0
2024-12-05,96593.5703125,-0.022020788503929523,0.022816291289930755,1
2024-12-06,99920.7109375,0.03444474217316973,0.024706185275349044,1
2024-12-07,99923.3359375,2.627082989481444e-05,0.024414506631563436,1
2024-12-08,101236.015625,0.013136868131795154,0.02460174578384654,0
2024-12-09,97432.71875,-0.03756861480096407,0.022688885881070306,0
2024-12-10,96675.4296875,-0.007772430783165474,0.022494303522284837,1
2024-12-11,101173.03125,0.04652269534294651,0.022949967885571444,0
2024-12-12,100043.0,-0.011169293200355757,0.023239323543294988,1
2024-12-13,101459.2578125,0.014156490833941326,0.02302986434016464,0
2024-12-14,101372.96875,-0.0008504799301751742,0.02273874274581966,1
2024-12-15,104298.6953125,0.02886101293644905,0.023692252438679357,1
2024-12-16,106029.71875,0.016596788984881483,0.023146975217925404,1
2024-12-17,106140.6015625,0.001045771070669721,0.023154868928807065,0
2024-12-18,100041.5390625,-0.057462106019896764,0.028003270243857094,0
2024-12-19,97490.953125,-0.025495268879325628,0.02824007005040311,1
2024-12-20,97755.9296875,0.002717960528709318,0.026576685804252,0
2024-12-21,97224.7265625,-0.005433973434635808,0.026596850264126663,0
2024-12-22,95104.9375,-0.021802983021374844,0.026744255033802084,0
2024-12-23,94686.2421875,-0.004402456102765462,0.024962887990939858,1
2024-12-24,98676.09375,0.04213760595334648,0.02747409177871491,1
2024-12-25,99299.1953125,0.0063146152104343045,0.024367053109892345,0
2024-12-26,95795.515625,-0.03528406928650052,0.02593858032507743,0
2024-12-27,94164.859375,-0.017022260795415023,0.025710180682825292,1
2024-12-28,95163.9296875,0.010609799867287384,0.02603307193277987,0
2024-12-29,93530.2265625,-0.017167251608511402,0.024393170053075036,0
2024-12-30,92643.2109375,-0.00948373223930199,0.023388614104185988,1
2024-12-31,93429.203125,0.008484077565384274,0.023724706928074275,1
2025-01-01,94419.7578125,0.010602195613021781,0.019603005747444446,1
2025-01-02,96886.875,0.026129247147606893,0.02008685576400898,1
2025-01-03,98107.4296875,0.012597729955682757,0.020370961949758,1
2025-01-04,98236.2265625,0.0013128146911018934,0.020300780198892896,1
2025-01-05,98314.9609375,0.0008014800420892421,0.019223974031088154,1
2025-01-06,102078.0859375,0.03827621924594227,0.021308439068942732,0
2025-01-07,96922.703125,-0.05050430525956884,0.023371732026352555,0
2025-01-08,95043.5234375,-0.019388436629511285,0.023757281880371465,0
2025-01-09,92484.0390625,-0.026929603222076492,0.022972132927517316,1
2025-01-10,94701.453125,0.023976181025154863,0.02355181240058947,0
2025-01-11,94566.59375,-0.001424047578467369,0.023379929855906163,0
2025-01-12,94488.4375,-0.0008264678561502592,0.02286972083441666,1
2025-01-13,94516.5234375,0.00029724205673309356,0.02267426841081214,1
2025-01-14,96534.046875,0.021345722040169157,0.02322537349351286,1
2025-01-15,100504.4921875,0.041129999632577796,0.025369540007854442,0
2025-01-16,99756.90625,-0.0074383335632930425,0.024774962310811242,1
2025-01-17,104462.0390625,0.04716598568833419,0.02745047989544822,0
2025-01-18,104408.0703125,-0.000516635042589142,0.027472920159859693,0
2025-01-19,101089.609375,-0.03178356737719257,0.02915828942528367,1
2025-01-20,102016.6640625,0.009170622908047932,0.027386113182577308,1
2025-01-21,106146.265625,0.040479676535688514,0.025101425429398045,0
2025-01-22,103653.0703125,-0.023488299826845638,0.02545197693606818,1
2025-01-23,103960.171875,0.002962783076025932,0.02361862390542688,1
2025-01-24,104819.484375,0.008265785680243276,0.023203825776338616,0
2025-01-25,104714.6484375,-0.0010001569662844156,0.02319152446327584,0
2025-01-26,102682.5,-0.019406534499448846,0.024216984440101754,0
2025-01-27,102087.6875,-0.005792734886665207,0.024385807189923857,0
2025-01-28,101332.4765625,-0.007397669160641884,0.02418477061941683,1
2025-01-29,103703.2109375,0.023395602825692086,0.022480048288825476,1
2025-01-30,104735.3046875,0.009952379879751394,0.022370483607093473,0
2025-01-31,102405.0234375,-0.022249243050878498,0.019508677841487344,0
2025-02-01,100655.90625,-0.017080384621634526,0.019958292340365117,0
2025-02-02,97688.9765625,-0.02947596219670423,0.01970511553001221,1
2025-02-03,101405.421875,0.03804365081173988,0.022329815593430707,0
2025-02-04,97871.8203125,-0.034846278405663456,0.020796462692913978,0
2025-02-05,96615.4453125,-0.012836943218062724,0.020279309399534116,0
2025-02-06,96593.296875,-0.00022924323774897726,0.0202028884688926,0
2025-02-07,96529.0859375,-0.0006647556256734743,0.019888757016858768,0
2025-02-08,96482.453125,-0.00048309597099249757,0.019898603257648848,1
2025-02-09,96500.09375,0.00018283765004545316,0.019542254593784884,1
2025-02-10,97437.5546875,0.009714611676219231,0.019884492257635385,0
2025-02-11,95747.4296875,-0.017345724709743937,0.020223168070634873,1
2025-02-12,97885.859375,0.02233406885677658,0.020114850098205034,0
2025-02-13,96623.8671875,-0.012892487184132717,0.019826824763243354,1
2025-02-14,97508.96875,0.009160278803397981,0.019568374206700143,1
2025-02-15,97580.3515625,0.0007320640697474623,0.019179777624361766,0
2025-02-16,96175.03125,-0.014401672980240199,0.017901824996759085,0
2025-02-17,95773.3828125,-0.004176223623530095,0.013943173037263657,0
2025-02-18,95539.546875,-0.0024415545387781457,0.010749392330416422,1
2025-02-19,96635.609375,0.011472343504350446,0.010769763399697391,1
2025-02-20,98333.9375,0.017574558032842136,0.011739373414421592,0
2025-02-21,96125.546875,-0.02245807176184722,0.013358915655002291,1
2025-02-22,96577.7578125,0.0047043783073406065,0.01342273564767094,0
2025-02-23,96273.921875,-0.0031460239332733453,0.013451643430579533,0
2025-02-24,91418.171875,-0.05043681513571874,0.018673951916711194,0
2025-02-25,88736.171875,-0.029337712021491935,0.019568062913076428,0
2025-02-26,84347.0234375,-0.04946290046952739,0.021132251750219027,1
2025-02-27,84704.2265625,0.004234922709094535,0.021467780060265108,0
2025-02-28,84373.0078125,-0.003910297790814532,0.020886980477317088,1
2025-03-01,86031.9140625,0.019661575342751147,0.02221112344250631,1
2025-03-02,94248.3515625,0.09550452979612856,0.03549830307593751,0
2025-03-03,86065.671875,-0.08682040111941614,0.04230832106243414,1
2025-03-04,87222.1953125,0.013437685575495406,0.04264496687503242,1
2025-03-05,90623.5625,0.03899657851208138,0.04410414051300104,0
2025-03-06,89961.7265625,-0.007303133084179958,0.04368124210138502,0
2025-03-07,86742.671875,-0.0357824911826653,0.04422207767483471,0
2025-03-08,86154.59375,-0.006779571257010009,0.044106528536027666,0
2025-03-09,80601.0390625,-0.0644603432710168,0.04664166418145982,0
2025-03-10,78532.0,-0.02567012890361897,0.04551149157956887,1
2025-03-11,82862.2109375,0.05513944554449135,0.048244925807606136,1
2025-03-12,83722.359375,0.010380466895202334,0.04650786086791491,0
2025-03-13,81066.703125,-0.0317197970748182,0.04727064069291245,1
2025-03-14,83969.1015625,0.03580259620308812,0.0483329265558006,1
2025-03-15,84343.109375,0.004454112352525463,0.04804504416678642,0
2025-03-16,82579.6875,-0.020907717157540473,0.03949304394166629,1
2025-03-17,84075.6875,0.018115835083536647,0.032930405053638805,0
2025-03-18,82718.5,-0.016142449028442418,0.032870368208640866,1
2025-03-19,86854.2265625,0.049997601050550955,0.034068342384924566,0
2025-03-20,84167.1953125,-0.030937253791171848,0.03490052327964674,0
2025-03-21,84043.2421875,-0.0014727011460912154,0.03369442245151788,0
2025-03-22,83832.484375,-0.0025077306278807887,0.03366449203871695,1
2025-03-23,86054.375,0.026503933905394295,0.02902005196749078,1
2025-03-24,87498.9140625,0.016786352378946434,0.027750740920636428,0
2025-03-25,87471.703125,-0.0003109860024155253,0.02425900559732237,0
2025-03-26,86900.8828125,-0.00652577110204744,0.024345414561098587,1
2025-03-27,87177.1015625,0.003178549412391707,0.022217408560038704,0
2025-03-28,84353.1484375,-0.032393289916566204,0.022520123450779753,0
2025-03-29,82597.5859375,-0.020812056603918605,0.023186574676121886,0
2025-03-30,82334.5234375,-0.0031848691098436133,0.022504227468941203,1
2025-03-31,82548.9140625,0.0026038970780313253,0.021919059188439286,1
2025-04-01,85169.171875,0.0317418810684309,0.023093569370880137,0
2025-04-02,82485.7109375,-0.031507420800550134,0.02025204260911086,1
2025-04-03,83102.828125,0.007481504135517403,0.018797213031280447,1
2025-04-04,83843.8046875,0.008916382019940938,0.018970512179675145,0
2025-04-05,83504.796875,-0.004043325726492686,0.018990542503929023,0
2025-04-06,78214.484375,-0.06335339642726368,0.02386289778909408,1
2025-04-07,79235.3359375,0.013051950296130821,0.0236016550673499,0
2025-04-08,76271.953125,-0.03739976334343409,0.024865339418451267,1
2025-04-09,82573.953125,0.0826253916648998,0.03501497759856599,0
2025-04-10,79626.140625,-0.0356990599146636,0.03600816721601408,1
2025-04-11,83404.8359375,0.04745546227457886,0.03776239359425841,1
2025-04-12,85287.109375,0.022567917271733462,0.03771644334623289,0
2025-04-13,83684.9765625,-0.01878516957885823,0.03813961387164606,1
2025-04-14,84542.390625,0.010245734631468162,0.038206127919236284,0
2025-04-15,83668.9921875,-0.01033089354397465,0.037364200023357996,1
2025-04-16,84033.8671875,0.004360934564412222,0.03629839078202739,1
2025-04-17,84895.75,0.01025637449930672,0.036338559062666115,0
2025-04-18,84450.8046875,-0.005241078764249063,0.03633227074744406,1
2025-04-19,85063.4140625,0.007254038339443714,0.036334176057281724,1
2025-04-20,85174.3046875,0.0013036230231544543,0.031135199603752352,1
2025-04-21,87518.90625,0.027527099529631727,0.031604620950708415,1
2025-04-22,93441.890625,0.06767662701452015,0.032563011888042954,1
2025-04-23,93699.109375,0.0027527134594511615,0.026193872786141152,1
2025-04-24,93943.796875,0.0026114175645013393,0.02291836748567039,1
2025-04-25,94720.5,0.008267742531563593,0.020540172766527597,0
2025-04-26,94646.9296875,-0.0007767095032226168,0.020328361519487092,0
2025-04-27,93754.84375,-0.00942540809771053,0.019530279262921092,1
2025-04-28,94978.75,0.013054325526514532,0.019565972344102442,0
2025-04-29,94284.7890625,-0.007306486319308303,0.01935740369591454,0
2025-04-30,94207.3125,-0.0008217291810309613,0.019496581025753617,1
2025-05-01,96492.3359375,0.02425526614507767,0.019954558209996618,1
2025-05-02,96910.0703125,0.0043291974532626565,0.019575980992657515,0
2025-05-03,95891.796875,-0.010507405827035687,0.02033206601848024,0
2025-05-04,94315.9765625,-0.016433317174712747,0.021360464865963758,1
2025-05-05,94748.0546875,0.0045811763897039,0.020572565877430372,1
2025-05-06,96802.4765625,0.02168299794413664,0.01170599931331446,1
2025-05-07,97032.3203125,0.0023743581586117557,0.011706032185629317,1
2025-05-08,103241.4609375,0.06399043746457878,0.020163951636412054,0
2025-05-09,102970.8515625,-0.002621130818400763,0.020318521247620566,1
2025-05-10,104696.328125,0.016756941758927724,0.020397640170256016,0
2025-05-11,104106.359375,-0.005635047193781384,0.02018082272374345,0
2025-05-12,102812.953125,-0.01242389281274392,0.02079944994300992,1
2025-05-13,104169.8125,0.013197358248725033,0.020520051426380543,0
2025-05-14,103539.4140625,-0.006051642240404331,0.02072658120504182,1
2025-05-15,103744.640625,0.00198211052629782,0.020143865348183528,0
2025-05-16,103489.2890625,-0.0024613470244020386,0.020252393921487397,0
2025-05-17,103191.0859375,-0.0028814878109744146,0.01990606001892607,1
2025-05-18,106446.0078125,0.03154266519659865,0.019981662130911737,0
2025-05-19,105606.1796875,-0.007889709931436006,0.02045932693233046,1
2025-05-20,106791.0859375,0.011220046530480143,0.02010790838434757,1
2025-05-21,109678.078125,0.027034018449719976,0.020721363792638604,1
2025-05-22,111673.28125,0.018191448638679386,0.013842545707290639,0
2025-05-23,107287.796875,-0.03927066820202352,0.01829044750523917,1
2025-05-24,107791.15625,0.004691674073487251,0.017876705545910775,1
2025-05-25,109035.390625,0.011543009819045436,0.01788473524413237,1
2025-05-26,109440.3671875,0.003714175371671846,0.01729257411322609,0
2025-05-27,108994.640625,-0.004072780217708405,0.01724891925612683,0
2025-05-28,107802.328125,-0.010939184653144474,0.017502054372789122,0
2025-05-29,105641.7578125,-0.020041963379443528,0.01856113527028827,0
2025-05-30,103998.5703125,-0.015554336978341854,0.01909582756020191,1
2025-05-31,104638.09375,0.006149348357177731,0.01912457801821718,1
2025-06-01,105652.1015625,0.009690618169351017,0.017254972736696763,1
2025-06-02,105881.53125,0.0021715582000447764,0.017127879146884538,0
2025-06-03,105432.46875,-0.004241178746647534,0.016867714447128423,0
2025-06-04,104731.984375,-0.0066439151364365845,0.014880136553405294,0
2025-06-05,101575.953125,-0.030134359325224014,0.015142373287174278,1
2025-06-06,104390.34375,0.027707252931573167,0.014610639769732328,1
2025-06-07,105615.625,0.011737496074678777,0.014970384561575002,1
2025-06-08,105793.6484375,0.0016855786016509722,0.014543001744483863,1
2025-06-09,110294.1015625,0.04253991795791734,0.01880516343605621,0
2025-06-10,110257.234375,-0.0003342625487465778,0.01875838376098785,0
2025-06-11,108686.625,-0.014244955298426398,0.018939958755265687,0
2025-06-12,105929.0546875,-0.025371753999169577,0.01943705359369168,1
2025-06-13,106090.96875,0.0015285141831733462,0.018889062525017836,0
2025-06-14,105472.40625,-0.0058304915798971235,0.018937848277370738,1
2025-06-15,105552.0234375,0.0007548627203146641,0.01876248893495584,1
2025-06-16,106796.7578125,0.011792615001237072,0.019018859270196763,0
2025-06-17,104601.1171875,-0.020559056941174436,0.019832963496636453,1
2025-06-18,104883.328125,0.0026979724986506692,0.019763169948071226,0
2025-06-19,104684.2890625,-0.0018977187896134229,0.01775936844491116,0
2025-06-20,103309.6015625,-0.013131746055793259,0.016579997270844308,0
2025-06-21,102257.40625,-0.010184874363913243,0.016357191691199872,0
2025-06-22,100987.140625,-0.012422235919953284,0.01653416801945519,1
2025-06-23,105577.7734375,0.04545759771084712,0.017161405496571937,1
2025-06-24,106045.6328125,0.004431419225533917,0.017264913793407513,1
2025-06-25,107361.2578125,0.012406215749838134,0.017356131244170705,0
2025-06-26,106960.0,-0.003737454466123835,0.015895794770364017,1
2025-06-27,107088.4296875,0.0012007263229245613,0.01589489252219765,1
2025-06-28,107327.703125,0.002234353778444831,0.015782470771406452,1
2025-06-29,108385.5703125,0.009856422495764683,0.01594226478376154,0
2025-06-30,107135.3359375,-0.011535062936840146,0.01605983699243518,0
2025-07-01,105698.28125,-0.013413452013053329,0.015446236141283279,1
2025-07-02,108859.3203125,0.02990624847553991,0.017296846791128865,1
2025-07-03,109647.9765625,0.007244728772290987,0.017278504132380718,0
2025-07-04,108034.3359375,-0.014716556343200904,0.017400265578638077,1
2025-07-05,108231.1796875,0.0018220480395592098,0.016973144564262178,1
2025-07-06,109232.0703125,0.009247710575546852,0.016316530678517877,0
2025-07-07,108299.8515625,-0.008534295352390808,0.012023600777754719,1
2025-07-08,108950.2734375,0.006005750382996888,0.01205654879452175,1
2025-07-09,111326.5546875,0.021810695604753683,0.012912601577258905,1
2025-07-10,115987.203125,0.041864660687494615,0.01644128904036605,1
2025-07-11,117516.9921875,0.013189291760499877,0.0164882651525852,0
2025-07-12,117435.2265625,-0.0006957770402219454,0.01656886515262853,1
2025-07-13,119116.1171875,0.014313342548076147,0.0166792100215944,1
2025-07-14,119849.703125,0.006158578325259345,0.015823823724911597,0
2025-07-15,117777.1875,-0.01729262210051885,0.016258585736464184,1
2025-07-16,118738.5078125,0.00816219450392297,0.014981026603486963,1
2025-07-17,119289.84375,0.004643278306736054,0.014984902664729198,0
2025-07-18,118003.2265625,-0.01078563897020779,0.014595790530293024,0
2025-07-19,117939.9765625,-0.0005360022928398989,0.01466639222600749,0
2025-07-20,117300.7890625,-0.00541960002562214,0.014957051002920586,1
2025-07-21,117439.5390625,0.0011828564931994912,0.01448850880214304,1
2025-07-22,119995.4140625,0.02176332622218302,0.015096651186153928,0
2025-07-23,118754.9609375,-0.010337504434577038,0.015119708682428753,0
2025-07-24,118368.0,-0.0032584822936673197,0.010781779299274393,0
2025-07-25,117635.8828125,-0.006185093838706357,0.01040361851271042,1
2025-07-26,117947.3671875,0.002647868724685587,0.010421756020865433,1
2025-07-27,119448.4921875,0.012727075099638885,0.010265857403943975,0
2025-07-28,117924.4765625,-0.012758768211219684,0.010665242684609211,0
2025-07-29,117922.1484375,-1.9742508661990676e-05,0.009593617812182188,0
2025-07-30,117831.1875,-0.0007713643170961237,0.009311244645315317,0
2025-07-31,115758.203125,-0.017592832754910526,0.010217414749215836,0
2025-08-01,113320.0859375,-0.021062154747402473,0.011210586808158134,0
2025-08-02,112526.9140625,-0.006999393518263508,0.011241890775229546,1
2025-08-03,114217.671875,0.015025363723748075,0.012228816551304011,1
2025-08-04,115071.8828125,0.007478798363486527,0.012461736605285805,0
2025-08-05,114141.4453125,-0.008085706753543476,0.010613664543258157,1
2025-08-06,115028.0,0.007767158415357134,0.010819247158541122,1
2025-08-07,117496.8984375,0.021463456180234486,0.012520529166703393,0
2025-08-08,116688.7265625,-0.0068782400705657,0.012546276307611324,0
2025-08-09,116500.359375,-0.0016142706587778388,0.012515581036974107,1
2025-08-10,119306.7578125,0.02408918266480664,0.013766685498565039,0
2025-08-11,118731.4453125,-0.004822128356753663,0.013358090605331201,1
2025-08-12,120172.90625,0.012140515376580119,0.013707582431237082,1
2025-08-13,123344.0625,0.026388279596092357,0.015210302643090123,0
2025-08-14,118359.578125,-0.040411222672351976,0.01849769523493503,0
2025-08-15,117398.3515625,-0.008121240187970669,0.017570219892618106,1
2025-08-16,117491.3515625,0.0007921746665282559,0.017362452297663776,0
2025-08-17,117453.0625,-0.00032588834829794244,0.017041973700767175,0
2025-08-18,116252.3125,-0.01022323279139703,0.0172700014524868,0
2025-08-19,112831.1796875,-0.029428514056440758,0.018978697129590962,1
2025-08-20,114274.7421875,0.012794003430595335,0.01919661491399221,0
2025-08-21,112419.03125,-0.01623902974513114,0.018542532773693558,1
2025-08-22,116874.0859375,0.03962900798880531,0.021691004957966768,0
2025-08-23,115374.328125,-0.012832252765613172,0.021973789026184132,0
2025-08-24,113458.4296875,-0.016605933647771742,0.02115145924023568,0
2025-08-25,110124.3515625,-0.029385900493979156,0.02226987440603453,1
2025-08-26,111802.65625,0.015240086898922645,0.02246929968351142,0
2025-08-27,111222.0625,-0.005193022862549412,0.02059239155801853,1
2025-08-28,112544.8046875,0.01189280397942638,0.01875980462793012,0
2025-08-29,108410.8359375,-0.036731759955323295,0.02076179492755138,1
2025-08-30,108808.0703125,0.003664157476186425,0.020842489660563554,0
2025-08-31,108236.7109375,-0.00525107534173741,0.020794173762360455,1
2025-09-01,109250.59375,0.009367272930950854,0.02111717976003687,1
2025-09-02,111200.5859375,0.017848801737061493,0.020548384462451868,1
2025-09-03,111723.2109375,0.004699840343410866,0.020246830559437472,0
2025-09-04,110723.6015625,-0.008947195185422974,0.019927597291005173,0
2025-09-05,110650.984375,-0.0006558419928113235,0.016181492022196018,0
2025-09-06,110224.6953125,-0.0038525555367432407,0.015971592032409568,1
2025-09-07,111167.6171875,0.008554542812086785,0.015753454690285655,1
2025-09-08,112071.4296875,0.008130177859939192,0.013668470399598016,0
2025-09-09,111530.546875,-0.004826232823193166,0.013140713982796185,1
2025-09-10,113955.359375,0.02174124101370767,0.014260534656869392,1
2025-09-11,115507.5390625,0.013620945043858246,0.014361451005389284,1
2025-09-12,116101.578125,0.005142859655061782,0.00907049629574401,0
2025-09-13,115950.5078125,-0.0013011908618274504,0.009220290980201058,0
2025-09-14,115407.65625,-0.004681752350561785,0.009174687116807459,1
2025-09-15,115444.875,0.0003224981011604733,0.009133917779788222,1
2025-09-16,116843.1875,0.012112382641498831,0.008575787998754952,0
2025-09-17,116468.5078125,-0.0032066883445814875,0.008754539909958104,1
2025-09-18,117137.203125,0.005741425944741474,0.008064132254317718,0
2025-09-19,115688.859375,-0.012364506846338497,0.009127848010439378,1
2025-09-20,115721.9609375,0.0002861257573012477,0.008946252320614847,0
2025-09-21,115306.09375,-0.003593675600818802,0.0090092380014481,0
2025-09-22,112748.5078125,-0.02218083931492132,0.011011105269249916,0
2025-09-23,112014.5,-0.00651013327573835,0.011082568791285535,1
2025-09-24,113328.6328125,0.011731809832655538,0.009852115664534164,0
2025-09-25,109049.2890625,-0.03776048156409062,0.013236771361488063,1
2025-09-26,109712.828125,0.0060847628462732395,0.013289208966235403,0
2025-09-27,109681.9453125,-0.0002814877077529365,0.013307633574619828,1
2025-09-28,112122.640625,0.02225248016477188,0.015019426642626989,1
2025-09-29,114400.3828125,0.02031473906432546,0.01615972158885293,0
2025-09-30,114056.0859375,-0.003009577997342028,0.015750115122770206,1
2025-10-01,118648.9296875,0.04026829179914837,0.019296917441524137,1
2025-10-02,120681.2578125,0.017128920845327356,0.019724776564743515,1
2025-10-03,122266.53125,0.013136036748664148,0.01944061128560787,1
2025-10-04,122425.4296875,0.001299606980548873,0.019427065498291398,1
2025-10-05,123513.4765625,0.008887425412982486,0.019327743108837853,1
2025-10-06,124752.53125,0.010031736794915869,0.017677535487759653,0
2025-10-07,121451.3828125,-0.026461574802715715,0.019586192622627535,1
2025-10-08,123354.8671875,0.01567280940669602,0.01970329701394575,0
2025-10-09,121705.5859375,-0.013370216251727518,0.01629576531077411,0
2025-10-10,113214.3671875,-0.06976852117831744,0.026435656725319213,0
2025-10-11,110807.8828125,-0.02125599811033263,0.027193687756130062,1
2025-10-12,115169.765625,0.03936437283871608,0.02856833271021656,1
2025-10-13,115271.078125,0.000879679657679322,0.02809401423300378,0
2025-10-14,113118.6640625,-0.01867262888064536,0.028570144209534395,0
2025-10-15,110783.1640625,-0.02064646024028005,0.026495427648102518,0
2025-10-16,108186.0390625,-0.023443318504017374,0.02615790680184062,0
2025-10-17,106467.7890625,-0.01588236351834038,0.02554339635377721,1
2025-10-18,107198.265625,0.006861009972426446,0.025766971281938313,1
2025-10-19,108666.7109375,0.013698405510000455,0.02605618600866843,1
2025-10-20,110588.9296875,0.01768912239467313,0.026557119073927084,0
2025-10-21,108476.890625,-0.019098105646452646,0.0262394618245596,0
2025-10-22,107688.5859375,-0.007267028792566799,0.02536861814250195,1
2025-10-23,110069.7265625,0.022111355667553845,0.02667490846901651,1
2025-10-24,111033.921875,0.008759859251149305,0.019786049390251182,1
2025-10-25,111641.7265625,0.005474045023684315,0.018975682964788413,1
2025-10-26,114472.4453125,0.025355383127430242,0.0170519279353283,0
2025-10-27,114119.328125,-0.0030847352525406047,0.017063768251449535,0
2025-10-28,112956.1640625,-0.01019252462848308,0.016513840581829184,0
2025-10-29,110055.3046875,-0.025681284408657135,0.01704490036417775,0
2025-10-30,108305.546875,-0.015898895718551742,0.016363792143188755,1
2025-10-31,109556.1640625,0.011547120379193476,0.015925929961343704,1
2025-11-01,110064.015625,0.004635536182247879,0.015886481740758684,1
2025-11-02,110639.625,0.005229768982454308,0.015564897192583317,0
2025-11-03,106547.5234375,-0.03698585893164408,0.017853921164748446,0
2025-11-04,101590.5234375,-0.046523840630681046,0.02103552638542295,1
2025-11-05,103891.8359375,0.02265282648549194,0.022215801219234745,0
2025-11-06,101301.2890625,-0.02493503798083263,0.02178863548319934,1
2025-11-07,103372.40625,0.020445121741957006,0.0225936555952005,0
2025-11-08,102282.1171875,-0.010547196317199026,0.022435458938133625,1
2025-11-09,104719.640625,0.02383137448193029,0.022274746221512216,1
2025-11-10,105996.59375,0.012194017448672767,0.022802287350006466,0
2025-11-11,102997.46875,-0.028294541304540788,0.023617059604390905,0
2025-11-12,101663.1875,-0.012954505253314763,0.02305222904753281,0
2025-11-13,99697.4921875,-0.01933536967351135,0.023190499723048142,0
2025-11-14,94397.7890625,-0.053157837862490065,0.02580122428330881,1
2025-11-15,95549.1484375,0.012196889211437911,0.026213041804923995,0
2025-11-16,94177.078125,-0.01435983820826503,0.025873860154144113,0
2025-11-17,92093.875,-0.02212006537551514,0.02502200440158251,1
2025-11-18,92948.875,0.009284005043766586,0.023141645393151958,0
2025-11-19,91465.9921875,-0.015953746750565823,0.021710557159008017,0
2025-11-20,86631.8984375,-0.05285126891851111,0.024416287685717093,0
2025-11-21,85090.6875,-0.017790340109098413,0.02272898561922762,0
2025-11-22,84648.359375,-0.0051983141515926645,0.022828287962250164,1
2025-11-23,86805.0078125,0.025477734635657168,0.023036896902726815,1
2025-11-24,88270.5625,0.01688329653360121,0.023462511043116294,0
2025-11-25,87341.890625,-0.010520742688141405,0.023032262474171263,1
2025-11-26,90518.3671875,0.03636830551491177,0.026322806022524826,1
2025-11-27,91285.375,0.008473504729832548,0.026445231546012,0
2025-11-28,90919.265625,-0.004010602738938163,0.022691884191451843,0
2025-11-29,90851.7578125,-0.0007425028351905061,0.022310288236758465,0
2025-11-30,90394.3125,-0.005035073877646679,0.02209483499341641,0
2025-12-01,86321.5703125,-0.045055292472078956,0.02437816096949975,1
2025-12-02,91350.203125,0.05825464938016567,0.0294649612051358,1
2025-12-03,93527.8046875,0.023837949867722363,0.029811626193000058,0
2025-12-04,92141.625,-0.014821043775501641,0.025905171006097526,0
2025-12-05,89387.7578125,-0.029887330373216225,0.02689664479774201,0
2025-12-06,89272.375,-0.0012908122468182626,0.026815580070102544,1
2025-12-07,90405.640625,0.012694471554050235,0.026244612750486677,1
2025-12-08,90640.203125,0.0025945560296725123,0.02594876392712693,1
2025-12-09,92691.7109375,0.022633530616329445,0.026209674325666118,0
2025-12-10,92020.9453125,-0.007236522211271801,0.024687234156469166,1
2025-12-11,92511.3359375,0.005329119618741718,0.02463274056015383,0
2025-12-12,90270.4140625,-0.024223213861206738,0.02553938899872899,1
2025-12-13,90298.7109375,0.00031346787642294593,0.025539256389936402,0
2025-12-14,88175.1796875,-0.023516739363752315,0.026278961984464402,0
2025-12-15,86419.78125,-0.019908078936967,0.023813315504463386,1
2025-12-16,87843.984375,0.01648005936140917,0.017875185307649904,0
2025-12-17,86143.7578125,-0.01935507109105894,0.016637748547332343,0
2025-12-18,85462.5078125,-0.007908292107279613,0.01644863641147392,1
2025-12-19,88103.3828125,0.03090097713717843,0.017434045356386055,1
2025-12-20,88344.0,0.002731077738661547,0.017460090847799058,1
2025-12-21,88621.75,0.0031439599746445612,0.01708299815864641,0
2025-12-22,88490.015625,-0.0014864790528285043,0.0170464446421798,0
2025-12-23,87414.0,-0.01215974047919599,0.01573044931319737,1
2025-12-24,87611.9609375,0.0022646365284737513,0.015787895783632714,0
2025-12-25,87234.7421875,-0.004305562231041726,0.015587531009288655,1
2025-12-26,87301.4296875,0.0007644603322913834,0.014495146767245793,1
2025-12-27,87802.15625,0.005735605525503784,0.014641717271957908,1
2025-12-28,87835.8359375,0.00038358610925337544,0.013255284953635524,0
2025-12-29,87138.140625,-0.007943173820266769,0.012232735297430694,1
2025-12-30,88430.1328125,0.014826942349620564,0.012075250505785251,0
2025-12-31,87508.828125,-0.01041844740246467,0.011142706942267605,1
2026-01-01,88731.984375,0.013977518339667538,0.011303556340872229,1
2026-01-02,89944.6953125,0.013667122921255048,0.008621520489011795,1
2026-01-03,90603.1875,0.007321078638514056,0.008757605594111487,1
2026-01-04,91413.4921875,0.008943445698309516,0.00895883830311969,1
2026-01-05,93882.5546875,0.027009825802690735,0.011039042829852347,0
2026-01-06,93729.03125,-0.0016352711961346023,0.010155628310800777,0
2026-01-07,91308.0546875,-0.025829527204251357,0.013096545345690724,0
2026-01-08,91027.125,-0.003076724046541912,0.013047586342562076,0
2026-01-09,90513.1015625,-0.005646925984974294,0.013247729700466965,0
2026-01-10,90386.6484375,-0.001397069847536736,0.013257721874182202,1
2026-01-11,90827.4609375,0.004876964768804504,0.01326590344171596,1
2026-01-12,91192.9921875,0.004024457429802286,0.012923986813915215,1
2026-01-13,95321.78125,0.04527528885126264,0.01694399583009576,1
2026-01-14,96929.328125,0.016864423365986925,0.016535542874113893,0
2026-01-15,95551.1875,-0.01421799419905967,0.017375764568053193,0
2026-01-16,95525.1171875,-0.00027284132392391136,0.017267204065100697,0
2026-01-17,95099.921875,-0.004451136256293897,0.017402515748302066,0
2026-01-18,93634.4296875,-0.01541002514624834,0.01803354987479287,0
2026-01-19,92553.59375,-0.011543146480490485,0.01679991878912413,0
2026-01-20,88310.90625,-0.04584033237499219,0.02066139672519801,1
2026-01-21,89376.9609375,0.012071608510981546,0.02006195147264926,1
2026-01-22,89462.453125,0.000956534957143873,0.020064034118630756,1
2026-01-23,89503.875,0.00046300848627667257,0.020022777200832776,0
2026-01-24,89110.734375,-0.00439244250598092,0.020047772982251442,0
2026-01-25,86572.21875,-0.028487203509257375,0.021263596997770258,1
2026-01-26,88267.140625,0.019578126787931138,0.02206206774021839,1
2026-01-27,89102.5703125,0.009464787027023913,0.017813668775928368,1
2026-01-28,89184.5703125,0.0009202877056453396,0.016813415260285132,0
2026-01-29,84561.5859375,-0.05183614563372574,0.020796776110817827,0
2026-01-30,84128.65625,-0.005119696877728619,0.02068963330576686,0
2026-01-31,78621.1171875,-0.06546567255435032,0.02555123699809182,0
2026-02-01,76974.4453125,-0.02094439679701987,0.02563093710120443,1
2026-02-02,78688.765625,0.022271291537603544,0.027372139228595216,0
2026-02-03,75633.546875,-0.03882661934945053,0.02674576199969476,0
2026-02-04,73019.703125,-0.03455931736640505,0.026599290770849486,0
2026-02-05,62702.09765625,-0.14129892381358544,0.04272820463913254,1
2026-02-06,70555.390625,0.1252476912623226,0.05840054184213508,0
2026-02-07,69281.96875,-0.018048541205989532,0.05831929906100462,1
2026-02-08,70264.7265625,0.014184900201757111,0.05874251865800429,0
2026-02-09,70120.78125,-0.00204861414171964,0.058095783806538605,0
2026-02-10,68793.9609375,-0.018921927121284043,0.05768071352142876,0
2026-02-11,66991.96875,-0.02619404614799148,0.05749681544847732,0
2026-02-12,66221.84375,-0.011495780977477277,0.056713018399043205,1
2026-02-13,68857.84375,0.039805596623848194,0.058603386986458325,1
2026-02-14,69767.625,0.013212456278809848,0.056890445453612715,0
2026-02-15,68788.1875,-0.014038567315427408,0.0567898327503567,1
2026-02-16,68843.15625,0.000799101589935125,0.05624093215903382,0
2026-02-17,67494.21875,-0.019594358734823403,0.05566229370060684,0
2026-02-18,66425.3203125,-0.015836888807606253,0.05516256606330773,1
2026-02-19,66957.5234375,0.008012052068341324,0.03887603540771751,1
2026-02-20,68005.421875,0.015650197075734784,0.018652761221569135,0
2026-02-21,68003.765625,-2.435467576455963e-05,0.018108535595211934,0
2026-02-22,67659.390625,-0.005064057803784272,0.017575265644779153,0
2026-02-23,64616.73828125,-0.04497014110892317,0.02090814409667769,0
2026-02-24,64080.04296875,-0.008305824880296298,0.020578460354150035,1
2026-02-25,67960.125,0.060550552894326426,0.026004633117708183,0
2026-02-26,67453.7734375,-0.007450715585058165,0.025873237735933655,0
2026-02-27,65881.796875,-0.023304501473983996,0.02414969865934476,1
2026-02-28,66995.859375,0.016910019957618205,0.024358584424481446,0
2026-03-01,65738.1015625,-0.018773664883674046,0.02456137120419894,1
2026-03-02,68775.8515625,0.04620988327616793,0.02787113287831743,0
2026-03-03,68293.6484375,-0.007011227255569463,0.02737925138483129,1
2026-03-04,72710.578125,0.06467555605177866,0.031651196212447906,0
2026-03-05,70841.125,-0.025710882421896564,0.03282448156503557,0
2026-03-06,68136.4921875,-0.03817885179689062,0.03452972268328224,0
2026-03-07,67272.59375,-0.01267893913767526,0.03471477946898619,0
2026-03-08,65969.78125,-0.01936617019467901,0.03507679541690411,1
2026-03-09,68402.3828125,0.03687448277691541,0.03403324933771864,1
2026-03-10,69926.921875,0.022287806357257578,0.03412271560051997,1
2026-03-11,70204.8828125,0.003975020350486469,0.0304145209492016,1
2026-03-12,70493.4609375,0.004110513591636167,0.030272961891984206,1
2026-03-13,70968.265625,0.006735442992662266,0.029269353234488617,1
2026-03-14,71214.625,0.0034714019404360474,0.029093926233842913,1
2026-03-15,72789.9140625,0.022120302711697182,0.028598204999539446,1
2026-03-16,74861.0859375,0.028454105238008953,0.027113186326168125,0
2026-03-17,73922.4765625,-0.01253801442025071,0.02736274010332404,0
2026-03-18,71245.578125,-0.0362122396594321,0.023775750478979247,0
2026-03-19,69912.7890625,-0.01870697238447039,0.023288796903880884,1
2026-03-20,70522.5859375,0.008722250723753211,0.020711917807355658,0
2026-03-21,68711.5234375,-0.025680602546325204,0.021719602791952185,0
2026-03-22,67845.2109375,-0.012607965253281006,0.021285377748972264,1
2026-03-23,70914.859375,0.04524488014825101,0.022421086604574283,0
2026-03-24,70517.859375,-0.005598262529164066,0.02178757318504732,1
2026-03-25,71309.8828125,0.011231529778693128,0.021954065430892532,0
2026-03-26,68791.625,-0.03531428903229905,0.02400402970480156,0
2026-03-27,66338.375,-0.035662044616623034,0.025515137246226918,0
2026-03-28,66319.6953125,-0.0002815819275042708,0.025444500702505878,0
2026-03-29,65954.921875,-0.005500227885263609,0.024241181567005606,1
2026-03-30,66691.4453125,0.011167073154841889,0.02270161808799006,1
2026-03-31,68233.3125,0.02311941479563351,0.024107753293277655,0
2026-04-01,68078.5546875,-0.002268068291422898,0.022422218250559574,0
2026-04-02,66888.5703125,-0.017479577533077273,0.02235842906152915,1
2026-04-03,66931.1015625,0.0006358522809097877,0.022137839512179725,1
2026-04-04,67290.515625,0.005369911059425414,0.021283604115797446,1
2026-04-05,68981.8984375,0.02513553056906015,0.02211286040727778,0
2026-04-06,68859.828125,-0.0017695992030517527,0.01816136187531601,1
2026-04-07,71940.703125,0.04474125312086663,0.02196675522304618,0
2026-04-08,71123.359375,-0.011361353371537541,0.022038618784945882,1
2026-04-09,71767.828125,0.009061281070850802,0.019621585877912517,1
2026-04-10,72979.046875,0.016876904061948084,0.0163704908433767,1
2026-04-11,73054.2734375,0.0010307967248304184,0.016329537318139714,0
2026-04-12,70753.40625,-0.031495312720733026,0.01910836409587619,1
2026-04-13,74484.640625,0.05273575609654846,0.02295064006696087,0
2026-04-14,74181.609375,-0.004068372317531099,0.022737338912988857,1
2026-04-15,74805.078125,0.008404626904874313,0.022609248555805192,1
2026-04-16,75152.1328125,0.004639453579876829,0.02151433786899015,1
2026-04-17,77126.875,0.02627659540184779,0.021875589338255178,0
2026-04-18,75726.2109375,-0.01816051878803593,0.023158011358753037,0
2026-04-19,73856.3515625,-0.024692366775663332,0.024244195389598083,1
2026-04-20,75872.5234375,0.027298557704868998,0.024842553451638442,1
2026-04-21,76352.7734375,0.0063296958930805225,0.02238075860192212,1
2026-04-22,78203.1015625,0.024233934691509473,0.022463054055811144,1
2026-04-23,78268.953125,0.0008420581944230676,0.022513335205284805,0
2026-04-24,77455.3125,-0.010395445352393673,0.02272035199894948,1
2026-04-25,77612.015625,0.0020231423764509593,0.022710247025396348,1
2026-04-26,78657.5390625,0.013471154293320797,0.020265484489737827,0
2026-04-27,77366.625,-0.01641182876919478,0.01655258640805217,0
2026-04-28,76350.671875,-0.013131671764148978,0.017014443086301866,0
2026-04-29,75776.1328125,-0.007525003361340765,0.017099649990079353,1
2026-04-30,76304.3203125,0.00697036758667724,0.017148492482943027,1
2026-05-01,78179.0,0.024568460603834108,0.016961588811137122,1
2026-05-02,78657.25,0.006117371672699878,0.01605776951384213,0
2026-05-03,78538.2265625,-0.00151319093281288,0.014073493123903658,1
2026-05-04,79827.90625,0.016421044171065935,0.012974878470407064,1
2026-05-05,80927.0546875,0.013768974900303155,0.01323985932473589,1
2026-05-06,81427.53125,0.006184292316489204,0.011960760170658589,0
2026-05-07,80009.9921875,-0.017408596831308243,0.013144897479906013,1
2026-05-08,80186.765625,0.0022093920105095144,0.012679630511985,1
2026-05-09,80664.3671875,0.0059561145630133705,0.012710516179013316,1
2026-05-10,82138.9296875,0.01828022150812214,0.013079720194718881,0
2026-05-11,81728.296875,-0.004999247178679611,0.012082538367118784,0
2026-05-12,80477.4921875,-0.015304426194186482,0.012330819821422256,0
2026-05-13,79277.1171875,-0.014915661104390687,0.012995006008909963,1
2026-05-14,81051.25,0.022378876470797504,0.013946568747676712,0
2026-05-15,79065.6796875,-0.024497713637975926,0.014639100422452173,0
2026-05-16,78131.4375,-0.0118160267665125,0.014929694923814874,0
2026-05-17,77429.3515625,-0.008985959556932488,0.01510604397801698,0
2026-05-18,76954.171875,-0.006136945201154598,0.014296713504741446,0
2026-05-19,76750.90625,-0.002641385386229267,0.013509486198719991,1
2026-05-20,77457.7734375,0.009209887179670861,0.013702465846162535,1
2026-05-21,77539.171875,0.0010508749979196708,0.013135108619285338,0
2026-05-22,75488.2421875,-0.02645023976792371,0.014558299826717148,1
2026-05-23,76673.3671875,0.015699464786268935,0.015295635472543869,1
2026-05-24,76981.125,0.004013881531345742,0.01416581806237625,1
2026-05-25,77279.9296875,0.0038815318365379436,0.014340859452859346,0
2026-05-26,75825.734375,-0.01881724424932052,0.014584523683007012,0
2026-05-27,74344.703125,-0.019532039646005694,0.01489564248328767,0
2026-05-28,73536.5546875,-0.010870289388891785,0.012786048506446816,0
2026-05-29,73372.5234375,-0.00223060831034394,0.011766104041787653,1
2026-05-30,73754.8359375,0.0052105676905831455,0.011915223667025828,0
2026-05-31,73579.6875,-0.002374738351372918,0.011834981210625733,0
2026-06-01,71319.7734375,-0.030713830668280595,0.013889388283784951,0
2026-06-02,66703.65625,-0.06472422674681189,0.02103756974566292,0
2026-06-03,64014.3671875,-0.04031696632071802,0.0217541253541578,0
2026-06-04,63801.57421875,-0.0033241439086123536,0.021562725739629255,0
2026-06-05,60922.66796875,-0.04512280904119048,0.02295082014685686,0
2026-06-06,60867.4140625,-0.0009069515189049637,0.021636734573914518,1
2026-06-07,63239.51953125,0.03897168140434348,0.025763864335070743,0
2026-06-08,63090.58984375,-0.0023550097882448773,0.025490188227696085,0
2026-06-09,61643.78125,-0.022932240724538477,0.025572619202414493,0
2026-06-10,61449.2890625,-0.0031550982687325035,0.025692759156024484,1
2026-06-11,63561.0546875,0.0343659895373587,0.028679597426258984,0
2026-06-12,63543.19921875,-0.000280918383714468,0.02872477825446391,1
2026-06-13,64421.32421875,0.013819338824553329,0.029160423673893664,1
2026-06-14,65710.3984375,0.020010054657876974,0.03016103570329795,1
2026-06-15,66289.5,0.00881293640382963,0.029679026357190736,0
2026-06-16,65600.640625,-0.010391681563445165,0.024305739199551386,0
2026-06-17,64418.4453125,-0.01802109402037566,0.02216126050522701,0
2026-06-18,62896.47265625,-0.0236263487711752,0.023088152551405217,1
2026-06-19,63540.8359375,0.010244823819797633,0.019345553256141117,1
2026-06-20,64239.67578125,0.01099827903487749,0.019413503776469405,0
2026-06-21,63237.5390625,-0.015599965388407244,0.017212487874467584,1
2026-06-22,63952.10546875,0.01129971875635083,0.017445831002623615,0
2026-06-23,62668.01953125,-0.02007886883610832,0.017157633368759584,0
2026-06-24,60995.1328125,-0.026694424544815853,0.018712236515002728,0
2026-06-25,59721.67578125,-0.02087801063020267,0.0165208881191839,1
2026-06-26,60016.4296875,0.004935459402204856,0.016676912831746844,0
2026-06-27,59940.09765625,-0.0012718522519159503,0.015910782156903322,0
2026-06-28,59532.33984375,-0.006802755224698642,0.014186625337478685,1
2026-06-29,60138.37890625,0.010179997360940662,0.014307538027001299,0
2026-06-30,58558.859375,-0.026264750729518727,0.015211341793013696,1
2026-07-01,60003.7578125,0.024674292718837698,0.017192174373210814,1
2026-07-02,61485.30078125,0.024690836420271145,0.01797984370031799,1
2026-07-03,62544.19921875,0.017221977026140145,0.018420797428392963,1
2026-07-04,63088.3046875,0.008699535297381988,0.018315849740079257,1
2026-07-05,63547.8828125,0.00728468021571449,0.0179429841267311,1
