date,fold,actual,proba_up,pred,always_up_pred
2016-01-11,1,0,0.5013035368281112,1,1
2016-01-12,1,0,0.49954331448964145,0,1
2016-01-13,1,0,0.5136535633260165,1,1
2016-01-14,1,0,0.5387188619193346,1,1
2016-01-15,1,1,0.4779592267673181,0,1
2016-01-16,1,1,0.48290641758995523,0,1
2016-01-17,1,1,0.4961434454369886,0,1
2016-01-18,1,1,0.5073845471543905,1,1
2016-01-19,1,1,0.5126576268655587,1,1
2016-01-20,1,1,0.4796316645949871,0,1
2016-01-21,1,1,0.4913025686727301,0,1
2016-01-22,1,1,0.48450461827966446,0,1
2016-01-23,1,1,0.4978485315951527,0,1
2016-01-24,1,1,0.4963183982834647,0,1
2016-01-25,1,1,0.49847261449209795,0,1
2016-01-26,1,1,0.5129910426560012,1,1
2016-01-27,1,1,0.5339046198921781,1,1
2016-01-28,1,1,0.4996721209576899,0,1
2016-01-29,1,1,0.5152500330095736,1,1
2016-01-30,1,1,0.5421139340907306,1,1
2016-01-31,1,1,0.5213950630086803,1,1
2016-02-01,1,1,0.5382686237112139,1,1
2016-02-02,1,1,0.5737991357390297,1,1
2016-02-03,1,1,0.5969425123602516,1,1
2016-02-04,1,1,0.49636569208141257,0,1
2016-02-05,1,1,0.5080848101907961,1,1
2016-02-06,1,1,0.5037279630629936,1,1
2016-02-07,1,1,0.5226646537064862,1,1
2016-02-08,1,1,0.5477316530181523,1,1
2016-02-09,1,1,0.5802975275421333,1,1
2016-02-10,1,1,0.588960295078788,1,1
2016-02-11,1,1,0.6240372115583083,1,1
2016-02-12,1,1,0.6359751306629439,1,1
2016-02-13,1,1,0.6184741581791268,1,1
2016-02-14,1,1,0.5055098704998979,1,1
2016-02-15,1,1,0.511798772048862,1,1
2016-02-16,1,1,0.5146695292532318,1,1
2016-02-17,1,0,0.5111569645145357,1,1
2016-02-18,1,0,0.5199966742599388,1,1
2016-02-19,1,0,0.5491342407273345,1,1
2016-02-20,1,0,0.49964879426578795,0,1
2016-02-21,1,0,0.5139455972555147,1,1
2016-02-22,1,0,0.5401417270390307,1,1
2016-02-23,1,0,0.49911053673603295,0,1
2016-02-24,1,0,0.5102564026222153,1,1
2016-02-25,1,0,0.5342561819016008,1,1
2016-02-26,1,0,0.5347307954538153,1,1
2016-02-27,1,0,0.5712562465636868,1,1
2016-02-28,1,0,0.6105710463987291,1,1
2016-02-29,1,0,0.6316050290243601,1,1
2016-03-01,1,0,0.6526156414117805,1,1
2016-03-02,1,0,0.610068013007359,1,1
2016-03-03,1,0,0.6397326778601383,1,1
2016-03-04,1,1,0.5958898854697435,1,1
2016-03-05,1,1,0.5561984603911038,1,1
2016-03-06,1,1,0.5552075931757676,1,1
2016-03-07,1,1,0.5602915220334894,1,1
2016-03-08,1,1,0.6010938117209543,1,1
2016-03-09,1,1,0.6348017819458335,1,1
2016-03-10,1,1,0.6539572486392231,1,1
2016-03-11,1,0,0.6592560447419165,1,1
2016-03-12,1,1,0.6285467328231444,1,1
2016-03-13,1,1,0.650117323361664,1,1
2016-03-14,1,1,0.6623696297975356,1,1
2016-03-15,1,1,0.6700807253125627,1,1
2016-03-16,1,1,0.673534025202257,1,1
2016-03-17,1,1,0.6727147552357226,1,1
2016-03-18,1,1,0.6349501562148939,1,1
2016-03-19,1,1,0.6564694129050377,1,1
2016-03-20,1,1,0.6640092856102163,1,1
2016-03-21,1,1,0.6708911209475401,1,1
2016-03-22,1,1,0.6690620007977376,1,1
2016-03-23,1,1,0.6731318356086229,1,1
2016-03-24,1,1,0.6745617869876341,1,1
2016-03-25,1,1,0.6753305001093097,1,1
2016-03-26,1,1,0.6756576083444011,1,1
2016-03-27,1,1,0.6564321249992686,1,1
2016-03-28,1,1,0.6662186627072401,1,1
2016-03-29,1,1,0.6568980026840149,1,1
2016-03-30,1,1,0.6671929477856656,1,1
2016-03-31,1,1,0.6714629257299953,1,1
2016-04-01,1,1,0.6738262662502607,1,1
2016-04-02,1,1,0.67368658213964,1,1
2016-04-03,1,1,0.6750915311829074,1,1
2016-04-04,1,1,0.6756105043383477,1,1
2016-04-05,1,1,0.6748483357540849,1,1
2016-04-06,1,1,0.6755650320267824,1,1
2016-04-07,1,1,0.6758567332933351,1,1
2016-04-08,1,1,0.6753895208140525,1,1
2016-04-09,1,1,0.6757466336380371,1,1
2016-04-10,1,1,0.6752175755764336,1,1
2016-04-11,1,1,0.6755720446372626,1,1
2016-04-12,1,1,0.6747373878028159,1,1
2016-04-13,1,1,0.6753381965129486,1,1
2016-04-14,1,1,0.6757158910848056,1,1
2016-04-15,1,1,0.6709357165691511,1,1
2016-04-16,1,1,0.6737750711711804,1,1
2016-04-17,1,1,0.6739088115945464,1,1
2016-04-18,1,1,0.6749311252185959,1,1
2016-04-19,1,1,0.6663370377789792,1,1
2016-04-20,1,1,0.6638602267775903,1,1
2016-04-21,1,0,0.6520981717739986,1,1
2016-04-22,1,0,0.6623988861090648,1,1
2016-04-23,1,0,0.6653581774993107,1,1
2016-04-24,1,0,0.6530401608079345,1,1
2016-04-25,1,0,0.6636108004485756,1,1
2016-04-26,1,0,0.6661424644197887,1,1
2016-04-27,1,1,0.5023282848458039,1,1
2016-04-28,1,1,0.5175202846553477,1,1
2016-04-29,1,1,0.5295993048320685,1,1
2016-04-30,1,1,0.5420745196726977,1,1
2016-05-01,1,1,0.5718004214593658,1,1
2016-05-02,1,1,0.5811559429348426,1,1
2016-05-03,1,1,0.5984947918913375,1,1
2016-05-04,1,1,0.6277715137038005,1,1
2016-05-05,1,1,0.6517116578693729,1,1
2016-05-06,1,1,0.5998096193232364,1,1
2016-05-07,1,1,0.6345703077872981,1,1
2016-05-08,1,1,0.6563344003118707,1,1
2016-05-09,1,1,0.6663718725693684,1,1
2016-05-10,1,1,0.6496979401390248,1,1
2016-05-11,1,1,0.6632609282524264,1,1
2016-05-12,1,1,0.6696435704194257,1,1
2016-05-13,1,1,0.6731910507503247,1,1
2016-05-14,1,1,0.6748797835001161,1,1
2016-05-15,1,1,0.6750731575977311,1,1
2016-05-16,1,1,0.6744946898233399,1,1
2016-05-17,1,1,0.6754424021747413,1,1
2016-05-18,1,1,0.675705744401186,1,1
2016-05-19,1,1,0.5754152341005497,1,1
2016-05-20,1,1,0.6056670755265863,1,1
2016-05-21,1,1,0.6386616307584552,1,1
2016-05-22,1,1,0.6540443446161507,1,1
2016-05-23,1,1,0.6592473367104243,1,1
2016-05-24,1,1,0.6678628235068712,1,1
2016-05-25,1,1,0.6700823970195792,1,1
2016-05-26,1,1,0.6710593209997042,1,1
2016-05-27,1,1,0.5066304122205233,1,1
2016-05-28,1,1,0.47820785988242503,0,1
2016-05-29,1,1,0.4922941533142044,0,1
2016-05-30,1,1,0.5023259098217006,1,1
2016-05-31,1,1,0.5202548819052853,1,1
2016-06-01,1,1,0.5391859194130512,1,1
2016-06-02,1,1,0.5764332190828139,1,1
2016-06-03,1,1,0.49568173545878,0,1
2016-06-04,1,1,0.5078370512056063,1,1
2016-06-05,1,1,0.5288419288029337,1,1
2016-06-06,1,1,0.5287534086657311,1,1
2016-06-07,1,1,0.5400759802973545,1,1
2016-06-08,1,1,0.5676127487945822,1,1
2016-06-09,1,1,0.5908788559492294,1,1
2016-06-10,1,1,0.6247284346639075,1,1
2016-06-11,1,1,0.496946449544436,0,1
2016-06-12,1,0,0.47884551238846884,0,1
2016-06-13,1,0,0.48768468775036605,0,1
2016-06-14,1,0,0.49500855479157857,0,1
2016-06-15,1,0,0.5052119909601765,1,1
2016-06-16,1,0,0.479808186823782,0,1
2016-06-17,1,0,0.49161844810622823,0,1
2016-06-18,1,0,0.5043783181146849,1,1
2016-06-19,1,0,0.5188674422275832,1,1
2016-06-20,1,0,0.499625820138533,0,1
2016-06-21,1,0,0.4796059129026383,0,1
2016-06-22,1,1,0.47802123438171645,0,1
2016-06-23,1,1,0.4873337023501954,0,1
2016-06-24,1,0,0.4861512999791654,0,1
2016-06-25,1,0,0.5017553436762567,1,1
2016-06-26,1,1,0.4925413448200848,0,1
2016-06-27,1,0,0.4952498309597083,0,1
2016-06-28,1,1,0.5050164054203389,1,1
2016-06-29,1,1,0.5189249307294291,1,1
2016-06-30,1,0,0.4963999887467587,0,1
2016-07-01,1,0,0.5088681077150567,1,1
2016-07-02,1,0,0.497663254139578,0,1
2016-07-03,1,0,0.491238123054688,0,1
2016-07-04,1,0,0.49518473375111527,0,1
2016-07-05,1,0,0.5015729987664623,1,1
2016-07-06,1,0,0.5139882562862319,1,1
2016-07-07,1,0,0.49469949379683115,0,1
2016-07-08,1,0,0.4962127046844543,0,1
2016-07-09,1,0,0.5000361112182314,1,1
2016-07-10,1,0,0.5157561144151183,1,1
2016-07-11,1,0,0.5431858036395755,1,1
2016-07-12,1,0,0.5166029567476337,1,1
2016-07-13,1,0,0.5268941927047472,1,1
2016-07-14,1,0,0.5566240004105938,1,1
2016-07-15,1,0,0.5879941054959665,1,1
2016-07-16,1,0,0.624565271294107,1,1
2016-07-17,1,0,0.5543484204193669,1,1
2016-07-18,1,0,0.5849639430708752,1,1
2016-07-19,1,0,0.6234583156815308,1,1
2016-07-20,1,0,0.6411183590866946,1,1
2016-07-21,1,0,0.6598490414376162,1,1
2016-07-22,1,0,0.6395451564921257,1,1
2016-07-23,1,0,0.6549020657209635,1,1
2016-07-24,1,0,0.662477460204079,1,1
2016-07-25,1,0,0.6657370234745622,1,1
2016-07-26,1,0,0.6713846163515433,1,1
2016-07-27,1,0,0.6735753839606037,1,1
2016-07-28,1,0,0.6749900533242901,1,1
2016-07-29,1,0,0.675354291253305,1,1
2016-07-30,1,0,0.6756558840086339,1,1
2016-07-31,1,0,0.5040559281035276,1,1
2016-08-01,1,0,0.4995978035205074,0,1
2016-08-02,1,1,0.47918560094730983,0,1
2016-08-03,1,1,0.49048236802114303,0,1
2016-08-04,1,1,0.4985763132984605,0,1
2016-08-05,1,1,0.513513965839704,1,1
2016-08-06,1,1,0.5098754047738188,1,1
2016-08-07,1,1,0.5276133340415321,1,1
2016-08-08,1,1,0.5610449882337466,1,1
2016-08-09,1,1,0.5985413921658287,1,1
2016-08-10,1,1,0.6270786315687297,1,1
2016-08-11,1,1,0.6505525852479684,1,1
2016-08-12,1,1,0.6643746132335555,1,1
2016-08-13,1,1,0.6707772794129457,1,1
2016-08-14,1,1,0.6345162458616855,1,1
2016-08-15,1,1,0.6548723282189687,1,1
2016-08-16,1,1,0.6442889898934842,1,1
2016-08-17,1,1,0.6588070468852882,1,1
2016-08-18,1,1,0.6683028993370262,1,1
2016-08-19,1,1,0.6725508638344502,1,1
2016-08-20,1,1,0.6709309101044886,1,1
2016-08-21,1,1,0.6739373362567516,1,1
2016-08-22,1,1,0.6725133355843864,1,1
2016-08-23,1,1,0.6738919437693186,1,1
2016-08-24,1,1,0.6745512219547882,1,1
2016-08-25,1,1,0.67514154393853,1,1
2016-08-26,1,1,0.6753747383559151,1,1
2016-08-27,1,1,0.6672776264555615,1,1
2016-08-28,1,1,0.6705412592450133,1,1
2016-08-29,1,1,0.6737485056400933,1,1
2016-08-30,1,1,0.6740557440267104,1,1
2016-08-31,1,1,0.6750319628434519,1,1
2016-09-01,1,1,0.6750646157873018,1,1
2016-09-02,1,1,0.6747595839837028,1,1
2016-09-03,1,1,0.5308634414383631,1,1
2016-09-04,1,1,0.534309398734983,1,1
2016-09-05,1,1,0.5703239503353631,1,1
2016-09-06,1,1,0.6047884219210761,1,1
2016-09-07,1,1,0.6327451489602863,1,1
2016-09-08,1,0,0.6182312131775889,1,1
2016-09-09,1,0,0.644774869512767,1,1
2016-09-10,1,0,0.6615920382815028,1,1
2016-09-11,1,1,0.6136759444534694,1,1
2016-09-12,1,1,0.6436688206035992,1,1
2016-09-13,1,1,0.6609220344392905,1,1
2016-09-14,1,1,0.6691768904393977,1,1
2016-09-15,1,1,0.6723233072337593,1,1
2016-09-16,1,1,0.6745244146973642,1,1
2016-09-17,1,1,0.6754180091452147,1,1
2016-09-18,1,1,0.6746613460259832,1,1
2016-09-19,1,1,0.6755010892396494,1,1
2016-09-20,1,1,0.6758334043546248,1,1
2016-09-21,1,1,0.6651258755361047,1,1
2016-09-22,1,1,0.6714578724466908,1,1
2016-09-23,1,1,0.6699521414929168,1,1
2016-09-24,1,1,0.6735192838029879,1,1
2016-09-25,1,1,0.6748731133457764,1,1
2016-09-26,1,1,0.671112689318529,1,1
2016-09-27,1,1,0.6738388502049009,1,1
2016-09-28,1,1,0.6750780532088246,1,1
2016-09-29,1,1,0.6755778456994506,1,1
2016-09-30,1,1,0.6746439035358105,1,1
2016-10-01,1,1,0.6740875194028292,1,1
2016-10-02,1,1,0.6747606845323586,1,1
2016-10-03,1,1,0.6753993154576126,1,1
2016-10-04,1,1,0.6756525100947871,1,1
2016-10-05,1,1,0.675497410328674,1,1
2016-10-06,1,1,0.675813911677822,1,1
2016-10-07,1,1,0.6747504606587796,1,1
2016-10-08,1,1,0.6752146141117006,1,1
2016-10-09,1,1,0.6754831835665154,1,1
2016-10-10,1,1,0.6754534614786726,1,1
2016-10-11,1,1,0.5608424833946924,1,1
2016-10-12,1,1,0.5963098569679021,1,1
2016-10-13,1,1,0.6320804980900457,1,1
2016-10-14,1,1,0.6522228003159654,1,1
2016-10-15,1,1,0.6651773222816217,1,1
2016-10-16,1,1,0.6704777923131765,1,1
2016-10-17,1,1,0.6734243075827558,1,1
2016-10-18,1,1,0.6749377796002947,1,1
2016-10-19,1,1,0.6722146182336951,1,1
2016-10-20,1,1,0.6744713074131502,1,1
2016-10-21,1,1,0.6751086682862195,1,1
2016-10-22,1,1,0.5363257795940329,1,1
2016-10-23,1,1,0.5753509159449538,1,1
2016-10-24,1,1,0.6129744942426412,1,1
2016-10-25,1,1,0.6397978126638916,1,1
2016-10-26,1,1,0.5463606803070141,1,1
2016-10-27,1,1,0.557374285617137,1,1
2016-10-28,1,1,0.5973637819432609,1,1
2016-10-29,1,1,0.5081967105255688,1,1
2016-10-30,1,1,0.5138315024921999,1,1
2016-10-31,1,1,0.5405590784094998,1,1
2016-11-01,1,1,0.49841848816945955,0,1
2016-11-02,1,1,0.5054197247355687,1,1
2016-11-03,1,1,0.48950077295761535,0,1
2016-11-04,1,1,0.49811949545691153,0,1
2016-11-05,1,1,0.5141113176636488,1,1
2016-11-06,1,1,0.5291695134225686,1,1
2016-11-07,1,1,0.5495404228525035,1,1
2016-11-08,1,1,0.5764141620833843,1,1
2016-11-09,1,1,0.5676523167943341,1,1
2016-11-10,1,1,0.5948817807885938,1,1
2016-11-11,1,1,0.6307778931216428,1,1
2016-11-12,1,1,0.6335928015196571,1,1
2016-11-13,1,1,0.6549095953777847,1,1
2016-11-14,1,1,0.6656591755637948,1,1
2016-11-15,1,1,0.6679794048694137,1,1
2016-11-16,1,1,0.5026064191349509,1,1
2016-11-17,1,1,0.5214260000677237,1,1
2016-11-18,1,1,0.5321543645046125,1,1
2016-11-19,1,1,0.5680387417531783,1,1
2016-11-20,1,1,0.5273519691200994,1,1
2016-11-21,1,1,0.5466612823395466,1,1
2016-11-22,1,1,0.5515070846099897,1,1
2016-11-23,1,1,0.5823820084582562,1,1
2016-11-24,1,1,0.6180016677488971,1,1
2016-11-25,1,1,0.6462393484768298,1,1
2016-11-26,1,1,0.6587905461802473,1,1
2016-11-27,1,1,0.667859933304165,1,1
2016-11-28,1,1,0.6715700346153277,1,1
2016-11-29,1,1,0.6741990498654947,1,1
2016-11-30,1,1,0.6689835337223183,1,1
2016-12-01,1,1,0.6636947261834419,1,1
2016-12-02,1,1,0.602854025238058,1,1
2016-12-03,1,1,0.63017603709563,1,1
2016-12-04,1,1,0.6527770082444523,1,1
2016-12-05,1,1,0.6400961941992056,1,1
2016-12-06,1,1,0.6555121368571311,1,1
2016-12-07,1,1,0.6655458610604839,1,1
2016-12-08,1,1,0.6710362130900259,1,1
2016-12-09,1,1,0.6737062712476313,1,1
2016-12-10,1,1,0.6748934318442894,1,1
2016-12-11,1,1,0.6747701013899154,1,1
2016-12-12,1,0,0.6696693090534209,1,1
2016-12-13,1,1,0.6733734435030986,1,1
2016-12-14,1,1,0.6748936942171606,1,1
2016-12-15,1,1,0.6752525332516572,1,1
2016-12-16,1,1,0.6735548912857874,1,1
2016-12-17,1,1,0.673307227665437,1,1
2016-12-18,1,1,0.6749413205676067,1,1
2016-12-19,1,1,0.6753704383007029,1,1
2016-12-20,1,1,0.6727051937500756,1,1
2016-12-21,1,1,0.5163067583721231,1,1
2016-12-22,1,1,0.4985417918153698,0,1
2016-12-23,1,1,0.49308727332673197,0,1
2016-12-24,1,1,0.49801927861752937,0,1
2016-12-25,1,0,0.5131813141096737,1,1
2016-12-26,1,0,0.5257436369601577,1,1
2016-12-27,1,0,0.5062862901550462,1,1
2016-12-28,1,0,0.49707288537158717,0,1
2016-12-29,1,0,0.509945930822468,1,1
2016-12-30,1,0,0.5232396949480512,1,1
2016-12-31,1,0,0.5542878711982983,1,1
2017-01-01,1,0,0.5022559292959674,1,1
2017-01-02,1,0,0.5025809777704923,1,1
2017-01-03,1,0,0.5039780015551065,1,1
2017-01-04,1,0,0.47962321979943795,0,1
2017-01-05,1,1,0.47796569812962186,0,1
2017-01-06,1,1,0.4779916368652657,0,1
2017-01-07,1,1,0.49233066444295676,0,1
2017-01-08,1,1,0.5066044058577693,1,1
2017-01-09,1,1,0.5239674172238374,1,1
2017-01-10,1,1,0.5528579121632384,1,1
2017-01-11,1,1,0.4779618969091817,0,1
2017-01-12,1,1,0.48981093218820126,0,1
2017-01-13,1,1,0.4974181113074108,0,1
2017-01-14,1,1,0.5112034077631638,1,1
2017-01-15,1,1,0.5345839075753223,1,1
2017-01-16,1,1,0.553232677806869,1,1
2017-01-17,1,1,0.48389470444700394,0,1
2017-01-18,1,1,0.4939446942377591,0,1
2017-01-19,1,1,0.5040860929199279,1,1
2017-01-20,1,1,0.5233327375929229,1,1
2017-01-21,1,1,0.5036828775340241,1,1
2017-01-22,1,1,0.5215116637092635,1,1
2017-01-23,1,1,0.5513151189334269,1,1
2017-01-24,1,1,0.510634163120436,1,1
2017-01-25,1,1,0.5271843480017211,1,1
2017-01-26,1,1,0.5288897983378069,1,1
2017-01-27,1,1,0.5625407443696253,1,1
2017-01-28,1,1,0.6024309752905597,1,1
2017-01-29,1,1,0.6361419962643045,1,1
2017-01-30,1,1,0.6570330020148657,1,1
2017-01-31,1,1,0.49598874911329216,0,1
2017-02-01,1,1,0.5017465511162753,1,1
2017-02-02,1,1,0.5026367598165088,1,1
2017-02-03,1,1,0.5071354923132191,1,1
2017-02-04,1,1,0.5179776770682498,1,1
2017-02-05,1,1,0.5288305223000215,1,1
2017-02-06,1,1,0.5497471687509919,1,1
2017-02-07,1,1,0.5317648067275654,1,1
2017-02-08,1,1,0.5670357174041379,1,1
2017-02-09,1,1,0.4918314369277926,0,1
2017-02-10,1,1,0.5056918132775124,1,1
2017-02-11,1,1,0.5130072094757969,1,1
2017-02-12,1,1,0.5372363743624124,1,1
2017-02-13,1,1,0.5667247701371441,1,1
2017-02-14,1,1,0.5797469318584789,1,1
2017-02-15,1,1,0.6176436228671545,1,1
2017-02-16,1,0,0.6004260717888623,1,1
2017-02-17,1,0,0.5925159305367458,1,1
2017-02-18,1,0,0.6213994227193653,1,1
2017-02-19,1,1,0.6460748089306978,1,1
2017-02-20,1,0,0.5583940401183285,1,1
2017-02-21,1,0,0.5069777873043879,1,1
2017-02-22,1,0,0.5283718799737718,1,1
2017-02-23,1,0,0.4975302845147175,0,1
2017-02-24,1,0,0.5094286494623566,1,1
2017-02-25,1,0,0.5047649989272712,1,1
2017-02-26,1,0,0.5082602966813635,1,1
2017-02-27,1,0,0.519386815375538,1,1
2017-02-28,1,0,0.5492382707309841,1,1
2017-03-01,1,0,0.5016126722734598,1,1
2017-03-02,1,0,0.5023640243419597,1,1
2017-03-03,1,0,0.5057803627817723,1,1
2017-03-04,1,0,0.5137798629583067,1,1
2017-03-05,1,0,0.5316916950145932,1,1
2017-03-06,1,0,0.5642674352914329,1,1
2017-03-07,1,0,0.5008751587732062,1,1
2017-03-08,1,1,0.4921625523677039,0,1
2017-03-09,1,0,0.49620825286001813,0,1
2017-03-10,1,1,0.4909636606469927,0,1
2017-03-11,1,1,0.49230923130984355,0,1
2017-03-12,1,0,0.4954964411332697,0,1
2017-03-13,1,0,0.5068582094554098,1,1
2017-03-14,1,0,0.5251648303073166,1,1
2017-03-15,1,0,0.5505844757567334,1,1
2017-03-16,1,0,0.49589529285588163,0,1
2017-03-17,1,1,0.48544135139588096,0,1
2017-03-18,1,1,0.47799288754206865,0,1
2017-03-19,1,1,0.4826904701182856,0,1
2017-03-20,1,1,0.4955576758409723,0,1
2017-03-21,1,1,0.4913468749962418,0,1
2017-03-22,1,1,0.4861890409164826,0,1
2017-03-23,1,1,0.49995947795800666,0,1
2017-03-24,1,1,0.47887116765759746,0,1
2017-03-25,1,1,0.4897566282363836,0,1
2017-03-26,1,1,0.5040315168760097,1,1
2017-03-27,1,1,0.4861106257100964,0,1
2017-03-28,1,1,0.5016830357711359,1,1
2017-03-29,1,1,0.519900562984238,1,1
2017-03-30,1,1,0.5358436190790259,1,1
2017-03-31,1,1,0.4975300433607351,0,1
2017-04-01,1,1,0.5085713105870763,1,1
2017-04-02,1,1,0.5094286332442512,1,1
2017-04-03,1,1,0.4981934899878922,0,1
2017-04-04,1,1,0.5090937377568585,1,1
2017-04-05,1,1,0.5284583371336175,1,1
2017-04-06,1,1,0.49660269709437027,0,1
2017-04-07,1,1,0.509124247454998,1,1
2017-04-08,1,1,0.5324105506368629,1,1
2017-04-09,1,1,0.5549692533402315,1,1
2017-04-10,1,1,0.5954687203120724,1,1
2017-04-11,1,1,0.6023162905203479,1,1
2017-04-12,1,1,0.6353008622296883,1,1
2017-04-13,1,1,0.5876350414006525,1,1
2017-04-14,1,1,0.6258909206276014,1,1
2017-04-15,1,1,0.6496942920128937,1,1
2017-04-16,1,1,0.6592423435367794,1,1
2017-04-17,1,1,0.6644222425855029,1,1
2017-04-18,1,1,0.6601677581498725,1,1
2017-04-19,1,1,0.6691728547102987,1,1
2017-04-20,1,1,0.6627011761676596,1,1
2017-04-21,1,1,0.669327479240596,1,1
2017-04-22,1,1,0.6709818143712089,1,1
2017-04-23,1,1,0.6572201397629288,1,1
2017-04-24,1,1,0.5358449212210521,1,1
2017-04-25,1,1,0.5544969391313733,1,1
2017-04-26,1,1,0.5737218093705914,1,1
2017-04-27,1,1,0.5220883233030724,1,1
2017-04-28,1,1,0.5538179696751385,1,1
2017-04-29,1,1,0.5915536864810353,1,1
2017-04-30,2,1,0.5774383307835783,1,1
2017-05-01,2,1,0.5544519346358698,1,1
2017-05-02,2,1,0.557582389696193,1,1
2017-05-03,2,1,0.5573517637430045,1,1
2017-05-04,2,1,0.5556060696147439,1,1
2017-05-05,2,1,0.5679136225702367,1,1
2017-05-06,2,1,0.5763533234690893,1,1
2017-05-07,2,1,0.5945050179525365,1,1
2017-05-08,2,1,0.553360850593471,1,1
2017-05-09,2,1,0.5554599738774318,1,1
2017-05-10,2,1,0.560520714549269,1,1
2017-05-11,2,1,0.5553616043606808,1,1
2017-05-12,2,1,0.5533218476551593,1,1
2017-05-13,2,1,0.5537930077111894,1,1
2017-05-14,2,1,0.5635237834385711,1,1
2017-05-15,2,1,0.5545255623365324,1,1
2017-05-16,2,1,0.569693813982765,1,1
2017-05-17,2,1,0.5540580260278019,1,1
2017-05-18,2,1,0.5554915513534,1,1
2017-05-19,2,1,0.554264551990474,1,1
2017-05-20,2,1,0.5541720079617513,1,1
2017-05-21,2,1,0.5571935926838196,1,1
2017-05-22,2,1,0.5536706338926196,1,1
2017-05-23,2,1,0.5533129784058227,1,1
2017-05-24,2,1,0.5535871105388271,1,1
2017-05-25,2,1,0.5532934753630068,1,1
2017-05-26,2,1,0.5535039064270848,1,1
2017-05-27,2,1,0.553148363341813,1,1
2017-05-28,2,1,0.5534247814448056,1,1
2017-05-29,2,1,0.5538555752198068,1,1
2017-05-30,2,1,0.5541036111138572,1,1
2017-05-31,2,1,0.5539640285585844,1,1
2017-06-01,2,1,0.5538430787893308,1,1
2017-06-02,2,1,0.5545966882046015,1,1
2017-06-03,2,1,0.5653263914986304,1,1
2017-06-04,2,1,0.5936792275691325,1,1
2017-06-05,2,0,0.5537019912198158,1,1
2017-06-06,2,0,0.5533580820805943,1,1
2017-06-07,2,0,0.5534879896752821,1,1
2017-06-08,2,0,0.5547747937870371,1,1
2017-06-09,2,0,0.5686409454361984,1,1
2017-06-10,2,0,0.5547837563246982,1,1
2017-06-11,2,0,0.5717838912513539,1,1
2017-06-12,2,0,0.5531316722617112,1,1
2017-06-13,2,0,0.5543508069294869,1,1
2017-06-14,2,0,0.5531556377688616,1,1
2017-06-15,2,0,0.5543768402454888,1,1
2017-06-16,2,0,0.557252965553325,1,1
2017-06-17,2,0,0.5542637288108087,1,1
2017-06-18,2,0,0.5540682018577452,1,1
2017-06-19,2,0,0.5593118329889634,1,1
2017-06-20,2,1,0.5544001170637576,1,1
2017-06-21,2,0,0.5637666666453492,1,1
2017-06-22,2,1,0.5869229065207768,1,1
2017-06-23,2,0,0.5958143905304476,1,1
2017-06-24,2,1,0.5541834624767812,1,1
2017-06-25,2,0,0.5653620636475347,1,1
2017-06-26,2,1,0.5543251210429622,1,1
2017-06-27,2,1,0.5552544153285511,1,1
2017-06-28,2,1,0.5691839449498879,1,1
2017-06-29,2,1,0.5808344603922477,1,1
2017-06-30,2,1,0.5675598143203344,1,1
2017-07-01,2,1,0.5691259351387836,1,1
2017-07-02,2,1,0.5572936612152675,1,1
2017-07-03,2,1,0.5588032698073708,1,1
2017-07-04,2,1,0.5680983558853416,1,1
2017-07-05,2,1,0.5988004654096917,1,1
2017-07-06,2,1,0.6425962737377751,1,1
2017-07-07,2,1,0.559268072778025,1,1
2017-07-08,2,1,0.5609471127576013,1,1
2017-07-09,2,1,0.562462313560225,1,1
2017-07-10,2,1,0.5536609882450719,1,1
2017-07-11,2,1,0.5577845764076452,1,1
2017-07-12,2,1,0.5569041370743084,1,1
2017-07-13,2,1,0.5633698086297695,1,1
2017-07-14,2,1,0.5539020292336302,1,1
2017-07-15,2,1,0.5531306221982368,1,1
2017-07-16,2,1,0.5537396281306306,1,1
2017-07-17,2,1,0.553130473775902,1,1
2017-07-18,2,1,0.5539014490907129,1,1
2017-07-19,2,1,0.5569210236586922,1,1
2017-07-20,2,1,0.5531304737569943,1,1
2017-07-21,2,1,0.5532854150160105,1,1
2017-07-22,2,1,0.5535699995026483,1,1
2017-07-23,2,1,0.5544064301971829,1,1
2017-07-24,2,1,0.5648107310489,1,1
2017-07-25,2,1,0.5533662182713607,1,1
2017-07-26,2,1,0.5552691365389272,1,1
2017-07-27,2,1,0.5538819704532568,1,1
2017-07-28,2,1,0.5538755643059081,1,1
2017-07-29,2,1,0.5546129580272646,1,1
2017-07-30,2,1,0.564145487496173,1,1
2017-07-31,2,1,0.5547814601339776,1,1
2017-08-01,2,1,0.5536692331053571,1,1
2017-08-02,2,1,0.561944752048863,1,1
2017-08-03,2,1,0.5552325194183642,1,1
2017-08-04,2,1,0.5553076397970192,1,1
2017-08-05,2,1,0.5531305828109261,1,1
2017-08-06,2,1,0.5543214260556681,1,1
2017-08-07,2,1,0.5540967975610364,1,1
2017-08-08,2,1,0.5619818249987036,1,1
2017-08-09,2,1,0.5605529927356399,1,1
2017-08-10,2,1,0.5741235163092773,1,1
2017-08-11,2,1,0.5533358506811125,1,1
2017-08-12,2,1,0.5533231895050789,1,1
2017-08-13,2,1,0.553735570872183,1,1
2017-08-14,2,0,0.5534593277329436,1,1
2017-08-15,2,0,0.55399304447811,1,1
2017-08-16,2,0,0.5540903778348681,1,1
2017-08-17,2,0,0.5629607945039456,1,1
2017-08-18,2,0,0.5544982241511859,1,1
2017-08-19,2,0,0.5669131555383687,1,1
2017-08-20,2,0,0.5597519225078148,1,1
2017-08-21,2,0,0.5612256730908933,1,1
2017-08-22,2,0,0.5588067673706505,1,1
2017-08-23,2,0,0.5710149131098784,1,1
2017-08-24,2,0,0.5548660259780409,1,1
2017-08-25,2,0,0.5691053795481604,1,1
2017-08-26,2,0,0.5982155904706918,1,1
2017-08-27,2,0,0.6337937319265213,1,1
2017-08-28,2,0,0.682240316683145,1,1
2017-08-29,2,0,0.5552122143562298,1,1
2017-08-30,2,0,0.5731934589168868,1,1
2017-08-31,2,0,0.5573649073351593,1,1
2017-09-01,2,0,0.5549289806664107,1,1
2017-09-02,2,0,0.5533849675122059,1,1
2017-09-03,2,0,0.5584015544996938,1,1
2017-09-04,2,0,0.5531724408322505,1,1
2017-09-05,2,0,0.5541451256203064,1,1
2017-09-06,2,0,0.5540379229710148,1,1
2017-09-07,2,0,0.5663081109078458,1,1
2017-09-08,2,1,0.5531577550885629,1,1
2017-09-09,2,1,0.5548964041552642,1,1
2017-09-10,2,1,0.556554735239423,1,1
2017-09-11,2,1,0.5706733644962722,1,1
2017-09-12,2,1,0.5965263550024567,1,1
2017-09-13,2,1,0.5536223890714479,1,1
2017-09-14,2,1,0.5531304737569944,1,1
2017-09-15,2,1,0.5531304737738261,1,1
2017-09-16,2,1,0.5544244912373982,1,1
2017-09-17,2,1,0.5642146096569002,1,1
2017-09-18,2,1,0.5531304826778849,1,1
2017-09-19,2,1,0.5537409251599729,1,1
2017-09-20,2,1,0.5623120639663809,1,1
2017-09-21,2,1,0.5532275499970922,1,1
2017-09-22,2,1,0.5560276537091924,1,1
2017-09-23,2,1,0.5544710838380051,1,1
2017-09-24,2,1,0.5552771238578773,1,1
2017-09-25,2,1,0.5535924118630113,1,1
2017-09-26,2,1,0.5595284602845142,1,1
2017-09-27,2,1,0.5532492231780977,1,1
2017-09-28,2,1,0.556048789879585,1,1
2017-09-29,2,1,0.5733415139779371,1,1
2017-09-30,2,1,0.554871314501557,1,1
2017-10-01,2,1,0.5631812806705861,1,1
2017-10-02,2,1,0.589854733502053,1,1
2017-10-03,2,1,0.5774651254399704,1,1
2017-10-04,2,1,0.5716348368058408,1,1
2017-10-05,2,1,0.5632873978883134,1,1
2017-10-06,2,1,0.580945605355715,1,1
2017-10-07,2,1,0.5954583545809935,1,1
2017-10-08,2,1,0.5551294989171215,1,1
2017-10-09,2,1,0.5551121931950339,1,1
2017-10-10,2,1,0.573688228605295,1,1
2017-10-11,2,1,0.5962484953602164,1,1
2017-10-12,2,1,0.5531305232384189,1,1
2017-10-13,2,1,0.5540141583003938,1,1
2017-10-14,2,1,0.5547660194524016,1,1
2017-10-15,2,1,0.5560147633414003,1,1
2017-10-16,2,1,0.5706818052755326,1,1
2017-10-17,2,1,0.5668822496695826,1,1
2017-10-18,2,1,0.5959007712615221,1,1
2017-10-19,2,1,0.5793942480748896,1,1
2017-10-20,2,1,0.5545283993920974,1,1
2017-10-21,2,1,0.5701741572787147,1,1
2017-10-22,2,1,0.600553913437988,1,1
2017-10-23,2,1,0.6167828003899763,1,1
2017-10-24,2,1,0.5533405761372587,1,1
2017-10-25,2,1,0.5540107442132652,1,1
2017-10-26,2,1,0.5554592733684074,1,1
2017-10-27,2,1,0.5587723971915947,1,1
2017-10-28,2,1,0.5793961946913966,1,1
2017-10-29,2,1,0.5536789167666007,1,1
2017-10-30,2,1,0.5618722836694938,1,1
2017-10-31,2,1,0.5541336824014903,1,1
2017-11-01,2,1,0.5542065483824373,1,1
2017-11-02,2,1,0.5542525381292562,1,1
2017-11-03,2,1,0.5589287938075871,1,1
2017-11-04,2,1,0.5586153299085311,1,1
2017-11-05,2,1,0.580203662377426,1,1
2017-11-06,2,1,0.554051878387005,1,1
2017-11-07,2,1,0.5587255637377007,1,1
2017-11-08,2,1,0.554660037803432,1,1
2017-11-09,2,1,0.5541991015886184,1,1
2017-11-10,2,1,0.5531677889575611,1,1
2017-11-11,2,1,0.5536088746290739,1,1
2017-11-12,2,1,0.5532040777567605,1,1
2017-11-13,2,1,0.5531314502019622,1,1
2017-11-14,2,1,0.554455465112839,1,1
2017-11-15,2,1,0.5531337219470552,1,1
2017-11-16,2,1,0.5531744924064934,1,1
2017-11-17,2,1,0.5542888064589994,1,1
2017-11-18,2,1,0.5636660918236357,1,1
2017-11-19,2,1,0.5559892267811736,1,1
2017-11-20,2,1,0.5598947738808729,1,1
2017-11-21,2,1,0.5678862312121078,1,1
2017-11-22,2,1,0.5630460070625581,1,1
2017-11-23,2,1,0.5584142209800014,1,1
2017-11-24,2,1,0.5570842019025876,1,1
2017-11-25,2,1,0.5538796726576437,1,1
2017-11-26,2,1,0.5535126651727947,1,1
2017-11-27,2,1,0.5536861975210409,1,1
2017-11-28,2,1,0.5553913645961459,1,1
2017-11-29,2,1,0.5614580391376466,1,1
2017-11-30,2,1,0.5552916816171372,1,1
2017-12-01,2,1,0.5534819853864664,1,1
2017-12-02,2,1,0.5584582333386598,1,1
2017-12-03,2,1,0.5591798167241613,1,1
2017-12-04,2,1,0.5562386386898951,1,1
2017-12-05,2,1,0.5588490319408747,1,1
2017-12-06,2,1,0.5531304737569945,1,1
2017-12-07,2,0,0.5531304737569944,1,1
2017-12-08,2,0,0.5531429077217098,1,1
2017-12-09,2,0,0.553133455461066,1,1
2017-12-10,2,0,0.5544052850202799,1,1
2017-12-11,2,0,0.5531395531550849,1,1
2017-12-12,2,0,0.5542387129626938,1,1
2017-12-13,2,0,0.5533857741560274,1,1
2017-12-14,2,0,0.5573459291818694,1,1
2017-12-15,2,0,0.5534853967153724,1,1
2017-12-16,2,0,0.5531320672457605,1,1
2017-12-17,2,0,0.5542052670322782,1,1
2017-12-18,2,0,0.56782665382478,1,1
2017-12-19,2,0,0.5532584360960908,1,1
2017-12-20,2,0,0.5531794871034119,1,1
2017-12-21,2,0,0.553358903839704,1,1
2017-12-22,2,0,0.5531304750891942,1,1
2017-12-23,2,0,0.5533137167192912,1,1
2017-12-24,2,0,0.5533230776292665,1,1
2017-12-25,2,0,0.5570004503746958,1,1
2017-12-26,2,0,0.5531304740108802,1,1
2017-12-27,2,0,0.5542421116646254,1,1
2017-12-28,2,0,0.5531522443942899,1,1
2017-12-29,2,0,0.5548084481281088,1,1
2017-12-30,2,0,0.5531304997392122,1,1
2017-12-31,2,0,0.5531346907450854,1,1
2018-01-01,2,0,0.5537194335010354,1,1
2018-01-02,2,0,0.5531343764194644,1,1
2018-01-03,2,0,0.5544559336149987,1,1
2018-01-04,2,0,0.5560918567750742,1,1
2018-01-05,2,0,0.5531308094837545,1,1
2018-01-06,2,0,0.5544661650379864,1,1
2018-01-07,2,0,0.5533877667895671,1,1
2018-01-08,2,0,0.5531381514769487,1,1
2018-01-09,2,0,0.5536411887154112,1,1
2018-01-10,2,0,0.5551060416231894,1,1
2018-01-11,2,0,0.5531307701953615,1,1
2018-01-12,2,0,0.5538317320683208,1,1
2018-01-13,2,0,0.5551891160732076,1,1
2018-01-14,2,0,0.5542397464024204,1,1
2018-01-15,2,0,0.5675423195622717,1,1
2018-01-16,2,0,0.5531304737570438,1,1
2018-01-17,2,0,0.5539908927098911,1,1
2018-01-18,2,0,0.5556677093898486,1,1
2018-01-19,2,0,0.567054323235664,1,1
2018-01-20,2,0,0.5531318506108146,1,1
2018-01-21,2,0,0.5531306362272687,1,1
2018-01-22,2,0,0.5532289265659439,1,1
2018-01-23,2,0,0.5558051204218052,1,1
2018-01-24,2,0,0.5544226495783477,1,1
2018-01-25,2,0,0.5663005011814017,1,1
2018-01-26,2,0,0.5889019318192816,1,1
2018-01-27,2,0,0.5680306744175669,1,1
2018-01-28,2,0,0.5569068222831307,1,1
2018-01-29,2,0,0.554523488541073,1,1
2018-01-30,2,1,0.5531307228519908,1,1
2018-01-31,2,1,0.5544493845145172,1,1
2018-02-01,2,1,0.553130867613236,1,1
2018-02-02,2,1,0.5536629851604665,1,1
2018-02-03,2,1,0.5542378506496821,1,1
2018-02-04,2,1,0.5531312501579686,1,1
2018-02-05,2,1,0.5531304737571098,1,1
2018-02-06,2,1,0.553130568665418,1,1
2018-02-07,2,1,0.5542241248915638,1,1
2018-02-08,2,1,0.5531711803995161,1,1
2018-02-09,2,1,0.5534381129535803,1,1
2018-02-10,2,1,0.5567616960887148,1,1
2018-02-11,2,1,0.5534665413157038,1,1
2018-02-12,2,0,0.5531331061127575,1,1
2018-02-13,2,0,0.553672427157238,1,1
2018-02-14,2,0,0.5531315849882811,1,1
2018-02-15,2,0,0.5532115422153302,1,1
2018-02-16,2,0,0.5555990142611664,1,1
2018-02-17,2,0,0.5531755963617335,1,1
2018-02-18,2,0,0.5533380355063665,1,1
2018-02-19,2,0,0.5533289622632005,1,1
2018-02-20,2,0,0.5556967410901064,1,1
2018-02-21,2,0,0.5533341956007861,1,1
2018-02-22,2,0,0.5531877042587054,1,1
2018-02-23,2,0,0.5542592674611204,1,1
2018-02-24,2,0,0.5537383966025907,1,1
2018-02-25,2,0,0.55804036962454,1,1
2018-02-26,2,0,0.5533736979676828,1,1
2018-02-27,2,0,0.5542349380736276,1,1
2018-02-28,2,0,0.5547742899199706,1,1
2018-03-01,2,0,0.5540556758684192,1,1
2018-03-02,2,0,0.5615873261849631,1,1
2018-03-03,2,0,0.555114905758225,1,1
2018-03-04,2,0,0.5734767303062751,1,1
2018-03-05,2,0,0.6036875555021189,1,1
2018-03-06,2,0,0.5533433266593781,1,1
2018-03-07,2,0,0.5531433175358506,1,1
2018-03-08,2,0,0.5532343552917925,1,1
2018-03-09,2,0,0.5558526974824751,1,1
2018-03-10,2,0,0.5537086589341589,1,1
2018-03-11,2,0,0.5531739780027787,1,1
2018-03-12,2,0,0.5536225090767101,1,1
2018-03-13,2,0,0.5615524283453344,1,1
2018-03-14,2,0,0.5531312342189976,1,1
2018-03-15,2,0,0.5544717021610526,1,1
2018-03-16,2,0,0.5692083362123801,1,1
2018-03-17,2,1,0.5540100558432336,1,1
2018-03-18,2,0,0.5544320611994675,1,1
2018-03-19,2,0,0.5542156434361243,1,1
2018-03-20,2,0,0.5548919194159283,1,1
2018-03-21,2,0,0.5720589443489817,1,1
2018-03-22,2,1,0.5649644009969121,1,1
2018-03-23,2,0,0.5693411198128083,1,1
2018-03-24,2,1,0.5621585861059176,1,1
2018-03-25,2,1,0.5638801181844072,1,1
2018-03-26,2,1,0.555373892249806,1,1
2018-03-27,2,1,0.5540795845147644,1,1
2018-03-28,2,1,0.5598165435595434,1,1
2018-03-29,2,1,0.5531316773059887,1,1
2018-03-30,2,1,0.5536230820443876,1,1
2018-03-31,2,1,0.5587636597296438,1,1
2018-04-01,2,1,0.5627645397053218,1,1
2018-04-02,2,1,0.5553225792974236,1,1
2018-04-03,2,1,0.554399914398415,1,1
2018-04-04,2,1,0.5531468871218278,1,1
2018-04-05,2,1,0.5546330494603723,1,1
2018-04-06,2,1,0.5559925842364704,1,1
2018-04-07,2,1,0.554668359722915,1,1
2018-04-08,2,1,0.561561696612117,1,1
2018-04-09,2,1,0.5549671377791381,1,1
2018-04-10,2,1,0.5678405860646466,1,1
2018-04-11,2,1,0.5675314765847009,1,1
2018-04-12,2,1,0.5531304948303225,1,1
2018-04-13,2,1,0.554451286065357,1,1
2018-04-14,2,1,0.564557065170858,1,1
2018-04-15,2,1,0.5548109588846238,1,1
2018-04-16,2,1,0.5550097356144595,1,1
2018-04-17,2,1,0.5594728377305258,1,1
2018-04-18,2,1,0.5554616596055845,1,1
2018-04-19,2,0,0.5631240398112825,1,1
2018-04-20,2,0,0.5538477051911943,1,1
2018-04-21,2,0,0.5632951517225765,1,1
2018-04-22,2,0,0.5797338768110237,1,1
2018-04-23,2,0,0.5889674723619266,1,1
2018-04-24,2,0,0.5532265237979189,1,1
2018-04-25,2,0,0.5531322049703703,1,1
2018-04-26,2,0,0.553636544992155,1,1
2018-04-27,2,0,0.5541990432963984,1,1
2018-04-28,2,0,0.5544058414529168,1,1
2018-04-29,2,0,0.5669481061609297,1,1
2018-04-30,2,0,0.5681521926368372,1,1
2018-05-01,2,0,0.5810302763477821,1,1
2018-05-02,2,0,0.5957244405517498,1,1
2018-05-03,2,0,0.5544561101390815,1,1
2018-05-04,2,0,0.5691966462450442,1,1
2018-05-05,2,0,0.5749011564201397,1,1
2018-05-06,2,0,0.5697871621046866,1,1
2018-05-07,2,0,0.5574390137926898,1,1
2018-05-08,2,0,0.5663519335415007,1,1
2018-05-09,2,0,0.5852065100285005,1,1
2018-05-10,2,0,0.5585926880274172,1,1
2018-05-11,2,0,0.5533241720537208,1,1
2018-05-12,2,0,0.5569774987536553,1,1
2018-05-13,2,0,0.5568893547859481,1,1
2018-05-14,2,0,0.5775599229454812,1,1
2018-05-15,2,0,0.5651416608837241,1,1
2018-05-16,2,0,0.5709758058170541,1,1
2018-05-17,2,0,0.5559534498772893,1,1
2018-05-18,2,0,0.5604145904501142,1,1
2018-05-19,2,0,0.5848653831653987,1,1
2018-05-20,2,0,0.5572482978118992,1,1
2018-05-21,2,0,0.5709915602694194,1,1
2018-05-22,2,0,0.5544077455231282,1,1
2018-05-23,2,0,0.5533599114794129,1,1
2018-05-24,2,0,0.5578758294836763,1,1
2018-05-25,2,0,0.566771634234144,1,1
2018-05-26,2,0,0.5723014530292624,1,1
2018-05-27,2,0,0.6055142551704974,1,1
2018-05-28,2,0,0.5594012539771146,1,1
2018-05-29,2,0,0.5545814762136546,1,1
2018-05-30,2,0,0.5673571782188533,1,1
2018-05-31,2,0,0.5824470785815004,1,1
2018-06-01,2,0,0.6149394302649979,1,1
2018-06-02,2,0,0.6276187493480552,1,1
2018-06-03,2,0,0.6558712404480811,1,1
2018-06-04,2,0,0.5843309662870741,1,1
2018-06-05,2,0,0.5892537396813111,1,1
2018-06-06,2,0,0.6301336288003352,1,1
2018-06-07,2,0,0.6766467055989999,1,1
2018-06-08,2,0,0.7097323778876393,1,1
2018-06-09,2,0,0.7194047239837618,1,1
2018-06-10,2,0,0.5531320658555019,1,1
2018-06-11,2,0,0.5544036846463222,1,1
2018-06-12,2,0,0.553834375330185,1,1
2018-06-13,2,0,0.5541024133948127,1,1
2018-06-14,2,0,0.5539520188151184,1,1
2018-06-15,2,0,0.5543522683664728,1,1
2018-06-16,2,1,0.5611664654656434,1,1
2018-06-17,2,1,0.5806572794553119,1,1
2018-06-18,2,1,0.5556538256655029,1,1
2018-06-19,2,1,0.5734830073917623,1,1
2018-06-20,2,1,0.6076132908352411,1,1
2018-06-21,2,1,0.645839180060077,1,1
2018-06-22,2,1,0.5531336851937405,1,1
2018-06-23,2,1,0.5544670547804927,1,1
2018-06-24,2,1,0.5699603440202438,1,1
2018-06-25,2,1,0.5845796514535764,1,1
2018-06-26,2,1,0.5653125063401121,1,1
2018-06-27,2,1,0.5825858304990899,1,1
2018-06-28,2,1,0.5547215318220432,1,1
2018-06-29,2,1,0.5541396926040155,1,1
2018-06-30,2,1,0.5551330221095292,1,1
2018-07-01,2,1,0.5724490538395676,1,1
2018-07-02,2,1,0.5555282077137439,1,1
2018-07-03,2,1,0.5665851791304661,1,1
2018-07-04,2,1,0.5843532668033186,1,1
2018-07-05,2,1,0.6175092088997504,1,1
2018-07-06,2,1,0.6602100099393376,1,1
2018-07-07,2,1,0.5814487206669114,1,1
2018-07-08,2,0,0.5991199982888304,1,1
2018-07-09,2,0,0.6406134489316876,1,1
2018-07-10,2,1,0.5535844151306201,1,1
2018-07-11,2,0,0.5590848979849422,1,1
2018-07-12,2,1,0.5571603535129355,1,1
2018-07-13,2,1,0.5773946388427323,1,1
2018-07-14,2,1,0.6082447409055562,1,1
2018-07-15,2,0,0.6220637365083296,1,1
2018-07-16,2,0,0.5542193559348289,1,1
2018-07-17,2,0,0.5531639247851485,1,1
2018-07-18,2,0,0.5549334686792238,1,1
2018-07-19,2,0,0.5640230869430708,1,1
2018-07-20,2,0,0.572702434944196,1,1
2018-07-21,2,0,0.5959465887560645,1,1
2018-07-22,2,0,0.6403809949627524,1,1
2018-07-23,2,0,0.5560339107635037,1,1
2018-07-24,2,0,0.553159329583476,1,1
2018-07-25,2,0,0.5539446955694796,1,1
2018-07-26,2,0,0.5548390364240565,1,1
2018-07-27,2,0,0.5559200564682412,1,1
2018-07-28,2,0,0.5744399477048352,1,1
2018-07-29,2,0,0.6077524616072626,1,1
2018-07-30,2,0,0.6510055613610191,1,1
2018-07-31,2,0,0.5542475193076595,1,1
2018-08-01,2,0,0.5577030056552832,1,1
2018-08-02,2,0,0.5743725295270531,1,1
2018-08-03,2,0,0.5764887619351393,1,1
2018-08-04,2,1,0.5538638522786677,1,1
2018-08-05,2,1,0.5636364804466649,1,1
2018-08-06,2,0,0.5695858995048492,1,1
2018-08-07,2,0,0.5577229940457671,1,1
2018-08-08,2,1,0.553321744201807,1,1
2018-08-09,2,0,0.5539658341965216,1,1
2018-08-10,2,1,0.553320882852502,1,1
2018-08-11,2,1,0.5553611625216749,1,1
2018-08-12,2,0,0.5713629440776123,1,1
2018-08-13,2,1,0.6023879838715491,1,1
2018-08-14,2,1,0.6075428566817194,1,1
2018-08-15,2,1,0.601702236677432,1,1
2018-08-16,2,1,0.6441946861551,1,1
2018-08-17,2,0,0.5563569456696006,1,1
2018-08-18,3,0,0.5601964594351885,1,1
2018-08-19,3,0,0.576377732330888,1,1
2018-08-20,3,1,0.5670321307777338,1,1
2018-08-21,3,1,0.5695685744734325,1,1
2018-08-22,3,1,0.5759008534197458,1,1
2018-08-23,3,1,0.5749678984947896,1,1
2018-08-24,3,0,0.5733017593820461,1,1
2018-08-25,3,0,0.5886539765707077,1,1
2018-08-26,3,0,0.6106283002381921,1,1
2018-08-27,3,0,0.5836848750152633,1,1
2018-08-28,3,0,0.5739171026820791,1,1
2018-08-29,3,0,0.5883047443449364,1,1
2018-08-30,3,0,0.6071913118991576,1,1
2018-08-31,3,0,0.637151769245998,1,1
2018-09-01,3,0,0.6105540679156832,1,1
2018-09-02,3,0,0.6338524470669769,1,1
2018-09-03,3,0,0.6778921285546646,1,1
2018-09-04,3,0,0.687974679030067,1,1
2018-09-05,3,0,0.5455940803418614,1,1
2018-09-06,3,1,0.5461803830116807,1,1
2018-09-07,3,1,0.5610287188386731,1,1
2018-09-08,3,1,0.5550030717973816,1,1
2018-09-09,3,1,0.5707701655607653,1,1
2018-09-10,3,1,0.5967996352542494,1,1
2018-09-11,3,0,0.6371297539824821,1,1
2018-09-12,3,0,0.6798806568733456,1,1
2018-09-13,3,0,0.616374871080083,1,1
2018-09-14,3,0,0.6596904415221139,1,1
2018-09-15,3,1,0.6986564934606373,1,1
2018-09-16,3,1,0.725160699300893,1,1
2018-09-17,3,1,0.5837696708727952,1,1
2018-09-18,3,1,0.5953448458890114,1,1
2018-09-19,3,1,0.6291479299053265,1,1
2018-09-20,3,0,0.6201284882855078,1,1
2018-09-21,3,0,0.5759248451270276,1,1
2018-09-22,3,0,0.5952639620391238,1,1
2018-09-23,3,0,0.6295743525639947,1,1
2018-09-24,3,0,0.6260614712808044,1,1
2018-09-25,3,1,0.5991608669845675,1,1
2018-09-26,3,0,0.6297862667371306,1,1
2018-09-27,3,0,0.5857071549632406,1,1
2018-09-28,3,0,0.6112912262632025,1,1
2018-09-29,3,0,0.6460547461643981,1,1
2018-09-30,3,0,0.6884973717804697,1,1
2018-10-01,3,0,0.7174724990204894,1,1
2018-10-02,3,0,0.7345615909441552,1,1
2018-10-03,3,0,0.7407293310170942,1,1
2018-10-04,3,0,0.7412570056458477,1,1
2018-10-05,3,0,0.7452469384246598,1,1
2018-10-06,3,0,0.7476391933520877,1,1
2018-10-07,3,0,0.7494077926898094,1,1
2018-10-08,3,0,0.7487517429927895,1,1
2018-10-09,3,0,0.7498658525611119,1,1
2018-10-10,3,0,0.7481696284884464,1,1
2018-10-11,3,1,0.5661754365635393,1,1
2018-10-12,3,1,0.5843777329237648,1,1
2018-10-13,3,1,0.6153405159634872,1,1
2018-10-14,3,1,0.6592171946587747,1,1
2018-10-15,3,0,0.5698605339337303,1,1
2018-10-16,3,0,0.5864441053030592,1,1
2018-10-17,3,0,0.6091031960670003,1,1
2018-10-18,3,0,0.6331314055789707,1,1
2018-10-19,3,0,0.6776738407307755,1,1
2018-10-20,3,0,0.7128556871506517,1,1
2018-10-21,3,0,0.7341498244321392,1,1
2018-10-22,3,0,0.7440283963245392,1,1
2018-10-23,3,0,0.7479660165144587,1,1
2018-10-24,3,0,0.7494141354120165,1,1
2018-10-25,3,0,0.7499244690162155,1,1
2018-10-26,3,0,0.7503882569100365,1,1
2018-10-27,3,0,0.7505595122405078,1,1
2018-10-28,3,0,0.7506221701837978,1,1
2018-10-29,3,0,0.7141824949268819,1,1
2018-10-30,3,0,0.7352014999624804,1,1
2018-10-31,3,0,0.7441642472296267,1,1
2018-11-01,3,0,0.744983641849821,1,1
2018-11-02,3,0,0.7484084068366226,1,1
2018-11-03,3,0,0.7492548607550398,1,1
2018-11-04,3,0,0.7500253544354423,1,1
2018-11-05,3,0,0.749284494140447,1,1
2018-11-06,3,0,0.7490990154082088,1,1
2018-11-07,3,0,0.7466896187075585,1,1
2018-11-08,3,0,0.743929263973186,1,1
2018-11-09,3,0,0.7435277112059493,1,1
2018-11-10,3,0,0.7475233382023183,1,1
2018-11-11,3,0,0.7494693567850634,1,1
2018-11-12,3,0,0.7490838447826782,1,1
2018-11-13,3,0,0.7499632033166679,1,1
2018-11-14,3,0,0.5371134580142066,1,1
2018-11-15,3,0,0.5460313987586833,1,1
2018-11-16,3,0,0.5592119467405626,1,1
2018-11-17,3,0,0.5849176853847282,1,1
2018-11-18,3,0,0.6072899053514839,1,1
2018-11-19,3,0,0.5356671099929804,1,1
2018-11-20,3,0,0.5357613416833865,1,1
2018-11-21,3,0,0.5429330415195606,1,1
2018-11-22,3,0,0.540306072509403,1,1
2018-11-23,3,0,0.5544055763280891,1,1
2018-11-24,3,1,0.5357050405895087,1,1
2018-11-25,3,0,0.5429606862213721,1,1
2018-11-26,3,1,0.5387973309038216,1,1
2018-11-27,3,0,0.5514712512761147,1,1
2018-11-28,3,0,0.5357346710026194,1,1
2018-11-29,3,0,0.5459969259810246,1,1
2018-11-30,3,0,0.5388367454459931,1,1
2018-12-01,3,0,0.5419952756216001,1,1
2018-12-02,3,0,0.5516245316861659,1,1
2018-12-03,3,1,0.5406975929560983,1,1
2018-12-04,3,0,0.5530696895153662,1,1
2018-12-05,3,1,0.5444561003480871,1,1
2018-12-06,3,1,0.5382786687097751,1,1
2018-12-07,3,1,0.5438733451374549,1,1
2018-12-08,3,1,0.5570328465076979,1,1
2018-12-09,3,1,0.5579935281291095,1,1
2018-12-10,3,1,0.5596059724595089,1,1
2018-12-11,3,1,0.5652919407258123,1,1
2018-12-12,3,1,0.5744434335245021,1,1
2018-12-13,3,1,0.5592531516119307,1,1
2018-12-14,3,1,0.5656090507842957,1,1
2018-12-15,3,1,0.5869248366342541,1,1
2018-12-16,3,1,0.6192550331756257,1,1
2018-12-17,3,1,0.5429427399252246,1,1
2018-12-18,3,0,0.547310535474481,1,1
2018-12-19,3,0,0.5622826515503643,1,1
2018-12-20,3,0,0.5361644384221446,1,1
2018-12-21,3,0,0.5370461084300361,1,1
2018-12-22,3,0,0.5450772718661795,1,1
2018-12-23,3,0,0.5621405339555734,1,1
2018-12-24,3,0,0.5714093721242224,1,1
2018-12-25,3,0,0.5449041252708479,1,1
2018-12-26,3,0,0.5605190586517901,1,1
2018-12-27,3,0,0.5466756540505987,1,1
2018-12-28,3,0,0.5389137531500666,1,1
2018-12-29,3,0,0.5451525414440899,1,1
2018-12-30,3,0,0.5605889773829947,1,1
2018-12-31,3,0,0.5580132796635836,1,1
2019-01-01,3,0,0.5647849536173066,1,1
2019-01-02,3,0,0.5694054446710729,1,1
2019-01-03,3,0,0.5693119555331997,1,1
2019-01-04,3,0,0.5867175181215905,1,1
2019-01-05,3,0,0.6166297309590291,1,1
2019-01-06,3,0,0.5651237835599872,1,1
2019-01-07,3,0,0.5763873714531907,1,1
2019-01-08,3,0,0.6020909167468209,1,1
2019-01-09,3,0,0.6422639975546716,1,1
2019-01-10,3,0,0.5390650053400466,1,1
2019-01-11,3,1,0.5529079543677421,1,1
2019-01-12,3,0,0.574164038016984,1,1
2019-01-13,3,1,0.563411266621752,1,1
2019-01-14,3,0,0.5618910876579997,1,1
2019-01-15,3,0,0.5683184743501734,1,1
2019-01-16,3,0,0.5876334673608173,1,1
2019-01-17,3,0,0.6167149668470017,1,1
2019-01-18,3,1,0.6551383740374062,1,1
2019-01-19,3,1,0.6395798533832311,1,1
2019-01-20,3,1,0.5741242351938081,1,1
2019-01-21,3,1,0.5912472871532956,1,1
2019-01-22,3,1,0.6173143733783973,1,1
2019-01-23,3,1,0.6554867708545947,1,1
2019-01-24,3,1,0.6956565974098732,1,1
2019-01-25,3,1,0.7251342108327514,1,1
2019-01-26,3,1,0.7400687155657847,1,1
2019-01-27,3,1,0.7453738822766477,1,1
2019-01-28,3,1,0.6330373894308422,1,1
2019-01-29,3,1,0.6722730182705925,1,1
2019-01-30,3,1,0.6950448903064146,1,1
2019-01-31,3,1,0.7175499623514665,1,1
2019-02-01,3,1,0.7313183221749217,1,1
2019-02-02,3,1,0.7380763008209151,1,1
2019-02-03,3,1,0.7291192876411569,1,1
2019-02-04,3,1,0.7418100063382297,1,1
2019-02-05,3,1,0.747103665201966,1,1
2019-02-06,3,1,0.7392805307325593,1,1
2019-02-07,3,1,0.7454557173937171,1,1
2019-02-08,3,1,0.5543263812627666,1,1
2019-02-09,3,1,0.5740915820973841,1,1
2019-02-10,3,1,0.6035034683053632,1,1
2019-02-11,3,1,0.626515575038436,1,1
2019-02-12,3,1,0.672935290053608,1,1
2019-02-13,3,1,0.7066186194327648,1,1
2019-02-14,3,1,0.7296037185894236,1,1
2019-02-15,3,1,0.7420746278796,1,1
2019-02-16,3,1,0.7471427493842492,1,1
2019-02-17,3,1,0.7442607763585306,1,1
2019-02-18,3,1,0.5638299538462864,1,1
2019-02-19,3,1,0.5799251859960091,1,1
2019-02-20,3,1,0.5935101061030565,1,1
2019-02-21,3,1,0.6114774306292436,1,1
2019-02-22,3,1,0.6290664981627042,1,1
2019-02-23,3,0,0.575522101130442,1,1
2019-02-24,3,1,0.5422136185034497,1,1
2019-02-25,3,1,0.554088380003013,1,1
2019-02-26,3,1,0.5730798959988219,1,1
2019-02-27,3,1,0.6067171477288354,1,1
2019-02-28,3,1,0.6531826770848459,1,1
2019-03-01,3,1,0.6976167904472702,1,1
2019-03-02,3,1,0.7264650780196954,1,1
2019-03-03,3,1,0.7394732808893903,1,1
2019-03-04,3,1,0.7043209221556672,1,1
2019-03-05,3,1,0.5820451817758696,1,1
2019-03-06,3,1,0.6086128592335234,1,1
2019-03-07,3,1,0.6494208989147263,1,1
2019-03-08,3,1,0.6918046557409848,1,1
2019-03-09,3,1,0.6912468093775899,1,1
2019-03-10,3,1,0.7215764529137547,1,1
2019-03-11,3,1,0.7276354166640961,1,1
2019-03-12,3,1,0.7412336292174008,1,1
2019-03-13,3,1,0.7469564547500038,1,1
2019-03-14,3,1,0.7487116950709246,1,1
2019-03-15,3,1,0.7474489872106762,1,1
2019-03-16,3,1,0.7195265301219872,1,1
2019-03-17,3,1,0.7350562261852996,1,1
2019-03-18,3,1,0.7443346391451706,1,1
2019-03-19,3,1,0.7450074377239772,1,1
2019-03-20,3,1,0.7480314383542256,1,1
2019-03-21,3,1,0.7415817276017381,1,1
2019-03-22,3,1,0.7470652446323965,1,1
2019-03-23,3,1,0.7490860937668102,1,1
2019-03-24,3,1,0.7497262326126333,1,1
2019-03-25,3,1,0.7421759971026458,1,1
2019-03-26,3,1,0.7463750168525289,1,1
2019-03-27,3,1,0.6968318668253162,1,1
2019-03-28,3,1,0.7238568737020912,1,1
2019-03-29,3,1,0.7365064661791642,1,1
2019-03-30,3,1,0.7448970849288633,1,1
2019-03-31,3,1,0.7484287947674884,1,1
2019-04-01,3,1,0.744286433213542,1,1
2019-04-02,3,1,0.5356626336172979,1,1
2019-04-03,3,1,0.5451034507561519,1,1
2019-04-04,3,1,0.5593235823663963,1,1
2019-04-05,3,1,0.5664577763644063,1,1
2019-04-06,3,1,0.5892827019723871,1,1
2019-04-07,3,1,0.575642704963703,1,1
2019-04-08,3,1,0.5817456386076288,1,1
2019-04-09,3,1,0.5873569209142263,1,1
2019-04-10,3,1,0.5813374696433801,1,1
2019-04-11,3,1,0.5649085948190038,1,1
2019-04-12,3,1,0.5821818300971314,1,1
2019-04-13,3,1,0.6119961263970614,1,1
2019-04-14,3,1,0.6264038466724233,1,1
2019-04-15,3,1,0.6127476117964865,1,1
2019-04-16,3,1,0.5747335599537123,1,1
2019-04-17,3,1,0.5933361564023868,1,1
2019-04-18,3,1,0.617571335295834,1,1
2019-04-19,3,1,0.6605965541808463,1,1
2019-04-20,3,1,0.6965121857027555,1,1
2019-04-21,3,1,0.7235266680339634,1,1
2019-04-22,3,1,0.7187294833859884,1,1
2019-04-23,3,1,0.6045340788035216,1,1
2019-04-24,3,1,0.5976210080082559,1,1
2019-04-25,3,1,0.5655355382824406,1,1
2019-04-26,3,1,0.5775499564864539,1,1
2019-04-27,3,1,0.6022608601776003,1,1
2019-04-28,3,1,0.6407696378111107,1,1
2019-04-29,3,1,0.6767746588332022,1,1
2019-04-30,3,1,0.656112428187634,1,1
2019-05-01,3,1,0.685030775863686,1,1
2019-05-02,3,1,0.6680493512612341,1,1
2019-05-03,3,1,0.5703804506173481,1,1
2019-05-04,3,1,0.5821853938769266,1,1
2019-05-05,3,1,0.6043599012896734,1,1
2019-05-06,3,1,0.632458250963692,1,1
2019-05-07,3,1,0.6446105390010546,1,1
2019-05-08,3,1,0.5965038735686158,1,1
2019-05-09,3,1,0.5744551826004024,1,1
2019-05-10,3,1,0.5722547517551275,1,1
2019-05-11,3,1,0.535741522195009,1,1
2019-05-12,3,1,0.5408253768718142,1,1
2019-05-13,3,1,0.5356758889798678,1,1
2019-05-14,3,1,0.5446422738928364,1,1
2019-05-15,3,1,0.5541899310487128,1,1
2019-05-16,3,1,0.5520975047710878,1,1
2019-05-17,3,1,0.5385678242034786,1,1
2019-05-18,3,1,0.5498735279744598,1,1
2019-05-19,3,1,0.5356736814834071,1,1
2019-05-20,3,1,0.541866319304429,1,1
2019-05-21,3,1,0.5575858151591037,1,1
2019-05-22,3,1,0.5534014717107367,1,1
2019-05-23,3,1,0.5617874709293462,1,1
2019-05-24,3,1,0.575697669504158,1,1
2019-05-25,3,1,0.5974447620870676,1,1
2019-05-26,3,1,0.5514165334896168,1,1
2019-05-27,3,1,0.5655068614474519,1,1
2019-05-28,3,1,0.5835062516597704,1,1
2019-05-29,3,1,0.6120895150260605,1,1
2019-05-30,3,1,0.5670534251381519,1,1
2019-05-31,3,1,0.5693622490592679,1,1
2019-06-01,3,1,0.5867982506533015,1,1
2019-06-02,3,1,0.5843931890108486,1,1
2019-06-03,3,1,0.556693587229599,1,1
2019-06-04,3,1,0.5426544710290311,1,1
2019-06-05,3,1,0.5560045938467626,1,1
2019-06-06,3,1,0.5800913249942695,1,1
2019-06-07,3,1,0.5708703852618189,1,1
2019-06-08,3,1,0.5846637709962741,1,1
2019-06-09,3,1,0.5690255392571488,1,1
2019-06-10,3,1,0.5678639886153278,1,1
2019-06-11,3,1,0.5810550598691578,1,1
2019-06-12,3,1,0.5744935029571983,1,1
2019-06-13,3,1,0.5878382517774124,1,1
2019-06-14,3,1,0.5670624562682319,1,1
2019-06-15,3,1,0.5759903352456974,1,1
2019-06-16,3,1,0.5818155362341696,1,1
2019-06-17,3,1,0.5717276247980358,1,1
2019-06-18,3,1,0.5721583616067257,1,1
2019-06-19,3,1,0.5759644899792961,1,1
2019-06-20,3,1,0.5740390865979209,1,1
2019-06-21,3,1,0.5621415924924217,1,1
2019-06-22,3,0,0.5569195270769762,1,1
2019-06-23,3,0,0.5707564633564558,1,1
2019-06-24,3,0,0.5836203694245193,1,1
2019-06-25,3,0,0.5544421390075697,1,1
2019-06-26,3,0,0.5360259750449871,1,1
2019-06-27,3,0,0.535662623068742,1,1
2019-06-28,3,0,0.535689693312597,1,1
2019-06-29,3,0,0.5400335732299243,1,1
2019-06-30,3,0,0.535727514575284,1,1
2019-07-01,3,0,0.5429321503340655,1,1
2019-07-02,3,0,0.5543434912134562,1,1
2019-07-03,3,0,0.5358839771918026,1,1
2019-07-04,3,0,0.5365849919174881,1,1
2019-07-05,3,0,0.5440627207980036,1,1
2019-07-06,3,1,0.5554487906733855,1,1
2019-07-07,3,1,0.5652405704540326,1,1
2019-07-08,3,0,0.5459676978375259,1,1
2019-07-09,3,0,0.5565218204970115,1,1
2019-07-10,3,0,0.5565732492795504,1,1
2019-07-11,3,0,0.5406602002043736,1,1
2019-07-12,3,0,0.5460423734094305,1,1
2019-07-13,3,0,0.547732244807235,1,1
2019-07-14,3,1,0.5357459573934024,1,1
2019-07-15,3,0,0.5377473627378706,1,1
2019-07-16,3,1,0.5356629782496037,1,1
2019-07-17,3,1,0.5446463110168116,1,1
2019-07-18,3,0,0.535899410735633,1,1
2019-07-19,3,0,0.5447737632728442,1,1
2019-07-20,3,1,0.5556432906234964,1,1
2019-07-21,3,1,0.5670472423134952,1,1
2019-07-22,3,0,0.5676045864319273,1,1
2019-07-23,3,1,0.5590791759163637,1,1
2019-07-24,3,1,0.5745981969767385,1,1
2019-07-25,3,1,0.5948394808759881,1,1
2019-07-26,3,1,0.6303647886766135,1,1
2019-07-27,3,1,0.568641215814528,1,1
2019-07-28,3,1,0.5839989592001811,1,1
2019-07-29,3,1,0.6116532933008317,1,1
2019-07-30,3,0,0.6412106148545409,1,1
2019-07-31,3,0,0.5696317627059724,1,1
2019-08-01,3,0,0.5710077435268203,1,1
2019-08-02,3,0,0.5825028595122422,1,1
2019-08-03,3,0,0.5744960396678959,1,1
2019-08-04,3,0,0.5837410489649567,1,1
2019-08-05,3,0,0.5552390065153341,1,1
2019-08-06,3,0,0.5589766512390709,1,1
2019-08-07,3,0,0.5606442465006624,1,1
2019-08-08,3,0,0.5797927868644734,1,1
2019-08-09,3,0,0.6023276293918935,1,1
2019-08-10,3,0,0.5653097143477221,1,1
2019-08-11,3,0,0.5762253690770526,1,1
2019-08-12,3,0,0.5887161572022567,1,1
2019-08-13,3,0,0.5661579161164355,1,1
2019-08-14,3,1,0.5398523267003794,1,1
2019-08-15,3,1,0.5492906410228747,1,1
2019-08-16,3,0,0.5682405441112524,1,1
2019-08-17,3,1,0.5827748350736033,1,1
2019-08-18,3,0,0.6056601985991703,1,1
2019-08-19,3,0,0.5646202961662735,1,1
2019-08-20,3,0,0.5749189390851348,1,1
2019-08-21,3,1,0.5533744494898665,1,1
2019-08-22,3,0,0.5729872953827874,1,1
2019-08-23,3,0,0.5702188059814008,1,1
2019-08-24,3,0,0.5710550345375767,1,1
2019-08-25,3,0,0.591245426613991,1,1
2019-08-26,3,0,0.5831797574690266,1,1
2019-08-27,3,0,0.5854246668840931,1,1
2019-08-28,3,0,0.5671644314273283,1,1
2019-08-29,3,0,0.569399896337642,1,1
2019-08-30,3,0,0.5844266027192493,1,1
2019-08-31,3,0,0.6130464381248251,1,1
2019-09-01,3,0,0.6297367934516591,1,1
2019-09-02,3,0,0.5658761709036045,1,1
2019-09-03,3,0,0.5701221639123877,1,1
2019-09-04,3,0,0.5877979314410219,1,1
2019-09-05,3,0,0.6191660546644783,1,1
2019-09-06,3,0,0.6012444869526651,1,1
2019-09-07,3,0,0.6085554156681574,1,1
2019-09-08,3,0,0.6408354909024847,1,1
2019-09-09,3,0,0.6677568530266953,1,1
2019-09-10,3,0,0.6349921956008144,1,1
2019-09-11,3,0,0.6749764102384013,1,1
2019-09-12,3,0,0.6341919906369071,1,1
2019-09-13,3,0,0.6750868191612464,1,1
2019-09-14,3,0,0.7125310948359231,1,1
2019-09-15,3,0,0.7340094319987835,1,1
2019-09-16,3,0,0.7415252249361238,1,1
2019-09-17,3,0,0.7466132897151627,1,1
2019-09-18,3,0,0.7485324469604119,1,1
2019-09-19,3,0,0.7486863711749943,1,1
2019-09-20,3,0,0.7477802423366897,1,1
2019-09-21,3,0,0.7384660468834775,1,1
2019-09-22,3,0,0.7449593025056869,1,1
2019-09-23,3,0,0.6125106410515218,1,1
2019-09-24,3,0,0.5357758082710049,1,1
2019-09-25,3,1,0.5441156958196242,1,1
2019-09-26,3,1,0.5434308691659302,1,1
2019-09-27,3,1,0.5565055697174882,1,1
2019-09-28,3,1,0.5802239445864193,1,1
2019-09-29,3,1,0.5867092923155289,1,1
2019-09-30,3,1,0.5802460335753544,1,1
2019-10-01,3,1,0.6046138029476814,1,1
2019-10-02,3,1,0.6400704407366381,1,1
2019-10-03,3,1,0.6422624489145299,1,1
2019-10-04,3,1,0.6797993967075482,1,1
2019-10-05,3,1,0.7099808592785162,1,1
2019-10-06,3,1,0.6826176755386253,1,1
2019-10-07,3,1,0.5874447223945831,1,1
2019-10-08,3,1,0.617572464929596,1,1
2019-10-09,3,1,0.5706819611804562,1,1
2019-10-10,3,1,0.5869205880215754,1,1
2019-10-11,3,1,0.572144221114884,1,1
2019-10-12,3,1,0.5904568677898315,1,1
2019-10-13,3,1,0.6226284171837773,1,1
2019-10-14,3,1,0.6605653057596942,1,1
2019-10-15,3,1,0.6351764830550357,1,1
2019-10-16,3,1,0.6207213034210515,1,1
2019-10-17,3,1,0.6580457262022448,1,1
2019-10-18,3,1,0.6573011521028317,1,1
2019-10-19,3,1,0.6995617482439985,1,1
2019-10-20,3,0,0.6092406417529949,1,1
2019-10-21,3,0,0.6499004857357089,1,1
2019-10-22,3,0,0.6274680302854422,1,1
2019-10-23,3,0,0.5498965694145534,1,1
2019-10-24,3,0,0.5686295538284658,1,1
2019-10-25,3,0,0.5356629094178478,1,1
2019-10-26,3,0,0.5371296398837596,1,1
2019-10-27,3,0,0.544521470257849,1,1
2019-10-28,3,0,0.5485297613604139,1,1
2019-10-29,3,0,0.5610883780611033,1,1
2019-10-30,3,0,0.5647572553947728,1,1
2019-10-31,3,0,0.5870759102683007,1,1
2019-11-01,3,0,0.6178158188026075,1,1
2019-11-02,3,0,0.6558339191995002,1,1
2019-11-03,3,0,0.6839642912374087,1,1
2019-11-04,3,0,0.6660648029624853,1,1
2019-11-05,3,0,0.6980359075414985,1,1
2019-11-06,3,0,0.726312147941568,1,1
2019-11-07,3,0,0.73390217112365,1,1
2019-11-08,3,0,0.5657374649785093,1,1
2019-11-09,3,0,0.5840317747876274,1,1
2019-11-10,3,0,0.5749517101477929,1,1
2019-11-11,3,0,0.5695937937809927,1,1
2019-11-12,3,0,0.585091703667446,1,1
2019-11-13,3,0,0.6144113108699918,1,1
2019-11-14,3,0,0.6357887349700636,1,1
2019-11-15,3,0,0.5952933640803584,1,1
2019-11-16,3,0,0.6256186474431651,1,1
2019-11-17,3,0,0.6689868265329982,1,1
2019-11-18,3,0,0.5840047747978764,1,1
2019-11-19,3,0,0.5974548476933107,1,1
2019-11-20,3,0,0.5864695116537287,1,1
2019-11-21,3,0,0.5640881895104648,1,1
2019-11-22,3,1,0.5573428007079537,1,1
2019-11-23,3,0,0.5714065600015343,1,1
2019-11-24,3,1,0.557446171771133,1,1
2019-11-25,3,1,0.5714463024742596,1,1
2019-11-26,3,1,0.5900839965933422,1,1
2019-11-27,3,0,0.5686581782390799,1,1
2019-11-28,3,0,0.5815978836069158,1,1
2019-11-29,3,0,0.570167167990193,1,1
2019-11-30,3,0,0.5716147228571329,1,1
2019-12-01,3,0,0.5756841369110367,1,1
2019-12-02,3,0,0.5850638560274917,1,1
2019-12-03,3,0,0.6145241799516196,1,1
2019-12-04,3,1,0.6426942889732219,1,1
2019-12-05,3,0,0.5926596110998352,1,1
2019-12-06,4,0,0.6484561708181482,1,1
2019-12-07,4,1,0.6630796298788171,1,1
2019-12-08,4,1,0.6693849122695696,1,1
2019-12-09,4,1,0.6390946051285163,1,1
2019-12-10,4,1,0.6310924786972572,1,1
2019-12-11,4,1,0.6479221075753839,1,1
2019-12-12,4,1,0.662317643656059,1,1
2019-12-13,4,1,0.6686460311986565,1,1
2019-12-14,4,1,0.645747473390363,1,1
2019-12-15,4,1,0.6614155859928146,1,1
2019-12-16,4,1,0.5787826629188674,1,1
2019-12-17,4,1,0.5580721492151005,1,1
2019-12-18,4,1,0.522682472648782,1,1
2019-12-19,4,1,0.5359179240906369,1,1
2019-12-20,4,1,0.5619080714160469,1,1
2019-12-21,4,1,0.5975626912408798,1,1
2019-12-22,4,1,0.5562192969174006,1,1
2019-12-23,4,1,0.5623748263403441,1,1
2019-12-24,4,1,0.5832750166345925,1,1
2019-12-25,4,1,0.6084156480184486,1,1
2019-12-26,4,1,0.6353906636498226,1,1
2019-12-27,4,1,0.6525194293969222,1,1
2019-12-28,4,1,0.6642338744068369,1,1
2019-12-29,4,1,0.6594297185962096,1,1
2019-12-30,4,1,0.6455683050646055,1,1
2019-12-31,4,1,0.6463658263958921,1,1
2020-01-01,4,1,0.662318772550241,1,1
2020-01-02,4,1,0.583269960244999,1,1
2020-01-03,4,1,0.5584770046321212,1,1
2020-01-04,4,1,0.5750169434120025,1,1
2020-01-05,4,1,0.6024803849570555,1,1
2020-01-06,4,1,0.5622171863779091,1,1
2020-01-07,4,1,0.5576260144002878,1,1
2020-01-08,4,1,0.5724437919078036,1,1
2020-01-09,4,1,0.5662714425233103,1,1
2020-01-10,4,1,0.5632122318669001,1,1
2020-01-11,4,1,0.5707835736608939,1,1
2020-01-12,4,1,0.573200464076012,1,1
2020-01-13,4,1,0.5929999305316515,1,1
2020-01-14,4,1,0.5377934045940325,1,1
2020-01-15,4,1,0.5607611293878728,1,1
2020-01-16,4,1,0.5845500808477787,1,1
2020-01-17,4,1,0.5720380359242909,1,1
2020-01-18,4,1,0.5989157189152463,1,1
2020-01-19,4,1,0.571181328189499,1,1
2020-01-20,4,1,0.5917671579453415,1,1
2020-01-21,4,1,0.6100483797638222,1,1
2020-01-22,4,1,0.6324990950932864,1,1
2020-01-23,4,1,0.5695065531989675,1,1
2020-01-24,4,1,0.5904084428284516,1,1
2020-01-25,4,1,0.6098642314364889,1,1
2020-01-26,4,1,0.5741686982773284,1,1
2020-01-27,4,0,0.565614157808862,1,1
2020-01-28,4,0,0.5611888851259513,1,1
2020-01-29,4,0,0.5792349871822196,1,1
2020-01-30,4,0,0.5756652550529271,1,1
2020-01-31,4,0,0.5789016269662741,1,1
2020-02-01,4,0,0.6032995209058785,1,1
2020-02-02,4,0,0.629838315663449,1,1
2020-02-03,4,0,0.6502462468549884,1,1
2020-02-04,4,0,0.6531223975338714,1,1
2020-02-05,4,0,0.5619035488831414,1,1
2020-02-06,4,0,0.5743041147660766,1,1
2020-02-07,4,0,0.5953156997413125,1,1
2020-02-08,4,0,0.6198780620546962,1,1
2020-02-09,4,0,0.5815059079949105,1,1
2020-02-10,4,0,0.5692979042539815,1,1
2020-02-11,4,0,0.5652020483226057,1,1
2020-02-12,4,0,0.5766294063299496,1,1
2020-02-13,4,0,0.5902404176275107,1,1
2020-02-14,4,0,0.6093058854826535,1,1
2020-02-15,4,0,0.5629405199500731,1,1
2020-02-16,4,0,0.5807573023079469,1,1
2020-02-17,4,0,0.5697721397415921,1,1
2020-02-18,4,0,0.5622088223017664,1,1
2020-02-19,4,0,0.5523744657429454,1,1
2020-02-20,4,0,0.5741728624709005,1,1
2020-02-21,4,0,0.5981454529640037,1,1
2020-02-22,4,0,0.629318794074792,1,1
2020-02-23,4,0,0.5803417704199727,1,1
2020-02-24,4,0,0.56721636471856,1,1
2020-02-25,4,0,0.5636848961148587,1,1
2020-02-26,4,0,0.5496880949021272,1,1
2020-02-27,4,0,0.5714202931980409,1,1
2020-02-28,4,0,0.5856231999536526,1,1
2020-02-29,4,0,0.6088825626340667,1,1
2020-03-01,4,0,0.6369498708569741,1,1
2020-03-02,4,0,0.5668312272282056,1,1
2020-03-03,4,0,0.5806942530888303,1,1
2020-03-04,4,0,0.6062612670020617,1,1
2020-03-05,4,0,0.5660868025639815,1,1
2020-03-06,4,0,0.5828385840723658,1,1
2020-03-07,4,0,0.5722860572485416,1,1
2020-03-08,4,0,0.5246159025496158,1,1
2020-03-09,4,0,0.5336977065717807,1,1
2020-03-10,4,0,0.5565650198826669,1,1
2020-03-11,4,0,0.5917519350821555,1,1
2020-03-12,4,1,0.5195382904425265,1,1
2020-03-13,4,1,0.5195490365544283,1,1
2020-03-14,4,1,0.5205423246815862,1,1
2020-03-15,4,1,0.5280121043305157,1,1
2020-03-16,4,1,0.5212378734561186,1,1
2020-03-17,4,1,0.5272704366710166,1,1
2020-03-18,4,1,0.5466809413150467,1,1
2020-03-19,4,1,0.5195382931564329,1,1
2020-03-20,4,1,0.5314187802856154,1,1
2020-03-21,4,1,0.552683476949578,1,1
2020-03-22,4,1,0.5311639941813425,1,1
2020-03-23,4,1,0.5198483826307295,1,1
2020-03-24,4,1,0.5243799162297577,1,1
2020-03-25,4,1,0.539545951265323,1,1
2020-03-26,4,1,0.5666722859597656,1,1
2020-03-27,4,1,0.5489687985106743,1,1
2020-03-28,4,1,0.5487605868275984,1,1
2020-03-29,4,1,0.5379705008952581,1,1
2020-03-30,4,1,0.5215996733740164,1,1
2020-03-31,4,1,0.5360228541358685,1,1
2020-04-01,4,1,0.5453139379311067,1,1
2020-04-02,4,1,0.5527354350659177,1,1
2020-04-03,4,1,0.5708409725773687,1,1
2020-04-04,4,1,0.5725416575856892,1,1
2020-04-05,4,1,0.5869769150998594,1,1
2020-04-06,4,1,0.5480889912336199,1,1
2020-04-07,4,1,0.5627982436517766,1,1
2020-04-08,4,1,0.5659789971597067,1,1
2020-04-09,4,1,0.5880024715070062,1,1
2020-04-10,4,1,0.5483814975961872,1,1
2020-04-11,4,1,0.5714651256052787,1,1
2020-04-12,4,1,0.5798081332881768,1,1
2020-04-13,4,1,0.5795383267410364,1,1
2020-04-14,4,1,0.6082032673702717,1,1
2020-04-15,4,1,0.5691827662401432,1,1
2020-04-16,4,1,0.5464342462598631,1,1
2020-04-17,4,1,0.5692279352159912,1,1
2020-04-18,4,1,0.5675243128988158,1,1
2020-04-19,4,1,0.5846756712388862,1,1
2020-04-20,4,1,0.5593956105590722,1,1
2020-04-21,4,1,0.579548256733946,1,1
2020-04-22,4,1,0.5645307006188586,1,1
2020-04-23,4,1,0.562042213791811,1,1
2020-04-24,4,1,0.5706793950658725,1,1
2020-04-25,4,1,0.5930771583319716,1,1
2020-04-26,4,1,0.5997106672368804,1,1
2020-04-27,4,1,0.6037451921762176,1,1
2020-04-28,4,1,0.6333446397589433,1,1
2020-04-29,4,1,0.5197522393912962,1,1
2020-04-30,4,1,0.5297130569257131,1,1
2020-05-01,4,1,0.5415187278416954,1,1
2020-05-02,4,1,0.5587429358344933,1,1
2020-05-03,4,1,0.5785762790996936,1,1
2020-05-04,4,1,0.6116246762242856,1,1
2020-05-05,4,1,0.630515678536195,1,1
2020-05-06,4,1,0.5743534301089207,1,1
2020-05-07,4,0,0.5460055016187698,1,1
2020-05-08,4,0,0.5630969711907042,1,1
2020-05-09,4,1,0.5604166535224943,1,1
2020-05-10,4,1,0.5223862314100169,1,1
2020-05-11,4,1,0.5329302241880648,1,1
2020-05-12,4,1,0.5445212983504065,1,1
2020-05-13,4,1,0.5394040476009633,1,1
2020-05-14,4,0,0.5379327054269549,1,1
2020-05-15,4,1,0.5361363669281741,1,1
2020-05-16,4,1,0.5584835146090065,1,1
2020-05-17,4,0,0.555554774444462,1,1
2020-05-18,4,0,0.5762766879949226,1,1
2020-05-19,4,0,0.6063500825806514,1,1
2020-05-20,4,0,0.5867542501505169,1,1
2020-05-21,4,1,0.5584380478402764,1,1
2020-05-22,4,1,0.5731740991840794,1,1
2020-05-23,4,1,0.5989270304083342,1,1
2020-05-24,4,1,0.5596449308206322,1,1
2020-05-25,4,1,0.571965009862583,1,1
2020-05-26,4,1,0.5906851279793918,1,1
2020-05-27,4,0,0.5646379182295946,1,1
2020-05-28,4,0,0.5639284629828716,1,1
2020-05-29,4,0,0.5774578845001765,1,1
2020-05-30,4,0,0.5680818298949218,1,1
2020-05-31,4,0,0.5671859245604379,1,1
2020-06-01,4,0,0.544657046238156,1,1
2020-06-02,4,0,0.5279866896115016,1,1
2020-06-03,4,0,0.544199342512033,1,1
2020-06-04,4,0,0.561076538806163,1,1
2020-06-05,4,0,0.5750925885389815,1,1
2020-06-06,4,0,0.6072836737755567,1,1
2020-06-07,4,0,0.6250081990779112,1,1
2020-06-08,4,0,0.6504049618970351,1,1
2020-06-09,4,0,0.6637371700164733,1,1
2020-06-10,4,0,0.6674134163238247,1,1
2020-06-11,4,0,0.5502930210838967,1,1
2020-06-12,4,0,0.5629130006369455,1,1
2020-06-13,4,0,0.5879021442548137,1,1
2020-06-14,4,0,0.6087975881766561,1,1
2020-06-15,4,0,0.6339179049477585,1,1
2020-06-16,4,0,0.648348700603596,1,1
2020-06-17,4,0,0.6605968371926897,1,1
2020-06-18,4,0,0.6659217295251902,1,1
2020-06-19,4,0,0.6621117538374406,1,1
2020-06-20,4,0,0.6683010413504109,1,1
2020-06-21,4,1,0.6711142335017966,1,1
2020-06-22,4,0,0.5676030834640707,1,1
2020-06-23,4,0,0.5905360820552261,1,1
2020-06-24,4,1,0.5645284763452024,1,1
2020-06-25,4,1,0.581971525213637,1,1
2020-06-26,4,1,0.5967633103958185,1,1
2020-06-27,4,1,0.6070166538600295,1,1
2020-06-28,4,1,0.6232247257203554,1,1
2020-06-29,4,1,0.6464431175088856,1,1
2020-06-30,4,1,0.659773777597052,1,1
2020-07-01,4,1,0.6633229154070915,1,1
2020-07-02,4,1,0.6631160872271272,1,1
2020-07-03,4,1,0.6688441473817419,1,1
2020-07-04,4,1,0.6709353341083294,1,1
2020-07-05,4,1,0.671120727729822,1,1
2020-07-06,4,1,0.5777326295215679,1,1
2020-07-07,4,1,0.5888244116278389,1,1
2020-07-08,4,1,0.5843340587298983,1,1
2020-07-09,4,1,0.5871588993482852,1,1
2020-07-10,4,1,0.616393962396477,1,1
2020-07-11,4,1,0.6421036148140244,1,1
2020-07-12,4,1,0.6589477081201838,1,1
2020-07-13,4,1,0.6670920942130626,1,1
2020-07-14,4,1,0.6709710272567091,1,1
2020-07-15,4,1,0.6714945479690552,1,1
2020-07-16,4,1,0.6712922006366182,1,1
2020-07-17,4,1,0.672456438766165,1,1
2020-07-18,4,1,0.6729401786411219,1,1
2020-07-19,4,1,0.6729361069022924,1,1
2020-07-20,4,1,0.6729595850933157,1,1
2020-07-21,4,1,0.6397022767695631,1,1
2020-07-22,4,1,0.6352124657595162,1,1
2020-07-23,4,1,0.6539772688669391,1,1
2020-07-24,4,1,0.6644321937070934,1,1
2020-07-25,4,1,0.6588002078026882,1,1
2020-07-26,4,1,0.6173585579788371,1,1
2020-07-27,4,1,0.5211199684816303,1,1
2020-07-28,4,1,0.5339416236111159,1,1
2020-07-29,4,1,0.5490305779931152,1,1
2020-07-30,4,1,0.5778864761675917,1,1
2020-07-31,4,1,0.5785514347802765,1,1
2020-08-01,4,0,0.5617908563309212,1,1
2020-08-02,4,1,0.543581486453959,1,1
2020-08-03,4,1,0.5576519674627336,1,1
2020-08-04,4,0,0.5825342362441761,1,1
2020-08-05,4,0,0.557667638051437,1,1
2020-08-06,4,0,0.578095206277916,1,1
2020-08-07,4,0,0.5847659358573803,1,1
2020-08-08,4,0,0.596359151713856,1,1
2020-08-09,4,0,0.6211936530066559,1,1
2020-08-10,4,0,0.613648475758491,1,1
2020-08-11,4,0,0.5631587597890608,1,1
2020-08-12,4,0,0.572228829802448,1,1
2020-08-13,4,0,0.5766696443757062,1,1
2020-08-14,4,0,0.6013461912841075,1,1
2020-08-15,4,0,0.6235134469956464,1,1
2020-08-16,4,0,0.6485477085337937,1,1
2020-08-17,4,0,0.5775059049288187,1,1
2020-08-18,4,0,0.5725724236496494,1,1
2020-08-19,4,0,0.5729161133421539,1,1
2020-08-20,4,0,0.587825586288858,1,1
2020-08-21,4,0,0.572711942109212,1,1
2020-08-22,4,0,0.590807194924397,1,1
2020-08-23,4,0,0.6199524961199403,1,1
2020-08-24,4,0,0.6374182483953172,1,1
2020-08-25,4,0,0.566367405193674,1,1
2020-08-26,4,0,0.5799492151541837,1,1
2020-08-27,4,0,0.5870268322854442,1,1
2020-08-28,4,0,0.5822562259391,1,1
2020-08-29,4,0,0.6082758068524962,1,1
2020-08-30,4,0,0.6014185468254475,1,1
2020-08-31,4,0,0.63046037648085,1,1
2020-09-01,4,0,0.5886642035769887,1,1
2020-09-02,4,0,0.5602332770916868,1,1
2020-09-03,4,1,0.5202228445115141,1,1
2020-09-04,4,1,0.5301930243638633,1,1
2020-09-05,4,1,0.5347640822668283,1,1
2020-09-06,4,1,0.5539228675352768,1,1
2020-09-07,4,1,0.5788744101073351,1,1
2020-09-08,4,1,0.5685947231723116,1,1
2020-09-09,4,1,0.585684057040749,1,1
2020-09-10,4,1,0.6009869520685123,1,1
2020-09-11,4,1,0.6301856688690455,1,1
2020-09-12,4,1,0.6520895322830862,1,1
2020-09-13,4,1,0.6558988017793634,1,1
2020-09-14,4,1,0.5697312060474581,1,1
2020-09-15,4,1,0.5837576119232087,1,1
2020-09-16,4,1,0.5865641193222001,1,1
2020-09-17,4,1,0.6143835883360586,1,1
2020-09-18,4,1,0.6424288401263264,1,1
2020-09-19,4,1,0.6442482627029978,1,1
2020-09-20,4,1,0.6436180973149501,1,1
2020-09-21,4,1,0.560182518403526,1,1
2020-09-22,4,1,0.5775002325075936,1,1
2020-09-23,4,1,0.5658638095631577,1,1
2020-09-24,4,1,0.5595739382267765,1,1
2020-09-25,4,1,0.5770968856629852,1,1
2020-09-26,4,1,0.602393989286986,1,1
2020-09-27,4,1,0.6325350169789589,1,1
2020-09-28,4,1,0.6513765552646016,1,1
2020-09-29,4,1,0.6536698051812101,1,1
2020-09-30,4,1,0.6637292043173662,1,1
2020-10-01,4,1,0.6559856591981542,1,1
2020-10-02,4,1,0.6657748890243566,1,1
2020-10-03,4,1,0.6702540283014836,1,1
2020-10-04,4,1,0.6676702350505003,1,1
2020-10-05,4,1,0.6659908160603669,1,1
2020-10-06,4,1,0.6518815484847721,1,1
2020-10-07,4,1,0.6630340829327348,1,1
2020-10-08,4,1,0.6249042576530994,1,1
2020-10-09,4,1,0.6311046501439151,1,1
2020-10-10,4,1,0.6058118885668025,1,1
2020-10-11,4,1,0.6290463484652947,1,1
2020-10-12,4,1,0.6290801521242564,1,1
2020-10-13,4,1,0.6397476926405893,1,1
2020-10-14,4,1,0.6588023097185027,1,1
2020-10-15,4,1,0.6662164636488003,1,1
2020-10-16,4,1,0.6585668385228886,1,1
2020-10-17,4,1,0.6673523775134309,1,1
2020-10-18,4,1,0.6663976282828759,1,1
2020-10-19,4,1,0.6325897666434109,1,1
2020-10-20,4,1,0.6334199578028104,1,1
2020-10-21,4,1,0.5434598827847186,1,1
2020-10-22,4,1,0.5623583700898065,1,1
2020-10-23,4,1,0.5911927751677226,1,1
2020-10-24,4,1,0.6033168605962324,1,1
2020-10-25,4,1,0.6303134927155292,1,1
2020-10-26,4,1,0.6527964350896974,1,1
2020-10-27,4,1,0.5631910028556159,1,1
2020-10-28,4,1,0.5634235958742243,1,1
2020-10-29,4,1,0.5750982091254737,1,1
2020-10-30,4,1,0.5942988042096404,1,1
2020-10-31,4,1,0.5924559420942799,1,1
2020-11-01,4,1,0.6207579144872262,1,1
2020-11-02,4,1,0.6257714544034498,1,1
2020-11-03,4,1,0.5736258447023022,1,1
2020-11-04,4,1,0.5838520580705018,1,1
2020-11-05,4,1,0.5239358113150521,1,1
2020-11-06,4,1,0.5405991863425474,1,1
2020-11-07,4,1,0.5324292143769211,1,1
2020-11-08,4,1,0.5359109059371286,1,1
2020-11-09,4,1,0.5544317652846411,1,1
2020-11-10,4,1,0.5851308333775619,1,1
2020-11-11,4,1,0.5665703248187526,1,1
2020-11-12,4,1,0.5620185791494936,1,1
2020-11-13,4,1,0.5809689190345627,1,1
2020-11-14,4,1,0.586195771022082,1,1
2020-11-15,4,1,0.6095323733051647,1,1
2020-11-16,4,1,0.5631155153080594,1,1
2020-11-17,4,1,0.5560779170219564,1,1
2020-11-18,4,1,0.573489645142382,1,1
2020-11-19,4,1,0.6014742168228107,1,1
2020-11-20,4,1,0.5627103924022817,1,1
2020-11-21,4,1,0.5815127186207989,1,1
2020-11-22,4,1,0.58816669591382,1,1
2020-11-23,4,1,0.6178548106497221,1,1
2020-11-24,4,1,0.5651137947658633,1,1
2020-11-25,4,1,0.5688865994956394,1,1
2020-11-26,4,1,0.5271480525291611,1,1
2020-11-27,4,1,0.5460575514407687,1,1
2020-11-28,4,1,0.5464986907390155,1,1
2020-11-29,4,1,0.5550656062599316,1,1
2020-11-30,4,1,0.5285294672838902,1,1
2020-12-01,4,1,0.5294175532386798,1,1
2020-12-02,4,1,0.5423226497435019,1,1
2020-12-03,4,1,0.5607619504321708,1,1
2020-12-04,4,1,0.5505759653337957,1,1
2020-12-05,4,1,0.5587348596719993,1,1
2020-12-06,4,1,0.5755354525792414,1,1
2020-12-07,4,1,0.5967951429036328,1,1
2020-12-08,4,1,0.5590747967152484,1,1
2020-12-09,4,1,0.5721303105727992,1,1
2020-12-10,4,1,0.5784963571331185,1,1
2020-12-11,4,1,0.5925882908442642,1,1
2020-12-12,4,1,0.5644209859842013,1,1
2020-12-13,4,1,0.5706333797987468,1,1
2020-12-14,4,1,0.5898686128410366,1,1
2020-12-15,4,1,0.610258491876635,1,1
2020-12-16,4,1,0.5265726479771556,1,1
2020-12-17,4,1,0.522587753385573,1,1
2020-12-18,4,1,0.5359774046166281,1,1
2020-12-19,4,1,0.5434225245410423,1,1
2020-12-20,4,1,0.5559709550975125,1,1
2020-12-21,4,1,0.5550796049105141,1,1
2020-12-22,4,1,0.5542319803612066,1,1
2020-12-23,4,1,0.5596834473473156,1,1
2020-12-24,4,1,0.5656771871098234,1,1
2020-12-25,4,1,0.562125418293061,1,1
2020-12-26,4,1,0.5420468428406384,1,1
2020-12-27,4,1,0.5633132291447381,1,1
2020-12-28,4,1,0.5585035209968335,1,1
2020-12-29,4,1,0.5746874921295881,1,1
2020-12-30,4,1,0.5570055255686718,1,1
2020-12-31,4,1,0.5764650552992954,1,1
2021-01-01,4,1,0.5896341827852881,1,1
2021-01-02,4,1,0.5273790806559879,1,1
2021-01-03,4,1,0.5403736468063257,1,1
2021-01-04,4,1,0.546967066132975,1,1
2021-01-05,4,1,0.5343161090698243,1,1
2021-01-06,4,1,0.5215336230258301,1,1
2021-01-07,4,0,0.521513137082239,1,1
2021-01-08,4,0,0.5291281777454471,1,1
2021-01-09,4,1,0.5436535573030292,1,1
2021-01-10,4,1,0.5348101630010998,1,1
2021-01-11,4,1,0.5217863216600426,1,1
2021-01-12,4,1,0.52409165089833,1,1
2021-01-13,4,1,0.5197151819901308,1,1
2021-01-14,4,1,0.5241875836382496,1,1
2021-01-15,4,1,0.5220493457776283,1,1
2021-01-16,4,1,0.532519139289783,1,1
2021-01-17,4,1,0.5499924663853936,1,1
2021-01-18,4,1,0.5563172422073348,1,1
2021-01-19,4,1,0.5676222487786412,1,1
2021-01-20,4,1,0.577884136421522,1,1
2021-01-21,4,1,0.5195527231154016,1,1
2021-01-22,4,1,0.5209001763473955,1,1
2021-01-23,4,1,0.5281037567853913,1,1
2021-01-24,4,1,0.5471185152452479,1,1
2021-01-25,4,1,0.5786599851842489,1,1
2021-01-26,4,1,0.6126925820583425,1,1
2021-01-27,4,1,0.5378762579462767,1,1
2021-01-28,4,1,0.5200798895528307,1,1
2021-01-29,4,1,0.5301388237684497,1,1
2021-01-30,4,1,0.5510704466314527,1,1
2021-01-31,4,1,0.5454933387247519,1,1
2021-02-01,4,1,0.5628817706935405,1,1
2021-02-02,4,1,0.5458234834639052,1,1
2021-02-03,4,1,0.5396231443065368,1,1
2021-02-04,4,1,0.5541144228485443,1,1
2021-02-05,4,1,0.554825292716146,1,1
2021-02-06,4,1,0.5594362757997661,1,1
2021-02-07,4,1,0.5749771834620978,1,1
2021-02-08,4,1,0.5195382954751046,1,1
2021-02-09,4,1,0.53147252623339,1,1
2021-02-10,4,1,0.5353486591399992,1,1
2021-02-11,4,1,0.5265903164307729,1,1
2021-02-12,4,1,0.5428841369581844,1,1
2021-02-13,4,1,0.566698898216459,1,1
2021-02-14,4,1,0.5553297724673237,1,1
2021-02-15,4,1,0.5657248748004958,1,1
2021-02-16,4,1,0.5648624547122436,1,1
2021-02-17,4,1,0.5532534599445385,1,1
2021-02-18,4,1,0.57057723974173,1,1
2021-02-19,4,1,0.5313920346753159,1,1
2021-02-20,4,0,0.5528053622187565,1,1
2021-02-21,4,0,0.5557455368928446,1,1
2021-02-22,4,0,0.536808545233774,1,1
2021-02-23,4,1,0.5197227538493238,1,1
2021-02-24,4,1,0.5308960003929317,1,1
2021-02-25,4,1,0.5264459561138795,1,1
2021-02-26,4,1,0.5387757245011258,1,1
2021-02-27,4,1,0.5641602030781689,1,1
2021-02-28,4,1,0.5610316059921525,1,1
2021-03-01,4,1,0.5212555073516749,1,1
2021-03-02,4,1,0.5293309571359096,1,1
2021-03-03,4,1,0.5328684121376196,1,1
2021-03-04,4,1,0.5337523754848509,1,1
2021-03-05,4,1,0.554591995893035,1,1
2021-03-06,4,1,0.5871007971503912,1,1
2021-03-07,4,1,0.5549444852006807,1,1
2021-03-08,4,1,0.5637218997687883,1,1
2021-03-09,4,1,0.5569996901095084,1,1
2021-03-10,4,1,0.5642171151685887,1,1
2021-03-11,4,1,0.5634902764448971,1,1
2021-03-12,4,1,0.5782744928289654,1,1
2021-03-13,4,0,0.5505310168849057,1,1
2021-03-14,4,1,0.552088515610313,1,1
2021-03-15,4,1,0.536050452479597,1,1
2021-03-16,4,1,0.5518802988219934,1,1
2021-03-17,4,1,0.5524386237561114,1,1
2021-03-18,4,1,0.5624381319419598,1,1
2021-03-19,4,0,0.5823837802952754,1,1
2021-03-20,4,0,0.61306594351602,1,1
2021-03-21,4,0,0.6198736082752039,1,1
2021-03-22,4,0,0.556105960501466,1,1
2021-03-23,4,0,0.5767116151946212,1,1
2021-03-24,4,0,0.5603054052522923,1,1
2021-03-25,5,0,0.5842286386803749,1,1
2021-03-26,5,0,0.5775861354742232,1,1
2021-03-27,5,0,0.5861221970970893,1,1
2021-03-28,5,0,0.6060387868190389,1,1
2021-03-29,5,0,0.5873041568458763,1,1
2021-03-30,5,0,0.5905922051121648,1,1
2021-03-31,5,0,0.6088705729042472,1,1
2021-04-01,5,0,0.6332721997053437,1,1
2021-04-02,5,0,0.6531667941753506,1,1
2021-04-03,5,0,0.5968130812246251,1,1
2021-04-04,5,0,0.5957959629527584,1,1
2021-04-05,5,0,0.6151357078238324,1,1
2021-04-06,5,0,0.6193300755095288,1,1
2021-04-07,5,1,0.5869013460793988,1,1
2021-04-08,5,1,0.586159708280986,1,1
2021-04-09,5,0,0.6011588474699593,1,1
2021-04-10,5,0,0.5905916579882862,1,1
2021-04-11,5,0,0.6056434584025985,1,1
2021-04-12,5,0,0.6273595543800441,1,1
2021-04-13,5,0,0.5848510849922901,1,1
2021-04-14,5,0,0.5981641495751763,1,1
2021-04-15,5,0,0.6207444209925004,1,1
2021-04-16,5,0,0.5927768067802545,1,1
2021-04-17,5,0,0.5995107197885163,1,1
2021-04-18,5,0,0.5778068542264362,1,1
2021-04-19,5,0,0.589087869578436,1,1
2021-04-20,5,0,0.6001823498036752,1,1
2021-04-21,5,0,0.5832601876212826,1,1
2021-04-22,5,0,0.5825271235516668,1,1
2021-04-23,5,0,0.591467156621386,1,1
2021-04-24,5,0,0.5916814296868658,1,1
2021-04-25,5,0,0.5914683513993945,1,1
2021-04-26,5,0,0.5719775028747378,1,1
2021-04-27,5,0,0.5779671225353181,1,1
2021-04-28,5,0,0.5923715488121207,1,1
2021-04-29,5,0,0.5886577934108953,1,1
2021-04-30,5,0,0.5756725447181121,1,1
2021-05-01,5,0,0.5885262903769499,1,1
2021-05-02,5,0,0.5892273447320201,1,1
2021-05-03,5,0,0.6038729383788624,1,1
2021-05-04,5,0,0.5780291392749164,1,1
2021-05-05,5,0,0.5727799717794659,1,1
2021-05-06,5,0,0.5783229465439399,1,1
2021-05-07,5,0,0.5859658955825348,1,1
2021-05-08,5,0,0.5864883705229592,1,1
2021-05-09,5,0,0.5985472501534814,1,1
2021-05-10,5,0,0.585012859055866,1,1
2021-05-11,5,0,0.5925074828278385,1,1
2021-05-12,5,0,0.5704449466423268,1,1
2021-05-13,5,0,0.5759720452237785,1,1
2021-05-14,5,0,0.5888692352003979,1,1
2021-05-15,5,0,0.5753378931174973,1,1
2021-05-16,5,0,0.5864220473535856,1,1
2021-05-17,5,0,0.5747877961636825,1,1
2021-05-18,5,0,0.5821311623309834,1,1
2021-05-19,5,0,0.5704338690574132,1,1
2021-05-20,5,0,0.5704928118241757,1,1
2021-05-21,5,0,0.570557173523356,1,1
2021-05-22,5,0,0.5763889287580877,1,1
2021-05-23,5,0,0.5715415610284138,1,1
2021-05-24,5,0,0.5704579608083008,1,1
2021-05-25,5,0,0.5757866735731437,1,1
2021-05-26,5,0,0.5812485869929463,1,1
2021-05-27,5,0,0.5848875894171841,1,1
2021-05-28,5,0,0.57423617647517,1,1
2021-05-29,5,0,0.5771889640955478,1,1
2021-05-30,5,1,0.580860451316879,1,1
2021-05-31,5,0,0.580975135640744,1,1
2021-06-01,5,0,0.5871927005431861,1,1
2021-06-02,5,0,0.5878673541801757,1,1
2021-06-03,5,0,0.5852873573056767,1,1
2021-06-04,5,0,0.5798800483282797,1,1
2021-06-05,5,0,0.5804821017422226,1,1
2021-06-06,5,0,0.5930053911755668,1,1
2021-06-07,5,1,0.5772466961384769,1,1
2021-06-08,5,0,0.5908068070837762,1,1
2021-06-09,5,0,0.5705737510683128,1,1
2021-06-10,5,0,0.5753349920356639,1,1
2021-06-11,5,0,0.5826814654833958,1,1
2021-06-12,5,0,0.578409046196961,1,1
2021-06-13,5,0,0.5708197947518475,1,1
2021-06-14,5,0,0.5753820558720429,1,1
2021-06-15,5,0,0.5875687527608336,1,1
2021-06-16,5,0,0.5779722918505716,1,1
2021-06-17,5,0,0.5898988127618952,1,1
2021-06-18,5,0,0.5769630688590887,1,1
2021-06-19,5,0,0.5897174605963732,1,1
2021-06-20,5,0,0.6131482872741609,1,1
2021-06-21,5,1,0.570559034676839,1,1
2021-06-22,5,0,0.5753095884020712,1,1
2021-06-23,5,0,0.5783352042548688,1,1
2021-06-24,5,0,0.5823219125513189,1,1
2021-06-25,5,1,0.5713542456421694,1,1
2021-06-26,5,1,0.5772406075858861,1,1
2021-06-27,5,1,0.5723882616881519,1,1
2021-06-28,5,1,0.5807015713332907,1,1
2021-06-29,5,1,0.5797274511234045,1,1
2021-06-30,5,1,0.5835469292154314,1,1
2021-07-01,5,1,0.5813562707024953,1,1
2021-07-02,5,1,0.5933065569845304,1,1
2021-07-03,5,1,0.5911230105791265,1,1
2021-07-04,5,1,0.594912615192105,1,1
2021-07-05,5,1,0.5853411216462769,1,1
2021-07-06,5,1,0.5931708513785945,1,1
2021-07-07,5,1,0.604603051860195,1,1
2021-07-08,5,1,0.5889568870419196,1,1
2021-07-09,5,1,0.5879614505964459,1,1
2021-07-10,5,1,0.600115391119518,1,1
2021-07-11,5,1,0.5955619360831506,1,1
2021-07-12,5,1,0.5874291507852014,1,1
2021-07-13,5,1,0.5948915895680277,1,1
2021-07-14,5,1,0.6148019603889167,1,1
2021-07-15,5,1,0.5885180710140645,1,1
2021-07-16,5,1,0.5983447471652987,1,1
2021-07-17,5,1,0.6199342970064808,1,1
2021-07-18,5,1,0.6384792120233868,1,1
2021-07-19,5,1,0.591918106139242,1,1
2021-07-20,5,1,0.5866750915269037,1,1
2021-07-21,5,1,0.5784992266403853,1,1
2021-07-22,5,1,0.5918083737215386,1,1
2021-07-23,5,1,0.584051067873251,1,1
2021-07-24,5,1,0.5882880834629932,1,1
2021-07-25,5,1,0.5868824456044645,1,1
2021-07-26,5,1,0.5842126133542961,1,1
2021-07-27,5,1,0.5821359402275659,1,1
2021-07-28,5,1,0.5904884490434659,1,1
2021-07-29,5,1,0.6108714628481233,1,1
2021-07-30,5,1,0.5845639220910541,1,1
2021-07-31,5,1,0.5920309330251647,1,1
2021-08-01,5,1,0.5849820533355727,1,1
2021-08-02,5,1,0.5891352125024848,1,1
2021-08-03,5,1,0.5873920491713656,1,1
2021-08-04,5,1,0.5858716318627021,1,1
2021-08-05,5,1,0.5871634062977341,1,1
2021-08-06,5,1,0.5855590247106628,1,1
2021-08-07,5,1,0.5855420492325211,1,1
2021-08-08,5,1,0.5909412413187766,1,1
2021-08-09,5,0,0.5837937208507223,1,1
2021-08-10,5,1,0.5897826754198087,1,1
2021-08-11,5,0,0.6091029849480295,1,1
2021-08-12,5,1,0.5924302994765284,1,1
2021-08-13,5,0,0.5796344913014839,1,1
2021-08-14,5,0,0.587636775309348,1,1
2021-08-15,5,1,0.6078722279360995,1,1
2021-08-16,5,1,0.5968693436811437,1,1
2021-08-17,5,1,0.5878384795588976,1,1
2021-08-18,5,1,0.6042657960165251,1,1
2021-08-19,5,1,0.5865227898309345,1,1
2021-08-20,5,0,0.5843130001053254,1,1
2021-08-21,5,0,0.5960309628636591,1,1
2021-08-22,5,0,0.6130920376801767,1,1
2021-08-23,5,0,0.6369512788055728,1,1
2021-08-24,5,0,0.5871681306297095,1,1
2021-08-25,5,0,0.5879860457762889,1,1
2021-08-26,5,0,0.5855063482061534,1,1
2021-08-27,5,0,0.5850013685796677,1,1
2021-08-28,5,0,0.599691923542332,1,1
2021-08-29,5,0,0.6232838423643428,1,1
2021-08-30,5,0,0.5869313433992771,1,1
2021-08-31,5,0,0.6024402317096185,1,1
2021-09-01,5,0,0.5872909628725841,1,1
2021-09-02,5,0,0.5983311893514092,1,1
2021-09-03,5,0,0.6059832431380281,1,1
2021-09-04,5,0,0.6302006553365924,1,1
2021-09-05,5,0,0.5881159098058474,1,1
2021-09-06,5,1,0.5932631544980078,1,1
2021-09-07,5,1,0.5707683817576886,1,1
2021-09-08,5,1,0.5758289228547797,1,1
2021-09-09,5,1,0.5880297770507722,1,1
2021-09-10,5,1,0.5824516701284382,1,1
2021-09-11,5,1,0.5963094447877747,1,1
2021-09-12,5,1,0.5970912541085658,1,1
2021-09-13,5,1,0.590912024168353,1,1
2021-09-14,5,1,0.5857021089145295,1,1
2021-09-15,5,1,0.5885083519241817,1,1
2021-09-16,5,1,0.6013542030753871,1,1
2021-09-17,5,1,0.6144163235273251,1,1
2021-09-18,5,1,0.6028619721134441,1,1
2021-09-19,5,1,0.5965240147911528,1,1
2021-09-20,5,1,0.5723354096054862,1,1
2021-09-21,5,1,0.5728636095628467,1,1
2021-09-22,5,1,0.5718863037124429,1,1
2021-09-23,5,1,0.5763068794126703,1,1
2021-09-24,5,1,0.5758282871423963,1,1
2021-09-25,5,1,0.5884103751781841,1,1
2021-09-26,5,1,0.6028843081765738,1,1
2021-09-27,5,1,0.594008247725919,1,1
2021-09-28,5,1,0.5871774841013576,1,1
2021-09-29,5,1,0.5963435805803976,1,1
2021-09-30,5,1,0.5851866441787024,1,1
2021-10-01,5,1,0.5719353368729022,1,1
2021-10-02,5,1,0.5792256731708739,1,1
2021-10-03,5,1,0.5922284759378009,1,1
2021-10-04,5,1,0.5950181547881856,1,1
2021-10-05,5,1,0.5841421458539953,1,1
2021-10-06,5,1,0.5767874739052725,1,1
2021-10-07,5,1,0.5797575717447438,1,1
2021-10-08,5,1,0.5948391377497511,1,1
2021-10-09,5,1,0.597195384064262,1,1
2021-10-10,5,1,0.6194916802119439,1,1
2021-10-11,5,1,0.5856788302269348,1,1
2021-10-12,5,1,0.5871866389890377,1,1
2021-10-13,5,1,0.5885577783775533,1,1
2021-10-14,5,1,0.6050645099944537,1,1
2021-10-15,5,1,0.581068670124246,1,1
2021-10-16,5,1,0.5911740761156934,1,1
2021-10-17,5,0,0.6050241004317362,1,1
2021-10-18,5,0,0.6254401970374279,1,1
2021-10-19,5,0,0.5877494225005331,1,1
2021-10-20,5,0,0.5881060402513036,1,1
2021-10-21,5,0,0.5828593727923845,1,1
2021-10-22,5,0,0.5854702006451754,1,1
2021-10-23,5,0,0.5962251202251307,1,1
2021-10-24,5,0,0.6137485672774119,1,1
2021-10-25,5,0,0.5877545728616174,1,1
2021-10-26,5,0,0.5853829997685847,1,1
2021-10-27,5,0,0.5856474349727969,1,1
2021-10-28,5,0,0.5858250770060897,1,1
2021-10-29,5,0,0.5874895953890281,1,1
2021-10-30,5,0,0.6016911450962591,1,1
2021-10-31,5,0,0.6175031685324531,1,1
2021-11-01,5,0,0.6399331864334146,1,1
2021-11-02,5,0,0.5883436761485054,1,1
2021-11-03,5,0,0.6034605353568406,1,1
2021-11-04,5,0,0.5927946112159649,1,1
2021-11-05,5,0,0.6100823891611525,1,1
2021-11-06,5,0,0.6313740552260763,1,1
2021-11-07,5,0,0.593700372667546,1,1
2021-11-08,5,0,0.5832312186522196,1,1
2021-11-09,5,0,0.5950537045079254,1,1
2021-11-10,5,0,0.5868123709879638,1,1
2021-11-11,5,0,0.6031359973175399,1,1
2021-11-12,5,0,0.6139043322728656,1,1
2021-11-13,5,0,0.6373339262517272,1,1
2021-11-14,5,0,0.6372302627180029,1,1
2021-11-15,5,0,0.5940274059244333,1,1
2021-11-16,5,0,0.5835226368326559,1,1
2021-11-17,5,0,0.5984804806933935,1,1
2021-11-18,5,0,0.5813737637859017,1,1
2021-11-19,5,0,0.5867272776683689,1,1
2021-11-20,5,0,0.5869048451647487,1,1
2021-11-21,5,0,0.5925900550832804,1,1
2021-11-22,5,0,0.5852348274791536,1,1
2021-11-23,5,0,0.5883447437133398,1,1
2021-11-24,5,0,0.5892632186236603,1,1
2021-11-25,5,0,0.5936707926771059,1,1
2021-11-26,5,0,0.5809631920516833,1,1
2021-11-27,5,0,0.5854471810072781,1,1
2021-11-28,5,0,0.5839604500013978,1,1
2021-11-29,5,0,0.595608768474903,1,1
2021-11-30,5,0,0.6035317657655688,1,1
2021-12-01,5,0,0.6269996841719717,1,1
2021-12-02,5,0,0.6338480485242162,1,1
2021-12-03,5,0,0.5845308365970919,1,1
2021-12-04,5,0,0.5728021748463381,1,1
2021-12-05,5,0,0.5824394556138885,1,1
2021-12-06,5,0,0.5843877221597924,1,1
2021-12-07,5,0,0.602049417282705,1,1
2021-12-08,5,0,0.6263362009561113,1,1
2021-12-09,5,0,0.5825857017016199,1,1
2021-12-10,5,0,0.59431848670002,1,1
2021-12-11,5,0,0.5848322963305832,1,1
2021-12-12,5,0,0.5925255607716802,1,1
2021-12-13,5,0,0.5788848969484405,1,1
2021-12-14,5,0,0.5931723871102471,1,1
2021-12-15,5,0,0.5826179016532741,1,1
2021-12-16,5,0,0.5850490822095077,1,1
2021-12-17,5,0,0.5848700226833395,1,1
2021-12-18,5,0,0.5933531306896886,1,1
2021-12-19,5,0,0.6134166782501881,1,1
2021-12-20,5,0,0.6378597680733833,1,1
2021-12-21,5,0,0.5866845376249783,1,1
2021-12-22,5,0,0.5997154259016816,1,1
2021-12-23,5,0,0.5864355159587904,1,1
2021-12-24,5,0,0.6015042557034652,1,1
2021-12-25,5,0,0.6195211140700104,1,1
2021-12-26,5,0,0.6394202675220673,1,1
2021-12-27,5,0,0.6578997577076295,1,1
2021-12-28,5,0,0.582362273269479,1,1
2021-12-29,5,0,0.5852289790419192,1,1
2021-12-30,5,0,0.592498174576153,1,1
2021-12-31,5,0,0.5943821861922235,1,1
2022-01-01,5,0,0.5879476488943505,1,1
2022-01-02,5,0,0.6010087338560124,1,1
2022-01-03,5,0,0.5992719835497757,1,1
2022-01-04,5,0,0.6097874407751301,1,1
2022-01-05,5,0,0.5846802451657215,1,1
2022-01-06,5,0,0.5959337690129094,1,1
2022-01-07,5,1,0.5855907444011625,1,1
2022-01-08,5,1,0.6002024035361608,1,1
2022-01-09,5,1,0.6224939799993431,1,1
2022-01-10,5,1,0.6465201515822125,1,1
2022-01-11,5,1,0.6221821057473318,1,1
2022-01-12,5,0,0.5929453918464526,1,1
2022-01-13,5,0,0.5873718678999258,1,1
2022-01-14,5,0,0.596864299094826,1,1
2022-01-15,5,0,0.6184069291053099,1,1
2022-01-16,5,1,0.6430912952604607,1,1
2022-01-17,5,1,0.6246554862415394,1,1
2022-01-18,5,0,0.6481665364915418,1,1
2022-01-19,5,0,0.6463198240357232,1,1
2022-01-20,5,0,0.6065697737510749,1,1
2022-01-21,5,1,0.571034706732498,1,1
2022-01-22,5,1,0.573413452122034,1,1
2022-01-23,5,1,0.5770308945080791,1,1
2022-01-24,5,1,0.587943514891099,1,1
2022-01-25,5,1,0.6054924702328643,1,1
2022-01-26,5,1,0.6314751718789896,1,1
2022-01-27,5,1,0.6495082806689401,1,1
2022-01-28,5,0,0.6414577519934378,1,1
2022-01-29,5,1,0.6539197938625209,1,1
2022-01-30,5,1,0.6646464713208031,1,1
2022-01-31,5,1,0.6602437609937027,1,1
2022-02-01,5,1,0.667556126121596,1,1
2022-02-02,5,1,0.5850842901558556,1,1
2022-02-03,5,1,0.5992308418545194,1,1
2022-02-04,5,0,0.5707863256529475,1,1
2022-02-05,5,0,0.5770407060170251,1,1
2022-02-06,5,0,0.5819966028070527,1,1
2022-02-07,5,0,0.5831989372238139,1,1
2022-02-08,5,0,0.5971687210645249,1,1
2022-02-09,5,0,0.6189348522363364,1,1
2022-02-10,5,0,0.6150207428633415,1,1
2022-02-11,5,0,0.5926988825299175,1,1
2022-02-12,5,0,0.6112955334062704,1,1
2022-02-13,5,0,0.6364955300546505,1,1
2022-02-14,5,0,0.6505319018510312,1,1
2022-02-15,5,0,0.5864185508630725,1,1
2022-02-16,5,0,0.5939211497841078,1,1
2022-02-17,5,1,0.5759944906638548,1,1
2022-02-18,5,1,0.5846357179110289,1,1
2022-02-19,5,1,0.6048209076550719,1,1
2022-02-20,5,1,0.5832180672655453,1,1
2022-02-21,5,1,0.5832856673000992,1,1
2022-02-22,5,1,0.5848885854785255,1,1
2022-02-23,5,1,0.5863535669845705,1,1
2022-02-24,5,1,0.5871178041840853,1,1
2022-02-25,5,1,0.5891112593037364,1,1
2022-02-26,5,1,0.6055125061921878,1,1
2022-02-27,5,1,0.5868590126782639,1,1
2022-02-28,5,1,0.5704409252061408,1,1
2022-03-01,5,1,0.5751145341870404,1,1
2022-03-02,5,1,0.5847028797009,1,1
2022-03-03,5,1,0.5814256892405338,1,1
2022-03-04,5,1,0.5722050790751521,1,1
2022-03-05,5,1,0.5806142271414335,1,1
2022-03-06,5,1,0.5821615958686178,1,1
2022-03-07,5,1,0.5946867628219736,1,1
2022-03-08,5,1,0.5982043198143442,1,1
2022-03-09,5,1,0.5760598010498721,1,1
2022-03-10,5,1,0.5730436471386205,1,1
2022-03-11,5,1,0.5791030246659122,1,1
2022-03-12,5,1,0.5954059248688087,1,1
2022-03-13,5,1,0.5864049021777569,1,1
2022-03-14,5,1,0.583362288590915,1,1
2022-03-15,5,1,0.5955399919668198,1,1
2022-03-16,5,0,0.5850468590165331,1,1
2022-03-17,5,0,0.5991347448579805,1,1
2022-03-18,5,0,0.5961045260870508,1,1
2022-03-19,5,0,0.6111620590247916,1,1
2022-03-20,5,1,0.5981445588867033,1,1
2022-03-21,5,1,0.6189385919914886,1,1
2022-03-22,5,0,0.5898518031044641,1,1
2022-03-23,5,0,0.5989889738695365,1,1
2022-03-24,5,0,0.5915388284492543,1,1
2022-03-25,5,0,0.6050718094302701,1,1
2022-03-26,5,0,0.6283918942969069,1,1
2022-03-27,5,0,0.586048828045901,1,1
2022-03-28,5,0,0.5993063059168972,1,1
2022-03-29,5,0,0.6182068479450653,1,1
2022-03-30,5,0,0.6359743514371314,1,1
2022-03-31,5,0,0.5898323754045325,1,1
2022-04-01,5,0,0.5953785662237682,1,1
2022-04-02,5,0,0.6099167882325324,1,1
2022-04-03,5,0,0.6203194561604332,1,1
2022-04-04,5,0,0.6439559666093807,1,1
2022-04-05,5,0,0.6144079242490854,1,1
2022-04-06,5,0,0.5842674480477933,1,1
2022-04-07,5,0,0.5976789356445846,1,1
2022-04-08,5,0,0.5881649749742268,1,1
2022-04-09,5,0,0.5984542320581974,1,1
2022-04-10,5,0,0.6066201676111247,1,1
2022-04-11,5,0,0.5814362570994818,1,1
2022-04-12,5,0,0.5896781978233506,1,1
2022-04-13,5,0,0.5879802268534928,1,1
2022-04-14,5,0,0.5864563634403946,1,1
2022-04-15,5,0,0.5933371972311078,1,1
2022-04-16,5,0,0.6126063285945024,1,1
2022-04-17,5,0,0.6098926474794966,1,1
2022-04-18,5,0,0.5911486530360628,1,1
2022-04-19,5,0,0.596040098596147,1,1
2022-04-20,5,0,0.6162443047274845,1,1
2022-04-21,5,0,0.604763232212371,1,1
2022-04-22,5,0,0.6003495108273176,1,1
2022-04-23,5,0,0.6197126492384032,1,1
2022-04-24,5,0,0.6445448698856387,1,1
2022-04-25,5,0,0.6088162872236629,1,1
2022-04-26,5,0,0.5831814043704916,1,1
2022-04-27,5,0,0.5853531093989344,1,1
2022-04-28,5,0,0.5940590300350956,1,1
2022-04-29,5,0,0.5873883756966605,1,1
2022-04-30,5,0,0.5885650114122534,1,1
2022-05-01,5,0,0.5914060655308878,1,1
2022-05-02,5,0,0.609879991217253,1,1
2022-05-03,5,0,0.6017173798661075,1,1
2022-05-04,5,0,0.5858223432996214,1,1
2022-05-05,5,0,0.5744417217750991,1,1
2022-05-06,5,0,0.5815913519776065,1,1
2022-05-07,5,0,0.5896831895492548,1,1
2022-05-08,5,0,0.5820516064410618,1,1
2022-05-09,5,0,0.5705152139972294,1,1
2022-05-10,5,0,0.5754292541639107,1,1
2022-05-11,5,1,0.5719858664380647,1,1
2022-05-12,5,0,0.5803957184432776,1,1
2022-05-13,5,0,0.5958932465850764,1,1
2022-05-14,5,0,0.5871357689816112,1,1
2022-05-15,5,0,0.5850622275091877,1,1
2022-05-16,5,0,0.5828993415791991,1,1
2022-05-17,5,0,0.5886952865264409,1,1
2022-05-18,5,0,0.5808570494323181,1,1
2022-05-19,5,0,0.5791646234697486,1,1
2022-05-20,5,0,0.5798513971668138,1,1
2022-05-21,5,0,0.5927443476056553,1,1
2022-05-22,5,0,0.5863448463433505,1,1
2022-05-23,5,0,0.584238191465195,1,1
2022-05-24,5,0,0.5894340271238858,1,1
2022-05-25,5,0,0.6070111253587164,1,1
2022-05-26,5,0,0.6223381487491653,1,1
2022-05-27,5,0,0.6046611633223934,1,1
2022-05-28,5,0,0.6255747651744155,1,1
2022-05-29,5,0,0.6077979328690483,1,1
2022-05-30,5,0,0.5803500029477232,1,1
2022-05-31,5,0,0.5953685599532466,1,1
2022-06-01,5,0,0.5776649626931829,1,1
2022-06-02,5,0,0.5831649134822164,1,1
2022-06-03,5,0,0.5848342458033063,1,1
2022-06-04,5,0,0.6007676379130134,1,1
2022-06-05,5,0,0.6251689194233564,1,1
2022-06-06,5,0,0.5858364317495562,1,1
2022-06-07,5,0,0.59860385109919,1,1
2022-06-08,5,0,0.5876387488932914,1,1
2022-06-09,5,0,0.6030552878796454,1,1
2022-06-10,5,0,0.5869735306837823,1,1
2022-06-11,5,0,0.5878862837537265,1,1
2022-06-12,5,0,0.5823262788320922,1,1
2022-06-13,5,0,0.570432507679547,1,1
2022-06-14,5,0,0.5754572191723415,1,1
2022-06-15,5,0,0.5831111698202254,1,1
2022-06-16,5,1,0.5707170766202649,1,1
2022-06-17,5,1,0.5768847711592949,1,1
2022-06-18,5,1,0.5718280618155893,1,1
2022-06-19,5,1,0.5710143765346274,1,1
2022-06-20,5,1,0.577787350307035,1,1
2022-06-21,5,1,0.5925057483768534,1,1
2022-06-22,5,1,0.5825807978341517,1,1
2022-06-23,5,1,0.580519233582221,1,1
2022-06-24,5,1,0.5939850579513231,1,1
2022-06-25,5,0,0.6056704980944054,1,1
2022-06-26,5,1,0.5960903281404841,1,1
2022-06-27,5,1,0.6037430797122578,1,1
2022-06-28,5,1,0.5956153735009749,1,1
2022-06-29,5,1,0.6107139755326869,1,1
2022-06-30,5,1,0.6124870610088832,1,1
2022-07-01,5,1,0.5928492391165093,1,1
2022-07-02,5,1,0.6124046001691815,1,1
2022-07-03,5,1,0.6370685475946174,1,1
2022-07-04,5,1,0.5863178828641944,1,1
2022-07-05,5,1,0.6011481796147343,1,1
2022-07-06,5,1,0.6021288031144851,1,1
2022-07-07,5,1,0.585757790300447,1,1
2022-07-08,5,1,0.6001455218152159,1,1
2022-07-09,5,1,0.6197591679003247,1,1
2022-07-10,5,1,0.5877184971412611,1,1
2022-07-11,5,1,0.5850261117214629,1,1
2022-07-12,5,1,0.5851878365009932,1,1
2022-07-13,6,1,0.5363592383760287,1,1
2022-07-14,6,1,0.5384363964883244,1,1
2022-07-15,6,1,0.5456407919916694,1,1
2022-07-16,6,1,0.5489490076720283,1,1
2022-07-17,6,1,0.5462876394933318,1,1
2022-07-18,6,1,0.5386557425787539,1,1
2022-07-19,6,0,0.5375642804582615,1,1
2022-07-20,6,0,0.5427605976171331,1,1
2022-07-21,6,0,0.5609087543339177,1,1
2022-07-22,6,0,0.5541957710143163,1,1
2022-07-23,6,0,0.5691642157202754,1,1
2022-07-24,6,0,0.5991755713698799,1,1
2022-07-25,6,1,0.5358318476201314,1,1
2022-07-26,6,1,0.5439214386401495,1,1
2022-07-27,6,0,0.5390201311508914,1,1
2022-07-28,6,0,0.5378013439503578,1,1
2022-07-29,6,0,0.5438795926898847,1,1
2022-07-30,6,0,0.5603601049918686,1,1
2022-07-31,6,0,0.5700645926106191,1,1
2022-08-01,6,0,0.6049399540399241,1,1
2022-08-02,6,0,0.6099011460900028,1,1
2022-08-03,6,0,0.6370987661245839,1,1
2022-08-04,6,0,0.649728881838452,1,1
2022-08-05,6,0,0.5737810072654819,1,1
2022-08-06,6,0,0.582062263116223,1,1
2022-08-07,6,0,0.6074030783458901,1,1
2022-08-08,6,0,0.5557926177668034,1,1
2022-08-09,6,0,0.5389550436598861,1,1
2022-08-10,6,0,0.5347975313338734,1,1
2022-08-11,6,0,0.5468121287688281,1,1
2022-08-12,6,0,0.5473842642475041,1,1
2022-08-13,6,0,0.5724488176311294,1,1
2022-08-14,6,0,0.6047673608330175,1,1
2022-08-15,6,0,0.6300952757040755,1,1
2022-08-16,6,0,0.6427836623360539,1,1
2022-08-17,6,0,0.6012484070246591,1,1
2022-08-18,6,0,0.6312680745642597,1,1
2022-08-19,6,0,0.5418807999204271,1,1
2022-08-20,6,0,0.5393739244120983,1,1
2022-08-21,6,0,0.5394838458892973,1,1
2022-08-22,6,0,0.5502142679441272,1,1
2022-08-23,6,0,0.5732939812822613,1,1
2022-08-24,6,0,0.6030934793699235,1,1
2022-08-25,6,0,0.6260755993194558,1,1
2022-08-26,6,0,0.5368098440756027,1,1
2022-08-27,6,0,0.54129035277728,1,1
2022-08-28,6,0,0.5397146599255823,1,1
2022-08-29,6,0,0.5349954649488146,1,1
2022-08-30,6,0,0.5357909692019215,1,1
2022-08-31,6,0,0.5427725114522455,1,1
2022-09-01,6,0,0.5628806456650051,1,1
2022-09-02,6,0,0.5872595388903155,1,1
2022-09-03,6,0,0.615972798103245,1,1
2022-09-04,6,1,0.6395159796354525,1,1
2022-09-05,6,1,0.6523788665910137,1,1
2022-09-06,6,1,0.535807173059057,1,1
2022-09-07,6,1,0.536288928308755,1,1
2022-09-08,6,1,0.5489017526963229,1,1
2022-09-09,6,0,0.5417435561233435,1,1
2022-09-10,6,0,0.5393942339456553,1,1
2022-09-11,6,0,0.5451708014591954,1,1
2022-09-12,6,0,0.5376019645212826,1,1
2022-09-13,6,0,0.5417250517567105,1,1
2022-09-14,6,0,0.5400454768876568,1,1
2022-09-15,6,0,0.5377877969476134,1,1
2022-09-16,6,0,0.5460382209143875,1,1
2022-09-17,6,0,0.5475042307336396,1,1
2022-09-18,6,0,0.5352792695281617,1,1
2022-09-19,6,0,0.545277647909447,1,1
2022-09-20,6,1,0.5351980178026889,1,1
2022-09-21,6,1,0.5381771208401203,1,1
2022-09-22,6,0,0.5348682953261472,1,1
2022-09-23,6,1,0.5442241926961389,1,1
2022-09-24,6,1,0.5441725668375482,1,1
2022-09-25,6,1,0.5615090937692848,1,1
2022-09-26,6,1,0.5492633551953723,1,1
2022-09-27,6,1,0.5715034375060659,1,1
2022-09-28,6,1,0.573899472427892,1,1
2022-09-29,6,1,0.602512288983485,1,1
2022-09-30,6,1,0.6288020418179011,1,1
2022-10-01,6,1,0.6492134706614813,1,1
2022-10-02,6,1,0.6486424815716598,1,1
2022-10-03,6,1,0.565158328987815,1,1
2022-10-04,6,0,0.5354488067489949,1,1
2022-10-05,6,1,0.5446205769970193,1,1
2022-10-06,6,1,0.5578881284518414,1,1
2022-10-07,6,1,0.5496912375095196,1,1
2022-10-08,6,1,0.5709882746767497,1,1
2022-10-09,6,0,0.6059283132047553,1,1
2022-10-10,6,0,0.6053752319485438,1,1
2022-10-11,6,0,0.6349883014137434,1,1
2022-10-12,6,0,0.654264906411108,1,1
2022-10-13,6,0,0.6581271686879147,1,1
2022-10-14,6,0,0.661581740075905,1,1
2022-10-15,6,0,0.6669067334807536,1,1
2022-10-16,6,0,0.6670386348098348,1,1
2022-10-17,6,0,0.6621106570532503,1,1
2022-10-18,6,0,0.6628905900013552,1,1
2022-10-19,6,0,0.6644835962283302,1,1
2022-10-20,6,0,0.6689731761382661,1,1
2022-10-21,6,0,0.6705318229893364,1,1
2022-10-22,6,0,0.6720662456475388,1,1
2022-10-23,6,0,0.6583036531843826,1,1
2022-10-24,6,0,0.6602787391250577,1,1
2022-10-25,6,0,0.5412840747536616,1,1
2022-10-26,6,0,0.5351585974599613,1,1
2022-10-27,6,0,0.5361599385411618,1,1
2022-10-28,6,0,0.5414219468082341,1,1
2022-10-29,6,0,0.5534295631141981,1,1
2022-10-30,6,0,0.5728617089274185,1,1
2022-10-31,6,0,0.6012668982462178,1,1
2022-11-01,6,0,0.6346686065050133,1,1
2022-11-02,6,0,0.6298689224253138,1,1
2022-11-03,6,0,0.6532301645711136,1,1
2022-11-04,6,0,0.5354289424620586,1,1
2022-11-05,6,0,0.5453073938325559,1,1
2022-11-06,6,0,0.5478239498518854,1,1
2022-11-07,6,0,0.5523653993641473,1,1
2022-11-08,6,0,0.5417874699956301,1,1
2022-11-09,6,1,0.542351461932316,1,1
2022-11-10,6,0,0.5423298012913461,1,1
2022-11-11,6,1,0.5402928168117547,1,1
2022-11-12,6,1,0.5396631343369382,1,1
2022-11-13,6,1,0.5373585450555841,1,1
2022-11-14,6,1,0.5401504983434495,1,1
2022-11-15,6,1,0.5445286030956219,1,1
2022-11-16,6,0,0.5534591962397071,1,1
2022-11-17,6,1,0.5823795423325022,1,1
2022-11-18,6,1,0.6183237920827522,1,1
2022-11-19,6,0,0.6466154724473727,1,1
2022-11-20,6,1,0.5909573797071266,1,1
2022-11-21,6,1,0.5406346248583114,1,1
2022-11-22,6,1,0.5371483087840783,1,1
2022-11-23,6,1,0.5360141710192817,1,1
2022-11-24,6,1,0.5498920012221489,1,1
2022-11-25,6,1,0.5735635815824496,1,1
2022-11-26,6,1,0.6069732276927355,1,1
2022-11-27,6,1,0.6387114039931036,1,1
2022-11-28,6,1,0.640541862857576,1,1
2022-11-29,6,1,0.6438235011291438,1,1
2022-11-30,6,0,0.5355804026003226,1,1
2022-12-01,6,0,0.5422973825804053,1,1
2022-12-02,6,0,0.559056936302808,1,1
2022-12-03,6,0,0.576249210319584,1,1
2022-12-04,6,0,0.5902873841574462,1,1
2022-12-05,6,0,0.6139227846437015,1,1
2022-12-06,6,0,0.6396167950248683,1,1
2022-12-07,6,1,0.6403554022979397,1,1
2022-12-08,6,0,0.6041746619255893,1,1
2022-12-09,6,0,0.6327094934075225,1,1
2022-12-10,6,1,0.6550577816162131,1,1
2022-12-11,6,1,0.665695742848619,1,1
2022-12-12,6,1,0.6691970368434627,1,1
2022-12-13,6,1,0.5675154930151097,1,1
2022-12-14,6,1,0.6019951247776136,1,1
2022-12-15,6,1,0.5579671765281783,1,1
2022-12-16,6,1,0.5351401980666339,1,1
2022-12-17,6,1,0.5433736619586352,1,1
2022-12-18,6,1,0.5642458415775582,1,1
2022-12-19,6,1,0.5575182738144376,1,1
2022-12-20,6,1,0.5387406079263951,1,1
2022-12-21,6,1,0.5537559050554558,1,1
2022-12-22,6,1,0.5829152587956854,1,1
2022-12-23,6,1,0.618056734403349,1,1
2022-12-24,6,1,0.6457924876290219,1,1
2022-12-25,6,1,0.6616006510989282,1,1
2022-12-26,6,1,0.6679138288625742,1,1
2022-12-27,6,1,0.6652620765959065,1,1
2022-12-28,6,1,0.666033027011041,1,1
2022-12-29,6,1,0.6695950356224738,1,1
2022-12-30,6,1,0.6715501824652619,1,1
2022-12-31,6,1,0.6721458065881556,1,1
2023-01-01,6,1,0.6722723682168669,1,1
2023-01-02,6,1,0.6724895306878703,1,1
2023-01-03,6,1,0.6728284904292926,1,1
2023-01-04,6,1,0.6698266590566558,1,1
2023-01-05,6,1,0.6717638267343828,1,1
2023-01-06,6,1,0.6714958592720061,1,1
2023-01-07,6,1,0.6724828711936138,1,1
2023-01-08,6,1,0.6713372030956687,1,1
2023-01-09,6,1,0.671552981445484,1,1
2023-01-10,6,1,0.6655500926363194,1,1
2023-01-11,6,1,0.6010530579064648,1,1
2023-01-12,6,1,0.5354326546130556,1,1
2023-01-13,6,1,0.5364016241281679,1,1
2023-01-14,6,1,0.537099202632006,1,1
2023-01-15,6,1,0.5436739146941452,1,1
2023-01-16,6,1,0.5512896227534553,1,1
2023-01-17,6,1,0.5787585583662205,1,1
2023-01-18,6,1,0.5564159421605396,1,1
2023-01-19,6,1,0.5533031493568845,1,1
2023-01-20,6,1,0.537462131672063,1,1
2023-01-21,6,1,0.5436894814410693,1,1
2023-01-22,6,1,0.5632097446059161,1,1
2023-01-23,6,1,0.5861399195572099,1,1
2023-01-24,6,1,0.5980147471606617,1,1
2023-01-25,6,1,0.5764102255453746,1,1
2023-01-26,6,1,0.6099873362842917,1,1
2023-01-27,6,1,0.640890670194305,1,1
2023-01-28,6,1,0.6588637143473758,1,1
2023-01-29,6,0,0.56321029795691,1,1
2023-01-30,6,1,0.5352884205094168,1,1
2023-01-31,6,1,0.541175496101676,1,1
2023-02-01,6,0,0.5373905221426799,1,1
2023-02-02,6,0,0.5466785672731937,1,1
2023-02-03,6,0,0.571005270341581,1,1
2023-02-04,6,0,0.6021353203172088,1,1
2023-02-05,6,0,0.6000374075917414,1,1
2023-02-06,6,0,0.6241383200722121,1,1
2023-02-07,6,0,0.5929248188791431,1,1
2023-02-08,6,0,0.6007764332743617,1,1
2023-02-09,6,0,0.5354005235387725,1,1
2023-02-10,6,1,0.5432927489722111,1,1
2023-02-11,6,1,0.556825699768183,1,1
2023-02-12,6,1,0.5853786624461634,1,1
2023-02-13,6,1,0.6212008813003871,1,1
2023-02-14,6,1,0.6076276774056437,1,1
2023-02-15,6,1,0.5405283722943537,1,1
2023-02-16,6,1,0.5387830690667864,1,1
2023-02-17,6,1,0.5375223584765499,1,1
2023-02-18,6,1,0.5439890404888658,1,1
2023-02-19,6,1,0.5520052493421292,1,1
2023-02-20,6,1,0.5474822941431144,1,1
2023-02-21,6,1,0.5513489152961788,1,1
2023-02-22,6,1,0.5673169240570659,1,1
2023-02-23,6,1,0.587568462224222,1,1
2023-02-24,6,1,0.5395790356276141,1,1
2023-02-25,6,1,0.5570866953427231,1,1
2023-02-26,6,1,0.5602804285334158,1,1
2023-02-27,6,1,0.5919533642244612,1,1
2023-02-28,6,1,0.5916093818145522,1,1
2023-03-01,6,1,0.5703481187557379,1,1
2023-03-02,6,1,0.5975292428329213,1,1
2023-03-03,6,1,0.5352215510369314,1,1
2023-03-04,6,1,0.5456387689311263,1,1
2023-03-05,6,1,0.5679879027826196,1,1
2023-03-06,6,1,0.6024970678971829,1,1
2023-03-07,6,1,0.6241386392466113,1,1
2023-03-08,6,1,0.5858098960306608,1,1
2023-03-09,6,1,0.5369541972732804,1,1
2023-03-10,6,1,0.5422240501692774,1,1
2023-03-11,6,1,0.5400532660946297,1,1
2023-03-12,6,1,0.53802878639221,1,1
2023-03-13,6,1,0.54187223003205,1,1
2023-03-14,6,1,0.5392214618570371,1,1
2023-03-15,6,1,0.5396587292388246,1,1
2023-03-16,6,1,0.536688256905576,1,1
2023-03-17,6,1,0.5414601700908538,1,1
2023-03-18,6,1,0.5393964617496825,1,1
2023-03-19,6,1,0.5376059436775842,1,1
2023-03-20,6,1,0.5416058295449173,1,1
2023-03-21,6,1,0.5472085481460374,1,1
2023-03-22,6,0,0.5360299624994156,1,1
2023-03-23,6,0,0.534842268662689,1,1
2023-03-24,6,1,0.5351611021149776,1,1
2023-03-25,6,1,0.5467266866756167,1,1
2023-03-26,6,1,0.5479752843107274,1,1
2023-03-27,6,1,0.5358795665933979,1,1
2023-03-28,6,1,0.5483720701001805,1,1
2023-03-29,6,1,0.5345997337914522,1,1
2023-03-30,6,1,0.5418518058716711,1,1
2023-03-31,6,1,0.5470653825194882,1,1
2023-04-01,6,0,0.5711175662338241,1,1
2023-04-02,6,1,0.5979054674583357,1,1
2023-04-03,6,1,0.6030851273188138,1,1
2023-04-04,6,1,0.6143680842471563,1,1
2023-04-05,6,1,0.6441306470178513,1,1
2023-04-06,6,1,0.6591812398339474,1,1
2023-04-07,6,1,0.6667074845827281,1,1
2023-04-08,6,0,0.6706458850434313,1,1
2023-04-09,6,0,0.665857241783839,1,1
2023-04-10,6,0,0.5359823167374004,1,1
2023-04-11,6,0,0.5379757532653812,1,1
2023-04-12,6,0,0.5526937831396426,1,1
2023-04-13,6,0,0.5735675118699561,1,1
2023-04-14,6,0,0.6082351585510566,1,1
2023-04-15,6,0,0.6360608163755993,1,1
2023-04-16,6,0,0.6567910060215267,1,1
2023-04-17,6,0,0.5779038374399627,1,1
2023-04-18,6,0,0.5382903975488689,1,1
2023-04-19,6,0,0.5359286042674203,1,1
2023-04-20,6,0,0.5373386846927434,1,1
2023-04-21,6,0,0.5353549370895725,1,1
2023-04-22,6,0,0.5375274508414265,1,1
2023-04-23,6,0,0.5486885938707111,1,1
2023-04-24,6,0,0.5737781804004405,1,1
2023-04-25,6,0,0.542030430272943,1,1
2023-04-26,6,0,0.5614012826516722,1,1
2023-04-27,6,0,0.5349988949257422,1,1
2023-04-28,6,0,0.5464507523739094,1,1
2023-04-29,6,0,0.5695498927646822,1,1
2023-04-30,6,0,0.6043667635213636,1,1
2023-05-01,6,0,0.5354370011501906,1,1
2023-05-02,6,0,0.5372662389198481,1,1
2023-05-03,6,0,0.546395325915585,1,1
2023-05-04,6,0,0.567298961327065,1,1
2023-05-05,6,0,0.5488055630002954,1,1
2023-05-06,6,0,0.5433037480668523,1,1
2023-05-07,6,0,0.5478575945252664,1,1
2023-05-08,6,0,0.5376365579245115,1,1
2023-05-09,6,0,0.5531638565038838,1,1
2023-05-10,6,0,0.5816435633685814,1,1
2023-05-11,6,0,0.5574506858029981,1,1
2023-05-12,6,0,0.5812709844748021,1,1
2023-05-13,6,0,0.6170563761261538,1,1
2023-05-14,6,0,0.6432930330444545,1,1
2023-05-15,6,0,0.6544035156373988,1,1
2023-05-16,6,0,0.6636947173096711,1,1
2023-05-17,6,0,0.6617555577830913,1,1
2023-05-18,6,0,0.6362487876449192,1,1
2023-05-19,6,0,0.6569892248774545,1,1
2023-05-20,6,0,0.6632212744939077,1,1
2023-05-21,6,1,0.6592734156252934,1,1
2023-05-22,6,1,0.6672963329398112,1,1
2023-05-23,6,1,0.6633856289479222,1,1
2023-05-24,6,1,0.5603995556603926,1,1
2023-05-25,6,1,0.5896732562764001,1,1
2023-05-26,6,1,0.6153739343880655,1,1
2023-05-27,6,1,0.6421306435546981,1,1
2023-05-28,6,1,0.5352758045920188,1,1
2023-05-29,6,1,0.5416325838899511,1,1
2023-05-30,6,1,0.5611508447627164,1,1
2023-05-31,6,1,0.5595773182085881,1,1
2023-06-01,6,1,0.5658486518436441,1,1
2023-06-02,6,1,0.5703853572720726,1,1
2023-06-03,6,1,0.5991486761510869,1,1
2023-06-04,6,1,0.6329435176623582,1,1
2023-06-05,6,1,0.5355322724023128,1,1
2023-06-06,6,1,0.5367046706598363,1,1
2023-06-07,6,1,0.5363364168797676,1,1
2023-06-08,6,1,0.5442212225408323,1,1
2023-06-09,6,1,0.5656658467352663,1,1
2023-06-10,6,1,0.5466205689530361,1,1
2023-06-11,6,1,0.5699632221671714,1,1
2023-06-12,6,1,0.6044533481185211,1,1
2023-06-13,6,1,0.637166322978989,1,1
2023-06-14,6,1,0.5534715659603059,1,1
2023-06-15,6,1,0.5538830398027591,1,1
2023-06-16,6,1,0.5373944686141555,1,1
2023-06-17,6,1,0.5504588946946696,1,1
2023-06-18,6,1,0.5723386293555275,1,1
2023-06-19,6,1,0.5641507282985952,1,1
2023-06-20,6,1,0.5350893696323878,1,1
2023-06-21,6,0,0.5365999400471072,1,1
2023-06-22,6,0,0.5441511587262855,1,1
2023-06-23,6,0,0.5377992993048794,1,1
2023-06-24,6,0,0.551448166112161,1,1
2023-06-25,6,0,0.5784166861261618,1,1
2023-06-26,6,0,0.6071876352684236,1,1
2023-06-27,6,0,0.6172896257193826,1,1
2023-06-28,6,0,0.596360555428154,1,1
2023-06-29,6,0,0.6139448010031814,1,1
2023-06-30,6,0,0.6438311507208888,1,1
2023-07-01,6,0,0.6600384847331391,1,1
2023-07-02,6,0,0.6679431114429142,1,1
2023-07-03,6,0,0.6571576798015079,1,1
2023-07-04,6,0,0.6581579971549181,1,1
2023-07-05,6,0,0.6634382242091679,1,1
2023-07-06,6,0,0.6421434036057548,1,1
2023-07-07,6,0,0.6441332785001261,1,1
2023-07-08,6,0,0.6607205479003767,1,1
2023-07-09,6,0,0.6674826390667713,1,1
2023-07-10,6,0,0.6690241840094685,1,1
2023-07-11,6,0,0.6703360300668569,1,1
2023-07-12,6,0,0.6702176444506335,1,1
2023-07-13,6,0,0.5560909008843515,1,1
2023-07-14,6,0,0.5356054730282168,1,1
2023-07-15,6,0,0.5466572570223861,1,1
2023-07-16,6,0,0.5705262873738307,1,1
2023-07-17,6,0,0.603634367239791,1,1
2023-07-18,6,0,0.6245178428607476,1,1
2023-07-19,6,0,0.6502469616483184,1,1
2023-07-20,6,0,0.6626257328093725,1,1
2023-07-21,6,0,0.6685702923155952,1,1
2023-07-22,6,0,0.6706232556482066,1,1
2023-07-23,6,0,0.669014581216245,1,1
2023-07-24,6,0,0.5838089805379599,1,1
2023-07-25,6,0,0.6203032632831154,1,1
2023-07-26,6,0,0.6466680965917718,1,1
2023-07-27,6,0,0.6604187098798486,1,1
2023-07-28,6,0,0.6676972962785764,1,1
2023-07-29,6,0,0.6710083247482469,1,1
2023-07-30,6,0,0.6720276560812988,1,1
2023-07-31,6,0,0.6725844370439026,1,1
2023-08-01,6,0,0.6653025766263759,1,1
2023-08-02,6,0,0.6520389351501972,1,1
2023-08-03,6,0,0.664695412402248,1,1
2023-08-04,6,0,0.6693275121300274,1,1
2023-08-05,6,0,0.6716004681734313,1,1
2023-08-06,6,0,0.672512927684062,1,1
2023-08-07,6,0,0.6723941168437647,1,1
2023-08-08,6,0,0.6549491769310617,1,1
2023-08-09,6,0,0.6633399372625127,1,1
2023-08-10,6,0,0.6684840295151203,1,1
2023-08-11,6,0,0.671281339289277,1,1
2023-08-12,6,0,0.6723974110450874,1,1
2023-08-13,6,0,0.6722084324761683,1,1
2023-08-14,6,0,0.6723824851470347,1,1
2023-08-15,6,0,0.6708579746218419,1,1
2023-08-16,6,0,0.6611173713146679,1,1
2023-08-17,6,0,0.5390827302397732,1,1
2023-08-18,6,1,0.5379712150916344,1,1
2023-08-19,6,1,0.5464258482562748,1,1
2023-08-20,6,1,0.5685824498343058,1,1
2023-08-21,6,1,0.6023608194239392,1,1
2023-08-22,6,1,0.6339580776452081,1,1
2023-08-23,6,1,0.6343587167396286,1,1
2023-08-24,6,1,0.6465155298271972,1,1
2023-08-25,6,1,0.6606792513271881,1,1
2023-08-26,6,1,0.6680950622602728,1,1
2023-08-27,6,1,0.6709686169615082,1,1
2023-08-28,6,1,0.6722777684329986,1,1
2023-08-29,6,0,0.53686443036762,1,1
2023-08-30,6,0,0.5391486864414758,1,1
2023-08-31,6,1,0.5367282462095815,1,1
2023-09-01,6,1,0.5437270396206201,1,1
2023-09-02,6,1,0.5640437618011533,1,1
2023-09-03,6,1,0.5960680433616635,1,1
2023-09-04,6,1,0.6255825496226884,1,1
2023-09-05,6,1,0.6508372280464221,1,1
2023-09-06,6,1,0.6638729792074792,1,1
2023-09-07,6,1,0.6491160307051524,1,1
2023-09-08,6,1,0.6514420922422876,1,1
2023-09-09,6,1,0.66431758466865,1,1
2023-09-10,6,1,0.6694308072788586,1,1
2023-09-11,6,1,0.6165899175010122,1,1
2023-09-12,6,1,0.5638557590192156,1,1
2023-09-13,6,1,0.5708323876796625,1,1
2023-09-14,6,1,0.588564381877735,1,1
2023-09-15,6,1,0.623577002927992,1,1
2023-09-16,6,1,0.64952599438785,1,1
2023-09-17,6,1,0.6632248932028224,1,1
2023-09-18,6,1,0.6668258658639215,1,1
2023-09-19,6,1,0.6571644040986648,1,1
2023-09-20,6,1,0.6663615658845368,1,1
2023-09-21,6,1,0.6414498021780232,1,1
2023-09-22,6,1,0.6598349615234793,1,1
2023-09-23,6,1,0.6679110592389434,1,1
2023-09-24,6,1,0.6650746621122539,1,1
2023-09-25,6,1,0.6700107006165597,1,1
2023-09-26,6,1,0.6715874034442383,1,1
2023-09-27,6,1,0.6719359345194325,1,1
2023-09-28,6,1,0.6304701041807691,1,1
2023-09-29,6,1,0.6526148187455963,1,1
2023-09-30,6,1,0.6647157274951827,1,1
2023-10-01,6,1,0.5451107426522864,1,1
2023-10-02,6,1,0.548353078377768,1,1
2023-10-03,6,1,0.5721540954814096,1,1
2023-10-04,6,1,0.5850368302621012,1,1
2023-10-05,6,1,0.5938971289768201,1,1
2023-10-06,6,1,0.5819269810996689,1,1
2023-10-07,6,1,0.6178933760479592,1,1
2023-10-08,6,1,0.646124100672698,1,1
2023-10-09,6,1,0.6494930546689234,1,1
2023-10-10,6,1,0.6602731729292731,1,1
2023-10-11,6,1,0.6423228859374115,1,1
2023-10-12,6,1,0.6587335653454826,1,1
2023-10-13,6,1,0.6669328297950337,1,1
2023-10-14,6,1,0.6707319228152993,1,1
2023-10-15,6,1,0.6686135888095118,1,1
2023-10-16,6,1,0.5357943626937245,1,1
2023-10-17,6,1,0.545261076447626,1,1
2023-10-18,6,1,0.5669771600836335,1,1
2023-10-19,6,1,0.5785023767823333,1,1
2023-10-20,6,1,0.5371860394048731,1,1
2023-10-21,6,1,0.5492941299742666,1,1
2023-10-22,6,1,0.5752331566300386,1,1
2023-10-23,6,1,0.541387081007031,1,1
2023-10-24,6,1,0.5389240757548762,1,1
2023-10-25,6,1,0.5389570165440554,1,1
2023-10-26,6,1,0.5464027974291115,1,1
2023-10-27,6,1,0.5642996507298292,1,1
2023-10-28,6,1,0.5948450318897138,1,1
2023-10-29,6,1,0.6084385672464767,1,1
2023-10-30,6,1,0.6398715429447638,1,1
2023-10-31,7,1,0.5857033715480402,1,1
2023-11-01,7,1,0.5605291138669788,1,1
2023-11-02,7,1,0.563744631863405,1,1
2023-11-03,7,1,0.5766101297622218,1,1
2023-11-04,7,1,0.5797658059197689,1,1
2023-11-05,7,1,0.5855141819490605,1,1
2023-11-06,7,1,0.5873725763462339,1,1
2023-11-07,7,1,0.5829533008763201,1,1
2023-11-08,7,1,0.58539992111299,1,1
2023-11-09,7,1,0.5482422988859496,1,1
2023-11-10,7,1,0.5535875764991701,1,1
2023-11-11,7,1,0.5711035010995463,1,1
2023-11-12,7,1,0.5819959996804503,1,1
2023-11-13,7,1,0.5742244976325623,1,1
2023-11-14,7,1,0.5486160996283104,1,1
2023-11-15,7,1,0.5469103013525006,1,1
2023-11-16,7,1,0.5480290031018853,1,1
2023-11-17,7,1,0.5573420270880015,1,1
2023-11-18,7,1,0.5744740611894522,1,1
2023-11-19,7,1,0.5564667150425516,1,1
2023-11-20,7,1,0.574262409108532,1,1
2023-11-21,7,1,0.5458778517587254,1,1
2023-11-22,7,1,0.5463825001941698,1,1
2023-11-23,7,1,0.5642834190427269,1,1
2023-11-24,7,1,0.5712022120410659,1,1
2023-11-25,7,1,0.5822118967608986,1,1
2023-11-26,7,1,0.5831801853210213,1,1
2023-11-27,7,1,0.5851447129544215,1,1
2023-11-28,7,1,0.5761238969086755,1,1
2023-11-29,7,1,0.5842916497384617,1,1
2023-11-30,7,1,0.5864007352164985,1,1
2023-12-01,7,1,0.5527450635626688,1,1
2023-12-02,7,1,0.5512051432348537,1,1
2023-12-03,7,1,0.5612040843478123,1,1
2023-12-04,7,1,0.5457238752790874,1,1
2023-12-05,7,1,0.546484601956154,1,1
2023-12-06,7,1,0.561554762972724,1,1
2023-12-07,7,1,0.5702271130237876,1,1
2023-12-08,7,0,0.5580240388449376,1,1
2023-12-09,7,1,0.5686845507150143,1,1
2023-12-10,7,1,0.581231592801486,1,1
2023-12-11,7,1,0.5463562377056502,1,1
2023-12-12,7,1,0.5640080057560704,1,1
2023-12-13,7,0,0.5459776260626442,1,1
2023-12-14,7,0,0.5652307019740896,1,1
2023-12-15,7,0,0.548451518487769,1,1
2023-12-16,7,1,0.5651653305941382,1,1
2023-12-17,7,1,0.5538841574822811,1,1
2023-12-18,7,1,0.54587974399948,1,1
2023-12-19,7,0,0.5615330392590203,1,1
2023-12-20,7,0,0.5457451157187239,1,1
2023-12-21,7,0,0.5646192533165743,1,1
2023-12-22,7,0,0.5789516230747602,1,1
2023-12-23,7,0,0.5836415673286446,1,1
2023-12-24,7,0,0.5717194875676004,1,1
2023-12-25,7,0,0.5717254504333559,1,1
2023-12-26,7,0,0.5495769877224002,1,1
2023-12-27,7,0,0.5490619924563216,1,1
2023-12-28,7,0,0.5510598174081341,1,1
2023-12-29,7,0,0.5605369566340731,1,1
2023-12-30,7,1,0.5770894392880136,1,1
2023-12-31,7,1,0.5844340273546342,1,1
2024-01-01,7,0,0.5453874161927582,1,1
2024-01-02,7,0,0.5511367184017967,1,1
2024-01-03,7,1,0.5461663582380145,1,1
2024-01-04,7,0,0.5462839118771058,1,1
2024-01-05,7,0,0.5656252381132583,1,1
2024-01-06,7,0,0.5787506475995698,1,1
2024-01-07,7,0,0.5851574640064804,1,1
2024-01-08,7,0,0.5466126535380486,1,1
2024-01-09,7,0,0.5511411983125715,1,1
2024-01-10,7,1,0.5633911361331421,1,1
2024-01-11,7,1,0.576537715880972,1,1
2024-01-12,7,1,0.5491784883486304,1,1
2024-01-13,7,1,0.5642488747159363,1,1
2024-01-14,7,1,0.550175633364704,1,1
2024-01-15,7,1,0.5538991536501753,1,1
2024-01-16,7,1,0.5588888987395239,1,1
2024-01-17,7,1,0.5696635025085335,1,1
2024-01-18,7,1,0.5458893082096926,1,1
2024-01-19,7,1,0.5615304583953937,1,1
2024-01-20,7,1,0.5776256644193241,1,1
2024-01-21,7,1,0.5844005666297707,1,1
2024-01-22,7,1,0.5457690355501812,1,1
2024-01-23,7,1,0.5614187767539931,1,1
2024-01-24,7,1,0.575753568276358,1,1
2024-01-25,7,1,0.5834689835987289,1,1
2024-01-26,7,1,0.5454798571817795,1,1
2024-01-27,7,1,0.5626564521326426,1,1
2024-01-28,7,1,0.5779872386272912,1,1
2024-01-29,7,1,0.5470516388964196,1,1
2024-01-30,7,1,0.5632774256818006,1,1
2024-01-31,7,1,0.5737146474357444,1,1
2024-02-01,7,1,0.5764686566718044,1,1
2024-02-02,7,1,0.5842083206758438,1,1
2024-02-03,7,1,0.5861625832809421,1,1
2024-02-04,7,1,0.5838385867415933,1,1
2024-02-05,7,1,0.5868122880010834,1,1
2024-02-06,7,1,0.5842600669175535,1,1
2024-02-07,7,1,0.5485240971564409,1,1
2024-02-08,7,1,0.5484242997165385,1,1
2024-02-09,7,1,0.5455143217587392,1,1
2024-02-10,7,1,0.5563125718998345,1,1
2024-02-11,7,1,0.5671309212400327,1,1
2024-02-12,7,1,0.5456013894262938,1,1
2024-02-13,7,1,0.5645249024898024,1,1
2024-02-14,7,1,0.5455831484756527,1,1
2024-02-15,7,1,0.5654107813876436,1,1
2024-02-16,7,1,0.5788407967043869,1,1
2024-02-17,7,1,0.5806637848748099,1,1
2024-02-18,7,1,0.5826859223958901,1,1
2024-02-19,7,1,0.5846384766960532,1,1
2024-02-20,7,1,0.5835734583732726,1,1
2024-02-21,7,1,0.5836278138599772,1,1
2024-02-22,7,1,0.581978576633747,1,1
2024-02-23,7,1,0.5802164441857961,1,1
2024-02-24,7,1,0.5712115735863766,1,1
2024-02-25,7,1,0.5819836286358376,1,1
2024-02-26,7,1,0.5456649410075015,1,1
2024-02-27,7,1,0.5462537829678255,1,1
2024-02-28,7,1,0.5541940529278226,1,1
2024-02-29,7,1,0.5535271579486625,1,1
2024-03-01,7,1,0.552868587355027,1,1
2024-03-02,7,1,0.5638773899705055,1,1
2024-03-03,7,1,0.5589621797930293,1,1
2024-03-04,7,0,0.5528443492796431,1,1
2024-03-05,7,1,0.5558715543722714,1,1
2024-03-06,7,1,0.5547626859712098,1,1
2024-03-07,7,1,0.5566189839769452,1,1
2024-03-08,7,1,0.5537899747562711,1,1
2024-03-09,7,1,0.5678149055311787,1,1
2024-03-10,7,1,0.5775348916750136,1,1
2024-03-11,7,0,0.5465963039781624,1,1
2024-03-12,7,0,0.5602714792423735,1,1
2024-03-13,7,0,0.5511917147198964,1,1
2024-03-14,7,0,0.5481960934652035,1,1
2024-03-15,7,0,0.5463470325468796,1,1
2024-03-16,7,0,0.5479591702372286,1,1
2024-03-17,7,0,0.5486304839140353,1,1
2024-03-18,7,0,0.5565685389851692,1,1
2024-03-19,7,1,0.5546515225657943,1,1
2024-03-20,7,0,0.5576344712765121,1,1
2024-03-21,7,0,0.5566035721058455,1,1
2024-03-22,7,1,0.555337446011094,1,1
2024-03-23,7,1,0.5596910923757982,1,1
2024-03-24,7,0,0.553051571323869,1,1
2024-03-25,7,0,0.5526039545478347,1,1
2024-03-26,7,0,0.5623385016689321,1,1
2024-03-27,7,0,0.5727351775454324,1,1
2024-03-28,7,0,0.5629456089780431,1,1
2024-03-29,7,0,0.5684339903028989,1,1
2024-03-30,7,0,0.5802934890708309,1,1
2024-03-31,7,0,0.5538787874815388,1,1
2024-04-01,7,0,0.5485723485696371,1,1
2024-04-02,7,0,0.547343597705432,1,1
2024-04-03,7,0,0.5614325217346833,1,1
2024-04-04,7,0,0.5464643827945111,1,1
2024-04-05,7,0,0.5594142605019145,1,1
2024-04-06,7,0,0.5614302739271783,1,1
2024-04-07,7,0,0.575018252831223,1,1
2024-04-08,7,0,0.5459617896515819,1,1
2024-04-09,7,0,0.5457513455159185,1,1
2024-04-10,7,0,0.5487755240993569,1,1
2024-04-11,7,0,0.5647087265953386,1,1
2024-04-12,7,0,0.5458803273964105,1,1
2024-04-13,7,0,0.5471706703724658,1,1
2024-04-14,7,0,0.5470798432490604,1,1
2024-04-15,7,1,0.5471570971772891,1,1
2024-04-16,7,1,0.563141483393269,1,1
2024-04-17,7,1,0.5467056788730094,1,1
2024-04-18,7,1,0.5467384015364611,1,1
2024-04-19,7,1,0.5638106683658282,1,1
2024-04-20,7,1,0.5593369293288636,1,1
2024-04-21,7,1,0.5762237826769183,1,1
2024-04-22,7,1,0.5471914594918136,1,1
2024-04-23,7,1,0.564534253097125,1,1
2024-04-24,7,1,0.545844049939322,1,1
2024-04-25,7,1,0.5654970388415956,1,1
2024-04-26,7,1,0.5714203694324912,1,1
2024-04-27,7,1,0.5808450026077648,1,1
2024-04-28,7,1,0.5848708061274296,1,1
2024-04-29,7,1,0.5819119156030147,1,1
2024-04-30,7,1,0.5457746506203168,1,1
2024-05-01,7,1,0.5463280883244619,1,1
2024-05-02,7,1,0.5544114104399832,1,1
2024-05-03,7,1,0.5477618642853987,1,1
2024-05-04,7,1,0.553557146219769,1,1
2024-05-05,7,1,0.5714376048721094,1,1
2024-05-06,7,1,0.5708951509353631,1,1
2024-05-07,7,1,0.571463770978485,1,1
2024-05-08,7,1,0.5609162269162254,1,1
2024-05-09,7,1,0.5460327040344698,1,1
2024-05-10,7,1,0.5457711124017078,1,1
2024-05-11,7,1,0.5655884089641937,1,1
2024-05-12,7,1,0.5731376599290497,1,1
2024-05-13,7,1,0.552678857442816,1,1
2024-05-14,7,1,0.5494828497512172,1,1
2024-05-15,7,0,0.5483913883453798,1,1
2024-05-16,7,1,0.5534012341827422,1,1
2024-05-17,7,0,0.5476802980010593,1,1
2024-05-18,7,0,0.5658114005920473,1,1
2024-05-19,7,0,0.5734450411233799,1,1
2024-05-20,7,0,0.5489216441323204,1,1
2024-05-21,7,0,0.551505829152492,1,1
2024-05-22,7,0,0.5567830991501639,1,1
2024-05-23,7,0,0.5561392802850462,1,1
2024-05-24,7,0,0.5692565636606597,1,1
2024-05-25,7,0,0.5751378336905208,1,1
2024-05-26,7,0,0.5773587579804331,1,1
2024-05-27,7,0,0.5765885742168786,1,1
2024-05-28,7,0,0.5692840667778702,1,1
2024-05-29,7,0,0.5746756269405504,1,1
2024-05-30,7,0,0.5768770323192152,1,1
2024-05-31,7,0,0.5752907280858414,1,1
2024-06-01,7,0,0.583618266204191,1,1
2024-06-02,7,0,0.5868132085049828,1,1
2024-06-03,7,0,0.5769374094911264,1,1
2024-06-04,7,0,0.5506589040653878,1,1
2024-06-05,7,0,0.5674034673464948,1,1
2024-06-06,7,0,0.5793722852387606,1,1
2024-06-07,7,0,0.5611323522753543,1,1
2024-06-08,7,0,0.5774785022708561,1,1
2024-06-09,7,0,0.5838618518779268,1,1
2024-06-10,7,0,0.5867084967685969,1,1
2024-06-11,7,0,0.5465425828500282,1,1
2024-06-12,7,0,0.556910334239732,1,1
2024-06-13,7,0,0.5501510531800418,1,1
2024-06-14,7,0,0.5616355486601711,1,1
2024-06-15,7,0,0.5774304882487716,1,1
2024-06-16,7,0,0.582902460706578,1,1
2024-06-17,7,0,0.5863559494338032,1,1
2024-06-18,7,0,0.5640542208382311,1,1
2024-06-19,7,1,0.5785288239971558,1,1
2024-06-20,7,1,0.5849257764223044,1,1
2024-06-21,7,1,0.5814322535251201,1,1
2024-06-22,7,1,0.5859588253374783,1,1
2024-06-23,7,1,0.572753414659379,1,1
2024-06-24,7,1,0.5456909082049344,1,1
2024-06-25,7,1,0.5467491710937002,1,1
2024-06-26,7,1,0.5529617637003851,1,1
2024-06-27,7,1,0.5617233899798156,1,1
2024-06-28,7,1,0.552594000484354,1,1
2024-06-29,7,1,0.5664931226807551,1,1
2024-06-30,7,1,0.5465277750000045,1,1
2024-07-01,7,1,0.5665042792245512,1,1
2024-07-02,7,1,0.5689810733582337,1,1
2024-07-03,7,1,0.5463206912989322,1,1
2024-07-04,7,1,0.5466556786584886,1,1
2024-07-05,7,1,0.5631555568547485,1,1
2024-07-06,7,0,0.5469769333558321,1,1
2024-07-07,7,1,0.5465131471419412,1,1
2024-07-08,7,0,0.5539914117430329,1,1
2024-07-09,7,1,0.5492161125550219,1,1
2024-07-10,7,1,0.5672715901325851,1,1
2024-07-11,7,1,0.5776342499392364,1,1
2024-07-12,7,1,0.5806619400156315,1,1
2024-07-13,7,1,0.5563591124021704,1,1
2024-07-14,7,0,0.5470799227381274,1,1
2024-07-15,7,0,0.5469917031057737,1,1
2024-07-16,7,0,0.5645292472825192,1,1
2024-07-17,7,0,0.5641650802217395,1,1
2024-07-18,7,0,0.5786376658084905,1,1
2024-07-19,7,0,0.5455838767393081,1,1
2024-07-20,7,0,0.5630116050691546,1,1
2024-07-21,7,0,0.5651257940077107,1,1
2024-07-22,7,0,0.5750600926764928,1,1
2024-07-23,7,0,0.5509212819319147,1,1
2024-07-24,7,0,0.5656661369072142,1,1
2024-07-25,7,0,0.5778890797602395,1,1
2024-07-26,7,0,0.5459905300862645,1,1
2024-07-27,7,0,0.5662646510292288,1,1
2024-07-28,7,0,0.577967991691355,1,1
2024-07-29,7,0,0.5580953962767198,1,1
2024-07-30,7,0,0.569739371090022,1,1
2024-07-31,7,0,0.5505602009222351,1,1
2024-08-01,7,0,0.5624924807879778,1,1
2024-08-02,7,0,0.5468592747774925,1,1
2024-08-03,7,0,0.5569831420779071,1,1
2024-08-04,7,0,0.546919466809833,1,1
2024-08-05,7,1,0.5517993237458555,1,1
2024-08-06,7,1,0.551263195069289,1,1
2024-08-07,7,0,0.5527299816098942,1,1
2024-08-08,7,0,0.5577857906874774,1,1
2024-08-09,7,0,0.5562491664071793,1,1
2024-08-10,7,0,0.5595955997870664,1,1
2024-08-11,7,0,0.5531751378302596,1,1
2024-08-12,7,0,0.5578240195075067,1,1
2024-08-13,7,0,0.5532741149164679,1,1
2024-08-14,7,1,0.5489991692491948,1,1
2024-08-15,7,1,0.5505624271539211,1,1
2024-08-16,7,1,0.5492271260805156,1,1
2024-08-17,7,0,0.5617881192397359,1,1
2024-08-18,7,1,0.5594991706962559,1,1
2024-08-19,7,1,0.5585698782997355,1,1
2024-08-20,7,1,0.5713250075744564,1,1
2024-08-21,7,1,0.5455827155338344,1,1
2024-08-22,7,1,0.5559426763849162,1,1
2024-08-23,7,0,0.5467546254500508,1,1
2024-08-24,7,0,0.5651680623112557,1,1
2024-08-25,7,0,0.5792498400122975,1,1
2024-08-26,7,1,0.5554637772276494,1,1
2024-08-27,7,1,0.5466277907795066,1,1
2024-08-28,7,1,0.5611317674453757,1,1
2024-08-29,7,1,0.57522323776083,1,1
2024-08-30,7,1,0.5828622405955045,1,1
2024-08-31,7,1,0.5862868120069058,1,1
2024-09-01,7,1,0.5490037404490102,1,1
2024-09-02,7,1,0.5455998971434631,1,1
2024-09-03,7,1,0.5459280183693862,1,1
2024-09-04,7,1,0.5609766673412094,1,1
2024-09-05,7,1,0.5459749763174225,1,1
2024-09-06,7,1,0.5461002771788244,1,1
2024-09-07,7,1,0.5648099172372533,1,1
2024-09-08,7,1,0.5693145939073955,1,1
2024-09-09,7,1,0.5455956766328652,1,1
2024-09-10,7,1,0.5588876560373813,1,1
2024-09-11,7,1,0.5741367779475929,1,1
2024-09-12,7,1,0.5734312480852021,1,1
2024-09-13,7,1,0.5454359242894729,1,1
2024-09-14,7,1,0.560023540893357,1,1
2024-09-15,7,1,0.5640705606475627,1,1
2024-09-16,7,1,0.5606620347712905,1,1
2024-09-17,7,1,0.545521489148366,1,1
2024-09-18,7,1,0.5478888930693359,1,1
2024-09-19,7,1,0.5492892628807092,1,1
2024-09-20,7,1,0.5683966374168101,1,1
2024-09-21,7,1,0.5807107005640446,1,1
2024-09-22,7,1,0.58536268774282,1,1
2024-09-23,7,1,0.5863437903909045,1,1
2024-09-24,7,1,0.5770357408438971,1,1
2024-09-25,7,1,0.5645719981166958,1,1
2024-09-26,7,1,0.5456923539774102,1,1
2024-09-27,7,1,0.5611209663438923,1,1
2024-09-28,7,1,0.5774223578780013,1,1
2024-09-29,7,1,0.5840145790289821,1,1
2024-09-30,7,1,0.5456174278494624,1,1
2024-10-01,7,1,0.5458401458172376,1,1
2024-10-02,7,1,0.5646787119150478,1,1
2024-10-03,7,1,0.5791521181283847,1,1
2024-10-04,7,1,0.5590212084794741,1,1
2024-10-05,7,1,0.5762999095198282,1,1
2024-10-06,7,1,0.5775697538177917,1,1
2024-10-07,7,1,0.5803581874576828,1,1
2024-10-08,7,1,0.5856169859711439,1,1
2024-10-09,7,1,0.5530226174599157,1,1
2024-10-10,7,1,0.5704434205231836,1,1
2024-10-11,7,1,0.5454572474852851,1,1
2024-10-12,7,1,0.5579173623556,1,1
2024-10-13,7,1,0.5734957074815565,1,1
2024-10-14,7,1,0.545727567415548,1,1
2024-10-15,7,1,0.5541954323279493,1,1
2024-10-16,7,1,0.5685728594885043,1,1
2024-10-17,7,1,0.580572950938354,1,1
2024-10-18,7,1,0.5743096189379528,1,1
2024-10-19,7,1,0.5835552745960753,1,1
2024-10-20,7,1,0.5834925348790436,1,1
2024-10-21,7,1,0.5547027217570873,1,1
2024-10-22,7,1,0.5735547066884656,1,1
2024-10-23,7,1,0.5716833588021161,1,1
2024-10-24,7,1,0.5492135846588644,1,1
2024-10-25,7,1,0.548123462977374,1,1
2024-10-26,7,1,0.566536376773138,1,1
2024-10-27,7,1,0.5691966034658038,1,1
2024-10-28,7,1,0.5467513652777116,1,1
2024-10-29,7,1,0.5455575299611771,1,1
2024-10-30,7,1,0.5636727381454241,1,1
2024-10-31,7,1,0.5463990480022777,1,1
2024-11-01,7,1,0.5595182380177244,1,1
2024-11-02,7,1,0.5759206537972046,1,1
2024-11-03,7,1,0.5809162059832438,1,1
2024-11-04,7,1,0.5761786121792553,1,1
2024-11-05,7,1,0.5550400360349779,1,1
2024-11-06,7,1,0.5503964323584811,1,1
2024-11-07,7,1,0.5631346479421988,1,1
2024-11-08,7,1,0.5737951768171211,1,1
2024-11-09,7,1,0.5830318109083364,1,1
2024-11-10,7,1,0.5459151335472876,1,1
2024-11-11,7,1,0.555034021800994,1,1
2024-11-12,7,1,0.5580434017237159,1,1
2024-11-13,7,1,0.5516021694309193,1,1
2024-11-14,7,1,0.551370413887551,1,1
2024-11-15,7,1,0.5514395889784018,1,1
2024-11-16,7,1,0.5613570077926535,1,1
2024-11-17,7,1,0.572061411374251,1,1
2024-11-18,7,1,0.5797600747640251,1,1
2024-11-19,7,1,0.563297884927328,1,1
2024-11-20,7,1,0.552943384086504,1,1
2024-11-21,7,0,0.5457810640368446,1,1
2024-11-22,7,0,0.5641763145345267,1,1
2024-11-23,7,0,0.5689083508111449,1,1
2024-11-24,7,1,0.5811404933286937,1,1
2024-11-25,7,1,0.5459088581321883,1,1
2024-11-26,7,1,0.5569846112772286,1,1
2024-11-27,7,0,0.5460074051417788,1,1
2024-11-28,7,0,0.5646808055706881,1,1
2024-11-29,7,0,0.5580569596663688,1,1
2024-11-30,7,0,0.5681152479900294,1,1
2024-12-01,7,0,0.5771044481945101,1,1
2024-12-02,7,0,0.5722234928232529,1,1
2024-12-03,7,1,0.5827329817613153,1,1
2024-12-04,7,0,0.5481674637413406,1,1
2024-12-05,7,1,0.5480844490933964,1,1
2024-12-06,7,0,0.5455285017903346,1,1
2024-12-07,7,1,0.5657282615494357,1,1
2024-12-08,7,0,0.5696050336315568,1,1
2024-12-09,7,0,0.5456058596499347,1,1
2024-12-10,7,0,0.5616376796698697,1,1
2024-12-11,7,0,0.5458538748966189,1,1
2024-12-12,7,0,0.5579373505531636,1,1
2024-12-13,7,0,0.5631140085282312,1,1
2024-12-14,7,0,0.5784591618383712,1,1
2024-12-15,7,0,0.5476951066190384,1,1
2024-12-16,7,0,0.5536846214628659,1,1
2024-12-17,7,0,0.5727789578998803,1,1
2024-12-18,7,1,0.546450557695462,1,1
2024-12-19,7,1,0.5471894461005844,1,1
2024-12-20,7,1,0.5658967268733014,1,1
2024-12-21,7,1,0.5779885194795938,1,1
2024-12-22,7,1,0.5565404003182968,1,1
2024-12-23,7,1,0.5732549688480634,1,1
2024-12-24,7,1,0.5454942297528469,1,1
2024-12-25,7,1,0.5634026115756325,1,1
2024-12-26,7,1,0.5457357304459658,1,1
2024-12-27,7,1,0.5514930850051255,1,1
2024-12-28,7,1,0.5640694668121777,1,1
2024-12-29,7,1,0.5598227415033047,1,1
2024-12-30,7,1,0.5705145339079123,1,1
2024-12-31,7,1,0.5784578567231654,1,1
2025-01-01,7,1,0.5800429286805934,1,1
2025-01-02,7,1,0.5506804143518049,1,1
2025-01-03,7,0,0.5610290219402546,1,1
2025-01-04,7,1,0.577410440236604,1,1
2025-01-05,7,0,0.5847541611597624,1,1
2025-01-06,7,0,0.5453488250021273,1,1
2025-01-07,7,0,0.5462793310871681,1,1
2025-01-08,7,1,0.5497011316310265,1,1
2025-01-09,7,1,0.5468226897673829,1,1
2025-01-10,7,1,0.5475028536511841,1,1
2025-01-11,7,1,0.567001484220573,1,1
2025-01-12,7,1,0.5803984684464796,1,1
2025-01-13,7,1,0.5857924194280478,1,1
2025-01-14,7,1,0.5627449983306239,1,1
2025-01-15,7,0,0.5453968857736327,1,1
2025-01-16,7,0,0.5619403626927727,1,1
2025-01-17,7,0,0.5457815339224609,1,1
2025-01-18,7,0,0.5655041281584996,1,1
2025-01-19,7,0,0.5460808347331401,1,1
2025-01-20,7,0,0.5612294887616868,1,1
2025-01-21,7,0,0.5456953837273243,1,1
2025-01-22,7,0,0.547228838360604,1,1
2025-01-23,7,0,0.5666401560693008,1,1
2025-01-24,7,0,0.576650492298335,1,1
2025-01-25,7,0,0.5844132926753676,1,1
2025-01-26,7,0,0.5652468897928635,1,1
2025-01-27,7,0,0.5774952794000932,1,1
2025-01-28,7,0,0.5820270435272862,1,1
2025-01-29,7,0,0.5560809036535629,1,1
2025-01-30,7,0,0.5684042751314449,1,1
2025-01-31,7,0,0.5524532554496164,1,1
2025-02-01,7,0,0.5544784002710548,1,1
2025-02-02,7,0,0.5459828559551632,1,1
2025-02-03,7,0,0.5457168063505181,1,1
2025-02-04,7,0,0.5460906691386646,1,1
2025-02-05,7,0,0.5560481682224712,1,1
2025-02-06,7,0,0.5741500974991932,1,1
2025-02-07,7,0,0.5835023231574044,1,1
2025-02-08,7,0,0.5867607415290423,1,1
2025-02-09,7,0,0.5877499613001526,1,1
2025-02-10,7,0,0.5848505220799467,1,1
2025-02-11,7,0,0.570571401182207,1,1
2025-02-12,7,0,0.5540104342898086,1,1
2025-02-13,7,0,0.5617950144976439,1,1
2025-02-14,7,0,0.5729861682027892,1,1
2025-02-15,7,0,0.5830904029016146,1,1
2025-02-16,7,0,0.575779932177729,1,1
2025-02-17,8,0,0.5845059760666571,1,1
2025-02-18,8,0,0.5948665611710503,1,1
2025-02-19,8,0,0.5926395290514325,1,1
2025-02-20,8,0,0.5818697744789592,1,1
2025-02-21,8,0,0.5690950575852408,1,1
2025-02-22,8,0,0.5879715618897255,1,1
2025-02-23,8,0,0.5958181719184372,1,1
2025-02-24,8,0,0.563245107496897,1,1
2025-02-25,8,0,0.56366584911126,1,1
2025-02-26,8,1,0.5633260233270228,1,1
2025-02-27,8,0,0.5836173335872634,1,1
2025-02-28,8,0,0.5939779645887133,1,1
2025-03-01,8,0,0.5781324878362238,1,1
2025-03-02,8,0,0.563541837292929,1,1
2025-03-03,8,0,0.5638273022270731,1,1
2025-03-04,8,0,0.5653134842594338,1,1
2025-03-05,8,0,0.5637092761465549,1,1
2025-03-06,8,0,0.572182082947879,1,1
2025-03-07,8,0,0.5636247021924392,1,1
2025-03-08,8,0,0.5763543851819608,1,1
2025-03-09,8,0,0.5636686799630134,1,1
2025-03-10,8,1,0.5640272718742959,1,1
2025-03-11,8,0,0.5636902755434285,1,1
2025-03-12,8,0,0.5711945075685504,1,1
2025-03-13,8,1,0.5637253124067616,1,1
2025-03-14,8,0,0.5635637772579475,1,1
2025-03-15,8,1,0.5794258961301161,1,1
2025-03-16,8,1,0.5699710682160557,1,1
2025-03-17,8,0,0.5717230666464745,1,1
2025-03-18,8,1,0.5746960947171474,1,1
2025-03-19,8,0,0.5633299731168945,1,1
2025-03-20,8,1,0.5635481979352639,1,1
2025-03-21,8,1,0.584275381838251,1,1
2025-03-22,8,1,0.5946689258831496,1,1
2025-03-23,8,1,0.5671804986969333,1,1
2025-03-24,8,1,0.5734083092359756,1,1
2025-03-25,8,1,0.5910053379995878,1,1
2025-03-26,8,1,0.5952166846220804,1,1
2025-03-27,8,1,0.5980424222405483,1,1
2025-03-28,8,1,0.5638641608097034,1,1
2025-03-29,8,1,0.5673354480140307,1,1
2025-03-30,8,1,0.5874730633654601,1,1
2025-03-31,8,1,0.5959295399110383,1,1
2025-04-01,8,1,0.564103284709315,1,1
2025-04-02,8,1,0.5634524773670914,1,1
2025-04-03,8,1,0.582910961694906,1,1
2025-04-04,8,1,0.5908478888524101,1,1
2025-04-05,8,1,0.5963959169622147,1,1
2025-04-06,8,1,0.5632828300395055,1,1
2025-04-07,8,1,0.5761227236358728,1,1
2025-04-08,8,1,0.5633208604505034,1,1
2025-04-09,8,1,0.5635618468525249,1,1
2025-04-10,8,1,0.5635948620668364,1,1
2025-04-11,8,1,0.5636100693545414,1,1
2025-04-12,8,1,0.5649550361551638,1,1
2025-04-13,8,1,0.5673431308423492,1,1
2025-04-14,8,1,0.5793747216506897,1,1
2025-04-15,8,1,0.5865557402931961,1,1
2025-04-16,8,1,0.595016135677039,1,1
2025-04-17,8,1,0.5939853028056596,1,1
2025-04-18,8,1,0.596827254358444,1,1
2025-04-19,8,1,0.5968826375915055,1,1
2025-04-20,8,1,0.5987498451708968,1,1
2025-04-21,8,1,0.5667091320852484,1,1
2025-04-22,8,1,0.5632877787104893,1,1
2025-04-23,8,1,0.5847299054381392,1,1
2025-04-24,8,1,0.5949887450211274,1,1
2025-04-25,8,1,0.5956626313948101,1,1
2025-04-26,8,1,0.598438743472053,1,1
2025-04-27,8,1,0.5954231731385399,1,1
2025-04-28,8,1,0.5908298203972286,1,1
2025-04-29,8,1,0.5946429181821138,1,1
2025-04-30,8,1,0.5981692870005042,1,1
2025-05-01,8,1,0.5707665111562826,1,1
2025-05-02,8,1,0.5890058239251297,1,1
2025-05-03,8,1,0.590988585247315,1,1
2025-05-04,8,1,0.5824222032893077,1,1
2025-05-05,8,1,0.5936322680314804,1,1
2025-05-06,8,1,0.5740409995374647,1,1
2025-05-07,8,1,0.5911221595450651,1,1
2025-05-08,8,1,0.5632644085018788,1,1
2025-05-09,8,1,0.5849168243469959,1,1
2025-05-10,8,1,0.5802998490769884,1,1
2025-05-11,8,1,0.591970791557853,1,1
2025-05-12,8,1,0.5896400733113618,1,1
2025-05-13,8,1,0.588354396034473,1,1
2025-05-14,8,1,0.5946459084957549,1,1
2025-05-15,8,1,0.5981017947735423,1,1
2025-05-16,8,1,0.5988319463176935,1,1
2025-05-17,8,1,0.5989280023542448,1,1
2025-05-18,8,0,0.5642722966942462,1,1
2025-05-19,8,0,0.5827775838592465,1,1
2025-05-20,8,0,0.5882827062404299,1,1
2025-05-21,8,0,0.5659845602874264,1,1
2025-05-22,8,0,0.5712100513319619,1,1
2025-05-23,8,0,0.563258343875614,1,1
2025-05-24,8,0,0.5845545266750578,1,1
2025-05-25,8,0,0.5885649752563379,1,1
2025-05-26,8,0,0.5959848842824123,1,1
2025-05-27,8,0,0.5978559270948026,1,1
2025-05-28,8,0,0.5937228104878198,1,1
2025-05-29,8,1,0.5762422648316775,1,1
2025-05-30,8,1,0.5781191913737735,1,1
2025-05-31,8,1,0.5911531874098904,1,1
2025-06-01,8,1,0.5931948438777842,1,1
2025-06-02,8,1,0.597684021568326,1,1
2025-06-03,8,1,0.5982553118101971,1,1
2025-06-04,8,1,0.5973481881395115,1,1
2025-06-05,8,1,0.564545338153183,1,1
2025-06-06,8,1,0.5641033192083957,1,1
2025-06-07,8,1,0.5788942098839988,1,1
2025-06-08,8,1,0.5931524297698452,1,1
2025-06-09,8,1,0.563238061397084,1,1
2025-06-10,8,1,0.5858785323381491,1,1
2025-06-11,8,1,0.5842857900213367,1,1
2025-06-12,8,1,0.5664537912678699,1,1
2025-06-13,8,1,0.5876229773673926,1,1
2025-06-14,8,1,0.5945231614208306,1,1
2025-06-15,8,1,0.5981718762521663,1,1
2025-06-16,8,1,0.593454571027123,1,1
2025-06-17,8,1,0.5751380700445631,1,1
2025-06-18,8,1,0.5914983258380535,1,1
2025-06-19,8,1,0.5971698882964432,1,1
2025-06-20,8,1,0.5906476401993751,1,1
2025-06-21,8,1,0.5919727859810238,1,1
2025-06-22,8,1,0.5896535204168346,1,1
2025-06-23,8,1,0.5632302673647493,1,1
2025-06-24,8,1,0.5848628710099062,1,1
2025-06-25,8,1,0.5875450363397485,1,1
2025-06-26,8,1,0.5954856210020512,1,1
2025-06-27,8,1,0.5983999355214128,1,1
2025-06-28,8,1,0.5990293547731802,1,1
2025-06-29,8,1,0.5956884458123158,1,1
2025-06-30,8,1,0.5922470545967201,1,1
2025-07-01,8,1,0.5882806925248291,1,1
2025-07-02,8,1,0.5644224842071963,1,1
2025-07-03,8,1,0.5838494490700622,1,1
2025-07-04,8,1,0.5826507067414806,1,1
2025-07-05,8,1,0.5944978394070632,1,1
2025-07-06,8,1,0.5947383152075164,1,1
2025-07-07,8,1,0.5949807832135451,1,1
2025-07-08,8,1,0.5970045998654362,1,1
2025-07-09,8,1,0.5748549227395746,1,1
2025-07-10,8,1,0.5632342490134066,1,1
2025-07-11,8,1,0.5765724418156105,1,1
2025-07-12,8,1,0.5922976775925174,1,1
2025-07-13,8,1,0.5876868399007023,1,1
2025-07-14,8,1,0.5946624264163815,1,1
2025-07-15,8,1,0.582206786987547,1,1
2025-07-16,8,0,0.5912815047674405,1,1
2025-07-17,8,0,0.5964990716453701,1,1
2025-07-18,8,0,0.5934158552295694,1,1
2025-07-19,8,0,0.5978622936542037,1,1
2025-07-20,8,0,0.5978465649632748,1,1
2025-07-21,8,0,0.5989989458903474,1,1
2025-07-22,8,0,0.575609692617358,1,1
2025-07-23,8,0,0.5856829231856298,1,1
2025-07-24,8,0,0.5950534096003494,1,1
2025-07-25,8,0,0.5966704371823992,1,1
2025-07-26,8,0,0.5985288130522738,1,1
2025-07-27,8,0,0.592438600212837,1,1
2025-07-28,8,0,0.5893525442877515,1,1
2025-07-29,8,0,0.5967407046843266,1,1
2025-07-30,8,0,0.5987150927697212,1,1
2025-07-31,8,0,0.5832481705886707,1,1
2025-08-01,8,0,0.5713285544863307,1,1
2025-08-02,8,0,0.5871520307832176,1,1
2025-08-03,8,0,0.5843856826214976,1,1
2025-08-04,8,0,0.5926474352820469,1,1
2025-08-05,8,0,0.5946540064961148,1,1
2025-08-06,8,0,0.5959073155969982,1,1
2025-08-07,8,0,0.5751839140278633,1,1
2025-08-08,8,0,0.5890402524196308,1,1
2025-08-09,8,0,0.5965011776624398,1,1
2025-08-10,8,0,0.5706385661459287,1,1
2025-08-11,8,0,0.5884092890305808,1,1
2025-08-12,8,0,0.589358377849142,1,1
2025-08-13,8,0,0.5666238313109312,1,1
2025-08-14,8,0,0.5632488950055567,1,1
2025-08-15,8,0,0.5816156297079457,1,1
2025-08-16,8,0,0.5942035465753979,1,1
2025-08-17,8,0,0.5980824363205215,1,1
2025-08-18,8,1,0.5945547642380069,1,1
2025-08-19,8,1,0.5647122226153449,1,1
2025-08-20,8,1,0.5779140923012649,1,1
2025-08-21,8,1,0.5775972628902222,1,1
2025-08-22,8,0,0.563254569943211,1,1
2025-08-23,8,0,0.5762952143807543,1,1
2025-08-24,8,0,0.5763008208761915,1,1
2025-08-25,8,1,0.5639906416407788,1,1
2025-08-26,8,0,0.5741391277907139,1,1
2025-08-27,8,0,0.5896668162089479,1,1
2025-08-28,8,0,0.5901669891525202,1,1
2025-08-29,8,1,0.563324834441036,1,1
2025-08-30,8,1,0.5852420265462532,1,1
2025-08-31,8,1,0.5940283892593207,1,1
2025-09-01,8,1,0.5944784623732503,1,1
2025-09-02,8,1,0.5820588348294143,1,1
2025-09-03,8,1,0.5934555619846174,1,1
2025-09-04,8,1,0.5941999695920784,1,1
2025-09-05,8,1,0.5980644263142515,1,1
2025-09-06,8,1,0.5984791104815934,1,1
2025-09-07,8,1,0.5965366233131384,1,1
2025-09-08,8,1,0.5962418059124849,1,1
2025-09-09,8,1,0.5976500880627351,1,1
2025-09-10,8,0,0.5752036472404288,1,1
2025-09-11,8,0,0.5816467246249327,1,1
2025-09-12,8,0,0.5930936726139571,1,1
2025-09-13,8,0,0.5977040688680506,1,1
2025-09-14,8,0,0.5981039426926494,1,1
2025-09-15,8,0,0.5990919395300761,1,1
2025-09-16,8,0,0.5934070401944183,1,1
2025-09-17,8,0,0.5974123415918039,1,1
2025-09-18,8,0,0.5978079382129835,1,1
2025-09-19,8,0,0.5919667277269753,1,1
2025-09-20,8,0,0.5974905284070755,1,1
2025-09-21,8,0,0.5984056103315577,1,1
2025-09-22,8,0,0.5735679029460942,1,1
2025-09-23,8,0,0.5886075460606738,1,1
2025-09-24,8,0,0.5899711125695504,1,1
2025-09-25,8,1,0.563290546056997,1,1
2025-09-26,8,1,0.5839330195780152,1,1
2025-09-27,8,1,0.5950208131768907,1,1
2025-09-28,8,1,0.5733975447776496,1,1
2025-09-29,8,0,0.5706054390434308,1,1
2025-09-30,8,0,0.5892215711301609,1,1
2025-10-01,8,0,0.5632525084548208,1,1
2025-10-02,8,0,0.5715328132071013,1,1
2025-10-03,8,0,0.5806271790865661,1,1
2025-10-04,8,0,0.5938393712235704,1,1
2025-10-05,8,0,0.594819738546393,1,1
2025-10-06,8,0,0.5941417174383732,1,1
2025-10-07,8,0,0.5666593403875859,1,1
2025-10-08,8,0,0.5748536843519959,1,1
2025-10-09,8,0,0.5810346297742095,1,1
2025-10-10,8,0,0.5633464735774539,1,1
2025-10-11,8,0,0.5663454816633345,1,1
2025-10-12,8,0,0.5633530659005844,1,1
2025-10-13,8,0,0.5843012136610057,1,1
2025-10-14,8,0,0.575423503266763,1,1
2025-10-15,8,0,0.569834937117487,1,1
2025-10-16,8,0,0.566147392042446,1,1
2025-10-17,8,0,0.5733195568847943,1,1
2025-10-18,8,0,0.5884320122172654,1,1
2025-10-19,8,0,0.5870825349178892,1,1
2025-10-20,8,0,0.5794538700478669,1,1
2025-10-21,8,0,0.5733334748731248,1,1
2025-10-22,8,0,0.5878374968541425,1,1
2025-10-23,8,0,0.5716673196932831,1,1
2025-10-24,8,0,0.5861730697487822,1,1
2025-10-25,8,0,0.5945148322190119,1,1
2025-10-26,8,0,0.5684548212460545,1,1
2025-10-27,8,0,0.5881846567766552,1,1
2025-10-28,8,0,0.5910362656284041,1,1
2025-10-29,8,0,0.5670022239080389,1,1
2025-10-30,8,0,0.5739150405871118,1,1
2025-10-31,8,0,0.5839652614718505,1,1
2025-11-01,8,0,0.5941429097562836,1,1
2025-11-02,8,0,0.5971049463947181,1,1
2025-11-03,8,0,0.563335511299071,1,1
2025-11-04,8,0,0.5632662713601618,1,1
2025-11-05,8,0,0.5660910906560449,1,1
2025-11-06,8,0,0.5649239388308789,1,1
2025-11-07,8,0,0.5681758063013028,1,1
2025-11-08,8,0,0.5815453892448336,1,1
2025-11-09,8,0,0.5680148699202909,1,1
2025-11-10,8,0,0.580207029413871,1,1
2025-11-11,8,0,0.5644631040472593,1,1
2025-11-12,8,0,0.5767249938317821,1,1
2025-11-13,8,0,0.5720976936904614,1,1
2025-11-14,8,0,0.5632923247789119,1,1
2025-11-15,8,0,0.5770631294769495,1,1
2025-11-16,8,0,0.5801663505226092,1,1
2025-11-17,8,0,0.5690979433358897,1,1
2025-11-18,8,0,0.5841724221376974,1,1
2025-11-19,8,0,0.5805365035251888,1,1
2025-11-20,8,1,0.5632776643300832,1,1
2025-11-21,8,1,0.5697500671211566,1,1
2025-11-22,8,1,0.5872992592122853,1,1
2025-11-23,8,1,0.5671942614753414,1,1
2025-11-24,8,0,0.5732434266400646,1,1
2025-11-25,8,0,0.5842513744615739,1,1
2025-11-26,8,0,0.5633384361591048,1,1
2025-11-27,8,0,0.5819789024379096,1,1
2025-11-28,8,0,0.5934660149414219,1,1
2025-11-29,8,0,0.5978596165984105,1,1
2025-11-30,8,0,0.5980081222589618,1,1
2025-12-01,8,1,0.5632345822236989,1,1
2025-12-02,8,0,0.5632927142997063,1,1
2025-12-03,8,0,0.5653495388177215,1,1
2025-12-04,8,0,0.5741664234519559,1,1
2025-12-05,8,1,0.5638375141850562,1,1
2025-12-06,8,1,0.5855585872711582,1,1
2025-12-07,8,1,0.5873760985896305,1,1
2025-12-08,8,1,0.5958948358355444,1,1
2025-12-09,8,0,0.5729535952623955,1,1
2025-12-10,8,0,0.587724740623841,1,1
2025-12-11,8,0,0.5951002575810141,1,1
2025-12-12,8,1,0.5693678118530138,1,1
2025-12-13,8,1,0.5892487211591787,1,1
2025-12-14,8,1,0.5691735940160609,1,1
2025-12-15,8,1,0.5693817052169006,1,1
2025-12-16,8,1,0.5747182068911575,1,1
2025-12-17,8,1,0.5715257730510841,1,1
2025-12-18,8,1,0.5863674755309666,1,1
2025-12-19,8,1,0.5640414089607815,1,1
2025-12-20,8,1,0.5860503418266991,1,1
2025-12-21,8,0,0.5953511000809815,1,1
2025-12-22,8,1,0.5982844395367903,1,1
2025-12-23,8,1,0.5924122013133304,1,1
2025-12-24,8,1,0.5974538618632602,1,1
2025-12-25,8,1,0.5981723187706114,1,1
2025-12-26,8,0,0.5990999767786522,1,1
2025-12-27,8,1,0.5982661019749868,1,1
2025-12-28,8,1,0.5991311920352614,1,1
2025-12-29,8,1,0.5967978640573692,1,1
2025-12-30,8,0,0.5886578917963947,1,1
2025-12-31,8,0,0.5909650882459355,1,1
2026-01-01,8,0,0.587693973565378,1,1
2026-01-02,8,0,0.5868566631805959,1,1
2026-01-03,8,0,0.5936501486217769,1,1
2026-01-04,8,0,0.5947129882606046,1,1
2026-01-05,8,0,0.5667007504151166,1,1
2026-01-06,8,0,0.5877463033709914,1,1
2026-01-07,8,0,0.5664698689511003,1,1
2026-01-08,8,0,0.5871161858085142,1,1
2026-01-09,8,0,0.5944600209368675,1,1
2026-01-10,8,0,0.5980605362363607,1,1
2026-01-11,8,0,0.598314516603734,1,1
2026-01-12,8,0,0.5986427221587595,1,1
2026-01-13,8,0,0.5632256548381767,1,1
2026-01-14,8,0,0.5718801100383931,1,1
2026-01-15,8,0,0.5783906889622761,1,1
2026-01-16,8,0,0.5930469015384873,1,1
2026-01-17,8,0,0.5968911558968235,1,1
2026-01-18,8,0,0.5867709032699483,1,1
2026-01-19,8,0,0.5888135248778414,1,1
2026-01-20,8,0,0.56324156801705,1,1
2026-01-21,8,0,0.5778330074018931,1,1
2026-01-22,8,0,0.5927883620260456,1,1
2026-01-23,8,0,0.5977116051594847,1,1
2026-01-24,8,0,0.5982106672116148,1,1
2026-01-25,8,0,0.5654790133347226,1,1
2026-01-26,8,0,0.5694269469481039,1,1
2026-01-27,8,0,0.5843349638135734,1,1
2026-01-28,8,0,0.5951572437327228,1,1
2026-01-29,8,0,0.563249449647526,1,1
2026-01-30,8,0,0.5839015431763123,1,1
2026-01-31,8,0,0.563357164605204,1,1
2026-02-01,8,0,0.5665066546929526,1,1
2026-02-02,8,0,0.5666582120573423,1,1
2026-02-03,8,0,0.5633556920885019,1,1
2026-02-04,8,0,0.5634205050355439,1,1
2026-02-05,8,1,0.5638712366963164,1,1
2026-02-06,8,0,0.5638719534997227,1,1
2026-02-07,8,0,0.5638078447104877,1,1
2026-02-08,8,0,0.5658373570176786,1,1
2026-02-09,8,1,0.5776787243848018,1,1
2026-02-10,8,1,0.5715292404598444,1,1
2026-02-11,8,1,0.5646325176939699,1,1
2026-02-12,8,1,0.5759027140959503,1,1
2026-02-13,8,1,0.5633885067270619,1,1
2026-02-14,8,1,0.5748368199620084,1,1
2026-02-15,8,1,0.5793469996886493,1,1
2026-02-16,8,1,0.5932205359998078,1,1
2026-02-17,8,1,0.576916050099068,1,1
2026-02-18,8,1,0.577837314186452,1,1
2026-02-19,8,1,0.5895983864847248,1,1
2026-02-20,8,0,0.5842836436225903,1,1
2026-02-21,8,1,0.5951611867690267,1,1
2026-02-22,8,1,0.5972476702283673,1,1
2026-02-23,8,1,0.5632354682647851,1,1
2026-02-24,8,1,0.5815464085951091,1,1
2026-02-25,8,0,0.5632835561664422,1,1
2026-02-26,8,0,0.5816631296970595,1,1
2026-02-27,8,1,0.5679953347893736,1,1
2026-02-28,8,0,0.5733868788418756,1,1
2026-03-01,8,1,0.5718834871266572,1,1
2026-03-02,8,0,0.5632628110525507,1,1
2026-03-03,8,0,0.5823382509984714,1,1
2026-03-04,8,0,0.5633279096233598,1,1
2026-03-05,8,0,0.5643607551321723,1,1
2026-03-06,8,1,0.5633739783471295,1,1
2026-03-07,8,1,0.5749286603781992,1,1
2026-03-08,8,1,0.5711674671592424,1,1
2026-03-09,8,1,0.5633437710294982,1,1
2026-03-10,8,1,0.5662406450926792,1,1
2026-03-11,8,1,0.5862102320099417,1,1
2026-03-12,8,1,0.5950644399594074,1,1
2026-03-13,8,0,0.5966547979695674,1,1
2026-03-14,8,1,0.5983549211293925,1,1
2026-03-15,8,1,0.574677412822057,1,1
2026-03-16,8,0,0.5643333301562307,1,1
2026-03-17,8,1,0.5773810020761974,1,1
2026-03-18,8,1,0.5633087346705561,1,1
2026-03-19,8,1,0.5690803400089431,1,1
2026-03-20,8,1,0.5847685135020955,1,1
2026-03-21,8,1,0.5662526897172218,1,1
2026-03-22,8,1,0.5780851429513756,1,1
2026-03-23,8,1,0.5632494439893954,1,1
2026-03-24,8,1,0.583609474024119,1,1
2026-03-25,8,1,0.5885624717551626,1,1
2026-03-26,8,1,0.5633897553078825,1,1
2026-03-27,8,1,0.5633020810946451,1,1
2026-03-28,8,1,0.5855229996680527,1,1
2026-03-29,8,1,0.5939622591747773,1,1
2026-03-30,8,1,0.5926599321138752,1,1
2026-03-31,8,1,0.5712639936781075,1,1
2026-04-01,8,1,0.5897876695225714,1,1
2026-04-02,8,1,0.579901972836598,1,1
2026-04-03,8,1,0.5936402165632755,1,1
2026-04-04,8,1,0.5969017005493001,1,1
2026-04-05,8,1,0.5691807877371828,1,1
2026-04-06,8,1,0.588955772453712,1,1
2026-04-07,8,1,0.5632321182823877,1,1
2026-04-08,8,1,0.5781837283234775,1,1
2026-04-09,8,1,0.5887581634118995,1,1
2026-04-10,8,1,0.5816633593310325,1,1
2026-04-11,8,1,0.5942459157717648,1,1
2026-04-12,8,1,0.5639808131988637,1,1
2026-04-13,8,1,0.5632601342196556,1,1
2026-04-14,8,1,0.5843591182039816,1,1
2026-04-15,8,1,0.5918390126998564,1,1
2026-04-16,8,1,0.596660788532575,1,1
2026-04-17,8,1,0.567713421618103,1,1
2026-04-18,8,1,0.5711376663660135,1,1
2026-04-19,8,1,0.5655524858712518,1,1
2026-04-20,8,1,0.5642569454196869,1,1
2026-04-21,8,1,0.5842798835901695,1,1
2026-04-22,8,0,0.5680446112327349,1,1
2026-04-23,8,0,0.5885242756412687,1,1
2026-04-24,8,0,0.5909257092690255,1,1
2026-04-25,8,0,0.5970685896316433,1,1
2026-04-26,8,0,0.5908691061204087,1,1
2026-04-27,8,0,0.5824198347875312,1,1
2026-04-28,8,0,0.584690053595996,1,1
2026-04-29,8,0,0.5923173866597792,1,1
2026-04-30,8,0,0.5956840272602016,1,1
2026-05-01,8,0,0.5697347757623936,1,1
2026-05-02,8,0,0.5874883154577285,1,1
2026-05-03,8,0,0.5960455919135283,1,1
2026-05-04,8,0,0.5855076916886951,1,1
2026-05-05,8,0,0.5857992357004793,1,1
2026-05-06,8,0,0.5940107511455933,1,1
2026-05-07,8,0,0.5817108560506222,1,1
2026-05-08,8,0,0.5941139136445951,1,1
2026-05-09,8,0,0.5967756892834482,1,1
2026-05-10,8,0,0.5821032179584509,1,1
2026-05-11,8,0,0.5930731004866423,1,1
2026-05-12,8,0,0.5853983439214272,1,1
2026-05-13,8,0,0.5829529569645407,1,1
2026-05-14,8,0,0.5701042521878834,1,1
2026-05-15,8,0,0.5655707645479036,1,1
2026-05-16,8,0,0.5788629298419892,1,1
2026-05-17,8,0,0.5885970051189425,1,1
2026-05-18,8,0,0.5946677049356001,1,1
2026-05-19,8,0,0.5978989356032871,1,1
2026-05-20,8,0,0.5958660724112762,1,1
2026-05-21,8,0,0.5985079121354467,1,1
2026-05-22,8,0,0.5672315809212908,1,1
2026-05-23,8,0,0.575063115919975,1,1
2026-05-24,8,0,0.5910112238937294,1,1
2026-05-25,8,0,0.59667674133861,1,1
2026-05-26,8,0,0.5798498784056745,1,1
2026-05-27,8,0,0.5727700669026001,1,1
2026-05-28,8,0,0.5836605388461973,1,1
2026-05-29,8,0,0.5946609099844251,1,1
2026-05-30,8,0,0.5972604544114164,1,1
2026-05-31,8,0,0.5986353415577087,1,1
2026-06-01,8,0,0.564374466484831,1,1
2026-06-02,8,0,0.5633233974233919,1,1
2026-06-03,8,0,0.5633741235220259,1,1
2026-06-04,8,0,0.583086520898312,1,1
2026-06-05,8,1,0.5633516221828132,1,1
2026-06-06,8,1,0.5840749060398082,1,1
