date,fold,actual,proba_up,pred,always_up_pred
2016-03-20,1,0,0.5177802730416016,1,1
2016-03-21,1,1,0.517886928730239,1,1
2016-03-22,1,0,0.5178632606187942,1,1
2016-03-23,1,0,0.5179049787306266,1,1
2016-03-24,1,1,0.5179042987230378,1,1
2016-03-25,1,1,0.5179154129768131,1,1
2016-03-26,1,1,0.5179181960316117,1,1
2016-03-27,1,0,0.517739016806307,1,1
2016-03-28,1,0,0.5178534388248062,1,1
2016-03-29,1,0,0.517698169893279,1,1
2016-03-30,1,1,0.5178531278217537,1,1
2016-03-31,1,1,0.5179013485387197,1,1
2016-04-01,1,1,0.517914969739685,1,1
2016-04-02,1,1,0.5179099757442518,1,1
2016-04-03,1,1,0.5179152300213364,1,1
2016-04-04,1,1,0.5179176841099131,1,1
2016-04-05,1,0,0.5179113763708024,1,1
2016-04-06,1,0,0.5179133125613087,1,1
2016-04-07,1,0,0.5179123529589398,1,1
2016-04-08,1,0,0.5178939394894166,1,1
2016-04-09,1,1,0.5179057833739739,1,1
2016-04-10,1,1,0.5179128070764291,1,1
2016-04-11,1,1,0.5179176594143265,1,1
2016-04-12,1,0,0.5179119963703281,1,1
2016-04-13,1,1,0.5179066004576586,1,1
2016-04-14,1,1,0.5179162340575942,1,1
2016-04-15,1,1,0.5178632963251418,1,1
2016-04-16,1,0,0.5179063710868328,1,1
2016-04-17,1,1,0.5178880781009058,1,1
2016-04-18,1,1,0.5179105193326641,1,1
2016-04-19,1,1,0.5178137328087163,1,1
2016-04-20,1,1,0.5178261519963571,1,1
2016-04-21,1,0,0.5177482818763094,1,1
2016-04-22,1,1,0.5178461718143642,1,1
2016-04-23,1,1,0.5178652479107926,1,1
2016-04-24,1,1,0.5177765788245784,1,1
2016-04-25,1,1,0.517877662270973,1,1
2016-04-26,1,0,0.517881978153843,1,1
2016-04-27,1,1,0.5143661401634554,1,1
2016-04-28,1,1,0.5168237781961945,1,1
2016-04-29,1,0,0.5175369104590236,1,1
2016-04-30,1,1,0.5176926327408712,1,1
2016-05-01,1,0,0.5178450218564966,1,1
2016-05-02,1,1,0.5177636607310464,1,1
2016-05-03,1,0,0.5178255578836075,1,1
2016-05-04,1,1,0.5178586040192396,1,1
2016-05-05,1,1,0.5179052172096305,1,1
2016-05-06,1,0,0.517605367054751,1,1
2016-05-07,1,1,0.5178386145264157,1,1
2016-05-08,1,1,0.5178993790067018,1,1
2016-05-09,1,0,0.5179127568310414,1,1
2016-05-10,1,1,0.5176539097802749,1,1
2016-05-11,1,1,0.5178553642064505,1,1
2016-05-12,1,1,0.5179020359171458,1,1
2016-05-13,1,1,0.5179152340180966,1,1
2016-05-14,1,1,0.5179170708511525,1,1
2016-05-15,1,0,0.517916559301479,1,1
2016-05-16,1,0,0.5178857079022102,1,1
2016-05-17,1,1,0.5179094095338199,1,1
2016-05-18,1,0,0.5179168994456844,1,1
2016-05-19,1,1,0.5166770739385125,1,1
2016-05-20,1,1,0.5175751042813547,1,1
2016-05-21,1,0,0.5178401084124059,1,1
2016-05-22,1,1,0.5178605381974932,1,1
2016-05-23,1,1,0.517866625052889,1,1
2016-05-24,1,1,0.5179043782688338,1,1
2016-05-25,1,1,0.517898869261852,1,1
2016-05-26,1,1,0.517896484275036,1,1
2016-05-27,1,1,0.5155971346782389,1,1
2016-05-28,1,0,0.5074363667050799,1,1
2016-05-29,1,1,0.5125435317264947,1,1
2016-05-30,1,0,0.5160429219059286,1,1
2016-05-31,1,1,0.5173708096125538,1,1
2016-06-01,1,1,0.5177728159785563,1,1
2016-06-02,1,1,0.5178833007589336,1,1
2016-06-03,1,1,0.5122091722994982,1,1
2016-06-04,1,1,0.5161252531967521,1,1
2016-06-05,1,1,0.5174730441896884,1,1
2016-06-06,1,0,0.5177268539966119,1,1
2016-06-07,1,1,0.5176271059059672,1,1
2016-06-08,1,0,0.5178481096072207,1,1
2016-06-09,1,1,0.5177517411193224,1,1
2016-06-10,1,1,0.51788083959581,1,1
2016-06-11,1,1,0.5150732399325793,1,1
2016-06-12,1,1,0.5074364472192241,1,1
2016-06-13,1,0,0.5088088451733026,1,1
2016-06-14,1,1,0.5099552864646248,1,1
2016-06-15,1,1,0.5148968688313063,1,1
2016-06-16,1,0,0.507436936938547,1,1
2016-06-17,1,1,0.5095891900892593,1,1
2016-06-18,1,1,0.5147314047281949,1,1
2016-06-19,1,0,0.5170658634934627,1,1
2016-06-20,1,0,0.5139113885097426,1,1
2016-06-21,1,0,0.5074363968866895,1,1
2016-06-22,1,1,0.5074363658839958,1,1
2016-06-23,1,1,0.5085182790525838,1,1
2016-06-24,1,0,0.5075652252548551,1,1
2016-06-25,1,0,0.512961010185168,1,1
2016-06-26,1,1,0.5078289500002471,1,1
2016-06-27,1,0,0.5096112735816631,1,1
2016-06-28,1,0,0.5134161520613865,1,1
2016-06-29,1,1,0.5159547415046296,1,1
2016-06-30,1,1,0.5123037786605041,1,1
2016-07-01,1,1,0.5161450134405494,1,1
2016-07-02,1,0,0.5157467752988537,1,1
2016-07-03,1,1,0.5075523715581829,1,1
2016-07-04,1,0,0.5100775055051907,1,1
2016-07-05,1,1,0.5125335920826423,1,1
2016-07-06,1,0,0.5162496781464745,1,1
2016-07-07,1,1,0.508316194525117,1,1
2016-07-08,1,0,0.5099914792323832,1,1
2016-07-09,1,0,0.5117716267464624,1,1
2016-07-10,1,0,0.5157003945555306,1,1
2016-07-11,1,1,0.5172551416138907,1,1
2016-07-12,1,0,0.517508554737936,1,1
2016-07-13,1,1,0.5174886374672822,1,1
2016-07-14,1,1,0.5178186788881562,1,1
2016-07-15,1,0,0.5178960975144142,1,1
2016-07-16,1,1,0.5178648688031592,1,1
2016-07-17,1,0,0.5176862464458549,1,1
2016-07-18,1,0,0.5177151677267995,1,1
2016-07-19,1,0,0.5178406239625523,1,1
2016-07-20,1,0,0.5177335180347912,1,1
2016-07-21,1,0,0.5178428943923683,1,1
2016-07-22,1,1,0.5173018977427749,1,1
2016-07-23,1,1,0.5177754555091515,1,1
2016-07-24,1,0,0.5178858029183184,1,1
2016-07-25,1,0,0.5177565873521777,1,1
2016-07-26,1,1,0.517832077716854,1,1
2016-07-27,1,1,0.51789711284948,1,1
2016-07-28,1,1,0.5179098851630624,1,1
2016-07-29,1,0,0.5179161042560853,1,1
2016-07-30,1,0,0.5178982796480087,1,1
2016-07-31,1,0,0.5132779033112841,1,1
2016-08-01,1,0,0.5135386197224259,1,1
2016-08-02,1,1,0.5074364682602659,1,1
2016-08-03,1,1,0.5094307077142759,1,1
2016-08-04,1,0,0.513225725982617,1,1
2016-08-05,1,1,0.5164553157768842,1,1
2016-08-06,1,1,0.5170819426253529,1,1
2016-08-07,1,0,0.5176913014619707,1,1
2016-08-08,1,0,0.5178599232359008,1,1
2016-08-09,1,1,0.51788670607189,1,1
2016-08-10,1,0,0.517898100317501,1,1
2016-08-11,1,0,0.5179025274805171,1,1
2016-08-12,1,0,0.5179146995756663,1,1
2016-08-13,1,0,0.5179175676196219,1,1
2016-08-14,1,0,0.517612528403017,1,1
2016-08-15,1,1,0.5178440331877006,1,1
2016-08-16,1,0,0.5176423146840794,1,1
2016-08-17,1,1,0.5178494511030343,1,1
2016-08-18,1,1,0.5178905003696103,1,1
2016-08-19,1,1,0.5178979070054137,1,1
2016-08-20,1,0,0.5178343724171405,1,1
2016-08-21,1,1,0.5178995861516565,1,1
2016-08-22,1,0,0.5178821061755916,1,1
2016-08-23,1,0,0.5179003248404213,1,1
2016-08-24,1,0,0.5179092248535879,1,1
2016-08-25,1,1,0.5179146814042079,1,1
2016-08-26,1,0,0.5179117343543899,1,1
2016-08-27,1,1,0.5178200314231337,1,1
2016-08-28,1,1,0.517866803725009,1,1
2016-08-29,1,1,0.5179062529370914,1,1
2016-08-30,1,0,0.5178913994532145,1,1
2016-08-31,1,0,0.517912137385631,1,1
2016-09-01,1,1,0.5179150003169563,1,1
2016-09-02,1,1,0.5178967863369524,1,1
2016-09-03,1,1,0.5158475868588351,1,1
2016-09-04,1,0,0.5169671431028225,1,1
2016-09-05,1,1,0.5176911295190975,1,1
2016-09-06,1,1,0.5178465945797153,1,1
2016-09-07,1,1,0.5178786249814538,1,1
2016-09-08,1,0,0.5177236528145476,1,1
2016-09-09,1,1,0.5178625757226183,1,1
2016-09-10,1,0,0.5179056802857085,1,1
2016-09-11,1,1,0.5175189114902141,1,1
2016-09-12,1,1,0.5178215309207495,1,1
2016-09-13,1,1,0.517894434092789,1,1
2016-09-14,1,0,0.5179092844162873,1,1
2016-09-15,1,0,0.5179081455423258,1,1
2016-09-16,1,0,0.5179161141778589,1,1
2016-09-17,1,1,0.5179183883116092,1,1
2016-09-18,1,0,0.5178963005708558,1,1
2016-09-19,1,0,0.5179139446975516,1,1
2016-09-20,1,0,0.517917862596228,1,1
2016-09-21,1,0,0.5177817679398323,1,1
2016-09-22,1,1,0.5178878709676862,1,1
2016-09-23,1,0,0.5178503713966514,1,1
2016-09-24,1,0,0.5179033941641443,1,1
2016-09-25,1,1,0.5179139808286338,1,1
2016-09-26,1,0,0.5178492437405345,1,1
2016-09-27,1,0,0.5179013661622897,1,1
2016-09-28,1,1,0.5179143491609989,1,1
2016-09-29,1,1,0.5179156861133904,1,1
2016-09-30,1,1,0.5179010356644369,1,1
2016-10-01,1,0,0.5178991173271655,1,1
2016-10-02,1,1,0.517894797433344,1,1
2016-10-03,1,0,0.5179135143528917,1,1
2016-10-04,1,1,0.5179108362717663,1,1
2016-10-05,1,1,0.517914912502111,1,1
2016-10-06,1,1,0.5179181443189335,1,1
2016-10-07,1,1,0.5179062133046074,1,1
2016-10-08,1,0,0.5179143605245933,1,1
2016-10-09,1,1,0.517909071090717,1,1
2016-10-10,1,1,0.5179141887709757,1,1
2016-10-11,1,0,0.516948726249855,1,1
2016-10-12,1,1,0.5176297772815429,1,1
2016-10-13,1,1,0.5178526405346868,1,1
2016-10-14,1,0,0.5178992621094682,1,1
2016-10-15,1,1,0.5179053274108747,1,1
2016-10-16,1,0,0.5179132614811844,1,1
2016-10-17,1,0,0.5179046795313893,1,1
2016-10-18,1,0,0.5179100037648385,1,1
2016-10-19,1,1,0.5178408563025267,1,1
2016-10-20,1,1,0.5179009286487015,1,1
2016-10-21,1,1,0.517914174225495,1,1
2016-10-22,1,0,0.5166520351597257,1,1
2016-10-23,1,0,0.5176091691780917,1,1
2016-10-24,1,1,0.5178226517062667,1,1
2016-10-25,1,1,0.5178923946837369,1,1
2016-10-26,1,1,0.5173631909975293,1,1
2016-10-27,1,1,0.5177141760287868,1,1
2016-10-28,1,1,0.5178715975782819,1,1
2016-10-29,1,0,0.5170925324185492,1,1
2016-10-30,1,0,0.5173533056412607,1,1
2016-10-31,1,1,0.5177750985493885,1,1
2016-11-01,1,1,0.516456165147523,1,1
2016-11-02,1,0,0.5174628821487148,1,1
2016-11-03,1,1,0.5076180160721193,1,1
2016-11-04,1,1,0.5119503360952903,1,1
2016-11-05,1,1,0.5159962679490127,1,1
2016-11-06,1,0,0.5173635517619944,1,1
2016-11-07,1,1,0.5176634640586294,1,1
2016-11-08,1,1,0.5178368865847064,1,1
2016-11-09,1,0,0.5177778038961756,1,1
2016-11-10,1,1,0.5178045752860729,1,1
2016-11-11,1,0,0.5178917355806266,1,1
2016-11-12,1,0,0.5177464248925605,1,1
2016-11-13,1,1,0.5178586633746277,1,1
2016-11-14,1,1,0.5179044598766672,1,1
2016-11-15,1,1,0.5178998430721032,1,1
2016-11-16,1,0,0.5156494027011727,1,1
2016-11-17,1,1,0.5172707573889398,1,1
2016-11-18,1,1,0.5177003528852011,1,1
2016-11-19,1,0,0.5178629586382735,1,1
2016-11-20,1,1,0.5171972982500791,1,1
2016-11-21,1,1,0.5177169004995547,1,1
2016-11-22,1,0,0.5178018163639964,1,1
2016-11-23,1,0,0.5178179184396536,1,1
2016-11-24,1,1,0.517857430200315,1,1
2016-11-25,1,0,0.5179036029922283,1,1
2016-11-26,1,0,0.5178565888294969,1,1
2016-11-27,1,1,0.5178787820247409,1,1
2016-11-28,1,0,0.5179090173264376,1,1
2016-11-29,1,1,0.5179112450858971,1,1
2016-11-30,1,1,0.5178768562149356,1,1
2016-12-01,1,1,0.5178583810748265,1,1
2016-12-02,1,0,0.5175862346816816,1,1
2016-12-03,1,1,0.5177553938876299,1,1
2016-12-04,1,0,0.5178816245030652,1,1
2016-12-05,1,1,0.5176023956347237,1,1
2016-12-06,1,1,0.5178414148094578,1,1
2016-12-07,1,1,0.51790097716204,1,1
2016-12-08,1,1,0.5179149137808988,1,1
2016-12-09,1,1,0.5179173073668296,1,1
2016-12-10,1,0,0.5179176697835156,1,1
2016-12-11,1,1,0.5178812979319579,1,1
2016-12-12,1,1,0.5178717543381692,1,1
2016-12-13,1,1,0.5179046395563794,1,1
2016-12-14,1,0,0.5179135643515622,1,1
2016-12-15,1,1,0.5178932058125778,1,1
2016-12-16,1,1,0.5179032157563899,1,1
2016-12-17,1,0,0.5179103326945542,1,1
2016-12-18,1,1,0.5179102198736568,1,1
2016-12-19,1,1,0.5179163980552374,1,1
2016-12-20,1,1,0.517904641962631,1,1
2016-12-21,1,1,0.5166044573681836,1,1
2016-12-22,1,1,0.516197406356836,1,1
2016-12-23,1,0,0.5083392140594899,1,1
2016-12-24,1,0,0.5104856838282273,1,1
2016-12-25,1,1,0.5150591111407749,1,1
2016-12-26,1,1,0.5170921083920309,1,1
2016-12-27,1,1,0.5172725899599138,1,1
2016-12-28,1,0,0.5153281149450932,1,1
2016-12-29,1,0,0.5171701938179913,1,1
2016-12-30,1,1,0.5174991252516318,1,1
2016-12-31,1,1,0.5178177176126579,1,1
2017-01-01,1,1,0.5171987169724283,1,1
2017-01-02,1,1,0.5175221927635806,1,1
2017-01-03,1,1,0.5177107664098984,1,1
2017-01-04,1,0,0.5074370243340763,1,1
2017-01-05,1,0,0.5074363654711137,1,1
2017-01-06,1,1,0.5074363656377763,1,1
2017-01-07,1,1,0.5130103757405708,1,1
2017-01-08,1,0,0.5164508588780793,1,1
2017-01-09,1,1,0.5173933299050126,1,1
2017-01-10,1,0,0.5177969982002865,1,1
2017-01-11,1,1,0.5074363654699859,1,1
2017-01-12,1,1,0.5097152594003904,1,1
2017-01-13,1,0,0.513383511919914,1,1
2017-01-14,1,1,0.5163999266802018,1,1
2017-01-15,1,1,0.5175479571979973,1,1
2017-01-16,1,1,0.5177911104731739,1,1
2017-01-17,1,0,0.5074454832853122,1,1
2017-01-18,1,1,0.5104676693231924,1,1
2017-01-19,1,0,0.5149488429793951,1,1
2017-01-20,1,1,0.5170280173362803,1,1
2017-01-21,1,1,0.5170855091435069,1,1
2017-01-22,1,0,0.517722024685929,1,1
2017-01-23,1,0,0.5178423677710239,1,1
2017-01-24,1,1,0.5167960909942118,1,1
2017-01-25,1,1,0.5176266635298714,1,1
2017-01-26,1,1,0.5177622467836419,1,1
2017-01-27,1,1,0.5178811168088155,1,1
2017-01-28,1,0,0.5179077993895311,1,1
2017-01-29,1,1,0.5178981249281657,1,1
2017-01-30,1,1,0.5179098236998594,1,1
2017-01-31,1,1,0.5135361247240706,1,1
2017-02-01,1,1,0.5162481996018169,1,1
2017-02-02,1,1,0.5171759433834194,1,1
2017-02-03,1,1,0.5176468276827363,1,1
2017-02-04,1,0,0.5178376464162269,1,1
2017-02-05,1,1,0.5176722126454275,1,1
2017-02-06,1,1,0.5178531324380404,1,1
2017-02-07,1,1,0.5177830389412391,1,1
2017-02-08,1,0,0.5178793478196294,1,1
2017-02-09,1,0,0.5078927670410401,1,1
2017-02-10,1,1,0.5130125243876835,1,1
2017-02-11,1,0,0.5162119735283772,1,1
2017-02-12,1,0,0.5173962704264269,1,1
2017-02-13,1,1,0.5176901795350138,1,1
2017-02-14,1,1,0.5178307353743943,1,1
2017-02-15,1,1,0.517897131693562,1,1
2017-02-16,1,1,0.5178225460835705,1,1
2017-02-17,1,1,0.5178259067349221,1,1
2017-02-18,1,0,0.517896133672581,1,1
2017-02-19,1,1,0.5178575734724961,1,1
2017-02-20,1,1,0.5175140142728734,1,1
2017-02-21,1,1,0.5172059788036812,1,1
2017-02-22,1,1,0.5177494319702497,1,1
2017-02-23,1,1,0.5160963042169048,1,1
2017-02-24,1,0,0.5174669757574341,1,1
2017-02-25,1,1,0.5169605817792252,1,1
2017-02-26,1,1,0.5175440574798564,1,1
2017-02-27,1,0,0.5177954607176016,1,1
2017-02-28,1,1,0.5178839447857515,1,1
2017-03-01,1,1,0.5171864378529278,1,1
2017-03-02,1,1,0.5175090521775694,1,1
2017-03-03,1,0,0.5177113359625466,1,1
2017-03-04,1,1,0.5176470524188403,1,1
2017-03-05,1,1,0.51784352570609,1,1
2017-03-06,1,0,0.5179003759140413,1,1
2017-03-07,1,0,0.515533249502051,1,1
2017-03-08,1,1,0.5077875180997861,1,1
2017-03-09,1,0,0.510524030813318,1,1
2017-03-10,1,1,0.5075290749020637,1,1
2017-03-11,1,1,0.5079226922333621,1,1
2017-03-12,1,1,0.5097999722468153,1,1
2017-03-13,1,1,0.5148651638177929,1,1
2017-03-14,1,1,0.5171063727585032,1,1
2017-03-15,1,0,0.5177280019469767,1,1
2017-03-16,1,0,0.5106051702182617,1,1
2017-03-17,1,0,0.5074415347806672,1,1
2017-03-18,1,1,0.5074363655174099,1,1
2017-03-19,1,1,0.507496363433334,1,1
2017-03-20,1,1,0.5124280235336482,1,1
2017-03-21,1,0,0.5078410117359593,1,1
2017-03-22,1,0,0.50746285564544,1,1
2017-03-23,1,0,0.5124457847332625,1,1
2017-03-24,1,1,0.5074364397684643,1,1
2017-03-25,1,0,0.5091042836245189,1,1
2017-03-26,1,1,0.5141609556091138,1,1
2017-03-27,1,1,0.507452096224687,1,1
2017-03-28,1,0,0.513031466600971,1,1
2017-03-29,1,0,0.5162657310978753,1,1
2017-03-30,1,1,0.5172598214531547,1,1
2017-03-31,1,1,0.5150495548029611,1,1
2017-04-01,1,1,0.5171379321713757,1,1
2017-04-02,1,1,0.517522454133875,1,1
2017-04-03,1,0,0.5165315324665122,1,1
2017-04-04,1,0,0.5174571794201718,1,1
2017-04-05,1,1,0.5177598328698948,1,1
2017-04-06,1,0,0.5135127329907406,1,1
2017-04-07,1,0,0.5165268410684587,1,1
2017-04-08,1,1,0.5175702771032994,1,1
2017-04-09,1,0,0.5178122714540627,1,1
2017-04-10,1,1,0.5178902568189221,1,1
2017-04-11,1,0,0.5178624658649233,1,1
2017-04-12,1,0,0.5178807729703753,1,1
2017-04-13,1,0,0.5173148354958171,1,1
2017-04-14,1,1,0.5177648321348335,1,1
2017-04-15,1,1,0.5178838698075601,1,1
2017-04-16,1,1,0.5179001360283475,1,1
2017-04-17,1,1,0.5179027427301862,1,1
2017-04-18,1,0,0.5178632136618998,1,1
2017-04-19,1,1,0.5178987406810358,1,1
2017-04-20,1,0,0.5178532330979418,1,1
2017-04-21,1,1,0.5178695972148023,1,1
2017-04-22,1,0,0.5178986077236255,1,1
2017-04-23,1,1,0.5176576459990375,1,1
2017-04-24,1,1,0.5168477673180465,1,1
2017-04-25,1,1,0.5175885990760747,1,1
2017-04-26,1,1,0.5177929690376253,1,1
2017-04-27,1,0,0.5174799514675417,1,1
2017-04-28,1,1,0.5178103611485624,1,1
2017-04-29,1,1,0.5178937491414456,1,1
2017-04-30,1,1,0.5177859048679287,1,1
2017-05-01,1,1,0.5125172725051671,1,1
2017-05-02,1,1,0.51537982210024,1,1
2017-05-03,1,1,0.5164984366820498,1,1
2017-05-04,1,1,0.5165780636849998,1,1
2017-05-05,1,1,0.5175519765986312,1,1
2017-05-06,1,1,0.5177767309593851,1,1
2017-05-07,1,1,0.5178709966320167,1,1
2017-05-08,1,1,0.507744840200902,1,1
2017-05-09,1,1,0.5128453079333692,1,1
2017-05-10,1,1,0.5161972123554867,1,1
2017-05-11,1,0,0.5165646833678935,1,1
2017-05-12,1,1,0.5075329665879025,1,1
2017-05-13,1,1,0.5086575176604586,1,1
2017-05-14,1,0,0.5139917881981367,1,1
2017-05-15,1,0,0.5105143294600712,1,1
2017-05-16,1,1,0.5150230311616424,1,1
2017-05-17,1,1,0.509630746433534,1,1
2017-05-18,1,1,0.5139600206764181,1,1
2017-05-19,1,1,0.5117178856330917,1,1
2017-05-20,1,0,0.5113231962427061,1,1
2017-05-21,1,1,0.512379469857574,1,1
2017-05-22,1,1,0.5084454406867231,1,1
2017-05-23,1,1,0.5077310779018147,1,1
2017-05-24,1,0,0.5091309899071844,1,1
2017-05-25,1,0,0.5074529768616918,1,1
2017-05-26,1,0,0.5075349177689106,1,1
2017-05-27,1,1,0.5074368100427203,1,1
2017-05-28,1,1,0.5081223758740693,1,1
2017-05-29,1,0,0.5099717263710525,1,1
2017-05-30,1,1,0.5083147493335961,1,1
2017-05-31,1,1,0.5092451933382157,1,1
2017-06-01,1,1,0.5094462786473399,1,1
2017-06-02,1,1,0.5133237761173421,1,1
2017-06-03,1,0,0.5165620268742449,1,1
2017-06-04,1,1,0.5173782806284851,1,1
2017-06-05,1,1,0.5106329738226757,1,1
2017-06-06,1,0,0.5082763741538532,1,1
2017-06-07,1,1,0.5075341961776638,1,1
2017-06-08,1,1,0.5126096891508402,1,1
2017-06-09,1,1,0.5161314246867275,1,1
2017-06-10,1,1,0.5163099314207086,1,1
2017-06-11,1,0,0.5173855679707424,1,1
2017-06-12,1,1,0.5074363687548277,1,1
2017-06-13,1,0,0.5128580697556935,1,1
2017-06-14,1,0,0.5074369265911582,1,1
2017-06-15,1,1,0.5100112421885814,1,1
2017-06-16,1,1,0.5147693665877642,1,1
2017-06-17,1,0,0.5125634551104703,1,1
2017-06-18,1,1,0.5082761379773404,1,1
2017-06-19,1,1,0.5137489902778698,1,1
2017-06-20,1,0,0.5127324561748654,1,1
2017-06-21,1,1,0.5144695190195203,1,1
2017-06-22,1,1,0.5168842894994707,1,1
2017-06-23,1,0,0.5176730754788651,1,1
2017-06-24,1,0,0.5087142232044248,1,1
2017-06-25,1,0,0.5126201998913218,1,1
2017-06-26,1,1,0.5081756237733019,1,1
2017-06-27,1,1,0.5125103259284267,1,1
2017-06-28,1,0,0.5162302313174452,1,1
2017-06-29,1,0,0.5166303153463206,1,1
2017-06-30,1,0,0.5157789964506981,1,1
2017-07-01,1,1,0.5160154717515107,1,1
2017-07-02,1,1,0.5169856719253588,1,1
2017-07-03,2,1,0.5623422671013791,1,1
2017-07-04,2,1,0.5673796325011198,1,1
2017-07-05,2,1,0.5688469471437686,1,1
2017-07-06,2,0,0.5694265690930873,1,1
2017-07-07,2,1,0.5558267553615936,1,1
2017-07-08,2,0,0.5623512764793057,1,1
2017-07-09,2,0,0.5602054557553012,1,1
2017-07-10,2,0,0.5512886433138035,1,1
2017-07-11,2,1,0.5556520244485301,1,1
2017-07-12,2,0,0.5600251000107039,1,1
2017-07-13,2,0,0.561334670319491,1,1
2017-07-14,2,0,0.551320917227502,1,1
2017-07-15,2,0,0.5512833531912574,1,1
2017-07-16,2,1,0.5517776111759609,1,1
2017-07-17,2,1,0.5512833531912402,1,1
2017-07-18,2,0,0.552099848041975,1,1
2017-07-19,2,1,0.5551623068767774,1,1
2017-07-20,2,0,0.5512833531912407,1,1
2017-07-21,2,1,0.5512869704059652,1,1
2017-07-22,2,0,0.5513797110477567,1,1
2017-07-23,2,1,0.5523600904862755,1,1
2017-07-24,2,0,0.5606377607614577,1,1
2017-07-25,2,0,0.5512847445412606,1,1
2017-07-26,2,1,0.5548456981934462,1,1
2017-07-27,2,1,0.5513959326326663,1,1
2017-07-28,2,0,0.5514354547191368,1,1
2017-07-29,2,1,0.5521693721997905,1,1
2017-07-30,2,1,0.5603786544186762,1,1
2017-07-31,2,0,0.5542208500573119,1,1
2017-08-01,2,0,0.551292678759555,1,1
2017-08-02,2,1,0.5591461251582615,1,1
2017-08-03,2,1,0.5566613273606775,1,1
2017-08-04,2,1,0.5565686302060434,1,1
2017-08-05,2,0,0.5512833531912409,1,1
2017-08-06,2,1,0.5569132720743533,1,1
2017-08-07,2,1,0.551663171722306,1,1
2017-08-08,2,0,0.5596087602836664,1,1
2017-08-09,2,1,0.5585035541348362,1,1
2017-08-10,2,1,0.5652629730082788,1,1
2017-08-11,2,1,0.5512839848586185,1,1
2017-08-12,2,1,0.5512954182673236,1,1
2017-08-13,2,1,0.5516801991798613,1,1
2017-08-14,2,0,0.5513288721937408,1,1
2017-08-15,2,1,0.5514478827691252,1,1
2017-08-16,2,0,0.5521421139288684,1,1
2017-08-17,2,0,0.5563136574793177,1,1
2017-08-18,2,1,0.5514138987461454,1,1
2017-08-19,2,0,0.5597002503691533,1,1
2017-08-20,2,0,0.5550219918563324,1,1
2017-08-21,2,1,0.5547098971317294,1,1
2017-08-22,2,1,0.5605048080833985,1,1
2017-08-23,2,1,0.5666133567469583,1,1
2017-08-24,2,1,0.5604596071754605,1,1
2017-08-25,2,0,0.5666259576068979,1,1
2017-08-26,2,1,0.5679281325820784,1,1
2017-08-27,2,0,0.5692600499962681,1,1
2017-08-28,2,1,0.5694104328031746,1,1
2017-08-29,2,0,0.5643799465897194,1,1
2017-08-30,2,1,0.566954811550591,1,1
2017-08-31,2,1,0.5679011833267785,1,1
2017-09-01,2,0,0.5657897510465186,1,1
2017-09-02,2,1,0.5512836839623457,1,1
2017-09-03,2,0,0.5583703265550921,1,1
2017-09-04,2,1,0.5512833553789777,1,1
2017-09-05,2,1,0.5550811470962786,1,1
2017-09-06,2,1,0.5523877034646221,1,1
2017-09-07,2,0,0.5594793275378146,1,1
2017-09-08,2,0,0.5512833534514611,1,1
2017-09-09,2,0,0.5579386508930302,1,1
2017-09-10,2,1,0.55357614186065,1,1
2017-09-11,2,0,0.5620526733521942,1,1
2017-09-12,2,0,0.564622870760006,1,1
2017-09-13,2,0,0.5512844939445662,1,1
2017-09-14,2,1,0.5512833531912402,1,1
2017-09-15,2,0,0.5512833531912403,1,1
2017-09-16,2,0,0.5575364214772311,1,1
2017-09-17,2,1,0.5603645412980118,1,1
2017-09-18,2,0,0.5512833531912403,1,1
2017-09-19,2,0,0.55151568504697,1,1
2017-09-20,2,0,0.5579667520797086,1,1
2017-09-21,2,0,0.5512834151133242,1,1
2017-09-22,2,1,0.5590408837991325,1,1
2017-09-23,2,0,0.553697550301906,1,1
2017-09-24,2,1,0.552289354545638,1,1
2017-09-25,2,0,0.5512957208385093,1,1
2017-09-26,2,1,0.5566594761752394,1,1
2017-09-27,2,0,0.5512838632153864,1,1
2017-09-28,2,0,0.557118095486369,1,1
2017-09-29,2,1,0.5634618078788013,1,1
2017-09-30,2,1,0.5580065784776922,1,1
2017-10-01,2,1,0.5652002402111738,1,1
2017-10-02,2,0,0.5681514045573821,1,1
2017-10-03,2,0,0.564263969717095,1,1
2017-10-04,2,1,0.5613116440799956,1,1
2017-10-05,2,1,0.5649778167006811,1,1
2017-10-06,2,1,0.5684061121625911,1,1
2017-10-07,2,1,0.5693458894100045,1,1
2017-10-08,2,1,0.5632745970866508,1,1
2017-10-09,2,1,0.561788820515609,1,1
2017-10-10,2,1,0.5670391098917067,1,1
2017-10-11,2,1,0.569040253899826,1,1
2017-10-12,2,1,0.5512833531912414,1,1
2017-10-13,2,1,0.553166832044617,1,1
2017-10-14,2,0,0.5553306447334774,1,1
2017-10-15,2,1,0.5535318404554451,1,1
2017-10-16,2,0,0.5620338320999767,1,1
2017-10-17,2,0,0.5604846581609175,1,1
2017-10-18,2,1,0.565978803900129,1,1
2017-10-19,2,1,0.567963475864432,1,1
2017-10-20,2,1,0.5541409551619003,1,1
2017-10-21,2,0,0.5622774146839808,1,1
2017-10-22,2,0,0.5664637185252573,1,1
2017-10-23,2,0,0.5667182422227841,1,1
2017-10-24,2,1,0.5512840459999738,1,1
2017-10-25,2,1,0.5522924902646411,1,1
2017-10-26,2,0,0.5568771850562532,1,1
2017-10-27,2,0,0.5566804889655764,1,1
2017-10-28,2,1,0.5632376146689989,1,1
2017-10-29,2,0,0.5512986267401299,1,1
2017-10-30,2,1,0.5583415389513398,1,1
2017-10-31,2,1,0.5515897399961137,1,1
2017-11-01,2,1,0.5517908857026103,1,1
2017-11-02,2,1,0.5520321860037753,1,1
2017-11-03,2,1,0.5597126200318934,1,1
2017-11-04,2,1,0.5650373559826172,1,1
2017-11-05,2,0,0.5682317611138477,1,1
2017-11-06,2,1,0.5513447487478963,1,1
2017-11-07,2,1,0.5590198741951825,1,1
2017-11-08,2,0,0.5555412490181391,1,1
2017-11-09,2,0,0.5513351970871743,1,1
2017-11-10,2,0,0.5512833546762886,1,1
2017-11-11,2,0,0.5513460137496815,1,1
2017-11-12,2,1,0.5512834363934364,1,1
2017-11-13,2,1,0.5512833532547843,1,1
2017-11-14,2,1,0.5595185829332214,1,1
2017-11-15,2,1,0.551283353995388,1,1
2017-11-16,2,0,0.5512859192156558,1,1
2017-11-17,2,1,0.552084762683911,1,1
2017-11-18,2,1,0.5605145876685411,1,1
2017-11-19,2,1,0.5639785369331916,1,1
2017-11-20,2,0,0.56789705103105,1,1
2017-11-21,2,1,0.5637160727770895,1,1
2017-11-22,2,0,0.5677337479408571,1,1
2017-11-23,2,1,0.5565481703484795,1,1
2017-11-24,2,1,0.5631277752621047,1,1
2017-11-25,2,1,0.5516547193957086,1,1
2017-11-26,2,1,0.5514294534216045,1,1
2017-11-27,2,1,0.551967317087171,1,1
2017-11-28,2,0,0.5596889458420273,1,1
2017-11-29,2,1,0.5556846935579527,1,1
2017-11-30,2,1,0.560017701992563,1,1
2017-12-01,2,1,0.5513419556972788,1,1
2017-12-02,2,1,0.5589855289076895,1,1
2017-12-03,2,1,0.5657538608891469,1,1
2017-12-04,2,1,0.5681935371697897,1,1
2017-12-05,2,1,0.5693411502866419,1,1
2017-12-06,2,1,0.5512833531912406,1,1
2017-12-07,2,0,0.5512833531912403,1,1
2017-12-08,2,0,0.5512833531948713,1,1
2017-12-09,2,1,0.5512833531913385,1,1
2017-12-10,2,1,0.5594469364913632,1,1
2017-12-11,2,1,0.551283725934552,1,1
2017-12-12,2,0,0.5591377271480296,1,1
2017-12-13,2,1,0.5512834050662636,1,1
2017-12-14,2,1,0.5584679938215615,1,1
2017-12-15,2,1,0.5515886105712188,1,1
2017-12-16,2,0,0.5512833651007023,1,1
2017-12-17,2,0,0.5515717620354742,1,1
2017-12-18,2,0,0.5546259724821153,1,1
2017-12-19,2,0,0.5512833533217266,1,1
2017-12-20,2,0,0.5512833543062675,1,1
2017-12-21,2,0,0.5512836893659887,1,1
2017-12-22,2,1,0.5512833531912402,1,1
2017-12-23,2,0,0.5514265999203366,1,1
2017-12-24,2,1,0.5512835003199914,1,1
2017-12-25,2,1,0.5584506902587695,1,1
2017-12-26,2,0,0.5512833531912403,1,1
2017-12-27,2,0,0.5520064765473345,1,1
2017-12-28,2,1,0.551283353200535,1,1
2017-12-29,2,0,0.5575655753576992,1,1
2017-12-30,2,1,0.5512833531912403,1,1
2017-12-31,2,0,0.5512833715913136,1,1
2018-01-01,2,1,0.551328296865978,1,1
2018-01-02,2,1,0.5512833567546619,1,1
2018-01-03,2,1,0.559583426849326,1,1
2018-01-04,2,1,0.5653527268594327,1,1
2018-01-05,2,1,0.5512833532103824,1,1
2018-01-06,2,0,0.5578643234548044,1,1
2018-01-07,2,0,0.5512834126824989,1,1
2018-01-08,2,0,0.5512833532079204,1,1
2018-01-09,2,1,0.5513052610772942,1,1
2018-01-10,2,0,0.5587561194946524,1,1
2018-01-11,2,1,0.5512833531912404,1,1
2018-01-12,2,1,0.5541404845567258,1,1
2018-01-13,2,0,0.5613510501495675,1,1
2018-01-14,2,1,0.5513420819158904,1,1
2018-01-15,2,0,0.5585245035760777,1,1
2018-01-16,2,0,0.5512833531912403,1,1
2018-01-17,2,1,0.5519950456922617,1,1
2018-01-18,2,1,0.5578796028036157,1,1
2018-01-19,2,1,0.5652831273042588,1,1
2018-01-20,2,0,0.5512833532074611,1,1
2018-01-21,2,0,0.5512833531912494,1,1
2018-01-22,2,0,0.5512839765711802,1,1
2018-01-23,2,1,0.5574184393249342,1,1
2018-01-24,2,0,0.5534430506843289,1,1
2018-01-25,2,0,0.5589495849231946,1,1
2018-01-26,2,1,0.5640350269634635,1,1
2018-01-27,2,1,0.5661903767083825,1,1
2018-01-28,2,0,0.5656070162383945,1,1
2018-01-29,2,0,0.5522638247244012,1,1
2018-01-30,2,1,0.5512833531912642,1,1
2018-01-31,2,0,0.5587868074853735,1,1
2018-02-01,2,0,0.5512833531923309,1,1
2018-02-02,2,1,0.5518998423954687,1,1
2018-02-03,2,0,0.5517903929342814,1,1
2018-02-04,2,0,0.5512833532016501,1,1
2018-02-05,2,1,0.5512833531912402,1,1
2018-02-06,2,0,0.5512833531912403,1,1
2018-02-07,2,1,0.5589181861536558,1,1
2018-02-08,2,1,0.5512833535181277,1,1
2018-02-09,2,0,0.5512850121284879,1,1
2018-02-10,2,0,0.5592568249033237,1,1
2018-02-11,2,1,0.55159437443746,1,1
2018-02-12,2,0,0.5512833531914381,1,1
2018-02-13,2,1,0.5530508604633307,1,1
2018-02-14,2,1,0.5512833531912518,1,1
2018-02-15,2,1,0.5512833658869876,1,1
2018-02-16,2,1,0.5577521303793491,1,1
2018-02-17,2,0,0.5512833534448414,1,1
2018-02-18,2,1,0.5514056010307128,1,1
2018-02-19,2,1,0.5512838984058936,1,1
2018-02-20,2,0,0.5565054249842729,1,1
2018-02-21,2,0,0.5512896485980855,1,1
2018-02-22,2,1,0.5512858919670297,1,1
2018-02-23,2,0,0.5527564030837266,1,1
2018-02-24,2,0,0.5514775845609984,1,1
2018-02-25,2,1,0.5587461367923378,1,1
2018-02-26,2,1,0.5512834465981999,1,1
2018-02-27,2,0,0.5519596712382339,1,1
2018-02-28,2,1,0.5537021627338207,1,1
2018-03-01,2,1,0.5513258245234953,1,1
2018-03-02,2,1,0.5578344780291639,1,1
2018-03-03,2,1,0.5535989294625857,1,1
2018-03-04,2,1,0.5620167471518532,1,1
2018-03-05,2,0,0.5670797629495128,1,1
2018-03-06,2,0,0.5512958337399636,1,1
2018-03-07,2,0,0.5512835706428806,1,1
2018-03-08,2,0,0.5513278623695816,1,1
2018-03-09,2,0,0.5596509739138252,1,1
2018-03-10,2,1,0.5519475506098246,1,1
2018-03-11,2,0,0.5512833545945041,1,1
2018-03-12,2,0,0.5522375321340769,1,1
2018-03-13,2,0,0.5606862809002854,1,1
2018-03-14,2,1,0.5512833532641386,1,1
2018-03-15,2,1,0.5586017841158927,1,1
2018-03-16,2,0,0.5649230429457843,1,1
2018-03-17,2,1,0.5528656163619882,1,1
2018-03-18,2,1,0.5516886666761179,1,1
2018-03-19,2,1,0.551325015337721,1,1
2018-03-20,2,1,0.5522573424748843,1,1
2018-03-21,2,0,0.5606405455162085,1,1
2018-03-22,2,1,0.5637430240525816,1,1
2018-03-23,2,0,0.5656721415287618,1,1
2018-03-24,2,0,0.5656834317188215,1,1
2018-03-25,2,0,0.566949578613555,1,1
2018-03-26,2,0,0.562499681801149,1,1
2018-03-27,2,1,0.5528247569112684,1,1
2018-03-28,2,0,0.5577492089342615,1,1
2018-03-29,2,0,0.5512833532578197,1,1
2018-03-30,2,1,0.5525157393834275,1,1
2018-03-31,2,0,0.5578752163965883,1,1
2018-04-01,2,1,0.5632275898745696,1,1
2018-04-02,2,1,0.5546838864678086,1,1
2018-04-03,2,0,0.5513266913863064,1,1
2018-04-04,2,0,0.551283360881038,1,1
2018-04-05,2,0,0.5594292610432445,1,1
2018-04-06,2,1,0.560173417827748,1,1
2018-04-07,2,1,0.5532475704668431,1,1
2018-04-08,2,0,0.5591075869098001,1,1
2018-04-09,2,1,0.5539373683486806,1,1
2018-04-10,2,1,0.56126199970627,1,1
2018-04-11,2,1,0.5632567951735161,1,1
2018-04-12,2,1,0.5512833531912402,1,1
2018-04-13,2,1,0.5595853913337941,1,1
2018-04-14,2,1,0.5652517716445646,1,1
2018-04-15,2,0,0.5542210364161163,1,1
2018-04-16,2,0,0.5536615698604345,1,1
2018-04-17,2,1,0.5589002816931734,1,1
2018-04-18,2,1,0.5544971367300218,1,1
2018-04-19,2,1,0.5590871817907244,1,1
2018-04-20,2,1,0.5512851903014543,1,1
2018-04-21,2,0,0.5590045428639707,1,1
2018-04-22,2,1,0.5653889498115039,1,1
2018-04-23,2,1,0.5674105289455881,1,1
2018-04-24,2,0,0.5512833741178691,1,1
2018-04-25,2,1,0.551283353524207,1,1
2018-04-26,2,0,0.5513537853415511,1,1
2018-04-27,2,1,0.5524963268355797,1,1
2018-04-28,2,1,0.5517778020273838,1,1
2018-04-29,2,0,0.559563956908813,1,1
2018-04-30,2,0,0.5629252393895208,1,1
2018-05-01,2,1,0.5668222854355388,1,1
2018-05-02,2,1,0.5683099988624422,1,1
2018-05-03,2,0,0.5515555048623881,1,1
2018-05-04,2,1,0.559791336217103,1,1
2018-05-05,2,0,0.5638852974741289,1,1
2018-05-06,2,0,0.5651645901431034,1,1
2018-05-07,2,0,0.5613813670377159,1,1
2018-05-08,2,1,0.5650440881935257,1,1
2018-05-09,2,0,0.5681875745476697,1,1
2018-05-10,2,0,0.5629992739233132,1,1
2018-05-11,2,1,0.5512878861249809,1,1
2018-05-12,2,1,0.5590834700329178,1,1
2018-05-13,2,0,0.5598566796294941,1,1
2018-05-14,2,0,0.5662898286421143,1,1
2018-05-15,2,0,0.5648046337951975,1,1
2018-05-16,2,0,0.5664564347856089,1,1
2018-05-17,2,1,0.5591738101003887,1,1
2018-05-18,2,0,0.5632263713731547,1,1
2018-05-19,2,1,0.5678089260583822,1,1
2018-05-20,2,0,0.5632857901551849,1,1
2018-05-21,2,0,0.5670377229656632,1,1
2018-05-22,2,0,0.5533246283592584,1,1
2018-05-23,2,1,0.5512904462591229,1,1
2018-05-24,2,0,0.5594039727875377,1,1
2018-05-25,2,0,0.5645243634604873,1,1
2018-05-26,2,1,0.5667656991350195,1,1
2018-05-27,2,0,0.568977395719259,1,1
2018-05-28,2,1,0.5645551551938235,1,1
2018-05-29,2,0,0.5526927085030146,1,1
2018-05-30,2,1,0.5597209527795513,1,1
2018-05-31,2,1,0.5656855403479673,1,1
2018-06-01,2,1,0.5686228138468623,1,1
2018-06-02,2,1,0.5692324737596045,1,1
2018-06-03,2,0,0.5695278720449121,1,1
2018-06-04,2,1,0.5661534458233514,1,1
2018-06-05,2,1,0.5682009728296622,1,1
2018-06-06,2,1,0.5693710806968383,1,1
2018-06-07,2,0,0.5696705583933915,1,1
2018-06-08,2,0,0.5695867102693817,1,1
2018-06-09,2,0,0.5692579242479777,1,1
2018-06-10,2,1,0.5512833532262383,1,1
2018-06-11,2,0,0.5569092175332239,1,1
2018-06-12,2,0,0.551652978953866,1,1
2018-06-13,2,1,0.5524633427110707,1,1
2018-06-14,2,0,0.5513166544048723,1,1
2018-06-15,2,1,0.5529456346212384,1,1
2018-06-16,2,0,0.5585972492003339,1,1
2018-06-17,2,1,0.5654108381689131,1,1
2018-06-18,2,1,0.556246179985771,1,1
2018-06-19,2,1,0.5637905763272352,1,1
2018-06-20,2,0,0.5679551699098678,1,1
2018-06-21,2,0,0.5692742192164894,1,1
2018-06-22,2,1,0.5512833551131406,1,1
2018-06-23,2,1,0.556568161190272,1,1
2018-06-24,2,1,0.5639313101510066,1,1
2018-06-25,2,0,0.5664665321225646,1,1
2018-06-26,2,1,0.5671599362765599,1,1
2018-06-27,2,0,0.5682871730063747,1,1
2018-06-28,2,1,0.5611218339661961,1,1
2018-06-29,2,1,0.5513147935697373,1,1
2018-06-30,2,0,0.5522086068959083,1,1
2018-07-01,2,1,0.5606752737555781,1,1
2018-07-02,2,0,0.5532118151333213,1,1
2018-07-03,2,1,0.5611042611013295,1,1
2018-07-04,2,1,0.5651888260238292,1,1
2018-07-05,2,1,0.5679346537398443,1,1
2018-07-06,2,1,0.5690566128860026,1,1
2018-07-07,2,0,0.5648683080614201,1,1
2018-07-08,2,0,0.5680772515559738,1,1
2018-07-09,2,0,0.5693403656392177,1,1
2018-07-10,2,1,0.5515694789045492,1,1
2018-07-11,2,0,0.5580749540689823,1,1
2018-07-12,2,1,0.5603658528215122,1,1
2018-07-13,2,1,0.5664058293515952,1,1
2018-07-14,2,1,0.568518208757189,1,1
2018-07-15,2,1,0.5686995829621613,1,1
2018-07-16,2,1,0.5513366456240495,1,1
2018-07-17,2,1,0.5512833537697459,1,1
2018-07-18,2,1,0.5590508808509851,1,1
2018-07-19,2,0,0.5644758497934358,1,1
2018-07-20,2,1,0.5672120906401977,1,1
2018-07-21,2,0,0.5688397804849331,1,1
2018-07-22,2,1,0.5695388349201475,1,1
2018-07-23,2,1,0.5610192108557388,1,1
2018-07-24,2,0,0.5512833541174537,1,1
2018-07-25,2,0,0.5526035937691992,1,1
2018-07-26,2,1,0.5532898355328957,1,1
2018-07-27,2,1,0.5561488551737895,1,1
2018-07-28,2,1,0.5641965340442944,1,1
2018-07-29,2,0,0.5681681513641371,1,1
2018-07-30,2,0,0.5692219481169998,1,1
2018-07-31,2,0,0.5523555242372756,1,1
2018-08-01,2,0,0.5561163260366699,1,1
2018-08-02,2,0,0.563374487283304,1,1
2018-08-03,2,0,0.5656140180558827,1,1
2018-08-04,2,1,0.5514817453290908,1,1
2018-08-05,2,0,0.5595989451455406,1,1
2018-08-06,2,0,0.56386621180471,1,1
2018-08-07,2,0,0.5615773043125833,1,1
2018-08-08,2,1,0.5512893267002914,1,1
2018-08-09,2,0,0.5515221839171915,1,1
2018-08-10,2,1,0.5512893090352178,1,1
2018-08-11,2,1,0.5564312588440096,1,1
2018-08-12,2,0,0.5642856821072121,1,1
2018-08-13,2,0,0.5680657325147217,1,1
2018-08-14,2,1,0.5685916197684185,1,1
2018-08-15,2,1,0.568758104345011,1,1
2018-08-16,2,1,0.5694988143811175,1,1
2018-08-17,2,0,0.561404256250447,1,1
2018-08-18,2,1,0.5616587664552446,1,1
2018-08-19,2,0,0.5662291682825933,1,1
2018-08-20,2,1,0.561971016477386,1,1
2018-08-21,2,0,0.5603508594982642,1,1
2018-08-22,2,1,0.5632876215719336,1,1
2018-08-23,2,1,0.5641282662518259,1,1
2018-08-24,2,1,0.5632793602642092,1,1
2018-08-25,2,0,0.5677706382418102,1,1
2018-08-26,2,1,0.5689029125516147,1,1
2018-08-27,2,1,0.5677985384106952,1,1
2018-08-28,2,0,0.5659194471878896,1,1
2018-08-29,2,0,0.5683077039831648,1,1
2018-08-30,2,1,0.5689961755200715,1,1
2018-08-31,2,1,0.5695229108166678,1,1
2018-09-01,2,1,0.5688536887220691,1,1
2018-09-02,2,0,0.5694199740358928,1,1
2018-09-03,2,1,0.5696463127967276,1,1
2018-09-04,2,0,0.569542173005281,1,1
2018-09-05,2,0,0.5512836420809184,1,1
2018-09-06,2,0,0.5516780034321891,1,1
2018-09-07,2,0,0.5589514527562065,1,1
2018-09-08,2,1,0.5534562352065946,1,1
2018-09-09,2,1,0.5607539834831279,1,1
2018-09-10,2,0,0.5667302060187412,1,1
2018-09-11,2,1,0.5689412038849438,1,1
2018-09-12,2,1,0.5695470658190092,1,1
2018-09-13,2,0,0.5680746528852827,1,1
2018-09-14,2,1,0.5693263541867482,1,1
2018-09-15,2,0,0.5696368668314749,1,1
2018-09-16,2,0,0.569717176858978,1,1
2018-09-17,2,1,0.5633941007446652,1,1
2018-09-18,2,1,0.5664022882595563,1,1
2018-09-19,2,1,0.5687858716883452,1,1
2018-09-20,2,1,0.5684134987802678,1,1
2018-09-21,2,0,0.5627211706028625,1,1
2018-09-22,2,0,0.5676218812532905,1,1
2018-09-23,2,0,0.56921867911263,1,1
2018-09-24,2,0,0.5691558224650779,1,1
2018-09-25,2,1,0.5684885642104307,1,1
2018-09-26,2,1,0.5692226933294776,1,1
2018-09-27,2,0,0.5656687755234758,1,1
2018-09-28,2,0,0.5686241297472416,1,1
2018-09-29,2,1,0.5694493725499717,1,1
2018-09-30,2,0,0.5696512433889492,1,1
2018-10-01,2,0,0.5697105004603041,1,1
2018-10-02,2,0,0.5697289025948762,1,1
2018-10-03,2,1,0.569678056758876,1,1
2018-10-04,2,1,0.5695372787544773,1,1
2018-10-05,2,0,0.569638536751133,1,1
2018-10-06,2,1,0.569688832837319,1,1
2018-10-07,2,1,0.569744719677092,1,1
2018-10-08,2,0,0.5697190504179241,1,1
2018-10-09,2,0,0.5697429409365511,1,1
2018-10-10,2,0,0.5695738882949357,1,1
2018-10-11,2,1,0.5524818246102312,1,1
2018-10-12,2,1,0.5609635441999181,1,1
2018-10-13,2,1,0.5668943261626058,1,1
2018-10-14,2,1,0.5690156176293277,1,1
2018-10-15,2,0,0.5537916695045177,1,1
2018-10-16,3,0,0.5640242550181361,1,1
2018-10-17,3,0,0.5640766724799932,1,1
2018-10-18,3,0,0.5640269853157989,1,1
2018-10-19,3,1,0.5641585492466209,1,1
2018-10-20,3,0,0.5642043102051222,1,1
2018-10-21,3,1,0.5642112509473648,1,1
2018-10-22,3,0,0.5642186188604128,1,1
2018-10-23,3,1,0.5642121005800848,1,1
2018-10-24,3,0,0.5642176054229637,1,1
2018-10-25,3,0,0.564207358813922,1,1
2018-10-26,3,1,0.5642172990011499,1,1
2018-10-27,3,1,0.5642218664452254,1,1
2018-10-28,3,0,0.5642228116792888,1,1
2018-10-29,3,1,0.5634520731468653,1,1
2018-10-30,3,0,0.5640089591056507,1,1
2018-10-31,3,1,0.5641583259363718,1,1
2018-11-01,3,1,0.5641176013192175,1,1
2018-11-02,3,0,0.5641912869694585,1,1
2018-11-03,3,1,0.5642016279393516,1,1
2018-11-04,3,1,0.5642104911114639,1,1
2018-11-05,3,1,0.5641886271475518,1,1
2018-11-06,3,1,0.564193384174847,1,1
2018-11-07,3,0,0.5641448547306839,1,1
2018-11-08,3,0,0.5639989528298758,1,1
2018-11-09,3,1,0.5639947291563385,1,1
2018-11-10,3,1,0.5641582597414999,1,1
2018-11-11,3,0,0.564203491412657,1,1
2018-11-12,3,0,0.5641603037945642,1,1
2018-11-13,3,0,0.5641975541938317,1,1
2018-11-14,3,0,0.5472607795463017,1,1
2018-11-15,3,0,0.5509597294252073,1,1
2018-11-16,3,0,0.5561988718270667,1,1
2018-11-17,3,1,0.5610956407289446,1,1
2018-11-18,3,0,0.5628508694961317,1,1
2018-11-19,3,0,0.5472607365407836,1,1
2018-11-20,3,1,0.5472607997639041,1,1
2018-11-21,3,0,0.5478178370779723,1,1
2018-11-22,3,0,0.5474793241271068,1,1
2018-11-23,3,0,0.5526384643688469,1,1
2018-11-24,3,1,0.5472607373460451,1,1
2018-11-25,3,0,0.5477536520585566,1,1
2018-11-26,3,1,0.5473601076008969,1,1
2018-11-27,3,1,0.5506436175586623,1,1
2018-11-28,3,1,0.5472607365411827,1,1
2018-11-29,3,0,0.5516694896142584,1,1
2018-11-30,3,1,0.5474007076041296,1,1
2018-12-01,3,0,0.5473075587292051,1,1
2018-12-02,3,0,0.551411968235134,1,1
2018-12-03,3,1,0.5474498797812001,1,1
2018-12-04,3,0,0.5500344145291366,1,1
2018-12-05,3,0,0.5478610542187901,1,1
2018-12-06,3,0,0.5473178426189084,1,1
2018-12-07,3,1,0.5501798968553732,1,1
2018-12-08,3,1,0.5521539311334432,1,1
2018-12-09,3,0,0.5478818562172474,1,1
2018-12-10,3,0,0.5503360337407125,1,1
2018-12-11,3,1,0.554977940264022,1,1
2018-12-12,3,0,0.5560424203410395,1,1
2018-12-13,3,0,0.5500257117247188,1,1
2018-12-14,3,0,0.5549976994202128,1,1
2018-12-15,3,1,0.5601507335627174,1,1
2018-12-16,3,1,0.5622945248099127,1,1
2018-12-17,3,1,0.5472607550234112,1,1
2018-12-18,3,1,0.5473687515459761,1,1
2018-12-19,3,1,0.5503182381227741,1,1
2018-12-20,3,0,0.5472607365693013,1,1
2018-12-21,3,1,0.5473274010797475,1,1
2018-12-22,3,0,0.5480464126538727,1,1
2018-12-23,3,1,0.5535799140615982,1,1
2018-12-24,3,0,0.5550593469105312,1,1
2018-12-25,3,1,0.5474062288217738,1,1
2018-12-26,3,0,0.5509101461543023,1,1
2018-12-27,3,1,0.5478580231134568,1,1
2018-12-28,3,0,0.5472609177960319,1,1
2018-12-29,3,1,0.5500317681573887,1,1
2018-12-30,3,0,0.5540685969640237,1,1
2018-12-31,3,1,0.5550374127584681,1,1
2019-01-01,3,1,0.5531085064435147,1,1
2019-01-02,3,0,0.5522613059520478,1,1
2019-01-03,3,1,0.5550727651374462,1,1
2019-01-04,3,0,0.5598183133136326,1,1
2019-01-05,3,1,0.5627882907772501,1,1
2019-01-06,3,0,0.5474726143793889,1,1
2019-01-07,3,1,0.5522784116772239,1,1
2019-01-08,3,1,0.558233343097958,1,1
2019-01-09,3,0,0.5620207674731257,1,1
2019-01-10,3,1,0.5472628840298945,1,1
2019-01-11,3,0,0.5518173337850706,1,1
2019-01-12,3,0,0.5581054718740437,1,1
2019-01-13,3,1,0.5593913456768784,1,1
2019-01-14,3,0,0.5495313213026827,1,1
2019-01-15,3,1,0.5538283438667215,1,1
2019-01-16,3,1,0.5589482507911376,1,1
2019-01-17,3,0,0.5620629966341799,1,1
2019-01-18,3,1,0.5635861062687594,1,1
2019-01-19,3,0,0.5633252157360588,1,1
2019-01-20,3,0,0.5606186210888484,1,1
2019-01-21,3,1,0.5630266687841134,1,1
2019-01-22,3,0,0.5637775835628944,1,1
2019-01-23,3,1,0.564076656313154,1,1
2019-01-24,3,0,0.5641744530930347,1,1
2019-01-25,3,1,0.5642094318195248,1,1
2019-01-26,3,0,0.5642190800699582,1,1
2019-01-27,3,0,0.5641854162616358,1,1
2019-01-28,3,0,0.5624031717899708,1,1
2019-01-29,3,1,0.563649912177867,1,1
2019-01-30,3,0,0.5639164465381746,1,1
2019-01-31,3,1,0.5640870968718316,1,1
2019-02-01,3,1,0.5641034426142196,1,1
2019-02-02,3,0,0.5641151610957934,1,1
2019-02-03,3,0,0.563900585630531,1,1
2019-02-04,3,1,0.564130050303614,1,1
2019-02-05,3,0,0.5641981728928882,1,1
2019-02-06,3,0,0.5638872037323894,1,1
2019-02-07,3,1,0.5640947033384447,1,1
2019-02-08,3,1,0.5472846597241685,1,1
2019-02-09,3,1,0.5522718779456507,1,1
2019-02-10,3,0,0.5584857239298231,1,1
2019-02-11,3,1,0.5614211996141719,1,1
2019-02-12,3,0,0.5633676540104049,1,1
2019-02-13,3,0,0.5638544183653257,1,1
2019-02-14,3,1,0.5640512890449291,1,1
2019-02-15,3,1,0.5641691925316453,1,1
2019-02-16,3,1,0.5642088328334309,1,1
2019-02-17,3,1,0.5641246801861405,1,1
2019-02-18,3,1,0.5478268255118486,1,1
2019-02-19,3,1,0.5529342005495592,1,1
2019-02-20,3,0,0.5582292280386661,1,1
2019-02-21,3,1,0.5614170080450293,1,1
2019-02-22,3,1,0.5630967110437731,1,1
2019-02-23,3,0,0.5608303400044576,1,1
2019-02-24,3,1,0.5472622387276491,1,1
2019-02-25,3,0,0.5507003160935577,1,1
2019-02-26,3,0,0.5562466522631494,1,1
2019-02-27,3,1,0.5611538017570967,1,1
2019-02-28,3,1,0.5632862597407476,1,1
2019-03-01,3,1,0.5639605817538178,1,1
2019-03-02,3,0,0.564150298405754,1,1
2019-03-03,3,0,0.5641661759628875,1,1
2019-03-04,3,1,0.5634471044557976,1,1
2019-03-05,3,1,0.5606630822048244,1,1
2019-03-06,3,1,0.5631176052443629,1,1
2019-03-07,3,0,0.5639118917139461,1,1
2019-03-08,3,1,0.5641235288749996,1,1
2019-03-09,3,0,0.5639830601220349,1,1
2019-03-10,3,0,0.5641378305622706,1,1
2019-03-11,3,1,0.5640250632386886,1,1
2019-03-12,3,0,0.564166280969214,1,1
2019-03-13,3,1,0.5641976653900351,1,1
2019-03-14,3,1,0.5642145985362607,1,1
2019-03-15,3,1,0.5641932218471595,1,1
2019-03-16,3,0,0.5638041809647395,1,1
2019-03-17,3,1,0.5640119748704984,1,1
2019-03-18,3,1,0.5641633531464709,1,1
2019-03-19,3,1,0.5641741095561276,1,1
2019-03-20,3,0,0.5642100727849694,1,1
2019-03-21,3,0,0.563891362855101,1,1
2019-03-22,3,1,0.5641075108619665,1,1
2019-03-23,3,0,0.5641913707776472,1,1
2019-03-24,3,0,0.5641709012178481,1,1
2019-03-25,3,1,0.5638319800045677,1,1
2019-03-26,3,1,0.5641118624532196,1,1
2019-03-27,3,0,0.5635708541501455,1,1
2019-03-28,3,1,0.5639615763845488,1,1
2019-03-29,3,1,0.5641424598114878,1,1
2019-03-30,3,0,0.5641957194877553,1,1
2019-03-31,3,1,0.5641941951911751,1,1
2019-04-01,3,1,0.564155893141174,1,1
2019-04-02,3,1,0.5472607365407466,1,1
2019-04-03,3,0,0.5515093887646544,1,1
2019-04-04,3,1,0.5555021475771644,1,1
2019-04-05,3,1,0.559467424704924,1,1
2019-04-06,3,1,0.5626252434095255,1,1
2019-04-07,3,1,0.5630358408285236,1,1
2019-04-08,3,0,0.5637893916668486,1,1
2019-04-09,3,1,0.563001290884192,1,1
2019-04-10,3,0,0.5635122456923919,1,1
2019-04-11,3,1,0.5488796188225906,1,1
2019-04-12,3,1,0.5547925886622416,1,1
2019-04-13,3,1,0.5601245164081758,1,1
2019-04-14,3,0,0.5628096970626802,1,1
2019-04-15,3,1,0.5619064778122009,1,1
2019-04-16,3,1,0.5616099768789237,1,1
2019-04-17,3,1,0.5633897771817997,1,1
2019-04-18,3,1,0.5639906741374219,1,1
2019-04-19,3,1,0.5641110562845043,1,1
2019-04-20,3,0,0.5641926078121563,1,1
2019-04-21,3,1,0.5640942521164254,1,1
2019-04-22,3,1,0.564110181846938,1,1
2019-04-23,3,0,0.5633131304660043,1,1
2019-04-24,3,0,0.5624287643804277,1,1
2019-04-25,3,1,0.549412619358238,1,1
2019-04-26,3,0,0.5552816622416783,1,1
2019-04-27,3,1,0.5601769709595125,1,1
2019-04-28,3,0,0.5628966868239191,1,1
2019-04-29,3,1,0.5635050985868979,1,1
2019-04-30,3,1,0.5638238405519581,1,1
2019-05-01,3,1,0.5641088956893099,1,1
2019-05-02,3,1,0.5640683167787245,1,1
2019-05-03,3,1,0.5592700392861101,1,1
2019-05-04,3,0,0.5625804933419033,1,1
2019-05-05,3,0,0.5633516382944894,1,1
2019-05-06,3,1,0.5635444606694388,1,1
2019-05-07,3,1,0.5639950019353405,1,1
2019-05-08,3,1,0.5638029689468428,1,1
2019-05-09,3,1,0.5632797729353005,1,1
2019-05-10,3,1,0.56290163005446,1,1
2019-05-11,3,0,0.5472607365558413,1,1
2019-05-12,3,1,0.5475059099973957,1,1
2019-05-13,3,1,0.5472607365588452,1,1
2019-05-14,3,1,0.5517594837994547,1,1
2019-05-15,3,0,0.5569787008232149,1,1
2019-05-16,3,0,0.5479359769367644,1,1
2019-05-17,3,0,0.547260854579499,1,1
2019-05-18,3,1,0.5498549751369038,1,1
2019-05-19,3,0,0.5472607365444567,1,1
2019-05-20,3,0,0.5476777479852415,1,1
2019-05-21,3,0,0.5515141085759246,1,1
2019-05-22,3,1,0.5476970087597263,1,1
2019-05-23,3,1,0.5519769599204933,1,1
2019-05-24,3,1,0.5582516551795428,1,1
2019-05-25,3,1,0.5620249473633627,1,1
2019-05-26,3,1,0.5475878865227941,1,1
2019-05-27,3,0,0.5528320561099385,1,1
2019-05-28,3,0,0.5544750544375391,1,1
2019-05-29,3,0,0.5569376907647129,1,1
2019-05-30,3,1,0.5478107578593304,1,1
2019-05-31,3,0,0.5516026660960306,1,1
2019-06-01,3,1,0.5561092913892891,1,1
2019-06-02,3,0,0.5606903763212318,1,1
2019-06-03,3,0,0.5472848578622768,1,1
2019-06-04,3,1,0.5472619501124423,1,1
2019-06-05,3,0,0.5520636913682113,1,1
2019-06-06,3,1,0.5576420772855333,1,1
2019-06-07,3,0,0.5601088791578605,1,1
2019-06-08,3,0,0.5614068965550583,1,1
2019-06-09,3,1,0.5534308649573961,1,1
2019-06-10,3,0,0.5523296697569593,1,1
2019-06-11,3,1,0.5559666737412412,1,1
2019-06-12,3,1,0.5592740793758837,1,1
2019-06-13,3,1,0.5625914366969585,1,1
2019-06-14,3,1,0.5529727439669347,1,1
2019-06-15,3,1,0.5589000038804443,1,1
2019-06-16,3,1,0.5622937699802452,1,1
2019-06-17,3,0,0.5620362569189918,1,1
2019-06-18,3,1,0.5573357197583801,1,1
2019-06-19,3,1,0.5613275163560045,1,1
2019-06-20,3,1,0.5627255551226475,1,1
2019-06-21,3,1,0.5498275256037921,1,1
2019-06-22,3,1,0.5481463123649871,1,1
2019-06-23,3,1,0.5537467440267281,1,1
2019-06-24,3,1,0.5596456962961641,1,1
2019-06-25,3,1,0.5479624520673819,1,1
2019-06-26,3,0,0.5472607589508406,1,1
2019-06-27,3,1,0.5472607365407466,1,1
2019-06-28,3,0,0.5472607389840453,1,1
2019-06-29,3,0,0.5473202562550841,1,1
2019-06-30,3,0,0.5472607365466149,1,1
2019-07-01,3,1,0.5480080118951622,1,1
2019-07-02,3,1,0.5532268942191124,1,1
2019-07-03,3,0,0.5472607512305246,1,1
2019-07-04,3,0,0.5472610463812877,1,1
2019-07-05,3,1,0.5480950318997856,1,1
2019-07-06,3,1,0.5533347557322729,1,1
2019-07-07,3,1,0.5589781454352879,1,1
2019-07-08,3,1,0.5475987163350322,1,1
2019-07-09,3,0,0.5523646726658844,1,1
2019-07-10,3,0,0.547956413269975,1,1
2019-07-11,3,1,0.5472611656140951,1,1
2019-07-12,3,0,0.5488008317570615,1,1
2019-07-13,3,0,0.5476493289827085,1,1
2019-07-14,3,1,0.5472607365633193,1,1
2019-07-15,3,0,0.5473002138961899,1,1
2019-07-16,3,1,0.5472607365407466,1,1
2019-07-17,3,1,0.5509564131023681,1,1
2019-07-18,3,0,0.5472607511004508,1,1
2019-07-19,3,1,0.550191872807191,1,1
2019-07-20,3,0,0.5548942429454672,1,1
2019-07-21,3,0,0.556734115252926,1,1
2019-07-22,3,0,0.5546174458969724,1,1
2019-07-23,3,0,0.5479514554016551,1,1
2019-07-24,3,1,0.5519170054082371,1,1
2019-07-25,3,0,0.5581008823740304,1,1
2019-07-26,3,0,0.5617405601847659,1,1
2019-07-27,3,1,0.5527564662961988,1,1
2019-07-28,3,0,0.5588255611433108,1,1
2019-07-29,3,1,0.5621699731760822,1,1
2019-07-30,3,1,0.5635958809436113,1,1
2019-07-31,3,1,0.5553310144728785,1,1
2019-08-01,3,1,0.5565169946419704,1,1
2019-08-02,3,1,0.5611910288273358,1,1
2019-08-03,3,1,0.5618749624682493,1,1
2019-08-04,3,1,0.5634808119107099,1,1
2019-08-05,3,0,0.5474589021315232,1,1
2019-08-06,3,1,0.5479493845342898,1,1
2019-08-07,3,1,0.548917107806484,1,1
2019-08-08,3,0,0.5544520531035031,1,1
2019-08-09,3,0,0.5577948934147867,1,1
2019-08-10,3,1,0.5481306640580128,1,1
2019-08-11,3,0,0.5534945403759927,1,1
2019-08-12,3,0,0.5564224659886498,1,1
2019-08-13,3,0,0.5480963143060303,1,1
2019-08-14,3,1,0.5472608057842728,1,1
2019-08-15,3,1,0.5501262699386218,1,1
2019-08-16,3,0,0.5563964881481451,1,1
2019-08-17,3,1,0.5593757232909063,1,1
2019-08-18,3,1,0.5625158269387073,1,1
2019-08-19,3,0,0.5506794852813746,1,1
2019-08-20,3,0,0.5542889366081124,1,1
2019-08-21,3,0,0.5473340522918595,1,1
2019-08-22,3,1,0.552331944398127,1,1
2019-08-23,3,0,0.5539540769026331,1,1
2019-08-24,3,0,0.5551353862514876,1,1
2019-08-25,3,1,0.5605148436862464,1,1
2019-08-26,3,0,0.5609235728582312,1,1
2019-08-27,3,0,0.562081599444755,1,1
2019-08-28,3,0,0.5549354819579907,1,1
2019-08-29,3,1,0.5565560075036451,1,1
2019-08-30,3,1,0.560983440585521,1,1
2019-08-31,3,1,0.5632173197392649,1,1
2019-09-01,3,1,0.5637195580028856,1,1
2019-09-02,3,1,0.5480859011468213,1,1
2019-09-03,3,0,0.5500906388600302,1,1
2019-09-04,3,0,0.5561975792930332,1,1
2019-09-05,3,0,0.5611046429499259,1,1
2019-09-06,3,1,0.561728810187151,1,1
2019-09-07,3,0,0.5628676018774483,1,1
2019-09-08,3,0,0.5637720554257065,1,1
2019-09-09,3,0,0.5639876181773548,1,1
2019-09-10,3,1,0.5634985354959879,1,1
2019-09-11,3,1,0.5639754377215505,1,1
2019-09-12,3,0,0.5634748499853757,1,1
2019-09-13,3,0,0.5639515643878831,1,1
2019-09-14,3,0,0.5641466053226313,1,1
2019-09-15,3,0,0.5641843145327786,1,1
2019-09-16,3,0,0.5641213595895851,1,1
2019-09-17,3,0,0.5641748805629299,1,1
2019-09-18,3,1,0.5641815855758721,1,1
2019-09-19,3,0,0.5641860035988303,1,1
2019-09-20,3,0,0.5641276930022843,1,1
2019-09-21,3,1,0.5638527067450572,1,1
2019-09-22,3,0,0.5641140813516025,1,1
2019-09-23,3,0,0.5608415923632988,1,1
2019-09-24,3,0,0.547260736574106,1,1
2019-09-25,3,0,0.5509600080882525,1,1
2019-09-26,3,1,0.5481781148161161,1,1
2019-09-27,3,0,0.5519864258575227,1,1
2019-09-28,3,0,0.5582590165126335,1,1
2019-09-29,3,1,0.56095103747303,1,1
2019-09-30,3,1,0.561049127862834,1,1
2019-10-01,3,1,0.5631180609607476,1,1
2019-10-02,3,0,0.5638319793563706,1,1
2019-10-03,3,0,0.5639001738205764,1,1
2019-10-04,3,0,0.5641200301326568,1,1
2019-10-05,3,0,0.5641893471053149,1,1
2019-10-06,3,1,0.5639362519816596,1,1
2019-10-07,3,0,0.5603516638881341,1,1
2019-10-08,3,1,0.562993836736901,1,1
2019-10-09,3,0,0.5520164491290537,1,1
2019-10-10,3,0,0.5582721200489289,1,1
2019-10-11,3,1,0.5579284641356244,1,1
2019-10-12,3,0,0.5619223207439631,1,1
2019-10-13,3,1,0.5635440468861869,1,1
2019-10-14,3,0,0.5639684917430154,1,1
2019-10-15,3,0,0.5637218467224034,1,1
2019-10-16,3,1,0.5636915167919125,1,1
2019-10-17,3,0,0.5639868972746507,1,1
2019-10-18,3,1,0.5639463960459153,1,1
2019-10-19,3,1,0.564122385620643,1,1
2019-10-20,3,1,0.5620941140168947,1,1
2019-10-21,3,0,0.5635687031899692,1,1
2019-10-22,3,0,0.5635418875396694,1,1
2019-10-23,3,0,0.5474645399127775,1,1
2019-10-24,3,1,0.5526156646800112,1,1
2019-10-25,3,1,0.5472607365407466,1,1
2019-10-26,3,1,0.5472635775306839,1,1
2019-10-27,3,0,0.5483681962041344,1,1
2019-10-28,3,1,0.5489355764578562,1,1
2019-10-29,3,0,0.552979065422833,1,1
2019-10-30,3,0,0.5544944058762429,1,1
2019-10-31,3,1,0.5601264344043735,1,1
2019-11-01,3,1,0.5628398404077815,1,1
2019-11-02,3,0,0.5637670889740596,1,1
2019-11-03,3,1,0.5639979374551943,1,1
2019-11-04,3,0,0.563703490948975,1,1
2019-11-05,3,1,0.5640158148750207,1,1
2019-11-06,3,0,0.5641649532654688,1,1
2019-11-07,3,0,0.5641124790580728,1,1
2019-11-08,3,1,0.5528830931571678,1,1
2019-11-09,3,1,0.5589908428418497,1,1
2019-11-10,3,0,0.5587008359319587,1,1
2019-11-11,3,1,0.5560491973305804,1,1
2019-11-12,3,0,0.5608157885879648,1,1
2019-11-13,3,0,0.5631715581339718,1,1
2019-11-14,3,0,0.5637626408910259,1,1
2019-11-15,3,1,0.5631504453395068,1,1
2019-11-16,3,1,0.5638380546132726,1,1
2019-11-17,3,0,0.5641021855809907,1,1
2019-11-18,3,0,0.5624171757067247,1,1
2019-11-19,3,0,0.5634823173111488,1,1
2019-11-20,3,0,0.5633582331040194,1,1
2019-11-21,3,0,0.5538693149153326,1,1
2019-11-22,3,1,0.5490467287187754,1,1
2019-11-23,3,0,0.5531924080651898,1,1
2019-11-24,3,1,0.5481725406174249,1,1
2019-11-25,3,1,0.5523625861021937,1,1
2019-11-26,3,1,0.5578880756400781,1,1
2019-11-27,3,0,0.5504995401478777,1,1
2019-11-28,3,1,0.5561214487021338,1,1
2019-11-29,3,0,0.5512333367784432,1,1
2019-11-30,3,0,0.5528797879533452,1,1
2019-12-01,3,0,0.5562797632565766,1,1
2019-12-02,3,0,0.5602048644411427,1,1
2019-12-03,3,0,0.5629505848228245,1,1
2019-12-04,3,1,0.5637279222604866,1,1
2019-12-05,3,1,0.5627615300801038,1,1
2019-12-06,3,1,0.5635614302508604,1,1
2019-12-07,3,1,0.5640398161604915,1,1
2019-12-08,3,0,0.5641734538121846,1,1
2019-12-09,3,0,0.563636208371714,1,1
2019-12-10,3,0,0.5637127691468539,1,1
2019-12-11,3,1,0.5640084513706682,1,1
2019-12-12,3,1,0.5641515810603944,1,1
2019-12-13,3,0,0.5641915005392721,1,1
2019-12-14,3,1,0.563771302216103,1,1
2019-12-15,3,0,0.5640821843573051,1,1
2019-12-16,3,0,0.5623420929956796,1,1
2019-12-17,3,1,0.5553182066817639,1,1
2019-12-18,3,0,0.5472607456780385,1,1
2019-12-19,3,1,0.5515760708165777,1,1
2019-12-20,3,0,0.5578568952707746,1,1
2019-12-21,3,1,0.5619255939663167,1,1
2019-12-22,3,0,0.553227400238634,1,1
2019-12-23,3,0,0.555584012782035,1,1
2019-12-24,3,0,0.5606055369224583,1,1
2019-12-25,3,0,0.5630151920622183,1,1
2019-12-26,3,1,0.5638699391078555,1,1
2019-12-27,3,1,0.5640285998446115,1,1
2019-12-28,3,1,0.5641390196129539,1,1
2019-12-29,3,0,0.5639095102468717,1,1
2019-12-30,3,0,0.5638462970105306,1,1
2019-12-31,3,1,0.5639703666092277,1,1
2020-01-01,3,0,0.5641451939554493,1,1
2020-01-02,3,1,0.5630054865932022,1,1
2020-01-03,3,1,0.5494778168552531,1,1
2020-01-04,3,1,0.5547324732950476,1,1
2020-01-05,3,1,0.5602832110754965,1,1
2020-01-06,3,1,0.5493068572966673,1,1
2020-01-07,3,0,0.5474327781512087,1,1
2020-01-08,3,0,0.5518402841228222,1,1
2020-01-09,3,1,0.5535234551778025,1,1
2020-01-10,3,0,0.5506622690528002,1,1
2020-01-11,3,1,0.5549709350766043,1,1
2020-01-12,3,0,0.5582760789913502,1,1
2020-01-13,3,1,0.5620031975184193,1,1
2020-01-14,3,0,0.5472631287804041,1,1
2020-01-15,3,0,0.5521000941264225,1,1
2020-01-16,3,1,0.5573552177026467,1,1
2020-01-17,3,1,0.5594268856072172,1,1
2020-01-18,3,0,0.562643563126521,1,1
2020-01-19,3,0,0.5611261999414713,1,1
2020-01-20,3,1,0.5630896217315023,1,1
2020-01-21,3,0,0.5638541281821206,1,1
2020-01-22,3,0,0.5639507064337005,1,1
2020-01-23,3,1,0.560596667582768,1,1
2020-01-24,3,0,0.5630937026232941,1,1
2020-01-25,3,1,0.5636076449064226,1,1
2020-01-26,3,1,0.5631928875562909,1,1
2020-01-27,3,1,0.5610215573336799,1,1
2020-01-28,3,0,0.5517130481592971,1,1
2020-01-29,4,1,0.5514395653614667,1,1
2020-01-30,4,0,0.5521549029848328,1,1
2020-01-31,4,1,0.5517420935206573,1,1
2020-02-01,4,0,0.5528212533324857,1,1
2020-02-02,4,0,0.5529569968739846,1,1
2020-02-03,4,0,0.5529894590555279,1,1
2020-02-04,4,1,0.5526979144711955,1,1
2020-02-05,4,1,0.544372069779709,1,1
2020-02-06,4,1,0.5495671150603127,1,1
2020-02-07,4,1,0.5521298683049252,1,1
2020-02-08,4,1,0.5529328000498671,1,1
2020-02-09,4,0,0.5525474748080501,1,1
2020-02-10,4,1,0.5493323300155152,1,1
2020-02-11,4,1,0.5477645103617488,1,1
2020-02-12,4,0,0.5513830162919623,1,1
2020-02-13,4,1,0.5518332997256339,1,1
2020-02-14,4,0,0.5528418102333037,1,1
2020-02-15,4,1,0.5405798448952174,1,1
2020-02-16,4,0,0.5469741948964107,1,1
2020-02-17,4,1,0.5448062017248757,1,1
2020-02-18,4,0,0.5396296516783052,1,1
2020-02-19,4,0,0.5372676393986783,1,1
2020-02-20,4,1,0.5425819699681464,1,1
2020-02-21,4,0,0.548636546357019,1,1
2020-02-22,4,1,0.5515468000692262,1,1
2020-02-23,4,0,0.5515894995950122,1,1
2020-02-24,4,0,0.5475634570844674,1,1
2020-02-25,4,0,0.5418161402959092,1,1
2020-02-26,4,0,0.537252722745279,1,1
2020-02-27,4,0,0.5425877437795693,1,1
2020-02-28,4,0,0.5465991924998556,1,1
2020-02-29,4,0,0.5501550233002732,1,1
2020-03-01,4,1,0.5521225102176334,1,1
2020-03-02,4,0,0.5493904378187258,1,1
2020-03-03,4,0,0.551325898287543,1,1
2020-03-04,4,1,0.5525601747701655,1,1
2020-03-05,4,1,0.5494118635804657,1,1
2020-03-06,4,0,0.552079076953208,1,1
2020-03-07,4,0,0.5506340078191032,1,1
2020-03-08,4,0,0.5372234033601886,1,1
2020-03-09,4,0,0.5397691633905989,1,1
2020-03-10,4,1,0.5461968957577533,1,1
2020-03-11,4,0,0.5507650528508757,1,1
2020-03-12,4,1,0.5372233819483682,1,1
2020-03-13,4,0,0.5372233819483714,1,1
2020-03-14,4,1,0.5372304839438968,1,1
2020-03-15,4,0,0.5375334738115296,1,1
2020-03-16,4,1,0.5372274070166415,1,1
2020-03-17,4,1,0.5373467437799708,1,1
2020-03-18,4,1,0.5427902171749264,1,1
2020-03-19,4,1,0.537223381948368,1,1
2020-03-20,4,0,0.5429819357853313,1,1
2020-03-21,4,0,0.5489544774887236,1,1
2020-03-22,4,1,0.5376728370863461,1,1
2020-03-23,4,1,0.5372233819731675,1,1
2020-03-24,4,0,0.5373022419005368,1,1
2020-03-25,4,1,0.5427639218618057,1,1
2020-03-26,4,0,0.5486099694775031,1,1
2020-03-27,4,0,0.5436197320553442,1,1
2020-03-28,4,0,0.5414663122579091,1,1
2020-03-29,4,1,0.5376186105268685,1,1
2020-03-30,4,1,0.5372233855298496,1,1
2020-03-31,4,1,0.5429389615556593,1,1
2020-04-01,4,1,0.5428980526660794,1,1
2020-04-02,4,0,0.5421547604020174,1,1
2020-04-03,4,1,0.5480107803811425,1,1
2020-04-04,4,0,0.5492633220861902,1,1
2020-04-05,4,1,0.5517072020278521,1,1
2020-04-06,4,0,0.5372366428036114,1,1
2020-04-07,4,1,0.5421265296901062,1,1
2020-04-08,4,0,0.5442346806287358,1,1
2020-04-09,4,0,0.5496823753014155,1,1
2020-04-10,4,0,0.5375091282803199,1,1
2020-04-11,4,1,0.5434842719934906,1,1
2020-04-12,4,0,0.5467094923250315,1,1
2020-04-13,4,0,0.5498456332538673,1,1
2020-04-14,4,0,0.5522103995372794,1,1
2020-04-15,4,1,0.5510629674697199,1,1
2020-04-16,4,0,0.5372307585568983,1,1
2020-04-17,4,1,0.5430680691972819,1,1
2020-04-18,4,0,0.544727359310861,1,1
2020-04-19,4,0,0.5496981266240788,1,1
2020-04-20,4,0,0.5416647365474865,1,1
2020-04-21,4,1,0.5479756140425984,1,1
2020-04-22,4,1,0.5429971697528706,1,1
2020-04-23,4,1,0.5380748922133676,1,1
2020-04-24,4,1,0.5421607791885179,1,1
2020-04-25,4,1,0.5483174859266414,1,1
2020-04-26,4,1,0.5508528282878058,1,1
2020-04-27,4,1,0.5520756752205711,1,1
2020-04-28,4,1,0.5529186757588972,1,1
2020-04-29,4,0,0.537223381948456,1,1
2020-04-30,4,1,0.5405590833462204,1,1
2020-05-01,4,1,0.5440637304417627,1,1
2020-05-02,4,0,0.5490074985786999,1,1
2020-05-03,4,1,0.5511905870061904,1,1
2020-05-04,4,1,0.5526480451007555,1,1
2020-05-05,4,1,0.5530142407137639,1,1
2020-05-06,4,1,0.5517156977367229,1,1
2020-05-07,4,0,0.5372587418387756,1,1
2020-05-08,4,0,0.5410520667758324,1,1
2020-05-09,4,0,0.5402684817524976,1,1
2020-05-10,4,0,0.537223383562065,1,1
2020-05-11,4,1,0.5399962154885648,1,1
2020-05-12,4,1,0.5453870548566307,1,1
2020-05-13,4,1,0.5390394047302309,1,1
2020-05-14,4,0,0.5382573008551828,1,1
2020-05-15,4,1,0.5372861328987191,1,1
2020-05-16,4,1,0.5427940571646547,1,1
2020-05-17,4,1,0.5461090844484355,1,1
2020-05-18,4,1,0.5505167655259394,1,1
2020-05-19,4,0,0.5522360120137226,1,1
2020-05-20,4,0,0.5498291445926821,1,1
2020-05-21,4,1,0.5377271805374048,1,1
2020-05-22,4,1,0.5437903328899832,1,1
2020-05-23,4,0,0.5493289462314623,1,1
2020-05-24,4,1,0.5380167546084931,1,1
2020-05-25,4,0,0.543865433554222,1,1
2020-05-26,4,1,0.548144052213198,1,1
2020-05-27,4,1,0.5453050249606708,1,1
2020-05-28,4,0,0.5443931433374747,1,1
2020-05-29,4,1,0.5475241451029765,1,1
2020-05-30,4,0,0.549469180897468,1,1
2020-05-31,4,1,0.5459209848377896,1,1
2020-06-01,4,0,0.5372408532781368,1,1
2020-06-02,4,1,0.5372241466112891,1,1
2020-06-03,4,1,0.5428391493808536,1,1
2020-06-04,4,0,0.5484959570413677,1,1
2020-06-05,4,0,0.549564259279812,1,1
2020-06-06,4,1,0.5519533076054187,1,1
2020-06-07,4,1,0.5528541387452326,1,1
2020-06-08,4,1,0.5530966480656414,1,1
2020-06-09,4,1,0.5531761232314532,1,1
2020-06-10,4,0,0.5532172444662352,1,1
2020-06-11,4,1,0.5374726359987088,1,1
2020-06-12,4,0,0.5426788728690564,1,1
2020-06-13,4,0,0.5483422194023116,1,1
2020-06-14,4,1,0.5505424980335941,1,1
2020-06-15,4,1,0.552456707573217,1,1
2020-06-16,4,0,0.5530135228464321,1,1
2020-06-17,4,0,0.5529514531354377,1,1
2020-06-18,4,0,0.5529009770179759,1,1
2020-06-19,4,1,0.5524943714962891,1,1
2020-06-20,4,0,0.5530299148820548,1,1
2020-06-21,4,1,0.5530526498164636,1,1
2020-06-22,4,0,0.5505724563744926,1,1
2020-06-23,4,0,0.5523086922305627,1,1
2020-06-24,4,0,0.5461489134452073,1,1
2020-06-25,4,0,0.5502086413540486,1,1
2020-06-26,4,0,0.5515853997027758,1,1
2020-06-27,4,1,0.5520762281550194,1,1
2020-06-28,4,1,0.552842791747514,1,1
2020-06-29,4,0,0.5531181195377783,1,1
2020-06-30,4,1,0.5531172841629641,1,1
2020-07-01,4,0,0.5531274538718693,1,1
2020-07-02,4,0,0.5529640401615595,1,1
2020-07-03,4,1,0.5531170878282371,1,1
2020-07-04,4,0,0.5531907565788686,1,1
2020-07-05,4,1,0.5531407165053285,1,1
2020-07-06,4,0,0.5503265518212793,1,1
2020-07-07,4,1,0.5518561302302365,1,1
2020-07-08,4,0,0.5520659143669114,1,1
2020-07-09,4,1,0.5522991863187935,1,1
2020-07-10,4,0,0.5529731011920382,1,1
2020-07-11,4,1,0.5531041950570585,1,1
2020-07-12,4,0,0.5531952776818772,1,1
2020-07-13,4,0,0.5531937726098757,1,1
2020-07-14,4,0,0.5532214510958945,1,1
2020-07-15,4,0,0.5531773960772779,1,1
2020-07-16,4,1,0.5531479698088877,1,1
2020-07-17,4,1,0.5532067201772308,1,1
2020-07-18,4,1,0.553224956593022,1,1
2020-07-19,4,0,0.5532226989156824,1,1
2020-07-20,4,1,0.553218393017959,1,1
2020-07-21,4,1,0.5524574494330728,1,1
2020-07-22,4,1,0.5526692037983406,1,1
2020-07-23,4,0,0.5530616896099783,1,1
2020-07-24,4,1,0.5531196263296555,1,1
2020-07-25,4,1,0.5530062795438037,1,1
2020-07-26,4,1,0.5524211372198925,1,1
2020-07-27,4,0,0.5372233821456041,1,1
2020-07-28,4,1,0.5422598352475803,1,1
2020-07-29,4,1,0.5471819044607641,1,1
2020-07-30,4,1,0.5511822514084,1,1
2020-07-31,4,1,0.5521037828785024,1,1
2020-08-01,4,0,0.5476477706547533,1,1
2020-08-02,4,1,0.537263178874932,1,1
2020-08-03,4,0,0.541861420913623,1,1
2020-08-04,4,1,0.5477756523106023,1,1
2020-08-05,4,1,0.539440814522603,1,1
2020-08-06,4,0,0.5459116542617626,1,1
2020-08-07,4,1,0.5483715498895328,1,1
2020-08-08,4,0,0.5514067034548542,1,1
2020-08-09,4,1,0.5524599227359106,1,1
2020-08-10,4,0,0.5527358971167503,1,1
2020-08-11,4,1,0.5428883230679886,1,1
2020-08-12,4,1,0.5481073636771706,1,1
2020-08-13,4,0,0.5509722749559791,1,1
2020-08-14,4,1,0.5524994523185,1,1
2020-08-15,4,1,0.5530220108468381,1,1
2020-08-16,4,1,0.5531678276064153,1,1
2020-08-17,4,0,0.5519455224832385,1,1
2020-08-18,4,0,0.550574905549956,1,1
2020-08-19,4,1,0.5501053379135323,1,1
2020-08-20,4,0,0.5522510102536073,1,1
2020-08-21,4,1,0.5501899983931398,1,1
2020-08-22,4,0,0.5523165945374423,1,1
2020-08-23,4,1,0.5529285280064404,1,1
2020-08-24,4,0,0.5531292604584888,1,1
2020-08-25,4,1,0.5465081183277072,1,1
2020-08-26,4,0,0.5507611684769111,1,1
2020-08-27,4,1,0.5513382807181612,1,1
2020-08-28,4,0,0.5522206831335212,1,1
2020-08-29,4,1,0.5528459046630234,1,1
2020-08-30,4,0,0.5529002103029331,1,1
2020-08-31,4,1,0.5530600993244942,1,1
2020-09-01,4,0,0.5525789642890416,1,1
2020-09-02,4,0,0.5390304369934655,1,1
2020-09-03,4,1,0.5372233819567218,1,1
2020-09-04,4,0,0.5401399309110998,1,1
2020-09-05,4,1,0.5389975974549734,1,1
2020-09-06,4,1,0.544977226681292,1,1
2020-09-07,4,0,0.5499762248624742,1,1
2020-09-08,4,1,0.5492856527481265,1,1
2020-09-09,4,1,0.5518362543399212,1,1
2020-09-10,4,1,0.552715086139473,1,1
2020-09-11,4,1,0.5530951113315522,1,1
2020-09-12,4,0,0.553195845209812,1,1
2020-09-13,4,1,0.5529202575964103,1,1
2020-09-14,4,1,0.5503689914413442,1,1
2020-09-15,4,1,0.5522873932505902,1,1
2020-09-16,4,0,0.5527202680607477,1,1
2020-09-17,4,0,0.5530301388953912,1,1
2020-09-18,4,1,0.5531501537999572,1,1
2020-09-19,4,0,0.5531068437852734,1,1
2020-09-20,4,0,0.5526697354029736,1,1
2020-09-21,4,1,0.5413005064001728,1,1
2020-09-22,4,0,0.5475677633280868,1,1
2020-09-23,4,1,0.5454138688374617,1,1
2020-09-24,4,0,0.5381176350564305,1,1
2020-09-25,4,1,0.5437212835079668,1,1
2020-09-26,4,1,0.5493129718911965,1,1
2020-09-27,4,0,0.5520408774241579,1,1
2020-09-28,4,1,0.5528231100725771,1,1
2020-09-29,4,0,0.5529243484479512,1,1
2020-09-30,4,0,0.5531000656472733,1,1
2020-10-01,4,0,0.5528620833952286,1,1
2020-10-02,4,0,0.5531039449210404,1,1
2020-10-03,4,1,0.553188386919392,1,1
2020-10-04,4,1,0.5530700687459179,1,1
2020-10-05,4,0,0.553005026114478,1,1
2020-10-06,4,1,0.5526928161543234,1,1
2020-10-07,4,1,0.5530362218215559,1,1
2020-10-08,4,1,0.5521344011704842,1,1
2020-10-09,4,1,0.5526048802541452,1,1
2020-10-10,4,1,0.552204549998988,1,1
2020-10-11,4,1,0.5528855302399437,1,1
2020-10-12,4,0,0.5528522504183297,1,1
2020-10-13,4,1,0.5529130128320161,1,1
2020-10-14,4,1,0.5531476728741161,1,1
2020-10-15,4,0,0.5531808911717947,1,1
2020-10-16,4,1,0.552862274040052,1,1
2020-10-17,4,1,0.5531223509217834,1,1
2020-10-18,4,1,0.5530622267298759,1,1
2020-10-19,4,1,0.5523656456344883,1,1
2020-10-20,4,1,0.5526743467295896,1,1
2020-10-21,4,1,0.5372359761365325,1,1
2020-10-22,4,0,0.5426327251413652,1,1
2020-10-23,4,1,0.5484871208057349,1,1
2020-10-24,4,0,0.5513227278687501,1,1
2020-10-25,4,1,0.5524991721064668,1,1
2020-10-26,4,1,0.5530365555878779,1,1
2020-10-27,4,0,0.5461175721368886,1,1
2020-10-28,4,1,0.5436409832228302,1,1
2020-10-29,4,1,0.5489053662070933,1,1
2020-10-30,4,1,0.5518360648511086,1,1
2020-10-31,4,0,0.5524883896688485,1,1
2020-11-01,4,0,0.5529605665295164,1,1
2020-11-02,4,1,0.5526265705064888,1,1
2020-11-03,4,1,0.5518476578802692,1,1
2020-11-04,4,1,0.5527626210879422,1,1
2020-11-05,4,0,0.5372233985497663,1,1
2020-11-06,4,0,0.5424814627973912,1,1
2020-11-07,4,1,0.5373505204798178,1,1
2020-11-08,4,0,0.5380676491569851,1,1
2020-11-09,4,0,0.5420570546706623,1,1
2020-11-10,4,1,0.547492683255696,1,1
2020-11-11,4,1,0.5495775658327138,1,1
2020-11-12,4,1,0.5482315650375781,1,1
2020-11-13,4,0,0.5514882835458529,1,1
2020-11-14,4,0,0.551047400927246,1,1
2020-11-15,4,1,0.5520399503195239,1,1
2020-11-16,4,1,0.5449233465744425,1,1
2020-11-17,4,1,0.5381239879281854,1,1
2020-11-18,4,1,0.5443591982712992,1,1
2020-11-19,4,1,0.5493731623908001,1,1
2020-11-20,4,1,0.5446347089232901,1,1
2020-11-21,4,0,0.549391512054792,1,1
2020-11-22,4,0,0.5490763795928625,1,1
2020-11-23,4,1,0.5515061168595116,1,1
2020-11-24,4,0,0.5492855034315466,1,1
2020-11-25,4,0,0.5469513698681325,1,1
2020-11-26,4,0,0.5372233864072334,1,1
2020-11-27,4,1,0.5421375488311578,1,1
2020-11-28,4,1,0.5432330032890497,1,1
2020-11-29,4,1,0.5473144157470411,1,1
2020-11-30,4,0,0.537235471581418,1,1
2020-12-01,4,1,0.5372663108716391,1,1
2020-12-02,4,1,0.5424510072620206,1,1
2020-12-03,4,0,0.5485776929056427,1,1
2020-12-04,4,1,0.5382970620974761,1,1
2020-12-05,4,1,0.5432400604810474,1,1
2020-12-06,4,0,0.5491109168843076,1,1
2020-12-07,4,0,0.5504481219070487,1,1
2020-12-08,4,1,0.537702990426782,1,1
2020-12-09,4,0,0.5437283794501233,1,1
2020-12-10,4,0,0.544770974295051,1,1
2020-12-11,4,1,0.5472259220594677,1,1
2020-12-12,4,1,0.5445557336633602,1,1
2020-12-13,4,1,0.5495498236065817,1,1
2020-12-14,4,1,0.552060032434884,1,1
2020-12-15,4,1,0.552911149892655,1,1
2020-12-16,4,1,0.5372237056416831,1,1
2020-12-17,4,1,0.5372415262068221,1,1
2020-12-18,4,1,0.5430792609591515,1,1
2020-12-19,4,0,0.5465923994136256,1,1
2020-12-20,4,0,0.5451700682284424,1,1
2020-12-21,4,1,0.5396814414398055,1,1
2020-12-22,4,0,0.5397563790509339,1,1
2020-12-23,4,1,0.5391219024215412,1,1
2020-12-24,4,1,0.5448213540024345,1,1
2020-12-25,4,1,0.5448532547886435,1,1
2020-12-26,4,0,0.5373040182045432,1,1
2020-12-27,4,1,0.5409225420600619,1,1
2020-12-28,4,1,0.5449834091934995,1,1
2020-12-29,4,1,0.5501006844514575,1,1
2020-12-30,4,1,0.5425398996180987,1,1
2020-12-31,4,1,0.5481540355768837,1,1
2021-01-01,4,1,0.5516044707410456,1,1
2021-01-02,4,1,0.5372257064915673,1,1
2021-01-03,4,0,0.5429207690816072,1,1
2021-01-04,4,1,0.5388960438823556,1,1
2021-01-05,4,1,0.5373940447595055,1,1
2021-01-06,4,1,0.5372250336715453,1,1
2021-01-07,4,1,0.5372821504989451,1,1
2021-01-08,4,0,0.5409489696664727,1,1
2021-01-09,4,0,0.5405567892950504,1,1
2021-01-10,4,0,0.5372326092611263,1,1
2021-01-11,4,0,0.5372233852097259,1,1
2021-01-12,4,1,0.5372321844724686,1,1
2021-01-13,4,1,0.5372233926964751,1,1
2021-01-14,4,0,0.5382147226994258,1,1
2021-01-15,4,0,0.5372235841227674,1,1
2021-01-16,4,0,0.5383659838253158,1,1
2021-01-17,4,1,0.540677812432308,1,1
2021-01-18,4,0,0.5464477240957923,1,1
2021-01-19,4,0,0.5452495979709855,1,1
2021-01-20,4,0,0.545116218621565,1,1
2021-01-21,4,1,0.5372233819483682,1,1
2021-01-22,4,0,0.5372351922386168,1,1
2021-01-23,4,1,0.5376506087521116,1,1
2021-01-24,4,1,0.5435905255789495,1,1
2021-01-25,4,1,0.5488484881756871,1,1
2021-01-26,4,0,0.5517369559291376,1,1
2021-01-27,4,1,0.5372261654296211,1,1
2021-01-28,4,1,0.5372233865892875,1,1
2021-01-29,4,0,0.5419480309460601,1,1
2021-01-30,4,0,0.5470144423892747,1,1
2021-01-31,4,1,0.5387824927951826,1,1
2021-02-01,4,1,0.5451747792620291,1,1
2021-02-02,4,1,0.5380978766725723,1,1
2021-02-03,4,0,0.5376625106190058,1,1
2021-02-04,4,1,0.5393940306609308,1,1
2021-02-05,4,1,0.5429169921659627,1,1
2021-02-06,4,0,0.5472000349903232,1,1
2021-02-07,4,1,0.5479125367526931,1,1
2021-02-08,4,1,0.5372233819483683,1,1
2021-02-09,4,0,0.5421262853269496,1,1
2021-02-10,4,1,0.5374504473212983,1,1
2021-02-11,4,0,0.5373272564636536,1,1
2021-02-12,4,0,0.5394845963416296,1,1
2021-02-13,4,1,0.5412412080153554,1,1
2021-02-14,4,0,0.5454991537745411,1,1
2021-02-15,4,1,0.5432717419716474,1,1
2021-02-16,4,1,0.5483026955489908,1,1
2021-02-17,4,0,0.5394939630544753,1,1
2021-02-18,4,1,0.5416975007600644,1,1
2021-02-19,4,1,0.5372335442546079,1,1
2021-02-20,4,1,0.5418441092763184,1,1
2021-02-21,4,0,0.5475753673621112,1,1
2021-02-22,4,0,0.537225862188132,1,1
2021-02-23,4,1,0.5372233819485335,1,1
2021-02-24,4,0,0.5429493357049293,1,1
2021-02-25,4,0,0.5372370781036319,1,1
2021-02-26,4,0,0.5390502335910022,1,1
2021-02-27,4,0,0.5438451055717872,1,1
2021-02-28,4,1,0.5413561577791285,1,1
2021-03-01,4,0,0.5372233923206695,1,1
2021-03-02,4,1,0.5379252076314847,1,1
2021-03-03,4,0,0.5385441858828207,1,1
2021-03-04,4,1,0.5373819731156002,1,1
2021-03-05,4,0,0.543289615994729,1,1
2021-03-06,4,1,0.5485116409320082,1,1
2021-03-07,4,1,0.5424534679145262,1,1
2021-03-08,4,1,0.5475351960948718,1,1
2021-03-09,4,1,0.5401384896533181,1,1
2021-03-10,4,1,0.5451137504330086,1,1
2021-03-11,4,0,0.5463847182396078,1,1
2021-03-12,4,1,0.5492078101492734,1,1
2021-03-13,4,0,0.5374931356911342,1,1
2021-03-14,4,0,0.5374975155345469,1,1
2021-03-15,4,1,0.5372256456646375,1,1
2021-03-16,4,1,0.5426556024556238,1,1
2021-03-17,4,0,0.5434345230362855,1,1
2021-03-18,4,1,0.5436694890918676,1,1
2021-03-19,4,0,0.5493753430480481,1,1
2021-03-20,4,0,0.5516993122930804,1,1
2021-03-21,4,0,0.5511640008968348,1,1
2021-03-22,4,1,0.5373788375881756,1,1
2021-03-23,4,0,0.5428657768791707,1,1
2021-03-24,4,0,0.5379044227306475,1,1
2021-03-25,4,1,0.5390189616855564,1,1
2021-03-26,4,1,0.5372691524182971,1,1
2021-03-27,4,0,0.5430204452583274,1,1
2021-03-28,4,1,0.5480694772152277,1,1
2021-03-29,4,1,0.5497502287674442,1,1
2021-03-30,4,1,0.5519594733913629,1,1
2021-03-31,4,1,0.5526550908310136,1,1
2021-04-01,4,1,0.5529829300437452,1,1
2021-04-02,4,0,0.5531064283818944,1,1
2021-04-03,4,1,0.5454986170203082,1,1
2021-04-04,4,1,0.5499075640905823,1,1
2021-04-05,4,0,0.5521949822035006,1,1
2021-04-06,4,0,0.5513792170833712,1,1
2021-04-07,4,1,0.5408043298879435,1,1
2021-04-08,4,0,0.5401563883493947,1,1
2021-04-09,4,1,0.5458797517125483,1,1
2021-04-10,4,1,0.5480065550105291,1,1
2021-04-11,4,0,0.5515507947304155,1,1
2021-04-12,4,1,0.5524703854637355,1,1
2021-04-13,4,0,0.5383775933371564,1,1
2021-04-14,4,1,0.5434620425143797,1,1
2021-04-15,4,0,0.5491946226000888,1,1
2021-04-16,4,0,0.5454519122111544,1,1
2021-04-17,4,0,0.5478398168428207,1,1
2021-04-18,4,0,0.5372243710291869,1,1
2021-04-19,4,1,0.5421265485193713,1,1
2021-04-20,4,0,0.5475953178969097,1,1
2021-04-21,4,0,0.5385942199242576,1,1
2021-04-22,4,0,0.5378540623922152,1,1
2021-04-23,4,0,0.5427913785316221,1,1
2021-04-24,4,0,0.5455583806881289,1,1
2021-04-25,4,1,0.5470985353634401,1,1
2021-04-26,4,1,0.5372233825113077,1,1
2021-04-27,4,0,0.5416544109127853,1,1
2021-04-28,4,0,0.5474810854547645,1,1
2021-04-29,4,1,0.546773886786696,1,1
2021-04-30,4,1,0.537226863380217,1,1
2021-05-01,4,0,0.5430113496413084,1,1
2021-05-02,4,1,0.5442459218208988,1,1
2021-05-03,4,0,0.5495015429656506,1,1
2021-05-04,4,1,0.5372330272125062,1,1
2021-05-05,4,0,0.5372237903949866,1,1
2021-05-06,4,1,0.5401663892797512,1,1
2021-05-07,4,1,0.545254935321396,1,1
2021-05-08,4,0,0.5472347610038013,1,1
2021-05-09,4,0,0.5505164667878538,1,1
2021-05-10,4,1,0.5415082827969342,1,1
2021-05-11,4,0,0.5464332587978242,1,1
2021-05-12,4,1,0.5372233819483685,1,1
2021-05-13,5,1,0.5494611747667141,1,1
2021-05-14,5,0,0.5507569312506809,1,1
2021-05-15,5,0,0.5412774835724987,1,1
2021-05-16,5,0,0.5455515500351273,1,1
2021-05-17,5,0,0.5411863147773118,1,1
2021-05-18,5,0,0.5449517775102724,1,1
2021-05-19,5,1,0.5411474116286348,1,1
2021-05-20,5,0,0.541147411632695,1,1
2021-05-21,5,1,0.5411474493910408,1,1
2021-05-22,5,0,0.544990573059436,1,1
2021-05-23,5,1,0.5411514739335594,1,1
2021-05-24,5,0,0.5411474116286933,1,1
2021-05-25,5,1,0.5453777895480464,1,1
2021-05-26,5,0,0.5457257433822656,1,1
2021-05-27,5,0,0.5479493941344079,1,1
2021-05-28,5,0,0.5411635780400476,1,1
2021-05-29,5,1,0.5431620350054078,1,1
2021-05-30,5,1,0.5422663023158719,1,1
2021-05-31,5,0,0.5412218388790104,1,1
2021-06-01,5,1,0.5449443127398805,1,1
2021-06-02,5,1,0.5446495973292662,1,1
2021-06-03,5,0,0.5414811551101167,1,1
2021-06-04,5,0,0.5411846996926158,1,1
2021-06-05,5,1,0.54232349709333,1,1
2021-06-06,5,0,0.5457734234723862,1,1
2021-06-07,5,0,0.5412059602344877,1,1
2021-06-08,5,1,0.5454891507288383,1,1
2021-06-09,5,0,0.541147411628668,1,1
2021-06-10,5,1,0.5448737452993498,1,1
2021-06-11,5,0,0.5463405998841182,1,1
2021-06-12,5,1,0.5424895380983288,1,1
2021-06-13,5,1,0.5411474116383865,1,1
2021-06-14,5,1,0.5419429597429731,1,1
2021-06-15,5,0,0.5459681918068249,1,1
2021-06-16,5,0,0.5418102774204906,1,1
2021-06-17,5,0,0.5462643543793397,1,1
2021-06-18,5,0,0.5412862034891843,1,1
2021-06-19,5,1,0.5456792687879009,1,1
2021-06-20,5,0,0.5490387168076071,1,1
2021-06-21,5,1,0.5411474116705096,1,1
2021-06-22,5,1,0.5421822354697012,1,1
2021-06-23,5,1,0.5415526404317121,1,1
2021-06-24,5,0,0.5423650005959373,1,1
2021-06-25,5,1,0.5411474413954177,1,1
2021-06-26,5,1,0.5432487249456792,1,1
2021-06-27,5,0,0.5411474668378965,1,1
2021-06-28,5,1,0.545497664669461,1,1
2021-06-29,5,0,0.5417271944744638,1,1
2021-06-30,5,0,0.5447462874326968,1,1
2021-07-01,5,1,0.5431005593945211,1,1
2021-07-02,5,1,0.5463139745275906,1,1
2021-07-03,5,1,0.5459023249764977,1,1
2021-07-04,5,0,0.5472132440222511,1,1
2021-07-05,5,1,0.5438375223981691,1,1
2021-07-06,5,0,0.5460844505744389,1,1
2021-07-07,5,0,0.5493742909302589,1,1
2021-07-08,5,1,0.549548148679235,1,1
2021-07-09,5,0,0.5465053775671294,1,1
2021-07-10,5,1,0.549644581153149,1,1
2021-07-11,5,0,0.548695436619286,1,1
2021-07-12,5,0,0.5479366372843788,1,1
2021-07-13,5,1,0.5500449433278358,1,1
2021-07-14,5,0,0.5508617296025493,1,1
2021-07-15,5,0,0.5495779174206852,1,1
2021-07-16,5,1,0.5507385942689095,1,1
2021-07-17,5,1,0.5511112719706505,1,1
2021-07-18,5,0,0.5511256208629316,1,1
2021-07-19,5,0,0.549366601552306,1,1
2021-07-20,5,1,0.5478899182254502,1,1
2021-07-21,5,1,0.5411480600488455,1,1
2021-07-22,5,1,0.5452798963606422,1,1
2021-07-23,5,1,0.5428174550763001,1,1
2021-07-24,5,1,0.5450314481787732,1,1
2021-07-25,5,1,0.5445063711982403,1,1
2021-07-26,5,1,0.5412224118099292,1,1
2021-07-27,5,1,0.5411835490288693,1,1
2021-07-28,5,1,0.5449450104408013,1,1
2021-07-29,5,1,0.5487749786812512,1,1
2021-07-30,5,0,0.541690151151332,1,1
2021-07-31,5,0,0.544598486900307,1,1
2021-08-01,5,0,0.5418578099633397,1,1
2021-08-02,5,0,0.5441069182941881,1,1
2021-08-03,5,1,0.5444728785882739,1,1
2021-08-04,5,1,0.542382077017833,1,1
2021-08-05,5,1,0.5441155940859373,1,1
2021-08-06,5,1,0.5417715617873166,1,1
2021-08-07,5,0,0.5421193841320386,1,1
2021-08-08,5,1,0.5440821436067864,1,1
2021-08-09,5,0,0.5412445101452507,1,1
2021-08-10,5,1,0.5435235623931,1,1
2021-08-11,5,0,0.5477623418572259,1,1
2021-08-12,5,1,0.54622687089372,1,1
2021-08-13,5,0,0.5411503618106098,1,1
2021-08-14,5,0,0.5439297551029585,1,1
2021-08-15,5,0,0.5480480715248617,1,1
2021-08-16,5,0,0.5476306119380964,1,1
2021-08-17,5,1,0.5455472542284279,1,1
2021-08-18,5,1,0.5491465347010364,1,1
2021-08-19,5,1,0.5453804872723124,1,1
2021-08-20,5,0,0.541457401013004,1,1
2021-08-21,5,1,0.5444505734678642,1,1
2021-08-22,5,1,0.548528599135102,1,1
2021-08-23,5,0,0.5504581412640458,1,1
2021-08-24,5,1,0.5438991906300134,1,1
2021-08-25,5,0,0.546632532399117,1,1
2021-08-26,5,1,0.5415947579825806,1,1
2021-08-27,5,0,0.5417111482621748,1,1
2021-08-28,5,0,0.5456420716680476,1,1
2021-08-29,5,0,0.5489847409255226,1,1
2021-08-30,5,1,0.5433142041153788,1,1
2021-08-31,5,1,0.547603502784427,1,1
2021-09-01,5,1,0.5469276107950677,1,1
2021-09-02,5,1,0.549831630450299,1,1
2021-09-03,5,0,0.5508262259992776,1,1
2021-09-04,5,1,0.5510781410972053,1,1
2021-09-05,5,1,0.5496883088138611,1,1
2021-09-06,5,0,0.5507416576863715,1,1
2021-09-07,5,0,0.54114741162921,1,1
2021-09-08,5,1,0.5434523833393581,1,1
2021-09-09,5,0,0.5478163952865555,1,1
2021-09-10,5,1,0.543862524576831,1,1
2021-09-11,5,1,0.5481243858315994,1,1
2021-09-12,5,0,0.5499567852508396,1,1
2021-09-13,5,1,0.5481199733179474,1,1
2021-09-14,5,1,0.5437791574198374,1,1
2021-09-15,5,0,0.5470547145590671,1,1
2021-09-16,5,0,0.5489551274100599,1,1
2021-09-17,5,1,0.5497049466280298,1,1
2021-09-18,5,0,0.5505778881242784,1,1
2021-09-19,5,0,0.5487809091297836,1,1
2021-09-20,5,0,0.5411474121484793,1,1
2021-09-21,5,1,0.541168570897989,1,1
2021-09-22,5,1,0.54114996313226,1,1
2021-09-23,5,0,0.5431179365297119,1,1
2021-09-24,5,0,0.5412715249327964,1,1
2021-09-25,5,1,0.5454410368834259,1,1
2021-09-26,5,0,0.5488417564118184,1,1
2021-09-27,5,0,0.5486242879302007,1,1
2021-09-28,5,1,0.5470403838358351,1,1
2021-09-29,5,1,0.549466295731542,1,1
2021-09-30,5,1,0.5418073363847027,1,1
2021-10-01,5,0,0.5411474121464545,1,1
2021-10-02,5,1,0.5446714793719087,1,1
2021-10-03,5,1,0.5485737504170509,1,1
2021-10-04,5,1,0.5500162975743677,1,1
2021-10-05,5,1,0.5437145647040347,1,1
2021-10-06,5,0,0.5411498842522616,1,1
2021-10-07,5,1,0.5420213019020529,1,1
2021-10-08,5,1,0.5464984285622694,1,1
2021-10-09,5,0,0.5489346195952535,1,1
2021-10-10,5,1,0.5504776842439867,1,1
2021-10-11,5,0,0.5438656786741985,1,1
2021-10-12,5,1,0.5437394180713236,1,1
2021-10-13,5,0,0.5461305313961072,1,1
2021-10-14,5,1,0.5493435599525559,1,1
2021-10-15,5,0,0.5411607662395576,1,1
2021-10-16,5,1,0.5441116013193688,1,1
2021-10-17,5,1,0.5482310252140139,1,1
2021-10-18,5,1,0.5503744185574485,1,1
2021-10-19,5,1,0.5488532801012792,1,1
2021-10-20,5,0,0.5494259443119176,1,1
2021-10-21,5,0,0.5412014093006364,1,1
2021-10-22,5,1,0.5424303535528348,1,1
2021-10-23,5,0,0.5467270263754136,1,1
2021-10-24,5,1,0.549156363090934,1,1
2021-10-25,5,0,0.547943288805449,1,1
2021-10-26,5,0,0.5418572510313742,1,1
2021-10-27,5,1,0.5419816317850522,1,1
2021-10-28,5,1,0.5425723894176322,1,1
2021-10-29,5,0,0.5449185092366722,1,1
2021-10-30,5,0,0.5482407133637776,1,1
2021-10-31,5,0,0.5497413849022671,1,1
2021-11-01,5,1,0.5506856230905484,1,1
2021-11-02,5,0,0.5487555071312471,1,1
2021-11-03,5,0,0.5503582825921459,1,1
2021-11-04,5,0,0.5488385911547643,1,1
2021-11-05,5,1,0.550380936793483,1,1
2021-11-06,5,1,0.5510589321449261,1,1
2021-11-07,5,1,0.55041424137441,1,1
2021-11-08,5,0,0.5413326762510704,1,1
2021-11-09,5,0,0.5444742991778662,1,1
2021-11-10,5,0,0.5426560585018937,1,1
2021-11-11,5,0,0.546804221930697,1,1
2021-11-12,5,1,0.5483971179119996,1,1
2021-11-13,5,1,0.5504202547573542,1,1
2021-11-14,5,0,0.5509758267589796,1,1
2021-11-15,5,0,0.5477059609977952,1,1
2021-11-16,5,1,0.541230152668303,1,1
2021-11-17,5,0,0.5455861237070573,1,1
2021-11-18,5,1,0.5411753335148295,1,1
2021-11-19,5,1,0.5444028318785185,1,1
2021-11-20,5,0,0.5465439522945279,1,1
2021-11-21,5,0,0.5473140974024815,1,1
2021-11-22,5,1,0.5418573893352896,1,1
2021-11-23,5,0,0.5449034803219994,1,1
2021-11-24,5,1,0.5449599101825567,1,1
2021-11-25,5,0,0.5482914288610403,1,1
2021-11-26,5,1,0.5411543142911235,1,1
2021-11-27,5,1,0.5441331988890242,1,1
2021-11-28,5,1,0.5424925047195626,1,1
2021-11-29,5,0,0.5469509978854246,1,1
2021-11-30,5,1,0.5484131509664929,1,1
2021-12-01,5,0,0.5504412929830232,1,1
2021-12-02,5,0,0.5505783235842641,1,1
2021-12-03,5,0,0.5416969086361896,1,1
2021-12-04,5,1,0.5411474285813054,1,1
2021-12-05,5,1,0.5454697894126526,1,1
2021-12-06,5,1,0.5463280690378679,1,1
2021-12-07,5,0,0.5495657131645774,1,1
2021-12-08,5,0,0.550794722724226,1,1
2021-12-09,5,0,0.5416360907152167,1,1
2021-12-10,5,1,0.5457744828839065,1,1
2021-12-11,5,1,0.5417490178518926,1,1
2021-12-12,5,0,0.545077827713274,1,1
2021-12-13,5,0,0.5411564459107284,1,1
2021-12-14,5,1,0.5455121658153206,1,1
2021-12-15,5,0,0.5413616647291434,1,1
2021-12-16,5,0,0.5435436424218164,1,1
2021-12-17,5,1,0.5442491347427104,1,1
2021-12-18,5,0,0.5469998672364379,1,1
2021-12-19,5,1,0.5498823524340898,1,1
2021-12-20,5,1,0.5508202117546948,1,1
2021-12-21,5,0,0.5434006911379308,1,1
2021-12-22,5,1,0.5476955891597619,1,1
2021-12-23,5,1,0.5421113309833067,1,1
2021-12-24,5,0,0.5465884849708835,1,1
2021-12-25,5,1,0.5495998891337067,1,1
2021-12-26,5,0,0.5506920428846335,1,1
2021-12-27,5,0,0.5511455387042511,1,1
2021-12-28,5,0,0.5414874249612776,1,1
2021-12-29,5,1,0.5439712544782416,1,1
2021-12-30,5,0,0.5464803029281462,1,1
2021-12-31,5,1,0.5487768937771976,1,1
2022-01-01,5,0,0.5465543465618744,1,1
2022-01-02,5,0,0.5496349081957128,1,1
2022-01-03,5,0,0.5503804186041377,1,1
2022-01-04,5,0,0.550957444940025,1,1
2022-01-05,5,0,0.5434139831384556,1,1
2022-01-06,5,0,0.5476660105435732,1,1
2022-01-07,5,1,0.5459069780405414,1,1
2022-01-08,5,1,0.5489349580138394,1,1
2022-01-09,5,0,0.5503800690095964,1,1
2022-01-10,5,1,0.5510482362065632,1,1
2022-01-11,5,1,0.5497878248286515,1,1
2022-01-12,5,0,0.5471838296096334,1,1
2022-01-13,5,1,0.5473266136198058,1,1
2022-01-14,5,1,0.5490039304110167,1,1
2022-01-15,5,0,0.5505528795560541,1,1
2022-01-16,5,0,0.5511059655528223,1,1
2022-01-17,5,1,0.5509576036833845,1,1
2022-01-18,5,0,0.5511775200001611,1,1
2022-01-19,5,0,0.5511521012290324,1,1
2022-01-20,5,0,0.5506647775586566,1,1
2022-01-21,5,0,0.5411474140060327,1,1
2022-01-22,5,1,0.5420217825513781,1,1
2022-01-23,5,1,0.5415361418814553,1,1
2022-01-24,5,1,0.5447579089730648,1,1
2022-01-25,5,0,0.5478639512026868,1,1
2022-01-26,5,1,0.5502279628924475,1,1
2022-01-27,5,1,0.5507635450426551,1,1
2022-01-28,5,1,0.5502365380132158,1,1
2022-01-29,5,0,0.5506602528956862,1,1
2022-01-30,5,1,0.5511434867214139,1,1
2022-01-31,5,1,0.5507077171963105,1,1
2022-02-01,5,0,0.5509801998746069,1,1
2022-02-02,5,1,0.5453151199827433,1,1
2022-02-03,5,1,0.5487473779252837,1,1
2022-02-04,5,0,0.5411474116288717,1,1
2022-02-05,5,1,0.54550282702982,1,1
2022-02-06,5,1,0.5462834056637507,1,1
2022-02-07,5,1,0.5441320963135541,1,1
2022-02-08,5,1,0.5481439854065389,1,1
2022-02-09,5,0,0.550291826120924,1,1
2022-02-10,5,0,0.5505478826674671,1,1
2022-02-11,5,0,0.5497545362647279,1,1
2022-02-12,5,0,0.5508620740488319,1,1
2022-02-13,5,1,0.5511973464854988,1,1
2022-02-14,5,1,0.5511770464322349,1,1
2022-02-15,5,0,0.5436973882419771,1,1
2022-02-16,5,0,0.5470052437161439,1,1
2022-02-17,5,0,0.5411480569935266,1,1
2022-02-18,5,1,0.5448837694154853,1,1
2022-02-19,5,0,0.5487528396620216,1,1
2022-02-20,5,0,0.5440836749527669,1,1
2022-02-21,5,1,0.5434771244375606,1,1
2022-02-22,5,0,0.5425165157881113,1,1
2022-02-23,5,1,0.5446015582215565,1,1
2022-02-24,5,1,0.5441240666540268,1,1
2022-02-25,5,0,0.5450590780311041,1,1
2022-02-26,5,0,0.5489044452538641,1,1
2022-02-27,5,1,0.5463526010970096,1,1
2022-02-28,5,1,0.5411474116286344,1,1
2022-03-01,5,0,0.5428207597166489,1,1
2022-03-02,5,0,0.5467463860231397,1,1
2022-03-03,5,0,0.5447955050879424,1,1
2022-03-04,5,1,0.5411478036662085,1,1
2022-03-05,5,0,0.5452122847347758,1,1
2022-03-06,5,0,0.5463818897684423,1,1
2022-03-07,5,1,0.5493376495712624,1,1
2022-03-08,5,1,0.5500113951938375,1,1
2022-03-09,5,0,0.5411477726577402,1,1
2022-03-10,5,0,0.5411532175362919,1,1
2022-03-11,5,1,0.5442334837360735,1,1
2022-03-12,5,0,0.548361571039608,1,1
2022-03-13,5,1,0.5478552344098677,1,1
2022-03-14,5,0,0.5418737042106976,1,1
2022-03-15,5,1,0.5459829719834791,1,1
2022-03-16,5,0,0.541889672103928,1,1
2022-03-17,5,1,0.5462248287400024,1,1
2022-03-18,5,1,0.5479712685119984,1,1
2022-03-19,5,0,0.5501275343268968,1,1
2022-03-20,5,0,0.5497303062014939,1,1
2022-03-21,5,1,0.5508234969948593,1,1
2022-03-22,5,1,0.5493222534528259,1,1
2022-03-23,5,1,0.5506155581551493,1,1
2022-03-24,5,1,0.5504846036920178,1,1
2022-03-25,5,1,0.5510755155260176,1,1
2022-03-26,5,1,0.5512524824016439,1,1
2022-03-27,5,1,0.5436982340686662,1,1
2022-03-28,5,1,0.5480010115039733,1,1
2022-03-29,5,0,0.5502842460270705,1,1
2022-03-30,5,0,0.5507342919301196,1,1
2022-03-31,5,1,0.5468251859790532,1,1
2022-04-01,5,0,0.5493732087811192,1,1
2022-04-02,5,1,0.5503889827484516,1,1
2022-04-03,5,1,0.5509757573131057,1,1
2022-04-04,5,0,0.5512248130879756,1,1
2022-04-05,5,0,0.549831493249714,1,1
2022-04-06,5,1,0.5415983417835922,1,1
2022-04-07,5,0,0.5459517771383547,1,1
2022-04-08,5,1,0.5453657628617117,1,1
2022-04-09,5,0,0.5486288732512017,1,1
2022-04-10,5,0,0.5500067848322612,1,1
2022-04-11,5,1,0.5412073794869359,1,1
2022-04-12,5,1,0.5445193696061789,1,1
2022-04-13,5,0,0.5455865072114069,1,1
2022-04-14,5,1,0.5448059126148148,1,1
2022-04-15,5,0,0.5478099209706245,1,1
2022-04-16,5,0,0.5501762664196059,1,1
2022-04-17,5,1,0.550470125202076,1,1
2022-04-18,5,1,0.5492852950092082,1,1
2022-04-19,5,0,0.5502695591001535,1,1
2022-04-20,5,0,0.5509968311978367,1,1
2022-04-21,5,0,0.5504371354719054,1,1
2022-04-22,5,0,0.550196279750574,1,1
2022-04-23,5,0,0.5508925301995056,1,1
2022-04-24,5,1,0.5511996275708945,1,1
2022-04-25,5,0,0.550547719056474,1,1
2022-04-26,5,1,0.5413343548398496,1,1
2022-04-27,5,1,0.5427147700805233,1,1
2022-04-28,5,0,0.5465011394212302,1,1
2022-04-29,5,0,0.5452422176165298,1,1
2022-04-30,5,1,0.5467040856555083,1,1
2022-05-01,5,1,0.5480192180407853,1,1
2022-05-02,5,0,0.5502830634226614,1,1
2022-05-03,5,1,0.5503069008630105,1,1
2022-05-04,5,0,0.5422079697933417,1,1
2022-05-05,5,0,0.5411475009684984,1,1
2022-05-06,5,0,0.5444678918168582,1,1
2022-05-07,5,0,0.5474705759051408,1,1
2022-05-08,5,0,0.5432809029030229,1,1
2022-05-09,5,1,0.5411474116362714,1,1
2022-05-10,5,0,0.5427971122814588,1,1
2022-05-11,5,1,0.541153660991883,1,1
2022-05-12,5,1,0.5452621689063037,1,1
2022-05-13,5,1,0.5485362130490152,1,1
2022-05-14,5,1,0.5467976460927128,1,1
2022-05-15,5,0,0.5424905409678893,1,1
2022-05-16,5,1,0.5415668650872182,1,1
2022-05-17,5,0,0.543784640640752,1,1
2022-05-18,5,1,0.5412779325450514,1,1
2022-05-19,5,0,0.5411571831878917,1,1
2022-05-20,5,1,0.5420523672134799,1,1
2022-05-21,5,1,0.5458426985360945,1,1
2022-05-22,5,0,0.5439503231028926,1,1
2022-05-23,5,1,0.5427482677760935,1,1
2022-05-24,5,0,0.5444181353764049,1,1
2022-05-25,5,0,0.5484904831002875,1,1
2022-05-26,5,0,0.5504199583259484,1,1
2022-05-27,5,1,0.5507021246472912,1,1
2022-05-28,5,1,0.5509183658369003,1,1
2022-05-29,5,1,0.5495153626129893,1,1
2022-05-30,5,1,0.5411476785660482,1,1
2022-05-31,5,0,0.5453040092626925,1,1
2022-06-01,5,1,0.5412105827905946,1,1
2022-06-02,5,0,0.5426889957543629,1,1
2022-06-03,5,1,0.5453116351934474,1,1
2022-06-04,5,1,0.5486377777166573,1,1
2022-06-05,5,1,0.5503831521936418,1,1
2022-06-06,5,0,0.5418335217539961,1,1
2022-06-07,5,0,0.5462745623191261,1,1
2022-06-08,5,0,0.5464816792521527,1,1
2022-06-09,5,0,0.5496480936998649,1,1
2022-06-10,5,0,0.5481208878545294,1,1
2022-06-11,5,0,0.548919407518677,1,1
2022-06-12,5,0,0.5416896273878375,1,1
2022-06-13,5,0,0.5411474116286347,1,1
2022-06-14,5,1,0.5453975554110044,1,1
2022-06-15,5,0,0.5463588071642725,1,1
2022-06-16,5,1,0.5411474303769452,1,1
2022-06-17,5,0,0.5446624986260772,1,1
2022-06-18,5,1,0.5411725382526612,1,1
2022-06-19,5,1,0.5411474130902599,1,1
2022-06-20,5,1,0.5448526375970433,1,1
2022-06-21,5,0,0.5478562015449399,1,1
2022-06-22,5,1,0.5477815982439047,1,1
2022-06-23,5,1,0.5411777245828251,1,1
2022-06-24,5,1,0.5444852383841777,1,1
2022-06-25,5,0,0.5464089488378907,1,1
2022-06-26,5,0,0.548858186395122,1,1
2022-06-27,5,0,0.5505352231347111,1,1
2022-06-28,5,0,0.5508683265533245,1,1
2022-06-29,5,0,0.5511998951002912,1,1
2022-06-30,5,0,0.5512326693184284,1,1
2022-07-01,5,0,0.5509546551614404,1,1
2022-07-02,5,1,0.5511493577803959,1,1
2022-07-03,5,1,0.5511143736722286,1,1
2022-07-04,5,0,0.5414998056463152,1,1
2022-07-05,5,1,0.545771001575248,1,1
2022-07-06,5,1,0.54643905029258,1,1
2022-07-07,5,1,0.541200998290815,1,1
2022-07-08,5,0,0.5451111938668901,1,1
2022-07-09,5,0,0.5489068464215563,1,1
2022-07-10,5,0,0.5476382046595389,1,1
2022-07-11,5,0,0.5437958795652983,1,1
2022-07-12,5,1,0.5444172744676831,1,1
2022-07-13,5,1,0.5413426341618378,1,1
2022-07-14,5,1,0.5436066985991062,1,1
2022-07-15,5,1,0.5463648933549904,1,1
2022-07-16,5,0,0.5478159065659616,1,1
2022-07-17,5,1,0.5495538832227398,1,1
2022-07-18,5,1,0.5411475567023764,1,1
2022-07-19,5,0,0.5413769437025601,1,1
2022-07-20,5,0,0.5456781382384969,1,1
2022-07-21,5,0,0.5492475270715891,1,1
2022-07-22,5,0,0.550104682820773,1,1
2022-07-23,5,1,0.5508747342788561,1,1
2022-07-24,5,0,0.5511027185958544,1,1
2022-07-25,5,0,0.5422410363639926,1,1
2022-07-26,5,1,0.5467204561195522,1,1
2022-07-27,5,1,0.5411475686069407,1,1
2022-07-28,5,0,0.5414396405669804,1,1
2022-07-29,5,0,0.5458671442400751,1,1
2022-07-30,5,0,0.5493107330104499,1,1
2022-07-31,5,0,0.5505365968000422,1,1
2022-08-01,5,0,0.5511077667257234,1,1
2022-08-02,5,0,0.5511108549867376,1,1
2022-08-03,5,0,0.5512532624181448,1,1
2022-08-04,5,1,0.5512563257276543,1,1
2022-08-05,5,0,0.5491316848001337,1,1
2022-08-06,5,1,0.550445934126301,1,1
2022-08-07,5,1,0.5508537515117387,1,1
2022-08-08,5,0,0.5491933361457555,1,1
2022-08-09,5,1,0.5489590233121537,1,1
2022-08-10,5,1,0.5457304166635397,1,1
2022-08-11,5,1,0.5492696248035522,1,1
2022-08-12,5,1,0.5499243042756581,1,1
2022-08-13,5,0,0.5509283738494393,1,1
2022-08-14,5,0,0.5511554264720141,1,1
2022-08-15,5,0,0.551164829797731,1,1
2022-08-16,5,0,0.5510274324457295,1,1
2022-08-17,5,0,0.5499075068329906,1,1
2022-08-18,5,0,0.550763691693889,1,1
2022-08-19,5,1,0.5411474120356772,1,1
2022-08-20,5,1,0.5448243176266684,1,1
2022-08-21,5,0,0.5477061581629347,1,1
2022-08-22,5,1,0.5499609109560696,1,1
2022-08-23,5,0,0.5509161086822246,1,1
2022-08-24,5,1,0.5511443936220282,1,1
2022-08-25,5,0,0.5512015034025345,1,1
2022-08-26,6,0,0.5367493835647751,1,1
2022-08-27,6,0,0.5378062880254784,1,1
2022-08-28,6,1,0.53825348368471,1,1
2022-08-29,6,0,0.5377696833170578,1,1
2022-08-30,6,1,0.5379687031468838,1,1
2022-08-31,6,1,0.5388327323453355,1,1
2022-09-01,6,0,0.5393397768863153,1,1
2022-09-02,6,0,0.5394666151912852,1,1
2022-09-03,6,1,0.5395215197488589,1,1
2022-09-04,6,0,0.5395456839854105,1,1
2022-09-05,6,0,0.5395361475445241,1,1
2022-09-06,6,1,0.5373134767542534,1,1
2022-09-07,6,1,0.5377406971835245,1,1
2022-09-08,6,1,0.5388170356983519,1,1
2022-09-09,6,1,0.536706677741866,1,1
2022-09-10,6,1,0.5377707605627867,1,1
2022-09-11,6,1,0.5388417615200128,1,1
2022-09-12,6,0,0.5388157021977853,1,1
2022-09-13,6,0,0.5367066812919778,1,1
2022-09-14,6,0,0.5379083442445788,1,1
2022-09-15,6,1,0.5380051013791025,1,1
2022-09-16,6,1,0.5389674517732463,1,1
2022-09-17,6,0,0.5391544404793526,1,1
2022-09-18,6,1,0.5383971080837506,1,1
2022-09-19,6,0,0.5391149877854596,1,1
2022-09-20,6,0,0.538536158755587,1,1
2022-09-21,6,1,0.5389898805910937,1,1
2022-09-22,6,0,0.5370860691160241,1,1
2022-09-23,6,0,0.538297495677458,1,1
2022-09-24,6,0,0.5387827075722462,1,1
2022-09-25,6,1,0.5392939798305435,1,1
2022-09-26,6,0,0.5391383432183234,1,1
2022-09-27,6,1,0.539439413982645,1,1
2022-09-28,6,1,0.5393798909116582,1,1
2022-09-29,6,0,0.5394851587296755,1,1
2022-09-30,6,0,0.5395388405270831,1,1
2022-10-01,6,0,0.5395582670222778,1,1
2022-10-02,6,1,0.5395185751616088,1,1
2022-10-03,6,1,0.5388962110522468,1,1
2022-10-04,6,0,0.537902412386883,1,1
2022-10-05,6,0,0.5388544742603446,1,1
2022-10-06,6,0,0.5392927736160897,1,1
2022-10-07,6,0,0.5392939995628894,1,1
2022-10-08,6,1,0.5394846420886645,1,1
2022-10-09,6,0,0.5395466806305174,1,1
2022-10-10,6,0,0.5395022721549155,1,1
2022-10-11,6,1,0.5395527664131583,1,1
2022-10-12,6,1,0.5395471202831887,1,1
2022-10-13,6,0,0.5394942836830711,1,1
2022-10-14,6,0,0.539531645537992,1,1
2022-10-15,6,1,0.5395583484245401,1,1
2022-10-16,6,1,0.5395148316465372,1,1
2022-10-17,6,0,0.5394544179507366,1,1
2022-10-18,6,0,0.5395074042439234,1,1
2022-10-19,6,0,0.5395207445581357,1,1
2022-10-20,6,1,0.5395542961711371,1,1
2022-10-21,6,1,0.5395541340528663,1,1
2022-10-22,6,1,0.5395672763058672,1,1
2022-10-23,6,0,0.5394291533756661,1,1
2022-10-24,6,1,0.5394861356269404,1,1
2022-10-25,6,1,0.5382393607821067,1,1
2022-10-26,6,0,0.5378638400895777,1,1
2022-10-27,6,1,0.5381216368547571,1,1
2022-10-28,6,1,0.5388575126664805,1,1
2022-10-29,6,0,0.5392965927583894,1,1
2022-10-30,6,0,0.5394422406659827,1,1
2022-10-31,6,0,0.5395109703196451,1,1
2022-11-01,6,0,0.5395555939674744,1,1
2022-11-02,6,1,0.5394520248219319,1,1
2022-11-03,6,1,0.5395402246279328,1,1
2022-11-04,6,1,0.5377146328096547,1,1
2022-11-05,6,0,0.5387900090344078,1,1
2022-11-06,6,0,0.5390071143662652,1,1
2022-11-07,6,0,0.5391878108225837,1,1
2022-11-08,6,0,0.5367066781834917,1,1
2022-11-09,6,1,0.5367066776358976,1,1
2022-11-10,6,0,0.5367066776376093,1,1
2022-11-11,6,0,0.5371123967019191,1,1
2022-11-12,6,0,0.5382012018804324,1,1
2022-11-13,6,1,0.5383811081117703,1,1
2022-11-14,6,1,0.5388444358594915,1,1
2022-11-15,6,0,0.539129189479556,1,1
2022-11-16,6,1,0.5393721754310393,1,1
2022-11-17,6,1,0.5395147727736757,1,1
2022-11-18,6,1,0.5395572710038813,1,1
2022-11-19,6,0,0.5395686771044672,1,1
2022-11-20,6,0,0.5392946463953587,1,1
2022-11-21,6,1,0.5388155164749384,1,1
2022-11-22,6,1,0.5386449422011279,1,1
2022-11-23,6,0,0.5385249829710615,1,1
2022-11-24,6,0,0.5392217270836123,1,1
2022-11-25,6,0,0.5394635613030432,1,1
2022-11-26,6,0,0.5395417182603957,1,1
2022-11-27,6,0,0.5395655167150445,1,1
2022-11-28,6,1,0.5395199208070042,1,1
2022-11-29,6,1,0.539467455773247,1,1
2022-11-30,6,0,0.5376033604551442,1,1
2022-12-01,6,1,0.5385840760893611,1,1
2022-12-02,6,0,0.5392035298149294,1,1
2022-12-03,6,1,0.5394212320846433,1,1
2022-12-04,6,0,0.5394422379008261,1,1
2022-12-05,6,1,0.5395153604789088,1,1
2022-12-06,6,0,0.5395374550544753,1,1
2022-12-07,6,1,0.5395018013991439,1,1
2022-12-08,6,0,0.5392818631290961,1,1
2022-12-09,6,0,0.5394787647377172,1,1
2022-12-10,6,0,0.539548051131678,1,1
2022-12-11,6,1,0.5395668576118373,1,1
2022-12-12,6,1,0.5395601510345767,1,1
2022-12-13,6,1,0.5388031684637792,1,1
2022-12-14,6,0,0.5393289878997326,1,1
2022-12-15,6,0,0.539098448130789,1,1
2022-12-16,6,1,0.5376994095775041,1,1
2022-12-17,6,0,0.5386830107028471,1,1
2022-12-18,6,0,0.5392840183361016,1,1
2022-12-19,6,1,0.5393175990690294,1,1
2022-12-20,6,0,0.5388985201776124,1,1
2022-12-21,6,1,0.5393522634084783,1,1
2022-12-22,6,0,0.5395108639013828,1,1
2022-12-23,6,1,0.5395566946637624,1,1
2022-12-24,6,0,0.5395651793505817,1,1
2022-12-25,6,1,0.5395716007433411,1,1
2022-12-26,6,0,0.5395605523961755,1,1
2022-12-27,6,0,0.5395355230697586,1,1
2022-12-28,6,1,0.5395439334602816,1,1
2022-12-29,6,0,0.5395471820480878,1,1
2022-12-30,6,0,0.5395669993419637,1,1
2022-12-31,6,1,0.5395719281180131,1,1
2023-01-01,6,1,0.5395600754435385,1,1
2023-01-02,6,0,0.539561311830553,1,1
2023-01-03,6,1,0.5395704822731966,1,1
2023-01-04,6,0,0.5395127397136337,1,1
2023-01-05,6,1,0.5395573245451959,1,1
2023-01-06,6,1,0.53954431520636,1,1
2023-01-07,6,1,0.5395650888040415,1,1
2023-01-08,6,1,0.5395515290966095,1,1
2023-01-09,6,1,0.5395639853400763,1,1
2023-01-10,6,1,0.5395070865954441,1,1
2023-01-11,6,1,0.5391833900015985,1,1
2023-01-12,6,1,0.5370737048779431,1,1
2023-01-13,6,1,0.5367438799496533,1,1
2023-01-14,6,0,0.5367409149985505,1,1
2023-01-15,6,1,0.5378601690834567,1,1
2023-01-16,6,0,0.5388099172814734,1,1
2023-01-17,6,0,0.5393140491564521,1,1
2023-01-18,6,1,0.5390012962427043,1,1
2023-01-19,6,1,0.539272594649715,1,1
2023-01-20,6,1,0.5367146881057872,1,1
2023-01-21,6,0,0.5379268066445818,1,1
2023-01-22,6,1,0.5388400633555297,1,1
2023-01-23,6,0,0.5393387755971926,1,1
2023-01-24,6,1,0.5393131202636811,1,1
2023-01-25,6,0,0.5393980231404538,1,1
2023-01-26,6,1,0.5394813280344497,1,1
2023-01-27,6,0,0.5395409878435654,1,1
2023-01-28,6,1,0.5395382387628124,1,1
2023-01-29,6,0,0.539244848126911,1,1
2023-01-30,6,1,0.5373758452871485,1,1
2023-01-31,6,1,0.538513381267674,1,1
2023-02-01,6,0,0.5388912296026138,1,1
2023-02-02,6,0,0.5391487880906565,1,1
2023-02-03,6,0,0.539422459835249,1,1
2023-02-04,6,0,0.5394796811195681,1,1
2023-02-05,6,0,0.539306335248951,1,1
2023-02-06,6,1,0.5393941133678601,1,1
2023-02-07,6,0,0.5394066021119545,1,1
2023-02-08,6,0,0.539329078823658,1,1
2023-02-09,6,0,0.5368987707108892,1,1
2023-02-10,6,1,0.5379305634000353,1,1
2023-02-11,6,0,0.5389088006825633,1,1
2023-02-12,6,1,0.5393258847174822,1,1
2023-02-13,6,1,0.5394985005615458,1,1
2023-02-14,6,1,0.5394819177514313,1,1
2023-02-15,6,0,0.5367067646698187,1,1
2023-02-16,6,1,0.5369275581189588,1,1
2023-02-17,6,1,0.5371019634742312,1,1
2023-02-18,6,0,0.5383127752358394,1,1
2023-02-19,6,1,0.5387124311571572,1,1
2023-02-20,6,0,0.539169797676729,1,1
2023-02-21,6,0,0.5390878728351868,1,1
2023-02-22,6,0,0.5392401037293437,1,1
2023-02-23,6,0,0.5393200589941728,1,1
2023-02-24,6,0,0.5381491841027186,1,1
2023-02-25,6,1,0.5389968852726366,1,1
2023-02-26,6,0,0.5393434429566194,1,1
2023-02-27,6,0,0.53947737142338,1,1
2023-02-28,6,1,0.5392896557038087,1,1
2023-03-01,6,0,0.5393900777613664,1,1
2023-03-02,6,0,0.5394332567029411,1,1
2023-03-03,6,0,0.5369432686239545,1,1
2023-03-04,6,1,0.538133943949233,1,1
2023-03-05,6,0,0.539036968646802,1,1
2023-03-06,6,0,0.5393913748182009,1,1
2023-03-07,6,0,0.5394191665966233,1,1
2023-03-08,6,0,0.5390284014513904,1,1
2023-03-09,6,0,0.5367164384135632,1,1
2023-03-10,6,1,0.5377378659337793,1,1
2023-03-11,6,1,0.5384345540420079,1,1
2023-03-12,6,1,0.536709915170909,1,1
2023-03-13,6,1,0.5367066835195756,1,1
2023-03-14,6,0,0.53758905908155,1,1
2023-03-15,6,1,0.5382274245936712,1,1
2023-03-16,6,1,0.5384649707086241,1,1
2023-03-17,6,0,0.5367066918085791,1,1
2023-03-18,6,1,0.5373793088076297,1,1
2023-03-19,6,0,0.5372505654189618,1,1
2023-03-20,6,1,0.5381346240527414,1,1
2023-03-21,6,0,0.5389720003657925,1,1
2023-03-22,6,1,0.5380884006309131,1,1
2023-03-23,6,0,0.5377105515586286,1,1
2023-03-24,6,1,0.5373796045294407,1,1
2023-03-25,6,1,0.5385514104061551,1,1
2023-03-26,6,0,0.5390860784317998,1,1
2023-03-27,6,1,0.5382473443396991,1,1
2023-03-28,6,1,0.5390980882572863,1,1
2023-03-29,6,0,0.5382422687558038,1,1
2023-03-30,6,1,0.5388423136863092,1,1
2023-03-31,6,0,0.5392563436279414,1,1
2023-04-01,6,0,0.5394579993897246,1,1
2023-04-02,6,0,0.5394845899253606,1,1
2023-04-03,6,1,0.5393986166254511,1,1
2023-04-04,6,1,0.5394917427008854,1,1
2023-04-05,6,0,0.5395459603227212,1,1
2023-04-06,6,0,0.5395383992894657,1,1
2023-04-07,6,1,0.5395382173432787,1,1
2023-04-08,6,1,0.5395593908774493,1,1
2023-04-09,6,1,0.539543243863914,1,1
2023-04-10,6,1,0.5380619561494129,1,1
2023-04-11,6,0,0.538831258465668,1,1
2023-04-12,6,1,0.539273528393719,1,1
2023-04-13,6,1,0.5394867208248149,1,1
2023-04-14,6,0,0.5395445497116415,1,1
2023-04-15,6,0,0.5395128707911758,1,1
2023-04-16,6,0,0.5395427277050491,1,1
2023-04-17,6,1,0.5387936349509898,1,1
2023-04-18,6,0,0.5386394764607064,1,1
2023-04-19,6,0,0.5367737493114898,1,1
2023-04-20,6,0,0.5373725342502514,1,1
2023-04-21,6,1,0.5370637974314857,1,1
2023-04-22,6,0,0.5379462490304439,1,1
2023-04-23,6,0,0.5387983346457803,1,1
2023-04-24,6,1,0.5393059787824068,1,1
2023-04-25,6,1,0.5391271050894281,1,1
2023-04-26,6,1,0.5394420839196584,1,1
2023-04-27,6,0,0.5388160063322129,1,1
2023-04-28,6,0,0.5392743325825904,1,1
2023-04-29,6,1,0.5394588170711826,1,1
2023-04-30,6,0,0.5395350730517109,1,1
2023-05-01,6,1,0.5376753312952561,1,1
2023-05-02,6,1,0.5384540575405508,1,1
2023-05-03,6,0,0.5391651535117493,1,1
2023-05-04,6,1,0.5393910746055016,1,1
2023-05-05,6,0,0.5393695963509295,1,1
2023-05-06,6,0,0.5390478764691579,1,1
2023-05-07,6,0,0.5391041500488609,1,1
2023-05-08,6,0,0.5384815163340952,1,1
2023-05-09,6,0,0.5391552256061658,1,1
2023-05-10,6,0,0.5394203029940471,1,1
2023-05-11,6,0,0.5390120084069677,1,1
2023-05-12,6,0,0.539322497880282,1,1
2023-05-13,6,1,0.5394971543247423,1,1
2023-05-14,6,1,0.5395505384957191,1,1
2023-05-15,6,0,0.5395536441118478,1,1
2023-05-16,6,1,0.5395466626144724,1,1
2023-05-17,6,0,0.5395146351147212,1,1
2023-05-18,6,1,0.539336014434832,1,1
2023-05-19,6,1,0.539505735068331,1,1
2023-05-20,6,0,0.539532848959778,1,1
2023-05-21,6,1,0.5394885337543069,1,1
2023-05-22,6,1,0.5395482374709774,1,1
2023-05-23,6,0,0.5395027093976621,1,1
2023-05-24,6,1,0.5387574782957114,1,1
2023-05-25,6,1,0.539298104249067,1,1
2023-05-26,6,1,0.5394613905321994,1,1
2023-05-27,6,1,0.5395357082440748,1,1
2023-05-28,6,0,0.5377599717727213,1,1
2023-05-29,6,0,0.5386383789773055,1,1
2023-05-30,6,0,0.5392632156057181,1,1
2023-05-31,6,0,0.5393118102122796,1,1
2023-06-01,6,1,0.5393921240857986,1,1
2023-06-02,6,0,0.5394162309808666,1,1
2023-06-03,6,1,0.5395108663790754,1,1
2023-06-04,6,0,0.5395566301753602,1,1
2023-06-05,6,1,0.5372121780448552,1,1
2023-06-06,6,0,0.5367211757553995,1,1
2023-06-07,6,1,0.5369868797625137,1,1
2023-06-08,6,0,0.5381892937597164,1,1
2023-06-09,6,0,0.5390691115055848,1,1
2023-06-10,6,1,0.5390481750535108,1,1
2023-06-11,6,0,0.5394043285494085,1,1
2023-06-12,6,1,0.5395268379889716,1,1
2023-06-13,6,0,0.539560094574285,1,1
2023-06-14,6,1,0.5391004703019129,1,1
2023-06-15,6,1,0.5391834403634511,1,1
2023-06-16,6,1,0.5386788473366728,1,1
2023-06-17,6,0,0.5392433133335237,1,1
2023-06-18,6,1,0.5394655484688828,1,1
2023-06-19,6,1,0.5393682183003601,1,1
2023-06-20,6,1,0.5369184393685129,1,1
2023-06-21,6,0,0.5367157481998259,1,1
2023-06-22,6,1,0.5378881401660742,1,1
2023-06-23,6,0,0.5382435255138771,1,1
2023-06-24,6,0,0.5390410861626264,1,1
2023-06-25,6,0,0.5394023509663718,1,1
2023-06-26,6,1,0.5394933497203523,1,1
2023-06-27,6,0,0.5394993086032214,1,1
2023-06-28,6,1,0.5393429183522789,1,1
2023-06-29,6,1,0.5394653420345661,1,1
2023-06-30,6,1,0.5395440380054541,1,1
2023-07-01,6,1,0.5395657813197484,1,1
2023-07-02,6,1,0.5395716198330999,1,1
2023-07-03,6,0,0.5394912841954574,1,1
2023-07-04,6,0,0.5394699567922882,1,1
2023-07-05,6,0,0.5395061336400041,1,1
2023-07-06,6,1,0.5393374376807686,1,1
2023-07-07,6,0,0.5394402987048262,1,1
2023-07-08,6,0,0.5395305024481917,1,1
2023-07-09,6,1,0.5395480342829397,1,1
2023-07-10,6,1,0.5395583309545386,1,1
2023-07-11,6,0,0.5395661776478358,1,1
2023-07-12,6,1,0.5395340086265579,1,1
2023-07-13,6,0,0.5388862176995898,1,1
2023-07-14,6,0,0.5376401595606373,1,1
2023-07-15,6,0,0.5387387465599713,1,1
2023-07-16,6,0,0.5392924148703493,1,1
2023-07-17,6,0,0.5394773004468123,1,1
2023-07-18,6,1,0.5394871527361668,1,1
2023-07-19,6,0,0.5395500537038735,1,1
2023-07-20,6,1,0.5395529136282506,1,1
2023-07-21,6,0,0.5395683477157838,1,1
2023-07-22,6,1,0.539555183447166,1,1
2023-07-23,6,0,0.5395502182115226,1,1
2023-07-24,6,1,0.5388154553375325,1,1
2023-07-25,6,1,0.5393345206013221,1,1
2023-07-26,6,0,0.5395053356739865,1,1
2023-07-27,6,1,0.5395362720951381,1,1
2023-07-28,6,1,0.5395629657652907,1,1
2023-07-29,6,0,0.5395711356081159,1,1
2023-07-30,6,0,0.5395663051579315,1,1
2023-07-31,6,1,0.539567612999697,1,1
2023-08-01,6,0,0.5395199620927082,1,1
2023-08-02,6,1,0.5393855312682125,1,1
2023-08-03,6,0,0.539520561386794,1,1
2023-08-04,6,0,0.5395481715560178,1,1
2023-08-05,6,0,0.5395616910131498,1,1
2023-08-06,6,1,0.5395695269161667,1,1
2023-08-07,6,1,0.5395719265527781,1,1
2023-08-08,6,0,0.5394643461876506,1,1
2023-08-09,6,0,0.5395083755177013,1,1
2023-08-10,6,0,0.5395359694207857,1,1
2023-08-11,6,1,0.5395581606990597,1,1
2023-08-12,6,0,0.539567975999958,1,1
2023-08-13,6,1,0.5395542105003458,1,1
2023-08-14,6,0,0.5395688398971469,1,1
2023-08-15,6,0,0.5395298128087114,1,1
2023-08-16,6,0,0.5394186737822586,1,1
2023-08-17,6,0,0.5367108225702539,1,1
2023-08-18,6,1,0.5373056549373144,1,1
2023-08-19,6,1,0.5385163308319598,1,1
2023-08-20,6,0,0.5392072126916652,1,1
2023-08-21,6,0,0.5394668972543423,1,1
2023-08-22,6,1,0.5395427892129425,1,1
2023-08-23,6,0,0.5394569376815143,1,1
2023-08-24,6,0,0.5395136255240917,1,1
2023-08-25,6,0,0.5395550301683768,1,1
2023-08-26,6,1,0.5395691710629855,1,1
2023-08-27,6,1,0.5395662375103396,1,1
2023-08-28,6,1,0.5395711600759713,1,1
2023-08-29,6,0,0.5367568827231889,1,1
2023-08-30,6,0,0.5377129852976247,1,1
2023-08-31,6,0,0.5368134654505404,1,1
2023-09-01,6,1,0.5380366525345683,1,1
2023-09-02,6,1,0.5389718886701393,1,1
2023-09-03,6,0,0.5393730114030563,1,1
2023-09-04,6,0,0.5395100267439076,1,1
2023-09-05,6,0,0.5395567829955699,1,1
2023-09-06,6,1,0.539569568804799,1,1
2023-09-07,6,0,0.5394052294204973,1,1
2023-09-08,6,0,0.539474044840685,1,1
2023-09-09,6,0,0.5395462961235342,1,1
2023-09-10,6,0,0.5395665894026034,1,1
2023-09-11,6,1,0.5393005506443971,1,1
2023-09-12,6,1,0.5388895332029804,1,1
2023-09-13,6,1,0.5391661222560153,1,1
2023-09-14,6,1,0.5393654556118289,1,1
2023-09-15,6,0,0.5395105034075047,1,1
2023-09-16,6,0,0.5395568092965727,1,1
2023-09-17,6,1,0.5395695915141762,1,1
2023-09-18,6,1,0.5395470653891971,1,1
2023-09-19,6,0,0.5394471495490145,1,1
2023-09-20,6,0,0.5395370106232307,1,1
2023-09-21,6,1,0.5393908141149968,1,1
2023-09-22,6,0,0.5395222419129324,1,1
2023-09-23,6,0,0.5395601155902862,1,1
2023-09-24,6,1,0.5395256994140052,1,1
2023-09-25,6,0,0.5395594673557282,1,1
2023-09-26,6,1,0.5395685550169097,1,1
2023-09-27,6,1,0.5395624282801823,1,1
2023-09-28,6,0,0.5392393434594651,1,1
2023-09-29,6,1,0.539471122241311,1,1
2023-09-30,6,1,0.539544106567038,1,1
2023-10-01,6,0,0.5384195402446477,1,1
2023-10-02,6,0,0.5389239345954084,1,1
2023-10-03,6,1,0.5393656371389851,1,1
2023-10-04,6,0,0.539440286827949,1,1
2023-10-05,6,1,0.5394562583044903,1,1
2023-10-06,6,1,0.5393792076220921,1,1
2023-10-07,6,0,0.5395195089523304,1,1
2023-10-08,6,0,0.5395588606316631,1,1
2023-10-09,6,0,0.5395153166639979,1,1
2023-10-10,6,0,0.5395419729160394,1,1
2023-10-11,6,0,0.5394243438321917,1,1
2023-10-12,6,1,0.5395269394016502,1,1
2023-10-13,6,0,0.539555691956331,1,1
2023-10-14,6,1,0.539569324133738,1,1
2023-10-15,6,1,0.5395319229399214,1,1
2023-10-16,6,0,0.5372566486923209,1,1
2023-10-17,6,0,0.5384342427033049,1,1
2023-10-18,6,1,0.5391575339375342,1,1
2023-10-19,6,1,0.5393871309829743,1,1
2023-10-20,6,1,0.5388563521681687,1,1
2023-10-21,6,1,0.5393369723724347,1,1
2023-10-22,6,1,0.5395067933019653,1,1
2023-10-23,6,1,0.5367066796581538,1,1
2023-10-24,6,1,0.5374976433479629,1,1
2023-10-25,6,0,0.5384829383613707,1,1
2023-10-26,6,0,0.5389813725895864,1,1
2023-10-27,6,1,0.5392929530968971,1,1
2023-10-28,6,1,0.5394939407295647,1,1
2023-10-29,6,0,0.5395275259189503,1,1
2023-10-30,6,1,0.5395495171763799,1,1
2023-10-31,6,1,0.5395672740892533,1,1
2023-11-01,6,0,0.5394802068907487,1,1
2023-11-02,6,0,0.5393601297011772,1,1
2023-11-03,6,1,0.5394533134022956,1,1
2023-11-04,6,0,0.5395355268908159,1,1
2023-11-05,6,0,0.539547063563468,1,1
2023-11-06,6,1,0.5395531560321065,1,1
2023-11-07,6,1,0.5395590882069395,1,1
2023-11-08,6,1,0.5395702259977292,1,1
2023-11-09,6,1,0.53935437163505,1,1
2023-11-10,6,0,0.5394723969641331,1,1
2023-11-11,6,0,0.5394884262429962,1,1
2023-11-12,6,0,0.5395195230112834,1,1
2023-11-13,6,0,0.5393470205287818,1,1
2023-11-14,6,1,0.5386727631285662,1,1
2023-11-15,6,0,0.536744067430761,1,1
2023-11-16,6,1,0.5367262134923656,1,1
2023-11-17,6,0,0.537908218030001,1,1
2023-11-18,6,1,0.5388750878471604,1,1
2023-11-19,6,1,0.5391877760556991,1,1
2023-11-20,6,0,0.5394536724860981,1,1
2023-11-21,6,1,0.5371073758740467,1,1
2023-11-22,6,0,0.5369563904683875,1,1
2023-11-23,6,1,0.5380543817190901,1,1
2023-11-24,6,1,0.5389830952259169,1,1
2023-11-25,6,0,0.5393793734794512,1,1
2023-11-26,6,0,0.539409488261446,1,1
2023-11-27,6,1,0.5394582955226495,1,1
2023-11-28,6,1,0.5395141337635688,1,1
2023-11-29,6,0,0.5395453925533585,1,1
2023-11-30,6,1,0.5395283206182715,1,1
2023-12-01,6,1,0.5394026879823764,1,1
2023-12-02,6,1,0.5394522821386982,1,1
2023-12-03,6,1,0.5395304830740322,1,1
2023-12-04,6,1,0.5379251603867045,1,1
2023-12-05,6,0,0.537088411374417,1,1
2023-12-06,6,0,0.537983354328613,1,1
2023-12-07,6,1,0.538552945870162,1,1
2023-12-08,6,0,0.5391273411459399,1,1
2023-12-09,7,1,0.529711372827077,1,1
2023-12-10,7,0,0.5291980688494468,1,1
2023-12-11,7,1,0.5321965386919634,1,1
2023-12-12,7,1,0.5306956403507508,1,1
2023-12-13,7,1,0.5306324147549988,1,1
2023-12-14,7,0,0.5295649093277173,1,1
2023-12-15,7,1,0.5305556211520785,1,1
2023-12-16,7,0,0.5294913453537607,1,1
2023-12-17,7,1,0.5299204181452923,1,1
2023-12-18,7,0,0.5298426065950604,1,1
2023-12-19,7,1,0.5294301865128382,1,1
2023-12-20,7,1,0.5297018430660047,1,1
2023-12-21,7,1,0.5291573649749198,1,1
2023-12-22,7,0,0.5289971240293647,1,1
2023-12-23,7,0,0.5290021266280218,1,1
2023-12-24,7,1,0.5292159280771944,1,1
2023-12-25,7,0,0.5290511741870766,1,1
2023-12-26,7,1,0.5297091735210131,1,1
2023-12-27,7,0,0.5294135843022724,1,1
2023-12-28,7,0,0.5295456907303495,1,1
2023-12-29,7,1,0.5293215831396174,1,1
2023-12-30,7,1,0.5290392704361189,1,1
2023-12-31,7,1,0.5289574751273214,1,1
2024-01-01,7,1,0.5308780448793542,1,1
2024-01-02,7,0,0.5298942553905885,1,1
2024-01-03,7,1,0.5320864407254478,1,1
2024-01-04,7,0,0.5315627481672738,1,1
2024-01-05,7,0,0.5301345981534746,1,1
2024-01-06,7,0,0.5293826919994037,1,1
2024-01-07,7,1,0.5290705650053927,1,1
2024-01-08,7,0,0.5321876921459063,1,1
2024-01-09,7,1,0.5314076153892366,1,1
2024-01-10,7,0,0.5300383775161859,1,1
2024-01-11,7,0,0.5293714316562231,1,1
2024-01-12,7,0,0.5322046464072678,1,1
2024-01-13,7,0,0.53071330689612,1,1
2024-01-14,7,1,0.5308044634093096,1,1
2024-01-15,7,1,0.5299070705828103,1,1
2024-01-16,7,0,0.529343439277098,1,1
2024-01-17,7,0,0.52914967817454,1,1
2024-01-18,7,1,0.5306749910484154,1,1
2024-01-19,7,1,0.5295940896948025,1,1
2024-01-20,7,0,0.529120088446666,1,1
2024-01-21,7,0,0.5289962822951916,1,1
2024-01-22,7,1,0.5319061538388612,1,1
2024-01-23,7,1,0.5304580793453493,1,1
2024-01-24,7,0,0.5294644077004247,1,1
2024-01-25,7,1,0.5290959345343592,1,1
2024-01-26,7,1,0.5314642147330904,1,1
2024-01-27,7,0,0.5300508546382601,1,1
2024-01-28,7,1,0.529297846256069,1,1
2024-01-29,7,0,0.5296958659208783,1,1
2024-01-30,7,0,0.5292443355425832,1,1
2024-01-31,7,1,0.5290827015062939,1,1
2024-02-01,7,1,0.5290091447013788,1,1
2024-02-02,7,0,0.5289486686815907,1,1
2024-02-03,7,0,0.5289456719501947,1,1
2024-02-04,7,1,0.5289714455926166,1,1
2024-02-05,7,1,0.5289394482577469,1,1
2024-02-06,7,1,0.5289651371888299,1,1
2024-02-07,7,1,0.5295131088326802,1,1
2024-02-08,7,1,0.5294764025149105,1,1
2024-02-09,7,1,0.5310988468651686,1,1
2024-02-10,7,1,0.5299290466074378,1,1
2024-02-11,7,1,0.5292842835575347,1,1
2024-02-12,7,0,0.530069342426325,1,1
2024-02-13,7,1,0.5293393814963798,1,1
2024-02-14,7,1,0.5308627624720123,1,1
2024-02-15,7,1,0.52965092125338,1,1
2024-02-16,7,0,0.529137137911385,1,1
2024-02-17,7,1,0.5290821608788835,1,1
2024-02-18,7,0,0.5289777303540342,1,1
2024-02-19,7,1,0.5289852364011706,1,1
2024-02-20,7,0,0.528957502732195,1,1
2024-02-21,7,0,0.5289982875747411,1,1
2024-02-22,7,0,0.5290353133315094,1,1
2024-02-23,7,1,0.5290645445334103,1,1
2024-02-24,7,1,0.5290476553482619,1,1
2024-02-25,7,1,0.5289591208133401,1,1
2024-02-26,7,1,0.5318027024011229,1,1
2024-02-27,7,1,0.5320630371951799,1,1
2024-02-28,7,0,0.5322048023057572,1,1
2024-02-29,7,1,0.5317069050580856,1,1
2024-03-01,7,0,0.5304942094673567,1,1
2024-03-02,7,1,0.5296754416388653,1,1
2024-03-03,7,1,0.5292580316245687,1,1
2024-03-04,7,0,0.5322037574298693,1,1
2024-03-05,7,1,0.5322047320264662,1,1
2024-03-06,7,1,0.5317358599273478,1,1
2024-03-07,7,1,0.530266921355624,1,1
2024-03-08,7,1,0.5295344686260192,1,1
2024-03-09,7,1,0.5291114600176938,1,1
2024-03-10,7,1,0.5289759749868187,1,1
2024-03-11,7,0,0.5304148602990266,1,1
2024-03-12,7,1,0.5297957773572914,1,1
2024-03-13,7,0,0.5293287194483911,1,1
2024-03-14,7,0,0.530236879808127,1,1
2024-03-15,7,0,0.5313934432502536,1,1
2024-03-16,7,1,0.5322038459016708,1,1
2024-03-17,7,0,0.5320658887182569,1,1
2024-03-18,7,0,0.5312223776995308,1,1
2024-03-19,7,1,0.5322048026324186,1,1
2024-03-20,7,0,0.5322048025269205,1,1
2024-03-21,7,0,0.5321474802072144,1,1
2024-03-22,7,1,0.5319387232167216,1,1
2024-03-23,7,1,0.5304493907522576,1,1
2024-03-24,7,1,0.5316970888167114,1,1
2024-03-25,7,1,0.5315664442238175,1,1
2024-03-26,7,0,0.5302586685172018,1,1
2024-03-27,7,1,0.529709125445949,1,1
2024-03-28,7,0,0.5292195209751634,1,1
2024-03-29,7,0,0.5293444502493501,1,1
2024-03-30,7,1,0.5291402917816944,1,1
2024-03-31,7,0,0.5291077613134957,1,1
2024-04-01,7,0,0.530000295861549,1,1
2024-04-02,7,1,0.5322031390639821,1,1
2024-04-03,7,1,0.5306876311765777,1,1
2024-04-04,7,0,0.5309323689715499,1,1
2024-04-05,7,1,0.5302133883785792,1,1
2024-04-06,7,1,0.5293867742123888,1,1
2024-04-07,7,1,0.5290572064172394,1,1
2024-04-08,7,0,0.5293493671879498,1,1
2024-04-09,7,1,0.5314646773855733,1,1
2024-04-10,7,0,0.5303084546195119,1,1
2024-04-11,7,0,0.5296442515355969,1,1
2024-04-12,7,0,0.5319164779428733,1,1
2024-04-13,7,1,0.5321956713814051,1,1
2024-04-14,7,0,0.5315201156298061,1,1
2024-04-15,7,1,0.5319672490596867,1,1
2024-04-16,7,0,0.5304453806111475,1,1
2024-04-17,7,1,0.5319074622554907,1,1
2024-04-18,7,1,0.5317547888355517,1,1
2024-04-19,7,1,0.5302492660996426,1,1
2024-04-20,7,0,0.5295499306078378,1,1
2024-04-21,7,1,0.52912725292979,1,1
2024-04-22,7,0,0.5294122961749963,1,1
2024-04-23,7,0,0.5291557714297936,1,1
2024-04-24,7,1,0.530641142390431,1,1
2024-04-25,7,0,0.5295355352302483,1,1
2024-04-26,7,0,0.5293002773213411,1,1
2024-04-27,7,0,0.5290751436821552,1,1
2024-04-28,7,1,0.5289929688422647,1,1
2024-04-29,7,0,0.528988971528924,1,1
2024-04-30,7,0,0.5319223251842231,1,1
2024-05-01,7,1,0.5320320530004788,1,1
2024-05-02,7,1,0.5308616133226882,1,1
2024-05-03,7,1,0.5322004120350113,1,1
2024-05-04,7,1,0.5310896594757523,1,1
2024-05-05,7,0,0.5297754524579928,1,1
2024-05-06,7,0,0.5293495645037773,1,1
2024-05-07,7,0,0.5291525722352799,1,1
2024-05-08,7,1,0.5291786596446989,1,1
2024-05-09,7,0,0.5299358688315206,1,1
2024-05-10,7,1,0.5309823823175678,1,1
2024-05-11,7,1,0.5297156295801435,1,1
2024-05-12,7,1,0.5292815594644737,1,1
2024-05-13,7,0,0.5295701158115289,1,1
2024-05-14,7,1,0.5294744796050426,1,1
2024-05-15,7,0,0.5322044656668131,1,1
2024-05-16,7,1,0.5311298025490908,1,1
2024-05-17,7,0,0.5310042043465837,1,1
2024-05-18,7,0,0.5297329834353675,1,1
2024-05-19,7,1,0.5292846578905629,1,1
2024-05-20,7,0,0.532204387066836,1,1
2024-05-21,7,0,0.5313222534813283,1,1
2024-05-22,7,0,0.5303806834812126,1,1
2024-05-23,7,1,0.5298947517021452,1,1
2024-05-24,7,1,0.5292696880853084,1,1
2024-05-25,7,0,0.5290778459398426,1,1
2024-05-26,7,1,0.5290304229424958,1,1
2024-05-27,7,0,0.5290207346281108,1,1
2024-05-28,7,0,0.5290873483883397,1,1
2024-05-29,7,1,0.5290276917306691,1,1
2024-05-30,7,0,0.5290096276862605,1,1
2024-05-31,7,1,0.5290258187452083,1,1
2024-06-01,7,1,0.5289561500445638,1,1
2024-06-02,7,1,0.5289350142848763,1,1
2024-06-03,7,1,0.5290161022510291,1,1
2024-06-04,7,1,0.5293499590725993,1,1
2024-06-05,7,0,0.5290620196692121,1,1
2024-06-06,7,0,0.5289781517955922,1,1
2024-06-07,7,0,0.5291914058810869,1,1
2024-06-08,7,1,0.5289983871161973,1,1
2024-06-09,7,0,0.528952144848967,1,1
2024-06-10,7,0,0.5289362618319191,1,1
2024-06-11,7,1,0.5297894389201095,1,1
2024-06-12,7,0,0.5293170586670435,1,1
2024-06-13,7,0,0.5294926685523076,1,1
2024-06-14,7,1,0.529190022445729,1,1
2024-06-15,7,1,0.5289983351495752,1,1
2024-06-16,7,0,0.5289570618727576,1,1
2024-06-17,7,0,0.5289425323484315,1,1
2024-06-18,7,0,0.5291941005003094,1,1
2024-06-19,7,0,0.5290062087603841,1,1
2024-06-20,7,0,0.5289510104845345,1,1
2024-06-21,7,1,0.5289946089183216,1,1
2024-06-22,7,0,0.5289468927760098,1,1
2024-06-23,7,0,0.5290671104488672,1,1
2024-06-24,7,1,0.531564447621716,1,1
2024-06-25,7,0,0.5311377876682404,1,1
2024-06-26,7,1,0.530212791101005,1,1
2024-06-27,7,0,0.5295192179010093,1,1
2024-06-28,7,1,0.5294874337777575,1,1
2024-06-29,7,1,0.529144246944707,1,1
2024-06-30,7,1,0.529678677374365,1,1
2024-07-01,7,0,0.5291465763045479,1,1
2024-07-02,7,0,0.5291070149239894,1,1
2024-07-03,7,0,0.5298017186542562,1,1
2024-07-04,7,0,0.532096349494897,1,1
2024-07-05,7,1,0.5306031710774549,1,1
2024-07-06,7,0,0.5308729454508873,1,1
2024-07-07,7,1,0.5318879821022259,1,1
2024-07-08,7,1,0.5307869759746301,1,1
2024-07-09,7,0,0.5304701798506118,1,1
2024-07-10,7,0,0.5294756628326543,1,1
2024-07-11,7,1,0.5291106803959073,1,1
2024-07-12,7,1,0.5290236398901327,1,1
2024-07-13,7,1,0.5293062391723552,1,1
2024-07-14,7,1,0.5296278780314763,1,1
2024-07-15,7,1,0.5322005576857494,1,1
2024-07-16,7,0,0.5306974047552774,1,1
2024-07-17,7,0,0.5298737920988545,1,1
2024-07-18,7,1,0.5292174694955557,1,1
2024-07-19,7,1,0.5312705446796777,1,1
2024-07-20,7,1,0.5299639555640757,1,1
2024-07-21,7,0,0.5294548136686518,1,1
2024-07-22,7,0,0.5291247799855096,1,1
2024-07-23,7,0,0.529448894761863,1,1
2024-07-24,7,1,0.5291188964398149,1,1
2024-07-25,7,1,0.5289967982761368,1,1
2024-07-26,7,0,0.5298736485223918,1,1
2024-07-27,7,1,0.5292158319246331,1,1
2024-07-28,7,0,0.5290221768080092,1,1
2024-07-29,7,0,0.5292405754105843,1,1
2024-07-30,7,0,0.529061728553669,1,1
2024-07-31,7,1,0.5293637415357341,1,1
2024-08-01,7,0,0.5291276941182089,1,1
2024-08-02,7,0,0.5321629686895518,1,1
2024-08-03,7,0,0.530833192713803,1,1
2024-08-04,7,0,0.531815124340383,1,1
2024-08-05,7,1,0.5322042271233672,1,1
2024-08-06,7,0,0.5321055336154522,1,1
2024-08-07,7,1,0.5309534169646598,1,1
2024-08-08,7,0,0.5322048032419676,1,1
2024-08-09,7,1,0.5309333657715612,1,1
2024-08-10,7,0,0.529690862787916,1,1
2024-08-11,7,1,0.5308625005819017,1,1
2024-08-12,7,1,0.5298533797885765,1,1
2024-08-13,7,0,0.5297293957290445,1,1
2024-08-14,7,0,0.5303095722318947,1,1
2024-08-15,7,1,0.5298260993481799,1,1
2024-08-16,7,1,0.5298768481188779,1,1
2024-08-17,7,0,0.5293179156465329,1,1
2024-08-18,7,1,0.5292057698523738,1,1
2024-08-19,7,0,0.5292047143002019,1,1
2024-08-20,7,1,0.5290312485655174,1,1
2024-08-21,7,0,0.5304190603059353,1,1
2024-08-22,7,1,0.5296316702731724,1,1
2024-08-23,7,1,0.5321835588807523,1,1
2024-08-24,7,1,0.530666556651786,1,1
2024-08-25,7,0,0.529545223500516,1,1
2024-08-26,7,0,0.5296859792324029,1,1
2024-08-27,7,0,0.5321269678485729,1,1
2024-08-28,7,1,0.5307305609344715,1,1
2024-08-29,7,0,0.5296151055171848,1,1
2024-08-30,7,0,0.5291401592713343,1,1
2024-08-31,7,0,0.5289867539397862,1,1
2024-09-01,7,1,0.5295213753941221,1,1
2024-09-02,7,0,0.5301973137794747,1,1
2024-09-03,7,1,0.5306110853498117,1,1
2024-09-04,7,0,0.5295977541471548,1,1
2024-09-05,7,0,0.5303826011161794,1,1
2024-09-06,7,1,0.5316719694442414,1,1
2024-09-07,7,1,0.5301976843060723,1,1
2024-09-08,7,1,0.5295173628155274,1,1
2024-09-09,7,1,0.5311543263292937,1,1
2024-09-10,7,0,0.5299629806514288,1,1
2024-09-11,7,1,0.529279051766307,1,1
2024-09-12,7,1,0.5291256196897398,1,1
2024-09-13,7,0,0.531105374145781,1,1
2024-09-14,7,0,0.5299051121273347,1,1
2024-09-15,7,0,0.5293866389913159,1,1
2024-09-16,7,1,0.5292405955673333,1,1
2024-09-17,7,1,0.5306197636899185,1,1
2024-09-18,7,1,0.5302770647759921,1,1
2024-09-19,7,1,0.5299441656633637,1,1
2024-09-20,7,1,0.5292543155899044,1,1
2024-09-21,7,1,0.5290213660207246,1,1
2024-09-22,7,0,0.5289572534230881,1,1
2024-09-23,7,1,0.528946869546277,1,1
2024-09-24,7,0,0.5290323907310664,1,1
2024-09-25,7,1,0.52912899428808,1,1
2024-09-26,7,1,0.5300098631163406,1,1
2024-09-27,7,1,0.5293385204133887,1,1
2024-09-28,7,0,0.5290404459652793,1,1
2024-09-29,7,0,0.5289662509076305,1,1
2024-09-30,7,0,0.5302698573169284,1,1
2024-10-01,7,0,0.5315813866430243,1,1
2024-10-02,7,1,0.5301355820909452,1,1
2024-10-03,7,1,0.5293122368450911,1,1
2024-10-04,7,1,0.5293146436271297,1,1
2024-10-05,7,1,0.529037619255777,1,1
2024-10-06,7,0,0.5289924307821691,1,1
2024-10-07,7,0,0.5290118721798559,1,1
2024-10-08,7,0,0.5289520518515102,1,1
2024-10-09,7,0,0.5293784455402049,1,1
2024-10-10,7,1,0.5290711611127765,1,1
2024-10-11,7,1,0.5301984786187302,1,1
2024-10-12,7,0,0.5294448797462625,1,1
2024-10-13,7,1,0.5291011338427426,1,1
2024-10-14,7,1,0.5317797478680237,1,1
2024-10-15,7,1,0.5305055238900587,1,1
2024-10-16,7,0,0.5295030125978026,1,1
2024-10-17,7,1,0.5291134094357909,1,1
2024-10-18,7,0,0.5290472816222322,1,1
2024-10-19,7,1,0.5289652022480692,1,1
2024-10-20,7,0,0.5289515259160805,1,1
2024-10-21,7,0,0.5293992331865007,1,1
2024-10-22,7,0,0.5290623857828188,1,1
2024-10-23,7,1,0.5290831730846377,1,1
2024-10-24,7,0,0.5293947135956061,1,1
2024-10-25,7,1,0.529557315395669,1,1
2024-10-26,7,1,0.5291165201263094,1,1
2024-10-27,7,1,0.5290354988937593,1,1
2024-10-28,7,1,0.5294346194892081,1,1
2024-10-29,7,0,0.5307689980308673,1,1
2024-10-30,7,0,0.5297114008358214,1,1
2024-10-31,7,0,0.5306214000854463,1,1
2024-11-01,7,0,0.5297968466750066,1,1
2024-11-02,7,0,0.5292164183786292,1,1
2024-11-03,7,0,0.5290807027009384,1,1
2024-11-04,7,1,0.529126619937034,1,1
2024-11-05,7,1,0.5291945774015226,1,1
2024-11-06,7,1,0.5322047663711734,1,1
2024-11-07,7,1,0.5307027372732247,1,1
2024-11-08,7,1,0.5295684158126328,1,1
2024-11-09,7,1,0.5291149809270629,1,1
2024-11-10,7,1,0.531188920294872,1,1
2024-11-11,7,0,0.5322048030402942,1,1
2024-11-12,7,1,0.5311007673644634,1,1
2024-11-13,7,0,0.5305991667626355,1,1
2024-11-14,7,1,0.5319497169702462,1,1
2024-11-15,7,0,0.5319323774292887,1,1
2024-11-16,7,0,0.5307268163456087,1,1
2024-11-17,7,1,0.5299011870999967,1,1
2024-11-18,7,1,0.5292232090779966,1,1
2024-11-19,7,1,0.5291008344330338,1,1
2024-11-20,7,1,0.5290801099526374,1,1
2024-11-21,7,1,0.5304237865778402,1,1
2024-11-22,7,0,0.5294422032299914,1,1
2024-11-23,7,1,0.5294173513544856,1,1
2024-11-24,7,0,0.5290813360635445,1,1
2024-11-25,7,0,0.5321336644651423,1,1
2024-11-26,7,1,0.5311581647601236,1,1
2024-11-27,7,0,0.5317016344378347,1,1
2024-11-28,7,1,0.5303816108258292,1,1
2024-11-29,7,0,0.5295674843956911,1,1
2024-11-30,7,1,0.5293939822528247,1,1
2024-12-01,7,0,0.5290565903996087,1,1
2024-12-02,7,1,0.5293147831664323,1,1
2024-12-03,7,1,0.5290609737161943,1,1
2024-12-04,7,0,0.5292149485958259,1,1
2024-12-05,7,1,0.5299153462230989,1,1
2024-12-06,7,1,0.5300711243741523,1,1
2024-12-07,7,1,0.529358484400957,1,1
2024-12-08,7,0,0.5290563171471125,1,1
2024-12-09,7,0,0.5316101120483743,1,1
2024-12-10,7,1,0.5305871538867301,1,1
2024-12-11,7,0,0.5315937999652627,1,1
2024-12-12,7,1,0.5307674255860376,1,1
2024-12-13,7,0,0.5296327029740895,1,1
2024-12-14,7,1,0.5291885069405876,1,1
2024-12-15,7,1,0.5292960259048969,1,1
2024-12-16,7,1,0.529067179680646,1,1
2024-12-17,7,0,0.528988359736963,1,1
2024-12-18,7,0,0.5321904988623891,1,1
2024-12-19,7,1,0.5318830223268587,1,1
2024-12-20,7,0,0.5303883382450318,1,1
2024-12-21,7,0,0.5295975493798972,1,1
2024-12-22,7,0,0.5300595351910633,1,1
2024-12-23,7,1,0.5294053148757394,1,1
2024-12-24,7,1,0.5306195947703943,1,1
2024-12-25,7,0,0.5295233535647551,1,1
2024-12-26,7,0,0.531489216432079,1,1
2024-12-27,7,1,0.530946508208747,1,1
2024-12-28,7,0,0.5297203263122446,1,1
2024-12-29,7,0,0.5296770400088582,1,1
2024-12-30,7,1,0.5293227205433507,1,1
2024-12-31,7,1,0.52904008393803,1,1
2025-01-01,7,1,0.5289660222457115,1,1
2025-01-02,7,1,0.5291487231086116,1,1
2025-01-03,7,1,0.5290026256939928,1,1
2025-01-04,7,1,0.5289604662449761,1,1
2025-01-05,7,1,0.528949550533311,1,1
2025-01-06,7,0,0.5298871151186624,1,1
2025-01-07,7,0,0.532154664562051,1,1
2025-01-08,7,0,0.5314660766730521,1,1
2025-01-09,7,1,0.5314898940021875,1,1
2025-01-10,7,0,0.5307384615799412,1,1
2025-01-11,7,0,0.5295942553443806,1,1
2025-01-12,7,1,0.5291241527264514,1,1
2025-01-13,7,1,0.5289801159265657,1,1
2025-01-14,7,1,0.5291330536026925,1,1
2025-01-15,7,0,0.530814139583555,1,1
2025-01-16,7,1,0.5297511136936052,1,1
2025-01-17,7,0,0.5317348330934455,1,1
2025-01-18,7,0,0.5302542506710842,1,1
2025-01-19,7,1,0.5311101585295404,1,1
2025-01-20,7,1,0.5298596329228658,1,1
2025-01-21,7,0,0.5313174081399386,1,1
2025-01-22,7,1,0.53095782272951,1,1
2025-01-23,7,1,0.5296992202025672,1,1
2025-01-24,7,0,0.5291834182625234,1,1
2025-01-25,7,0,0.5290026669621456,1,1
2025-01-26,7,0,0.5292452963915123,1,1
2025-01-27,7,0,0.5290445074926434,1,1
2025-01-28,7,1,0.5289960084045385,1,1
2025-01-29,7,1,0.5292254125837045,1,1
2025-01-30,7,0,0.5290400835754023,1,1
2025-01-31,7,0,0.5293478285003889,1,1
2025-02-01,7,0,0.5293026851852624,1,1
2025-02-02,7,1,0.5300283018473398,1,1
2025-02-03,7,0,0.5312498970968502,1,1
2025-02-04,7,0,0.5317189460992392,1,1
2025-02-05,7,0,0.5305092793700924,1,1
2025-02-06,7,0,0.5294701249236637,1,1
2025-02-07,7,0,0.5290799784215086,1,1
2025-02-08,7,1,0.5289680035049367,1,1
2025-02-09,7,1,0.5289379729403104,1,1
2025-02-10,7,0,0.5289672789453763,1,1
2025-02-11,7,1,0.52909138287737,1,1
2025-02-12,7,0,0.5293003089364808,1,1
2025-02-13,7,1,0.5291321265036499,1,1
2025-02-14,7,1,0.5290266731764492,1,1
2025-02-15,7,0,0.5289539442833922,1,1
2025-02-16,7,0,0.5290170614657906,1,1
2025-02-17,7,0,0.5289581013911087,1,1
2025-02-18,7,1,0.5289384373964588,1,1
2025-02-19,7,1,0.5289800067792381,1,1
2025-02-20,7,0,0.5290802064954695,1,1
2025-02-21,7,1,0.529348674833817,1,1
2025-02-22,7,0,0.5290506725927607,1,1
2025-02-23,7,0,0.5289648134137532,1,1
2025-02-24,7,0,0.5318366911116683,1,1
2025-02-25,7,0,0.5315515042485717,1,1
2025-02-26,7,1,0.5321512975783546,1,1
2025-02-27,7,0,0.5306789299083821,1,1
2025-02-28,7,1,0.529561700905906,1,1
2025-03-01,7,1,0.529471754236575,1,1
2025-03-02,7,0,0.5322048024997474,1,1
2025-03-03,7,1,0.5322048020020499,1,1
2025-03-04,7,1,0.5310180830302289,1,1
2025-03-05,7,0,0.5318403209668777,1,1
2025-03-06,7,0,0.5304011629474099,1,1
2025-03-07,7,0,0.531248390412565,1,1
2025-03-08,7,0,0.5299092102609912,1,1
2025-03-09,7,0,0.532194799904179,1,1
2025-03-10,7,1,0.5314755376126493,1,1
2025-03-11,7,1,0.5321925050423956,1,1
2025-03-12,7,0,0.530892002982416,1,1
2025-03-13,7,1,0.5311134806758535,1,1
2025-03-14,7,1,0.531725079797186,1,1
2025-03-15,7,0,0.5302716494172319,1,1
2025-03-16,7,1,0.5298361341715244,1,1
2025-03-17,7,0,0.529624455905602,1,1
2025-03-18,7,1,0.5292873065954764,1,1
2025-03-19,7,0,0.5320331246011575,1,1
2025-03-20,7,0,0.5316332316909901,1,1
2025-03-21,7,0,0.5301490574858179,1,1
2025-03-22,7,1,0.5293164454140319,1,1
2025-03-23,8,1,0.5280939178978689,1,1
2025-03-24,8,0,0.5277678164712649,1,1
2025-03-25,8,0,0.527419689579935,1,1
2025-03-26,8,1,0.5273168639741551,1,1
2025-03-27,8,0,0.5272902373337672,1,1
2025-03-28,8,0,0.5276529685297288,1,1
2025-03-29,8,0,0.5275300964810656,1,1
2025-03-30,8,1,0.5273438818992391,1,1
2025-03-31,8,1,0.5272982659785244,1,1
2025-04-01,8,0,0.5278667781022953,1,1
2025-04-02,8,1,0.5280303892226001,1,1
2025-04-03,8,1,0.5275650280161653,1,1
2025-04-04,8,0,0.5273936869337772,1,1
2025-04-05,8,0,0.5273053196064463,1,1
2025-04-06,8,1,0.5293804961334309,1,1
2025-04-07,8,0,0.528555099822358,1,1
2025-04-08,8,1,0.5288041717668304,1,1
2025-04-09,8,0,0.5294569616793046,1,1
2025-04-10,8,1,0.5291930172617434,1,1
2025-04-11,8,1,0.529403570622855,1,1
2025-04-12,8,0,0.5288495750811524,1,1
2025-04-13,8,1,0.5281981539129371,1,1
2025-04-14,8,0,0.527666924904499,1,1
2025-04-15,8,1,0.5274166744869211,1,1
2025-04-16,8,1,0.5273203758509214,1,1
2025-04-17,8,0,0.527318509315246,1,1
2025-04-18,8,1,0.5272878418500958,1,1
2025-04-19,8,1,0.5272913439341794,1,1
2025-04-20,8,1,0.5272778653701893,1,1
2025-04-21,8,1,0.5275767143266911,1,1
2025-04-22,8,1,0.5294458771223399,1,1
2025-04-23,8,1,0.5283981153775443,1,1
2025-04-24,8,1,0.5276717258183565,1,1
2025-04-25,8,0,0.527409194009075,1,1
2025-04-26,8,0,0.5273103221942709,1,1
2025-04-27,8,1,0.5273133564610857,1,1
2025-04-28,8,0,0.5273079346186722,1,1
2025-04-29,8,0,0.527305363973088,1,1
2025-04-30,8,1,0.5272833757793115,1,1
2025-05-01,8,1,0.5274135873023187,1,1
2025-05-02,8,0,0.5273125545097904,1,1
2025-05-03,8,0,0.5273263700439902,1,1
2025-05-04,8,1,0.5273883207459592,1,1
2025-05-05,8,1,0.5273054983027522,1,1
2025-05-06,8,1,0.5273958165401093,1,1
2025-05-07,8,1,0.5273051862996909,1,1
2025-05-08,8,0,0.5293754186921394,1,1
2025-05-09,8,1,0.5283773711568177,1,1
2025-05-10,8,0,0.5277493276599561,1,1
2025-05-11,8,0,0.5274565889999859,1,1
2025-05-12,8,1,0.5274162997200508,1,1
2025-05-13,8,0,0.5273304198861553,1,1
2025-05-14,8,1,0.5273135644564121,1,1
2025-05-15,8,0,0.5272837510542534,1,1
2025-05-16,8,0,0.5272853594129759,1,1
2025-05-17,8,1,0.5272860593265793,1,1
2025-05-18,8,0,0.5275347131960622,1,1
2025-05-19,8,1,0.5273934680151161,1,1
2025-05-20,8,1,0.527316137878813,1,1
2025-05-21,8,1,0.5274396476517369,1,1
2025-05-22,8,0,0.5273680918607685,1,1
2025-05-23,8,1,0.5286162802769738,1,1
2025-05-24,8,1,0.5277793995358986,1,1
2025-05-25,8,1,0.5274447076299399,1,1
2025-05-26,8,0,0.5273191139102873,1,1
2025-05-27,8,0,0.5273014582853013,1,1
2025-05-28,8,0,0.5273448940801855,1,1
2025-05-29,8,0,0.5275200915783312,1,1
2025-05-30,8,1,0.5275050984143973,1,1
2025-05-31,8,1,0.5273371084634285,1,1
2025-06-01,8,1,0.5272961905576009,1,1
2025-06-02,8,0,0.5272795851738405,1,1
2025-06-03,8,0,0.5272913712875745,1,1
2025-06-04,8,0,0.5273056075091944,1,1
2025-06-05,8,1,0.5278613693272198,1,1
2025-06-06,8,1,0.5277474146417296,1,1
2025-06-07,8,1,0.5274283751139102,1,1
2025-06-08,8,1,0.5273195224327452,1,1
2025-06-09,8,0,0.5280710913691976,1,1
2025-06-10,8,0,0.5275499889584949,1,1
2025-06-11,8,0,0.5275011805286464,1,1
2025-06-12,8,1,0.5277981350204154,1,1
2025-06-13,8,0,0.5274324636160853,1,1
2025-06-14,8,1,0.527345219762618,1,1
2025-06-15,8,1,0.5272944768701416,1,1
2025-06-16,8,0,0.5272896160155995,1,1
2025-06-17,8,1,0.5274817005959771,1,1
2025-06-18,8,0,0.5273301954041354,1,1
2025-06-19,8,0,0.5272955221075385,1,1
2025-06-20,8,0,0.5273554298787,1,1
2025-06-21,8,0,0.5273432468798521,1,1
2025-06-22,8,1,0.52734693814365,1,1
2025-06-23,8,1,0.5285399234463899,1,1
2025-06-24,8,1,0.5277413698478856,1,1
2025-06-25,8,0,0.5274503232531259,1,1
2025-06-26,8,1,0.5273321061178542,1,1
2025-06-27,8,1,0.527288263520096,1,1
2025-06-28,8,1,0.5272759811543835,1,1
2025-06-29,8,0,0.5272834489020677,1,1
2025-06-30,8,0,0.5273252511368608,1,1
2025-07-01,8,1,0.5273519822876848,1,1
2025-07-02,8,1,0.5276033586183777,1,1
2025-07-03,8,0,0.527372786824239,1,1
2025-07-04,8,1,0.5273946571159382,1,1
2025-07-05,8,1,0.5273050792934943,1,1
2025-07-06,8,0,0.5272907409462393,1,1
2025-07-07,8,1,0.5273049805384147,1,1
2025-07-08,8,1,0.5272851410473252,1,1
2025-07-09,8,1,0.5273908425860758,1,1
2025-07-10,8,1,0.5283276203530134,1,1
2025-07-11,8,0,0.5277137707046364,1,1
2025-07-12,8,1,0.527405389457231,1,1
2025-07-13,8,1,0.527346391004142,1,1
2025-07-14,8,0,0.5272940247230337,1,1
2025-07-15,8,1,0.5273944621653467,1,1
2025-07-16,8,1,0.5273123115192578,1,1
2025-07-17,8,0,0.5272830141003315,1,1
2025-07-18,8,0,0.5273160012217046,1,1
2025-07-19,8,0,0.5272852935850256,1,1
2025-07-20,8,1,0.5272878947018069,1,1
2025-07-21,8,1,0.5272759096482508,1,1
2025-07-22,8,0,0.5273873554659196,1,1
2025-07-23,8,0,0.5273479076781573,1,1
2025-07-24,8,0,0.5272989693473746,1,1
2025-07-25,8,1,0.5272935330879298,1,1
2025-07-26,8,1,0.5272775202505994,1,1
2025-07-27,8,0,0.5272995117274017,1,1
2025-07-28,8,0,0.5273357026132348,1,1
2025-07-29,8,0,0.5272899871311333,1,1
2025-07-30,8,0,0.5272788886807638,1,1
2025-07-31,8,0,0.5273852745150646,1,1
2025-08-01,8,0,0.5274932328461801,1,1
2025-08-02,8,1,0.5273558126696776,1,1
2025-08-03,8,1,0.5273419396534412,1,1
2025-08-04,8,0,0.5272974032555844,1,1
2025-08-05,8,1,0.5273049580766822,1,1
2025-08-06,8,1,0.527287670343754,1,1
2025-08-07,8,0,0.5273804555298824,1,1
2025-08-08,8,0,0.5273227570740183,1,1
2025-08-09,8,1,0.5272873065613496,1,1
2025-08-10,8,0,0.5274307090419824,1,1
2025-08-11,8,1,0.5273280047389106,1,1
2025-08-12,8,1,0.5273092281980741,1,1
2025-08-13,8,0,0.5274654671433431,1,1
2025-08-14,8,0,0.5286480382053176,1,1
2025-08-15,8,1,0.5278848429201436,1,1
2025-08-16,8,0,0.5274595443531087,1,1
2025-08-17,8,0,0.5273253658378025,1,1
2025-08-18,8,0,0.5273260347276764,1,1
2025-08-19,8,1,0.5277341388816607,1,1
2025-08-20,8,0,0.5274552511729581,1,1
2025-08-21,8,1,0.527442283605935,1,1
2025-08-22,8,0,0.5281637226255931,1,1
2025-08-23,8,0,0.5277079897318561,1,1
2025-08-24,8,0,0.5275577468477506,1,1
2025-08-25,8,1,0.5278819419747482,1,1
2025-08-26,8,0,0.5275582116805283,1,1
2025-08-27,8,1,0.5273656792929581,1,1
2025-08-28,8,0,0.5273267090179886,1,1
2025-08-29,8,1,0.5280886395928173,1,1
2025-08-30,8,0,0.5275394636690386,1,1
2025-08-31,8,1,0.5273590614444948,1,1
2025-09-01,8,1,0.5273148213773076,1,1
2025-09-02,8,1,0.5273649232941545,1,1
2025-09-03,8,0,0.5272998451140721,1,1
2025-09-04,8,0,0.5273022477141937,1,1
2025-09-05,8,0,0.527280124541182,1,1
2025-09-06,8,1,0.5272785981193349,1,1
2025-09-07,8,1,0.5272864837447879,1,1
2025-09-08,8,0,0.5272880430362099,1,1
2025-09-09,8,1,0.5272808159812272,1,1
2025-09-10,8,1,0.5274170181014642,1,1
2025-09-11,8,1,0.5273651978962365,1,1
2025-09-12,8,0,0.5273030451891093,1,1
2025-09-13,8,0,0.5272802626838716,1,1
2025-09-14,8,1,0.5272790392945744,1,1
2025-09-15,8,1,0.5272735272465161,1,1
2025-09-16,8,0,0.5273053498639625,1,1
2025-09-17,8,1,0.52728331506826,1,1
2025-09-18,8,0,0.5272808413807533,1,1
2025-09-19,8,1,0.527312745456404,1,1
2025-09-20,8,0,0.5272824788139444,1,1
2025-09-21,8,0,0.5272770428841738,1,1
2025-09-22,8,0,0.5274181035153728,1,1
2025-09-23,8,1,0.5273218077673936,1,1
2025-09-24,8,0,0.5273203772174153,1,1
2025-09-25,8,1,0.5280628740192466,1,1
2025-09-26,8,0,0.5275513549952707,1,1
2025-09-27,8,1,0.5273501366773905,1,1
2025-09-28,8,1,0.5274690975120371,1,1
2025-09-29,8,0,0.527482840946587,1,1
2025-09-30,8,1,0.5273331691201582,1,1
2025-10-01,8,1,0.5282150011211346,1,1
2025-10-02,8,1,0.5277474441226587,1,1
2025-10-03,8,1,0.5274691458092143,1,1
2025-10-04,8,1,0.5273259627986948,1,1
2025-10-05,8,1,0.527297888209898,1,1
2025-10-06,8,0,0.5272938385100878,1,1
2025-10-07,8,1,0.5275678098839962,1,1
2025-10-08,8,0,0.5274307826217177,1,1
2025-10-09,8,0,0.527383276882019,1,1
2025-10-10,8,0,0.5294472773197691,1,1
2025-10-11,8,1,0.5287792242439986,1,1
2025-10-12,8,1,0.5291337418106576,1,1
2025-10-13,8,0,0.5281176586688607,1,1
2025-10-14,8,0,0.5277755279581091,1,1
2025-10-15,8,0,0.5276403302778134,1,1
2025-10-16,8,0,0.5276336831536332,1,1
2025-10-17,8,1,0.5274663984725477,1,1
2025-10-18,8,1,0.5273423008110752,1,1
2025-10-19,8,1,0.5273416906252655,1,1
2025-10-20,8,0,0.5273827503173851,1,1
2025-10-21,8,0,0.5274223019947505,1,1
2025-10-22,8,1,0.5273244269128428,1,1
2025-10-23,8,1,0.5274504004551082,1,1
2025-10-24,8,1,0.5273419755329208,1,1
2025-10-25,8,1,0.5272956007842986,1,1
2025-10-26,8,0,0.5274800500075156,1,1
2025-10-27,8,0,0.5273340804981568,1,1
2025-10-28,8,0,0.5273183393689784,1,1
2025-10-29,8,0,0.5275518612683396,1,1
2025-10-30,8,1,0.5274543165767303,1,1
2025-10-31,8,1,0.5273571038496125,1,1
2025-11-01,8,1,0.5272982758613308,1,1
2025-11-02,8,0,0.5272836160359664,1,1
2025-11-03,8,0,0.5280078084481479,1,1
2025-11-04,8,1,0.5291302040958702,1,1
2025-11-05,8,0,0.528616458639198,1,1
2025-11-06,8,1,0.5283044667008178,1,1
2025-11-07,8,0,0.5279660381736347,1,1
2025-11-08,8,1,0.5275371619990263,1,1
2025-11-09,8,1,0.527619462052275,1,1
2025-11-10,8,0,0.5274340751817324,1,1
2025-11-11,8,0,0.5276476984424373,1,1
2025-11-12,8,0,0.5274309521075127,1,1
2025-11-13,8,0,0.5274189036500819,1,1
2025-11-14,8,1,0.5291106551791687,1,1
2025-11-15,8,0,0.5283025683995839,1,1
2025-11-16,8,0,0.5277149418120128,1,1
2025-11-17,8,1,0.5275759724093951,1,1
2025-11-18,8,0,0.5274140883383691,1,1
2025-11-19,8,0,0.5273591218885976,1,1
2025-11-20,8,0,0.5289781605623316,1,1
2025-11-21,8,0,0.5281712309698143,1,1
2025-11-22,8,1,0.5275692495154357,1,1
2025-11-23,8,1,0.5278223543959364,1,1
2025-11-24,8,0,0.5276644407375073,1,1
2025-11-25,8,1,0.5274068596191072,1,1
2025-11-26,8,1,0.5282836646457163,1,1
2025-11-27,8,0,0.5276941836620751,1,1
2025-11-28,8,0,0.5273950368904251,1,1
2025-11-29,8,0,0.5273063752118492,1,1
2025-11-30,8,0,0.5272816020065976,1,1
2025-12-01,8,1,0.5282776846552235,1,1
2025-12-02,8,1,0.5294424465045207,1,1
2025-12-03,8,0,0.5290052821312492,1,1
2025-12-04,8,0,0.5281305034219594,1,1
2025-12-05,8,0,0.5280360543169376,1,1
2025-12-06,8,1,0.5275208496153434,1,1
2025-12-07,8,1,0.5274469017386518,1,1
2025-12-08,8,1,0.5273333922239918,1,1
2025-12-09,8,0,0.5275571853654172,1,1
2025-12-10,8,1,0.5273585873261633,1,1
2025-12-11,8,0,0.5273096135729851,1,1
2025-12-12,8,1,0.5274174546755586,1,1
2025-12-13,8,0,0.5273147985086012,1,1
2025-12-14,8,0,0.527406778469193,1,1
2025-12-15,8,1,0.5273955327917053,1,1
2025-12-16,8,0,0.527429564154679,1,1
2025-12-17,8,0,0.5274053912765673,1,1
2025-12-18,8,1,0.5273141938433992,1,1
2025-12-19,8,1,0.5278471940768139,1,1
2025-12-20,8,1,0.5274604360801081,1,1
2025-12-21,8,0,0.5273331691259885,1,1
2025-12-22,8,0,0.5272882373916241,1,1
2025-12-23,8,1,0.5272948599163922,1,1
2025-12-24,8,0,0.5272844219926636,1,1
2025-12-25,8,1,0.5272751268095022,1,1
2025-12-26,8,1,0.5272769056044341,1,1
2025-12-27,8,1,0.5272928214236439,1,1
2025-12-28,8,0,0.5272804163590791,1,1
2025-12-29,8,1,0.5272788517808096,1,1
2025-12-30,8,0,0.5273552889472918,1,1
2025-12-31,8,1,0.5273078450248234,1,1
2026-01-01,8,1,0.5273596440062945,1,1
2026-01-02,8,1,0.5273751030328702,1,1
2026-01-03,8,1,0.5273226376999541,1,1
2026-01-04,8,1,0.52731009412348,1,1
2026-01-05,8,0,0.5275945969554746,1,1
2026-01-06,8,0,0.5273635281589757,1,1
2026-01-07,8,0,0.5275217913935352,1,1
2026-01-08,8,0,0.5273423090214528,1,1
2026-01-09,8,0,0.5272940973597763,1,1
2026-01-10,8,1,0.5272775767448263,1,1
2026-01-11,8,1,0.52728186124008,1,1
2026-01-12,8,1,0.5272801331843628,1,1
2026-01-13,8,1,0.5286636814041052,1,1
2026-01-14,8,0,0.5280190401242764,1,1
2026-01-15,8,0,0.5276366995177408,1,1
2026-01-16,8,0,0.5273766543159327,1,1
2026-01-17,8,0,0.5273078929004583,1,1
2026-01-18,8,0,0.5273520591244852,1,1
2026-01-19,8,0,0.5273342918096376,1,1
2026-01-20,8,1,0.5288214618451262,1,1
2026-01-21,8,1,0.5279979372749863,1,1
2026-01-22,8,1,0.5275001861267071,1,1
2026-01-23,8,0,0.5273350718699239,1,1
2026-01-24,8,0,0.5272948361248266,1,1
2026-01-25,8,1,0.5276156188049594,1,1
2026-01-26,8,1,0.527537055904283,1,1
2026-01-27,8,1,0.5273745876266775,1,1
2026-01-28,8,0,0.5272993918545482,1,1
2026-01-29,8,0,0.5290811621919137,1,1
2026-01-30,8,0,0.5280950114259646,1,1
2026-01-31,8,0,0.5294462751815998,1,1
2026-02-01,8,1,0.528714068801215,1,1
2026-02-02,8,0,0.5283853603803559,1,1
2026-02-03,8,0,0.528812340175854,1,1
2026-02-04,8,0,0.5288158739900934,1,1
2026-02-05,8,1,0.5294569974294069,1,1
2026-02-06,8,0,0.5294569974294048,1,1
2026-02-07,8,1,0.5286027192939232,1,1
2026-02-08,8,0,0.5280409159578592,1,1
2026-02-09,8,0,0.5275175481408408,1,1
2026-02-10,8,0,0.52742079712188,1,1
2026-02-11,8,0,0.5275004523976765,1,1
2026-02-12,8,1,0.5273518656625333,1,1
2026-02-13,8,1,0.5285455066566681,1,1
2026-02-14,8,0,0.52794428528376,1,1
2026-02-15,8,1,0.5275428070069772,1,1
2026-02-16,8,0,0.5273515673892261,1,1
2026-02-17,8,0,0.5273750009066686,1,1
2026-02-18,8,1,0.5273404820406342,1,1
2026-02-19,8,1,0.5273253500339948,1,1
2026-02-20,8,0,0.5273955145892593,1,1
2026-02-21,8,0,0.5273080363795619,1,1
2026-02-22,8,0,0.5272819433905723,1,1
2026-02-23,8,0,0.5283083646339242,1,1
2026-02-24,8,1,0.5276388965115202,1,1
2026-02-25,8,0,0.5294336484031523,1,1
2026-02-26,8,0,0.5283973860824784,1,1
2026-02-27,8,1,0.5279717031700616,1,1
2026-02-28,8,0,0.5277447560538033,1,1
2026-03-01,8,1,0.5275132952678393,1,1
2026-03-02,8,0,0.5290894248151476,1,1
2026-03-03,8,1,0.5280947511633464,1,1
2026-03-04,8,0,0.529450868181693,1,1
2026-03-05,8,0,0.5288485457941197,1,1
2026-03-06,8,0,0.5289549527152906,1,1
2026-03-07,8,0,0.5280471692189083,1,1
2026-03-08,8,1,0.5276467142385521,1,1
2026-03-09,8,1,0.5286287209220872,1,1
2026-03-10,8,1,0.5283786410496969,1,1
2026-03-11,8,1,0.5276942117130424,1,1
2026-03-12,8,1,0.5274144217968044,1,1
2026-03-13,8,1,0.5273373311105273,1,1
2026-03-14,8,1,0.5272992925300876,1,1
2026-03-15,8,1,0.527510638020189,1,1
2026-03-16,8,0,0.5279119799063509,1,1
2026-03-17,8,0,0.5275121820090924,1,1
2026-03-18,8,0,0.5279590630082942,1,1
2026-03-19,8,1,0.527606279575228,1,1
2026-03-20,8,0,0.5274244565647331,1,1
2026-03-21,8,0,0.5274940794173117,1,1
2026-03-22,8,1,0.5273607777881673,1,1
2026-03-23,8,0,0.52892675123158,1,1
2026-03-24,8,1,0.5279729180950077,1,1
2026-03-25,8,0,0.5275979871700016,1,1
2026-03-26,8,0,0.528012134712668,1,1
2026-03-27,8,0,0.5283415294022041,1,1
2026-03-28,8,0,0.5276498079880232,1,1
2026-03-29,8,1,0.5273812926410868,1,1
2026-03-30,8,1,0.5273666736266489,1,1
2026-03-31,8,0,0.5275553825706821,1,1
2026-04-01,8,0,0.5273513110762309,1,1
2026-04-02,8,1,0.5273657447372232,1,1
2026-04-03,8,1,0.5272977594694804,1,1
2026-04-04,8,1,0.5272894210074586,1,1
2026-04-05,8,0,0.5275081145880364,1,1
2026-04-06,8,1,0.5273382654878629,1,1
2026-04-07,8,0,0.528430517586605,1,1
2026-04-08,8,1,0.5277945733120792,1,1
2026-04-09,8,1,0.5274540044589127,1,1
2026-04-10,8,1,0.5274023730227411,1,1
2026-04-11,8,0,0.5273070311883851,1,1
2026-04-12,8,1,0.5277884117878003,1,1
2026-04-13,8,0,0.529236216168743,1,1
2026-04-14,8,1,0.5282419632045717,1,1
2026-04-15,8,1,0.5276233791099804,1,1
2026-04-16,8,1,0.5273746323190963,1,1
2026-04-17,8,0,0.5275090803649123,1,1
2026-04-18,8,0,0.5275068710948413,1,1
2026-04-19,8,1,0.5276914888348653,1,1
2026-04-20,8,1,0.5277182762201309,1,1
2026-04-21,8,1,0.5274068773212905,1,1
2026-04-22,8,1,0.5274712822059113,1,1
2026-04-23,8,0,0.5273279578850828,1,1
2026-04-24,8,1,0.5273337288206112,1,1
2026-04-25,8,1,0.5272888086832995,1,1
2026-04-26,8,0,0.5272965342349718,1,1
2026-04-27,8,0,0.5273851386547178,1,1
2026-04-28,8,0,0.5273789654035955,1,1
2026-04-29,8,1,0.5273306790210539,1,1
2026-04-30,8,1,0.52729137512796,1,1
2026-05-01,8,1,0.5274107253992033,1,1
2026-05-02,8,0,0.527312144343999,1,1
2026-05-03,8,1,0.5272869202615269,1,1
2026-05-04,8,1,0.5273266428871951,1,1
2026-05-05,8,1,0.52731655080782,1,1
2026-05-06,8,0,0.5272850921111498,1,1
2026-05-07,8,1,0.5274050349880708,1,1
2026-05-08,8,1,0.5273084285940249,1,1
2026-05-09,8,1,0.527282896565264,1,1
2026-05-10,8,0,0.5273318968937107,1,1
2026-05-11,8,0,0.5273037478666349,1,1
2026-05-12,8,0,0.5273729373928158,1,1
2026-05-13,8,1,0.5273922919768889,1,1
2026-05-14,8,0,0.5274350994227283,1,1
2026-05-15,8,0,0.5276280661940308,1,1
2026-05-16,8,0,0.5274417444370307,1,1
2026-05-17,8,0,0.5273502132213088,1,1
2026-05-18,8,0,0.5273087906686658,1,1
2026-05-19,8,1,0.5272866292800104,1,1
2026-05-20,8,1,0.5272867401148398,1,1
2026-05-21,8,0,0.5272760556231297,1,1
2026-05-22,8,1,0.5275961421173354,1,1
2026-05-23,8,1,0.5274375695137278,1,1
2026-05-24,8,1,0.5273180039355978,1,1
2026-05-25,8,0,0.5272847865916852,1,1
2026-05-26,8,0,0.5274067424262125,1,1
2026-05-27,8,0,0.5274871765265471,1,1
2026-05-28,8,0,0.5273886472858327,1,1
2026-05-29,8,1,0.5273085597046098,1,1
2026-05-30,8,0,0.5272833814422097,1,1
2026-05-31,8,0,0.5272784626848707,1,1
2026-06-01,8,0,0.527731516107278,1,1
2026-06-02,8,0,0.5294424331366474,1,1
2026-06-03,8,0,0.5293303306248741,1,1
2026-06-04,8,0,0.5282913601640853,1,1
2026-06-05,8,0,0.5291403571861627,1,1
2026-06-06,8,1,0.5281212921852527,1,1
2026-06-07,8,0,0.528915028140354,1,1
2026-06-08,8,0,0.527959253418713,1,1
2026-06-09,8,0,0.5277637444314821,1,1
2026-06-10,8,1,0.5274175496713397,1,1
2026-06-11,8,0,0.5280938004509597,1,1
2026-06-12,8,1,0.5275374455988514,1,1
2026-06-13,8,1,0.5274365273927862,1,1
2026-06-14,8,1,0.5274900409166952,1,1
2026-06-15,8,0,0.5273650467242751,1,1
2026-06-16,8,0,0.52731677723618,1,1
2026-06-17,8,0,0.527350706899891,1,1
2026-06-18,8,1,0.5274428481909479,1,1
2026-06-19,8,1,0.5273635253733974,1,1
2026-06-20,8,0,0.5273442915262427,1,1
2026-06-21,8,1,0.5273375415634797,1,1
2026-06-22,8,0,0.527342512365008,1,1
2026-06-23,8,0,0.5273759058565202,1,1
2026-06-24,8,0,0.5275027941471211,1,1
2026-06-25,8,1,0.5274451296158682,1,1
2026-06-26,8,0,0.5273416220309436,1,1
2026-06-27,8,0,0.5272915331231983,1,1
2026-06-28,8,1,0.5272792653022335,1,1
2026-06-29,8,0,0.5273170504746034,1,1
2026-06-30,8,1,0.5274517827593663,1,1
2026-07-01,8,1,0.5277116285141545,1,1
2026-07-02,8,1,0.527885205438915,1,1
2026-07-03,8,1,0.5277000014555533,1,1
2026-07-04,8,1,0.5274560826913616,1,1
2026-07-05,8,1,0.5273568104000176,1,1
