date,fold,actual,proba_up,pred,always_up_pred
2016-02-17,1,1,0.5148590269451953,1,1
2016-02-18,1,0,0.5153029771656029,1,1
2016-02-19,1,1,0.5155563535555078,1,1
2016-02-20,1,1,0.5135761091566888,1,1
2016-02-21,1,0,0.5151261549398981,1,1
2016-02-22,1,0,0.5155205850356389,1,1
2016-02-23,1,1,0.5127408676020755,1,1
2016-02-24,1,0,0.514774163506906,1,1
2016-02-25,1,1,0.5154408830875916,1,1
2016-02-26,1,1,0.5153988234262072,1,1
2016-02-27,1,1,0.5155971333292461,1,1
2016-02-28,1,1,0.5156441260233127,1,1
2016-02-29,1,0,0.5156257450516419,1,1
2016-03-01,1,0,0.5156162394374179,1,1
2016-03-02,1,0,0.5150156616263292,1,1
2016-03-03,1,0,0.5154641075114362,1,1
2016-03-04,1,0,0.5150159628677097,1,1
2016-03-05,1,1,0.5146071408330403,1,1
2016-03-06,1,1,0.5151012622985071,1,1
2016-03-07,1,0,0.5153283468643004,1,1
2016-03-08,1,1,0.5155781865266134,1,1
2016-03-09,1,1,0.515639810310461,1,1
2016-03-10,1,1,0.5156538423937497,1,1
2016-03-11,1,0,0.515608917873227,1,1
2016-03-12,1,1,0.5150871987539776,1,1
2016-03-13,1,1,0.5155070677682189,1,1
2016-03-14,1,1,0.5156116674274908,1,1
2016-03-15,1,1,0.5156499536953711,1,1
2016-03-16,1,1,0.515656385051357,1,1
2016-03-17,1,0,0.5156263309262333,1,1
2016-03-18,1,1,0.5149466718691491,1,1
2016-03-19,1,1,0.5154885187801201,1,1
2016-03-20,1,0,0.5155906071144462,1,1
2016-03-21,1,1,0.5156397990319112,1,1
2016-03-22,1,0,0.5155870700365807,1,1
2016-03-23,1,0,0.5156410843761549,1,1
2016-03-24,1,1,0.5156382231535791,1,1
2016-03-25,1,1,0.5156534447543847,1,1
2016-03-26,1,1,0.5156572285420061,1,1
2016-03-27,1,0,0.515386161809499,1,1
2016-03-28,1,0,0.5155572705313186,1,1
2016-03-29,1,0,0.5153395304320443,1,1
2016-03-30,1,1,0.5155640047942722,1,1
2016-03-31,1,1,0.5156301740597645,1,1
2016-04-01,1,1,0.5156538497829328,1,1
2016-04-02,1,1,0.5156442012693573,1,1
2016-04-03,1,1,0.5156540707631632,1,1
2016-04-04,1,1,0.5156599154208645,1,1
2016-04-05,1,0,0.5156450840455348,1,1
2016-04-06,1,0,0.5156599477419063,1,1
2016-04-07,1,0,0.5156538466865004,1,1
2016-04-08,1,0,0.515625739723627,1,1
2016-04-09,1,1,0.5156439776923226,1,1
2016-04-10,1,1,0.5156464817643976,1,1
2016-04-11,1,1,0.5156551627140078,1,1
2016-04-12,1,0,0.5156440027982168,1,1
2016-04-13,1,1,0.515641059660122,1,1
2016-04-14,1,1,0.5156554272296827,1,1
2016-04-15,1,1,0.5155802581586106,1,1
2016-04-16,1,0,0.5156639698103197,1,1
2016-04-17,1,1,0.5156137691150271,1,1
2016-04-18,1,1,0.5156561531156532,1,1
2016-04-19,1,1,0.5155087194625988,1,1
2016-04-20,1,1,0.5155652271096108,1,1
2016-04-21,1,0,0.5154238982015387,1,1
2016-04-22,1,1,0.5155387805896651,1,1
2016-04-23,1,1,0.515582099920459,1,1
2016-04-24,1,1,0.5154435369169407,1,1
2016-04-25,1,1,0.5155970815619082,1,1
2016-04-26,1,0,0.5156061371393102,1,1
2016-04-27,1,1,0.5105694908465903,1,1
2016-04-28,1,1,0.5140247578519366,1,1
2016-04-29,1,0,0.5150748040304669,1,1
2016-04-30,1,1,0.5152845022423668,1,1
2016-05-01,1,0,0.5155386596431852,1,1
2016-05-02,1,1,0.5154137653811198,1,1
2016-05-03,1,0,0.5155097833625503,1,1
2016-05-04,1,1,0.5155780665248826,1,1
2016-05-05,1,1,0.5156383823691238,1,1
2016-05-06,1,0,0.5150838824642542,1,1
2016-05-07,1,1,0.5155137108841926,1,1
2016-05-08,1,1,0.5156236063300921,1,1
2016-05-09,1,0,0.5156463679289816,1,1
2016-05-10,1,1,0.5152477105604127,1,1
2016-05-11,1,1,0.5155562724259981,1,1
2016-05-12,1,1,0.5156283883134124,1,1
2016-05-13,1,1,0.5156514494884292,1,1
2016-05-14,1,1,0.5156560617131807,1,1
2016-05-15,1,0,0.5156532678209053,1,1
2016-05-16,1,0,0.5156147978764735,1,1
2016-05-17,1,1,0.5156472407570583,1,1
2016-05-18,1,0,0.5156555532527606,1,1
2016-05-19,1,1,0.5137865509153834,1,1
2016-05-20,1,1,0.5151168160123077,1,1
2016-05-21,1,0,0.5155299485069882,1,1
2016-05-22,1,1,0.5155611375553105,1,1
2016-05-23,1,1,0.5155774006837992,1,1
2016-05-24,1,1,0.5156349317972406,1,1
2016-05-25,1,1,0.515625364791738,1,1
2016-05-26,1,1,0.5156193757037006,1,1
2016-05-27,1,1,0.512534862162293,1,1
2016-05-28,1,0,0.5024949413773356,1,1
2016-05-29,1,1,0.509158918921818,1,1
2016-05-30,1,0,0.5131149417878111,1,1
2016-05-31,1,1,0.5149531213086773,1,1
2016-06-01,1,1,0.515420267108944,1,1
2016-06-02,1,1,0.5156027048141634,1,1
2016-06-03,1,1,0.5062050928751829,1,1
2016-06-04,1,1,0.5121357917305521,1,1
2016-06-05,1,1,0.5147085935516406,1,1
2016-06-06,1,0,0.5151354722977355,1,1
2016-06-07,1,1,0.5152792007493717,1,1
2016-06-08,1,0,0.5155427827267104,1,1
2016-06-09,1,1,0.5155093146639351,1,1
2016-06-10,1,1,0.515616207185327,1,1
2016-06-11,1,1,0.5103821819676416,1,1
2016-06-12,1,1,0.5024949543770358,1,1
2016-06-13,1,0,0.5032645351017833,1,1
2016-06-14,1,1,0.5068709628084235,1,1
2016-06-15,1,1,0.5121194526545685,1,1
2016-06-16,1,0,0.5024950015776395,1,1
2016-06-17,1,1,0.5068717064242191,1,1
2016-06-18,1,1,0.5123171307811041,1,1
2016-06-19,1,0,0.5146363954272136,1,1
2016-06-20,1,0,0.5129737677262971,1,1
2016-06-21,1,0,0.5024952840713036,1,1
2016-06-22,1,1,0.5024949427110801,1,1
2016-06-23,1,1,0.5032616460893382,1,1
2016-06-24,1,0,0.5025488287915207,1,1
2016-06-25,1,0,0.5095401585493946,1,1
2016-06-26,1,1,0.5035140354274718,1,1
2016-06-27,1,0,0.5042859622093966,1,1
2016-06-28,1,0,0.5100304557906736,1,1
2016-06-29,1,1,0.5137518364257357,1,1
2016-06-30,1,1,0.5063582705934835,1,1
2016-07-01,1,1,0.5122715079082701,1,1
2016-07-02,1,0,0.5096519110436329,1,1
2016-07-03,1,1,0.5026873863398779,1,1
2016-07-04,1,0,0.504616359950398,1,1
2016-07-05,1,1,0.5094550131454514,1,1
2016-07-06,1,0,0.5135581983215995,1,1
2016-07-07,1,1,0.5048874829876496,1,1
2016-07-08,1,0,0.5052538569107319,1,1
2016-07-09,1,0,0.5090039048034991,1,1
2016-07-10,1,0,0.5135392670067848,1,1
2016-07-11,1,1,0.5151034719207246,1,1
2016-07-12,1,0,0.5148643254772093,1,1
2016-07-13,1,1,0.515195838021474,1,1
2016-07-14,1,1,0.5155387279475835,1,1
2016-07-15,1,0,0.5156029484363763,1,1
2016-07-16,1,1,0.5156353994781864,1,1
2016-07-17,1,0,0.5150109120099601,1,1
2016-07-18,1,0,0.5154165862637756,1,1
2016-07-19,1,0,0.5156032960298699,1,1
2016-07-20,1,0,0.5155524684360382,1,1
2016-07-21,1,0,0.5156328500013547,1,1
2016-07-22,1,1,0.515207152269305,1,1
2016-07-23,1,1,0.5155224359404408,1,1
2016-07-24,1,0,0.5155904279589132,1,1
2016-07-25,1,0,0.515546646384996,1,1
2016-07-26,1,1,0.5156162006749102,1,1
2016-07-27,1,1,0.5156446384477548,1,1
2016-07-28,1,1,0.5156651039201718,1,1
2016-07-29,1,0,0.515658525009865,1,1
2016-07-30,1,0,0.5156479740210097,1,1
2016-07-31,1,0,0.5099686505996436,1,1
2016-08-01,1,0,0.5103806602545944,1,1
2016-08-02,1,1,0.502495318130081,1,1
2016-08-03,1,1,0.5050290804821699,1,1
2016-08-04,1,0,0.5096699871330529,1,1
2016-08-05,1,1,0.5137354618203986,1,1
2016-08-06,1,1,0.514515839329407,1,1
2016-08-07,1,0,0.5153396354601417,1,1
2016-08-08,1,0,0.5155726748803406,1,1
2016-08-09,1,1,0.5156137265391831,1,1
2016-08-10,1,0,0.5156281842422784,1,1
2016-08-11,1,0,0.5156308131330499,1,1
2016-08-12,1,0,0.515642045968288,1,1
2016-08-13,1,0,0.5156419716892466,1,1
2016-08-14,1,0,0.5149662598844852,1,1
2016-08-15,1,1,0.5154530111674083,1,1
2016-08-16,1,0,0.5153924438071882,1,1
2016-08-17,1,1,0.515551251922411,1,1
2016-08-18,1,1,0.5156331846349226,1,1
2016-08-19,1,1,0.5156519523417701,1,1
2016-08-20,1,0,0.5156050182518344,1,1
2016-08-21,1,1,0.5156430550951933,1,1
2016-08-22,1,0,0.5156185910757819,1,1
2016-08-23,1,0,0.5156173561136097,1,1
2016-08-24,1,0,0.5156194639616104,1,1
2016-08-25,1,1,0.5156309659315245,1,1
2016-08-26,1,0,0.5156501509219131,1,1
2016-08-27,1,1,0.5154254846025693,1,1
2016-08-28,1,1,0.5155858503779661,1,1
2016-08-29,1,1,0.5156405794477624,1,1
2016-08-30,1,0,0.515641779939226,1,1
2016-08-31,1,0,0.5156400114784384,1,1
2016-09-01,1,1,0.515626271234776,1,1
2016-09-02,1,1,0.5156401901872567,1,1
2016-09-03,1,1,0.5135523486308844,1,1
2016-09-04,1,0,0.5147974775964209,1,1
2016-09-05,1,1,0.5154307934769696,1,1
2016-09-06,1,1,0.5155921822735362,1,1
2016-09-07,1,1,0.5156276213218965,1,1
2016-09-08,1,0,0.5154342536550783,1,1
2016-09-09,1,1,0.5155766473536043,1,1
2016-09-10,1,0,0.5156391521031282,1,1
2016-09-11,1,1,0.5148345091493158,1,1
2016-09-12,1,1,0.5154642073857058,1,1
2016-09-13,1,1,0.5156152772039283,1,1
2016-09-14,1,0,0.5156489032621641,1,1
2016-09-15,1,0,0.5156306741911441,1,1
2016-09-16,1,0,0.5156554568019954,1,1
2016-09-17,1,1,0.515651970466821,1,1
2016-09-18,1,0,0.5156443291011494,1,1
2016-09-19,1,0,0.5156563989706798,1,1
2016-09-20,1,0,0.5156575528467546,1,1
2016-09-21,1,0,0.5153671652286029,1,1
2016-09-22,1,1,0.515584579428112,1,1
2016-09-23,1,0,0.5155795631662007,1,1
2016-09-24,1,0,0.5156397324918243,1,1
2016-09-25,1,1,0.5156418417261717,1,1
2016-09-26,1,0,0.5155808309834186,1,1
2016-09-27,1,0,0.5156429751655022,1,1
2016-09-28,1,1,0.5156455131518093,1,1
2016-09-29,1,1,0.5156559070738871,1,1
2016-09-30,1,1,0.5156444808437678,1,1
2016-10-01,1,0,0.5156395830232868,1,1
2016-10-02,1,1,0.5156338281822298,1,1
2016-10-03,1,0,0.5156524365287003,1,1
2016-10-04,1,1,0.5156446831267054,1,1
2016-10-05,1,1,0.5156527942343136,1,1
2016-10-06,1,1,0.515657622814429,1,1
2016-10-07,1,1,0.515641896384421,1,1
2016-10-08,1,0,0.5156544377359821,1,1
2016-10-09,1,1,0.5156411717021773,1,1
2016-10-10,1,1,0.515651696766615,1,1
2016-10-11,1,0,0.5143287860892088,1,1
2016-10-12,1,1,0.515242490406348,1,1
2016-10-13,1,1,0.5155679249810353,1,1
2016-10-14,1,0,0.5156257954952148,1,1
2016-10-15,1,1,0.5156415199435248,1,1
2016-10-16,1,0,0.515648308560947,1,1
2016-10-17,1,0,0.5156400214970034,1,1
2016-10-18,1,0,0.5156468672671329,1,1
2016-10-19,1,1,0.515560513260191,1,1
2016-10-20,1,1,0.515639025792594,1,1
2016-10-21,1,1,0.5156587535696217,1,1
2016-10-22,1,0,0.5137269557137158,1,1
2016-10-23,1,0,0.5151712700204903,1,1
2016-10-24,1,1,0.5155109802144119,1,1
2016-10-25,1,1,0.5156132010871427,1,1
2016-10-26,1,1,0.5145961350980551,1,1
2016-10-27,1,1,0.5152522726035641,1,1
2016-10-28,1,1,0.5155723786588614,1,1
2016-10-29,1,0,0.514188527689126,1,1
2016-10-30,1,0,0.5148572682540141,1,1
2016-10-31,1,1,0.5154606610939365,1,1
2016-11-01,1,1,0.5130858485462139,1,1
2016-11-02,1,0,0.5147233391648917,1,1
2016-11-03,1,1,0.502714003739578,1,1
2016-11-04,1,1,0.5078231676444175,1,1
2016-11-05,1,1,0.5130903745582516,1,1
2016-11-06,1,0,0.5148470649346332,1,1
2016-11-07,1,1,0.5153072063843417,1,1
2016-11-08,1,1,0.5155337285391706,1,1
2016-11-09,1,0,0.5154155939523385,1,1
2016-11-10,1,1,0.5155080289510516,1,1
2016-11-11,1,0,0.5156307085974133,1,1
2016-11-12,1,0,0.5154495976998968,1,1
2016-11-13,1,1,0.5155905631370441,1,1
2016-11-14,1,1,0.5156379467045245,1,1
2016-11-15,1,1,0.5156134293771786,1,1
2016-11-16,1,0,0.511992246826673,1,1
2016-11-17,1,1,0.5146053765093682,1,1
2016-11-18,1,1,0.5152307929426321,1,1
2016-11-19,1,0,0.5155628699525511,1,1
2016-11-20,1,1,0.5148748057544699,1,1
2016-11-21,1,1,0.5153829212749826,1,1
2016-11-22,1,0,0.5154294415537736,1,1
2016-11-23,1,0,0.5155292082300696,1,1
2016-11-24,1,1,0.515593056892142,1,1
2016-11-25,1,0,0.5156499704757055,1,1
2016-11-26,1,0,0.5155995925865178,1,1
2016-11-27,1,1,0.5156283849734884,1,1
2016-11-28,1,0,0.5156462808094565,1,1
2016-11-29,1,1,0.5156540731825965,1,1
2016-11-30,1,1,0.5155593007247705,1,1
2016-12-01,1,1,0.5155217904475751,1,1
2016-12-02,1,0,0.5149497034874715,1,1
2016-12-03,1,1,0.515418047237324,1,1
2016-12-04,1,0,0.5155989703687979,1,1
2016-12-05,1,1,0.5153022601907892,1,1
2016-12-06,1,1,0.5155503670077312,1,1
2016-12-07,1,1,0.5156265671559663,1,1
2016-12-08,1,1,0.515649332535542,1,1
2016-12-09,1,1,0.5156593536102638,1,1
2016-12-10,1,0,0.5156580525622098,1,1
2016-12-11,1,1,0.5156229505555452,1,1
2016-12-12,1,1,0.5155515980994131,1,1
2016-12-13,1,1,0.5156346049735856,1,1
2016-12-14,1,0,0.5156529578183009,1,1
2016-12-15,1,1,0.5156422534965767,1,1
2016-12-16,1,1,0.515620617989812,1,1
2016-12-17,1,0,0.5156333735315662,1,1
2016-12-18,1,1,0.5156523529537085,1,1
2016-12-19,1,1,0.5156562177187161,1,1
2016-12-20,1,1,0.5156070562694424,1,1
2016-12-21,1,1,0.5126564853524462,1,1
2016-12-22,1,1,0.5112532725422103,1,1
2016-12-23,1,0,0.5027900939257888,1,1
2016-12-24,1,0,0.5065501940265584,1,1
2016-12-25,1,1,0.5123379145089153,1,1
2016-12-26,1,1,0.5145429316625074,1,1
2016-12-27,1,1,0.5143577618975477,1,1
2016-12-28,1,0,0.5099603081808094,1,1
2016-12-29,1,0,0.5139342272164268,1,1
2016-12-30,1,1,0.514977697166507,1,1
2016-12-31,1,1,0.5154996208138564,1,1
2017-01-01,1,1,0.5141817965833081,1,1
2017-01-02,1,1,0.5147155911618982,1,1
2017-01-03,1,1,0.5150791674044151,1,1
2017-01-04,1,0,0.5024951179049381,1,1
2017-01-05,1,0,0.5024949402921112,1,1
2017-01-06,1,1,0.5024949416580338,1,1
2017-01-07,1,1,0.5093465280979727,1,1
2017-01-08,1,0,0.5137198964662442,1,1
2017-01-09,1,1,0.5150353724727248,1,1
2017-01-10,1,0,0.5154986100801351,1,1
2017-01-11,1,1,0.5024949402792908,1,1
2017-01-12,1,1,0.504961926389136,1,1
2017-01-13,1,0,0.50905185233412,1,1
2017-01-14,1,1,0.5134449703868074,1,1
2017-01-15,1,1,0.515087737685471,1,1
2017-01-16,1,1,0.5154316028522881,1,1
2017-01-17,1,0,0.5025003157234931,1,1
2017-01-18,1,1,0.5068775419419436,1,1
2017-01-19,1,0,0.5119609192707884,1,1
2017-01-20,1,1,0.5146109489440689,1,1
2017-01-21,1,1,0.5141966599304817,1,1
2017-01-22,1,0,0.5152968929201475,1,1
2017-01-23,1,0,0.5155532141382825,1,1
2017-01-24,1,1,0.5144232518496284,1,1
2017-01-25,1,1,0.5152820729138794,1,1
2017-01-26,1,1,0.5153467814887756,1,1
2017-01-27,1,1,0.5155844938931242,1,1
2017-01-28,1,0,0.5156409770034698,1,1
2017-01-29,1,1,0.5156471431078559,1,1
2017-01-30,1,1,0.5156555399960433,1,1
2017-01-31,1,1,0.5080558697713089,1,1
2017-02-01,1,1,0.5120717280509779,1,1
2017-02-02,1,1,0.5136694993346383,1,1
2017-02-03,1,1,0.5147946460180549,1,1
2017-02-04,1,0,0.5153333998930976,1,1
2017-02-05,1,1,0.5153797675103359,1,1
2017-02-06,1,1,0.5155396592717908,1,1
2017-02-07,1,1,0.5152853201559292,1,1
2017-02-08,1,0,0.5155727659984759,1,1
2017-02-09,1,0,0.5032722698513296,1,1
2017-02-10,1,1,0.5100239234831441,1,1
2017-02-11,1,0,0.5134797610146651,1,1
2017-02-12,1,0,0.5150624914190005,1,1
2017-02-13,1,1,0.515435727664989,1,1
2017-02-14,1,1,0.5154945153339671,1,1
2017-02-15,1,1,0.5156185323029935,1,1
2017-02-16,1,1,0.5154248577067312,1,1
2017-02-17,1,1,0.515409293082193,1,1
2017-02-18,1,0,0.5155711004238027,1,1
2017-02-19,1,1,0.5156402273794296,1,1
2017-02-20,1,1,0.5148023917893706,1,1
2017-02-21,1,1,0.5140647220783112,1,1
2017-02-22,1,1,0.5152648215721684,1,1
2017-02-23,1,1,0.5119787075943583,1,1
2017-02-24,1,0,0.5146255108263761,1,1
2017-02-25,1,1,0.5144070918200396,1,1
2017-02-26,1,1,0.5149981020053536,1,1
2017-02-27,1,0,0.5153984212041958,1,1
2017-02-28,1,1,0.5155960596421864,1,1
2017-03-01,1,1,0.5140920654330345,1,1
2017-03-02,1,1,0.5146742485707936,1,1
2017-03-03,1,0,0.515126630558679,1,1
2017-03-04,1,1,0.5152554616887243,1,1
2017-03-05,1,1,0.5155132653850906,1,1
2017-03-06,1,0,0.5156193116698256,1,1
2017-03-07,1,0,0.5129709510735214,1,1
2017-03-08,1,1,0.5032804246538292,1,1
2017-03-09,1,0,0.5058310206257879,1,1
2017-03-10,1,1,0.5026658555812964,1,1
2017-03-11,1,1,0.502851669988323,1,1
2017-03-12,1,1,0.5045318154547127,1,1
2017-03-13,1,1,0.5109226264631925,1,1
2017-03-14,1,1,0.5142554691978037,1,1
2017-03-15,1,0,0.5152757794879139,1,1
2017-03-16,1,0,0.507950635364738,1,1
2017-03-17,1,0,0.5025131446978933,1,1
2017-03-18,1,1,0.5024949403717324,1,1
2017-03-19,1,1,0.5025570390107467,1,1
2017-03-20,1,1,0.5083824731798308,1,1
2017-03-21,1,0,0.5027734686923936,1,1
2017-03-22,1,0,0.5025505072787861,1,1
2017-03-23,1,0,0.5090172926426857,1,1
2017-03-24,1,1,0.502495035324054,1,1
2017-03-25,1,0,0.5044548017435355,1,1
2017-03-26,1,1,0.5108719646876874,1,1
2017-03-27,1,1,0.5025070342142326,1,1
2017-03-28,1,0,0.5095132071446179,1,1
2017-03-29,1,0,0.513700539304539,1,1
2017-03-30,1,1,0.5149214865237107,1,1
2017-03-31,1,1,0.5112157370841899,1,1
2017-04-01,1,1,0.5143210886717386,1,1
2017-04-02,1,1,0.5148983957968232,1,1
2017-04-03,1,0,0.5130223683190985,1,1
2017-04-04,1,0,0.514879688546768,1,1
2017-04-05,1,1,0.5154157825246124,1,1
2017-04-06,1,0,0.5087582435770471,1,1
2017-04-07,1,0,0.5133573158293804,1,1
2017-04-08,1,1,0.5150722856897901,1,1
2017-04-09,1,0,0.5154597192328593,1,1
2017-04-10,1,1,0.5156134862691903,1,1
2017-04-11,1,0,0.5155283047513,1,1
2017-04-12,1,0,0.5156169263643713,1,1
2017-04-13,1,0,0.514958591630707,1,1
2017-04-14,1,1,0.5154840210848654,1,1
2017-04-15,1,1,0.5156142185286227,1,1
2017-04-16,1,1,0.5156126359066948,1,1
2017-04-17,1,1,0.51560755365843,1,1
2017-04-18,1,0,0.5155188240269555,1,1
2017-04-19,1,1,0.5156327182402423,1,1
2017-04-20,1,0,0.515511432089977,1,1
2017-04-21,1,1,0.5155959812398943,1,1
2017-04-22,1,0,0.5156191714474228,1,1
2017-04-23,1,1,0.5152847996075502,1,1
2017-04-24,1,1,0.513778794050823,1,1
2017-04-25,1,1,0.5150598099593522,1,1
2017-04-26,1,1,0.5154185014785695,1,1
2017-04-27,1,0,0.5148895798297286,1,1
2017-04-28,1,1,0.515476598755287,1,1
2017-04-29,1,1,0.5156113020395295,1,1
2017-04-30,1,1,0.5154298869552206,1,1
2017-05-01,1,1,0.5078799820200754,1,1
2017-05-02,1,1,0.5116317358079385,1,1
2017-05-03,1,1,0.513010927440981,1,1
2017-05-04,1,1,0.5130384876779163,1,1
2017-05-05,1,1,0.5148222926053656,1,1
2017-05-06,1,1,0.5152843040660087,1,1
2017-05-07,1,1,0.5155016548140715,1,1
2017-05-08,1,1,0.5026163699782993,1,1
2017-05-09,1,1,0.5082193682035657,1,1
2017-05-10,1,1,0.5122239990650194,1,1
2017-05-11,1,0,0.5117146090879264,1,1
2017-05-12,1,1,0.502716011403175,1,1
2017-05-13,1,1,0.5033495526008556,1,1
2017-05-14,1,0,0.5102487882748236,1,1
2017-05-15,1,0,0.5077801993322716,1,1
2017-05-16,1,1,0.5130227463085437,1,1
2017-05-17,1,1,0.5036696544243945,1,1
2017-05-18,1,1,0.5077754223082129,1,1
2017-05-19,1,1,0.5036334609623817,1,1
2017-05-20,1,0,0.5033689298750614,1,1
2017-05-21,1,1,0.5078423512952208,1,1
2017-05-22,1,1,0.5026988912504035,1,1
2017-05-23,1,1,0.5025322917220582,1,1
2017-05-24,1,0,0.5029063907716247,1,1
2017-05-25,1,0,0.502624974463076,1,1
2017-05-26,1,0,0.503311251700886,1,1
2017-05-27,1,1,0.5025016438530295,1,1
2017-05-28,1,1,0.5026846243994167,1,1
2017-05-29,1,0,0.5033256884980112,1,1
2017-05-30,1,1,0.5048951870241836,1,1
2017-05-31,1,1,0.5032511238608778,1,1
2017-06-01,1,1,0.502903357750008,1,1
2017-06-02,1,1,0.5055448798617642,1,1
2017-06-03,1,0,0.5114447973833331,1,1
2017-06-04,1,1,0.5144768645689654,1,1
2017-06-05,2,1,0.5494173678889605,1,1
2017-06-06,2,0,0.5494162751117527,1,1
2017-06-07,2,1,0.549537415278616,1,1
2017-06-08,2,1,0.5526450318752416,1,1
2017-06-09,2,1,0.562134731233551,1,1
2017-06-10,2,1,0.5526515192841026,1,1
2017-06-11,2,0,0.5624030906737213,1,1
2017-06-12,2,1,0.5494133998033179,1,1
2017-06-13,2,0,0.5545709637675151,1,1
2017-06-14,2,0,0.5494134154250107,1,1
2017-06-15,2,1,0.5557456374656825,1,1
2017-06-16,2,1,0.5605394749984458,1,1
2017-06-17,2,0,0.5496557398877139,1,1
2017-06-18,2,1,0.5498299228367195,1,1
2017-06-19,2,1,0.5570905754893338,1,1
2017-06-20,2,0,0.5499814094772547,1,1
2017-06-21,2,1,0.5573717521306585,1,1
2017-06-22,2,1,0.5655445171342323,1,1
2017-06-23,2,0,0.5684672375852473,1,1
2017-06-24,2,0,0.5500948069535985,1,1
2017-06-25,2,0,0.55826042319411,1,1
2017-06-26,2,1,0.5499915600654567,1,1
2017-06-27,2,1,0.5524551031792926,1,1
2017-06-28,2,0,0.5610908980892716,1,1
2017-06-29,2,0,0.5653571088695246,1,1
2017-06-30,2,0,0.5660953950558602,1,1
2017-07-01,2,1,0.5673091414120959,1,1
2017-07-02,2,1,0.5651295832891985,1,1
2017-07-03,2,1,0.5652427374999885,1,1
2017-07-04,2,1,0.5686351235621647,1,1
2017-07-05,2,1,0.5702626317538853,1,1
2017-07-06,2,0,0.5706791265745077,1,1
2017-07-07,2,1,0.5633116974523971,1,1
2017-07-08,2,0,0.5653847002131602,1,1
2017-07-09,2,0,0.564477740534037,1,1
2017-07-10,2,0,0.5494455133237152,1,1
2017-07-11,2,1,0.5551557009183647,1,1
2017-07-12,2,0,0.5570522612640861,1,1
2017-07-13,2,0,0.5627444617293051,1,1
2017-07-14,2,0,0.5494729319791796,1,1
2017-07-15,2,0,0.5494133998013915,1,1
2017-07-16,2,1,0.5498962349563763,1,1
2017-07-17,2,1,0.5494133998013626,1,1
2017-07-18,2,0,0.5500773242825112,1,1
2017-07-19,2,1,0.5553701351882545,1,1
2017-07-20,2,0,0.5494133998013625,1,1
2017-07-21,2,1,0.5494339576713372,1,1
2017-07-22,2,0,0.5494587242695802,1,1
2017-07-23,2,1,0.5521575515713997,1,1
2017-07-24,2,0,0.561470297807007,1,1
2017-07-25,2,0,0.5494213200664237,1,1
2017-07-26,2,1,0.5559002265326588,1,1
2017-07-27,2,1,0.5494606067529657,1,1
2017-07-28,2,0,0.549513219526993,1,1
2017-07-29,2,1,0.5508155057579396,1,1
2017-07-30,2,1,0.5571738985252668,1,1
2017-07-31,2,0,0.5506981428209038,1,1
2017-08-01,2,0,0.5494291267557206,1,1
2017-08-02,2,1,0.5582896339984966,1,1
2017-08-03,2,1,0.5552336443855033,1,1
2017-08-04,2,1,0.5546535885854995,1,1
2017-08-05,2,0,0.549413399801363,1,1
2017-08-06,2,1,0.5566840962019797,1,1
2017-08-07,2,1,0.5495454488276554,1,1
2017-08-08,2,0,0.5587449593210686,1,1
2017-08-09,2,1,0.5589875960834767,1,1
2017-08-10,2,1,0.5661582184513536,1,1
2017-08-11,2,1,0.5494136557967756,1,1
2017-08-12,2,1,0.5494171425871939,1,1
2017-08-13,2,1,0.5495917101475217,1,1
2017-08-14,2,0,0.5494220743356097,1,1
2017-08-15,2,1,0.5503349721162907,1,1
2017-08-16,2,0,0.5497007627863038,1,1
2017-08-17,2,0,0.5573807552475141,1,1
2017-08-18,2,1,0.5503112609440294,1,1
2017-08-19,2,0,0.5594909221287099,1,1
2017-08-20,2,0,0.5578979196073426,1,1
2017-08-21,2,1,0.5598716458381967,1,1
2017-08-22,2,1,0.5620452312923503,1,1
2017-08-23,2,1,0.5676068031174495,1,1
2017-08-24,2,1,0.5527781574889197,1,1
2017-08-25,2,0,0.5620427244947158,1,1
2017-08-26,2,1,0.5677211171609271,1,1
2017-08-27,2,0,0.5699295029308968,1,1
2017-08-28,2,1,0.570602262792852,1,1
2017-08-29,2,0,0.5587364518494329,1,1
2017-08-30,2,1,0.5663298601631747,1,1
2017-08-31,2,1,0.562962132889179,1,1
2017-09-01,2,0,0.5541630698453268,1,1
2017-09-02,2,1,0.5494155864435954,1,1
2017-09-03,2,0,0.558863979531468,1,1
2017-09-04,2,1,0.5494134827440896,1,1
2017-09-05,2,1,0.5509030441102627,1,1
2017-09-06,2,1,0.5495237991524591,1,1
2017-09-07,2,0,0.5590037432117155,1,1
2017-09-08,2,0,0.54941340769123,1,1
2017-09-09,2,0,0.5588144418805743,1,1
2017-09-10,2,1,0.5571521296109996,1,1
2017-09-11,2,0,0.5651431599657815,1,1
2017-09-12,2,0,0.5688306380398884,1,1
2017-09-13,2,0,0.54948468751149,1,1
2017-09-14,2,1,0.5494133998013627,1,1
2017-09-15,2,0,0.5494133998013627,1,1
2017-09-16,2,0,0.5587519862540533,1,1
2017-09-17,2,1,0.5652437814542302,1,1
2017-09-18,2,0,0.5494133998013626,1,1
2017-09-19,2,0,0.550360226215268,1,1
2017-09-20,2,0,0.55941842064463,1,1
2017-09-21,2,0,0.5494141300570574,1,1
2017-09-22,2,1,0.5587752439344653,1,1
2017-09-23,2,0,0.5505347581681161,1,1
2017-09-24,2,1,0.5512830199113334,1,1
2017-09-25,2,0,0.5494163782624616,1,1
2017-09-26,2,1,0.558039816501913,1,1
2017-09-27,2,0,0.5494134630595319,1,1
2017-09-28,2,0,0.5575437958302262,1,1
2017-09-29,2,1,0.5655757237192109,1,1
2017-09-30,2,1,0.5535150947480911,1,1
2017-10-01,2,1,0.5613569796333286,1,1
2017-10-02,2,0,0.5678131447182003,1,1
2017-10-03,2,0,0.5663880380024611,1,1
2017-10-04,2,1,0.5668918303031331,1,1
2017-10-05,2,1,0.5674450728925188,1,1
2017-10-06,2,1,0.5697995150127355,1,1
2017-10-07,2,1,0.5702852961123084,1,1
2017-10-08,2,1,0.5605361720764328,1,1
2017-10-09,2,1,0.5588209578376193,1,1
2017-10-10,2,1,0.5666127288958359,1,1
2017-10-11,2,1,0.569580149789524,1,1
2017-10-12,2,1,0.5494133998013635,1,1
2017-10-13,2,1,0.5509211393959439,1,1
2017-10-14,2,0,0.5520529906417219,1,1
2017-10-15,2,1,0.5531309661706715,1,1
2017-10-16,2,0,0.5623764526296967,1,1
2017-10-17,2,0,0.5643333267093682,1,1
2017-10-18,2,1,0.568896944403791,1,1
2017-10-19,2,1,0.5691099941905734,1,1
2017-10-20,2,1,0.5510927553039972,1,1
2017-10-21,2,0,0.5608533896288297,1,1
2017-10-22,2,0,0.5673521163948958,1,1
2017-10-23,2,0,0.5695194403560032,1,1
2017-10-24,2,1,0.5494317220142535,1,1
2017-10-25,2,1,0.5498144993193883,1,1
2017-10-26,2,0,0.5534212599542231,1,1
2017-10-27,2,0,0.5583884609246614,1,1
2017-10-28,2,1,0.56601815097133,1,1
2017-10-29,2,0,0.5494304256013874,1,1
2017-10-30,2,1,0.5583787892483126,1,1
2017-10-31,2,1,0.5495744735580819,1,1
2017-11-01,2,1,0.5496397329668237,1,1
2017-11-02,2,1,0.5496781869480469,1,1
2017-11-03,2,1,0.5561299682406173,1,1
2017-11-04,2,1,0.5606068994579485,1,1
2017-11-05,2,0,0.5674856867446736,1,1
2017-11-06,2,1,0.5498889109868745,1,1
2017-11-07,2,1,0.5560609330169164,1,1
2017-11-08,2,0,0.5514794405443829,1,1
2017-11-09,2,0,0.5497661010217331,1,1
2017-11-10,2,0,0.5494134233033185,1,1
2017-11-11,2,0,0.5496220517716746,1,1
2017-11-12,2,1,0.5494134531500825,1,1
2017-11-13,2,1,0.5494133998036557,1,1
2017-11-14,2,1,0.5576903821038203,1,1
2017-11-15,2,1,0.5494133998084971,1,1
2017-11-16,2,0,0.549413511974536,1,1
2017-11-17,2,1,0.5538315549105222,1,1
2017-11-18,2,1,0.5625784652975707,1,1
2017-11-19,2,1,0.5591860660518315,1,1
2017-11-20,2,0,0.563336121722798,1,1
2017-11-21,2,1,0.5668406545318938,1,1
2017-11-22,2,0,0.5672967624896925,1,1
2017-11-23,2,1,0.5646839596388615,1,1
2017-11-24,2,1,0.5644011866424312,1,1
2017-11-25,2,1,0.5494354188685183,1,1
2017-11-26,2,1,0.5494183207370505,1,1
2017-11-27,2,1,0.5494745188317239,1,1
2017-11-28,2,0,0.5538956139953705,1,1
2017-11-29,2,1,0.5587868983496411,1,1
2017-11-30,2,1,0.5543527934600812,1,1
2017-12-01,2,1,0.5494140643535304,1,1
2017-12-02,2,1,0.5583843158160648,1,1
2017-12-03,2,1,0.5619608561095306,1,1
2017-12-04,2,1,0.5612797977661345,1,1
2017-12-05,2,1,0.56391819259253,1,1
2017-12-06,2,1,0.5494133998013626,1,1
2017-12-07,2,0,0.5494133998013627,1,1
2017-12-08,2,0,0.5494134128386347,1,1
2017-12-09,2,1,0.5494134006048724,1,1
2017-12-10,2,1,0.5561910742217552,1,1
2017-12-11,2,1,0.5494133999673136,1,1
2017-12-12,2,0,0.553426714323128,1,1
2017-12-13,2,1,0.5494198703731767,1,1
2017-12-14,2,1,0.557879630828523,1,1
2017-12-15,2,1,0.549416402885031,1,1
2017-12-16,2,0,0.549413399819547,1,1
2017-12-17,2,0,0.5539010070770988,1,1
2017-12-18,2,0,0.5633821763053786,1,1
2017-12-19,2,0,0.5494149527956461,1,1
2017-12-20,2,0,0.5494139850687545,1,1
2017-12-21,2,0,0.5494600099912325,1,1
2017-12-22,2,1,0.5494133998013627,1,1
2017-12-23,2,0,0.5494175053906059,1,1
2017-12-24,2,1,0.5494271428923863,1,1
2017-12-25,2,1,0.5585087053624587,1,1
2017-12-26,2,0,0.5494133998013626,1,1
2017-12-27,2,0,0.5556493186030893,1,1
2017-12-28,2,1,0.5494134603486079,1,1
2017-12-29,2,0,0.5588602301407015,1,1
2017-12-30,2,1,0.5494133998013649,1,1
2017-12-31,2,0,0.5494133999453944,1,1
2018-01-01,2,1,0.5506070252526987,1,1
2018-01-02,2,1,0.5494133998871266,1,1
2018-01-03,2,1,0.5569663425574083,1,1
2018-01-04,2,1,0.5577011384431195,1,1
2018-01-05,2,1,0.5494133998013668,1,1
2018-01-06,2,0,0.5585993990044114,1,1
2018-01-07,2,0,0.5494231104647249,1,1
2018-01-08,2,0,0.5494134076591347,1,1
2018-01-09,2,1,0.549969801367684,1,1
2018-01-10,2,0,0.553866541392843,1,1
2018-01-11,2,1,0.5494133998019599,1,1
2018-01-12,2,1,0.5497914615003854,1,1
2018-01-13,2,0,0.5534303585324557,1,1
2018-01-14,2,1,0.5502642045639464,1,1
2018-01-15,2,0,0.5599251258215883,1,1
2018-01-16,2,0,0.5494133998013627,1,1
2018-01-17,2,1,0.551252431573425,1,1
2018-01-18,2,1,0.5554148874532837,1,1
2018-01-19,2,1,0.5629309809537073,1,1
2018-01-20,2,0,0.5494133998025578,1,1
2018-01-21,2,0,0.5494133998035496,1,1
2018-01-22,2,0,0.5494194767146969,1,1
2018-01-23,2,1,0.5583061612442638,1,1
2018-01-24,2,0,0.5501805893930944,1,1
2018-01-25,2,0,0.5580018188992402,1,1
2018-01-26,2,1,0.565468224949018,1,1
2018-01-27,2,1,0.5656866110580263,1,1
2018-01-28,2,0,0.5630690627116908,1,1
2018-01-29,2,0,0.5515193064113977,1,1
2018-01-30,2,1,0.5494133998015301,1,1
2018-01-31,2,0,0.5573586785738249,1,1
2018-02-01,2,0,0.5494133998014149,1,1
2018-02-02,2,1,0.5496105422527814,1,1
2018-02-03,2,0,0.5500563818194906,1,1
2018-02-04,2,0,0.549413399801918,1,1
2018-02-05,2,1,0.5494133998013626,1,1
2018-02-06,2,0,0.5494133998014016,1,1
2018-02-07,2,1,0.5556831501816234,1,1
2018-02-08,2,1,0.5494134196590859,1,1
2018-02-09,2,0,0.5494204922728909,1,1
2018-02-10,2,0,0.5563347695766606,1,1
2018-02-11,2,1,0.5494806963037346,1,1
2018-02-12,2,0,0.549413399812681,1,1
2018-02-13,2,1,0.5499496355872127,1,1
2018-02-14,2,1,0.5494133998019949,1,1
2018-02-15,2,1,0.5494137681957657,1,1
2018-02-16,2,1,0.5585350441216865,1,1
2018-02-17,2,0,0.5494134111334378,1,1
2018-02-18,2,1,0.5494459709035621,1,1
2018-02-19,2,1,0.5494157291741274,1,1
2018-02-20,2,0,0.5568902100964425,1,1
2018-02-21,2,0,0.5494167817497834,1,1
2018-02-22,2,1,0.5494140237492598,1,1
2018-02-23,2,0,0.5522381996035329,1,1
2018-02-24,2,0,0.5495204630630957,1,1
2018-02-25,2,1,0.5555063823729915,1,1
2018-02-26,2,1,0.5494141980271665,1,1
2018-02-27,2,0,0.5507537764752252,1,1
2018-02-28,2,1,0.5513415872422899,1,1
2018-03-01,2,1,0.5495149903354721,1,1
2018-03-02,2,1,0.5578227390253613,1,1
2018-03-03,2,1,0.5530106349815788,1,1
2018-03-04,2,1,0.5627228962748442,1,1
2018-03-05,2,0,0.5683116283589811,1,1
2018-03-06,2,0,0.5494175427255594,1,1
2018-03-07,2,0,0.5494134177006701,1,1
2018-03-08,2,0,0.5494258617715436,1,1
2018-03-09,2,0,0.5580205179106666,1,1
2018-03-10,2,1,0.5495703353044135,1,1
2018-03-11,2,0,0.5494134248518058,1,1
2018-03-12,2,0,0.5498009661839804,1,1
2018-03-13,2,0,0.5592310609156191,1,1
2018-03-14,2,1,0.5494133998033779,1,1
2018-03-15,2,1,0.5588615667455543,1,1
2018-03-16,2,0,0.566547128024259,1,1
2018-03-17,2,1,0.5499783856577322,1,1
2018-03-18,2,1,0.5513634016612169,1,1
2018-03-19,2,1,0.5496947093988691,1,1
2018-03-20,2,1,0.5512292027841376,1,1
2018-03-21,2,0,0.5610067376324652,1,1
2018-03-22,2,1,0.5625973273191485,1,1
2018-03-23,2,0,0.5664554582700703,1,1
2018-03-24,2,0,0.5652129075868115,1,1
2018-03-25,2,0,0.5663472570133952,1,1
2018-03-26,2,0,0.5579805968990559,1,1
2018-03-27,2,1,0.5498316754539362,1,1
2018-03-28,2,0,0.5572779511021158,1,1
2018-03-29,2,0,0.5494133998024893,1,1
2018-03-30,2,1,0.5496771907026717,1,1
2018-03-31,2,0,0.5576102499338462,1,1
2018-04-01,2,1,0.5610568739593318,1,1
2018-04-02,2,1,0.5564506609366683,1,1
2018-04-03,2,0,0.5497163455078709,1,1
2018-04-04,2,0,0.5494134030402184,1,1
2018-04-05,2,0,0.5579689912234695,1,1
2018-04-06,2,1,0.5600809328277896,1,1
2018-04-07,2,1,0.5516694453851406,1,1
2018-04-08,2,0,0.5590964356953049,1,1
2018-04-09,2,1,0.5532862222629771,1,1
2018-04-10,2,1,0.5621488237201712,1,1
2018-04-11,2,1,0.5661771695432611,1,1
2018-04-12,2,1,0.5494133998013627,1,1
2018-04-13,2,1,0.5588439013581145,1,1
2018-04-14,2,1,0.5661191739736372,1,1
2018-04-15,2,0,0.5539165609741549,1,1
2018-04-16,2,0,0.5522697562905323,1,1
2018-04-17,2,1,0.5579134232983511,1,1
2018-04-18,2,1,0.5560060525067116,1,1
2018-04-19,2,1,0.5625001386109327,1,1
2018-04-20,2,1,0.5494242578095194,1,1
2018-04-21,2,0,0.5584233125281884,1,1
2018-04-22,2,1,0.5649922022757405,1,1
2018-04-23,2,1,0.5683936353319733,1,1
2018-04-24,2,0,0.5494134553972883,1,1
2018-04-25,2,1,0.5494134006442548,1,1
2018-04-26,2,0,0.5495453590168058,1,1
2018-04-27,2,1,0.5503889720580589,1,1
2018-04-28,2,1,0.5501598055462772,1,1
2018-04-29,2,0,0.559602222359771,1,1
2018-04-30,2,0,0.5626077405738212,1,1
2018-05-01,2,1,0.5667388383887885,1,1
2018-05-02,2,1,0.5692825722835726,1,1
2018-05-03,2,0,0.5511575734898293,1,1
2018-05-04,2,1,0.5601241105731265,1,1
2018-05-05,2,0,0.5659962474434426,1,1
2018-05-06,2,0,0.5664523909360155,1,1
2018-05-07,2,0,0.560803276271467,1,1
2018-05-08,2,1,0.5650068129922052,1,1
2018-05-09,2,0,0.5688739586449769,1,1
2018-05-10,2,0,0.5647561401458138,1,1
2018-05-11,2,1,0.549416149291551,1,1
2018-05-12,2,1,0.5587773973677413,1,1
2018-05-13,2,0,0.5602501611107193,1,1
2018-05-14,2,0,0.5672910712307171,1,1
2018-05-15,2,0,0.5662663538368015,1,1
2018-05-16,2,0,0.5682122659065578,1,1
2018-05-17,2,1,0.5607655228701525,1,1
2018-05-18,2,0,0.5651633030428204,1,1
2018-05-19,2,1,0.5692148544380754,1,1
2018-05-20,2,0,0.5655167542781567,1,1
2018-05-21,2,0,0.5682449782104233,1,1
2018-05-22,2,0,0.5516559583253853,1,1
2018-05-23,2,1,0.5494146054519632,1,1
2018-05-24,2,0,0.5588536492957155,1,1
2018-05-25,2,0,0.564937528805594,1,1
2018-05-26,2,1,0.5671718702755322,1,1
2018-05-27,2,0,0.5698534925287202,1,1
2018-05-28,2,1,0.5641413115693356,1,1
2018-05-29,2,0,0.5508208603809766,1,1
2018-05-30,2,1,0.5590891124352606,1,1
2018-05-31,2,1,0.565443856563989,1,1
2018-06-01,2,1,0.5692469946338101,1,1
2018-06-02,2,1,0.5702530912587366,1,1
2018-06-03,2,0,0.5705833806932702,1,1
2018-06-04,2,1,0.5663093831987324,1,1
2018-06-05,2,1,0.5687347444852886,1,1
2018-06-06,2,1,0.5702962362910886,1,1
2018-06-07,2,0,0.5706850221624579,1,1
2018-06-08,2,0,0.5706715299182008,1,1
2018-06-09,2,0,0.5702666704952271,1,1
2018-06-10,2,1,0.5494133998125026,1,1
2018-06-11,2,0,0.5553890452154177,1,1
2018-06-12,2,0,0.5496007624979298,1,1
2018-06-13,2,1,0.5498887470097019,1,1
2018-06-14,2,0,0.549496441575294,1,1
2018-06-15,2,1,0.5504445327906199,1,1
2018-06-16,2,0,0.5579971850510163,1,1
2018-06-17,2,1,0.5649776090052963,1,1
2018-06-18,2,1,0.5583018038515148,1,1
2018-06-19,2,1,0.5661769293566519,1,1
2018-06-20,2,0,0.5695634520329556,1,1
2018-06-21,2,0,0.5703435700616792,1,1
2018-06-22,2,1,0.5494133999289988,1,1
2018-06-23,2,1,0.5573720558389614,1,1
2018-06-24,2,1,0.565764847409645,1,1
2018-06-25,2,0,0.5690420188424908,1,1
2018-06-26,2,1,0.5665842716725927,1,1
2018-06-27,2,0,0.5695416450226339,1,1
2018-06-28,2,1,0.5522143805440748,1,1
2018-06-29,2,1,0.5495424217950677,1,1
2018-06-30,2,0,0.5522108988777131,1,1
2018-07-01,2,1,0.5617860446094558,1,1
2018-07-02,2,0,0.5555155734482242,1,1
2018-07-03,2,1,0.5639834628691146,1,1
2018-07-04,2,1,0.5684105499834786,1,1
2018-07-05,2,1,0.5701840092628134,1,1
2018-07-06,2,1,0.5706212862176473,1,1
2018-07-07,2,0,0.5688585203196886,1,1
2018-07-08,2,0,0.5699031241773869,1,1
2018-07-09,2,0,0.5705468735328316,1,1
2018-07-10,2,1,0.5494612705993354,1,1
2018-07-11,2,0,0.5577538207544173,1,1
2018-07-12,2,1,0.5571452648809183,1,1
2018-07-13,2,1,0.5656742856913276,1,1
2018-07-14,2,1,0.5692981955485646,1,1
2018-07-15,2,1,0.5701581181287787,1,1
2018-07-16,2,1,0.5502272066514613,1,1
2018-07-17,2,1,0.5494134094754133,1,1
2018-07-18,2,1,0.5587464698335017,1,1
2018-07-19,2,0,0.5654530096040039,1,1
2018-07-20,2,1,0.5668445702631654,1,1
2018-07-21,2,0,0.569626940597442,1,1
2018-07-22,2,1,0.5705176384645225,1,1
2018-07-23,2,1,0.5643810361202504,1,1
2018-07-24,2,0,0.5494134047973442,1,1
2018-07-25,2,0,0.5511104542388372,1,1
2018-07-26,2,1,0.5521984298245743,1,1
2018-07-27,2,1,0.5545896377747066,1,1
2018-07-28,2,1,0.5639901545024973,1,1
2018-07-29,2,0,0.5688338038149013,1,1
2018-07-30,2,0,0.5701597209230113,1,1
2018-07-31,2,0,0.5503520373806084,1,1
2018-08-01,2,0,0.5553567429936733,1,1
2018-08-02,2,0,0.5632023038790055,1,1
2018-08-03,2,0,0.5642164075949722,1,1
2018-08-04,2,1,0.5495809147514105,1,1
2018-08-05,2,0,0.5590198277306604,1,1
2018-08-06,2,0,0.5641054607815502,1,1
2018-08-07,2,0,0.5588016254771695,1,1
2018-08-08,2,1,0.5494145979212992,1,1
2018-08-09,2,0,0.5500062554167013,1,1
2018-08-10,2,1,0.5494236307534578,1,1
2018-08-11,2,1,0.5559116286217148,1,1
2018-08-12,2,0,0.5648445949257115,1,1
2018-08-13,2,0,0.568969262828864,1,1
2018-08-14,2,1,0.5692638410958935,1,1
2018-08-15,2,1,0.5690813085283928,1,1
2018-08-16,2,1,0.5703754647091989,1,1
2018-08-17,2,0,0.564763076385747,1,1
2018-08-18,2,1,0.5635790883547596,1,1
2018-08-19,2,0,0.5678866743383142,1,1
2018-08-20,2,1,0.5625481682340349,1,1
2018-08-21,2,0,0.5628856722789125,1,1
2018-08-22,2,1,0.5649259509405896,1,1
2018-08-23,2,1,0.5643088615699823,1,1
2018-08-24,2,1,0.563789902905071,1,1
2018-08-25,2,0,0.5687122339736402,1,1
2018-08-26,2,1,0.569904783248697,1,1
2018-08-27,2,1,0.5686211265986703,1,1
2018-08-28,2,0,0.5673873851994764,1,1
2018-08-29,2,0,0.5694971232873995,1,1
2018-08-30,2,1,0.5699981995540967,1,1
2018-08-31,2,1,0.5705435490527316,1,1
2018-09-01,2,1,0.5699906964346748,1,1
2018-09-02,2,0,0.5704595277398248,1,1
2018-09-03,2,1,0.5706939787730669,1,1
2018-09-04,2,0,0.5706433501977497,1,1
2018-09-05,2,0,0.5494135674733054,1,1
2018-09-06,2,0,0.5495675599632829,1,1
2018-09-07,2,0,0.5580746627329458,1,1
2018-09-08,2,1,0.5514453762631242,1,1
2018-09-09,2,1,0.5597634362721955,1,1
2018-09-10,2,0,0.5669863472112184,1,1
2018-09-11,2,1,0.5697912006685536,1,1
2018-09-12,2,1,0.5705471382926631,1,1
2018-09-13,2,0,0.5689314559165655,1,1
2018-09-14,2,1,0.5703253462805761,1,1
2018-09-15,2,0,0.5706901547396585,1,1
2018-09-16,2,0,0.5707614779609665,1,1
2018-09-17,2,1,0.5613620688944769,1,1
2018-09-18,2,1,0.5666675084427133,1,1
2018-09-19,2,1,0.5696915680798731,1,1
2018-09-20,2,1,0.5697288529452975,1,1
2018-09-21,2,0,0.5660147816143435,1,1
2018-09-22,3,0,0.5691619619337056,1,1
2018-09-23,3,0,0.5693057308600399,1,1
2018-09-24,3,0,0.56863163121879,1,1
2018-09-25,3,1,0.5681673434127126,1,1
2018-09-26,3,1,0.569008813736225,1,1
2018-09-27,3,0,0.5675930814299759,1,1
2018-09-28,3,0,0.568806901553319,1,1
2018-09-29,3,1,0.5691672867487992,1,1
2018-09-30,3,0,0.5693235884750599,1,1
2018-10-01,3,0,0.5693052166667759,1,1
2018-10-02,3,0,0.5693072765343917,1,1
2018-10-03,3,1,0.5691719594693226,1,1
2018-10-04,3,1,0.5691422990366966,1,1
2018-10-05,3,0,0.5692651653982148,1,1
2018-10-06,3,1,0.5692987459321267,1,1
2018-10-07,3,1,0.5693552947179893,1,1
2018-10-08,3,0,0.5693629894010718,1,1
2018-10-09,3,0,0.5693386914458751,1,1
2018-10-10,3,0,0.5690033945668168,1,1
2018-10-11,3,1,0.5520649231024778,1,1
2018-10-12,3,1,0.5607774250244316,1,1
2018-10-13,3,1,0.566350914841935,1,1
2018-10-14,3,1,0.5684700872892303,1,1
2018-10-15,3,0,0.5475574166922403,1,1
2018-10-16,3,0,0.5555128432783268,1,1
2018-10-17,3,0,0.5625263380748257,1,1
2018-10-18,3,0,0.5659132658765543,1,1
2018-10-19,3,1,0.5679681552120333,1,1
2018-10-20,3,0,0.5689831303000982,1,1
2018-10-21,3,1,0.5692447598014996,1,1
2018-10-22,3,0,0.569340566507961,1,1
2018-10-23,3,1,0.569323310947544,1,1
2018-10-24,3,0,0.5693651736975279,1,1
2018-10-25,3,0,0.5693202055637197,1,1
2018-10-26,3,1,0.5693453373832442,1,1
2018-10-27,3,1,0.5693585743568764,1,1
2018-10-28,3,0,0.5693639948144371,1,1
2018-10-29,3,1,0.5669281681016793,1,1
2018-10-30,3,0,0.5686290944380964,1,1
2018-10-31,3,1,0.5690749548814,1,1
2018-11-01,3,1,0.5692254183342806,1,1
2018-11-02,3,0,0.5692191200902009,1,1
2018-11-03,3,1,0.5693104907030354,1,1
2018-11-04,3,1,0.5693612549676728,1,1
2018-11-05,3,1,0.5693555769229409,1,1
2018-11-06,3,1,0.5693750600838734,1,1
2018-11-07,3,0,0.5693268373586797,1,1
2018-11-08,3,0,0.5689663987740907,1,1
2018-11-09,3,1,0.568951258074156,1,1
2018-11-10,3,1,0.5692634982512516,1,1
2018-11-11,3,0,0.5693370953533442,1,1
2018-11-12,3,0,0.5692114070210184,1,1
2018-11-13,3,0,0.5692666154059586,1,1
2018-11-14,3,0,0.5457084176583984,1,1
2018-11-15,3,0,0.5499334140821475,1,1
2018-11-16,3,0,0.5564895736640365,1,1
2018-11-17,3,1,0.5639298266816328,1,1
2018-11-18,3,0,0.5671064288194199,1,1
2018-11-19,3,0,0.5457084150702565,1,1
2018-11-20,3,1,0.5457084172329535,1,1
2018-11-21,3,0,0.5470704212796936,1,1
2018-11-22,3,0,0.5458404680756394,1,1
2018-11-23,3,0,0.552149153347952,1,1
2018-11-24,3,1,0.5457084150786475,1,1
2018-11-25,3,0,0.5486374767892039,1,1
2018-11-26,3,1,0.5457314539047196,1,1
2018-11-27,3,1,0.5519374993517712,1,1
2018-11-28,3,1,0.5457084150783245,1,1
2018-11-29,3,0,0.5523642870611841,1,1
2018-11-30,3,1,0.5457233384947594,1,1
2018-12-01,3,0,0.5459307272698881,1,1
2018-12-02,3,0,0.5502641305662338,1,1
2018-12-03,3,1,0.5457383570088256,1,1
2018-12-04,3,0,0.5506145588732605,1,1
2018-12-05,3,0,0.5458636770993093,1,1
2018-12-06,3,0,0.5457158547677932,1,1
2018-12-07,3,1,0.5468317367358827,1,1
2018-12-08,3,1,0.5525498648998102,1,1
2018-12-09,3,0,0.5484594044450242,1,1
2018-12-10,3,0,0.5487478330472287,1,1
2018-12-11,3,1,0.551239337486038,1,1
2018-12-12,3,0,0.5574011315202815,1,1
2018-12-13,3,0,0.546357624815369,1,1
2018-12-14,3,0,0.5499435921790004,1,1
2018-12-15,3,1,0.5585044844848986,1,1
2018-12-16,3,1,0.5652022535891403,1,1
2018-12-17,3,1,0.5457089802928695,1,1
2018-12-18,3,1,0.5462836293921066,1,1
2018-12-19,3,1,0.552196954221188,1,1
2018-12-20,3,0,0.5457084161768384,1,1
2018-12-21,3,1,0.5457201244919787,1,1
2018-12-22,3,0,0.5476801171940289,1,1
2018-12-23,3,1,0.5552748325812618,1,1
2018-12-24,3,0,0.5607197881416633,1,1
2018-12-25,3,1,0.5457671006351561,1,1
2018-12-26,3,0,0.5521272994281474,1,1
2018-12-27,3,1,0.5459165880551536,1,1
2018-12-28,3,0,0.5457093067461312,1,1
2018-12-29,3,1,0.5485302867376715,1,1
2018-12-30,3,0,0.5555986251867254,1,1
2018-12-31,3,1,0.5549436008852779,1,1
2019-01-01,3,1,0.5562545772239007,1,1
2019-01-02,3,0,0.5579142338855527,1,1
2019-01-03,3,1,0.5589174745969825,1,1
2019-01-04,3,0,0.565319927359517,1,1
2019-01-05,3,1,0.5679363139064262,1,1
2019-01-06,3,0,0.547795819598748,1,1
2019-01-07,3,1,0.5526566458634945,1,1
2019-01-08,3,1,0.5612041223508936,1,1
2019-01-09,3,0,0.5665557855159289,1,1
2019-01-10,3,1,0.5457085742033408,1,1
2019-01-11,3,0,0.5524171310673562,1,1
2019-01-12,3,0,0.5602808371023774,1,1
2019-01-13,3,1,0.5567125566850284,1,1
2019-01-14,3,0,0.5507212960413655,1,1
2019-01-15,3,1,0.5540858488836775,1,1
2019-01-16,3,1,0.56244319329897,1,1
2019-01-17,3,0,0.5669953071655187,1,1
2019-01-18,3,1,0.5685547756763627,1,1
2019-01-19,3,0,0.5686259790561933,1,1
2019-01-20,3,0,0.5621361901097833,1,1
2019-01-21,3,1,0.5667244035808459,1,1
2019-01-22,3,0,0.568527125665406,1,1
2019-01-23,3,1,0.5689856573997989,1,1
2019-01-24,3,0,0.5692635402410052,1,1
2019-01-25,3,1,0.5693414728553123,1,1
2019-01-26,3,0,0.5693667096079489,1,1
2019-01-27,3,0,0.5692598286074864,1,1
2019-01-28,3,0,0.5659584028917901,1,1
2019-01-29,3,1,0.5681494786158823,1,1
2019-01-30,3,0,0.5689831035082323,1,1
2019-01-31,3,1,0.5691515216992801,1,1
2019-02-01,3,1,0.5690998895739632,1,1
2019-02-02,3,0,0.5691590504764764,1,1
2019-02-03,3,0,0.5685300123676895,1,1
2019-02-04,3,1,0.5691086342460004,1,1
2019-02-05,3,0,0.5693027144464253,1,1
2019-02-06,3,0,0.5687323539953291,1,1
2019-02-07,3,1,0.5688621732757911,1,1
2019-02-08,3,1,0.5458139739894518,1,1
2019-02-09,3,1,0.552560211261113,1,1
2019-02-10,3,0,0.5611978502134227,1,1
2019-02-11,3,1,0.5659202497229433,1,1
2019-02-12,3,0,0.5682964137945504,1,1
2019-02-13,3,0,0.5688317287101329,1,1
2019-02-14,3,1,0.5691274522296214,1,1
2019-02-15,3,1,0.5693010605714502,1,1
2019-02-16,3,1,0.5693473003768752,1,1
2019-02-17,3,1,0.5692334200230649,1,1
2019-02-18,3,1,0.5468956911311172,1,1
2019-02-19,3,1,0.5545157768130021,1,1
2019-02-20,3,0,0.5610006442745361,1,1
2019-02-21,3,1,0.5651227209824892,1,1
2019-02-22,3,1,0.5677963899551716,1,1
2019-02-23,3,0,0.5648251213033886,1,1
2019-02-24,3,1,0.5457093262184417,1,1
2019-02-25,3,0,0.5505602341252077,1,1
2019-02-26,3,0,0.5587318444000753,1,1
2019-02-27,3,1,0.5652095901919821,1,1
2019-02-28,3,1,0.5680383482534911,1,1
2019-03-01,3,1,0.568990559190657,1,1
2019-03-02,3,0,0.569259631899188,1,1
2019-03-03,3,0,0.5692314930546959,1,1
2019-03-04,3,1,0.5674866983903304,1,1
2019-03-05,3,1,0.5619137708843744,1,1
2019-03-06,3,1,0.5667882172852857,1,1
2019-03-07,3,0,0.5686045814842733,1,1
2019-03-08,3,1,0.5691670248834069,1,1
2019-03-09,3,0,0.5690206028464193,1,1
2019-03-10,3,0,0.5692303173821803,1,1
2019-03-11,3,1,0.568959405637118,1,1
2019-03-12,3,0,0.5692386296604356,1,1
2019-03-13,3,1,0.5692736234890096,1,1
2019-03-14,3,1,0.5692735986882794,1,1
2019-03-15,3,1,0.5692924723781726,1,1
2019-03-16,3,0,0.568847036096545,1,1
2019-03-17,3,1,0.5691342429452468,1,1
2019-03-18,3,1,0.5693025869823972,1,1
2019-03-19,3,1,0.5693477302155434,1,1
2019-03-20,3,0,0.5693709386896407,1,1
2019-03-21,3,0,0.5689331720553792,1,1
2019-03-22,3,1,0.5692362527377102,1,1
2019-03-23,3,0,0.5693423883767686,1,1
2019-03-24,3,0,0.5693234776539573,1,1
2019-03-25,3,1,0.5689989588486175,1,1
2019-03-26,3,1,0.5692764173065442,1,1
2019-03-27,3,0,0.5682056720432961,1,1
2019-03-28,3,1,0.5689413738152487,1,1
2019-03-29,3,1,0.5692266084396919,1,1
2019-03-30,3,0,0.5693398690673301,1,1
2019-03-31,3,1,0.5693331050301936,1,1
2019-04-01,3,1,0.5691553753818627,1,1
2019-04-02,3,1,0.5457084150702568,1,1
2019-04-03,3,0,0.5507371740674532,1,1
2019-04-04,3,1,0.5579104217161074,1,1
2019-04-05,3,1,0.5618269523073636,1,1
2019-04-06,3,1,0.5668123552895151,1,1
2019-04-07,3,1,0.566228921406334,1,1
2019-04-08,3,0,0.5678897326942107,1,1
2019-04-09,3,1,0.5682513224980326,1,1
2019-04-10,3,0,0.5672780157227447,1,1
2019-04-11,3,1,0.5474913463056643,1,1
2019-04-12,3,1,0.5553108641944511,1,1
2019-04-13,3,1,0.5633292584456494,1,1
2019-04-14,3,0,0.5668277381650677,1,1
2019-04-15,3,1,0.5659165960974291,1,1
2019-04-16,3,1,0.5611073754806786,1,1
2019-04-17,3,1,0.5664305268822335,1,1
2019-04-18,3,1,0.568428875980093,1,1
2019-04-19,3,1,0.569108083496294,1,1
2019-04-20,3,0,0.5692866267731932,1,1
2019-04-21,3,1,0.5692831179553408,1,1
2019-04-22,3,1,0.569150653369774,1,1
2019-04-23,3,0,0.5668526202233549,1,1
2019-04-24,3,0,0.5668289140120453,1,1
2019-04-25,3,1,0.5504134442140148,1,1
2019-04-26,3,0,0.5569980270206853,1,1
2019-04-27,3,1,0.5643251427681913,1,1
2019-04-28,3,0,0.5677835026257859,1,1
2019-04-29,3,1,0.5688318856697481,1,1
2019-04-30,3,1,0.5688250425736504,1,1
2019-05-01,3,1,0.5691598571367188,1,1
2019-05-02,3,1,0.5689009736686337,1,1
2019-05-03,3,1,0.5598993397192777,1,1
2019-05-04,3,0,0.56567023220344,1,1
2019-05-05,3,0,0.5680922423805018,1,1
2019-05-06,3,1,0.5688512180701047,1,1
2019-05-07,3,1,0.5688102915830736,1,1
2019-05-08,3,1,0.5676104645610102,1,1
2019-05-09,3,1,0.5663056933362404,1,1
2019-05-10,3,1,0.5645770897239843,1,1
2019-05-11,3,0,0.5457084150704495,1,1
2019-05-12,3,1,0.5463969898737053,1,1
2019-05-13,3,1,0.5457084150739097,1,1
2019-05-14,3,1,0.5501679428100678,1,1
2019-05-15,3,0,0.5558728917749995,1,1
2019-05-16,3,0,0.548332973529785,1,1
2019-05-17,3,0,0.5457117965069695,1,1
2019-05-18,3,1,0.5513851321040301,1,1
2019-05-19,3,0,0.5457084150705723,1,1
2019-05-20,3,0,0.5474132961378748,1,1
2019-05-21,3,0,0.5549200583435361,1,1
2019-05-22,3,1,0.5513566256702553,1,1
2019-05-23,3,1,0.5552460734828621,1,1
2019-05-24,3,1,0.562255636478527,1,1
2019-05-25,3,1,0.5668811110061641,1,1
2019-05-26,3,1,0.5457626893837088,1,1
2019-05-27,3,0,0.5519199661382171,1,1
2019-05-28,3,0,0.5582503031637834,1,1
2019-05-29,3,0,0.5643001555506768,1,1
2019-05-30,3,1,0.5516870390036877,1,1
2019-05-31,3,0,0.5509851223151434,1,1
2019-06-01,3,1,0.5594653218781417,1,1
2019-06-02,3,0,0.5634966790090148,1,1
2019-06-03,3,0,0.5458554939307251,1,1
2019-06-04,3,1,0.5457197324286761,1,1
2019-06-05,3,0,0.5510283488500831,1,1
2019-06-06,3,1,0.5597693566064146,1,1
2019-06-07,3,0,0.5590549900924081,1,1
2019-06-08,3,0,0.5642263495092859,1,1
2019-06-09,3,1,0.5587777677054276,1,1
2019-06-10,3,0,0.5521842272548467,1,1
2019-06-11,3,1,0.559667621646961,1,1
2019-06-12,3,1,0.5614317908277306,1,1
2019-06-13,3,1,0.5664682325693297,1,1
2019-06-14,3,1,0.5468000536518574,1,1
2019-06-15,3,1,0.5530118983551545,1,1
2019-06-16,3,1,0.5606680619971282,1,1
2019-06-17,3,0,0.559006968078425,1,1
2019-06-18,3,1,0.5557818895967465,1,1
2019-06-19,3,1,0.5628757769368878,1,1
2019-06-20,3,1,0.563720782011023,1,1
2019-06-21,3,1,0.545887664519841,1,1
2019-06-22,3,1,0.5459206871408415,1,1
2019-06-23,3,1,0.5519130857812292,1,1
2019-06-24,3,1,0.5592017275742445,1,1
2019-06-25,3,1,0.5457297970249945,1,1
2019-06-26,3,0,0.545708418276701,1,1
2019-06-27,3,1,0.5457084150702567,1,1
2019-06-28,3,0,0.5457084150795433,1,1
2019-06-29,3,0,0.5462981782667277,1,1
2019-06-30,3,0,0.5457084151584456,1,1
2019-07-01,3,1,0.5484134651014757,1,1
2019-07-02,3,1,0.5536712134425644,1,1
2019-07-03,3,0,0.5457084151622525,1,1
2019-07-04,3,0,0.5457115158542424,1,1
2019-07-05,3,1,0.5498078567973252,1,1
2019-07-06,3,1,0.5546517795315531,1,1
2019-07-07,3,1,0.559029795199307,1,1
2019-07-08,3,1,0.5457530630709373,1,1
2019-07-09,3,0,0.5497294279313546,1,1
2019-07-10,3,0,0.5476269223844391,1,1
2019-07-11,3,1,0.5457124967960219,1,1
2019-07-12,3,0,0.5461236249926494,1,1
2019-07-13,3,0,0.5467281596592682,1,1
2019-07-14,3,1,0.5457084152306578,1,1
2019-07-15,3,0,0.5457189291821413,1,1
2019-07-16,3,1,0.5457084150702572,1,1
2019-07-17,3,1,0.5495065725544478,1,1
2019-07-18,3,0,0.5457084182516658,1,1
2019-07-19,3,1,0.5509752821200588,1,1
2019-07-20,3,0,0.5554516208761018,1,1
2019-07-21,3,0,0.5607405241608089,1,1
2019-07-22,3,0,0.5605864814075978,1,1
2019-07-23,3,0,0.5500399614657042,1,1
2019-07-24,3,1,0.5575558754976053,1,1
2019-07-25,3,0,0.5640444699842466,1,1
2019-07-26,3,0,0.5676587289732459,1,1
2019-07-27,3,1,0.5571158405734455,1,1
2019-07-28,3,0,0.5642438121965123,1,1
2019-07-29,3,1,0.5675688508775844,1,1
2019-07-30,3,1,0.5687334213276571,1,1
2019-07-31,3,1,0.5552625166815972,1,1
2019-08-01,3,1,0.555615793003289,1,1
2019-08-02,3,1,0.5630949020282578,1,1
2019-08-03,3,1,0.5635465017847382,1,1
2019-08-04,3,1,0.5671039723453918,1,1
2019-08-05,3,0,0.54578206589132,1,1
2019-08-06,3,1,0.5490886323923372,1,1
2019-08-07,3,1,0.5466436261473991,1,1
2019-08-08,3,0,0.5540750672681326,1,1
2019-08-09,3,0,0.560726780426425,1,1
2019-08-10,3,1,0.5485614842099172,1,1
2019-08-11,3,0,0.5556295164564247,1,1
2019-08-12,3,0,0.561019621362306,1,1
2019-08-13,3,0,0.5488735337641671,1,1
2019-08-14,3,1,0.545708767161615,1,1
2019-08-15,3,1,0.548654552005218,1,1
2019-08-16,3,0,0.5570716245752689,1,1
2019-08-17,3,1,0.561611079749889,1,1
2019-08-18,3,1,0.5665325801948872,1,1
2019-08-19,3,0,0.5480558789312527,1,1
2019-08-20,3,0,0.5536968369144906,1,1
2019-08-21,3,0,0.5458003705777572,1,1
2019-08-22,3,1,0.5524279998512817,1,1
2019-08-23,3,0,0.5551640849101863,1,1
2019-08-24,3,0,0.5563789283558119,1,1
2019-08-25,3,1,0.5637197192996473,1,1
2019-08-26,3,0,0.5662666658493645,1,1
2019-08-27,3,0,0.5667511316574467,1,1
2019-08-28,3,0,0.5537991732685666,1,1
2019-08-29,3,1,0.5556170357764545,1,1
2019-08-30,3,1,0.56272513412843,1,1
2019-08-31,3,1,0.5671917023357128,1,1
2019-09-01,3,1,0.5685238590220485,1,1
2019-09-02,3,1,0.5486788313691613,1,1
2019-09-03,3,0,0.5532643968426383,1,1
2019-09-04,3,0,0.561342080091293,1,1
2019-09-05,3,0,0.5661381384119694,1,1
2019-09-06,3,1,0.5659123079628813,1,1
2019-09-07,3,0,0.5678782522008574,1,1
2019-09-08,3,0,0.5687185667270143,1,1
2019-09-09,3,0,0.568360971525858,1,1
2019-09-10,3,1,0.5678633274500654,1,1
2019-09-11,3,1,0.5689278095696663,1,1
2019-09-12,3,0,0.5686935058731268,1,1
2019-09-13,3,0,0.5691236270708915,1,1
2019-09-14,3,0,0.5692990301173021,1,1
2019-09-15,3,0,0.5693387845016181,1,1
2019-09-16,3,0,0.5692113567260817,1,1
2019-09-17,3,0,0.5692384335045166,1,1
2019-09-18,3,1,0.5692836595003254,1,1
2019-09-19,3,0,0.5692953354339583,1,1
2019-09-20,3,0,0.5691800325520765,1,1
2019-09-21,3,1,0.5685924234749984,1,1
2019-09-22,3,0,0.5691499730425899,1,1
2019-09-23,3,0,0.5643200256841062,1,1
2019-09-24,3,0,0.5457084150703911,1,1
2019-09-25,3,0,0.5493641418969735,1,1
2019-09-26,3,1,0.5462436667567582,1,1
2019-09-27,3,0,0.5513931181207092,1,1
2019-09-28,3,0,0.5600938147068558,1,1
2019-09-29,3,1,0.5637484491059387,1,1
2019-09-30,3,1,0.5653883913265941,1,1
2019-10-01,3,1,0.5680496297703436,1,1
2019-10-02,3,0,0.5689617905112794,1,1
2019-10-03,3,0,0.5687074667243877,1,1
2019-10-04,3,0,0.5690892375311721,1,1
2019-10-05,3,0,0.5691801030228945,1,1
2019-10-06,3,1,0.5682249763423902,1,1
2019-10-07,3,0,0.5658477882084316,1,1
2019-10-08,3,1,0.568214141100191,1,1
2019-10-09,3,0,0.5595695233133151,1,1
2019-10-10,3,0,0.565689427520516,1,1
2019-10-11,3,1,0.5628745075419352,1,1
2019-10-12,3,0,0.5672497752371256,1,1
2019-10-13,3,1,0.5686999385231536,1,1
2019-10-14,3,0,0.5691756452812626,1,1
2019-10-15,3,0,0.5679758320557726,1,1
2019-10-16,3,1,0.5676774818306867,1,1
2019-10-17,3,0,0.5688988348448436,1,1
2019-10-18,3,1,0.5687863731882165,1,1
2019-10-19,3,1,0.5692173920575058,1,1
2019-10-20,3,1,0.5676508823968883,1,1
2019-10-21,3,0,0.5687876292662941,1,1
2019-10-22,3,0,0.5683178612949261,1,1
2019-10-23,3,0,0.5457761839038718,1,1
2019-10-24,3,1,0.552351370831616,1,1
2019-10-25,3,1,0.5457084150702566,1,1
2019-10-26,3,1,0.5457325880575432,1,1
2019-10-27,3,0,0.5477185310518874,1,1
2019-10-28,3,1,0.5478532112915436,1,1
2019-10-29,3,0,0.5535138658361651,1,1
2019-10-30,3,0,0.5554840635992842,1,1
2019-10-31,3,1,0.5633317676233851,1,1
2019-11-01,3,1,0.5672938996309469,1,1
2019-11-02,3,0,0.5687352705440729,1,1
2019-11-03,3,1,0.568972868434242,1,1
2019-11-04,3,0,0.5687848944686927,1,1
2019-11-05,3,1,0.5689885769135098,1,1
2019-11-06,3,0,0.5692683837283649,1,1
2019-11-07,3,0,0.5690926405077037,1,1
2019-11-08,3,1,0.5548477197353351,1,1
2019-11-09,3,1,0.563006612992587,1,1
2019-11-10,3,0,0.563188620156224,1,1
2019-11-11,3,1,0.5572328165168794,1,1
2019-11-12,3,0,0.5645128521931041,1,1
2019-11-13,3,0,0.5677752474022497,1,1
2019-11-14,3,0,0.5685199622003567,1,1
2019-11-15,3,1,0.567125591379287,1,1
2019-11-16,3,1,0.5686845504769159,1,1
2019-11-17,3,0,0.5691884533389534,1,1
2019-11-18,3,0,0.5641158541027504,1,1
2019-11-19,3,0,0.5668022229341059,1,1
2019-11-20,3,0,0.5666705527865133,1,1
2019-11-21,3,0,0.5493713010131204,1,1
2019-11-22,3,1,0.5464268875091435,1,1
2019-11-23,3,0,0.5525390596597906,1,1
2019-11-24,3,1,0.5462144501680186,1,1
2019-11-25,3,1,0.5529694231892093,1,1
2019-11-26,3,1,0.5612402058248521,1,1
2019-11-27,3,0,0.5510561932617909,1,1
2019-11-28,3,1,0.5585867617949161,1,1
2019-11-29,3,0,0.5499457356100135,1,1
2019-11-30,3,0,0.5523755554311688,1,1
2019-12-01,3,0,0.5570879351553732,1,1
2019-12-02,3,0,0.5580040196167418,1,1
2019-12-03,3,0,0.5649646883979802,1,1
2019-12-04,3,1,0.5676559673380127,1,1
2019-12-05,3,1,0.5669192310255194,1,1
2019-12-06,3,1,0.5683473622155566,1,1
2019-12-07,3,1,0.5690799985294116,1,1
2019-12-08,3,0,0.5692958083305273,1,1
2019-12-09,3,0,0.5678696181897236,1,1
2019-12-10,3,0,0.5675547648238786,1,1
2019-12-11,3,1,0.5686704717400686,1,1
2019-12-12,3,1,0.5691843234153572,1,1
2019-12-13,3,0,0.5693277673809211,1,1
2019-12-14,3,1,0.568384001653257,1,1
2019-12-15,3,0,0.569099473031958,1,1
2019-12-16,3,0,0.5643563776807866,1,1
2019-12-17,3,1,0.5497571170684689,1,1
2019-12-18,3,0,0.5457084384714473,1,1
2019-12-19,3,1,0.5508042896845129,1,1
2019-12-20,3,0,0.5595503939327793,1,1
2019-12-21,3,1,0.5654893498276031,1,1
2019-12-22,3,0,0.5551623244221862,1,1
2019-12-23,3,0,0.5561774393471656,1,1
2019-12-24,3,0,0.5638277791170089,1,1
2019-12-25,3,0,0.5671950383186768,1,1
2019-12-26,3,1,0.5685652282177394,1,1
2019-12-27,3,1,0.5691235237183226,1,1
2019-12-28,3,1,0.5693115260372407,1,1
2019-12-29,3,0,0.5692001234907231,1,1
2019-12-30,3,0,0.5686462446742568,1,1
2019-12-31,3,1,0.5688853230475065,1,1
2020-01-01,3,0,0.5692249388734033,1,1
2020-01-02,3,1,0.5603301231322562,1,1
2020-01-03,3,1,0.5476902789951281,1,1
2020-01-04,3,1,0.5556492212818689,1,1
2020-01-05,3,1,0.5635258063928017,1,1
2020-01-06,3,1,0.5503295340313222,1,1
2020-01-07,3,0,0.5465011534721482,1,1
2020-01-08,3,0,0.5519909455169247,1,1
2020-01-09,4,1,0.5413055913535986,1,1
2020-01-10,4,0,0.5406829383439553,1,1
2020-01-11,4,1,0.544153323340054,1,1
2020-01-12,4,0,0.5471085648904802,1,1
2020-01-13,4,1,0.5508839756424635,1,1
2020-01-14,4,0,0.5396116621250883,1,1
2020-01-15,4,0,0.5439368408862245,1,1
2020-01-16,4,1,0.5486142241206724,1,1
2020-01-17,4,1,0.5495078786086598,1,1
2020-01-18,4,0,0.5522615373351022,1,1
2020-01-19,4,0,0.5511214800533728,1,1
2020-01-20,4,1,0.5527676700068137,1,1
2020-01-21,4,0,0.5532592390893186,1,1
2020-01-22,4,0,0.5534532459342426,1,1
2020-01-23,4,1,0.5509680589199855,1,1
2020-01-24,4,0,0.5527711401539006,1,1
2020-01-25,4,1,0.5532181633197263,1,1
2020-01-26,4,1,0.552497322982404,1,1
2020-01-27,4,1,0.5493463424978291,1,1
2020-01-28,4,0,0.5423417582367696,1,1
2020-01-29,4,1,0.5472178023193619,1,1
2020-01-30,4,0,0.54921168453633,1,1
2020-01-31,4,1,0.5512689153548205,1,1
2020-02-01,4,0,0.5528886794717777,1,1
2020-02-02,4,0,0.5533452617616836,1,1
2020-02-03,4,0,0.5534543897225717,1,1
2020-02-04,4,1,0.5533046739814641,1,1
2020-02-05,4,1,0.546193098698886,1,1
2020-02-06,4,1,0.5502527135209696,1,1
2020-02-07,4,1,0.552475787646854,1,1
2020-02-08,4,1,0.5531926615976436,1,1
2020-02-09,4,0,0.5526783646939061,1,1
2020-02-10,4,1,0.5512468125320654,1,1
2020-02-11,4,1,0.5491544228397501,1,1
2020-02-12,4,0,0.5519263433235747,1,1
2020-02-13,4,1,0.5527507282350013,1,1
2020-02-14,4,0,0.5532781701138821,1,1
2020-02-15,4,1,0.5467277148055228,1,1
2020-02-16,4,0,0.5509360983652596,1,1
2020-02-17,4,1,0.5498939315839213,1,1
2020-02-18,4,0,0.5415773650851267,1,1
2020-02-19,4,0,0.5397558486504783,1,1
2020-02-20,4,1,0.5443406629105312,1,1
2020-02-21,4,0,0.5488618464264028,1,1
2020-02-22,4,1,0.5519455761107425,1,1
2020-02-23,4,0,0.5513687900021782,1,1
2020-02-24,4,0,0.5499906639567664,1,1
2020-02-25,4,0,0.5474431799876782,1,1
2020-02-26,4,0,0.5397342968454898,1,1
2020-02-27,4,0,0.5442312092779162,1,1
2020-02-28,4,0,0.5483953782668444,1,1
2020-02-29,4,0,0.5514638681790844,1,1
2020-03-01,4,1,0.5528923245038229,1,1
2020-03-02,4,0,0.5500800357231489,1,1
2020-03-03,4,0,0.5521745418242954,1,1
2020-03-04,4,1,0.5531832725510407,1,1
2020-03-05,4,1,0.549483714404251,1,1
2020-03-06,4,0,0.5520682135654079,1,1
2020-03-07,4,0,0.5512675084714257,1,1
2020-03-08,4,0,0.5396081301738929,1,1
2020-03-09,4,0,0.5409243263992782,1,1
2020-03-10,4,1,0.5458827825094563,1,1
2020-03-11,4,0,0.5504297418999212,1,1
2020-03-12,4,1,0.53960810101275,1,1
2020-03-13,4,0,0.5396081010134206,1,1
2020-03-14,4,1,0.539609194465909,1,1
2020-03-15,4,0,0.540332990723487,1,1
2020-03-16,4,1,0.5396094306890206,1,1
2020-03-17,4,1,0.5399405264181457,1,1
2020-03-18,4,1,0.5445750008314473,1,1
2020-03-19,4,1,0.539608101012751,1,1
2020-03-20,4,0,0.5440814585911606,1,1
2020-03-21,4,0,0.5492099270094005,1,1
2020-03-22,4,1,0.5397524891095921,1,1
2020-03-23,4,1,0.5396081011350398,1,1
2020-03-24,4,0,0.539683139360957,1,1
2020-03-25,4,1,0.5438442356854409,1,1
2020-03-26,4,0,0.5490299114421996,1,1
2020-03-27,4,0,0.5440446420363957,1,1
2020-03-28,4,0,0.5418180654848752,1,1
2020-03-29,4,1,0.5396840549987426,1,1
2020-03-30,4,1,0.5396081226491417,1,1
2020-03-31,4,1,0.5441085998102712,1,1
2020-04-01,4,1,0.5453942353409268,1,1
2020-04-02,4,0,0.5461140850439875,1,1
2020-04-03,4,1,0.5500941971404208,1,1
2020-04-04,4,0,0.5513870504291271,1,1
2020-04-05,4,1,0.5526008145224955,1,1
2020-04-06,4,0,0.539658111473801,1,1
2020-04-07,4,1,0.5429953675180779,1,1
2020-04-08,4,0,0.5456567512012851,1,1
2020-04-09,4,0,0.5502758231919611,1,1
2020-04-10,4,0,0.5397472887260072,1,1
2020-04-11,4,1,0.544312935815976,1,1
2020-04-12,4,0,0.548396885928048,1,1
2020-04-13,4,0,0.5503187568821997,1,1
2020-04-14,4,0,0.5525442960420354,1,1
2020-04-15,4,1,0.5496365508810772,1,1
2020-04-16,4,0,0.5396507801429841,1,1
2020-04-17,4,1,0.5441763799938619,1,1
2020-04-18,4,0,0.5469485374428728,1,1
2020-04-19,4,0,0.5503064881868585,1,1
2020-04-20,4,0,0.542528846216746,1,1
2020-04-21,4,1,0.5478514848559964,1,1
2020-04-22,4,1,0.5451742021120614,1,1
2020-04-23,4,1,0.5420357795319016,1,1
2020-04-24,4,1,0.5456652811341872,1,1
2020-04-25,4,1,0.5503527448082854,1,1
2020-04-26,4,1,0.552207954924121,1,1
2020-04-27,4,1,0.5529583801455243,1,1
2020-04-28,4,1,0.5534207626995287,1,1
2020-04-29,4,0,0.539608101013024,1,1
2020-04-30,4,1,0.5423610222997381,1,1
2020-05-01,4,1,0.5451648062676577,1,1
2020-05-02,4,0,0.5494061295219076,1,1
2020-05-03,4,1,0.5515538521589057,1,1
2020-05-04,4,1,0.5529921945287447,1,1
2020-05-05,4,1,0.5533841871553004,1,1
2020-05-06,4,1,0.5522226687865954,1,1
2020-05-07,4,0,0.5396595961188076,1,1
2020-05-08,4,0,0.5431416078798696,1,1
2020-05-09,4,0,0.5436875964937942,1,1
2020-05-10,4,0,0.5396081190769504,1,1
2020-05-11,4,1,0.5426563637225494,1,1
2020-05-12,4,1,0.5439946334312376,1,1
2020-05-13,4,1,0.5398185459594266,1,1
2020-05-14,4,0,0.5397598144577358,1,1
2020-05-15,4,1,0.5400275245954059,1,1
2020-05-16,4,1,0.5447824936881884,1,1
2020-05-17,4,1,0.5447138506821747,1,1
2020-05-18,4,1,0.549669657906072,1,1
2020-05-19,4,0,0.5523244361247005,1,1
2020-05-20,4,0,0.5521970912063346,1,1
2020-05-21,4,1,0.5416135124159174,1,1
2020-05-22,4,1,0.5463197030929543,1,1
2020-05-23,4,0,0.5507448257258112,1,1
2020-05-24,4,1,0.5416671841561987,1,1
2020-05-25,4,0,0.5455738005520361,1,1
2020-05-26,4,1,0.549769038031651,1,1
2020-05-27,4,1,0.5453018085490103,1,1
2020-05-28,4,0,0.5432496277117753,1,1
2020-05-29,4,1,0.5475908497581585,1,1
2020-05-30,4,0,0.5483706307726053,1,1
2020-05-31,4,1,0.5476181048017111,1,1
2020-06-01,4,0,0.5396101353128606,1,1
2020-06-02,4,1,0.5396097802966278,1,1
2020-06-03,4,1,0.543384065197247,1,1
2020-06-04,4,0,0.5478603034181723,1,1
2020-06-05,4,0,0.5508837785173212,1,1
2020-06-06,4,1,0.5527494841070771,1,1
2020-06-07,4,1,0.5532701347557537,1,1
2020-06-08,4,1,0.5535079759854344,1,1
2020-06-09,4,1,0.5535722947405053,1,1
2020-06-10,4,0,0.5535748891906029,1,1
2020-06-11,4,1,0.5407654301738347,1,1
2020-06-12,4,0,0.5445403422881453,1,1
2020-06-13,4,0,0.549563179084594,1,1
2020-06-14,4,1,0.5518855468057746,1,1
2020-06-15,4,1,0.5530659472739173,1,1
2020-06-16,4,0,0.5533887679343997,1,1
2020-06-17,4,0,0.5534697558772623,1,1
2020-06-18,4,0,0.5535421164471513,1,1
2020-06-19,4,1,0.553278752624368,1,1
2020-06-20,4,0,0.5535060156240021,1,1
2020-06-21,4,1,0.5535401043710995,1,1
2020-06-22,4,0,0.5507462653002759,1,1
2020-06-23,4,0,0.5527187776914684,1,1
2020-06-24,4,0,0.5491934774522266,1,1
2020-06-25,4,0,0.5519004588012401,1,1
2020-06-26,4,0,0.5527999427919266,1,1
2020-06-27,4,1,0.5530083453222795,1,1
2020-06-28,4,1,0.5533632010256505,1,1
2020-06-29,4,0,0.5535274665327771,1,1
2020-06-30,4,1,0.5535296122112533,1,1
2020-07-01,4,0,0.5535580414311723,1,1
2020-07-02,4,0,0.5533644282893116,1,1
2020-07-03,4,1,0.5535273852710608,1,1
2020-07-04,4,0,0.5535762475244894,1,1
2020-07-05,4,1,0.5535028538602289,1,1
2020-07-06,4,0,0.5521028639995073,1,1
2020-07-07,4,1,0.55280019519351,1,1
2020-07-08,4,0,0.5531137710080967,1,1
2020-07-09,4,1,0.5528462381323741,1,1
2020-07-10,4,0,0.5533834339226796,1,1
2020-07-11,4,1,0.5534835757855618,1,1
2020-07-12,4,0,0.5535629703670356,1,1
2020-07-13,4,0,0.553581233896726,1,1
2020-07-14,4,0,0.5535853449500121,1,1
2020-07-15,4,0,0.5535489407838076,1,1
2020-07-16,4,1,0.5535099043439694,1,1
2020-07-17,4,1,0.5535733692739686,1,1
2020-07-18,4,1,0.5535871453363634,1,1
2020-07-19,4,0,0.5535903557970698,1,1
2020-07-20,4,1,0.5535546487157145,1,1
2020-07-21,4,1,0.5530262308621388,1,1
2020-07-22,4,1,0.5533178519992219,1,1
2020-07-23,4,0,0.5534968389049437,1,1
2020-07-24,4,1,0.5535334429371298,1,1
2020-07-25,4,1,0.5534327507394611,1,1
2020-07-26,4,1,0.5531027250691645,1,1
2020-07-27,4,0,0.5396081037972195,1,1
2020-07-28,4,1,0.5433341737875321,1,1
2020-07-29,4,1,0.5471539049606703,1,1
2020-07-30,4,1,0.5511975078862291,1,1
2020-07-31,4,1,0.5518309949004687,1,1
2020-08-01,4,0,0.5481543078963459,1,1
2020-08-02,4,1,0.5396626613728446,1,1
2020-08-03,4,0,0.5426983474732714,1,1
2020-08-04,4,1,0.5480424072834177,1,1
2020-08-05,4,1,0.5407925455443919,1,1
2020-08-06,4,0,0.5459041193434314,1,1
2020-08-07,4,1,0.5495525517764841,1,1
2020-08-08,4,0,0.5519881330983196,1,1
2020-08-09,4,1,0.5530475656892273,1,1
2020-08-10,4,0,0.55302497100044,1,1
2020-08-11,4,1,0.5469916867620175,1,1
2020-08-12,4,1,0.550095042285405,1,1
2020-08-13,4,0,0.5513118043072373,1,1
2020-08-14,4,1,0.5529079324942814,1,1
2020-08-15,4,1,0.5533089097245528,1,1
2020-08-16,4,1,0.5535163500611859,1,1
2020-08-17,4,0,0.5520066857898458,1,1
2020-08-18,4,0,0.5517457084559325,1,1
2020-08-19,4,1,0.5522452724002801,1,1
2020-08-20,4,0,0.5531315923157473,1,1
2020-08-21,4,1,0.5523665620615652,1,1
2020-08-22,4,0,0.5532065282250707,1,1
2020-08-23,4,1,0.553477265882629,1,1
2020-08-24,4,0,0.5535080357720599,1,1
2020-08-25,4,1,0.5505385227297244,1,1
2020-08-26,4,0,0.5524773832195587,1,1
2020-08-27,4,1,0.5526084536581231,1,1
2020-08-28,4,0,0.5524139576307513,1,1
2020-08-29,4,1,0.5532177706512704,1,1
2020-08-30,4,0,0.5532910718351196,1,1
2020-08-31,4,1,0.553507503504751,1,1
2020-09-01,4,0,0.5530340179334104,1,1
2020-09-02,4,0,0.5433064260004293,1,1
2020-09-03,4,1,0.53960810104324,1,1
2020-09-04,4,0,0.541755517205632,1,1
2020-09-05,4,1,0.5407714618703516,1,1
2020-09-06,4,1,0.5454737028808735,1,1
2020-09-07,4,0,0.550070562280865,1,1
2020-09-08,4,1,0.5501464331223939,1,1
2020-09-09,4,1,0.5523021336370945,1,1
2020-09-10,4,1,0.5530190280623728,1,1
2020-09-11,4,1,0.553437646556703,1,1
2020-09-12,4,0,0.5535524296124302,1,1
2020-09-13,4,1,0.5533749640993365,1,1
2020-09-14,4,1,0.5511753673641087,1,1
2020-09-15,4,1,0.5526927379971672,1,1
2020-09-16,4,0,0.553041553026123,1,1
2020-09-17,4,0,0.553429146639638,1,1
2020-09-18,4,1,0.5535495227483174,1,1
2020-09-19,4,0,0.5533321705114518,1,1
2020-09-20,4,0,0.5531303907990107,1,1
2020-09-21,4,1,0.544030448918825,1,1
2020-09-22,4,0,0.5491092311377472,1,1
2020-09-23,4,1,0.5480900810463061,1,1
2020-09-24,4,0,0.5408642755438425,1,1
2020-09-25,4,1,0.545688581964273,1,1
2020-09-26,4,1,0.550315994494081,1,1
2020-09-27,4,0,0.5525695084092581,1,1
2020-09-28,4,1,0.5531492578819237,1,1
2020-09-29,4,0,0.5533495549629535,1,1
2020-09-30,4,0,0.5534316502202489,1,1
2020-10-01,4,0,0.5532617459596133,1,1
2020-10-02,4,0,0.5535058024196253,1,1
2020-10-03,4,1,0.553534115909894,1,1
2020-10-04,4,1,0.553513246252815,1,1
2020-10-05,4,0,0.5534772761820382,1,1
2020-10-06,4,1,0.5529013840778526,1,1
2020-10-07,4,1,0.5533087643221283,1,1
2020-10-08,4,1,0.5531022132984174,1,1
2020-10-09,4,1,0.55331858662152,1,1
2020-10-10,4,1,0.5531513147913228,1,1
2020-10-11,4,1,0.5534520627184493,1,1
2020-10-12,4,0,0.5534308914226741,1,1
2020-10-13,4,1,0.5533506181783087,1,1
2020-10-14,4,1,0.5535285312096815,1,1
2020-10-15,4,0,0.5535372038606964,1,1
2020-10-16,4,1,0.5533876328543335,1,1
2020-10-17,4,1,0.553533419477696,1,1
2020-10-18,4,1,0.5535131863468487,1,1
2020-10-19,4,1,0.5530196633805611,1,1
2020-10-20,4,1,0.5532548953053809,1,1
2020-10-21,4,1,0.5396394395070121,1,1
2020-10-22,4,0,0.5437339416938894,1,1
2020-10-23,4,1,0.5488949019947149,1,1
2020-10-24,4,0,0.5516329543659451,1,1
2020-10-25,4,1,0.5528855849815681,1,1
2020-10-26,4,1,0.5533969175987227,1,1
2020-10-27,4,0,0.5459771619170575,1,1
2020-10-28,4,1,0.5443209033008265,1,1
2020-10-29,4,1,0.5489602135248817,1,1
2020-10-30,4,1,0.5518499359571972,1,1
2020-10-31,4,0,0.5527171540425211,1,1
2020-11-01,4,0,0.5532978359748176,1,1
2020-11-02,4,1,0.5533885779435276,1,1
2020-11-03,4,1,0.5517780795098615,1,1
2020-11-04,4,1,0.552810980938888,1,1
2020-11-05,4,0,0.539608108144415,1,1
2020-11-06,4,0,0.5440234767707379,1,1
2020-11-07,4,1,0.5398377869012304,1,1
2020-11-08,4,0,0.5399332760977652,1,1
2020-11-09,4,0,0.5441220752621321,1,1
2020-11-10,4,1,0.5491467514194822,1,1
2020-11-11,4,1,0.549573759515894,1,1
2020-11-12,4,1,0.5455617172916434,1,1
2020-11-13,4,0,0.5502773748039171,1,1
2020-11-14,4,0,0.551217623811069,1,1
2020-11-15,4,1,0.5527602702884601,1,1
2020-11-16,4,1,0.5433294049733186,1,1
2020-11-17,4,1,0.5398761212064486,1,1
2020-11-18,4,1,0.5442866626192989,1,1
2020-11-19,4,1,0.5493855152867511,1,1
2020-11-20,4,1,0.5434464197646381,1,1
2020-11-21,4,0,0.5486678063172937,1,1
2020-11-22,4,0,0.5507984237653334,1,1
2020-11-23,4,1,0.5526946113108345,1,1
2020-11-24,4,0,0.5480056642785903,1,1
2020-11-25,4,0,0.5488455704846843,1,1
2020-11-26,4,0,0.5396081282394192,1,1
2020-11-27,4,1,0.543897998824299,1,1
2020-11-28,4,1,0.5421990719561285,1,1
2020-11-29,4,1,0.543748772993552,1,1
2020-11-30,4,0,0.5396089599981941,1,1
2020-12-01,4,1,0.5397644988122938,1,1
2020-12-02,4,1,0.5425993186821907,1,1
2020-12-03,4,0,0.5471241969566628,1,1
2020-12-04,4,1,0.5433278156847396,1,1
2020-12-05,4,1,0.5454409499717958,1,1
2020-12-06,4,0,0.5497785930479979,1,1
2020-12-07,4,0,0.5520636658763596,1,1
2020-12-08,4,1,0.5432841826156909,1,1
2020-12-09,4,0,0.5476680402838686,1,1
2020-12-10,4,0,0.5503471523066276,1,1
2020-12-11,4,1,0.551947147210891,1,1
2020-12-12,4,1,0.5471866396748855,1,1
2020-12-13,4,1,0.5500619602563371,1,1
2020-12-14,4,1,0.5524643399216411,1,1
2020-12-15,4,1,0.5532223817287667,1,1
2020-12-16,4,1,0.53960813660708,1,1
2020-12-17,4,1,0.5396128062170958,1,1
2020-12-18,4,1,0.5436496823946548,1,1
2020-12-19,4,0,0.544100946027982,1,1
2020-12-20,4,0,0.5476119683909069,1,1
2020-12-21,4,1,0.5455401614277147,1,1
2020-12-22,4,0,0.5404624344346592,1,1
2020-12-23,4,1,0.5433625061533061,1,1
2020-12-24,4,1,0.5468234530203504,1,1
2020-12-25,4,1,0.5433024197979,1,1
2020-12-26,4,0,0.5396120875153951,1,1
2020-12-27,4,1,0.5433766860537644,1,1
2020-12-28,4,1,0.5433747412224413,1,1
2020-12-29,4,1,0.5479540570162985,1,1
2020-12-30,4,1,0.5399446339483209,1,1
2020-12-31,4,1,0.5445007517632293,1,1
2021-01-01,4,1,0.5485948074676495,1,1
2021-01-02,4,1,0.5396081064366166,1,1
2021-01-03,4,0,0.5429723293178339,1,1
2021-01-04,4,1,0.5437528437741294,1,1
2021-01-05,4,1,0.5396394400526637,1,1
2021-01-06,4,1,0.5396081290871078,1,1
2021-01-07,4,1,0.5396102285262627,1,1
2021-01-08,4,0,0.5404272056400885,1,1
2021-01-09,4,0,0.5439925725633368,1,1
2021-01-10,4,0,0.5398722891050293,1,1
2021-01-11,4,0,0.5396083001932737,1,1
2021-01-12,4,1,0.5397201406865962,1,1
2021-01-13,4,1,0.5396081011898395,1,1
2021-01-14,4,0,0.5396871845452835,1,1
2021-01-15,4,0,0.5396106762441887,1,1
2021-01-16,4,0,0.5422634569866951,1,1
2021-01-17,4,1,0.5466179777343037,1,1
2021-01-18,4,0,0.5485965923743218,1,1
2021-01-19,4,0,0.5501224725630133,1,1
2021-01-20,4,0,0.5514828105482635,1,1
2021-01-21,4,1,0.5396081010127523,1,1
2021-01-22,4,0,0.5396094033105708,1,1
2021-01-23,4,1,0.5406939520887687,1,1
2021-01-24,4,1,0.5455780770051213,1,1
2021-01-25,4,1,0.550300223504924,1,1
2021-01-26,4,0,0.5525136967130977,1,1
2021-01-27,4,1,0.5396816113102674,1,1
2021-01-28,4,1,0.5396081012945307,1,1
2021-01-29,4,0,0.5420638214068101,1,1
2021-01-30,4,0,0.547409026974155,1,1
2021-01-31,4,1,0.5448920002172525,1,1
2021-02-01,4,1,0.5489519430867307,1,1
2021-02-02,4,1,0.5398923493882193,1,1
2021-02-03,4,0,0.539647449794055,1,1
2021-02-04,4,1,0.5432672110473484,1,1
2021-02-05,4,1,0.5427751395913762,1,1
2021-02-06,4,0,0.5440086422911156,1,1
2021-02-07,4,1,0.5487336861259992,1,1
2021-02-08,4,1,0.539608101012751,1,1
2021-02-09,4,0,0.5439824440188835,1,1
2021-02-10,4,1,0.5416102332016587,1,1
2021-02-11,4,0,0.5396147372835295,1,1
2021-02-12,4,0,0.5435803033608231,1,1
2021-02-13,4,1,0.5483168434343696,1,1
2021-02-14,4,0,0.5461254502653695,1,1
2021-02-15,4,1,0.549143670204379,1,1
2021-02-16,4,1,0.5499647669246064,1,1
2021-02-17,4,0,0.5399392514709008,1,1
2021-02-18,4,1,0.544252107881212,1,1
2021-02-19,4,1,0.5396086926791128,1,1
2021-02-20,4,1,0.5440693545944331,1,1
2021-02-21,4,0,0.5474582643647075,1,1
2021-02-22,4,0,0.5396714226593197,1,1
2021-02-23,4,1,0.5396081010373084,1,1
2021-02-24,4,0,0.542375098629299,1,1
2021-02-25,4,0,0.5396749082997736,1,1
2021-02-26,4,0,0.5426253258108857,1,1
2021-02-27,4,0,0.5478029684725757,1,1
2021-02-28,4,1,0.5481105881031703,1,1
2021-03-01,4,0,0.5396081021589628,1,1
2021-03-02,4,1,0.5413493462919462,1,1
2021-03-03,4,0,0.5400079537606842,1,1
2021-03-04,4,1,0.5399441487330913,1,1
2021-03-05,4,0,0.5445980427886534,1,1
2021-03-06,4,1,0.5495968823811463,1,1
2021-03-07,4,1,0.5416616901746303,1,1
2021-03-08,4,1,0.5445919184513328,1,1
2021-03-09,4,1,0.5401132497018899,1,1
2021-03-10,4,1,0.5427644423477589,1,1
2021-03-11,4,0,0.5425822491698846,1,1
2021-03-12,4,1,0.5474191311457831,1,1
2021-03-13,4,0,0.5396319187071892,1,1
2021-03-14,4,0,0.5400415833940051,1,1
2021-03-15,4,1,0.5396270591762442,1,1
2021-03-16,4,1,0.5430159711274252,1,1
2021-03-17,4,0,0.5415407531286544,1,1
2021-03-18,4,1,0.5443993923858397,1,1
2021-03-19,4,0,0.5492371402721268,1,1
2021-03-20,4,0,0.552136103510975,1,1
2021-03-21,4,0,0.5529817282241917,1,1
2021-03-22,4,1,0.5416311935378504,1,1
2021-03-23,4,0,0.5469228295298543,1,1
2021-03-24,4,0,0.5428485717847961,1,1
2021-03-25,4,1,0.5449571371588734,1,1
2021-03-26,4,1,0.5396243877432453,1,1
2021-03-27,4,0,0.5432347643847097,1,1
2021-03-28,4,1,0.5485209725464271,1,1
2021-03-29,4,1,0.5470672131594578,1,1
2021-03-30,4,1,0.5497917456745058,1,1
2021-03-31,4,1,0.5523658853650257,1,1
2021-04-01,4,1,0.5532460494453265,1,1
2021-04-02,4,0,0.5534938194061197,1,1
2021-04-03,4,1,0.5512406834461832,1,1
2021-04-04,4,1,0.551942630757737,1,1
2021-04-05,4,0,0.5530992590755417,1,1
2021-04-06,4,0,0.5531669704187631,1,1
2021-04-07,4,1,0.5485511277129513,1,1
2021-04-08,4,0,0.5431014540549101,1,1
2021-04-09,4,1,0.5483181471685391,1,1
2021-04-10,4,1,0.5488637574452114,1,1
2021-04-11,4,0,0.5519767050389113,1,1
2021-04-12,4,1,0.5530243651933134,1,1
2021-04-13,4,0,0.540687532630636,1,1
2021-04-14,4,1,0.5449946508437928,1,1
2021-04-15,4,0,0.5498969984482001,1,1
2021-04-16,4,0,0.5484932354460101,1,1
2021-04-17,4,0,0.5513586615638756,1,1
2021-04-18,4,0,0.5396191233863253,1,1
2021-04-19,4,1,0.5434388138415212,1,1
2021-04-20,4,0,0.5479878828862582,1,1
2021-04-21,4,0,0.5403467317494511,1,1
2021-04-22,4,0,0.5397810632110135,1,1
2021-04-23,4,0,0.5427776404235658,1,1
2021-04-24,4,0,0.5448570644595737,1,1
2021-04-25,4,1,0.5461055961704724,1,1
2021-04-26,4,1,0.5396081014080112,1,1
2021-04-27,5,0,0.5500589750079814,1,1
2021-04-28,5,0,0.5521351435847519,1,1
2021-04-29,5,1,0.5514089077647715,1,1
2021-04-30,5,1,0.5397287265168418,1,1
2021-05-01,5,0,0.5449000548235855,1,1
2021-05-02,5,1,0.5468287840171105,1,1
2021-05-03,5,0,0.5505074952216511,1,1
2021-05-04,5,1,0.5397263216520362,1,1
2021-05-05,5,0,0.5397145353881053,1,1
2021-05-06,5,1,0.5436755551238648,1,1
2021-05-07,5,1,0.548224420480756,1,1
2021-05-08,5,0,0.5496252686350838,1,1
2021-05-09,5,0,0.5516898426966644,1,1
2021-05-10,5,1,0.5448157351652225,1,1
2021-05-11,5,0,0.5485381589747452,1,1
2021-05-12,5,1,0.5397137169494404,1,1
2021-05-13,5,1,0.54477667014844,1,1
2021-05-14,5,0,0.5497380835935697,1,1
2021-05-15,5,0,0.5397628332651384,1,1
2021-05-16,5,0,0.5443846975491134,1,1
2021-05-17,5,0,0.5397165734330338,1,1
2021-05-18,5,0,0.5440695692270943,1,1
2021-05-19,5,1,0.5397137169494404,1,1
2021-05-20,5,0,0.5397137171680786,1,1
2021-05-21,5,1,0.5397137741857719,1,1
2021-05-22,5,0,0.5448693554032475,1,1
2021-05-23,5,1,0.5397162972602364,1,1
2021-05-24,5,0,0.539713716952525,1,1
2021-05-25,5,1,0.5442623723641532,1,1
2021-05-26,5,0,0.5466182765339342,1,1
2021-05-27,5,0,0.5480311243649288,1,1
2021-05-28,5,0,0.5397191696933924,1,1
2021-05-29,5,1,0.5408409964096368,1,1
2021-05-30,5,1,0.5418899961957133,1,1
2021-05-31,5,0,0.5402931780027195,1,1
2021-06-01,5,1,0.5438352888831977,1,1
2021-06-02,5,1,0.5459021951320356,1,1
2021-06-03,5,0,0.5414667203480921,1,1
2021-06-04,5,0,0.5397464870912271,1,1
2021-06-05,5,1,0.5403427753201275,1,1
2021-06-06,5,0,0.5453201301768613,1,1
2021-06-07,5,0,0.5398341013379466,1,1
2021-06-08,5,1,0.5447814730001861,1,1
2021-06-09,5,0,0.5397137169577245,1,1
2021-06-10,5,1,0.5428138353708896,1,1
2021-06-11,5,0,0.5473561678426648,1,1
2021-06-12,5,1,0.5404970298673374,1,1
2021-06-13,5,1,0.5397137182246543,1,1
2021-06-14,5,1,0.542112491590603,1,1
2021-06-15,5,0,0.5472165819101016,1,1
2021-06-16,5,0,0.539983453346178,1,1
2021-06-17,5,0,0.5447931055691709,1,1
2021-06-18,5,0,0.5397342527382083,1,1
2021-06-19,5,1,0.5446893716729416,1,1
2021-06-20,5,0,0.5497127942668216,1,1
2021-06-21,5,1,0.5397137169649572,1,1
2021-06-22,5,1,0.542515912342504,1,1
2021-06-23,5,1,0.5416075985031379,1,1
2021-06-24,5,0,0.543639704161703,1,1
2021-06-25,5,1,0.5397137642044542,1,1
2021-06-26,5,1,0.5438263554261997,1,1
2021-06-27,5,0,0.5397161151232954,1,1
2021-06-28,5,1,0.544482967476903,1,1
2021-06-29,5,0,0.5414755288827153,1,1
2021-06-30,5,0,0.5439455747631816,1,1
2021-07-01,5,1,0.541101763559236,1,1
2021-07-02,5,1,0.5463353537548861,1,1
2021-07-03,5,1,0.5489200789991137,1,1
2021-07-04,5,0,0.5509235296413938,1,1
2021-07-05,5,1,0.5422369877920216,1,1
2021-07-06,5,0,0.5468614369925858,1,1
2021-07-07,5,0,0.5505073393611306,1,1
2021-07-08,5,1,0.5498912318555259,1,1
2021-07-09,5,0,0.55000649577126,1,1
2021-07-10,5,1,0.5519859324227249,1,1
2021-07-11,5,0,0.5521567717059037,1,1
2021-07-12,5,0,0.5489422530963484,1,1
2021-07-13,5,1,0.5510147983785598,1,1
2021-07-14,5,0,0.5526186321840973,1,1
2021-07-15,5,0,0.5500103790903967,1,1
2021-07-16,5,1,0.5518332636693356,1,1
2021-07-17,5,1,0.5527333917885661,1,1
2021-07-18,5,0,0.5531371869609103,1,1
2021-07-19,5,0,0.5497346666593009,1,1
2021-07-20,5,1,0.5470374167115506,1,1
2021-07-21,5,1,0.539716420586838,1,1
2021-07-22,5,1,0.5448531811084089,1,1
2021-07-23,5,1,0.54245033130687,1,1
2021-07-24,5,1,0.5460953856626778,1,1
2021-07-25,5,1,0.5453173985299995,1,1
2021-07-26,5,1,0.5402125904860008,1,1
2021-07-27,5,1,0.5398182664305429,1,1
2021-07-28,5,1,0.542734854667404,1,1
2021-07-29,5,1,0.5481606968906537,1,1
2021-07-30,5,0,0.5402393044605148,1,1
2021-07-31,5,0,0.5440612297336694,1,1
2021-08-01,5,0,0.5407966122647123,1,1
2021-08-02,5,0,0.5434423408193283,1,1
2021-08-03,5,1,0.5437059053929798,1,1
2021-08-04,5,1,0.5407464158440214,1,1
2021-08-05,5,1,0.5431333655494938,1,1
2021-08-06,5,1,0.5406470251206555,1,1
2021-08-07,5,0,0.5406447470687019,1,1
2021-08-08,5,1,0.5437946579575554,1,1
2021-08-09,5,0,0.53980030868545,1,1
2021-08-10,5,1,0.5428475223715246,1,1
2021-08-11,5,0,0.5483524550279721,1,1
2021-08-12,5,1,0.5473874090420237,1,1
2021-08-13,5,0,0.5397206481423988,1,1
2021-08-14,5,0,0.5432978790649372,1,1
2021-08-15,5,0,0.548642726223436,1,1
2021-08-16,5,0,0.5490555397750483,1,1
2021-08-17,5,1,0.5475003485927183,1,1
2021-08-18,5,1,0.5512482402600879,1,1
2021-08-19,5,1,0.5452645435104848,1,1
2021-08-20,5,0,0.5398968513673169,1,1
2021-08-21,5,1,0.5441504861047236,1,1
2021-08-22,5,1,0.5491479691796398,1,1
2021-08-23,5,0,0.5519414330601061,1,1
2021-08-24,5,1,0.5466042760254575,1,1
2021-08-25,5,0,0.5457127383629241,1,1
2021-08-26,5,1,0.5402795793569369,1,1
2021-08-27,5,0,0.5401273341194655,1,1
2021-08-28,5,0,0.5452900229086947,1,1
2021-08-29,5,0,0.5500249491058052,1,1
2021-08-30,5,1,0.5447501565397832,1,1
2021-08-31,5,1,0.5497468920257822,1,1
2021-09-01,5,1,0.5470637441847424,1,1
2021-09-02,5,1,0.5505237349426035,1,1
2021-09-03,5,0,0.551735393258968,1,1
2021-09-04,5,1,0.5528404353723045,1,1
2021-09-05,5,1,0.5501995153638308,1,1
2021-09-06,5,0,0.551542161202397,1,1
2021-09-07,5,0,0.5397137170327251,1,1
2021-09-08,5,1,0.5434852632809012,1,1
2021-09-09,5,0,0.5487734389275029,1,1
2021-09-10,5,1,0.5494227271879157,1,1
2021-09-11,5,1,0.5520049537211049,1,1
2021-09-12,5,0,0.5524343015582586,1,1
2021-09-13,5,1,0.5514890697847988,1,1
2021-09-14,5,1,0.5437259248163546,1,1
2021-09-15,5,0,0.5458496645265508,1,1
2021-09-16,5,0,0.5499315704765732,1,1
2021-09-17,5,1,0.5517481536043487,1,1
2021-09-18,5,0,0.5521619115076468,1,1
2021-09-19,5,0,0.5516827159591451,1,1
2021-09-20,5,0,0.5397137297497576,1,1
2021-09-21,5,1,0.5397629829890159,1,1
2021-09-22,5,1,0.539717162519328,1,1
2021-09-23,5,0,0.5416782263781705,1,1
2021-09-24,5,0,0.53998236222895,1,1
2021-09-25,5,1,0.5450716246436074,1,1
2021-09-26,5,0,0.5497815311200577,1,1
2021-09-27,5,0,0.5499363115605583,1,1
2021-09-28,5,1,0.5482016347352676,1,1
2021-09-29,5,1,0.5513035776271221,1,1
2021-09-30,5,1,0.5417854972266911,1,1
2021-10-01,5,0,0.5397137196632292,1,1
2021-10-02,5,1,0.5441114656105818,1,1
2021-10-03,5,1,0.549047626784203,1,1
2021-10-04,5,1,0.5510883201721521,1,1
2021-10-05,5,1,0.5428354804410551,1,1
2021-10-06,5,0,0.539718091648137,1,1
2021-10-07,5,1,0.5410708408033559,1,1
2021-10-08,5,1,0.5466101367293605,1,1
2021-10-09,5,0,0.5497180410488685,1,1
2021-10-10,5,1,0.552087274545173,1,1
2021-10-11,5,0,0.5434529688387704,1,1
2021-10-12,5,1,0.5427284131016279,1,1
2021-10-13,5,0,0.5449258387627787,1,1
2021-10-14,5,1,0.5498265835163544,1,1
2021-10-15,5,0,0.5397220097401144,1,1
2021-10-16,5,1,0.5429505086134416,1,1
2021-10-17,5,1,0.5477081221115239,1,1
2021-10-18,5,1,0.5512957643557067,1,1
2021-10-19,5,1,0.5469160400164144,1,1
2021-10-20,5,0,0.5477737370116612,1,1
2021-10-21,5,0,0.5398681660861065,1,1
2021-10-22,5,1,0.5425117520290709,1,1
2021-10-23,5,0,0.5476708135490302,1,1
2021-10-24,5,1,0.5513478626984711,1,1
2021-10-25,5,0,0.545139830488027,1,1
2021-10-26,5,0,0.5409945041419159,1,1
2021-10-27,5,1,0.5413257146031679,1,1
2021-10-28,5,1,0.5424772226356134,1,1
2021-10-29,5,0,0.5447105739545249,1,1
2021-10-30,5,0,0.5494616087128306,1,1
2021-10-31,5,0,0.5520992371445884,1,1
2021-11-01,5,1,0.55279168936405,1,1
2021-11-02,5,0,0.5497495717850429,1,1
2021-11-03,5,0,0.5520686822287096,1,1
2021-11-04,5,0,0.5514165555930399,1,1
2021-11-05,5,1,0.5526338797193627,1,1
2021-11-06,5,1,0.5530569930116099,1,1
2021-11-07,5,1,0.5520191548553159,1,1
2021-11-08,5,0,0.5400553813653657,1,1
2021-11-09,5,0,0.5448307614748551,1,1
2021-11-10,5,0,0.5437264900614731,1,1
2021-11-11,5,0,0.5490282059663647,1,1
2021-11-12,5,1,0.5510516036327736,1,1
2021-11-13,5,1,0.5526250038688525,1,1
2021-11-14,5,0,0.5529359943847771,1,1
2021-11-15,5,0,0.5499343986873076,1,1
2021-11-16,5,1,0.5404346509937846,1,1
2021-11-17,5,0,0.5458304070985492,1,1
2021-11-18,5,1,0.5397392758223145,1,1
2021-11-19,5,1,0.5434693343418928,1,1
2021-11-20,5,0,0.5456183618164121,1,1
2021-11-21,5,0,0.5484213320487175,1,1
2021-11-22,5,1,0.5412998159744478,1,1
2021-11-23,5,0,0.5446228771986674,1,1
2021-11-24,5,1,0.5455091899171116,1,1
2021-11-25,5,0,0.5483514527967652,1,1
2021-11-26,5,1,0.5397183572472228,1,1
2021-11-27,5,1,0.5426655819676373,1,1
2021-11-28,5,1,0.5407310847205266,1,1
2021-11-29,5,0,0.5457939412568782,1,1
2021-11-30,5,1,0.5486119937113919,1,1
2021-12-01,5,0,0.5517339387446741,1,1
2021-12-02,5,0,0.5524503800688431,1,1
2021-12-03,5,0,0.5412968727032572,1,1
2021-12-04,5,1,0.5397138475531972,1,1
2021-12-05,5,1,0.5448274551029384,1,1
2021-12-06,5,1,0.5478407067222024,1,1
2021-12-07,5,0,0.5512187607735698,1,1
2021-12-08,5,0,0.5525989530909903,1,1
2021-12-09,5,0,0.5403652208926047,1,1
2021-12-10,5,1,0.5444856951394317,1,1
2021-12-11,5,1,0.5408269872158462,1,1
2021-12-12,5,0,0.5451792933661713,1,1
2021-12-13,5,0,0.5397249795891556,1,1
2021-12-14,5,1,0.544791674494896,1,1
2021-12-15,5,0,0.5403642462472862,1,1
2021-12-16,5,0,0.542283587250837,1,1
2021-12-17,5,1,0.5428406762913057,1,1
2021-12-18,5,0,0.5478167469630169,1,1
2021-12-19,5,1,0.551343989251937,1,1
2021-12-20,5,1,0.5527235049745143,1,1
2021-12-21,5,0,0.5467530327285945,1,1
2021-12-22,5,1,0.550644158157215,1,1
2021-12-23,5,1,0.5456526411807147,1,1
2021-12-24,5,0,0.5502391580783432,1,1
2021-12-25,5,1,0.551680628002392,1,1
2021-12-26,5,0,0.5527833656693636,1,1
2021-12-27,5,0,0.5530076875889327,1,1
2021-12-28,5,0,0.5400150937135635,1,1
2021-12-29,5,1,0.5426614425964073,1,1
2021-12-30,5,0,0.5461468673840502,1,1
2021-12-31,5,1,0.5492348283431688,1,1
2022-01-01,5,0,0.5485387314792809,1,1
2022-01-02,5,0,0.5513701612364347,1,1
2022-01-03,5,0,0.5512081646126423,1,1
2022-01-04,5,0,0.5522698687037849,1,1
2022-01-05,5,0,0.5414920494216326,1,1
2022-01-06,5,0,0.546062186509098,1,1
2022-01-07,5,1,0.5416578281437544,1,1
2022-01-08,5,1,0.5472235165645483,1,1
2022-01-09,5,0,0.55112086550171,1,1
2022-01-10,5,1,0.5526245997504433,1,1
2022-01-11,5,1,0.5516885445687341,1,1
2022-01-12,5,0,0.5512536420585539,1,1
2022-01-13,5,1,0.5479074144664304,1,1
2022-01-14,5,1,0.5512192900212464,1,1
2022-01-15,5,0,0.5526842571223128,1,1
2022-01-16,5,0,0.5531171011999604,1,1
2022-01-17,5,1,0.5527932506639447,1,1
2022-01-18,5,0,0.553142795704286,1,1
2022-01-19,5,0,0.5530002461505693,1,1
2022-01-20,5,0,0.5510015276281163,1,1
2022-01-21,5,0,0.5397137170241255,1,1
2022-01-22,5,1,0.5401590575524301,1,1
2022-01-23,5,1,0.5412182129237907,1,1
2022-01-24,5,1,0.5466108435416523,1,1
2022-01-25,5,0,0.550680598275593,1,1
2022-01-26,5,1,0.552503066585218,1,1
2022-01-27,5,1,0.5529129143352638,1,1
2022-01-28,5,1,0.5529397260144252,1,1
2022-01-29,5,0,0.5529768849828727,1,1
2022-01-30,5,1,0.5530445115605082,1,1
2022-01-31,5,1,0.552996523310906,1,1
2022-02-01,5,0,0.5531971113378681,1,1
2022-02-02,5,1,0.5439493469160375,1,1
2022-02-03,5,1,0.5491863645284489,1,1
2022-02-04,5,0,0.5397137169678372,1,1
2022-02-05,5,1,0.5448430331253983,1,1
2022-02-06,5,1,0.5479205019132375,1,1
2022-02-07,5,1,0.5455810058303757,1,1
2022-02-08,5,1,0.5501629913681639,1,1
2022-02-09,5,0,0.5522991275651359,1,1
2022-02-10,5,0,0.5526326580961736,1,1
2022-02-11,5,0,0.5509962568164407,1,1
2022-02-12,5,0,0.5524939954788836,1,1
2022-02-13,5,1,0.5530426201798624,1,1
2022-02-14,5,1,0.5531498778416738,1,1
2022-02-15,5,0,0.5457950586865412,1,1
2022-02-16,5,0,0.5491112874335171,1,1
2022-02-17,5,0,0.5397159812228964,1,1
2022-02-18,5,1,0.5439101992272224,1,1
2022-02-19,5,0,0.5491721409609084,1,1
2022-02-20,5,0,0.5419844638835235,1,1
2022-02-21,5,1,0.5408520120200151,1,1
2022-02-22,5,0,0.5420609880137935,1,1
2022-02-23,5,1,0.543294175863444,1,1
2022-02-24,5,1,0.5461661678966976,1,1
2022-02-25,5,0,0.5485787416774291,1,1
2022-02-26,5,0,0.5515889347455878,1,1
2022-02-27,5,1,0.5473290044943381,1,1
2022-02-28,5,1,0.5397137169494405,1,1
2022-03-01,5,0,0.5424214487568226,1,1
2022-03-02,5,0,0.5473959093800254,1,1
2022-03-03,5,0,0.5428776010555856,1,1
2022-03-04,5,1,0.539714181308553,1,1
2022-03-05,5,0,0.5448123603283308,1,1
2022-03-06,5,0,0.5455847739541401,1,1
2022-03-07,5,1,0.5492422433348049,1,1
2022-03-08,5,1,0.551120244896695,1,1
2022-03-09,5,0,0.5397144538199596,1,1
2022-03-10,5,0,0.5398414779777962,1,1
2022-03-11,5,1,0.5429739399267256,1,1
2022-03-12,5,0,0.5484523605485,1,1
2022-03-13,5,1,0.547325412244394,1,1
2022-03-14,5,0,0.5419733208801328,1,1
2022-03-15,5,1,0.547278074697053,1,1
2022-03-16,5,0,0.5411323337865878,1,1
2022-03-17,5,1,0.5460742401913771,1,1
2022-03-18,5,1,0.5491686447841697,1,1
2022-03-19,5,0,0.5519056899568248,1,1
2022-03-20,5,0,0.5513829282033673,1,1
2022-03-21,5,1,0.5527317205376601,1,1
2022-03-22,5,1,0.5511008290082139,1,1
2022-03-23,5,1,0.5524154216133441,1,1
2022-03-24,5,1,0.5520474983693608,1,1
2022-03-25,5,1,0.5529219038811769,1,1
2022-03-26,5,1,0.5531853178348314,1,1
2022-03-27,5,1,0.5430404606923602,1,1
2022-03-28,5,1,0.5484811514695702,1,1
2022-03-29,5,0,0.5514127115941877,1,1
2022-03-30,5,0,0.552399278731095,1,1
2022-03-31,5,1,0.5488279476974249,1,1
2022-04-01,5,0,0.551192331495204,1,1
2022-04-02,5,1,0.5523454137939947,1,1
2022-04-03,5,1,0.5528620517561084,1,1
2022-04-04,5,0,0.5531694124162831,1,1
2022-04-05,5,0,0.5517439408343394,1,1
2022-04-06,5,1,0.5413011345908106,1,1
2022-04-07,5,0,0.5468426876650274,1,1
2022-04-08,5,1,0.5457797985368515,1,1
2022-04-09,5,0,0.5499734441183697,1,1
2022-04-10,5,0,0.5517291099565758,1,1
2022-04-11,5,1,0.5397900863849964,1,1
2022-04-12,5,1,0.5440641498378933,1,1
2022-04-13,5,0,0.5461978261865086,1,1
2022-04-14,5,1,0.5471911916264287,1,1
2022-04-15,5,0,0.5496807172894307,1,1
2022-04-16,5,0,0.552037455064752,1,1
2022-04-17,5,1,0.5519894438394685,1,1
2022-04-18,5,1,0.5513881319036548,1,1
2022-04-19,5,0,0.5524197487045777,1,1
2022-04-20,5,0,0.5529790433138161,1,1
2022-04-21,5,0,0.5523315609228511,1,1
2022-04-22,5,0,0.5514467572793449,1,1
2022-04-23,5,0,0.5525727138208915,1,1
2022-04-24,5,1,0.5530846764001807,1,1
2022-04-25,5,0,0.5529288647120173,1,1
2022-04-26,5,1,0.540215168719013,1,1
2022-04-27,5,1,0.5421063917755203,1,1
2022-04-28,5,0,0.5466457636007536,1,1
2022-04-29,5,0,0.544392158470133,1,1
2022-04-30,5,1,0.5452793102710493,1,1
2022-05-01,5,1,0.548781598511273,1,1
2022-05-02,5,0,0.5518063985301833,1,1
2022-05-03,5,1,0.5519674001616917,1,1
2022-05-04,5,0,0.5453283023858676,1,1
2022-05-05,5,0,0.5397138921886819,1,1
2022-05-06,5,0,0.5421551599166673,1,1
2022-05-07,5,0,0.5458824423365494,1,1
2022-05-08,5,0,0.5407791402632027,1,1
2022-05-09,5,1,0.5397137169494522,1,1
2022-05-10,5,0,0.542585146586387,1,1
2022-05-11,5,1,0.539722688078153,1,1
2022-05-12,5,1,0.5448275875519424,1,1
2022-05-13,5,1,0.5496679591244256,1,1
2022-05-14,5,1,0.5485045540491504,1,1
2022-05-15,5,0,0.5441386291920294,1,1
2022-05-16,5,1,0.5403964170772823,1,1
2022-05-17,5,0,0.5442262263943368,1,1
2022-05-18,5,1,0.5398077123674289,1,1
2022-05-19,5,0,0.5398091140789955,1,1
2022-05-20,5,1,0.5403544455455191,1,1
2022-05-21,5,1,0.545552662301777,1,1
2022-05-22,5,0,0.5456287052240185,1,1
2022-05-23,5,1,0.5414989672676347,1,1
2022-05-24,5,0,0.5453820476891331,1,1
2022-05-25,5,0,0.5500258441621199,1,1
2022-05-26,5,0,0.551998360144292,1,1
2022-05-27,5,1,0.5514596124198043,1,1
2022-05-28,5,1,0.5526955884137431,1,1
2022-05-29,5,1,0.5524549404533198,1,1
2022-05-30,5,1,0.5397252036494977,1,1
2022-05-31,5,0,0.5449049066859388,1,1
2022-06-01,5,1,0.5397297021238626,1,1
2022-06-02,5,0,0.5426279662575436,1,1
2022-06-03,5,1,0.5445343914073426,1,1
2022-06-04,5,1,0.549542810308458,1,1
2022-06-05,5,1,0.552105009790502,1,1
2022-06-06,5,0,0.5428207978118798,1,1
2022-06-07,5,0,0.5478072037340005,1,1
2022-06-08,5,0,0.5453515034159937,1,1
2022-06-09,5,0,0.5499409295388025,1,1
2022-06-10,5,0,0.5455876967932312,1,1
2022-06-11,5,0,0.5456393636294504,1,1
2022-06-12,5,0,0.5399191712447176,1,1
2022-06-13,5,0,0.5397137169494403,1,1
2022-06-14,5,1,0.5424337889673269,1,1
2022-06-15,5,0,0.5459024455215944,1,1
2022-06-16,5,1,0.5397137184511744,1,1
2022-06-17,5,0,0.5442213757751562,1,1
2022-06-18,5,1,0.5397157381590902,1,1
2022-06-19,5,1,0.5397139388249116,1,1
2022-06-20,5,1,0.5448503314857486,1,1
2022-06-21,5,0,0.5497997934733243,1,1
2022-06-22,5,1,0.5472465790518088,1,1
2022-06-23,5,1,0.5402125461594545,1,1
2022-06-24,5,1,0.5455223461471099,1,1
2022-06-25,5,0,0.5496567795989137,1,1
2022-06-26,5,0,0.5499594554786322,1,1
2022-06-27,5,0,0.5509457483899745,1,1
2022-06-28,5,0,0.5508896501052298,1,1
2022-06-29,5,0,0.5524647359559628,1,1
2022-06-30,5,0,0.5525849298357208,1,1
2022-07-01,5,0,0.5512347817462606,1,1
2022-07-02,5,1,0.55266330600773,1,1
2022-07-03,5,1,0.5531149967082378,1,1
2022-07-04,5,0,0.5448976721318775,1,1
2022-07-05,5,1,0.5497542368594291,1,1
2022-07-06,5,1,0.5511910485226047,1,1
2022-07-07,5,1,0.5414253902858751,1,1
2022-07-08,5,0,0.5469762716881037,1,1
2022-07-09,5,0,0.5506425142512189,1,1
2022-07-10,5,0,0.5465208645029436,1,1
2022-07-11,5,0,0.5409853074587394,1,1
2022-07-12,5,1,0.5412749383105394,1,1
2022-07-13,5,1,0.540422971633483,1,1
2022-07-14,5,1,0.5444155870144459,1,1
2022-07-15,5,1,0.5493188793201398,1,1
2022-07-16,5,0,0.5514906692222499,1,1
2022-07-17,5,1,0.5504302240818895,1,1
2022-07-18,5,1,0.5397165311184583,1,1
2022-07-19,5,0,0.5403120402052037,1,1
2022-07-20,5,0,0.5453683184577152,1,1
2022-07-21,5,0,0.5500446595675981,1,1
2022-07-22,5,0,0.5499746023231454,1,1
2022-07-23,5,1,0.5517587255473385,1,1
2022-07-24,5,0,0.5527882122922454,1,1
2022-07-25,5,0,0.540916154759926,1,1
2022-07-26,5,1,0.5460178889911822,1,1
2022-07-27,5,1,0.5397153251713867,1,1
2022-07-28,5,0,0.5407626345212744,1,1
2022-07-29,5,0,0.5462276102216844,1,1
2022-07-30,5,0,0.5502400454469228,1,1
2022-07-31,5,0,0.5517655980929079,1,1
2022-08-01,5,0,0.5528329038610886,1,1
2022-08-02,5,0,0.5528563433898286,1,1
2022-08-03,5,0,0.5531242361925998,1,1
2022-08-04,5,1,0.5530095555878597,1,1
2022-08-05,5,0,0.5495296326112208,1,1
2022-08-06,5,1,0.5511408591314986,1,1
2022-08-07,5,1,0.5525758580910284,1,1
2022-08-08,5,0,0.5520469064885917,1,1
2022-08-09,5,1,0.5504066990809484,1,1
2022-08-10,5,1,0.5492630188483963,1,1
2022-08-11,5,1,0.5519948256353564,1,1
2022-08-12,5,1,0.5523545329175596,1,1
2022-08-13,5,0,0.5530257516776813,1,1
2022-08-14,6,0,0.5422392728995163,1,1
2022-08-15,6,0,0.5423019610594562,1,1
2022-08-16,6,0,0.5422507447664404,1,1
2022-08-17,6,0,0.5418015468875366,1,1
2022-08-18,6,0,0.5421906721335008,1,1
2022-08-19,6,1,0.5357168979948659,1,1
2022-08-20,6,1,0.5379411416225597,1,1
2022-08-21,6,0,0.5397627524468193,1,1
2022-08-22,6,1,0.5412884455764726,1,1
2022-08-23,6,0,0.5420505438502863,1,1
2022-08-24,6,1,0.5422806635089966,1,1
2022-08-25,6,0,0.5422988322858021,1,1
2022-08-26,6,0,0.5358141720193456,1,1
2022-08-27,6,0,0.5379535890080671,1,1
2022-08-28,6,1,0.5382415740456181,1,1
2022-08-29,6,0,0.5374629001800282,1,1
2022-08-30,6,1,0.5381656637748432,1,1
2022-08-31,6,1,0.5405773565954485,1,1
2022-09-01,6,0,0.5417920687260411,1,1
2022-09-02,6,0,0.5419715385315989,1,1
2022-09-03,6,1,0.5422026202688583,1,1
2022-09-04,6,0,0.5423250034009919,1,1
2022-09-05,6,0,0.5422781627599894,1,1
2022-09-06,6,1,0.5373058770420713,1,1
2022-09-07,6,1,0.538406454952066,1,1
2022-09-08,6,1,0.540717274474914,1,1
2022-09-09,6,1,0.535716900850592,1,1
2022-09-10,6,1,0.5379822622474404,1,1
2022-09-11,6,1,0.5404255371904213,1,1
2022-09-12,6,0,0.5407928442327217,1,1
2022-09-13,6,0,0.5357168962995912,1,1
2022-09-14,6,0,0.5382532852181289,1,1
2022-09-15,6,1,0.5371396690080986,1,1
2022-09-16,6,1,0.5397596882104108,1,1
2022-09-17,6,0,0.5409893991142155,1,1
2022-09-18,6,1,0.5390062390104831,1,1
2022-09-19,6,0,0.5410198941823241,1,1
2022-09-20,6,0,0.5394802958777223,1,1
2022-09-21,6,1,0.540422675612519,1,1
2022-09-22,6,0,0.5373677624265186,1,1
2022-09-23,6,0,0.5398027017131786,1,1
2022-09-24,6,0,0.5406529689079336,1,1
2022-09-25,6,1,0.5416814472243577,1,1
2022-09-26,6,0,0.5415458258058721,1,1
2022-09-27,6,1,0.5420935592352487,1,1
2022-09-28,6,1,0.5421628549152882,1,1
2022-09-29,6,0,0.542234588319383,1,1
2022-09-30,6,0,0.5423666568351668,1,1
2022-10-01,6,0,0.5423690543380125,1,1
2022-10-02,6,1,0.5421868384285595,1,1
2022-10-03,6,1,0.5414323960402027,1,1
2022-10-04,6,0,0.5397632364215352,1,1
2022-10-05,6,0,0.541370984083659,1,1
2022-10-06,6,0,0.5420287648464598,1,1
2022-10-07,6,0,0.5419654708096074,1,1
2022-10-08,6,1,0.5422074772676418,1,1
2022-10-09,6,0,0.5423477807200053,1,1
2022-10-10,6,0,0.5421398842931354,1,1
2022-10-11,6,1,0.5422283505078399,1,1
2022-10-12,6,1,0.5423542684243997,1,1
2022-10-13,6,0,0.5423217576525546,1,1
2022-10-14,6,0,0.5422965078398412,1,1
2022-10-15,6,1,0.5423177359744712,1,1
2022-10-16,6,1,0.5423308536440874,1,1
2022-10-17,6,0,0.5422980090048309,1,1
2022-10-18,6,0,0.5423677222371001,1,1
2022-10-19,6,0,0.5422834106787847,1,1
2022-10-20,6,1,0.5423247347188097,1,1
2022-10-21,6,1,0.5423723765898016,1,1
2022-10-22,6,1,0.5423944100496144,1,1
2022-10-23,6,0,0.542225540162795,1,1
2022-10-24,6,1,0.5421778122437944,1,1
2022-10-25,6,1,0.5403858168671929,1,1
2022-10-26,6,0,0.5390254371817965,1,1
2022-10-27,6,1,0.5392339851826515,1,1
2022-10-28,6,1,0.5408921266378801,1,1
2022-10-29,6,0,0.541847468169523,1,1
2022-10-30,6,0,0.542120081164207,1,1
2022-10-31,6,0,0.542216709094859,1,1
2022-11-01,6,0,0.5423417107086246,1,1
2022-11-02,6,1,0.5423524801271064,1,1
2022-11-03,6,1,0.5423894200779682,1,1
2022-11-04,6,1,0.5411930239036948,1,1
2022-11-05,6,0,0.542005477240802,1,1
2022-11-06,6,0,0.5419611811557852,1,1
2022-11-07,6,0,0.5420373120082045,1,1
2022-11-08,6,0,0.5357169088789925,1,1
2022-11-09,6,1,0.5357168952939884,1,1
2022-11-10,6,0,0.535716895318898,1,1
2022-11-11,6,0,0.5367326799308383,1,1
2022-11-12,6,0,0.5389641461789236,1,1
2022-11-13,6,1,0.5390004560137238,1,1
2022-11-14,6,1,0.5406685744062162,1,1
2022-11-15,6,0,0.5415637115021001,1,1
2022-11-16,6,1,0.5420058399133674,1,1
2022-11-17,6,1,0.5422788435622048,1,1
2022-11-18,6,1,0.5423034649651888,1,1
2022-11-19,6,0,0.5423735329098749,1,1
2022-11-20,6,0,0.5416699567693923,1,1
2022-11-21,6,1,0.5404038187008624,1,1
2022-11-22,6,1,0.5408143654763942,1,1
2022-11-23,6,0,0.5405272959024813,1,1
2022-11-24,6,0,0.5417592707684836,1,1
2022-11-25,6,0,0.5421516645934097,1,1
2022-11-26,6,0,0.542303601358049,1,1
2022-11-27,6,0,0.5423663199865467,1,1
2022-11-28,6,1,0.5422149566697623,1,1
2022-11-29,6,1,0.542272048202134,1,1
2022-11-30,6,0,0.5394670323789292,1,1
2022-12-01,6,1,0.540872223290203,1,1
2022-12-02,6,0,0.5418823431575053,1,1
2022-12-03,6,1,0.5421074855714263,1,1
2022-12-04,6,0,0.5422427288260349,1,1
2022-12-05,6,1,0.5422553139764207,1,1
2022-12-06,6,0,0.5423550452795247,1,1
2022-12-07,6,1,0.5421895750940642,1,1
2022-12-08,6,0,0.5420124618018188,1,1
2022-12-09,6,0,0.5422475550764835,1,1
2022-12-10,6,0,0.542355577947296,1,1
2022-12-11,6,1,0.5423816890349681,1,1
2022-12-12,6,1,0.5423890188538824,1,1
2022-12-13,6,1,0.540841678813206,1,1
2022-12-14,6,0,0.5418948809220353,1,1
2022-12-15,6,0,0.5412404769204909,1,1
2022-12-16,6,1,0.5381633356045727,1,1
2022-12-17,6,0,0.5404321608030371,1,1
2022-12-18,6,0,0.5416923641624931,1,1
2022-12-19,6,1,0.541603825623016,1,1
2022-12-20,6,0,0.5413740104867601,1,1
2022-12-21,6,1,0.5420003647817019,1,1
2022-12-22,6,0,0.5422748461785457,1,1
2022-12-23,6,1,0.5423387963880392,1,1
2022-12-24,6,0,0.5423860632953227,1,1
2022-12-25,6,1,0.542390257173601,1,1
2022-12-26,6,0,0.5423989987112853,1,1
2022-12-27,6,0,0.5422281391667587,1,1
2022-12-28,6,1,0.5421962799641089,1,1
2022-12-29,6,0,0.5423359400951399,1,1
2022-12-30,6,0,0.5423730239604558,1,1
2022-12-31,6,1,0.5423537121696093,1,1
2023-01-01,6,1,0.5423915258993809,1,1
2023-01-02,6,0,0.5424015937172879,1,1
2023-01-03,6,1,0.542400424327383,1,1
2023-01-04,6,0,0.5423832824701056,1,1
2023-01-05,6,1,0.5423922903068937,1,1
2023-01-06,6,1,0.5423875258356382,1,1
2023-01-07,6,1,0.5423938871959965,1,1
2023-01-08,6,1,0.5423908135458625,1,1
2023-01-09,6,1,0.5423906761990335,1,1
2023-01-10,6,1,0.5423043236379562,1,1
2023-01-11,6,1,0.5416892772797355,1,1
2023-01-12,6,1,0.5372304427815571,1,1
2023-01-13,6,1,0.5358337985775197,1,1
2023-01-14,6,0,0.5358319308814544,1,1
2023-01-15,6,1,0.5382669243142005,1,1
2023-01-16,6,0,0.5400266287960448,1,1
2023-01-17,6,0,0.5415681945284002,1,1
2023-01-18,6,1,0.5415024984476697,1,1
2023-01-19,6,1,0.5420611050125651,1,1
2023-01-20,6,1,0.535718900890841,1,1
2023-01-21,6,0,0.5382498029410864,1,1
2023-01-22,6,1,0.5405268984520383,1,1
2023-01-23,6,0,0.541740423750581,1,1
2023-01-24,6,1,0.5420585342324843,1,1
2023-01-25,6,0,0.5419957001823702,1,1
2023-01-26,6,1,0.5422744446111769,1,1
2023-01-27,6,0,0.5423662361296286,1,1
2023-01-28,6,1,0.5423864383968844,1,1
2023-01-29,6,0,0.5414999226142155,1,1
2023-01-30,6,1,0.538161643908177,1,1
2023-01-31,6,1,0.5403513577336816,1,1
2023-02-01,6,0,0.5408113166973194,1,1
2023-02-02,6,0,0.5417092125363059,1,1
2023-02-03,6,0,0.5421932918281654,1,1
2023-02-04,6,0,0.54231572328796,1,1
2023-02-05,6,0,0.5420676209638695,1,1
2023-02-06,6,1,0.5422195287793224,1,1
2023-02-07,6,0,0.5420521467197386,1,1
2023-02-08,6,0,0.5420348362931234,1,1
2023-02-09,6,0,0.5368694062204498,1,1
2023-02-10,6,1,0.5390295346577529,1,1
2023-02-11,6,0,0.5409903634498927,1,1
2023-02-12,6,1,0.5419128011244991,1,1
2023-02-13,6,1,0.5422595938219579,1,1
2023-02-14,6,1,0.5421442446664424,1,1
2023-02-15,6,0,0.535717548961103,1,1
2023-02-16,6,1,0.5363597815194989,1,1
2023-02-17,6,1,0.5363620426427584,1,1
2023-02-18,6,0,0.5390093973833465,1,1
2023-02-19,6,1,0.5407295472767993,1,1
2023-02-20,6,0,0.5416658688421313,1,1
2023-02-21,6,0,0.5419247394651971,1,1
2023-02-22,6,0,0.5421858034346723,1,1
2023-02-23,6,0,0.542256994032489,1,1
2023-02-24,6,0,0.540685059784723,1,1
2023-02-25,6,1,0.5418194130937093,1,1
2023-02-26,6,0,0.5420570677363772,1,1
2023-02-27,6,0,0.5422882141754657,1,1
2023-02-28,6,1,0.5421591789959366,1,1
2023-03-01,6,0,0.5422865610470264,1,1
2023-03-02,6,0,0.5423137613135386,1,1
2023-03-03,6,0,0.5382899439798263,1,1
2023-03-04,6,1,0.540642935925874,1,1
2023-03-05,6,0,0.5418188867105427,1,1
2023-03-06,6,0,0.542193342788964,1,1
2023-03-07,6,0,0.5423084478773329,1,1
2023-03-08,6,0,0.5421805989807338,1,1
2023-03-09,6,0,0.5358109167343954,1,1
2023-03-10,6,1,0.5383187162479606,1,1
2023-03-11,6,1,0.5388850092142603,1,1
2023-03-12,6,1,0.5357239488838526,1,1
2023-03-13,6,1,0.5357171029929292,1,1
2023-03-14,6,0,0.5377221018911453,1,1
2023-03-15,6,1,0.5393663269898067,1,1
2023-03-16,6,1,0.5395893249180961,1,1
2023-03-17,6,0,0.535717075194719,1,1
2023-03-18,6,1,0.5373740224364991,1,1
2023-03-19,6,0,0.5370925753313636,1,1
2023-03-20,6,1,0.5393484667398408,1,1
2023-03-21,6,0,0.5408542652088197,1,1
2023-03-22,6,1,0.5400634573802202,1,1
2023-03-23,6,0,0.5386574092880492,1,1
2023-03-24,6,1,0.5386591756669219,1,1
2023-03-25,6,1,0.5408681657218789,1,1
2023-03-26,6,0,0.5415158193029438,1,1
2023-03-27,6,1,0.5406734379162172,1,1
2023-03-28,6,1,0.5418129738398239,1,1
2023-03-29,6,0,0.539314960309795,1,1
2023-03-30,6,1,0.5411137092131328,1,1
2023-03-31,6,0,0.5417491050348114,1,1
2023-04-01,6,0,0.5421883506802423,1,1
2023-04-02,6,0,0.5422792407742166,1,1
2023-04-03,6,1,0.5421588537634113,1,1
2023-04-04,6,1,0.5422299343498864,1,1
2023-04-05,6,0,0.5423487050842979,1,1
2023-04-06,6,0,0.5423546498715852,1,1
2023-04-07,6,1,0.54237083800974,1,1
2023-04-08,6,1,0.5423953935194863,1,1
2023-04-09,6,1,0.5423210653389576,1,1
2023-04-10,6,1,0.5388765287669299,1,1
2023-04-11,6,0,0.5402563146040807,1,1
2023-04-12,6,1,0.5415072163932266,1,1
2023-04-13,6,1,0.542084621994113,1,1
2023-04-14,6,0,0.5423089285679479,1,1
2023-04-15,6,0,0.5423496194849997,1,1
2023-04-16,6,0,0.5423828017974868,1,1
2023-04-17,6,1,0.5410108041756496,1,1
2023-04-18,6,0,0.5403253886135575,1,1
2023-04-19,6,0,0.5360660422919125,1,1
2023-04-20,6,0,0.5371922206198947,1,1
2023-04-21,6,1,0.5362714399209048,1,1
2023-04-22,6,0,0.5381965550742048,1,1
2023-04-23,6,0,0.5403952967667194,1,1
2023-04-24,6,1,0.5416931959559351,1,1
2023-04-25,6,1,0.5413293389449247,1,1
2023-04-26,6,1,0.5420676792053168,1,1
2023-04-27,6,0,0.5406828729722104,1,1
2023-04-28,6,0,0.5418231801033608,1,1
2023-04-29,6,1,0.5422318687026615,1,1
2023-04-30,6,0,0.542352483099216,1,1
2023-05-01,6,1,0.5390690364682205,1,1
2023-05-02,6,1,0.5396418610870551,1,1
2023-05-03,6,0,0.5412819971580374,1,1
2023-05-04,6,1,0.542016778931021,1,1
2023-05-05,6,0,0.5414394902141713,1,1
2023-05-06,6,0,0.5414175608729799,1,1
2023-05-07,6,0,0.541825570660612,1,1
2023-05-08,6,0,0.5411725547007293,1,1
2023-05-09,6,0,0.5419907196088456,1,1
2023-05-10,6,0,0.542277892485996,1,1
2023-05-11,6,0,0.5414737653617573,1,1
2023-05-12,6,0,0.5420792132818952,1,1
2023-05-13,6,1,0.5423032200976154,1,1
2023-05-14,6,1,0.5423748170111958,1,1
2023-05-15,6,0,0.5421875562249562,1,1
2023-05-16,6,1,0.5422480667376065,1,1
2023-05-17,6,0,0.542293333335414,1,1
2023-05-18,6,1,0.5418286841634018,1,1
2023-05-19,6,1,0.5422329341458223,1,1
2023-05-20,6,0,0.5423337190740196,1,1
2023-05-21,6,1,0.542168154255548,1,1
2023-05-22,6,1,0.5423367409989901,1,1
2023-05-23,6,0,0.5423033541815554,1,1
2023-05-24,6,1,0.5407381673784166,1,1
2023-05-25,6,1,0.541857416301014,1,1
2023-05-26,6,1,0.5421624446873805,1,1
2023-05-27,6,1,0.5423309476514229,1,1
2023-05-28,6,0,0.5392788884761643,1,1
2023-05-29,6,0,0.5409016466841231,1,1
2023-05-30,6,0,0.54185225273969,1,1
2023-05-31,6,0,0.541658265935065,1,1
2023-06-01,6,1,0.5416904345297593,1,1
2023-06-02,6,0,0.5419155604455664,1,1
2023-06-03,6,1,0.5421712821538631,1,1
2023-06-04,6,0,0.5423375276796276,1,1
2023-06-05,6,1,0.5386547349492199,1,1
2023-06-06,6,0,0.5358364607817883,1,1
2023-06-07,6,1,0.536711451872484,1,1
2023-06-08,6,0,0.5393435901256151,1,1
2023-06-09,6,0,0.5412231000908413,1,1
2023-06-10,6,1,0.5410754557313151,1,1
2023-06-11,6,0,0.5419591668553951,1,1
2023-06-12,6,1,0.5422576921591392,1,1
2023-06-13,6,0,0.5423585824017092,1,1
2023-06-14,6,1,0.5404794222087239,1,1
2023-06-15,6,1,0.5411855312364598,1,1
2023-06-16,6,1,0.54064915634122,1,1
2023-06-17,6,0,0.5418020204329462,1,1
2023-06-18,6,1,0.5421321965474776,1,1
2023-06-19,6,1,0.5420539989143589,1,1
2023-06-20,6,1,0.536515145717749,1,1
2023-06-21,6,0,0.5357523365234358,1,1
2023-06-22,6,1,0.5382899637906936,1,1
2023-06-23,6,0,0.539284226342342,1,1
2023-06-24,6,0,0.5410733875423205,1,1
2023-06-25,6,0,0.5419364637601802,1,1
2023-06-26,6,1,0.542161892181298,1,1
2023-06-27,6,0,0.5422400744956365,1,1
2023-06-28,6,1,0.5419546137337645,1,1
2023-06-29,6,1,0.5421881978055915,1,1
2023-06-30,6,1,0.5423352183160041,1,1
2023-07-01,6,1,0.5423293673565681,1,1
2023-07-02,6,1,0.5423766148262665,1,1
2023-07-03,6,0,0.5422460022959024,1,1
2023-07-04,6,0,0.542179555950686,1,1
2023-07-05,6,0,0.5421808973381226,1,1
2023-07-06,6,1,0.5418493136804404,1,1
2023-07-07,6,0,0.5420610746679126,1,1
2023-07-08,6,0,0.542272773641576,1,1
2023-07-09,6,1,0.5423336613257744,1,1
2023-07-10,6,1,0.5423614358689285,1,1
2023-07-11,6,0,0.5423723625390443,1,1
2023-07-12,6,1,0.5422043168624904,1,1
2023-07-13,6,0,0.5412077403305829,1,1
2023-07-14,6,0,0.5385579178382169,1,1
2023-07-15,6,0,0.5407950102499075,1,1
2023-07-16,6,0,0.5418568802049256,1,1
2023-07-17,6,0,0.5422136640233814,1,1
2023-07-18,6,1,0.5422493223416273,1,1
2023-07-19,6,0,0.5423600253814976,1,1
2023-07-20,6,1,0.542368227734431,1,1
2023-07-21,6,0,0.542393501879278,1,1
2023-07-22,6,1,0.542381591535072,1,1
2023-07-23,6,0,0.5423593775069185,1,1
2023-07-24,6,1,0.5412610616231883,1,1
2023-07-25,6,1,0.5420412310694994,1,1
2023-07-26,6,0,0.542288146626759,1,1
2023-07-27,6,1,0.5422854067916127,1,1
2023-07-28,6,1,0.5423708203476038,1,1
2023-07-29,6,0,0.5423953040140048,1,1
2023-07-30,6,0,0.5423867127102517,1,1
2023-07-31,6,1,0.5423997215616057,1,1
2023-08-01,6,0,0.5423563154574444,1,1
2023-08-02,6,1,0.5422816749162,1,1
2023-08-03,6,0,0.5423701721325878,1,1
2023-08-04,6,0,0.5423822982530153,1,1
2023-08-05,6,0,0.5423842223229534,1,1
2023-08-06,6,1,0.5423968289186695,1,1
2023-08-07,6,1,0.5424031286176143,1,1
2023-08-08,6,0,0.5418058498259573,1,1
2023-08-09,6,0,0.5421502321381073,1,1
2023-08-10,6,0,0.5423145061043233,1,1
2023-08-11,6,1,0.5423659165645696,1,1
2023-08-12,6,0,0.5423858420273726,1,1
2023-08-13,6,1,0.5423651215387505,1,1
2023-08-14,6,0,0.5423392836485629,1,1
2023-08-15,6,0,0.5423295391935588,1,1
2023-08-16,6,0,0.5421015195267349,1,1
2023-08-17,6,0,0.535729867349989,1,1
2023-08-18,6,1,0.5370554318858171,1,1
2023-08-19,6,1,0.539712098457302,1,1
2023-08-20,6,0,0.5414183508163655,1,1
2023-08-21,6,0,0.542101534855628,1,1
2023-08-22,6,1,0.5422845123703754,1,1
2023-08-23,6,0,0.5422078338113913,1,1
2023-08-24,6,0,0.5422468981517022,1,1
2023-08-25,6,0,0.5423495316047197,1,1
2023-08-26,6,1,0.5423647571573289,1,1
2023-08-27,6,1,0.5423932684775341,1,1
2023-08-28,6,1,0.5423984477325988,1,1
2023-08-29,6,0,0.5359343688586005,1,1
2023-08-30,6,0,0.5377406309444519,1,1
2023-08-31,6,0,0.5358102434207376,1,1
2023-09-01,6,1,0.5378511622416485,1,1
2023-09-02,6,1,0.540347823656805,1,1
2023-09-03,6,0,0.5416968070222443,1,1
2023-09-04,6,0,0.5420805664140812,1,1
2023-09-05,6,0,0.5423052777834205,1,1
2023-09-06,6,1,0.5423583164341997,1,1
2023-09-07,6,0,0.5421842877780944,1,1
2023-09-08,6,0,0.5422623088774617,1,1
2023-09-09,6,0,0.5423554911932217,1,1
2023-09-10,6,0,0.5423735512358973,1,1
2023-09-11,6,1,0.5417914892536551,1,1
2023-09-12,6,1,0.5415773431814297,1,1
2023-09-13,6,1,0.5419371827175576,1,1
2023-09-14,6,1,0.5422252399392177,1,1
2023-09-15,6,0,0.5423509823204955,1,1
2023-09-16,6,0,0.5423861026438735,1,1
2023-09-17,6,1,0.5423920565733386,1,1
2023-09-18,6,1,0.5423849888950772,1,1
2023-09-19,6,0,0.5422555329897494,1,1
2023-09-20,6,0,0.5423598449747635,1,1
2023-09-21,6,1,0.5419903311258807,1,1
2023-09-22,6,0,0.5422628714636875,1,1
2023-09-23,6,0,0.5423638200239714,1,1
2023-09-24,6,1,0.542240113146563,1,1
2023-09-25,6,0,0.5423577620752125,1,1
2023-09-26,6,1,0.5423536278604206,1,1
2023-09-27,6,1,0.5423891917068309,1,1
2023-09-28,6,0,0.5419978827766142,1,1
2023-09-29,6,1,0.5422698252299731,1,1
2023-09-30,6,1,0.542366349392659,1,1
2023-10-01,6,0,0.5413133797899896,1,1
2023-10-02,6,0,0.5413165832323649,1,1
2023-10-03,6,1,0.5420280847594926,1,1
2023-10-04,6,0,0.5422552274271073,1,1
2023-10-05,6,1,0.5421941711354658,1,1
2023-10-06,6,1,0.5419387198406675,1,1
2023-10-07,6,0,0.5422670752859251,1,1
2023-10-08,6,0,0.5423575087647599,1,1
2023-10-09,6,0,0.5422248435851498,1,1
2023-10-10,6,0,0.5423100708142188,1,1
2023-10-11,6,0,0.5415205705507535,1,1
2023-10-12,6,1,0.5420278797160364,1,1
2023-10-13,6,0,0.5422926616907465,1,1
2023-10-14,6,1,0.5423734356692126,1,1
2023-10-15,6,1,0.5423417438268071,1,1
2023-10-16,6,0,0.5369759834002973,1,1
2023-10-17,6,0,0.5396592556640449,1,1
2023-10-18,6,1,0.5413916917546042,1,1
2023-10-19,6,1,0.5417386371321138,1,1
2023-10-20,6,1,0.5405606634539574,1,1
2023-10-21,6,1,0.5417746839090387,1,1
2023-10-22,6,1,0.542215892460798,1,1
2023-10-23,6,1,0.5357169203618168,1,1
2023-10-24,6,1,0.5375575184094182,1,1
2023-10-25,6,0,0.5396846745111381,1,1
2023-10-26,6,0,0.5411815789417359,1,1
2023-10-27,6,1,0.5419223219465334,1,1
2023-10-28,6,1,0.5422499036642143,1,1
2023-10-29,6,0,0.5423131018867726,1,1
2023-10-30,6,1,0.5423764473201533,1,1
2023-10-31,6,1,0.5423894852261807,1,1
2023-11-01,6,0,0.5419648503068051,1,1
2023-11-02,6,0,0.5416364973329704,1,1
2023-11-03,6,1,0.5421624349043612,1,1
2023-11-04,6,0,0.5422970222228978,1,1
2023-11-05,6,0,0.5423651642310641,1,1
2023-11-06,6,1,0.542381372920662,1,1
2023-11-07,6,1,0.5423771335477803,1,1
2023-11-08,6,1,0.5423481755522765,1,1
2023-11-09,6,1,0.5414046007649557,1,1
2023-11-10,6,0,0.5421269226792034,1,1
2023-11-11,6,0,0.5422946826185241,1,1
2023-11-12,6,0,0.5423624499708722,1,1
2023-11-13,6,0,0.542202219803817,1,1
2023-11-14,6,1,0.541252609343782,1,1
2023-11-15,6,0,0.5358789536878633,1,1
2023-11-16,6,1,0.5358605443931828,1,1
2023-11-17,6,0,0.5380595796875872,1,1
2023-11-18,6,1,0.5404782111785122,1,1
2023-11-19,6,1,0.5410680429496403,1,1
2023-11-20,6,0,0.5419710659394653,1,1
2023-11-21,6,1,0.5386459625815354,1,1
2023-11-22,6,0,0.5362005598876225,1,1
2023-11-23,6,1,0.538818955411964,1,1
2023-11-24,6,1,0.5406774314041679,1,1
2023-11-25,6,0,0.5418325772338503,1,1
2023-11-26,6,0,0.5421640738452884,1,1
2023-11-27,6,1,0.5422884348780574,1,1
2023-11-28,6,1,0.5421633821359686,1,1
2023-11-29,6,0,0.5423317084913799,1,1
2023-11-30,6,1,0.542363541716137,1,1
2023-12-01,7,1,0.5287323366364867,1,1
2023-12-02,7,1,0.5287211964083083,1,1
2023-12-03,7,1,0.5284710754044936,1,1
2023-12-04,7,1,0.5320265729716919,1,1
2023-12-05,7,0,0.5330889459632956,1,1
2023-12-06,7,0,0.5313257133855838,1,1
2023-12-07,7,1,0.5299519306251658,1,1
2023-12-08,7,0,0.5293222842048483,1,1
2023-12-09,7,1,0.5287366473717722,1,1
2023-12-10,7,0,0.5283875439777284,1,1
2023-12-11,7,1,0.5330937609099151,1,1
2023-12-12,7,1,0.530980703706782,1,1
2023-12-13,7,1,0.5317288588175435,1,1
2023-12-14,7,0,0.529749978753361,1,1
2023-12-15,7,1,0.5300984632178558,1,1
2023-12-16,7,0,0.5289458339428679,1,1
2023-12-17,7,1,0.5291163991240545,1,1
2023-12-18,7,0,0.529739538476454,1,1
2023-12-19,7,1,0.5289227944882507,1,1
2023-12-20,7,1,0.530104384853783,1,1
2023-12-21,7,1,0.5288996916890149,1,1
2023-12-22,7,0,0.5284364854898579,1,1
2023-12-23,7,0,0.5283217790728156,1,1
2023-12-24,7,1,0.5283836694006765,1,1
2023-12-25,7,0,0.528345319284432,1,1
2023-12-26,7,1,0.528828907054653,1,1
2023-12-27,7,0,0.5291718322888105,1,1
2023-12-28,7,0,0.528976170426891,1,1
2023-12-29,7,1,0.5286110306324925,1,1
2023-12-30,7,1,0.5283580070847629,1,1
2023-12-31,7,1,0.528281163911439,1,1
2024-01-01,7,1,0.5313201700661982,1,1
2024-01-02,7,0,0.5300732841501267,1,1
2024-01-03,7,1,0.5328998716305603,1,1
2024-01-04,7,0,0.5324014100327886,1,1
2024-01-05,7,0,0.5302663107090964,1,1
2024-01-06,7,0,0.5289743900447713,1,1
2024-01-07,7,1,0.5284595928360827,1,1
2024-01-08,7,0,0.5331372541453226,1,1
2024-01-09,7,1,0.5320411309082658,1,1
2024-01-10,7,0,0.5300387221179913,1,1
2024-01-11,7,0,0.5289346209358566,1,1
2024-01-12,7,0,0.5331722876480968,1,1
2024-01-13,7,0,0.5310721454250058,1,1
2024-01-14,7,1,0.5307651324181653,1,1
2024-01-15,7,1,0.5295836410812713,1,1
2024-01-16,7,0,0.5289209153314518,1,1
2024-01-17,7,0,0.5285704113889551,1,1
2024-01-18,7,1,0.5304261390192433,1,1
2024-01-19,7,1,0.5290917323069904,1,1
2024-01-20,7,0,0.5284960601544195,1,1
2024-01-21,7,0,0.5283251903592187,1,1
2024-01-22,7,1,0.5324795544284826,1,1
2024-01-23,7,1,0.5304303140201083,1,1
2024-01-24,7,0,0.5290269655814479,1,1
2024-01-25,7,1,0.528494751286407,1,1
2024-01-26,7,1,0.5316897231694606,1,1
2024-01-27,7,0,0.5298204253386253,1,1
2024-01-28,7,1,0.5287625782100727,1,1
2024-01-29,7,0,0.5294465352052352,1,1
2024-01-30,7,0,0.5286185631652162,1,1
2024-01-31,7,1,0.5284001253124926,1,1
2024-02-01,7,1,0.5283537276876863,1,1
2024-02-02,7,0,0.5282814214469743,1,1
2024-02-03,7,0,0.5282712254971428,1,1
2024-02-04,7,1,0.5283187861564902,1,1
2024-02-05,7,1,0.528268512922175,1,1
2024-02-06,7,1,0.5282941811983815,1,1
2024-02-07,7,1,0.529100808074348,1,1
2024-02-08,7,1,0.5290404118618787,1,1
2024-02-09,7,1,0.5315037648542024,1,1
2024-02-10,7,1,0.5299203898768232,1,1
2024-02-11,7,1,0.528857118143673,1,1
2024-02-12,7,0,0.5298415497209987,1,1
2024-02-13,7,1,0.528767932477453,1,1
2024-02-14,7,1,0.531424089550692,1,1
2024-02-15,7,1,0.5295391437618232,1,1
2024-02-16,7,0,0.5286710256257788,1,1
2024-02-17,7,1,0.5284556830017639,1,1
2024-02-18,7,0,0.5283298324204968,1,1
2024-02-19,7,1,0.5282899810501979,1,1
2024-02-20,7,0,0.5282966665538427,1,1
2024-02-21,7,0,0.5283452425868075,1,1
2024-02-22,7,0,0.5283569009680261,1,1
2024-02-23,7,1,0.528356621984792,1,1
2024-02-24,7,1,0.5284091043281041,1,1
2024-02-25,7,1,0.5282931808620182,1,1
2024-02-26,7,1,0.5328694189464991,1,1
2024-02-27,7,1,0.5330227546531503,1,1
2024-02-28,7,0,0.533173035202334,1,1
2024-02-29,7,1,0.5323140082448017,1,1
2024-03-01,7,0,0.5312645511895427,1,1
2024-03-02,7,1,0.5296068706492235,1,1
2024-03-03,7,1,0.5290249451720085,1,1
2024-03-04,7,0,0.5331723779403791,1,1
2024-03-05,7,1,0.53317282815339,1,1
2024-03-06,7,1,0.5328798872542142,1,1
2024-03-07,7,1,0.530871934042596,1,1
2024-03-08,7,1,0.5301012859566001,1,1
2024-03-09,7,1,0.5288715104560807,1,1
2024-03-10,7,1,0.5284441197444597,1,1
2024-03-11,7,0,0.5308694479893181,1,1
2024-03-12,7,1,0.529460249289051,1,1
2024-03-13,7,0,0.5293078492103548,1,1
2024-03-14,7,0,0.5290475342656379,1,1
2024-03-15,7,0,0.5296262583690594,1,1
2024-03-16,7,1,0.5331457036803409,1,1
2024-03-17,7,0,0.5331319708026757,1,1
2024-03-18,7,0,0.5314449848097911,1,1
2024-03-19,7,1,0.5331730265657525,1,1
2024-03-20,7,0,0.5331730368862461,1,1
2024-03-21,7,0,0.5328879707489341,1,1
2024-03-22,7,1,0.5319620004005611,1,1
2024-03-23,7,1,0.5299310157374809,1,1
2024-03-24,7,1,0.5328108655743649,1,1
2024-03-25,7,1,0.5329285088998311,1,1
2024-03-26,7,0,0.5307865027261539,1,1
2024-03-27,7,1,0.529349371201779,1,1
2024-03-28,7,0,0.5291798780908126,1,1
2024-03-29,7,0,0.5287295319634684,1,1
2024-03-30,7,1,0.5284067506617603,1,1
2024-03-31,7,0,0.5288493037908607,1,1
2024-04-01,7,0,0.5289343901680182,1,1
2024-04-02,7,1,0.5331373035133427,1,1
2024-04-03,7,1,0.5311434641721073,1,1
2024-04-04,7,0,0.5323539276995326,1,1
2024-04-05,7,1,0.5306168382231427,1,1
2024-04-06,7,1,0.5294250750326428,1,1
2024-04-07,7,1,0.5286255307540677,1,1
2024-04-08,7,0,0.5295635570458076,1,1
2024-04-09,7,1,0.5314905293352138,1,1
2024-04-10,7,0,0.5304786247335381,1,1
2024-04-11,7,0,0.5291603011849407,1,1
2024-04-12,7,0,0.5321607497296551,1,1
2024-04-13,7,1,0.533116493380559,1,1
2024-04-14,7,0,0.5323734600003843,1,1
2024-04-15,7,1,0.532687297345718,1,1
2024-04-16,7,0,0.5306254946468059,1,1
2024-04-17,7,1,0.5325511834468694,1,1
2024-04-18,7,1,0.5321867223863009,1,1
2024-04-19,7,1,0.5300966683683914,1,1
2024-04-20,7,0,0.5292830445640191,1,1
2024-04-21,7,1,0.5285702412306479,1,1
2024-04-22,7,0,0.5293078046641346,1,1
2024-04-23,7,0,0.5286585842740067,1,1
2024-04-24,7,1,0.530520337325298,1,1
2024-04-25,7,0,0.5290580622595245,1,1
2024-04-26,7,0,0.5286163617571163,1,1
2024-04-27,7,0,0.5283820845826626,1,1
2024-04-28,7,1,0.5283195461291924,1,1
2024-04-29,7,0,0.5283050980212531,1,1
2024-04-30,7,0,0.5328002245304128,1,1
2024-05-01,7,1,0.5329710340534237,1,1
2024-05-02,7,1,0.5312454032943285,1,1
2024-05-03,7,1,0.5331631417448661,1,1
2024-05-04,7,1,0.531593791211469,1,1
2024-05-05,7,0,0.5296467378402667,1,1
2024-05-06,7,0,0.5288734118524248,1,1
2024-05-07,7,0,0.5285934743716356,1,1
2024-05-08,7,1,0.5287160610667935,1,1
2024-05-09,7,0,0.5296822228671973,1,1
2024-05-10,7,1,0.5315169806747776,1,1
2024-05-11,7,1,0.5295967635377273,1,1
2024-05-12,7,1,0.528772998250594,1,1
2024-05-13,7,0,0.5288977814836985,1,1
2024-05-14,7,1,0.5289599934283962,1,1
2024-05-15,7,0,0.5331724900807356,1,1
2024-05-16,7,1,0.5316428624703708,1,1
2024-05-17,7,0,0.5314910340395337,1,1
2024-05-18,7,0,0.5295877099252334,1,1
2024-05-19,7,1,0.5288134493619857,1,1
2024-05-20,7,0,0.5331719975686716,1,1
2024-05-21,7,0,0.5322181495174437,1,1
2024-05-22,7,0,0.5307386089483527,1,1
2024-05-23,7,1,0.5298425972621957,1,1
2024-05-24,7,1,0.5287910775260389,1,1
2024-05-25,7,0,0.528466735918449,1,1
2024-05-26,7,1,0.5284022168839577,1,1
2024-05-27,7,0,0.5283601085011622,1,1
2024-05-28,7,0,0.5284316037978554,1,1
2024-05-29,7,1,0.5284082916364823,1,1
2024-05-30,7,0,0.5284322923829925,1,1
2024-05-31,7,1,0.5285272261634312,1,1
2024-06-01,7,1,0.5283274230129373,1,1
2024-06-02,7,1,0.5282714493888773,1,1
2024-06-03,7,1,0.5284000399640261,1,1
2024-06-04,7,1,0.5288704123246211,1,1
2024-06-05,7,0,0.5284285327126308,1,1
2024-06-06,7,0,0.5283140153110882,1,1
2024-06-07,7,0,0.5285289074806269,1,1
2024-06-08,7,1,0.5283394299659087,1,1
2024-06-09,7,0,0.5282808191858849,1,1
2024-06-10,7,0,0.5282654525086135,1,1
2024-06-11,7,1,0.5292398786842034,1,1
2024-06-12,7,0,0.5287087115727432,1,1
2024-06-13,7,0,0.5288189254470719,1,1
2024-06-14,7,1,0.52858824200229,1,1
2024-06-15,7,1,0.5283435546494551,1,1
2024-06-16,7,0,0.5282946064234023,1,1
2024-06-17,7,0,0.528272499481701,1,1
2024-06-18,7,0,0.5285747340076804,1,1
2024-06-19,7,0,0.5283384549949056,1,1
2024-06-20,7,0,0.5282807040363044,1,1
2024-06-21,7,1,0.5283610487813529,1,1
2024-06-22,7,0,0.5282804314934162,1,1
2024-06-23,7,0,0.5284724947465542,1,1
2024-06-24,7,1,0.5325200144475514,1,1
2024-06-25,7,0,0.5318976020626599,1,1
2024-06-26,7,1,0.5307950103646055,1,1
2024-06-27,7,0,0.5292750378251407,1,1
2024-06-28,7,1,0.5294251897351626,1,1
2024-06-29,7,1,0.5286634329170001,1,1
2024-06-30,7,1,0.529299221823466,1,1
2024-07-01,7,0,0.5285658397190646,1,1
2024-07-02,7,0,0.5284716607029832,1,1
2024-07-03,7,0,0.5295360258344903,1,1
2024-07-04,7,0,0.5330610546480007,1,1
2024-07-05,7,1,0.5310434155649488,1,1
2024-07-06,7,0,0.5310578345384247,1,1
2024-07-07,7,1,0.5327761425563645,1,1
2024-07-08,7,1,0.5309517059684491,1,1
2024-07-09,7,0,0.5301899151022809,1,1
2024-07-10,7,0,0.5289481050241331,1,1
2024-07-11,7,1,0.5285396558044324,1,1
2024-07-12,7,1,0.5283766031820124,1,1
2024-07-13,7,1,0.5286013003651637,1,1
2024-07-14,7,1,0.5290124387438024,1,1
2024-07-15,7,1,0.5331577763190789,1,1
2024-07-16,7,0,0.5311387904354177,1,1
2024-07-17,7,0,0.5298731895896676,1,1
2024-07-18,7,1,0.5287787764257627,1,1
2024-07-19,7,1,0.5316362932646804,1,1
2024-07-20,7,1,0.5297444587522956,1,1
2024-07-21,7,0,0.5289789422970383,1,1
2024-07-22,7,0,0.5285330468016214,1,1
2024-07-23,7,0,0.5289197314826025,1,1
2024-07-24,7,1,0.5285114703246736,1,1
2024-07-25,7,1,0.5283354975316034,1,1
2024-07-26,7,0,0.5293731222286671,1,1
2024-07-27,7,1,0.5285994991178296,1,1
2024-07-28,7,0,0.5283644869059607,1,1
2024-07-29,7,0,0.5285815102580619,1,1
2024-07-30,7,0,0.5284062211869482,1,1
2024-07-31,7,1,0.5288310142048848,1,1
2024-08-01,7,0,0.5285122270513579,1,1
2024-08-02,7,0,0.5331082872370252,1,1
2024-08-03,7,0,0.5313729633835568,1,1
2024-08-04,7,0,0.5327859178078108,1,1
2024-08-05,7,1,0.5331727682712806,1,1
2024-08-06,7,0,0.5328699975380065,1,1
2024-08-07,7,1,0.5314518049989656,1,1
2024-08-08,7,0,0.5331730371350296,1,1
2024-08-09,7,1,0.5315944675436998,1,1
2024-08-10,7,0,0.5296463551166631,1,1
2024-08-11,7,1,0.5313879272786421,1,1
2024-08-12,7,1,0.5296902179946698,1,1
2024-08-13,7,0,0.5291386664026503,1,1
2024-08-14,7,0,0.530161173324282,1,1
2024-08-15,7,1,0.5295617526114441,1,1
2024-08-16,7,1,0.5296679433366078,1,1
2024-08-17,7,0,0.5287544203463965,1,1
2024-08-18,7,1,0.5287383990433535,1,1
2024-08-19,7,0,0.5285387162218083,1,1
2024-08-20,7,1,0.5283960284384499,1,1
2024-08-21,7,0,0.5300533510913504,1,1
2024-08-22,7,1,0.5291951268354145,1,1
2024-08-23,7,1,0.5331336165517288,1,1
2024-08-24,7,1,0.5310266084843519,1,1
2024-08-25,7,0,0.5293092383066956,1,1
2024-08-26,7,0,0.5293399236984883,1,1
2024-08-27,7,0,0.533057101935588,1,1
2024-08-28,7,1,0.5309868422713356,1,1
2024-08-29,7,0,0.5293238507322783,1,1
2024-08-30,7,0,0.5286179120701049,1,1
2024-08-31,7,0,0.5283680542377155,1,1
2024-09-01,7,1,0.529174602620649,1,1
2024-09-02,7,0,0.5297640502605555,1,1
2024-09-03,7,1,0.5299740944602962,1,1
2024-09-04,7,0,0.5289025842774557,1,1
2024-09-05,7,0,0.5304773431249333,1,1
2024-09-06,7,1,0.5323470557266005,1,1
2024-09-07,7,1,0.5302378623393582,1,1
2024-09-08,7,1,0.5290205722030732,1,1
2024-09-09,7,1,0.5316096161943532,1,1
2024-09-10,7,0,0.5300242838980478,1,1
2024-09-11,7,1,0.5288509214034,1,1
2024-09-12,7,1,0.5285169805871742,1,1
2024-09-13,7,0,0.5312724593704652,1,1
2024-09-14,7,0,0.5296758036959754,1,1
2024-09-15,7,0,0.5290154209310454,1,1
2024-09-16,7,1,0.5289830761586627,1,1
2024-09-17,7,1,0.5305765681452503,1,1
2024-09-18,7,1,0.5298089473525591,1,1
2024-09-19,7,1,0.5292157710096633,1,1
2024-09-20,7,1,0.528538862508214,1,1
2024-09-21,7,1,0.5283294470545234,1,1
2024-09-22,7,0,0.528273183704956,1,1
2024-09-23,7,1,0.5282737947361167,1,1
2024-09-24,7,0,0.5283840953423344,1,1
2024-09-25,7,1,0.5287201532870052,1,1
2024-09-26,7,1,0.5297373892520508,1,1
2024-09-27,7,1,0.528884137274253,1,1
2024-09-28,7,0,0.5284312198099125,1,1
2024-09-29,7,0,0.5283249233494727,1,1
2024-09-30,7,0,0.5300996727299427,1,1
2024-10-01,7,0,0.532436369835319,1,1
2024-10-02,7,1,0.5303624621828518,1,1
2024-10-03,7,1,0.5289786758953223,1,1
2024-10-04,7,1,0.5288729192358885,1,1
2024-10-05,7,1,0.5284283701660563,1,1
2024-10-06,7,0,0.5283784497125915,1,1
2024-10-07,7,0,0.5283359921060485,1,1
2024-10-08,7,0,0.5282745281520813,1,1
2024-10-09,7,0,0.529003521808263,1,1
2024-10-10,7,1,0.5285105867257459,1,1
2024-10-11,7,1,0.5300596561839721,1,1
2024-10-12,7,0,0.5290297258684127,1,1
2024-10-13,7,1,0.5285155569557463,1,1
2024-10-14,7,1,0.532232411139596,1,1
2024-10-15,7,1,0.5308344603744906,1,1
2024-10-16,7,0,0.5292331828809578,1,1
2024-10-17,7,1,0.5285478943823275,1,1
2024-10-18,7,0,0.5285241796577057,1,1
2024-10-19,7,1,0.5283294008946158,1,1
2024-10-20,7,0,0.5282977301457981,1,1
2024-10-21,7,0,0.5287578573256542,1,1
2024-10-22,7,0,0.528392469386925,1,1
2024-10-23,7,1,0.528453718871084,1,1
2024-10-24,7,0,0.5288933326209491,1,1
2024-10-25,7,1,0.5287327913142315,1,1
2024-10-26,7,1,0.5283880167178258,1,1
2024-10-27,7,1,0.528363963752184,1,1
2024-10-28,7,1,0.5292910581741898,1,1
2024-10-29,7,0,0.5310398148730732,1,1
2024-10-30,7,0,0.5293418678621638,1,1
2024-10-31,7,0,0.5305367053323359,1,1
2024-11-01,7,0,0.5294380431885073,1,1
2024-11-02,7,0,0.5286337784925407,1,1
2024-11-03,7,0,0.5284224982930174,1,1
2024-11-04,7,1,0.5285362648493318,1,1
2024-11-05,7,1,0.5285089483392356,1,1
2024-11-06,7,1,0.533173019981738,1,1
2024-11-07,7,1,0.5311248817044093,1,1
2024-11-08,7,1,0.5295705189066853,1,1
2024-11-09,7,1,0.5286608997210295,1,1
2024-11-10,7,1,0.5321205489573718,1,1
2024-11-11,7,0,0.5331730370243601,1,1
2024-11-12,7,1,0.5313678505512499,1,1
2024-11-13,7,0,0.5313477790708794,1,1
2024-11-14,7,1,0.5322030842175702,1,1
2024-11-15,7,0,0.5329052734486353,1,1
2024-11-16,7,0,0.5309048733871479,1,1
2024-11-17,7,1,0.5294685675319488,1,1
2024-11-18,7,1,0.5286692704926758,1,1
2024-11-19,7,1,0.5286789032453842,1,1
2024-11-20,7,1,0.5289648395239072,1,1
2024-11-21,7,1,0.531975686296885,1,1
2024-11-22,7,0,0.5299150636484341,1,1
2024-11-23,7,1,0.529069549089522,1,1
2024-11-24,7,0,0.5284894102037256,1,1
2024-11-25,7,0,0.5327478731965484,1,1
2024-11-26,7,1,0.530865376812828,1,1
2024-11-27,7,0,0.532799770655711,1,1
2024-11-28,7,1,0.5306410418532943,1,1
2024-11-29,7,0,0.5298422854341168,1,1
2024-11-30,7,1,0.5289626140614219,1,1
2024-12-01,7,0,0.5284763552251662,1,1
2024-12-02,7,1,0.528458039611889,1,1
2024-12-03,7,1,0.5283065091510755,1,1
2024-12-04,7,0,0.5289781317365881,1,1
2024-12-05,7,1,0.5290074951127892,1,1
2024-12-06,7,1,0.5301897165699695,1,1
2024-12-07,7,1,0.5289240025894691,1,1
2024-12-08,7,0,0.5285371155438893,1,1
2024-12-09,7,0,0.5311498285822959,1,1
2024-12-10,7,1,0.5295625022063827,1,1
2024-12-11,7,0,0.5325672613511101,1,1
2024-12-12,7,1,0.5308070572889508,1,1
2024-12-13,7,0,0.5295705904764159,1,1
2024-12-14,7,1,0.5286650980194882,1,1
2024-12-15,7,1,0.52910358428547,1,1
2024-12-16,7,1,0.5287239447692921,1,1
2024-12-17,7,0,0.5283829882348469,1,1
2024-12-18,7,0,0.5329297124069199,1,1
2024-12-19,7,1,0.5324565997979106,1,1
2024-12-20,7,0,0.5303157273712092,1,1
2024-12-21,7,0,0.5290428496039223,1,1
2024-12-22,7,0,0.5292306573747882,1,1
2024-12-23,7,1,0.5285946047487994,1,1
2024-12-24,7,1,0.5299025164513274,1,1
2024-12-25,7,0,0.5288132136288164,1,1
2024-12-26,7,0,0.5303974869122868,1,1
2024-12-27,7,1,0.5294757272609166,1,1
2024-12-28,7,0,0.5287188990992704,1,1
2024-12-29,7,0,0.5286336158771261,1,1
2024-12-30,7,1,0.5283790628802081,1,1
2024-12-31,7,1,0.5283794956878725,1,1
2025-01-01,7,1,0.5283333463163309,1,1
2025-01-02,7,1,0.5287434447957763,1,1
2025-01-03,7,1,0.5284562139834202,1,1
2025-01-04,7,1,0.5283061069273657,1,1
2025-01-05,7,1,0.5282661981563209,1,1
2025-01-06,7,0,0.5300771933817481,1,1
2025-01-07,7,0,0.5329834271448999,1,1
2025-01-08,7,0,0.531831782850954,1,1
2025-01-09,7,1,0.531699561478918,1,1
2025-01-10,7,0,0.5308011490719406,1,1
2025-01-11,7,0,0.5292055391931776,1,1
2025-01-12,7,1,0.5285425884687621,1,1
2025-01-13,7,1,0.5283335549774066,1,1
2025-01-14,7,1,0.5285116261903021,1,1
2025-01-15,7,0,0.5306017668390415,1,1
2025-01-16,7,1,0.5292098625880624,1,1
2025-01-17,7,0,0.5326280006102418,1,1
2025-01-18,7,0,0.5304884545470553,1,1
2025-01-19,7,1,0.5315840348238484,1,1
2025-01-20,7,1,0.5297196842398005,1,1
2025-01-21,7,0,0.5318144596654231,1,1
2025-01-22,7,1,0.5312616276464603,1,1
2025-01-23,7,1,0.5294450605053527,1,1
2025-01-24,7,0,0.5286609441110204,1,1
2025-01-25,7,0,0.5283705806206767,1,1
2025-01-26,7,0,0.5286221804534348,1,1
2025-01-27,7,0,0.5283958232367727,1,1
2025-01-28,7,1,0.5283419493260304,1,1
2025-01-29,7,1,0.5286158197308759,1,1
2025-01-30,7,0,0.5284029008203825,1,1
2025-01-31,7,0,0.5286758157668123,1,1
2025-02-01,7,0,0.5286458277294439,1,1
2025-02-02,7,1,0.5298407538621208,1,1
2025-02-03,7,0,0.5313471652922009,1,1
2025-02-04,7,0,0.5316877567589484,1,1
2025-02-05,7,0,0.529841419860926,1,1
2025-02-06,7,0,0.5287673660611204,1,1
2025-02-07,7,0,0.5283991958712962,1,1
2025-02-08,7,1,0.5282921433527907,1,1
2025-02-09,7,1,0.528264593438784,1,1
2025-02-10,7,0,0.5282864658338227,1,1
2025-02-11,7,1,0.5285293921815419,1,1
2025-02-12,7,0,0.5286625931199159,1,1
2025-02-13,7,1,0.5285859909463855,1,1
2025-02-14,7,1,0.5283864621497398,1,1
2025-02-15,7,0,0.5282877895612742,1,1
2025-02-16,7,0,0.5284075856893019,1,1
2025-02-17,7,0,0.5283162464885,1,1
2025-02-18,7,1,0.5282847566006438,1,1
2025-02-19,7,1,0.528292518455657,1,1
2025-02-20,7,0,0.5284706377518269,1,1
2025-02-21,7,1,0.5290393636221877,1,1
2025-02-22,7,0,0.528518152287137,1,1
2025-02-23,7,0,0.5283365211113213,1,1
2025-02-24,7,0,0.5327284026016477,1,1
2025-02-25,7,0,0.5326844351572575,1,1
2025-02-26,7,1,0.5331368277422524,1,1
2025-02-27,7,0,0.5310464676674729,1,1
2025-02-28,7,1,0.529407115691217,1,1
2025-03-01,7,1,0.5290123362521768,1,1
2025-03-02,7,0,0.5331730341068489,1,1
2025-03-03,7,1,0.5331730349401402,1,1
2025-03-04,7,1,0.5313601411052605,1,1
2025-03-05,7,0,0.5323383789848772,1,1
2025-03-06,7,0,0.5304040755223791,1,1
2025-03-07,7,0,0.5320657233844713,1,1
2025-03-08,7,0,0.530125663167798,1,1
2025-03-09,7,0,0.5331642500108752,1,1
2025-03-10,7,1,0.5325092349495211,1,1
2025-03-11,7,1,0.5331396513057648,1,1
2025-03-12,7,0,0.5311919635649123,1,1
2025-03-13,7,1,0.531846139576069,1,1
2025-03-14,7,1,0.5323349675062885,1,1
2025-03-15,7,0,0.5302381889628242,1,1
2025-03-16,7,1,0.5298064430114243,1,1
2025-03-17,7,0,0.529200088038115,1,1
2025-03-18,7,1,0.5289004688051062,1,1
2025-03-19,8,0,0.5307866759735955,1,1
2025-03-20,8,0,0.5305439028720388,1,1
2025-03-21,8,0,0.5287944617118789,1,1
2025-03-22,8,1,0.5278300534071421,1,1
2025-03-23,8,1,0.528006576185455,1,1
2025-03-24,8,0,0.5278133736426955,1,1
2025-03-25,8,0,0.5274731177666996,1,1
2025-03-26,8,1,0.5273947750165717,1,1
2025-03-27,8,0,0.5273554052766223,1,1
2025-03-28,8,0,0.5282791067808089,1,1
2025-03-29,8,0,0.5280622533513065,1,1
2025-03-30,8,1,0.5275760181583661,1,1
2025-03-31,8,1,0.5274073359654516,1,1
2025-04-01,8,0,0.528057905519486,1,1
2025-04-02,8,1,0.5287976943476291,1,1
2025-04-03,8,1,0.5278351931368724,1,1
2025-04-04,8,0,0.5275322502262133,1,1
2025-04-05,8,0,0.5274157439113853,1,1
2025-04-06,8,1,0.5313817813385291,1,1
2025-04-07,8,0,0.5297069541716741,1,1
2025-04-08,8,1,0.5306938169276345,1,1
2025-04-09,8,0,0.5314232125806866,1,1
2025-04-10,8,1,0.5310738758914016,1,1
2025-04-11,8,1,0.5312657806514319,1,1
2025-04-12,8,0,0.5301009106853596,1,1
2025-04-13,8,1,0.5292124189436269,1,1
2025-04-14,8,0,0.5281275196550359,1,1
2025-04-15,8,1,0.5276589377641315,1,1
2025-04-16,8,1,0.5274354680436515,1,1
2025-04-17,8,0,0.5273982179801344,1,1
2025-04-18,8,1,0.5273782399091765,1,1
2025-04-19,8,1,0.5273593615533855,1,1
2025-04-20,8,1,0.5273434935615787,1,1
2025-04-21,8,1,0.5277735603110807,1,1
2025-04-22,8,1,0.531369072870153,1,1
2025-04-23,8,1,0.5295377087833857,1,1
2025-04-24,8,1,0.5281623432004465,1,1
2025-04-25,8,0,0.5276844299284745,1,1
2025-04-26,8,0,0.527437805762679,1,1
2025-04-27,8,1,0.527431261417261,1,1
2025-04-28,8,0,0.5274181778882779,1,1
2025-04-29,8,0,0.527389842946847,1,1
2025-04-30,8,1,0.5273541203545973,1,1
2025-05-01,8,1,0.5276067232406635,1,1
2025-05-02,8,0,0.5274250827278171,1,1
2025-05-03,8,0,0.5274337239429749,1,1
2025-05-04,8,1,0.5275336902735698,1,1
2025-05-05,8,1,0.527396141068114,1,1
2025-05-06,8,1,0.5276099831305596,1,1
2025-05-07,8,1,0.5274150723537407,1,1
2025-05-08,8,0,0.531235388270797,1,1
2025-05-09,8,1,0.5293951046840315,1,1
2025-05-10,8,0,0.5284090390525137,1,1
2025-05-11,8,0,0.5277206176864777,1,1
2025-05-12,8,1,0.5275640160603924,1,1
2025-05-13,8,0,0.5274612991202312,1,1
2025-05-14,8,1,0.5273985439805797,1,1
2025-05-15,8,0,0.5273545957627861,1,1
2025-05-16,8,0,0.5273447183711016,1,1
2025-05-17,8,1,0.5273481067857664,1,1
2025-05-18,8,0,0.5278949270608039,1,1
2025-05-19,8,1,0.5275542843745663,1,1
2025-05-20,8,1,0.5274343929332932,1,1
2025-05-21,8,1,0.5277927479479702,1,1
2025-05-22,8,0,0.5275852377493262,1,1
2025-05-23,8,1,0.52938587240551,1,1
2025-05-24,8,1,0.5280954805366515,1,1
2025-05-25,8,1,0.5276270954923439,1,1
2025-05-26,8,0,0.5274191821778387,1,1
2025-05-27,8,0,0.5273776009407845,1,1
2025-05-28,8,0,0.5274182048122199,1,1
2025-05-29,8,0,0.5276192711886227,1,1
2025-05-30,8,1,0.5275433013536831,1,1
2025-05-31,8,1,0.5273992354706888,1,1
2025-06-01,8,1,0.5273720997213606,1,1
2025-06-02,8,0,0.5273479566304644,1,1
2025-06-03,8,0,0.5273345410813568,1,1
2025-06-04,8,0,0.5273443387382092,1,1
2025-06-05,8,1,0.5280830296336032,1,1
2025-06-06,8,1,0.528153659687531,1,1
2025-06-07,8,1,0.5276365779448905,1,1
2025-06-08,8,1,0.5274232581033138,1,1
2025-06-09,8,0,0.5293507432655697,1,1
2025-06-10,8,0,0.5280698164366636,1,1
2025-06-11,8,0,0.5277461842983764,1,1
2025-06-12,8,1,0.5280397857839854,1,1
2025-06-13,8,0,0.5275478303223528,1,1
2025-06-14,8,1,0.5274287703501082,1,1
2025-06-15,8,1,0.5273628215184546,1,1
2025-06-16,8,0,0.5273809722710615,1,1
2025-06-17,8,1,0.527611516241355,1,1
2025-06-18,8,0,0.5274145057119489,1,1
2025-06-19,8,0,0.5273652422096385,1,1
2025-06-20,8,0,0.5274501261437515,1,1
2025-06-21,8,0,0.5274385082183718,1,1
2025-06-22,8,1,0.5274859156263628,1,1
2025-06-23,8,1,0.5298857867469042,1,1
2025-06-24,8,1,0.5283524172300925,1,1
2025-06-25,8,0,0.5277494129950598,1,1
2025-06-26,8,1,0.5274702171720103,1,1
2025-06-27,8,1,0.5273741014265029,1,1
2025-06-28,8,1,0.5273477609647819,1,1
2025-06-29,8,0,0.5273651726842766,1,1
2025-06-30,8,0,0.5273925472185204,1,1
2025-07-01,8,1,0.5274544626682431,1,1
2025-07-02,8,1,0.5279601084642728,1,1
2025-07-03,8,0,0.5275369078249229,1,1
2025-07-04,8,1,0.5275592074133572,1,1
2025-07-05,8,1,0.527399411339649,1,1
2025-07-06,8,0,0.527374565879131,1,1
2025-07-07,8,1,0.5273757493443871,1,1
2025-07-08,8,1,0.5273615169103486,1,1
2025-07-09,8,1,0.527578028599559,1,1
2025-07-10,8,1,0.5292646668708021,1,1
2025-07-11,8,0,0.5281102541561427,1,1
2025-07-12,8,1,0.5275784744470943,1,1
2025-07-13,8,1,0.52746376329663,1,1
2025-07-14,8,0,0.5273713883039395,1,1
2025-07-15,8,1,0.5277105555041574,1,1
2025-07-16,8,1,0.5274645148966634,1,1
2025-07-17,8,0,0.5273793972974752,1,1
2025-07-18,8,0,0.5274097460718112,1,1
2025-07-19,8,0,0.5273562557428718,1,1
2025-07-20,8,1,0.5273623089275719,1,1
2025-07-21,8,1,0.5273444502098288,1,1
2025-07-22,8,0,0.5275183385560019,1,1
2025-07-23,8,0,0.5274559425214093,1,1
2025-07-24,8,0,0.5273870187457181,1,1
2025-07-25,8,1,0.5274130678546719,1,1
2025-07-26,8,1,0.5273589575546768,1,1
2025-07-27,8,0,0.5273960679760384,1,1
2025-07-28,8,0,0.527411675994002,1,1
2025-07-29,8,0,0.5273570836832273,1,1
2025-07-30,8,0,0.527342716467558,1,1
2025-07-31,8,0,0.5274955937203384,1,1
2025-08-01,8,0,0.5277261910226462,1,1
2025-08-02,8,1,0.5274886041653161,1,1
2025-08-03,8,1,0.5274676243604518,1,1
2025-08-04,8,0,0.5273856653950073,1,1
2025-08-05,8,1,0.527388450258371,1,1
2025-08-06,8,1,0.5273658817762765,1,1
2025-08-07,8,0,0.5275615900600573,1,1
2025-08-08,8,0,0.5274267414686914,1,1
2025-08-09,8,1,0.5273663953580171,1,1
2025-08-10,8,0,0.5276160081736123,1,1
2025-08-11,8,1,0.5274399120157167,1,1
2025-08-12,8,1,0.5274175206290391,1,1
2025-08-13,8,0,0.527790816211712,1,1
2025-08-14,8,0,0.5296424018668998,1,1
2025-08-15,8,1,0.528356931710105,1,1
2025-08-16,8,0,0.5276539969987339,1,1
2025-08-17,8,0,0.5274285550401459,1,1
2025-08-18,8,0,0.5274050108635924,1,1
2025-08-19,8,1,0.528182628774699,1,1
2025-08-20,8,0,0.5276731188842374,1,1
2025-08-21,8,1,0.5276071886892216,1,1
2025-08-22,8,0,0.5289071558464988,1,1
2025-08-23,8,0,0.5280921233264909,1,1
2025-08-24,8,0,0.5279331255850446,1,1
2025-08-25,8,1,0.5285705481990723,1,1
2025-08-26,8,0,0.5279050603526108,1,1
2025-08-27,8,1,0.5275255841895297,1,1
2025-08-28,8,0,0.5274388902107466,1,1
2025-08-29,8,1,0.5284582591955204,1,1
2025-08-30,8,0,0.5276944706225524,1,1
2025-08-31,8,1,0.5274763105870592,1,1
2025-09-01,8,1,0.5273989810520276,1,1
2025-09-02,8,1,0.5275037890138492,1,1
2025-09-03,8,0,0.5273912857140287,1,1
2025-09-04,8,0,0.5273714168363222,1,1
2025-09-05,8,0,0.5273479504449812,1,1
2025-09-06,8,1,0.5273519946169689,1,1
2025-09-07,8,1,0.527359336581353,1,1
2025-09-08,8,0,0.5273508682941201,1,1
2025-09-09,8,1,0.5273469981335328,1,1
2025-09-10,8,1,0.5275224260043907,1,1
2025-09-11,8,1,0.5274805053920983,1,1
2025-09-12,8,0,0.5273836341511234,1,1
2025-09-13,8,0,0.5273522766642627,1,1
2025-09-14,8,1,0.5273525167897718,1,1
2025-09-15,8,1,0.5273408482942145,1,1
2025-09-16,8,0,0.5273808087849713,1,1
2025-09-17,8,1,0.5273529642331645,1,1
2025-09-18,8,0,0.5273479344241798,1,1
2025-09-19,8,1,0.5273826499704196,1,1
2025-09-20,8,0,0.5273489365004893,1,1
2025-09-21,8,0,0.5273531136673633,1,1
2025-09-22,8,0,0.5276631868320302,1,1
2025-09-23,8,1,0.5274498271432688,1,1
2025-09-24,8,0,0.527428585085122,1,1
2025-09-25,8,1,0.5291767755305732,1,1
2025-09-26,8,0,0.528067973024476,1,1
2025-09-27,8,1,0.527558293955422,1,1
2025-09-28,8,1,0.5276198993411454,1,1
2025-09-29,8,0,0.5275996681769276,1,1
2025-09-30,8,1,0.5274059981669694,1,1
2025-10-01,8,1,0.5289097082187179,1,1
2025-10-02,8,1,0.5281673705392615,1,1
2025-10-03,8,1,0.527686060206116,1,1
2025-10-04,8,1,0.5274375718999745,1,1
2025-10-05,8,1,0.5273726649537326,1,1
2025-10-06,8,0,0.5273720399277655,1,1
2025-10-07,8,1,0.5278187756733377,1,1
2025-10-08,8,0,0.5275909847165564,1,1
2025-10-09,8,0,0.5275147343272911,1,1
2025-10-10,8,0,0.531408340044959,1,1
2025-10-11,8,1,0.5304702507471092,1,1
2025-10-12,8,1,0.5307804411304357,1,1
2025-10-13,8,0,0.5289666496285875,1,1
2025-10-14,8,0,0.5284320506933805,1,1
2025-10-15,8,0,0.5279790214600987,1,1
2025-10-16,8,0,0.5281355277788504,1,1
2025-10-17,8,1,0.5278860480690846,1,1
2025-10-18,8,1,0.5275063503354935,1,1
2025-10-19,8,1,0.5274458533106487,1,1
2025-10-20,8,0,0.5274817576691193,1,1
2025-10-21,8,0,0.5276359714034538,1,1
2025-10-22,8,1,0.5274630914100417,1,1
2025-10-23,8,1,0.5275742883320789,1,1
2025-10-24,8,1,0.5274230136736479,1,1
2025-10-25,8,1,0.5273650401020646,1,1
2025-10-26,8,0,0.5276310539550103,1,1
2025-10-27,8,0,0.5274254493601174,1,1
2025-10-28,8,0,0.5274113458645061,1,1
2025-10-29,8,0,0.5278252289803304,1,1
2025-10-30,8,1,0.5277564925861942,1,1
2025-10-31,8,1,0.5275023497862963,1,1
2025-11-01,8,1,0.5273863114220392,1,1
2025-11-02,8,0,0.5273555735153604,1,1
2025-11-03,8,0,0.5286270523377368,1,1
2025-11-04,8,1,0.5311041499563148,1,1
2025-11-05,8,0,0.5299811172312368,1,1
2025-11-06,8,1,0.5295290531746276,1,1
2025-11-07,8,0,0.5286872256150614,1,1
2025-11-08,8,1,0.5279278962713863,1,1
2025-11-09,8,1,0.5279236763570654,1,1
2025-11-10,8,0,0.5275476785965781,1,1
2025-11-11,8,0,0.5281034216055743,1,1
2025-11-12,8,0,0.5277214004645103,1,1
2025-11-13,8,0,0.5277812201378338,1,1
2025-11-14,8,1,0.5311028676729571,1,1
2025-11-15,8,0,0.5293887545369153,1,1
2025-11-16,8,0,0.5285345290647288,1,1
2025-11-17,8,1,0.5285439948840156,1,1
2025-11-18,8,0,0.527879162669113,1,1
2025-11-19,8,0,0.5276778463633041,1,1
2025-11-20,8,0,0.5310719065206131,1,1
2025-11-21,8,0,0.5299916466783983,1,1
2025-11-22,8,1,0.5284777274238128,1,1
2025-11-23,8,1,0.528348356917404,1,1
2025-11-24,8,0,0.5278381488066773,1,1
2025-11-25,8,1,0.5275576748704998,1,1
2025-11-26,8,1,0.5285730183767172,1,1
2025-11-27,8,0,0.5277751293410163,1,1
2025-11-28,8,0,0.5274803758635265,1,1
2025-11-29,8,0,0.5273773862038317,1,1
2025-11-30,8,0,0.5273666019945252,1,1
2025-12-01,8,1,0.5298912519213865,1,1
2025-12-02,8,1,0.5313813014619215,1,1
2025-12-03,8,0,0.5302698809981145,1,1
2025-12-04,8,0,0.52899195740237,1,1
2025-12-05,8,0,0.5291551020810998,1,1
2025-12-06,8,1,0.5279783917530397,1,1
2025-12-07,8,1,0.5276026035150175,1,1
2025-12-08,8,1,0.5274126588953487,1,1
2025-12-09,8,0,0.5276005925140362,1,1
2025-12-10,8,1,0.5274404667848391,1,1
2025-12-11,8,0,0.5273736542980747,1,1
2025-12-12,8,1,0.527745374597922,1,1
2025-12-13,8,0,0.5274557285388355,1,1
2025-12-14,8,0,0.5277794983381022,1,1
2025-12-15,8,1,0.5278536360960947,1,1
2025-12-16,8,0,0.5276115171732118,1,1
2025-12-17,8,0,0.5277066435786578,1,1
2025-12-18,8,1,0.5275131442543245,1,1
2025-12-19,8,1,0.5280278247351827,1,1
2025-12-20,8,1,0.527542764888233,1,1
2025-12-21,8,0,0.5273955625502932,1,1
2025-12-22,8,0,0.5273596656472732,1,1
2025-12-23,8,1,0.5274002634601718,1,1
2025-12-24,8,0,0.5273549836353416,1,1
2025-12-25,8,1,0.5273526212705759,1,1
2025-12-26,8,1,0.5273437301976704,1,1
2025-12-27,8,1,0.5273467313936051,1,1
2025-12-28,8,0,0.5273420284964951,1,1
2025-12-29,8,1,0.5273688264057835,1,1
2025-12-30,8,0,0.5274461315388393,1,1
2025-12-31,8,1,0.5273881788531057,1,1
2026-01-01,8,1,0.5274165092646507,1,1
2026-01-02,8,1,0.5274297381605915,1,1
2026-01-03,8,1,0.5273732817986507,1,1
2026-01-04,8,1,0.5273664459921209,1,1
2026-01-05,8,0,0.5278157233370737,1,1
2026-01-06,8,0,0.5274819947786495,1,1
2026-01-07,8,0,0.5279078208941338,1,1
2026-01-08,8,0,0.5275179953240711,1,1
2026-01-09,8,0,0.5274223077629574,1,1
2026-01-10,8,1,0.5273639506010973,1,1
2026-01-11,8,1,0.5273470933144742,1,1
2026-01-12,8,1,0.5273441747253733,1,1
2026-01-13,8,1,0.5298966516241224,1,1
2026-01-14,8,0,0.5289152240354754,1,1
2026-01-15,8,0,0.5281418356225921,1,1
2026-01-16,8,0,0.5275858744244318,1,1
2026-01-17,8,0,0.5274229245947827,1,1
2026-01-18,8,0,0.5275111901313472,1,1
2026-01-19,8,0,0.5274831209374873,1,1
2026-01-20,8,1,0.53062216476397,1,1
2026-01-21,8,1,0.5289175754633177,1,1
2026-01-22,8,1,0.5278723838698347,1,1
2026-01-23,8,0,0.527493290299462,1,1
2026-01-24,8,0,0.5273965493747923,1,1
2026-01-25,8,1,0.5280409630493785,1,1
2026-01-26,8,1,0.5278154834636569,1,1
2026-01-27,8,1,0.5274949169363818,1,1
2026-01-28,8,0,0.5273813933731264,1,1
2026-01-29,8,0,0.5308896357530813,1,1
2026-01-30,8,0,0.5291714224544775,1,1
2026-01-31,8,0,0.5314165009530505,1,1
2026-02-01,8,1,0.5303835225551726,1,1
2026-02-02,8,0,0.5294325200256659,1,1
2026-02-03,8,0,0.5305918169650611,1,1
2026-02-04,8,0,0.5308728061107908,1,1
2026-02-05,8,1,0.5314233950553134,1,1
2026-02-06,8,0,0.5314233950552976,1,1
2026-02-07,8,1,0.5301740124003005,1,1
2026-02-08,8,0,0.5288126931504855,1,1
2026-02-09,8,0,0.5278231009634858,1,1
2026-02-10,8,0,0.5277514459034711,1,1
2026-02-11,8,0,0.5281621525178264,1,1
2026-02-12,8,1,0.5277194590793145,1,1
2026-02-13,8,1,0.5292299802569873,1,1
2026-02-14,8,0,0.5281437122974244,1,1
2026-02-15,8,1,0.527746034321861,1,1
2026-02-16,8,0,0.5274540504522068,1,1
2026-02-17,8,0,0.5276327198917227,1,1
2026-02-18,8,1,0.5275428634769938,1,1
2026-02-19,8,1,0.5274105299834366,1,1
2026-02-20,8,0,0.5274319892587847,1,1
2026-02-21,8,0,0.5273637428644592,1,1
2026-02-22,8,0,0.5273591959891132,1,1
2026-02-23,8,0,0.5299081323241787,1,1
2026-02-24,8,1,0.5284983949741018,1,1
2026-02-25,8,0,0.5313461393817842,1,1
2026-02-26,8,0,0.5295954458725803,1,1
2026-02-27,8,1,0.5291767151327376,1,1
2026-02-28,8,0,0.5282887024492405,1,1
2026-03-01,8,1,0.5280093054775357,1,1
2026-03-02,8,0,0.5303970881715739,1,1
2026-03-03,8,1,0.5287742038677248,1,1
2026-03-04,8,0,0.5314117446825924,1,1
2026-03-05,8,0,0.5305887014581834,1,1
2026-03-06,8,0,0.5309569301598422,1,1
2026-03-07,8,0,0.5294926975660212,1,1
2026-03-08,8,1,0.528822145033106,1,1
2026-03-09,8,1,0.5296629960219627,1,1
2026-03-10,8,1,0.5289080087782598,1,1
2026-03-11,8,1,0.5278770199337409,1,1
2026-03-12,8,1,0.5275021831989284,1,1
2026-03-13,8,1,0.5273976599650275,1,1
2026-03-14,8,1,0.5273543680698081,1,1
2026-03-15,8,1,0.527548549305961,1,1
2026-03-16,8,0,0.527843239710541,1,1
2026-03-17,8,0,0.5276208222774619,1,1
2026-03-18,8,0,0.5289581207983498,1,1
2026-03-19,8,1,0.5284119094401358,1,1
2026-03-20,8,0,0.5277089237473229,1,1
2026-03-21,8,0,0.5280953054309377,1,1
2026-03-22,8,1,0.5276799959138406,1,1
2026-03-23,8,0,0.5296166730356183,1,1
2026-03-24,8,1,0.5283012713053635,1,1
2026-03-25,8,0,0.5277255696276342,1,1
2026-03-26,8,0,0.5291528102168329,1,1
2026-03-27,8,0,0.5302127043857842,1,1
2026-03-28,8,0,0.5285633543947393,1,1
2026-03-29,8,1,0.5277759579544645,1,1
2026-03-30,8,1,0.5274999745113853,1,1
2026-03-31,8,0,0.5276326050146367,1,1
2026-04-01,8,0,0.527425375841173,1,1
2026-04-02,8,1,0.5275546707105696,1,1
2026-04-03,8,1,0.5273989126121981,1,1
2026-04-04,8,1,0.5273594289110038,1,1
2026-04-05,8,0,0.527622495145331,1,1
2026-04-06,8,1,0.5274249073975238,1,1
2026-04-07,8,0,0.5293596096934299,1,1
2026-04-08,8,1,0.5282617367174881,1,1
2026-04-09,8,1,0.5276778206027664,1,1
2026-04-10,8,1,0.5275975408428251,1,1
2026-04-11,8,0,0.5274101426737747,1,1
2026-04-12,8,1,0.5282640220635635,1,1
2026-04-13,8,0,0.5311242477791704,1,1
2026-04-14,8,1,0.5292754835178421,1,1
2026-04-15,8,1,0.5281340747030938,1,1
2026-04-16,8,1,0.5275874462356888,1,1
2026-04-17,8,0,0.5277842852998057,1,1
2026-04-18,8,0,0.5277358615408259,1,1
2026-04-19,8,1,0.5281036487085695,1,1
2026-04-20,8,1,0.5283347290024719,1,1
2026-04-21,8,1,0.5276664281169056,1,1
2026-04-22,8,1,0.5278267560517055,1,1
2026-04-23,8,0,0.5274783874619916,1,1
2026-04-24,8,1,0.5274770551894779,1,1
2026-04-25,8,1,0.5273781780181371,1,1
2026-04-26,8,0,0.5273987546915535,1,1
2026-04-27,8,0,0.5276198074000759,1,1
2026-04-28,8,0,0.5275539466020399,1,1
2026-04-29,8,1,0.5274387200022566,1,1
2026-04-30,8,1,0.5273710848794129,1,1
2026-05-01,8,1,0.5276532744513414,1,1
2026-05-02,8,0,0.5274372435815987,1,1
2026-05-03,8,1,0.5273688024944632,1,1
2026-05-04,8,1,0.5274655750676644,1,1
2026-05-05,8,1,0.5274521920524099,1,1
2026-05-06,8,0,0.5273741790492249,1,1
2026-05-07,8,1,0.5274979479746806,1,1
2026-05-08,8,1,0.5273823087698767,1,1
2026-05-09,8,1,0.527358235675812,1,1
2026-05-10,8,0,0.5274625982153148,1,1
2026-05-11,8,0,0.5273989424548748,1,1
2026-05-12,8,0,0.5275141505371712,1,1
2026-05-13,8,1,0.5275399069762429,1,1
2026-05-14,8,0,0.5276512669441642,1,1
2026-05-15,8,0,0.5279442001371702,1,1
2026-05-16,8,0,0.5276264263618062,1,1
2026-05-17,8,0,0.5274776713077025,1,1
2026-05-18,8,0,0.5274195437698145,1,1
2026-05-19,8,1,0.527369228001645,1,1
2026-05-20,8,1,0.5273617745383697,1,1
2026-05-21,8,0,0.5273443758798974,1,1
2026-05-22,8,1,0.5278391083367421,1,1
2026-05-23,8,1,0.5276062527060679,1,1
2026-05-24,8,1,0.5274137134207976,1,1
2026-05-25,8,0,0.5273619024050991,1,1
2026-05-26,8,0,0.5275545243972377,1,1
2026-05-27,8,0,0.5277573183935852,1,1
2026-05-28,8,0,0.5276097797516731,1,1
2026-05-29,8,1,0.5274170453897838,1,1
2026-05-30,8,0,0.5273628778763343,1,1
2026-05-31,8,0,0.5273516817564523,1,1
2026-06-01,8,0,0.5282715071758814,1,1
2026-06-02,8,0,0.5314121914998948,1,1
2026-06-03,8,0,0.5312256239783217,1,1
2026-06-04,8,0,0.5294401855474702,1,1
2026-06-05,8,0,0.53092403190595,1,1
2026-06-06,8,1,0.5290854654669093,1,1
2026-06-07,8,0,0.5301538715619226,1,1
2026-06-08,8,0,0.5285092923905725,1,1
2026-06-09,8,0,0.528440401016824,1,1
2026-06-10,8,1,0.5277014945909887,1,1
2026-06-11,8,0,0.5285320018938158,1,1
2026-06-12,8,1,0.5277146535794115,1,1
2026-06-13,8,1,0.5275412283029234,1,1
2026-06-14,8,1,0.5276026290982954,1,1
2026-06-15,8,0,0.5274545778867685,1,1
2026-06-16,8,0,0.5274148318786229,1,1
2026-06-17,8,0,0.5275274780907675,1,1
2026-06-18,8,1,0.5278149167946279,1,1
2026-06-19,8,1,0.5275282738222637,1,1
2026-06-20,8,0,0.527437263459723,1,1
2026-06-21,8,1,0.5274194947372999,1,1
2026-06-22,8,0,0.527393378891353,1,1
2026-06-23,8,0,0.5275677032334701,1,1
2026-06-24,8,0,0.5280329729096793,1,1
2026-06-25,8,1,0.5279841176101291,1,1
2026-06-26,8,0,0.527532441426266,1,1
2026-06-27,8,0,0.5273925797330731,1,1
2026-06-28,8,1,0.5273682347971749,1,1
2026-06-29,8,0,0.5273710936989712,1,1
2026-06-30,8,1,0.5278120280978318,1,1
2026-07-01,8,1,0.5278700281799186,1,1
2026-07-02,8,1,0.5278743230700962,1,1
2026-07-03,8,1,0.527647461859268,1,1
2026-07-04,8,1,0.5274417520166643,1,1
2026-07-05,8,1,0.5273697818031873,1,1
