date,fold,actual,proba_up,pred,always_up_pred
2016-01-11,1,0,0.5203109923082738,1,1
2016-01-12,1,0,0.527334313474314,1,1
2016-01-13,1,0,0.5532797813755006,1,1
2016-01-14,1,0,0.566015687420982,1,1
2016-01-15,1,1,0.4861569491563084,0,1
2016-01-16,1,1,0.48655874483725464,0,1
2016-01-17,1,1,0.5149691520901859,1,1
2016-01-18,1,1,0.5442286831177203,1,1
2016-01-19,1,1,0.5567758989729067,1,1
2016-01-20,1,1,0.4861579861029507,0,1
2016-01-21,1,1,0.5055226462656471,1,1
2016-01-22,1,1,0.48648243527365,0,1
2016-01-23,1,1,0.5170475614109493,1,1
2016-01-24,1,1,0.5097208536257772,1,1
2016-01-25,1,1,0.5199944190312868,1,1
2016-01-26,1,1,0.5507035437649332,1,1
2016-01-27,1,1,0.5650876813999907,1,1
2016-01-28,1,1,0.5499379553930951,1,1
2016-01-29,1,1,0.5650367129766672,1,1
2016-01-30,1,1,0.5701952834405124,1,1
2016-01-31,1,1,0.567185319774112,1,1
2016-02-01,1,1,0.5703789297422736,1,1
2016-02-02,1,1,0.571888505310797,1,1
2016-02-03,1,1,0.5715769718618041,1,1
2016-02-04,1,1,0.5286911568505575,1,1
2016-02-05,1,1,0.5539723738517869,1,1
2016-02-06,1,1,0.5558400903864996,1,1
2016-02-07,1,1,0.5673102443609734,1,1
2016-02-08,1,1,0.5704693347050586,1,1
2016-02-09,1,1,0.5718054040987967,1,1
2016-02-10,1,1,0.5715317420419823,1,1
2016-02-11,1,1,0.5720628468094366,1,1
2016-02-12,1,1,0.5719260339093512,1,1
2016-02-13,1,1,0.570781163766799,1,1
2016-02-14,1,1,0.5579073470886601,1,1
2016-02-15,1,1,0.5644040745327984,1,1
2016-02-16,1,1,0.5680199009033525,1,1
2016-02-17,1,0,0.5685567030583459,1,1
2016-02-18,1,0,0.5704446500122622,1,1
2016-02-19,1,0,0.5718147345577996,1,1
2016-02-20,1,0,0.5595523792247192,1,1
2016-02-21,1,0,0.5685365505050147,1,1
2016-02-22,1,0,0.5713061155471211,1,1
2016-02-23,1,0,0.5549895129627807,1,1
2016-02-24,1,0,0.5662771415416766,1,1
2016-02-25,1,0,0.5706729404805954,1,1
2016-02-26,1,0,0.5706437835566288,1,1
2016-02-27,1,0,0.5719864922445874,1,1
2016-02-28,1,0,0.5723652040897729,1,1
2016-02-29,1,0,0.5722139539107088,1,1
2016-03-01,1,0,0.5722292628502562,1,1
2016-03-02,1,0,0.5682263143082541,1,1
2016-03-03,1,0,0.5710388815702548,1,1
2016-03-04,1,1,0.5675563520136564,1,1
2016-03-05,1,1,0.5654402651407329,1,1
2016-03-06,1,1,0.5685709332131851,1,1
2016-03-07,1,1,0.5701595629828818,1,1
2016-03-08,1,1,0.5718268873258137,1,1
2016-03-09,1,1,0.572321112011487,1,1
2016-03-10,1,1,0.5724004512530825,1,1
2016-03-11,1,0,0.57213514384302,1,1
2016-03-12,1,1,0.568892283213608,1,1
2016-03-13,1,1,0.5713819760985407,1,1
2016-03-14,1,1,0.5721222558603473,1,1
2016-03-15,1,1,0.5724054142360404,1,1
2016-03-16,1,1,0.5724820528369728,1,1
2016-03-17,1,1,0.5723105414069656,1,1
2016-03-18,1,1,0.5679334444885323,1,1
2016-03-19,1,1,0.5711968812150006,1,1
2016-03-20,1,1,0.5719609580852844,1,1
2016-03-21,1,1,0.5723374802956155,1,1
2016-03-22,1,1,0.5720637506276103,1,1
2016-03-23,1,1,0.5723811560868259,1,1
2016-03-24,1,1,0.5723728470079501,1,1
2016-03-25,1,1,0.5724755195355742,1,1
2016-03-26,1,1,0.5725043383058505,1,1
2016-03-27,1,1,0.5707417223754645,1,1
2016-03-28,1,1,0.5717827052795648,1,1
2016-03-29,1,1,0.5704519336281543,1,1
2016-03-30,1,1,0.5718017050798738,1,1
2016-03-31,1,1,0.572276330371913,1,1
2016-04-01,1,1,0.5724404738463109,1,1
2016-04-02,1,1,0.5723806713460079,1,1
2016-04-03,1,1,0.5724721079298601,1,1
2016-04-04,1,1,0.5725040344637219,1,1
2016-04-05,1,1,0.5724310484303956,1,1
2016-04-06,1,1,0.5724628483947597,1,1
2016-04-07,1,1,0.5724691990138165,1,1
2016-04-08,1,1,0.5723169988853067,1,1
2016-04-09,1,1,0.5724119430810853,1,1
2016-04-10,1,1,0.5724361973758378,1,1
2016-04-11,1,1,0.5724918561588302,1,1
2016-04-12,1,1,0.5724177429586341,1,1
2016-04-13,1,1,0.572403063232888,1,1
2016-04-14,1,1,0.5724847593697738,1,1
2016-04-15,1,1,0.5720002119638801,1,1
2016-04-16,1,1,0.5723706098115904,1,1
2016-04-17,1,1,0.5721817301316255,1,1
2016-04-18,1,1,0.5724157142936417,1,1
2016-04-19,1,1,0.5715883429368236,1,1
2016-04-20,1,1,0.5716315063046814,1,1
2016-04-21,1,0,0.5709654569512618,1,1
2016-04-22,1,0,0.5716782167700053,1,1
2016-04-23,1,0,0.571967115898784,1,1
2016-04-24,1,0,0.5710668788583398,1,1
2016-04-25,1,0,0.5720105299027759,1,1
2016-04-26,1,0,0.5720760737680336,1,1
2016-04-27,1,1,0.541764976854668,1,1
2016-04-28,1,1,0.5608560216507492,1,1
2016-04-29,1,1,0.5677943774890902,1,1
2016-04-30,1,1,0.5695533528112666,1,1
2016-05-01,1,1,0.5714733348175509,1,1
2016-05-02,1,1,0.5708008420708061,1,1
2016-05-03,1,1,0.5714613725181992,1,1
2016-05-04,1,1,0.5718557945973715,1,1
2016-05-05,1,1,0.5723238037745606,1,1
2016-05-06,1,1,0.5692679804327844,1,1
2016-05-07,1,1,0.5715258627977848,1,1
2016-05-08,1,1,0.5722309122388528,1,1
2016-05-09,1,1,0.572407138203432,1,1
2016-05-10,1,1,0.5700586971532063,1,1
2016-05-11,1,1,0.5717885268906964,1,1
2016-05-12,1,1,0.5722752767177136,1,1
2016-05-13,1,1,0.5724478013652253,1,1
2016-05-14,1,1,0.5724901923120714,1,1
2016-05-15,1,1,0.572481459161604,1,1
2016-05-16,1,1,0.572210591563651,1,1
2016-05-17,1,1,0.5724123509548475,1,1
2016-05-18,1,1,0.5724866892730117,1,1
2016-05-19,1,1,0.5616629276367591,1,1
2016-05-20,1,1,0.5688297226885817,1,1
2016-05-21,1,1,0.5714632817269103,1,1
2016-05-22,1,1,0.5717904806785262,1,1
2016-05-23,1,1,0.5719391258999252,1,1
2016-05-24,1,1,0.5723268155927056,1,1
2016-05-25,1,1,0.5722939145822669,1,1
2016-05-26,1,1,0.5722678735836929,1,1
2016-05-27,1,1,0.5518896778979011,1,1
2016-05-28,1,1,0.48615696506077605,0,1
2016-05-29,1,1,0.5182487028229847,1,1
2016-05-30,1,1,0.5454425326846266,1,1
2016-05-31,1,1,0.5629350279194841,1,1
2016-06-01,1,1,0.5690906949866785,1,1
2016-06-02,1,1,0.5715382540408924,1,1
2016-06-03,1,1,0.5143127269508553,1,1
2016-06-04,1,1,0.546428035383467,1,1
2016-06-05,1,1,0.563738043976493,1,1
2016-06-06,1,1,0.5677028333000694,1,1
2016-06-07,1,1,0.5694299881104249,1,1
2016-06-08,1,1,0.5713799516873385,1,1
2016-06-09,1,1,0.5713939926636568,1,1
2016-06-10,1,1,0.5721508633203051,1,1
2016-06-11,1,1,0.5368081461855153,1,1
2016-06-12,1,0,0.48615713370153524,0,1
2016-06-13,1,0,0.4899575688367659,0,1
2016-06-14,1,0,0.5058095443093416,1,1
2016-06-15,1,0,0.5369279173235221,1,1
2016-06-16,1,0,0.4861577321094053,0,1
2016-06-17,1,0,0.5064998074609968,1,1
2016-06-18,1,0,0.5392758296612787,1,1
2016-06-19,1,0,0.5596312665641043,1,1
2016-06-20,1,0,0.5483568291092251,1,1
2016-06-21,1,0,0.48616110900858656,0,1
2016-06-22,1,1,0.4861569753519692,0,1
2016-06-23,1,1,0.4900506011345328,0,1
2016-06-24,1,0,0.48649221508261786,0,1
2016-06-25,1,0,0.5205561798720542,1,1
2016-06-26,1,1,0.49092229126279735,0,1
2016-06-27,1,0,0.49494365052681577,0,1
2016-06-28,1,1,0.5249899642597267,1,1
2016-06-29,1,1,0.5502944128252669,1,1
2016-06-30,1,0,0.5064715243158913,1,1
2016-07-01,1,0,0.5409055500520508,1,1
2016-07-02,1,0,0.5252473330666314,1,1
2016-07-03,1,0,0.48737755699567403,0,1
2016-07-04,1,0,0.49587718141603937,0,1
2016-07-05,1,0,0.5198719029526502,1,1
2016-07-06,1,0,0.5489182918488564,1,1
2016-07-07,1,0,0.4974789067205334,0,1
2016-07-08,1,0,0.49843748263501164,0,1
2016-07-09,1,0,0.5171743954351934,1,1
2016-07-10,1,0,0.5485626227297559,1,1
2016-07-11,1,0,0.5644609941752012,1,1
2016-07-12,1,0,0.5647185920550155,1,1
2016-07-13,1,0,0.5682296418506702,1,1
2016-07-14,1,0,0.5712013893885701,1,1
2016-07-15,1,0,0.5719734629809687,1,1
2016-07-16,1,0,0.572262437077163,1,1
2016-07-17,1,0,0.5682936516364094,1,1
2016-07-18,1,0,0.5706867045244438,1,1
2016-07-19,1,0,0.5719869593145732,1,1
2016-07-20,1,0,0.5717678935730425,1,1
2016-07-21,1,0,0.5722841390271675,1,1
2016-07-22,1,0,0.569751469484377,1,1
2016-07-23,1,0,0.5715544041131428,1,1
2016-07-24,1,0,0.5720284522714963,1,1
2016-07-25,1,0,0.5717598716826021,1,1
2016-07-26,1,0,0.5722090632998017,1,1
2016-07-27,1,0,0.5724065641299256,1,1
2016-07-28,1,0,0.5724853147246433,1,1
2016-07-29,1,0,0.5724986646180529,1,1
2016-07-30,1,0,0.572442057973589,1,1
2016-07-31,1,0,0.5413939279031449,1,1
2016-08-01,1,0,0.5417265436468928,1,1
2016-08-02,1,1,0.4861593002214074,0,1
2016-08-03,1,1,0.4980556551585452,0,1
2016-08-04,1,1,0.5228211705624359,1,1
2016-08-05,1,1,0.5513265065717041,1,1
2016-08-06,1,1,0.559866187718424,1,1
2016-08-07,1,1,0.5682902958079973,1,1
2016-08-08,1,1,0.5712176124129259,1,1
2016-08-09,1,1,0.571953321327115,1,1
2016-08-10,1,1,0.5722233220136017,1,1
2016-08-11,1,1,0.5722772916224538,1,1
2016-08-12,1,1,0.5723886183248565,1,1
2016-08-13,1,1,0.5723972024334739,1,1
2016-08-14,1,1,0.5682320605933763,1,1
2016-08-15,1,1,0.5710292797222805,1,1
2016-08-16,1,1,0.5707717043014312,1,1
2016-08-17,1,1,0.571692200120691,1,1
2016-08-18,1,1,0.5722842420038193,1,1
2016-08-19,1,1,0.5724487060717978,1,1
2016-08-20,1,1,0.5721793618162785,1,1
2016-08-21,1,1,0.5724062523868673,1,1
2016-08-22,1,1,0.5722459013167283,1,1
2016-08-23,1,1,0.5722496047219141,1,1
2016-08-24,1,1,0.5722588014934514,1,1
2016-08-25,1,1,0.5723277321827613,1,1
2016-08-26,1,1,0.5724508998704463,1,1
2016-08-27,1,1,0.5710428574306516,1,1
2016-08-28,1,1,0.5719729027430801,1,1
2016-08-29,1,1,0.5723600224604265,1,1
2016-08-30,1,1,0.5723973992450214,1,1
2016-08-31,1,1,0.5723938431891569,1,1
2016-09-01,1,1,0.5723033542268994,1,1
2016-09-02,1,1,0.5723898728609303,1,1
2016-09-03,1,1,0.5596746650248109,1,1
2016-09-04,1,1,0.5662648579178019,1,1
2016-09-05,1,1,0.5705704204774854,1,1
2016-09-06,1,1,0.5718616727030857,1,1
2016-09-07,1,1,0.5722227402430209,1,1
2016-09-08,1,0,0.5710242592292667,1,1
2016-09-09,1,0,0.5718945181690962,1,1
2016-09-10,1,0,0.5723417610560988,1,1
2016-09-11,1,1,0.5676547237515817,1,1
2016-09-12,1,1,0.5711110374560682,1,1
2016-09-13,1,1,0.5721206273200101,1,1
2016-09-14,1,1,0.5724022525749882,1,1
2016-09-15,1,1,0.572291049463778,1,1
2016-09-16,1,1,0.5724428226763796,1,1
2016-09-17,1,1,0.5724624076102334,1,1
2016-09-18,1,1,0.5724088276235584,1,1
2016-09-19,1,1,0.5724642734775817,1,1
2016-09-20,1,1,0.5724712315943443,1,1
2016-09-21,1,1,0.5707159904596801,1,1
2016-09-22,1,1,0.5719746827176019,1,1
2016-09-23,1,1,0.5719988071827597,1,1
2016-09-24,1,1,0.5723598347151879,1,1
2016-09-25,1,1,0.5724015874414481,1,1
2016-09-26,1,1,0.5720460321616361,1,1
2016-09-27,1,1,0.5723081992972012,1,1
2016-09-28,1,1,0.5724055508571156,1,1
2016-09-29,1,1,0.5724853593352642,1,1
2016-09-30,1,1,0.5724056838014815,1,1
2016-10-01,1,1,0.5723707007353926,1,1
2016-10-02,1,1,0.5723207778504606,1,1
2016-10-03,1,1,0.5724603423174197,1,1
2016-10-04,1,1,0.572424810124188,1,1
2016-10-05,1,1,0.5724702372720155,1,1
2016-10-06,1,1,0.572502392639942,1,1
2016-10-07,1,1,0.5724100131206336,1,1
2016-10-08,1,1,0.5724746885318195,1,1
2016-10-09,1,1,0.5724051637671267,1,1
2016-10-10,1,1,0.5724671711389565,1,1
2016-10-11,1,1,0.5637126269432344,1,1
2016-10-12,1,1,0.5693576052828632,1,1
2016-10-13,1,1,0.5716163455001706,1,1
2016-10-14,1,1,0.5721930399779193,1,1
2016-10-15,1,1,0.5723628704636865,1,1
2016-10-16,1,1,0.5724341868940933,1,1
2016-10-17,1,1,0.57239371018575,1,1
2016-10-18,1,1,0.5724415121240316,1,1
2016-10-19,1,1,0.5718099132659422,1,1
2016-10-20,1,1,0.5723155701942133,1,1
2016-10-21,1,1,0.5724494289281536,1,1
2016-10-22,1,1,0.5606381578278773,1,1
2016-10-23,1,1,0.5689133984607867,1,1
2016-10-24,1,1,0.5712839812338281,1,1
2016-10-25,1,1,0.5720894594653864,1,1
2016-10-26,1,1,0.5664753117215449,1,1
2016-10-27,1,1,0.5696526736060442,1,1
2016-10-28,1,1,0.571701536663243,1,1
2016-10-29,1,1,0.5626356513658063,1,1
2016-10-30,1,1,0.5664888092419484,1,1
2016-10-31,1,1,0.5707285241525503,1,1
2016-11-01,1,1,0.5550668243937975,1,1
2016-11-02,1,1,0.5650523807232115,1,1
2016-11-03,1,1,0.48825962792623956,0,1
2016-11-04,1,1,0.5128860836494955,1,1
2016-11-05,1,1,0.5459688292348935,1,1
2016-11-06,1,1,0.5622417929051824,1,1
2016-11-07,1,1,0.5680938091979398,1,1
2016-11-08,1,1,0.5708965786673067,1,1
2016-11-09,1,1,0.5705359592931292,1,1
2016-11-10,1,1,0.5712768419462808,1,1
2016-11-11,1,1,0.5721677724530131,1,1
2016-11-12,1,1,0.5710950581750143,1,1
2016-11-13,1,1,0.5719819335268685,1,1
2016-11-14,1,1,0.572335806112319,1,1
2016-11-15,1,1,0.572225196662543,1,1
2016-11-16,1,1,0.5488425817034287,1,1
2016-11-17,1,1,0.564367132440146,1,1
2016-11-18,1,1,0.5689566029568442,1,1
2016-11-19,1,1,0.5714917606910533,1,1
2016-11-20,1,1,0.5668086824858102,1,1
2016-11-21,1,1,0.5702996584857503,1,1
2016-11-22,1,1,0.570780035190287,1,1
2016-11-23,1,1,0.5715460036054261,1,1
2016-11-24,1,1,0.5720353092762315,1,1
2016-11-25,1,1,0.5723810973416711,1,1
2016-11-26,1,1,0.57210360363828,1,1
2016-11-27,1,1,0.5722656552406223,1,1
2016-11-28,1,1,0.5723938366235026,1,1
2016-11-29,1,1,0.5724718573862623,1,1
2016-11-30,1,1,0.5719037038029903,1,1
2016-12-01,1,1,0.5715765430043258,1,1
2016-12-02,1,1,0.568005192023946,1,1
2016-12-03,1,1,0.5706649890587511,1,1
2016-12-04,1,1,0.5719747958519851,1,1
2016-12-05,1,1,0.5701853881891714,1,1
2016-12-06,1,1,0.5717020340493644,1,1
2016-12-07,1,1,0.5722342595204272,1,1
2016-12-08,1,1,0.5724214758977086,1,1
2016-12-09,1,1,0.5724849441442134,1,1
2016-12-10,1,1,0.5725040496630608,1,1
2016-12-11,1,1,0.5722883958905673,1,1
2016-12-12,1,0,0.5718700200143362,1,1
2016-12-13,1,1,0.572332923939233,1,1
2016-12-14,1,1,0.5724650244791585,1,1
2016-12-15,1,1,0.5723803489717841,1,1
2016-12-16,1,1,0.5722742449457302,1,1
2016-12-17,1,1,0.5723066245860288,1,1
2016-12-18,1,1,0.5724461913167173,1,1
2016-12-19,1,1,0.572490120853918,1,1
2016-12-20,1,1,0.5722095768069836,1,1
2016-12-21,1,1,0.5562095200849426,1,1
2016-12-22,1,1,0.5473462335005752,1,1
2016-12-23,1,1,0.48897484528581614,0,1
2016-12-24,1,1,0.5066816605131392,1,1
2016-12-25,1,0,0.5408112800451602,1,1
2016-12-26,1,0,0.5594531110479022,1,1
2016-12-27,1,0,0.5600703532086162,1,1
2016-12-28,1,0,0.5311678718415139,1,1
2016-12-29,1,0,0.5566797846388299,1,1
2016-12-30,1,0,0.565646767421501,1,1
2016-12-31,1,0,0.5705051996910939,1,1
2017-01-01,1,0,0.5615513098976412,1,1
2017-01-02,1,0,0.5645713726639562,1,1
2017-01-03,1,0,0.5669475299404353,1,1
2017-01-04,1,0,0.4861584480721798,0,1
2017-01-05,1,1,0.4861569493595685,0,1
2017-01-06,1,1,0.4861569580519815,0,1
2017-01-07,1,1,0.5193365664943519,1,1
2017-01-08,1,1,0.55024676693742,1,1
2017-01-09,1,1,0.5639485973000888,1,1
2017-01-10,1,1,0.5698872820529385,1,1
2017-01-11,1,1,0.4861569491628872,0,1
2017-01-12,1,1,0.49778758733154077,0,1
2017-01-13,1,1,0.5194857917423021,1,1
2017-01-14,1,1,0.5488400962901466,1,1
2017-01-15,1,1,0.5646741997600297,1,1
2017-01-16,1,1,0.5694905851654757,1,1
2017-01-17,1,1,0.4862199111366256,0,1
2017-01-18,1,1,0.5058119629520791,1,1
2017-01-19,1,1,0.5362214731674577,1,1
2017-01-20,1,1,0.5588314223794429,1,1
2017-01-21,1,1,0.5580419021151489,1,1
2017-01-22,1,1,0.5680507670743062,1,1
2017-01-23,1,1,0.5710858480088279,1,1
2017-01-24,1,1,0.5642074908985151,1,1
2017-01-25,1,1,0.5695868007057038,1,1
2017-01-26,1,1,0.570242445156957,1,1
2017-01-27,1,1,0.571868848923919,1,1
2017-01-28,1,1,0.5723336671311939,1,1
2017-01-29,1,1,0.5724155694860026,1,1
2017-01-30,1,1,0.5724875992476098,1,1
2017-01-31,1,1,0.5269333245401262,1,1
2017-02-01,1,1,0.5476958573452185,1,1
2017-02-02,1,1,0.5571605531615473,1,1
2017-02-03,1,1,0.5649866540611083,1,1
2017-02-04,1,1,0.5694831428161745,1,1
2017-02-05,1,1,0.5702167197098746,1,1
2017-02-06,1,1,0.5714839898517414,1,1
2017-02-07,1,1,0.5699724456490369,1,1
2017-02-08,1,1,0.5717949769741398,1,1
2017-02-09,1,1,0.4949951448328901,0,1
2017-02-10,1,1,0.529133530592458,1,1
2017-02-11,1,1,0.551509199659712,1,1
2017-02-12,1,1,0.5652757478464562,1,1
2017-02-13,1,1,0.5697682464041285,1,1
2017-02-14,1,1,0.5709439790741089,1,1
2017-02-15,1,1,0.5720638853168841,1,1
2017-02-16,1,0,0.5708299157165727,1,1
2017-02-17,1,0,0.5706383660605596,1,1
2017-02-18,1,0,0.5718062837967788,1,1
2017-02-19,1,1,0.5720872182690434,1,1
2017-02-20,1,0,0.5669825595736445,1,1
2017-02-21,1,0,0.5614951920978611,1,1
2017-02-22,1,0,0.5692120528984481,1,1
2017-02-23,1,0,0.5474204845073846,1,1
2017-02-24,1,0,0.5639505746194863,1,1
2017-02-25,1,0,0.5629925955065629,1,1
2017-02-26,1,0,0.5672853191867971,1,1
2017-02-27,1,0,0.5702752597841015,1,1
2017-02-28,1,0,0.571873715876249,1,1
2017-03-01,1,0,0.5627695504739898,1,1
2017-03-02,1,0,0.565287062951689,1,1
2017-03-03,1,0,0.5681235728347326,1,1
2017-03-04,1,0,0.5695313580016017,1,1
2017-03-05,1,0,0.5713515613233231,1,1
2017-03-06,1,0,0.5721503854092677,1,1
2017-03-07,1,0,0.556405457967195,1,1
2017-03-08,1,1,0.4931574413221641,0,1
2017-03-09,1,0,0.5038034239021805,1,1
2017-03-10,1,1,0.4871696993420187,0,1
2017-03-11,1,1,0.48813772032000624,0,1
2017-03-12,1,0,0.4956287341479871,0,1
2017-03-13,1,0,0.5297577268366712,1,1
2017-03-14,1,0,0.5557248429215418,1,1
2017-03-15,1,0,0.5668951886311886,1,1
2017-03-16,1,0,0.522958663812647,1,1
2017-03-17,1,1,0.48635890991413394,0,1
2017-03-18,1,1,0.4861569511794902,0,1
2017-03-19,1,1,0.4865042051552134,0,1
2017-03-20,1,1,0.5144897197923052,1,1
2017-03-21,1,1,0.48772553837104693,0,1
2017-03-22,1,1,0.48643717218335647,0,1
2017-03-23,1,1,0.5171160808560827,1,1
2017-03-24,1,1,0.486157868293036,0,1
2017-03-25,1,1,0.4955139592455952,0,1
2017-03-26,1,1,0.529472690059388,1,1
2017-03-27,1,1,0.48624718995264343,0,1
2017-03-28,1,1,0.5203098249690545,1,1
2017-03-29,1,1,0.5493327597763775,1,1
2017-03-30,1,1,0.5622546494388159,1,1
2017-03-31,1,1,0.5377032846016793,1,1
2017-04-01,1,1,0.5593614462881005,1,1
2017-04-02,1,1,0.565118276487048,1,1
2017-04-03,1,1,0.5535971585301792,1,1
2017-04-04,1,1,0.5653116953254239,1,1
2017-04-05,1,1,0.5699148932052014,1,1
2017-04-06,1,1,0.5301631771927122,1,1
2017-04-07,1,1,0.5556875345419536,1,1
2017-04-08,1,1,0.5672232813428968,1,1
2017-04-09,1,1,0.5705604969050873,1,1
2017-04-10,1,1,0.5719465094389405,1,1
2017-04-11,1,1,0.5715660686082555,1,1
2017-04-12,1,1,0.5721398792432655,1,1
2017-04-13,1,1,0.5680243226323961,1,1
2017-04-14,1,1,0.5711840903167247,1,1
2017-04-15,1,1,0.5721082586946414,1,1
2017-04-16,1,1,0.5721857609141772,1,1
2017-04-17,1,1,0.5721853262120278,1,1
2017-04-18,1,1,0.5716726553209518,1,1
2017-04-19,1,1,0.572254637257311,1,1
2017-04-20,1,1,0.571613987632623,1,1
2017-04-21,1,1,0.5720593738027852,1,1
2017-04-22,1,1,0.5722257626540751,1,1
2017-04-23,1,1,0.5702275274286364,1,1
2017-04-24,1,1,0.5615969848885163,1,1
2017-04-25,1,1,0.5683242780463283,1,1
2017-04-26,1,1,0.5706763246891258,1,1
2017-04-27,1,1,0.5671213600997703,1,1
2017-04-28,1,1,0.5709286855341416,1,1
2017-04-29,1,1,0.5720402882116741,1,1
2017-04-30,2,1,0.6544223654725634,1,1
2017-05-01,2,1,0.5510978032303476,1,1
2017-05-02,2,1,0.5813692216465053,1,1
2017-05-03,2,1,0.5922080314129936,1,1
2017-05-04,2,1,0.5769311888433538,1,1
2017-05-05,2,1,0.6252014056025296,1,1
2017-05-06,2,1,0.6471475563574712,1,1
2017-05-07,2,1,0.6587612239794297,1,1
2017-05-08,2,1,0.5498127428143074,1,1
2017-05-09,2,1,0.5883365040490651,1,1
2017-05-10,2,1,0.6203123797709538,1,1
2017-05-11,2,1,0.5825782673469422,1,1
2017-05-12,2,1,0.5498137053525256,1,1
2017-05-13,2,1,0.5504186960474658,1,1
2017-05-14,2,1,0.6101619402372676,1,1
2017-05-15,2,1,0.557143161680816,1,1
2017-05-16,2,1,0.6155703041984981,1,1
2017-05-17,2,1,0.5498986829277607,1,1
2017-05-18,2,1,0.5689619383347104,1,1
2017-05-19,2,1,0.550078173913409,1,1
2017-05-20,2,1,0.5501903337709781,1,1
2017-05-21,2,1,0.5751568391217199,1,1
2017-05-22,2,1,0.5498206330054399,1,1
2017-05-23,2,1,0.5498138800971163,1,1
2017-05-24,2,1,0.5499377278493252,1,1
2017-05-25,2,1,0.5498294443996552,1,1
2017-05-26,2,1,0.5502817430337925,1,1
2017-05-27,2,1,0.5498124155071998,1,1
2017-05-28,2,1,0.5498509545218968,1,1
2017-05-29,2,1,0.5504919545418214,1,1
2017-05-30,2,1,0.5530727697303606,1,1
2017-05-31,2,1,0.5500550805143601,1,1
2017-06-01,2,1,0.5499379768280704,1,1
2017-06-02,2,1,0.5578809432175972,1,1
2017-06-03,2,1,0.6110801359233247,1,1
2017-06-04,2,1,0.6489280702946932,1,1
2017-06-05,2,0,0.5498221787465222,1,1
2017-06-06,2,0,0.5498153201264698,1,1
2017-06-07,2,0,0.5501572374818748,1,1
2017-06-08,2,0,0.5692385384783595,1,1
2017-06-09,2,0,0.6250756133878872,1,1
2017-06-10,2,0,0.5573157769599766,1,1
2017-06-11,2,0,0.6166893884976505,1,1
2017-06-12,2,0,0.5498123768333347,1,1
2017-06-13,2,0,0.5812518373749873,1,1
2017-06-14,2,0,0.5498124017149892,1,1
2017-06-15,2,0,0.5848864869855288,1,1
2017-06-16,2,0,0.607117615526866,1,1
2017-06-17,2,0,0.5501913659547485,1,1
2017-06-18,2,0,0.5509900105519884,1,1
2017-06-19,2,0,0.5946897218196587,1,1
2017-06-20,2,1,0.5505261793403877,1,1
2017-06-21,2,0,0.5959316906881775,1,1
2017-06-22,2,1,0.6416435600637485,1,1
2017-06-23,2,0,0.6545541130472823,1,1
2017-06-24,2,1,0.5518393358884646,1,1
2017-06-25,2,0,0.6052234439792743,1,1
2017-06-26,2,1,0.5526936411679747,1,1
2017-06-27,2,1,0.5645205134185736,1,1
2017-06-28,2,1,0.6193697281678283,1,1
2017-06-29,2,1,0.6410348095436227,1,1
2017-06-30,2,1,0.6312522948305264,1,1
2017-07-01,2,1,0.6373886264561626,1,1
2017-07-02,2,1,0.6162902576995503,1,1
2017-07-03,2,1,0.6251612724158578,1,1
2017-07-04,2,1,0.647575098128414,1,1
2017-07-05,2,1,0.661061173333768,1,1
2017-07-06,2,1,0.6644003363369059,1,1
2017-07-07,2,1,0.6031471004381742,1,1
2017-07-08,2,1,0.6226675032333766,1,1
2017-07-09,2,1,0.6263417339365132,1,1
2017-07-10,2,1,0.5498953829903176,1,1
2017-07-11,2,1,0.5896404350205084,1,1
2017-07-12,2,1,0.5960834612446423,1,1
2017-07-13,2,1,0.61930736456507,1,1
2017-07-14,2,1,0.5501278701353106,1,1
2017-07-15,2,1,0.5498123768324211,1,1
2017-07-16,2,1,0.55363727826138,1,1
2017-07-17,2,1,0.5498123768324025,1,1
2017-07-18,2,1,0.5521120658764904,1,1
2017-07-19,2,1,0.5796518927984995,1,1
2017-07-20,2,1,0.5498123768324021,1,1
2017-07-21,2,1,0.5498607556182111,1,1
2017-07-22,2,1,0.5499294937745707,1,1
2017-07-23,2,1,0.5602707644543174,1,1
2017-07-24,2,1,0.6155311271418198,1,1
2017-07-25,2,1,0.5498192541169288,1,1
2017-07-26,2,1,0.5811249337291504,1,1
2017-07-27,2,1,0.549939984899253,1,1
2017-07-28,2,1,0.5500108891368821,1,1
2017-07-29,2,1,0.5588477130954661,1,1
2017-07-30,2,1,0.6112336586303071,1,1
2017-07-31,2,1,0.5565861192976396,1,1
2017-08-01,2,1,0.5498522613503953,1,1
2017-08-02,2,1,0.6080198570652688,1,1
2017-08-03,2,1,0.5750719360799569,1,1
2017-08-04,2,1,0.5678315252563417,1,1
2017-08-05,2,1,0.5498123768324026,1,1
2017-08-06,2,1,0.5952816432888972,1,1
2017-08-07,2,1,0.5504839033040491,1,1
2017-08-08,2,1,0.6018025629651358,1,1
2017-08-09,2,1,0.6045818440603257,1,1
2017-08-10,2,1,0.6414864528745832,1,1
2017-08-11,2,1,0.5498125554828097,1,1
2017-08-12,2,1,0.5498172293741719,1,1
2017-08-13,2,1,0.5502125922036466,1,1
2017-08-14,2,0,0.5498225598682586,1,1
2017-08-15,2,0,0.5547447246526476,1,1
2017-08-16,2,0,0.5505666936650564,1,1
2017-08-17,2,0,0.5993087469895229,1,1
2017-08-18,2,0,0.5550149912208587,1,1
2017-08-19,2,0,0.6117504748993605,1,1
2017-08-20,2,0,0.6009834626205027,1,1
2017-08-21,2,0,0.6099913527401266,1,1
2017-08-22,2,0,0.6151810991223811,1,1
2017-08-23,2,0,0.6456291837206813,1,1
2017-08-24,2,0,0.5617535625413467,1,1
2017-08-25,2,0,0.6172987432199898,1,1
2017-08-26,2,0,0.6501925622440252,1,1
2017-08-27,2,0,0.6612076071376547,1,1
2017-08-28,2,0,0.6644014203762731,1,1
2017-08-29,2,0,0.5690727312797282,1,1
2017-08-30,2,0,0.6250255252095807,1,1
2017-08-31,2,0,0.603599142487677,1,1
2017-09-01,2,0,0.5595743731628051,1,1
2017-09-02,2,0,0.5498146098764781,1,1
2017-09-03,2,0,0.6094978822596613,1,1
2017-09-04,2,0,0.5498124801441531,1,1
2017-09-05,2,0,0.5583573516345941,1,1
2017-09-06,2,0,0.5501457931042685,1,1
2017-09-07,2,0,0.6098033768465951,1,1
2017-09-08,2,1,0.5498123897258994,1,1
2017-09-09,2,1,0.6091207336419658,1,1
2017-09-10,2,1,0.6027798444542682,1,1
2017-09-11,2,1,0.6428539635050114,1,1
2017-09-12,2,1,0.6577044528040691,1,1
2017-09-13,2,1,0.5499199033330955,1,1
2017-09-14,2,1,0.5498123768324025,1,1
2017-09-15,2,1,0.5498123768324026,1,1
2017-09-16,2,1,0.6075002111083944,1,1
2017-09-17,2,1,0.6383784825222543,1,1
2017-09-18,2,1,0.5498123768324025,1,1
2017-09-19,2,1,0.5536683242206736,1,1
2017-09-20,2,1,0.6101630724814089,1,1
2017-09-21,2,1,0.5498131803247298,1,1
2017-09-22,2,1,0.609295263998346,1,1
2017-09-23,2,1,0.5543901224167502,1,1
2017-09-24,2,1,0.5609487562590731,1,1
2017-09-25,2,1,0.5498160639944382,1,1
2017-09-26,2,1,0.6013720660232009,1,1
2017-09-27,2,1,0.5498124561742381,1,1
2017-09-28,2,1,0.6047350008106158,1,1
2017-09-29,2,1,0.6457391249160386,1,1
2017-09-30,2,1,0.5670614368431188,1,1
2017-10-01,2,1,0.6116599398207827,1,1
2017-10-02,2,1,0.6495789072155367,1,1
2017-10-03,2,1,0.6437333804236555,1,1
2017-10-04,2,1,0.640877811503592,1,1
2017-10-05,2,1,0.6399546323982739,1,1
2017-10-06,2,1,0.6572133570429924,1,1
2017-10-07,2,1,0.6612168534532117,1,1
2017-10-08,2,1,0.5802084227701415,1,1
2017-10-09,2,1,0.5637704683975923,1,1
2017-10-10,2,1,0.6225008579605908,1,1
2017-10-11,2,1,0.6513289774076172,1,1
2017-10-12,2,1,0.5498123768324026,1,1
2017-10-13,2,1,0.5545051328663323,1,1
2017-10-14,2,1,0.5603315689515451,1,1
2017-10-15,2,1,0.568214234265179,1,1
2017-10-16,2,1,0.6227242754388673,1,1
2017-10-17,2,1,0.6250781318926132,1,1
2017-10-18,2,1,0.6537859784562711,1,1
2017-10-19,2,1,0.6523372389331743,1,1
2017-10-20,2,1,0.5516546556334104,1,1
2017-10-21,2,1,0.6112509245779323,1,1
2017-10-22,2,1,0.6480337912845046,1,1
2017-10-23,2,1,0.6554306429045054,1,1
2017-10-24,2,1,0.5498188728061685,1,1
2017-10-25,2,1,0.5521302089257093,1,1
2017-10-26,2,1,0.570601616964232,1,1
2017-10-27,2,1,0.5891050668003587,1,1
2017-10-28,2,1,0.6366444819668379,1,1
2017-10-29,2,1,0.5498192223670654,1,1
2017-10-30,2,1,0.6072117821071314,1,1
2017-10-31,2,1,0.550135405980889,1,1
2017-11-01,2,1,0.5505127127985315,1,1
2017-11-02,2,1,0.5505597348181154,1,1
2017-11-03,2,1,0.5897483829656706,1,1
2017-11-04,2,1,0.604008467940595,1,1
2017-11-05,2,1,0.6462156436331967,1,1
2017-11-06,2,1,0.5506392088479664,1,1
2017-11-07,2,1,0.5919502642540675,1,1
2017-11-08,2,1,0.5532059149374949,1,1
2017-11-09,2,1,0.5506745537683123,1,1
2017-11-10,2,1,0.5498124285214466,1,1
2017-11-11,2,1,0.5512955178916737,1,1
2017-11-12,2,1,0.5498140505382565,1,1
2017-11-13,2,1,0.5498123768328498,1,1
2017-11-14,2,1,0.6018980075568268,1,1
2017-11-15,2,1,0.549812376834148,1,1
2017-11-16,2,1,0.5498124482299783,1,1
2017-11-17,2,1,0.5753836213317378,1,1
2017-11-18,2,1,0.6255225877985656,1,1
2017-11-19,2,1,0.597848107227194,1,1
2017-11-20,2,1,0.6205520484845477,1,1
2017-11-21,2,1,0.637783553546341,1,1
2017-11-22,2,1,0.6400718056922203,1,1
2017-11-23,2,1,0.6190942781780916,1,1
2017-11-24,2,1,0.6139209754808987,1,1
2017-11-25,2,1,0.5498308099545979,1,1
2017-11-26,2,1,0.549823931243681,1,1
2017-11-27,2,1,0.5499682018651778,1,1
2017-11-28,2,1,0.5744675899721663,1,1
2017-11-29,2,1,0.6043085731749697,1,1
2017-11-30,2,1,0.5728086165215238,1,1
2017-12-01,2,1,0.5498129065212161,1,1
2017-12-02,2,1,0.6053649793563953,1,1
2017-12-03,2,1,0.619535792942427,1,1
2017-12-04,2,1,0.6029031124735953,1,1
2017-12-05,2,1,0.618466551792154,1,1
2017-12-06,2,1,0.5498123768324027,1,1
2017-12-07,2,0,0.5498123768324026,1,1
2017-12-08,2,0,0.5498124139780676,1,1
2017-12-09,2,0,0.5498123774854369,1,1
2017-12-10,2,0,0.589046318530291,1,1
2017-12-11,2,0,0.5498123768687151,1,1
2017-12-12,2,0,0.5662521493679277,1,1
2017-12-13,2,0,0.5498325833935848,1,1
2017-12-14,2,0,0.6048288592262763,1,1
2017-12-15,2,0,0.5498163499494325,1,1
2017-12-16,2,0,0.5498123768332822,1,1
2017-12-17,2,0,0.5810331009571605,1,1
2017-12-18,2,0,0.6340024286295253,1,1
2017-12-19,2,0,0.5498140511228699,1,1
2017-12-20,2,0,0.5498136235213054,1,1
2017-12-21,2,0,0.5499479657217967,1,1
2017-12-22,2,0,0.5498123768324026,1,1
2017-12-23,2,0,0.5498200030589737,1,1
2017-12-24,2,0,0.5498691544258737,1,1
2017-12-25,2,0,0.6072057809606628,1,1
2017-12-26,2,0,0.5498123768324026,1,1
2017-12-27,2,0,0.5859317743871806,1,1
2017-12-28,2,0,0.5498124018889462,1,1
2017-12-29,2,0,0.6093137918240168,1,1
2017-12-30,2,0,0.5498123768324027,1,1
2017-12-31,2,0,0.5498123768817551,1,1
2018-01-01,2,0,0.553160366728392,1,1
2018-01-02,2,0,0.5498123768402491,1,1
2018-01-03,2,0,0.5967508362650201,1,1
2018-01-04,2,0,0.6005426985594071,1,1
2018-01-05,2,0,0.5498123768324028,1,1
2018-01-06,2,0,0.6083550461138612,1,1
2018-01-07,2,0,0.5498417445093885,1,1
2018-01-08,2,0,0.5498123816285543,1,1
2018-01-09,2,0,0.5518258323272203,1,1
2018-01-10,2,0,0.5724462191175064,1,1
2018-01-11,2,0,0.5498123768324449,1,1
2018-01-12,2,0,0.5512556451775469,1,1
2018-01-13,2,0,0.5692942395824645,1,1
2018-01-14,2,0,0.5516975396768752,1,1
2018-01-15,2,0,0.6112629764903033,1,1
2018-01-16,2,0,0.5498123768324026,1,1
2018-01-17,2,0,0.5636467488557363,1,1
2018-01-18,2,0,0.5807683248852762,1,1
2018-01-19,2,0,0.6278437267657315,1,1
2018-01-20,2,0,0.5498123768324285,1,1
2018-01-21,2,0,0.5498123768325882,1,1
2018-01-22,2,0,0.5498252759229464,1,1
2018-01-23,2,0,0.6052369763192833,1,1
2018-01-24,2,0,0.5534549602167648,1,1
2018-01-25,2,0,0.6047139424868286,1,1
2018-01-26,2,0,0.6420047762646072,1,1
2018-01-27,2,0,0.6389045184977877,1,1
2018-01-28,2,0,0.614640135161223,1,1
2018-01-29,2,0,0.554537750669363,1,1
2018-01-30,2,1,0.5498123768324201,1,1
2018-01-31,2,1,0.6022984254024988,1,1
2018-02-01,2,1,0.549812376832646,1,1
2018-02-02,2,1,0.5521887079151839,1,1
2018-02-03,2,1,0.553221709596039,1,1
2018-02-04,2,1,0.5498123768333287,1,1
2018-02-05,2,1,0.5498123768324026,1,1
2018-02-06,2,1,0.5498123768324031,1,1
2018-02-07,2,1,0.5838420904695173,1,1
2018-02-08,2,1,0.5498123825991269,1,1
2018-02-09,2,1,0.5498546733165791,1,1
2018-02-10,2,1,0.592859160779859,1,1
2018-02-11,2,1,0.5498619073418572,1,1
2018-02-12,2,0,0.5498123768367271,1,1
2018-02-13,2,0,0.5523222812799157,1,1
2018-02-14,2,0,0.5498123768325894,1,1
2018-02-15,2,0,0.54981288328997,1,1
2018-02-16,2,0,0.6076350315443275,1,1
2018-02-17,2,0,0.5498123824488995,1,1
2018-02-18,2,0,0.5499148403267972,1,1
2018-02-19,2,0,0.549817734291334,1,1
2018-02-20,2,0,0.5942039419551857,1,1
2018-02-21,2,0,0.5498212443593133,1,1
2018-02-22,2,0,0.5498139599905429,1,1
2018-02-23,2,0,0.5637519556376102,1,1
2018-02-24,2,0,0.5501692863956626,1,1
2018-02-25,2,0,0.5888452746569308,1,1
2018-02-26,2,0,0.5498131245553721,1,1
2018-02-27,2,0,0.556550225072463,1,1
2018-02-28,2,0,0.5590670647982972,1,1
2018-03-01,2,0,0.5499776039108649,1,1
2018-03-02,2,0,0.6009081428785088,1,1
2018-03-03,2,0,0.5671329181050335,1,1
2018-03-04,2,0,0.6251533593215385,1,1
2018-03-05,2,0,0.6540273441833659,1,1
2018-03-06,2,0,0.5498175562906615,1,1
2018-03-07,2,0,0.5498123996977683,1,1
2018-03-08,2,0,0.5498269268037864,1,1
2018-03-09,2,0,0.6048220257802233,1,1
2018-03-10,2,0,0.5502404939223469,1,1
2018-03-11,2,0,0.5498123897151982,1,1
2018-03-12,2,0,0.5514160382817744,1,1
2018-03-13,2,0,0.6106076988599161,1,1
2018-03-14,2,0,0.5498123768333502,1,1
2018-03-15,2,0,0.6092101398680445,1,1
2018-03-16,2,0,0.6482393288263091,1,1
2018-03-17,2,1,0.5510949228874548,1,1
2018-03-18,2,0,0.5532387837219775,1,1
2018-03-19,2,0,0.5501687745313176,1,1
2018-03-20,2,0,0.5588969476493102,1,1
2018-03-21,2,0,0.6183747103905006,1,1
2018-03-22,2,1,0.616706597609116,1,1
2018-03-23,2,0,0.6393250370925407,1,1
2018-03-24,2,1,0.6271751688036687,1,1
2018-03-25,2,1,0.6314686395974457,1,1
2018-03-26,2,1,0.5780115431440777,1,1
2018-03-27,2,1,0.5505715094695053,1,1
2018-03-28,2,1,0.5957474485073717,1,1
2018-03-29,2,1,0.5498123768338424,1,1
2018-03-30,2,1,0.5516243658168208,1,1
2018-03-31,2,1,0.6031063923140975,1,1
2018-04-01,2,1,0.6196574344746446,1,1
2018-04-02,2,1,0.5797416968217598,1,1
2018-04-03,2,1,0.5501520568972672,1,1
2018-04-04,2,1,0.5498123794826678,1,1
2018-04-05,2,1,0.604726776920469,1,1
2018-04-06,2,1,0.5945834455659705,1,1
2018-04-07,2,1,0.5561031752796293,1,1
2018-04-08,2,1,0.5993946187135479,1,1
2018-04-09,2,1,0.5600126176950315,1,1
2018-04-10,2,1,0.6147235604020345,1,1
2018-04-11,2,1,0.6335319315116785,1,1
2018-04-12,2,1,0.5498123768324025,1,1
2018-04-13,2,1,0.6094873847212462,1,1
2018-04-14,2,1,0.6440542461656171,1,1
2018-04-15,2,1,0.5642046615402638,1,1
2018-04-16,2,1,0.5582202831909433,1,1
2018-04-17,2,1,0.5847149592185604,1,1
2018-04-18,2,1,0.5701529885311029,1,1
2018-04-19,2,0,0.6118940505947752,1,1
2018-04-20,2,0,0.5498234035408828,1,1
2018-04-21,2,0,0.6083483675755901,1,1
2018-04-22,2,0,0.6405727042311933,1,1
2018-04-23,2,0,0.6541442426583204,1,1
2018-04-24,2,0,0.5498123967443336,1,1
2018-04-25,2,0,0.5498123769449966,1,1
2018-04-26,2,0,0.5501474964554122,1,1
2018-04-27,2,0,0.5561089007890307,1,1
2018-04-28,2,0,0.5528555757109593,1,1
2018-04-29,2,0,0.610005834329403,1,1
2018-04-30,2,0,0.6229847841847618,1,1
2018-05-01,2,0,0.6439238608154408,1,1
2018-05-02,2,0,0.6568017625432887,1,1
2018-05-03,2,0,0.551100867571588,1,1
2018-05-04,2,0,0.6079839700850189,1,1
2018-05-05,2,0,0.6365607055781175,1,1
2018-05-06,2,0,0.6355255944615849,1,1
2018-05-07,2,0,0.6010129823745278,1,1
2018-05-08,2,0,0.6285243830175513,1,1
2018-05-09,2,0,0.6532855966876572,1,1
2018-05-10,2,0,0.612423243131007,1,1
2018-05-11,2,0,0.54981571364484,1,1
2018-05-12,2,0,0.606908570632629,1,1
2018-05-13,2,0,0.6091300036659325,1,1
2018-05-14,2,0,0.6482844898777783,1,1
2018-05-15,2,0,0.6347108704535946,1,1
2018-05-16,2,0,0.6438985441424604,1,1
2018-05-17,2,0,0.5903909712891758,1,1
2018-05-18,2,0,0.6184726038294798,1,1
2018-05-19,2,0,0.6519763216567471,1,1
2018-05-20,2,0,0.6172349805838288,1,1
2018-05-21,2,0,0.6441491786714135,1,1
2018-05-22,2,0,0.5545806910936759,1,1
2018-05-23,2,0,0.5498192106702278,1,1
2018-05-24,2,0,0.6091669938602022,1,1
2018-05-25,2,0,0.634749229476529,1,1
2018-05-26,2,0,0.6439594536106334,1,1
2018-05-27,2,0,0.6601498101813965,1,1
2018-05-28,2,0,0.6133891452335859,1,1
2018-05-29,2,0,0.5526096709319489,1,1
2018-05-30,2,0,0.6038149767262752,1,1
2018-05-31,2,0,0.6408463104308543,1,1
2018-06-01,2,0,0.6587364290034375,1,1
2018-06-02,2,0,0.661365057473151,1,1
2018-06-03,2,0,0.6634351055640848,1,1
2018-06-04,2,0,0.6385125045156446,1,1
2018-06-05,2,0,0.6519834026299667,1,1
2018-06-06,2,0,0.6622227857330668,1,1
2018-06-07,2,0,0.6646448761477954,1,1
2018-06-08,2,0,0.6642350667762799,1,1
2018-06-09,2,0,0.662146512496263,1,1
2018-06-10,2,0,0.5498123768420721,1,1
2018-06-11,2,0,0.5900543961957485,1,1
2018-06-12,2,0,0.5505733371398629,1,1
2018-06-13,2,0,0.5532151123629315,1,1
2018-06-14,2,0,0.5500407136971698,1,1
2018-06-15,2,0,0.5550767191065545,1,1
2018-06-16,2,1,0.6021347086327838,1,1
2018-06-17,2,1,0.6407647604452906,1,1
2018-06-18,2,1,0.5876824800155569,1,1
2018-06-19,2,1,0.6376951469237391,1,1
2018-06-20,2,1,0.6583771948158796,1,1
2018-06-21,2,1,0.6625492807073263,1,1
2018-06-22,2,1,0.5498123768794115,1,1
2018-06-23,2,1,0.5997596416049981,1,1
2018-06-24,2,1,0.644516895024281,1,1
2018-06-25,2,1,0.6573451295349784,1,1
2018-06-26,2,1,0.6384407738031721,1,1
2018-06-27,2,1,0.6563948978247469,1,1
2018-06-28,2,1,0.564871434403428,1,1
2018-06-29,2,1,0.5500004966783222,1,1
2018-06-30,2,1,0.563357399843162,1,1
2018-07-01,2,1,0.6206364351978085,1,1
2018-07-02,2,1,0.5773626182366276,1,1
2018-07-03,2,1,0.6170907512837116,1,1
2018-07-04,2,1,0.6483717766747294,1,1
2018-07-05,2,1,0.6608633823092939,1,1
2018-07-06,2,1,0.6641918966930173,1,1
2018-07-07,2,1,0.646771192652394,1,1
2018-07-08,2,0,0.6557569907063366,1,1
2018-07-09,2,0,0.662435986504313,1,1
2018-07-10,2,1,0.5499073528679582,1,1
2018-07-11,2,0,0.6039789170822911,1,1
2018-07-12,2,1,0.5931917170874508,1,1
2018-07-13,2,1,0.6413460574156434,1,1
2018-07-14,2,1,0.6589315164617349,1,1
2018-07-15,2,0,0.6615330075327749,1,1
2018-07-16,2,0,0.5501727797392205,1,1
2018-07-17,2,0,0.5498123780664688,1,1
2018-07-18,2,0,0.6075135956635469,1,1
2018-07-19,2,0,0.6412418986481142,1,1
2018-07-20,2,0,0.6498674790517461,1,1
2018-07-21,2,0,0.6606097580452402,1,1
2018-07-22,2,0,0.6642606840576619,1,1
2018-07-23,2,0,0.5940824707089702,1,1
2018-07-24,2,0,0.5498123770373328,1,1
2018-07-25,2,0,0.559561319227665,1,1
2018-07-26,2,0,0.5641934187678197,1,1
2018-07-27,2,0,0.5775783158528697,1,1
2018-07-28,2,0,0.6322880087714613,1,1
2018-07-29,2,0,0.6567027792075428,1,1
2018-07-30,2,0,0.6627128597494807,1,1
2018-07-31,2,0,0.5531665825734579,1,1
2018-08-01,2,0,0.5794697900625703,1,1
2018-08-02,2,0,0.6277795509496247,1,1
2018-08-03,2,0,0.6380005341196135,1,1
2018-08-04,2,1,0.5501742414841162,1,1
2018-08-05,2,1,0.6090378080292688,1,1
2018-08-06,2,0,0.6292236556103664,1,1
2018-08-07,2,0,0.5990093433676404,1,1
2018-08-08,2,1,0.5498151747478434,1,1
2018-08-09,2,0,0.5516867141395038,1,1
2018-08-10,2,1,0.5498233111260494,1,1
2018-08-11,2,1,0.5897625127378783,1,1
2018-08-12,2,0,0.6391745352713278,1,1
2018-08-13,2,1,0.657941723235067,1,1
2018-08-14,2,1,0.6571094482355787,1,1
2018-08-15,2,1,0.6580603720513406,1,1
2018-08-16,2,1,0.663618974558835,1,1
2018-08-17,2,0,0.5966809524608956,1,1
2018-08-18,3,0,0.5821536541157865,1,1
2018-08-19,3,0,0.6163313952291877,1,1
2018-08-20,3,1,0.5974060233894489,1,1
2018-08-21,3,1,0.6018908549037387,1,1
2018-08-22,3,1,0.6190574249281863,1,1
2018-08-23,3,1,0.627988720040803,1,1
2018-08-24,3,0,0.6278793541795917,1,1
2018-08-25,3,0,0.6482520661863971,1,1
2018-08-26,3,0,0.6545173916346276,1,1
2018-08-27,3,0,0.6507593946893273,1,1
2018-08-28,3,0,0.6425600912116831,1,1
2018-08-29,3,0,0.6527253061114437,1,1
2018-08-30,3,0,0.6557972919754881,1,1
2018-08-31,3,0,0.6579699175368979,1,1
2018-09-01,3,0,0.6555808479313875,1,1
2018-09-02,3,0,0.6576118074329353,1,1
2018-09-03,3,0,0.6586242767590285,1,1
2018-09-04,3,0,0.6581786404787291,1,1
2018-09-05,3,0,0.5481939055473476,1,1
2018-09-06,3,1,0.5500506539327068,1,1
2018-09-07,3,1,0.5746064597925511,1,1
2018-09-08,3,1,0.5572639950561282,1,1
2018-09-09,3,1,0.5883289657863437,1,1
2018-09-10,3,1,0.626071167898286,1,1
2018-09-11,3,0,0.6474500961203505,1,1
2018-09-12,3,0,0.655623300743434,1,1
2018-09-13,3,0,0.6518316275541353,1,1
2018-09-14,3,0,0.6569442439051472,1,1
2018-09-15,3,1,0.6585307803866068,1,1
2018-09-16,3,1,0.6587368896601462,1,1
2018-09-17,3,1,0.6280089956756691,1,1
2018-09-18,3,1,0.6454380330516398,1,1
2018-09-19,3,1,0.6549918457846113,1,1
2018-09-20,3,0,0.6554715429301765,1,1
2018-09-21,3,0,0.6434832250867962,1,1
2018-09-22,3,0,0.6540948489328888,1,1
2018-09-23,3,0,0.6575740569210516,1,1
2018-09-24,3,0,0.6552243243359352,1,1
2018-09-25,3,1,0.6499575343830712,1,1
2018-09-26,3,0,0.6562259476751898,1,1
2018-09-27,3,0,0.6505970855794003,1,1
2018-09-28,3,0,0.6560927107338957,1,1
2018-09-29,3,0,0.6576972647486232,1,1
2018-09-30,3,0,0.6587686785170008,1,1
2018-10-01,3,0,0.6586713520725003,1,1
2018-10-02,3,0,0.6586761182564618,1,1
2018-10-03,3,0,0.6582858020017875,1,1
2018-10-04,3,0,0.6584399601744064,1,1
2018-10-05,3,0,0.6588695568413152,1,1
2018-10-06,3,0,0.658730155717227,1,1
2018-10-07,3,0,0.6590655090272958,1,1
2018-10-08,3,0,0.659023450282341,1,1
2018-10-09,3,0,0.6590509037551808,1,1
2018-10-10,3,0,0.6583451743378061,1,1
2018-10-11,3,1,0.5712487279011013,1,1
2018-10-12,3,1,0.610511517079003,1,1
2018-10-13,3,1,0.6404190385054449,1,1
2018-10-14,3,1,0.6532720671224777,1,1
2018-10-15,3,0,0.5890681165275847,1,1
2018-10-16,3,0,0.626488412333629,1,1
2018-10-17,3,0,0.6453894449542116,1,1
2018-10-18,3,0,0.6526601805253716,1,1
2018-10-19,3,0,0.6571277590777204,1,1
2018-10-20,3,0,0.6586044805493891,1,1
2018-10-21,3,0,0.6589484593217187,1,1
2018-10-22,3,0,0.6591067927624157,1,1
2018-10-23,3,0,0.6590588424461884,1,1
2018-10-24,3,0,0.659157578767619,1,1
2018-10-25,3,0,0.6589983414279585,1,1
2018-10-26,3,0,0.6590933913773549,1,1
2018-10-27,3,0,0.6591503801184312,1,1
2018-10-28,3,0,0.6591675867405594,1,1
2018-10-29,3,0,0.6519918589730285,1,1
2018-10-30,3,0,0.6570446277608752,1,1
2018-10-31,3,0,0.6583973004397872,1,1
2018-11-01,3,0,0.6586726516442003,1,1
2018-11-02,3,0,0.6590447701518453,1,1
2018-11-03,3,0,0.6588685379933561,1,1
2018-11-04,3,0,0.6591049035537666,1,1
2018-11-05,3,0,0.6590691023767793,1,1
2018-11-06,3,0,0.6590770927775078,1,1
2018-11-07,3,0,0.658767837802983,1,1
2018-11-08,3,0,0.6576335738871777,1,1
2018-11-09,3,0,0.6574640329096616,1,1
2018-11-10,3,0,0.6587005440579993,1,1
2018-11-11,3,0,0.6590260469945813,1,1
2018-11-12,3,0,0.658661630840198,1,1
2018-11-13,3,0,0.6589250083104936,1,1
2018-11-14,3,0,0.5481384160261087,1,1
2018-11-15,3,0,0.5658802332247683,1,1
2018-11-16,3,0,0.592648734601733,1,1
2018-11-17,3,0,0.6277278196843208,1,1
2018-11-18,3,0,0.6463046217422421,1,1
2018-11-19,3,0,0.5481383128127956,1,1
2018-11-20,3,0,0.5481383589758826,1,1
2018-11-21,3,0,0.5547914851772213,1,1
2018-11-22,3,0,0.5485437967097474,1,1
2018-11-23,3,0,0.5754808321410897,1,1
2018-11-24,3,1,0.5481383129519771,1,1
2018-11-25,3,0,0.5551099645111008,1,1
2018-11-26,3,1,0.5482595496574432,1,1
2018-11-27,3,0,0.5741845838381819,1,1
2018-11-28,3,0,0.5481383128809861,1,1
2018-11-29,3,0,0.5762457965977814,1,1
2018-11-30,3,0,0.5482849691539295,1,1
2018-12-01,3,0,0.5490424487980321,1,1
2018-12-02,3,0,0.5651006995288571,1,1
2018-12-03,3,1,0.5482774420167918,1,1
2018-12-04,3,0,0.5705386037012862,1,1
2018-12-05,3,1,0.5490119047455727,1,1
2018-12-06,3,1,0.5481679639252258,1,1
2018-12-07,3,1,0.5546424252853244,1,1
2018-12-08,3,1,0.5801329788389726,1,1
2018-12-09,3,1,0.5633285456354862,1,1
2018-12-10,3,1,0.560711892111916,1,1
2018-12-11,3,1,0.5716685220505582,1,1
2018-12-12,3,1,0.5990340358378489,1,1
2018-12-13,3,1,0.5510613236981203,1,1
2018-12-14,3,1,0.5634000057059179,1,1
2018-12-15,3,1,0.6001475873892864,1,1
2018-12-16,3,1,0.6342630861618179,1,1
2018-12-17,3,1,0.5481401939191253,1,1
2018-12-18,3,0,0.550554298940198,1,1
2018-12-19,3,0,0.576515982625834,1,1
2018-12-20,3,0,0.5481383164405949,1,1
2018-12-21,3,0,0.5482105799425052,1,1
2018-12-22,3,0,0.5575130571824133,1,1
2018-12-23,3,0,0.5908375894877107,1,1
2018-12-24,3,0,0.6146298726591819,1,1
2018-12-25,3,0,0.5483615837918422,1,1
2018-12-26,3,0,0.5744016533961049,1,1
2018-12-27,3,0,0.5489433909901714,1,1
2018-12-28,3,0,0.5481450387103728,1,1
2018-12-29,3,0,0.5563048532231285,1,1
2018-12-30,3,0,0.5869861169232634,1,1
2018-12-31,3,0,0.5719641717088256,1,1
2019-01-01,3,0,0.5833314638767069,1,1
2019-01-02,3,0,0.5958303708270298,1,1
2019-01-03,3,0,0.5905544994762062,1,1
2019-01-04,3,0,0.6275833287900491,1,1
2019-01-05,3,0,0.6476792595602988,1,1
2019-01-06,3,0,0.5537379978835364,1,1
2019-01-07,3,0,0.577191945402268,1,1
2019-01-08,3,0,0.616545801313419,1,1
2019-01-09,3,0,0.6434331939803958,1,1
2019-01-10,3,0,0.548139232319576,1,1
2019-01-11,3,1,0.5764536001291736,1,1
2019-01-12,3,0,0.611344488050946,1,1
2019-01-13,3,1,0.595645639321124,1,1
2019-01-14,3,0,0.5638385326810699,1,1
2019-01-15,3,0,0.5780023645774058,1,1
2019-01-16,3,0,0.616612016035484,1,1
2019-01-17,3,0,0.643129003304908,1,1
2019-01-18,3,1,0.653291240902291,1,1
2019-01-19,3,1,0.6545406925897335,1,1
2019-01-20,3,1,0.6269643977028767,1,1
2019-01-21,3,1,0.6460630502853961,1,1
2019-01-22,3,1,0.6548812790587352,1,1
2019-01-23,3,1,0.6574353696326788,1,1
2019-01-24,3,1,0.6586795521258961,1,1
2019-01-25,3,1,0.6590002403030926,1,1
2019-01-26,3,1,0.6591215479509887,1,1
2019-01-27,3,1,0.6588106830016243,1,1
2019-01-28,3,1,0.6402504601072283,1,1
2019-01-29,3,1,0.6519675664696497,1,1
2019-01-30,3,1,0.6564114232122394,1,1
2019-01-31,3,1,0.6575112278429374,1,1
2019-02-01,3,1,0.6584737583378224,1,1
2019-02-02,3,1,0.6586986295059646,1,1
2019-02-03,3,1,0.6562155749385651,1,1
2019-02-04,3,1,0.6582316062333738,1,1
2019-02-05,3,1,0.6589239954730985,1,1
2019-02-06,3,1,0.6567031950135912,1,1
2019-02-07,3,1,0.6581574046248957,1,1
2019-02-08,3,1,0.5482974250950322,1,1
2019-02-09,3,1,0.5766949609382771,1,1
2019-02-10,3,1,0.6158325607668163,1,1
2019-02-11,3,1,0.6371034428707311,1,1
2019-02-12,3,1,0.6521130545884234,1,1
2019-02-13,3,1,0.6564415931937922,1,1
2019-02-14,3,1,0.6580767535473296,1,1
2019-02-15,3,1,0.6588669974471639,1,1
2019-02-16,3,1,0.6591048550089114,1,1
2019-02-17,3,1,0.6586116331840023,1,1
2019-02-18,3,1,0.5516089169362839,1,1
2019-02-19,3,1,0.5818029204795276,1,1
2019-02-20,3,1,0.6154677779717197,1,1
2019-02-21,3,1,0.6367772986749823,1,1
2019-02-22,3,1,0.6500963809177462,1,1
2019-02-23,3,0,0.6352193224892457,1,1
2019-02-24,3,1,0.5481459281936247,1,1
2019-02-25,3,1,0.5678147668576954,1,1
2019-02-26,3,1,0.601730219030304,1,1
2019-02-27,3,1,0.6350012681356575,1,1
2019-02-28,3,1,0.651312126762063,1,1
2019-03-01,3,1,0.6568705298785018,1,1
2019-03-02,3,1,0.658524804092088,1,1
2019-03-03,3,1,0.6586918333149646,1,1
2019-03-04,3,1,0.6528181101444284,1,1
2019-03-05,3,1,0.6346126196417455,1,1
2019-03-06,3,1,0.6512063340212813,1,1
2019-03-07,3,1,0.6568516648963632,1,1
2019-03-08,3,1,0.6583381488053535,1,1
2019-03-09,3,1,0.6577044508903929,1,1
2019-03-10,3,1,0.6585706094641917,1,1
2019-03-11,3,1,0.6575486448481506,1,1
2019-03-12,3,1,0.6587146419479933,1,1
2019-03-13,3,1,0.6589983100550834,1,1
2019-03-14,3,1,0.6591212570335991,1,1
2019-03-15,3,1,0.6589103256613977,1,1
2019-03-16,3,1,0.6560421679079339,1,1
2019-03-17,3,1,0.657757277070246,1,1
2019-03-18,3,1,0.6587869564346233,1,1
2019-03-19,3,1,0.6587850956339663,1,1
2019-03-20,3,1,0.6590710171923994,1,1
2019-03-21,3,1,0.6570775122716315,1,1
2019-03-22,3,1,0.6584904529478922,1,1
2019-03-23,3,1,0.6589984512077959,1,1
2019-03-24,3,1,0.6589245057624428,1,1
2019-03-25,3,1,0.6568641431767895,1,1
2019-03-26,3,1,0.658477946096765,1,1
2019-03-27,3,1,0.6540264479936451,1,1
2019-03-28,3,1,0.6572899817070736,1,1
2019-03-29,3,1,0.6585189973038496,1,1
2019-03-30,3,1,0.6590047715561475,1,1
2019-03-31,3,1,0.6590928846955281,1,1
2019-04-01,3,1,0.6585117761377661,1,1
2019-04-02,3,1,0.5481383128127767,1,1
2019-04-03,3,1,0.5676916429674199,1,1
2019-04-04,3,1,0.5984743226203206,1,1
2019-04-05,3,1,0.6151692228302166,1,1
2019-04-06,3,1,0.6427165264555886,1,1
2019-04-07,3,1,0.6409841976308095,1,1
2019-04-08,3,1,0.6497822344935796,1,1
2019-04-09,3,1,0.6517793313085065,1,1
2019-04-10,3,1,0.6517605652439823,1,1
2019-04-11,3,1,0.5672442317027034,1,1
2019-04-12,3,1,0.6056634265964019,1,1
2019-04-13,3,1,0.6377147545133249,1,1
2019-04-14,3,1,0.6500988653682147,1,1
2019-04-15,3,1,0.6493606976115268,1,1
2019-04-16,3,1,0.6365281447973131,1,1
2019-04-17,3,1,0.651923768725126,1,1
2019-04-18,3,1,0.6567143063555176,1,1
2019-04-19,3,1,0.6584750383513235,1,1
2019-04-20,3,1,0.6589068952242539,1,1
2019-04-21,3,1,0.65881613190352,1,1
2019-04-22,3,1,0.6578784011621128,1,1
2019-04-23,3,1,0.6474797534506902,1,1
2019-04-24,3,1,0.6478733636769333,1,1
2019-04-25,3,1,0.5705031608177736,1,1
2019-04-26,3,1,0.6041776931830354,1,1
2019-04-27,3,1,0.6361268944636732,1,1
2019-04-28,3,1,0.6517746241412304,1,1
2019-04-29,3,1,0.656082307881407,1,1
2019-04-30,3,1,0.6556689389811033,1,1
2019-05-01,3,1,0.6578076636501694,1,1
2019-05-02,3,1,0.6566864006676042,1,1
2019-05-03,3,1,0.5987416058486447,1,1
2019-05-04,3,1,0.6309418311585324,1,1
2019-05-05,3,1,0.6482252629507189,1,1
2019-05-06,3,1,0.6544590931207869,1,1
2019-05-07,3,1,0.6566156848326928,1,1
2019-05-08,3,1,0.652355942730997,1,1
2019-05-09,3,1,0.6418068085628152,1,1
2019-05-10,3,1,0.6291188246407158,1,1
2019-05-11,3,1,0.5481383128135086,1,1
2019-05-12,3,1,0.5525549361747059,1,1
2019-05-13,3,1,0.548138312814558,1,1
2019-05-14,3,1,0.5640116058157805,1,1
2019-05-15,3,1,0.5768642053797469,1,1
2019-05-16,3,1,0.5559630946954128,1,1
2019-05-17,3,1,0.5481487203036882,1,1
2019-05-18,3,1,0.5710909697548188,1,1
2019-05-19,3,1,0.5481383128130628,1,1
2019-05-20,3,1,0.5560127670794327,1,1
2019-05-21,3,1,0.5894938530034224,1,1
2019-05-22,3,1,0.5655028104019854,1,1
2019-05-23,3,1,0.5784791934782276,1,1
2019-05-24,3,1,0.6123015737383357,1,1
2019-05-25,3,1,0.6404510050642092,1,1
2019-05-26,3,1,0.5482288469776002,1,1
2019-05-27,3,1,0.5711410845571226,1,1
2019-05-28,3,1,0.602831500138882,1,1
2019-05-29,3,1,0.6327475540943885,1,1
2019-05-30,3,1,0.5812708148225415,1,1
2019-05-31,3,1,0.5831814966842238,1,1
2019-06-01,3,1,0.6213736459202064,1,1
2019-06-02,3,1,0.6357186434035118,1,1
2019-06-03,3,1,0.5491032595234124,1,1
2019-06-04,3,1,0.5481754577276413,1,1
2019-06-05,3,1,0.5711894625120452,1,1
2019-06-06,3,1,0.6100319973457367,1,1
2019-06-07,3,1,0.6130084532023048,1,1
2019-06-08,3,1,0.6355272537764916,1,1
2019-06-09,3,1,0.6049925698744099,1,1
2019-06-10,3,1,0.574082022346578,1,1
2019-06-11,3,1,0.6067946770502839,1,1
2019-06-12,3,1,0.6124220270552713,1,1
2019-06-13,3,1,0.6395629810897122,1,1
2019-06-14,3,1,0.5562766887800952,1,1
2019-06-15,3,1,0.5822510223560433,1,1
2019-06-16,3,1,0.6105061134722367,1,1
2019-06-17,3,1,0.5907503133374304,1,1
2019-06-18,3,1,0.5903284841090239,1,1
2019-06-19,3,1,0.6121046676043977,1,1
2019-06-20,3,1,0.6171912022641709,1,1
2019-06-21,3,1,0.5488694506489343,1,1
2019-06-22,3,0,0.5484954976449068,1,1
2019-06-23,3,0,0.5723261044299655,1,1
2019-06-24,3,0,0.6049333897141584,1,1
2019-06-25,3,0,0.5482699607626185,1,1
2019-06-26,3,0,0.5481383135840272,1,1
2019-06-27,3,0,0.5481383128127766,1,1
2019-06-28,3,0,0.548138312915276,1,1
2019-06-29,3,0,0.5508867583829105,1,1
2019-06-30,3,0,0.548138315641298,1,1
2019-07-01,3,0,0.5602948971060241,1,1
2019-07-02,3,0,0.5821739197192255,1,1
2019-07-03,3,0,0.5481383140178692,1,1
2019-07-04,3,0,0.5481638528955525,1,1
2019-07-05,3,0,0.5607840513635902,1,1
2019-07-06,3,1,0.5823003157924607,1,1
2019-07-07,3,1,0.6039218534798858,1,1
2019-07-08,3,0,0.5482155138440747,1,1
2019-07-09,3,0,0.5636656285576251,1,1
2019-07-10,3,0,0.5580667998366265,1,1
2019-07-11,3,0,0.5481623900061195,1,1
2019-07-12,3,0,0.5513193399386326,1,1
2019-07-13,3,0,0.551814648864676,1,1
2019-07-14,3,1,0.5481383135121791,1,1
2019-07-15,3,0,0.5482186390574215,1,1
2019-07-16,3,1,0.5481383128127788,1,1
2019-07-17,3,1,0.5641667111183953,1,1
2019-07-18,3,0,0.5481383198855371,1,1
2019-07-19,3,0,0.568674655994295,1,1
2019-07-20,3,1,0.5887149927466839,1,1
2019-07-21,3,1,0.611107611650772,1,1
2019-07-22,3,0,0.6111979738458726,1,1
2019-07-23,3,1,0.560471986956321,1,1
2019-07-24,3,1,0.5907191023394147,1,1
2019-07-25,3,1,0.625623234182414,1,1
2019-07-26,3,1,0.6465353307695436,1,1
2019-07-27,3,1,0.5937823386494785,1,1
2019-07-28,3,1,0.6291095571703056,1,1
2019-07-29,3,1,0.648259303860019,1,1
2019-07-30,3,0,0.6554418917488599,1,1
2019-07-31,3,0,0.5876926651352675,1,1
2019-08-01,3,0,0.5871801689390155,1,1
2019-08-02,3,0,0.6219321943603205,1,1
2019-08-03,3,0,0.6216922181696374,1,1
2019-08-04,3,0,0.6426399607083277,1,1
2019-08-05,3,0,0.5482638228966318,1,1
2019-08-06,3,0,0.5553820877346539,1,1
2019-08-07,3,0,0.5533836463235989,1,1
2019-08-08,3,0,0.5860880709398929,1,1
2019-08-09,3,0,0.6186781380775481,1,1
2019-08-10,3,0,0.5629157561396542,1,1
2019-08-11,3,0,0.5931670961713857,1,1
2019-08-12,3,0,0.6202057930607459,1,1
2019-08-13,3,0,0.5638168155917872,1,1
2019-08-14,3,1,0.548139856210832,1,1
2019-08-15,3,1,0.5612758650914678,1,1
2019-08-16,3,0,0.5976549507411428,1,1
2019-08-17,3,1,0.6216054429152904,1,1
2019-08-18,3,0,0.6439908930165705,1,1
2019-08-19,3,0,0.5597937547135531,1,1
2019-08-20,3,0,0.5835396343519429,1,1
2019-08-21,3,1,0.5484991671969961,1,1
2019-08-22,3,0,0.5767553442867507,1,1
2019-08-23,3,0,0.586878688457928,1,1
2019-08-24,3,0,0.5915889706602402,1,1
2019-08-25,3,0,0.6277411088446336,1,1
2019-08-26,3,0,0.6371614136329891,1,1
2019-08-27,3,0,0.6429175785172897,1,1
2019-08-28,3,0,0.5798472572226115,1,1
2019-08-29,3,0,0.5828146285307433,1,1
2019-08-30,3,0,0.6197320506418043,1,1
2019-08-31,3,0,0.6449910730154514,1,1
2019-09-01,3,0,0.6533605570075429,1,1
2019-09-02,3,0,0.555445784890708,1,1
2019-09-03,3,0,0.5678071436527781,1,1
2019-09-04,3,0,0.6051704221651437,1,1
2019-09-05,3,0,0.6368135025232549,1,1
2019-09-06,3,0,0.6384421417706352,1,1
2019-09-07,3,0,0.6495174997196735,1,1
2019-09-08,3,0,0.655257569134647,1,1
2019-09-09,3,0,0.6566559267647403,1,1
2019-09-10,3,0,0.652205958136118,1,1
2019-09-11,3,0,0.6570484337445212,1,1
2019-09-12,3,0,0.6547872316448469,1,1
2019-09-13,3,0,0.6574882274604014,1,1
2019-09-14,3,0,0.6586603817655571,1,1
2019-09-15,3,0,0.6589670653658922,1,1
2019-09-16,3,0,0.6585673833366206,1,1
2019-09-17,3,0,0.6587904118349406,1,1
2019-09-18,3,0,0.6587961242591073,1,1
2019-09-19,3,0,0.6589871074210343,1,1
2019-09-20,3,0,0.6583766559095957,1,1
2019-09-21,3,0,0.6561746118301935,1,1
2019-09-22,3,0,0.6582953769382505,1,1
2019-09-23,3,0,0.6341403543522662,1,1
2019-09-24,3,0,0.5481383128774291,1,1
2019-09-25,3,1,0.5661129895314765,1,1
2019-09-26,3,1,0.5509449727296819,1,1
2019-09-27,3,1,0.574611037007114,1,1
2019-09-28,3,1,0.6135193629256612,1,1
2019-09-29,3,1,0.6280201048164519,1,1
2019-09-30,3,1,0.6366513358291854,1,1
2019-10-01,3,1,0.6517880513473234,1,1
2019-10-02,3,1,0.656931947437288,1,1
2019-10-03,3,1,0.6554906670498306,1,1
2019-10-04,3,1,0.6574679446161987,1,1
2019-10-05,3,1,0.6581080603384483,1,1
2019-10-06,3,1,0.653964590702035,1,1
2019-10-07,3,1,0.6432154661393892,1,1
2019-10-08,3,1,0.6539869085306511,1,1
2019-10-09,3,1,0.6071851901748045,1,1
2019-10-10,3,1,0.6381730014472627,1,1
2019-10-11,3,1,0.6167321187321388,1,1
2019-10-12,3,1,0.6435679098866479,1,1
2019-10-13,3,1,0.6541316883851983,1,1
2019-10-14,3,1,0.6576200558178904,1,1
2019-10-15,3,1,0.6535404405665883,1,1
2019-10-16,3,1,0.6516884611819282,1,1
2019-10-17,3,1,0.6568254526940878,1,1
2019-10-18,3,1,0.6553180482664431,1,1
2019-10-19,3,1,0.6580840853878578,1,1
2019-10-20,3,0,0.650875361137216,1,1
2019-10-21,3,0,0.6567546637844193,1,1
2019-10-22,3,0,0.6530841803416788,1,1
2019-10-23,3,0,0.5484200239826122,1,1
2019-10-24,3,0,0.5759160021208379,1,1
2019-10-25,3,0,0.5481383128127766,1,1
2019-10-26,3,0,0.5481648436232803,1,1
2019-10-27,3,0,0.5552067679306015,1,1
2019-10-28,3,0,0.5565750672124229,1,1
2019-10-29,3,0,0.5803451558203196,1,1
2019-10-30,3,0,0.5866896991948466,1,1
2019-10-31,3,0,0.6244663377944664,1,1
2019-11-01,3,0,0.6467379570788112,1,1
2019-11-02,3,0,0.6552382209764332,1,1
2019-11-03,3,0,0.6567930637534818,1,1
2019-11-04,3,0,0.656173702273826,1,1
2019-11-05,3,0,0.657551617995473,1,1
2019-11-06,3,0,0.6587298579385347,1,1
2019-11-07,3,0,0.6579904555918358,1,1
2019-11-08,3,0,0.5709923859680887,1,1
2019-11-09,3,0,0.6101004428157737,1,1
2019-11-10,3,0,0.6153111158828956,1,1
2019-11-11,3,0,0.588465739917623,1,1
2019-11-12,3,0,0.6256604282645718,1,1
2019-11-13,3,0,0.647358487367292,1,1
2019-11-14,3,0,0.6530712082417831,1,1
2019-11-15,3,0,0.6455913361047803,1,1
2019-11-16,3,0,0.6548489636003006,1,1
2019-11-17,3,0,0.6579480793320028,1,1
2019-11-18,3,0,0.6397471924626201,1,1
2019-11-19,3,0,0.6490640531093568,1,1
2019-11-20,3,0,0.6462527080986091,1,1
2019-11-21,3,0,0.5654016429232719,1,1
2019-11-22,3,1,0.5501421269968348,1,1
2019-11-23,3,0,0.5755219940337285,1,1
2019-11-24,3,1,0.5502645197028907,1,1
2019-11-25,3,1,0.5756761707543805,1,1
2019-11-26,3,1,0.6124386492503883,1,1
2019-11-27,3,0,0.5710357375544475,1,1
2019-11-28,3,0,0.6034804765227446,1,1
2019-11-29,3,0,0.5749388588770608,1,1
2019-11-30,3,0,0.5795625616042116,1,1
2019-12-01,3,0,0.5956283597786372,1,1
2019-12-02,3,0,0.6199495691718395,1,1
2019-12-03,3,0,0.6448906299985224,1,1
2019-12-04,3,1,0.6528580944892556,1,1
2019-12-05,3,0,0.6490101874871553,1,1
2019-12-06,4,0,0.6237163050084514,1,1
2019-12-07,4,1,0.6247070811960432,1,1
2019-12-08,4,1,0.6249780856002576,1,1
2019-12-09,4,1,0.6193803788474195,1,1
2019-12-10,4,1,0.6193354776939264,1,1
2019-12-11,4,1,0.6224062938481808,1,1
2019-12-12,4,1,0.6243319650456329,1,1
2019-12-13,4,1,0.6248674918454081,1,1
2019-12-14,4,1,0.6204111648743132,1,1
2019-12-15,4,1,0.6237518368170949,1,1
2019-12-16,4,1,0.6061930969546065,1,1
2019-12-17,4,1,0.5516958893714753,1,1
2019-12-18,4,1,0.5333938365506827,1,1
2019-12-19,4,1,0.5558887922969884,1,1
2019-12-20,4,1,0.5902127357080433,1,1
2019-12-21,4,1,0.6118510187976562,1,1
2019-12-22,4,1,0.5612890481354372,1,1
2019-12-23,4,1,0.5721529484230587,1,1
2019-12-24,4,1,0.6013018571744828,1,1
2019-12-25,4,1,0.615984511330904,1,1
2019-12-26,4,1,0.6219041272032129,1,1
2019-12-27,4,1,0.6240185723925314,1,1
2019-12-28,4,1,0.6247775162513687,1,1
2019-12-29,4,1,0.6239686433744899,1,1
2019-12-30,4,1,0.6212500951535035,1,1
2019-12-31,4,1,0.6216032522123953,1,1
2020-01-01,4,1,0.6241077505848859,1,1
2020-01-02,4,1,0.6084737521787509,1,1
2020-01-03,4,1,0.5427042859945252,1,1
2020-01-04,4,1,0.5734670755787694,1,1
2020-01-05,4,1,0.6035675591706688,1,1
2020-01-06,4,1,0.5461420533672169,1,1
2020-01-07,4,1,0.5344658753941893,1,1
2020-01-08,4,1,0.5574595350823885,1,1
2020-01-09,4,1,0.5607954288304771,1,1
2020-01-10,4,1,0.549109141045454,1,1
2020-01-11,4,1,0.5692360545794222,1,1
2020-01-12,4,1,0.5891007599008361,1,1
2020-01-13,4,1,0.6105382373611131,1,1
2020-01-14,4,1,0.5333977350005888,1,1
2020-01-15,4,1,0.5603799801059525,1,1
2020-01-16,4,1,0.5885156357155805,1,1
2020-01-17,4,1,0.597012507803671,1,1
2020-01-18,4,1,0.6156964314025117,1,1
2020-01-19,4,1,0.6057161958004192,1,1
2020-01-20,4,1,0.6180590081289424,1,1
2020-01-21,4,1,0.6224400753402551,1,1
2020-01-22,4,1,0.6236362329030668,1,1
2020-01-23,4,1,0.6041289467903155,1,1
2020-01-24,4,1,0.6183644595654645,1,1
2020-01-25,4,1,0.621853881864066,1,1
2020-01-26,4,1,0.6158060715162053,1,1
2020-01-27,4,0,0.5924616608561337,1,1
2020-01-28,4,0,0.5396446468996692,1,1
2020-01-29,4,0,0.5693717399215533,1,1
2020-01-30,4,0,0.5870923920981119,1,1
2020-01-31,4,0,0.5999878514960577,1,1
2020-02-01,4,0,0.6167891670211205,1,1
2020-02-02,4,0,0.6221417893289887,1,1
2020-02-03,4,0,0.6238252228735228,1,1
2020-02-04,4,0,0.6231417410972332,1,1
2020-02-05,4,0,0.5665711997847246,1,1
2020-02-06,4,0,0.5951301015781126,1,1
2020-02-07,4,0,0.6144401352649786,1,1
2020-02-08,4,0,0.6216962903977282,1,1
2020-02-09,4,0,0.6174411836076177,1,1
2020-02-10,4,0,0.6086345471967987,1,1
2020-02-11,4,0,0.5864593583213842,1,1
2020-02-12,4,0,0.6084711376810608,1,1
2020-02-13,4,0,0.6172748239192869,1,1
2020-02-14,4,0,0.6222823015839185,1,1
2020-02-15,4,0,0.5719222192516973,1,1
2020-02-16,4,0,0.6025161827196183,1,1
2020-02-17,4,0,0.5977965994369185,1,1
2020-02-18,4,0,0.5467721125993696,1,1
2020-02-19,4,0,0.533952063069091,1,1
2020-02-20,4,0,0.5612683812590634,1,1
2020-02-21,4,0,0.5934632158062563,1,1
2020-02-22,4,0,0.61372845051569,1,1
2020-02-23,4,0,0.6099700250390949,1,1
2020-02-24,4,0,0.5977489159486131,1,1
2020-02-25,4,0,0.5742602472457073,1,1
2020-02-26,4,0,0.5339101441826316,1,1
2020-02-27,4,0,0.5605956848837466,1,1
2020-02-28,4,0,0.5848770633348821,1,1
2020-02-29,4,0,0.6068947334642347,1,1
2020-03-01,4,0,0.6188117580511134,1,1
2020-03-02,4,0,0.5976781114249443,1,1
2020-03-03,4,0,0.6131194194711506,1,1
2020-03-04,4,0,0.6211367859198812,1,1
2020-03-05,4,0,0.5979366505782735,1,1
2020-03-06,4,0,0.6159352906462313,1,1
2020-03-07,4,0,0.6109443992435052,1,1
2020-03-08,4,0,0.5333939654708985,1,1
2020-03-09,4,0,0.5442581269424902,1,1
2020-03-10,4,0,0.5768511503909688,1,1
2020-03-11,4,0,0.6056562912126449,1,1
2020-03-12,4,1,0.5333938279174638,1,1
2020-03-13,4,1,0.5333938279177357,1,1
2020-03-14,4,1,0.5334016550271146,1,1
2020-03-15,4,1,0.5372958630859017,1,1
2020-03-16,4,1,0.5333969133918759,1,1
2020-03-17,4,1,0.5353192645727874,1,1
2020-03-18,4,1,0.564443080976663,1,1
2020-03-19,4,1,0.5333938279174643,1,1
2020-03-20,4,1,0.5610771702139257,1,1
2020-03-21,4,1,0.5939962547001013,1,1
2020-03-22,4,1,0.534115932913752,1,1
2020-03-23,4,1,0.5333938284789961,1,1
2020-03-24,4,1,0.5339628471098951,1,1
2020-03-25,4,1,0.5584275556188137,1,1
2020-03-26,4,1,0.5920955921670579,1,1
2020-03-27,4,1,0.5564483498599081,1,1
2020-03-28,4,1,0.5429786322757967,1,1
2020-03-29,4,1,0.5337590240591314,1,1
2020-03-30,4,1,0.5333939114991725,1,1
2020-03-31,4,1,0.5610862018309303,1,1
2020-04-01,4,1,0.5698345390711435,1,1
2020-04-02,4,1,0.5724442867422861,1,1
2020-04-03,4,1,0.5986299380491474,1,1
2020-04-04,4,1,0.6086503079032866,1,1
2020-04-05,4,1,0.6172044527829296,1,1
2020-04-06,4,1,0.5336179477350399,1,1
2020-04-07,4,1,0.5537022580577888,1,1
2020-04-08,4,1,0.5708260601620209,1,1
2020-04-09,4,1,0.6004635280008026,1,1
2020-04-10,4,1,0.533925186767403,1,1
2020-04-11,4,1,0.5616987883279897,1,1
2020-04-12,4,1,0.5867555999811966,1,1
2020-04-13,4,1,0.5976402584272615,1,1
2020-04-14,4,1,0.6158314475237001,1,1
2020-04-15,4,1,0.5999450872890639,1,1
2020-04-16,4,1,0.5334786773744483,1,1
2020-04-17,4,1,0.5603340284021523,1,1
2020-04-18,4,1,0.5756258018331313,1,1
2020-04-19,4,1,0.6003796993173323,1,1
2020-04-20,4,1,0.5471214563901093,1,1
2020-04-21,4,1,0.5807741804693389,1,1
2020-04-22,4,1,0.5658560285437535,1,1
2020-04-23,4,1,0.5406748833319259,1,1
2020-04-24,4,1,0.5644064252499187,1,1
2020-04-25,4,1,0.5974099845076567,1,1
2020-04-26,4,1,0.61239765378174,1,1
2020-04-27,4,1,0.6189743645533309,1,1
2020-04-28,4,1,0.6233527092299929,1,1
2020-04-29,4,1,0.5333938279178774,1,1
2020-04-30,4,1,0.5504992844566465,1,1
2020-05-01,4,1,0.5646115584365772,1,1
2020-05-02,4,1,0.591884250083019,1,1
2020-05-03,4,1,0.6096056766996134,1,1
2020-05-04,4,1,0.62039465359238,1,1
2020-05-05,4,1,0.6232131915983153,1,1
2020-05-06,4,1,0.6145287891296759,1,1
2020-05-07,4,0,0.5334846572894577,1,1
2020-05-08,4,0,0.5554023044609944,1,1
2020-05-09,4,1,0.5583941932389935,1,1
2020-05-10,4,1,0.5333938769429257,1,1
2020-05-11,4,1,0.549076532639513,1,1
2020-05-12,4,1,0.5636691887558519,1,1
2020-05-13,4,1,0.5349108169830173,1,1
2020-05-14,4,0,0.5339990884662847,1,1
2020-05-15,4,1,0.5345178614319162,1,1
2020-05-16,4,1,0.5627182675193293,1,1
2020-05-17,4,0,0.5602388866328738,1,1
2020-05-18,4,0,0.593526475628618,1,1
2020-05-19,4,0,0.6141480222399966,1,1
2020-05-20,4,0,0.61230207399244,1,1
2020-05-21,4,1,0.5459155962980528,1,1
2020-05-22,4,1,0.5760275147816903,1,1
2020-05-23,4,1,0.6052666111374111,1,1
2020-05-24,4,1,0.5442045636610019,1,1
2020-05-25,4,1,0.5720487364428803,1,1
2020-05-26,4,1,0.5989948489110539,1,1
2020-05-27,4,0,0.566569419540237,1,1
2020-05-28,4,0,0.5501130352496141,1,1
2020-05-29,4,0,0.5787980301522022,1,1
2020-05-30,4,0,0.5810757108681952,1,1
2020-05-31,4,0,0.5799689724404427,1,1
2020-06-01,4,0,0.5334117672859205,1,1
2020-06-02,4,0,0.5334087830483663,1,1
2020-06-03,4,0,0.5567700459682612,1,1
2020-06-04,4,0,0.5839329884326486,1,1
2020-06-05,4,0,0.601523276688597,1,1
2020-06-06,4,0,0.6172858150023908,1,1
2020-06-07,4,0,0.6220516781762325,1,1
2020-06-08,4,0,0.6242413004433733,1,1
2020-06-09,4,0,0.6248567126264132,1,1
2020-06-10,4,0,0.6248393121024628,1,1
2020-06-11,4,0,0.538192912573608,1,1
2020-06-12,4,0,0.5603395495467167,1,1
2020-06-13,4,0,0.5938507329704005,1,1
2020-06-14,4,0,0.6111558863511887,1,1
2020-06-15,4,0,0.6206281094196745,1,1
2020-06-16,4,0,0.6234109561845631,1,1
2020-06-17,4,0,0.6241443136536301,1,1
2020-06-18,4,0,0.6242221420312724,1,1
2020-06-19,4,0,0.6230095755517053,1,1
2020-06-20,4,0,0.6244672630255882,1,1
2020-06-21,4,1,0.6247443562322041,1,1
2020-06-22,4,0,0.6028995222898962,1,1
2020-06-23,4,0,0.6177159003879824,1,1
2020-06-24,4,1,0.5928903247916417,1,1
2020-06-25,4,1,0.6126560722705638,1,1
2020-06-26,4,1,0.6189989378471213,1,1
2020-06-27,4,1,0.6209434751193187,1,1
2020-06-28,4,1,0.6232827335146464,1,1
2020-06-29,4,1,0.6245286978119124,1,1
2020-06-30,4,1,0.6245248360289083,1,1
2020-07-01,4,1,0.6245390372901344,1,1
2020-07-02,4,1,0.6235985333135105,1,1
2020-07-03,4,1,0.6244227563232978,1,1
2020-07-04,4,1,0.624856196242238,1,1
2020-07-05,4,1,0.6245501051314513,1,1
2020-07-06,4,1,0.6105570740911491,1,1
2020-07-07,4,1,0.6170065698165969,1,1
2020-07-08,4,1,0.6191723236630323,1,1
2020-07-09,4,1,0.6195883894789518,1,1
2020-07-10,4,1,0.6235009091667844,1,1
2020-07-11,4,1,0.6243771487460815,1,1
2020-07-12,4,1,0.6248747524761317,1,1
2020-07-13,4,1,0.624828323491812,1,1
2020-07-14,4,1,0.6249889622558026,1,1
2020-07-15,4,1,0.6246960424690339,1,1
2020-07-16,4,1,0.6244783427714323,1,1
2020-07-17,4,1,0.6249225007772198,1,1
2020-07-18,4,1,0.6250335464328531,1,1
2020-07-19,4,1,0.625070361213732,1,1
2020-07-20,4,1,0.6249610324252691,1,1
2020-07-21,4,1,0.6211619029072355,1,1
2020-07-22,4,1,0.6221909029202025,1,1
2020-07-23,4,1,0.624183109890204,1,1
2020-07-24,4,1,0.624536949161315,1,1
2020-07-25,4,1,0.6238032096735083,1,1
2020-07-26,4,1,0.6201685094095964,1,1
2020-07-27,4,1,0.5333938286567013,1,1
2020-07-28,4,1,0.5580776936235212,1,1
2020-07-29,4,1,0.5823414313419445,1,1
2020-07-30,4,1,0.6088086782499985,1,1
2020-07-31,4,1,0.6150443386280363,1,1
2020-08-01,4,0,0.585084360691567,1,1
2020-08-02,4,1,0.5336825057319396,1,1
2020-08-03,4,1,0.5537520969129814,1,1
2020-08-04,4,0,0.5867272040355004,1,1
2020-08-05,4,0,0.5406851429887316,1,1
2020-08-06,4,0,0.5727032266323284,1,1
2020-08-07,4,0,0.5916672361865305,1,1
2020-08-08,4,0,0.6103089185815125,1,1
2020-08-09,4,0,0.6195339338736775,1,1
2020-08-10,4,0,0.6210825328432619,1,1
2020-08-11,4,0,0.5759541601360192,1,1
2020-08-12,4,0,0.5991180842027944,1,1
2020-08-13,4,0,0.6114077820097917,1,1
2020-08-14,4,0,0.6208458565280383,1,1
2020-08-15,4,0,0.6235948328264469,1,1
2020-08-16,4,0,0.6246788287534694,1,1
2020-08-17,4,0,0.6147969015132808,1,1
2020-08-18,4,0,0.6124100860281161,1,1
2020-08-19,4,0,0.6130780070011818,1,1
2020-08-20,4,0,0.6207212331984533,1,1
2020-08-21,4,0,0.6138070225502644,1,1
2020-08-22,4,0,0.6214063731326714,1,1
2020-08-23,4,0,0.6239618886599426,1,1
2020-08-24,4,0,0.6244189692335843,1,1
2020-08-25,4,0,0.5973820940102411,1,1
2020-08-26,4,0,0.6142619971252964,1,1
2020-08-27,4,0,0.6180740640373752,1,1
2020-08-28,4,0,0.6195150795176227,1,1
2020-08-29,4,0,0.6232731448880502,1,1
2020-08-30,4,0,0.6225072798244649,1,1
2020-08-31,4,0,0.6242083396053686,1,1
2020-09-01,4,0,0.6196300814764288,1,1
2020-09-02,4,0,0.5506460961152887,1,1
2020-09-03,4,1,0.5333938280642765,1,1
2020-09-04,4,1,0.5451802578530475,1,1
2020-09-05,4,1,0.5416848253076795,1,1
2020-09-06,4,1,0.5708151893648654,1,1
2020-09-07,4,1,0.6004375473068804,1,1
2020-09-08,4,1,0.5993583189013294,1,1
2020-09-09,4,1,0.615072219207315,1,1
2020-09-10,4,1,0.6210746171128301,1,1
2020-09-11,4,1,0.6239500616141327,1,1
2020-09-12,4,1,0.6247553057004296,1,1
2020-09-13,4,1,0.623685853809228,1,1
2020-09-14,4,1,0.6069723231717556,1,1
2020-09-15,4,1,0.6182668189989291,1,1
2020-09-16,4,1,0.6208703017255759,1,1
2020-09-17,4,1,0.6237442017140142,1,1
2020-09-18,4,1,0.6246773068101167,1,1
2020-09-19,4,1,0.6240489813472017,1,1
2020-09-20,4,1,0.622654773456789,1,1
2020-09-21,4,1,0.563344922030875,1,1
2020-09-22,4,1,0.5955361257429185,1,1
2020-09-23,4,1,0.5842939195755289,1,1
2020-09-24,4,1,0.5383494783146656,1,1
2020-09-25,4,1,0.5663940549505055,1,1
2020-09-26,4,1,0.5984903758110841,1,1
2020-09-27,4,1,0.6163036489881262,1,1
2020-09-28,4,1,0.6218168499258429,1,1
2020-09-29,4,1,0.6232695526673387,1,1
2020-09-30,4,1,0.6241621278142786,1,1
2020-10-01,4,1,0.6222715154618131,1,1
2020-10-02,4,1,0.6240139159141475,1,1
2020-10-03,4,1,0.6246510582044149,1,1
2020-10-04,4,1,0.6243961528473267,1,1
2020-10-05,4,1,0.6242876967331931,1,1
2020-10-06,4,1,0.6213994427832485,1,1
2020-10-07,4,1,0.6239382740594386,1,1
2020-10-08,4,1,0.6205059182402679,1,1
2020-10-09,4,1,0.6225920756597755,1,1
2020-10-10,4,1,0.6209235210173972,1,1
2020-10-11,4,1,0.6236636656089877,1,1
2020-10-12,4,1,0.6234134294309247,1,1
2020-10-13,4,1,0.6232157008762967,1,1
2020-10-14,4,1,0.6245506479632714,1,1
2020-10-15,4,1,0.6248593072388369,1,1
2020-10-16,4,1,0.6226732270075368,1,1
2020-10-17,4,1,0.6244140898788861,1,1
2020-10-18,4,1,0.624369968051236,1,1
2020-10-19,4,1,0.6210725992938942,1,1
2020-10-20,4,1,0.6224978773715617,1,1
2020-10-21,4,1,0.5334691309559776,1,1
2020-10-22,4,1,0.5583829735268078,1,1
2020-10-23,4,1,0.5915107111745523,1,1
2020-10-24,4,1,0.609915499522993,1,1
2020-10-25,4,1,0.6195877899709796,1,1
2020-10-26,4,1,0.6235236926153566,1,1
2020-10-27,4,1,0.5777495513263851,1,1
2020-10-28,4,1,0.5689879956600912,1,1
2020-10-29,4,1,0.5966063756689484,1,1
2020-10-30,4,1,0.6147813694706316,1,1
2020-10-31,4,1,0.6190101163629286,1,1
2020-11-01,4,1,0.6231080588857529,1,1
2020-11-02,4,1,0.6224127774641126,1,1
2020-11-03,4,1,0.6138184491763727,1,1
2020-11-04,4,1,0.6202335407898745,1,1
2020-11-05,4,1,0.5333938405608298,1,1
2020-11-06,4,1,0.5607706334459424,1,1
2020-11-07,4,1,0.535210798340087,1,1
2020-11-08,4,1,0.5352056110028579,1,1
2020-11-09,4,1,0.5592117925833546,1,1
2020-11-10,4,1,0.5922192119769538,1,1
2020-11-11,4,1,0.5936658659342954,1,1
2020-11-12,4,1,0.5696932851490374,1,1
2020-11-13,4,1,0.6012293641821537,1,1
2020-11-14,4,1,0.6105128276682817,1,1
2020-11-15,4,1,0.6195183954053403,1,1
2020-11-16,4,1,0.5595643022627781,1,1
2020-11-17,4,1,0.5341639905313622,1,1
2020-11-18,4,1,0.5607271195680897,1,1
2020-11-19,4,1,0.5943993865273922,1,1
2020-11-20,4,1,0.5481962419827171,1,1
2020-11-21,4,1,0.5822239102592677,1,1
2020-11-22,4,1,0.5993829506040635,1,1
2020-11-23,4,1,0.6165428104490226,1,1
2020-11-24,4,1,0.5805252068024858,1,1
2020-11-25,4,1,0.5902713021666672,1,1
2020-11-26,4,1,0.5333942167523771,1,1
2020-11-27,4,1,0.5603373765795152,1,1
2020-11-28,4,1,0.5504013473237962,1,1
2020-11-29,4,1,0.5608097263859558,1,1
2020-11-30,4,1,0.53339604198015,1,1
2020-12-01,4,1,0.5344146950117173,1,1
2020-12-02,4,1,0.5510737174754973,1,1
2020-12-03,4,1,0.5804582920229417,1,1
2020-12-04,4,1,0.5470716492911899,1,1
2020-12-05,4,1,0.5605232571346644,1,1
2020-12-06,4,1,0.5917627237695147,1,1
2020-12-07,4,1,0.6108960377577629,1,1
2020-12-08,4,1,0.5471258198631894,1,1
2020-12-09,4,1,0.5760800540717486,1,1
2020-12-10,4,1,0.593622430096545,1,1
2020-12-11,4,1,0.609715346117957,1,1
2020-12-12,4,1,0.5698776443998832,1,1
2020-12-13,4,1,0.5914018172551789,1,1
2020-12-14,4,1,0.6130234109920805,1,1
2020-12-15,4,1,0.6209639608540017,1,1
2020-12-16,4,1,0.5333939048795576,1,1
2020-12-17,4,1,0.5334006329839152,1,1
2020-12-18,4,1,0.5557767106520133,1,1
2020-12-19,4,1,0.5547822724041356,1,1
2020-12-20,4,1,0.5739418455052134,1,1
2020-12-21,4,1,0.5645032455812244,1,1
2020-12-22,4,1,0.5413436505716276,1,1
2020-12-23,4,1,0.5511550056270991,1,1
2020-12-24,4,1,0.5694586424168769,1,1
2020-12-25,4,1,0.5486258862125082,1,1
2020-12-26,4,1,0.5334052929518568,1,1
2020-12-27,4,1,0.5586246485281623,1,1
2020-12-28,4,1,0.5581122912918297,1,1
2020-12-29,4,1,0.5894371589541681,1,1
2020-12-30,4,1,0.5363235926623938,1,1
2020-12-31,4,1,0.5656329003946521,1,1
2021-01-01,4,1,0.5937697627691105,1,1
2021-01-02,4,1,0.5333939103738583,1,1
2021-01-03,4,1,0.5505807163809211,1,1
2021-01-04,4,1,0.5557121397318412,1,1
2021-01-05,4,1,0.5335240894570434,1,1
2021-01-06,4,1,0.533394001479757,1,1
2021-01-07,4,0,0.5334025350110282,1,1
2021-01-08,4,0,0.5376361133668508,1,1
2021-01-09,4,1,0.5590369997757623,1,1
2021-01-10,4,1,0.5350592950073247,1,1
2021-01-11,4,1,0.5333950764973285,1,1
2021-01-12,4,1,0.5338826101601144,1,1
2021-01-13,4,1,0.5333938285757294,1,1
2021-01-14,4,1,0.5339143820764584,1,1
2021-01-15,4,1,0.5334216964257101,1,1
2021-01-16,4,1,0.549191450590943,1,1
2021-01-17,4,1,0.5760865873360306,1,1
2021-01-18,4,1,0.5876732436224082,1,1
2021-01-19,4,1,0.6021876658934099,1,1
2021-01-20,4,1,0.6117939011933343,1,1
2021-01-21,4,1,0.533393827917466,1,1
2021-01-22,4,1,0.533399680249785,1,1
2021-01-23,4,1,0.5397495791913168,1,1
2021-01-24,4,1,0.5704074265919523,1,1
2021-01-25,4,1,0.6017168191932303,1,1
2021-01-26,4,1,0.6172527227244325,1,1
2021-01-27,4,1,0.533674984185424,1,1
2021-01-28,4,1,0.533393828652376,1,1
2021-01-29,4,1,0.5457438449851176,1,1
2021-01-30,4,1,0.5788296558242423,1,1
2021-01-31,4,1,0.5558003639203011,1,1
2021-02-01,4,1,0.5852107360134534,1,1
2021-02-02,4,1,0.5343675719050593,1,1
2021-02-03,4,1,0.5336101926266732,1,1
2021-02-04,4,1,0.5523342896996106,1,1
2021-02-05,4,1,0.5502300294490944,1,1
2021-02-06,4,1,0.554728565246565,1,1
2021-02-07,4,1,0.5834428027475023,1,1
2021-02-08,4,1,0.5333938279174645,1,1
2021-02-09,4,1,0.5605163645245427,1,1
2021-02-10,4,1,0.5467019723179123,1,1
2021-02-11,4,1,0.5334329692331927,1,1
2021-02-12,4,1,0.5572428256875528,1,1
2021-02-13,4,1,0.5866637090462252,1,1
2021-02-14,4,1,0.5708826563325365,1,1
2021-02-15,4,1,0.589147931423869,1,1
2021-02-16,4,1,0.5926136107290401,1,1
2021-02-17,4,1,0.5343886960975893,1,1
2021-02-18,4,1,0.5583593076761237,1,1
2021-02-19,4,1,0.5333950314538618,1,1
2021-02-20,4,0,0.5610105758704297,1,1
2021-02-21,4,0,0.57064601077035,1,1
2021-02-22,4,0,0.5336792099762944,1,1
2021-02-23,4,1,0.5333938280896493,1,1
2021-02-24,4,1,0.5527859415704878,1,1
2021-02-25,4,1,0.5338513822523131,1,1
2021-02-26,4,1,0.5512577707171076,1,1
2021-02-27,4,1,0.5843340719353067,1,1
2021-02-28,4,1,0.5870140567413153,1,1
2021-03-01,4,1,0.5333938361854664,1,1
2021-03-02,4,1,0.5421326947211188,1,1
2021-03-03,4,1,0.5358182858164319,1,1
2021-03-04,4,1,0.535334479253849,1,1
2021-03-05,4,1,0.5633406872578925,1,1
2021-03-06,4,1,0.5963536043667004,1,1
2021-03-07,4,1,0.5456620699646972,1,1
2021-03-08,4,1,0.565203620188543,1,1
2021-03-09,4,1,0.5364138487563322,1,1
2021-03-10,4,1,0.5530009903250672,1,1
2021-03-11,4,1,0.5521529923053584,1,1
2021-03-12,4,1,0.5818421689428119,1,1
2021-03-13,4,0,0.5334951099578815,1,1
2021-03-14,4,1,0.537812370413561,1,1
2021-03-15,4,1,0.5334690921151444,1,1
2021-03-16,4,1,0.5546661247231722,1,1
2021-03-17,4,1,0.5463305183751763,1,1
2021-03-18,4,1,0.5642134367726754,1,1
2021-03-19,4,0,0.5956965564181629,1,1
2021-03-20,4,0,0.6150000224696508,1,1
2021-03-21,4,0,0.6188542869870155,1,1
2021-03-22,4,0,0.5398048289477395,1,1
2021-03-23,4,0,0.5713329380129475,1,1
2021-03-24,4,0,0.5476339252251093,1,1
2021-03-25,5,0,0.5886482342237632,1,1
2021-03-26,5,0,0.577456450311188,1,1
2021-03-27,5,0,0.5941965260252275,1,1
2021-03-28,5,0,0.6147285108324727,1,1
2021-03-29,5,0,0.608804241037289,1,1
2021-03-30,5,0,0.6174243212582893,1,1
2021-03-31,5,0,0.6265318448740427,1,1
2021-04-01,5,0,0.629493147086744,1,1
2021-04-02,5,0,0.630287954906131,1,1
2021-04-03,5,0,0.6206513707878553,1,1
2021-04-04,5,0,0.624177304984477,1,1
2021-04-05,5,0,0.6287339147972827,1,1
2021-04-06,5,0,0.6284246712273842,1,1
2021-04-07,5,1,0.6080292093648536,1,1
2021-04-08,5,1,0.590869832879219,1,1
2021-04-09,5,0,0.6120842236225601,1,1
2021-04-10,5,0,0.6138840434985878,1,1
2021-04-11,5,0,0.6249569116177298,1,1
2021-04-12,5,0,0.6286857564181578,1,1
2021-04-13,5,0,0.5797982093988244,1,1
2021-04-14,5,0,0.5995504199454398,1,1
2021-04-15,5,0,0.6183007500230129,1,1
2021-04-16,5,0,0.6126801075490568,1,1
2021-04-17,5,0,0.6208274049733319,1,1
2021-04-18,5,0,0.5774241075907054,1,1
2021-04-19,5,0,0.5953797637068384,1,1
2021-04-20,5,0,0.612806214222618,1,1
2021-04-21,5,0,0.582877827761431,1,1
2021-04-22,5,0,0.5797958915986674,1,1
2021-04-23,5,0,0.5960239933002441,1,1
2021-04-24,5,0,0.6044261885316909,1,1
2021-04-25,5,0,0.610225820960365,1,1
2021-04-26,5,0,0.577401829433763,1,1
2021-04-27,5,0,0.5920195231513309,1,1
2021-04-28,5,0,0.6124872520160998,1,1
2021-04-29,5,0,0.6135589105509669,1,1
2021-04-30,5,0,0.5774134614556716,1,1
2021-05-01,5,0,0.5979114196910574,1,1
2021-05-02,5,0,0.6055772811703994,1,1
2021-05-03,5,0,0.6205148205127311,1,1
2021-05-04,5,0,0.5775034348269624,1,1
2021-05-05,5,0,0.5774035895415854,1,1
2021-05-06,5,0,0.589937902461019,1,1
2021-05-07,5,0,0.6061572593873689,1,1
2021-05-08,5,0,0.6111070939974769,1,1
2021-05-09,5,0,0.6221514577900644,1,1
2021-05-10,5,0,0.5937636340383529,1,1
2021-05-11,5,0,0.610619654608395,1,1
2021-05-12,5,0,0.5774018240498359,1,1
2021-05-13,5,0,0.595884257741452,1,1
2021-05-14,5,0,0.6159816662090017,1,1
2021-05-15,5,0,0.5776516078913377,1,1
2021-05-16,5,0,0.5966305104179397,1,1
2021-05-17,5,0,0.5774821556244336,1,1
2021-05-18,5,0,0.5923145448976442,1,1
2021-05-19,5,0,0.5774018240498333,1,1
2021-05-20,5,0,0.5774018247337418,1,1
2021-05-21,5,0,0.577401872450644,1,1
2021-05-22,5,0,0.5974983238701568,1,1
2021-05-23,5,0,0.5774075623152889,1,1
2021-05-24,5,0,0.5774018240611494,1,1
2021-05-25,5,0,0.5957499545714198,1,1
2021-05-26,5,0,0.6054531120543887,1,1
2021-05-27,5,0,0.6099715153269873,1,1
2021-05-28,5,0,0.577423211309888,1,1
2021-05-29,5,0,0.5821463608880431,1,1
2021-05-30,5,1,0.5872290544016467,1,1
2021-05-31,5,0,0.5796178556980158,1,1
2021-06-01,5,0,0.5926779797536348,1,1
2021-06-02,5,0,0.6018785183794638,1,1
2021-06-03,5,0,0.5847542692155268,1,1
2021-06-04,5,0,0.5774901141810792,1,1
2021-06-05,5,0,0.5797473474574508,1,1
2021-06-06,5,0,0.599996680957513,1,1
2021-06-07,5,1,0.577472605850831,1,1
2021-06-08,5,0,0.5975210773302194,1,1
2021-06-09,5,0,0.5774018240676618,1,1
2021-06-10,5,0,0.5904019356243995,1,1
2021-06-11,5,0,0.6064176688379264,1,1
2021-06-12,5,0,0.5801455182692974,1,1
2021-06-13,5,0,0.577401826160403,1,1
2021-06-14,5,0,0.5853494549533589,1,1
2021-06-15,5,0,0.6072292521272524,1,1
2021-06-16,5,0,0.5790329248194782,1,1
2021-06-17,5,0,0.5979826466543281,1,1
2021-06-18,5,0,0.5775808493908028,1,1
2021-06-19,5,0,0.5971172182964903,1,1
2021-06-20,5,0,0.6168250692254648,1,1
2021-06-21,5,1,0.5774018240856754,1,1
2021-06-22,5,0,0.5869946285316862,1,1
2021-06-23,5,0,0.584376539214824,1,1
2021-06-24,5,0,0.5913705159829277,1,1
2021-06-25,5,1,0.5774019020747468,1,1
2021-06-26,5,1,0.5928783630449147,1,1
2021-06-27,5,1,0.5774077704258566,1,1
2021-06-28,5,1,0.596402407437279,1,1
2021-06-29,5,1,0.5845172179214334,1,1
2021-06-30,5,1,0.5922688092929395,1,1
2021-07-01,5,1,0.5806294576074537,1,1
2021-07-02,5,1,0.6007614327951811,1,1
2021-07-03,5,1,0.6097586226968551,1,1
2021-07-04,5,1,0.6195118137089329,1,1
2021-07-05,5,1,0.5874189193292569,1,1
2021-07-06,5,1,0.6055805950203419,1,1
2021-07-07,5,1,0.6186053866835273,1,1
2021-07-08,5,1,0.6110034980688999,1,1
2021-07-09,5,1,0.6114609091142549,1,1
2021-07-10,5,1,0.6228203108689241,1,1
2021-07-11,5,1,0.6246088859015769,1,1
2021-07-12,5,1,0.6124271022442304,1,1
2021-07-13,5,1,0.6210919459681945,1,1
2021-07-14,5,1,0.6278030482821191,1,1
2021-07-15,5,1,0.6157362494584048,1,1
2021-07-16,5,1,0.6237917612465814,1,1
2021-07-17,5,1,0.6286658856679098,1,1
2021-07-18,5,1,0.6298938717385907,1,1
2021-07-19,5,1,0.619301739440534,1,1
2021-07-20,5,1,0.605437479859223,1,1
2021-07-21,5,1,0.5774116497255218,1,1
2021-07-22,5,1,0.597495579734959,1,1
2021-07-23,5,1,0.5872481932790206,1,1
2021-07-24,5,1,0.6002911300899239,1,1
2021-07-25,5,1,0.5996849369057267,1,1
2021-07-26,5,1,0.5782652110400254,1,1
2021-07-27,5,1,0.5776338301361315,1,1
2021-07-28,5,1,0.5945448858880787,1,1
2021-07-29,5,1,0.6150384723639158,1,1
2021-07-30,5,1,0.5795925852223087,1,1
2021-07-31,5,1,0.594776096370126,1,1
2021-08-01,5,1,0.5824629419302032,1,1
2021-08-02,5,1,0.5938925890599983,1,1
2021-08-03,5,1,0.5952318766086337,1,1
2021-08-04,5,1,0.5839802382424367,1,1
2021-08-05,5,1,0.5907106168192726,1,1
2021-08-06,5,1,0.5796723730779032,1,1
2021-08-07,5,1,0.5802057660871177,1,1
2021-08-08,5,1,0.5935616186844701,1,1
2021-08-09,5,0,0.5777879692155149,1,1
2021-08-10,5,1,0.5910828060588756,1,1
2021-08-11,5,0,0.6124369857483443,1,1
2021-08-12,5,1,0.6106108985781871,1,1
2021-08-13,5,0,0.5774213407522737,1,1
2021-08-14,5,0,0.5921508282308399,1,1
2021-08-15,5,1,0.6131351189744201,1,1
2021-08-16,5,1,0.6150978520448143,1,1
2021-08-17,5,1,0.6087016533578935,1,1
2021-08-18,5,1,0.6230636275755421,1,1
2021-08-19,5,1,0.5981111222799234,1,1
2021-08-20,5,0,0.5782100671996613,1,1
2021-08-21,5,0,0.5964012990024614,1,1
2021-08-22,5,0,0.6154734533578718,1,1
2021-08-23,5,0,0.6257823595307616,1,1
2021-08-24,5,0,0.6041625991171311,1,1
2021-08-25,5,0,0.6084381115285833,1,1
2021-08-26,5,0,0.5853983659819398,1,1
2021-08-27,5,0,0.5797750881510969,1,1
2021-08-28,5,0,0.6004743037445761,1,1
2021-08-29,5,0,0.6186449386983102,1,1
2021-08-30,5,0,0.5985970884702527,1,1
2021-08-31,5,0,0.6177528344012169,1,1
2021-09-01,5,0,0.6059718649446462,1,1
2021-09-02,5,0,0.6207780047726701,1,1
2021-09-03,5,0,0.626330389547965,1,1
2021-09-04,5,0,0.6293627290074625,1,1
2021-09-05,5,0,0.6168237026505607,1,1
2021-09-06,5,1,0.6236390320796574,1,1
2021-09-07,5,1,0.5774018241781872,1,1
2021-09-08,5,1,0.5916125331989495,1,1
2021-09-09,5,1,0.612463977683481,1,1
2021-09-10,5,1,0.6002108803279468,1,1
2021-09-11,5,1,0.618228303335459,1,1
2021-09-12,5,1,0.6234143164107389,1,1
2021-09-13,5,1,0.6206984343212384,1,1
2021-09-14,5,1,0.588528766998016,1,1
2021-09-15,5,1,0.5996786761377881,1,1
2021-09-16,5,1,0.6163665202228461,1,1
2021-09-17,5,1,0.6242572100611627,1,1
2021-09-18,5,1,0.6253951600426757,1,1
2021-09-19,5,1,0.624089677577367,1,1
2021-09-20,5,1,0.5774018959108427,1,1
2021-09-21,5,1,0.5776689786746154,1,1
2021-09-22,5,1,0.5774098165943312,1,1
2021-09-23,5,1,0.5843300621132907,1,1
2021-09-24,5,1,0.5784655492582487,1,1
2021-09-25,5,1,0.5988367118502411,1,1
2021-09-26,5,1,0.6160763496189192,1,1
2021-09-27,5,1,0.6167963577166355,1,1
2021-09-28,5,1,0.6101241477983657,1,1
2021-09-29,5,1,0.6219428444410611,1,1
2021-09-30,5,1,0.5822015907113312,1,1
2021-10-01,5,1,0.5774018275223708,1,1
2021-10-02,5,1,0.5954969702859239,1,1
2021-10-03,5,1,0.614296410548417,1,1
2021-10-04,5,1,0.6214184271655251,1,1
2021-10-05,5,1,0.5868408382022288,1,1
2021-10-06,5,1,0.5774084011325286,1,1
2021-10-07,5,1,0.5832977958781894,1,1
2021-10-08,5,1,0.6052413431115218,1,1
2021-10-09,5,1,0.6163771546190095,1,1
2021-10-10,5,1,0.625855720633706,1,1
2021-10-11,5,1,0.588806179118081,1,1
2021-10-12,5,1,0.5934686136186237,1,1
2021-10-13,5,1,0.6025196851319163,1,1
2021-10-14,5,1,0.6198110689946326,1,1
2021-10-15,5,1,0.5774481368851244,1,1
2021-10-16,5,1,0.5940718162462861,1,1
2021-10-17,5,0,0.6130225232687803,1,1
2021-10-18,5,0,0.6244989360558741,1,1
2021-10-19,5,0,0.6116918986029483,1,1
2021-10-20,5,0,0.6132119047534028,1,1
2021-10-21,5,0,0.5780616912868065,1,1
2021-10-22,5,0,0.5860371755071262,1,1
2021-10-23,5,0,0.6058476580620402,1,1
2021-10-24,5,0,0.6202130370484107,1,1
2021-10-25,5,0,0.6097995761610362,1,1
2021-10-26,5,0,0.5846523608414113,1,1
2021-10-27,5,0,0.5850892928448846,1,1
2021-10-28,5,0,0.5842093042319421,1,1
2021-10-29,5,0,0.5925390148693983,1,1
2021-10-30,5,0,0.6123889231235099,1,1
2021-10-31,5,0,0.6229457347268519,1,1
2021-11-01,5,0,0.6280266919802665,1,1
2021-11-02,5,0,0.6149631520675269,1,1
2021-11-03,5,0,0.6252392939643323,1,1
2021-11-04,5,0,0.6218344156076219,1,1
2021-11-05,5,0,0.6276241725168399,1,1
2021-11-06,5,0,0.6296956558714922,1,1
2021-11-07,5,0,0.6242897382304985,1,1
2021-11-08,5,0,0.5777998018175137,1,1
2021-11-09,5,0,0.5958549861214849,1,1
2021-11-10,5,0,0.5931278403779269,1,1
2021-11-11,5,0,0.6139191699976703,1,1
2021-11-12,5,0,0.6225534408249861,1,1
2021-11-13,5,0,0.6282323953053117,1,1
2021-11-14,5,0,0.6289068142808703,1,1
2021-11-15,5,0,0.6201266918765982,1,1
2021-11-16,5,0,0.5795564029904405,1,1
2021-11-17,5,0,0.600783423907993,1,1
2021-11-18,5,0,0.5777787133830417,1,1
2021-11-19,5,0,0.5911637375641559,1,1
2021-11-20,5,0,0.5974582765414664,1,1
2021-11-21,5,0,0.6097005406472225,1,1
2021-11-22,5,0,0.5855227374544272,1,1
2021-11-23,5,0,0.5972629291134037,1,1
2021-11-24,5,0,0.6031347274121102,1,1
2021-11-25,5,0,0.6156136085201314,1,1
2021-11-26,5,0,0.577551394803358,1,1
2021-11-27,5,0,0.5891479947882933,1,1
2021-11-28,5,0,0.5807377925254317,1,1
2021-11-29,5,0,0.600866212549884,1,1
2021-11-30,5,0,0.6139872039998368,1,1
2021-12-01,5,0,0.6252404400683329,1,1
2021-12-02,5,0,0.6273655348849714,1,1
2021-12-03,5,0,0.583024938195799,1,1
2021-12-04,5,0,0.5774020402770242,1,1
2021-12-05,5,0,0.5978580124386622,1,1
2021-12-06,5,0,0.6056397074666224,1,1
2021-12-07,5,0,0.6216209040283804,1,1
2021-12-08,5,0,0.6277156296645177,1,1
2021-12-09,5,0,0.5796852855219321,1,1
2021-12-10,5,0,0.5981663087609942,1,1
2021-12-11,5,0,0.5825154830322274,1,1
2021-12-12,5,0,0.6003620298020308,1,1
2021-12-13,5,0,0.5774379945753467,1,1
2021-12-14,5,0,0.597462277919875,1,1
2021-12-15,5,0,0.5800764999930066,1,1
2021-12-16,5,0,0.5869831498058049,1,1
2021-12-17,5,0,0.5866649852947883,1,1
2021-12-18,5,0,0.6051664237076688,1,1
2021-12-19,5,0,0.6209739488976114,1,1
2021-12-20,5,0,0.6277633367892858,1,1
2021-12-21,5,0,0.6011640542656288,1,1
2021-12-22,5,0,0.6179714644265792,1,1
2021-12-23,5,0,0.5913146160560485,1,1
2021-12-24,5,0,0.6126592937569474,1,1
2021-12-25,5,0,0.6235143439405152,1,1
2021-12-26,5,0,0.6283709254901088,1,1
2021-12-27,5,0,0.6298729540827971,1,1
2021-12-28,5,0,0.5785943319512762,1,1
2021-12-29,5,0,0.5866986896566984,1,1
2021-12-30,5,0,0.6040638798545168,1,1
2021-12-31,5,0,0.612428364698307,1,1
2022-01-01,5,0,0.6102513991631079,1,1
2022-01-02,5,0,0.6225490311512629,1,1
2022-01-03,5,0,0.6238040974869529,1,1
2022-01-04,5,0,0.6270635932412497,1,1
2022-01-05,5,0,0.5831253977538962,1,1
2022-01-06,5,0,0.6019331220824331,1,1
2022-01-07,5,1,0.5871846343220513,1,1
2022-01-08,5,1,0.609045618795419,1,1
2022-01-09,5,1,0.6231465710422249,1,1
2022-01-10,5,1,0.6283547317394275,1,1
2022-01-11,5,1,0.6272721194906468,1,1
2022-01-12,5,0,0.6230828317315562,1,1
2022-01-13,5,0,0.6120984168143726,1,1
2022-01-14,5,0,0.6231939668920481,1,1
2022-01-15,5,0,0.6284979693839404,1,1
2022-01-16,5,1,0.629993915975837,1,1
2022-01-17,5,1,0.6273209418394725,1,1
2022-01-18,5,0,0.6297197515740803,1,1
2022-01-19,5,0,0.6287788230900894,1,1
2022-01-20,5,0,0.6234069712795763,1,1
2022-01-21,5,1,0.5774018257821845,1,1
2022-01-22,5,1,0.5790026039081089,1,1
2022-01-23,5,1,0.5822025230755035,1,1
2022-01-24,5,1,0.6023193856538356,1,1
2022-01-25,5,1,0.6192151222127231,1,1
2022-01-26,5,1,0.6269869740969964,1,1
2022-01-27,5,1,0.6294360677734225,1,1
2022-01-28,5,0,0.6289893705267481,1,1
2022-01-29,5,1,0.6299174000196387,1,1
2022-01-30,5,1,0.6301619735539026,1,1
2022-01-31,5,1,0.6296859235396557,1,1
2022-02-01,5,1,0.6302744039345948,1,1
2022-02-02,5,1,0.5918898421066436,1,1
2022-02-03,5,1,0.6128723365083419,1,1
2022-02-04,5,0,0.5774018240745111,1,1
2022-02-05,5,0,0.59763667748392,1,1
2022-02-06,5,0,0.6067069811394334,1,1
2022-02-07,5,0,0.6003161037618672,1,1
2022-02-08,5,0,0.618422000998892,1,1
2022-02-09,5,0,0.6268366983343404,1,1
2022-02-10,5,0,0.6266803330533106,1,1
2022-02-11,5,0,0.6207656247795191,1,1
2022-02-12,5,0,0.6274220935070275,1,1
2022-02-13,5,0,0.6297005401821237,1,1
2022-02-14,5,0,0.6301373589456809,1,1
2022-02-15,5,0,0.5985926734876407,1,1
2022-02-16,5,0,0.6124688459786092,1,1
2022-02-17,5,1,0.5774059610733833,1,1
2022-02-18,5,1,0.5933868396232156,1,1
2022-02-19,5,1,0.6142670478731884,1,1
2022-02-20,5,1,0.5867826900694035,1,1
2022-02-21,5,1,0.5830029348236931,1,1
2022-02-22,5,1,0.5861669476268867,1,1
2022-02-23,5,1,0.5907870093780649,1,1
2022-02-24,5,1,0.5964429118510141,1,1
2022-02-25,5,1,0.6062343502875678,1,1
2022-02-26,5,1,0.621551182182012,1,1
2022-02-27,5,1,0.6024284337743293,1,1
2022-02-28,5,1,0.5774018240498332,1,1
2022-03-01,5,1,0.5865112103698263,1,1
2022-03-02,5,1,0.6051979774738443,1,1
2022-03-03,5,1,0.5935746930008406,1,1
2022-03-04,5,1,0.5774032039184163,1,1
2022-03-05,5,1,0.5973986573277932,1,1
2022-03-06,5,1,0.6001488804825743,1,1
2022-03-07,5,1,0.6161542821601347,1,1
2022-03-08,5,1,0.6229900631527382,1,1
2022-03-09,5,1,0.5774065032223408,1,1
2022-03-10,5,1,0.5774342954918393,1,1
2022-03-11,5,1,0.5910494506529922,1,1
2022-03-12,5,1,0.6124692015860594,1,1
2022-03-13,5,1,0.6085489038200811,1,1
2022-03-14,5,1,0.5828593523725758,1,1
2022-03-15,5,1,0.6022176255845906,1,1
2022-03-16,5,0,0.5828207945539413,1,1
2022-03-17,5,0,0.6036533573411567,1,1
2022-03-18,5,0,0.6136544508516344,1,1
2022-03-19,5,0,0.6244912103011309,1,1
2022-03-20,5,1,0.6226728483632743,1,1
2022-03-21,5,1,0.6280430410753727,1,1
2022-03-22,5,0,0.6213202121778743,1,1
2022-03-23,5,0,0.626893749460987,1,1
2022-03-24,5,0,0.6251017598858576,1,1
2022-03-25,5,0,0.6287651316740738,1,1
2022-03-26,5,0,0.6301179101240075,1,1
2022-03-27,5,0,0.5884381143656432,1,1
2022-03-28,5,0,0.6097997661295165,1,1
2022-03-29,5,0,0.6231757557356822,1,1
2022-03-30,5,0,0.627613087492634,1,1
2022-03-31,5,0,0.6145804452939433,1,1
2022-04-01,5,0,0.6228344454529324,1,1
2022-04-02,5,0,0.6274071178471038,1,1
2022-04-03,5,0,0.6290554350803734,1,1
2022-04-04,5,0,0.630194552783415,1,1
2022-04-05,5,0,0.6261231365373482,1,1
2022-04-06,5,0,0.5820136180580128,1,1
2022-04-07,5,0,0.6032459052882556,1,1
2022-04-08,5,0,0.6003199270270949,1,1
2022-04-09,5,0,0.6169517959807458,1,1
2022-04-10,5,0,0.6235317835116609,1,1
2022-04-11,5,0,0.5777248063731435,1,1
2022-04-12,5,0,0.5944590250393338,1,1
2022-04-13,5,0,0.60148236695743,1,1
2022-04-14,5,0,0.5963060583415131,1,1
2022-04-15,5,0,0.6123286795389064,1,1
2022-04-16,5,0,0.6242798200907568,1,1
2022-04-17,5,0,0.6253626115302994,1,1
2022-04-18,5,0,0.6220502381713764,1,1
2022-04-19,5,0,0.6261781673446832,1,1
2022-04-20,5,0,0.629237892056898,1,1
2022-04-21,5,0,0.6267044271066041,1,1
2022-04-22,5,0,0.6257615466382002,1,1
2022-04-23,5,0,0.6288157492978989,1,1
2022-04-24,5,0,0.6301130342083371,1,1
2022-04-25,5,0,0.626946867872352,1,1
2022-04-26,5,0,0.5788978728063171,1,1
2022-04-27,5,0,0.5859004715674948,1,1
2022-04-28,5,0,0.6046668390167511,1,1
2022-04-29,5,0,0.5994574834979935,1,1
2022-04-30,5,0,0.6038554143583403,1,1
2022-05-01,5,0,0.6144019066515847,1,1
2022-05-02,5,0,0.6254443303919089,1,1
2022-05-03,5,0,0.6246306539671356,1,1
2022-05-04,5,0,0.5852391198447011,1,1
2022-05-05,5,0,0.5774025040666126,1,1
2022-05-06,5,0,0.5921058148226829,1,1
2022-05-07,5,0,0.6065113115517139,1,1
2022-05-08,5,0,0.5852909024492208,1,1
2022-05-09,5,0,0.5774018240635672,1,1
2022-05-10,5,0,0.5885046685671429,1,1
2022-05-11,5,1,0.5774191565898934,1,1
2022-05-12,5,0,0.5978501259455733,1,1
2022-05-13,5,0,0.6165387268897651,1,1
2022-05-14,5,0,0.6156193048326131,1,1
2022-05-15,5,0,0.5967552683221632,1,1
2022-05-16,5,0,0.5795792240501398,1,1
2022-05-17,5,0,0.594452409783935,1,1
2022-05-18,5,0,0.5777074689548305,1,1
2022-05-19,5,0,0.577617376292283,1,1
2022-05-20,5,0,0.5796733701139297,1,1
2022-05-21,5,0,0.6001443282431411,1,1
2022-05-22,5,0,0.6003272968249176,1,1
2022-05-23,5,0,0.5834776377423333,1,1
2022-05-24,5,0,0.5984034793094912,1,1
2022-05-25,5,0,0.6171139238762824,1,1
2022-05-26,5,0,0.6248437158462474,1,1
2022-05-27,5,0,0.6232479646914295,1,1
2022-05-28,5,0,0.6283603338843455,1,1
2022-05-29,5,0,0.6272635588172055,1,1
2022-05-30,5,0,0.5774401500800644,1,1
2022-05-31,5,0,0.5979588327863425,1,1
2022-06-01,5,0,0.5774908980675244,1,1
2022-06-02,5,0,0.5896495879129687,1,1
2022-06-03,5,0,0.5941700483243529,1,1
2022-06-04,5,0,0.6147158169665676,1,1
2022-06-05,5,0,0.6255646734669175,1,1
2022-06-06,5,0,0.5894830469623517,1,1
2022-06-07,5,0,0.609343482764147,1,1
2022-06-08,5,0,0.6014799757998825,1,1
2022-06-09,5,0,0.6189106190330274,1,1
2022-06-10,5,0,0.6027316877875433,1,1
2022-06-11,5,0,0.6041920454449633,1,1
2022-06-12,5,0,0.5778930024796376,1,1
2022-06-13,5,0,0.577401824049833,1,1
2022-06-14,5,0,0.5933989131345875,1,1
2022-06-15,5,0,0.6094376892596403,1,1
2022-06-16,5,1,0.577401832292025,1,1
2022-06-17,5,1,0.5977710592338715,1,1
2022-06-18,5,1,0.577413551320002,1,1
2022-06-19,5,1,0.5774024087470079,1,1
2022-06-20,5,1,0.5979034345830239,1,1
2022-06-21,5,1,0.6170951867022803,1,1
2022-06-22,5,1,0.5997783916581183,1,1
2022-06-23,5,1,0.5784942202316188,1,1
2022-06-24,5,1,0.5988620564067408,1,1
2022-06-25,5,0,0.6155690356449639,1,1
2022-06-26,5,1,0.6168589600072085,1,1
2022-06-27,5,1,0.6232881487015913,1,1
2022-06-28,5,1,0.6221815356544609,1,1
2022-06-29,5,1,0.627203854433279,1,1
2022-06-30,5,1,0.6274072960561199,1,1
2022-07-01,5,1,0.6218404624717786,1,1
2022-07-02,5,1,0.6279767088193562,1,1
2022-07-03,5,1,0.6299057225747281,1,1
2022-07-04,5,1,0.5947997502747417,1,1
2022-07-05,5,1,0.614930066919476,1,1
2022-07-06,5,1,0.6223703360391579,1,1
2022-07-07,5,1,0.5828072230332658,1,1
2022-07-08,5,1,0.6045937927278698,1,1
2022-07-09,5,1,0.6198966478702033,1,1
2022-07-10,5,1,0.6040782397831526,1,1
2022-07-11,5,1,0.5827395005171933,1,1
2022-07-12,5,1,0.5833538793746477,1,1
2022-07-13,6,1,0.5404947120586328,1,1
2022-07-14,6,1,0.5545898855735107,1,1
2022-07-15,6,1,0.570521528331713,1,1
2022-07-16,6,1,0.5788165968713458,1,1
2022-07-17,6,1,0.5800742850219234,1,1
2022-07-18,6,1,0.5392556771394585,1,1
2022-07-19,6,0,0.5417245824155921,1,1
2022-07-20,6,0,0.5593034461008539,1,1
2022-07-21,6,0,0.5756835747455162,1,1
2022-07-22,6,0,0.5781724799221557,1,1
2022-07-23,6,0,0.5833885291145534,1,1
2022-07-24,6,0,0.5866981360805504,1,1
2022-07-25,6,1,0.5425540031141787,1,1
2022-07-26,6,1,0.560617760987959,1,1
2022-07-27,6,0,0.5392509509033084,1,1
2022-07-28,6,0,0.5418318242171414,1,1
2022-07-29,6,0,0.5607112165001727,1,1
2022-07-30,6,0,0.5757855401957045,1,1
2022-07-31,6,0,0.5814021952134969,1,1
2022-08-01,6,0,0.586115045242305,1,1
2022-08-02,6,0,0.5859027459068501,1,1
2022-08-03,6,0,0.5872710069851546,1,1
2022-08-04,6,0,0.5873103270717858,1,1
2022-08-05,6,0,0.581830700579514,1,1
2022-08-06,6,0,0.5840890837173358,1,1
2022-08-07,6,0,0.5866936045076596,1,1
2022-08-08,6,0,0.582523301144892,1,1
2022-08-09,6,0,0.5764787861638572,1,1
2022-08-10,6,0,0.5681674451341083,1,1
2022-08-11,6,0,0.5808701160211066,1,1
2022-08-12,6,0,0.5834348745364049,1,1
2022-08-13,6,0,0.5868381716903185,1,1
2022-08-14,6,0,0.5876860892228797,1,1
2022-08-15,6,0,0.5876829143702481,1,1
2022-08-16,6,0,0.5873035287497941,1,1
2022-08-17,6,0,0.5832282185839217,1,1
2022-08-18,6,0,0.5864152234104577,1,1
2022-08-19,6,0,0.5392439437982903,1,1
2022-08-20,6,0,0.5550159949471395,1,1
2022-08-21,6,0,0.5684195148967766,1,1
2022-08-22,6,0,0.5800773369784703,1,1
2022-08-23,6,0,0.5855912684628655,1,1
2022-08-24,6,0,0.5871238164060512,1,1
2022-08-25,6,0,0.5876676175819154,1,1
2022-08-26,6,0,0.5402123806345636,1,1
2022-08-27,6,0,0.5558202303467663,1,1
2022-08-28,6,0,0.5627308183672997,1,1
2022-08-29,6,0,0.5567945217267203,1,1
2022-08-30,6,0,0.5598574829858772,1,1
2022-08-31,6,0,0.574325178643659,1,1
2022-09-01,6,0,0.5835456573378935,1,1
2022-09-02,6,0,0.5862106834534364,1,1
2022-09-03,6,0,0.5872562924404431,1,1
2022-09-04,6,1,0.5878416362548873,1,1
2022-09-05,6,1,0.5875988019668217,1,1
2022-09-06,6,1,0.5484042605238721,1,1
2022-09-07,6,1,0.5577418794398468,1,1
2022-09-08,6,1,0.575106092855592,1,1
2022-09-09,6,0,0.5392439258934265,1,1
2022-09-10,6,0,0.5549371971406817,1,1
2022-09-11,6,0,0.5730979447283701,1,1
2022-09-12,6,0,0.5728342214883695,1,1
2022-09-13,6,0,0.5392440367267725,1,1
2022-09-14,6,0,0.5572308578322933,1,1
2022-09-15,6,0,0.5579806691473983,1,1
2022-09-16,6,0,0.575210856557066,1,1
2022-09-17,6,0,0.5808789651268794,1,1
2022-09-18,6,0,0.5642939090936804,1,1
2022-09-19,6,0,0.5786516679253553,1,1
2022-09-20,6,1,0.5649864063323764,1,1
2022-09-21,6,1,0.5721990873454124,1,1
2022-09-22,6,0,0.5476018689652443,1,1
2022-09-23,6,1,0.5658103136349002,1,1
2022-09-24,6,1,0.5723496683116266,1,1
2022-09-25,6,1,0.5817689826708461,1,1
2022-09-26,6,1,0.5822805982900034,1,1
2022-09-27,6,1,0.5860212622470365,1,1
2022-09-28,6,1,0.5862835990949922,1,1
2022-09-29,6,1,0.5875560798689973,1,1
2022-09-30,6,1,0.5876688489306663,1,1
2022-10-01,6,1,0.5878039375310857,1,1
2022-10-02,6,1,0.5867426658302385,1,1
2022-10-03,6,1,0.5803979048684518,1,1
2022-10-04,6,0,0.5680093971837634,1,1
2022-10-05,6,1,0.5792026734670578,1,1
2022-10-06,6,1,0.5840479841482349,1,1
2022-10-07,6,1,0.5825390910693284,1,1
2022-10-08,6,1,0.5860082735706404,1,1
2022-10-09,6,0,0.5876443474016624,1,1
2022-10-10,6,0,0.5862456319266859,1,1
2022-10-11,6,0,0.5874686131355594,1,1
2022-10-12,6,0,0.588013922505414,1,1
2022-10-13,6,0,0.5877533348136567,1,1
2022-10-14,6,0,0.5873776686799885,1,1
2022-10-15,6,0,0.5877114223353831,1,1
2022-10-16,6,0,0.587778041286313,1,1
2022-10-17,6,0,0.5872998603982073,1,1
2022-10-18,6,0,0.5870758827048147,1,1
2022-10-19,6,0,0.5871486386174372,1,1
2022-10-20,6,0,0.5877697163386497,1,1
2022-10-21,6,0,0.5880774702185851,1,1
2022-10-22,6,0,0.5882549745725361,1,1
2022-10-23,6,0,0.586733437667225,1,1
2022-10-24,6,0,0.5868204415786488,1,1
2022-10-25,6,0,0.5709512560490453,1,1
2022-10-26,6,0,0.5641502288093463,1,1
2022-10-27,6,0,0.5667711368633281,1,1
2022-10-28,6,0,0.5774981729014151,1,1
2022-10-29,6,0,0.5840379503336851,1,1
2022-10-30,6,0,0.5862429686503512,1,1
2022-10-31,6,0,0.587279682295285,1,1
2022-11-01,6,0,0.5879928257792383,1,1
2022-11-02,6,0,0.5863439145165488,1,1
2022-11-03,6,0,0.5877445056891274,1,1
2022-11-04,6,0,0.5591807040013033,1,1
2022-11-05,6,0,0.5756710380168725,1,1
2022-11-06,6,0,0.5798085339807193,1,1
2022-11-07,6,0,0.5826107704325181,1,1
2022-11-08,6,0,0.539243940739768,1,1
2022-11-09,6,1,0.5392439198297193,1,1
2022-11-10,6,0,0.5392439201806145,1,1
2022-11-11,6,1,0.5434739439933524,1,1
2022-11-12,6,1,0.5578131304447516,1,1
2022-11-13,6,1,0.5585445785482975,1,1
2022-11-14,6,1,0.5717706467040837,1,1
2022-11-15,6,1,0.5799063041038804,1,1
2022-11-16,6,0,0.5836401198660862,1,1
2022-11-17,6,1,0.5869065186928292,1,1
2022-11-18,6,1,0.5879042261339735,1,1
2022-11-19,6,0,0.5881990110771296,1,1
2022-11-20,6,1,0.5825373650620098,1,1
2022-11-21,6,1,0.5720100471711974,1,1
2022-11-22,6,1,0.5740780975680733,1,1
2022-11-23,6,1,0.5750372594384476,1,1
2022-11-24,6,1,0.5838107096801819,1,1
2022-11-25,6,1,0.5866448386297218,1,1
2022-11-26,6,1,0.5876772831492937,1,1
2022-11-27,6,1,0.5880912040132688,1,1
2022-11-28,6,1,0.5868718858175485,1,1
2022-11-29,6,1,0.5870670556302162,1,1
2022-11-30,6,0,0.5625939030894682,1,1
2022-12-01,6,0,0.5747900780249583,1,1
2022-12-02,6,0,0.5834800762325152,1,1
2022-12-03,6,0,0.5857096114560139,1,1
2022-12-04,6,0,0.5867821842086608,1,1
2022-12-05,6,0,0.5871858042745532,1,1
2022-12-06,6,0,0.5878779221777809,1,1
2022-12-07,6,1,0.5867196522876712,1,1
2022-12-08,6,0,0.5847335108493604,1,1
2022-12-09,6,0,0.5868727746278647,1,1
2022-12-10,6,1,0.587878158604786,1,1
2022-12-11,6,1,0.5881427711163115,1,1
2022-12-12,6,1,0.5881980259903445,1,1
2022-12-13,6,1,0.5790440005652777,1,1
2022-12-14,6,1,0.5853652362207334,1,1
2022-12-15,6,1,0.5802908552606767,1,1
2022-12-16,6,1,0.5540351949050036,1,1
2022-12-17,6,1,0.5715802105098754,1,1
2022-12-18,6,1,0.5822342868059494,1,1
2022-12-19,6,1,0.5822708377939515,1,1
2022-12-20,6,1,0.5786830574433022,1,1
2022-12-21,6,1,0.5847680570157415,1,1
2022-12-22,6,1,0.5872573557245331,1,1
2022-12-23,6,1,0.5879384249832631,1,1
2022-12-24,6,1,0.588209512078865,1,1
2022-12-25,6,1,0.5882686468776822,1,1
2022-12-26,6,1,0.5882772506425815,1,1
2022-12-27,6,1,0.587290682155432,1,1
2022-12-28,6,1,0.5872597940484503,1,1
2022-12-29,6,1,0.5879568019237947,1,1
2022-12-30,6,1,0.5881303391809416,1,1
2022-12-31,6,1,0.5881389368393423,1,1
2023-01-01,6,1,0.5882379050322765,1,1
2023-01-02,6,1,0.5882852306511775,1,1
2023-01-03,6,1,0.5882867221076736,1,1
2023-01-04,6,1,0.5879191440230848,1,1
2023-01-05,6,1,0.5881501911578999,1,1
2023-01-06,6,1,0.5881634647427799,1,1
2023-01-07,6,1,0.5882652506637757,1,1
2023-01-08,6,1,0.5881357858457239,1,1
2023-01-09,6,1,0.5881885543619266,1,1
2023-01-10,6,1,0.5874704343031716,1,1
2023-01-11,6,1,0.5826510671685126,1,1
2023-01-12,6,1,0.5465922193789863,1,1
2023-01-13,6,1,0.5397843784322155,1,1
2023-01-14,6,1,0.5396267281339195,1,1
2023-01-15,6,1,0.5573482254940535,1,1
2023-01-16,6,1,0.5721482140651791,1,1
2023-01-17,6,1,0.5826228638076767,1,1
2023-01-18,6,1,0.5805282418212092,1,1
2023-01-19,6,1,0.5830230998308935,1,1
2023-01-20,6,1,0.53932309329384,1,1
2023-01-21,6,1,0.5576430616894209,1,1
2023-01-22,6,1,0.5746749269572682,1,1
2023-01-23,6,1,0.583116050877638,1,1
2023-01-24,6,1,0.5849859883579728,1,1
2023-01-25,6,1,0.5844535972920456,1,1
2023-01-26,6,1,0.5869672973933315,1,1
2023-01-27,6,1,0.5879313955195666,1,1
2023-01-28,6,1,0.5881359188142617,1,1
2023-01-29,6,0,0.5800243662223333,1,1
2023-01-30,6,1,0.5569251033982652,1,1
2023-01-31,6,1,0.5721815359639622,1,1
2023-02-01,6,0,0.5744006281015036,1,1
2023-02-02,6,0,0.581766908151131,1,1
2023-02-03,6,0,0.5862388433957268,1,1
2023-02-04,6,0,0.5874424333738582,1,1
2023-02-05,6,0,0.5860347650932087,1,1
2023-02-06,6,0,0.5870001076706669,1,1
2023-02-07,6,0,0.5851490967633768,1,1
2023-02-08,6,0,0.5856024829017337,1,1
2023-02-09,6,0,0.547497058929479,1,1
2023-02-10,6,1,0.56506619273078,1,1
2023-02-11,6,1,0.578326823188325,1,1
2023-02-12,6,1,0.5848095890795617,1,1
2023-02-13,6,1,0.5872723072077968,1,1
2023-02-14,6,1,0.5862520319384495,1,1
2023-02-15,6,1,0.5392446069851471,1,1
2023-02-16,6,1,0.5449918110495382,1,1
2023-02-17,6,1,0.5435311161918756,1,1
2023-02-18,6,1,0.5629293876773104,1,1
2023-02-19,6,1,0.5744817424081075,1,1
2023-02-20,6,1,0.5791529375507907,1,1
2023-02-21,6,1,0.5821282890472608,1,1
2023-02-22,6,1,0.5852632748983498,1,1
2023-02-23,6,1,0.5865002851339434,1,1
2023-02-24,6,1,0.5754343147378189,1,1
2023-02-25,6,1,0.5839342429116199,1,1
2023-02-26,6,1,0.5853995858454325,1,1
2023-02-27,6,1,0.5873856580783972,1,1
2023-02-28,6,1,0.5860529598628882,1,1
2023-03-01,6,1,0.5848794294036515,1,1
2023-03-02,6,1,0.5867628506446355,1,1
2023-03-03,6,1,0.5501439155448581,1,1
2023-03-04,6,1,0.5693129341389739,1,1
2023-03-05,6,1,0.5813975415412156,1,1
2023-03-06,6,1,0.5861413757232444,1,1
2023-03-07,6,1,0.5869190297570485,1,1
2023-03-08,6,1,0.5831641881993086,1,1
2023-03-09,6,1,0.5398597732378972,1,1
2023-03-10,6,1,0.556318281770294,1,1
2023-03-11,6,1,0.5659262218787255,1,1
2023-03-12,6,1,0.5392794290194964,1,1
2023-03-13,6,1,0.5392439726784791,1,1
2023-03-14,6,1,0.5503475868021039,1,1
2023-03-15,6,1,0.5635574428247327,1,1
2023-03-16,6,1,0.5657634655582552,1,1
2023-03-17,6,1,0.5392440616974741,1,1
2023-03-18,6,1,0.5515511863931016,1,1
2023-03-19,6,1,0.5458603483495342,1,1
2023-03-20,6,1,0.5625664256014955,1,1
2023-03-21,6,1,0.5752206779555248,1,1
2023-03-22,6,0,0.5658958280627446,1,1
2023-03-23,6,0,0.5551784610468184,1,1
2023-03-24,6,1,0.553306709247552,1,1
2023-03-25,6,1,0.5719092626029041,1,1
2023-03-26,6,1,0.5790120767929917,1,1
2023-03-27,6,1,0.5694662187832943,1,1
2023-03-28,6,1,0.5814063232853738,1,1
2023-03-29,6,1,0.5639444614668836,1,1
2023-03-30,6,1,0.5759350320216641,1,1
2023-03-31,6,1,0.5820502086817868,1,1
2023-04-01,6,0,0.5862588291575206,1,1
2023-04-02,6,1,0.5872104519763419,1,1
2023-04-03,6,1,0.5863508324844728,1,1
2023-04-04,6,1,0.5869454546885005,1,1
2023-04-05,6,1,0.5879117712135039,1,1
2023-04-06,6,1,0.5879880569838459,1,1
2023-04-07,6,1,0.588045665478667,1,1
2023-04-08,6,0,0.5882394807800998,1,1
2023-04-09,6,0,0.5875908205741585,1,1
2023-04-10,6,0,0.5586190750569958,1,1
2023-04-11,6,0,0.5695927325100767,1,1
2023-04-12,6,0,0.5812194877185124,1,1
2023-04-13,6,0,0.5857697886981282,1,1
2023-04-14,6,0,0.5875686685041147,1,1
2023-04-15,6,0,0.5878276071685591,1,1
2023-04-16,6,0,0.5881626851763488,1,1
2023-04-17,6,0,0.5797517387134928,1,1
2023-04-18,6,0,0.5727318872453321,1,1
2023-04-19,6,0,0.5415386733644258,1,1
2023-04-20,6,0,0.551757308492263,1,1
2023-04-21,6,0,0.5471277789559856,1,1
2023-04-22,6,0,0.5599716465798956,1,1
2023-04-23,6,0,0.5746881384978466,1,1
2023-04-24,6,0,0.5835276675306478,1,1
2023-04-25,6,0,0.5795591861691753,1,1
2023-04-26,6,0,0.5855098730575555,1,1
2023-04-27,6,0,0.5721006937225348,1,1
2023-04-28,6,0,0.5821612246931291,1,1
2023-04-29,6,0,0.5862435409434876,1,1
2023-04-30,6,0,0.5877074588398795,1,1
2023-05-01,6,0,0.563165754200021,1,1
2023-05-02,6,0,0.5718218869155227,1,1
2023-05-03,6,0,0.5814454408447981,1,1
2023-05-04,6,0,0.5857659410781683,1,1
2023-05-05,6,0,0.5838164999305869,1,1
2023-05-06,6,0,0.5819259575932247,1,1
2023-05-07,6,0,0.5836204718224383,1,1
2023-05-08,6,0,0.5777135285032854,1,1
2023-05-09,6,0,0.5847878397923221,1,1
2023-05-10,6,0,0.5872061044397751,1,1
2023-05-11,6,0,0.5834013525533059,1,1
2023-05-12,6,0,0.5862389351362789,1,1
2023-05-13,6,0,0.5876739252083764,1,1
2023-05-14,6,0,0.5880781020629972,1,1
2023-05-15,6,0,0.5879612213964399,1,1
2023-05-16,6,0,0.5879312111090516,1,1
2023-05-17,6,0,0.5875343482956213,1,1
2023-05-18,6,0,0.5844744120323877,1,1
2023-05-19,6,0,0.5871743023171629,1,1
2023-05-20,6,0,0.5877407330690202,1,1
2023-05-21,6,1,0.5867222765264916,1,1
2023-05-22,6,1,0.5878439739873524,1,1
2023-05-23,6,1,0.5874294974363079,1,1
2023-05-24,6,1,0.5746372671095343,1,1
2023-05-25,6,1,0.5835849369918567,1,1
2023-05-26,6,1,0.5865385824921205,1,1
2023-05-27,6,1,0.5877339923587471,1,1
2023-05-28,6,1,0.5610879217821026,1,1
2023-05-29,6,1,0.573620152669805,1,1
2023-05-30,6,1,0.5831615403081378,1,1
2023-05-31,6,1,0.5834982293892266,1,1
2023-06-01,6,1,0.5846616178158142,1,1
2023-06-02,6,1,0.5858493053994545,1,1
2023-06-03,6,1,0.5871872795523745,1,1
2023-06-04,6,1,0.5879956159374434,1,1
2023-06-05,6,1,0.5475678942162148,1,1
2023-06-06,6,1,0.5396319853947779,1,1
2023-06-07,6,1,0.5430726422643859,1,1
2023-06-08,6,1,0.5620661546697143,1,1
2023-06-09,6,1,0.5775899047043564,1,1
2023-06-10,6,1,0.5759758594596125,1,1
2023-06-11,6,1,0.5842099151030017,1,1
2023-06-12,6,1,0.5870181241990452,1,1
2023-06-13,6,1,0.5879374105908198,1,1
2023-06-14,6,1,0.5776344891825032,1,1
2023-06-15,6,1,0.5820936225917608,1,1
2023-06-16,6,1,0.5777058457543516,1,1
2023-06-17,6,1,0.584648174132474,1,1
2023-06-18,6,1,0.5867611231469193,1,1
2023-06-19,6,1,0.5858594019435237,1,1
2023-06-20,6,1,0.5453020331309449,1,1
2023-06-21,6,0,0.5394458797308058,1,1
2023-06-22,6,0,0.5572808527817997,1,1
2023-06-23,6,0,0.562776113451761,1,1
2023-06-24,6,0,0.577394527756063,1,1
2023-06-25,6,0,0.5846011717291997,1,1
2023-06-26,6,0,0.5867119469893746,1,1
2023-06-27,6,0,0.5870488137429155,1,1
2023-06-28,6,0,0.5846516807478883,1,1
2023-06-29,6,0,0.5865782668980866,1,1
2023-06-30,6,0,0.587811755394524,1,1
2023-07-01,6,0,0.5881636934903317,1,1
2023-07-02,6,0,0.5882756425844531,1,1
2023-07-03,6,0,0.5869948270666425,1,1
2023-07-04,6,0,0.5867661526870197,1,1
2023-07-05,6,0,0.5872498495020942,1,1
2023-07-06,6,0,0.5846775742588414,1,1
2023-07-07,6,0,0.586173249168392,1,1
2023-07-08,6,0,0.5876239495157057,1,1
2023-07-09,6,0,0.5879474661672415,1,1
2023-07-10,6,0,0.5880371346796319,1,1
2023-07-11,6,0,0.5881323768621965,1,1
2023-07-12,6,0,0.5878304758272754,1,1
2023-07-13,6,0,0.5762417369586863,1,1
2023-07-14,6,0,0.558621725275393,1,1
2023-07-15,6,0,0.5754866444816669,1,1
2023-07-16,6,0,0.5839176786576276,1,1
2023-07-17,6,0,0.5868109864067472,1,1
2023-07-18,6,0,0.5871243972397827,1,1
2023-07-19,6,0,0.587977680835729,1,1
2023-07-20,6,0,0.5880511047980571,1,1
2023-07-21,6,0,0.5882293737595401,1,1
2023-07-22,6,0,0.5880967116890107,1,1
2023-07-23,6,0,0.5879024839008351,1,1
2023-07-24,6,0,0.5780922072473753,1,1
2023-07-25,6,0,0.5850224846527571,1,1
2023-07-26,6,0,0.5873099599437434,1,1
2023-07-27,6,0,0.5877894421541815,1,1
2023-07-28,6,0,0.5881569595771049,1,1
2023-07-29,6,0,0.588275812413454,1,1
2023-07-30,6,0,0.5882079334769229,1,1
2023-07-31,6,0,0.5882357810933521,1,1
2023-08-01,6,0,0.5873786421601276,1,1
2023-08-02,6,0,0.5855427338117143,1,1
2023-08-03,6,0,0.5874980104250336,1,1
2023-08-04,6,0,0.5879336580691736,1,1
2023-08-05,6,0,0.5881693258459211,1,1
2023-08-06,6,0,0.5882636055424942,1,1
2023-08-07,6,0,0.5882718257968685,1,1
2023-08-08,6,0,0.5864084675496897,1,1
2023-08-09,6,0,0.5873267317941621,1,1
2023-08-10,6,0,0.5878265327384602,1,1
2023-08-11,6,0,0.5881384062175214,1,1
2023-08-12,6,0,0.5882643161896812,1,1
2023-08-13,6,0,0.5881108858812598,1,1
2023-08-14,6,0,0.5882392825146707,1,1
2023-08-15,6,0,0.5878031288140425,1,1
2023-08-16,6,0,0.5862156615356026,1,1
2023-08-17,6,0,0.5393605138792047,1,1
2023-08-18,6,1,0.5478876071851179,1,1
2023-08-19,6,1,0.5674121570435566,1,1
2023-08-20,6,1,0.5805039313762254,1,1
2023-08-21,6,1,0.585715990369148,1,1
2023-08-22,6,1,0.5873827793725744,1,1
2023-08-23,6,1,0.587041145250487,1,1
2023-08-24,6,1,0.5871198262746595,1,1
2023-08-25,6,1,0.5877674510054289,1,1
2023-08-26,6,1,0.5881077545385451,1,1
2023-08-27,6,1,0.5882573759669776,1,1
2023-08-28,6,1,0.5882986876916614,1,1
2023-08-29,6,0,0.5414599773410186,1,1
2023-08-30,6,0,0.554634166722023,1,1
2023-08-31,6,1,0.5403670506754784,1,1
2023-09-01,6,1,0.5581736543726816,1,1
2023-09-02,6,1,0.575377517024195,1,1
2023-09-03,6,1,0.5839618209547569,1,1
2023-09-04,6,1,0.5865849861143957,1,1
2023-09-05,6,1,0.5877633004634529,1,1
2023-09-06,6,1,0.5881211759135478,1,1
2023-09-07,6,1,0.5866235595296406,1,1
2023-09-08,6,1,0.5865020806957366,1,1
2023-09-09,6,1,0.5877642157746011,1,1
2023-09-10,6,1,0.588070448746774,1,1
2023-09-11,6,1,0.5818984502784114,1,1
2023-09-12,6,1,0.5797648972340745,1,1
2023-09-13,6,1,0.5839767012255914,1,1
2023-09-14,6,1,0.5863455343899614,1,1
2023-09-15,6,1,0.5877443694702666,1,1
2023-09-16,6,1,0.5881004848452844,1,1
2023-09-17,6,1,0.5882126288294238,1,1
2023-09-18,6,1,0.5881036038552201,1,1
2023-09-19,6,1,0.5870083056490597,1,1
2023-09-20,6,1,0.5878209552825459,1,1
2023-09-21,6,1,0.5845873682630588,1,1
2023-09-22,6,1,0.5871959003104528,1,1
2023-09-23,6,1,0.5879793506773049,1,1
2023-09-24,6,1,0.5871501397252781,1,1
2023-09-25,6,1,0.5879845748287287,1,1
2023-09-26,6,1,0.5881067632414588,1,1
2023-09-27,6,1,0.5882151726189858,1,1
2023-09-28,6,1,0.5845230712958931,1,1
2023-09-29,6,1,0.5869610834545708,1,1
2023-09-30,6,1,0.5879294776524877,1,1
2023-10-01,6,1,0.5738322161742582,1,1
2023-10-02,6,1,0.5790762575895528,1,1
2023-10-03,6,1,0.5851014566929309,1,1
2023-10-04,6,1,0.586509656137279,1,1
2023-10-05,6,1,0.5862237598367748,1,1
2023-10-06,6,1,0.585670286816169,1,1
2023-10-07,6,1,0.5875353834011537,1,1
2023-10-08,6,1,0.5880489238342134,1,1
2023-10-09,6,1,0.5870975729027534,1,1
2023-10-10,6,1,0.5875415429004105,1,1
2023-10-11,6,1,0.5851923186691143,1,1
2023-10-12,6,1,0.5871582127716396,1,1
2023-10-13,6,1,0.5879675810513844,1,1
2023-10-14,6,1,0.5882048954478434,1,1
2023-10-15,6,1,0.5878835500555518,1,1
2023-10-16,6,1,0.5530171151390059,1,1
2023-10-17,6,1,0.5711318977129637,1,1
2023-10-18,6,1,0.5819368603839616,1,1
2023-10-19,6,1,0.5852323910833958,1,1
2023-10-20,6,1,0.5761303643679838,1,1
2023-10-21,6,1,0.5839297988687248,1,1
2023-10-22,6,1,0.5870013105896502,1,1
2023-10-23,6,1,0.539243960304716,1,1
2023-10-24,6,1,0.5491726808293318,1,1
2023-10-25,6,1,0.5633005880923108,1,1
2023-10-26,6,1,0.5760181087132736,1,1
2023-10-27,6,1,0.5833669044031007,1,1
2023-10-28,6,1,0.5867489846681434,1,1
2023-10-29,6,1,0.5871500640941131,1,1
2023-10-30,6,1,0.5879396000428883,1,1
2023-10-31,7,1,0.5765879960983951,1,1
2023-11-01,7,1,0.5744059309226498,1,1
2023-11-02,7,1,0.5747835023912654,1,1
2023-11-03,7,1,0.5759497733570945,1,1
2023-11-04,7,1,0.5761857369219014,1,1
2023-11-05,7,1,0.57655666637367,1,1
2023-11-06,7,1,0.5766664138689658,1,1
2023-11-07,7,1,0.576287189375789,1,1
2023-11-08,7,1,0.5765162392856367,1,1
2023-11-09,7,1,0.5713366187681653,1,1
2023-11-10,7,1,0.5733553478341131,1,1
2023-11-11,7,1,0.5755793107859293,1,1
2023-11-12,7,1,0.5763574942384888,1,1
2023-11-13,7,1,0.5754332814999891,1,1
2023-11-14,7,1,0.5706143786249629,1,1
2023-11-15,7,1,0.5428500479155947,1,1
2023-11-16,7,1,0.5431261560650937,1,1
2023-11-17,7,1,0.5554779996544835,1,1
2023-11-18,7,1,0.5680673510168253,1,1
2023-11-19,7,1,0.569728708189255,1,1
2023-11-20,7,1,0.574592350414589,1,1
2023-11-21,7,1,0.5503386063249781,1,1
2023-11-22,7,1,0.5441731556000774,1,1
2023-11-23,7,1,0.5582163410809068,1,1
2023-11-24,7,1,0.5682592362019561,1,1
2023-11-25,7,1,0.5740833905308222,1,1
2023-11-26,7,1,0.5755082203321555,1,1
2023-11-27,7,1,0.5761654650511163,1,1
2023-11-28,7,1,0.5756600854094848,1,1
2023-11-29,7,1,0.5764279931140456,1,1
2023-11-30,7,1,0.5765445016833587,1,1
2023-12-01,7,1,0.5730390243219121,1,1
2023-12-02,7,1,0.573141173707459,1,1
2023-12-03,7,1,0.5749415107348002,1,1
2023-12-04,7,1,0.5476304148645093,1,1
2023-12-05,7,1,0.5432204734587504,1,1
2023-12-06,7,1,0.5562682665728667,1,1
2023-12-07,7,1,0.5666567614141456,1,1
2023-12-08,7,0,0.5697506622809294,1,1
2023-12-09,7,1,0.573680538909202,1,1
2023-12-10,7,1,0.5758593677291345,1,1
2023-12-11,7,1,0.5435148771341148,1,1
2023-12-12,7,1,0.5576279342517898,1,1
2023-12-13,7,0,0.552056987840965,1,1
2023-12-14,7,0,0.5657665223547963,1,1
2023-12-15,7,0,0.564062101339195,1,1
2023-12-16,7,1,0.5720787560449513,1,1
2023-12-17,7,1,0.5714846779140539,1,1
2023-12-18,7,1,0.5661823998374655,1,1
2023-12-19,7,0,0.5724949344951858,1,1
2023-12-20,7,0,0.5649232002544179,1,1
2023-12-21,7,0,0.5726820454633437,1,1
2023-12-22,7,0,0.5755416798183481,1,1
2023-12-23,7,0,0.5761838295708627,1,1
2023-12-24,7,0,0.5750334018953094,1,1
2023-12-25,7,0,0.5754709353060967,1,1
2023-12-26,7,0,0.5714755309064825,1,1
2023-12-27,7,0,0.5717934982904361,1,1
2023-12-28,7,0,0.572176095594194,1,1
2023-12-29,7,0,0.5742037864846747,1,1
2023-12-30,7,1,0.5760134390985493,1,1
2023-12-31,7,1,0.5765198057283829,1,1
2024-01-01,7,0,0.5541421712669677,1,1
2024-01-02,7,0,0.5628926486894796,1,1
2024-01-03,7,1,0.5446884332797594,1,1
2024-01-04,7,0,0.5477075397259726,1,1
2024-01-05,7,0,0.5622234827641648,1,1
2024-01-06,7,0,0.571368076236257,1,1
2024-01-07,7,0,0.5751136929309753,1,1
2024-01-08,7,0,0.5428233720452712,1,1
2024-01-09,7,0,0.5518267525808808,1,1
2024-01-10,7,1,0.5642676388135647,1,1
2024-01-11,7,1,0.5720924202737748,1,1
2024-01-12,7,1,0.5427315635515951,1,1
2024-01-13,7,1,0.5568639233147112,1,1
2024-01-14,7,1,0.5585695568208021,1,1
2024-01-15,7,1,0.5663584823367723,1,1
2024-01-16,7,1,0.5715283528938147,1,1
2024-01-17,7,1,0.5744467790046567,1,1
2024-01-18,7,1,0.5620126566556077,1,1
2024-01-19,7,1,0.5709497130538232,1,1
2024-01-20,7,1,0.5750090561297134,1,1
2024-01-21,7,1,0.5761728149943398,1,1
2024-01-22,7,1,0.5472028146923212,1,1
2024-01-23,7,1,0.5608919759139349,1,1
2024-01-24,7,1,0.570790876551042,1,1
2024-01-25,7,1,0.5748105924227696,1,1
2024-01-26,7,1,0.5501465005796689,1,1
2024-01-27,7,1,0.5637752494519415,1,1
2024-01-28,7,1,0.5722323545745822,1,1
2024-01-29,7,1,0.5673362471174608,1,1
2024-01-30,7,1,0.5730739139482178,1,1
2024-01-31,7,1,0.5751366768760601,1,1
2024-02-01,7,1,0.5757855456424733,1,1
2024-02-02,7,1,0.5764567591099912,1,1
2024-02-03,7,1,0.5765266182190669,1,1
2024-02-04,7,1,0.5762106341159923,1,1
2024-02-05,7,1,0.5765798548027231,1,1
2024-02-06,7,1,0.5763875550050379,1,1
2024-02-07,7,1,0.5715183757549942,1,1
2024-02-08,7,1,0.5716023201912493,1,1
2024-02-09,7,1,0.5548206743700214,1,1
2024-02-10,7,1,0.5655335218953198,1,1
2024-02-11,7,1,0.5721665103090957,1,1
2024-02-12,7,1,0.5627602737314557,1,1
2024-02-13,7,1,0.5715718388125257,1,1
2024-02-14,7,1,0.5534481676261763,1,1
2024-02-15,7,1,0.5667818818935322,1,1
2024-02-16,7,1,0.5734658280180173,1,1
2024-02-17,7,1,0.5751622621069751,1,1
2024-02-18,7,1,0.5760279310730716,1,1
2024-02-19,7,1,0.5762854204259249,1,1
2024-02-20,7,1,0.5763127904376056,1,1
2024-02-21,7,1,0.576228759239047,1,1
2024-02-22,7,1,0.5760316420460722,1,1
2024-02-23,7,1,0.5758651316622351,1,1
2024-02-24,7,1,0.5753733198387214,1,1
2024-02-25,7,1,0.576333321827328,1,1
2024-02-26,7,1,0.5457384511084831,1,1
2024-02-27,7,1,0.5434082314746074,1,1
2024-02-28,7,1,0.5427259777983111,1,1
2024-02-29,7,1,0.550176024416031,1,1
2024-03-01,7,1,0.558352410142612,1,1
2024-03-02,7,1,0.5689604576200306,1,1
2024-03-03,7,1,0.5717679699775146,1,1
2024-03-04,7,0,0.5427279185829466,1,1
2024-03-05,7,1,0.5427308094102743,1,1
2024-03-06,7,1,0.5449878827364105,1,1
2024-03-07,7,1,0.5574873711019689,1,1
2024-03-08,7,1,0.5637339378351697,1,1
2024-03-09,7,1,0.5722887215068887,1,1
2024-03-10,7,1,0.5752018078002865,1,1
2024-03-11,7,0,0.5528668355319989,1,1
2024-03-12,7,0,0.5648061997951436,1,1
2024-03-13,7,0,0.5674172520223383,1,1
2024-03-14,7,0,0.5670867323766183,1,1
2024-03-15,7,0,0.5627834455027195,1,1
2024-03-16,7,0,0.542908801422967,1,1
2024-03-17,7,0,0.5431968142214336,1,1
2024-03-18,7,0,0.5546252332743054,1,1
2024-03-19,7,1,0.5427261045504357,1,1
2024-03-20,7,0,0.5427259766789224,1,1
2024-03-21,7,0,0.5444903147125646,1,1
2024-03-22,7,1,0.5488364459491273,1,1
2024-03-23,7,1,0.5631021478956006,1,1
2024-03-24,7,0,0.5446687950207982,1,1
2024-03-25,7,0,0.5443576017789733,1,1
2024-03-26,7,0,0.5588327612531001,1,1
2024-03-27,7,0,0.5690050199972316,1,1
2024-03-28,7,0,0.5717079949634433,1,1
2024-03-29,7,0,0.5740823846208122,1,1
2024-03-30,7,0,0.5758692237886738,1,1
2024-03-31,7,0,0.5732912182661529,1,1
2024-04-01,7,0,0.5711631356893608,1,1
2024-04-02,7,0,0.5429587580612386,1,1
2024-04-03,7,0,0.5564145322549837,1,1
2024-04-04,7,0,0.5486938270910252,1,1
2024-04-05,7,0,0.5611321356876766,1,1
2024-04-06,7,0,0.5685866786813392,1,1
2024-04-07,7,0,0.5739734201469168,1,1
2024-04-08,7,0,0.5662566204360422,1,1
2024-04-09,7,0,0.5548651582649968,1,1
2024-04-10,7,0,0.5615778770423521,1,1
2024-04-11,7,0,0.5704981956179039,1,1
2024-04-12,7,0,0.5511731996068048,1,1
2024-04-13,7,0,0.5431534027636203,1,1
2024-04-14,7,0,0.5473369451634629,1,1
2024-04-15,7,1,0.5459094760252461,1,1
2024-04-16,7,1,0.5601211188028908,1,1
2024-04-17,7,1,0.5474933752225704,1,1
2024-04-18,7,1,0.5464241898316528,1,1
2024-04-19,7,1,0.5607705387837763,1,1
2024-04-20,7,1,0.5673085837632654,1,1
2024-04-21,7,1,0.5737000285688296,1,1
2024-04-22,7,1,0.568815801513804,1,1
2024-04-23,7,1,0.5738439497360206,1,1
2024-04-24,7,1,0.564301719453995,1,1
2024-04-25,7,1,0.5725194981835635,1,1
2024-04-26,7,1,0.5745509888467992,1,1
2024-04-27,7,1,0.5759182246139672,1,1
2024-04-28,7,1,0.576354668856745,1,1
2024-04-29,7,1,0.5761919374261342,1,1
2024-04-30,7,1,0.546439852427364,1,1
2024-05-01,7,1,0.5444019103653268,1,1
2024-05-02,7,1,0.5558623266156786,1,1
2024-05-03,7,1,0.5427876225412409,1,1
2024-05-04,7,1,0.5536835266759428,1,1
2024-05-05,7,1,0.5669392021097309,1,1
2024-05-06,7,1,0.5715419538443375,1,1
2024-05-07,7,1,0.573789089491689,1,1
2024-05-08,7,1,0.5733684522548582,1,1
2024-05-09,7,1,0.5677513294630395,1,1
2024-05-10,7,1,0.5547993804620959,1,1
2024-05-11,7,1,0.5676570753782221,1,1
2024-05-12,7,1,0.5731111446401915,1,1
2024-05-13,7,1,0.571876035633337,1,1
2024-05-14,7,1,0.5710097609024729,1,1
2024-05-15,7,0,0.5427339813666726,1,1
2024-05-16,7,1,0.5526933404385896,1,1
2024-05-17,7,0,0.5547615437938092,1,1
2024-05-18,7,0,0.5675355856932205,1,1
2024-05-19,7,0,0.572768480817288,1,1
2024-05-20,7,0,0.5427324120331967,1,1
2024-05-21,7,0,0.5514156932352039,1,1
2024-05-22,7,0,0.5613368286900742,1,1
2024-05-23,7,0,0.5668018343668234,1,1
2024-05-24,7,0,0.5730606312511595,1,1
2024-05-25,7,0,0.5751611644097185,1,1
2024-05-26,7,0,0.5756036149394642,1,1
2024-05-27,7,0,0.5758117725424065,1,1
2024-05-28,7,0,0.575021774389858,1,1
2024-05-29,7,0,0.5755898167844037,1,1
2024-05-30,7,0,0.5759304993202248,1,1
2024-05-31,7,0,0.5756121023909011,1,1
2024-06-01,7,0,0.5763998218920249,1,1
2024-06-02,7,0,0.5766314632848013,1,1
2024-06-03,7,0,0.5758274617954565,1,1
2024-06-04,7,0,0.5726768943446303,1,1
2024-06-05,7,0,0.5753513484902399,1,1
2024-06-06,7,0,0.5761995832614045,1,1
2024-06-07,7,0,0.5741262296530865,1,1
2024-06-08,7,0,0.5759764753066936,1,1
2024-06-09,7,0,0.5764626452306771,1,1
2024-06-10,7,0,0.5766129372408593,1,1
2024-06-11,7,0,0.5678662008097791,1,1
2024-06-12,7,0,0.57265733343703,1,1
2024-06-13,7,0,0.571334697637181,1,1
2024-06-14,7,0,0.5741006719613693,1,1
2024-06-15,7,0,0.5759726221889658,1,1
2024-06-16,7,0,0.5763936215637055,1,1
2024-06-17,7,0,0.576586858807843,1,1
2024-06-18,7,0,0.5742421762763659,1,1
2024-06-19,7,1,0.5759499686507541,1,1
2024-06-20,7,1,0.5764683148014951,1,1
2024-06-21,7,1,0.5760028714313786,1,1
2024-06-22,7,1,0.5765181652225151,1,1
2024-06-23,7,1,0.5751528999008712,1,1
2024-06-24,7,1,0.5491875446135737,1,1
2024-06-25,7,1,0.5541657283724287,1,1
2024-06-26,7,1,0.5625703394998887,1,1
2024-06-27,7,1,0.5702349520956288,1,1
2024-06-28,7,1,0.5703049896310521,1,1
2024-06-29,7,1,0.5743380610697363,1,1
2024-06-30,7,1,0.5693495981612707,1,1
2024-07-01,7,1,0.5744553044142658,1,1
2024-07-02,7,1,0.5749901181859621,1,1
2024-07-03,7,1,0.5675570593143762,1,1
2024-07-04,7,1,0.5436414421819551,1,1
2024-07-05,7,1,0.5572716436509133,1,1
2024-07-06,7,0,0.5570168513935203,1,1
2024-07-07,7,1,0.5454619605218534,1,1
2024-07-08,7,0,0.5567800020845325,1,1
2024-07-09,7,1,0.5615581997182806,1,1
2024-07-10,7,1,0.5709702551065141,1,1
2024-07-11,7,1,0.5745892621487995,1,1
2024-07-12,7,1,0.5757859282312893,1,1
2024-07-13,7,1,0.5737000638171214,1,1
2024-07-14,7,0,0.570906283763479,1,1
2024-07-15,7,0,0.5428207078088754,1,1
2024-07-16,7,0,0.5569271050264603,1,1
2024-07-17,7,0,0.5651031832583279,1,1
2024-07-18,7,0,0.5727750345744614,1,1
2024-07-19,7,0,0.5533875900627604,1,1
2024-07-20,7,0,0.5662862726957536,1,1
2024-07-21,7,0,0.5716021405673238,1,1
2024-07-22,7,0,0.5746421636953694,1,1
2024-07-23,7,0,0.5711737358934053,1,1
2024-07-24,7,0,0.574474930852282,1,1
2024-07-25,7,0,0.5759775560774796,1,1
2024-07-26,7,0,0.5684076699398859,1,1
2024-07-27,7,0,0.57408816713606,1,1
2024-07-28,7,0,0.5758437197352817,1,1
2024-07-29,7,0,0.5735695856566521,1,1
2024-07-30,7,0,0.5752330469076795,1,1
2024-07-31,7,0,0.5719332480597957,1,1
2024-08-01,7,0,0.5746786245623777,1,1
2024-08-02,7,0,0.5431270772239698,1,1
2024-08-03,7,0,0.5546835763386855,1,1
2024-08-04,7,0,0.5449703686378591,1,1
2024-08-05,7,1,0.5427278936703223,1,1
2024-08-06,7,1,0.5445522083872153,1,1
2024-08-07,7,0,0.553350649505111,1,1
2024-08-08,7,0,0.5427259757637438,1,1
2024-08-09,7,0,0.5536329382255852,1,1
2024-08-10,7,0,0.5669189852575047,1,1
2024-08-11,7,0,0.5534473202205012,1,1
2024-08-12,7,0,0.5653892611600972,1,1
2024-08-13,7,0,0.5685133259057915,1,1
2024-08-14,7,1,0.5608631757758347,1,1
2024-08-15,7,1,0.5647864857022565,1,1
2024-08-16,7,1,0.5669245763285569,1,1
2024-08-17,7,0,0.5729436629450897,1,1
2024-08-18,7,1,0.5734733123715566,1,1
2024-08-19,7,1,0.5742236340897443,1,1
2024-08-20,7,1,0.5755885731165867,1,1
2024-08-21,7,1,0.5637677436085436,1,1
2024-08-22,7,1,0.5701212826656473,1,1
2024-08-23,7,0,0.5430570754788154,1,1
2024-08-24,7,0,0.5573047535578979,1,1
2024-08-25,7,0,0.5691512338803055,1,1
2024-08-26,7,1,0.5685960123517306,1,1
2024-08-27,7,1,0.5436183014531035,1,1
2024-08-28,7,1,0.5566119443133166,1,1
2024-08-29,7,1,0.5684506379918774,1,1
2024-08-30,7,1,0.5739065465416724,1,1
2024-08-31,7,1,0.5758581400767135,1,1
2024-09-01,7,1,0.569976547360741,1,1
2024-09-02,7,1,0.5642622358768493,1,1
2024-09-03,7,1,0.5601411221413058,1,1
2024-09-04,7,1,0.5698564435704788,1,1
2024-09-05,7,1,0.5615919135409462,1,1
2024-09-06,7,1,0.5482379106846472,1,1
2024-09-07,7,1,0.5626583830933682,1,1
2024-09-08,7,1,0.5703046259113955,1,1
2024-09-09,7,1,0.5549982842243809,1,1
2024-09-10,7,1,0.5663914027078036,1,1
2024-09-11,7,1,0.5730249648559439,1,1
2024-09-12,7,1,0.5747510309712903,1,1
2024-09-13,7,1,0.5560550146980301,1,1
2024-09-14,7,1,0.5668568251174675,1,1
2024-09-15,7,1,0.5714599108887222,1,1
2024-09-16,7,1,0.5727420244691314,1,1
2024-09-17,7,1,0.5611358479695183,1,1
2024-09-18,7,1,0.565128334624281,1,1
2024-09-19,7,1,0.5684671750983961,1,1
2024-09-20,7,1,0.5741044647903362,1,1
2024-09-21,7,1,0.5759659967756531,1,1
2024-09-22,7,1,0.5764835574458584,1,1
2024-09-23,7,1,0.576510100589063,1,1
2024-09-24,7,1,0.5758094066490598,1,1
2024-09-25,7,1,0.5744986932795648,1,1
2024-09-26,7,1,0.5671537282312504,1,1
2024-09-27,7,1,0.5731249165488465,1,1
2024-09-28,7,1,0.5756923453243328,1,1
2024-09-29,7,1,0.5763343699255227,1,1
2024-09-30,7,1,0.5635595266085721,1,1
2024-10-01,7,1,0.5490341452445608,1,1
2024-10-02,7,1,0.5630997974743099,1,1
2024-10-03,7,1,0.5720351113774667,1,1
2024-10-04,7,1,0.5721736732510747,1,1
2024-10-05,7,1,0.5753958892602288,1,1
2024-10-06,7,1,0.575855947291962,1,1
2024-10-07,7,1,0.5760129306547126,1,1
2024-10-08,7,1,0.5764942189555465,1,1
2024-10-09,7,1,0.5722904218651035,1,1
2024-10-10,7,1,0.5752094444041849,1,1
2024-10-11,7,1,0.5640670680126674,1,1
2024-10-12,7,1,0.5712631779426475,1,1
2024-10-13,7,1,0.5748366286571085,1,1
2024-10-14,7,1,0.5470204150108741,1,1
2024-10-15,7,1,0.5584202681345847,1,1
2024-10-16,7,1,0.5690953311464002,1,1
2024-10-17,7,1,0.5742468502731698,1,1
2024-10-18,7,1,0.5749797563348069,1,1
2024-10-19,7,1,0.57621943454344,1,1
2024-10-20,7,1,0.5763218933570498,1,1
2024-10-21,7,1,0.5727847420746425,1,1
2024-10-22,7,1,0.5755799152654868,1,1
2024-10-23,7,1,0.5753137143227609,1,1
2024-10-24,7,1,0.5721411371762767,1,1
2024-10-25,7,1,0.5707343843682832,1,1
2024-10-26,7,1,0.5748165027050118,1,1
2024-10-27,7,1,0.5754239450180387,1,1
2024-10-28,7,1,0.5704341697294179,1,1
2024-10-29,7,1,0.5544953592712902,1,1
2024-10-30,7,1,0.5668759391037189,1,1
2024-10-31,7,1,0.5611742817400038,1,1
2024-11-01,7,1,0.5695465371233849,1,1
2024-11-02,7,1,0.5744287270777765,1,1
2024-11-03,7,1,0.5756730053484078,1,1
2024-11-04,7,1,0.5753963058250035,1,1
2024-11-05,7,1,0.573545512337231,1,1
2024-11-06,7,1,0.5427261210283518,1,1
2024-11-07,7,1,0.5568071754610253,1,1
2024-11-08,7,1,0.568177735486862,1,1
2024-11-09,7,1,0.5740335983924227,1,1
2024-11-10,7,1,0.5487285783662101,1,1
2024-11-11,7,1,0.5427259760290378,1,1
2024-11-12,7,1,0.5554403909020115,1,1
2024-11-13,7,1,0.5549720760130724,1,1
2024-11-14,7,1,0.5475663798405602,1,1
2024-11-15,7,1,0.5441247731386906,1,1
2024-11-16,7,1,0.557820539608864,1,1
2024-11-17,7,1,0.568359726970707,1,1
2024-11-18,7,1,0.5737954832802161,1,1
2024-11-19,7,1,0.5736694730835918,1,1
2024-11-20,7,1,0.5730335712720709,1,1
2024-11-21,7,0,0.5520213311591453,1,1
2024-11-22,7,0,0.5655736099939987,1,1
2024-11-23,7,0,0.5712520204123913,1,1
2024-11-24,7,1,0.575098418228894,1,1
2024-11-25,7,1,0.5460395894904365,1,1
2024-11-26,7,1,0.5577523550242471,1,1
2024-11-27,7,0,0.54620924764951,1,1
2024-11-28,7,0,0.5604908924737839,1,1
2024-11-29,7,0,0.5666832608836787,1,1
2024-11-30,7,0,0.5722848756679385,1,1
2024-12-01,7,0,0.5751174187024163,1,1
2024-12-02,7,0,0.5749880913084291,1,1
2024-12-03,7,1,0.5762395265732951,1,1
2024-12-04,7,0,0.5712896597205745,1,1
2024-12-05,7,1,0.5703309639689806,1,1
2024-12-06,7,0,0.56114726260486,1,1
2024-12-07,7,1,0.5711372101680204,1,1
2024-12-08,7,0,0.5741056946863027,1,1
2024-12-09,7,0,0.5580130698244328,1,1
2024-12-10,7,0,0.5684963951281725,1,1
2024-12-11,7,0,0.5474565900059525,1,1
2024-12-12,7,0,0.5594674783119564,1,1
2024-12-13,7,0,0.5681569701553061,1,1
2024-12-14,7,0,0.5740191344246321,1,1
2024-12-15,7,0,0.5694897806072828,1,1
2024-12-16,7,0,0.5725911432530112,1,1
2024-12-17,7,0,0.5755294499340855,1,1
2024-12-18,7,1,0.543561108209562,1,1
2024-12-19,7,1,0.5485596190908427,1,1
2024-12-20,7,1,0.5629953445492079,1,1
2024-12-21,7,1,0.5715349934208059,1,1
2024-12-22,7,1,0.5706062814694396,1,1
2024-12-23,7,1,0.5746906972187381,1,1
2024-12-24,7,1,0.5558834339084272,1,1
2024-12-25,7,1,0.5679839226824795,1,1
2024-12-26,7,1,0.5555406575112115,1,1
2024-12-27,7,1,0.5630194377521207,1,1
2024-12-28,7,1,0.5710637131318701,1,1
2024-12-29,7,1,0.5723915697619941,1,1
2024-12-30,7,1,0.5747792717974367,1,1
2024-12-31,7,1,0.5759376415693749,1,1
2025-01-01,7,1,0.5761391906972142,1,1
2025-01-02,7,1,0.5726519503732462,1,1
2025-01-03,7,0,0.574777440403102,1,1
2025-01-04,7,1,0.5761795002087852,1,1
2025-01-05,7,0,0.576571803360069,1,1
2025-01-06,7,0,0.5629911000960655,1,1
2025-01-07,7,0,0.5437707257822257,1,1
2025-01-08,7,1,0.5518735843925522,1,1
2025-01-09,7,1,0.5530664120297921,1,1
2025-01-10,7,1,0.5580899998927521,1,1
2025-01-11,7,1,0.5695142418486456,1,1
2025-01-12,7,1,0.5744999896058429,1,1
2025-01-13,7,1,0.5760958179415641,1,1
2025-01-14,7,1,0.5743959551111798,1,1
2025-01-15,7,0,0.5568701794699146,1,1
2025-01-16,7,0,0.56789785642534,1,1
2025-01-17,7,0,0.5468281715560384,1,1
2025-01-18,7,0,0.5613843633103504,1,1
2025-01-19,7,0,0.5547858043727227,1,1
2025-01-20,7,0,0.5667469078927674,1,1
2025-01-21,7,0,0.5517842275349091,1,1
2025-01-22,7,0,0.5556631292052224,1,1
2025-01-23,7,0,0.5681698363790078,1,1
2025-01-24,7,0,0.5736673638481258,1,1
2025-01-25,7,0,0.57583122037328,1,1
2025-01-26,7,0,0.5741116980654357,1,1
2025-01-27,7,0,0.5757462050431829,1,1
2025-01-28,7,0,0.5761407698574411,1,1
2025-01-29,7,0,0.573768572554584,1,1
2025-01-30,7,0,0.5754911935426428,1,1
2025-01-31,7,0,0.5728766815853019,1,1
2025-02-01,7,0,0.57333301392355,1,1
2025-02-02,7,0,0.5664238301254482,1,1
2025-02-03,7,0,0.5541004519628729,1,1
2025-02-04,7,0,0.5484554540770227,1,1
2025-02-05,7,0,0.5596443964862761,1,1
2025-02-06,7,0,0.570391832606878,1,1
2025-02-07,7,0,0.5748023868602268,1,1
2025-02-08,7,0,0.5761739836422343,1,1
2025-02-09,7,0,0.5765669127906036,1,1
2025-02-10,7,0,0.5764026187414116,1,1
2025-02-11,7,0,0.574951229522008,1,1
2025-02-12,7,0,0.5734731725097458,1,1
2025-02-13,7,0,0.5746342514263054,1,1
2025-02-14,7,0,0.575841990336079,1,1
2025-02-15,7,0,0.5764785665356447,1,1
2025-02-16,7,0,0.5755690278540919,1,1
2025-02-17,8,0,0.5774051030988214,1,1
2025-02-18,8,0,0.5864069304389821,1,1
2025-02-19,8,0,0.589099117950589,1,1
2025-02-20,8,0,0.5891176749755569,1,1
2025-02-21,8,0,0.5867652464716707,1,1
2025-02-22,8,0,0.5897306905344901,1,1
2025-02-23,8,0,0.590554264261529,1,1
2025-02-24,8,0,0.5591905586016459,1,1
2025-02-25,8,0,0.56197400746649,1,1
2025-02-26,8,1,0.5536526086523385,1,1
2025-02-27,8,0,0.5712852974158857,1,1
2025-02-28,8,0,0.5835095612825696,1,1
2025-03-01,8,0,0.5860777609883842,1,1
2025-03-02,8,0,0.5526567911390237,1,1
2025-03-03,8,0,0.5526566661986037,1,1
2025-03-04,8,0,0.5680784977492989,1,1
2025-03-05,8,0,0.5612398218299117,1,1
2025-03-06,8,0,0.5766934634499964,1,1
2025-03-07,8,0,0.5661038031708238,1,1
2025-03-08,8,0,0.5801080275677706,1,1
2025-03-09,8,0,0.5528608835840562,1,1
2025-03-10,8,1,0.5604434204143799,1,1
2025-03-11,8,0,0.5532216304690658,1,1
2025-03-12,8,0,0.5696743243496031,1,1
2025-03-13,8,1,0.5660279358973439,1,1
2025-03-14,8,0,0.5629330560497046,1,1
2025-03-15,8,1,0.5789561495009654,1,1
2025-03-16,8,1,0.5815905627146715,1,1
2025-03-17,8,0,0.5856903226799312,1,1
2025-03-18,8,1,0.5872829487668699,1,1
2025-03-19,8,0,0.5604420371919627,1,1
2025-03-20,8,1,0.5614989693543041,1,1
2025-03-21,8,1,0.5779648141530302,1,1
2025-03-22,8,1,0.5866261675407398,1,1
2025-03-23,8,1,0.5847230411478953,1,1
2025-03-24,8,1,0.5874896564464935,1,1
2025-03-25,8,1,0.5899856494797011,1,1
2025-03-26,8,1,0.5904459102989711,1,1
2025-03-27,8,1,0.5908290447637284,1,1
2025-03-28,8,1,0.581607772924037,1,1
2025-03-29,8,1,0.5832185388468867,1,1
2025-03-30,8,1,0.5885145396492044,1,1
2025-03-31,8,1,0.5902941615998749,1,1
2025-04-01,8,1,0.5840549899337113,1,1
2025-04-02,8,1,0.5763847643787448,1,1
2025-04-03,8,1,0.5857840979268957,1,1
2025-04-04,8,1,0.5891611788244056,1,1
2025-04-05,8,1,0.5903492276543648,1,1
2025-04-06,8,1,0.5532958620254235,1,1
2025-04-07,8,1,0.5688735730590853,1,1
2025-04-08,8,1,0.5604756126091948,1,1
2025-04-09,8,1,0.5526579357659146,1,1
2025-04-10,8,1,0.5557003072982507,1,1
2025-04-11,8,1,0.553961132492811,1,1
2025-04-12,8,1,0.5648337697156071,1,1
2025-04-13,8,1,0.5738441000672783,1,1
2025-04-14,8,1,0.5841948131510265,1,1
2025-04-15,8,1,0.5880180453091984,1,1
2025-04-16,8,1,0.5901167373931242,1,1
2025-04-17,8,1,0.5904295047221123,1,1
2025-04-18,8,1,0.5906573073135761,1,1
2025-04-19,8,1,0.5907702732496322,1,1
2025-04-20,8,1,0.590927941976771,1,1
2025-04-21,8,1,0.5869475836435922,1,1
2025-04-22,8,1,0.5529951158458364,1,1
2025-04-23,8,1,0.5706994912879602,1,1
2025-04-24,8,1,0.5835547830116619,1,1
2025-04-25,8,1,0.58846201712227,1,1
2025-04-26,8,1,0.5902613088488254,1,1
2025-04-27,8,1,0.5902864391694725,1,1
2025-04-28,8,1,0.590225501691372,1,1
2025-04-29,8,1,0.5904616478099904,1,1
2025-04-30,8,1,0.5908240411486028,1,1
2025-05-01,8,1,0.5881713507616825,1,1
2025-05-02,8,1,0.5901626057122211,1,1
2025-05-03,8,1,0.5901376085573374,1,1
2025-05-04,8,1,0.589166572113534,1,1
2025-05-05,8,1,0.5904436812590823,1,1
2025-05-06,8,1,0.5887504404108904,1,1
2025-05-07,8,1,0.5903638272651308,1,1
2025-05-08,8,1,0.5536850079018217,1,1
2025-05-09,8,1,0.5711658967009734,1,1
2025-05-10,8,1,0.5807522000363505,1,1
2025-05-11,8,1,0.5874059721407473,1,1
2025-05-12,8,1,0.588870262111227,1,1
2025-05-13,8,1,0.5897320548790276,1,1
2025-05-14,8,1,0.5904018968928346,1,1
2025-05-15,8,1,0.5908270717041931,1,1
2025-05-16,8,1,0.5908857902037556,1,1
2025-05-17,8,1,0.5908889563238212,1,1
2025-05-18,8,0,0.5846820132942036,1,1
2025-05-19,8,0,0.5885705104426947,1,1
2025-05-20,8,0,0.589855081990584,1,1
2025-05-21,8,0,0.5864869135142929,1,1
2025-05-22,8,0,0.5878895429203107,1,1
2025-05-23,8,0,0.5704463518942089,1,1
2025-05-24,8,0,0.5833175166041609,1,1
2025-05-25,8,0,0.5879741504642587,1,1
2025-05-26,8,0,0.5901197880510206,1,1
2025-05-27,8,0,0.5906265175367087,1,1
2025-05-28,8,0,0.5902439384296795,1,1
2025-05-29,8,1,0.58826986525678,1,1
2025-05-30,8,1,0.5885723766295071,1,1
2025-05-31,8,1,0.5902159042348841,1,1
2025-06-01,8,1,0.5905013675675396,1,1
2025-06-02,8,1,0.590853334197329,1,1
2025-06-03,8,1,0.5908279703338013,1,1
2025-06-04,8,1,0.5906899838943676,1,1
2025-06-05,8,1,0.5833900424621669,1,1
2025-06-06,8,1,0.5818680007265706,1,1
2025-06-07,8,1,0.5873861299232228,1,1
2025-06-08,8,1,0.5899709156716477,1,1
2025-06-09,8,1,0.5722474229872649,1,1
2025-06-10,8,1,0.584281593456784,1,1
2025-06-11,8,1,0.5871900789461661,1,1
2025-06-12,8,1,0.5840090915540457,1,1
2025-06-13,8,1,0.5889234165603915,1,1
2025-06-14,8,1,0.5901717675640493,1,1
2025-06-15,8,1,0.590762967546475,1,1
2025-06-16,8,1,0.5905028142195203,1,1
2025-06-17,8,1,0.5882400662323046,1,1
2025-06-18,8,1,0.5902139420014768,1,1
2025-06-19,8,1,0.5907316717587897,1,1
2025-06-20,8,1,0.589995167886917,1,1
2025-06-21,8,1,0.5901182604437682,1,1
2025-06-22,8,1,0.5898755745180492,1,1
2025-06-23,8,1,0.568120218023274,1,1
2025-06-24,8,1,0.5821110586728133,1,1
2025-06-25,8,1,0.5873645726206467,1,1
2025-06-26,8,1,0.5898250346065657,1,1
2025-06-27,8,1,0.5906690960305706,1,1
2025-06-28,8,1,0.5908985753175657,1,1
2025-06-29,8,1,0.5906945346020122,1,1
2025-06-30,8,1,0.5901961117050354,1,1
2025-07-01,8,1,0.589754642837921,1,1
2025-07-02,8,1,0.584850391429521,1,1
2025-07-03,8,1,0.5889882748022452,1,1
2025-07-04,8,1,0.5890517045769293,1,1
2025-07-05,8,1,0.5904524398293353,1,1
2025-07-06,8,1,0.5906020110909044,1,1
2025-07-07,8,1,0.5904780102332775,1,1
2025-07-08,8,1,0.5907699113854632,1,1
2025-07-09,8,1,0.588871276106522,1,1
2025-07-10,8,1,0.5719470086732587,1,1
2025-07-11,8,1,0.5824953537690443,1,1
2025-07-12,8,1,0.5883865724930517,1,1
2025-07-13,8,1,0.5894098030940286,1,1
2025-07-14,8,1,0.5904600872391997,1,1
2025-07-15,8,1,0.5891131406584837,1,1
2025-07-16,8,0,0.590270742219875,1,1
2025-07-17,8,0,0.5907531430532998,1,1
2025-07-18,8,0,0.5903039354122795,1,1
2025-07-19,8,0,0.5907854646520987,1,1
2025-07-20,8,0,0.5907507924267492,1,1
2025-07-21,8,0,0.5909224625640964,1,1
2025-07-22,8,0,0.5889558872268923,1,1
2025-07-23,8,0,0.5897482487190732,1,1
2025-07-24,8,0,0.590554850834228,1,1
2025-07-25,8,0,0.5906385635743445,1,1
2025-07-26,8,0,0.5908873263119975,1,1
2025-07-27,8,0,0.5904553502144902,1,1
2025-07-28,8,0,0.5899488249059359,1,1
2025-07-29,8,0,0.5906946053594667,1,1
2025-07-30,8,0,0.5908886559374168,1,1
2025-07-31,8,0,0.5892338405923742,1,1
2025-08-01,8,0,0.5873902795996887,1,1
2025-08-02,8,0,0.5895928480708281,1,1
2025-08-03,8,0,0.5897388623492947,1,1
2025-08-04,8,0,0.5904947383452687,1,1
2025-08-05,8,0,0.5904825605549123,1,1
2025-08-06,8,0,0.5906957472898106,1,1
2025-08-07,8,0,0.5889264765868577,1,1
2025-08-08,8,0,0.5900938383574589,1,1
2025-08-09,8,0,0.5907055019885857,1,1
2025-08-10,8,0,0.588162871896146,1,1
2025-08-11,8,0,0.5900059954545674,1,1
2025-08-12,8,0,0.5902287725306625,1,1
2025-08-13,8,0,0.5870130616522267,1,1
2025-08-14,8,0,0.5681077110559644,1,1
2025-08-15,8,0,0.5809638506585573,1,1
2025-08-16,8,0,0.5878838446067198,1,1
2025-08-17,8,0,0.5901015792278661,1,1
2025-08-18,8,1,0.5901494365572786,1,1
2025-08-19,8,1,0.5834578167044109,1,1
2025-08-20,8,1,0.5878224583378094,1,1
2025-08-21,8,1,0.5882108343816377,1,1
2025-08-22,8,0,0.5741678331419362,1,1
2025-08-23,8,0,0.5828024095583911,1,1
2025-08-24,8,0,0.585765793495522,1,1
2025-08-25,8,1,0.5798732571375496,1,1
2025-08-26,8,0,0.5857744682445957,1,1
2025-08-27,8,0,0.5892228579340166,1,1
2025-08-28,8,0,0.5899992791768909,1,1
2025-08-29,8,1,0.5759955059906468,1,1
2025-08-30,8,1,0.5859306013345909,1,1
2025-08-31,8,1,0.5892693298569732,1,1
2025-09-01,8,1,0.5902367789460596,1,1
2025-09-02,8,1,0.5895186687727462,1,1
2025-09-03,8,1,0.590540661588116,1,1
2025-09-04,8,1,0.5904218469494958,1,1
2025-09-05,8,1,0.5908159448872022,1,1
2025-09-06,8,1,0.5908338642539261,1,1
2025-09-07,8,1,0.5907554549945804,1,1
2025-09-08,8,1,0.5907556919589589,1,1
2025-09-09,8,1,0.5907729748736196,1,1
2025-09-10,8,0,0.5888909415863276,1,1
2025-09-11,8,0,0.5896848422417177,1,1
2025-09-12,8,0,0.5905749240468551,1,1
2025-09-13,8,0,0.5908458310770242,1,1
2025-09-14,8,0,0.590805708301079,1,1
2025-09-15,8,0,0.5909326874119813,1,1
2025-09-16,8,0,0.5905277140435105,1,1
2025-09-17,8,0,0.5907778874708347,1,1
2025-09-18,8,0,0.5908624587805915,1,1
2025-09-19,8,0,0.5901488243484243,1,1
2025-09-20,8,0,0.5907531159927164,1,1
2025-09-21,8,0,0.5908265277521848,1,1
2025-09-22,8,0,0.5878613054823549,1,1
2025-09-23,8,0,0.5897881863015237,1,1
2025-09-24,8,0,0.5901986664641156,1,1
2025-09-25,8,1,0.5749207803021855,1,1
2025-09-26,8,1,0.5853028047022255,1,1
2025-09-27,8,1,0.5893182773354838,1,1
2025-09-28,8,1,0.5880401738244703,1,1
2025-09-29,8,0,0.588007552499159,1,1
2025-09-30,8,0,0.5900557429074125,1,1
2025-10-01,8,0,0.5753420398489226,1,1
2025-10-02,8,0,0.5829184287808995,1,1
2025-10-03,8,0,0.5875492077767286,1,1
2025-10-04,8,0,0.5900191016656833,1,1
2025-10-05,8,0,0.5904962368279628,1,1
2025-10-06,8,0,0.5905616876300599,1,1
2025-10-07,8,0,0.5857287472382026,1,1
2025-10-08,8,0,0.588159491673348,1,1
2025-10-09,8,0,0.5889862998786444,1,1
2025-10-10,8,0,0.5527906652341013,1,1
2025-10-11,8,0,0.562899091706667,1,1
2025-10-12,8,0,0.5588101377014528,1,1
2025-10-13,8,0,0.576068408492889,1,1
2025-10-14,8,0,0.5811821974369253,1,1
2025-10-15,8,0,0.5830621211456926,1,1
2025-10-16,8,0,0.5825303161204709,1,1
2025-10-17,8,0,0.5858899801138919,1,1
2025-10-18,8,0,0.5893530990705856,1,1
2025-10-19,8,0,0.5898347820717722,1,1
2025-10-20,8,0,0.5893889312770922,1,1
2025-10-21,8,0,0.5881333457741758,1,1
2025-10-22,8,0,0.5898086573668406,1,1
2025-10-23,8,0,0.5883242935005197,1,1
2025-10-24,8,0,0.5899898158829073,1,1
2025-10-25,8,0,0.5906506867678615,1,1
2025-10-26,8,0,0.5876826718902441,1,1
2025-10-27,8,0,0.5899547206829019,1,1
2025-10-28,8,0,0.59010389464465,1,1
2025-10-29,8,0,0.5858343555444779,1,1
2025-10-30,8,0,0.5874190855147134,1,1
2025-10-31,8,0,0.5894369514489615,1,1
2025-11-01,8,0,0.5905192239262406,1,1
2025-11-02,8,0,0.5908063424309152,1,1
2025-11-03,8,0,0.5766101086741331,1,1
2025-11-04,8,0,0.5566950697329447,1,1
2025-11-05,8,0,0.5670466505203814,1,1
2025-11-06,8,0,0.5706473060936408,1,1
2025-11-07,8,0,0.5785711957216217,1,1
2025-11-08,8,0,0.5856392865675923,1,1
2025-11-09,8,0,0.585492304922707,1,1
2025-11-10,8,0,0.5886789724761649,1,1
2025-11-11,8,0,0.5831000291429552,1,1
2025-11-12,8,0,0.5870145679665708,1,1
2025-11-13,8,0,0.5868631631230063,1,1
2025-11-14,8,0,0.5557105020185145,1,1
2025-11-15,8,0,0.5715096163922124,1,1
2025-11-16,8,0,0.5807020048214235,1,1
2025-11-17,8,0,0.5819005042518804,1,1
2025-11-18,8,0,0.5877556073926175,1,1
2025-11-19,8,0,0.5882545049561617,1,1
2025-11-20,8,1,0.5562906415178999,1,1
2025-11-21,8,1,0.5678910169195635,1,1
2025-11-22,8,1,0.5814988994299263,1,1
2025-11-23,8,1,0.5821443384818787,1,1
2025-11-24,8,0,0.58633336200536,1,1
2025-11-25,8,0,0.5887904659219656,1,1
2025-11-26,8,0,0.5785745626079364,1,1
2025-11-27,8,0,0.5865684162162103,1,1
2025-11-28,8,0,0.5895615397246838,1,1
2025-11-29,8,0,0.5905755049375567,1,1
2025-11-30,8,0,0.5907106053585285,1,1
2025-12-01,8,1,0.5655224772019398,1,1
2025-12-02,8,0,0.553123643380135,1,1
2025-12-03,8,0,0.5633921291432085,1,1
2025-12-04,8,0,0.5752019942978455,1,1
2025-12-05,8,1,0.5714878578031182,1,1
2025-12-06,8,1,0.5838660742662836,1,1
2025-12-07,8,1,0.5879964876015195,1,1
2025-12-08,8,1,0.5901443040508246,1,1
2025-12-09,8,0,0.5883341052649335,1,1
2025-12-10,8,0,0.5898758525522196,1,1
2025-12-11,8,0,0.5906231667586331,1,1
2025-12-12,8,1,0.5869051558372722,1,1
2025-12-13,8,1,0.5898207283226018,1,1
2025-12-14,8,1,0.5867210116814193,1,1
2025-12-15,8,1,0.5864911043250132,1,1
2025-12-16,8,1,0.5882949134218627,1,1
2025-12-17,8,1,0.5875068154849945,1,1
2025-12-18,8,1,0.5895407335659507,1,1
2025-12-19,8,1,0.5840355675348374,1,1
2025-12-20,8,1,0.5889220574760037,1,1
2025-12-21,8,0,0.5904040123394526,1,1
2025-12-22,8,1,0.5907946555423995,1,1
2025-12-23,8,1,0.5901518487095629,1,1
2025-12-24,8,1,0.5907571699455345,1,1
2025-12-25,8,1,0.5907978899916712,1,1
2025-12-26,8,0,0.5909336255923341,1,1
2025-12-27,8,1,0.5909057448994323,1,1
2025-12-28,8,1,0.5909602152225419,1,1
2025-12-29,8,1,0.59063714031891,1,1
2025-12-30,8,0,0.5901352374937341,1,1
2025-12-31,8,0,0.5901386199413167,1,1
2026-01-01,8,0,0.5900695726007897,1,1
2026-01-02,8,0,0.5900834644076628,1,1
2026-01-03,8,0,0.5906027161434694,1,1
2026-01-04,8,0,0.5906654144586904,1,1
2026-01-05,8,0,0.5870120857887046,1,1
2026-01-06,8,0,0.5898092409660768,1,1
2026-01-07,8,0,0.5855469881614542,1,1
2026-01-08,8,0,0.5892912488062568,1,1
2026-01-09,8,0,0.5902958340253978,1,1
2026-01-10,8,0,0.5907667708276086,1,1
2026-01-11,8,0,0.5908842874471362,1,1
2026-01-12,8,0,0.5909351923468734,1,1
2026-01-13,8,0,0.5695755820180173,1,1
2026-01-14,8,0,0.5797584243118091,1,1
2026-01-15,8,0,0.5851282520895494,1,1
2026-01-16,8,0,0.5892633727940267,1,1
2026-01-17,8,0,0.5903583425847386,1,1
2026-01-18,8,0,0.5894682368824415,1,1
2026-01-19,8,0,0.5897675829002349,1,1
2026-01-20,8,0,0.5636011373856653,1,1
2026-01-21,8,0,0.5778177396053883,1,1
2026-01-22,8,0,0.5867102739230871,1,1
2026-01-23,8,0,0.5897637693314772,1,1
2026-01-24,8,0,0.5905081908880575,1,1
2026-01-25,8,0,0.5844313742033315,1,1
2026-01-26,8,0,0.5865488981044377,1,1
2026-01-27,8,0,0.5893638720619203,1,1
2026-01-28,8,0,0.5905395251380676,1,1
2026-01-29,8,0,0.5579699161344107,1,1
2026-01-30,8,0,0.574674200775427,1,1
2026-01-31,8,0,0.5527688315918731,1,1
2026-02-01,8,0,0.563057924759161,1,1
2026-02-02,8,0,0.5722075216470573,1,1
2026-02-03,8,0,0.560728104039022,1,1
2026-02-04,8,0,0.5591355354243761,1,1
2026-02-05,8,1,0.5526565722174881,1,1
2026-02-06,8,0,0.5526565722179302,1,1
2026-02-07,8,0,0.5645629096632583,1,1
2026-02-08,8,0,0.577701054660641,1,1
2026-02-09,8,1,0.5865528923813079,1,1
2026-02-10,8,1,0.5867800405992428,1,1
2026-02-11,8,1,0.5831823376304158,1,1
2026-02-12,8,1,0.5873883597535827,1,1
2026-02-13,8,1,0.5731235396658754,1,1
2026-02-14,8,1,0.5831055198774368,1,1
2026-02-15,8,1,0.5867292731947403,1,1
2026-02-16,8,1,0.5897725335244601,1,1
2026-02-17,8,1,0.5881709646533371,1,1
2026-02-18,8,1,0.5884630128339244,1,1
2026-02-19,8,1,0.5900834180072687,1,1
2026-02-20,8,0,0.5898246588889879,1,1
2026-02-21,8,1,0.5906600940838533,1,1
2026-02-22,8,1,0.5907334920352227,1,1
2026-02-23,8,1,0.565660463538662,1,1
2026-02-24,8,1,0.5794251212983152,1,1
2026-02-25,8,0,0.5534347821202117,1,1
2026-02-26,8,0,0.5698823339439931,1,1
2026-02-27,8,1,0.573969272788091,1,1
2026-02-28,8,0,0.582267735241496,1,1
2026-03-01,8,1,0.5846100704565826,1,1
2026-03-02,8,0,0.5627789927077528,1,1
2026-03-03,8,0,0.5778757802535542,1,1
2026-03-04,8,0,0.5529660393970858,1,1
2026-03-05,8,0,0.5604909309804823,1,1
2026-03-06,8,1,0.5569824157823378,1,1
2026-03-07,8,1,0.5712321746791902,1,1
2026-03-08,8,1,0.5777797995415185,1,1
2026-03-09,8,1,0.5689082628185108,1,1
2026-03-10,8,1,0.5762854536138252,1,1
2026-03-11,8,1,0.5860369217384103,1,1
2026-03-12,8,1,0.5895257358550549,1,1
2026-03-13,8,0,0.590468785329411,1,1
2026-03-14,8,1,0.5908311800567012,1,1
2026-03-15,8,1,0.5888180520074173,1,1
2026-03-16,8,0,0.5850533907371567,1,1
2026-03-17,8,1,0.5879239196579888,1,1
2026-03-18,8,1,0.5744441133344459,1,1
2026-03-19,8,1,0.5801941299152238,1,1
2026-03-20,8,1,0.5871773022011796,1,1
2026-03-21,8,1,0.5838033067105756,1,1
2026-03-22,8,1,0.5873954548130261,1,1
2026-03-23,8,1,0.5660199119280069,1,1
2026-03-24,8,1,0.5803193352353786,1,1
2026-03-25,8,1,0.5868561231357481,1,1
2026-03-26,8,1,0.5745095894005356,1,1
2026-03-27,8,1,0.5649137075059207,1,1
2026-03-28,8,1,0.5803184017764454,1,1
2026-03-29,8,1,0.5872561661450607,1,1
2026-03-30,8,1,0.5894250865247815,1,1
2026-03-31,8,1,0.5878133672057714,1,1
2026-04-01,8,1,0.5900278780073168,1,1
2026-04-02,8,1,0.588876323590417,1,1
2026-04-03,8,1,0.5904000476962193,1,1
2026-04-04,8,1,0.5907690314551389,1,1
2026-04-05,8,1,0.5878323525699072,1,1
2026-04-06,8,1,0.5900507366632999,1,1
2026-04-07,8,1,0.5693018432349081,1,1
2026-04-08,8,1,0.5806336256682032,1,1
2026-04-09,8,1,0.5873043151132289,1,1
2026-04-10,8,1,0.5885389610065189,1,1
2026-04-11,8,1,0.590305991256716,1,1
2026-04-12,8,1,0.5819084562629775,1,1
2026-04-13,8,1,0.5562154029755415,1,1
2026-04-14,8,1,0.5733611163736105,1,1
2026-04-15,8,1,0.5842969057958508,1,1
2026-04-16,8,1,0.5889535993737115,1,1
2026-04-17,8,1,0.5862826502860805,1,1
2026-04-18,8,1,0.5869162593367737,1,1
2026-04-19,8,1,0.5842434198426245,1,1
2026-04-20,8,1,0.5827112762647196,1,1
2026-04-21,8,1,0.5883275576393332,1,1
2026-04-22,8,0,0.5868125878202521,1,1
2026-04-23,8,0,0.5897979207485158,1,1
2026-04-24,8,0,0.5900278562857794,1,1
2026-04-25,8,0,0.5907242978797838,1,1
2026-04-26,8,0,0.5903251796474022,1,1
2026-04-27,8,0,0.5892509401186868,1,1
2026-04-28,8,0,0.5894462812466743,1,1
2026-04-29,8,0,0.5902028204251604,1,1
2026-04-30,8,0,0.5906533725518245,1,1
2026-05-01,8,0,0.587970889410057,1,1
2026-05-02,8,0,0.5900383455989363,1,1
2026-05-03,8,0,0.5906924929580265,1,1
2026-05-04,8,0,0.5899325079495206,1,1
2026-05-05,8,0,0.5900246400011062,1,1
2026-05-06,8,0,0.5906352888303213,1,1
2026-05-07,8,0,0.5891637784843936,1,1
2026-05-08,8,0,0.5904823116275172,1,1
2026-05-09,8,0,0.5907728626845955,1,1
2026-05-10,8,0,0.589652869291954,1,1
2026-05-11,8,0,0.5904432191415266,1,1
2026-05-12,8,0,0.5895226361495874,1,1
2026-05-13,8,0,0.589227265344923,1,1
2026-05-14,8,0,0.5879551211569706,1,1
2026-05-15,8,0,0.5850398514564317,1,1
2026-05-16,8,0,0.5880675786001397,1,1
2026-05-17,8,0,0.5896093584569643,1,1
2026-05-18,8,0,0.5903591317409712,1,1
2026-05-19,8,0,0.5907501667546278,1,1
2026-05-20,8,0,0.5906924373804174,1,1
2026-05-21,8,0,0.5909063120302068,1,1
2026-05-22,8,0,0.585985766031715,1,1
2026-05-23,8,0,0.5882565683333101,1,1
2026-05-24,8,0,0.5901955431580559,1,1
2026-05-25,8,0,0.5907489779730195,1,1
2026-05-26,8,0,0.5888688507547759,1,1
2026-05-27,8,0,0.5877369588103989,1,1
2026-05-28,8,0,0.5892470645423489,1,1
2026-05-29,8,0,0.59044844517543,1,1
2026-05-30,8,0,0.5907872379069996,1,1
2026-05-31,8,0,0.5908773327813974,1,1
2026-06-01,8,0,0.5831028366535684,1,1
2026-06-02,8,0,0.5528993249367884,1,1
2026-06-03,8,0,0.5544372738003479,1,1
2026-06-04,8,0,0.5718149981980217,1,1
2026-06-05,8,1,0.5563128518803728,1,1
2026-06-06,8,1,0.5738647747951742,1,1
