date,dxy,ust_2y,ust_10y,curve_2s10s,vix,fed_funds,brent,wti,aluminum
2015-01-01,,,,,,0.06,,,
2015-01-02,102.9027,0.66,2.12,1.46,17.79,0.12,55.38,52.72,2168.5
2015-01-03,,,,,,0.12,,,
2015-01-04,,,,,,0.12,,,
2015-01-05,103.4976,0.68,2.04,1.36,19.92,0.12,51.08,50.05,2148.25
2015-01-06,103.2938,0.65,1.97,1.32,21.12,0.12,50.12,47.98,2144.5
2015-01-07,103.6316,0.62,1.96,1.34,19.31,0.12,49.06,48.69,2165.0
2015-01-08,103.2799,0.62,2.03,1.41,17.01,0.12,49.43,48.8,2202.75
2015-01-09,103.1213,0.59,1.98,1.39,17.55,0.12,47.64,48.35,2189.0
2015-01-10,,,,,,0.12,,,
2015-01-11,,,,,,0.12,,,
2015-01-12,103.2372,0.56,1.92,1.36,19.6,0.12,46.9,46.06,2197.75
2015-01-13,103.27,0.54,1.91,1.37,20.56,0.12,45.13,45.92,2189.5
2015-01-14,103.0903,0.51,1.86,1.35,21.48,0.12,45.82,48.49,2171.5
2015-01-15,103.0829,0.44,1.77,1.33,22.39,0.12,47.66,46.37,2203.25
2015-01-16,103.2189,0.49,1.83,1.34,20.95,0.13,47.38,48.49,2242.75
2015-01-17,,,,,,0.13,,,
2015-01-18,,,,,,0.13,,,
2015-01-19,,,,,,0.13,,,
2015-01-20,103.5233,0.53,1.82,1.29,19.89,0.12,46.49,46.79,2242.0
2015-01-21,103.7858,0.53,1.87,1.34,18.85,0.12,46.5,47.85,2267.25
2015-01-22,103.9271,0.53,1.9,1.37,16.4,0.12,46.09,45.93,2272.25
2015-01-23,104.3676,0.52,1.81,1.29,16.66,0.12,46.69,45.26,2229.0
2015-01-24,,,,,,0.12,,,
2015-01-25,,,,,,0.12,,,
2015-01-26,104.4818,0.54,1.83,1.29,15.52,0.12,46.07,44.8,2281.75
2015-01-27,104.1646,0.54,1.83,1.29,17.22,0.11,46.55,45.84,2275.0
2015-01-28,104.4737,0.5,1.73,1.23,20.44,0.12,47.07,44.08,2281.0
2015-01-29,105.2763,0.51,1.77,1.26,18.76,0.11,46.61,44.12,2249.5
2015-01-30,105.5884,0.47,1.68,1.21,20.97,0.06,47.52,47.79,2295.5
2015-01-31,,,,,,0.06,,,
2015-02-01,,,,,,0.06,,,
2015-02-02,105.2058,0.49,1.68,1.19,19.43,0.12,51.74,49.25,2297.5
2015-02-03,104.6063,0.52,1.79,1.27,17.33,0.12,54.41,53.04,2311.75
2015-02-04,104.785,0.52,1.81,1.29,18.33,0.11,55.07,48.45,2296.5
2015-02-05,104.4915,0.52,1.83,1.31,16.85,0.12,55.98,50.48,2309.5
2015-02-06,105.1283,0.65,1.95,1.3,17.29,0.11,55.88,51.66,2260.25
2015-02-07,,,,,,0.11,,,
2015-02-08,,,,,,0.11,,,
2015-02-09,104.9889,0.65,1.96,1.31,18.55,0.12,57.0,52.99,2249.5
2015-02-10,105.2897,0.67,2.01,1.34,17.23,0.12,55.79,50.06,2204.75
2015-02-11,105.7901,0.67,2.0,1.33,16.96,0.12,53.48,48.8,2182.0
2015-02-12,104.9385,0.61,1.99,1.38,15.34,0.12,56.23,51.17,2212.75
2015-02-13,104.8452,0.66,2.02,1.36,14.69,0.12,60.33,52.66,2210.5
2015-02-14,,,,,,0.12,,,
2015-02-15,,,,,,0.12,,,
2015-02-16,,,,,,0.12,61.57,,
2015-02-17,,0.7,2.14,1.44,15.8,0.12,60.78,53.56,2133.5
2015-02-18,105.2514,0.62,2.07,1.45,15.45,0.12,60.72,52.13,2072.75
2015-02-19,105.1407,0.67,2.11,1.44,15.29,0.12,58.78,51.12,2072.75
2015-02-20,105.3387,0.67,2.13,1.46,14.3,0.12,60.99,49.95,2111.0
2015-02-21,,,,,,0.12,,,
2015-02-22,,,,,,0.12,,,
2015-02-23,105.5359,0.64,2.06,1.42,14.56,0.11,59.78,49.56,2074.5
2015-02-24,105.5472,0.6,1.99,1.39,13.69,0.11,60.33,48.48,2067.25
2015-02-25,105.0503,0.61,1.96,1.35,13.84,0.11,59.77,50.25,2076.0
2015-02-26,105.5021,0.66,2.03,1.37,13.91,0.11,61.39,47.65,2105.25
2015-02-27,105.5981,0.63,2.0,1.37,13.34,0.06,61.89,49.84,2071.5
2015-02-28,,,,,,0.06,,,
2015-03-01,,,,,,0.06,,,
2015-03-02,105.8151,0.66,2.08,1.42,13.04,0.12,60.75,49.59,2070.5
2015-03-03,105.5562,0.68,2.12,1.44,13.86,0.12,61.18,50.43,2106.25
2015-03-04,106.1333,0.66,2.12,1.46,14.23,0.11,59.18,51.53,2071.0
2015-03-05,,0.65,2.11,1.46,14.04,0.11,60.33,50.76,2066.25
2015-03-06,107.4337,0.73,2.24,1.51,15.2,0.12,59.15,49.61,2058.5
2015-03-07,,,,,,0.12,,,
2015-03-08,,,,,,0.12,,,
2015-03-09,107.5199,0.7,2.2,1.5,15.06,0.12,58.67,49.95,2080.5
2015-03-10,108.1165,0.7,2.14,1.44,16.69,0.12,55.95,48.42,2030.0
2015-03-11,108.5235,0.7,2.11,1.41,16.87,0.11,56.46,48.06,2026.75
2015-03-12,108.1741,0.67,2.1,1.43,15.42,0.11,56.66,47.12,2009.75
2015-03-13,108.9174,0.68,2.13,1.45,16.0,0.11,54.8,44.88,2026.5
2015-03-14,,,,,,0.11,,,
2015-03-15,,,,,,0.11,,,
2015-03-16,108.6422,0.66,2.1,1.44,15.61,0.12,52.0,43.93,2033.0
2015-03-17,108.5805,0.7,2.06,1.36,15.66,0.12,52.17,43.39,2042.0
2015-03-18,108.408,0.57,1.93,1.36,13.97,0.11,52.59,44.63,2041.75
2015-03-19,108.1826,0.63,1.98,1.35,14.07,0.12,52.96,44.02,2062.0
2015-03-20,107.1671,0.6,1.93,1.33,13.02,0.12,53.88,46.0,2088.0
2015-03-21,,,,,,0.12,,,
2015-03-22,,,,,,0.12,,,
2015-03-23,106.5022,0.6,1.92,1.32,13.41,0.12,53.82,47.4,2084.75
2015-03-24,106.4401,0.58,1.88,1.3,13.62,0.11,53.61,47.03,2084.5
2015-03-25,106.2636,0.59,1.93,1.34,15.44,0.12,54.18,48.75,2037.0
2015-03-26,106.5582,0.61,2.01,1.4,15.8,0.11,57.02,51.41,2061.25
2015-03-27,106.8916,0.58,1.95,1.37,15.07,0.12,56.44,48.83,2041.75
2015-03-28,,,,,,0.12,,,
2015-03-29,,,,,,0.12,,,
2015-03-30,107.3941,0.58,1.96,1.38,14.51,0.12,53.99,48.66,2050.75
2015-03-31,107.4396,0.56,1.94,1.38,15.29,0.06,53.69,47.72,2062.5
2015-04-01,107.06,0.55,1.87,1.32,15.11,0.12,55.73,50.12,2036.0
2015-04-02,106.6738,0.55,1.92,1.37,14.67,0.12,55.73,49.13,2035.25
2015-04-03,105.8861,0.49,1.85,1.36,,0.12,,,
2015-04-04,,,,,,0.12,,,
2015-04-05,,,,,,0.12,,,
2015-04-06,105.7876,0.51,1.92,1.41,14.74,0.13,55.73,52.08,2031.75
2015-04-07,106.4488,0.52,1.89,1.37,14.78,0.12,57.55,53.95,2042.0
2015-04-08,106.4231,0.54,1.92,1.38,13.98,0.12,56.42,50.44,2017.75
2015-04-09,107.0335,0.56,1.97,1.41,13.09,0.12,56.04,50.79,2014.75
2015-04-10,107.4526,0.57,1.96,1.39,12.58,0.12,56.82,51.63,1990.5
2015-04-11,,,,,,0.12,,,
2015-04-12,,,,,,0.12,,,
2015-04-13,107.7508,0.54,1.94,1.4,13.94,0.13,57.14,51.95,1984.25
2015-04-14,107.0547,0.53,1.9,1.37,13.67,0.13,57.69,53.3,1994.5
2015-04-15,107.1855,0.51,1.91,1.4,12.84,0.13,59.32,56.25,2018.75
2015-04-16,106.2761,0.5,1.9,1.4,12.6,0.13,60.13,56.69,1997.5
2015-04-17,106.329,0.51,1.87,1.36,13.89,0.13,61.31,55.71,1990.75
2015-04-18,,,,,,0.13,,,
2015-04-19,,,,,,0.13,,,
2015-04-20,106.4902,0.55,1.9,1.35,13.3,0.13,61.2,56.37,1986.75
2015-04-21,106.5582,0.55,1.92,1.37,13.25,0.13,60.12,55.58,1984.25
2015-04-22,106.5815,0.57,1.99,1.42,12.71,0.13,60.12,56.17,1977.5
2015-04-23,106.1658,0.55,1.96,1.41,12.48,0.13,62.66,56.59,1960.5
2015-04-24,105.905,0.54,1.93,1.39,12.29,0.13,62.96,55.98,1993.0
2015-04-25,,,,,,0.13,,,
2015-04-26,,,,,,0.13,,,
2015-04-27,105.6891,0.54,1.94,1.4,13.12,0.13,62.86,55.56,1993.0
2015-04-28,105.1234,0.56,2.0,1.44,12.41,0.13,62.61,57.05,2039.75
2015-04-29,104.5634,0.56,2.06,1.5,13.39,0.13,63.97,58.55,2008.25
2015-04-30,105.312,0.58,2.05,1.47,14.55,0.08,63.9,59.62,2025.0
2015-05-01,105.6382,0.6,2.12,1.52,12.7,0.13,64.13,59.1,2023.5
2015-05-02,,,,,,0.13,,,
2015-05-03,,,,,,0.13,,,
2015-05-04,105.6679,0.6,2.16,1.56,12.85,0.13,64.62,58.92,2023.5
2015-05-05,105.2396,0.62,2.19,1.57,14.31,0.13,65.44,60.38,2069.0
2015-05-06,104.6935,0.65,2.25,1.6,15.15,0.13,66.22,60.93,2049.25
2015-05-07,105.1941,0.63,2.18,1.55,15.13,0.13,64.93,58.99,2012.0
2015-05-08,104.8424,0.59,2.16,1.57,12.86,0.13,63.82,59.41,2013.25
2015-05-09,,,,,,0.13,,,
2015-05-10,,,,,,0.13,,,
2015-05-11,105.3075,0.62,2.28,1.66,13.85,0.13,62.82,59.23,2001.75
2015-05-12,104.8924,0.61,2.28,1.67,13.86,0.13,65.09,60.72,2018.25
2015-05-13,104.3608,0.59,2.27,1.68,13.76,0.13,66.33,60.5,2006.5
2015-05-14,104.2359,0.56,2.23,1.67,12.74,0.13,65.58,59.89,1990.0
2015-05-15,104.0202,0.55,2.14,1.59,12.38,0.13,64.69,59.73,1973.25
2015-05-16,,,,,,0.13,,,
2015-05-17,,,,,,0.13,,,
2015-05-18,104.6068,0.58,2.23,1.65,12.73,0.13,65.15,59.44,1938.25
2015-05-19,105.3448,0.63,2.27,1.64,12.85,0.12,63.48,57.3,1938.25
2015-05-20,105.5605,0.6,2.26,1.66,12.88,0.12,63.52,58.96,1876.75
2015-05-21,105.3808,0.6,2.19,1.59,12.11,0.12,64.7,60.18,1875.0
2015-05-22,105.8487,0.64,2.21,1.57,12.13,0.13,64.7,58.88,1867.25
2015-05-23,,,,,,0.13,,,
2015-05-24,,,,,,0.13,,,
2015-05-25,,,,,,0.13,,,
2015-05-26,106.7294,0.64,2.14,1.5,14.06,0.12,61.65,57.29,1850.25
2015-05-27,106.908,0.64,2.14,1.5,13.27,0.12,61.35,57.51,1835.75
2015-05-28,106.92,0.62,2.13,1.51,13.31,0.12,60.12,57.69,1874.25
2015-05-29,106.7388,0.61,2.12,1.51,13.84,0.08,63.16,60.25,1835.0
2015-05-30,,,,,,0.08,,,
2015-05-31,,,,,,0.08,,,
2015-06-01,107.2238,0.64,2.19,1.55,13.97,0.12,62.87,60.24,1867.75
2015-06-02,106.4507,0.64,2.27,1.63,14.24,0.12,63.14,61.3,1845.0
2015-06-03,106.1443,0.69,2.38,1.69,13.66,0.13,62.78,59.67,1852.0
2015-06-04,106.4725,0.66,2.31,1.65,14.71,0.13,60.34,58.0,1839.25
2015-06-05,107.1336,0.73,2.41,1.68,14.21,0.13,60.36,59.11,1847.25
2015-06-06,,,,,,0.13,,,
2015-06-07,,,,,,0.13,,,
2015-06-08,106.7693,0.7,2.39,1.69,15.29,0.13,61.33,58.15,1804.25
2015-06-09,106.2238,0.72,2.42,1.7,14.47,0.13,63.23,60.15,1841.0
2015-06-10,105.8037,0.75,2.5,1.75,13.22,0.13,64.68,61.36,1858.75
2015-06-11,106.0934,0.73,2.39,1.66,12.85,0.13,63.76,60.74,1838.5
2015-06-12,105.9015,0.74,2.39,1.65,13.78,0.13,63.19,59.96,1844.75
2015-06-13,,,,,,0.13,,,
2015-06-14,,,,,,0.13,,,
2015-06-15,105.9989,0.72,2.36,1.64,15.39,0.13,60.99,59.53,1820.0
2015-06-16,106.0473,0.71,2.32,1.61,14.81,0.14,60.75,60.01,1822.0
2015-06-17,106.058,0.67,2.32,1.65,14.5,0.14,60.75,59.89,1812.5
2015-06-18,105.102,0.66,2.35,1.69,13.19,0.14,61.37,60.41,1815.0
2015-06-19,105.4496,0.65,2.26,1.61,13.96,0.13,59.41,59.62,1792.5
2015-06-20,,,,,,0.13,,,
2015-06-21,,,,,,0.13,,,
2015-06-22,105.3846,0.68,2.37,1.69,12.74,0.13,60.54,60.01,1809.75
2015-06-23,105.9678,0.7,2.42,1.72,12.11,0.13,61.67,61.05,1837.5
2015-06-24,106.2522,0.68,2.38,1.7,13.26,0.13,61.63,60.01,1823.25
2015-06-25,106.1515,0.68,2.4,1.72,14.01,0.13,60.24,59.59,1822.25
2015-06-26,106.4116,0.72,2.49,1.77,14.02,0.13,60.14,59.41,1827.75
2015-06-27,,,,,,0.13,,,
2015-06-28,,,,,,0.13,,,
2015-06-29,106.3785,0.64,2.33,1.69,18.85,0.14,59.03,58.34,1813.0
2015-06-30,106.5191,0.64,2.35,1.71,18.23,0.08,60.31,59.48,1804.75
2015-07-01,107.0101,0.69,2.43,1.74,16.09,0.13,61.65,56.94,1836.25
2015-07-02,106.9106,0.64,2.4,1.76,16.79,0.13,61.73,56.93,1831.5
2015-07-03,,,,,,0.13,59.06,,
2015-07-04,,,,,,0.13,,,
2015-07-05,,,,,,0.13,,,
2015-07-06,107.1343,0.6,2.3,1.7,17.01,0.13,57.19,52.48,1799.5
2015-07-07,107.785,0.58,2.27,1.69,16.09,0.13,54.72,52.33,1764.5
2015-07-08,107.4734,0.55,2.22,1.67,19.66,0.13,55.7,51.61,1765.5
2015-07-09,107.5595,0.6,2.32,1.72,19.97,0.13,57.83,52.76,1788.5
2015-07-10,107.213,0.65,2.42,1.77,16.83,0.13,57.72,52.74,1789.0
2015-07-11,,,,,,0.13,,,
2015-07-12,,,,,,0.13,,,
2015-07-13,107.5849,0.69,2.44,1.75,13.9,0.13,57.63,52.19,1797.5
2015-07-14,107.4843,0.66,2.41,1.75,13.37,0.13,57.2,53.05,1791.5
2015-07-15,108.0149,0.64,2.36,1.72,13.23,0.13,57.34,51.4,1778.75
2015-07-16,108.1726,0.67,2.36,1.69,12.11,0.14,57.31,50.9,1775.5
2015-07-17,108.5374,0.68,2.34,1.66,11.95,0.13,56.38,50.88,1775.0
2015-07-18,,,,,,0.13,,,
2015-07-19,,,,,,0.13,,,
2015-07-20,108.6944,0.71,2.38,1.67,12.25,0.14,56.42,50.11,1763.0
2015-07-21,108.3893,0.71,2.35,1.64,12.22,0.13,55.94,50.59,1717.5
2015-07-22,108.7817,0.75,2.33,1.58,12.12,0.13,56.36,49.27,1712.0
2015-07-23,108.7565,0.71,2.28,1.57,12.64,0.13,55.76,48.11,1693.0
2015-07-24,109.0174,0.7,2.27,1.57,13.74,0.13,54.29,47.98,1697.5
2015-07-25,,,,,,0.13,,,
2015-07-26,,,,,,0.13,,,
2015-07-27,108.6924,0.68,2.23,1.55,15.6,0.14,54.07,47.17,1721.75
2015-07-28,108.6881,0.69,2.26,1.57,13.44,0.14,54.3,47.97,1733.25
2015-07-29,108.604,0.7,2.29,1.59,12.5,0.14,54.73,48.77,1733.0
2015-07-30,109.4328,0.72,2.28,1.56,12.13,0.14,54.29,48.53,1732.0
2015-07-31,108.7819,0.67,2.2,1.53,12.12,0.08,53.29,47.11,1705.5
2015-08-01,,,,,,0.08,,,
2015-08-02,,,,,,0.08,,,
2015-08-03,109.214,0.68,2.16,1.48,12.56,0.14,49.49,45.25,1690.0
2015-08-04,109.2244,0.74,2.23,1.49,13.0,0.14,49.08,45.75,1695.75
2015-08-05,109.842,0.73,2.28,1.55,12.51,0.14,49.04,45.13,1672.25
2015-08-06,109.722,0.71,2.23,1.52,13.77,0.14,47.8,44.69,1695.75
2015-08-07,109.4376,0.73,2.18,1.45,13.39,0.14,47.54,43.87,1670.5
2015-08-08,,,,,,0.14,,,
2015-08-09,,,,,,0.14,,,
2015-08-10,109.1931,0.73,2.24,1.51,12.23,0.14,48.3,44.94,1722.0
2015-08-11,109.9464,0.68,2.15,1.47,13.71,0.15,47.33,43.11,1691.5
2015-08-12,109.4655,0.67,2.14,1.47,13.61,0.15,48.29,43.22,1693.75
2015-08-13,109.9025,0.72,2.19,1.47,13.49,0.15,48.01,42.27,1667.0
2015-08-14,109.9174,0.73,2.2,1.47,12.83,0.14,47.79,42.45,1672.75
2015-08-15,,,,,,0.14,,,
2015-08-16,,,,,,0.14,,,
2015-08-17,110.1435,0.72,2.16,1.44,13.02,0.15,47.77,41.93,1662.0
2015-08-18,110.2504,0.74,2.2,1.46,13.79,0.15,47.0,42.58,1649.25
2015-08-19,110.4333,0.67,2.12,1.45,15.25,0.15,45.75,40.75,1651.0
2015-08-20,110.1077,0.69,2.09,1.4,19.14,0.15,45.63,41.0,1659.5
2015-08-21,110.1443,0.64,2.05,1.41,28.03,0.15,43.84,40.45,1632.0
2015-08-22,,,,,,0.15,,,
2015-08-23,,,,,,0.15,,,
2015-08-24,109.9306,0.59,2.01,1.42,40.74,0.15,41.59,38.22,1601.5
2015-08-25,110.3394,0.67,2.12,1.45,36.02,0.15,41.86,39.15,1635.0
2015-08-26,110.5807,0.67,2.18,1.51,30.32,0.14,41.76,38.5,1611.5
2015-08-27,110.4834,0.68,2.18,1.5,26.1,0.14,44.46,42.47,1652.5
2015-08-28,110.6714,0.72,2.19,1.47,26.05,0.14,47.97,45.29,1688.5
2015-08-29,,,,,,0.14,,,
2015-08-30,,,,,,0.14,,,
2015-08-31,110.5621,0.74,2.21,1.47,28.43,0.08,,49.2,1688.5
2015-09-01,110.4506,0.7,2.17,1.47,31.4,0.14,48.8,45.38,1690.0
2015-09-02,110.7979,0.72,2.2,1.48,26.09,0.14,47.67,46.3,1679.5
2015-09-03,110.8566,0.71,2.18,1.47,25.61,0.14,50.41,46.75,1713.0
2015-09-04,111.1018,0.71,2.13,1.42,27.8,0.14,48.59,46.02,1688.5
2015-09-05,,,,,,0.14,,,
2015-09-06,,,,,,0.14,,,
2015-09-07,,,,,,0.14,46.42,,
2015-09-08,110.7942,0.74,2.2,1.46,24.9,0.14,48.88,45.92,1712.5
2015-09-09,110.9225,0.75,2.21,1.46,26.23,0.14,48.04,44.13,1720.5
2015-09-10,110.6331,0.75,2.23,1.48,24.37,0.14,47.77,45.85,1721.25
2015-09-11,110.6109,0.71,2.2,1.49,23.2,0.14,46.87,44.75,1720.0
2015-09-12,,,,,,0.14,,,
2015-09-13,,,,,,0.14,,,
2015-09-14,110.5005,0.73,2.18,1.45,24.25,0.14,45.87,44.07,1706.5
2015-09-15,110.6394,0.82,2.28,1.46,22.54,0.14,45.91,44.58,1696.0
2015-09-16,110.1021,0.82,2.3,1.48,21.35,0.14,49.35,47.12,1722.5
2015-09-17,110.1212,0.7,2.21,1.51,21.14,0.14,48.27,46.93,1720.5
2015-09-18,109.8165,0.69,2.13,1.44,22.28,0.14,47.28,44.71,1712.0
2015-09-19,,,,,,0.14,,,
2015-09-20,,,,,,0.14,,,
2015-09-21,110.6414,0.72,2.2,1.48,20.14,0.14,47.64,46.67,1704.5
2015-09-22,111.1967,0.69,2.14,1.45,22.44,0.14,46.69,46.17,1675.5
2015-09-23,111.6287,0.7,2.16,1.46,22.13,0.14,48.0,44.53,1663.0
2015-09-24,111.4454,0.67,2.13,1.46,23.47,0.14,47.06,44.94,1664.5
2015-09-25,111.3725,0.7,2.17,1.47,23.62,0.13,47.28,45.55,1652.5
2015-09-26,,,,,,0.13,,,
2015-09-27,,,,,,0.13,,,
2015-09-28,111.3914,0.67,2.1,1.43,27.63,0.13,46.04,44.4,1629.0
2015-09-29,111.5219,0.64,2.05,1.41,26.83,0.13,47.58,45.24,1639.5
2015-09-30,111.3311,0.64,2.06,1.42,24.5,0.07,47.29,45.06,1641.25
2015-10-01,111.0439,0.64,2.05,1.41,22.55,0.13,47.48,44.75,1630.0
2015-10-02,110.7006,0.58,1.99,1.41,20.94,0.13,46.55,45.54,1607.0
2015-10-03,,,,,,0.13,,,
2015-10-04,,,,,,0.13,,,
2015-10-05,110.4445,0.61,2.07,1.46,19.54,0.13,49.45,46.28,1603.75
2015-10-06,110.1371,0.61,2.05,1.44,19.4,0.13,51.34,48.53,1616.25
2015-10-07,109.8162,0.65,2.08,1.43,18.4,0.13,51.66,47.86,1627.0
2015-10-08,109.6452,0.65,2.12,1.47,17.42,0.13,52.13,49.46,1620.0
2015-10-09,109.0782,0.65,2.12,1.47,17.08,0.13,52.08,49.67,1681.25
2015-10-10,,,,,,0.13,,,
2015-10-11,,,,,,0.13,,,
2015-10-12,,,,,16.17,0.13,50.95,47.09,1672.0
2015-10-13,109.4119,0.64,2.06,1.42,17.67,0.13,48.94,46.7,1658.5
2015-10-14,109.1244,0.57,1.99,1.42,18.03,0.13,48.25,46.63,1658.5
2015-10-15,108.6671,0.61,2.04,1.43,16.05,0.13,47.87,46.38,1648.75
2015-10-16,108.9956,0.61,2.04,1.43,15.05,0.13,48.96,47.3,1646.5
2015-10-17,,,,,,0.13,,,
2015-10-18,,,,,,0.13,,,
2015-10-19,109.3858,0.61,2.04,1.43,14.98,0.13,47.51,45.91,1617.5
2015-10-20,109.3368,0.66,2.08,1.42,15.75,0.13,46.93,45.84,1602.0
2015-10-21,109.7746,0.64,2.04,1.4,16.7,0.13,46.72,45.22,1584.5
2015-10-22,110.0342,0.61,2.04,1.43,14.45,0.12,46.59,44.9,1569.5
2015-10-23,110.4329,0.66,2.09,1.43,14.46,0.12,46.3,43.91,1565.0
2015-10-24,,,,,,0.12,,,
2015-10-25,,,,,,0.12,,,
2015-10-26,110.2089,0.66,2.07,1.41,15.29,0.12,46.57,43.19,1558.25
2015-10-27,110.4875,0.65,2.05,1.4,15.43,0.12,45.54,43.21,1559.75
2015-10-28,110.2334,0.73,2.1,1.37,14.33,0.12,47.6,45.93,1561.25
2015-10-29,110.8083,0.75,2.19,1.44,14.61,0.12,48.04,46.02,1554.5
2015-10-30,110.2079,0.75,2.16,1.41,15.07,0.07,48.0,46.6,1557.0
2015-10-31,,,,,,0.07,,,
2015-11-01,,,,,,0.07,,,
2015-11-02,110.2188,0.77,2.2,1.43,14.15,0.12,47.91,46.12,1569.25
2015-11-03,110.244,0.8,2.23,1.43,14.54,0.12,48.0,47.88,1595.5
2015-11-04,110.7139,0.84,2.25,1.41,15.51,0.12,46.96,46.32,1619.0
2015-11-05,110.8302,0.85,2.26,1.41,15.05,0.12,47.19,45.27,1626.5
2015-11-06,111.7603,0.9,2.34,1.44,14.33,0.12,46.09,44.32,1649.75
2015-11-07,,,,,,0.12,,,
2015-11-08,,,,,,0.12,,,
2015-11-09,111.9112,0.89,2.36,1.47,16.52,0.12,45.38,43.87,1656.75
2015-11-10,111.9919,0.87,2.32,1.45,15.29,0.12,46.44,44.23,1642.75
2015-11-11,,,,,16.06,0.12,44.98,42.95,1651.5
2015-11-12,111.7965,0.89,2.32,1.43,18.37,0.12,44.98,41.74,1626.75
2015-11-13,112.0264,0.86,2.28,1.42,20.08,0.12,41.98,40.69,1626.5
2015-11-14,,,,,,0.12,,,
2015-11-15,,,,,,0.12,,,
2015-11-16,112.2199,0.88,2.27,1.39,18.16,0.13,40.28,41.68,1603.5
2015-11-17,112.3141,0.86,2.25,1.39,18.84,0.13,41.28,40.73,1611.25
2015-11-18,112.3663,0.9,2.27,1.37,16.85,0.12,41.45,40.75,1611.75
2015-11-19,111.5749,0.91,2.24,1.33,16.99,0.12,42.22,40.55,1607.5
2015-11-20,111.7799,0.93,2.26,1.33,15.47,0.12,42.49,39.39,1589.0
2015-11-21,,,,,,0.12,,,
2015-11-22,,,,,,0.12,,,
2015-11-23,112.1125,0.94,2.25,1.31,15.62,0.12,43.7,39.27,1579.0
2015-11-24,111.7638,0.93,2.24,1.31,15.93,0.12,44.38,40.89,1591.0
2015-11-25,111.8936,0.93,2.23,1.3,15.19,0.12,43.56,41.22,1611.0
2015-11-26,,,,,,0.12,43.55,,
2015-11-27,112.2824,0.92,2.22,1.3,15.12,0.12,43.07,40.57,1625.0
2015-11-28,,,,,,0.12,,,
2015-11-29,,,,,,0.12,,,
2015-11-30,112.34,0.94,2.21,1.27,16.13,0.08,43.73,40.43,1602.5
2015-12-01,112.1134,0.91,2.15,1.24,14.67,0.13,42.97,40.58,1630.25
2015-12-02,112.3715,0.94,2.18,1.24,15.91,0.13,41.92,39.93,1646.75
2015-12-03,111.6407,0.96,2.33,1.37,18.11,0.13,42.0,41.08,1634.5
2015-12-04,111.5463,0.96,2.28,1.32,14.81,0.13,41.44,40.0,1669.5
2015-12-05,,,,,,0.13,,,
2015-12-06,,,,,,0.13,,,
2015-12-07,112.3056,0.94,2.23,1.29,15.84,0.13,39.69,37.64,1641.5
2015-12-08,112.5485,0.94,2.24,1.3,17.6,0.13,39.44,37.46,1628.25
2015-12-09,112.1918,0.93,2.22,1.29,19.61,0.14,39.04,37.16,1643.25
2015-12-10,112.2672,0.95,2.24,1.29,19.34,0.14,38.65,36.76,1641.75
2015-12-11,112.7147,0.88,2.13,1.25,24.39,0.14,36.99,35.65,1636.5
2015-12-12,,,,,,0.14,,,
2015-12-13,,,,,,0.14,,,
2015-12-14,112.7521,0.97,2.23,1.26,22.73,0.15,36.51,36.31,1645.0
2015-12-15,112.8609,0.98,2.28,1.3,20.95,0.15,37.66,37.32,1626.0
2015-12-16,112.9864,1.02,2.3,1.28,17.86,0.15,36.96,35.55,1640.0
2015-12-17,113.8177,1.0,2.24,1.24,18.94,0.37,36.29,34.98,1629.0
2015-12-18,113.2837,0.97,2.19,1.22,20.7,0.37,36.76,34.72,1657.0
2015-12-19,,,,,,0.37,,,
2015-12-20,,,,,,0.37,,,
2015-12-21,113.4144,0.96,2.2,1.24,18.7,0.36,35.34,34.55,1664.25
2015-12-22,113.211,0.99,2.24,1.25,16.6,0.36,35.26,36.12,1654.5
2015-12-23,113.1847,1.01,2.27,1.26,15.57,0.36,35.79,36.76,1680.0
2015-12-24,113.0496,1.03,2.25,1.22,15.74,0.36,37.22,37.62,1697.75
2015-12-25,,,,,,0.36,,,
2015-12-26,,,,,,0.36,,,
2015-12-27,,,,,,0.36,,,
2015-12-28,113.0461,1.05,2.24,1.19,16.91,0.36,37.08,36.36,1697.75
2015-12-29,113.1664,1.09,2.32,1.23,16.08,0.36,36.85,37.88,1670.75
2015-12-30,113.4707,1.08,2.31,1.23,17.29,0.35,35.65,36.59,1661.25
2015-12-31,113.3429,1.06,2.27,1.21,18.21,0.2,36.61,37.13,1634.5
2016-01-01,,,,,,0.2,,,
2016-01-02,,,,,,0.2,,,
2016-01-03,,,,,,0.2,,,
2016-01-04,114.1595,1.02,2.24,1.22,20.7,0.36,36.28,36.81,1601.5
2016-01-05,114.2649,1.04,2.25,1.21,19.34,0.36,35.56,35.97,1593.25
2016-01-06,114.6177,0.99,2.18,1.19,20.59,0.36,33.89,33.97,1607.0
2016-01-07,114.6516,0.96,2.16,1.2,24.99,0.36,33.57,33.29,1607.75
2016-01-08,115.0095,0.94,2.13,1.19,27.01,0.36,31.67,33.2,1624.5
2016-01-09,,,,,,0.36,,,
2016-01-10,,,,,,0.36,,,
2016-01-11,115.0139,0.94,2.17,1.23,24.3,0.36,30.14,31.42,1596.5
2016-01-12,115.3128,0.93,2.12,1.19,22.47,0.36,29.14,30.42,1584.5
2016-01-13,115.1425,0.91,2.08,1.17,25.22,0.36,28.58,30.42,1599.75
2016-01-14,115.3846,0.9,2.1,1.2,23.95,0.36,28.84,31.22,1621.25
2016-01-15,115.7404,0.85,2.03,1.18,27.02,0.36,28.8,29.45,1609.5
2016-01-16,,,,,,0.36,,,
2016-01-17,,,,,,0.36,,,
2016-01-18,,,,,,0.36,27.36,,
2016-01-19,115.8155,0.88,2.06,1.18,26.05,0.36,27.36,28.47,1620.0
2016-01-20,116.3498,0.85,2.01,1.16,27.59,0.37,26.01,26.68,1605.5
2016-01-21,115.9833,0.84,2.02,1.18,26.69,0.37,27.59,29.55,1618.75
2016-01-22,,0.88,2.07,1.19,22.34,0.38,30.46,32.07,1620.0
2016-01-23,,,,,,0.38,,,
2016-01-24,,,,,,0.38,,,
2016-01-25,,0.88,2.03,1.15,24.15,0.38,29.82,30.31,1612.25
2016-01-26,,0.85,2.01,1.16,22.5,0.38,30.94,29.54,1627.75
2016-01-27,115.5087,0.84,2.02,1.18,23.11,0.38,31.83,32.32,1650.0
2016-01-28,115.2224,0.83,2.0,1.17,22.42,0.38,33.01,33.21,1639.75
2016-01-29,115.5731,0.76,1.94,1.18,20.2,0.29,33.14,33.66,1643.25
2016-01-30,,,,,,0.29,,,
2016-01-31,,,,,,0.29,,,
2016-02-01,115.3331,0.81,1.97,1.16,19.98,0.38,32.45,31.62,1646.75
2016-02-02,115.553,0.75,1.87,1.12,21.98,0.38,30.98,29.9,1628.75
2016-02-03,114.6144,0.72,1.88,1.16,21.65,0.38,32.38,32.29,1645.0
2016-02-04,113.6012,0.7,1.87,1.17,21.84,0.38,32.76,31.63,1652.25
2016-02-05,114.2935,0.74,1.86,1.12,23.38,0.38,32.35,30.86,1611.25
2016-02-06,,,,,,0.38,,,
2016-02-07,,,,,,0.38,,,
2016-02-08,114.4351,0.66,1.75,1.09,26.0,0.38,31.64,29.71,1617.25
2016-02-09,114.127,0.69,1.74,1.05,26.54,0.38,30.15,27.96,1591.75
2016-02-10,114.2877,0.71,1.71,1.0,26.29,0.38,29.64,27.54,1588.0
2016-02-11,114.1845,0.64,1.63,0.99,28.14,0.38,28.82,26.19,1592.5
2016-02-12,114.2992,0.71,1.74,1.03,25.4,0.38,31.8,29.32,1604.25
2016-02-13,,,,,,0.38,,,
2016-02-14,,,,,,0.38,,,
2016-02-15,,,,,,0.38,,,
2016-02-16,114.4905,0.74,1.78,1.04,24.11,0.38,31.09,29.05,1626.0
2016-02-17,113.8634,0.74,1.81,1.07,22.31,0.37,33.21,30.68,1615.25
2016-02-18,113.8897,0.71,1.75,1.04,21.64,0.38,33.2,30.77,1612.25
2016-02-19,113.9558,0.76,1.76,1.0,20.53,0.38,31.66,29.59,1630.75
2016-02-20,,,,,,0.38,,,
2016-02-21,,,,,,0.38,,,
2016-02-22,113.8232,0.78,1.77,0.99,19.38,0.38,33.59,31.37,1662.5
2016-02-23,114.177,0.76,1.74,0.98,20.98,0.38,31.9,31.84,1631.25
2016-02-24,114.1716,0.75,1.75,1.0,20.72,0.38,31.5,30.35,1654.0
2016-02-25,113.9222,0.72,1.71,0.99,19.11,0.37,32.83,31.4,1644.5
2016-02-26,114.3708,0.8,1.76,0.96,19.81,0.37,35.76,31.65,1644.5
2016-02-27,,,,,,0.37,,,
2016-02-28,,,,,,0.37,,,
2016-02-29,114.2418,0.78,1.74,0.96,20.55,0.29,35.92,32.74,1656.0
2016-03-01,113.9265,0.85,1.83,0.98,17.7,0.36,35.73,34.39,1653.75
2016-03-02,113.7965,0.85,1.84,0.99,17.09,0.37,36.38,34.57,1669.25
2016-03-03,113.2482,0.85,1.83,0.98,16.7,0.37,35.75,34.56,1663.25
2016-03-04,112.6387,0.88,1.88,1.0,16.86,0.36,37.61,35.91,1673.0
2016-03-05,,,,,,0.36,,,
2016-03-06,,,,,,0.36,,,
2016-03-07,112.6219,0.91,1.91,1.0,17.35,0.36,39.02,37.9,1691.25
2016-03-08,112.8465,0.88,1.83,0.95,18.67,0.36,39.16,36.67,1659.0
2016-03-09,112.4268,0.9,1.9,1.0,18.34,0.36,40.26,37.62,1673.0
2016-03-10,112.4191,0.93,1.93,1.0,18.05,0.36,38.63,37.77,1652.25
2016-03-11,111.741,0.97,1.98,1.01,16.5,0.36,39.41,38.51,1652.25
2016-03-12,,,,,,0.36,,,
2016-03-13,,,,,,0.36,,,
2016-03-14,112.1688,0.97,1.97,1.0,16.92,0.36,38.06,37.2,1633.75
2016-03-15,112.5545,0.98,1.97,0.99,16.84,0.37,37.49,36.32,1615.5
2016-03-16,112.7759,0.87,1.94,1.07,14.99,0.37,38.38,38.43,1604.5
2016-03-17,110.445,0.87,1.91,1.04,14.44,0.37,39.29,40.17,1615.25
2016-03-18,110.4002,0.84,1.88,1.04,14.02,0.37,39.26,39.47,1606.25
2016-03-19,,,,,,0.37,,,
2016-03-20,,,,,,0.37,,,
2016-03-21,110.737,0.87,1.92,1.05,13.79,0.37,39.91,39.91,1610.0
2016-03-22,110.7877,0.91,1.94,1.03,14.17,0.37,40.54,41.45,1594.0
2016-03-23,111.5473,0.87,1.88,1.01,14.94,0.37,38.84,38.28,1582.75
2016-03-24,111.816,0.89,1.91,1.02,14.74,0.37,38.33,38.14,1578.0
2016-03-25,111.7698,,,,,0.37,,,
2016-03-26,,,,,,0.37,,,
2016-03-27,,,,,,0.37,,,
2016-03-28,111.3578,0.89,1.89,1.0,15.24,0.37,38.33,37.99,1578.0
2016-03-29,111.3736,0.78,1.81,1.03,13.82,0.37,36.75,36.91,1580.25
2016-03-30,110.2301,0.76,1.83,1.07,13.56,0.37,36.75,36.91,1590.0
2016-03-31,109.9191,0.73,1.78,1.05,13.95,0.25,36.75,36.94,1603.25
2016-04-01,110.2977,0.76,1.79,1.03,13.1,0.37,36.42,35.36,1611.75
2016-04-02,,,,,,0.37,,,
2016-04-03,,,,,,0.37,,,
2016-04-04,110.3987,0.75,1.78,1.03,14.12,0.37,36.05,34.3,1608.75
2016-04-05,110.9478,0.72,1.73,1.01,15.42,0.37,35.88,34.52,1598.5
2016-04-06,110.5347,0.73,1.76,1.03,14.09,0.37,37.77,37.74,1589.75
2016-04-07,110.8876,0.7,1.7,1.0,16.16,0.37,37.15,37.3,1578.25
2016-04-08,110.4213,0.7,1.72,1.02,15.36,0.37,40.71,39.74,1594.0
2016-04-09,,,,,,0.37,,,
2016-04-10,,,,,,0.37,,,
2016-04-11,109.9758,0.7,1.73,1.03,16.26,0.37,41.58,40.46,1578.75
2016-04-12,109.816,0.74,1.79,1.05,14.85,0.37,43.02,42.12,1602.0
2016-04-13,110.1436,0.75,1.77,1.02,13.84,0.37,42.81,41.7,1628.5
2016-04-14,110.1691,0.77,1.8,1.03,13.72,0.37,43.02,41.45,1629.5
2016-04-15,110.1933,0.74,1.76,1.02,13.62,0.37,41.32,40.4,1624.75
2016-04-16,,,,,,0.37,,,
2016-04-17,,,,,,0.37,,,
2016-04-18,109.9892,0.75,1.78,1.03,13.35,0.37,41.64,39.74,1639.0
2016-04-19,109.2782,0.77,1.79,1.02,13.24,0.37,43.02,40.88,1658.25
2016-04-20,109.3926,0.8,1.85,1.05,13.28,0.37,43.09,42.72,1691.75
2016-04-21,109.8533,0.82,1.88,1.06,13.95,0.37,43.48,43.18,1702.25
2016-04-22,110.2331,0.84,1.89,1.05,13.22,0.37,43.97,42.76,1719.25
2016-04-23,,,,,,0.37,,,
2016-04-24,,,,,,0.37,,,
2016-04-25,110.1865,0.85,1.91,1.06,14.08,0.37,42.97,41.67,1722.25
2016-04-26,109.7496,0.86,1.94,1.08,13.96,0.37,43.94,42.52,1714.75
2016-04-27,109.8483,0.83,1.87,1.04,13.77,0.37,44.17,45.29,1708.0
2016-04-28,109.2148,0.78,1.84,1.06,15.22,0.37,45.6,46.03,1726.0
2016-04-29,108.8274,0.77,1.83,1.06,15.7,0.3,45.64,45.98,1732.75
2016-04-30,,,,,,0.3,,,
2016-05-01,,,,,,0.3,,,
2016-05-02,108.671,0.8,1.88,1.08,14.68,0.37,45.82,44.75,1732.75
2016-05-03,109.3613,0.75,1.81,1.06,15.6,0.37,43.09,43.65,1692.25
2016-05-04,109.9952,0.75,1.79,1.04,16.05,0.37,43.08,43.77,1687.75
2016-05-05,110.2417,0.72,1.76,1.04,15.91,0.37,44.39,44.33,1666.0
2016-05-06,110.3801,0.74,1.79,1.05,14.72,0.37,44.6,44.58,1663.75
2016-05-07,,,,,,0.37,,,
2016-05-08,,,,,,0.37,,,
2016-05-09,110.9466,0.72,1.77,1.05,14.57,0.37,42.43,43.45,1630.5
2016-05-10,110.8225,0.72,1.77,1.05,13.63,0.37,44.01,44.68,1624.75
2016-05-11,110.2806,0.74,1.73,0.99,14.69,0.37,46.08,46.21,1633.25
2016-05-12,110.6935,0.76,1.75,0.99,14.41,0.37,46.43,46.64,1612.25
2016-05-13,111.2521,0.76,1.71,0.95,15.04,0.37,47.05,46.22,1600.25
2016-05-14,,,,,,0.37,,,
2016-05-15,,,,,,0.37,,,
2016-05-16,111.1217,0.79,1.75,0.96,14.68,0.37,48.49,47.72,1608.75
2016-05-17,111.0867,0.82,1.76,0.94,15.57,0.37,48.71,48.29,1604.75
2016-05-18,111.4995,0.9,1.87,0.97,15.95,0.37,48.93,48.12,1609.25
2016-05-19,112.2331,0.89,1.85,0.96,16.33,0.37,47.01,48.16,1605.25
2016-05-20,112.1822,0.89,1.85,0.96,15.2,0.37,48.54,47.67,1604.0
2016-05-21,,,,,,0.37,,,
2016-05-22,,,,,,0.37,,,
2016-05-23,112.284,0.91,1.84,0.93,15.82,0.37,47.77,48.12,1610.25
2016-05-24,112.2912,0.92,1.86,0.94,14.42,0.37,48.42,48.04,1609.5
2016-05-25,112.2001,0.92,1.87,0.95,13.9,0.37,48.87,49.1,1595.25
2016-05-26,111.8979,0.87,1.83,0.96,13.43,0.37,49.52,49.0,1613.5
2016-05-27,112.0822,0.9,1.85,0.95,13.12,0.37,49.09,49.36,1607.75
2016-05-28,,,,,,0.37,,,
2016-05-29,,,,,,0.37,,,
2016-05-30,,,,,,0.37,,,
2016-05-31,112.4276,0.87,1.84,0.97,14.19,0.29,49.26,49.1,1609.75
2016-06-01,112.462,0.91,1.85,0.94,14.2,0.37,48.81,49.07,1618.0
2016-06-02,112.4564,0.89,1.81,0.92,13.63,0.37,49.05,49.14,1594.25
2016-06-03,111.4451,0.78,1.71,0.93,13.47,0.37,48.5,48.69,1598.5
2016-06-04,,,,,,0.37,,,
2016-06-05,,,,,,0.37,,,
2016-06-06,111.2295,0.8,1.73,0.93,13.65,0.37,48.94,49.71,1606.0
2016-06-07,110.8378,0.78,1.72,0.94,14.05,0.37,49.76,50.37,1610.5
2016-06-08,110.1916,0.78,1.71,0.93,14.08,0.37,50.73,51.23,1656.5
2016-06-09,110.6168,0.77,1.68,0.91,14.64,0.37,50.59,50.52,1631.0
2016-06-10,111.1027,0.73,1.64,0.91,17.03,0.37,49.7,49.09,1629.0
2016-06-11,,,,,,0.37,,,
2016-06-12,,,,,,0.37,,,
2016-06-13,111.5036,0.73,1.62,0.89,20.97,0.37,49.36,48.89,1656.25
2016-06-14,111.9826,0.74,1.62,0.88,20.5,0.37,47.88,48.49,1665.75
2016-06-15,111.7671,0.69,1.6,0.91,20.14,0.37,47.47,47.92,1683.25
2016-06-16,112.2347,0.7,1.57,0.87,19.37,0.38,45.66,46.14,1652.75
2016-06-17,111.5332,0.7,1.62,0.92,19.41,0.38,46.57,48.0,1666.25
2016-06-18,,,,,,0.38,,,
2016-06-19,,,,,,0.38,,,
2016-06-20,110.8693,0.74,1.67,0.93,18.37,0.38,48.68,49.4,1683.25
2016-06-21,111.0077,0.76,1.71,0.95,18.48,0.38,48.18,48.95,1686.5
2016-06-22,110.7681,0.75,1.69,0.94,21.17,0.38,48.43,49.16,1680.75
2016-06-23,110.262,0.78,1.74,0.96,17.25,0.39,48.63,49.34,1690.25
2016-06-24,112.1355,0.64,1.57,0.93,25.76,0.4,46.69,46.7,1665.5
2016-06-25,,,,,,0.4,,,
2016-06-26,,,,,,0.4,,,
2016-06-27,113.1301,0.61,1.46,0.85,23.85,0.41,45.07,45.8,1643.25
2016-06-28,112.7545,0.61,1.46,0.85,18.75,0.41,46.29,47.93,1667.25
2016-06-29,111.8597,0.62,1.5,0.88,16.64,0.41,48.4,49.85,1678.75
2016-06-30,112.1618,0.58,1.49,0.91,15.63,0.3,48.05,48.27,1688.75
2016-07-01,111.6509,0.59,1.46,0.87,14.77,0.41,47.65,49.02,1704.75
2016-07-02,,,,,,0.41,,,
2016-07-03,,,,,,0.41,,,
2016-07-04,,,,,,0.41,48.02,,
2016-07-05,112.4231,0.56,1.37,0.81,15.58,0.4,45.64,46.73,1685.75
2016-07-06,112.5438,0.58,1.38,0.8,14.96,0.4,45.7,47.37,1691.75
2016-07-07,112.5775,0.58,1.4,0.82,14.76,0.4,45.93,45.22,1679.0
2016-07-08,112.3963,0.61,1.37,0.76,13.2,0.4,44.53,45.37,1699.0
2016-07-09,,,,,,0.4,,,
2016-07-10,,,,,,0.4,,,
2016-07-11,112.5254,0.66,1.43,0.77,13.54,0.4,44.04,44.73,1689.0
2016-07-12,112.1102,0.69,1.53,0.84,13.55,0.4,46.72,46.82,1714.0
2016-07-13,112.0266,0.68,1.48,0.8,13.04,0.4,44.67,44.87,1710.5
2016-07-14,111.7692,0.68,1.53,0.85,12.82,0.4,46.01,45.64,1719.0
2016-07-15,112.2833,0.71,1.6,0.89,12.67,0.4,46.25,45.93,1708.25
2016-07-16,,,,,,0.4,,,
2016-07-17,,,,,,0.4,,,
2016-07-18,112.2463,0.68,1.59,0.91,12.44,0.4,45.35,45.23,1686.5
2016-07-19,112.638,0.7,1.56,0.86,11.97,0.4,45.7,44.64,1679.0
2016-07-20,112.6743,0.73,1.59,0.86,11.77,0.4,45.82,44.96,1648.75
2016-07-21,112.6239,0.7,1.57,0.87,12.74,0.4,44.99,43.96,1632.75
2016-07-22,112.989,0.71,1.57,0.86,12.02,0.4,44.24,43.41,1642.25
2016-07-23,,,,,,0.4,,,
2016-07-24,,,,,,0.4,,,
2016-07-25,113.1784,0.72,1.58,0.86,12.87,0.4,43.76,42.4,1642.75
2016-07-26,113.0593,0.75,1.57,0.82,13.05,0.4,43.56,42.16,1627.5
2016-07-27,113.217,0.73,1.52,0.79,12.83,0.4,42.78,41.9,1632.0
2016-07-28,112.7393,0.72,1.52,0.8,12.72,0.4,41.87,41.13,1643.0
2016-07-29,111.874,0.67,1.46,0.79,11.87,0.3,40.76,41.54,1674.5
2016-07-30,,,,,,0.3,,,
2016-07-31,,,,,,0.3,,,
2016-08-01,111.9757,0.67,1.51,0.84,12.44,0.4,40.17,40.05,1668.0
2016-08-02,111.7124,0.67,1.55,0.88,13.37,0.4,40.0,39.5,1661.0
2016-08-03,111.9419,0.67,1.55,0.88,12.86,0.4,40.45,40.8,1673.75
2016-08-04,111.9149,0.64,1.51,0.87,12.42,0.4,41.33,41.92,1661.75
2016-08-05,112.3589,0.72,1.59,0.87,11.39,0.4,42.47,41.83,1681.5
2016-08-06,,,,,,0.4,,,
2016-08-07,,,,,,0.4,,,
2016-08-08,112.1456,0.74,1.59,0.85,11.5,0.4,43.24,43.06,1678.0
2016-08-09,111.722,0.71,1.55,0.84,11.66,0.4,43.37,42.78,1686.0
2016-08-10,111.3238,0.69,1.5,0.81,12.05,0.4,42.19,41.75,1692.0
2016-08-11,111.1954,0.76,1.57,0.81,11.68,0.4,44.23,43.51,1696.75
2016-08-12,111.1787,0.71,1.51,0.8,11.55,0.4,45.12,44.47,1696.5
2016-08-13,,,,,,0.4,,,
2016-08-14,,,,,,0.4,,,
2016-08-15,110.9212,0.72,1.55,0.83,11.81,0.4,47.31,45.72,1715.25
2016-08-16,110.4295,0.76,1.57,0.81,12.64,0.4,48.27,46.57,1728.75
2016-08-17,110.9459,0.74,1.56,0.82,12.19,0.4,48.58,46.81,1722.75
2016-08-18,110.3134,0.71,1.53,0.82,11.43,0.4,49.46,48.2,1717.0
2016-08-19,110.8163,0.76,1.58,0.82,11.34,0.4,49.39,48.48,1707.75
2016-08-20,,,,,,0.4,,,
2016-08-21,,,,,,0.4,,,
2016-08-22,110.9997,0.76,1.55,0.79,12.27,0.4,48.1,46.8,1707.75
2016-08-23,110.9414,0.74,1.55,0.81,12.38,0.4,48.7,47.54,1710.25
2016-08-24,111.2958,0.76,1.56,0.8,13.45,0.4,47.56,46.29,1689.0
2016-08-25,111.1726,0.78,1.58,0.8,13.63,0.4,49.25,46.97,1687.75
2016-08-26,111.2035,0.84,1.62,0.78,13.65,0.4,49.66,47.64,1687.25
2016-08-27,,,,,,0.4,,,
2016-08-28,,,,,,0.4,,,
2016-08-29,111.8775,0.81,1.57,0.76,12.94,0.4,49.66,46.97,1687.25
2016-08-30,112.2928,0.8,1.57,0.77,13.12,0.4,47.94,46.32,1668.75
2016-08-31,112.4036,0.8,1.58,0.78,13.42,0.3,47.94,44.68,1659.75
2016-09-01,112.1733,0.78,1.57,0.79,13.48,0.4,45.05,43.17,1658.0
2016-09-02,112.0009,0.8,1.6,0.8,11.98,0.4,45.96,44.39,1644.75
2016-09-03,,,,,,0.4,,,
2016-09-04,,,,,,0.4,,,
2016-09-05,,,,,,0.4,46.72,,
2016-09-06,110.9613,0.74,1.55,0.81,12.02,0.4,46.21,44.85,
2016-09-07,110.9717,0.74,1.54,0.8,11.94,0.4,47.0,45.47,
2016-09-08,111.2609,0.78,1.61,0.83,12.51,0.4,49.23,47.63,
2016-09-09,111.9879,0.79,1.67,0.88,17.5,0.4,48.37,45.88,
2016-09-10,,,,,,0.4,,,
2016-09-11,,,,,,0.4,,,
2016-09-12,112.1516,0.79,1.68,0.89,15.16,0.4,47.82,46.28,
2016-09-13,112.5207,0.8,1.73,0.93,17.85,0.4,46.48,44.91,
2016-09-14,112.4678,0.77,1.7,0.93,18.14,0.4,45.65,43.62,
2016-09-15,112.4753,0.74,1.71,0.97,16.3,0.4,45.83,43.85,
2016-09-16,113.1765,0.77,1.7,0.93,15.37,0.4,45.26,43.04,
2016-09-17,,,,,,0.4,,,
2016-09-18,,,,,,0.4,,,
2016-09-19,112.903,0.79,1.7,0.91,15.53,0.4,46.04,43.34,
2016-09-20,113.1848,0.79,1.69,0.9,15.92,0.4,45.24,43.85,
2016-09-21,112.9842,0.79,1.66,0.87,13.3,0.4,45.99,45.33,
2016-09-22,112.2592,0.79,1.63,0.84,12.02,0.4,47.21,46.1,
2016-09-23,112.7166,0.77,1.62,0.85,12.29,0.4,46.71,44.36,
2016-09-24,,,,,,0.4,,,
2016-09-25,,,,,,0.4,,,
2016-09-26,112.7112,0.76,1.59,0.83,14.5,0.4,46.61,45.6,
2016-09-27,112.5515,0.75,1.56,0.81,13.1,0.4,44.95,44.65,
2016-09-28,112.6283,0.75,1.57,0.82,12.39,0.4,45.49,47.07,
2016-09-29,112.2879,0.73,1.56,0.83,14.02,0.4,48.43,47.72,1726.25
2016-09-30,112.2795,0.77,1.6,0.83,13.29,0.29,48.24,47.72,1736.25
2016-10-01,,,,,,0.29,,,
2016-10-02,,,,,,0.29,,,
2016-10-03,112.5077,0.8,1.63,0.83,13.57,0.4,48.61,48.8,1729.0
2016-10-04,112.6579,0.82,1.69,0.87,13.63,0.4,48.81,48.67,1731.5
2016-10-05,112.7946,0.85,1.72,0.87,12.99,0.4,49.57,49.75,1741.75
2016-10-06,113.0066,0.86,1.75,0.89,12.84,0.4,50.14,50.44,
2016-10-07,113.2915,0.83,1.73,0.9,13.48,0.4,50.49,49.76,
2016-10-08,,,,,,0.4,,,
2016-10-09,,,,,,0.4,,,
2016-10-10,,,,,13.38,0.4,51.54,49.76,
2016-10-11,113.4461,0.87,1.77,0.9,15.36,0.41,50.48,50.72,
2016-10-12,113.7442,0.87,1.79,0.92,15.91,0.41,49.53,50.14,
2016-10-13,113.6238,0.85,1.75,0.9,16.69,0.41,49.29,50.47,
2016-10-14,113.7119,0.84,1.8,0.96,16.12,0.41,48.87,50.35,
2016-10-15,,,,,,0.41,,,
2016-10-16,,,,,,0.41,,,
2016-10-17,113.5488,0.81,1.77,0.96,16.21,0.41,49.31,49.97,
2016-10-18,113.1393,0.82,1.75,0.93,15.28,0.41,49.81,50.3,
2016-10-19,113.0547,0.81,1.76,0.95,14.41,0.41,51.85,51.59,
2016-10-20,113.4033,0.84,1.76,0.92,13.75,0.41,50.42,50.31,
2016-10-21,113.9015,0.84,1.74,0.9,13.34,0.41,50.28,50.61,
2016-10-22,,,,,,0.41,,,
2016-10-23,,,,,,0.41,,,
2016-10-24,113.8571,0.84,1.77,0.93,13.02,0.41,49.8,50.18,
2016-10-25,113.6801,0.86,1.77,0.91,13.46,0.41,49.08,49.45,
2016-10-26,113.8131,0.86,1.79,0.93,14.24,0.41,48.98,48.75,
2016-10-27,114.1998,0.87,1.85,0.98,15.36,0.41,49.13,49.71,
2016-10-28,114.0931,0.86,1.86,1.0,16.19,0.41,47.78,48.72,1793.75
2016-10-29,,,,,,0.41,,,
2016-10-30,,,,,,0.41,,,
2016-10-31,114.0188,0.86,1.84,0.98,17.06,0.31,46.2,46.83,1806.0
2016-11-01,113.9915,0.83,1.83,1.0,18.56,0.41,45.77,46.66,1791.25
2016-11-02,113.9206,0.81,1.81,1.0,19.32,0.41,44.26,45.32,1777.25
2016-11-03,113.7664,0.81,1.82,1.01,22.08,0.41,43.84,44.66,1813.5
2016-11-04,113.5828,0.8,1.79,0.99,22.51,0.41,43.06,44.07,1796.25
2016-11-05,,,,,,0.41,,,
2016-11-06,,,,,,0.41,,,
2016-11-07,113.5443,0.82,1.83,1.01,18.71,0.41,42.83,44.88,1811.75
2016-11-08,113.3017,0.87,1.88,1.01,18.74,0.41,43.47,44.96,1816.75
2016-11-09,114.6956,0.9,2.07,1.17,14.38,0.41,43.88,45.2,1847.25
2016-11-10,115.9375,0.92,2.15,1.23,14.74,0.41,43.67,44.62,1867.5
2016-11-11,,,,,14.17,0.41,41.61,43.39,
2016-11-12,,,,,,0.41,,,
2016-11-13,,,,,,0.41,,,
2016-11-14,117.2245,1.0,2.23,1.23,14.48,0.41,41.83,43.29,1849.5
2016-11-15,116.7724,1.02,2.23,1.21,13.37,0.41,44.15,45.86,1849.5
2016-11-16,116.8062,1.0,2.22,1.22,13.72,0.41,45.07,45.56,1813.0
2016-11-17,116.8952,1.04,2.29,1.25,13.35,0.41,44.57,45.37,1808.5
2016-11-18,117.5936,1.07,2.34,1.27,12.85,0.41,44.41,45.69,1824.0
2016-11-19,,,,,,0.41,,,
2016-11-20,,,,,,0.41,,,
2016-11-21,117.4762,1.08,2.33,1.25,12.42,0.41,45.96,47.48,1840.75
2016-11-22,117.4508,1.07,2.31,1.24,12.41,0.41,46.1,48.07,1876.75
2016-11-23,118.0356,1.12,2.36,1.24,12.43,0.41,46.54,46.72,1895.25
2016-11-24,,,,,,0.41,47.54,,
2016-11-25,118.02,1.12,2.36,1.24,12.34,0.41,46.32,46.72,1866.5
2016-11-26,,,,,,0.41,,,
2016-11-27,,,,,,0.41,,,
2016-11-28,117.7278,1.11,2.32,1.21,13.15,0.41,46.64,45.66,1877.5
2016-11-29,117.644,1.09,2.3,1.21,12.9,0.41,44.68,45.29,1842.0
2016-11-30,117.7636,1.11,2.37,1.26,13.33,0.31,47.95,49.41,1858.5
2016-12-01,117.6642,1.14,2.45,1.31,14.07,0.41,52.28,51.08,1842.0
2016-12-02,117.3116,1.11,2.4,1.29,14.12,0.41,52.35,51.7,1841.25
2016-12-03,,,,,,0.41,,,
2016-12-04,,,,,,0.41,,,
2016-12-05,117.1008,1.13,2.39,1.26,12.14,0.41,53.3,51.72,1859.25
2016-12-06,116.9225,1.12,2.39,1.27,11.79,0.41,52.31,50.95,1826.0
2016-12-07,116.672,1.1,2.34,1.24,12.22,0.41,51.9,49.85,1818.75
2016-12-08,117.0327,1.12,2.4,1.28,12.64,0.41,51.6,50.84,1828.75
2016-12-09,117.2834,1.15,2.47,1.32,11.75,0.41,52.19,51.51,1855.25
2016-12-10,,,,,,0.41,,,
2016-12-11,,,,,,0.41,,,
2016-12-12,116.9161,1.15,2.49,1.34,12.64,0.41,53.99,52.74,1841.0
2016-12-13,116.8029,1.17,2.48,1.31,12.72,0.41,53.28,52.99,1850.0
2016-12-14,116.7332,1.27,2.54,1.27,13.19,0.41,53.15,51.01,1851.75
2016-12-15,118.8072,1.29,2.6,1.31,12.79,0.66,51.72,50.9,1852.5
2016-12-16,118.3584,1.28,2.6,1.32,12.2,0.66,54.15,51.93,1831.25
2016-12-17,,,,,,0.66,,,
2016-12-18,,,,,,0.66,,,
2016-12-19,118.3875,1.24,2.54,1.3,11.71,0.66,53.53,52.13,1823.0
2016-12-20,118.63,1.25,2.57,1.32,11.45,0.66,54.56,52.22,1829.5
2016-12-21,118.581,1.21,2.55,1.34,11.27,0.66,53.01,51.44,1829.5
2016-12-22,118.8209,1.22,2.55,1.33,11.43,0.66,54.04,51.98,1829.5
2016-12-23,118.7856,1.22,2.55,1.33,11.44,0.66,53.93,52.01,1829.5
2016-12-24,,,,,,0.66,,,
2016-12-25,,,,,,0.66,,,
2016-12-26,,,,,,0.66,,,
2016-12-27,118.9506,1.28,2.57,1.29,11.99,0.66,,52.82,1829.5
2016-12-28,119.2305,1.26,2.51,1.25,12.95,0.66,54.95,54.01,1811.75
2016-12-29,118.6637,1.22,2.49,1.27,13.37,0.66,54.97,53.8,1794.0
2016-12-30,118.3466,1.2,2.45,1.25,14.04,0.55,54.96,53.75,1794.0
2016-12-31,,,,,,0.55,,,
2017-01-01,,,,,,0.55,,,
2017-01-02,,,,,,0.55,,,
2017-01-03,119.0903,1.22,2.45,1.23,12.85,0.66,55.05,52.36,1792.5
2017-01-04,118.8803,1.24,2.46,1.22,11.85,0.66,54.57,53.26,1793.75
2017-01-05,117.9999,1.17,2.37,1.2,11.67,0.66,54.99,53.77,1810.25
2017-01-06,118.3495,1.22,2.42,1.2,11.32,0.66,55.9,53.98,1803.0
2017-01-07,,,,,,0.66,,,
2017-01-08,,,,,,0.66,,,
2017-01-09,118.4111,1.21,2.38,1.17,11.56,0.66,54.39,51.95,1820.25
2017-01-10,118.5386,1.19,2.38,1.19,11.49,0.66,53.2,50.82,1842.75
2017-01-11,119.0219,1.2,2.38,1.18,11.26,0.66,53.61,52.19,1858.75
2017-01-12,117.8001,1.18,2.36,1.18,11.54,0.66,54.51,53.01,1886.5
2017-01-13,117.9884,1.21,2.4,1.19,11.23,0.66,54.37,52.36,1902.5
2017-01-14,,,,,,0.66,,,
2017-01-15,,,,,,0.66,,,
2017-01-16,,,,,,0.66,54.3,,
2017-01-17,117.2656,1.17,2.33,1.16,11.87,0.66,54.68,52.45,1910.5
2017-01-18,117.7242,1.23,2.42,1.19,12.48,0.66,53.77,51.12,1957.75
2017-01-19,118.3182,1.25,2.47,1.22,12.78,0.66,53.18,51.39,1952.25
2017-01-20,,1.2,2.48,1.28,11.54,0.66,55.04,52.33,1964.0
2017-01-21,,,,,,0.66,,,
2017-01-22,,,,,,0.66,,,
2017-01-23,117.2479,1.16,2.41,1.25,11.77,0.66,54.8,52.77,1964.5
2017-01-24,117.0516,1.21,2.47,1.26,11.07,0.66,54.7,52.38,1980.75
2017-01-25,116.9355,1.23,2.53,1.3,10.81,0.66,54.34,52.14,1948.0
2017-01-26,117.2766,1.21,2.51,1.3,10.63,0.66,55.89,53.24,1929.25
2017-01-27,117.0735,1.22,2.49,1.27,10.58,0.66,54.8,53.18,1923.25
2017-01-28,,,,,,0.66,,,
2017-01-29,,,,,,0.66,,,
2017-01-30,116.7325,1.22,2.49,1.27,11.88,0.66,54.77,52.63,1912.0
2017-01-31,116.2241,1.19,2.45,1.26,11.99,0.56,55.25,52.75,1925.0
2017-02-01,116.3914,1.22,2.48,1.26,11.81,0.66,55.79,53.9,1920.75
2017-02-02,115.903,1.21,2.48,1.27,11.93,0.66,55.94,53.55,1930.25
2017-02-03,115.6259,1.21,2.49,1.28,10.97,0.66,55.92,53.81,1935.0
2017-02-04,,,,,,0.66,,,
2017-02-05,,,,,,0.66,,,
2017-02-06,116.0504,1.16,2.42,1.26,11.37,0.66,55.02,53.01,1949.0
2017-02-07,116.4082,1.16,2.4,1.24,11.29,0.66,53.79,52.19,1940.0
2017-02-08,116.1382,1.15,2.34,1.19,11.45,0.66,54.42,52.37,1957.0
2017-02-09,116.306,1.2,2.4,1.2,10.88,0.66,53.98,52.99,1956.75
2017-02-10,116.148,1.2,2.41,1.21,10.85,0.66,55.2,53.84,1975.75
2017-02-11,,,,,,0.66,,,
2017-02-12,,,,,,0.66,,,
2017-02-13,116.3427,1.2,2.43,1.23,11.07,0.66,54.15,52.96,1973.0
2017-02-14,116.3949,1.25,2.47,1.22,10.74,0.66,54.96,53.21,1995.25
2017-02-15,116.2162,1.27,2.51,1.24,11.97,0.66,54.57,53.11,2017.25
2017-02-16,116.0067,1.22,2.45,1.23,11.76,0.66,54.16,53.41,2001.25
2017-02-17,116.4035,1.21,2.42,1.21,11.49,0.66,54.48,53.41,1985.75
2017-02-18,,,,,,0.66,,,
2017-02-19,,,,,,0.66,,,
2017-02-20,,,,,,0.66,55.25,,
2017-02-21,116.5921,1.22,2.43,1.21,11.57,0.66,56.34,54.02,1990.25
2017-02-22,116.2136,1.22,2.42,1.2,11.74,0.66,54.9,53.61,1989.0
2017-02-23,115.6527,1.18,2.38,1.2,11.71,0.66,55.82,54.48,1965.0
2017-02-24,115.8143,1.12,2.31,1.19,11.47,0.66,54.69,53.99,1984.75
2017-02-25,,,,,,0.66,,,
2017-02-26,,,,,,0.66,,,
2017-02-27,115.6764,1.2,2.36,1.16,12.09,0.66,54.65,54.04,1994.25
2017-02-28,116.0032,1.22,2.36,1.14,12.92,0.57,53.36,54.0,2018.25
2017-03-01,116.438,1.29,2.46,1.17,12.54,0.66,55.72,53.82,2044.75
2017-03-02,116.8429,1.32,2.49,1.17,11.81,0.66,54.16,52.63,1998.75
2017-03-03,116.6438,1.32,2.49,1.17,10.96,0.66,54.12,53.33,1936.0
2017-03-04,,,,,,0.66,,,
2017-03-05,,,,,,0.66,,,
2017-03-06,116.4313,1.31,2.49,1.18,11.24,0.66,54.73,53.19,1958.0
2017-03-07,116.4303,1.32,2.52,1.2,11.45,0.66,54.61,52.68,1950.5
2017-03-08,116.875,1.36,2.57,1.21,11.86,0.66,53.3,49.83,1958.0
2017-03-09,116.9959,1.37,2.6,1.23,12.3,0.66,50.65,48.75,1950.0
2017-03-10,116.616,1.36,2.58,1.22,11.66,0.66,50.63,48.05,1957.0
2017-03-11,,,,,,0.66,,,
2017-03-12,,,,,,0.66,,,
2017-03-13,116.4004,1.4,2.62,1.22,11.35,0.66,50.1,47.95,1967.25
2017-03-14,116.5646,1.4,2.6,1.2,12.3,0.66,49.6,47.24,1953.0
2017-03-15,116.3584,1.33,2.51,1.18,11.63,0.66,50.63,48.34,1953.0
2017-03-16,115.4456,1.35,2.53,1.18,11.21,0.91,50.56,48.3,1942.75
2017-03-17,115.2783,1.33,2.5,1.17,11.28,0.91,50.58,48.34,1992.5
2017-03-18,,,,,,0.91,,,
2017-03-19,,,,,,0.91,,,
2017-03-20,115.0426,1.3,2.47,1.17,11.34,0.91,50.67,47.79,2002.5
2017-03-21,114.8119,1.27,2.43,1.16,12.47,0.91,50.14,47.02,2009.75
2017-03-22,114.7937,1.27,2.4,1.13,12.81,0.91,49.56,47.29,1999.5
2017-03-23,114.7899,1.26,2.41,1.15,13.12,0.91,50.17,47.0,1999.5
2017-03-24,114.6372,1.26,2.4,1.14,12.96,0.91,49.97,47.3,2014.25
2017-03-25,,,,,,0.91,,,
2017-03-26,,,,,,0.91,,,
2017-03-27,114.2347,1.27,2.38,1.11,12.5,0.91,50.12,47.02,2003.5
2017-03-28,114.419,1.3,2.42,1.12,11.53,0.91,50.72,48.36,2019.0
2017-03-29,114.7167,1.26,2.39,1.13,11.42,0.91,51.36,49.47,2028.0
2017-03-30,114.5245,1.28,2.42,1.14,11.54,0.91,52.25,50.3,2041.0
2017-03-31,114.7938,1.27,2.4,1.13,12.37,0.82,52.2,50.54,2032.0
2017-04-01,,,,,,0.82,,,
2017-04-02,,,,,,0.82,,,
2017-04-03,114.8734,1.24,2.35,1.11,12.38,0.91,52.04,50.25,2023.5
2017-04-04,115.0038,1.25,2.36,1.11,11.79,0.91,53.08,50.99,2013.5
2017-04-05,114.9494,1.24,2.34,1.1,12.89,0.91,53.41,51.14,2013.5
2017-04-06,115.0181,1.24,2.34,1.1,12.39,0.91,53.62,51.69,2029.0
2017-04-07,115.0547,1.29,2.38,1.09,12.87,0.91,54.24,52.25,2042.25
2017-04-08,,,,,,0.91,,,
2017-04-09,,,,,,0.91,,,
2017-04-10,115.11,1.29,2.37,1.08,14.05,0.91,54.79,53.06,1997.5
2017-04-11,115.009,1.24,2.32,1.08,15.07,0.91,54.73,53.38,1994.75
2017-04-12,114.9162,1.24,2.28,1.04,15.77,0.91,54.75,53.12,1973.75
2017-04-13,114.5059,1.21,2.24,1.03,15.96,0.91,55.05,53.19,1983.75
2017-04-14,114.5368,,,,,0.91,,,
2017-04-15,,,,,,0.91,,,
2017-04-16,,,,,,0.91,,,
2017-04-17,114.3283,1.21,2.26,1.05,14.66,0.91,54.79,52.62,1983.75
2017-04-18,114.2575,1.18,2.18,1.0,14.42,0.91,52.6,52.46,1968.75
2017-04-19,114.7923,1.19,2.21,1.02,14.93,0.91,52.43,50.49,1981.0
2017-04-20,114.6205,1.21,2.24,1.03,14.15,0.91,50.66,50.26,2018.5
2017-04-21,114.8128,1.2,2.24,1.04,14.63,0.91,49.93,49.64,2012.25
2017-04-22,,,,,,0.91,,,
2017-04-23,,,,,,0.91,,,
2017-04-24,114.3659,1.25,2.28,1.03,10.84,0.91,49.45,48.9,2022.0
2017-04-25,114.5111,1.29,2.35,1.06,10.76,0.91,49.37,49.22,2037.5
2017-04-26,114.9479,1.28,2.32,1.04,10.85,0.91,49.99,49.22,2047.75
2017-04-27,114.9946,1.25,2.3,1.05,10.36,0.91,49.46,48.96,2011.75
2017-04-28,114.7877,1.28,2.29,1.01,10.82,0.83,49.46,49.31,2014.5
2017-04-29,,,,,,0.83,,,
2017-04-30,,,,,,0.83,,,
2017-05-01,114.5921,1.28,2.33,1.05,10.11,0.91,50.41,48.83,2014.5
2017-05-02,114.6792,1.27,2.29,1.02,10.59,0.91,49.31,47.65,2036.25
2017-05-03,114.6637,1.3,2.33,1.03,10.68,0.91,48.82,47.79,2032.25
2017-05-04,114.9076,1.32,2.36,1.04,10.46,0.91,47.53,45.55,2018.75
2017-05-05,114.7725,1.32,2.36,1.04,10.57,0.91,47.45,46.23,2010.25
2017-05-06,,,,,,0.91,,,
2017-05-07,,,,,,0.91,,,
2017-05-08,115.0895,1.33,2.39,1.06,9.77,0.91,46.61,46.46,1963.75
2017-05-09,115.3933,1.37,2.42,1.05,9.96,0.91,47.06,45.84,1956.75
2017-05-10,115.1145,1.35,2.41,1.06,10.21,0.91,48.09,47.28,1954.0
2017-05-11,115.0669,1.35,2.39,1.04,10.6,0.91,49.18,47.81,1962.25
2017-05-12,114.7479,1.29,2.33,1.04,10.4,0.91,49.08,47.83,1983.0
2017-05-13,,,,,,0.91,,,
2017-05-14,,,,,,0.91,,,
2017-05-15,114.3504,1.31,2.34,1.03,10.42,0.91,51.29,48.86,1992.75
2017-05-16,113.9923,1.29,2.33,1.04,10.65,0.91,51.21,48.64,2009.0
2017-05-17,113.7506,1.26,2.22,0.96,15.59,0.91,51.76,49.04,2012.5
2017-05-18,114.2683,1.27,2.23,0.96,14.66,0.91,51.71,49.36,2008.25
2017-05-19,113.7001,1.28,2.23,0.95,12.04,0.91,52.78,50.32,2028.5
2017-05-20,,,,,,0.91,,,
2017-05-21,,,,,,0.91,,,
2017-05-22,113.5442,1.29,2.25,0.96,10.93,0.91,53.35,50.81,2022.5
2017-05-23,113.6862,1.31,2.29,0.98,10.72,0.91,53.19,51.12,2022.0
2017-05-24,113.675,1.29,2.26,0.97,10.02,0.91,53.29,50.99,2018.25
2017-05-25,113.3719,1.3,2.25,0.95,9.99,0.91,52.25,48.57,2031.75
2017-05-26,113.4839,1.3,2.25,0.95,9.81,0.91,50.84,49.58,2028.0
2017-05-27,,,,,,0.91,,,
2017-05-28,,,,,,0.91,,,
2017-05-29,,,,,,0.91,52.25,,
2017-05-30,113.5552,1.28,2.21,0.93,10.38,0.91,50.65,49.63,2002.5
2017-05-31,113.2956,1.28,2.21,0.93,10.41,0.83,49.4,48.29,2017.25
2017-06-01,113.3017,1.28,2.21,0.93,9.89,0.91,50.41,48.32,2016.75
2017-06-02,113.1908,1.28,2.15,0.87,9.75,0.91,48.46,47.68,2005.75
2017-06-03,,,,,,0.91,,,
2017-06-04,,,,,,0.91,,,
2017-06-05,112.9755,1.32,2.18,0.86,10.07,0.91,48.25,47.4,1978.25
2017-06-06,112.7095,1.3,2.14,0.84,10.45,0.91,48.11,48.13,1963.75
2017-06-07,112.8191,1.32,2.18,0.86,10.39,0.91,47.08,45.8,1970.75
2017-06-08,112.8351,1.33,2.19,0.86,10.16,0.91,46.3,45.68,1966.75
2017-06-09,112.9562,1.35,2.21,0.86,10.7,0.91,46.64,45.82,1970.75
2017-06-10,,,,,,0.91,,,
2017-06-11,,,,,,0.91,,,
2017-06-12,112.9837,1.35,2.21,0.86,11.46,0.91,47.18,46.1,1953.25
2017-06-13,112.6271,1.38,2.21,0.83,10.42,0.91,46.95,46.41,1954.25
2017-06-14,112.0734,1.35,2.15,0.8,10.64,0.91,45.47,44.79,1954.25
2017-06-15,112.8708,1.35,2.16,0.81,10.9,1.16,45.61,44.47,1951.75
2017-06-16,112.6155,1.32,2.16,0.84,10.38,1.16,45.7,44.73,1943.25
2017-06-17,,,,,,1.16,,,
2017-06-18,,,,,,1.16,,,
2017-06-19,112.7576,1.36,2.19,0.83,10.37,1.16,45.93,44.24,1955.75
2017-06-20,113.2698,1.36,2.16,0.8,10.86,1.16,43.98,43.34,1956.75
2017-06-21,113.3327,1.36,2.16,0.8,10.75,1.16,44.62,42.48,1937.0
2017-06-22,113.1654,1.34,2.15,0.81,10.48,1.16,44.46,42.53,1937.0
2017-06-23,112.8665,1.34,2.15,0.81,10.02,1.16,44.14,42.86,1934.0
2017-06-24,,,,,,1.16,,,
2017-06-25,,,,,,1.16,,,
2017-06-26,112.7633,1.36,2.14,0.78,9.9,1.16,44.09,43.24,1928.25
2017-06-27,112.55,1.38,2.21,0.83,11.06,1.16,46.17,44.25,1951.75
2017-06-28,112.0747,1.34,2.22,0.88,10.03,1.16,46.45,44.74,1963.5
2017-06-29,111.998,1.38,2.27,0.89,11.44,1.16,47.02,44.88,1982.25
2017-06-30,111.9896,1.38,2.31,0.93,11.18,1.06,47.08,46.02,1984.5
2017-07-01,,,,,,1.06,,,
2017-07-02,,,,,,1.06,,,
2017-07-03,112.4268,1.41,2.35,0.94,11.22,1.16,49.13,,1991.0
2017-07-04,,,,,,1.16,49.15,,
2017-07-05,112.6534,1.41,2.33,0.92,11.07,1.16,47.58,45.11,1989.25
2017-07-06,112.4199,1.4,2.37,0.97,12.54,1.16,48.53,45.52,
2017-07-07,112.3137,1.4,2.39,0.99,11.19,1.16,46.47,44.25,
2017-07-08,,,,,,1.16,,,
2017-07-09,,,,,,1.16,,,
2017-07-10,112.1587,1.4,2.38,0.98,11.11,1.16,46.57,44.4,
2017-07-11,112.1434,1.37,2.37,1.0,10.89,1.16,46.68,45.06,1961.75
2017-07-12,111.5904,1.35,2.33,0.98,10.3,1.16,46.73,45.48,1948.5
2017-07-13,111.5365,1.37,2.35,0.98,9.9,1.16,47.65,46.06,1987.5
2017-07-14,110.9075,1.35,2.33,0.98,9.51,1.16,47.89,46.53,1989.0
2017-07-15,,,,,,1.16,,,
2017-07-16,,,,,,1.16,,,
2017-07-17,110.9304,1.36,2.31,0.95,9.82,1.16,47.66,46.02,1978.25
2017-07-18,110.4356,1.36,2.27,0.91,9.89,1.16,47.92,46.4,1998.0
2017-07-19,110.4339,1.37,2.27,0.9,9.79,1.16,48.34,47.1,1984.25
2017-07-20,110.2512,1.37,2.27,0.9,9.58,1.16,48.54,46.73,1982.0
2017-07-21,110.191,1.36,2.24,0.88,9.36,1.16,47.47,45.78,1981.75
2017-07-22,,,,,,1.16,,,
2017-07-23,,,,,,1.16,,,
2017-07-24,110.2004,1.37,2.26,0.89,9.43,1.16,47.81,46.21,1978.75
2017-07-25,110.2835,1.4,2.33,0.93,9.43,1.16,49.19,47.77,1997.25
2017-07-26,110.3811,1.36,2.29,0.93,9.6,1.16,50.08,48.58,2002.5
2017-07-27,110.216,1.36,2.32,0.96,10.11,1.16,50.67,49.05,2002.75
2017-07-28,109.92,1.34,2.3,0.96,10.29,1.16,52.0,49.72,1977.25
2017-07-29,,,,,,1.16,,,
2017-07-30,,,,,,1.16,,,
2017-07-31,109.8177,1.34,2.3,0.96,10.26,1.07,51.99,50.21,1983.0
2017-08-01,109.8495,1.34,2.26,0.92,10.09,1.16,50.77,49.19,1971.25
2017-08-02,109.7503,1.36,2.27,0.91,10.28,1.16,52.09,49.6,1990.25
2017-08-03,109.8332,1.34,2.24,0.9,10.44,1.16,52.88,49.03,1983.25
2017-08-04,110.2808,1.36,2.27,0.91,10.03,1.16,52.48,49.57,1975.75
2017-08-05,,,,,,1.16,,,
2017-08-06,,,,,,1.16,,,
2017-08-07,110.373,1.36,2.26,0.9,9.93,1.16,51.42,49.37,2010.0
2017-08-08,110.396,1.36,2.29,0.93,10.96,1.16,52.18,49.07,2086.5
2017-08-09,110.3671,1.33,2.24,0.91,11.11,1.16,52.16,49.59,2075.25
2017-08-10,110.1886,1.33,2.2,0.87,16.04,1.16,52.59,48.54,2095.5
2017-08-11,110.0422,1.3,2.19,0.89,15.51,1.16,51.47,48.81,2095.5
2017-08-12,,,,,,1.16,,,
2017-08-13,,,,,,1.16,,,
2017-08-14,110.095,1.33,2.22,0.89,12.33,1.16,51.29,47.59,2092.25
2017-08-15,110.4846,1.35,2.27,0.92,12.04,1.16,49.9,47.57,2103.25
2017-08-16,110.4394,1.33,2.23,0.9,11.74,1.16,50.39,46.8,2161.75
2017-08-17,110.1673,1.32,2.19,0.87,15.55,1.16,50.37,47.07,2152.25
2017-08-18,110.041,1.33,2.19,0.86,14.26,1.16,50.96,48.59,2139.25
2017-08-19,,,,,,1.16,,,
2017-08-20,,,,,,1.16,,,
2017-08-21,109.7349,1.32,2.18,0.86,13.19,1.16,51.94,47.39,2160.0
2017-08-22,109.8386,1.33,2.22,0.89,11.35,1.16,52.29,47.65,2147.25
2017-08-23,109.8095,1.32,2.17,0.85,12.25,1.16,52.31,48.45,2159.5
2017-08-24,109.7524,1.33,2.19,0.86,12.23,1.16,51.73,47.24,2168.0
2017-08-25,109.3415,1.35,2.17,0.82,11.28,1.16,51.87,47.65,2125.5
2017-08-26,,,,,,1.16,,,
2017-08-27,,,,,,1.16,,,
2017-08-28,109.1815,1.33,2.16,0.83,11.32,1.16,51.87,46.4,2125.5
2017-08-29,109.0946,1.33,2.13,0.8,11.7,1.16,51.64,46.46,2125.5
2017-08-30,109.4052,1.33,2.15,0.82,11.22,1.16,51.91,45.96,2153.75
2017-08-31,109.3686,1.33,2.12,0.79,10.59,1.07,52.69,47.26,2169.0
2017-09-01,109.0504,1.35,2.16,0.81,10.13,1.16,53.15,47.32,2194.75
2017-09-02,,,,,,1.16,,,
2017-09-03,,,,,,1.16,,,
2017-09-04,,,,,,1.16,52.6,,
2017-09-05,108.8664,1.3,2.07,0.77,12.23,1.16,53.63,48.63,2155.0
2017-09-06,108.4897,1.3,2.1,0.8,11.63,1.16,54.48,49.13,2155.0
2017-09-07,107.9224,1.27,2.05,0.78,11.55,1.16,54.16,49.1,2155.0
2017-09-08,107.808,1.27,2.06,0.79,12.12,1.16,54.55,47.44,2141.75
2017-09-09,,,,,,1.16,,,
2017-09-10,,,,,,1.16,,,
2017-09-11,108.153,1.32,2.14,0.82,10.73,1.16,54.2,48.06,2174.25
2017-09-12,108.3239,1.33,2.17,0.84,10.58,1.16,55.06,48.21,2177.25
2017-09-13,108.6628,1.35,2.2,0.85,10.5,1.16,55.52,49.3,2154.25
2017-09-14,108.618,1.37,2.2,0.83,10.44,1.16,56.76,49.86,2148.25
2017-09-15,108.3147,1.39,2.2,0.81,10.17,1.16,56.18,49.9,2136.25
2017-09-16,,,,,,1.16,,,
2017-09-17,,,,,,1.16,,,
2017-09-18,108.6401,1.4,2.23,0.83,10.15,1.16,55.5,49.88,2131.0
2017-09-19,108.6142,1.4,2.24,0.84,10.18,1.16,56.58,49.54,2174.5
2017-09-20,108.4329,1.45,2.28,0.83,9.78,1.16,57.2,50.29,2225.0
2017-09-21,108.9267,1.45,2.27,0.82,9.67,1.16,57.73,50.58,2222.0
2017-09-22,108.7542,1.46,2.26,0.8,9.59,1.16,58.16,50.33,2208.75
2017-09-23,,,,,,1.16,,,
2017-09-24,,,,,,1.16,,,
2017-09-25,109.3302,1.44,2.22,0.78,10.21,1.16,59.42,51.85,2208.5
2017-09-26,109.7769,1.45,2.24,0.79,10.17,1.16,59.77,51.59,2186.25
2017-09-27,110.0722,1.47,2.31,0.84,9.87,1.16,58.74,52.14,2189.75
2017-09-28,110.2415,1.45,2.31,0.86,9.55,1.16,58.8,51.62,2198.0
2017-09-29,110.0867,1.47,2.33,0.86,9.51,1.06,57.02,51.67,2192.75
2017-09-30,,,,,,1.06,,,
2017-10-01,,,,,,1.06,,,
2017-10-02,110.3686,1.49,2.34,0.85,9.45,1.16,55.67,50.59,2175.0
2017-10-03,110.3281,1.47,2.33,0.86,9.51,1.16,56.12,50.44,2194.75
2017-10-04,110.2425,1.47,2.33,0.86,9.63,1.16,56.0,50.0,2231.5
2017-10-05,110.5823,1.49,2.35,0.86,9.19,1.16,57.09,50.79,2240.25
2017-10-06,110.7841,1.54,2.37,0.83,9.65,1.16,55.5,49.34,2220.75
2017-10-07,,,,,,1.16,,,
2017-10-08,,,,,,1.16,,,
2017-10-09,,,,,10.33,1.16,55.29,49.58,2236.25
2017-10-10,110.3034,1.51,2.35,0.84,10.08,1.16,56.62,50.93,2236.25
2017-10-11,110.3037,1.51,2.35,0.84,9.85,1.16,56.13,51.3,2236.25
2017-10-12,110.3152,1.51,2.33,0.82,9.91,1.16,56.13,50.61,2236.25
2017-10-13,110.2669,1.51,2.28,0.77,9.61,1.16,56.86,51.43,2236.25
2017-10-14,,,,,,1.16,,,
2017-10-15,,,,,,1.16,,,
2017-10-16,110.5432,1.54,2.3,0.76,9.91,1.16,57.49,51.86,2236.25
2017-10-17,110.9141,1.54,2.3,0.76,10.31,1.16,57.63,51.87,2210.25
2017-10-18,110.7214,1.59,2.34,0.75,10.07,1.16,58.05,52.05,2188.5
2017-10-19,110.4577,1.58,2.33,0.75,10.05,1.16,57.82,51.29,2225.0
2017-10-20,111.0375,1.6,2.39,0.79,9.97,1.16,57.89,51.63,2225.0
2017-10-21,,,,,,1.16,,,
2017-10-22,,,,,,1.16,,,
2017-10-23,111.2134,1.58,2.38,0.8,11.07,1.16,57.69,51.91,2225.0
2017-10-24,111.4027,1.6,2.42,0.82,11.16,1.16,57.84,52.32,2225.0
2017-10-25,111.3904,1.61,2.44,0.83,11.23,1.16,58.45,51.97,2225.0
2017-10-26,111.6418,1.63,2.46,0.83,11.3,1.16,58.75,52.41,2225.0
2017-10-27,112.1495,1.59,2.42,0.83,9.8,1.16,60.15,53.92,2225.0
2017-10-28,,,,,,1.16,,,
2017-10-29,,,,,,1.16,,,
2017-10-30,111.901,1.58,2.37,0.79,10.5,1.16,60.65,54.11,2231.5
2017-10-31,111.8052,1.6,2.38,0.78,10.18,1.07,61.35,54.36,2231.5
2017-11-01,111.7942,1.61,2.37,0.76,10.2,1.16,60.98,54.32,2231.5
2017-11-02,111.5474,1.61,2.35,0.74,9.93,1.16,60.79,54.55,2231.5
2017-11-03,111.9383,1.63,2.34,0.71,9.14,1.16,61.42,55.63,2231.5
2017-11-04,,,,,,1.16,,,
2017-11-05,,,,,,1.16,,,
2017-11-06,111.7197,1.61,2.32,0.71,9.4,1.16,64.27,57.34,2231.5
2017-11-07,111.9446,1.63,2.32,0.69,9.89,1.16,64.36,57.19,2231.5
2017-11-08,111.6935,1.65,2.32,0.67,9.78,1.16,63.96,56.82,2231.5
2017-11-09,111.5626,1.63,2.33,0.7,10.5,1.16,64.49,57.16,2231.5
2017-11-10,,1.67,2.4,0.73,11.29,1.16,64.35,56.75,2231.5
2017-11-11,,,,,,1.16,,,
2017-11-12,,,,,,1.16,,,
2017-11-13,111.7833,1.7,2.4,0.7,11.5,1.16,62.94,56.77,2231.5
2017-11-14,111.5097,1.68,2.38,0.7,11.59,1.16,60.91,55.67,2231.5
2017-11-15,111.4809,1.68,2.33,0.65,13.13,1.16,61.25,55.28,2231.5
2017-11-16,111.2568,1.72,2.37,0.65,11.76,1.16,61.18,55.14,2231.5
2017-11-17,111.0016,1.73,2.35,0.62,11.43,1.16,61.34,56.21,2231.5
2017-11-18,,,,,,1.16,,,
2017-11-19,,,,,,1.16,,,
2017-11-20,111.2599,1.77,2.37,0.6,10.65,1.16,61.34,56.21,2231.5
2017-11-21,110.9828,1.77,2.36,0.59,9.73,1.16,62.28,56.84,2231.5
2017-11-22,110.5632,1.74,2.32,0.58,9.88,1.16,62.92,57.88,2231.5
2017-11-23,,,,,,1.16,63.27,,
2017-11-24,110.0253,1.75,2.34,0.59,9.67,1.16,63.58,58.94,2231.5
2017-11-25,,,,,,1.16,,,
2017-11-26,,,,,,1.16,,,
2017-11-27,110.1136,1.74,2.32,0.58,9.87,1.16,63.25,58.1,2231.5
2017-11-28,110.3018,1.75,2.34,0.59,10.03,1.16,63.56,57.96,2231.5
2017-11-29,110.3265,1.78,2.37,0.59,10.7,1.16,63.74,57.25,2239.5
2017-11-30,110.4648,1.78,2.42,0.64,11.28,1.07,63.53,57.4,2239.5
2017-12-01,110.1413,1.78,2.37,0.59,11.43,1.16,64.57,58.35,2239.5
2017-12-02,,,,,,1.16,,,
2017-12-03,,,,,,1.16,,,
2017-12-04,110.397,1.8,2.37,0.57,11.68,1.16,63.45,57.48,2239.5
2017-12-05,110.4905,1.83,2.36,0.53,11.33,1.16,63.45,57.66,2239.5
2017-12-06,110.8711,1.78,2.33,0.55,11.02,1.16,62.25,55.79,2239.5
2017-12-07,111.0178,1.8,2.37,0.57,10.16,1.16,62.37,56.5,2239.5
2017-12-08,111.2273,1.8,2.38,0.58,9.58,1.16,63.86,57.15,2239.5
2017-12-09,,,,,,1.16,,,
2017-12-10,,,,,,1.16,,,
2017-12-11,111.0827,1.82,2.39,0.57,9.34,1.16,65.62,57.84,2239.5
2017-12-12,111.5214,1.83,2.4,0.57,9.92,1.17,64.96,57.12,2239.5
2017-12-13,111.2759,1.79,2.36,0.57,10.18,1.17,63.66,56.59,2239.5
2017-12-14,111.0893,1.82,2.35,0.53,10.49,1.41,63.72,57.0,2239.5
2017-12-15,111.1286,1.84,2.35,0.51,9.42,1.41,63.81,57.29,2239.5
2017-12-16,,,,,,1.41,,,
2017-12-17,,,,,,1.41,,,
2017-12-18,110.9086,1.84,2.39,0.55,9.53,1.42,64.45,57.17,2239.5
2017-12-19,111.1255,1.87,2.46,0.59,10.03,1.42,63.69,57.49,2239.5
2017-12-20,110.8361,1.87,2.49,0.62,9.72,1.42,64.43,58.09,2239.5
2017-12-21,110.8786,1.89,2.48,0.59,9.62,1.42,64.64,58.34,2239.5
2017-12-22,111.0997,1.91,2.48,0.57,9.9,1.42,64.61,58.25,2239.5
2017-12-23,,,,,,1.42,,,
2017-12-24,,,,,,1.42,,,
2017-12-25,,,,,,1.42,,,
2017-12-26,110.9758,1.92,2.47,0.55,10.25,1.42,,59.55,2239.5
2017-12-27,110.8553,1.89,2.42,0.53,10.47,1.42,66.03,59.67,2239.5
2017-12-28,110.5154,1.91,2.43,0.52,10.18,1.42,66.8,59.84,2244.5
2017-12-29,110.0783,1.89,2.4,0.51,11.04,1.33,66.73,60.46,2244.5
2017-12-30,,,,,,1.33,,,
2017-12-31,,,,,,1.33,,,
2018-01-01,,,,,,1.33,,,
2018-01-02,109.6445,1.92,2.46,0.54,9.77,1.42,66.65,60.37,2244.5
2018-01-03,109.6751,1.94,2.44,0.5,9.15,1.42,67.85,61.61,2244.5
2018-01-04,109.4777,1.96,2.46,0.5,9.22,1.42,68.73,61.98,2244.5
2018-01-05,109.3496,1.96,2.47,0.51,9.22,1.42,68.01,61.49,2244.5
2018-01-06,,,,,,1.42,,,
2018-01-07,,,,,,1.42,,,
2018-01-08,109.5681,1.96,2.49,0.53,9.52,1.42,68.48,61.73,2244.5
2018-01-09,109.9025,1.98,2.55,0.57,10.08,1.42,69.08,62.92,2244.5
2018-01-10,109.628,1.98,2.55,0.57,9.82,1.42,69.79,63.6,2244.5
2018-01-11,109.4888,1.98,2.54,0.56,9.88,1.42,70.36,63.81,2244.5
2018-01-12,108.901,1.99,2.55,0.56,10.16,1.42,69.64,64.22,2244.5
2018-01-13,,,,,,1.42,,,
2018-01-14,,,,,,1.42,,,
2018-01-15,,,,,,1.42,70.31,,
2018-01-16,108.3218,2.03,2.54,0.51,11.66,1.42,69.4,63.82,2244.5
2018-01-17,108.1526,2.05,2.57,0.52,11.91,1.42,69.19,63.92,2244.5
2018-01-18,108.0655,2.05,2.62,0.57,12.22,1.42,69.48,63.96,2244.5
2018-01-19,107.9455,2.06,2.64,0.58,11.27,1.42,68.56,63.38,2244.5
2018-01-20,,,,,,1.42,,,
2018-01-21,,,,,,1.42,,,
2018-01-22,108.107,2.08,2.66,0.58,11.03,1.42,69.32,63.66,2244.5
2018-01-23,107.9979,2.06,2.63,0.57,11.1,1.42,69.81,64.45,2244.5
2018-01-24,107.0802,2.08,2.65,0.57,11.47,1.42,69.91,65.69,2244.5
2018-01-25,106.5052,2.08,2.63,0.55,11.58,1.42,71.08,65.62,2244.5
2018-01-26,106.6911,2.13,2.66,0.53,11.08,1.42,70.08,66.27,2244.5
2018-01-27,,,,,,1.42,,,
2018-01-28,,,,,,1.42,,,
2018-01-29,107.1142,2.11,2.7,0.59,13.84,1.42,68.41,65.71,
2018-01-30,107.1064,2.13,2.73,0.6,14.79,1.42,67.78,64.64,2250.0
2018-01-31,106.7696,2.14,2.72,0.58,13.54,1.34,67.78,64.82,2250.0
2018-02-01,106.4877,2.16,2.78,0.62,13.47,1.42,68.6,65.92,2250.0
2018-02-02,107.1151,2.15,2.84,0.69,17.31,1.42,67.45,65.5,2250.0
2018-02-03,,,,,,1.42,,,
2018-02-04,,,,,,1.42,,,
2018-02-05,107.33,2.08,2.77,0.69,37.32,1.42,67.69,64.18,2250.0
2018-02-06,107.5204,2.1,2.79,0.69,29.98,1.42,66.75,63.48,2250.0
2018-02-07,107.7175,2.15,2.84,0.69,27.73,1.42,65.74,61.91,2250.0
2018-02-08,108.3025,2.13,2.85,0.72,33.46,1.42,64.26,61.3,2250.0
2018-02-09,108.2582,2.05,2.83,0.78,29.06,1.42,63.04,59.2,2250.0
2018-02-10,,,,,,1.42,,,
2018-02-11,,,,,,1.42,,,
2018-02-12,108.0332,2.09,2.86,0.77,25.61,1.42,62.2,59.41,2250.0
2018-02-13,107.7574,2.1,2.83,0.73,24.97,1.42,61.94,59.33,2250.0
2018-02-14,107.4691,2.17,2.91,0.74,19.26,1.42,62.29,60.7,2250.0
2018-02-15,106.9867,2.19,2.9,0.71,19.13,1.42,62.86,61.48,2250.0
2018-02-16,107.0359,2.21,2.87,0.66,19.46,1.42,64.3,61.89,2250.0
2018-02-17,,,,,,1.42,,,
2018-02-18,,,,,,1.42,,,
2018-02-19,,,,,,1.42,64.95,,
2018-02-20,107.6249,2.25,2.88,0.63,20.6,1.42,64.68,61.91,2250.0
2018-02-21,107.8679,2.26,2.94,0.68,20.02,1.42,64.81,61.73,2250.0
2018-02-22,107.8668,2.25,2.92,0.67,18.72,1.42,66.12,62.72,2250.0
2018-02-23,107.6804,2.25,2.88,0.63,16.49,1.42,67.04,63.52,2250.0
2018-02-24,,,,,,1.42,,,
2018-02-25,,,,,,1.42,,,
2018-02-26,107.7347,2.22,2.86,0.64,15.8,1.42,67.96,63.81,2250.0
2018-02-27,108.1731,2.27,2.9,0.63,18.59,1.42,67.59,62.94,2255.0
2018-02-28,108.3903,2.25,2.87,0.62,19.85,1.35,66.08,61.43,2255.0
2018-03-01,108.5358,2.22,2.81,0.59,22.47,1.42,64.23,60.98,2255.0
2018-03-02,,2.25,2.86,0.61,19.59,1.42,64.26,61.19,2255.0
2018-03-03,,,,,,1.42,,,
2018-03-04,,,,,,1.42,,,
2018-03-05,108.3614,2.24,2.88,0.64,18.73,1.42,65.78,62.49,2255.0
2018-03-06,107.7969,2.25,2.88,0.63,18.36,1.42,65.67,62.54,2255.0
2018-03-07,108.0911,2.25,2.89,0.64,17.76,1.42,65.09,61.09,2255.0
2018-03-08,108.2671,2.25,2.86,0.61,16.54,1.42,63.87,60.13,2255.0
2018-03-09,107.923,2.27,2.9,0.63,14.64,1.42,65.19,62.02,2255.0
2018-03-10,,,,,,1.42,,,
2018-03-11,,,,,,1.42,,,
2018-03-12,107.9438,2.27,2.87,0.6,15.78,1.42,64.53,61.35,2255.0
2018-03-13,107.7384,2.26,2.84,0.58,16.35,1.42,64.2,60.69,2255.0
2018-03-14,107.8623,2.26,2.81,0.55,17.23,1.42,63.61,60.89,2255.0
2018-03-15,108.2032,2.29,2.82,0.53,16.59,1.43,63.67,61.16,2255.0
2018-03-16,108.4332,2.31,2.85,0.54,15.8,1.43,64.68,62.29,2255.0
2018-03-17,,,,,,1.43,,,
2018-03-18,,,,,,1.43,,,
2018-03-19,108.3145,2.31,2.85,0.54,19.02,1.43,64.82,62.01,2255.0
2018-03-20,108.4953,2.34,2.89,0.55,18.2,1.44,66.0,63.37,2255.0
2018-03-21,,2.31,2.89,0.58,17.86,1.44,68.15,65.1,2255.0
2018-03-22,107.9935,2.29,2.83,0.54,23.34,1.68,68.98,64.25,2255.0
2018-03-23,107.7495,2.28,2.82,0.54,24.87,1.68,69.03,65.8,2255.0
2018-03-24,,,,,,1.68,,,
2018-03-25,,,,,,1.68,,,
2018-03-26,107.1819,2.33,2.85,0.52,21.03,1.68,68.81,65.49,2255.0
2018-03-27,107.3359,2.26,2.78,0.52,22.5,1.68,68.63,65.21,2255.0
2018-03-28,107.5733,2.28,2.77,0.49,22.87,1.68,68.13,64.3,2260.0
2018-03-29,107.665,2.27,2.74,0.47,19.97,1.68,69.02,64.87,2260.0
2018-03-30,107.4784,,,,,1.67,,,
2018-03-31,,,,,,1.67,,,
2018-04-01,,,,,,1.67,,,
2018-04-02,107.7033,2.25,2.73,0.48,23.62,1.68,,63.05,2300.0
2018-04-03,107.5624,2.28,2.79,0.51,21.1,1.69,69.02,63.41,2300.0
2018-04-04,107.6361,2.28,2.79,0.51,20.06,1.69,66.04,63.35,2300.0
2018-04-05,107.7281,2.3,2.83,0.53,18.94,1.69,66.54,63.53,2300.0
2018-04-06,107.7886,2.27,2.77,0.5,21.49,1.69,66.51,62.03,2300.0
2018-04-07,,,,,,1.69,,,
2018-04-08,,,,,,1.69,,,
2018-04-09,107.5316,2.29,2.78,0.49,21.77,1.69,68.19,63.4,2300.0
2018-04-10,107.3659,2.32,2.8,0.48,20.47,1.69,70.67,65.48,2300.0
2018-04-11,107.1224,2.32,2.79,0.47,20.24,1.69,72.74,66.81,2300.0
2018-04-12,107.2905,2.34,2.83,0.49,18.49,1.69,71.44,67.07,2300.0
2018-04-13,107.2368,2.37,2.82,0.45,17.41,1.69,73.18,67.35,2300.0
2018-04-14,,,,,,1.69,,,
2018-04-15,,,,,,1.69,,,
2018-04-16,107.0595,2.39,2.83,0.44,16.56,1.69,72.05,66.23,2300.0
2018-04-17,107.0344,2.41,2.82,0.41,15.25,1.69,71.71,66.5,2300.0
2018-04-18,107.1096,2.42,2.87,0.45,15.6,1.69,73.73,68.44,2300.0
2018-04-19,107.5197,2.44,2.92,0.48,15.96,1.69,74.85,68.3,2300.0
2018-04-20,108.1787,2.46,2.96,0.5,16.88,1.7,74.62,68.26,2300.0
2018-04-21,,,,,,1.7,,,
2018-04-22,,,,,,1.7,,,
2018-04-23,108.9332,2.49,2.98,0.49,16.34,1.7,74.54,67.61,2300.0
2018-04-24,108.7906,2.48,3.0,0.52,18.02,1.7,75.86,67.66,2300.0
2018-04-25,109.3447,2.49,3.03,0.54,17.84,1.7,73.79,68.0,2300.0
2018-04-26,109.3646,2.49,3.0,0.51,16.24,1.7,75.39,68.18,2300.0
2018-04-27,109.1735,2.49,2.96,0.47,15.41,1.7,75.33,68.11,2300.0
2018-04-28,,,,,,1.7,,,
2018-04-29,,,,,,1.7,,,
2018-04-30,109.3363,2.49,2.95,0.46,15.93,1.69,75.92,68.56,2300.0
2018-05-01,109.7445,2.5,2.97,0.47,15.49,1.7,74.85,67.28,2300.0
2018-05-02,110.1625,2.49,2.97,0.48,15.97,1.7,73.14,67.91,2300.0
2018-05-03,110.1803,2.49,2.94,0.45,15.9,1.7,73.45,68.45,2300.0
2018-05-04,110.25,2.51,2.95,0.44,14.77,1.7,74.75,69.71,2300.0
2018-05-05,,,,,,1.7,,,
2018-05-06,,,,,,1.7,,,
2018-05-07,110.5721,2.49,2.95,0.46,14.75,1.7,,70.74,2300.0
2018-05-08,111.063,2.51,2.97,0.46,14.71,1.7,74.16,68.83,2300.0
2018-05-09,110.8818,2.54,3.0,0.46,13.42,1.7,77.6,71.16,2300.0
2018-05-10,110.405,2.54,2.97,0.43,13.23,1.7,77.59,71.36,2300.0
2018-05-11,110.2847,2.54,2.97,0.43,12.65,1.7,77.37,70.69,2300.0
2018-05-12,,,,,,1.7,,,
2018-05-13,,,,,,1.7,,,
2018-05-14,110.408,2.55,3.0,0.45,12.93,1.7,78.17,71.01,2300.0
2018-05-15,111.2292,2.58,3.08,0.5,14.63,1.7,78.94,71.34,2300.0
2018-05-16,111.3068,2.58,3.09,0.51,13.42,1.7,78.19,71.43,2300.0
2018-05-17,111.3547,2.57,3.11,0.54,13.43,1.7,80.09,71.47,2300.0
2018-05-18,111.7171,2.55,3.06,0.51,13.42,1.7,78.38,71.23,2300.0
2018-05-19,,,,,,1.7,,,
2018-05-20,,,,,,1.7,,,
2018-05-21,111.6394,2.58,3.06,0.48,13.08,1.7,78.34,72.26,2300.0
2018-05-22,111.1945,2.59,3.06,0.47,13.22,1.7,80.42,72.09,2300.0
2018-05-23,111.6933,2.53,3.01,0.48,12.58,1.7,78.69,71.85,2300.0
2018-05-24,111.4885,2.5,2.98,0.48,12.53,1.7,78.9,70.77,2300.0
2018-05-25,111.5843,2.48,2.93,0.45,13.22,1.7,76.6,67.92,2300.0
2018-05-26,,,,,,1.7,,,
2018-05-27,,,,,,1.7,,,
2018-05-28,,,,,,1.7,,,
2018-05-29,112.2127,2.32,2.77,0.45,17.02,1.7,74.51,66.8,2300.0
2018-05-30,111.6731,2.42,2.84,0.42,14.94,1.7,75.89,68.24,2305.0
2018-05-31,111.9894,2.4,2.83,0.43,15.43,1.7,76.45,66.98,2305.0
2018-06-01,111.8265,2.47,2.89,0.42,13.46,1.7,74.54,65.81,2305.0
2018-06-02,,,,,,1.7,,,
2018-06-03,,,,,,1.7,,,
2018-06-04,111.8247,2.52,2.94,0.42,12.74,1.7,73.41,64.76,2305.0
2018-06-05,112.264,2.49,2.92,0.43,12.4,1.7,72.91,65.51,2305.0
2018-06-06,111.7525,2.52,2.97,0.45,11.64,1.7,73.23,64.75,2305.0
2018-06-07,112.0725,2.5,2.93,0.43,12.13,1.7,75.23,65.96,2305.0
2018-06-08,112.1066,2.5,2.93,0.43,12.18,1.7,75.11,65.77,2305.0
2018-06-09,,,,,,1.7,,,
2018-06-10,,,,,,1.7,,,
2018-06-11,112.1106,2.52,2.96,0.44,12.35,1.7,74.58,66.1,2305.0
2018-06-12,112.2138,2.54,2.96,0.42,12.34,1.7,74.86,66.38,2305.0
2018-06-13,112.2577,2.59,2.98,0.39,12.94,1.7,75.07,66.63,2305.0
2018-06-14,112.8593,2.59,2.94,0.35,12.12,1.9,74.77,66.91,2305.0
2018-06-15,113.3379,2.55,2.93,0.38,11.98,1.9,72.02,65.01,2305.0
2018-06-16,,,,,,1.9,,,
2018-06-17,,,,,,1.9,,,
2018-06-18,113.4899,2.56,2.92,0.36,12.31,1.9,74.87,65.91,2305.0
2018-06-19,113.639,2.54,2.89,0.35,13.35,1.91,74.92,65.09,2305.0
2018-06-20,113.4784,2.56,2.93,0.37,12.79,1.92,74.25,65.92,2305.0
2018-06-21,113.6109,2.56,2.9,0.34,14.64,1.92,72.87,65.68,2305.0
2018-06-22,113.3047,2.56,2.9,0.34,13.77,1.92,73.67,69.02,2305.0
2018-06-23,,,,,,1.92,,,
2018-06-24,,,,,,1.92,,,
2018-06-25,113.286,2.54,2.87,0.33,17.33,1.92,72.82,69.91,2305.0
2018-06-26,113.3016,2.53,2.88,0.35,15.92,1.92,73.58,75.23,2305.0
2018-06-27,113.8971,2.52,2.83,0.31,17.91,1.91,76.09,77.41,2305.0
2018-06-28,113.8405,2.52,2.84,0.32,16.85,1.91,76.26,73.45,2309.25
2018-06-29,113.2586,2.52,2.85,0.33,16.09,1.91,77.44,74.13,2309.25
2018-06-30,,,,,,1.91,,,
2018-07-01,,,,,,1.91,,,
2018-07-02,114.1673,2.57,2.87,0.3,15.6,1.91,76.71,73.89,2309.25
2018-07-03,113.3222,2.53,2.83,0.3,16.14,1.91,75.87,74.19,2309.25
2018-07-04,,,,,,1.91,76.99,,
2018-07-05,112.9759,2.55,2.84,0.29,14.97,1.91,77.09,73.05,2309.25
2018-07-06,112.6428,2.53,2.82,0.29,13.37,1.91,74.98,73.78,2309.25
2018-07-07,,,,,,1.91,,,
2018-07-08,,,,,,1.91,,,
2018-07-09,112.6425,2.57,2.86,0.29,12.69,1.91,77.08,73.93,2309.25
2018-07-10,112.5794,2.59,2.87,0.28,12.64,1.91,77.8,74.11,2309.25
2018-07-11,112.8582,2.58,2.85,0.27,13.63,1.91,75.35,70.47,2309.25
2018-07-12,112.779,2.6,2.85,0.25,12.58,1.91,72.11,70.28,2309.25
2018-07-13,113.0705,2.59,2.83,0.24,12.18,1.91,74.11,71.03,2309.25
2018-07-14,,,,,,1.91,,,
2018-07-15,,,,,,1.91,,,
2018-07-16,112.8437,2.59,2.85,0.26,12.83,1.91,71.03,68.22,2309.25
2018-07-17,113.1504,2.62,2.86,0.24,12.06,1.91,70.87,68.03,2309.25
2018-07-18,113.3348,2.6,2.88,0.28,12.1,1.91,70.52,68.78,2309.25
2018-07-19,113.9463,2.6,2.84,0.24,12.87,1.91,71.94,69.42,2309.25
2018-07-20,113.3213,2.6,2.89,0.29,12.86,1.91,71.99,70.31,2309.25
2018-07-21,,,,,,1.91,,,
2018-07-22,,,,,,1.91,,,
2018-07-23,113.4246,2.64,2.96,0.32,12.62,1.91,73.45,67.9,2309.25
2018-07-24,113.2045,2.63,2.95,0.32,12.41,1.91,73.53,70.77,2309.25
2018-07-25,112.9221,2.66,2.94,0.28,12.29,1.91,73.67,71.13,2309.25
2018-07-26,112.9179,2.69,2.98,0.29,12.14,1.91,74.51,71.59,2309.25
2018-07-27,112.8125,2.67,2.96,0.29,13.03,1.91,74.84,68.66,2309.25
2018-07-28,,,,,,1.91,,,
2018-07-29,,,,,,1.91,,,
2018-07-30,112.6044,2.66,2.98,0.32,14.26,1.91,74.99,71.19,2313.5
2018-07-31,112.7299,2.67,2.96,0.29,12.83,1.91,74.16,69.88,2313.5
2018-08-01,112.8899,2.67,3.0,0.33,13.15,1.91,72.28,68.8,2313.5
2018-08-02,113.1679,2.66,2.98,0.32,12.19,1.91,72.95,68.95,2313.5
2018-08-03,113.012,2.63,2.95,0.32,11.64,1.91,72.48,68.49,2313.5
2018-08-04,,,,,,1.91,,,
2018-08-05,,,,,,1.91,,,
2018-08-06,113.229,2.64,2.94,0.3,11.27,1.91,72.51,69.01,2313.5
2018-08-07,112.9759,2.68,2.98,0.3,10.93,1.91,72.31,69.17,2313.5
2018-08-08,113.1411,2.68,2.96,0.28,10.85,1.91,70.71,66.92,2313.5
2018-08-09,113.3806,2.64,2.93,0.29,11.27,1.91,70.55,66.81,2313.5
2018-08-10,114.3005,2.61,2.87,0.26,13.16,1.91,71.0,67.61,2313.5
2018-08-11,,,,,,1.91,,,
2018-08-12,,,,,,1.91,,,
2018-08-13,114.851,2.61,2.88,0.27,14.78,1.91,70.62,67.25,2313.5
2018-08-14,114.658,2.63,2.89,0.26,13.31,1.91,70.77,67.04,2313.5
2018-08-15,115.1526,2.61,2.86,0.25,14.64,1.91,68.38,65.07,2313.5
2018-08-16,114.6416,2.63,2.87,0.24,13.45,1.92,69.21,65.44,2313.5
2018-08-17,114.5339,2.61,2.87,0.26,12.64,1.92,70.14,65.93,2313.5
2018-08-18,,,,,,1.92,,,
2018-08-19,,,,,,1.92,,,
2018-08-20,114.3504,2.6,2.82,0.22,12.49,1.92,71.11,66.5,2313.5
2018-08-21,113.8604,2.61,2.85,0.24,12.86,1.92,71.65,67.32,2313.5
2018-08-22,113.663,2.6,2.82,0.22,12.25,1.92,72.96,67.85,2313.5
2018-08-23,114.0932,2.61,2.82,0.21,12.41,1.92,73.73,69.13,2313.5
2018-08-24,113.5985,2.63,2.82,0.19,11.99,1.92,74.41,69.71,2313.5
2018-08-25,,,,,,1.92,,,
2018-08-26,,,,,,1.92,,,
2018-08-27,113.2721,2.67,2.85,0.18,12.16,1.92,74.41,69.97,2313.5
2018-08-28,113.3444,2.67,2.88,0.21,12.5,1.92,75.91,68.54,2313.5
2018-08-29,113.6461,2.67,2.89,0.22,12.25,1.92,76.07,69.68,2313.5
2018-08-30,114.0899,2.64,2.86,0.22,13.53,1.92,77.05,70.25,2318.75
2018-08-31,114.2755,2.62,2.86,0.24,12.86,1.91,76.94,69.84,2318.75
2018-09-01,,,,,,1.91,,,
2018-09-02,,,,,,1.91,,,
2018-09-03,,,,,,1.91,77.81,,
2018-09-04,114.8584,2.66,2.9,0.24,13.16,1.92,77.51,69.82,2318.75
2018-09-05,114.7477,2.66,2.9,0.24,13.91,1.92,76.68,68.69,2318.75
2018-09-06,114.6479,2.64,2.88,0.24,14.65,1.92,75.67,67.81,2318.75
2018-09-07,114.5816,2.71,2.94,0.23,14.88,1.92,75.55,67.73,2318.75
2018-09-08,,,,,,1.92,,,
2018-09-09,,,,,,1.92,,,
2018-09-10,114.6802,2.73,2.94,0.21,14.16,1.92,76.77,67.55,2318.75
2018-09-11,114.7051,2.76,2.98,0.22,13.22,1.92,78.22,69.29,2318.75
2018-09-12,114.2192,2.74,2.97,0.23,13.14,1.92,80.02,70.37,2318.75
2018-09-13,113.9268,2.76,2.97,0.21,12.37,1.92,77.66,68.6,2318.75
2018-09-14,114.0657,2.78,2.99,0.21,12.07,1.92,77.87,68.98,2318.75
2018-09-15,,,,,,1.92,,,
2018-09-16,,,,,,1.92,,,
2018-09-17,113.9158,2.78,2.99,0.21,13.68,1.92,78.22,68.86,2318.75
2018-09-18,113.7739,2.81,3.05,0.24,12.79,1.92,79.25,69.87,2318.75
2018-09-19,113.6532,2.81,3.08,0.27,11.75,1.92,79.43,71.08,2318.75
2018-09-20,113.4989,2.81,3.07,0.26,11.8,1.92,79.03,70.77,2318.75
2018-09-21,113.5099,2.81,3.07,0.26,11.68,1.92,78.9,70.8,2318.75
2018-09-22,,,,,,1.92,,,
2018-09-23,,,,,,1.92,,,
2018-09-24,113.5301,2.83,3.08,0.25,12.2,1.93,80.89,73.23,2318.75
2018-09-25,113.7202,2.83,3.1,0.27,12.42,1.93,82.21,73.4,2318.75
2018-09-26,113.6739,2.83,3.06,0.23,12.89,1.93,81.87,72.22,2318.75
2018-09-27,113.9784,2.83,3.06,0.23,12.41,2.18,81.54,72.18,2323.0
2018-09-28,113.8077,2.81,3.05,0.24,12.12,2.18,82.72,73.16,2323.0
2018-09-29,,,,,,2.18,,,
2018-09-30,,,,,,2.18,,,
2018-10-01,113.8235,2.82,3.09,0.27,12.0,2.18,84.94,75.37,2323.0
2018-10-02,113.8954,2.82,3.05,0.23,12.05,2.18,85.63,75.16,2323.0
2018-10-03,114.1569,2.85,3.15,0.3,11.61,2.18,85.45,76.4,2323.0
2018-10-04,114.6867,2.87,3.19,0.32,14.22,2.18,86.07,74.44,2323.0
2018-10-05,114.561,2.88,3.23,0.35,14.82,2.18,85.12,74.26,2323.0
2018-10-06,,,,,,2.18,,,
2018-10-07,,,,,,2.18,,,
2018-10-08,,,,,15.69,2.18,84.22,74.27,2323.0
2018-10-09,114.6583,2.88,3.21,0.33,15.95,2.18,85.16,74.95,2323.0
2018-10-10,114.6072,2.88,3.22,0.34,22.96,2.18,83.82,73.18,2323.0
2018-10-11,114.4074,2.85,3.14,0.29,24.98,2.18,81.35,70.97,2323.0
2018-10-12,114.3691,2.85,3.15,0.3,21.31,2.18,80.71,71.41,2323.0
2018-10-13,,,,,,2.18,,,
2018-10-14,,,,,,2.18,,,
2018-10-15,114.045,2.85,3.16,0.31,21.3,2.18,80.91,71.84,2323.0
2018-10-16,113.8963,2.87,3.16,0.29,17.62,2.18,80.53,71.93,2323.0
2018-10-17,114.1755,2.89,3.19,0.3,17.4,2.19,79.91,69.63,2323.0
2018-10-18,114.8164,2.87,3.17,0.3,20.06,2.19,80.3,68.63,2323.0
2018-10-19,114.8567,2.92,3.2,0.28,19.89,2.19,80.38,69.16,2323.0
2018-10-20,,,,,,2.19,,,
2018-10-21,,,,,,2.19,,,
2018-10-22,115.1782,2.92,3.2,0.28,19.64,2.19,80.45,69.25,2323.0
2018-10-23,115.1651,2.89,3.17,0.28,20.71,2.2,78.67,66.49,2323.0
2018-10-24,115.3755,2.84,3.1,0.26,25.23,2.2,77.34,66.56,2323.0
2018-10-25,115.4831,2.86,3.14,0.28,24.22,2.2,77.3,67.25,2323.0
2018-10-26,115.473,2.81,3.08,0.27,24.16,2.2,77.4,67.58,2323.0
2018-10-27,,,,,,2.2,,,
2018-10-28,,,,,,2.2,,,
2018-10-29,115.8936,2.81,3.08,0.27,24.7,2.2,77.56,67.0,2323.0
2018-10-30,116.2357,2.84,3.12,0.28,23.35,2.2,75.68,66.18,2328.25
2018-10-31,116.5281,2.87,3.15,0.28,21.23,2.2,74.84,65.31,2328.25
2018-11-01,115.8657,2.84,3.14,0.3,19.34,2.2,71.25,63.67,2328.25
2018-11-02,115.643,2.91,3.22,0.31,19.51,2.19,71.11,63.12,2328.25
2018-11-03,,,,,,2.19,,,
2018-11-04,,,,,,2.19,,,
2018-11-05,115.703,2.91,3.2,0.29,19.96,2.2,72.68,63.12,2328.25
2018-11-06,115.5622,2.93,3.22,0.29,19.91,2.2,70.64,62.16,2328.25
2018-11-07,115.2519,2.96,3.22,0.26,16.36,2.2,70.1,61.69,2328.25
2018-11-08,115.6478,2.98,3.24,0.26,16.72,2.2,69.29,60.71,2328.25
2018-11-09,116.4778,2.94,3.19,0.25,17.36,2.19,69.01,60.19,2328.25
2018-11-10,,,,,,2.19,,,
2018-11-11,,,,,,2.19,,,
2018-11-12,,,,,20.45,2.19,69.81,59.85,2328.25
2018-11-13,116.6694,2.89,3.14,0.25,20.02,2.2,65.45,55.63,2328.25
2018-11-14,116.498,2.86,3.12,0.26,21.25,2.2,64.88,56.16,2328.25
2018-11-15,116.3861,2.86,3.11,0.25,19.98,2.2,65.61,56.45,2328.25
2018-11-16,115.9258,2.81,3.08,0.27,18.14,2.2,65.29,56.49,2328.25
2018-11-17,,,,,,2.2,,,
2018-11-18,,,,,,2.2,,,
2018-11-19,115.9859,2.79,3.06,0.27,20.1,2.2,64.14,57.16,2328.25
2018-11-20,116.2367,2.79,3.06,0.27,22.48,2.2,61.5,53.39,2328.25
2018-11-21,116.092,2.81,3.06,0.25,20.8,2.2,61.65,54.41,2328.25
2018-11-22,,,,,,2.2,61.11,,
2018-11-23,116.4713,2.81,3.05,0.24,21.52,2.2,57.69,,2328.25
2018-11-24,,,,,,2.2,,,
2018-11-25,,,,,,2.2,,,
2018-11-26,116.6208,2.84,3.07,0.23,18.9,2.2,59.7,51.46,2328.25
2018-11-27,116.9001,2.83,3.06,0.23,19.02,2.2,59.58,51.31,2328.25
2018-11-28,116.8343,2.81,3.06,0.25,18.49,2.2,57.97,50.06,2328.25
2018-11-29,116.1961,2.81,3.03,0.22,18.79,2.2,58.29,51.46,2332.5
2018-11-30,116.413,2.8,3.01,0.21,18.07,2.2,57.71,50.78,2332.5
2018-12-01,,,,,,2.2,,,
2018-12-02,,,,,,2.2,,,
2018-12-03,115.9057,2.83,2.98,0.15,16.44,2.19,60.17,52.98,2332.5
2018-12-04,116.0028,2.8,2.91,0.11,20.74,2.2,61.22,53.21,2332.5
2018-12-05,,,,,,2.2,61.4,52.64,
2018-12-06,116.3991,2.75,2.87,0.12,21.19,2.2,57.83,51.54,2332.5
2018-12-07,116.0847,2.72,2.85,0.13,23.23,2.19,61.71,52.76,2332.5
2018-12-08,,,,,,2.19,,,
2018-12-09,,,,,,2.19,,,
2018-12-10,116.6746,2.72,2.85,0.13,22.64,2.2,60.29,51.07,2332.5
2018-12-11,116.7564,2.78,2.89,0.11,21.76,2.19,59.73,51.65,2332.5
2018-12-12,116.2214,2.77,2.91,0.14,21.46,2.19,59.94,51.04,2332.5
2018-12-13,116.3974,2.75,2.91,0.16,20.65,2.19,59.03,52.69,2332.5
2018-12-14,116.79,2.73,2.89,0.16,21.63,2.19,58.56,51.26,2332.5
2018-12-15,,,,,,2.19,,,
2018-12-16,,,,,,2.19,,,
2018-12-17,116.4532,2.7,2.86,0.16,24.52,2.2,57.59,49.8,2332.5
2018-12-18,116.4127,2.65,2.82,0.17,25.58,2.2,55.26,46.12,2332.5
2018-12-19,116.0676,2.63,2.77,0.14,25.58,2.2,55.6,47.96,2332.5
2018-12-20,116.0183,2.67,2.79,0.12,28.38,2.4,52.84,45.64,2332.5
2018-12-21,116.2227,2.63,2.79,0.16,30.11,2.4,51.93,45.38,2332.5
2018-12-22,,,,,,2.4,,,
2018-12-23,,,,,,2.4,,,
2018-12-24,116.2182,2.55,2.74,0.19,36.07,2.4,,,2332.5
2018-12-25,,,,,,2.4,,,
2018-12-26,116.1162,2.61,2.81,0.2,30.41,2.4,,46.04,2332.5
2018-12-27,115.9927,2.56,2.77,0.21,29.96,2.4,51.49,44.48,2332.5
2018-12-28,115.7232,2.52,2.72,0.2,28.34,2.4,50.57,45.15,2332.5
2018-12-29,,,,,,2.4,,,
2018-12-30,,,,,,2.4,,,
2018-12-31,115.5674,2.48,2.69,0.21,25.42,2.4,,,2332.5
2019-01-01,,,,,,2.4,,,
2019-01-02,115.7689,2.5,2.66,0.16,23.22,2.4,54.06,46.31,2332.5
2019-01-03,115.4622,2.39,2.56,0.17,25.45,2.4,53.23,46.92,2332.5
2019-01-04,114.9821,2.5,2.67,0.17,21.38,2.4,55.64,47.76,2332.5
2019-01-05,,,,,,2.4,,,
2019-01-06,,,,,,2.4,,,
2019-01-07,114.5628,2.53,2.7,0.17,21.4,2.4,57.1,48.27,2332.5
2019-01-08,114.7281,2.58,2.73,0.15,20.47,2.4,56.91,49.58,2332.5
2019-01-09,114.1406,2.56,2.74,0.18,19.98,2.4,59.46,52.19,2332.5
2019-01-10,114.0496,2.56,2.74,0.18,19.5,2.4,60.47,52.42,2332.5
2019-01-11,114.0404,2.55,2.71,0.16,18.19,2.4,59.24,51.44,2332.5
2019-01-12,,,,,,2.4,,,
2019-01-13,,,,,,2.4,,,
2019-01-14,,2.53,2.71,0.18,19.07,2.4,58.8,50.31,2332.5
2019-01-15,114.3402,2.53,2.72,0.19,18.6,2.4,58.65,51.8,2332.5
2019-01-16,114.137,2.55,2.73,0.18,19.04,2.4,59.81,52.08,2332.5
2019-01-17,114.4115,2.56,2.75,0.19,18.06,2.4,59.85,51.83,2332.5
2019-01-18,114.558,2.62,2.79,0.17,17.8,2.4,62.04,53.6,2332.5
2019-01-19,,,,,,2.4,,,
2019-01-20,,,,,,2.4,,,
2019-01-21,,,,,,2.4,62.18,,
2019-01-22,114.7541,2.58,2.74,0.16,20.8,2.4,60.9,52.59,2332.5
2019-01-23,114.5759,2.58,2.76,0.18,19.52,2.4,61.05,52.44,2332.5
2019-01-24,114.617,2.56,2.72,0.16,18.89,2.4,61.09,52.94,2332.5
2019-01-25,114.0197,2.6,2.76,0.16,17.42,2.4,61.49,53.53,2332.5
2019-01-26,,,,,,2.4,,,
2019-01-27,,,,,,2.4,,,
2019-01-28,114.0522,2.6,2.75,0.15,18.87,2.4,59.71,51.79,2332.5
2019-01-29,114.026,2.56,2.72,0.16,19.13,2.4,60.98,53.07,2332.5
2019-01-30,114.0731,2.52,2.7,0.18,17.66,2.4,61.89,54.18,2332.5
2019-01-31,113.5504,2.45,2.63,0.18,16.57,2.4,62.46,53.84,2332.5
2019-02-01,113.7548,2.52,2.7,0.18,16.14,2.4,61.86,55.29,2332.5
2019-02-02,,,,,,2.4,,,
2019-02-03,,,,,,2.4,,,
2019-02-04,113.8766,2.53,2.73,0.2,15.73,2.4,62.26,54.57,2332.5
2019-02-05,114.0431,2.53,2.71,0.18,15.57,2.4,61.67,53.69,2332.5
2019-02-06,114.2305,2.52,2.7,0.18,15.38,2.4,62.22,53.94,2332.5
2019-02-07,114.4339,2.48,2.65,0.17,16.37,2.4,61.01,52.68,2332.5
2019-02-08,114.5003,2.45,2.63,0.18,15.72,2.4,61.37,52.75,2332.5
2019-02-09,,,,,,2.4,,,
2019-02-10,,,,,,2.4,,,
2019-02-11,115.031,2.48,2.65,0.17,15.97,2.4,61.3,52.43,2332.5
2019-02-12,114.7297,2.5,2.68,0.18,15.43,2.4,62.58,53.14,2332.5
2019-02-13,114.9407,2.53,2.71,0.18,15.65,2.4,63.27,53.84,2332.5
2019-02-14,115.1007,2.5,2.66,0.16,16.22,2.4,64.0,54.4,2332.5
2019-02-15,114.9923,2.52,2.66,0.14,14.91,2.4,65.65,55.58,2332.5
2019-02-16,,,,,,2.4,,,
2019-02-17,,,,,,2.4,,,
2019-02-18,,,,,,2.4,66.41,,
2019-02-19,114.57,2.5,2.65,0.15,14.88,2.4,65.86,56.12,2225.0
2019-02-20,,2.5,2.65,0.15,14.02,2.4,66.82,56.9,2225.0
2019-02-21,114.5091,2.53,2.69,0.16,14.46,2.4,66.91,56.95,2225.0
2019-02-22,114.2716,2.48,2.65,0.17,13.51,2.4,66.91,57.01,2225.0
2019-02-23,,,,,,2.4,,,
2019-02-24,,,,,,2.4,,,
2019-02-25,114.1457,2.51,2.67,0.16,14.85,2.4,64.02,55.32,2225.0
2019-02-26,114.0687,2.48,2.64,0.16,15.17,2.4,64.51,55.4,2225.0
2019-02-27,114.0363,2.5,2.69,0.19,14.7,2.4,65.55,56.92,2225.0
2019-02-28,114.1991,2.52,2.73,0.21,14.78,2.4,65.03,57.21,2225.0
2019-03-01,114.537,2.55,2.76,0.21,13.57,2.4,63.71,55.76,2225.0
2019-03-02,,,,,,2.4,,,
2019-03-03,,,,,,2.4,,,
2019-03-04,114.6925,2.55,2.72,0.17,14.63,2.4,64.44,56.6,2225.0
2019-03-05,114.804,2.55,2.72,0.17,14.74,2.4,64.24,56.55,2225.0
2019-03-06,114.9714,2.52,2.69,0.17,15.74,2.4,64.51,56.22,2225.0
2019-03-07,115.4919,2.47,2.64,0.17,16.59,2.4,64.82,56.6,2225.0
2019-03-08,115.3599,2.45,2.62,0.17,16.05,2.4,65.66,55.77,2225.0
2019-03-09,,,,,,2.4,,,
2019-03-10,,,,,,2.4,,,
2019-03-11,115.2967,2.47,2.64,0.17,14.33,2.4,65.06,56.79,2225.0
2019-03-12,114.939,2.45,2.61,0.16,13.77,2.4,65.33,56.89,2225.0
2019-03-13,114.7372,2.45,2.61,0.16,13.41,2.4,65.89,58.27,2225.0
2019-03-14,114.79,2.46,2.63,0.17,13.5,2.4,66.18,58.59,2225.0
2019-03-15,114.5815,2.43,2.59,0.16,12.88,2.4,66.11,58.51,2225.0
2019-03-16,,,,,,2.4,,,
2019-03-17,,,,,,2.4,,,
2019-03-18,114.4375,2.45,2.6,0.15,13.1,2.4,66.65,59.09,2225.0
2019-03-19,114.2324,2.46,2.61,0.15,13.56,2.4,67.13,59.12,2225.0
2019-03-20,114.1509,2.4,2.54,0.14,13.91,2.41,68.35,60.12,2225.0
2019-03-21,114.1684,2.41,2.54,0.13,13.63,2.41,68.3,59.98,2225.0
2019-03-22,114.6856,2.31,2.44,0.13,16.48,2.41,66.29,58.87,2225.0
2019-03-23,,,,,,2.41,,,
2019-03-24,,,,,,2.41,,,
2019-03-25,114.4171,2.26,2.43,0.17,16.33,2.4,67.37,58.71,2225.0
2019-03-26,114.6414,2.24,2.41,0.17,14.68,2.4,67.51,59.87,2225.0
2019-03-27,115.1243,2.22,2.39,0.17,15.15,2.41,67.35,59.39,2225.0
2019-03-28,115.2581,2.23,2.39,0.16,14.43,2.41,66.08,59.29,2225.0
2019-03-29,115.1371,2.27,2.41,0.14,13.71,2.43,67.93,60.19,2225.0
2019-03-30,,,,,,2.43,,,
2019-03-31,,,,,,2.43,,,
2019-04-01,114.9362,2.33,2.49,0.16,13.4,2.41,69.08,61.59,2225.0
2019-04-02,115.1173,2.3,2.48,0.18,13.36,2.41,69.68,62.53,2225.0
2019-04-03,114.7211,2.33,2.52,0.19,13.74,2.41,69.21,62.46,2225.0
2019-04-04,114.9697,2.33,2.51,0.18,13.58,2.41,69.8,62.12,2225.0
2019-04-05,114.9726,2.35,2.5,0.15,12.82,2.41,69.93,63.1,2225.0
2019-04-06,,,,,,2.41,,,
2019-04-07,,,,,,2.41,,,
2019-04-08,114.6893,2.36,2.52,0.16,13.18,2.41,71.12,64.37,2225.0
2019-04-09,114.5321,2.35,2.51,0.16,14.28,2.41,71.02,64.05,2225.0
2019-04-10,114.4269,2.31,2.48,0.17,13.3,2.41,71.63,64.62,2225.0
2019-04-11,114.6303,2.35,2.51,0.16,13.02,2.41,71.3,63.61,2225.0
2019-04-12,114.3531,2.4,2.56,0.16,12.01,2.41,71.57,63.86,2225.0
2019-04-13,,,,,,2.41,,,
2019-04-14,,,,,,2.41,,,
2019-04-15,114.495,2.4,2.55,0.15,12.32,2.41,70.9,63.43,2225.0
2019-04-16,114.6756,2.41,2.6,0.19,12.18,2.41,70.74,64.01,2225.0
2019-04-17,114.5141,2.4,2.59,0.19,12.6,2.42,71.14,63.74,2225.0
2019-04-18,114.7073,2.38,2.57,0.19,12.09,2.43,70.71,64.02,2225.0
2019-04-19,114.6977,,,,,2.44,,,
2019-04-20,,,,,,2.44,,,
2019-04-21,,,,,,2.44,,,
2019-04-22,114.7694,2.38,2.59,0.21,12.42,2.44,70.71,65.66,2225.0
2019-04-23,115.1578,2.36,2.57,0.21,12.28,2.44,74.39,66.24,2225.0
2019-04-24,115.4187,2.32,2.53,0.21,13.14,2.44,73.59,65.96,2225.0
2019-04-25,115.7709,2.33,2.54,0.21,13.25,2.44,74.94,65.23,2225.0
2019-04-26,115.4767,2.28,2.51,0.23,12.73,2.44,71.03,63.29,2225.0
2019-04-27,,,,,,2.44,,,
2019-04-28,,,,,,2.44,,,
2019-04-29,115.5227,2.3,2.54,0.24,13.11,2.45,71.22,63.39,2225.0
2019-04-30,115.3281,2.27,2.51,0.24,13.12,2.45,72.19,63.83,2225.0
2019-05-01,115.0022,2.31,2.52,0.21,14.8,2.45,72.01,63.55,2225.0
2019-05-02,115.5617,2.35,2.55,0.2,14.42,2.41,70.56,61.75,2225.0
2019-05-03,115.2646,2.33,2.54,0.21,12.87,2.4,71.95,61.98,2225.0
2019-05-04,,,,,,2.4,,,
2019-05-05,,,,,,2.4,,,
2019-05-06,115.3811,2.31,2.51,0.2,15.44,2.4,71.95,62.3,2225.0
2019-05-07,115.6116,2.28,2.45,0.17,19.32,2.4,70.98,61.41,2225.0
2019-05-08,115.5171,2.3,2.49,0.19,19.4,2.39,71.09,62.13,2225.0
2019-05-09,115.8421,2.26,2.45,0.19,19.1,2.38,70.61,61.58,2225.0
2019-05-10,115.5334,2.26,2.47,0.21,16.04,2.38,71.63,61.65,2225.0
2019-05-11,,,,,,2.38,,,
2019-05-12,,,,,,2.38,,,
2019-05-13,115.915,2.18,2.4,0.22,20.55,2.38,72.35,60.97,2225.0
2019-05-14,115.9425,2.2,2.42,0.22,18.06,2.38,72.53,61.82,2225.0
2019-05-15,115.8565,2.16,2.37,0.21,16.44,2.4,73.09,62.03,2225.0
2019-05-16,116.0346,2.2,2.4,0.2,15.29,2.39,74.7,62.93,2225.0
2019-05-17,116.448,2.2,2.39,0.19,15.96,2.39,73.94,62.77,2225.0
2019-05-18,,,,,,2.39,,,
2019-05-19,,,,,,2.39,,,
2019-05-20,116.3119,2.21,2.41,0.2,16.31,2.39,73.21,63.12,2225.0
2019-05-21,116.2844,2.26,2.43,0.17,14.95,2.39,72.94,63.02,2225.0
2019-05-22,116.2412,2.23,2.39,0.16,14.75,2.38,71.94,61.42,2225.0
2019-05-23,116.2368,2.12,2.31,0.19,16.92,2.38,68.37,57.65,2225.0
2019-05-24,116.0806,2.16,2.32,0.16,15.85,2.38,67.98,58.4,2225.0
2019-05-25,,,,,,2.38,,,
2019-05-26,,,,,,2.38,,,
2019-05-27,,,,,,2.38,,,
2019-05-28,116.3174,2.12,2.26,0.14,17.5,2.39,70.19,58.91,2225.0
2019-05-29,116.5535,2.09,2.25,0.16,17.9,2.39,70.64,58.84,2225.0
2019-05-30,116.3989,2.06,2.22,0.16,17.3,2.39,69.55,56.47,2225.0
2019-05-31,116.7273,1.95,2.14,0.19,18.71,2.4,66.78,53.49,2225.0
2019-06-01,,,,,,2.4,,,
2019-06-02,,,,,,2.4,,,
2019-06-03,116.4764,1.82,2.07,0.25,18.86,2.38,63.16,53.25,2225.0
2019-06-04,116.091,1.88,2.12,0.24,16.97,2.38,63.56,53.5,2225.0
2019-06-05,116.03,1.83,2.12,0.29,16.09,2.38,62.14,51.57,2225.0
2019-06-06,115.9771,1.88,2.12,0.24,15.93,2.37,62.77,52.59,2225.0
2019-06-07,115.7368,1.85,2.09,0.24,16.3,2.37,64.1,53.95,2225.0
2019-06-08,,,,,,2.37,,,
2019-06-09,,,,,,2.37,,,
2019-06-10,115.5001,1.9,2.15,0.25,15.94,2.37,64.31,53.33,2225.0
2019-06-11,115.3794,1.93,2.15,0.22,15.99,2.37,63.56,53.3,2225.0
2019-06-12,115.438,1.88,2.13,0.25,15.91,2.37,61.66,51.13,2225.0
2019-06-13,115.6275,1.83,2.1,0.27,15.82,2.37,63.28,52.38,2225.0
2019-06-14,115.9057,1.84,2.09,0.25,15.28,2.36,63.13,52.47,2225.0
2019-06-15,,,,,,2.36,,,
2019-06-16,,,,,,2.36,,,
2019-06-17,115.9684,1.86,2.09,0.23,15.35,2.38,62.56,51.94,2225.0
2019-06-18,115.8797,1.86,2.06,0.2,15.15,2.37,63.35,53.86,2225.0
2019-06-19,115.7889,1.74,2.03,0.29,14.33,2.37,62.85,53.74,2225.0
2019-06-20,114.8046,1.72,2.01,0.29,14.75,2.37,65.44,56.88,2225.0
2019-06-21,114.8377,1.77,2.07,0.3,15.4,2.38,65.99,57.35,2225.0
2019-06-22,,,,,,2.38,,,
2019-06-23,,,,,,2.38,,,
2019-06-24,114.6559,1.72,2.02,0.3,15.26,2.38,65.16,57.73,2225.0
2019-06-25,114.6363,1.71,2.0,0.29,16.28,2.38,66.24,57.63,2225.0
2019-06-26,114.5608,1.77,2.05,0.28,16.21,2.38,66.85,59.17,2225.0
2019-06-27,114.665,1.74,2.01,0.27,15.82,2.38,66.78,59.18,1820.0
2019-06-28,114.5821,1.75,2.0,0.25,15.08,2.4,67.52,58.2,1820.0
2019-06-29,,,,,,2.4,,,
2019-06-30,,,,,,2.4,,,
2019-07-01,114.7239,1.78,2.03,0.25,14.06,2.39,65.1,58.91,1793.5
2019-07-02,114.8258,1.77,1.98,0.21,12.93,2.4,62.72,56.0,1778.5
2019-07-03,114.8135,1.77,1.96,0.19,12.57,2.41,63.53,57.06,1794.0
2019-07-04,,,,,,2.41,63.62,,
2019-07-05,115.1132,1.87,2.04,0.17,13.28,2.42,64.23,,1806.75
2019-07-06,,,,,,2.42,,,
2019-07-07,,,,,,2.42,,,
2019-07-08,115.0254,1.88,2.05,0.17,13.96,2.41,64.89,57.35,1811.75
2019-07-09,115.1017,1.92,2.07,0.15,14.09,2.41,64.3,57.57,1838.5
2019-07-10,115.0879,1.82,2.07,0.25,13.03,2.41,66.41,60.28,1861.5
2019-07-11,114.8361,1.85,2.13,0.28,12.93,2.4,67.64,59.93,1865.0
2019-07-12,114.7685,1.84,2.12,0.28,12.39,2.38,66.65,59.99,1860.0
2019-07-13,,,,,,2.38,,,
2019-07-14,,,,,,2.38,,,
2019-07-15,114.6819,1.83,2.09,0.26,12.68,2.4,66.86,59.3,1860.0
2019-07-16,115.0111,1.87,2.13,0.26,12.86,2.41,65.87,57.44,1860.0
2019-07-17,114.8819,1.83,2.06,0.23,13.97,2.41,63.67,56.5,1860.0
2019-07-18,114.8744,1.77,2.04,0.27,13.53,2.41,60.7,55.08,1863.0
2019-07-19,114.8695,1.8,2.05,0.25,14.45,2.41,61.04,55.42,1880.0
2019-07-20,,,,,,2.41,,,
2019-07-21,,,,,,2.41,,,
2019-07-22,115.0018,1.8,2.05,0.25,13.53,2.4,61.96,55.87,1880.0
2019-07-23,115.2995,1.83,2.08,0.25,12.61,2.4,62.28,56.58,1880.0
2019-07-24,115.2436,1.83,2.05,0.22,12.07,2.4,63.83,55.9,1880.0
2019-07-25,115.2982,1.86,2.08,0.22,12.74,2.4,63.47,55.88,1880.0
2019-07-26,115.5449,1.86,2.08,0.22,12.16,2.4,62.46,56.04,1880.0
2019-07-27,,,,,,2.4,,,
2019-07-28,,,,,,2.4,,,
2019-07-29,115.5885,1.85,2.06,0.21,12.83,2.4,62.29,56.85,1880.0
2019-07-30,115.6211,1.85,2.06,0.21,13.94,2.39,62.55,58.04,1875.25
2019-07-31,115.4946,1.89,2.02,0.13,16.12,2.4,64.07,58.53,1860.75
2019-08-01,116.0499,1.73,1.9,0.17,17.87,2.14,62.9,53.64,1842.0
2019-08-02,116.1864,1.72,1.86,0.14,17.61,2.14,61.12,55.67,1832.5
2019-08-03,,,,,,2.14,,,
2019-08-04,,,,,,2.14,,,
2019-08-05,116.5851,1.59,1.75,0.16,24.59,2.13,59.32,54.63,1823.5
2019-08-06,116.6904,1.6,1.73,0.13,20.17,2.13,58.63,53.6,1820.75
2019-08-07,116.7987,1.59,1.71,0.12,19.49,2.12,55.03,51.14,1811.75
2019-08-08,116.474,1.62,1.72,0.1,16.91,2.12,56.29,52.6,1848.25
2019-08-09,116.4419,1.63,1.74,0.11,17.97,2.12,57.37,54.41,1842.0
2019-08-10,,,,,,2.12,,,
2019-08-11,,,,,,2.12,,,
2019-08-12,116.7548,1.58,1.65,0.07,21.09,2.12,57.13,54.98,1832.75
2019-08-13,116.7267,1.66,1.68,0.02,17.52,2.12,59.9,57.05,1847.25
2019-08-14,117.0913,1.58,1.59,0.01,22.1,2.12,57.86,55.16,1839.25
2019-08-15,117.2239,1.48,1.52,0.04,21.18,2.13,57.37,54.51,1845.5
2019-08-16,117.0786,1.48,1.55,0.07,18.47,2.13,59.0,54.83,1857.25
2019-08-17,,,,,,2.13,,,
2019-08-18,,,,,,2.13,,,
2019-08-19,117.3886,1.53,1.6,0.07,16.88,2.13,59.79,56.24,1855.0
2019-08-20,117.3726,1.5,1.55,0.05,17.5,2.13,59.03,56.18,1842.25
2019-08-21,117.1764,1.56,1.59,0.03,15.8,2.12,60.6,55.65,1836.0
2019-08-22,117.3558,1.61,1.62,0.01,16.68,2.12,59.81,55.33,1821.0
2019-08-23,117.3009,1.51,1.52,0.01,19.87,2.12,58.64,54.08,1823.75
2019-08-24,,,,,,2.12,,,
2019-08-25,,,,,,2.12,,,
2019-08-26,117.6658,1.54,1.54,0.0,19.32,2.12,58.64,53.54,1823.75
2019-08-27,117.75,1.53,1.49,-0.04,20.31,2.12,58.44,54.99,1817.5
2019-08-28,117.8767,1.5,1.47,-0.03,19.35,2.12,60.42,55.76,1807.0
2019-08-29,118.0625,1.53,1.5,-0.03,17.88,2.12,60.59,56.67,1759.0
2019-08-30,118.1575,1.5,1.5,0.0,18.98,2.13,61.04,55.07,1758.0
2019-08-31,,,,,,2.13,,,
2019-09-01,,,,,,2.13,,,
2019-09-02,,,,,,2.13,58.55,,
2019-09-03,118.3113,1.47,1.47,0.0,19.66,2.13,57.93,53.91,1751.75
2019-09-04,117.6729,1.43,1.47,0.04,17.33,2.13,60.68,56.22,1770.5
2019-09-05,117.4776,1.55,1.57,0.02,16.27,2.13,62.7,56.33,1785.0
2019-09-06,117.1292,1.53,1.55,0.02,15.0,2.12,61.28,56.45,1788.75
2019-09-07,,,,,,2.12,,,
2019-09-08,,,,,,2.12,,,
2019-09-09,117.0601,1.58,1.63,0.05,15.27,2.13,63.99,57.88,1799.5
2019-09-10,117.0887,1.67,1.72,0.05,15.2,2.13,64.67,57.37,1818.5
2019-09-11,117.3125,1.68,1.75,0.07,14.61,2.13,63.02,55.66,1825.25
2019-09-12,116.8375,1.72,1.79,0.07,14.22,2.13,60.76,55.13,1798.25
2019-09-13,116.7677,1.79,1.9,0.11,13.74,2.14,61.25,54.76,1807.0
2019-09-14,,,,,,2.14,,,
2019-09-15,,,,,,2.14,,,
2019-09-16,117.0251,1.74,1.84,0.1,14.67,2.25,68.42,63.1,1791.0
2019-09-17,116.9826,1.72,1.81,0.09,14.44,2.3,65.59,59.26,1778.75
2019-09-18,116.9766,1.77,1.8,0.03,13.95,2.25,64.29,58.19,1783.0
2019-09-19,117.0861,1.74,1.79,0.05,14.05,1.9,64.25,58.19,1798.75
2019-09-20,117.1819,1.69,1.74,0.05,15.32,1.9,65.23,57.92,1800.5
2019-09-21,,,,,,1.9,,,
2019-09-22,,,,,,1.9,,,
2019-09-23,117.2986,1.68,1.72,0.04,14.91,1.9,64.66,58.69,1790.5
2019-09-24,117.2227,1.6,1.64,0.04,17.05,1.9,64.13,57.22,1767.75
2019-09-25,117.6527,1.68,1.73,0.05,15.96,1.9,62.41,56.38,1759.5
2019-09-26,117.7267,1.66,1.7,0.04,16.07,1.85,62.08,56.24,1750.5
2019-09-27,117.7218,1.63,1.69,0.06,17.22,1.83,62.48,55.95,1748.25
2019-09-28,,,,,,1.83,,,
2019-09-29,,,,,,1.83,,,
2019-09-30,117.9461,1.63,1.68,0.05,16.24,1.9,60.99,54.09,1732.25
2019-10-01,117.9595,1.56,1.65,0.09,18.56,1.88,60.06,53.6,1737.25
2019-10-02,117.9671,1.48,1.6,0.12,20.56,1.85,57.92,52.67,1707.25
2019-10-03,117.6608,1.39,1.54,0.15,19.12,1.83,58.01,52.41,1711.5
2019-10-04,117.5288,1.4,1.52,0.12,17.04,1.82,59.13,52.84,1719.5
2019-10-05,,,,,,1.82,,,
2019-10-06,,,,,,1.82,,,
2019-10-07,117.5533,1.46,1.56,0.1,17.86,1.82,59.46,52.76,1739.75
2019-10-08,117.7407,1.42,1.54,0.12,20.28,1.82,58.14,52.64,1749.75
2019-10-09,117.6835,1.47,1.59,0.12,18.64,1.82,59.7,52.63,1743.0
2019-10-10,117.2801,1.53,1.67,0.14,17.57,1.82,59.08,53.57,1752.0
2019-10-11,116.8239,1.63,1.76,0.13,15.58,1.82,60.59,54.76,1717.25
2019-10-12,,,,,,1.82,,,
2019-10-13,,,,,,1.82,,,
2019-10-14,,,,,14.57,1.82,58.81,53.57,1714.0
2019-10-15,116.8111,1.61,1.77,0.16,13.54,1.9,59.19,52.81,1724.5
2019-10-16,116.6425,1.58,1.75,0.17,13.68,1.9,59.3,53.42,1727.5
2019-10-17,116.2615,1.6,1.76,0.16,13.79,1.85,59.35,53.89,1731.75
2019-10-18,116.1344,1.58,1.76,0.18,14.25,1.85,59.96,53.75,1746.5
2019-10-19,,,,,,1.85,,,
2019-10-20,,,,,,1.85,,,
2019-10-21,116.0436,1.62,1.8,0.18,14.0,1.85,58.95,53.28,1744.0
2019-10-22,115.9851,1.6,1.78,0.18,14.46,1.85,60.5,54.21,1727.5
2019-10-23,116.0586,1.58,1.77,0.19,14.01,1.85,60.52,55.9,1742.0
2019-10-24,116.1278,1.58,1.77,0.19,13.71,1.85,61.71,56.11,1735.0
2019-10-25,116.0774,1.63,1.8,0.17,12.65,1.83,62.06,56.52,1740.5
2019-10-26,,,,,,1.83,,,
2019-10-27,,,,,,1.83,,,
2019-10-28,116.0222,1.64,1.85,0.21,13.11,1.83,60.39,55.6,1751.0
2019-10-29,115.9797,1.64,1.84,0.2,13.2,1.82,61.05,55.34,1745.0
2019-10-30,116.1636,1.61,1.78,0.17,12.33,1.82,60.22,54.85,1760.25
2019-10-31,115.9125,1.52,1.69,0.17,13.22,1.58,59.3,54.02,1763.0
2019-11-01,115.7312,1.56,1.73,0.17,12.3,1.57,60.17,56.04,1794.0
2019-11-02,,,,,,1.57,,,
2019-11-03,,,,,,1.57,,,
2019-11-04,115.8624,1.6,1.79,0.19,12.83,1.56,62.52,56.33,1809.5
2019-11-05,116.1138,1.63,1.86,0.23,13.1,1.56,62.72,57.04,1811.5
2019-11-06,116.1004,1.61,1.81,0.2,12.62,1.55,62.11,56.15,1809.0
2019-11-07,116.1172,1.68,1.92,0.24,12.73,1.55,62.6,56.91,1816.5
2019-11-08,116.3436,1.68,1.94,0.26,12.07,1.55,62.0,57.02,1818.25
2019-11-09,,,,,,1.55,,,
2019-11-10,,,,,,1.55,,,
2019-11-11,,,,,12.69,1.55,62.58,,1794.0
2019-11-12,116.5837,1.66,1.92,0.26,12.68,1.55,62.19,56.67,1780.75
2019-11-13,116.8397,1.63,1.88,0.25,13.0,1.55,62.27,56.88,1770.5
2019-11-14,116.8022,1.58,1.82,0.24,13.05,1.55,62.46,56.57,1750.5
2019-11-15,116.4401,1.61,1.84,0.23,12.05,1.55,63.32,57.54,1754.0
2019-11-16,,,,,,1.55,,,
2019-11-17,,,,,,1.55,,,
2019-11-18,116.3625,1.6,1.81,0.21,12.46,1.55,62.82,56.82,1752.0
2019-11-19,116.5391,1.6,1.79,0.19,12.86,1.55,62.37,54.93,1745.75
2019-11-20,116.828,1.56,1.73,0.17,12.78,1.55,63.8,56.71,1758.5
2019-11-21,116.7435,1.6,1.77,0.17,13.13,1.55,64.99,58.36,1754.0
2019-11-22,116.9137,1.61,1.77,0.16,12.34,1.55,64.83,57.68,1757.5
2019-11-23,,,,,,1.55,,,
2019-11-24,,,,,,1.55,,,
2019-11-25,117.0098,1.61,1.76,0.15,11.87,1.55,64.67,57.79,1755.5
2019-11-26,117.0513,1.58,1.74,0.16,11.54,1.55,64.82,58.25,1773.5
2019-11-27,117.1273,1.63,1.77,0.14,11.75,1.55,65.03,58.12,1785.25
2019-11-28,,,,,,1.55,64.68,,
2019-11-29,117.1204,1.61,1.78,0.17,12.62,1.56,64.5,58.12,1785.0
2019-11-30,,,,,,1.56,,,
2019-12-01,,,,,,1.56,,,
2019-12-02,116.9647,1.61,1.83,0.22,14.91,1.56,63.2,55.97,1806.75
2019-12-03,116.8898,1.53,1.72,0.19,15.96,1.55,62.95,56.15,1782.5
2019-12-04,116.692,1.58,1.77,0.19,14.8,1.55,65.25,58.46,1771.5
2019-12-05,116.3838,1.58,1.8,0.22,14.52,1.55,65.67,58.42,1764.75
2019-12-06,116.5381,1.61,1.84,0.23,13.62,1.55,66.5,59.2,1770.5
2019-12-07,,,,,,1.55,,,
2019-12-08,,,,,,1.55,,,
2019-12-09,116.3283,1.63,1.83,0.2,15.86,1.55,66.44,58.99,1775.5
2019-12-10,116.2542,1.65,1.85,0.2,15.68,1.55,66.57,59.22,1772.5
2019-12-11,116.1478,1.61,1.79,0.18,14.99,1.55,65.37,58.74,1775.5
2019-12-12,115.8741,1.66,1.9,0.24,13.94,1.55,66.67,59.18,1786.75
2019-12-13,115.6967,1.61,1.82,0.21,12.63,1.55,67.44,60.11,1777.0
2019-12-14,,,,,,1.55,,,
2019-12-15,,,,,,1.55,,,
2019-12-16,115.555,1.65,1.89,0.24,12.14,1.56,68.04,60.21,1784.75
2019-12-17,115.5553,1.63,1.89,0.26,12.29,1.55,68.99,60.88,1774.25
2019-12-18,115.6618,1.63,1.92,0.29,12.58,1.55,69.12,60.93,1788.75
2019-12-19,115.5988,1.62,1.92,0.3,12.5,1.55,69.7,61.3,1807.25
2019-12-20,115.7598,1.63,1.92,0.29,12.51,1.55,68.66,60.43,1808.25
2019-12-21,,,,,,1.55,,,
2019-12-22,,,,,,1.55,,,
2019-12-23,115.8059,1.64,1.93,0.29,12.61,1.55,67.49,60.51,1818.25
2019-12-24,,1.62,1.9,0.28,12.67,1.55,69.26,61.17,1823.0
2019-12-25,,,,,,1.55,,,
2019-12-26,115.634,1.64,1.9,0.26,12.65,1.55,69.26,61.72,1823.0
2019-12-27,115.22,1.59,1.88,0.29,13.43,1.55,68.91,61.76,1835.5
2019-12-28,,,,,,1.55,,,
2019-12-29,,,,,,1.55,,,
2019-12-30,114.9631,1.58,1.9,0.32,14.82,1.55,68.3,61.66,1834.0
2019-12-31,114.669,1.58,1.92,0.34,13.78,1.55,67.77,61.14,1824.5
2020-01-01,,,,,,1.55,,,
2020-01-02,114.9745,1.58,1.88,0.3,12.47,1.55,67.05,61.17,1812.5
2020-01-03,114.9867,1.53,1.8,0.27,14.02,1.55,69.08,63.0,1830.0
2020-01-04,,,,,,1.55,,,
2020-01-05,,,,,,1.55,,,
2020-01-06,114.9557,1.54,1.81,0.27,13.85,1.55,70.25,63.27,1842.0
2020-01-07,115.1477,1.54,1.83,0.29,13.79,1.55,68.74,62.7,1822.0
2020-01-08,115.1328,1.58,1.87,0.29,13.45,1.55,67.31,59.65,1802.75
2020-01-09,115.2331,1.58,1.85,0.27,12.54,1.55,66.58,59.56,1803.5
2020-01-10,115.0677,1.56,1.83,0.27,12.56,1.54,66.77,59.02,1811.5
2020-01-11,,,,,,1.54,,,
2020-01-12,,,,,,1.54,,,
2020-01-13,115.0342,1.58,1.85,0.27,12.32,1.54,64.14,58.17,1798.0
2020-01-14,115.0239,1.58,1.82,0.24,12.39,1.54,64.45,58.34,1809.0
2020-01-15,114.9528,1.56,1.79,0.23,12.42,1.54,63.29,57.86,1800.25
2020-01-16,115.0006,1.58,1.81,0.23,12.32,1.54,64.63,58.52,1811.0
2020-01-17,115.0656,1.58,1.84,0.26,12.1,1.55,64.05,58.55,1809.25
2020-01-18,,,,,,1.55,,,
2020-01-19,,,,,,1.55,,,
2020-01-20,,,,,,1.55,64.63,,
2020-01-21,115.1876,1.53,1.78,0.25,12.85,1.55,63.66,58.25,1827.0
2020-01-22,115.2273,1.53,1.77,0.24,12.91,1.55,62.11,56.76,1814.0
2020-01-23,115.5545,1.51,1.74,0.23,12.98,1.55,61.26,55.51,1792.5
2020-01-24,115.5556,1.49,1.7,0.21,14.56,1.55,59.34,54.09,1786.0
2020-01-25,,,,,,1.55,,,
2020-01-26,,,,,,1.55,,,
2020-01-27,115.8004,1.44,1.61,0.17,18.23,1.55,58.54,53.09,1769.75
2020-01-28,115.7239,1.45,1.65,0.2,16.28,1.55,59.37,53.33,1764.5
2020-01-29,115.7003,1.42,1.6,0.18,16.39,1.55,59.46,53.29,1743.0
2020-01-30,115.8077,1.41,1.57,0.16,15.49,1.6,57.72,52.19,1751.75
2020-01-31,115.7345,1.33,1.51,0.18,18.84,1.59,57.77,51.58,1741.75
2020-02-01,,,,,,1.59,,,
2020-02-02,,,,,,1.59,,,
2020-02-03,116.1172,1.36,1.54,0.18,17.97,1.59,54.0,50.06,1706.75
2020-02-04,115.9291,1.41,1.61,0.2,16.05,1.59,53.9,49.59,1712.0
2020-02-05,116.009,1.44,1.66,0.22,15.15,1.59,55.36,50.87,1728.0
2020-02-06,116.1518,1.44,1.65,0.21,14.96,1.59,55.18,50.94,1757.0
2020-02-07,116.5086,1.41,1.59,0.18,15.47,1.58,54.53,50.34,1737.0
2020-02-08,,,,,,1.58,,,
2020-02-09,,,,,,1.58,,,
2020-02-10,116.5711,1.37,1.56,0.19,15.04,1.58,53.39,49.59,1724.5
2020-02-11,116.3585,1.41,1.59,0.18,15.18,1.58,54.0,50.0,1749.75
2020-02-12,116.2794,1.44,1.62,0.18,13.74,1.58,55.54,51.13,1749.0
2020-02-13,116.3999,1.44,1.61,0.17,14.15,1.58,56.34,51.41,1754.75
2020-02-14,116.4223,1.42,1.59,0.17,13.68,1.58,57.37,52.03,1739.5
2020-02-15,,,,,,1.58,,,
2020-02-16,,,,,,1.58,,,
2020-02-17,,,,,,1.58,57.83,,
2020-02-18,116.6039,1.41,1.55,0.14,14.83,1.59,57.35,52.1,1718.75
2020-02-19,116.7829,1.42,1.56,0.14,14.38,1.59,59.72,53.31,1718.75
2020-02-20,117.2454,1.39,1.52,0.13,15.56,1.59,59.57,53.77,1709.5
2020-02-21,117.0473,1.34,1.46,0.12,17.08,1.58,58.6,53.36,1704.0
2020-02-22,,,,,,1.58,,,
2020-02-23,,,,,,1.58,,,
2020-02-24,117.4018,1.26,1.38,0.12,25.03,1.58,56.71,51.36,1693.25
2020-02-25,117.2425,1.2,1.33,0.13,27.85,1.58,55.29,49.78,1697.5
2020-02-26,117.405,1.16,1.33,0.17,27.56,1.58,54.96,48.67,1684.5
2020-02-27,117.3678,1.11,1.3,0.19,39.16,1.58,52.19,47.17,1683.75
2020-02-28,117.6568,0.86,1.13,0.27,40.11,1.58,51.31,44.83,1684.0
2020-02-29,,,,,,1.58,,,
2020-03-01,,,,,,1.58,,,
2020-03-02,116.8144,0.84,1.1,0.26,33.42,1.59,52.52,46.78,1708.0
2020-03-03,116.4958,0.71,1.02,0.31,36.82,1.59,52.24,47.27,1717.25
2020-03-04,116.7802,0.67,1.02,0.35,31.99,1.09,51.86,46.78,1721.25
2020-03-05,116.7901,0.59,0.92,0.33,39.62,1.09,51.29,45.9,1709.25
2020-03-06,116.7106,0.49,0.74,0.25,41.94,1.09,45.6,41.14,1675.25
2020-03-07,,,,,,1.09,,,
2020-03-08,,,,,,1.09,,,
2020-03-09,117.1871,0.38,0.54,0.16,54.46,1.09,35.33,31.05,1660.75
2020-03-10,117.9027,0.5,0.76,0.26,47.3,1.09,35.57,34.47,1686.0
2020-03-11,118.2505,0.5,0.82,0.32,53.9,1.09,34.45,33.13,1681.0
2020-03-12,120.4883,0.5,0.88,0.38,75.47,1.1,31.02,31.56,1655.5
2020-03-13,120.4388,0.49,0.94,0.45,57.83,1.1,32.25,31.72,1668.0
2020-03-14,,,,,,1.1,,,
2020-03-15,,,,,,1.1,,,
2020-03-16,120.9352,0.36,0.73,0.37,82.69,0.25,27.98,28.96,1677.75
2020-03-17,122.4816,0.47,1.02,0.55,75.91,0.25,27.97,26.96,1653.0
2020-03-18,124.1623,0.54,1.18,0.64,76.45,0.25,22.79,20.48,1631.5
2020-03-19,125.0587,0.44,1.12,0.68,72.0,0.2,23.98,25.09,1625.5
2020-03-20,124.9362,0.37,0.92,0.55,66.04,0.15,25.55,19.48,1588.25
2020-03-21,,,,,,0.15,,,
2020-03-22,,,,,,0.15,,,
2020-03-23,126.1262,0.28,0.76,0.48,61.59,0.15,23.75,23.33,1559.0
2020-03-24,125.5001,0.38,0.84,0.46,61.67,0.12,24.5,21.03,1559.25
2020-03-25,124.7916,0.34,0.88,0.54,63.95,0.1,25.62,20.75,1547.5
2020-03-26,122.4308,0.3,0.83,0.53,61.0,0.1,23.55,16.6,1530.75
2020-03-27,122.4007,0.25,0.72,0.47,65.54,0.1,22.39,15.48,1539.0
2020-03-28,,,,,,0.1,,,
2020-03-29,,,,,,0.1,,,
2020-03-30,123.2883,0.23,0.7,0.47,57.08,0.09,19.19,14.1,1530.0
2020-03-31,122.5301,0.23,0.7,0.47,53.54,0.08,14.85,20.51,1512.0
2020-04-01,123.7933,0.23,0.62,0.39,57.06,0.06,14.97,20.28,1488.75
2020-04-02,123.5916,0.23,0.63,0.4,50.91,0.05,20.24,25.18,1492.5
2020-04-03,124.4152,0.23,0.62,0.39,46.8,0.05,24.33,28.36,1478.0
2020-04-04,,,,,,0.05,,,
2020-04-05,,,,,,0.05,,,
2020-04-06,124.16,0.27,0.67,0.4,45.24,0.05,22.58,26.21,1457.5
2020-04-07,123.0956,0.28,0.75,0.47,46.7,0.05,22.1,23.54,1473.0
2020-04-08,123.2216,0.27,0.77,0.5,43.35,0.05,25.22,24.97,1452.0
2020-04-09,122.476,0.23,0.73,0.5,41.67,0.05,20.23,22.9,1460.25
2020-04-10,122.1592,,,,,0.05,,,
2020-04-11,,,,,,0.05,,,
2020-04-12,,,,,,0.05,,,
2020-04-13,122.5203,0.25,0.76,0.51,41.17,0.05,,22.36,1460.25
2020-04-14,122.1121,0.23,0.76,0.53,37.76,0.05,21.74,20.15,1475.0
2020-04-15,123.0752,0.2,0.63,0.43,40.84,0.05,19.8,19.96,1475.25
2020-04-16,123.4615,0.2,0.61,0.41,40.11,0.05,18.69,19.82,1499.5
2020-04-17,122.871,0.2,0.65,0.45,38.15,0.05,19.75,18.31,1502.5
2020-04-18,,,,,,0.05,,,
2020-04-19,,,,,,0.05,,,
2020-04-20,123.1033,0.2,0.63,0.43,43.83,0.05,17.36,-36.98,1491.0
2020-04-21,123.9116,0.2,0.58,0.38,45.41,0.05,9.12,8.91,1484.0
2020-04-22,123.9256,0.22,0.63,0.41,41.98,0.05,13.77,13.64,1510.0
2020-04-23,123.7542,0.22,0.61,0.39,41.38,0.04,15.06,15.06,1501.25
2020-04-24,124.1615,0.22,0.6,0.38,35.93,0.05,15.87,15.99,1499.5
2020-04-25,,,,,,0.05,,,
2020-04-26,,,,,,0.05,,,
2020-04-27,123.8843,0.24,0.67,0.43,33.29,0.04,15.17,12.17,1497.25
2020-04-28,123.3693,0.2,0.62,0.42,33.57,0.04,15.6,12.4,1492.0
2020-04-29,122.7782,0.2,0.63,0.43,31.23,0.04,17.86,15.04,1502.5
2020-04-30,122.327,0.2,0.64,0.44,34.15,0.05,18.11,19.23,1491.25
2020-05-01,123.1492,0.2,0.64,0.44,37.19,0.05,18.49,19.72,1489.5
2020-05-02,,,,,,0.05,,,
2020-05-03,,,,,,0.05,,,
2020-05-04,123.2117,0.19,0.64,0.45,35.97,0.05,20.4,20.47,1479.0
2020-05-05,122.803,0.19,0.66,0.47,33.61,0.05,25.46,24.56,1482.25
2020-05-06,123.609,0.17,0.72,0.55,34.12,0.05,24.2,23.88,1477.75
2020-05-07,123.1249,0.13,0.63,0.5,31.44,0.05,24.23,23.68,1479.25
2020-05-08,122.5379,0.16,0.69,0.53,27.98,0.05,,24.73,1479.25
2020-05-09,,,,,,0.05,,,
2020-05-10,,,,,,0.05,,,
2020-05-11,123.2333,0.17,0.73,0.56,27.57,0.05,25.53,24.02,1482.75
2020-05-12,123.0592,0.17,0.69,0.52,33.04,0.05,26.67,25.76,1469.75
2020-05-13,123.5408,0.16,0.64,0.48,35.28,0.05,27.89,25.37,1467.5
2020-05-14,123.6429,0.16,0.63,0.47,32.61,0.05,29.87,27.4,1467.5
2020-05-15,123.5991,0.16,0.64,0.48,31.89,0.05,30.95,29.44,1467.5
2020-05-16,,,,,,0.05,,,
2020-05-17,,,,,,0.05,,,
2020-05-18,122.7968,0.18,0.73,0.55,29.3,0.05,33.3,31.83,1481.25
2020-05-19,122.5655,0.17,0.7,0.53,30.53,0.05,33.06,32.3,1478.5
2020-05-20,122.1007,0.16,0.68,0.52,27.99,0.05,34.76,33.56,1498.75
2020-05-21,122.0914,0.17,0.68,0.51,29.53,0.05,34.78,34.3,1506.75
2020-05-22,122.3211,0.17,0.66,0.49,28.16,0.05,33.8,33.49,1489.75
2020-05-23,,,,,,0.05,,,
2020-05-24,,,,,,0.05,,,
2020-05-25,,,,,,0.05,,,
2020-05-26,121.3864,0.18,0.69,0.51,28.01,0.05,33.95,34.7,1502.75
2020-05-27,121.5677,0.19,0.68,0.49,27.62,0.05,32.73,32.8,1513.0
2020-05-28,121.0138,0.17,0.7,0.53,28.59,0.05,33.98,33.67,1530.75
2020-05-29,120.9458,0.16,0.65,0.49,27.51,0.05,34.15,35.57,1532.25
2020-05-30,,,,,,0.05,,,
2020-05-31,,,,,,0.05,,,
2020-06-01,120.2686,0.14,0.66,0.52,28.23,0.05,36.74,35.49,1535.75
2020-06-02,119.6854,0.17,0.68,0.51,26.84,0.06,37.72,36.88,1557.25
2020-06-03,119.2556,0.19,0.77,0.58,25.66,0.06,37.98,37.33,1572.5
2020-06-04,119.3014,0.19,0.82,0.63,25.81,0.06,38.41,37.42,1569.25
2020-06-05,118.8138,0.22,0.91,0.69,24.52,0.07,41.0,39.49,1596.75
2020-06-06,,,,,,0.07,,,
2020-06-07,,,,,,0.07,,,
2020-06-08,118.6621,0.22,0.88,0.66,25.81,0.07,39.66,38.17,1617.5
2020-06-09,118.5893,0.2,0.84,0.64,27.57,0.07,40.45,38.98,1613.0
2020-06-10,118.5231,0.17,0.75,0.58,27.57,0.08,41.18,39.54,1633.0
2020-06-11,119.2347,0.19,0.66,0.47,40.79,0.08,37.76,36.43,1604.0
2020-06-12,119.6645,0.19,0.71,0.52,36.09,0.08,38.54,36.24,1604.0
2020-06-13,,,,,,0.08,,,
2020-06-14,,,,,,0.08,,,
2020-06-15,119.9539,0.19,0.71,0.52,34.4,0.09,39.44,37.07,1572.0
2020-06-16,119.567,0.21,0.75,0.54,33.67,0.09,40.75,38.26,1593.5
2020-06-17,119.9105,0.19,0.74,0.55,33.47,0.09,40.47,37.91,1602.25
2020-06-18,120.2173,0.19,0.71,0.52,32.94,0.09,41.75,38.79,1607.75
2020-06-19,120.2186,0.19,0.7,0.51,35.12,0.09,42.33,39.72,1585.5
2020-06-20,,,,,,0.09,,,
2020-06-21,,,,,,0.09,,,
2020-06-22,119.7532,0.19,0.71,0.52,31.77,0.08,43.2,40.6,1595.25
2020-06-23,119.3285,0.18,0.72,0.54,31.37,0.08,42.72,40.4,1586.0
2020-06-24,119.9744,0.19,0.69,0.5,33.84,0.08,40.4,37.91,1567.25
2020-06-25,120.2997,0.17,0.68,0.51,32.22,0.08,41.18,38.66,1563.25
2020-06-26,120.533,0.17,0.64,0.47,34.73,0.08,40.97,38.53,1588.5
2020-06-27,,,,,,0.08,,,
2020-06-28,,,,,,0.08,,,
2020-06-29,120.6658,0.16,0.64,0.48,31.78,0.08,41.58,39.67,1597.75
2020-06-30,120.4649,0.16,0.66,0.5,30.43,0.08,41.64,39.27,1617.5
2020-07-01,120.0808,0.17,0.69,0.52,28.62,0.08,42.18,39.88,1619.75
2020-07-02,119.8555,0.16,0.68,0.52,27.68,0.09,43.19,40.57,1617.75
2020-07-03,,,,,,0.09,42.92,,
2020-07-04,,,,,,0.09,,,
2020-07-05,,,,,,0.09,,,
2020-07-06,119.2852,0.16,0.69,0.53,27.94,0.09,42.73,40.51,1618.25
2020-07-07,119.5717,0.16,0.65,0.49,29.43,0.09,43.28,40.59,1609.75
2020-07-08,119.5525,0.16,0.67,0.51,28.08,0.09,43.67,40.91,1642.5
2020-07-09,119.5129,0.16,0.62,0.46,29.26,0.09,42.35,39.64,1635.75
2020-07-10,119.3509,0.16,0.65,0.49,27.29,0.09,43.27,40.56,1654.5
2020-07-11,,,,,,0.09,,,
2020-07-12,,,,,,0.09,,,
2020-07-13,119.1891,0.16,0.64,0.48,32.19,0.09,42.85,40.06,1653.75
2020-07-14,119.3901,0.14,0.63,0.49,29.52,0.09,42.97,40.3,1637.5
2020-07-15,119.0331,0.16,0.64,0.48,27.76,0.1,43.96,41.2,1621.25
2020-07-16,118.9275,0.16,0.62,0.46,28.0,0.1,43.71,40.74,1629.75
2020-07-17,119.124,0.14,0.64,0.5,25.68,0.09,43.53,40.55,1632.0
2020-07-18,,,,,,0.09,,,
2020-07-19,,,,,,0.09,,,
2020-07-20,119.0483,0.16,0.62,0.46,24.46,0.1,43.3,40.83,1635.5
2020-07-21,118.4042,0.14,0.61,0.47,24.84,0.1,44.31,41.76,1654.5
2020-07-22,118.1337,0.14,0.6,0.46,24.32,0.09,43.98,41.88,1651.75
2020-07-23,118.0613,0.16,0.59,0.43,26.08,0.09,42.96,40.99,1661.25
2020-07-24,118.1329,0.14,0.59,0.45,25.84,0.09,43.29,41.23,1660.25
2020-07-25,,,,,,0.09,,,
2020-07-26,,,,,,0.09,,,
2020-07-27,117.3869,0.15,0.62,0.47,24.74,0.1,43.39,41.46,1668.5
2020-07-28,117.3189,0.14,0.59,0.45,25.44,0.1,43.11,40.89,1688.75
2020-07-29,117.2126,0.12,0.58,0.46,24.1,0.1,43.51,41.13,1688.25
2020-07-30,117.4008,0.11,0.55,0.44,24.76,0.1,42.98,39.85,1690.0
2020-07-31,117.2082,0.11,0.55,0.44,24.46,0.1,43.13,40.1,1693.0
2020-08-01,,,,,,0.1,,,
2020-08-02,,,,,,0.1,,,
2020-08-03,117.8074,0.11,0.56,0.45,24.28,0.1,43.76,40.83,1732.5
2020-08-04,117.7833,0.11,0.52,0.41,23.76,0.1,43.99,41.67,1759.5
2020-08-05,116.8736,0.11,0.55,0.44,22.99,0.1,44.92,42.25,1752.0
2020-08-06,117.0422,0.11,0.55,0.44,22.65,0.1,45.04,41.93,1759.0
2020-08-07,117.6239,0.13,0.57,0.44,22.21,0.1,44.07,41.16,1753.25
2020-08-08,,,,,,0.1,,,
2020-08-09,,,,,,0.1,,,
2020-08-10,117.5821,0.14,0.59,0.45,22.13,0.1,44.19,41.94,1764.75
2020-08-11,117.3781,0.16,0.64,0.48,24.03,0.1,43.68,41.53,1765.75
2020-08-12,117.2559,0.16,0.69,0.53,22.28,0.1,45.09,42.6,1761.5
2020-08-13,117.1193,0.16,0.71,0.55,22.13,0.1,44.87,42.26,1732.75
2020-08-14,116.9395,0.14,0.71,0.57,22.05,0.1,44.86,42.05,1704.75
2020-08-15,,,,,,0.1,,,
2020-08-16,,,,,,0.1,,,
2020-08-17,116.749,0.14,0.69,0.55,21.35,0.1,44.91,42.89,1721.75
2020-08-18,116.5593,0.14,0.67,0.53,21.51,0.09,45.34,42.89,1749.0
2020-08-19,116.567,0.14,0.68,0.54,22.54,0.09,45.21,42.91,1772.75
2020-08-20,116.8126,0.13,0.65,0.52,22.72,0.09,44.56,42.62,1768.75
2020-08-21,117.0572,0.16,0.64,0.48,22.54,0.09,43.94,42.32,1746.0
2020-08-22,,,,,,0.09,,,
2020-08-23,,,,,,0.09,,,
2020-08-24,116.912,0.14,0.65,0.51,22.37,0.09,44.43,42.44,1741.0
2020-08-25,116.8206,0.15,0.69,0.54,22.03,0.09,46.01,43.17,1745.5
2020-08-26,116.6243,0.16,0.69,0.53,23.27,0.09,45.79,43.21,1744.75
2020-08-27,116.649,0.16,0.74,0.58,24.47,0.08,44.84,42.88,1746.25
2020-08-28,115.9374,0.14,0.74,0.6,22.96,0.09,45.22,42.96,1777.25
2020-08-29,,,,,,0.09,,,
2020-08-30,,,,,,0.09,,,
2020-08-31,115.7586,0.14,0.72,0.58,26.41,0.09,,42.61,1777.25
2020-09-01,115.5687,0.13,0.68,0.55,26.12,0.09,45.72,42.76,1793.0
2020-09-02,116.0304,0.14,0.66,0.52,26.57,0.09,42.7,42.76,1770.25
2020-09-03,116.0685,0.13,0.63,0.5,33.6,0.09,42.72,41.39,1762.5
2020-09-04,116.0347,0.14,0.72,0.58,30.75,0.09,41.1,39.69,1769.25
2020-09-05,,,,,,0.09,,,
2020-09-06,,,,,,0.09,,,
2020-09-07,,,,,,0.09,40.67,,
2020-09-08,116.4618,0.14,0.69,0.55,31.46,0.09,38.53,36.87,1781.5
2020-09-09,116.1291,0.14,0.71,0.57,28.81,0.09,39.98,38.05,1766.0
2020-09-10,115.8806,0.14,0.68,0.54,29.71,0.09,39.27,37.25,1775.5
2020-09-11,116.0866,0.13,0.67,0.54,26.87,0.09,38.8,37.33,1764.5
2020-09-12,,,,,,0.09,,,
2020-09-13,,,,,,0.09,,,
2020-09-14,115.6428,0.14,0.68,0.54,25.85,0.09,38.57,37.23,1786.5
2020-09-15,115.5908,0.14,0.68,0.54,25.59,0.09,39.54,38.29,1773.0
2020-09-16,115.3537,0.14,0.69,0.55,26.04,0.09,41.23,40.17,1774.25
2020-09-17,115.4392,0.13,0.69,0.56,26.46,0.09,42.35,40.99,1758.75
2020-09-18,115.2395,0.14,0.7,0.56,25.83,0.09,42.16,41.09,1771.75
2020-09-19,,,,,,0.09,,,
2020-09-20,,,,,,0.09,,,
2020-09-21,116.378,0.14,0.68,0.54,27.78,0.09,40.37,39.26,1758.5
2020-09-22,116.5438,0.13,0.68,0.55,26.86,0.09,40.84,39.55,1761.25
2020-09-23,117.2526,0.14,0.68,0.54,28.58,0.09,41.09,39.92,1744.75
2020-09-24,117.5473,0.14,0.67,0.53,28.51,0.09,41.24,40.11,1732.75
2020-09-25,117.8679,0.12,0.66,0.54,26.38,0.09,40.91,40.06,1743.75
2020-09-26,,,,,,0.09,,,
2020-09-27,,,,,,0.09,,,
2020-09-28,117.6178,0.14,0.67,0.53,26.19,0.09,41.59,40.47,1768.75
2020-09-29,117.526,0.11,0.66,0.55,26.27,0.09,40.33,39.03,1786.5
2020-09-30,116.946,0.13,0.69,0.56,26.37,0.09,40.3,40.05,1778.5
2020-10-01,116.7227,0.14,0.68,0.54,26.7,0.09,39.75,38.51,1743.0
2020-10-02,116.7321,0.13,0.7,0.57,27.63,0.09,38.0,36.9,1781.0
2020-10-03,,,,,,0.09,,,
2020-10-04,,,,,,0.09,,,
2020-10-05,116.1767,0.14,0.78,0.64,27.96,0.09,39.78,39.12,1783.5
2020-10-06,116.2681,0.14,0.76,0.62,29.48,0.09,41.27,40.52,1779.0
2020-10-07,116.3447,0.16,0.81,0.65,28.06,0.09,40.62,39.82,1800.5
2020-10-08,116.1657,0.13,0.78,0.65,26.36,0.09,42.0,41.04,1826.5
2020-10-09,115.2757,0.16,0.79,0.63,25.0,0.09,41.63,40.44,1870.5
2020-10-10,,,,,,0.09,,,
2020-10-11,,,,,,0.09,,,
2020-10-12,,,,,25.07,0.09,40.5,39.22,1875.75
2020-10-13,115.9107,0.16,0.74,0.58,26.07,0.09,41.34,40.03,1866.75
2020-10-14,115.6872,0.14,0.73,0.59,26.4,0.09,41.81,40.86,1859.75
2020-10-15,116.0964,0.14,0.74,0.6,26.97,0.09,41.61,40.84,1861.5
2020-10-16,115.7679,0.14,0.76,0.62,27.41,0.09,41.34,40.7,1871.75
2020-10-17,,,,,,0.09,,,
2020-10-18,,,,,,0.09,,,
2020-10-19,115.4031,0.16,0.78,0.62,29.18,0.09,41.29,40.69,1858.0
2020-10-20,115.2485,0.14,0.81,0.67,29.35,0.09,41.62,41.37,1841.0
2020-10-21,114.9108,0.14,0.83,0.69,28.65,0.09,40.09,39.88,1851.5
2020-10-22,115.1158,0.16,0.87,0.71,28.11,0.09,41.28,40.46,1845.25
2020-10-23,115.0126,0.18,0.85,0.67,27.55,0.09,40.71,39.73,1845.5
2020-10-24,,,,,,0.09,,,
2020-10-25,,,,,,0.09,,,
2020-10-26,115.2797,0.16,0.81,0.65,32.46,0.09,39.06,38.39,1831.25
2020-10-27,115.0131,0.16,0.79,0.63,33.35,0.09,39.72,39.34,1825.0
2020-10-28,115.8023,0.16,0.79,0.63,40.28,0.09,37.86,37.27,1811.5
2020-10-29,116.3069,0.16,0.85,0.69,37.59,0.09,36.56,35.94,1801.25
2020-10-30,116.1354,0.14,0.88,0.74,38.02,0.09,36.33,35.64,1830.25
2020-10-31,,,,,,0.09,,,
2020-11-01,,,,,,0.09,,,
2020-11-02,116.2361,0.16,0.87,0.71,37.13,0.09,37.78,36.6,1873.25
2020-11-03,115.4802,0.17,0.9,0.73,35.55,0.09,38.17,37.44,1901.75
2020-11-04,115.1677,0.14,0.78,0.64,29.57,0.09,39.68,38.97,1908.75
2020-11-05,114.4556,0.14,0.79,0.65,27.58,0.09,39.47,38.56,1895.5
2020-11-06,113.9919,0.16,0.83,0.67,24.86,0.09,38.08,36.97,1905.25
2020-11-07,,,,,,0.09,,,
2020-11-08,,,,,,0.09,,,
2020-11-09,114.0895,0.17,0.96,0.79,25.75,0.09,40.93,40.05,1900.25
2020-11-10,114.0757,0.19,0.98,0.79,24.8,0.09,42.25,41.18,1905.5
2020-11-11,,,,,23.45,0.09,42.5,41.23,1909.75
2020-11-12,114.2843,0.17,0.88,0.71,25.35,0.09,42.16,40.9,1916.5
2020-11-13,114.2397,0.17,0.89,0.72,23.1,0.09,41.51,39.93,1922.5
2020-11-14,,,,,,0.09,,,
2020-11-15,,,,,,0.09,,,
2020-11-16,113.8312,0.19,0.91,0.72,22.45,0.09,42.71,41.14,1945.75
2020-11-17,113.682,0.18,0.87,0.69,22.71,0.09,42.54,41.24,1967.5
2020-11-18,113.46,0.16,0.88,0.72,23.84,0.09,42.91,41.64,1984.25
2020-11-19,113.694,0.18,0.86,0.68,23.11,0.08,43.09,41.57,1971.0
2020-11-20,113.489,0.16,0.83,0.67,23.7,0.08,43.79,41.99,1971.75
2020-11-21,,,,,,0.08,,,
2020-11-22,,,,,,0.08,,,
2020-11-23,113.7548,0.16,0.86,0.7,22.66,0.08,45.0,42.91,1947.5
2020-11-24,113.4316,0.16,0.88,0.72,21.64,0.08,46.63,44.71,1960.0
2020-11-25,113.1823,0.17,0.88,0.71,21.25,0.08,47.3,45.58,1948.75
2020-11-26,,,,,,0.08,46.32,,
2020-11-27,,0.16,0.84,0.68,20.84,0.08,46.88,,1977.75
2020-11-28,,,,,,0.08,,,
2020-11-29,,,,,,0.08,,,
2020-11-30,113.2256,0.16,0.84,0.68,20.57,0.09,46.84,45.2,2029.75
2020-12-01,112.8063,0.17,0.92,0.75,20.77,0.09,47.03,44.54,2052.75
2020-12-02,112.6115,0.16,0.95,0.79,21.17,0.09,47.8,45.23,2058.5
2020-12-03,112.0236,0.16,0.92,0.76,21.28,0.09,48.37,45.65,2023.75
2020-12-04,111.7778,0.16,0.97,0.81,20.79,0.09,49.1,46.23,2043.5
2020-12-05,,,,,,0.09,,,
2020-12-06,,,,,,0.09,,,
2020-12-07,111.8385,0.14,0.94,0.8,21.3,0.09,48.63,45.72,2017.75
2020-12-08,111.8639,0.14,0.92,0.78,20.68,0.09,48.84,45.64,1991.75
2020-12-09,112.0305,0.16,0.95,0.79,22.27,0.09,48.81,45.48,2038.25
2020-12-10,111.9788,0.14,0.92,0.78,22.52,0.09,50.33,46.76,2054.75
2020-12-11,112.1417,0.11,0.9,0.79,23.31,0.09,50.01,46.59,2018.0
2020-12-12,,,,,,0.09,,,
2020-12-13,,,,,,0.09,,,
2020-12-14,112.1708,0.13,0.9,0.77,24.72,0.09,50.27,47.02,2050.0
2020-12-15,111.8601,0.11,0.92,0.81,22.89,0.09,50.77,47.58,2025.0
2020-12-16,111.7157,0.13,0.92,0.79,22.5,0.09,50.83,47.86,2044.25
2020-12-17,111.2226,0.13,0.94,0.81,21.93,0.09,51.2,48.34,2061.0
2020-12-18,111.6071,0.13,0.95,0.82,21.57,0.09,52.17,49.04,2071.25
2020-12-19,,,,,,0.09,,,
2020-12-20,,,,,,0.09,,,
2020-12-21,111.9415,0.13,0.95,0.82,25.16,0.09,50.61,47.79,2035.25
2020-12-22,112.1947,0.13,0.93,0.8,24.23,0.09,49.88,47.02,2007.5
2020-12-23,111.9807,0.13,0.96,0.83,23.31,0.09,51.05,47.94,2022.75
2020-12-24,,0.13,0.94,0.81,21.53,0.09,50.88,48.18,2022.75
2020-12-25,,,,,,0.09,,,
2020-12-26,,,,,,0.09,,,
2020-12-27,,,,,,0.09,,,
2020-12-28,111.9752,0.13,0.94,0.81,21.7,0.09,50.88,47.5,2022.75
2020-12-29,111.5172,0.12,0.94,0.82,23.08,0.09,50.44,47.85,2002.25
2020-12-30,111.3084,0.12,0.93,0.81,22.77,0.09,50.74,48.24,2024.5
2020-12-31,111.3169,0.13,0.93,0.8,22.75,0.09,51.22,48.35,1990.0
2021-01-01,,,,,,0.09,,,
2021-01-02,,,,,,0.09,,,
2021-01-03,,,,,,0.09,,,
2021-01-04,111.2075,0.11,0.93,0.82,26.97,0.09,50.37,47.47,2023.25
2021-01-05,110.9574,0.13,0.96,0.83,25.34,0.09,53.16,49.78,2050.0
2021-01-06,110.8502,0.14,1.04,0.9,25.07,0.09,53.8,50.45,2038.0
2021-01-07,111.3042,0.14,1.08,0.94,22.37,0.09,53.7,50.63,2039.25
2021-01-08,111.2847,0.14,1.13,0.99,21.56,0.09,55.51,52.14,2022.25
2021-01-09,,,,,,0.09,,,
2021-01-10,,,,,,0.09,,,
2021-01-11,111.8257,0.14,1.15,1.01,24.08,0.09,54.84,52.15,2000.75
2021-01-12,111.5501,0.14,1.15,1.01,23.33,0.09,55.98,53.08,2015.5
2021-01-13,111.3622,0.14,1.1,0.96,22.21,0.09,55.52,52.81,2007.5
2021-01-14,111.1567,0.16,1.15,0.99,23.25,0.09,55.76,53.47,1997.75
2021-01-15,111.5106,0.13,1.11,0.98,24.34,0.09,54.8,52.25,1973.25
2021-01-16,,,,,,0.09,,,
2021-01-17,,,,,,0.09,,,
2021-01-18,,,,,,0.09,54.21,,
2021-01-19,111.4527,0.14,1.1,0.96,23.24,0.09,55.38,52.87,1953.25
2021-01-20,,0.13,1.1,0.97,21.58,0.09,55.66,53.16,1929.5
2021-01-21,111.1973,0.13,1.12,0.99,21.32,0.08,55.68,53.0,2000.25
2021-01-22,111.5516,0.13,1.1,0.97,21.91,0.08,55.22,52.28,1993.5
2021-01-23,,,,,,0.08,,,
2021-01-24,,,,,,0.08,,,
2021-01-25,111.8676,0.13,1.05,0.92,23.19,0.08,55.44,52.78,2015.5
2021-01-26,111.6572,0.11,1.05,0.94,23.02,0.08,55.26,52.61,2020.25
2021-01-27,112.0782,0.12,1.04,0.92,37.21,0.08,55.07,52.81,1996.25
2021-01-28,112.0059,0.12,1.07,0.95,30.21,0.07,54.87,52.26,1984.75
2021-01-29,111.9511,0.11,1.11,1.0,33.09,0.07,55.25,52.16,1982.0
2021-01-30,,,,,,0.07,,,
2021-01-31,,,,,,0.07,,,
2021-02-01,112.4189,0.11,1.09,0.98,30.24,0.08,56.42,53.55,1963.0
2021-02-02,112.2862,0.11,1.12,1.01,25.56,0.08,57.62,54.77,1966.5
2021-02-03,112.2567,0.11,1.15,1.04,22.91,0.08,58.61,55.67,1973.25
2021-02-04,112.7469,0.11,1.15,1.04,21.77,0.08,58.98,56.19,1994.0
2021-02-05,112.2379,0.09,1.19,1.1,20.87,0.08,59.48,56.8,2018.75
2021-02-06,,,,,,0.08,,,
2021-02-07,,,,,,0.08,,,
2021-02-08,112.0428,0.11,1.19,1.08,21.24,0.07,60.17,57.95,2035.5
2021-02-09,111.7675,0.11,1.18,1.07,21.63,0.08,60.74,58.34,2063.5
2021-02-10,111.5834,0.11,1.15,1.04,21.99,0.08,61.17,58.69,2080.75
2021-02-11,111.5272,0.11,1.16,1.05,21.25,0.08,61.09,58.22,2084.0
2021-02-12,111.4889,0.11,1.2,1.09,19.97,0.08,62.47,59.5,2091.75
2021-02-13,,,,,,0.08,,,
2021-02-14,,,,,,0.08,,,
2021-02-15,,,,,,0.08,63.58,,
2021-02-16,111.7879,0.13,1.3,1.17,21.46,0.08,63.96,60.07,2083.0
2021-02-17,112.0204,0.11,1.29,1.18,21.5,0.08,65.02,61.09,2116.25
2021-02-18,112.1603,0.11,1.29,1.18,22.49,0.07,64.09,60.4,2141.5
2021-02-19,111.7058,0.11,1.34,1.23,22.05,0.07,62.84,59.12,2132.0
2021-02-20,,,,,,0.07,,,
2021-02-21,,,,,,0.07,,,
2021-02-22,111.918,0.11,1.37,1.26,23.45,0.07,64.73,61.67,2167.0
2021-02-23,111.8981,0.11,1.37,1.26,23.11,0.07,65.16,61.66,2156.25
2021-02-24,111.7212,0.12,1.38,1.26,21.34,0.07,66.85,63.21,2189.75
2021-02-25,111.9253,0.17,1.54,1.37,28.89,0.07,66.69,63.43,2253.25
2021-02-26,112.8306,0.14,1.44,1.3,27.95,0.07,65.86,61.55,2182.5
2021-02-27,,,,,,0.07,,,
2021-02-28,,,,,,0.07,,,
2021-03-01,112.5263,0.13,1.45,1.32,23.35,0.07,64.56,60.54,2146.25
2021-03-02,112.5342,0.13,1.42,1.29,24.1,0.07,63.17,59.7,2231.25
2021-03-03,112.7617,0.14,1.47,1.33,26.67,0.07,64.7,61.33,2221.0
2021-03-04,112.7037,0.14,1.54,1.4,28.57,0.07,67.32,63.81,2186.0
2021-03-05,113.7487,0.14,1.56,1.42,24.66,0.07,69.95,66.08,2194.75
2021-03-06,,,,,,0.07,,,
2021-03-07,,,,,,0.07,,,
2021-03-08,114.2678,0.17,1.59,1.42,25.47,0.07,68.0,65.03,2190.5
2021-03-09,113.928,0.17,1.55,1.38,24.03,0.07,67.03,64.02,2185.0
2021-03-10,113.5881,0.16,1.53,1.37,22.56,0.07,67.53,64.45,2187.25
2021-03-11,112.9214,0.14,1.54,1.4,21.91,0.07,69.34,66.02,2195.75
2021-03-12,113.0269,0.14,1.64,1.5,20.69,0.07,68.87,65.59,2187.5
2021-03-13,,,,,,0.07,,,
2021-03-14,,,,,,0.07,,,
2021-03-15,113.1928,0.14,1.62,1.48,20.03,0.07,68.78,65.36,2233.5
2021-03-16,112.9839,0.15,1.62,1.47,19.79,0.07,67.95,64.82,2211.5
2021-03-17,113.1589,0.13,1.63,1.5,19.23,0.07,67.73,64.55,2249.5
2021-03-18,112.7744,0.16,1.71,1.55,21.58,0.07,62.11,59.95,2232.5
2021-03-19,112.9756,0.16,1.74,1.58,20.95,0.07,64.0,61.43,2256.25
2021-03-20,,,,,,0.07,,,
2021-03-21,,,,,,0.07,,,
2021-03-22,113.0023,0.15,1.69,1.54,18.88,0.07,63.89,61.48,2283.5
2021-03-23,113.2916,0.15,1.63,1.48,20.3,0.07,59.96,57.75,2240.0
2021-03-24,113.6565,0.14,1.62,1.48,21.2,0.07,63.7,61.12,2248.5
2021-03-25,114.0016,0.14,1.63,1.49,19.81,0.07,61.21,58.47,2247.25
2021-03-26,113.7406,0.14,1.67,1.53,18.86,0.07,63.77,60.93,2295.75
2021-03-27,,,,,,0.07,,,
2021-03-28,,,,,,0.07,,,
2021-03-29,113.9314,0.14,1.73,1.59,20.74,0.07,64.06,61.49,2277.75
2021-03-30,114.203,0.16,1.73,1.57,19.61,0.07,63.28,60.55,2237.25
2021-03-31,113.8234,0.16,1.74,1.58,19.4,0.06,63.52,59.19,2215.0
2021-04-01,113.7389,0.17,1.69,1.52,17.33,0.07,63.85,61.41,2234.5
2021-04-02,113.7315,0.19,1.72,1.53,,0.07,,,
2021-04-03,,,,,,0.07,,,
2021-04-04,,,,,,0.07,,,
2021-04-05,113.394,0.17,1.73,1.56,17.91,0.07,,58.73,2234.5
2021-04-06,113.1464,0.16,1.67,1.51,18.12,0.07,61.47,59.34,2273.75
2021-04-07,113.2436,0.16,1.68,1.52,17.16,0.07,61.86,59.77,2266.25
2021-04-08,113.0917,0.14,1.64,1.5,16.95,0.07,62.09,59.61,2290.5
2021-04-09,113.2028,0.16,1.67,1.51,16.69,0.07,61.89,59.29,2266.75
2021-04-10,,,,,,0.07,,,
2021-04-11,,,,,,0.07,,,
2021-04-12,113.1815,0.18,1.69,1.51,16.91,0.07,62.38,59.7,2270.0
2021-04-13,113.0391,0.16,1.64,1.48,16.65,0.07,62.83,60.2,2304.5
2021-04-14,112.7849,0.16,1.64,1.48,16.99,0.07,66.11,63.15,2336.5
2021-04-15,112.6181,0.16,1.56,1.4,16.57,0.07,66.13,63.42,2347.25
2021-04-16,112.4814,0.16,1.59,1.43,16.25,0.07,65.98,63.16,2327.5
2021-04-17,,,,,,0.07,,,
2021-04-18,,,,,,0.07,,,
2021-04-19,112.1835,0.16,1.61,1.45,17.29,0.07,66.54,63.33,2340.75
2021-04-20,112.2354,0.15,1.58,1.43,18.68,0.07,65.34,62.61,2320.25
2021-04-21,112.1771,0.15,1.57,1.42,17.5,0.07,64.02,61.34,2377.25
2021-04-22,112.2297,0.16,1.57,1.41,18.71,0.07,65.07,61.45,2368.0
2021-04-23,112.0889,0.16,1.58,1.42,17.33,0.07,65.75,62.18,2372.5
2021-04-24,,,,,,0.07,,,
2021-04-25,,,,,,0.07,,,
2021-04-26,111.8109,0.18,1.58,1.4,17.64,0.07,65.5,62.02,2406.25
2021-04-27,111.9097,0.17,1.63,1.46,17.56,0.07,66.25,63.03,2398.0
2021-04-28,111.7909,0.17,1.63,1.46,17.28,0.07,67.08,63.81,2397.0
2021-04-29,111.7464,0.16,1.65,1.49,17.61,0.06,68.26,65.0,2419.0
2021-04-30,112.0839,0.16,1.65,1.49,18.61,0.05,67.73,63.5,2413.0
2021-05-01,,,,,,0.05,,,
2021-05-02,,,,,,0.05,,,
2021-05-03,112.005,0.16,1.63,1.47,18.31,0.06,,64.46,2413.0
2021-05-04,112.2896,0.16,1.61,1.45,19.48,0.06,68.91,65.72,2436.0
2021-05-05,112.1514,0.16,1.59,1.43,19.15,0.06,69.71,65.63,2456.75
2021-05-06,111.8401,0.16,1.58,1.42,18.39,0.06,68.62,64.73,2504.75
2021-05-07,111.0249,0.14,1.6,1.46,16.69,0.06,68.73,64.96,2555.25
2021-05-08,,,,,,0.06,,,
2021-05-09,,,,,,0.06,,,
2021-05-10,110.7905,0.16,1.63,1.47,19.66,0.06,68.61,64.92,2549.0
2021-05-11,110.8921,0.16,1.64,1.48,21.84,0.06,68.83,65.31,2542.75
2021-05-12,111.5636,0.16,1.69,1.53,27.59,0.06,69.62,65.96,2513.75
2021-05-13,111.5955,0.16,1.66,1.5,23.13,0.06,67.36,63.82,2474.5
2021-05-14,111.1353,0.16,1.63,1.47,18.81,0.06,69.24,65.32,2475.75
2021-05-15,,,,,,0.06,,,
2021-05-16,,,,,,0.06,,,
2021-05-17,111.079,0.16,1.64,1.48,19.72,0.06,69.62,66.24,2525.75
2021-05-18,110.8317,0.16,1.64,1.48,21.34,0.06,69.01,65.49,2499.75
2021-05-19,110.8807,0.16,1.68,1.52,22.18,0.06,66.88,63.28,2434.75
2021-05-20,110.8605,0.15,1.63,1.48,20.67,0.06,65.18,61.95,2424.5
2021-05-21,111.0576,0.17,1.63,1.46,20.15,0.06,66.72,63.61,2388.5
2021-05-22,,,,,,0.06,,,
2021-05-23,,,,,,0.06,,,
2021-05-24,110.9118,0.15,1.61,1.46,18.4,0.06,68.59,66.13,2406.5
2021-05-25,110.842,0.15,1.56,1.41,18.84,0.06,68.8,66.27,2393.5
2021-05-26,110.8677,0.14,1.58,1.44,17.36,0.06,68.93,66.41,2424.5
2021-05-27,110.8688,0.14,1.61,1.47,16.74,0.06,69.43,66.87,2501.25
2021-05-28,110.7576,0.14,1.58,1.44,16.76,0.05,69.36,66.31,2519.5
2021-05-29,,,,,,0.05,,,
2021-05-30,,,,,,0.05,,,
2021-05-31,,,,,,0.05,,,
2021-06-01,110.5046,0.16,1.62,1.46,17.9,0.06,70.03,67.8,2493.0
2021-06-02,110.5799,0.13,1.59,1.46,17.48,0.06,70.6,68.79,2465.25
2021-06-03,111.1782,0.16,1.63,1.47,18.04,0.06,70.71,68.81,2427.75
2021-06-04,110.7521,0.14,1.56,1.42,16.42,0.06,71.3,69.57,2478.25
2021-06-05,,,,,,0.06,,,
2021-06-06,,,,,,0.06,,,
2021-06-07,110.5155,0.16,1.57,1.41,16.42,0.06,70.89,69.21,2452.75
2021-06-08,110.649,0.14,1.53,1.39,17.07,0.06,71.39,70.11,2470.75
2021-06-09,110.5707,0.16,1.5,1.34,17.89,0.06,71.31,69.9,2475.25
2021-06-10,110.5456,0.14,1.45,1.31,16.1,0.06,71.65,70.34,2500.75
2021-06-11,111.0933,0.16,1.47,1.31,15.65,0.06,72.05,71.0,2488.75
2021-06-12,,,,,,0.06,,,
2021-06-13,,,,,,0.06,,,
2021-06-14,110.9659,0.16,1.51,1.35,16.39,0.06,72.27,70.94,2518.0
2021-06-15,111.3507,0.16,1.51,1.35,17.02,0.06,73.38,72.06,2479.75
2021-06-16,111.1165,0.21,1.57,1.36,18.15,0.06,73.88,72.03,2488.25
2021-06-17,112.5772,0.23,1.52,1.29,17.75,0.1,72.92,71.06,2420.0
2021-06-18,113.0408,0.26,1.45,1.19,20.7,0.1,73.1,71.64,2401.75
2021-06-19,,,,,,0.1,,,
2021-06-20,,,,,,0.1,,,
2021-06-21,112.8391,0.27,1.5,1.23,17.89,0.1,74.49,73.64,2420.5
2021-06-22,112.9174,0.25,1.48,1.23,16.66,0.1,74.92,73.15,2439.25
2021-06-23,112.3819,0.26,1.5,1.24,16.32,0.1,75.22,73.11,2447.25
2021-06-24,112.326,0.26,1.49,1.23,15.97,0.1,75.95,73.31,2454.0
2021-06-25,111.9655,0.28,1.54,1.26,15.62,0.1,76.45,74.21,2502.0
2021-06-26,,,,,,0.1,,,
2021-06-27,,,,,,0.1,,,
2021-06-28,112.0248,0.25,1.49,1.24,15.76,0.1,74.78,72.98,2511.5
2021-06-29,112.2613,0.27,1.49,1.22,16.02,0.1,75.38,73.14,2569.0
2021-06-30,112.5533,0.25,1.45,1.2,15.83,0.08,76.94,73.52,2548.75
2021-07-01,112.74,0.25,1.48,1.23,15.48,0.1,76.69,75.33,2534.75
2021-07-02,112.5425,0.24,1.44,1.2,15.07,0.1,77.51,75.37,2585.75
2021-07-03,,,,,,0.1,,,
2021-07-04,,,,,,0.1,,,
2021-07-05,,,,,,0.1,78.34,,
2021-07-06,112.9516,0.22,1.37,1.15,16.44,0.1,75.81,73.62,2556.0
2021-07-07,113.1048,0.22,1.33,1.11,16.2,0.1,74.31,72.22,2524.0
2021-07-08,113.0776,0.19,1.3,1.11,19.0,0.1,75.07,72.98,2467.0
2021-07-09,112.8375,0.23,1.37,1.14,16.18,0.1,77.14,74.56,2521.75
2021-07-10,,,,,,0.1,,,
2021-07-11,,,,,,0.1,,,
2021-07-12,112.7611,0.23,1.38,1.15,16.17,0.1,76.77,74.21,2511.25
2021-07-13,113.0063,0.26,1.42,1.16,17.12,0.1,77.5,75.24,2559.25
2021-07-14,112.8801,0.23,1.37,1.14,16.33,0.1,75.74,73.06,2542.5
2021-07-15,113.0041,0.23,1.31,1.08,17.01,0.1,74.53,71.67,2534.75
2021-07-16,113.0428,0.25,1.31,1.06,18.45,0.1,74.46,71.76,2506.25
2021-07-17,,,,,,0.1,,,
2021-07-18,,,,,,0.1,,,
2021-07-19,113.5472,0.21,1.19,0.98,22.5,0.1,69.33,66.45,2440.0
2021-07-20,113.7502,0.2,1.23,1.03,19.73,0.1,70.03,67.32,2485.25
2021-07-21,113.3926,0.22,1.3,1.08,17.91,0.1,72.54,70.26,2478.0
2021-07-22,113.4695,0.2,1.27,1.07,17.69,0.1,74.25,72.15,2508.75
2021-07-23,113.4398,0.22,1.3,1.08,17.2,0.1,74.86,72.24,2531.25
2021-07-24,,,,,,0.1,,,
2021-07-25,,,,,,0.1,,,
2021-07-26,113.2238,0.22,1.29,1.07,17.58,0.1,74.79,72.15,2542.0
2021-07-27,113.2227,0.2,1.25,1.05,19.36,0.1,74.87,71.68,2515.25
2021-07-28,113.1807,0.2,1.26,1.06,18.31,0.1,75.09,72.37,2557.0
2021-07-29,112.4834,0.2,1.28,1.08,17.7,0.1,76.3,73.62,2620.75
2021-07-30,112.6714,0.19,1.24,1.05,18.24,0.07,77.72,73.93,2624.25
2021-07-31,,,,,,0.07,,,
2021-08-01,,,,,,0.07,,,
2021-08-02,112.6691,0.17,1.2,1.03,19.46,0.1,73.91,71.31,2647.0
2021-08-03,112.8228,0.17,1.19,1.02,18.04,0.1,73.24,70.64,2607.75
2021-08-04,112.8953,0.17,1.19,1.02,17.97,0.1,70.99,68.19,2589.25
2021-08-05,112.7674,0.21,1.23,1.02,17.28,0.1,72.14,69.1,2610.25
2021-08-06,113.3088,0.21,1.31,1.1,16.15,0.1,71.02,68.26,2601.25
2021-08-07,,,,,,0.1,,,
2021-08-08,,,,,,0.1,,,
2021-08-09,113.4521,0.23,1.33,1.1,16.72,0.1,69.65,66.56,2570.75
2021-08-10,113.4973,0.24,1.36,1.12,16.79,0.1,71.14,68.33,2596.75
2021-08-11,113.282,0.23,1.35,1.12,16.06,0.1,71.99,69.3,2607.75
2021-08-12,113.2691,0.23,1.36,1.13,15.59,0.1,71.79,69.12,2593.5
2021-08-13,113.0615,0.23,1.29,1.06,15.45,0.1,70.9,68.36,2618.0
2021-08-14,,,,,,0.1,,,
2021-08-15,,,,,,0.1,,,
2021-08-16,113.1698,0.21,1.26,1.05,16.12,0.1,70.07,67.44,2616.25
2021-08-17,113.6174,0.23,1.26,1.03,17.91,0.1,69.4,66.5,2613.75
2021-08-18,113.6959,0.23,1.27,1.04,21.57,0.09,68.61,65.36,2572.5
2021-08-19,114.1106,0.22,1.24,1.02,21.67,0.09,66.8,63.69,2562.75
2021-08-20,114.5009,0.23,1.26,1.03,18.56,0.09,65.51,62.25,2566.5
2021-08-21,,,,,,0.09,,,
2021-08-22,,,,,,0.09,,,
2021-08-23,113.9418,0.23,1.25,1.02,17.15,0.09,69.07,65.65,2620.0
2021-08-24,113.6795,0.24,1.29,1.05,17.22,0.09,71.21,67.5,2647.5
2021-08-25,113.6322,0.23,1.35,1.12,16.79,0.09,72.12,68.54,2648.5
2021-08-26,113.7883,0.25,1.34,1.09,18.84,0.09,70.42,67.42,2655.5
2021-08-27,113.3404,0.22,1.31,1.09,16.39,0.08,72.26,68.84,2680.0
2021-08-28,,,,,,0.08,,,
2021-08-29,,,,,,0.08,,,
2021-08-30,113.246,0.2,1.29,1.09,16.19,0.08,,69.28,2673.0
2021-08-31,113.1076,0.2,1.3,1.1,16.48,0.06,73.45,68.43,2746.25
2021-09-01,112.8732,0.2,1.31,1.11,16.11,0.08,71.99,68.63,2717.5
2021-09-02,112.7863,0.2,1.29,1.09,16.41,0.08,73.56,70.07,2723.25
2021-09-03,112.5476,0.21,1.33,1.12,16.41,0.08,73.07,69.34,2753.75
2021-09-04,,,,,,0.08,,,
2021-09-05,,,,,,0.08,,,
2021-09-06,,,,,,0.08,72.43,,
2021-09-07,112.9795,0.22,1.38,1.16,18.14,0.08,71.52,68.49,2787.75
2021-09-08,113.2319,0.22,1.35,1.13,17.96,0.08,72.36,69.36,2818.5
2021-09-09,113.043,0.23,1.3,1.07,18.8,0.08,71.32,68.26,2864.25
2021-09-10,112.9425,0.23,1.35,1.12,20.95,0.08,72.44,69.82,2948.0
2021-09-11,,,,,,0.08,,,
2021-09-12,,,,,,0.08,,,
2021-09-13,113.0341,0.21,1.33,1.12,19.37,0.08,72.97,70.54,2929.5
2021-09-14,113.0061,0.21,1.28,1.07,19.46,0.08,73.05,70.53,2866.5
2021-09-15,112.9773,0.21,1.31,1.1,18.18,0.08,74.84,72.59,2928.25
2021-09-16,113.3036,0.23,1.34,1.11,18.69,0.08,75.14,72.69,2918.0
2021-09-17,113.5989,0.23,1.37,1.14,20.81,0.08,74.64,72.09,2919.5
2021-09-18,,,,,,0.08,,,
2021-09-19,,,,,,0.08,,,
2021-09-20,113.9422,0.23,1.31,1.08,25.71,0.08,73.59,70.41,2896.5
2021-09-21,113.8179,0.22,1.33,1.11,24.36,0.08,73.65,70.51,2883.5
2021-09-22,113.6223,0.25,1.32,1.07,20.87,0.08,75.5,72.37,2976.0
2021-09-23,113.513,0.27,1.41,1.14,18.63,0.08,76.44,73.43,2987.5
2021-09-24,113.7597,0.29,1.47,1.18,17.75,0.08,77.42,74.18,2958.0
2021-09-25,,,,,,0.08,,,
2021-09-26,,,,,,0.08,,,
2021-09-27,113.7432,0.31,1.48,1.17,18.76,0.08,78.85,75.54,2923.25
2021-09-28,114.2469,0.31,1.54,1.23,23.25,0.08,78.3,75.44,2974.25
2021-09-29,114.7092,0.3,1.55,1.25,22.56,0.08,77.86,75.06,2965.25
2021-09-30,114.6403,0.28,1.52,1.24,23.14,0.06,77.81,75.22,2903.0
2021-10-01,114.3798,0.27,1.48,1.21,21.15,0.08,79.4,76.01,2902.25
2021-10-02,,,,,,0.08,,,
2021-10-03,,,,,,0.08,,,
2021-10-04,114.2739,0.27,1.49,1.22,22.96,0.08,81.44,77.68,2957.25
2021-10-05,114.3654,0.28,1.54,1.26,21.3,0.08,82.72,79.17,2966.5
2021-10-06,114.7185,0.3,1.53,1.23,21.0,0.08,81.39,77.66,2942.0
2021-10-07,114.5044,0.32,1.58,1.26,19.54,0.08,82.34,78.46,2991.0
2021-10-08,114.5986,0.32,1.61,1.29,18.77,0.08,82.17,79.55,3011.25
2021-10-09,,,,,,0.08,,,
2021-10-10,,,,,,0.08,,,
2021-10-11,,,,,20.0,0.08,83.75,80.64,3111.5
2021-10-12,114.7542,0.35,1.59,1.24,19.85,0.08,83.53,80.75,3108.75
2021-10-13,114.4705,0.37,1.56,1.19,18.64,0.08,83.53,80.67,3038.75
2021-10-14,114.2053,0.36,1.52,1.16,16.86,0.08,83.86,81.43,3130.5
2021-10-15,114.0905,0.41,1.59,1.18,16.3,0.08,84.67,82.39,3171.0
2021-10-16,,,,,,0.08,,,
2021-10-17,,,,,,0.08,,,
2021-10-18,113.9899,0.44,1.59,1.15,16.31,0.08,84.13,82.62,3202.5
2021-10-19,113.647,0.41,1.65,1.24,15.7,0.08,85.02,83.19,3138.25
2021-10-20,113.5083,0.4,1.65,1.25,15.49,0.08,85.76,84.4,3108.75
2021-10-21,113.6188,0.45,1.68,1.23,15.01,0.08,84.58,82.64,2935.5
2021-10-22,113.67,0.48,1.66,1.18,15.43,0.08,85.43,84.53,2907.75
2021-10-23,,,,,,0.08,,,
2021-10-24,,,,,,0.08,,,
2021-10-25,113.605,0.47,1.64,1.17,15.24,0.08,84.85,84.64,2908.0
2021-10-26,113.674,0.47,1.63,1.16,15.98,0.08,85.11,85.64,2866.5
2021-10-27,113.6218,0.5,1.54,1.04,16.98,0.08,84.12,82.66,2716.5
2021-10-28,113.4389,0.5,1.57,1.07,16.53,0.08,83.4,82.78,2794.5
2021-10-29,114.1349,0.48,1.55,1.07,16.26,0.07,83.1,83.5,2758.5
2021-10-30,,,,,,0.07,,,
2021-10-31,,,,,,0.07,,,
2021-11-01,114.2067,0.5,1.58,1.08,16.41,0.08,84.51,84.08,2776.25
2021-11-02,114.2847,0.46,1.56,1.1,16.03,0.08,84.42,83.91,2754.75
2021-11-03,114.3593,0.47,1.6,1.13,15.1,0.08,81.1,80.82,2712.5
2021-11-04,114.3558,0.41,1.53,1.12,15.44,0.08,80.15,78.88,2616.25
2021-11-05,114.0732,0.39,1.45,1.06,16.48,0.08,82.43,81.25,2595.75
2021-11-06,,,,,,0.08,,,
2021-11-07,,,,,,0.08,,,
2021-11-08,113.8256,0.45,1.51,1.06,17.22,0.08,83.22,81.96,2604.75
2021-11-09,113.762,0.41,1.46,1.05,17.78,0.08,84.52,84.12,2560.5
2021-11-10,114.1484,0.51,1.56,1.05,18.73,0.08,82.91,81.23,2567.0
2021-11-11,,,,,17.66,0.08,83.4,81.47,2634.0
2021-11-12,114.5144,0.53,1.58,1.05,16.29,0.08,82.9,80.87,2645.25
2021-11-13,,,,,,0.08,,,
2021-11-14,,,,,,0.08,,,
2021-11-15,114.5876,0.53,1.63,1.1,16.49,0.08,81.94,80.85,2607.75
2021-11-16,115.136,0.54,1.63,1.09,16.37,0.08,82.85,80.76,2540.5
2021-11-17,115.0263,0.52,1.6,1.08,17.11,0.08,80.67,78.32,2598.5
2021-11-18,115.0678,0.52,1.59,1.07,17.59,0.08,82.45,78.92,2603.0
2021-11-19,115.2187,0.52,1.54,1.02,17.91,0.08,80.24,76.11,2662.75
2021-11-20,,,,,,0.08,,,
2021-11-21,,,,,,0.08,,,
2021-11-22,115.6481,0.63,1.63,1.0,19.17,0.08,80.97,76.74,2657.5
2021-11-23,116.0118,0.6,1.67,1.07,19.38,0.08,83.43,78.32,2648.0
2021-11-24,116.2711,0.64,1.64,1.0,18.58,0.08,82.37,78.32,2664.5
2021-11-25,,,,,,0.08,82.05,,
2021-11-26,116.5103,0.5,1.48,0.98,28.62,0.08,72.37,,2581.25
2021-11-27,,,,,,0.08,,,
2021-11-28,,,,,,0.08,,,
2021-11-29,116.581,0.51,1.52,1.01,22.96,0.08,73.34,69.88,2596.0
2021-11-30,116.2071,0.52,1.43,0.91,27.19,0.07,70.86,66.14,2591.25
2021-12-01,115.889,0.56,1.43,0.87,31.12,0.08,69.53,65.44,2628.5
2021-12-02,116.018,0.63,1.44,0.81,27.95,0.08,70.56,66.6,2585.25
2021-12-03,116.2377,0.6,1.35,0.75,30.67,0.08,70.71,66.39,2596.25
2021-12-04,,,,,,0.08,,,
2021-12-05,,,,,,0.08,,,
2021-12-06,116.1538,0.65,1.43,0.78,27.18,0.08,73.38,69.62,2566.75
2021-12-07,115.8555,0.7,1.48,0.78,21.89,0.08,75.54,71.94,2601.75
2021-12-08,115.4418,0.68,1.52,0.84,19.9,0.08,75.94,72.43,2576.25
2021-12-09,115.7784,0.7,1.49,0.79,21.58,0.08,74.1,70.87,2579.5
2021-12-10,115.5732,0.67,1.48,0.81,18.69,0.08,74.98,71.71,2550.75
2021-12-11,,,,,,0.08,,,
2021-12-12,,,,,,0.08,,,
2021-12-13,115.842,0.66,1.42,0.76,20.31,0.08,74.12,71.19,2601.75
2021-12-14,116.2397,0.67,1.44,0.77,21.89,0.08,73.37,70.57,2569.0
2021-12-15,116.4219,0.69,1.47,0.78,19.29,0.08,73.71,70.89,2540.0
2021-12-16,115.7146,0.64,1.44,0.8,20.57,0.08,74.64,72.34,2611.25
2021-12-17,115.791,0.66,1.41,0.75,21.57,0.08,72.97,70.93,2653.75
2021-12-18,,,,,,0.08,,,
2021-12-19,,,,,,0.08,,,
2021-12-20,116.0092,0.65,1.43,0.78,22.87,0.08,70.51,68.69,2602.0
2021-12-21,116.1089,0.7,1.48,0.78,21.01,0.08,72.85,71.1,2716.75
2021-12-22,115.7485,0.68,1.46,0.78,18.63,0.08,74.69,72.82,2803.75
2021-12-23,115.5337,0.71,1.5,0.79,17.96,0.08,76.26,73.89,2808.0
2021-12-24,,,,,,0.08,75.24,,
2021-12-25,,,,,,0.08,,,
2021-12-26,,,,,,0.08,,,
2021-12-27,115.4684,0.76,1.48,0.72,17.68,0.08,,75.49,2808.0
2021-12-28,115.4192,0.74,1.49,0.75,17.54,0.08,,76.01,2808.0
2021-12-29,115.3678,0.75,1.55,0.8,16.95,0.08,78.63,76.58,2781.25
2021-12-30,115.283,0.73,1.52,0.79,17.33,0.08,78.61,76.83,2782.5
2021-12-31,,0.73,1.52,0.79,17.22,0.07,77.24,75.33,2752.5
2022-01-01,,,,,,0.07,,,
2022-01-02,,,,,,0.07,,,
2022-01-03,115.4101,0.78,1.63,0.85,16.6,0.08,78.25,75.99,2752.5
2022-01-04,115.3103,0.77,1.66,0.89,16.91,0.08,79.39,77.0,2802.75
2022-01-05,115.137,0.83,1.71,0.88,19.73,0.08,80.6,77.83,2876.0
2022-01-06,115.4046,0.88,1.73,0.85,19.61,0.08,81.99,79.47,2890.0
2022-01-07,115.0451,0.87,1.76,0.89,18.76,0.08,82.28,79.0,2884.5
2022-01-08,,,,,,0.08,,,
2022-01-09,,,,,,0.08,,,
2022-01-10,115.2216,0.92,1.78,0.86,19.4,0.08,81.56,78.11,2898.75
2022-01-11,114.8332,0.9,1.75,0.85,18.41,0.08,84.98,81.17,2951.0
2022-01-12,114.355,0.92,1.74,0.82,17.62,0.08,85.83,82.51,2973.75
2022-01-13,114.177,0.91,1.7,0.79,20.31,0.08,85.8,81.97,2944.0
2022-01-14,114.3825,0.99,1.78,0.79,19.19,0.08,87.17,83.82,2962.75
2022-01-15,,,,,,0.08,,,
2022-01-16,,,,,,0.08,,,
2022-01-17,,,,,,0.08,87.82,,
2022-01-18,114.7373,1.06,1.87,0.81,22.79,0.08,88.83,85.42,3001.0
2022-01-19,114.6109,1.04,1.83,0.79,23.85,0.08,89.64,86.84,3038.25
2022-01-20,114.4642,1.08,1.83,0.75,25.59,0.08,89.75,86.29,3102.25
2022-01-21,114.6125,1.01,1.75,0.74,28.85,0.08,89.75,85.16,3026.0
2022-01-22,,,,,,0.08,,,
2022-01-23,,,,,,0.08,,,
2022-01-24,115.2034,0.99,1.75,0.76,29.9,0.08,87.74,84.48,3015.5
2022-01-25,115.1654,1.02,1.78,0.76,31.16,0.08,89.49,86.61,3077.75
2022-01-26,115.0922,1.13,1.85,0.72,31.96,0.08,91.22,88.33,3078.0
2022-01-27,115.978,1.18,1.81,0.63,30.49,0.08,90.7,87.61,3090.25
2022-01-28,116.0393,1.15,1.78,0.63,27.66,0.08,91.47,87.67,3128.25
2022-01-29,,,,,,0.08,,,
2022-01-30,,,,,,0.08,,,
2022-01-31,115.566,1.18,1.79,0.61,24.83,0.08,92.35,89.16,3078.25
2022-02-01,115.3685,1.18,1.81,0.63,21.96,0.08,90.24,88.22,3077.5
2022-02-02,115.1538,1.16,1.78,0.62,22.09,0.08,91.43,88.16,3029.0
2022-02-03,114.9065,1.19,1.82,0.63,24.35,0.08,92.99,90.17,3080.0
2022-02-04,115.1362,1.31,1.93,0.62,23.22,0.08,96.86,92.27,3114.25
2022-02-05,,,,,,0.08,,,
2022-02-06,,,,,,0.08,,,
2022-02-07,115.0098,1.3,1.92,0.62,22.86,0.08,97.28,91.25,3167.75
2022-02-08,115.0892,1.35,1.96,0.61,21.44,0.08,96.07,89.32,3240.25
2022-02-09,114.8232,1.36,1.94,0.58,19.96,0.08,94.95,89.57,3313.0
2022-02-10,114.5527,1.61,2.03,0.42,23.91,0.08,96.37,89.83,3319.0
2022-02-11,114.8413,1.5,1.92,0.42,27.36,0.08,97.5,93.1,3282.25
2022-02-12,,,,,,0.08,,,
2022-02-13,,,,,,0.08,,,
2022-02-14,115.1946,1.58,1.98,0.4,28.33,0.08,101.66,95.52,3272.0
2022-02-15,114.93,1.58,2.05,0.47,25.7,0.08,98.43,92.07,3272.5
2022-02-16,114.6886,1.52,2.03,0.51,24.29,0.08,97.44,93.83,3320.0
2022-02-17,114.6755,1.49,1.97,0.48,28.11,0.08,95.28,91.78,3315.75
2022-02-18,114.7982,1.47,1.92,0.45,27.75,0.08,96.18,91.26,3304.5
2022-02-19,,,,,,0.08,,,
2022-02-20,,,,,,0.08,,,
2022-02-21,,,,,,0.08,98.95,,
2022-02-22,114.7002,1.56,1.94,0.38,28.81,0.08,98.73,92.11,3342.0
2022-02-23,114.6668,1.58,1.99,0.41,31.02,0.08,99.29,92.14,3345.75
2022-02-24,115.9419,1.54,1.96,0.42,30.32,0.08,101.29,92.77,3457.5
2022-02-25,115.2577,1.55,1.97,0.42,27.59,0.08,98.56,91.68,3406.0
2022-02-26,,,,,,0.08,,,
2022-02-27,,,,,,0.08,,,
2022-02-28,115.2224,1.44,1.83,0.39,30.15,0.08,103.08,96.13,3417.0
2022-03-01,115.7962,1.31,1.72,0.41,33.32,0.08,110.93,103.66,3516.0
2022-03-02,115.7623,1.5,1.86,0.36,30.74,0.08,118.94,110.74,3615.5
2022-03-03,115.9495,1.53,1.86,0.33,30.48,0.08,115.36,107.69,3767.75
2022-03-04,116.6503,1.5,1.74,0.24,31.98,0.08,123.86,115.77,3873.0
2022-03-05,,,,,,0.08,,,
2022-03-06,,,,,,0.08,,,
2022-03-07,117.3278,1.55,1.78,0.23,36.45,0.08,129.02,119.26,3745.5
2022-03-08,117.6176,1.63,1.86,0.23,35.13,0.08,133.18,123.64,3485.5
2022-03-09,116.5961,1.68,1.94,0.26,32.45,0.08,116.58,108.81,3286.5
2022-03-10,116.7401,1.72,1.98,0.26,30.23,0.08,114.54,105.93,3361.25
2022-03-11,117.0192,1.75,2.0,0.25,30.75,0.08,118.11,109.31,3446.5
2022-03-12,,,,,,0.08,,,
2022-03-13,,,,,,0.08,,,
2022-03-14,117.1506,1.87,2.14,0.27,31.77,0.08,110.39,103.22,3321.5
2022-03-15,117.246,1.85,2.15,0.3,29.83,0.08,105.14,96.42,3204.5
2022-03-16,116.8073,1.95,2.19,0.24,26.67,0.08,104.61,94.85,3238.75
2022-03-17,116.0467,1.94,2.2,0.26,25.67,0.33,113.5,102.97,3316.25
2022-03-18,116.1378,1.97,2.14,0.17,23.87,0.33,114.32,104.69,3357.25
2022-03-19,,,,,,0.33,,,
2022-03-20,,,,,,0.33,,,
2022-03-21,115.9398,2.14,2.32,0.18,23.53,0.33,122.29,112.14,3469.75
2022-03-22,116.0824,2.18,2.38,0.2,22.94,0.33,121.53,111.03,3460.25
2022-03-23,116.005,2.13,2.32,0.19,23.57,0.33,127.52,114.89,3572.75
2022-03-24,115.9599,2.13,2.34,0.21,21.67,0.33,123.98,114.2,3593.5
2022-03-25,115.7921,2.3,2.48,0.18,20.81,0.33,122.67,116.2,3571.5
2022-03-26,,,,,,0.33,,,
2022-03-27,,,,,,0.33,,,
2022-03-28,116.1911,2.35,2.46,0.11,19.63,0.33,114.5,107.55,3585.5
2022-03-29,115.5679,2.35,2.41,0.06,18.9,0.33,112.79,104.25,3431.5
2022-03-30,115.0818,2.31,2.35,0.04,19.33,0.33,115.59,107.81,3553.5
2022-03-31,115.2218,2.28,2.32,0.04,20.56,0.33,107.29,100.53,3500.0
2022-04-01,115.4814,2.44,2.39,-0.05,19.63,0.33,106.13,99.32,3466.5
2022-04-02,,,,,,0.33,,,
2022-04-03,,,,,,0.33,,,
2022-04-04,115.4112,2.43,2.42,-0.01,18.57,0.33,108.15,103.29,3441.5
2022-04-05,115.73,2.51,2.54,0.03,21.03,0.33,106.6,101.98,3430.5
2022-04-06,115.9995,2.5,2.61,0.11,22.1,0.33,100.81,96.39,3405.0
2022-04-07,116.3512,2.47,2.66,0.19,21.55,0.33,99.83,96.05,3352.75
2022-04-08,116.4176,2.53,2.72,0.19,21.16,0.33,101.26,98.35,3340.75
2022-04-09,,,,,,0.33,,,
2022-04-10,,,,,,0.33,,,
2022-04-11,116.5401,2.5,2.79,0.29,24.37,0.33,97.92,94.22,3209.75
2022-04-12,116.3866,2.39,2.72,0.33,24.26,0.33,104.42,100.52,3229.5
2022-04-13,116.2796,2.37,2.7,0.33,21.82,0.33,108.49,104.26,3206.75
2022-04-14,116.7558,2.47,2.83,0.36,22.7,0.33,110.83,106.84,3250.5
2022-04-15,116.7017,,,,,0.33,,,
2022-04-16,,,,,,0.33,,,
2022-04-17,,,,,,0.33,,,
2022-04-18,116.8441,2.46,2.85,0.39,22.17,0.33,,108.24,3250.5
2022-04-19,117.1324,2.61,2.93,0.32,21.37,0.33,105.49,102.54,3212.5
2022-04-20,116.7306,2.6,2.85,0.25,20.32,0.33,105.05,102.56,3237.5
2022-04-21,117.1432,2.68,2.9,0.22,22.68,0.33,107.2,103.89,3264.0
2022-04-22,118.0186,2.72,2.9,0.18,28.21,0.33,105.15,102.86,3203.0
2022-04-23,,,,,,0.33,,,
2022-04-24,,,,,,0.33,,,
2022-04-25,118.6271,2.63,2.81,0.18,27.02,0.33,99.27,99.6,3054.5
2022-04-26,118.9624,2.54,2.77,0.23,33.52,0.33,102.89,102.62,3040.25
2022-04-27,119.4708,2.58,2.82,0.24,31.6,0.33,103.3,101.96,3066.5
2022-04-28,120.0675,2.63,2.85,0.22,29.99,0.33,105.78,105.47,2997.75
2022-04-29,119.4933,2.7,2.89,0.19,33.4,0.33,108.36,104.59,3049.75
2022-04-30,,,,,,0.33,,,
2022-05-01,,,,,,0.33,,,
2022-05-02,119.8825,2.73,2.99,0.26,32.34,0.33,,105.18,3049.75
2022-05-03,119.7043,2.78,2.97,0.19,29.25,0.33,104.94,102.53,2900.0
2022-05-04,119.5592,2.66,2.93,0.27,25.42,0.33,110.53,107.84,2958.5
2022-05-05,120.0068,2.71,3.05,0.34,31.2,0.83,112.11,108.17,2896.5
2022-05-06,119.8577,2.72,3.12,0.4,30.19,0.83,113.86,109.72,2831.0
2022-05-07,,,,,,0.83,,,
2022-05-08,,,,,,0.83,,,
2022-05-09,120.4972,2.61,3.05,0.44,34.75,0.83,106.67,103.08,2740.75
2022-05-10,120.7742,2.62,2.99,0.37,32.99,0.83,102.61,99.74,2743.25
2022-05-11,120.3925,2.66,2.91,0.25,32.56,0.83,107.7,105.5,2769.25
2022-05-12,121.2796,2.56,2.84,0.28,31.77,0.83,108.06,106.15,2730.75
2022-05-13,120.8442,2.61,2.93,0.32,28.87,0.83,112.12,110.52,2774.0
2022-05-14,,,,,,0.83,,,
2022-05-15,,,,,,0.83,,,
2022-05-16,120.6881,2.58,2.88,0.3,27.47,0.83,114.86,114.07,2808.75
2022-05-17,119.8871,2.71,2.98,0.27,26.1,0.83,112.89,112.31,2860.0
2022-05-18,120.0274,2.68,2.89,0.21,30.96,0.83,110.04,109.67,2831.25
2022-05-19,119.4278,2.63,2.84,0.21,29.35,0.83,113.22,112.21,2884.0
2022-05-20,119.3677,2.6,2.78,0.18,29.43,0.83,113.63,112.63,2927.25
2022-05-21,,,,,,0.83,,,
2022-05-22,,,,,,0.83,,,
2022-05-23,118.7169,2.65,2.86,0.21,28.48,0.83,115.13,110.32,2933.25
2022-05-24,118.6245,2.5,2.76,0.26,29.45,0.83,115.77,112.55,2874.5
2022-05-25,118.9598,2.48,2.75,0.27,28.37,0.83,116.41,112.88,2848.5
2022-05-26,118.7687,2.46,2.75,0.29,27.5,0.83,119.81,116.19,2833.25
2022-05-27,118.2834,2.47,2.74,0.27,25.72,0.83,121.19,114.96,2850.0
2022-05-28,,,,,,0.83,,,
2022-05-29,,,,,,0.83,,,
2022-05-30,,,,,26.54,0.83,123.01,,
2022-05-31,118.0704,2.53,2.85,0.32,26.19,0.83,125.53,114.38,2763.5
2022-06-01,118.6954,2.66,2.94,0.28,25.69,0.83,122.2,115.26,2692.25
2022-06-02,118.0658,2.65,2.92,0.27,24.72,0.83,,116.88,2692.0
2022-06-03,118.2153,2.66,2.96,0.3,24.79,0.83,125.68,118.97,2692.0
2022-06-04,,,,,,0.83,,,
2022-06-05,,,,,,0.83,,,
2022-06-06,118.3081,2.73,3.04,0.31,25.07,0.83,124.99,118.41,2747.5
2022-06-07,118.4414,2.75,2.98,0.23,24.02,0.83,126.89,119.55,2742.5
2022-06-08,118.3951,2.78,3.03,0.25,23.96,0.83,129.2,121.94,2786.75
2022-06-09,118.9226,2.83,3.04,0.21,26.09,0.83,128.47,121.52,2727.75
2022-06-10,119.9981,3.06,3.15,0.09,27.75,0.83,127.44,120.73,2638.75
2022-06-11,,,,,,0.83,,,
2022-06-12,,,,,,0.83,,,
2022-06-13,121.1523,3.4,3.43,0.03,34.02,0.83,128.44,120.92,2601.0
2022-06-14,121.6669,3.45,3.49,0.04,32.69,0.83,127.02,118.92,2531.25
2022-06-15,121.6403,3.2,3.33,0.13,29.62,0.83,124.96,115.32,2562.25
2022-06-16,120.6714,3.14,3.28,0.14,32.95,1.58,125.78,117.56,2474.25
2022-06-17,121.2369,3.17,3.25,0.08,31.13,1.58,119.22,109.56,2461.0
2022-06-18,,,,,,1.58,,,
2022-06-19,,,,,,1.58,,,
2022-06-20,,,,,31.03,1.58,118.25,,
2022-06-21,120.6427,3.21,3.31,0.1,30.19,1.58,118.51,110.49,2490.0
2022-06-22,120.5197,3.06,3.16,0.1,28.95,1.58,115.54,106.22,2434.75
2022-06-23,120.7622,3.01,3.09,0.08,29.05,1.58,114.5,105.75,2436.0
2022-06-24,120.4853,3.04,3.13,0.09,27.23,1.58,117.36,109.07,2411.5
2022-06-25,,,,,,1.58,,,
2022-06-26,,,,,,1.58,,,
2022-06-27,120.1736,3.08,3.2,0.12,26.95,1.58,119.69,111.44,2460.75
2022-06-28,120.62,3.1,3.2,0.1,28.36,1.58,122.21,113.66,2440.5
2022-06-29,120.9616,3.06,3.1,0.04,28.16,1.58,120.8,111.65,2422.75
2022-06-30,120.9652,2.92,2.98,0.06,28.71,1.58,119.78,107.76,2401.5
2022-07-01,121.5058,2.84,2.88,0.04,26.7,1.58,119.21,110.3,2389.25
2022-07-02,,,,,,1.58,,,
2022-07-03,,,,,,1.58,,,
2022-07-04,,,,,27.53,1.58,121.8,,
2022-07-05,122.6203,2.82,2.82,0.0,27.54,1.58,110.49,101.55,2342.0
2022-07-06,123.0073,2.97,2.93,-0.04,26.73,1.58,108.54,100.31,2354.75
2022-07-07,122.7257,3.03,3.01,-0.02,26.08,1.58,113.4,104.62,2386.75
2022-07-08,122.4662,3.12,3.09,-0.03,24.64,1.58,113.95,106.78,2383.75
2022-07-09,,,,,,1.58,,,
2022-07-10,,,,,,1.58,,,
2022-07-11,123.2974,3.07,2.99,-0.08,26.17,1.58,114.85,106.09,2341.25
2022-07-12,123.4524,3.03,2.96,-0.07,27.29,1.58,106.98,97.69,2321.75
2022-07-13,123.2834,3.13,2.91,-0.22,26.82,1.58,107.17,98.44,2330.75
2022-07-14,124.0622,3.15,2.96,-0.19,26.4,1.58,107.74,97.79,2367.0
2022-07-15,123.4765,3.13,2.93,-0.2,24.23,1.58,112.26,99.59,2380.0
2022-07-16,,,,,,1.58,,,
2022-07-17,,,,,,1.58,,,
2022-07-18,122.7727,3.15,2.96,-0.19,25.3,1.58,117.27,104.48,2461.5
2022-07-19,122.4819,3.23,3.01,-0.22,24.5,1.58,114.96,106.12,2397.5
2022-07-20,122.5997,3.25,3.04,-0.21,23.88,1.58,115.86,104.45,2435.25
2022-07-21,122.9032,3.1,2.91,-0.19,23.11,1.58,112.81,98.44,2427.5
2022-07-22,122.451,2.98,2.77,-0.21,23.03,1.58,106.77,97.71,2483.0
2022-07-23,,,,,,1.58,,,
2022-07-24,,,,,,1.58,,,
2022-07-25,122.4594,3.0,2.81,-0.19,23.36,1.58,108.23,99.83,2426.25
2022-07-26,122.7581,3.02,2.81,-0.21,24.69,1.58,107.32,97.74,2435.5
2022-07-27,122.8169,2.96,2.78,-0.18,23.24,1.58,109.64,100.03,2427.5
2022-07-28,122.1161,2.85,2.68,-0.17,22.33,2.33,109.68,99.11,2457.0
2022-07-29,121.7678,2.89,2.67,-0.22,21.33,2.32,111.51,101.31,2463.5
2022-07-30,,,,,,2.32,,,
2022-07-31,,,,,,2.32,,,
2022-08-01,121.4109,2.9,2.6,-0.3,22.84,2.33,106.09,96.59,2407.25
2022-08-02,121.9486,3.06,2.75,-0.31,23.93,2.33,106.51,97.14,2386.5
2022-08-03,122.3888,3.1,2.73,-0.37,21.95,2.33,101.82,93.25,2349.5
2022-08-04,121.8333,3.03,2.68,-0.35,21.44,2.33,97.99,91.29,2372.75
2022-08-05,122.321,3.24,2.83,-0.41,21.15,2.33,100.31,91.77,2396.75
2022-08-06,,,,,,2.33,,,
2022-08-07,,,,,,2.33,,,
2022-08-08,121.8783,3.21,2.77,-0.44,21.29,2.33,103.46,93.52,2427.5
2022-08-09,121.8614,3.28,2.8,-0.48,21.77,2.33,103.81,93.18,2470.75
2022-08-10,120.7543,3.23,2.78,-0.45,19.74,2.33,105.06,94.68,2472.75
2022-08-11,120.7163,3.23,2.87,-0.36,20.2,2.33,107.19,97.02,2505.25
2022-08-12,121.018,3.25,2.84,-0.41,19.53,2.33,103.7,94.86,2421.75
2022-08-13,,,,,,2.33,,,
2022-08-14,,,,,,2.33,,,
2022-08-15,121.4315,3.2,2.79,-0.41,19.95,2.33,98.25,92.24,2377.0
2022-08-16,121.6807,3.25,2.82,-0.43,19.69,2.33,95.36,89.23,2381.0
2022-08-17,122.0711,3.28,2.89,-0.39,19.9,2.33,97.22,90.85,2397.75
2022-08-18,122.3627,3.22,2.88,-0.34,19.56,2.33,96.35,93.2,2393.5
2022-08-19,123.0501,3.25,2.98,-0.27,20.6,2.33,96.45,93.55,2371.75
2022-08-20,,,,,,2.33,,,
2022-08-21,,,,,,2.33,,,
2022-08-22,123.605,3.32,3.03,-0.29,23.8,2.33,95.06,93.42,2377.25
2022-08-23,123.0547,3.29,3.05,-0.24,24.11,2.33,99.49,96.46,2412.5
2022-08-24,123.109,3.36,3.11,-0.25,22.82,2.33,99.87,95.52,2420.25
2022-08-25,123.0586,3.35,3.03,-0.32,21.78,2.33,98.81,93.33,2422.5
2022-08-26,123.0656,3.37,3.04,-0.33,25.56,2.33,101.13,93.63,2484.0
2022-08-27,,,,,,2.33,,,
2022-08-28,,,,,,2.33,,,
2022-08-29,123.4686,3.42,3.12,-0.3,26.21,2.33,,97.4,2481.25
2022-08-30,123.6848,3.46,3.11,-0.35,26.21,2.33,99.34,92.08,2373.5
2022-08-31,123.535,3.45,3.15,-0.3,25.87,2.33,96.55,90.09,2341.75
2022-09-01,124.4006,3.51,3.26,-0.25,25.56,2.33,92.24,87.09,2277.25
2022-09-02,123.7743,3.4,3.2,-0.2,25.47,2.33,93.09,87.29,2276.5
2022-09-03,,,,,,2.33,,,
2022-09-04,,,,,,2.33,,,
2022-09-05,,,,,25.99,2.33,94.22,,
2022-09-06,124.767,3.5,3.33,-0.17,26.91,2.33,91.43,87.35,2248.0
2022-09-07,124.8408,3.45,3.27,-0.18,24.64,2.33,86.83,82.5,2221.0
2022-09-08,124.578,3.48,3.29,-0.19,23.61,2.33,87.99,84.04,2240.25
2022-09-09,123.7874,3.56,3.33,-0.23,22.79,2.33,91.68,87.27,2275.75
2022-09-10,,,,,,2.33,,,
2022-09-11,,,,,,2.33,,,
2022-09-12,123.3332,3.58,3.37,-0.21,23.87,2.33,93.45,88.18,2272.5
2022-09-13,124.4242,3.75,3.42,-0.33,27.27,2.33,92.04,87.84,2299.5
2022-09-14,124.4509,3.78,3.41,-0.37,26.16,2.33,92.83,88.88,2259.25
2022-09-15,124.8843,3.87,3.45,-0.42,26.27,2.33,89.28,85.72,2290.75
2022-09-16,124.8794,3.85,3.45,-0.4,26.3,2.33,89.43,85.57,2264.25
2022-09-17,,,,,,2.33,,,
2022-09-18,,,,,,2.33,,,
2022-09-19,125.0104,3.95,3.49,-0.46,25.76,2.33,,86.15,2235.5
2022-09-20,125.1248,3.96,3.57,-0.39,27.16,2.33,89.62,84.69,2228.25
2022-09-21,125.7399,4.02,3.51,-0.51,27.99,2.33,89.86,83.38,2179.75
2022-09-22,126.1667,4.11,3.7,-0.41,27.35,3.08,90.4,84.02,2207.75
2022-09-23,127.2853,4.2,3.69,-0.51,29.92,3.08,84.29,79.07,2157.5
2022-09-24,,,,,,3.08,,,
2022-09-25,,,,,,3.08,,,
2022-09-26,128.4539,4.27,3.88,-0.39,32.26,3.08,82.55,77.17,2126.25
2022-09-27,128.4386,4.3,3.97,-0.33,32.6,3.08,85.97,78.91,2098.75
2022-09-28,128.0884,4.07,3.72,-0.35,30.18,3.08,89.55,82.61,2114.25
2022-09-29,127.5437,4.16,3.76,-0.4,31.84,3.08,89.41,81.78,2192.75
2022-09-30,127.5148,4.22,3.83,-0.39,31.62,3.08,88.9,79.91,2157.25
2022-10-01,,,,,,3.08,,,
2022-10-02,,,,,,3.08,,,
2022-10-03,127.0813,4.12,3.67,-0.45,30.1,3.08,90.68,84.05,2213.0
2022-10-04,126.1819,4.1,3.62,-0.48,29.07,3.08,93.74,86.87,2347.25
2022-10-05,126.8616,4.15,3.76,-0.39,28.55,3.08,94.35,88.22,2359.25
2022-10-06,127.2493,4.23,3.83,-0.4,30.52,3.08,95.65,88.9,2355.0
2022-10-07,127.3111,4.3,3.89,-0.41,31.36,3.08,98.88,93.07,2295.75
2022-10-08,,,,,,3.08,,,
2022-10-09,,,,,,3.08,,,
2022-10-10,,,,,32.45,3.08,97.13,91.6,2258.0
2022-10-11,127.6641,4.3,3.93,-0.37,33.63,3.08,95.17,89.75,2245.25
2022-10-12,128.1481,4.28,3.91,-0.37,33.57,3.08,93.44,87.83,2312.25
2022-10-13,127.7286,4.47,3.97,-0.5,31.94,3.08,95.16,89.59,2388.0
2022-10-14,128.3325,4.48,4.0,-0.48,32.02,3.08,92.22,86.1,2337.75
2022-10-15,,,,,,3.08,,,
2022-10-16,,,,,,3.08,,,
2022-10-17,127.6448,4.45,4.02,-0.43,31.37,3.08,91.04,86.0,2259.75
2022-10-18,127.9153,4.43,4.01,-0.42,30.5,3.08,89.46,83.29,2204.5
2022-10-19,128.3968,4.55,4.14,-0.41,30.76,3.08,91.34,86.0,2187.0
2022-10-20,128.0052,4.62,4.24,-0.38,29.98,3.08,91.52,86.02,2228.25
2022-10-21,127.6735,4.49,4.21,-0.28,29.69,3.08,91.82,85.47,2223.5
2022-10-22,,,,,,3.08,,,
2022-10-23,,,,,,3.08,,,
2022-10-24,128.0304,4.5,4.25,-0.25,29.85,3.08,91.57,86.12,2192.75
2022-10-25,127.3771,4.42,4.1,-0.32,28.46,3.08,91.76,86.93,2228.5
2022-10-26,126.4723,4.39,4.04,-0.35,27.28,3.08,92.93,89.39,2352.5
2022-10-27,126.7028,4.3,3.96,-0.34,27.39,3.08,94.17,89.06,2307.25
2022-10-28,127.2135,4.41,4.02,-0.39,25.75,3.08,94.64,87.85,2210.75
2022-10-29,,,,,,3.08,,,
2022-10-30,,,,,,3.08,,,
2022-10-31,127.6219,4.51,4.1,-0.41,25.88,3.08,93.3,86.54,2229.0
2022-11-01,127.3987,4.54,4.07,-0.47,25.81,3.08,95.12,88.36,2259.5
2022-11-02,127.3115,4.61,4.1,-0.51,25.86,3.08,96.07,90.06,2266.5
2022-11-03,128.1743,4.71,4.14,-0.57,25.3,3.83,95.29,88.14,2282.25
2022-11-04,127.1468,4.66,4.17,-0.49,24.55,3.83,99.53,92.58,2380.25
2022-11-05,,,,,,3.83,,,
2022-11-06,,,,,,3.83,,,
2022-11-07,126.3062,4.72,4.22,-0.5,24.35,3.83,99.87,91.8,2354.5
2022-11-08,125.633,4.67,4.14,-0.53,25.54,3.83,96.85,88.8,2391.25
2022-11-09,125.9861,4.61,4.12,-0.49,26.09,3.83,93.05,85.79,2329.75
2022-11-10,124.7044,4.34,3.82,-0.52,23.53,3.83,94.25,86.52,2351.5
2022-11-11,,,,,22.52,3.83,96.37,89.14,2475.0
2022-11-12,,,,,,3.83,,,
2022-11-13,,,,,,3.83,,,
2022-11-14,123.4277,4.4,3.88,-0.52,23.73,3.83,93.59,85.85,2460.75
2022-11-15,123.039,4.37,3.8,-0.57,24.54,3.83,94.3,86.87,2437.0
2022-11-16,123.2817,4.35,3.67,-0.68,24.11,3.83,92.61,85.62,2412.5
2022-11-17,123.977,4.43,3.77,-0.66,23.93,3.83,91.0,81.69,2393.0
2022-11-18,123.8524,4.51,3.82,-0.69,23.12,3.83,88.93,80.07,2428.0
2022-11-19,,,,,,3.83,,,
2022-11-20,,,,,,3.83,,,
2022-11-21,124.7009,4.48,3.83,-0.65,22.36,3.83,88.44,79.74,2379.5
2022-11-22,124.2365,4.47,3.76,-0.71,21.29,3.83,88.65,80.83,2428.75
2022-11-23,123.7574,4.46,3.71,-0.75,20.35,3.83,85.9,77.93,2392.0
2022-11-24,,,,,20.42,3.83,85.59,,
2022-11-25,123.3386,4.42,3.68,-0.74,20.5,3.83,83.4,76.45,2367.25
2022-11-26,,,,,,3.83,,,
2022-11-27,,,,,,3.83,,,
2022-11-28,123.6032,4.46,3.69,-0.77,22.21,3.83,83.5,77.1,2362.0
2022-11-29,123.6615,4.48,3.75,-0.73,21.89,3.83,83.22,77.96,2365.25
2022-11-30,123.5175,4.38,3.68,-0.7,20.58,3.83,85.61,80.48,2460.5
2022-12-01,122.0045,4.25,3.53,-0.72,19.84,3.83,86.28,81.06,2472.25
2022-12-02,122.0102,4.28,3.51,-0.77,19.06,3.83,86.54,79.86,2535.0
2022-12-03,,,,,,3.83,,,
2022-12-04,,,,,,3.83,,,
2022-12-05,122.6384,4.41,3.6,-0.81,20.75,3.83,83.36,76.83,2509.0
2022-12-06,123.0191,4.34,3.51,-0.83,22.17,3.83,79.92,74.21,2503.5
2022-12-07,122.7608,4.26,3.42,-0.84,22.68,3.83,77.11,71.93,2484.25
2022-12-08,122.4152,4.31,3.48,-0.83,22.29,3.83,76.02,71.3,2496.5
2022-12-09,122.4201,4.33,3.57,-0.76,22.83,3.83,76.37,71.05,2465.25
2022-12-10,,,,,,3.83,,,
2022-12-11,,,,,,3.83,,,
2022-12-12,122.7714,4.39,3.61,-0.78,25.0,3.83,78.0,72.96,2409.25
2022-12-13,121.8493,4.22,3.51,-0.71,22.55,3.83,80.14,75.44,2458.25
2022-12-14,121.8226,4.23,3.49,-0.74,21.14,3.83,83.33,77.14,2431.0
2022-12-15,122.5519,4.23,3.44,-0.79,22.83,4.33,82.34,75.89,2383.0
2022-12-16,122.6505,4.17,3.48,-0.69,22.62,4.33,80.2,74.19,2388.5
2022-12-17,,,,,,4.33,,,
2022-12-18,,,,,,4.33,,,
2022-12-19,122.5275,4.25,3.57,-0.68,22.42,4.33,81.66,75.05,2364.25
2022-12-20,122.1357,4.25,3.69,-0.56,21.48,4.33,79.45,75.92,2377.0
2022-12-21,122.2828,4.21,3.68,-0.53,20.07,4.33,80.25,78.17,2402.0
2022-12-22,122.2419,4.24,3.67,-0.57,21.97,4.33,79.58,77.68,2421.5
2022-12-23,121.9743,4.31,3.75,-0.56,20.87,4.33,82.45,79.57,2413.5
2022-12-24,,,,,,4.33,,,
2022-12-25,,,,,,4.33,,,
2022-12-26,,,,,,4.33,,,
2022-12-27,121.7539,4.32,3.84,-0.48,21.65,4.33,,79.45,2411.25
2022-12-28,122.0075,4.31,3.88,-0.43,22.14,4.33,81.7,78.89,2396.0
2022-12-29,121.6577,4.34,3.83,-0.51,21.44,4.33,80.96,78.43,2426.5
2022-12-30,121.4256,4.41,3.88,-0.53,21.67,4.33,82.82,80.16,2410.25
2022-12-31,,,,,,4.33,,,
2023-01-01,,,,,,4.33,,,
2023-01-02,,,,,,4.33,,,
2023-01-03,122.0905,4.4,3.79,-0.61,22.9,4.33,80.36,76.87,2325.25
2023-01-04,121.5008,4.36,3.69,-0.67,22.01,4.33,75.31,72.82,2270.0
2023-01-05,122.1017,4.45,3.71,-0.74,22.46,4.33,76.73,73.61,2262.75
2023-01-06,121.0852,4.24,3.55,-0.69,21.13,4.33,76.41,73.77,2285.25
2023-01-07,,,,,,4.33,,,
2023-01-08,,,,,,4.33,,,
2023-01-09,120.1508,4.19,3.53,-0.66,21.97,4.33,77.5,74.69,2443.25
2023-01-10,120.2483,4.24,3.61,-0.63,20.58,4.33,78.4,75.11,2465.0
2023-01-11,120.1614,4.2,3.54,-0.66,21.09,4.33,81.11,77.46,2506.25
2023-01-12,119.4218,4.12,3.43,-0.69,18.83,4.33,82.59,78.32,2551.0
2023-01-13,119.1673,4.22,3.49,-0.73,18.35,4.33,83.43,79.9,2602.0
2023-01-14,,,,,,4.33,,,
2023-01-15,,,,,,4.33,,,
2023-01-16,,,,,19.49,4.33,82.65,,
2023-01-17,119.2121,4.18,3.53,-0.65,19.36,4.33,84.38,80.25,2628.25
2023-01-18,119.0755,4.06,3.37,-0.69,20.34,4.33,83.78,79.53,2643.75
2023-01-19,119.6107,4.09,3.39,-0.7,20.52,4.33,85.08,80.31,2589.75
2023-01-20,119.3486,4.14,3.48,-0.66,19.85,4.33,86.96,81.27,2608.75
2023-01-21,,,,,,4.33,,,
2023-01-22,,,,,,4.33,,,
2023-01-23,119.1434,4.21,3.52,-0.69,19.81,4.33,87.54,81.62,2650.5
2023-01-24,119.0958,4.12,3.46,-0.66,19.2,4.33,85.25,79.86,2665.0
2023-01-25,118.9686,4.11,3.46,-0.65,19.08,4.33,85.08,79.78,2670.75
2023-01-26,119.021,4.17,3.49,-0.68,18.73,4.33,86.29,80.64,2656.5
2023-01-27,118.9223,4.19,3.52,-0.67,18.51,4.33,85.36,79.73,2638.75
2023-01-28,,,,,,4.33,,,
2023-01-29,,,,,,4.33,,,
2023-01-30,118.8953,4.25,3.55,-0.7,19.94,4.33,84.9,77.97,2595.0
2023-01-31,118.9802,4.21,3.52,-0.69,19.4,4.33,83.42,78.95,2639.0
2023-02-01,118.6259,4.09,3.39,-0.7,17.87,4.33,81.61,76.34,2608.5
2023-02-02,118.3421,4.09,3.4,-0.69,18.73,4.58,80.57,75.87,2605.5
2023-02-03,119.5095,4.3,3.53,-0.77,18.33,4.58,78.85,73.4,2550.0
2023-02-04,,,,,,4.58,,,
2023-02-05,,,,,,4.58,,,
2023-02-06,120.541,4.44,3.63,-0.81,19.43,4.58,80.48,74.11,2515.75
2023-02-07,120.3475,4.47,3.67,-0.8,18.66,4.58,82.92,77.17,2518.5
2023-02-08,120.1436,4.45,3.63,-0.82,19.63,4.58,84.17,78.47,2468.25
2023-02-09,119.9781,4.48,3.67,-0.81,20.71,4.57,83.46,78.04,2487.5
2023-02-10,120.1419,4.5,3.74,-0.76,20.53,4.58,85.46,79.74,2429.0
2023-02-11,,,,,,4.58,,,
2023-02-12,,,,,,4.58,,,
2023-02-13,119.9828,4.52,3.72,-0.8,20.34,4.58,85.98,80.14,2389.0
2023-02-14,119.9229,4.6,3.77,-0.83,18.91,4.58,84.96,79.08,2381.0
2023-02-15,120.4557,4.62,3.81,-0.81,18.23,4.58,84.11,78.57,2354.75
2023-02-16,120.4651,4.62,3.86,-0.76,20.17,4.58,83.84,78.45,2362.5
2023-02-17,120.5526,4.6,3.82,-0.78,20.02,4.58,81.97,76.31,2343.75
2023-02-18,,,,,,4.58,,,
2023-02-19,,,,,,4.58,,,
2023-02-20,,,,,21.23,4.58,82.79,,
2023-02-21,120.6256,4.67,3.95,-0.72,22.87,4.58,82.14,76.28,2411.5
2023-02-22,120.8389,4.66,3.93,-0.73,22.29,4.58,79.55,73.95,2361.5
2023-02-23,121.0896,4.66,3.88,-0.78,21.14,4.58,82.08,75.26,2339.75
2023-02-24,121.5681,4.78,3.95,-0.83,21.67,4.58,82.31,76.19,2294.5
2023-02-25,,,,,,4.58,,,
2023-02-26,,,,,,4.58,,,
2023-02-27,121.3941,4.78,3.92,-0.86,20.95,4.57,81.24,75.57,2327.0
2023-02-28,121.3341,4.81,3.92,-0.89,20.7,4.57,83.21,76.88,2323.5
2023-03-01,120.6347,4.89,4.01,-0.88,20.58,4.58,83.68,77.57,2379.25
2023-03-02,121.1302,4.89,4.08,-0.81,19.59,4.57,84.15,78.05,2367.25
2023-03-03,120.7742,4.86,3.97,-0.89,18.49,4.57,85.74,79.62,2369.75
2023-03-04,,,,,,4.57,,,
2023-03-05,,,,,,4.57,,,
2023-03-06,120.485,4.89,3.98,-0.91,18.61,4.57,85.86,80.39,2368.75
2023-03-07,121.4623,5.0,3.97,-1.03,19.59,4.57,83.03,77.45,2328.75
2023-03-08,121.4511,5.05,3.98,-1.07,19.11,4.57,82.1,76.56,2327.5
2023-03-09,121.4458,4.9,3.93,-0.97,22.61,4.57,81.0,75.6,2306.0
2023-03-10,121.2421,4.6,3.7,-0.9,24.8,4.57,82.3,76.55,2291.75
2023-03-11,,,,,,4.57,,,
2023-03-12,,,,,,4.57,,,
2023-03-13,120.8897,4.03,3.55,-0.48,26.52,4.58,79.67,74.68,2299.5
2023-03-14,121.0141,4.2,3.64,-0.56,23.73,4.58,76.77,71.18,2316.75
2023-03-15,122.1079,3.93,3.51,-0.42,26.14,4.58,74.3,67.38,2242.5
2023-03-16,121.7221,4.14,3.56,-0.58,22.99,4.58,73.12,68.15,2233.25
2023-03-17,121.5643,3.81,3.39,-0.42,25.51,4.58,71.03,66.61,2229.25
2023-03-18,,,,,,4.58,,,
2023-03-19,,,,,,4.58,,,
2023-03-20,121.0141,3.92,3.47,-0.45,24.15,4.58,72.42,67.56,2240.5
2023-03-21,120.8958,4.17,3.59,-0.58,21.38,4.58,74.78,69.4,2243.75
2023-03-22,120.6217,3.96,3.48,-0.48,22.26,4.58,76.08,70.71,2266.25
2023-03-23,119.7587,3.76,3.38,-0.38,22.61,4.83,74.31,69.77,2298.5
2023-03-24,120.4598,3.76,3.38,-0.38,21.74,4.83,73.63,69.22,2308.0
2023-03-25,,,,,,4.83,,,
2023-03-26,,,,,,4.83,,,
2023-03-27,120.2541,3.94,3.53,-0.41,20.6,4.83,76.8,72.87,2341.75
2023-03-28,119.7138,4.02,3.55,-0.47,19.97,4.83,78.07,73.12,2370.25
2023-03-29,119.7258,4.08,3.57,-0.51,19.12,4.83,77.51,72.95,2360.0
2023-03-30,119.4078,4.1,3.55,-0.55,19.02,4.83,78.45,74.32,2363.5
2023-03-31,119.3602,4.06,3.48,-0.58,18.7,4.83,79.19,75.68,2383.75
2023-04-01,,,,,,4.83,,,
2023-04-02,,,,,,4.83,,,
2023-04-03,119.3204,3.97,3.43,-0.54,18.55,4.83,85.81,80.4,2378.75
2023-04-04,119.142,3.84,3.35,-0.49,19.0,4.83,85.7,80.7,2348.25
2023-04-05,119.2953,3.79,3.3,-0.49,19.08,4.83,85.89,80.69,2315.5
2023-04-06,119.3072,3.82,3.3,-0.52,18.4,4.83,86.56,80.7,2325.0
2023-04-07,119.3547,3.97,3.39,-0.58,,4.83,,,
2023-04-08,,,,,,4.83,,,
2023-04-09,,,,,,4.83,,,
2023-04-10,119.7948,4.0,3.41,-0.59,18.97,4.83,,79.79,2324.75
2023-04-11,119.5248,4.03,3.43,-0.6,19.1,4.83,87.32,81.54,2295.25
2023-04-12,119.003,3.95,3.41,-0.54,19.09,4.83,88.31,83.26,2316.0
2023-04-13,118.3915,3.96,3.45,-0.51,17.8,4.83,86.51,82.16,2365.75
2023-04-14,118.8567,4.08,3.52,-0.56,17.07,4.83,87.31,82.58,2379.0
2023-04-15,,,,,,4.83,,,
2023-04-16,,,,,,4.83,,,
2023-04-17,119.2787,4.18,3.6,-0.58,16.95,4.83,85.63,80.93,2377.75
2023-04-18,119.1049,4.19,3.58,-0.61,16.83,4.83,85.48,80.85,2428.75
2023-04-19,119.303,4.24,3.6,-0.64,16.46,4.83,85.34,79.18,2442.5
2023-04-20,119.1199,4.14,3.54,-0.6,17.17,4.83,83.29,77.27,2422.25
2023-04-21,119.3117,4.17,3.57,-0.6,16.77,4.83,83.36,77.86,2386.75
2023-04-22,,,,,,4.83,,,
2023-04-23,,,,,,4.83,,,
2023-04-24,119.2039,4.12,3.52,-0.6,16.89,4.83,84.23,78.64,2375.25
2023-04-25,119.613,3.86,3.4,-0.46,18.76,4.83,82.13,77.05,2329.25
2023-04-26,119.3228,3.9,3.43,-0.47,18.84,4.83,79.19,74.33,2318.5
2023-04-27,119.4298,4.07,3.53,-0.54,17.03,4.83,80.11,74.77,2311.5
2023-04-28,119.2248,4.04,3.44,-0.6,15.78,4.83,81.32,76.78,2359.75
2023-04-29,,,,,,4.83,,,
2023-04-30,,,,,,4.83,,,
2023-05-01,119.4435,4.14,3.59,-0.55,16.08,4.83,,75.65,2390.75
2023-05-02,119.6105,3.97,3.44,-0.53,17.78,4.83,76.71,71.71,2382.75
2023-05-03,119.1233,3.89,3.38,-0.51,18.34,4.83,72.91,68.62,2330.75
2023-05-04,119.0465,3.75,3.37,-0.38,20.09,5.08,73.0,68.52,2300.5
2023-05-05,118.5548,3.92,3.44,-0.48,17.19,5.08,75.85,71.32,2329.5
2023-05-06,,,,,,5.08,,,
2023-05-07,,,,,,5.08,,,
2023-05-08,118.5759,4.0,3.52,-0.48,16.98,5.08,,73.13,2314.25
2023-05-09,118.8239,4.01,3.53,-0.48,17.71,5.08,77.76,73.68,2333.75
2023-05-10,118.5864,3.9,3.43,-0.47,16.94,5.08,76.7,72.53,2284.75
2023-05-11,119.0303,3.89,3.39,-0.5,16.93,5.08,75.32,70.81,2216.5
2023-05-12,119.3671,3.98,3.46,-0.52,17.03,5.08,74.54,70.02,2238.25
2023-05-13,,,,,,5.08,,,
2023-05-14,,,,,,5.08,,,
2023-05-15,119.1608,3.99,3.5,-0.49,17.12,5.08,75.46,71.07,2250.25
2023-05-16,119.1743,4.06,3.54,-0.52,17.99,5.08,75.15,70.85,2260.0
2023-05-17,119.607,4.12,3.57,-0.55,16.87,5.08,76.98,72.78,2295.75
2023-05-18,120.0886,4.24,3.65,-0.59,16.05,5.08,75.75,71.82,2286.75
2023-05-19,119.7751,4.28,3.7,-0.58,16.81,5.08,75.42,71.57,2300.0
2023-05-20,,,,,,5.08,,,
2023-05-21,,,,,,5.08,,,
2023-05-22,120.0875,4.29,3.72,-0.57,17.21,5.08,75.77,71.81,2290.5
2023-05-23,120.3204,4.26,3.7,-0.56,18.53,5.08,76.66,72.87,2255.0
2023-05-24,120.4752,4.31,3.73,-0.58,20.03,5.08,77.99,74.37,2230.0
2023-05-25,120.8413,4.5,3.83,-0.67,19.14,5.08,75.66,71.68,2233.25
2023-05-26,120.6304,4.54,3.8,-0.74,17.95,5.08,76.33,72.35,2245.0
2023-05-27,,,,,,5.08,,,
2023-05-28,,,,,,5.08,,,
2023-05-29,,,,,17.46,5.08,,,
2023-05-30,120.5546,4.46,3.69,-0.77,17.46,5.08,73.38,69.45,2227.75
2023-05-31,120.9662,4.4,3.64,-0.76,17.94,5.08,71.98,68.11,2255.5
2023-06-01,120.0491,4.33,3.61,-0.72,15.65,5.08,74.18,70.09,2299.25
2023-06-02,120.0049,4.5,3.69,-0.81,14.6,5.08,76.0,71.76,2269.5
2023-06-03,,,,,,5.08,,,
2023-06-04,,,,,,5.08,,,
2023-06-05,120.0048,4.46,3.69,-0.77,14.73,5.08,76.61,72.14,2240.5
2023-06-06,119.9718,4.51,3.7,-0.81,13.96,5.08,76.22,71.71,2204.75
2023-06-07,119.859,4.56,3.79,-0.77,13.94,5.08,76.85,72.52,2207.25
2023-06-08,119.5712,4.52,3.73,-0.79,13.65,5.08,75.88,71.28,2240.75
2023-06-09,119.4322,4.59,3.75,-0.84,13.83,5.08,74.74,70.16,2254.25
2023-06-10,,,,,,5.08,,,
2023-06-11,,,,,,5.08,,,
2023-06-12,119.6376,4.55,3.73,-0.82,15.01,5.08,71.8,67.08,2211.25
2023-06-13,119.1899,4.67,3.84,-0.83,14.61,5.08,74.24,69.39,2220.75
2023-06-14,118.776,4.74,3.83,-0.91,13.88,5.08,73.39,68.22,2243.75
2023-06-15,118.5521,4.62,3.72,-0.9,14.5,5.07,75.75,70.61,2227.75
2023-06-16,118.4184,4.7,3.77,-0.93,13.54,5.08,76.76,71.81,2252.5
2023-06-17,,,,,,5.08,,,
2023-06-18,,,,,,5.08,,,
2023-06-19,,,,,14.19,5.08,76.09,,
2023-06-20,118.938,4.68,3.74,-0.94,13.88,5.07,75.79,70.94,2217.5
2023-06-21,118.727,4.68,3.72,-0.96,13.2,5.07,76.92,72.55,2223.0
2023-06-22,118.7552,4.77,3.8,-0.97,12.91,5.07,73.93,69.22,2203.0
2023-06-23,119.152,4.71,3.74,-0.97,13.44,5.07,73.56,68.91,2168.25
2023-06-24,,,,,,5.07,,,
2023-06-25,,,,,,5.07,,,
2023-06-26,119.0761,4.65,3.72,-0.93,14.25,5.07,73.86,69.09,2149.5
2023-06-27,118.8949,4.74,3.77,-0.97,13.74,5.07,71.88,67.68,2170.0
2023-06-28,119.3382,4.71,3.71,-1.0,13.43,5.07,73.64,69.54,2148.25
2023-06-29,119.527,4.87,3.85,-1.02,13.54,5.07,73.86,69.85,2126.0
2023-06-30,119.3606,4.87,3.81,-1.06,13.59,5.08,74.51,70.66,2114.75
2023-07-01,,,,,,5.08,,,
2023-07-02,,,,,,5.08,,,
2023-07-03,119.2119,4.94,3.86,-1.08,13.57,5.08,74.52,69.71,2112.75
2023-07-04,,,,,13.7,5.08,76.23,,
2023-07-05,119.3483,4.94,3.95,-0.99,14.18,5.08,76.74,71.78,2119.25
2023-07-06,119.8193,4.99,4.05,-0.94,15.44,5.08,76.72,71.76,2103.0
2023-07-07,119.0761,4.94,4.06,-0.88,14.83,5.08,78.77,73.91,2111.25
2023-07-08,,,,,,5.08,,,
2023-07-09,,,,,,5.08,,,
2023-07-10,118.9548,4.85,4.01,-0.84,15.07,5.07,77.83,73.05,2115.5
2023-07-11,118.7344,4.88,3.99,-0.89,14.84,5.08,79.54,74.87,2127.5
2023-07-12,117.6385,4.72,3.86,-0.86,13.54,5.08,80.35,75.77,2193.75
2023-07-13,117.1831,4.59,3.76,-0.83,13.61,5.08,81.31,76.86,2242.0
2023-07-14,117.0463,4.74,3.83,-0.91,13.34,5.08,79.9,75.44,2235.0
2023-07-15,,,,,,5.08,,,
2023-07-16,,,,,,5.08,,,
2023-07-17,117.1267,4.74,3.81,-0.93,13.48,5.08,77.8,74.17,2207.0
2023-07-18,117.0264,4.74,3.8,-0.94,13.3,5.08,79.54,75.76,2164.25
2023-07-19,117.3462,4.74,3.75,-0.99,13.76,5.08,79.38,75.4,2137.25
2023-07-20,117.5947,4.8,3.85,-0.95,13.99,5.08,79.62,75.65,2143.25
2023-07-21,117.9418,4.82,3.84,-0.98,13.6,5.08,81.06,77.06,2148.0
2023-07-22,,,,,,5.08,,,
2023-07-23,,,,,,5.08,,,
2023-07-24,117.8124,4.81,3.86,-0.95,13.91,5.08,82.53,78.81,2153.75
2023-07-25,117.8565,4.85,3.91,-0.94,13.86,5.08,83.46,79.76,2184.0
2023-07-26,117.76,4.82,3.86,-0.96,13.19,5.08,82.98,79.11,2155.5
2023-07-27,117.8938,4.91,4.01,-0.9,14.41,5.33,84.28,80.17,2151.75
2023-07-28,117.788,4.87,3.96,-0.91,13.33,5.33,84.49,80.55,2178.5
2023-07-29,,,,,,5.33,,,
2023-07-30,,,,,,5.33,,,
2023-07-31,117.8241,4.88,3.97,-0.91,13.63,5.33,85.22,81.8,2230.5
2023-08-01,118.5738,4.92,4.05,-0.87,13.93,5.33,85.34,81.37,2198.5
2023-08-02,119.1268,4.88,4.08,-0.8,16.09,5.33,84.01,79.5,2150.5
2023-08-03,119.3963,4.9,4.2,-0.7,15.92,5.33,86.19,81.56,2168.25
2023-08-04,118.821,4.78,4.05,-0.73,17.1,5.33,87.38,82.76,2172.0
2023-08-05,,,,,,5.33,,,
2023-08-06,,,,,,5.33,,,
2023-08-07,119.0809,4.76,4.09,-0.67,15.77,5.33,86.47,81.94,2166.75
2023-08-08,119.6407,4.74,4.02,-0.72,15.99,5.33,88.0,82.94,2133.0
2023-08-09,119.476,4.79,4.0,-0.79,15.96,5.33,89.31,84.35,2122.75
2023-08-10,119.1581,4.82,4.09,-0.73,15.85,5.33,87.44,82.81,2154.75
2023-08-11,119.6268,4.89,4.16,-0.73,14.84,5.33,87.93,83.17,2115.25
2023-08-12,,,,,,5.33,,,
2023-08-13,,,,,,5.33,,,
2023-08-14,120.0725,4.96,4.19,-0.77,14.82,5.33,87.4,82.5,2081.0
2023-08-15,120.2127,4.92,4.21,-0.71,16.46,5.33,86.28,81.06,2075.5
2023-08-16,120.3551,4.97,4.28,-0.69,16.78,5.33,84.49,79.4,2073.25
2023-08-17,120.5242,4.94,4.3,-0.64,17.89,5.33,85.24,80.43,2090.5
2023-08-18,120.4321,4.92,4.26,-0.66,17.3,5.33,85.92,81.25,2081.0
2023-08-19,,,,,,5.33,,,
2023-08-20,,,,,,5.33,,,
2023-08-21,120.4627,4.97,4.34,-0.63,17.13,5.33,85.44,80.71,2082.75
2023-08-22,120.3554,5.02,4.34,-0.68,16.97,5.33,84.7,80.25,2114.25
2023-08-23,120.0307,4.95,4.19,-0.76,15.98,5.33,83.94,78.91,2131.0
2023-08-24,120.2354,4.98,4.23,-0.75,17.2,5.33,84.07,79.52,2111.25
2023-08-25,120.5137,5.03,4.25,-0.78,15.68,5.33,85.42,80.47,2108.75
2023-08-26,,,,,,5.33,,,
2023-08-27,,,,,,5.33,,,
2023-08-28,120.3155,4.98,4.2,-0.78,15.08,5.33,,80.65,2139.25
2023-08-29,120.2669,4.87,4.12,-0.75,14.45,5.33,86.37,81.14,2125.25
2023-08-30,119.7937,4.9,4.12,-0.78,13.88,5.33,86.62,81.64,2165.25
2023-08-31,120.225,4.85,4.09,-0.76,13.57,5.33,87.29,83.55,2175.5
2023-09-01,120.759,4.87,4.18,-0.69,13.09,5.33,89.98,85.52,2216.25
2023-09-02,,,,,,5.33,,,
2023-09-03,,,,,,5.33,,,
2023-09-04,,,,,13.82,5.33,90.42,,
2023-09-05,121.4345,4.94,4.27,-0.67,14.01,5.33,91.25,86.74,2180.0
2023-09-06,121.8671,5.01,4.3,-0.71,14.45,5.33,91.79,87.55,2175.5
2023-09-07,121.9528,4.94,4.27,-0.67,14.4,5.33,91.16,86.87,2171.25
2023-09-08,121.9475,4.98,4.26,-0.72,13.84,5.33,91.85,87.51,2154.75
2023-09-09,,,,,,5.33,,,
2023-09-10,,,,,,5.33,,,
2023-09-11,121.3386,4.97,4.29,-0.68,13.8,5.33,91.97,87.3,2179.25
2023-09-12,121.2913,4.98,4.27,-0.71,14.23,5.33,93.58,88.87,2192.25
2023-09-13,121.0549,4.96,4.25,-0.71,13.48,5.33,93.04,88.59,2201.25
2023-09-14,121.2395,5.0,4.29,-0.71,12.82,5.33,95.2,90.13,2202.25
2023-09-15,121.199,5.02,4.33,-0.69,13.79,5.33,95.55,90.83,2167.25
2023-09-16,,,,,,5.33,,,
2023-09-17,,,,,,5.33,,,
2023-09-18,121.1938,5.05,4.32,-0.73,14.0,5.33,95.95,91.47,2202.0
2023-09-19,121.1645,5.08,4.37,-0.71,14.11,5.33,96.11,91.16,2188.75
2023-09-20,120.9648,5.12,4.35,-0.77,15.14,5.33,94.56,89.2,2236.0
2023-09-21,121.5528,5.12,4.49,-0.63,17.54,5.33,93.7,89.56,2188.75
2023-09-22,121.5306,5.1,4.44,-0.66,17.2,5.33,93.99,90.0,2215.5
2023-09-23,,,,,,5.33,,,
2023-09-24,,,,,,5.33,,,
2023-09-25,122.1143,5.09,4.55,-0.54,16.9,5.33,94.01,89.68,2209.0
2023-09-26,122.4742,5.04,4.56,-0.48,18.94,5.33,94.46,91.43,2228.25
2023-09-27,122.9895,5.1,4.61,-0.49,18.22,5.33,97.1,93.67,2232.75
2023-09-28,122.5342,5.04,4.59,-0.45,17.34,5.33,96.64,91.65,2271.75
2023-09-29,122.3077,5.03,4.59,-0.44,17.52,5.33,95.86,90.77,2329.5
2023-09-30,,,,,,5.33,,,
2023-10-01,,,,,,5.33,,,
2023-10-02,123.0545,5.12,4.69,-0.43,17.61,5.33,91.21,88.81,2310.25
2023-10-03,123.7848,5.15,4.81,-0.34,19.78,5.33,94.46,89.26,2287.0
2023-10-04,123.5946,5.05,4.73,-0.32,18.58,5.33,89.83,84.32,2242.25
2023-10-05,123.8993,5.03,4.72,-0.31,18.49,5.33,88.28,82.3,2224.5
2023-10-06,123.3563,5.08,4.78,-0.3,17.45,5.33,87.86,82.83,2227.25
2023-10-07,,,,,,5.33,,,
2023-10-08,,,,,,5.33,,,
2023-10-09,,,,,17.7,5.33,91.37,,2224.75
2023-10-10,122.9282,4.96,4.66,-0.3,17.03,5.33,90.7,85.89,2198.0
2023-10-11,122.7697,4.99,4.58,-0.41,16.09,5.33,87.58,83.7,2196.25
2023-10-12,123.2101,5.06,4.7,-0.36,16.69,5.33,88.4,82.87,2185.5
2023-10-13,123.5954,5.04,4.63,-0.41,19.32,5.33,94.33,87.67,2181.5
2023-10-14,,,,,,5.33,,,
2023-10-15,,,,,,5.33,,,
2023-10-16,123.3185,5.09,4.71,-0.38,17.21,5.33,90.99,86.65,2169.25
2023-10-17,123.1202,5.19,4.83,-0.36,17.88,5.33,92.52,86.66,2166.5
2023-10-18,123.8148,5.19,4.91,-0.28,19.22,5.33,91.99,88.35,2175.75
2023-10-19,123.798,5.14,4.98,-0.16,21.4,5.33,93.12,89.35,2184.0
2023-10-20,123.612,5.07,4.93,-0.14,21.71,5.33,93.72,89.12,2177.0
2023-10-21,,,,,,5.33,,,
2023-10-22,,,,,,5.33,,,
2023-10-23,123.2846,5.05,4.86,-0.19,20.37,5.33,91.88,85.49,2174.25
2023-10-24,123.6416,5.02,4.83,-0.19,18.97,5.33,88.0,84.58,2184.0
2023-10-25,123.7871,5.08,4.95,-0.13,20.19,5.33,90.14,86.07,2213.25
2023-10-26,124.0064,5.02,4.86,-0.16,20.68,5.33,88.45,83.8,2193.5
2023-10-27,123.62,4.99,4.84,-0.15,21.27,5.33,90.73,86.04,2222.75
2023-10-28,,,,,,5.33,,,
2023-10-29,,,,,,5.33,,,
2023-10-30,123.4076,5.03,4.88,-0.15,19.75,5.33,90.73,83.03,2263.75
2023-10-31,123.8364,5.07,4.88,-0.19,18.14,5.33,86.82,81.64,2251.5
2023-11-01,123.7922,4.95,4.77,-0.18,16.87,5.33,86.92,81.05,2235.25
2023-11-02,122.8818,4.98,4.67,-0.31,15.66,5.33,89.02,83.04,2221.25
2023-11-03,121.7564,4.83,4.57,-0.26,14.91,5.33,87.55,81.19,2246.0
2023-11-04,,,,,,5.33,,,
2023-11-05,,,,,,5.33,,,
2023-11-06,121.6484,4.93,4.67,-0.26,14.89,5.33,87.31,81.54,2275.5
2023-11-07,122.0777,4.91,4.58,-0.33,14.81,5.33,83.43,77.96,2251.5
2023-11-08,122.0926,4.93,4.49,-0.44,14.45,5.33,81.46,75.85,2251.25
2023-11-09,122.1281,5.03,4.62,-0.41,15.29,5.33,81.74,76.34,2232.0
2023-11-10,,5.04,4.61,-0.43,14.17,5.33,83.66,,2206.0
2023-11-11,,,,,,5.33,,,
2023-11-12,,,,,,5.33,,,
2023-11-13,122.4264,5.02,4.63,-0.39,14.76,5.33,84.09,78.86,2216.5
2023-11-14,121.35,4.8,4.44,-0.36,14.16,5.33,84.2,78.9,2204.0
2023-11-15,121.0749,4.9,4.53,-0.37,14.18,5.33,82.4,77.15,2199.75
2023-11-16,121.1754,4.83,4.45,-0.38,14.32,5.33,77.73,73.5,2179.75
2023-11-17,120.8477,4.88,4.44,-0.44,13.8,5.33,81.22,76.47,2177.5
2023-11-18,,,,,,5.33,,,
2023-11-19,,,,,,5.33,,,
2023-11-20,120.2533,4.89,4.42,-0.47,13.41,5.33,83.25,78.1,2208.0
2023-11-21,120.2241,4.86,4.41,-0.45,13.35,5.33,82.42,78.35,2219.25
2023-11-22,120.6802,4.89,4.42,-0.47,12.85,5.33,81.76,76.8,2188.0
2023-11-23,,,,,12.8,5.33,80.85,,
2023-11-24,120.2105,4.92,4.47,-0.45,12.46,5.33,79.82,74.83,2200.25
2023-11-25,,,,,,5.33,,,
2023-11-26,,,,,,5.33,,,
2023-11-27,120.173,4.84,4.39,-0.45,12.69,5.33,79.49,74.46,2184.75
2023-11-28,119.5904,4.73,4.34,-0.39,12.69,5.33,81.66,76.09,2188.5
2023-11-29,119.8159,4.64,4.27,-0.37,12.98,5.33,82.98,77.56,2171.5
2023-11-30,120.2434,4.73,4.37,-0.36,12.92,5.33,81.72,75.66,2160.25
2023-12-01,119.9424,4.56,4.22,-0.34,12.63,5.33,78.72,73.7,2174.5
2023-12-02,,,,,,5.33,,,
2023-12-03,,,,,,5.33,,,
2023-12-04,120.4727,4.64,4.28,-0.36,13.08,5.33,78.16,72.73,2148.75
2023-12-05,120.7913,4.57,4.18,-0.39,12.85,5.33,77.27,71.95,2126.0
2023-12-06,120.5334,4.6,4.12,-0.48,12.97,5.33,74.33,68.98,2109.75
2023-12-07,120.6013,4.58,4.14,-0.44,13.06,5.33,74.21,69.0,2092.5
2023-12-08,120.7607,4.71,4.23,-0.48,12.35,5.33,75.94,70.87,2109.0
2023-12-09,,,,,,5.33,,,
2023-12-10,,,,,,5.33,,,
2023-12-11,120.9279,4.71,4.23,-0.48,12.63,5.33,75.75,70.95,2093.25
2023-12-12,120.6817,4.73,4.2,-0.53,12.07,5.33,74.11,68.27,2093.25
2023-12-13,121.1571,4.46,4.04,-0.42,12.19,5.33,74.14,69.09,2113.5
2023-12-14,119.5683,4.37,3.92,-0.45,12.48,5.33,77.05,71.21,2175.0
2023-12-15,119.7382,4.44,3.91,-0.53,12.28,5.33,76.84,71.05,2207.5
2023-12-16,,,,,,5.33,,,
2023-12-17,,,,,,5.33,,,
2023-12-18,119.9102,4.43,3.95,-0.48,12.56,5.33,78.89,72.16,2237.75
2023-12-19,119.4632,4.41,3.93,-0.48,12.53,5.33,79.82,73.23,2211.25
2023-12-20,119.5435,4.34,3.86,-0.48,13.67,5.33,81.1,73.87,2187.75
2023-12-21,119.3168,4.33,3.89,-0.44,13.65,5.33,80.73,73.59,2184.25
2023-12-22,119.0625,4.31,3.9,-0.41,13.03,5.33,80.23,73.29,2268.0
2023-12-23,,,,,,5.33,,,
2023-12-24,,,,,,5.33,,,
2023-12-25,,,,,,5.33,,,
2023-12-26,118.8875,4.26,3.89,-0.37,12.99,5.33,,75.84,2251.5
2023-12-27,118.4729,4.2,3.79,-0.41,12.43,5.33,80.97,74.31,2327.5
2023-12-28,118.4104,4.26,3.84,-0.42,12.47,5.33,79.04,72.02,2319.0
2023-12-29,118.4208,4.23,3.88,-0.35,12.45,5.33,77.69,71.89,2332.25
2023-12-30,,,,,,5.33,,,
2023-12-31,,,,,,5.33,,,
2024-01-01,,,,,,5.33,,,
2024-01-02,119.2686,4.33,3.95,-0.38,13.2,5.33,76.24,70.62,2278.75
2024-01-03,119.6958,4.33,3.91,-0.42,14.04,5.33,77.18,72.97,2251.0
2024-01-04,119.6208,4.38,3.99,-0.39,14.13,5.33,75.79,72.38,2218.25
2024-01-05,119.388,4.4,4.05,-0.35,13.35,5.33,78.31,74.0,2203.0
2024-01-06,,,,,,5.33,,,
2024-01-07,,,,,,5.33,,,
2024-01-08,119.2506,4.36,4.01,-0.35,13.08,5.33,75.47,71.06,2168.5
2024-01-09,119.6666,4.36,4.02,-0.34,12.76,5.33,77.97,72.43,2182.5
2024-01-10,119.7614,4.37,4.04,-0.33,12.69,5.33,78.46,71.57,2178.5
2024-01-11,119.8916,4.26,3.98,-0.28,12.44,5.33,80.21,72.15,2179.75
2024-01-12,119.534,4.14,3.96,-0.18,12.7,5.33,79.89,72.94,2167.5
2024-01-13,,,,,,5.33,,,
2024-01-14,,,,,,5.33,,,
2024-01-15,,,,,13.25,5.33,79.76,,
2024-01-16,120.5759,4.22,4.07,-0.15,13.84,5.33,80.15,72.63,2161.75
2024-01-17,121.0402,4.34,4.1,-0.24,14.79,5.33,78.88,72.79,2148.75
2024-01-18,120.8895,4.34,4.14,-0.2,14.13,5.33,81.04,74.32,2136.5
2024-01-19,120.6442,4.39,4.15,-0.24,13.3,5.33,80.71,73.69,2127.5
2024-01-20,,,,,,5.33,,,
2024-01-21,,,,,,5.33,,,
2024-01-22,120.6178,4.37,4.11,-0.26,13.19,5.33,81.7,75.26,2127.5
2024-01-23,121.1001,4.31,4.14,-0.17,12.55,5.33,82.04,74.72,2184.25
2024-01-24,120.4916,4.34,4.18,-0.16,13.14,5.33,82.15,75.48,2186.25
2024-01-25,120.8311,4.28,4.14,-0.14,13.45,5.33,82.33,77.91,2194.5
2024-01-26,120.6173,4.34,4.15,-0.19,13.26,5.33,83.34,78.45,2226.0
2024-01-27,,,,,,5.33,,,
2024-01-28,,,,,,5.33,,,
2024-01-29,120.8538,4.29,4.08,-0.21,13.6,5.33,83.99,77.25,2219.5
2024-01-30,120.6025,4.36,4.06,-0.3,13.31,5.33,84.14,78.3,2227.5
2024-01-31,120.4331,4.27,3.99,-0.28,14.35,5.33,82.98,76.28,2235.5
2024-02-01,120.3335,4.2,3.87,-0.33,13.88,5.33,82.2,74.36,2209.25
2024-02-02,120.902,4.36,4.03,-0.33,13.85,5.33,79.54,72.72,2196.75
2024-02-03,,,,,,5.33,,,
2024-02-04,,,,,,5.33,,,
2024-02-05,121.349,4.46,4.17,-0.29,13.67,5.33,79.3,73.21,2176.75
2024-02-06,120.9588,4.39,4.09,-0.3,13.06,5.33,80.46,73.83,2199.0
2024-02-07,120.9049,4.41,4.09,-0.32,12.83,5.33,81.18,74.26,2188.5
2024-02-08,121.0798,4.46,4.15,-0.31,12.79,5.33,83.01,76.67,2189.75
2024-02-09,121.039,4.48,4.17,-0.31,12.93,5.33,83.58,77.26,2182.0
2024-02-10,,,,,,5.33,,,
2024-02-11,,,,,,5.33,,,
2024-02-12,120.9378,4.46,4.17,-0.29,13.93,5.33,83.88,77.34,2191.25
2024-02-13,121.5202,4.64,4.31,-0.33,15.85,5.33,84.72,78.28,2186.0
2024-02-14,121.4002,4.56,4.27,-0.29,14.38,5.33,84.41,77.09,2202.0
2024-02-15,121.2121,4.56,4.24,-0.32,14.01,5.33,84.33,78.47,2186.5
2024-02-16,121.1505,4.64,4.3,-0.34,14.24,5.33,84.88,79.65,2176.25
2024-02-17,,,,,,5.33,,,
2024-02-18,,,,,,5.33,,,
2024-02-19,,,,,14.71,5.33,85.52,,
2024-02-20,121.0199,4.59,4.27,-0.32,15.42,5.33,84.78,78.72,2148.5
2024-02-21,121.0379,4.64,4.32,-0.32,15.34,5.33,84.77,78.89,2175.5
2024-02-22,121.102,4.69,4.33,-0.36,14.54,5.33,85.84,79.64,2144.25
2024-02-23,121.0369,4.67,4.26,-0.41,13.75,5.33,84.18,77.6,2131.25
2024-02-24,,,,,,5.33,,,
2024-02-25,,,,,,5.33,,,
2024-02-26,121.0592,4.69,4.28,-0.41,13.74,5.33,84.01,78.53,2129.25
2024-02-27,120.9647,4.7,4.31,-0.39,13.43,5.33,83.8,79.8,2131.75
2024-02-28,121.128,4.64,4.27,-0.37,13.84,5.33,84.08,79.44,2132.0
2024-02-29,121.1824,4.64,4.25,-0.39,13.4,5.33,84.57,79.22,2167.5
2024-03-01,121.0111,4.54,4.19,-0.35,13.11,5.33,84.82,80.9,2188.5
2024-03-02,,,,,,5.33,,,
2024-03-03,,,,,,5.33,,,
2024-03-04,120.872,4.61,4.22,-0.39,13.49,5.33,86.58,79.67,2174.75
2024-03-05,120.8846,4.54,4.13,-0.41,14.46,5.33,85.82,79.11,2166.25
2024-03-06,120.4649,4.55,4.11,-0.44,14.5,5.33,86.59,80.08,2189.75
2024-03-07,120.1909,4.5,4.09,-0.41,14.44,5.33,84.88,79.81,2201.5
2024-03-08,119.975,4.48,4.09,-0.39,14.74,5.33,84.29,78.96,2193.5
2024-03-09,,,,,,5.33,,,
2024-03-10,,,,,,5.33,,,
2024-03-11,120.0394,4.51,4.1,-0.41,15.22,5.33,83.44,78.87,2210.5
2024-03-12,120.1668,4.58,4.16,-0.42,13.84,5.33,83.66,78.51,2216.5
2024-03-13,119.9642,4.61,4.19,-0.42,13.75,5.33,83.95,80.67,2211.0
2024-03-14,120.241,4.68,4.29,-0.39,14.4,5.33,86.16,82.16,2193.0
2024-03-15,120.4003,4.72,4.31,-0.41,14.41,5.33,85.39,81.94,2214.0
2024-03-16,,,,,,5.33,,,
2024-03-17,,,,,,5.33,,,
2024-03-18,120.5752,4.73,4.34,-0.39,14.33,5.33,86.47,83.68,2213.5
2024-03-19,120.9332,4.68,4.3,-0.38,13.82,5.33,87.36,84.39,2203.5
2024-03-20,120.9289,4.59,4.27,-0.32,13.04,5.33,85.77,82.79,2212.75
2024-03-21,120.8086,4.62,4.27,-0.35,12.92,5.33,84.92,81.99,2237.0
2024-03-22,121.1842,4.59,4.22,-0.37,13.06,5.33,84.87,81.1,2251.25
2024-03-23,,,,,,5.33,,,
2024-03-24,,,,,,5.33,,,
2024-03-25,121.0295,4.54,4.25,-0.29,13.19,5.33,86.18,82.41,2268.0
2024-03-26,121.0742,4.56,4.24,-0.32,13.24,5.33,85.91,82.41,2246.0
2024-03-27,121.0089,4.54,4.2,-0.34,12.78,5.33,84.94,82.15,2247.0
2024-03-28,121.0635,4.59,4.2,-0.39,13.01,5.33,86.17,83.96,2284.25
2024-03-29,121.0191,,,,,5.33,,,
2024-03-30,,,,,,5.33,,,
2024-03-31,,,,,,5.33,,,
2024-04-01,121.5151,4.72,4.33,-0.39,13.65,5.33,,84.54,2289.25
2024-04-02,121.3035,4.7,4.36,-0.34,14.61,5.33,87.63,85.95,2326.5
2024-04-03,121.0198,4.68,4.36,-0.32,14.33,5.33,90.6,86.22,2372.0
2024-04-04,120.7613,4.65,4.31,-0.34,16.35,5.33,90.32,87.37,2386.75
2024-04-05,120.9646,4.73,4.39,-0.34,16.03,5.33,92.81,87.69,2395.25
2024-04-06,,,,,,5.33,,,
2024-04-07,,,,,,5.33,,,
2024-04-08,120.7359,4.78,4.42,-0.36,15.19,5.33,91.73,87.24,2405.5
2024-04-09,120.7048,4.74,4.36,-0.38,14.98,5.33,92.13,86.04,2407.25
2024-04-10,121.5727,4.97,4.55,-0.42,15.8,5.33,91.57,86.98,2397.25
2024-04-11,121.6081,4.93,4.56,-0.37,14.91,5.33,91.49,85.79,2398.75
2024-04-12,122.2885,4.88,4.5,-0.38,17.31,5.33,93.12,86.46,2436.25
2024-04-13,,,,,,5.33,,,
2024-04-14,,,,,,5.33,,,
2024-04-15,122.425,4.93,4.63,-0.3,19.23,5.33,90.84,86.21,2521.25
2024-04-16,123.1234,4.97,4.67,-0.3,18.4,5.33,91.29,86.15,2515.75
2024-04-17,123.0207,4.93,4.59,-0.34,18.21,5.33,89.54,83.58,2590.5
2024-04-18,123.0017,4.98,4.64,-0.34,18.0,5.33,88.34,83.5,2601.5
2024-04-19,123.1075,4.97,4.62,-0.35,18.71,5.33,87.96,83.79,2680.0
2024-04-20,,,,,,5.33,,,
2024-04-21,,,,,,5.33,,,
2024-04-22,123.0609,4.97,4.62,-0.35,16.94,5.33,87.3,83.82,2660.75
2024-04-23,122.7227,4.86,4.61,-0.25,15.69,5.33,88.29,84.17,2572.0
2024-04-24,122.89,4.89,4.65,-0.24,15.97,5.33,89.02,84.09,2600.75
2024-04-25,122.8384,4.96,4.7,-0.26,15.37,5.33,88.1,84.92,2526.0
2024-04-26,122.9471,4.96,4.67,-0.29,15.03,5.33,89.95,85.38,2554.75
2024-04-27,,,,,,5.33,,,
2024-04-28,,,,,,5.33,,,
2024-04-29,122.5449,4.97,4.63,-0.34,14.67,5.33,88.44,84.26,2566.0
2024-04-30,122.9853,5.04,4.69,-0.35,15.65,5.33,88.23,83.49,2561.25
2024-05-01,123.0168,4.96,4.63,-0.33,15.39,5.33,83.55,80.7,2537.75
2024-05-02,122.4384,4.87,4.58,-0.29,14.68,5.33,84.81,80.59,2491.75
2024-05-03,122.1375,4.81,4.5,-0.31,13.49,5.33,83.6,79.65,2512.25
2024-05-04,,,,,,5.33,,,
2024-05-05,,,,,,5.33,,,
2024-05-06,121.8913,4.82,4.49,-0.33,13.49,5.33,,80.1,2554.25
2024-05-07,122.093,4.82,4.47,-0.35,13.23,5.33,82.69,79.97,2527.0
2024-05-08,122.1926,4.84,4.48,-0.36,13.0,5.33,82.44,80.57,2503.75
2024-05-09,122.1634,4.8,4.45,-0.35,12.69,5.33,83.27,80.86,2510.5
2024-05-10,122.014,4.87,4.5,-0.37,12.55,5.33,83.39,79.81,2488.25
2024-05-11,,,,,,5.33,,,
2024-05-12,,,,,,5.33,,,
2024-05-13,122.0261,4.85,4.48,-0.37,13.6,5.33,83.18,80.71,2493.75
2024-05-14,121.9256,4.81,4.45,-0.36,13.42,5.33,81.0,79.62,2491.5
2024-05-15,121.3543,4.73,4.36,-0.37,12.45,5.33,79.98,80.23,2533.5
2024-05-16,121.2236,4.78,4.38,-0.4,12.42,5.33,81.65,80.85,2529.0
2024-05-17,121.2354,4.83,4.42,-0.41,11.99,5.33,82.24,81.66,2533.5
2024-05-18,,,,,,5.33,,,
2024-05-19,,,,,,5.33,,,
2024-05-20,121.2289,4.82,4.44,-0.38,12.15,5.33,81.91,81.39,2557.5
2024-05-21,121.3793,4.82,4.41,-0.41,11.86,5.33,81.22,80.66,2651.0
2024-05-22,121.5462,4.86,4.43,-0.43,12.29,5.33,79.9,79.15,2568.0
2024-05-23,121.7477,4.91,4.47,-0.44,12.77,5.33,79.25,77.47,2550.25
2024-05-24,121.6172,4.93,4.46,-0.47,11.93,5.33,78.92,78.48,2588.25
2024-05-25,,,,,,5.33,,,
2024-05-26,,,,,,5.33,,,
2024-05-27,,,,,12.36,5.33,,,
2024-05-28,121.43,4.94,4.54,-0.4,12.92,5.33,81.34,80.9,2654.75
2024-05-29,122.1641,4.96,4.61,-0.35,14.28,5.33,81.5,80.24,2703.5
2024-05-30,121.9601,4.92,4.55,-0.37,14.47,5.33,81.42,78.96,2648.0
2024-05-31,122.098,4.89,4.51,-0.38,12.92,5.33,79.41,77.97,2591.5
2024-06-01,,,,,,5.33,,,
2024-06-02,,,,,,5.33,,,
2024-06-03,122.3509,4.82,4.41,-0.41,13.11,5.33,76.45,75.26,2601.75
2024-06-04,122.7256,4.77,4.33,-0.44,13.16,5.33,75.33,74.27,2599.5
2024-06-05,122.5339,4.72,4.29,-0.43,12.63,5.33,75.41,75.08,2558.25
2024-06-06,122.3713,4.72,4.28,-0.44,12.58,5.33,77.62,76.52,2592.75
2024-06-07,123.549,4.87,4.43,-0.44,12.22,5.33,78.12,76.53,2507.75
2024-06-08,,,,,,5.33,,,
2024-06-09,,,,,,5.33,,,
2024-06-10,123.9125,4.87,4.47,-0.4,12.74,5.33,79.59,78.75,2499.5
2024-06-11,124.0349,4.81,4.39,-0.42,12.85,5.33,80.15,78.88,2459.25
2024-06-12,123.8295,4.75,4.31,-0.44,12.04,5.33,80.52,79.56,2496.75
2024-06-13,124.0235,4.68,4.24,-0.44,11.94,5.33,81.44,79.61,2477.0
2024-06-14,124.1694,4.67,4.2,-0.47,12.66,5.33,81.49,79.41,2440.75
2024-06-15,,,,,,5.33,,,
2024-06-16,,,,,,5.33,,,
2024-06-17,124.239,4.75,4.28,-0.47,12.75,5.33,82.45,81.33,2425.5
2024-06-18,123.9776,4.69,4.22,-0.47,12.3,5.33,84.79,82.67,2416.5
2024-06-19,,,,,12.48,5.33,85.64,,
2024-06-20,124.192,4.7,4.25,-0.45,13.28,5.33,85.92,83.34,2441.75
2024-06-21,124.1086,4.7,4.25,-0.45,13.2,5.33,86.42,81.71,2432.25
2024-06-22,,,,,,5.33,,,
2024-06-23,,,,,,5.33,,,
2024-06-24,123.7125,4.71,4.25,-0.46,13.33,5.33,86.75,82.63,2423.0
2024-06-25,123.9417,4.65,4.23,-0.42,12.84,5.33,86.81,81.97,2421.25
2024-06-26,124.26,4.71,4.32,-0.39,12.55,5.33,85.76,82.19,2434.5
2024-06-27,124.3379,4.7,4.29,-0.41,12.24,5.33,87.0,83.04,2436.0
2024-06-28,124.2103,4.71,4.36,-0.35,12.44,5.33,87.26,82.83,2457.25
2024-06-29,,,,,,5.33,,,
2024-06-30,,,,,,5.33,,,
2024-07-01,124.4667,4.77,4.48,-0.29,12.22,5.33,86.57,84.7,2444.25
2024-07-02,124.2917,4.74,4.43,-0.31,12.03,5.33,88.28,84.09,2450.0
2024-07-03,123.7768,4.71,4.36,-0.35,12.09,5.33,88.25,85.19,2483.75
2024-07-04,,,,,12.26,5.33,88.34,,
2024-07-05,123.4762,4.6,4.28,-0.32,12.48,5.33,88.66,84.44,2457.5
2024-07-06,,,,,,5.33,,,
2024-07-07,,,,,,5.33,,,
2024-07-08,123.3576,4.62,4.28,-0.34,12.37,5.33,87.15,83.63,2456.25
2024-07-09,123.4071,4.62,4.3,-0.32,12.51,5.33,86.48,82.78,2420.25
2024-07-10,123.1895,4.62,4.28,-0.34,12.85,5.33,86.55,83.39,2400.0
2024-07-11,122.769,4.5,4.2,-0.3,12.92,5.33,86.49,83.92,2390.25
2024-07-12,122.4404,4.45,4.18,-0.27,12.46,5.33,87.35,83.49,2388.25
2024-07-13,,,,,,5.33,,,
2024-07-14,,,,,,5.33,,,
2024-07-15,122.6347,4.44,4.23,-0.21,13.12,5.33,86.42,83.22,2362.0
2024-07-16,122.7264,4.43,4.17,-0.26,13.19,5.33,86.6,81.92,2314.5
2024-07-17,122.518,4.42,4.16,-0.26,14.48,5.33,85.76,84.16,2313.25
2024-07-18,122.7909,4.46,4.2,-0.26,15.93,5.33,86.26,84.17,2292.75
2024-07-19,123.147,4.49,4.25,-0.24,16.52,5.33,85.19,81.43,2263.5
2024-07-20,,,,,,5.33,,,
2024-07-21,,,,,,5.33,,,
2024-07-22,123.2172,4.5,4.26,-0.24,14.91,5.33,83.44,81.25,2210.5
2024-07-23,123.3843,4.4,4.25,-0.15,14.72,5.33,82.2,78.24,2211.5
2024-07-24,123.5575,4.37,4.28,-0.09,18.04,5.33,83.01,78.78,2219.0
2024-07-25,123.5286,4.41,4.27,-0.14,18.46,5.33,82.58,79.43,2188.0
2024-07-26,123.672,4.36,4.2,-0.16,16.39,5.33,81.35,78.58,2212.0
2024-07-27,,,,,,5.33,,,
2024-07-28,,,,,,5.33,,,
2024-07-29,124.1392,4.36,4.17,-0.19,16.6,5.33,80.94,77.27,2163.5
2024-07-30,124.2855,4.35,4.15,-0.2,17.69,5.33,79.26,76.17,2125.0
2024-07-31,123.6373,4.29,4.09,-0.2,16.36,5.33,81.39,79.36,2189.0
2024-08-01,123.8693,4.16,3.99,-0.17,18.59,5.33,81.37,77.74,2176.25
2024-08-02,123.4681,3.88,3.8,-0.08,23.39,5.33,78.35,74.99,2155.0
2024-08-03,,,,,,5.33,,,
2024-08-04,,,,,,5.33,,,
2024-08-05,123.5787,3.89,3.78,-0.11,38.57,5.33,77.51,74.46,2134.75
2024-08-06,123.6532,3.99,3.9,-0.09,27.71,5.33,76.62,74.6,2181.0
2024-08-07,123.5698,4.0,3.96,-0.04,27.85,5.33,78.26,76.68,2177.25
2024-08-08,123.4466,4.04,3.99,-0.05,23.79,5.33,80.76,77.64,2167.0
2024-08-09,122.9276,4.05,3.94,-0.11,20.37,5.33,81.07,78.28,2182.25
2024-08-10,,,,,,5.33,,,
2024-08-11,,,,,,5.33,,,
2024-08-12,123.2204,4.01,3.9,-0.11,20.71,5.33,83.06,81.45,2199.0
2024-08-13,123.0146,3.93,3.85,-0.08,18.12,5.33,82.51,79.81,2211.0
2024-08-14,122.4297,3.94,3.83,-0.11,16.19,5.33,82.15,78.47,2211.0
2024-08-15,122.5844,4.08,3.92,-0.16,15.23,5.33,83.09,79.66,2237.0
2024-08-16,122.3972,4.06,3.89,-0.17,14.8,5.33,81.56,78.05,2235.5
2024-08-17,,,,,,5.33,,,
2024-08-18,,,,,,5.33,,,
2024-08-19,121.8788,4.06,3.86,-0.2,14.65,5.33,81.09,75.82,2308.75
2024-08-20,121.7728,3.99,3.82,-0.17,15.88,5.33,78.85,75.27,2357.0
2024-08-21,121.8535,3.92,3.79,-0.13,16.27,5.33,78.77,72.76,2346.75
2024-08-22,122.3626,3.99,3.86,-0.13,17.55,5.33,78.8,73.72,2350.25
2024-08-23,121.4597,3.9,3.81,-0.09,15.86,5.33,80.34,75.82,2419.5
2024-08-24,,,,,,5.33,,,
2024-08-25,,,,,,5.33,,,
2024-08-26,121.6943,3.91,3.82,-0.09,16.15,5.33,,78.4,2412.5
2024-08-27,121.8672,3.83,3.83,0.0,15.43,5.33,81.51,76.5,2418.25
2024-08-28,121.8943,3.83,3.84,0.01,17.11,5.33,80.04,75.49,2363.0
2024-08-29,122.2333,3.87,3.87,0.0,15.65,5.33,81.55,76.9,2344.75
2024-08-30,122.3262,3.91,3.91,0.0,15.0,5.33,80.2,74.52,2342.5
2024-08-31,,,,,,5.33,,,
2024-09-01,,,,,,5.33,,,
2024-09-02,,,,,15.55,5.33,77.82,,
2024-09-03,122.7811,3.88,3.84,-0.04,20.72,5.33,76.46,71.28,2294.5
2024-09-04,122.5144,3.76,3.77,0.01,21.32,5.33,74.67,70.11,2293.0
2024-09-05,122.4533,3.75,3.73,-0.02,19.9,5.33,74.47,70.09,2269.5
2024-09-06,122.4991,3.66,3.72,0.06,22.38,5.33,72.82,68.58,2258.0
2024-09-07,,,,,,5.33,,,
2024-09-08,,,,,,5.33,,,
2024-09-09,122.7156,3.68,3.7,0.02,19.45,5.33,72.37,69.65,2257.5
2024-09-10,123.0071,3.59,3.65,0.06,19.08,5.33,70.34,66.73,2259.5
2024-09-11,122.7754,3.62,3.65,0.03,17.69,5.33,70.31,68.25,2300.0
2024-09-12,122.4423,3.64,3.68,0.04,17.07,5.33,73.81,69.89,2334.5
2024-09-13,121.6551,3.57,3.66,0.09,16.56,5.33,73.68,69.59,2380.0
2024-09-14,,,,,,5.33,,,
2024-09-15,,,,,,5.33,,,
2024-09-16,121.4976,3.56,3.63,0.07,17.14,5.33,73.96,71.1,2437.5
2024-09-17,121.6031,3.59,3.65,0.06,17.61,5.33,74.55,72.16,2430.25
2024-09-18,121.5618,3.61,3.7,0.09,18.23,5.33,74.52,71.87,2437.5
2024-09-19,121.3059,3.59,3.73,0.14,16.33,4.83,75.93,72.86,2463.25
2024-09-20,121.4052,3.55,3.73,0.18,16.15,4.83,75.96,72.72,2402.25
2024-09-21,,,,,,4.83,,,
2024-09-22,,,,,,4.83,,,
2024-09-23,121.4303,3.57,3.75,0.18,15.89,4.83,74.95,71.33,2408.0
2024-09-24,121.1291,3.49,3.74,0.25,15.39,4.83,75.29,72.34,2484.5
2024-09-25,121.4447,3.53,3.79,0.26,15.41,4.83,75.4,70.42,2451.75
2024-09-26,121.0785,3.6,3.79,0.19,15.37,4.83,73.06,68.28,2543.0
2024-09-27,121.1111,3.55,3.75,0.2,16.96,4.83,71.63,68.72,2579.0
2024-09-28,,,,,,4.83,,,
2024-09-29,,,,,,4.83,,,
2024-09-30,121.2864,3.66,3.81,0.15,16.73,4.83,72.35,68.75,2534.25
2024-10-01,121.6881,3.61,3.74,0.13,19.26,4.83,75.3,70.41,2564.75
2024-10-02,121.5724,3.63,3.79,0.16,18.9,4.83,74.86,70.74,2580.5
2024-10-03,122.1197,3.7,3.85,0.15,20.49,4.83,77.57,74.33,2551.25
2024-10-04,122.2197,3.93,3.98,0.05,19.21,4.83,79.32,74.93,2583.75
2024-10-05,,,,,,4.83,,,
2024-10-06,,,,,,4.83,,,
2024-10-07,122.4241,3.99,4.03,0.04,22.64,4.83,81.74,77.76,2590.5
2024-10-08,122.6625,3.98,4.04,0.06,21.42,4.83,78.19,74.26,2496.25
2024-10-09,122.8821,3.99,4.06,0.07,20.86,4.83,77.06,73.85,2463.0
2024-10-10,123.0951,3.98,4.09,0.11,20.93,4.83,79.45,76.46,2520.75
2024-10-11,122.9805,3.95,4.08,0.13,20.46,4.83,80.27,76.11,2569.75
2024-10-12,,,,,,4.83,,,
2024-10-13,,,,,,4.83,,,
2024-10-14,,,,,19.7,4.83,78.47,,2533.75
2024-10-15,123.5124,3.95,4.03,0.08,20.64,4.83,73.68,71.22,2515.5
2024-10-16,123.9235,3.93,4.02,0.09,19.58,4.83,73.65,70.97,2525.25
2024-10-17,124.1122,3.96,4.09,0.13,19.11,4.83,74.37,71.26,2503.75
2024-10-18,123.9185,3.95,4.08,0.13,18.03,4.83,72.75,69.78,2566.25
2024-10-19,,,,,,4.83,,,
2024-10-20,,,,,,4.83,,,
2024-10-21,124.4757,4.02,4.19,0.17,18.37,4.83,73.29,71.16,2541.5
2024-10-22,124.4107,4.03,4.2,0.17,18.2,4.83,75.59,72.84,2574.5
2024-10-23,124.6931,4.07,4.24,0.17,19.24,4.83,74.68,71.37,2612.25
2024-10-24,124.5127,4.07,4.21,0.14,19.08,4.83,74.27,70.58,2597.25
2024-10-25,124.6105,4.11,4.25,0.14,20.33,4.83,75.62,72.02,2629.0
2024-10-26,,,,,,4.83,,,
2024-10-27,,,,,,4.83,,,
2024-10-28,124.8076,4.12,4.28,0.16,19.8,4.83,71.87,67.65,2590.5
2024-10-29,124.8612,4.11,4.28,0.17,19.34,4.83,71.09,67.48,2606.0
2024-10-30,124.8153,4.15,4.29,0.14,20.35,4.83,73.21,68.91,2563.0
2024-10-31,124.7988,4.16,4.28,0.12,23.16,4.83,73.25,69.58,2560.5
2024-11-01,124.8076,4.21,4.37,0.16,21.88,4.83,73.63,69.81,2546.25
2024-11-02,,,,,,4.83,,,
2024-11-03,,,,,,4.83,,,
2024-11-04,124.5903,4.17,4.31,0.14,21.98,4.83,74.89,71.83,2560.75
2024-11-05,124.5532,4.19,4.26,0.07,20.49,4.83,76.98,72.26,2616.75
2024-11-06,125.7035,4.27,4.42,0.15,16.27,4.83,76.52,71.98,2548.75
2024-11-07,124.775,4.21,4.31,0.1,15.2,4.83,75.73,72.69,2654.5
2024-11-08,125.5811,4.26,4.3,0.04,14.94,4.58,74.04,70.69,2561.75
2024-11-09,,,,,,4.58,,,
2024-11-10,,,,,,4.58,,,
2024-11-11,,,,,14.97,4.58,72.19,,2502.5
2024-11-12,126.7762,4.34,4.43,0.09,14.71,4.58,72.56,68.43,2471.0
2024-11-13,126.9572,4.27,4.44,0.17,14.02,4.58,72.86,68.76,2452.25
2024-11-14,127.0015,4.34,4.43,0.09,14.31,4.58,73.39,68.99,2428.5
2024-11-15,126.8848,4.31,4.43,0.12,16.14,4.58,73.45,67.33,2566.75
2024-11-16,,,,,,4.58,,,
2024-11-17,,,,,,4.58,,,
2024-11-18,126.6045,4.29,4.42,0.13,15.58,4.58,74.35,69.46,2535.5
2024-11-19,126.3994,4.27,4.39,0.12,16.35,4.58,74.32,69.75,2575.25
2024-11-20,126.88,4.31,4.41,0.1,17.16,4.58,74.33,69.25,2573.25
2024-11-21,127.1047,4.34,4.43,0.09,16.87,4.58,75.09,70.39,2570.5
2024-11-22,127.4712,4.37,4.41,0.04,15.24,4.58,76.1,71.68,2556.0
2024-11-23,,,,,,4.58,,,
2024-11-24,,,,,,4.58,,,
2024-11-25,126.9948,4.21,4.27,0.06,14.6,4.58,74.27,69.41,2580.75
2024-11-26,127.4301,4.21,4.3,0.09,14.1,4.58,74.56,69.05,2555.25
2024-11-27,126.8205,4.19,4.25,0.06,14.1,4.58,73.91,69.03,2556.5
2024-11-28,,,,,13.9,4.58,73.92,,
2024-11-29,126.5798,4.13,4.18,0.05,13.51,4.58,74.16,68.26,2562.0
2024-11-30,,,,,,4.58,,,
2024-12-01,,,,,,4.58,,,
2024-12-02,127.1272,4.17,4.19,0.02,13.34,4.58,72.81,68.35,2559.0
2024-12-03,126.9565,4.17,4.23,0.06,13.3,4.58,74.8,70.15,2590.5
2024-12-04,126.7574,4.13,4.19,0.06,13.45,4.58,74.68,68.81,2625.25
2024-12-05,126.4286,4.15,4.17,0.02,13.54,4.58,73.78,68.58,2614.25
2024-12-06,126.688,4.1,4.15,0.05,12.77,4.58,73.78,68.58,2549.0
2024-12-07,,,,,,4.58,,,
2024-12-08,,,,,,4.58,,,
2024-12-09,126.5981,4.13,4.2,0.07,14.19,4.58,73.73,68.65,2524.5
2024-12-10,126.957,4.15,4.22,0.07,14.18,4.58,73.64,68.85,2518.25
2024-12-11,126.8483,4.15,4.26,0.11,13.58,4.58,74.38,70.57,2535.0
2024-12-12,126.9556,4.18,4.32,0.14,13.92,4.58,73.52,70.25,2535.5
2024-12-13,127.3096,4.25,4.4,0.15,13.81,4.58,74.89,71.54,2521.25
2024-12-14,,,,,,4.58,,,
2024-12-15,,,,,,4.58,,,
2024-12-16,127.2687,4.25,4.39,0.14,14.69,4.58,74.3,71.03,2488.75
2024-12-17,127.5043,4.25,4.4,0.15,15.87,4.58,73.16,70.31,2464.0
2024-12-18,127.6418,4.35,4.5,0.15,27.62,4.58,74.57,70.8,2467.0
2024-12-19,128.6366,4.32,4.57,0.25,24.09,4.33,73.75,70.1,2448.25
2024-12-20,127.893,4.3,4.52,0.22,18.36,4.33,73.19,69.71,2481.0
2024-12-21,,,,,,4.33,,,
2024-12-22,,,,,,4.33,,,
2024-12-23,128.3021,4.3,4.59,0.29,16.78,4.33,72.12,69.5,2477.25
2024-12-24,128.3377,4.29,4.59,0.3,14.27,4.33,73.5,70.87,2532.0
2024-12-25,,,,,,4.33,,,
2024-12-26,128.3329,4.3,4.58,0.28,14.73,4.33,,70.38,2507.0
2024-12-27,128.45,4.31,4.62,0.31,15.95,4.33,73.77,71.28,2530.0
2024-12-28,,,,,,4.33,,,
2024-12-29,,,,,,4.33,,,
2024-12-30,128.8205,4.24,4.55,0.31,17.4,4.33,74.24,71.73,2545.25
2024-12-31,129.2775,4.25,4.58,0.33,17.35,4.33,74.58,72.44,2521.75
2025-01-01,,,,,,4.33,,,
2025-01-02,129.4598,4.25,4.57,0.32,17.93,4.33,76.14,73.79,2498.25
2025-01-03,129.4535,4.28,4.6,0.32,16.13,4.33,76.72,74.64,2458.0
2025-01-04,,,,,,4.33,,,
2025-01-05,,,,,,4.33,,,
2025-01-06,128.538,4.28,4.62,0.34,16.04,4.33,77.27,74.31,2469.25
2025-01-07,128.613,4.3,4.67,0.37,17.82,4.33,77.84,74.99,2491.75
2025-01-08,129.0785,4.28,4.67,0.39,17.7,4.33,77.37,73.99,2467.0
2025-01-09,129.2827,4.27,4.68,0.41,18.07,4.33,78.44,,2507.5
2025-01-10,129.8664,4.4,4.77,0.37,19.54,4.33,79.76,77.27,2549.25
2025-01-11,,,,,,4.33,,,
2025-01-12,,,,,,4.33,,,
2025-01-13,130.0413,4.4,4.79,0.39,19.19,4.33,82.69,79.57,2568.5
2025-01-14,129.3812,4.37,4.78,0.41,18.71,4.33,82.39,78.2,2571.75
2025-01-15,129.2092,4.27,4.66,0.39,16.12,4.33,83.48,80.73,2608.25
2025-01-16,129.436,4.23,4.61,0.38,16.6,4.33,82.39,79.35,2655.5
2025-01-17,129.4859,4.27,4.61,0.34,15.97,4.33,83.02,78.56,2686.75
2025-01-18,,,,,,4.33,,,
2025-01-19,,,,,,4.33,,,
2025-01-20,,,,,15.81,4.33,81.68,,
2025-01-21,128.4151,4.29,4.57,0.28,15.06,4.33,80.57,76.79,2663.5
2025-01-22,128.3402,4.29,4.6,0.31,15.1,4.33,80.0,76.12,2638.5
2025-01-23,128.2162,4.29,4.65,0.36,15.02,4.33,78.62,75.03,2634.5
2025-01-24,127.4611,4.27,4.63,0.36,14.85,4.33,78.71,74.97,2657.75
2025-01-25,,,,,,4.33,,,
2025-01-26,,,,,,4.33,,,
2025-01-27,128.0912,4.17,4.53,0.36,17.9,4.33,77.3,73.51,2602.75
2025-01-28,128.2817,4.19,4.55,0.36,16.41,4.33,78.01,74.15,2563.0
2025-01-29,128.3418,4.21,4.55,0.34,16.56,4.33,77.02,72.94,2612.25
2025-01-30,128.1004,4.18,4.52,0.34,15.84,4.33,77.42,73.1,2618.75
2025-01-31,128.4828,4.22,4.58,0.36,16.43,4.33,77.11,72.84,2586.0
2025-02-01,,,,,,4.33,,,
2025-02-02,,,,,,4.33,,,
2025-02-03,129.109,4.26,4.54,0.28,18.62,4.33,76.49,73.52,2617.0
2025-02-04,128.1083,4.21,4.52,0.31,17.21,4.33,76.58,73.04,2631.0
2025-02-05,127.9751,4.17,4.43,0.26,15.77,4.33,74.71,71.39,2601.5
2025-02-06,128.2017,4.21,4.45,0.24,15.5,4.33,74.54,70.97,2620.75
2025-02-07,128.4292,4.29,4.49,0.2,16.54,4.33,74.68,71.32,2623.75
2025-02-08,,,,,,4.33,,,
2025-02-09,,,,,,4.33,,,
2025-02-10,128.6382,4.28,4.51,0.23,15.81,4.33,76.23,72.73,2636.25
2025-02-11,128.4322,4.29,4.54,0.25,16.02,4.33,77.65,73.67,2620.75
2025-02-12,128.3288,4.36,4.62,0.26,15.89,4.33,75.38,71.72,2587.5
2025-02-13,127.8931,4.31,4.52,0.21,15.1,4.33,75.61,71.66,2571.75
2025-02-14,127.1491,4.26,4.47,0.21,14.77,4.33,75.19,71.05,2612.25
2025-02-15,,,,,,4.33,,,
2025-02-16,,,,,,4.33,,,
2025-02-17,,,,,15.37,4.33,75.81,,
2025-02-18,127.2906,4.29,4.55,0.26,15.35,4.33,76.46,72.21,2638.25
2025-02-19,127.7317,4.28,4.53,0.25,15.27,4.33,76.34,72.58,2652.5
2025-02-20,127.1126,4.28,4.5,0.22,15.66,4.33,76.95,72.88,2692.25
2025-02-21,127.1408,4.19,4.42,0.23,18.21,4.33,74.88,70.72,2694.0
2025-02-22,,,,,,4.33,,,
2025-02-23,,,,,,4.33,,,
2025-02-24,127.1921,4.13,4.4,0.27,18.98,4.33,74.89,71.06,2620.25
2025-02-25,127.3752,4.07,4.3,0.23,19.43,4.33,73.11,69.15,2585.5
2025-02-26,127.2822,4.05,4.25,0.2,19.1,4.33,73.49,68.87,2597.25
2025-02-27,127.9704,4.07,4.29,0.22,21.13,4.33,75.01,70.62,2596.25
2025-02-28,128.2805,3.99,4.24,0.25,19.63,4.33,74.76,69.97,2561.5
2025-03-01,,,,,,4.33,,,
2025-03-02,,,,,,4.33,,,
2025-03-03,127.75,3.96,4.16,0.2,22.78,4.33,72.85,68.63,2567.75
2025-03-04,127.9966,3.96,4.22,0.26,23.51,4.33,72.31,68.47,2575.75
2025-03-05,126.504,3.99,4.28,0.29,21.93,4.33,70.92,66.58,2610.0
2025-03-06,126.1099,3.96,4.29,0.33,24.87,4.33,71.08,66.62,2656.75
2025-03-07,125.9814,3.99,4.32,0.33,23.37,4.33,72.49,67.29,2661.5
2025-03-08,,,,,,4.33,,,
2025-03-09,,,,,,4.33,,,
2025-03-10,126.268,3.89,4.22,0.33,27.86,4.33,71.08,66.31,2651.0
2025-03-11,126.0457,3.94,4.28,0.34,26.92,4.33,71.51,66.52,2649.0
2025-03-12,125.8664,4.01,4.32,0.31,24.23,4.33,72.36,67.65,2648.75
2025-03-13,126.0031,3.94,4.27,0.33,24.66,4.33,70.82,66.82,2645.25
2025-03-14,125.6942,4.02,4.31,0.29,21.77,4.33,71.94,67.43,2624.5
2025-03-15,,,,,,4.33,,,
2025-03-16,,,,,,4.33,,,
2025-03-17,125.3688,4.06,4.31,0.25,20.51,4.33,71.93,67.84,2633.25
2025-03-18,125.488,4.04,4.29,0.25,21.7,4.33,71.93,67.49,2596.75
2025-03-19,125.8006,3.99,4.25,0.26,19.9,4.33,71.94,67.4,2604.0
2025-03-20,125.985,3.95,4.24,0.29,19.8,4.33,72.61,68.55,2597.5
2025-03-21,126.2679,3.94,4.25,0.31,19.28,4.33,72.64,68.52,2553.5
2025-03-22,,,,,,4.33,,,
2025-03-23,,,,,,4.33,,,
2025-03-24,126.1956,4.04,4.34,0.3,17.48,4.33,73.96,69.46,2538.5
2025-03-25,126.0535,3.96,4.31,0.35,17.15,4.33,73.78,69.48,2526.75
2025-03-26,126.2364,3.98,4.35,0.37,18.33,4.33,74.6,70.05,2533.5
2025-03-27,126.3626,3.97,4.38,0.41,18.69,4.33,74.72,70.3,2479.0
2025-03-28,126.4187,3.89,4.27,0.38,21.65,4.33,74.69,69.74,2459.5
2025-03-29,,,,,,4.33,,,
2025-03-30,,,,,,4.33,,,
2025-03-31,126.7075,3.89,4.23,0.34,22.28,4.33,77.23,71.87,2432.25
2025-04-01,126.4338,3.87,4.17,0.3,21.77,4.33,77.78,71.61,2400.5
2025-04-02,126.3811,3.91,4.2,0.29,21.51,4.33,77.27,72.12,2366.5
2025-04-03,124.7316,3.71,4.06,0.35,30.02,4.33,72.54,67.43,2296.25
2025-04-04,125.8129,3.68,4.01,0.33,45.31,4.33,68.36,62.42,2209.5
2025-04-05,,,,,,4.33,,,
2025-04-06,,,,,,4.33,,,
2025-04-07,126.8282,3.73,4.15,0.42,46.98,4.33,66.13,61.05,2199.25
2025-04-08,126.8668,3.71,4.26,0.55,52.33,4.33,64.86,60.04,2190.75
2025-04-09,126.628,3.91,4.34,0.43,33.62,4.33,67.3,62.63,2166.25
2025-04-10,125.089,3.84,4.4,0.56,40.72,4.33,65.37,60.57,2251.0
2025-04-11,124.0163,3.96,4.48,0.52,37.56,4.33,66.83,61.91,2300.0
2025-04-12,,,,,,4.33,,,
2025-04-13,,,,,,4.33,,,
2025-04-14,123.6598,3.84,4.38,0.54,30.89,4.33,67.18,61.99,2306.75
2025-04-15,123.776,3.84,4.35,0.51,30.12,4.33,66.58,61.74,2317.5
2025-04-16,123.2724,3.77,4.29,0.52,32.64,4.33,67.94,62.88,2310.5
2025-04-17,123.1298,3.81,4.34,0.53,29.65,4.33,69.33,65.07,2307.5
2025-04-18,122.9865,,,,,4.33,,,
2025-04-19,,,,,,4.33,,,
2025-04-20,,,,,,4.33,,,
2025-04-21,122.3145,3.75,4.42,0.67,33.82,4.33,,63.48,2330.5
2025-04-22,122.4175,3.76,4.41,0.65,30.57,4.33,68.93,64.6,2303.25
2025-04-23,123.0252,3.81,4.4,0.59,28.45,4.33,68.26,62.64,2345.75
2025-04-24,122.9251,3.77,4.32,0.55,26.47,4.33,67.5,63.55,2390.0
2025-04-25,122.8858,3.74,4.29,0.55,24.84,4.33,66.99,63.85,2351.25
2025-04-26,,,,,,4.33,,,
2025-04-27,,,,,,4.33,,,
2025-04-28,122.7176,3.67,4.23,0.56,25.15,4.33,66.13,63.3,2347.5
2025-04-29,122.5944,3.65,4.19,0.54,24.17,4.33,64.04,61.84,2354.0
2025-04-30,122.5921,3.6,4.17,0.57,24.7,4.33,63.37,59.55,2292.75
2025-05-01,123.1405,3.7,4.25,0.55,24.6,4.33,62.37,60.59,2293.25
2025-05-02,122.4962,3.83,4.33,0.5,22.68,4.33,61.57,59.67,2307.75
2025-05-03,,,,,,4.33,,,
2025-05-04,,,,,,4.33,,,
2025-05-05,122.2613,3.83,4.36,0.53,23.64,4.33,,58.5,2306.75
2025-05-06,122.0417,3.78,4.3,0.52,24.76,4.33,62.37,60.42,2310.25
2025-05-07,122.117,3.78,4.26,0.48,23.55,4.33,60.31,59.42,2269.75
2025-05-08,122.7568,3.9,4.37,0.47,22.48,4.33,62.22,61.25,2294.25
2025-05-09,122.5191,3.88,4.37,0.49,21.9,4.33,64.26,62.37,2309.25
2025-05-10,,,,,,4.33,,,
2025-05-11,,,,,,4.33,,,
2025-05-12,123.4863,3.98,4.45,0.47,18.39,4.33,65.28,63.32,2382.0
2025-05-13,122.9583,4.02,4.49,0.47,18.22,4.33,66.93,65.04,2400.75
2025-05-14,122.6746,4.05,4.53,0.48,18.62,4.33,65.91,64.48,2457.25
2025-05-15,122.8174,3.96,4.45,0.49,17.83,4.33,64.36,63.03,2403.5
2025-05-16,123.0737,3.98,4.43,0.45,17.24,4.33,65.2,63.84,2389.75
2025-05-17,,,,,,4.33,,,
2025-05-18,,,,,,4.33,,,
2025-05-19,122.4186,3.97,4.46,0.49,18.14,4.33,66.25,63.98,2355.25
2025-05-20,122.3199,3.97,4.48,0.51,18.09,4.33,66.93,63.97,2372.25
2025-05-21,121.7496,4.0,4.58,0.58,20.87,4.33,65.86,62.93,2374.25
2025-05-22,122.0429,4.0,4.54,0.54,20.28,4.33,64.87,62.55,2350.25
2025-05-23,121.3837,4.0,4.51,0.51,22.29,4.33,65.41,62.89,2357.5
2025-05-24,,,,,,4.33,,,
2025-05-25,,,,,,4.33,,,
2025-05-26,,,,,20.57,4.33,,,
2025-05-27,121.6099,3.92,4.43,0.51,18.96,4.33,64.32,61.61,2373.5
2025-05-28,121.9888,3.96,4.47,0.51,19.31,4.33,65.72,62.54,2358.25
2025-05-29,121.5617,3.92,4.43,0.51,19.18,4.33,64.6,61.66,2344.25
2025-05-30,121.7674,3.89,4.41,0.52,18.57,4.33,64.32,61.46,2348.5
2025-05-31,,,,,,4.33,,,
2025-06-01,,,,,,4.33,,,
2025-06-02,121.1881,3.94,4.46,0.52,18.36,4.33,66.55,63.27,2381.75
2025-06-03,121.4592,3.96,4.46,0.5,17.69,4.33,67.48,64.1,2371.0
2025-06-04,121.0539,3.87,4.37,0.5,17.61,4.33,66.69,63.57,2390.75
2025-06-05,120.9596,3.92,4.4,0.48,18.48,4.33,67.14,64.06,2404.0
2025-06-06,121.161,4.04,4.51,0.47,16.77,4.33,68.02,65.3,2365.75
2025-06-07,,,,,,4.33,,,
2025-06-08,,,,,,4.33,,,
2025-06-09,120.9103,4.01,4.49,0.48,17.16,4.33,68.73,65.99,2394.75
2025-06-10,121.0485,4.01,4.47,0.46,16.95,4.33,68.41,65.66,2419.25
2025-06-11,120.587,3.94,4.41,0.47,17.26,4.33,71.29,68.91,2443.0
2025-06-12,120.1723,3.9,4.36,0.46,18.02,4.33,70.84,68.73,2439.75
2025-06-13,120.3245,3.96,4.41,0.45,20.82,4.33,76.0,73.84,2436.0
2025-06-14,,,,,,4.33,,,
2025-06-15,,,,,,4.33,,,
2025-06-16,120.1565,3.97,4.46,0.49,19.11,4.33,75.05,72.53,2441.0
2025-06-17,120.5048,3.94,4.39,0.45,21.6,4.33,78.7,75.62,2479.5
2025-06-18,120.7305,3.94,4.38,0.44,20.14,4.33,78.38,75.89,2503.75
2025-06-19,,,,,22.17,4.33,80.37,,
2025-06-20,121.0408,3.9,4.38,0.48,20.62,4.33,78.73,75.72,2470.75
2025-06-21,,,,,,4.33,,,
2025-06-22,,,,,,4.33,,,
2025-06-23,121.1694,3.84,4.34,0.5,19.83,4.33,74.34,69.36,2528.5
2025-06-24,120.3645,3.75,4.3,0.55,17.48,4.33,69.13,65.45,2507.75
2025-06-25,120.3336,3.74,4.29,0.55,16.76,4.33,68.4,65.98,2497.25
2025-06-26,119.6451,3.7,4.26,0.56,16.59,4.33,68.57,66.44,2510.5
2025-06-27,119.659,3.73,4.29,0.56,16.32,4.33,69.37,66.66,2507.5
2025-06-28,,,,,,4.33,,,
2025-06-29,,,,,,4.33,,,
2025-06-30,119.4088,3.72,4.24,0.52,16.73,4.33,68.15,66.3,2515.25
2025-07-01,119.3436,3.78,4.26,0.48,16.83,4.33,67.63,66.64,2518.25
2025-07-02,119.3037,3.78,4.3,0.52,16.64,4.33,70.8,68.66,2530.0
2025-07-03,119.2382,3.88,4.35,0.47,16.38,4.33,70.42,68.13,2524.75
2025-07-04,,,,,17.48,4.33,71.03,,
2025-07-05,,,,,,4.33,,,
2025-07-06,,,,,,4.33,,,
2025-07-07,119.6201,3.9,4.4,0.5,17.79,4.33,71.95,69.16,2467.25
2025-07-08,119.8371,3.9,4.42,0.52,16.81,4.33,72.5,69.55,2469.5
2025-07-09,119.7311,3.86,4.34,0.48,15.94,4.33,71.98,69.61,2486.25
2025-07-10,119.8343,3.86,4.35,0.49,15.78,4.33,70.38,67.78,2504.5
2025-07-11,119.9214,3.9,4.43,0.53,16.4,4.33,72.06,69.63,2491.25
2025-07-12,,,,,,4.33,,,
2025-07-13,,,,,,4.33,,,
2025-07-14,120.2209,3.9,4.43,0.53,17.2,4.33,70.96,68.19,2470.25
2025-07-15,120.5105,3.95,4.5,0.55,17.38,4.33,70.27,67.76,2447.5
2025-07-16,120.4175,3.88,4.46,0.58,17.16,4.33,69.67,67.13,2433.25
2025-07-17,120.6384,3.91,4.47,0.56,16.52,4.33,71.32,68.76,2428.75
2025-07-18,120.356,3.88,4.44,0.56,16.41,4.33,71.06,68.53,2507.25
2025-07-19,,,,,,4.33,,,
2025-07-20,,,,,,4.33,,,
2025-07-21,119.9961,3.85,4.38,0.53,16.65,4.33,71.92,68.39,2552.0
2025-07-22,119.681,3.83,4.35,0.52,16.5,4.33,69.69,67.56,2584.25
2025-07-23,119.5697,3.88,4.4,0.52,15.37,4.33,69.17,66.05,2566.75
2025-07-24,119.5664,3.91,4.43,0.52,15.39,4.33,70.42,67.16,2564.25
2025-07-25,119.9857,3.91,4.4,0.49,14.93,4.33,69.23,66.38,2546.5
2025-07-26,,,,,,4.33,,,
2025-07-27,,,,,,4.33,,,
2025-07-28,120.6149,3.91,4.42,0.51,15.03,4.33,70.87,67.81,2533.5
2025-07-29,120.9674,3.86,4.34,0.48,15.98,4.33,73.21,70.27,2507.0
2025-07-30,121.4042,3.94,4.38,0.44,15.48,4.33,73.98,71.09,2502.5
2025-07-31,121.721,3.94,4.37,0.43,16.72,4.33,73.43,70.36,2446.75
2025-08-01,121.2122,3.69,4.23,0.54,20.38,4.33,70.55,68.39,2432.0
2025-08-02,,,,,,4.33,,,
2025-08-03,,,,,,4.33,,,
2025-08-04,120.9859,3.69,4.22,0.53,17.52,4.33,69.56,67.33,2427.0
2025-08-05,120.9082,3.72,4.22,0.5,17.85,4.33,69.14,66.2,2432.75
2025-08-06,120.5082,3.69,4.22,0.53,16.77,4.33,67.97,65.38,2483.25
2025-08-07,120.5043,3.72,4.23,0.51,16.57,4.33,66.99,64.9,2500.0
2025-08-08,120.3329,3.76,4.27,0.51,15.15,4.33,67.17,64.94,2501.75
2025-08-09,,,,,,4.33,,,
2025-08-10,,,,,,4.33,,,
2025-08-11,120.6892,3.76,4.27,0.51,16.25,4.33,67.36,65.03,2469.5
2025-08-12,120.2736,3.72,4.29,0.57,14.73,4.33,66.8,64.22,2507.75
2025-08-13,120.13,3.67,4.24,0.57,14.49,4.33,66.25,63.68,2510.5
2025-08-14,120.6446,3.74,4.29,0.55,14.83,4.33,68.12,64.99,2501.5
2025-08-15,120.3377,3.75,4.33,0.58,15.09,4.33,67.3,63.78,2480.75
2025-08-16,,,,,,4.33,,,
2025-08-17,,,,,,4.33,,,
2025-08-18,120.5622,3.77,4.34,0.57,14.99,4.33,68.18,64.51,2458.5
2025-08-19,120.7224,3.75,4.3,0.55,15.57,4.33,66.62,63.38,2428.0
2025-08-20,120.7757,3.74,4.29,0.55,15.69,4.33,67.61,64.19,2459.75
2025-08-21,121.0843,3.79,4.33,0.54,16.6,4.33,68.41,64.56,2484.5
2025-08-22,120.2774,3.68,4.26,0.58,14.22,4.33,68.29,64.08,2505.25
2025-08-23,,,,,,4.33,,,
2025-08-24,,,,,,4.33,,,
2025-08-25,120.4214,3.73,4.28,0.55,14.79,4.33,,65.18,2527.0
2025-08-26,120.5274,3.61,4.26,0.65,14.62,4.33,66.89,63.6,2541.25
2025-08-27,120.7274,3.59,4.24,0.65,14.85,4.33,67.75,64.49,2506.0
2025-08-28,120.2595,3.62,4.22,0.6,14.43,4.33,68.61,64.96,2516.25
2025-08-29,120.2082,3.59,4.23,0.64,15.36,4.33,67.83,64.36,2514.75
2025-08-30,,,,,,4.33,,,
2025-08-31,,,,,,4.33,,,
2025-09-01,,,,,16.12,4.33,67.09,,
2025-09-02,120.6837,3.66,4.28,0.62,17.17,4.33,68.09,65.95,2514.5
2025-09-03,120.5052,3.61,4.22,0.61,16.35,4.33,67.76,64.36,2505.5
2025-09-04,120.7629,3.59,4.17,0.58,15.3,4.33,66.41,63.81,2488.75
2025-09-05,120.1282,3.51,4.1,0.59,15.18,4.33,64.92,62.22,2495.25
2025-09-06,,,,,,4.33,,,
2025-09-07,,,,,,4.33,,,
2025-09-08,120.0971,3.49,4.05,0.56,15.11,4.33,65.44,62.6,2511.0
2025-09-09,120.1569,3.54,4.08,0.54,15.04,4.33,67.97,62.97,2516.0
2025-09-10,120.1223,3.54,4.04,0.5,15.35,4.33,67.62,64.01,2518.25
2025-09-11,119.9534,3.52,4.01,0.49,14.71,4.33,67.25,62.71,2587.75
2025-09-12,120.0611,3.56,4.06,0.5,14.76,4.33,67.87,63.02,2583.75
2025-09-13,,,,,,4.33,,,
2025-09-14,,,,,,4.33,,,
2025-09-15,119.5644,3.54,4.05,0.51,15.69,4.33,67.88,63.66,2591.0
2025-09-16,119.1348,3.51,4.04,0.53,16.36,4.33,69.69,64.89,2614.75
2025-09-17,119.1582,3.52,4.06,0.54,15.72,4.33,69.19,64.41,2583.75
2025-09-18,119.6616,3.57,4.11,0.54,15.7,4.08,67.83,63.91,2579.0
2025-09-19,119.7858,3.57,4.14,0.57,15.45,4.08,67.05,63.02,2559.75
2025-09-20,,,,,,4.08,,,
2025-09-21,,,,,,4.08,,,
2025-09-22,119.8152,3.61,4.15,0.54,16.1,4.09,66.87,62.99,2530.25
2025-09-23,119.6202,3.53,4.12,0.59,16.64,4.09,67.96,63.76,2522.0
2025-09-24,120.1707,3.57,4.16,0.59,16.18,4.09,69.64,65.4,2533.5
2025-09-25,120.5419,3.64,4.18,0.54,16.74,4.09,70.48,65.51,2551.0
2025-09-26,120.4349,3.63,4.2,0.57,15.29,4.09,71.15,66.5,2544.75
2025-09-27,,,,,,4.09,,,
2025-09-28,,,,,,4.09,,,
2025-09-29,120.115,3.63,4.15,0.52,16.12,4.09,69.0,64.27,2583.5
2025-09-30,120.1368,3.6,4.16,0.56,16.28,4.09,68.52,63.17,2594.0
2025-10-01,120.1502,3.55,4.12,0.57,16.29,4.09,66.67,62.59,2597.5
2025-10-02,120.4296,3.55,4.1,0.55,16.63,4.09,65.44,61.28,2596.5
2025-10-03,120.0881,3.58,4.13,0.55,16.65,4.09,66.13,61.65,2612.75
2025-10-04,,,,,,4.09,,,
2025-10-05,,,,,,4.09,,,
2025-10-06,120.2722,3.6,4.18,0.58,16.37,4.09,67.09,62.49,2636.25
2025-10-07,120.4884,3.57,4.14,0.57,17.24,4.09,67.1,62.52,2662.0
2025-10-08,120.7766,3.58,4.13,0.55,16.3,4.1,67.42,63.37,2681.25
2025-10-09,121.0902,3.6,4.14,0.54,16.43,4.1,67.23,62.36,2727.75
2025-10-10,121.1163,3.52,4.05,0.53,21.66,4.1,64.41,59.75,2603.5
2025-10-11,,,,,,4.1,,,
2025-10-12,,,,,,4.1,,,
2025-10-13,,,,,19.03,4.1,64.15,,2653.5
2025-10-14,121.1822,3.48,4.03,0.55,20.81,4.1,63.0,59.52,2636.0
2025-10-15,120.8642,3.5,4.05,0.55,20.64,4.1,62.33,59.08,2643.0
2025-10-16,120.6698,3.41,3.99,0.58,25.31,4.11,61.08,58.29,2686.25
2025-10-17,120.7028,3.46,4.02,0.56,20.78,4.11,61.23,58.3,2683.0
2025-10-18,,,,,,4.11,,,
2025-10-19,,,,,,4.11,,,
2025-10-20,120.6209,3.46,4.0,0.54,18.23,4.11,60.71,58.34,2689.25
2025-10-21,120.8895,3.45,3.98,0.53,17.87,4.11,61.0,58.66,2681.25
2025-10-22,120.8958,3.45,3.97,0.52,18.6,4.11,62.28,59.3,2708.0
2025-10-23,120.9531,3.48,4.01,0.53,17.3,4.11,66.32,62.44,2768.75
2025-10-24,120.9345,3.48,4.02,0.54,16.37,4.11,65.8,62.27,2776.75
2025-10-25,,,,,,4.11,,,
2025-10-26,,,,,,4.11,,,
2025-10-27,120.7988,3.48,4.01,0.53,15.79,4.12,65.52,62.13,2800.25
2025-10-28,120.6361,3.47,3.99,0.52,16.42,4.12,64.03,60.97,2821.5
2025-10-29,120.5312,3.59,4.08,0.49,16.92,4.12,65.01,61.26,2829.25
2025-10-30,121.2832,3.61,4.11,0.5,16.91,3.87,65.11,61.36,2815.25
2025-10-31,121.3859,3.6,4.11,0.51,17.44,3.86,65.44,61.75,2824.75
2025-11-01,,,,,,3.86,,,
2025-11-02,,,,,,3.86,,,
2025-11-03,121.4512,3.6,4.13,0.53,17.17,3.87,65.79,61.79,2852.25
2025-11-04,121.8271,3.58,4.1,0.52,19.0,3.87,65.04,61.38,2778.25
2025-11-05,121.8482,3.63,4.17,0.54,18.01,3.87,63.54,60.4,2762.75
2025-11-06,121.6948,3.57,4.11,0.54,19.5,3.87,63.41,60.24,2771.5
2025-11-07,121.388,3.55,4.11,0.56,19.08,3.87,63.72,60.54,2775.0
2025-11-08,,,,,,3.87,,,
2025-11-09,,,,,,3.87,,,
2025-11-10,121.2984,3.58,4.13,0.55,17.6,3.87,63.01,60.94,2803.0
2025-11-11,,,,,17.28,3.87,63.86,,2786.0
2025-11-12,121.0458,3.56,4.08,0.52,17.51,3.87,61.88,59.3,2815.75
2025-11-13,120.7725,3.58,4.11,0.53,20.0,3.88,62.14,59.54,2830.0
2025-11-14,120.9666,3.62,4.14,0.52,19.83,3.88,63.45,60.87,2786.5
2025-11-15,,,,,,3.88,,,
2025-11-16,,,,,,3.88,,,
2025-11-17,121.1146,3.6,4.13,0.53,22.38,3.88,63.16,60.66,2732.25
2025-11-18,121.2127,3.58,4.12,0.54,24.69,3.88,64.86,61.51,2684.0
2025-11-19,121.4978,3.58,4.13,0.55,23.66,3.88,63.78,60.27,2713.5
2025-11-20,121.6889,3.55,4.1,0.55,26.42,3.88,63.64,60.07,2728.75
2025-11-21,121.8653,3.51,4.06,0.55,23.43,3.88,62.78,58.86,2695.25
2025-11-22,,,,,,3.88,,,
2025-11-23,,,,,,3.88,,,
2025-11-24,121.9171,3.46,4.04,0.58,20.52,3.88,64.83,59.11,2740.5
2025-11-25,121.6335,3.43,4.01,0.58,18.56,3.88,63.99,58.25,2725.0
2025-11-26,121.2437,3.45,4.0,0.55,17.19,3.88,64.81,58.81,2790.25
2025-11-27,,,,,17.21,3.88,64.18,,
2025-11-28,121.0527,3.47,4.02,0.55,16.35,3.89,64.07,58.58,2808.0
2025-11-29,,,,,,3.89,,,
2025-11-30,,,,,,3.89,,,
2025-12-01,120.9862,3.54,4.09,0.55,17.24,3.89,64.22,59.47,2843.25
2025-12-02,121.1467,3.51,4.09,0.58,16.59,3.89,63.37,58.81,2849.75
2025-12-03,120.7336,3.49,4.06,0.57,16.08,3.89,63.75,59.09,2867.5
2025-12-04,120.6766,3.52,4.11,0.59,15.78,3.89,64.15,59.82,2877.75
2025-12-05,120.6863,3.56,4.14,0.58,15.41,3.89,64.42,60.23,2861.0
2025-12-06,,,,,,3.89,,,
2025-12-07,,,,,,3.89,,,
2025-12-08,120.776,3.57,4.17,0.6,16.66,3.89,63.3,59.04,2837.25
2025-12-09,120.6832,3.61,4.18,0.57,16.93,3.89,62.62,58.4,2796.25
2025-12-10,120.6752,3.54,4.13,0.59,15.77,3.89,63.12,58.67,2804.5
2025-12-11,119.98,3.52,4.14,0.62,14.85,3.64,61.87,57.76,2825.0
2025-12-12,120.1442,3.52,4.19,0.67,15.74,3.64,62.11,57.61,2788.0
2025-12-13,,,,,,3.64,,,
2025-12-14,,,,,,3.64,,,
2025-12-15,119.9561,3.51,4.18,0.67,16.5,3.64,61.55,56.97,2763.5
2025-12-16,119.8902,3.48,4.15,0.67,16.48,3.64,59.93,55.44,2775.75
2025-12-17,120.155,3.49,4.16,0.67,17.62,3.64,60.61,56.07,2816.0
2025-12-18,120.0528,3.46,4.12,0.66,16.87,3.64,60.69,56.22,2823.75
2025-12-19,120.1652,3.48,4.16,0.68,14.91,3.64,61.35,56.8,2868.0
2025-12-20,,,,,,3.64,,,
2025-12-21,,,,,,3.64,,,
2025-12-22,119.9912,3.44,4.17,0.73,14.08,3.64,62.22,58.18,2850.25
2025-12-23,119.7057,3.48,4.18,0.7,14.0,3.64,63.7,58.55,2857.5
2025-12-24,119.4372,3.47,4.15,0.68,13.47,3.64,63.7,58.72,2865.75
2025-12-25,,,,,,3.64,,,
2025-12-26,119.4723,3.46,4.14,0.68,13.6,3.64,,56.6,2924.75
2025-12-27,,,,,,3.64,,,
2025-12-28,,,,,,3.64,,,
2025-12-29,119.5899,3.45,4.12,0.67,14.2,3.64,63.1,57.89,2835.5
2025-12-30,119.4939,3.45,4.14,0.69,14.33,3.64,62.3,57.79,2899.25
2025-12-31,119.7456,3.47,4.18,0.71,14.95,3.64,61.35,57.26,2906.25
2026-01-01,,,,,,3.64,,,
2026-01-02,119.6059,3.47,4.19,0.72,14.51,3.64,61.98,57.21,2938.0
2026-01-03,,,,,,3.64,,,
2026-01-04,,,,,,3.64,,,
2026-01-05,119.6192,3.46,4.17,0.71,14.9,3.64,63.0,58.1,3010.0
2026-01-06,119.7807,3.47,4.18,0.71,14.75,3.64,62.1,56.97,3053.75
2026-01-07,119.8719,3.47,4.15,0.68,15.38,3.64,61.08,56.01,2993.75
2026-01-08,120.0904,3.49,4.19,0.7,15.45,3.64,63.34,57.74,3001.25
2026-01-09,120.2215,3.54,4.18,0.64,14.49,3.64,65.11,58.96,3037.0
2026-01-10,,,,,,3.64,,,
2026-01-11,,,,,,3.64,,,
2026-01-12,119.9958,3.54,4.19,0.65,15.12,3.64,65.4,59.39,3086.25
2026-01-13,120.1401,3.53,4.18,0.65,15.98,3.64,67.58,60.85,3102.75
2026-01-14,119.9537,3.51,4.15,0.64,16.75,3.64,68.87,61.84,3086.75
2026-01-15,119.9951,3.56,4.17,0.61,15.84,3.64,66.16,59.13,3069.5
2026-01-16,120.0838,3.59,4.24,0.65,15.86,3.64,66.97,59.4,3034.75
2026-01-17,,,,,,3.64,,,
2026-01-18,,,,,,3.64,,,
2026-01-19,,,,,18.84,3.64,66.91,,
2026-01-20,119.4455,3.6,4.3,0.7,20.09,3.64,67.68,60.3,3015.75
2026-01-21,119.3431,3.6,4.26,0.66,16.9,3.64,66.72,60.38,3032.25
2026-01-22,119.1962,3.61,4.26,0.65,15.64,3.64,65.46,59.24,3060.75
2026-01-23,118.8976,3.6,4.24,0.64,16.09,3.64,68.16,60.7,3097.5
2026-01-24,,,,,,3.64,,,
2026-01-25,,,,,,3.64,,,
2026-01-26,118.0525,3.56,4.22,0.66,16.15,3.64,67.7,60.46,3137.0
2026-01-27,117.4523,3.53,4.24,0.71,16.35,3.64,70.28,62.04,3111.5
2026-01-28,117.5117,3.56,4.26,0.7,16.35,3.64,70.9,62.75,3165.75
2026-01-29,117.4396,3.53,4.24,0.71,16.88,3.64,71.0,64.77,3138.5
2026-01-30,117.8996,3.52,4.26,0.74,17.44,3.64,72.25,64.5,3034.5
2026-01-31,,,,,,3.64,,,
2026-02-01,,,,,,3.64,,,
2026-02-02,118.3609,3.57,4.29,0.72,16.34,3.64,67.72,61.6,2926.75
2026-02-03,117.9764,3.57,4.28,0.71,18.0,3.64,70.01,62.62,3015.0
2026-02-04,118.2602,3.57,4.29,0.72,18.64,3.64,71.15,64.56,2973.25
2026-02-05,118.5034,3.47,4.21,0.74,21.77,3.64,69.87,62.9,2925.25
2026-02-06,118.2407,3.5,4.22,0.72,17.76,3.64,70.45,63.77,3004.0
2026-02-07,,,,,,3.64,,,
2026-02-08,,,,,,3.64,,,
2026-02-09,117.6392,3.48,4.22,0.74,17.36,3.64,71.19,64.53,3028.75
2026-02-10,117.5216,3.45,4.16,0.71,17.79,3.64,71.01,64.2,3001.0
2026-02-11,117.4601,3.52,4.18,0.66,17.65,3.64,71.52,64.8,3023.0
2026-02-12,117.5376,3.47,4.09,0.62,20.82,3.64,69.8,63.08,3026.75
2026-02-13,117.5258,3.4,4.04,0.64,20.6,3.64,69.96,63.05,3015.75
2026-02-14,,,,,,3.64,,,
2026-02-15,,,,,,3.64,,,
2026-02-16,,,,,21.2,3.64,70.81,,
2026-02-17,117.7375,3.43,4.05,0.62,20.29,3.64,69.77,62.53,2971.5
2026-02-18,117.8426,3.47,4.09,0.62,19.62,3.64,71.78,65.33,3017.0
2026-02-19,118.2354,3.47,4.08,0.61,20.23,3.64,73.17,66.66,2992.5
2026-02-20,117.9917,3.48,4.08,0.6,19.09,3.64,72.75,66.69,3021.75
2026-02-21,,,,,,3.64,,,
2026-02-22,,,,,,3.64,,,
2026-02-23,117.9395,3.43,4.03,0.6,21.01,3.64,71.9,66.36,3014.75
2026-02-24,117.9463,3.43,4.04,0.61,19.55,3.64,71.21,65.62,3020.75
2026-02-25,117.769,3.45,4.05,0.6,17.93,3.64,70.69,65.3,3081.75
2026-02-26,117.9042,3.42,4.02,0.6,18.63,3.64,71.66,65.1,3071.75
2026-02-27,117.8223,3.38,3.97,0.59,19.86,3.64,71.32,66.96,3044.25
2026-02-28,,,,,,3.64,,,
2026-03-01,,,,,,3.64,,,
2026-03-02,118.667,3.47,4.05,0.58,21.44,3.64,77.24,71.13,3109.25
2026-03-03,119.4341,3.51,4.06,0.55,23.57,3.64,83.28,74.48,3165.75
2026-03-04,119.0705,3.54,4.09,0.55,21.15,3.64,81.56,74.58,3279.75
2026-03-05,119.5683,3.57,4.13,0.56,23.75,3.64,88.59,80.88,3215.75
2026-03-06,119.491,3.56,4.15,0.59,29.49,3.64,95.74,90.77,3327.5
2026-03-07,,,,,,3.64,,,
2026-03-08,,,,,,3.64,,,
2026-03-09,119.5151,3.56,4.12,0.56,25.5,3.64,94.35,94.65,3292.0
2026-03-10,118.7255,3.57,4.15,0.58,24.93,3.64,89.84,83.71,3322.0
2026-03-11,119.2885,3.64,4.21,0.57,24.23,3.64,90.98,86.8,3369.5
2026-03-12,119.8227,3.76,4.27,0.51,27.29,3.64,102.38,95.61,3464.0
2026-03-13,120.5518,3.73,4.28,0.55,27.19,3.64,103.23,98.48,3383.25
2026-03-14,,,,,,3.64,,,
2026-03-15,,,,,,3.64,,,
2026-03-16,120.097,3.68,4.23,0.55,23.51,3.64,101.04,93.39,3289.5
2026-03-17,119.8328,3.68,4.2,0.52,22.37,3.64,108.39,96.01,3291.5
2026-03-18,119.9276,3.76,4.26,0.5,25.09,3.64,118.09,96.12,3282.25
2026-03-19,120.1802,3.79,4.25,0.46,24.06,3.64,111.05,96.11,3119.75
2026-03-20,120.2757,3.88,4.39,0.51,26.78,3.64,118.42,98.71,3102.0
2026-03-21,,,,,,3.64,,,
2026-03-22,,,,,,3.64,,,
2026-03-23,119.9371,3.83,4.34,0.51,26.15,3.64,103.79,89.33,3076.0
2026-03-24,120.1295,3.9,4.39,0.49,26.95,3.64,108.42,93.18,3138.0
2026-03-25,120.1282,3.84,4.33,0.49,25.33,3.64,109.14,91.51,3135.0
2026-03-26,120.389,3.96,4.42,0.46,27.44,3.64,113.39,96.18,3161.5
2026-03-27,120.8851,3.88,4.44,0.56,31.05,3.64,121.47,101.26,3187.5
2026-03-28,,,,,,3.64,,,
2026-03-29,,,,,,3.64,,,
2026-03-30,121.2851,3.82,4.35,0.53,30.61,3.64,121.88,104.69,3336.25
2026-03-31,121.035,3.79,4.3,0.51,25.25,3.64,126.69,102.86,3405.5
2026-04-01,120.1198,3.81,4.33,0.52,24.54,3.64,119.56,101.9,3452.25
2026-04-02,120.503,3.79,4.31,0.52,23.87,3.64,127.61,113.23,3411.0
2026-04-03,120.6565,3.84,4.35,0.51,,3.64,,,
2026-04-04,,,,,,3.64,,,
2026-04-05,,,,,,3.64,,,
2026-04-06,120.4302,3.84,4.34,0.5,24.17,3.64,,114.01,3422.0
2026-04-07,120.32,3.81,4.33,0.52,25.78,3.64,138.21,114.58,3396.75
2026-04-08,119.0596,3.79,4.29,0.5,21.04,3.64,122.11,96.17,3374.25
2026-04-09,118.8998,3.78,4.29,0.51,19.49,3.64,119.03,99.62,3373.75
2026-04-10,118.8552,3.81,4.31,0.5,19.23,3.64,119.07,98.34,3429.75
2026-04-11,,,,,,3.64,,,
2026-04-12,,,,,,3.64,,,
2026-04-13,118.9916,3.78,4.3,0.52,19.12,3.64,123.28,100.72,3582.0
2026-04-14,118.3581,3.76,4.26,0.5,18.36,3.64,118.69,93.07,3572.75
2026-04-15,118.3623,3.76,4.29,0.53,18.17,3.64,114.93,93.04,3613.75
2026-04-16,118.3616,3.78,4.32,0.54,17.94,3.64,116.63,96.46,3647.75
2026-04-17,118.0795,3.71,4.26,0.55,17.48,3.64,98.63,85.91,3596.75
2026-04-18,,,,,,3.64,,,
2026-04-19,,,,,,3.64,,,
2026-04-20,118.2374,3.72,4.26,0.54,18.87,3.64,103.4,91.06,3546.0
2026-04-21,118.4331,3.78,4.3,0.52,19.5,3.64,106.14,93.64,3555.25
2026-04-22,118.6004,3.79,4.3,0.51,18.92,3.64,113.44,94.76,3599.0
2026-04-23,118.7155,3.83,4.34,0.51,19.31,3.64,113.25,99.27,3616.75
2026-04-24,118.7294,3.78,4.31,0.53,18.71,3.64,111.86,98.42,3607.75
2026-04-25,,,,,,3.64,,,
2026-04-26,,,,,,3.64,,,
2026-04-27,118.5458,3.78,4.35,0.57,18.02,3.64,113.89,99.89,3579.75
2026-04-28,118.7717,3.84,4.36,0.52,17.83,3.64,117.62,103.45,3557.5
2026-04-29,119.0975,3.92,4.42,0.5,18.81,3.64,124.16,110.47,3466.75
2026-04-30,118.671,3.88,4.4,0.52,16.89,3.64,124.24,108.64,3450.5
2026-05-01,118.3926,3.88,4.39,0.51,16.99,3.64,118.26,105.38,3496.25
2026-05-02,,,,,,3.64,,,
2026-05-03,,,,,,3.64,,,
2026-05-04,118.8264,3.95,4.45,0.5,18.29,3.64,,109.76,3489.5
2026-05-05,118.6207,3.93,4.43,0.5,17.38,3.64,114.51,105.66,3565.25
2026-05-06,118.0982,3.87,4.36,0.49,17.39,3.64,103.7,98.75,3498.0
2026-05-07,118.0116,3.92,4.41,0.49,17.08,3.63,101.82,98.38,3480.0
2026-05-08,118.0392,3.9,4.38,0.48,17.19,3.63,103.48,98.87,3507.0
2026-05-09,,,,,,3.63,,,
2026-05-10,,,,,,3.63,,,
2026-05-11,118.0562,3.95,4.42,0.47,18.38,3.63,106.11,101.56,3592.5
2026-05-12,118.5238,4.0,4.46,0.46,17.99,3.63,111.37,105.78,3652.5
2026-05-13,118.4737,3.98,4.46,0.48,17.87,3.63,110.28,104.52,3837.75
2026-05-14,118.6696,4.0,4.47,0.47,17.26,3.63,110.91,104.66,3892.0
2026-05-15,119.2825,4.09,4.59,0.5,18.43,3.63,113.96,108.99,3791.5
2026-05-16,,,,,,3.63,,,
2026-05-17,,,,,,3.63,,,
2026-05-18,119.0574,4.07,4.61,0.54,17.82,3.63,116.73,112.25,3850.0
2026-05-19,119.451,4.13,4.67,0.54,18.06,3.62,114.64,112.09,3874.0
2026-05-20,119.1624,4.04,4.57,0.53,17.44,3.62,108.93,101.69,3910.75
2026-05-21,119.369,4.08,4.57,0.49,16.76,3.62,105.84,100.2,3941.0
2026-05-22,119.2868,4.13,4.56,0.43,16.7,3.62,106.9,100.35,3963.5
2026-05-23,,,,,,3.62,,,
2026-05-24,,,,,,3.62,,,
2026-05-25,,,,,16.59,3.62,,,
2026-05-26,119.1696,4.01,4.5,0.49,17.01,3.62,102.75,97.63,4046.0
2026-05-27,119.1829,4.0,4.48,0.48,16.29,3.62,97.11,92.35,4195.0
2026-05-28,119.0318,3.99,4.45,0.46,15.74,3.62,95.47,92.65,3911.25
2026-05-29,118.8783,3.98,4.45,0.47,15.32,3.62,92.88,91.16,3917.75
2026-05-30,,,,,,3.62,,,
2026-05-31,,,,,,3.62,,,
2026-06-01,119.1653,4.05,4.47,0.42,16.05,3.62,98.29,95.96,3980.75
2026-06-02,119.0359,4.05,4.46,0.41,15.77,3.62,98.49,97.47,4054.25
2026-06-03,119.3848,4.08,4.49,0.41,16.06,3.62,101.69,99.76,4026.25
2026-06-04,119.3615,4.05,4.47,0.42,15.4,3.62,98.98,96.83,3996.75
2026-06-05,120.0831,4.17,4.55,0.38,21.51,3.62,97.29,94.32,3950.25
2026-06-06,,,,,,3.62,,,
2026-06-07,,,,,,3.62,,,
2026-06-08,120.034,4.15,4.56,0.41,18.92,3.62,97.46,95.0,3953.5
2026-06-09,119.9617,4.13,4.53,0.4,19.87,3.62,94.15,91.9,3881.5
2026-06-10,119.9134,4.13,4.55,0.42,22.22,3.62,95.73,93.68,3779.75
2026-06-11,120.1174,4.05,4.45,0.4,19.44,3.62,92.84,91.58,3794.5
2026-06-12,119.5073,4.09,4.48,0.39,17.68,3.62,88.64,88.62,3858.75
2026-06-13,,,,,,3.62,,,
2026-06-14,,,,,,3.62,,,
2026-06-15,119.3158,4.07,4.47,0.4,16.2,3.63,84.36,84.65,3696.0
2026-06-16,119.256,4.05,4.43,0.38,16.41,3.63,,,3691.0
2026-06-17,119.3871,4.2,4.49,0.29,18.44,3.63,,,3719.0
2026-06-18,120.3958,4.19,4.46,0.27,16.4,3.63,,,3693.75
2026-06-19,,,,,16.78,3.63,,,
2026-06-20,,,,,,3.63,,,
2026-06-21,,,,,,3.63,,,
2026-06-22,,4.24,4.51,0.27,17.28,3.63,,,3860.75
2026-06-23,,,,0.34,19.49,,,,3738.75
2026-06-24,,,,,,,,,3227.75
