date,close,actual_up,predicted_p_up,predicted_dir,confidence,correct
2018-06-07,907.0,1,0.55,UP,0.050000000000000044,1
2018-06-08,909.0,1,0.2,DOWN,0.3,0
2018-06-11,910.0,1,0.2,DOWN,0.3,0
2018-06-12,911.0,0,0.4230769230769231,DOWN,0.07692307692307693,1
2018-06-13,905.0,0,0.0023169557699348345,DOWN,0.49768304423006515,1
2018-06-14,904.0,0,0.4230769230769231,DOWN,0.07692307692307693,1
2018-06-15,904.0,1,0.2,DOWN,0.3,0
2018-06-18,905.0,0,0.4230769230769231,DOWN,0.07692307692307693,1
2018-06-19,900.0,1,0.4230769230769231,DOWN,0.07692307692307693,0
2018-06-20,902.0,0,0.2,DOWN,0.3,1
2018-06-21,900.0,1,0.2,DOWN,0.3,0
2018-06-22,902.0,0,0.2,DOWN,0.3,1
2018-06-25,900.0,0,0.4230769230769231,DOWN,0.07692307692307693,1
2018-06-26,900.0,1,0.55,UP,0.050000000000000044,1
2018-06-27,907.0,1,0.55,UP,0.050000000000000044,1
2018-06-28,911.0,0,0.4230769230769231,DOWN,0.07692307692307693,1
2018-06-29,910.0,0,0.4230769230769231,DOWN,0.07692307692307693,1
2018-07-02,910.0,1,0.16666666666666666,DOWN,0.33333333333333337,0
2018-07-03,920.0,0,0.4230769230769231,DOWN,0.07692307692307693,1
2018-07-05,912.0,0,0.0,DOWN,0.5,1
2018-07-06,912.0,0,0.2,DOWN,0.3,1
2018-07-09,912.0,0,0.2,DOWN,0.3,1
2018-07-10,912.0,1,0.4230769230769231,DOWN,0.07692307692307693,0
2018-07-11,916.0,1,0.4230769230769231,DOWN,0.07692307692307693,0
2018-07-12,918.0,0,0.4230769230769231,DOWN,0.07692307692307693,1
2018-07-13,917.0,0,0.4230769230769231,DOWN,0.07692307692307693,1
2018-07-16,917.0,1,0.4230769230769231,DOWN,0.07692307692307693,0
2018-07-17,919.0,0,0.4230769230769231,DOWN,0.07692307692307693,1
2018-07-18,919.0,0,0.4230769230769231,DOWN,0.07692307692307693,1
2018-07-19,912.0,1,0.4230769230769231,DOWN,0.07692307692307693,0
2018-07-20,919.0,0,0.4230769230769231,DOWN,0.07692307692307693,1
2018-07-23,916.0,0,0.4230769230769231,DOWN,0.07692307692307693,1
2018-07-24,916.0,0,0.4230769230769231,DOWN,0.07692307692307693,1
2018-07-25,891.0,0,0.4230769230769231,DOWN,0.07692307692307693,1
2018-07-26,887.0,0,0.4230769230769231,DOWN,0.07692307692307693,1
2018-07-27,887.0,1,0.4230769230769231,DOWN,0.07692307692307693,0
2018-07-30,889.0,1,0.4230769230769231,DOWN,0.07692307692307693,0
2018-07-31,895.0,1,0.4230769230769231,DOWN,0.07692307692307693,0
2018-08-01,897.0,0,0.4230769230769231,DOWN,0.07692307692307693,1
2018-08-02,895.0,0,0.2,DOWN,0.3,1
2018-08-03,894.0,0,0.16666666666666666,DOWN,0.33333333333333337,1
2018-08-06,892.0,0,0.19952566872532831,DOWN,0.3004743312746717,1
2018-08-07,892.0,1,0.4230769230769231,DOWN,0.07692307692307693,0
2018-08-08,895.0,1,0.4230769230769231,DOWN,0.07692307692307693,0
2018-08-09,898.0,1,0.4230769230769231,DOWN,0.07692307692307693,0
2018-08-10,901.0,0,0.5406948809785217,UP,0.0406948809785217,0
2018-08-13,897.0,0,0.4230769230769231,DOWN,0.07692307692307693,1
2018-08-14,896.0,1,0.4230769230769231,DOWN,0.07692307692307693,0
2018-08-15,901.0,1,0.2,DOWN,0.3,0
2018-08-16,904.0,0,0.4230769230769231,DOWN,0.07692307692307693,1
2018-08-17,902.0,0,0.16666666666666666,DOWN,0.33333333333333337,1
2018-08-20,902.0,0,0.2,DOWN,0.3,1
2018-08-21,898.0,1,0.2,DOWN,0.3,0
2018-08-22,901.0,0,0.4230769230769231,DOWN,0.07692307692307693,1
2018-08-23,901.0,0,0.4230769230769231,DOWN,0.07692307692307693,1
2018-08-24,901.0,1,0.16666666666666666,DOWN,0.33333333333333337,0
2018-08-27,903.0,0,0.12897532393047761,DOWN,0.3710246760695224,1
2018-08-28,900.0,0,0.2,DOWN,0.3,1
2018-08-29,863.0,0,0.16666666666666666,DOWN,0.33333333333333337,1
2018-08-30,861.0,1,0.2,DOWN,0.3,0
2018-08-31,865.0,0,0.4230769230769231,DOWN,0.07692307692307693,1
2018-09-04,860.0,1,0.4230769230769231,DOWN,0.07692307692307693,0
2018-09-05,863.0,1,0.2,DOWN,0.3,0
2018-09-06,865.0,0,0.25,DOWN,0.25,1
2018-09-07,865.0,1,0.14715363401202128,DOWN,0.3528463659879787,0
2018-09-10,867.0,0,0.4,DOWN,0.09999999999999998,1
2018-09-11,863.0,1,0.4,DOWN,0.09999999999999998,0
2018-09-12,865.0,0,0.2608695652173913,DOWN,0.2391304347826087,1
2018-09-13,865.0,0,0.2608695652173913,DOWN,0.2391304347826087,1
2018-09-14,862.0,0,0.4,DOWN,0.09999999999999998,1
2018-09-17,862.0,0,0.25,DOWN,0.25,1
2018-09-18,860.0,1,0.4,DOWN,0.09999999999999998,0
2018-09-19,861.0,0,0.6,UP,0.09999999999999998,0
2018-09-20,859.0,1,0.4,DOWN,0.09999999999999998,0
2018-09-21,864.0,1,0.9463967646031949,UP,0.4463967646031949,1
2018-09-24,867.0,0,0.6,UP,0.09999999999999998,0
2018-09-25,862.0,0,0.6590496465806982,UP,0.1590496465806982,0
2018-09-26,842.0,0,0.6115800222879048,UP,0.11158002228790476,0
2018-09-27,840.0,1,0.2608695652173913,DOWN,0.2391304347826087,0
2018-09-28,841.0,0,0.4,DOWN,0.09999999999999998,1
2018-10-01,841.0,0,0.6666666666666666,UP,0.16666666666666663,0
2018-10-02,836.0,0,0.4,DOWN,0.09999999999999998,1
2018-10-03,833.0,0,0.25,DOWN,0.25,1
2018-10-04,830.0,0,0.25,DOWN,0.25,1
2018-10-05,828.0,0,0.25,DOWN,0.25,1
2018-10-08,828.0,0,0.2608695652173913,DOWN,0.2391304347826087,1
2018-10-09,828.0,1,0.4,DOWN,0.09999999999999998,0
2018-10-10,830.0,0,0.6493169966678176,UP,0.14931699666781761,0
2018-10-11,830.0,1,0.4,DOWN,0.09999999999999998,0
2018-10-12,835.0,0,0.6666666666666666,UP,0.16666666666666663,0
2018-10-15,834.0,0,0.4,DOWN,0.09999999999999998,1
2018-10-16,830.0,0,0.6027871493427555,UP,0.10278714934275546,0
2018-10-17,825.0,0,0.6159113992067272,UP,0.11591139920672722,0
2018-10-18,822.0,1,0.4,DOWN,0.09999999999999998,0
2018-10-19,826.0,1,0.4,DOWN,0.09999999999999998,0
2018-10-22,831.0,0,0.4,DOWN,0.09999999999999998,1
2018-10-23,829.0,0,0.2608695652173913,DOWN,0.2391304347826087,1
2018-10-24,829.0,1,0.4,DOWN,0.09999999999999998,0
2018-10-25,831.0,1,0.0,DOWN,0.5,0
2018-10-26,835.0,0,0.2608695652173913,DOWN,0.2391304347826087,1
2018-10-29,834.0,0,0.2608695652173913,DOWN,0.2391304347826087,1
2018-10-30,834.0,0,0.6,UP,0.09999999999999998,0
2018-10-31,831.0,0,0.6,UP,0.09999999999999998,0
2018-11-01,825.0,1,0.6,UP,0.09999999999999998,1
2018-11-02,827.0,0,0.4,DOWN,0.09999999999999998,1
2018-11-05,824.0,0,0.4,DOWN,0.09999999999999998,1
2018-11-06,823.0,0,1.0,UP,0.5,0
2018-11-07,817.0,0,0.4,DOWN,0.09999999999999998,1
2018-11-08,816.0,0,0.41473070152693736,DOWN,0.08526929847306264,1
2018-11-09,812.0,0,0.6,UP,0.09999999999999998,0
2018-11-12,812.0,1,0.4,DOWN,0.09999999999999998,0
2018-11-13,813.0,0,0.4,DOWN,0.09999999999999998,1
2018-11-14,800.0,1,0.2608695652173913,DOWN,0.2391304347826087,0
2018-11-15,801.0,0,0.2608695652173913,DOWN,0.2391304347826087,1
2018-11-16,800.0,0,0.25,DOWN,0.25,1
2018-11-19,795.0,0,0.25,DOWN,0.25,1
2018-11-20,795.0,1,0.390025000214435,DOWN,0.10997499978556502,0
2018-11-21,803.0,0,0.4,DOWN,0.09999999999999998,1
2018-11-23,798.0,1,0.2608695652173913,DOWN,0.2391304347826087,0
2018-11-26,805.0,1,0.2608695652173913,DOWN,0.2391304347826087,0
2018-11-27,808.0,0,0.2608695652173913,DOWN,0.2391304347826087,1
2018-11-28,771.0,1,0.532561700400701,UP,0.032561700400701055,1
2018-11-29,773.0,0,0.2608695652173913,DOWN,0.2391304347826087,1
2018-11-30,771.0,1,0.2608695652173913,DOWN,0.2391304347826087,0
2018-12-03,778.0,0,0.6955580640255371,UP,0.1955580640255371,0
2018-12-04,771.0,0,0.4,DOWN,0.09999999999999998,1
2018-12-06,761.0,0,0.3953488372093023,DOWN,0.1046511627906977,1
2018-12-07,760.0,0,0.3953488372093023,DOWN,0.1046511627906977,1
2018-12-10,760.0,0,0.3333333333333333,DOWN,0.16666666666666669,1
2018-12-11,760.0,0,0.3953488372093023,DOWN,0.1046511627906977,1
2018-12-12,755.0,0,0.23809523809523808,DOWN,0.2619047619047619,1
2018-12-13,755.0,1,0.3333333333333333,DOWN,0.16666666666666669,0
2018-12-14,758.0,0,0.23809523809523808,DOWN,0.2619047619047619,1
2018-12-17,750.0,1,0.3953488372093023,DOWN,0.1046511627906977,0
2018-12-18,751.0,0,0.3953488372093023,DOWN,0.1046511627906977,1
2018-12-19,749.0,1,0.3333333333333333,DOWN,0.16666666666666669,0
2018-12-20,753.0,0,0.3953488372093023,DOWN,0.1046511627906977,1
2018-12-21,753.0,0,0.3333333333333333,DOWN,0.16666666666666669,1
2018-12-24,753.0,0,0.3953488372093023,DOWN,0.1046511627906977,1
2018-12-26,717.0,1,0.3953488372093023,DOWN,0.1046511627906977,0
2018-12-27,723.0,0,0.3333333333333333,DOWN,0.16666666666666669,1
2018-12-28,722.0,0,0.23809523809523808,DOWN,0.2619047619047619,1
2018-12-31,721.0,0,0.3333333333333333,DOWN,0.16666666666666669,1
2019-01-02,721.0,0,0.23809523809523808,DOWN,0.2619047619047619,1
2019-01-03,719.0,0,0.23809523809523808,DOWN,0.2619047619047619,1
2019-01-04,717.0,0,0.23809523809523808,DOWN,0.2619047619047619,1
2019-01-07,716.0,1,0.23809523809523808,DOWN,0.2619047619047619,0
2019-01-08,718.0,1,0.23809523809523808,DOWN,0.2619047619047619,0
2019-01-09,726.0,0,0.3953488372093023,DOWN,0.1046511627906977,1
2019-01-10,726.0,0,0.3333333333333333,DOWN,0.16666666666666669,1
2019-01-11,726.0,0,0.23809523809523808,DOWN,0.2619047619047619,1
2019-01-14,720.0,0,0.23809523809523808,DOWN,0.2619047619047619,1
2019-01-15,718.0,0,0.3333333333333333,DOWN,0.16666666666666669,1
2019-01-16,715.0,1,0.3333333333333333,DOWN,0.16666666666666669,0
2019-01-17,718.0,0,0.3333333333333333,DOWN,0.16666666666666669,1
2019-01-18,718.0,0,0.23809523809523808,DOWN,0.2619047619047619,1
2019-01-22,717.0,0,0.3333333333333333,DOWN,0.16666666666666669,1
2019-01-23,716.0,0,0.3333333333333333,DOWN,0.16666666666666669,1
2019-01-24,716.0,0,0.23809523809523808,DOWN,0.2619047619047619,1
2019-01-25,715.0,0,0.23809523809523808,DOWN,0.2619047619047619,1
2019-01-28,714.0,0,0.23809523809523808,DOWN,0.2619047619047619,1
2019-01-29,711.0,0,0.4322958761169246,DOWN,0.0677041238830754,1
2019-01-30,696.0,0,0.5634487354828227,UP,0.0634487354828227,0
2019-01-31,694.0,0,0.3953488372093023,DOWN,0.1046511627906977,1
2019-02-01,693.0,0,0.3953488372093023,DOWN,0.1046511627906977,1
2019-02-04,687.0,0,0.3546977025889005,DOWN,0.1453022974110995,1
2019-02-05,687.0,0,0.3953488372093023,DOWN,0.1046511627906977,1
2019-02-06,685.0,1,0.3953488372093023,DOWN,0.1046511627906977,0
2019-02-07,687.0,0,0.3333333333333333,DOWN,0.16666666666666669,1
2019-02-08,685.0,0,0.23809523809523808,DOWN,0.2619047619047619,1
2019-02-11,685.0,0,0.23809523809523808,DOWN,0.2619047619047619,1
2019-02-12,684.0,0,0.3333333333333333,DOWN,0.16666666666666669,1
2019-02-13,680.0,0,0.3333333333333333,DOWN,0.16666666666666669,1
2019-02-14,678.0,0,0.23809523809523808,DOWN,0.2619047619047619,1
2019-02-15,678.0,1,0.23809523809523808,DOWN,0.2619047619047619,0
2019-02-19,680.0,0,0.23809523809523808,DOWN,0.2619047619047619,1
2019-02-20,675.0,0,0.23809523809523808,DOWN,0.2619047619047619,1
2019-02-21,675.0,0,0.23809523809523808,DOWN,0.2619047619047619,1
2019-02-22,675.0,0,0.23809523809523808,DOWN,0.2619047619047619,1
2019-02-25,675.0,1,0.23809523809523808,DOWN,0.2619047619047619,0
2019-02-26,680.0,1,0.3953488372093023,DOWN,0.1046511627906977,0
2019-02-27,712.0,1,0.3953488372093023,DOWN,0.1046511627906977,0
2019-02-28,714.0,0,0.23809523809523808,DOWN,0.2619047619047619,1
2019-03-01,710.0,0,0.23809523809523808,DOWN,0.2619047619047619,1
2019-03-04,709.0,0,0.3333333333333333,DOWN,0.16666666666666669,1
2019-03-05,709.0,0,0.33417643672943736,DOWN,0.16582356327056264,1
2019-03-06,700.0,0,0.3953488372093023,DOWN,0.1046511627906977,1
2019-03-07,700.0,1,0.3333333333333333,DOWN,0.16666666666666669,0
2019-03-08,705.0,0,0.3953488372093023,DOWN,0.1046511627906977,1
2019-03-11,705.0,0,0.2857142857142857,DOWN,0.2142857142857143,1
2019-03-12,703.0,1,0.2857142857142857,DOWN,0.2142857142857143,0
2019-03-13,705.0,0,0.2857142857142857,DOWN,0.2142857142857143,1
2019-03-14,700.0,0,0.2857142857142857,DOWN,0.2142857142857143,1
2019-03-15,700.0,0,0.1111111111111111,DOWN,0.3888888888888889,1
2019-03-18,700.0,0,0.2857142857142857,DOWN,0.2142857142857143,1
2019-03-19,700.0,0,0.2857142857142857,DOWN,0.2142857142857143,1
2019-03-20,697.0,0,0.2857142857142857,DOWN,0.2142857142857143,1
2019-03-21,697.0,0,0.2857142857142857,DOWN,0.2142857142857143,1
2019-03-22,697.0,0,0.2857142857142857,DOWN,0.2142857142857143,1
2019-03-25,697.0,1,0.2857142857142857,DOWN,0.2142857142857143,0
2019-03-26,699.0,1,0.2857142857142857,DOWN,0.2142857142857143,0
2019-03-27,708.0,0,0.2857142857142857,DOWN,0.2142857142857143,1
2019-03-28,699.0,0,0.2857142857142857,DOWN,0.2142857142857143,1
2019-03-29,697.0,0,0.2857142857142857,DOWN,0.2142857142857143,1
2019-04-01,693.0,1,0.2857142857142857,DOWN,0.2142857142857143,0
2019-04-02,699.0,0,0.2857142857142857,DOWN,0.2142857142857143,1
2019-04-03,689.0,0,0.2857142857142857,DOWN,0.2142857142857143,1
2019-04-04,687.0,0,0.2857142857142857,DOWN,0.2142857142857143,1
2019-04-05,687.0,0,0.2857142857142857,DOWN,0.2142857142857143,1
2019-04-08,685.0,0,0.2857142857142857,DOWN,0.2142857142857143,1
2019-04-09,685.0,0,0.2857142857142857,DOWN,0.2142857142857143,1
2019-04-10,684.0,0,0.2857142857142857,DOWN,0.2142857142857143,1
2019-04-11,683.0,1,0.2857142857142857,DOWN,0.2142857142857143,0
2019-04-12,687.0,0,0.2857142857142857,DOWN,0.2142857142857143,1
2019-04-15,686.0,1,0.2857142857142857,DOWN,0.2142857142857143,0
2019-04-16,690.0,0,0.2857142857142857,DOWN,0.2142857142857143,1
2019-04-17,687.0,0,0.2857142857142857,DOWN,0.2142857142857143,1
2019-04-18,687.0,0,0.1111111111111111,DOWN,0.3888888888888889,1
2019-04-22,687.0,0,0.2857142857142857,DOWN,0.2142857142857143,1
2019-04-23,686.0,0,0.2857142857142857,DOWN,0.2142857142857143,1
2019-04-24,658.0,0,0.2857142857142857,DOWN,0.2142857142857143,1
2019-04-25,655.0,0,0.2857142857142857,DOWN,0.2142857142857143,1
2019-04-26,655.0,0,0.2857142857142857,DOWN,0.2142857142857143,1
2019-04-29,652.0,1,0.2857142857142857,DOWN,0.2142857142857143,0
2019-04-30,654.0,0,0.2857142857142857,DOWN,0.2142857142857143,1
2019-05-01,651.0,0,0.2857142857142857,DOWN,0.2142857142857143,1
2019-05-02,648.0,0,0.1111111111111111,DOWN,0.3888888888888889,1
2019-05-03,648.0,0,0.1111111111111111,DOWN,0.3888888888888889,1
2019-05-06,648.0,1,0.2857142857142857,DOWN,0.2142857142857143,0
2019-05-07,653.0,0,0.2857142857142857,DOWN,0.2142857142857143,1
2019-05-08,649.0,0,0.2857142857142857,DOWN,0.2142857142857143,1
2019-05-09,645.0,0,0.2857142857142857,DOWN,0.2142857142857143,1
2019-05-10,645.0,0,0.2857142857142857,DOWN,0.2142857142857143,1
2019-05-13,645.0,0,0.2857142857142857,DOWN,0.2142857142857143,1
2019-05-14,645.0,0,0.2857142857142857,DOWN,0.2142857142857143,1
2019-05-15,645.0,0,0.2857142857142857,DOWN,0.2142857142857143,1
2019-05-16,641.0,0,0.2857142857142857,DOWN,0.2142857142857143,1
2019-05-17,641.0,0,0.2857142857142857,DOWN,0.2142857142857143,1
2019-05-20,640.0,1,0.2857142857142857,DOWN,0.2142857142857143,0
2019-05-21,642.0,0,0.2857142857142857,DOWN,0.2142857142857143,1
2019-05-22,641.0,0,0.2857142857142857,DOWN,0.2142857142857143,1
2019-05-23,639.0,1,0.2857142857142857,DOWN,0.2142857142857143,0
2019-05-24,641.0,0,0.1111111111111111,DOWN,0.3888888888888889,1
2019-05-28,640.0,0,0.2857142857142857,DOWN,0.2142857142857143,1
2019-05-29,585.0,0,0.2857142857142857,DOWN,0.2142857142857143,1
2019-05-30,580.0,1,0.2857142857142857,DOWN,0.2142857142857143,0
2019-05-31,584.0,0,0.2857142857142857,DOWN,0.2142857142857143,1
2019-06-03,580.0,0,0.2857142857142857,DOWN,0.2142857142857143,1
2019-06-04,578.0,1,0.2857142857142857,DOWN,0.2142857142857143,0
2019-06-05,581.0,1,0.2857142857142857,DOWN,0.2142857142857143,0
2019-06-06,582.0,0,0.1111111111111111,DOWN,0.3888888888888889,1
2019-06-07,582.0,0,0.0,DOWN,0.5,1
2019-06-10,582.0,0,0.003758521534560294,DOWN,0.4962414784654397,1
2019-06-11,577.0,1,0.06666666666666667,DOWN,0.43333333333333335,0
2019-06-12,578.0,0,0.2777777777777778,DOWN,0.2222222222222222,1
2019-06-13,577.0,0,0.06666666666666667,DOWN,0.43333333333333335,1
2019-06-14,574.0,0,0.15384615384615385,DOWN,0.34615384615384615,1
2019-06-17,574.0,0,0.06666666666666667,DOWN,0.43333333333333335,1
2019-06-18,574.0,0,0.06666666666666667,DOWN,0.43333333333333335,1
2019-06-19,567.0,0,0.15384615384615385,DOWN,0.34615384615384615,1
2019-06-20,563.0,1,0.01562491385092824,DOWN,0.48437508614907177,0
2019-06-21,566.0,0,0.06666666666666667,DOWN,0.43333333333333335,1
2019-06-24,566.0,0,0.06666666666666667,DOWN,0.43333333333333335,1
2019-06-25,565.0,0,0.06666666666666667,DOWN,0.43333333333333335,1
2019-06-26,542.0,0,0.06666666666666667,DOWN,0.43333333333333335,1
2019-06-27,538.0,0,0.06666666666666667,DOWN,0.43333333333333335,1
2019-06-28,536.0,0,0.06282202605313575,DOWN,0.43717797394686425,1
2019-07-01,534.0,1,0.2777777777777778,DOWN,0.2222222222222222,0
2019-07-02,535.0,0,0.2777777777777778,DOWN,0.2222222222222222,1
2019-07-03,525.0,0,0.15384615384615385,DOWN,0.34615384615384615,1
2019-07-05,525.0,0,0.0,DOWN,0.5,1
2019-07-08,525.0,1,0.03228506849357532,DOWN,0.4677149315064247,0
2019-07-09,529.0,1,0.2777777777777778,DOWN,0.2222222222222222,0
2019-07-10,533.0,1,0.0,DOWN,0.5,0
2019-07-11,535.0,1,0.0,DOWN,0.5,0
2019-07-12,537.0,1,0.0,DOWN,0.5,0
2019-07-15,539.0,0,0.0,DOWN,0.5,1
2019-07-16,538.0,0,0.044795600553982184,DOWN,0.4552043994460178,1
2019-07-17,538.0,0,0.0,DOWN,0.5,1
2019-07-18,538.0,1,0.0,DOWN,0.5,0
2019-07-19,539.0,1,0.030705327943184715,DOWN,0.4692946720568153,0
2019-07-22,540.0,1,0.06666666666666667,DOWN,0.43333333333333335,0
2019-07-23,550.0,0,0.06666666666666667,DOWN,0.43333333333333335,1
2019-07-24,543.0,0,0.06666666666666667,DOWN,0.43333333333333335,1
2019-07-25,537.0,1,0.06452166111366593,DOWN,0.4354783388863341,0
2019-07-26,538.0,0,0.06666666666666667,DOWN,0.43333333333333335,1
2019-07-29,538.0,1,0.06425145918299317,DOWN,0.4357485408170068,0
2019-07-30,539.0,1,0.15384615384615385,DOWN,0.34615384615384615,0
2019-07-31,606.0,0,0.2777777777777778,DOWN,0.2222222222222222,1
2019-08-01,602.0,0,0.2777777777777778,DOWN,0.2222222222222222,1
2019-08-02,602.0,0,0.06666666666666667,DOWN,0.43333333333333335,1
2019-08-05,602.0,0,0.06511309758516048,DOWN,0.4348869024148395,1
2019-08-06,602.0,0,0.06666666666666667,DOWN,0.43333333333333335,1
2019-08-07,601.0,1,0.03197999941612934,DOWN,0.46802000058387067,0
2019-08-08,603.0,0,0.06666666666666667,DOWN,0.43333333333333335,1
2019-08-09,603.0,0,0.0,DOWN,0.5,1
2019-08-12,600.0,0,0.06666666666666667,DOWN,0.43333333333333335,1
2019-08-13,600.0,0,0.15384615384615385,DOWN,0.34615384615384615,1
2019-08-14,587.0,0,0.2777777777777778,DOWN,0.2222222222222222,1
2019-08-15,586.0,0,0.06666666666666667,DOWN,0.43333333333333335,1
2019-08-16,585.0,0,0.06666666666666667,DOWN,0.43333333333333335,1
2019-08-19,582.0,1,0.2777777777777778,DOWN,0.2222222222222222,0
2019-08-20,585.0,1,0.2777777777777778,DOWN,0.2222222222222222,0
2019-08-21,586.0,1,0.1216197817522439,DOWN,0.3783802182477561,0
2019-08-22,589.0,0,0.040290116798347,DOWN,0.459709883201653,1
2019-08-23,584.0,0,0.05563582813549952,DOWN,0.4443641718645005,1
2019-08-26,584.0,0,0.06666666666666667,DOWN,0.43333333333333335,1
2019-08-27,584.0,0,0.15384615384615385,DOWN,0.34615384615384615,1
2019-08-28,560.0,0,0.03680650217886369,DOWN,0.4631934978211363,1
2019-08-29,554.0,1,0.06666666666666667,DOWN,0.43333333333333335,0
2019-08-30,560.0,0,0.059692644375959635,DOWN,0.4403073556240404,1
2019-09-03,560.0,1,0.06666666666666667,DOWN,0.43333333333333335,0
2019-09-04,570.0,0,0.06666666666666667,DOWN,0.43333333333333335,1
2019-09-05,565.0,0,0.0,DOWN,0.5,1
2019-09-06,565.0,0,0.0,DOWN,0.5,1
2019-09-09,565.0,0,0.0,DOWN,0.5,1
2019-09-10,565.0,0,0.0,DOWN,0.5,1
2019-09-11,565.0,0,0.16622004622261466,DOWN,0.33377995377738534,1
2019-09-12,565.0,0,0.2962962962962963,DOWN,0.20370370370370372,1
2019-09-13,565.0,0,0.2962962962962963,DOWN,0.20370370370370372,1
2019-09-16,565.0,0,0.2962962962962963,DOWN,0.20370370370370372,1
2019-09-17,565.0,1,0.2962962962962963,DOWN,0.20370370370370372,0
2019-09-18,568.0,0,0.2962962962962963,DOWN,0.20370370370370372,1
2019-09-19,568.0,0,0.2962962962962963,DOWN,0.20370370370370372,1
2019-09-20,568.0,0,0.2962962962962963,DOWN,0.20370370370370372,1
2019-09-23,568.0,0,0.2962962962962963,DOWN,0.20370370370370372,1
2019-09-24,568.0,0,0.2962962962962963,DOWN,0.20370370370370372,1
2019-09-25,532.0,0,0.2962962962962963,DOWN,0.20370370370370372,1
2019-09-26,527.0,0,0.2962962962962963,DOWN,0.20370370370370372,1
2019-09-27,526.0,0,0.2962962962962963,DOWN,0.20370370370370372,1
2019-09-30,523.0,0,0.2962962962962963,DOWN,0.20370370370370372,1
2019-10-01,522.0,0,0.2962962962962963,DOWN,0.20370370370370372,1
2019-10-02,519.0,0,0.2962962962962963,DOWN,0.20370370370370372,1
2019-10-03,508.0,0,0.2962962962962963,DOWN,0.20370370370370372,1
2019-10-04,502.0,1,0.2962962962962963,DOWN,0.20370370370370372,0
2019-10-07,507.0,0,0.2962962962962963,DOWN,0.20370370370370372,1
2019-10-08,506.0,0,0.2962962962962963,DOWN,0.20370370370370372,1
2019-10-09,504.0,0,0.2962962962962963,DOWN,0.20370370370370372,1
2019-10-10,503.0,0,0.10445756651565692,DOWN,0.3955424334843431,1
2019-10-11,503.0,0,0.0,DOWN,0.5,1
2019-10-14,503.0,0,0.2962962962962963,DOWN,0.20370370370370372,1
2019-10-15,503.0,1,0.0,DOWN,0.5,0
2019-10-16,506.0,1,0.2962962962962963,DOWN,0.20370370370370372,0
2019-10-17,508.0,0,0.2962962962962963,DOWN,0.20370370370370372,1
2019-10-18,508.0,0,0.0,DOWN,0.5,1
2019-10-21,505.0,0,0.2962962962962963,DOWN,0.20370370370370372,1
2019-10-22,505.0,0,0.2962962962962963,DOWN,0.20370370370370372,1
2019-10-23,504.0,0,0.2962962962962963,DOWN,0.20370370370370372,1
2019-10-24,501.0,0,0.2962962962962963,DOWN,0.20370370370370372,1
2019-10-25,501.0,0,0.2962962962962963,DOWN,0.20370370370370372,1
2019-10-28,499.0,0,0.2962962962962963,DOWN,0.20370370370370372,1
2019-10-29,499.0,1,0.2962962962962963,DOWN,0.20370370370370372,0
2019-10-30,500.0,0,0.2962962962962963,DOWN,0.20370370370370372,1
2019-10-31,498.0,1,0.0,DOWN,0.5,0
2019-11-01,499.0,1,0.0,DOWN,0.5,0
2019-11-04,502.0,0,0.2962962962962963,DOWN,0.20370370370370372,1
2019-11-05,502.0,0,0.0,DOWN,0.5,1
2019-11-06,492.0,0,0.2962962962962963,DOWN,0.20370370370370372,1
2019-11-07,492.0,0,0.0,DOWN,0.5,1
2019-11-08,492.0,0,0.2962962962962963,DOWN,0.20370370370370372,1
2019-11-11,492.0,0,0.0,DOWN,0.5,1
2019-11-12,492.0,1,0.21242252189111707,DOWN,0.2875774781088829,0
2019-11-13,495.0,0,0.0,DOWN,0.5,1
2019-11-14,495.0,0,0.0,DOWN,0.5,1
2019-11-15,495.0,0,0.0,DOWN,0.5,1
2019-11-18,493.0,0,0.2962962962962963,DOWN,0.20370370370370372,1
2019-11-19,493.0,1,0.2962962962962963,DOWN,0.20370370370370372,0
2019-11-20,495.0,0,0.2962962962962963,DOWN,0.20370370370370372,1
2019-11-21,495.0,0,0.0,DOWN,0.5,1
2019-11-22,495.0,0,0.0,DOWN,0.5,1
2019-11-25,495.0,1,0.0,DOWN,0.5,0
2019-11-26,498.0,1,0.0,DOWN,0.5,0
2019-11-27,543.0,1,0.2962962962962963,DOWN,0.20370370370370372,0
2019-11-29,550.0,1,0.2962962962962963,DOWN,0.20370370370370372,0
2019-12-02,555.0,0,0.2962962962962963,DOWN,0.20370370370370372,1
2019-12-03,555.0,1,0.2962962962962963,DOWN,0.20370370370370372,0
2019-12-04,565.0,0,0.2962962962962963,DOWN,0.20370370370370372,1
2019-12-05,565.0,0,0.2962962962962963,DOWN,0.20370370370370372,1
2019-12-06,563.0,0,0.21951219512195122,DOWN,0.2804878048780488,1
2019-12-09,563.0,0,0.21951219512195122,DOWN,0.2804878048780488,1
2019-12-10,562.0,0,0.21951219512195122,DOWN,0.2804878048780488,1
2019-12-11,558.0,0,0.25,DOWN,0.25,1
2019-12-12,557.0,0,0.25,DOWN,0.25,1
2019-12-13,557.0,1,0.21951219512195122,DOWN,0.2804878048780488,0
2019-12-16,558.0,1,0.25,DOWN,0.25,0
2019-12-17,567.0,0,0.25,DOWN,0.25,1
2019-12-18,556.0,1,0.25,DOWN,0.25,0
2019-12-19,557.0,0,0.25,DOWN,0.25,1
2019-12-20,557.0,1,0.25,DOWN,0.25,0
2019-12-23,559.0,0,0.25,DOWN,0.25,1
2019-12-24,559.0,1,0.25,DOWN,0.25,0
2019-12-26,585.0,0,0.25,DOWN,0.25,1
2019-12-27,585.0,1,0.21951219512195122,DOWN,0.2804878048780488,0
2019-12-30,590.0,0,0.25,DOWN,0.25,1
2019-12-31,588.0,0,0.2249767902150584,DOWN,0.2750232097849416,1
2020-01-02,587.0,1,0.21951219512195122,DOWN,0.2804878048780488,0
2020-01-03,590.0,0,0.2492258585824096,DOWN,0.2507741414175904,1
2020-01-06,586.0,1,0.25,DOWN,0.25,0
2020-01-07,591.0,0,0.25,DOWN,0.25,1
2020-01-08,581.0,0,0.25,DOWN,0.25,1
2020-01-09,581.0,1,0.25,DOWN,0.25,0
2020-01-10,584.0,0,0.25,DOWN,0.25,1
2020-01-13,584.0,0,0.21951219512195122,DOWN,0.2804878048780488,1
2020-01-14,582.0,0,0.25,DOWN,0.25,1
2020-01-15,582.0,0,0.25,DOWN,0.25,1
2020-01-16,582.0,0,0.25,DOWN,0.25,1
2020-01-17,581.0,1,0.25,DOWN,0.25,0
2020-01-21,587.0,0,0.25,DOWN,0.25,1
2020-01-22,581.0,1,0.25,DOWN,0.25,0
2020-01-23,583.0,0,0.25,DOWN,0.25,1
2020-01-24,582.0,0,0.25,DOWN,0.25,1
2020-01-27,582.0,0,0.25,DOWN,0.25,1
2020-01-28,582.0,0,0.25,DOWN,0.25,1
2020-01-29,580.0,0,0.25,DOWN,0.25,1
2020-01-30,580.0,0,0.25,DOWN,0.25,1
2020-01-31,578.0,1,0.25,DOWN,0.25,0
2020-02-03,579.0,0,0.23557751927208623,DOWN,0.26442248072791374,1
2020-02-04,579.0,0,0.25,DOWN,0.25,1
2020-02-05,579.0,0,0.21951219512195122,DOWN,0.2804878048780488,1
2020-02-06,578.0,0,0.21951219512195122,DOWN,0.2804878048780488,1
2020-02-07,578.0,0,0.21951219512195122,DOWN,0.2804878048780488,1
2020-02-10,578.0,0,0.21951219512195122,DOWN,0.2804878048780488,1
2020-02-11,577.0,1,0.21951219512195122,DOWN,0.2804878048780488,0
2020-02-12,578.0,0,0.22550921653138475,DOWN,0.2744907834686152,1
2020-02-13,578.0,0,0.23744677580774715,DOWN,0.26255322419225285,1
2020-02-14,576.0,1,0.25,DOWN,0.25,0
2020-02-18,580.0,0,0.25,DOWN,0.25,1
2020-02-19,576.0,1,0.25,DOWN,0.25,0
2020-02-20,581.0,0,0.25,DOWN,0.25,1
2020-02-21,581.0,0,0.25,DOWN,0.25,1
2020-02-24,581.0,0,0.25,DOWN,0.25,1
2020-02-25,581.0,0,0.25,DOWN,0.25,1
2020-02-26,572.0,1,0.21951219512195122,DOWN,0.2804878048780488,0
2020-02-27,580.0,1,0.25,DOWN,0.25,0
2020-02-28,590.0,0,0.21951219512195122,DOWN,0.2804878048780488,1
2020-03-02,589.0,1,0.21951219512195122,DOWN,0.2804878048780488,0
2020-03-03,592.0,0,0.23268401836669558,DOWN,0.2673159816333044,1
2020-03-04,588.0,0,0.21951219512195122,DOWN,0.2804878048780488,1
2020-03-05,586.0,0,0.24684039742584687,DOWN,0.25315960257415315,1
2020-03-06,580.0,0,0.2,DOWN,0.3,1
2020-03-09,579.0,0,0.2,DOWN,0.3,1
2020-03-10,572.0,0,0.0,DOWN,0.5,1
2020-03-11,572.0,0,0.0,DOWN,0.5,1
2020-03-12,571.0,0,0.0,DOWN,0.5,1
2020-03-13,571.0,0,0.0,DOWN,0.5,1
2020-03-16,570.0,1,0.0,DOWN,0.5,0
2020-03-17,575.0,1,0.0,DOWN,0.5,0
2020-03-18,577.0,0,0.0,DOWN,0.5,1
2020-03-19,577.0,0,0.0,DOWN,0.5,1
2020-03-20,573.0,0,0.0,DOWN,0.5,1
2020-03-23,573.0,0,0.0,DOWN,0.5,1
2020-03-24,573.0,0,0.0,DOWN,0.5,1
2020-03-25,532.0,1,0.0,DOWN,0.5,0
2020-03-26,539.0,0,0.0,DOWN,0.5,1
2020-03-27,535.0,0,0.0,DOWN,0.5,1
2020-03-30,533.0,0,0.0,DOWN,0.5,1
2020-03-31,527.0,0,0.0,DOWN,0.5,1
2020-04-01,515.0,1,0.0,DOWN,0.5,0
2020-04-02,518.0,1,0.0,DOWN,0.5,0
2020-04-03,519.0,0,0.0,DOWN,0.5,1
2020-04-06,518.0,0,0.0,DOWN,0.5,1
2020-04-07,510.0,1,0.0,DOWN,0.5,0
2020-04-08,514.0,0,0.0,DOWN,0.5,1
2020-04-09,510.0,1,0.0,DOWN,0.5,0
2020-04-13,516.0,1,0.0,DOWN,0.5,0
2020-04-14,518.0,1,0.0,DOWN,0.5,0
2020-04-15,519.0,1,0.0,DOWN,0.5,0
2020-04-16,520.0,0,0.0,DOWN,0.5,1
2020-04-17,520.0,0,0.0,DOWN,0.5,1
2020-04-20,520.0,0,0.0,DOWN,0.5,1
2020-04-21,517.0,1,0.0,DOWN,0.5,0
2020-04-22,518.0,0,0.02714009198783742,DOWN,0.4728599080121626,1
2020-04-23,518.0,0,0.030180182517821386,DOWN,0.4698198174821786,1
2020-04-24,516.0,0,0.0,DOWN,0.5,1
2020-04-27,516.0,0,0.07426028615847798,DOWN,0.42573971384152204,1
2020-04-28,515.0,0,0.1504780361942978,DOWN,0.3495219638057022,1
2020-04-29,461.0,1,0.4160548003412682,DOWN,0.08394519965873182,0
2020-04-30,468.0,1,0.2222222222222222,DOWN,0.2777777777777778,0
2020-05-01,480.0,1,0.18119877171560841,DOWN,0.3188012282843916,0
2020-05-04,483.0,1,0.2523661932871648,DOWN,0.2476338067128352,0
2020-05-05,485.0,0,0.265625,DOWN,0.234375,1
2020-05-06,475.0,0,0.2222222222222222,DOWN,0.2777777777777778,1
2020-05-07,474.0,1,0.21070717763816352,DOWN,0.2892928223618365,0
2020-05-08,479.0,0,0.2222222222222222,DOWN,0.2777777777777778,1
2020-05-11,473.0,0,0.2222222222222222,DOWN,0.2777777777777778,1
2020-05-12,472.0,1,0.22128125161248907,DOWN,0.27871874838751093,0
2020-05-13,473.0,1,0.2222222222222222,DOWN,0.2777777777777778,0
2020-05-14,475.0,0,0.2222222222222222,DOWN,0.2777777777777778,1
2020-05-15,474.0,0,0.265625,DOWN,0.234375,1
2020-05-18,474.0,0,0.265625,DOWN,0.234375,1
2020-05-19,474.0,0,0.265625,DOWN,0.234375,1
2020-05-20,470.0,1,0.265625,DOWN,0.234375,0
2020-05-21,472.0,0,0.2222222222222222,DOWN,0.2777777777777778,1
2020-05-22,472.0,0,0.2222222222222222,DOWN,0.2777777777777778,1
2020-05-26,468.0,1,0.2222222222222222,DOWN,0.2777777777777778,0
2020-05-27,510.0,1,0.24306792189534956,DOWN,0.25693207810465046,0
2020-05-28,515.0,0,0.2222222222222222,DOWN,0.2777777777777778,1
2020-05-29,513.0,1,0.17614261140583895,DOWN,0.323857388594161,0
2020-06-01,515.0,0,0.21479555384003038,DOWN,0.28520444615996965,1
2020-06-02,513.0,0,0.2222222222222222,DOWN,0.2777777777777778,1
2020-06-03,510.0,1,0.2222222222222222,DOWN,0.2777777777777778,0
2020-06-04,517.0,0,0.2222222222222222,DOWN,0.2777777777777778,1
2020-06-05,517.0,0,0.2222222222222222,DOWN,0.2777777777777778,1
2020-06-08,515.0,1,0.265625,DOWN,0.234375,0
2020-06-09,518.0,0,0.38095238095238093,DOWN,0.11904761904761907,1
2020-06-10,512.0,0,0.38095238095238093,DOWN,0.11904761904761907,1
2020-06-11,510.0,1,0.38095238095238093,DOWN,0.11904761904761907,0
2020-06-12,511.0,0,0.38095238095238093,DOWN,0.11904761904761907,1
2020-06-15,511.0,1,0.38095238095238093,DOWN,0.11904761904761907,0
2020-06-16,513.0,0,0.38095238095238093,DOWN,0.11904761904761907,1
2020-06-17,503.0,0,0.38095238095238093,DOWN,0.11904761904761907,1
2020-06-18,500.0,1,0.38095238095238093,DOWN,0.11904761904761907,0
2020-06-19,501.0,0,0.38095238095238093,DOWN,0.11904761904761907,1
2020-06-22,499.0,1,0.38095238095238093,DOWN,0.11904761904761907,0
2020-06-23,500.0,0,0.38095238095238093,DOWN,0.11904761904761907,1
2020-06-24,495.0,0,0.38095238095238093,DOWN,0.11904761904761907,1
2020-06-25,495.0,0,0.38095238095238093,DOWN,0.11904761904761907,1
2020-06-26,492.0,0,0.38095238095238093,DOWN,0.11904761904761907,1
2020-06-29,489.0,0,0.38095238095238093,DOWN,0.11904761904761907,1
2020-06-30,488.0,1,0.38095238095238093,DOWN,0.11904761904761907,0
2020-07-01,491.0,0,0.38095238095238093,DOWN,0.11904761904761907,1
2020-07-02,490.0,1,0.38095238095238093,DOWN,0.11904761904761907,0
2020-07-06,491.0,0,0.38095238095238093,DOWN,0.11904761904761907,1
2020-07-07,485.0,0,0.38095238095238093,DOWN,0.11904761904761907,1
2020-07-08,481.0,0,0.38095238095238093,DOWN,0.11904761904761907,1
2020-07-09,481.0,0,0.38095238095238093,DOWN,0.11904761904761907,1
2020-07-10,481.0,0,0.38095238095238093,DOWN,0.11904761904761907,1
2020-07-13,481.0,0,0.38095238095238093,DOWN,0.11904761904761907,1
2020-07-14,481.0,0,0.38095238095238093,DOWN,0.11904761904761907,1
2020-07-15,476.0,0,0.38095238095238093,DOWN,0.11904761904761907,1
2020-07-16,475.0,0,0.38095238095238093,DOWN,0.11904761904761907,1
2020-07-17,475.0,1,0.38095238095238093,DOWN,0.11904761904761907,0
2020-07-20,480.0,0,0.38095238095238093,DOWN,0.11904761904761907,1
2020-07-21,475.0,0,0.38095238095238093,DOWN,0.11904761904761907,1
2020-07-22,475.0,0,0.38095238095238093,DOWN,0.11904761904761907,1
2020-07-23,475.0,0,0.38095238095238093,DOWN,0.11904761904761907,1
2020-07-24,475.0,0,0.38095238095238093,DOWN,0.11904761904761907,1
2020-07-27,475.0,1,0.38095238095238093,DOWN,0.11904761904761907,0
2020-07-28,487.0,0,0.38095238095238093,DOWN,0.11904761904761907,1
2020-07-29,482.0,0,0.38095238095238093,DOWN,0.11904761904761907,1
2020-07-30,478.0,1,0.38095238095238093,DOWN,0.11904761904761907,0
2020-07-31,482.0,1,0.38095238095238093,DOWN,0.11904761904761907,0
2020-08-03,483.0,0,0.38095238095238093,DOWN,0.11904761904761907,1
2020-08-04,474.0,0,0.38095238095238093,DOWN,0.11904761904761907,1
2020-08-05,469.0,0,0.38095238095238093,DOWN,0.11904761904761907,1
2020-08-06,467.0,0,0.38095238095238093,DOWN,0.11904761904761907,1
2020-08-07,467.0,0,0.38095238095238093,DOWN,0.11904761904761907,1
2020-08-10,467.0,0,0.38095238095238093,DOWN,0.11904761904761907,1
2020-08-11,465.0,0,0.38095238095238093,DOWN,0.11904761904761907,1
2020-08-12,453.0,0,0.38095238095238093,DOWN,0.11904761904761907,1
2020-08-13,451.0,1,0.38095238095238093,DOWN,0.11904761904761907,0
2020-08-14,452.0,0,0.38095238095238093,DOWN,0.11904761904761907,1
2020-08-17,452.0,0,0.38095238095238093,DOWN,0.11904761904761907,1
2020-08-18,452.0,0,0.38095238095238093,DOWN,0.11904761904761907,1
2020-08-19,448.0,0,0.38095238095238093,DOWN,0.11904761904761907,1
2020-08-20,447.0,1,0.38095238095238093,DOWN,0.11904761904761907,0
2020-08-21,449.0,0,0.38095238095238093,DOWN,0.11904761904761907,1
2020-08-24,447.0,0,0.38095238095238093,DOWN,0.11904761904761907,1
2020-08-25,447.0,1,0.38095238095238093,DOWN,0.11904761904761907,0
2020-08-26,508.0,1,0.38095238095238093,DOWN,0.11904761904761907,0
2020-08-27,517.0,1,0.38095238095238093,DOWN,0.11904761904761907,0
2020-08-28,518.0,0,0.38095238095238093,DOWN,0.11904761904761907,1
2020-08-31,518.0,1,0.38095238095238093,DOWN,0.11904761904761907,0
2020-09-01,523.0,1,0.38095238095238093,DOWN,0.11904761904761907,0
2020-09-02,527.0,0,0.38095238095238093,DOWN,0.11904761904761907,1
2020-09-03,527.0,1,0.38095238095238093,DOWN,0.11904761904761907,0
2020-09-04,532.0,0,0.38095238095238093,DOWN,0.11904761904761907,1
2020-09-08,532.0,1,0.3037974683544304,DOWN,0.1962025316455696,0
2020-09-09,535.0,1,0.3037974683544304,DOWN,0.1962025316455696,0
2020-09-10,536.0,1,0.3037974683544304,DOWN,0.1962025316455696,0
2020-09-11,538.0,1,0.3037974683544304,DOWN,0.1962025316455696,0
2020-09-14,540.0,0,0.3037974683544304,DOWN,0.1962025316455696,1
2020-09-15,540.0,1,0.3037974683544304,DOWN,0.1962025316455696,0
2020-09-16,547.0,1,0.3037974683544304,DOWN,0.1962025316455696,0
2020-09-17,548.0,1,0.3037974683544304,DOWN,0.1962025316455696,0
2020-09-18,549.0,0,0.3037974683544304,DOWN,0.1962025316455696,1
2020-09-21,549.0,1,0.3037974683544304,DOWN,0.1962025316455696,0
2020-09-22,551.0,0,0.3037974683544304,DOWN,0.1962025316455696,1
2020-09-23,546.0,1,0.3037974683544304,DOWN,0.1962025316455696,0
2020-09-24,548.0,1,0.3037974683544304,DOWN,0.1962025316455696,0
2020-09-25,550.0,0,0.3037974683544304,DOWN,0.1962025316455696,1
2020-09-28,550.0,0,0.3037974683544304,DOWN,0.1962025316455696,1
2020-09-29,550.0,1,0.3037974683544304,DOWN,0.1962025316455696,0
2020-09-30,615.0,1,0.3037974683544304,DOWN,0.1962025316455696,0
2020-10-01,624.0,1,0.3037974683544304,DOWN,0.1962025316455696,0
2020-10-02,626.0,0,0.3037974683544304,DOWN,0.1962025316455696,1
2020-10-05,626.0,1,0.3037974683544304,DOWN,0.1962025316455696,0
2020-10-06,631.0,0,0.3037974683544304,DOWN,0.1962025316455696,1
2020-10-07,625.0,1,0.4,DOWN,0.09999999999999998,0
2020-10-08,630.0,1,0.3037974683544304,DOWN,0.1962025316455696,0
2020-10-09,633.0,1,0.3037974683544304,DOWN,0.1962025316455696,0
2020-10-12,636.0,1,0.3037974683544304,DOWN,0.1962025316455696,0
2020-10-13,639.0,0,0.4,DOWN,0.09999999999999998,1
2020-10-14,637.0,1,0.4,DOWN,0.09999999999999998,0
2020-10-15,639.0,0,0.4,DOWN,0.09999999999999998,1
2020-10-16,639.0,1,0.4,DOWN,0.09999999999999998,0
2020-10-19,640.0,0,0.4,DOWN,0.09999999999999998,1
2020-10-20,640.0,0,0.4,DOWN,0.09999999999999998,1
2020-10-21,637.0,1,0.4,DOWN,0.09999999999999998,0
2020-10-22,645.0,0,0.3037974683544304,DOWN,0.1962025316455696,1
2020-10-23,645.0,0,0.3037974683544304,DOWN,0.1962025316455696,1
2020-10-26,645.0,0,0.3037974683544304,DOWN,0.1962025316455696,1
2020-10-27,645.0,1,0.4,DOWN,0.09999999999999998,0
2020-10-28,698.0,1,0.4,DOWN,0.09999999999999998,0
2020-10-29,700.0,0,0.4,DOWN,0.09999999999999998,1
2020-10-30,699.0,1,0.4,DOWN,0.09999999999999998,0
2020-11-03,702.0,1,0.4,DOWN,0.09999999999999998,0
2020-11-04,705.0,1,0.3037974683544304,DOWN,0.1962025316455696,0
2020-11-05,706.0,1,0.3037974683544304,DOWN,0.1962025316455696,0
2020-11-06,711.0,1,0.3037974683544304,DOWN,0.1962025316455696,0
2020-11-09,717.0,0,0.3037974683544304,DOWN,0.1962025316455696,1
2020-11-10,714.0,1,0.3037974683544304,DOWN,0.1962025316455696,0
2020-11-11,715.0,0,0.3037974683544304,DOWN,0.1962025316455696,1
2020-11-12,715.0,1,0.3037974683544304,DOWN,0.1962025316455696,0
2020-11-13,716.0,1,0.3037974683544304,DOWN,0.1962025316455696,0
2020-11-16,719.0,0,0.3037974683544304,DOWN,0.1962025316455696,1
2020-11-17,717.0,0,0.3037974683544304,DOWN,0.1962025316455696,1
2020-11-18,715.0,1,0.3037974683544304,DOWN,0.1962025316455696,0
2020-11-19,718.0,0,0.3037974683544304,DOWN,0.1962025316455696,1
2020-11-20,718.0,1,0.3037974683544304,DOWN,0.1962025316455696,0
2020-11-23,719.0,0,0.3037974683544304,DOWN,0.1962025316455696,1
2020-11-24,719.0,1,0.3037974683544304,DOWN,0.1962025316455696,0
2020-11-25,800.0,0,0.3037974683544304,DOWN,0.1962025316455696,1
2020-11-27,798.0,1,0.3037974683544304,DOWN,0.1962025316455696,0
2020-11-30,800.0,0,0.3037974683544304,DOWN,0.1962025316455696,1
2020-12-01,800.0,1,0.3037974683544304,DOWN,0.1962025316455696,0
2020-12-02,811.0,1,0.3037974683544304,DOWN,0.1962025316455696,0
2020-12-03,812.0,1,0.3037974683544304,DOWN,0.1962025316455696,0
2020-12-04,815.0,0,0.3037974683544304,DOWN,0.1962025316455696,1
2020-12-07,814.0,0,0.3037974683544304,DOWN,0.1962025316455696,1
2020-12-08,814.0,1,0.668716945135353,UP,0.16871694513535296,1
2020-12-09,847.0,1,0.5370370370370371,UP,0.03703703703703709,1
2020-12-10,850.0,1,0.5370370370370371,UP,0.03703703703703709,1
2020-12-11,852.0,0,0.5370370370370371,UP,0.03703703703703709,0
2020-12-14,851.0,1,0.5370370370370371,UP,0.03703703703703709,1
2020-12-15,862.0,1,0.6666666666666666,UP,0.16666666666666663,1
2020-12-16,885.0,0,0.5370370370370371,UP,0.03703703703703709,0
2020-12-17,875.0,0,0.5370370370370371,UP,0.03703703703703709,0
2020-12-18,875.0,1,0.5217391304347826,UP,0.021739130434782594,1
2020-12-21,880.0,0,0.6666666666666666,UP,0.16666666666666663,0
2020-12-22,871.0,1,0.5370370370370371,UP,0.03703703703703709,1
2020-12-23,885.0,0,0.6666666666666666,UP,0.16666666666666663,0
2020-12-24,885.0,1,0.5370370370370371,UP,0.03703703703703709,1
2020-12-28,888.0,0,0.5370370370370371,UP,0.03703703703703709,0
2020-12-29,867.0,1,0.5370370370370371,UP,0.03703703703703709,1
2020-12-30,1015.0,0,0.5370370370370371,UP,0.03703703703703709,0
2020-12-31,1005.0,1,0.5370370370370371,UP,0.03703703703703709,1
2021-01-04,1023.0,1,0.700159541925909,UP,0.200159541925909,1
2021-01-05,1072.0,0,1.0,UP,0.5,0
2021-01-06,1053.0,1,0.5370370370370371,UP,0.03703703703703709,1
2021-01-07,1066.0,1,0.6666666666666666,UP,0.16666666666666663,1
2021-01-08,1070.0,0,0.6666666666666666,UP,0.16666666666666663,0
2021-01-11,1065.0,0,0.6666666666666666,UP,0.16666666666666663,0
2021-01-12,1064.0,0,1.0,UP,0.5,0
2021-01-13,1060.0,0,0.7257836033126618,UP,0.22578360331266178,0
2021-01-14,1060.0,1,1.0,UP,0.5,1
2021-01-15,1066.0,0,1.0,UP,0.5,0
2021-01-19,1065.0,0,1.0,UP,0.5,0
2021-01-20,1060.0,1,1.0,UP,0.5,1
2021-01-21,1063.0,0,0.5370370370370371,UP,0.03703703703703709,0
2021-01-22,1058.0,1,0.7537216790170697,UP,0.25372167901706966,1
2021-01-25,1063.0,0,1.0,UP,0.5,0
2021-01-26,1063.0,1,1.0,UP,0.5,1
2021-01-27,1115.0,1,1.0,UP,0.5,1
2021-01-28,1138.0,1,1.0,UP,0.5,1
2021-01-29,1149.0,1,0.5370370370370371,UP,0.03703703703703709,1
2021-02-01,1152.0,1,1.0,UP,0.5,1
2021-02-02,1157.0,0,0.7256637456972626,UP,0.22566374569726255,0
2021-02-03,1148.0,1,0.5370370370370371,UP,0.03703703703703709,1
2021-02-04,1151.0,1,0.5370370370370371,UP,0.03703703703703709,1
2021-02-05,1157.0,1,0.5370370370370371,UP,0.03703703703703709,1
2021-02-08,1160.0,1,1.0,UP,0.5,1
2021-02-09,1172.0,1,1.0,UP,0.5,1
2021-02-10,1173.0,1,0.5370370370370371,UP,0.03703703703703709,1
2021-02-11,1175.0,0,0.5370370370370371,UP,0.03703703703703709,0
2021-02-12,1170.0,0,0.6666666666666666,UP,0.16666666666666663,0
2021-02-16,1170.0,0,0.6666666666666666,UP,0.16666666666666663,0
2021-02-17,1162.0,0,1.0,UP,0.5,0
2021-02-18,1162.0,0,0.9290875700502153,UP,0.42908757005021525,0
2021-02-19,1162.0,1,1.0,UP,0.5,1
2021-02-22,1165.0,0,1.0,UP,0.5,0
2021-02-23,1165.0,1,1.0,UP,0.5,1
2021-02-24,1263.0,0,1.0,UP,0.5,0
2021-02-25,1260.0,1,0.6666666666666666,UP,0.16666666666666663,1
2021-02-26,1264.0,0,0.5370370370370371,UP,0.03703703703703709,0
2021-03-01,1260.0,1,1.0,UP,0.5,1
2021-03-02,1270.0,0,1.0,UP,0.5,0
2021-03-03,1266.0,1,1.0,UP,0.5,1
2021-03-04,1268.0,0,0.5370370370370371,UP,0.03703703703703709,0
2021-03-05,1260.0,1,1.0,UP,0.5,1
2021-03-08,1264.0,0,1.0,UP,0.5,0
2021-03-09,1260.0,0,1.0,UP,0.5,0
2021-03-10,1258.0,0,1.0,UP,0.5,0
2021-03-11,1258.0,0,0.5301204819277109,UP,0.030120481927710885,0
2021-03-12,1258.0,0,0.5301204819277109,UP,0.030120481927710885,0
2021-03-15,1258.0,0,0.5301204819277109,UP,0.030120481927710885,0
2021-03-16,1258.0,0,0.5301204819277109,UP,0.030120481927710885,0
2021-03-17,1258.0,0,0.5301204819277109,UP,0.030120481927710885,0
2021-03-18,1258.0,1,0.5301204819277109,UP,0.030120481927710885,1
2021-03-19,1266.0,0,0.5301204819277109,UP,0.030120481927710885,0
2021-03-22,1265.0,1,0.5301204819277109,UP,0.030120481927710885,1
2021-03-23,1268.0,1,0.5301204819277109,UP,0.030120481927710885,1
2021-03-24,1272.0,0,0.5301204819277109,UP,0.030120481927710885,0
2021-03-25,1272.0,0,0.5301204819277109,UP,0.030120481927710885,0
2021-03-26,1271.0,0,0.5301204819277109,UP,0.030120481927710885,0
2021-03-29,1271.0,1,0.5301204819277109,UP,0.030120481927710885,1
2021-03-30,1277.0,1,0.5301204819277109,UP,0.030120481927710885,1
2021-03-31,1348.0,0,0.5301204819277109,UP,0.030120481927710885,0
2021-04-01,1345.0,0,0.5301204819277109,UP,0.030120481927710885,0
2021-04-05,1345.0,1,0.5301204819277109,UP,0.030120481927710885,1
2021-04-06,1360.0,0,0.5301204819277109,UP,0.030120481927710885,0
2021-04-07,1355.0,0,0.5301204819277109,UP,0.030120481927710885,0
2021-04-08,1350.0,0,0.5301204819277109,UP,0.030120481927710885,0
2021-04-09,1350.0,1,0.5301204819277109,UP,0.030120481927710885,1
2021-04-12,1354.0,1,0.5301204819277109,UP,0.030120481927710885,1
2021-04-13,1357.0,1,0.5301204819277109,UP,0.030120481927710885,1
2021-04-14,1358.0,1,0.5301204819277109,UP,0.030120481927710885,1
2021-04-15,1359.0,0,0.5301204819277109,UP,0.030120481927710885,0
2021-04-16,1359.0,1,0.5301204819277109,UP,0.030120481927710885,1
2021-04-19,1364.0,0,0.5301204819277109,UP,0.030120481927710885,0
2021-04-20,1354.0,1,0.5301204819277109,UP,0.030120481927710885,1
2021-04-21,1360.0,1,0.5301204819277109,UP,0.030120481927710885,1
2021-04-22,1363.0,0,0.5301204819277109,UP,0.030120481927710885,0
2021-04-23,1363.0,0,0.5301204819277109,UP,0.030120481927710885,0
2021-04-26,1360.0,0,0.5301204819277109,UP,0.030120481927710885,0
2021-04-27,1360.0,1,0.5301204819277109,UP,0.030120481927710885,1
2021-04-28,1500.0,0,0.5301204819277109,UP,0.030120481927710885,0
2021-04-29,1500.0,1,0.5301204819277109,UP,0.030120481927710885,1
2021-04-30,1505.0,0,0.37656782657312443,DOWN,0.12343217342687557,1
2021-05-03,1492.0,1,0.1206125736534005,DOWN,0.3793874263465995,0
2021-05-04,1504.0,1,0.5301204819277109,UP,0.030120481927710885,1
2021-05-05,1508.0,1,0.5301204819277109,UP,0.030120481927710885,1
2021-05-06,1519.0,0,0.5301204819277109,UP,0.030120481927710885,0
2021-05-07,1519.0,0,0.5301204819277109,UP,0.030120481927710885,0
2021-05-10,1519.0,0,0.5301204819277109,UP,0.030120481927710885,0
2021-05-11,1519.0,0,0.5301204819277109,UP,0.030120481927710885,0
2021-05-12,1510.0,0,0.5301204819277109,UP,0.030120481927710885,0
2021-05-13,1500.0,1,0.5301204819277109,UP,0.030120481927710885,1
2021-05-14,1505.0,0,0.5301204819277109,UP,0.030120481927710885,0
2021-05-17,1490.0,1,0.5301204819277109,UP,0.030120481927710885,1
2021-05-18,1496.0,1,0.5301204819277109,UP,0.030120481927710885,1
2021-05-19,1509.0,1,0.5301204819277109,UP,0.030120481927710885,1
2021-05-20,1512.0,0,0.5301204819277109,UP,0.030120481927710885,0
2021-05-21,1512.0,0,0.5301204819277109,UP,0.030120481927710885,0
2021-05-24,1512.0,1,0.5301204819277109,UP,0.030120481927710885,1
2021-05-25,1515.0,1,0.5301204819277109,UP,0.030120481927710885,1
2021-05-26,1670.0,0,0.5301204819277109,UP,0.030120481927710885,0
2021-05-27,1665.0,0,0.5301204819277109,UP,0.030120481927710885,0
2021-05-28,1665.0,0,0.5301204819277109,UP,0.030120481927710885,0
2021-06-01,1654.0,1,0.5301204819277109,UP,0.030120481927710885,1
2021-06-02,1658.0,0,0.5301204819277109,UP,0.030120481927710885,0
2021-06-03,1650.0,1,0.5301204819277109,UP,0.030120481927710885,1
2021-06-04,1653.0,0,0.5301204819277109,UP,0.030120481927710885,0
2021-06-07,1648.0,1,0.5301204819277109,UP,0.030120481927710885,1
2021-06-08,1650.0,0,0.5301204819277109,UP,0.030120481927710885,0
2021-06-09,1650.0,0,0.5301204819277109,UP,0.030120481927710885,0
2021-06-10,1647.0,0,0.41975308641975306,DOWN,0.08024691358024694,1
2021-06-11,1647.0,1,0.41975308641975306,DOWN,0.08024691358024694,0
2021-06-14,1655.0,1,0.41975308641975306,DOWN,0.08024691358024694,0
2021-06-15,1658.0,1,0.41975308641975306,DOWN,0.08024691358024694,0
2021-06-16,1660.0,0,0.41975308641975306,DOWN,0.08024691358024694,1
2021-06-17,1660.0,1,0.41975308641975306,DOWN,0.08024691358024694,0
2021-06-18,1661.0,0,0.41975308641975306,DOWN,0.08024691358024694,1
2021-06-21,1661.0,0,0.0,DOWN,0.5,1
2021-06-22,1658.0,0,0.41975308641975306,DOWN,0.08024691358024694,1
2021-06-23,1658.0,1,0.41975308641975306,DOWN,0.08024691358024694,0
2021-06-24,1664.0,0,0.0,DOWN,0.5,1
2021-06-25,1664.0,0,0.0,DOWN,0.5,1
2021-06-28,1664.0,0,0.41975308641975306,DOWN,0.08024691358024694,1
2021-06-29,1662.0,1,0.41975308641975306,DOWN,0.08024691358024694,0
2021-06-30,1810.0,0,0.41975308641975306,DOWN,0.08024691358024694,1
2021-07-01,1808.0,0,0.0,DOWN,0.5,1
2021-07-02,1789.0,1,0.41975308641975306,DOWN,0.08024691358024694,0
2021-07-06,1800.0,0,0.41975308641975306,DOWN,0.08024691358024694,1
2021-07-07,1785.0,0,0.41975308641975306,DOWN,0.08024691358024694,1
2021-07-08,1780.0,1,0.41975308641975306,DOWN,0.08024691358024694,0
2021-07-09,1790.0,0,0.41975308641975306,DOWN,0.08024691358024694,1
2021-07-12,1790.0,1,0.41975308641975306,DOWN,0.08024691358024694,0
2021-07-13,1792.0,0,0.41975308641975306,DOWN,0.08024691358024694,1
2021-07-14,1780.0,0,0.41975308641975306,DOWN,0.08024691358024694,1
2021-07-15,1780.0,0,0.41975308641975306,DOWN,0.08024691358024694,1
2021-07-16,1780.0,0,0.41975308641975306,DOWN,0.08024691358024694,1
2021-07-19,1775.0,1,0.41975308641975306,DOWN,0.08024691358024694,0
2021-07-20,1780.0,0,0.41975308641975306,DOWN,0.08024691358024694,1
2021-07-21,1780.0,0,0.41975308641975306,DOWN,0.08024691358024694,1
2021-07-22,1780.0,0,0.41975308641975306,DOWN,0.08024691358024694,1
2021-07-23,1780.0,1,0.2355201921988504,DOWN,0.2644798078011496,0
2021-07-26,1781.0,1,0.41975308641975306,DOWN,0.08024691358024694,0
2021-07-27,1786.0,1,0.41975308641975306,DOWN,0.08024691358024694,0
2021-07-28,1880.0,1,0.41975308641975306,DOWN,0.08024691358024694,0
2021-07-29,1888.0,0,0.41975308641975306,DOWN,0.08024691358024694,1
2021-07-30,1888.0,0,0.41975308641975306,DOWN,0.08024691358024694,1
2021-08-02,1859.0,0,0.41975308641975306,DOWN,0.08024691358024694,1
2021-08-03,1840.0,1,0.41975308641975306,DOWN,0.08024691358024694,0
2021-08-04,1870.0,0,0.41975308641975306,DOWN,0.08024691358024694,1
2021-08-05,1870.0,1,0.41975308641975306,DOWN,0.08024691358024694,0
2021-08-06,1885.0,0,0.0,DOWN,0.5,1
2021-08-09,1885.0,0,0.0,DOWN,0.5,1
2021-08-10,1883.0,0,0.41975308641975306,DOWN,0.08024691358024694,1
2021-08-11,1881.0,0,0.41975308641975306,DOWN,0.08024691358024694,1
2021-08-12,1880.0,0,0.41975308641975306,DOWN,0.08024691358024694,1
2021-08-13,1880.0,1,0.41975308641975306,DOWN,0.08024691358024694,0
2021-08-16,1895.0,0,0.41975308641975306,DOWN,0.08024691358024694,1
2021-08-17,1885.0,1,0.41975308641975306,DOWN,0.08024691358024694,0
2021-08-18,1887.0,0,0.41975308641975306,DOWN,0.08024691358024694,1
2021-08-19,1880.0,0,0.41975308641975306,DOWN,0.08024691358024694,1
2021-08-20,1880.0,1,0.3984055451217344,DOWN,0.10159445487826563,0
2021-08-23,1884.0,0,0.0,DOWN,0.5,1
2021-08-24,1881.0,1,0.41975308641975306,DOWN,0.08024691358024694,0
2021-08-25,1935.0,1,0.41975308641975306,DOWN,0.08024691358024694,0
2021-08-26,1936.0,1,0.41975308641975306,DOWN,0.08024691358024694,0
2021-08-27,1941.0,0,0.0,DOWN,0.5,1
2021-08-30,1939.0,1,0.41975308641975306,DOWN,0.08024691358024694,0
2021-08-31,1945.0,0,0.41975308641975306,DOWN,0.08024691358024694,1
2021-09-01,1939.0,1,0.41975308641975306,DOWN,0.08024691358024694,0
2021-09-02,1943.0,0,0.41975308641975306,DOWN,0.08024691358024694,1
2021-09-03,1941.0,0,0.0,DOWN,0.5,1
2021-09-07,1923.0,0,0.41975308641975306,DOWN,0.08024691358024694,1
2021-09-08,1923.0,1,0.41975308641975306,DOWN,0.08024691358024694,0
2021-09-09,1927.0,0,0.36363636363636365,DOWN,0.13636363636363635,1
2021-09-10,1927.0,0,0.36363636363636365,DOWN,0.13636363636363635,1
2021-09-13,1925.0,1,0.4444444444444444,DOWN,0.05555555555555558,0
2021-09-14,1930.0,0,0.4444444444444444,DOWN,0.05555555555555558,1
2021-09-15,1923.0,0,0.365236887348711,DOWN,0.13476311265128899,1
2021-09-16,1923.0,1,0.4444444444444444,DOWN,0.05555555555555558,0
2021-09-17,1936.0,0,0.4444444444444444,DOWN,0.05555555555555558,1
2021-09-20,1935.0,0,0.46153846153846156,DOWN,0.038461538461538436,1
2021-09-21,1935.0,0,0.4444444444444444,DOWN,0.05555555555555558,1
2021-09-22,1935.0,0,0.4444444444444444,DOWN,0.05555555555555558,1
2021-09-23,1930.0,1,0.4444444444444444,DOWN,0.05555555555555558,0
2021-09-24,1933.0,1,0.36363636363636365,DOWN,0.13636363636363635,0
2021-09-27,1935.0,0,0.4444444444444444,DOWN,0.05555555555555558,1
2021-09-28,1929.0,0,0.4444444444444444,DOWN,0.05555555555555558,1
2021-09-29,1900.0,0,0.46153846153846156,DOWN,0.038461538461538436,1
2021-09-30,1900.0,1,0.4444444444444444,DOWN,0.05555555555555558,0
2021-10-01,1916.0,1,0.4444444444444444,DOWN,0.05555555555555558,0
2021-10-04,1917.0,0,0.4444444444444444,DOWN,0.05555555555555558,1
2021-10-05,1910.0,0,0.4444444444444444,DOWN,0.05555555555555558,1
2021-10-06,1889.0,0,0.46153846153846156,DOWN,0.038461538461538436,1
2021-10-07,1881.0,1,0.36363636363636365,DOWN,0.13636363636363635,0
2021-10-08,1882.0,1,0.4392560232846472,DOWN,0.06074397671535281,0
2021-10-11,1898.0,1,0.4444444444444444,DOWN,0.05555555555555558,0
2021-10-12,1899.0,0,0.4444444444444444,DOWN,0.05555555555555558,1
2021-10-13,1895.0,1,0.4444444444444444,DOWN,0.05555555555555558,0
2021-10-14,1897.0,1,0.4444444444444444,DOWN,0.05555555555555558,0
2021-10-15,1898.0,0,0.0,DOWN,0.5,1
2021-10-18,1893.0,1,0.36363636363636365,DOWN,0.13636363636363635,0
2021-10-19,1895.0,1,0.36363636363636365,DOWN,0.13636363636363635,0
2021-10-20,1900.0,1,0.4444444444444444,DOWN,0.05555555555555558,0
2021-10-21,1902.0,1,0.4444444444444444,DOWN,0.05555555555555558,0
2021-10-22,1904.0,0,0.0,DOWN,0.5,1
2021-10-25,1903.0,1,0.36363636363636365,DOWN,0.13636363636363635,0
2021-10-26,1911.0,0,0.4444444444444444,DOWN,0.05555555555555558,1
2021-10-27,1776.0,1,0.46153846153846156,DOWN,0.038461538461538436,0
2021-10-28,1798.0,1,0.4444444444444444,DOWN,0.05555555555555558,0
2021-10-29,1803.0,0,0.4444444444444444,DOWN,0.05555555555555558,1
2021-11-01,1798.0,0,0.46153846153846156,DOWN,0.038461538461538436,1
2021-11-02,1780.0,1,0.4444444444444444,DOWN,0.05555555555555558,0
2021-11-03,1785.0,1,0.4444444444444444,DOWN,0.05555555555555558,0
2021-11-04,1790.0,0,0.36363636363636365,DOWN,0.13636363636363635,1
2021-11-05,1790.0,1,0.0,DOWN,0.5,0
2021-11-08,1805.0,0,0.36363636363636365,DOWN,0.13636363636363635,1
2021-11-09,1805.0,1,0.4444444444444444,DOWN,0.05555555555555558,0
2021-11-10,1809.0,1,0.4444444444444444,DOWN,0.05555555555555558,0
2021-11-11,1813.0,0,0.36363636363636365,DOWN,0.13636363636363635,1
2021-11-12,1812.0,0,0.36363636363636365,DOWN,0.13636363636363635,1
2021-11-15,1801.0,1,0.36363636363636365,DOWN,0.13636363636363635,0
2021-11-16,1802.0,0,0.4444444444444444,DOWN,0.05555555555555558,1
2021-11-17,1798.0,0,0.4444444444444444,DOWN,0.05555555555555558,1
2021-11-18,1798.0,1,0.0,DOWN,0.5,0
2021-11-19,1800.0,1,0.0,DOWN,0.5,0
2021-11-22,1802.0,1,0.0,DOWN,0.5,0
2021-11-23,1805.0,0,0.0,DOWN,0.5,1
2021-11-24,1661.0,0,0.4444444444444444,DOWN,0.05555555555555558,1
2021-11-26,1605.0,1,0.46153846153846156,DOWN,0.038461538461538436,0
2021-11-29,1606.0,1,0.46153846153846156,DOWN,0.038461538461538436,0
2021-11-30,1610.0,0,0.4444444444444444,DOWN,0.05555555555555558,1
2021-12-01,1594.0,1,0.4444444444444444,DOWN,0.05555555555555558,0
2021-12-02,1600.0,1,0.4444444444444444,DOWN,0.05555555555555558,0
2021-12-03,1615.0,1,0.0,DOWN,0.5,0
2021-12-06,1616.0,1,0.36363636363636365,DOWN,0.13636363636363635,0
2021-12-07,1620.0,0,0.4444444444444444,DOWN,0.05555555555555558,1
2021-12-08,1616.0,0,0.5,UP,0.0,0
2021-12-09,1610.0,0,0.4537829443652918,DOWN,0.04621705563470818,1
2021-12-10,1606.0,1,0.4166666666666667,DOWN,0.08333333333333331,0
2021-12-13,1607.0,1,0.5,UP,0.0,1
2021-12-14,1608.0,1,0.4166666666666667,DOWN,0.08333333333333331,0
2021-12-15,1630.0,1,0.5,UP,0.0,1
2021-12-16,1640.0,1,0.4166666666666667,DOWN,0.08333333333333331,0
2021-12-17,1647.0,0,0.4166666666666667,DOWN,0.08333333333333331,1
2021-12-20,1636.0,1,0.5,UP,0.0,1
2021-12-21,1638.0,0,0.5,UP,0.0,0
2021-12-22,1615.0,1,0.5,UP,0.0,1
2021-12-23,1616.0,0,0.4166666666666667,DOWN,0.08333333333333331,1
2021-12-27,1615.0,0,0.4166666666666667,DOWN,0.08333333333333331,1
2021-12-28,1615.0,0,0.4245756721120602,DOWN,0.07542432788793979,1
2021-12-29,1421.0,1,0.5,UP,0.0,1
2021-12-30,1427.0,1,0.5,UP,0.0,1
2021-12-31,1435.0,1,0.5,UP,0.0,1
2022-01-03,1438.0,0,0.5,UP,0.0,0
2022-01-04,1435.0,0,0.5,UP,0.0,0
2022-01-05,1426.0,0,0.5,UP,0.0,0
2022-01-06,1420.0,0,0.5,UP,0.0,0
2022-01-07,1415.0,0,0.5,UP,0.0,0
2022-01-10,1406.0,0,0.5,UP,0.0,0
2022-01-11,1400.0,1,0.5,UP,0.0,1
2022-01-12,1435.0,1,0.5,UP,0.0,1
2022-01-13,1439.0,0,0.5,UP,0.0,0
2022-01-14,1437.0,0,0.5,UP,0.0,0
2022-01-18,1428.0,1,0.5,UP,0.0,1
2022-01-19,1438.0,0,0.5,UP,0.0,0
2022-01-20,1438.0,0,0.5,UP,0.0,0
2022-01-21,1425.0,1,0.5,UP,0.0,1
2022-01-24,1426.0,1,0.4166666666666667,DOWN,0.08333333333333331,0
2022-01-25,1430.0,0,0.5,UP,0.0,0
2022-01-26,1195.0,0,1.0,UP,0.5,0
2022-01-27,1175.0,0,1.0,UP,0.5,0
2022-01-28,1170.0,0,1.0,UP,0.5,0
2022-01-31,1165.0,1,0.5,UP,0.0,1
2022-02-01,1180.0,1,1.0,UP,0.5,1
2022-02-02,1195.0,0,0.5,UP,0.0,0
2022-02-03,1186.0,1,0.5,UP,0.0,1
2022-02-04,1190.0,0,0.49003634042001787,DOWN,0.009963659579982131,1
2022-02-07,1180.0,0,0.5,UP,0.0,0
2022-02-08,1164.0,0,0.5,UP,0.0,0
2022-02-09,1143.0,1,0.5,UP,0.0,1
2022-02-10,1145.0,0,0.5,UP,0.0,0
2022-02-11,1131.0,0,0.5,UP,0.0,0
2022-02-14,1131.0,0,0.5,UP,0.0,0
2022-02-15,1125.0,0,0.5,UP,0.0,0
2022-02-16,1117.0,0,0.5,UP,0.0,0
2022-02-17,1117.0,0,0.48614533454508047,DOWN,0.013854665454919535,1
2022-02-18,1117.0,0,0.5,UP,0.0,0
2022-02-22,1117.0,0,0.5,UP,0.0,0
2022-02-23,990.0,1,0.5,UP,0.0,1
2022-02-24,994.0,1,0.5,UP,0.0,1
2022-02-25,1010.0,1,0.5,UP,0.0,1
2022-02-28,1056.0,1,1.0,UP,0.5,1
2022-03-01,1060.0,0,0.900428405519022,UP,0.40042840551902203,0
2022-03-02,1057.0,1,0.5,UP,0.0,1
2022-03-03,1085.0,1,0.5,UP,0.0,1
2022-03-04,1175.0,0,1.0,UP,0.5,0
2022-03-07,1080.0,0,1.0,UP,0.5,0
2022-03-08,1065.0,1,1.0,UP,0.5,1
2022-03-09,1090.0,1,0.5,UP,0.0,1
2022-03-10,1102.0,1,0.6666666666666666,UP,0.16666666666666663,1
2022-03-11,1125.0,0,0.5,UP,0.0,0
2022-03-14,1125.0,0,0.4375,DOWN,0.0625,1
2022-03-15,1125.0,0,0.4375,DOWN,0.0625,1
2022-03-16,1100.0,1,0.4375,DOWN,0.0625,0
2022-03-17,1120.0,1,0.4375,DOWN,0.0625,0
2022-03-18,1134.0,1,0.4375,DOWN,0.0625,0
2022-03-21,1135.0,1,0.4375,DOWN,0.0625,0
2022-03-22,1138.0,0,0.5,UP,0.0,0
2022-03-23,1130.0,0,0.5,UP,0.0,0
2022-03-24,1117.0,1,0.4375,DOWN,0.0625,0
2022-03-25,1123.0,0,0.4375,DOWN,0.0625,1
2022-03-28,1120.0,1,0.4375,DOWN,0.0625,0
2022-03-29,1122.0,1,0.4375,DOWN,0.0625,0
2022-03-30,1535.0,1,0.4375,DOWN,0.0625,0
2022-03-31,1541.0,0,0.5,UP,0.0,0
2022-04-01,1540.0,0,0.6176905831436491,UP,0.11769058314364911,0
2022-04-04,1526.0,1,0.6666666666666666,UP,0.16666666666666663,1
2022-04-05,1530.0,0,0.6666666666666666,UP,0.16666666666666663,0
2022-04-06,1516.0,0,0.6666666666666666,UP,0.16666666666666663,0
2022-04-07,1514.0,0,0.4375,DOWN,0.0625,1
2022-04-08,1490.0,0,0.5,UP,0.0,0
2022-04-11,1475.0,0,0.5,UP,0.0,0
2022-04-12,1470.0,0,0.6666666666666666,UP,0.16666666666666663,0
2022-04-13,1469.0,1,0.6666666666666666,UP,0.16666666666666663,1
2022-04-14,1479.0,1,0.6666666666666666,UP,0.16666666666666663,1
2022-04-18,1480.0,0,0.6666666666666666,UP,0.16666666666666663,0
2022-04-19,1465.0,1,0.6666666666666666,UP,0.16666666666666663,1
2022-04-20,1467.0,0,0.6666666666666666,UP,0.16666666666666663,0
2022-04-21,1465.0,0,0.4375,DOWN,0.0625,1
2022-04-22,1465.0,1,0.5,UP,0.0,1
2022-04-25,1466.0,0,0.5487283178327528,UP,0.04872831783275278,0
2022-04-26,1466.0,0,0.6666666666666666,UP,0.16666666666666663,0
2022-04-27,1370.0,1,0.6666666666666666,UP,0.16666666666666663,1
2022-04-28,1390.0,1,0.6666666666666666,UP,0.16666666666666663,1
2022-04-29,1400.0,0,0.6666666666666666,UP,0.16666666666666663,0
2022-05-02,1400.0,0,0.6666666666666666,UP,0.16666666666666663,0
2022-05-03,1370.0,1,0.6666666666666666,UP,0.16666666666666663,1
2022-05-04,1390.0,1,0.5,UP,0.0,1
2022-05-05,1395.0,0,0.4375,DOWN,0.0625,1
2022-05-06,1378.0,0,0.4375,DOWN,0.0625,1
2022-05-09,1365.0,0,0.4375,DOWN,0.0625,1
2022-05-10,1363.0,1,0.4375,DOWN,0.0625,0
2022-05-11,1390.0,0,0.4375,DOWN,0.0625,1
2022-05-12,1380.0,1,0.4375,DOWN,0.0625,0
2022-05-13,1382.0,0,0.4375,DOWN,0.0625,1
2022-05-16,1376.0,1,0.4375,DOWN,0.0625,0
2022-05-17,1377.0,1,0.4375,DOWN,0.0625,0
2022-05-18,1380.0,0,0.4375,DOWN,0.0625,1
2022-05-19,1377.0,1,0.4375,DOWN,0.0625,0
2022-05-20,1385.0,0,0.4375,DOWN,0.0625,1
2022-05-23,1385.0,0,0.4375,DOWN,0.0625,1
2022-05-24,1385.0,0,0.4375,DOWN,0.0625,1
2022-05-25,1200.0,0,0.5,UP,0.0,0
2022-05-26,1200.0,0,0.4375,DOWN,0.0625,1
2022-05-27,1195.0,0,0.5,UP,0.0,0
2022-05-31,1190.0,0,0.6666666666666666,UP,0.16666666666666663,0
2022-06-01,1161.0,0,0.6666666666666666,UP,0.16666666666666663,0
2022-06-02,1160.0,0,0.4375,DOWN,0.0625,1
2022-06-03,1155.0,0,0.4375,DOWN,0.0625,1
2022-06-06,1155.0,0,0.4375,DOWN,0.0625,1
2022-06-07,1151.0,0,0.4375,DOWN,0.0625,1
2022-06-08,1150.0,0,0.4375,DOWN,0.0625,1
2022-06-09,1150.0,1,0.3382352941176471,DOWN,0.16176470588235292,0
2022-06-10,1160.0,0,0.3382352941176471,DOWN,0.16176470588235292,1
2022-06-13,1138.0,0,0.3382352941176471,DOWN,0.16176470588235292,1
2022-06-14,1135.0,0,0.3382352941176471,DOWN,0.16176470588235292,1
2022-06-15,1135.0,0,0.3382352941176471,DOWN,0.16176470588235292,1
2022-06-16,1126.0,0,0.3382352941176471,DOWN,0.16176470588235292,1
2022-06-17,1126.0,1,0.3382352941176471,DOWN,0.16176470588235292,0
2022-06-21,1127.0,0,0.3382352941176471,DOWN,0.16176470588235292,1
2022-06-22,1118.0,1,0.3382352941176471,DOWN,0.16176470588235292,0
2022-06-23,1127.0,0,0.3382352941176471,DOWN,0.16176470588235292,1
2022-06-24,1127.0,0,0.3382352941176471,DOWN,0.16176470588235292,1
2022-06-27,1127.0,0,0.3382352941176471,DOWN,0.16176470588235292,1
2022-06-28,1126.0,0,0.3382352941176471,DOWN,0.16176470588235292,1
2022-06-29,945.0,0,0.4444444444444444,DOWN,0.05555555555555558,1
2022-06-30,930.0,0,0.3382352941176471,DOWN,0.16176470588235292,1
2022-07-01,930.0,0,0.3382352941176471,DOWN,0.16176470588235292,1
2022-07-05,921.0,1,0.3382352941176471,DOWN,0.16176470588235292,0
2022-07-06,923.0,0,0.3382352941176471,DOWN,0.16176470588235292,1
2022-07-07,921.0,0,0.3382352941176471,DOWN,0.16176470588235292,1
2022-07-08,917.0,0,0.3382352941176471,DOWN,0.16176470588235292,1
2022-07-11,915.0,0,0.3382352941176471,DOWN,0.16176470588235292,1
2022-07-12,910.0,1,0.3382352941176471,DOWN,0.16176470588235292,0
2022-07-13,923.0,0,0.3382352941176471,DOWN,0.16176470588235292,1
2022-07-14,917.0,0,0.3382352941176471,DOWN,0.16176470588235292,1
2022-07-15,915.0,0,0.3382352941176471,DOWN,0.16176470588235292,1
2022-07-18,915.0,0,0.3382352941176471,DOWN,0.16176470588235292,1
2022-07-19,915.0,0,0.3382352941176471,DOWN,0.16176470588235292,1
2022-07-20,915.0,0,0.3382352941176471,DOWN,0.16176470588235292,1
2022-07-21,915.0,1,0.3382352941176471,DOWN,0.16176470588235292,0
2022-07-22,923.0,0,0.3382352941176471,DOWN,0.16176470588235292,1
2022-07-25,923.0,0,0.3382352941176471,DOWN,0.16176470588235292,1
2022-07-26,918.0,0,0.3382352941176471,DOWN,0.16176470588235292,1
2022-07-27,850.0,1,0.3382352941176471,DOWN,0.16176470588235292,0
2022-07-28,854.0,1,0.3382352941176471,DOWN,0.16176470588235292,0
2022-07-29,855.0,0,0.3382352941176471,DOWN,0.16176470588235292,1
2022-08-01,832.0,0,0.3382352941176471,DOWN,0.16176470588235292,1
2022-08-02,823.0,0,0.3382352941176471,DOWN,0.16176470588235292,1
2022-08-03,819.0,0,0.3382352941176471,DOWN,0.16176470588235292,1
2022-08-04,813.0,1,0.3382352941176471,DOWN,0.16176470588235292,0
2022-08-05,818.0,0,0.3382352941176471,DOWN,0.16176470588235292,1
2022-08-08,818.0,1,0.3382352941176471,DOWN,0.16176470588235292,0
2022-08-09,827.0,0,0.3382352941176471,DOWN,0.16176470588235292,1
2022-08-10,822.0,0,0.3382352941176471,DOWN,0.16176470588235292,1
2022-08-11,815.0,0,0.3382352941176471,DOWN,0.16176470588235292,1
2022-08-12,812.0,0,0.3382352941176471,DOWN,0.16176470588235292,1
2022-08-15,803.0,0,0.3382352941176471,DOWN,0.16176470588235292,1
2022-08-16,795.0,0,0.3382352941176471,DOWN,0.16176470588235292,1
2022-08-17,795.0,0,0.3382352941176471,DOWN,0.16176470588235292,1
2022-08-18,790.0,0,0.3382352941176471,DOWN,0.16176470588235292,1
2022-08-19,787.0,0,0.3382352941176471,DOWN,0.16176470588235292,1
2022-08-22,785.0,0,0.3382352941176471,DOWN,0.16176470588235292,1
2022-08-23,784.0,1,0.3382352941176471,DOWN,0.16176470588235292,0
2022-08-24,792.0,1,0.3382352941176471,DOWN,0.16176470588235292,0
2022-08-25,793.0,1,0.3382352941176471,DOWN,0.16176470588235292,0
2022-08-26,794.0,0,0.3382352941176471,DOWN,0.16176470588235292,1
2022-08-29,792.0,0,0.3382352941176471,DOWN,0.16176470588235292,1
2022-08-30,790.0,0,0.3382352941176471,DOWN,0.16176470588235292,1
2022-08-31,780.0,1,0.3382352941176471,DOWN,0.16176470588235292,0
2022-09-01,781.0,0,0.3382352941176471,DOWN,0.16176470588235292,1
2022-09-02,780.0,0,0.3382352941176471,DOWN,0.16176470588235292,1
2022-09-06,775.0,1,0.3382352941176471,DOWN,0.16176470588235292,0
2022-09-07,800.0,1,0.3382352941176471,DOWN,0.16176470588235292,0
2022-09-08,812.0,1,0.3382352941176471,DOWN,0.16176470588235292,0
2022-09-09,818.0,0,0.25925925925925924,DOWN,0.24074074074074076,1
2022-09-12,805.0,0,0.25925925925925924,DOWN,0.24074074074074076,1
2022-09-13,805.0,0,0.25925925925925924,DOWN,0.24074074074074076,1
2022-09-14,793.0,1,0.25925925925925924,DOWN,0.24074074074074076,0
2022-09-15,800.0,0,0.25925925925925924,DOWN,0.24074074074074076,1
2022-09-16,789.0,0,0.25925925925925924,DOWN,0.24074074074074076,1
2022-09-19,787.0,1,0.25925925925925924,DOWN,0.24074074074074076,0
2022-09-20,798.0,0,0.25925925925925924,DOWN,0.24074074074074076,1
2022-09-21,798.0,0,0.25925925925925924,DOWN,0.24074074074074076,1
2022-09-22,798.0,1,0.25925925925925924,DOWN,0.24074074074074076,0
2022-09-23,802.0,0,0.25925925925925924,DOWN,0.24074074074074076,1
2022-09-26,799.0,1,0.25925925925925924,DOWN,0.24074074074074076,0
2022-09-27,802.0,0,0.25925925925925924,DOWN,0.24074074074074076,1
2022-09-28,786.0,0,0.25925925925925924,DOWN,0.24074074074074076,1
2022-09-29,783.0,0,0.25925925925925924,DOWN,0.24074074074074076,1
2022-09-30,776.0,0,0.25925925925925924,DOWN,0.24074074074074076,1
2022-10-03,770.0,1,0.25925925925925924,DOWN,0.24074074074074076,0
2022-10-04,774.0,0,0.25925925925925924,DOWN,0.24074074074074076,1
2022-10-05,757.0,0,0.25925925925925924,DOWN,0.24074074074074076,1
2022-10-06,750.0,0,0.25925925925925924,DOWN,0.24074074074074076,1
2022-10-07,748.0,1,0.25925925925925924,DOWN,0.24074074074074076,0
2022-10-10,750.0,0,0.25925925925925924,DOWN,0.24074074074074076,1
2022-10-11,736.0,1,0.25925925925925924,DOWN,0.24074074074074076,0
2022-10-12,751.0,1,0.25925925925925924,DOWN,0.24074074074074076,0
2022-10-13,753.0,0,0.25925925925925924,DOWN,0.24074074074074076,1
2022-10-14,751.0,1,0.25925925925925924,DOWN,0.24074074074074076,0
2022-10-17,755.0,0,0.25925925925925924,DOWN,0.24074074074074076,1
2022-10-18,752.0,1,0.25925925925925924,DOWN,0.24074074074074076,0
2022-10-19,758.0,0,0.25925925925925924,DOWN,0.24074074074074076,1
2022-10-20,757.0,1,0.25925925925925924,DOWN,0.24074074074074076,0
2022-10-21,762.0,0,0.25925925925925924,DOWN,0.24074074074074076,1
2022-10-24,757.0,1,0.25925925925925924,DOWN,0.24074074074074076,0
2022-10-25,763.0,0,0.25925925925925924,DOWN,0.24074074074074076,1
2022-10-26,700.0,0,0.25925925925925924,DOWN,0.24074074074074076,1
2022-10-27,697.0,1,0.25925925925925924,DOWN,0.24074074074074076,0
2022-10-28,710.0,1,0.25925925925925924,DOWN,0.24074074074074076,0
2022-10-31,713.0,0,0.25925925925925924,DOWN,0.24074074074074076,1
2022-11-01,709.0,0,0.25925925925925924,DOWN,0.24074074074074076,1
2022-11-02,676.0,1,0.25925925925925924,DOWN,0.24074074074074076,0
2022-11-03,680.0,0,0.25925925925925924,DOWN,0.24074074074074076,1
2022-11-04,678.0,0,0.25925925925925924,DOWN,0.24074074074074076,1
2022-11-07,669.0,0,0.25925925925925924,DOWN,0.24074074074074076,1
2022-11-08,664.0,0,0.25925925925925924,DOWN,0.24074074074074076,1
2022-11-09,664.0,0,0.25925925925925924,DOWN,0.24074074074074076,1
2022-11-10,658.0,1,0.25925925925925924,DOWN,0.24074074074074076,0
2022-11-11,662.0,1,0.25925925925925924,DOWN,0.24074074074074076,0
2022-11-14,673.0,0,0.25925925925925924,DOWN,0.24074074074074076,1
2022-11-15,666.0,0,0.25925925925925924,DOWN,0.24074074074074076,1
2022-11-16,662.0,0,0.25925925925925924,DOWN,0.24074074074074076,1
2022-11-17,662.0,1,0.25925925925925924,DOWN,0.24074074074074076,0
2022-11-18,663.0,1,0.25925925925925924,DOWN,0.24074074074074076,0
2022-11-21,665.0,0,0.25925925925925924,DOWN,0.24074074074074076,1
2022-11-22,663.0,0,0.25925925925925924,DOWN,0.24074074074074076,1
2022-11-23,658.0,0,0.25925925925925924,DOWN,0.24074074074074076,1
2022-11-25,656.0,0,0.25925925925925924,DOWN,0.24074074074074076,1
2022-11-28,655.0,0,0.25925925925925924,DOWN,0.24074074074074076,1
2022-11-29,655.0,0,0.25925925925925924,DOWN,0.24074074074074076,1
2022-11-30,655.0,1,0.25925925925925924,DOWN,0.24074074074074076,0
2022-12-01,660.0,1,0.25925925925925924,DOWN,0.24074074074074076,0
2022-12-02,672.0,0,0.25925925925925924,DOWN,0.24074074074074076,1
2022-12-05,666.0,1,0.25925925925925924,DOWN,0.24074074074074076,0
2022-12-06,671.0,0,0.25925925925925924,DOWN,0.24074074074074076,1
2022-12-07,656.0,1,0.25925925925925924,DOWN,0.24074074074074076,0
2022-12-08,662.0,1,0.3382352941176471,DOWN,0.16176470588235292,0
2022-12-09,667.0,1,0.3382352941176471,DOWN,0.16176470588235292,0
2022-12-12,670.0,0,0.3382352941176471,DOWN,0.16176470588235292,1
2022-12-13,665.0,1,0.3382352941176471,DOWN,0.16176470588235292,0
2022-12-14,670.0,1,0.3382352941176471,DOWN,0.16176470588235292,0
2022-12-15,677.0,0,0.3382352941176471,DOWN,0.16176470588235292,1
2022-12-16,675.0,0,0.3382352941176471,DOWN,0.16176470588235292,1
2022-12-19,671.0,0,0.3382352941176471,DOWN,0.16176470588235292,1
2022-12-20,670.0,0,0.3382352941176471,DOWN,0.16176470588235292,1
2022-12-21,660.0,0,0.3382352941176471,DOWN,0.16176470588235292,1
2022-12-22,659.0,1,0.3382352941176471,DOWN,0.16176470588235292,0
2022-12-23,661.0,0,0.3382352941176471,DOWN,0.16176470588235292,1
2022-12-27,650.0,1,0.44298411755777084,DOWN,0.05701588244222916,0
2022-12-28,741.0,1,1.0,UP,0.5,1
2022-12-29,742.0,1,1.0,UP,0.5,1
2022-12-30,744.0,0,1.0,UP,0.5,0
2023-01-03,722.0,1,1.0,UP,0.5,1
2023-01-04,723.0,1,1.0,UP,0.5,1
2023-01-05,725.0,1,1.0,UP,0.5,1
2023-01-06,730.0,0,0.5,UP,0.0,0
2023-01-09,730.0,0,1.0,UP,0.5,0
2023-01-10,730.0,0,1.0,UP,0.5,0
2023-01-11,729.0,0,1.0,UP,0.5,0
2023-01-12,728.0,0,0.5495795973664173,UP,0.04957959736641726,0
2023-01-13,725.0,1,1.0,UP,0.5,1
2023-01-17,730.0,0,1.0,UP,0.5,0
2023-01-18,715.0,1,1.0,UP,0.5,1
2023-01-19,718.0,0,1.0,UP,0.5,0
2023-01-20,715.0,0,1.0,UP,0.5,0
2023-01-23,714.0,0,1.0,UP,0.5,0
2023-01-24,705.0,1,1.0,UP,0.5,1
2023-01-25,780.0,0,1.0,UP,0.5,0
2023-01-26,775.0,0,1.0,UP,0.5,0
2023-01-27,775.0,1,1.0,UP,0.5,1
2023-01-30,788.0,0,1.0,UP,0.5,0
2023-01-31,788.0,0,1.0,UP,0.5,0
2023-02-01,788.0,1,1.0,UP,0.5,1
2023-02-02,795.0,1,1.0,UP,0.5,1
2023-02-03,797.0,0,0.5,UP,0.0,0
2023-02-06,793.0,1,1.0,UP,0.5,1
2023-02-07,802.0,0,1.0,UP,0.5,0
2023-02-08,800.0,1,1.0,UP,0.5,1
2023-02-09,803.0,0,1.0,UP,0.5,0
2023-02-10,798.0,1,1.0,UP,0.5,1
2023-02-13,805.0,0,1.0,UP,0.5,0
2023-02-14,804.0,0,1.0,UP,0.5,0
2023-02-15,802.0,1,1.0,UP,0.5,1
2023-02-16,804.0,0,1.0,UP,0.5,0
2023-02-17,798.0,0,1.0,UP,0.5,0
2023-02-21,787.0,1,1.0,UP,0.5,1
2023-02-22,962.0,1,1.0,UP,0.5,1
2023-02-23,986.0,1,1.0,UP,0.5,1
2023-02-24,1020.0,1,1.0,UP,0.5,1
2023-02-27,1044.0,1,1.0,UP,0.5,1
2023-02-28,1054.0,0,1.0,UP,0.5,0
2023-03-01,1028.0,1,1.0,UP,0.5,1
2023-03-02,1049.0,1,1.0,UP,0.5,1
2023-03-03,1050.0,1,1.0,UP,0.5,1
2023-03-06,1060.0,0,1.0,UP,0.5,0
2023-03-07,1050.0,1,1.0,UP,0.5,1
2023-03-08,1065.0,0,1.0,UP,0.5,0
2023-03-09,1060.0,0,1.0,UP,0.5,0
2023-03-10,1056.0,0,1.0,UP,0.5,0
2023-03-13,1055.0,1,0.6153846153846154,UP,0.11538461538461542,1
2023-03-14,1075.0,0,0.75,UP,0.25,0
2023-03-15,1062.0,0,0.75,UP,0.25,0
2023-03-16,1056.0,0,0.6153846153846154,UP,0.11538461538461542,0
2023-03-17,1056.0,0,0.6153846153846154,UP,0.11538461538461542,0
2023-03-20,1055.0,1,0.6153846153846154,UP,0.11538461538461542,1
2023-03-21,1056.0,1,0.6153846153846154,UP,0.11538461538461542,1
2023-03-22,1058.0,0,0.38596491228070173,DOWN,0.11403508771929827,1
2023-03-23,1056.0,1,0.38596491228070173,DOWN,0.11403508771929827,0
2023-03-24,1057.0,1,0.38596491228070173,DOWN,0.11403508771929827,0
2023-03-27,1060.0,0,0.38596491228070173,DOWN,0.11403508771929827,1
2023-03-28,1036.0,1,0.5563897391244825,UP,0.05638973912448253,1
2023-03-29,1170.0,0,0.8014932354899451,UP,0.3014932354899451,0
2023-03-30,1165.0,0,0.5,UP,0.0,0
2023-03-31,1164.0,1,0.5609734275506881,UP,0.06097342755068813,1
2023-04-03,1175.0,0,0.75,UP,0.25,0
2023-04-04,1171.0,0,0.9526026447806032,UP,0.4526026447806032,0
2023-04-05,1162.0,1,0.6153846153846154,UP,0.11538461538461542,1
2023-04-06,1166.0,0,0.5,UP,0.0,0
2023-04-10,1166.0,0,0.38596491228070173,DOWN,0.11403508771929827,1
2023-04-11,1165.0,1,0.6153846153846154,UP,0.11538461538461542,1
2023-04-12,1184.0,0,0.6153846153846154,UP,0.11538461538461542,0
2023-04-13,1180.0,0,0.5364240060179412,UP,0.03642400601794116,0
2023-04-14,1175.0,0,0.5,UP,0.0,0
2023-04-17,1175.0,0,0.5,UP,0.0,0
2023-04-18,1175.0,1,0.5342041673131389,UP,0.03420416731313891,1
2023-04-19,1176.0,0,0.5,UP,0.0,0
2023-04-20,1176.0,1,0.38596491228070173,DOWN,0.11403508771929827,0
2023-04-21,1178.0,0,0.5,UP,0.0,0
2023-04-24,1177.0,0,0.5,UP,0.0,0
2023-04-25,1176.0,0,0.5373374947672128,UP,0.03733749476721282,0
2023-04-26,1073.0,1,1.0,UP,0.5,1
2023-04-27,1074.0,0,0.6153846153846154,UP,0.11538461538461542,0
2023-04-28,1069.0,1,0.6153846153846154,UP,0.11538461538461542,1
2023-05-01,1070.0,1,0.6153846153846154,UP,0.11538461538461542,1
2023-05-02,1086.0,1,0.6153846153846154,UP,0.11538461538461542,1
2023-05-03,1105.0,0,0.5079673106118276,UP,0.00796731061182765,0
2023-05-04,1096.0,1,0.38596491228070173,DOWN,0.11403508771929827,0
2023-05-05,1101.0,1,0.38596491228070173,DOWN,0.11403508771929827,0
2023-05-08,1105.0,0,0.38596491228070173,DOWN,0.11403508771929827,1
2023-05-09,1099.0,0,0.5,UP,0.0,0
2023-05-10,1095.0,0,0.5,UP,0.0,0
2023-05-11,1095.0,1,0.38596491228070173,DOWN,0.11403508771929827,0
2023-05-12,1096.0,0,0.38596491228070173,DOWN,0.11403508771929827,1
2023-05-15,1093.0,0,0.38596491228070173,DOWN,0.11403508771929827,1
2023-05-16,1093.0,0,0.38596491228070173,DOWN,0.11403508771929827,1
2023-05-17,1092.0,1,0.38596491228070173,DOWN,0.11403508771929827,0
2023-05-18,1096.0,0,0.38596491228070173,DOWN,0.11403508771929827,1
2023-05-19,1094.0,0,0.38596491228070173,DOWN,0.11403508771929827,1
2023-05-22,1090.0,0,0.38596491228070173,DOWN,0.11403508771929827,1
2023-05-23,1090.0,1,0.38596491228070173,DOWN,0.11403508771929827,0
2023-05-24,1099.0,0,0.38596491228070173,DOWN,0.11403508771929827,1
2023-05-25,1099.0,0,0.38596491228070173,DOWN,0.11403508771929827,1
2023-05-26,1099.0,0,0.38596491228070173,DOWN,0.11403508771929827,1
2023-05-30,1099.0,0,0.38596491228070173,DOWN,0.11403508771929827,1
2023-05-31,934.0,1,1.0,UP,0.5,1
2023-06-01,935.0,1,1.0,UP,0.5,1
2023-06-02,940.0,1,1.0,UP,0.5,1
2023-06-05,945.0,0,1.0,UP,0.5,0
2023-06-06,935.0,0,1.0,UP,0.5,0
2023-06-07,930.0,0,0.6153846153846154,UP,0.11538461538461542,0
2023-06-08,928.0,0,0.38596491228070173,DOWN,0.11403508771929827,1
2023-06-09,928.0,1,0.38596491228070173,DOWN,0.11403508771929827,0
2023-06-12,930.0,0,0.25,DOWN,0.25,1
2023-06-13,929.0,0,0.25,DOWN,0.25,1
2023-06-14,923.0,1,0.45,DOWN,0.04999999999999999,0
2023-06-15,927.0,0,0.21739130434782608,DOWN,0.28260869565217395,1
2023-06-16,927.0,0,0.21739130434782608,DOWN,0.28260869565217395,1
2023-06-20,927.0,0,0.45,DOWN,0.04999999999999999,1
2023-06-21,912.0,0,0.25,DOWN,0.25,1
2023-06-22,912.0,0,0.21739130434782608,DOWN,0.28260869565217395,1
2023-06-23,910.0,0,0.21739130434782608,DOWN,0.28260869565217395,1
2023-06-26,910.0,0,0.21739130434782608,DOWN,0.28260869565217395,1
2023-06-27,910.0,0,0.21739130434782608,DOWN,0.28260869565217395,1
2023-06-28,894.0,0,0.45,DOWN,0.04999999999999999,1
2023-06-29,885.0,0,0.21739130434782608,DOWN,0.28260869565217395,1
2023-06-30,881.0,0,0.21739130434782608,DOWN,0.28260869565217395,1
2023-07-03,865.0,1,0.21739130434782608,DOWN,0.28260869565217395,0
2023-07-05,874.0,1,0.21739130434782608,DOWN,0.28260869565217395,0
2023-07-06,895.0,1,0.21739130434782608,DOWN,0.28260869565217395,0
2023-07-07,905.0,0,0.21739130434782608,DOWN,0.28260869565217395,1
2023-07-10,901.0,1,0.21739130434782608,DOWN,0.28260869565217395,0
2023-07-11,907.0,0,0.21739130434782608,DOWN,0.28260869565217395,1
2023-07-12,896.0,1,0.21739130434782608,DOWN,0.28260869565217395,0
2023-07-13,899.0,0,0.21739130434782608,DOWN,0.28260869565217395,1
2023-07-14,897.0,0,0.21739130434782608,DOWN,0.28260869565217395,1
2023-07-17,892.0,0,0.21739130434782608,DOWN,0.28260869565217395,1
2023-07-18,887.0,0,0.21739130434782608,DOWN,0.28260869565217395,1
2023-07-19,861.0,0,0.21739130434782608,DOWN,0.28260869565217395,1
2023-07-20,858.0,0,0.21739130434782608,DOWN,0.28260869565217395,1
2023-07-21,858.0,0,0.21739130434782608,DOWN,0.28260869565217395,1
2023-07-24,858.0,0,0.21739130434782608,DOWN,0.28260869565217395,1
2023-07-25,858.0,0,0.21739130434782608,DOWN,0.28260869565217395,1
2023-07-26,835.0,0,0.21739130434782608,DOWN,0.28260869565217395,1
2023-07-27,826.0,0,0.21739130434782608,DOWN,0.28260869565217395,1
2023-07-28,824.0,1,0.21739130434782608,DOWN,0.28260869565217395,0
2023-07-31,825.0,0,0.21739130434782608,DOWN,0.28260869565217395,1
2023-08-01,820.0,1,0.21739130434782608,DOWN,0.28260869565217395,0
2023-08-02,825.0,0,0.21739130434782608,DOWN,0.28260869565217395,1
2023-08-03,815.0,0,0.21739130434782608,DOWN,0.28260869565217395,1
2023-08-04,803.0,1,0.21739130434782608,DOWN,0.28260869565217395,0
2023-08-07,804.0,0,0.21739130434782608,DOWN,0.28260869565217395,1
2023-08-08,802.0,0,0.21739130434782608,DOWN,0.28260869565217395,1
2023-08-09,801.0,1,0.21739130434782608,DOWN,0.28260869565217395,0
2023-08-10,806.0,0,0.21739130434782608,DOWN,0.28260869565217395,1
2023-08-11,806.0,0,0.21739130434782608,DOWN,0.28260869565217395,1
2023-08-14,804.0,0,0.21739130434782608,DOWN,0.28260869565217395,1
2023-08-15,804.0,1,0.21739130434782608,DOWN,0.28260869565217395,0
2023-08-16,811.0,0,0.21739130434782608,DOWN,0.28260869565217395,1
2023-08-17,810.0,0,0.21739130434782608,DOWN,0.28260869565217395,1
2023-08-18,807.0,0,0.21739130434782608,DOWN,0.28260869565217395,1
2023-08-21,807.0,0,0.21739130434782608,DOWN,0.28260869565217395,1
2023-08-22,807.0,0,0.21739130434782608,DOWN,0.28260869565217395,1
2023-08-23,802.0,1,0.21739130434782608,DOWN,0.28260869565217395,0
2023-08-24,803.0,0,0.21739130434782608,DOWN,0.28260869565217395,1
2023-08-25,803.0,0,0.21739130434782608,DOWN,0.28260869565217395,1
2023-08-28,801.0,0,0.21739130434782608,DOWN,0.28260869565217395,1
2023-08-29,801.0,0,0.21739130434782608,DOWN,0.28260869565217395,1
2023-08-30,729.0,0,0.45,DOWN,0.04999999999999999,1
2023-08-31,729.0,0,0.21739130434782608,DOWN,0.28260869565217395,1
2023-09-01,720.0,0,0.45,DOWN,0.04999999999999999,1
2023-09-05,711.0,1,0.45,DOWN,0.04999999999999999,0
2023-09-06,717.0,1,0.45,DOWN,0.04999999999999999,0
2023-09-07,725.0,0,0.45,DOWN,0.04999999999999999,1
2023-09-08,720.0,0,0.21739130434782608,DOWN,0.28260869565217395,1
2023-09-11,720.0,0,0.21739130434782608,DOWN,0.28260869565217395,1
2023-09-12,719.0,0,0.3333333333333333,DOWN,0.16666666666666669,1
2023-09-13,707.0,0,0.3333333333333333,DOWN,0.16666666666666669,1
2023-09-14,706.0,0,0.3,DOWN,0.2,1
2023-09-15,704.0,1,0.16216216216216217,DOWN,0.33783783783783783,0
2023-09-18,706.0,0,0.3,DOWN,0.2,1
2023-09-19,706.0,0,0.3333333333333333,DOWN,0.16666666666666669,1
2023-09-20,704.0,0,0.3333333333333333,DOWN,0.16666666666666669,1
2023-09-21,704.0,1,0.16216216216216217,DOWN,0.33783783783783783,0
2023-09-22,705.0,0,0.16216216216216217,DOWN,0.33783783783783783,1
2023-09-25,705.0,0,0.16216216216216217,DOWN,0.33783783783783783,1
2023-09-26,702.0,1,0.3333333333333333,DOWN,0.16666666666666669,0
2023-09-27,712.0,1,0.45477133891378363,DOWN,0.04522866108621637,0
2023-09-28,715.0,0,0.3333333333333333,DOWN,0.16666666666666669,1
2023-09-29,704.0,0,0.16216216216216217,DOWN,0.33783783783783783,1
2023-10-02,695.0,0,0.16216216216216217,DOWN,0.33783783783783783,1
2023-10-03,686.0,1,0.3333333333333333,DOWN,0.16666666666666669,0
2023-10-04,691.0,1,0.3333333333333333,DOWN,0.16666666666666669,0
2023-10-05,705.0,0,0.316567562367599,DOWN,0.18343243763240102,1
2023-10-06,705.0,0,0.16216216216216217,DOWN,0.33783783783783783,1
2023-10-09,701.0,0,0.3333333333333333,DOWN,0.16666666666666669,1
2023-10-10,701.0,0,0.3333333333333333,DOWN,0.16666666666666669,1
2023-10-11,700.0,0,0.3333333333333333,DOWN,0.16666666666666669,1
2023-10-12,696.0,0,0.16216216216216217,DOWN,0.33783783783783783,1
2023-10-13,695.0,1,0.16216216216216217,DOWN,0.33783783783783783,0
2023-10-16,698.0,1,0.3333333333333333,DOWN,0.16666666666666669,0
2023-10-17,705.0,0,0.3333333333333333,DOWN,0.16666666666666669,1
2023-10-18,703.0,1,0.3333333333333333,DOWN,0.16666666666666669,0
2023-10-19,704.0,0,0.28667616249485905,DOWN,0.21332383750514095,1
2023-10-20,703.0,0,0.3,DOWN,0.2,1
2023-10-23,701.0,1,0.3333333333333333,DOWN,0.16666666666666669,0
2023-10-24,702.0,1,0.3333333333333333,DOWN,0.16666666666666669,0
2023-10-25,827.0,1,1.0,UP,0.5,1
2023-10-26,855.0,1,1.0,UP,0.5,1
2023-10-27,866.0,1,0.3333333333333333,DOWN,0.16666666666666669,0
2023-10-30,871.0,0,0.6901403434018599,UP,0.19014034340185992,0
2023-10-31,871.0,1,0.6387894851796527,UP,0.13878948517965273,1
2023-11-01,883.0,0,0.42203944207055344,DOWN,0.07796055792944656,1
2023-11-02,882.0,0,0.3333333333333333,DOWN,0.16666666666666669,1
2023-11-03,873.0,1,0.3333333333333333,DOWN,0.16666666666666669,0
2023-11-06,890.0,0,0.3333333333333333,DOWN,0.16666666666666669,1
2023-11-07,885.0,1,0.3333333333333333,DOWN,0.16666666666666669,0
2023-11-08,892.0,0,0.3333333333333333,DOWN,0.16666666666666669,1
2023-11-09,889.0,1,0.3333333333333333,DOWN,0.16666666666666669,0
2023-11-10,893.0,1,0.3333333333333333,DOWN,0.16666666666666669,0
2023-11-13,895.0,0,0.3333333333333333,DOWN,0.16666666666666669,1
2023-11-14,895.0,0,0.3333333333333333,DOWN,0.16666666666666669,1
2023-11-15,890.0,0,0.3333333333333333,DOWN,0.16666666666666669,1
2023-11-16,890.0,0,0.3333333333333333,DOWN,0.16666666666666669,1
2023-11-17,890.0,0,0.16216216216216217,DOWN,0.33783783783783783,1
2023-11-20,890.0,0,0.3333333333333333,DOWN,0.16666666666666669,1
2023-11-21,890.0,1,0.3333333333333333,DOWN,0.16666666666666669,0
2023-11-22,898.0,1,0.16216216216216217,DOWN,0.33783783783783783,0
2023-11-24,901.0,0,0.16216216216216217,DOWN,0.33783783783783783,1
2023-11-27,900.0,1,0.16216216216216217,DOWN,0.33783783783783783,0
2023-11-28,901.0,1,0.16216216216216217,DOWN,0.33783783783783783,0
2023-11-29,1044.0,0,0.3333333333333333,DOWN,0.16666666666666669,1
2023-11-30,1044.0,0,0.16216216216216217,DOWN,0.33783783783783783,1
2023-12-01,1039.0,0,0.3333333333333333,DOWN,0.16666666666666669,1
2023-12-04,1039.0,0,0.3333333333333333,DOWN,0.16666666666666669,1
2023-12-05,1028.0,1,0.3333333333333333,DOWN,0.16666666666666669,0
2023-12-06,1061.0,1,0.3333333333333333,DOWN,0.16666666666666669,0
2023-12-07,1070.0,0,0.3,DOWN,0.2,1
2023-12-08,1070.0,1,0.3,DOWN,0.2,0
2023-12-11,1072.0,0,0.43054391672905007,DOWN,0.06945608327094993,1
2023-12-12,1067.0,0,0.401839730388185,DOWN,0.09816026961181501,1
2023-12-13,1067.0,1,0.375,DOWN,0.125,0
2023-12-14,1068.0,0,0.25,DOWN,0.25,1
2023-12-15,1068.0,1,0.25,DOWN,0.25,0
2023-12-18,1070.0,0,0.35294117647058826,DOWN,0.14705882352941174,1
2023-12-19,1065.0,1,0.375,DOWN,0.125,0
2023-12-20,1074.0,0,0.375,DOWN,0.125,1
2023-12-21,1074.0,0,0.35294117647058826,DOWN,0.14705882352941174,1
2023-12-22,1074.0,1,0.35294117647058826,DOWN,0.14705882352941174,0
2023-12-26,1078.0,1,0.375,DOWN,0.125,0
2023-12-27,1146.0,1,0.5,UP,0.0,1
2023-12-28,1149.0,0,0.25,DOWN,0.25,1
2023-12-29,1135.0,0,0.35294117647058826,DOWN,0.14705882352941174,1
2024-01-02,1127.0,0,0.35294117647058826,DOWN,0.14705882352941174,1
2024-01-03,1120.0,0,0.5,UP,0.0,0
2024-01-04,1099.0,0,0.35294117647058826,DOWN,0.14705882352941174,1
2024-01-05,1090.0,0,0.375,DOWN,0.125,1
2024-01-08,1080.0,1,0.35294117647058826,DOWN,0.14705882352941174,0
2024-01-09,1083.0,0,0.35294117647058826,DOWN,0.14705882352941174,1
2024-01-10,1078.0,0,0.375,DOWN,0.125,1
2024-01-11,1075.0,1,0.25,DOWN,0.25,0
2024-01-12,1076.0,0,0.35294117647058826,DOWN,0.14705882352941174,1
2024-01-16,1073.0,0,0.35294117647058826,DOWN,0.14705882352941174,1
2024-01-17,1070.0,0,0.25,DOWN,0.25,1
2024-01-18,1070.0,0,0.25,DOWN,0.25,1
2024-01-19,1070.0,0,0.0,DOWN,0.5,1
2024-01-22,1070.0,0,0.25,DOWN,0.25,1
2024-01-23,1070.0,1,0.25,DOWN,0.25,0
2024-01-24,1083.0,0,0.375,DOWN,0.125,1
2024-01-25,1077.0,0,0.35294117647058826,DOWN,0.14705882352941174,1
2024-01-26,1077.0,0,0.25,DOWN,0.25,1
2024-01-29,1077.0,1,0.25,DOWN,0.25,0
2024-01-30,1079.0,0,0.25,DOWN,0.25,1
2024-01-31,963.0,1,0.5,UP,0.0,1
2024-02-01,970.0,0,0.5,UP,0.0,0
2024-02-02,967.0,0,0.375,DOWN,0.125,1
2024-02-05,967.0,1,0.375,DOWN,0.125,0
2024-02-06,969.0,0,0.5,UP,0.0,0
2024-02-07,953.0,0,0.375,DOWN,0.125,1
2024-02-08,945.0,0,0.35294117647058826,DOWN,0.14705882352941174,1
2024-02-09,945.0,0,0.35294117647058826,DOWN,0.14705882352941174,1
2024-02-12,933.0,0,0.375,DOWN,0.125,1
2024-02-13,933.0,0,0.375,DOWN,0.125,1
2024-02-14,926.0,1,0.375,DOWN,0.125,0
2024-02-15,929.0,0,0.35294117647058826,DOWN,0.14705882352941174,1
2024-02-16,929.0,0,0.25,DOWN,0.25,1
2024-02-20,925.0,0,0.35294117647058826,DOWN,0.14705882352941174,1
2024-02-21,922.0,0,0.25,DOWN,0.25,1
2024-02-22,922.0,0,0.0,DOWN,0.5,1
2024-02-23,922.0,0,0.0,DOWN,0.5,1
2024-02-26,922.0,0,0.0,DOWN,0.5,1
2024-02-27,922.0,0,0.25,DOWN,0.25,1
2024-02-28,801.0,0,0.375,DOWN,0.125,1
2024-02-29,795.0,0,0.35294117647058826,DOWN,0.14705882352941174,1
2024-03-01,790.0,0,0.4849256621958143,DOWN,0.015074337804185711,1
2024-03-04,789.0,0,0.0,DOWN,0.5,1
2024-03-05,785.0,1,0.5,UP,0.0,1
2024-03-06,802.0,1,0.375,DOWN,0.125,0
2024-03-07,813.0,1,0.25,DOWN,0.25,0
2024-03-08,814.0,0,0.0,DOWN,0.5,1
2024-03-11,808.0,0,0.25,DOWN,0.25,1
2024-03-12,800.0,0,0.0,DOWN,0.5,1
2024-03-13,787.0,1,0.26666666666666666,DOWN,0.23333333333333334,0
2024-03-14,793.0,0,0.0,DOWN,0.5,1
2024-03-15,792.0,1,0.0,DOWN,0.5,0
2024-03-18,799.0,0,0.1,DOWN,0.4,1
2024-03-19,795.0,0,0.0,DOWN,0.5,1
2024-03-20,794.0,0,0.0,DOWN,0.5,1
2024-03-21,794.0,0,0.0,DOWN,0.5,1
2024-03-22,794.0,0,0.0,DOWN,0.5,1
2024-03-25,789.0,0,0.0,DOWN,0.5,1
2024-03-26,789.0,1,0.0,DOWN,0.5,0
2024-03-27,865.0,0,0.2,DOWN,0.3,1
2024-03-28,860.0,1,0.0,DOWN,0.5,0
2024-04-01,863.0,1,0.0,DOWN,0.5,0
2024-04-02,879.0,0,0.1,DOWN,0.4,1
2024-04-03,860.0,0,0.0,DOWN,0.5,1
2024-04-04,853.0,0,0.0,DOWN,0.5,1
2024-04-05,853.0,0,0.0,DOWN,0.5,1
2024-04-08,847.0,0,0.1,DOWN,0.4,1
2024-04-09,845.0,0,0.1,DOWN,0.4,1
2024-04-10,845.0,1,0.0,DOWN,0.5,0
2024-04-11,850.0,0,0.0,DOWN,0.5,1
2024-04-12,845.0,0,0.0,DOWN,0.5,1
2024-04-15,845.0,0,0.0,DOWN,0.5,1
2024-04-16,845.0,0,0.0,DOWN,0.5,1
2024-04-17,840.0,0,0.0,DOWN,0.5,1
2024-04-18,840.0,1,0.0,DOWN,0.5,0
2024-04-19,843.0,0,0.0,DOWN,0.5,1
2024-04-22,843.0,0,0.0,DOWN,0.5,1
2024-04-23,843.0,0,0.1,DOWN,0.4,1
2024-04-24,810.0,1,0.1,DOWN,0.4,0
2024-04-25,812.0,1,0.0,DOWN,0.5,0
2024-04-26,821.0,1,0.0,DOWN,0.5,0
2024-04-29,828.0,0,0.0,DOWN,0.5,1
2024-04-30,813.0,0,0.1,DOWN,0.4,1
2024-05-01,810.0,0,0.0,DOWN,0.5,1
2024-05-02,810.0,1,0.0,DOWN,0.5,0
2024-05-03,813.0,0,0.0,DOWN,0.5,1
2024-05-06,779.0,1,0.1,DOWN,0.4,0
2024-05-07,785.0,0,0.0,DOWN,0.5,1
2024-05-08,780.0,1,0.0743377107830008,DOWN,0.4256622892169992,0
2024-05-09,785.0,0,0.0,DOWN,0.5,1
2024-05-10,780.0,1,0.0,DOWN,0.5,0
2024-05-13,781.0,1,0.0,DOWN,0.5,0
2024-05-14,783.0,0,0.0,DOWN,0.5,1
2024-05-15,783.0,1,0.0,DOWN,0.5,0
2024-05-16,786.0,1,0.0,DOWN,0.5,0
2024-05-17,787.0,1,0.0,DOWN,0.5,0
2024-05-20,789.0,1,0.0,DOWN,0.5,0
2024-05-21,791.0,0,0.0,DOWN,0.5,1
2024-05-22,789.0,0,0.0,DOWN,0.5,1
2024-05-23,789.0,0,0.0,DOWN,0.5,1
2024-05-24,789.0,1,0.0,DOWN,0.5,0
2024-05-28,791.0,0,0.0,DOWN,0.5,1
2024-05-29,779.0,0,0.0,DOWN,0.5,1
2024-05-30,772.0,0,0.0,DOWN,0.5,1
2024-05-31,761.0,0,0.0,DOWN,0.5,1
2024-06-03,751.0,0,0.0,DOWN,0.5,1
2024-06-04,741.0,1,0.1,DOWN,0.4,0
2024-06-05,742.0,0,0.0,DOWN,0.5,1
2024-06-06,730.0,0,0.0,DOWN,0.5,1
2024-06-07,728.0,0,0.0,DOWN,0.5,1
2024-06-10,725.0,1,0.0,DOWN,0.5,0
2024-06-11,728.0,1,0.0,DOWN,0.5,0
2024-06-12,733.0,1,0.3194444444444444,DOWN,0.18055555555555558,0
2024-06-13,735.0,0,0.3194444444444444,DOWN,0.18055555555555558,1
2024-06-14,735.0,0,0.0,DOWN,0.5,1
2024-06-17,735.0,0,0.3075181847119458,DOWN,0.1924818152880542,1
2024-06-18,732.0,0,0.3194444444444444,DOWN,0.18055555555555558,1
2024-06-20,725.0,0,0.0,DOWN,0.5,1
2024-06-21,721.0,0,0.0,DOWN,0.5,1
2024-06-24,717.0,0,0.3194444444444444,DOWN,0.18055555555555558,1
2024-06-25,717.0,0,0.3194444444444444,DOWN,0.18055555555555558,1
2024-06-26,675.0,1,0.3194444444444444,DOWN,0.18055555555555558,0
2024-06-27,676.0,0,0.3194444444444444,DOWN,0.18055555555555558,1
2024-06-28,674.0,0,0.3194444444444444,DOWN,0.18055555555555558,1
2024-07-01,674.0,0,0.3194444444444444,DOWN,0.18055555555555558,1
2024-07-02,670.0,0,0.32488250654217943,DOWN,0.17511749345782057,1
2024-07-03,669.0,1,0.3194444444444444,DOWN,0.18055555555555558,0
2024-07-05,675.0,0,0.3194444444444444,DOWN,0.18055555555555558,1
2024-07-08,673.0,0,0.3194444444444444,DOWN,0.18055555555555558,1
2024-07-09,670.0,0,0.3194444444444444,DOWN,0.18055555555555558,1
2024-07-10,669.0,0,0.3194444444444444,DOWN,0.18055555555555558,1
2024-07-11,666.0,0,0.3194444444444444,DOWN,0.18055555555555558,1
2024-07-12,665.0,0,0.3194444444444444,DOWN,0.18055555555555558,1
2024-07-15,662.0,0,0.3194444444444444,DOWN,0.18055555555555558,1
2024-07-16,660.0,0,0.3194444444444444,DOWN,0.18055555555555558,1
2024-07-17,659.0,0,0.3194444444444444,DOWN,0.18055555555555558,1
2024-07-18,659.0,0,0.3194444444444444,DOWN,0.18055555555555558,1
2024-07-19,657.0,0,0.3194444444444444,DOWN,0.18055555555555558,1
2024-07-22,657.0,0,0.3194444444444444,DOWN,0.18055555555555558,1
2024-07-23,655.0,1,0.3194444444444444,DOWN,0.18055555555555558,0
2024-07-24,658.0,1,0.3194444444444444,DOWN,0.18055555555555558,0
2024-07-25,664.0,0,0.3194444444444444,DOWN,0.18055555555555558,1
2024-07-26,664.0,0,0.3194444444444444,DOWN,0.18055555555555558,1
2024-07-29,664.0,1,0.3194444444444444,DOWN,0.18055555555555558,0
2024-07-30,666.0,1,0.3194444444444444,DOWN,0.18055555555555558,0
2024-07-31,704.0,0,0.3194444444444444,DOWN,0.18055555555555558,1
2024-08-01,688.0,0,0.33187608722844625,DOWN,0.16812391277155375,1
2024-08-02,681.0,1,0.3333333333333333,DOWN,0.16666666666666669,0
2024-08-05,687.0,0,0.3333333333333333,DOWN,0.16666666666666669,1
2024-08-06,685.0,0,0.3194444444444444,DOWN,0.18055555555555558,1
2024-08-07,684.0,0,0.3194444444444444,DOWN,0.18055555555555558,1
2024-08-08,678.0,1,0.3194444444444444,DOWN,0.18055555555555558,0
2024-08-09,680.0,0,0.3194444444444444,DOWN,0.18055555555555558,1
2024-08-12,678.0,0,0.3194444444444444,DOWN,0.18055555555555558,1
2024-08-13,676.0,0,0.3194444444444444,DOWN,0.18055555555555558,1
2024-08-14,660.0,0,0.3194444444444444,DOWN,0.18055555555555558,1
2024-08-15,660.0,0,0.3194444444444444,DOWN,0.18055555555555558,1
2024-08-16,656.0,1,0.3194444444444444,DOWN,0.18055555555555558,0
2024-08-19,662.0,0,0.3194444444444444,DOWN,0.18055555555555558,1
2024-08-20,662.0,1,0.3194444444444444,DOWN,0.18055555555555558,0
2024-08-21,672.0,0,0.3310237730429026,DOWN,0.1689762269570974,1
2024-08-22,672.0,0,0.3194444444444444,DOWN,0.18055555555555558,1
2024-08-23,672.0,0,0.3194444444444444,DOWN,0.18055555555555558,1
2024-08-26,670.0,1,0.3194444444444444,DOWN,0.18055555555555558,0
2024-08-27,671.0,1,0.3194444444444444,DOWN,0.18055555555555558,0
2024-08-28,730.0,0,0.3333333333333333,DOWN,0.16666666666666669,1
2024-08-29,725.0,0,0.3194444444444444,DOWN,0.18055555555555558,1
2024-08-30,714.0,0,0.3194444444444444,DOWN,0.18055555555555558,1
2024-09-03,700.0,0,0.3333333333333333,DOWN,0.16666666666666669,1
2024-09-04,689.0,1,0.32799594686822786,DOWN,0.17200405313177214,0
2024-09-05,699.0,1,0.3194444444444444,DOWN,0.18055555555555558,0
2024-09-06,700.0,0,0.3194444444444444,DOWN,0.18055555555555558,1
2024-09-09,700.0,0,0.3194444444444444,DOWN,0.18055555555555558,1
2024-09-10,700.0,0,0.3194444444444444,DOWN,0.18055555555555558,1
2024-09-11,700.0,0,0.3194444444444444,DOWN,0.18055555555555558,1
2024-09-12,698.0,0,0.3076923076923077,DOWN,0.1923076923076923,1
2024-09-13,698.0,0,0.3076923076923077,DOWN,0.1923076923076923,1
2024-09-16,698.0,1,0.3076923076923077,DOWN,0.1923076923076923,0
2024-09-17,700.0,1,0.3076923076923077,DOWN,0.1923076923076923,0
2024-09-18,703.0,1,0.3076923076923077,DOWN,0.1923076923076923,0
2024-09-19,705.0,0,0.3076923076923077,DOWN,0.1923076923076923,1
2024-09-20,704.0,0,0.3076923076923077,DOWN,0.1923076923076923,1
2024-09-23,704.0,0,0.3076923076923077,DOWN,0.1923076923076923,1
2024-09-24,704.0,1,0.3076923076923077,DOWN,0.1923076923076923,0
2024-09-25,726.0,1,0.3333333333333333,DOWN,0.16666666666666669,0
2024-09-26,735.0,0,0.3076923076923077,DOWN,0.1923076923076923,1
2024-09-27,734.0,1,0.3076923076923077,DOWN,0.1923076923076923,0
2024-09-30,735.0,0,0.3333333333333333,DOWN,0.16666666666666669,1
2024-10-01,727.0,0,0.3076923076923077,DOWN,0.1923076923076923,1
2024-10-02,715.0,1,0.3076923076923077,DOWN,0.1923076923076923,0
2024-10-03,724.0,0,0.3076923076923077,DOWN,0.1923076923076923,1
2024-10-04,724.0,0,0.3076923076923077,DOWN,0.1923076923076923,1
2024-10-07,721.0,0,0.3076923076923077,DOWN,0.1923076923076923,1
2024-10-08,711.0,0,0.3333333333333333,DOWN,0.16666666666666669,1
2024-10-09,700.0,1,0.3076923076923077,DOWN,0.1923076923076923,0
2024-10-10,701.0,1,0.3076923076923077,DOWN,0.1923076923076923,0
2024-10-11,705.0,0,0.3076923076923077,DOWN,0.1923076923076923,1
2024-10-14,698.0,0,0.3076923076923077,DOWN,0.1923076923076923,1
2024-10-15,698.0,1,0.3259767634461761,DOWN,0.1740232365538239,0
2024-10-16,705.0,0,0.3333333333333333,DOWN,0.16666666666666669,1
2024-10-17,705.0,0,0.3076923076923077,DOWN,0.1923076923076923,1
2024-10-18,705.0,0,0.3076923076923077,DOWN,0.1923076923076923,1
2024-10-21,705.0,0,0.3076923076923077,DOWN,0.1923076923076923,1
2024-10-22,705.0,0,0.3076923076923077,DOWN,0.1923076923076923,1
2024-10-23,704.0,0,0.3076923076923077,DOWN,0.1923076923076923,1
2024-10-24,704.0,0,0.3076923076923077,DOWN,0.1923076923076923,1
2024-10-25,704.0,1,0.3076923076923077,DOWN,0.1923076923076923,0
2024-10-28,710.0,0,0.3076923076923077,DOWN,0.1923076923076923,1
2024-10-29,709.0,0,0.3076923076923077,DOWN,0.1923076923076923,1
2024-10-30,701.0,1,0.3333333333333333,DOWN,0.16666666666666669,0
2024-10-31,715.0,0,0.3333333333333333,DOWN,0.16666666666666669,1
2024-11-01,714.0,0,0.3076923076923077,DOWN,0.1923076923076923,1
2024-11-04,702.0,0,0.3076923076923077,DOWN,0.1923076923076923,1
2024-11-05,702.0,1,0.3333333333333333,DOWN,0.16666666666666669,0
2024-11-06,706.0,1,0.3076923076923077,DOWN,0.1923076923076923,0
2024-11-07,707.0,0,0.3076923076923077,DOWN,0.1923076923076923,1
2024-11-08,707.0,0,0.3076923076923077,DOWN,0.1923076923076923,1
2024-11-11,698.0,0,0.3076923076923077,DOWN,0.1923076923076923,1
2024-11-12,697.0,0,0.3076923076923077,DOWN,0.1923076923076923,1
2024-11-13,685.0,1,0.3076923076923077,DOWN,0.1923076923076923,0
2024-11-14,692.0,0,0.3333333333333333,DOWN,0.16666666666666669,1
2024-11-15,691.0,0,0.3076923076923077,DOWN,0.1923076923076923,1
2024-11-18,691.0,0,0.3076923076923077,DOWN,0.1923076923076923,1
2024-11-19,686.0,0,0.3076923076923077,DOWN,0.1923076923076923,1
2024-11-20,680.0,0,0.3076923076923077,DOWN,0.1923076923076923,1
2024-11-21,680.0,0,0.3076923076923077,DOWN,0.1923076923076923,1
2024-11-22,680.0,0,0.3076923076923077,DOWN,0.1923076923076923,1
2024-11-25,676.0,1,0.3076923076923077,DOWN,0.1923076923076923,0
2024-11-26,677.0,1,0.3076923076923077,DOWN,0.1923076923076923,0
2024-11-27,702.0,0,0.3076923076923077,DOWN,0.1923076923076923,1
2024-11-29,700.0,0,0.3076923076923077,DOWN,0.1923076923076923,1
2024-12-02,700.0,0,0.3076923076923077,DOWN,0.1923076923076923,1
2024-12-03,690.0,0,0.3076923076923077,DOWN,0.1923076923076923,1
2024-12-04,686.0,1,0.3076923076923077,DOWN,0.1923076923076923,0
2024-12-05,689.0,0,0.3076923076923077,DOWN,0.1923076923076923,1
2024-12-06,689.0,0,0.3076923076923077,DOWN,0.1923076923076923,1
2024-12-09,675.0,0,0.3076923076923077,DOWN,0.1923076923076923,1
2024-12-10,675.0,1,0.3333333333333333,DOWN,0.16666666666666669,0
2024-12-11,677.0,0,0.29436992368886283,DOWN,0.20563007631113717,1
2024-12-12,675.0,0,0.0,DOWN,0.5,1
2024-12-13,675.0,0,0.0,DOWN,0.5,1
2024-12-16,675.0,0,0.0,DOWN,0.5,1
2024-12-17,675.0,1,0.0,DOWN,0.5,0
2024-12-18,680.0,0,0.0,DOWN,0.5,1
2024-12-19,679.0,0,0.0,DOWN,0.5,1
2024-12-20,679.0,1,0.0,DOWN,0.5,0
2024-12-23,683.0,0,0.0,DOWN,0.5,1
2024-12-24,681.0,1,0.0,DOWN,0.5,0
2024-12-26,720.0,1,0.2962962962962963,DOWN,0.20370370370370372,0
2024-12-27,730.0,0,0.0,DOWN,0.5,1
2024-12-30,725.0,0,0.2962962962962963,DOWN,0.20370370370370372,1
2024-12-31,709.0,0,0.2962962962962963,DOWN,0.20370370370370372,1
2025-01-02,708.0,0,0.0,DOWN,0.5,1
2025-01-03,708.0,1,0.0,DOWN,0.5,0
2025-01-06,718.0,0,0.25,DOWN,0.25,1
2025-01-07,710.0,0,0.25,DOWN,0.25,1
2025-01-08,702.0,0,0.2962962962962963,DOWN,0.20370370370370372,1
2025-01-09,702.0,1,0.04340968604312968,DOWN,0.45659031395687033,0
2025-01-10,704.0,1,0.0,DOWN,0.5,0
2025-01-13,705.0,1,0.0,DOWN,0.5,0
2025-01-14,707.0,0,0.0,DOWN,0.5,1
2025-01-15,699.0,0,0.25,DOWN,0.25,1
2025-01-16,696.0,0,0.0,DOWN,0.5,1
2025-01-17,695.0,0,0.04628602574874644,DOWN,0.45371397425125354,1
2025-01-21,691.0,0,0.25,DOWN,0.25,1
2025-01-22,688.0,0,0.25,DOWN,0.25,1
2025-01-23,688.0,0,0.0,DOWN,0.5,1
2025-01-24,688.0,1,0.0,DOWN,0.5,0
2025-01-27,689.0,0,0.25,DOWN,0.25,1
2025-01-28,689.0,1,0.0,DOWN,0.5,0
2025-01-29,735.0,0,0.2962962962962963,DOWN,0.20370370370370372,1
2025-01-30,732.0,1,0.2962962962962963,DOWN,0.20370370370370372,0
2025-01-31,740.0,1,0.2962962962962963,DOWN,0.20370370370370372,0
2025-02-03,742.0,0,0.4444444444444444,DOWN,0.05555555555555558,1
2025-02-04,735.0,1,0.2962962962962963,DOWN,0.20370370370370372,0
2025-02-05,742.0,0,0.2962962962962963,DOWN,0.20370370370370372,1
2025-02-06,740.0,1,0.25,DOWN,0.25,0
2025-02-07,755.0,1,0.2962962962962963,DOWN,0.20370370370370372,0
2025-02-10,759.0,1,0.2962962962962963,DOWN,0.20370370370370372,0
2025-02-11,760.0,1,0.2962962962962963,DOWN,0.20370370370370372,0
2025-02-12,765.0,1,0.2962962962962963,DOWN,0.20370370370370372,0
2025-02-13,767.0,1,0.25,DOWN,0.25,0
2025-02-14,768.0,1,0.2962962962962963,DOWN,0.20370370370370372,0
2025-02-18,773.0,1,0.2962962962962963,DOWN,0.20370370370370372,0
2025-02-19,777.0,1,0.2962962962962963,DOWN,0.20370370370370372,0
2025-02-20,779.0,0,0.2962962962962963,DOWN,0.20370370370370372,1
2025-02-21,778.0,1,0.2962962962962963,DOWN,0.20370370370370372,0
2025-02-24,779.0,0,0.2962962962962963,DOWN,0.20370370370370372,1
2025-02-25,779.0,1,0.2962962962962963,DOWN,0.20370370370370372,0
2025-02-26,907.0,0,1.0,UP,0.5,0
2025-02-27,905.0,1,0.2962962962962963,DOWN,0.20370370370370372,0
2025-02-28,912.0,1,0.2962962962962963,DOWN,0.20370370370370372,0
2025-03-03,914.0,0,0.4444444444444444,DOWN,0.05555555555555558,1
2025-03-04,914.0,1,0.4444444444444444,DOWN,0.05555555555555558,0
2025-03-05,926.0,0,0.29972697373581103,DOWN,0.20027302626418897,1
2025-03-06,922.0,1,0.2962962962962963,DOWN,0.20370370370370372,0
2025-03-07,925.0,0,0.2962962962962963,DOWN,0.20370370370370372,1
2025-03-10,925.0,1,0.2962962962962963,DOWN,0.20370370370370372,0
2025-03-11,927.0,1,0.2962962962962963,DOWN,0.20370370370370372,0
2025-03-12,944.0,0,0.2962962962962963,DOWN,0.20370370370370372,1
2025-03-13,940.0,0,0.2962962962962963,DOWN,0.20370370370370372,1
2025-03-14,939.0,1,0.5,UP,0.0,1
2025-03-17,940.0,0,0.5,UP,0.0,0
2025-03-18,940.0,0,0.5,UP,0.0,0
2025-03-19,937.0,1,0.5,UP,0.0,1
2025-03-20,938.0,0,0.5,UP,0.0,0
2025-03-21,937.0,0,0.5,UP,0.0,0
2025-03-24,934.0,0,0.5,UP,0.0,0
2025-03-25,934.0,0,0.5,UP,0.0,0
2025-03-26,905.0,0,0.5,UP,0.0,0
2025-03-27,890.0,0,0.5,UP,0.0,0
2025-03-28,890.0,0,0.5,UP,0.0,0
2025-03-31,890.0,1,0.5,UP,0.0,1
2025-04-01,895.0,1,0.5,UP,0.0,1
2025-04-02,915.0,0,0.5,UP,0.0,0
2025-04-03,913.0,1,0.5,UP,0.0,1
2025-04-04,932.0,0,0.5,UP,0.0,0
2025-04-07,930.0,0,0.5,UP,0.0,0
2025-04-08,920.0,0,0.5,UP,0.0,0
2025-04-09,920.0,1,0.5,UP,0.0,1
2025-04-10,930.0,1,0.37037037037037035,DOWN,0.12962962962962965,0
2025-04-11,938.0,0,0.5,UP,0.0,0
2025-04-14,938.0,1,0.5,UP,0.0,1
2025-04-15,939.0,1,0.41834998672081264,DOWN,0.08165001327918736,0
2025-04-16,940.0,0,0.37037037037037035,DOWN,0.12962962962962965,1
2025-04-17,940.0,0,0.37037037037037035,DOWN,0.12962962962962965,1
2025-04-21,940.0,0,0.37037037037037035,DOWN,0.12962962962962965,1
2025-04-22,940.0,1,0.37037037037037035,DOWN,0.12962962962962965,0
2025-04-23,942.0,1,0.37037037037037035,DOWN,0.12962962962962965,0
2025-04-24,944.0,0,0.3688524093965388,DOWN,0.1311475906034612,1
2025-04-25,944.0,0,0.2642581920685623,DOWN,0.23574180793143767,1
2025-04-28,944.0,0,0.37037037037037035,DOWN,0.12962962962962965,1
2025-04-29,944.0,0,0.37037037037037035,DOWN,0.12962962962962965,1
2025-04-30,866.0,1,0.5,UP,0.0,1
2025-05-01,867.0,1,0.5,UP,0.0,1
2025-05-02,874.0,1,0.5,UP,0.0,1
2025-05-05,875.0,0,0.5,UP,0.0,0
2025-05-06,872.0,1,0.5,UP,0.0,1
2025-05-07,890.0,0,0.5,UP,0.0,0
2025-05-08,890.0,0,0.0,DOWN,0.5,1
2025-05-09,890.0,0,0.0,DOWN,0.5,1
2025-05-12,890.0,0,0.0,DOWN,0.5,1
2025-05-13,885.0,1,0.0,DOWN,0.5,0
2025-05-14,891.0,1,0.3333333333333333,DOWN,0.16666666666666669,0
2025-05-15,900.0,0,0.2857142857142857,DOWN,0.2142857142857143,1
2025-05-16,895.0,0,0.0,DOWN,0.5,1
2025-05-19,895.0,0,0.0,DOWN,0.5,1
2025-05-20,893.0,1,0.2857142857142857,DOWN,0.2142857142857143,0
2025-05-21,903.0,0,0.37037037037037035,DOWN,0.12962962962962965,1
2025-05-22,903.0,0,0.0,DOWN,0.5,1
2025-05-23,903.0,0,0.0,DOWN,0.5,1
2025-05-27,903.0,0,0.37037037037037035,DOWN,0.12962962962962965,1
2025-05-28,835.0,1,0.5,UP,0.0,1
2025-05-29,842.0,0,0.5,UP,0.0,0
2025-05-30,840.0,1,0.37037037037037035,DOWN,0.12962962962962965,0
2025-06-02,893.0,0,0.5,UP,0.0,0
2025-06-03,870.0,1,0.5,UP,0.0,1
2025-06-04,872.0,1,0.5,UP,0.0,1
2025-06-05,878.0,0,0.2857142857142857,DOWN,0.2142857142857143,1
2025-06-06,878.0,1,0.0,DOWN,0.5,0
2025-06-09,881.0,1,0.2857142857142857,DOWN,0.2142857142857143,0
2025-06-10,883.0,0,0.5,UP,0.0,0
2025-06-11,862.0,0,0.5,UP,0.0,0
2025-06-12,862.0,0,0.0,DOWN,0.5,1
2025-06-13,862.0,1,0.3333333333333333,DOWN,0.16666666666666669,0
2025-06-16,864.0,0,0.4375,DOWN,0.0625,1
2025-06-17,864.0,1,0.38571517228563396,DOWN,0.11428482771436604,0
2025-06-18,870.0,1,0.4375,DOWN,0.0625,0
2025-06-20,872.0,0,0.1665173051970939,DOWN,0.3334826948029061,1
2025-06-23,872.0,0,0.3333333333333333,DOWN,0.16666666666666669,1
2025-06-24,872.0,1,0.3333333333333333,DOWN,0.16666666666666669,0
2025-06-25,889.0,0,0.5128205128205128,UP,0.012820512820512775,0
2025-06-26,885.0,0,0.4375,DOWN,0.0625,1
2025-06-27,883.0,0,0.4375,DOWN,0.0625,1
2025-06-30,880.0,1,0.4444444444444444,DOWN,0.05555555555555558,0
2025-07-01,883.0,1,0.3989628521376317,DOWN,0.10103714786236828,0
2025-07-02,885.0,0,0.5,UP,0.0,0
2025-07-03,885.0,0,0.3333333333333333,DOWN,0.16666666666666669,1
2025-07-07,879.0,1,0.4444444444444444,DOWN,0.05555555555555558,0
2025-07-08,890.0,0,0.4375,DOWN,0.0625,1
2025-07-09,882.0,0,0.4375,DOWN,0.0625,1
2025-07-10,882.0,0,0.4375,DOWN,0.0625,1
2025-07-11,877.0,1,0.4375,DOWN,0.0625,0
2025-07-14,881.0,0,0.4375,DOWN,0.0625,1
2025-07-15,881.0,0,0.5128205128205128,UP,0.012820512820512775,0
2025-07-16,873.0,1,0.5025721921587253,UP,0.002572192158725284,1
2025-07-17,875.0,0,0.4375,DOWN,0.0625,1
2025-07-18,875.0,0,0.4375,DOWN,0.0625,1
2025-07-21,874.0,0,0.4375,DOWN,0.0625,1
2025-07-22,874.0,1,0.5128205128205128,UP,0.012820512820512775,1
2025-07-23,876.0,0,0.5,UP,0.0,0
2025-07-24,872.0,0,0.5128205128205128,UP,0.012820512820512775,0
2025-07-25,871.0,1,0.4375,DOWN,0.0625,0
2025-07-28,873.0,1,0.4375,DOWN,0.0625,0
2025-07-29,875.0,0,0.5128205128205128,UP,0.012820512820512775,0
2025-07-30,860.0,0,0.5118450139192455,UP,0.011845013919245528,0
2025-07-31,842.0,1,0.5128205128205128,UP,0.012820512820512775,1
2025-08-01,847.0,1,0.4375,DOWN,0.0625,0
2025-08-04,855.0,0,0.4375,DOWN,0.0625,1
2025-08-05,850.0,0,0.5128205128205128,UP,0.012820512820512775,0
2025-08-06,843.0,0,0.5128205128205128,UP,0.012820512820512775,0
2025-08-07,838.0,0,0.5,UP,0.0,0
2025-08-08,835.0,0,0.3404894116255128,DOWN,0.15951058837448723,1
2025-08-11,835.0,0,0.4375,DOWN,0.0625,1
2025-08-12,834.0,0,0.5090458029463414,UP,0.009045802946341386,0
2025-08-13,833.0,0,0.4375,DOWN,0.0625,1
2025-08-14,831.0,1,0.3984513853618666,DOWN,0.10154861463813342,0
2025-08-15,832.0,0,0.3333333333333333,DOWN,0.16666666666666669,1
2025-08-18,832.0,0,0.39291249423150126,DOWN,0.10708750576849874,1
2025-08-19,832.0,1,0.4375,DOWN,0.0625,0
2025-08-20,834.0,0,0.4375,DOWN,0.0625,1
2025-08-21,831.0,1,0.35989949609415595,DOWN,0.14010050390584405,0
2025-08-22,832.0,0,0.3333333333333333,DOWN,0.16666666666666669,1
2025-08-25,832.0,0,0.3333333333333333,DOWN,0.16666666666666669,1
2025-08-26,831.0,0,0.3333333333333333,DOWN,0.16666666666666669,1
2025-08-27,813.0,0,0.5128205128205128,UP,0.012820512820512775,0
2025-08-28,810.0,0,0.39804755424657506,DOWN,0.10195244575342494,1
2025-08-29,793.0,1,0.4375,DOWN,0.0625,0
2025-09-02,795.0,1,0.4375,DOWN,0.0625,0
2025-09-03,799.0,1,0.4375,DOWN,0.0625,0
2025-09-04,800.0,0,0.4375,DOWN,0.0625,1
2025-09-05,799.0,1,0.3333333333333333,DOWN,0.16666666666666669,0
2025-09-08,808.0,0,0.3333333333333333,DOWN,0.16666666666666669,1
2025-09-09,799.0,1,0.4375,DOWN,0.0625,0
2025-09-10,805.0,1,0.40695679029801746,DOWN,0.09304320970198254,0
2025-09-11,810.0,0,0.0,DOWN,0.5,1
2025-09-12,808.0,0,0.3333333333333333,DOWN,0.16666666666666669,1
2025-09-15,808.0,1,0.15384615384615385,DOWN,0.34615384615384615,0
2025-09-16,810.0,1,0.4126984126984127,DOWN,0.08730158730158732,0
2025-09-17,813.0,0,0.4126984126984127,DOWN,0.08730158730158732,1
2025-09-18,813.0,0,0.0,DOWN,0.5,1
2025-09-19,812.0,0,0.0,DOWN,0.5,1
2025-09-22,811.0,0,0.15384615384615385,DOWN,0.34615384615384615,1
2025-09-23,809.0,1,0.4126984126984127,DOWN,0.08730158730158732,0
2025-09-24,823.0,0,0.4126984126984127,DOWN,0.08730158730158732,1
2025-09-25,818.0,0,0.15384615384615385,DOWN,0.34615384615384615,1
2025-09-26,805.0,0,0.4126984126984127,DOWN,0.08730158730158732,1
2025-09-29,802.0,0,0.4126984126984127,DOWN,0.08730158730158732,1
2025-09-30,800.0,1,0.4126984126984127,DOWN,0.08730158730158732,0
2025-10-01,806.0,0,0.4126984126984127,DOWN,0.08730158730158732,1
2025-10-02,805.0,0,0.15384615384615385,DOWN,0.34615384615384615,1
2025-10-03,804.0,0,0.15384615384615385,DOWN,0.34615384615384615,1
2025-10-06,801.0,1,0.4126984126984127,DOWN,0.08730158730158732,0
2025-10-07,805.0,1,0.4126984126984127,DOWN,0.08730158730158732,0
2025-10-08,813.0,0,0.4126984126984127,DOWN,0.08730158730158732,1
2025-10-09,813.0,1,0.15384615384615385,DOWN,0.34615384615384615,0
2025-10-10,814.0,0,0.15384615384615385,DOWN,0.34615384615384615,1
2025-10-13,814.0,0,0.4126984126984127,DOWN,0.08730158730158732,1
2025-10-14,813.0,0,0.4126984126984127,DOWN,0.08730158730158732,1
2025-10-15,813.0,1,0.4126984126984127,DOWN,0.08730158730158732,0
2025-10-16,815.0,0,0.4126984126984127,DOWN,0.08730158730158732,1
2025-10-17,814.0,0,0.4126984126984127,DOWN,0.08730158730158732,1
2025-10-20,812.0,1,0.4126984126984127,DOWN,0.08730158730158732,0
2025-10-21,813.0,0,0.4126984126984127,DOWN,0.08730158730158732,1
2025-10-22,813.0,0,0.4126984126984127,DOWN,0.08730158730158732,1
2025-10-23,813.0,0,0.4126984126984127,DOWN,0.08730158730158732,1
2025-10-24,813.0,1,0.4126984126984127,DOWN,0.08730158730158732,0
2025-10-27,814.0,0,0.4126984126984127,DOWN,0.08730158730158732,1
2025-10-28,814.0,1,0.4126984126984127,DOWN,0.08730158730158732,0
2025-10-29,847.0,1,0.4126984126984127,DOWN,0.08730158730158732,0
2025-10-30,850.0,1,0.4126984126984127,DOWN,0.08730158730158732,0
2025-10-31,851.0,0,0.4126984126984127,DOWN,0.08730158730158732,1
2025-11-03,848.0,0,0.4126984126984127,DOWN,0.08730158730158732,1
2025-11-04,848.0,0,0.4380583697424791,DOWN,0.06194163025752092,1
2025-11-05,845.0,1,0.4126984126984127,DOWN,0.08730158730158732,0
2025-11-06,847.0,0,0.4126984126984127,DOWN,0.08730158730158732,1
2025-11-07,847.0,1,0.4126984126984127,DOWN,0.08730158730158732,0
2025-11-10,851.0,1,0.4126984126984127,DOWN,0.08730158730158732,0
2025-11-11,852.0,1,0.4126984126984127,DOWN,0.08730158730158732,0
2025-11-12,855.0,0,0.4126984126984127,DOWN,0.08730158730158732,1
2025-11-13,855.0,0,0.4126984126984127,DOWN,0.08730158730158732,1
2025-11-14,855.0,0,0.4126984126984127,DOWN,0.08730158730158732,1
2025-11-17,855.0,1,0.4126984126984127,DOWN,0.08730158730158732,0
2025-11-18,856.0,0,0.4126984126984127,DOWN,0.08730158730158732,1
2025-11-19,855.0,1,0.4126984126984127,DOWN,0.08730158730158732,0
2025-11-20,856.0,1,0.4126984126984127,DOWN,0.08730158730158732,0
2025-11-21,857.0,0,0.4126984126984127,DOWN,0.08730158730158732,1
2025-11-24,855.0,0,0.4126984126984127,DOWN,0.08730158730158732,1
2025-11-25,854.0,1,0.6666666666666666,UP,0.16666666666666663,1
2025-11-26,904.0,1,0.6666666666666666,UP,0.16666666666666663,1
2025-11-28,908.0,0,0.4126984126984127,DOWN,0.08730158730158732,1
2025-12-01,903.0,0,0.5,UP,0.0,0
2025-12-02,901.0,1,0.6666666666666666,UP,0.16666666666666663,1
2025-12-03,906.0,0,0.6666666666666666,UP,0.16666666666666663,0
2025-12-04,906.0,1,0.4126984126984127,DOWN,0.08730158730158732,0
2025-12-05,908.0,0,0.4126984126984127,DOWN,0.08730158730158732,1
2025-12-08,908.0,1,0.4126984126984127,DOWN,0.08730158730158732,0
2025-12-09,910.0,0,0.4126984126984127,DOWN,0.08730158730158732,1
2025-12-10,906.0,1,0.42828949538830713,DOWN,0.07171050461169287,0
2025-12-11,907.0,0,0.4126984126984127,DOWN,0.08730158730158732,1
2025-12-12,907.0,0,0.4583333333333333,DOWN,0.041666666666666685,1
2025-12-15,907.0,0,0.4583333333333333,DOWN,0.041666666666666685,1
2025-12-16,907.0,0,0.5,UP,0.0,0
2025-12-17,907.0,0,0.5,UP,0.0,0
2025-12-18,907.0,0,0.5,UP,0.0,0
2025-12-19,907.0,1,0.4,DOWN,0.09999999999999998,0
2025-12-22,908.0,0,0.5,UP,0.0,0
2025-12-23,908.0,0,0.5,UP,0.0,0
2025-12-24,906.0,0,0.5,UP,0.0,0
2025-12-26,906.0,0,0.4583333333333333,DOWN,0.041666666666666685,1
2025-12-29,906.0,0,0.4583333333333333,DOWN,0.041666666666666685,1
2025-12-30,904.0,1,1.0,UP,0.5,1
2025-12-31,935.0,1,0.5,UP,0.0,1
2026-01-02,940.0,0,0.5,UP,0.0,0
2026-01-05,933.0,0,0.5,UP,0.0,0
2026-01-06,930.0,1,0.5,UP,0.0,1
2026-01-07,938.0,0,1.0,UP,0.5,0
2026-01-08,938.0,1,0.4583333333333333,DOWN,0.041666666666666685,0
2026-01-09,940.0,1,0.4583333333333333,DOWN,0.041666666666666685,0
2026-01-12,943.0,0,0.5,UP,0.0,0
2026-01-13,942.0,0,0.5,UP,0.0,0
2026-01-14,939.0,0,0.5,UP,0.0,0
2026-01-15,939.0,0,0.4583333333333333,DOWN,0.041666666666666685,1
2026-01-16,939.0,1,0.4583333333333333,DOWN,0.041666666666666685,0
2026-01-20,940.0,1,0.5,UP,0.0,1
2026-01-21,941.0,1,0.5,UP,0.0,1
2026-01-22,943.0,0,0.4583333333333333,DOWN,0.041666666666666685,1
2026-01-23,942.0,0,0.4583333333333333,DOWN,0.041666666666666685,1
2026-01-26,942.0,0,0.4583333333333333,DOWN,0.041666666666666685,1
2026-01-27,942.0,1,0.5,UP,0.0,1
2026-01-28,972.0,0,0.5,UP,0.0,0
2026-01-29,972.0,0,0.4173320642567436,DOWN,0.08266793574325643,1
2026-01-30,972.0,0,0.4,DOWN,0.09999999999999998,1
2026-02-02,972.0,0,0.4583333333333333,DOWN,0.041666666666666685,1
2026-02-03,971.0,1,0.5,UP,0.0,1
2026-02-04,976.0,0,0.4583333333333333,DOWN,0.041666666666666685,1
2026-02-05,973.0,1,0.4583333333333333,DOWN,0.041666666666666685,0
2026-02-06,977.0,0,0.3333333333333333,DOWN,0.16666666666666669,1
2026-02-09,977.0,0,0.4583333333333333,DOWN,0.041666666666666685,1
2026-02-10,976.0,0,0.4583333333333333,DOWN,0.041666666666666685,1
2026-02-11,976.0,1,0.4583333333333333,DOWN,0.041666666666666685,0
2026-02-12,980.0,0,0.3333333333333333,DOWN,0.16666666666666669,1
2026-02-13,979.0,1,0.3333333333333333,DOWN,0.16666666666666669,0
2026-02-17,980.0,1,0.4,DOWN,0.09999999999999998,0
2026-02-18,982.0,0,0.4,DOWN,0.09999999999999998,1
2026-02-19,982.0,0,0.3333333333333333,DOWN,0.16666666666666669,1
2026-02-20,981.0,1,0.3333333333333333,DOWN,0.16666666666666669,0
2026-02-23,984.0,0,0.4,DOWN,0.09999999999999998,1
2026-02-24,984.0,1,0.4583333333333333,DOWN,0.041666666666666685,0
2026-02-25,1007.0,1,0.5,UP,0.0,1
2026-02-26,1016.0,1,0.4583333333333333,DOWN,0.041666666666666685,0
2026-02-27,1017.0,0,0.4583333333333333,DOWN,0.041666666666666685,1
2026-03-02,1015.0,1,0.4583333333333333,DOWN,0.041666666666666685,0
2026-03-03,1016.0,0,0.5,UP,0.0,0
2026-03-04,1014.0,1,0.4583333333333333,DOWN,0.041666666666666685,0
2026-03-05,1016.0,1,0.3333333333333333,DOWN,0.16666666666666669,0
2026-03-06,1018.0,0,0.3333333333333333,DOWN,0.16666666666666669,1
2026-03-09,1017.0,1,0.4583333333333333,DOWN,0.041666666666666685,0
2026-03-10,1018.0,0,0.5,UP,0.0,0
2026-03-11,1017.0,0,0.5,UP,0.0,0
2026-03-12,1017.0,0,0.4583333333333333,DOWN,0.041666666666666685,1
2026-03-13,1011.0,1,0.4583333333333333,DOWN,0.041666666666666685,0
2026-03-16,1016.0,0,0.5,UP,0.0,0
2026-03-17,1015.0,0,0.5,UP,0.0,0
2026-03-18,1014.0,0,0.375,DOWN,0.125,1
2026-03-19,1009.0,1,0.375,DOWN,0.125,0
2026-03-20,1012.0,0,0.3676476425336751,DOWN,0.1323523574663249,1
2026-03-23,1009.0,0,0.375,DOWN,0.125,1
2026-03-24,1009.0,1,0.38461538461538464,DOWN,0.11538461538461536,0
2026-03-25,1047.0,0,0.5,UP,0.0,0
2026-03-26,1045.0,0,0.36363636363636365,DOWN,0.13636363636363635,1
2026-03-27,1041.0,1,0.375,DOWN,0.125,0
2026-03-30,1048.0,0,0.375,DOWN,0.125,1
2026-03-31,1048.0,1,0.375,DOWN,0.125,0
2026-04-01,1049.0,1,0.375,DOWN,0.125,0
2026-04-02,1051.0,0,0.36363636363636365,DOWN,0.13636363636363635,1
2026-04-06,1051.0,0,0.36363636363636365,DOWN,0.13636363636363635,1
2026-04-07,1048.0,0,0.38461538461538464,DOWN,0.11538461538461536,1
2026-04-08,1046.0,0,0.375,DOWN,0.125,1
2026-04-09,1046.0,0,0.36363636363636365,DOWN,0.13636363636363635,1
2026-04-10,1046.0,0,0.3739808633809163,DOWN,0.1260191366190837,1
2026-04-13,1046.0,0,0.38461538461538464,DOWN,0.11538461538461536,1
2026-04-14,1046.0,0,0.5,UP,0.0,0
2026-04-15,1046.0,0,0.4842763367217251,DOWN,0.015723663278274902,1
2026-04-16,1046.0,0,0.375,DOWN,0.125,1
2026-04-17,1046.0,0,0.36363636363636365,DOWN,0.13636363636363635,1
2026-04-20,1046.0,1,0.375,DOWN,0.125,0
2026-04-21,1047.0,0,0.375,DOWN,0.125,1
2026-04-22,1045.0,0,0.375,DOWN,0.125,1
2026-04-23,1045.0,0,0.36363636363636365,DOWN,0.13636363636363635,1
2026-04-24,1042.0,0,0.04644532103136362,DOWN,0.4535546789686364,1
2026-04-27,1042.0,0,0.36363636363636365,DOWN,0.13636363636363635,1
2026-04-28,1042.0,1,0.388131268517855,DOWN,0.11186873148214499,0
2026-04-29,1082.0,0,0.38461538461538464,DOWN,0.11538461538461536,1
2026-04-30,1081.0,1,0.36363636363636365,DOWN,0.13636363636363635,0
2026-05-01,1084.0,0,0.36363636363636365,DOWN,0.13636363636363635,1
2026-05-04,1084.0,0,0.36363636363636365,DOWN,0.13636363636363635,1
2026-05-05,1080.0,0,0.37105451904922615,DOWN,0.12894548095077385,1
2026-05-06,1076.0,0,0.375,DOWN,0.125,1
2026-05-07,1076.0,1,0.36363636363636365,DOWN,0.13636363636363635,0
2026-05-08,1078.0,0,0.0,DOWN,0.5,1
2026-05-11,1078.0,1,0.36363636363636365,DOWN,0.13636363636363635,0
2026-05-12,1082.0,0,0.375,DOWN,0.125,1
2026-05-13,1078.0,1,0.375,DOWN,0.125,0
2026-05-14,1079.0,0,0.36363636363636365,DOWN,0.13636363636363635,1
2026-05-15,1079.0,1,0.0,DOWN,0.5,0
2026-05-18,1080.0,0,0.36363636363636365,DOWN,0.13636363636363635,1
2026-05-19,1080.0,0,0.375,DOWN,0.125,1
2026-05-20,1080.0,0,0.375,DOWN,0.125,1
2026-05-21,1080.0,0,0.36363636363636365,DOWN,0.13636363636363635,1
2026-05-22,1080.0,0,0.36363636363636365,DOWN,0.13636363636363635,1
2026-05-26,1080.0,1,0.375,DOWN,0.125,0
2026-05-27,1127.0,0,0.375,DOWN,0.125,1
2026-05-28,1126.0,0,0.36363636363636365,DOWN,0.13636363636363635,1
2026-05-29,1123.0,1,0.38461538461538464,DOWN,0.11538461538461536,0
2026-06-01,1124.0,0,0.375,DOWN,0.125,1
2026-06-02,1124.0,1,0.4424201443124021,DOWN,0.05757985568759788,0
2026-06-03,1125.0,0,0.37104518091352395,DOWN,0.12895481908647605,1
2026-06-04,1125.0,1,0.36363636363636365,DOWN,0.13636363636363635,0
2026-06-05,1126.0,0,0.36363636363636365,DOWN,0.13636363636363635,1
2026-06-08,1125.0,0,0.36363636363636365,DOWN,0.13636363636363635,1
2026-06-09,1125.0,0,0.38461538461538464,DOWN,0.11538461538461536,1
2026-06-10,1123.0,0,0.49917333124369606,DOWN,0.0008266687563039388,1
2026-06-11,1123.0,0,0.36363636363636365,DOWN,0.13636363636363635,1
2026-06-12,1123.0,0,0.38461538461538464,DOWN,0.11538461538461536,1
2026-06-15,1120.0,1,0.4569042764000068,DOWN,0.043095723599993196,0
2026-06-16,1122.0,0,0.29850746268656714,DOWN,0.20149253731343286,1
2026-06-17,1120.0,0,0.29850746268656714,DOWN,0.20149253731343286,1
2026-06-18,1120.0,0,0.29850746268656714,DOWN,0.20149253731343286,1
2026-06-22,1120.0,1,0.4332445719733884,DOWN,0.06675542802661161,0
2026-06-23,1123.0,1,0.29850746268656714,DOWN,0.20149253731343286,0
2026-06-24,1157.0,0,0.29850746268656714,DOWN,0.20149253731343286,1
2026-06-25,1155.0,1,0.29850746268656714,DOWN,0.20149253731343286,0
2026-06-26,1156.0,1,0.29850746268656714,DOWN,0.20149253731343286,0
