Date,Copper,Gold
2014-09-17,3.1414999961853027,1234.4000244140625
2014-09-18,3.0924999713897705,1225.699951171875
2014-09-19,3.0885000228881836,1215.300048828125
2014-09-22,3.0380001068115234,1216.800048828125
2014-09-23,3.0344998836517334,1221.0
2014-09-24,3.059499979019165,1218.5999755859375
2014-09-25,3.059999942779541,1221.199951171875
2014-09-26,3.0290000438690186,1214.0999755859375
2014-09-29,3.052999973297119,1217.5
2014-09-30,3.005500078201294,1210.5
2014-10-01,3.0334999561309814,1214.5999755859375
2014-10-02,2.996500015258789,1214.199951171875
2014-10-03,2.994499921798706,1192.199951171875
2014-10-06,3.0304999351501465,1206.699951171875
2014-10-07,3.0344998836517334,1211.699951171875
2014-10-08,3.0,1205.300048828125
2014-10-09,3.0280001163482666,1224.5999755859375
2014-10-10,3.0320000648498535,1221.0
2014-10-13,3.0364999771118164,1229.300048828125
2014-10-14,3.0850000381469727,1233.5999755859375
2014-10-15,3.004499912261963,1244.0999755859375
2014-10-16,2.9784998893737793,1240.5
2014-10-17,3.000999927520752,1238.300048828125
2014-10-20,2.990499973297119,1244.0
2014-10-21,3.0309998989105225,1251.0
2014-10-22,3.0225000381469727,1244.800048828125
2014-10-23,3.049999952316284,1228.5
2014-10-24,3.0510001182556152,1231.199951171875
2014-10-27,3.078000068664551,1229.0999755859375
2014-10-28,3.1085000038146973,1229.199951171875
2014-10-29,3.111999988555908,1224.300048828125
2014-10-30,3.072000026702881,1198.0999755859375
2014-10-31,3.061000108718872,1171.0999755859375
2014-11-03,3.0794999599456787,1169.4000244140625
2014-11-04,3.0334999561309814,1167.4000244140625
2014-11-05,3.0225000381469727,1145.4000244140625
2014-11-06,3.0304999351501465,1142.300048828125
2014-11-07,3.052500009536743,1169.5999755859375
2014-11-10,3.0274999141693115,1159.5999755859375
2014-11-11,3.0415000915527344,1162.800048828125
2014-11-12,3.0344998836517334,1158.9000244140625
2014-11-13,2.999500036239624,1161.0999755859375
2014-11-14,3.058000087738037,1185.0
2014-11-17,3.049499988555908,1183.0
2014-11-18,3.010999917984009,1196.699951171875
2014-11-19,3.046999931335449,1193.5999755859375
2014-11-20,3.0274999141693115,1190.699951171875
2014-11-21,3.0350000858306885,1197.5
2014-11-24,3.003999948501587,1195.5
2014-11-25,2.9609999656677246,1197.0999755859375
2014-11-26,2.9600000381469727,1196.5999755859375
2014-11-28,2.859999895095825,1175.199951171875
2014-12-01,2.930500030517578,1218.0
2014-12-02,2.9135000705718994,1199.199951171875
2014-12-03,2.8929998874664307,1208.5
2014-12-04,2.932499885559082,1207.5
2014-12-05,2.92549991607666,1190.0999755859375
2014-12-08,2.9105000495910645,1194.699951171875
2014-12-09,2.946500062942505,1231.5
2014-12-10,2.9140000343322754,1228.9000244140625
2014-12-11,2.940999984741211,1225.0999755859375
2014-12-12,2.946500062942505,1222.0
2014-12-15,2.8980000019073486,1207.199951171875
2014-12-16,2.877500057220459,1193.9000244140625
2014-12-17,2.887500047683716,1194.300048828125
2014-12-18,2.872499942779541,1194.699951171875
2014-12-19,2.9079999923706055,1195.9000244140625
2014-12-22,2.9035000801086426,1179.699951171875
2014-12-23,2.9019999504089355,1177.9000244140625
2014-12-24,2.874500036239624,1173.5
2014-12-26,2.8355000019073486,1195.300048828125
2014-12-29,2.8380000591278076,1181.699951171875
2014-12-30,2.86899995803833,1200.199951171875
2014-12-31,2.8385000228881836,1183.9000244140625
2015-01-02,2.8385000228881836,1186.0
2015-01-05,2.7929999828338623,1203.9000244140625
2015-01-06,2.803999900817871,1219.300048828125
2015-01-07,2.7960000038146973,1210.5999755859375
2015-01-08,2.806999921798706,1208.4000244140625
2015-01-09,2.7904999256134033,1216.0
2015-01-12,2.763000011444092,1232.699951171875
2015-01-13,2.678999900817871,1234.300048828125
2015-01-14,2.552999973297119,1234.4000244140625
2015-01-15,2.6110000610351562,1264.699951171875
2015-01-16,2.6540000438690186,1276.9000244140625
2015-01-20,2.615499973297119,1294.199951171875
2015-01-21,2.615000009536743,1293.699951171875
2015-01-22,2.6005001068115234,1300.699951171875
2015-01-23,2.5374999046325684,1292.5999755859375
2015-01-26,2.573499917984009,1279.4000244140625
2015-01-27,2.5134999752044678,1291.699951171875
2015-01-28,2.5215001106262207,1285.9000244140625
2015-01-29,2.4704999923706055,1254.5999755859375
2015-01-30,2.5280001163482666,1278.5
2015-02-02,2.510999917984009,1276.199951171875
2015-02-03,2.5999999046325684,1259.699951171875
2015-02-04,2.611999988555908,1263.800048828125
2015-02-05,2.611999988555908,1262.0
2015-02-06,2.6029999256134033,1233.9000244140625
2015-02-09,2.5989999771118164,1240.800048828125
2015-02-10,2.5625,1231.5999755859375
2015-02-11,2.552500009536743,1219.0
2015-02-12,2.6089999675750732,1220.0999755859375
2015-02-13,2.6135001182556152,1226.5
2015-02-17,2.5945000648498535,1208.0999755859375
2015-02-18,2.6394999027252197,1199.699951171875
2015-02-19,2.6414999961853027,1207.0999755859375
2015-02-20,2.6105000972747803,1204.4000244140625
2015-02-23,2.6394999027252197,1200.300048828125
2015-02-24,2.7114999294281006,1196.9000244140625
2015-02-25,2.7074999809265137,1201.0
2015-02-26,2.7139999866485596,1209.5999755859375
2015-02-27,2.7160000801086426,1212.5999755859375
2015-03-02,2.7109999656677246,1207.699951171875
2015-03-03,2.6735000610351562,1204.0
2015-03-04,2.677000045776367,1200.5999755859375
2015-03-05,2.671999931335449,1195.9000244140625
2015-03-06,2.628999948501587,1164.0999755859375
2015-03-09,2.687000036239624,1166.4000244140625
2015-03-10,2.634999990463257,1160.0999755859375
2015-03-11,2.622499942779541,1150.699951171875
2015-03-12,2.674499988555908,1152.0999755859375
2015-03-13,2.678499937057495,1152.5999755859375
2015-03-16,2.677500009536743,1153.300048828125
2015-03-17,2.6414999961853027,1148.300048828125
2015-03-18,2.5869998931884766,1151.4000244140625
2015-03-19,2.674499988555908,1169.0999755859375
2015-03-20,2.7750000953674316,1184.800048828125
2015-03-23,2.808000087738037,1188.0
2015-03-24,2.815000057220459,1191.699951171875
2015-03-25,2.805000066757202,1197.300048828125
2015-03-26,2.821500062942505,1205.0999755859375
2015-03-27,2.7750000953674316,1199.800048828125
2015-03-30,2.7874999046325684,1184.800048828125
2015-03-31,2.746999979019165,1183.0999755859375
2015-04-01,2.756500005722046,1208.0999755859375
2015-04-02,2.747999906539917,1200.9000244140625
2015-04-06,2.7320001125335693,1218.5999755859375
2015-04-07,2.7769999504089355,1210.5999755859375
2015-04-08,2.748500108718872,1203.0999755859375
2015-04-09,2.744999885559082,1193.5999755859375
2015-04-10,2.750499963760376,1204.5999755859375
2015-04-13,2.736999988555908,1199.300048828125
2015-04-14,2.7195000648498535,1192.800048828125
2015-04-15,2.7295000553131104,1201.5
2015-04-16,2.7855000495910645,1198.0
2015-04-17,2.7834999561309814,1202.9000244140625
2015-04-20,2.7355000972747803,1193.5
2015-04-21,2.7049999237060547,1202.9000244140625
2015-04-22,2.6695001125335693,1186.9000244140625
2015-04-23,2.697999954223633,1194.4000244140625
2015-04-24,2.752000093460083,1175.199951171875
2015-04-27,2.7739999294281006,1203.300048828125
2015-04-28,2.7799999713897705,1214.0
2015-04-29,2.7950000762939453,1209.800048828125
2015-04-30,2.8864998817443848,1182.4000244140625
2015-05-01,2.93149995803833,1174.5
2015-05-04,2.9240000247955322,1186.800048828125
2015-05-05,2.940000057220459,1193.199951171875
2015-05-06,2.932499885559082,1190.300048828125
2015-05-07,2.9260001182556152,1182.4000244140625
2015-05-08,2.930999994277954,1189.0999755859375
2015-05-11,2.9175000190734863,1183.199951171875
2015-05-12,2.950500011444092,1192.5999755859375
2015-05-13,2.950000047683716,1218.4000244140625
2015-05-14,2.946000099182129,1225.4000244140625
2015-05-15,2.9489998817443848,1225.5
2015-05-18,2.930000066757202,1227.800048828125
2015-05-19,2.8615000247955322,1206.9000244140625
2015-05-20,2.8515000343322754,1208.9000244140625
2015-05-21,2.871000051498413,1204.4000244140625
2015-05-22,2.8334999084472656,1204.300048828125
2015-05-26,2.8534998893737793,1187.199951171875
2015-05-27,2.815999984741211,1185.9000244140625
2015-05-28,2.7929999828338623,1188.0999755859375
2015-05-29,2.759500026702881,1189.4000244140625
2015-06-01,2.740999937057495,1188.300048828125
2015-06-02,2.757999897003174,1194.0999755859375
2015-06-03,2.750499963760376,1184.699951171875
2015-06-04,2.7155001163482666,1174.9000244140625
2015-06-05,2.7219998836517334,1167.800048828125
2015-06-08,2.7160000801086426,1173.199951171875
2015-06-09,2.740499973297119,1177.300048828125
2015-06-10,2.7715001106262207,1186.0999755859375
2015-06-11,2.693000078201294,1179.9000244140625
2015-06-12,2.69950008392334,1178.800048828125
2015-06-15,2.6589999198913574,1185.300048828125
2015-06-16,2.626499891281128,1180.5
2015-06-17,2.622999906539917,1176.4000244140625
2015-06-18,2.628499984741211,1201.5
2015-06-19,2.5920000076293945,1201.5
2015-06-22,2.5880000591278076,1183.699951171875
2015-06-23,2.634000062942505,1176.199951171875
2015-06-24,2.6465001106262207,1172.5999755859375
2015-06-25,2.6454999446868896,1171.5
2015-06-26,2.6449999809265137,1172.9000244140625
2015-06-29,2.6384999752044678,1178.5
2015-06-30,2.623500108718872,1171.5
2015-07-01,2.635499954223633,1169.0
2015-07-02,2.634500026702881,1163.0
2015-07-06,2.5429999828338623,1172.9000244140625
2015-07-07,2.4509999752044678,1152.4000244140625
2015-07-08,2.503999948501587,1163.300048828125
2015-07-09,2.558000087738037,1159.0
2015-07-10,2.5455000400543213,1157.699951171875
2015-07-13,2.555500030517578,1155.199951171875
2015-07-14,2.5445001125335693,1153.300048828125
2015-07-15,2.5304999351501465,1147.199951171875
2015-07-16,2.5315001010894775,1143.800048828125
2015-07-17,2.504499912261963,1131.800048828125
2015-07-20,2.4839999675750732,1106.699951171875
2015-07-21,2.4774999618530273,1103.4000244140625
2015-07-22,2.43149995803833,1091.4000244140625
2015-07-23,2.385499954223633,1094.0
2015-07-24,2.381500005722046,1085.5999755859375
2015-07-27,2.3505001068115234,1096.5
2015-07-28,2.4030001163482666,1096.300048828125
2015-07-29,2.4079999923706055,1092.699951171875
2015-07-30,2.381500005722046,1088.4000244140625
2015-07-31,2.367500066757202,1094.9000244140625
2015-08-03,2.3475000858306885,1089.4000244140625
2015-08-04,2.365000009536743,1090.699951171875
2015-08-05,2.3529999256134033,1085.699951171875
2015-08-06,2.3480000495910645,1090.199951171875
2015-08-07,2.3415000438690186,1094.0999755859375
2015-08-10,2.4075000286102295,1104.199951171875
2015-08-11,2.3410000801086426,1107.5999755859375
2015-08-12,2.3605000972747803,1123.199951171875
2015-08-13,2.365499973297119,1115.699951171875
2015-08-14,2.364000082015991,1112.9000244140625
2015-08-17,2.3324999809265137,1118.5999755859375
2015-08-18,2.296999931335449,1117.0999755859375
2015-08-19,2.2829999923706055,1128.0999755859375
2015-08-20,2.322999954223633,1153.0
2015-08-21,2.306999921798706,1159.5999755859375
2015-08-24,2.2690000534057617,1153.4000244140625
2015-08-25,2.322999954223633,1138.199951171875
2015-08-26,2.250999927520752,1124.5999755859375
2015-08-27,2.3340001106262207,1122.4000244140625
2015-08-28,2.3464999198913574,1133.0999755859375
2015-08-31,2.3380000591278076,1131.5999755859375
2015-09-01,2.302500009536743,1138.699951171875
2015-09-02,2.3329999446868896,1132.5
2015-09-03,2.390000104904175,1123.699951171875
2015-09-04,2.319499969482422,1120.5999755859375
2015-09-08,2.438499927520752,1120.4000244140625
2015-09-09,2.442500114440918,1102.199951171875
2015-09-10,2.4544999599456787,1109.5
2015-09-11,2.4619998931884766,1103.5
2015-09-14,2.4140000343322754,1107.699951171875
2015-09-15,2.436000108718872,1102.800048828125
2015-09-16,2.4614999294281006,1119.199951171875
2015-09-17,2.4614999294281006,1117.300048828125
2015-09-18,2.3970000743865967,1138.0999755859375
2015-09-21,2.3984999656677246,1133.0999755859375
2015-09-22,2.306999921798706,1125.0
2015-09-23,2.305500030517578,1131.5999755859375
2015-09-24,2.312000036239624,1153.800048828125
2015-09-25,2.2915000915527344,1146.0
2015-09-28,2.25600004196167,1132.0
2015-09-29,2.253499984741211,1127.0999755859375
2015-09-30,2.3454999923706055,1115.5
2015-10-01,2.307499885559082,1114.199951171875
2015-10-02,2.3294999599456787,1137.0999755859375
2015-10-05,2.359999895095825,1138.0999755859375
2015-10-06,2.3589999675750732,1146.800048828125
2015-10-07,2.371500015258789,1149.0
2015-10-08,2.3469998836517334,1144.699951171875
2015-10-09,2.4170000553131104,1156.300048828125
2015-10-12,2.4195001125335693,1164.9000244140625
2015-10-13,2.3914999961853027,1165.800048828125
2015-10-14,2.4200000762939453,1180.0999755859375
2015-10-15,2.4260001182556152,1187.9000244140625
2015-10-16,2.4070000648498535,1183.5999755859375
2015-10-19,2.371500015258789,1173.300048828125
2015-10-20,2.369499921798706,1178.0
2015-10-21,2.364000082015991,1167.5999755859375
2015-10-22,2.384500026702881,1166.5999755859375
2015-10-23,2.3499999046325684,1163.300048828125
2015-10-26,2.3564999103546143,1167.0
2015-10-27,2.3580000400543213,1166.800048828125
2015-10-28,2.3545000553131104,1177.0999755859375
2015-10-29,2.315500020980835,1147.199951171875
2015-10-30,2.313499927520752,1141.5
2015-11-02,2.315500020980835,1135.800048828125
2015-11-03,2.3269999027252197,1114.199951171875
2015-11-04,2.319499969482422,1106.5
2015-11-05,2.253499984741211,1104.4000244140625
2015-11-06,2.241499900817871,1087.5999755859375
2015-11-09,2.2300000190734863,1087.9000244140625
2015-11-10,2.2165000438690186,1088.199951171875
2015-11-11,2.2165000438690186,1084.699951171875
2015-11-12,2.1730000972747803,1080.800048828125
2015-11-13,2.1700000762939453,1080.800048828125
2015-11-16,2.118000030517578,1083.699951171875
2015-11-17,2.1054999828338623,1068.699951171875
2015-11-18,2.078000068664551,1068.800048828125
2015-11-19,2.0764999389648438,1078.0
2015-11-20,2.053999900817871,1076.4000244140625
2015-11-23,2.0195000171661377,1066.800048828125
2015-11-24,2.053499937057495,1074.300048828125
2015-11-25,2.0445001125335693,1070.5
2015-11-27,2.05049991607666,1056.199951171875
2015-11-30,2.0445001125335693,1065.800048828125
2015-12-01,2.066499948501587,1063.800048828125
2015-12-02,2.0290000438690186,1054.199951171875
2015-12-03,2.055999994277954,1061.699951171875
2015-12-04,2.0739998817443848,1084.5
2015-12-07,2.0445001125335693,1076.4000244140625
2015-12-08,2.0480000972747803,1076.300048828125
2015-12-09,2.059999942779541,1077.5999755859375
2015-12-10,2.065000057220459,1073.0999755859375
2015-12-11,2.1080000400543213,1076.9000244140625
2015-12-14,2.1040000915527344,1064.699951171875
2015-12-15,2.0510001182556152,1062.9000244140625
2015-12-16,2.061000108718872,1078.0
2015-12-17,2.0344998836517334,1050.800048828125
2015-12-18,2.1029999256134033,1066.199951171875
2015-12-21,2.128999948501587,1081.9000244140625
2015-12-22,2.0969998836517334,1074.800048828125
2015-12-23,2.1115000247955322,1069.4000244140625
2015-12-24,2.1115000247955322,1077.199951171875
2015-12-28,2.066499948501587,1070.5
2015-12-29,2.125,1077.5
2015-12-30,2.13700008392334,1060.0999755859375
2015-12-31,2.125499963760376,1060.300048828125
2016-01-04,2.070499897003174,1075.0999755859375
2016-01-05,2.0885000228881836,1078.4000244140625
2016-01-06,2.0804998874664307,1091.9000244140625
2016-01-07,2.015500068664551,1107.699951171875
2016-01-08,2.0164999961853027,1097.800048828125
2016-01-11,1.9674999713897705,1096.5
2016-01-12,1.9529999494552612,1085.5999755859375
2016-01-13,1.9505000114440918,1087.5
2016-01-14,1.9709999561309814,1073.9000244140625
2016-01-15,1.9394999742507935,1091.5
2016-01-19,1.9735000133514404,1089.9000244140625
2016-01-20,1.9559999704360962,1107.0999755859375
2016-01-21,1.9930000305175781,1099.0999755859375
2016-01-22,1.9984999895095825,1097.199951171875
2016-01-25,1.9954999685287476,1106.199951171875
2016-01-26,2.0339999198913574,1121.699951171875
2016-01-27,2.062999963760376,1116.0999755859375
2016-01-28,2.0490000247955322,1115.5999755859375
2016-01-29,2.063999891281128,1116.4000244140625
2016-02-01,2.051500082015991,1127.9000244140625
2016-02-02,2.052000045776367,1127.300048828125
2016-02-03,2.0920000076293945,1141.300048828125
2016-02-04,2.128000020980835,1157.5999755859375
2016-02-05,2.1005001068115234,1157.800048828125
2016-02-08,2.0885000228881836,1197.9000244140625
2016-02-09,2.0385000705718994,1198.699951171875
2016-02-10,2.0250000953674316,1194.699951171875
2016-02-11,2.003999948501587,1247.9000244140625
2016-02-12,2.0269999504089355,1239.0999755859375
2016-02-16,2.0490000247955322,1207.9000244140625
2016-02-17,2.0739998817443848,1211.0999755859375
2016-02-18,2.071500062942505,1226.0999755859375
2016-02-19,2.075500011444092,1230.4000244140625
2016-02-22,2.11299991607666,1209.5
2016-02-23,2.1045000553131104,1222.300048828125
2016-02-24,2.0950000286102295,1238.699951171875
2016-02-25,2.065000057220459,1238.199951171875
2016-02-26,2.118000030517578,1219.800048828125
2016-02-29,2.128499984741211,1233.9000244140625
2016-03-01,2.1414999961853027,1230.300048828125
2016-03-02,2.177500009536743,1241.0999755859375
2016-03-03,2.2044999599456787,1257.4000244140625
2016-03-04,2.2709999084472656,1269.9000244140625
2016-03-07,2.2804999351501465,1263.199951171875
2016-03-08,2.2184998989105225,1262.0999755859375
2016-03-09,2.2300000190734863,1256.5999755859375
2016-03-10,2.2174999713897705,1272.0
2016-03-11,2.2385001182556152,1258.699951171875
2016-03-14,2.236999988555908,1244.4000244140625
2016-03-15,2.2309999465942383,1230.4000244140625
2016-03-16,2.2314999103546143,1229.300048828125
2016-03-17,2.2890000343322754,1264.5
2016-03-18,2.2795000076293945,1253.800048828125
2016-03-21,2.2894999980926514,1243.800048828125
2016-03-22,2.2844998836517334,1248.199951171875
2016-03-23,2.2304999828338623,1223.699951171875
2016-03-24,2.2244999408721924,1221.4000244140625
2016-03-28,2.241499900817871,1219.9000244140625
2016-03-29,2.2084999084472656,1235.5999755859375
2016-03-30,2.187000036239624,1226.9000244140625
2016-03-31,2.18149995803833,1234.199951171875
2016-04-01,2.1610000133514404,1222.199951171875
2016-04-04,2.138000011444092,1218.0
2016-04-05,2.134999990463257,1228.4000244140625
2016-04-06,2.140500068664551,1222.5
2016-04-07,2.07450008392334,1236.199951171875
2016-04-08,2.0864999294281006,1242.5
2016-04-11,2.0885000228881836,1256.699951171875
2016-04-12,2.1449999809265137,1259.4000244140625
2016-04-13,2.1675000190734863,1246.800048828125
2016-04-14,2.1710000038146973,1225.0
2016-04-15,2.1519999504089355,1233.0999755859375
2016-04-18,2.1640000343322754,1233.5999755859375
2016-04-19,2.2230000495910645,1253.0
2016-04-20,2.242000102996826,1253.199951171875
2016-04-21,2.252000093460083,1249.0
2016-04-22,2.2690000534057617,1228.699951171875
2016-04-25,2.258500099182129,1238.9000244140625
2016-04-26,2.248500108718872,1242.199951171875
2016-04-27,2.2204999923706055,1249.199951171875
2016-04-28,2.2244999408721924,1265.5
2016-04-29,2.2790000438690186,1289.199951171875
2016-05-02,2.2614998817443848,1294.699951171875
2016-05-03,2.2144999504089355,1290.699951171875
2016-05-04,2.183000087738037,1273.300048828125
2016-05-05,2.1510000228881836,1271.4000244140625
2016-05-06,2.1510000228881836,1292.9000244140625
2016-05-09,2.1040000915527344,1265.5999755859375
2016-05-10,2.0899999141693115,1263.9000244140625
2016-05-11,2.1010000705718994,1274.5999755859375
2016-05-12,2.072999954223633,1270.300048828125
2016-05-13,2.075000047683716,1271.9000244140625
2016-05-16,2.0910000801086426,1273.4000244140625
2016-05-17,2.0920000076293945,1276.199951171875
2016-05-18,2.0815000534057617,1273.699951171875
2016-05-19,2.062999963760376,1254.199951171875
2016-05-20,2.058500051498413,1252.4000244140625
2016-05-23,2.057499885559082,1251.0999755859375
2016-05-24,2.069499969482422,1228.9000244140625
2016-05-25,2.1050000190734863,1223.5
2016-05-26,2.1064999103546143,1220.0999755859375
2016-05-27,2.114000082015991,1213.800048828125
2016-05-31,2.0975000858306885,1214.800048828125
2016-06-01,2.072499990463257,1211.9000244140625
2016-06-02,2.069499969482422,1209.800048828125
2016-06-03,2.111999988555908,1240.0999755859375
2016-06-06,2.117000102996826,1244.5999755859375
2016-06-07,2.0510001182556152,1244.4000244140625
2016-06-08,2.0625,1259.800048828125
2016-06-09,2.0399999618530273,1270.199951171875
2016-06-10,2.0315001010894775,1273.4000244140625
2016-06-13,2.057499885559082,1284.4000244140625
2016-06-14,2.0445001125335693,1285.5999755859375
2016-06-15,2.0934998989105225,1285.800048828125
2016-06-16,2.049999952316284,1296.0999755859375
2016-06-17,2.052500009536743,1292.5
2016-06-20,2.0934998989105225,1290.0
2016-06-21,2.116499900817871,1270.5
2016-06-22,2.135499954223633,1268.0
2016-06-23,2.1635000705718994,1261.199951171875
2016-06-24,2.111999988555908,1320.0
2016-06-27,2.126499891281128,1322.5
2016-06-28,2.1700000762939453,1315.300048828125
2016-06-29,2.183500051498413,1323.9000244140625
2016-06-30,2.194499969482422,1318.4000244140625
2016-07-01,2.2149999141693115,1336.699951171875
2016-07-05,2.18149995803833,1356.4000244140625
2016-07-06,2.1514999866485596,1364.9000244140625
2016-07-07,2.122499942779541,1360.0999755859375
2016-07-08,2.118499994277954,1356.5999755859375
2016-07-11,2.1470000743865967,1355.0
2016-07-12,2.2109999656677246,1334.0999755859375
2016-07-13,2.23799991607666,1342.4000244140625
2016-07-14,2.240999937057495,1331.300048828125
2016-07-15,2.2304999828338623,1326.5
2016-07-18,2.2339999675750732,1328.4000244140625
2016-07-19,2.2614998817443848,1331.5
2016-07-20,2.252000093460083,1318.800048828125
2016-07-21,2.25600004196167,1330.5
2016-07-22,2.2339999675750732,1323.0999755859375
2016-07-25,2.2160000801086426,1319.300048828125
2016-07-26,2.2249999046325684,1320.699951171875
2016-07-27,2.184999942779541,1326.5999755859375
2016-07-28,2.2060000896453857,1332.300048828125
2016-07-29,2.2204999923706055,1349.0
2016-08-01,2.196500062942505,1351.4000244140625
2016-08-02,2.2065000534057617,1364.4000244140625
2016-08-03,2.196000099182129,1356.0999755859375
2016-08-04,2.1740000247955322,1358.800048828125
2016-08-05,2.1530001163482666,1336.4000244140625
2016-08-08,2.1640000343322754,1333.4000244140625
2016-08-09,2.1494998931884766,1339.0
2016-08-10,2.1705000400543213,1344.300048828125
2016-08-11,2.190000057220459,1342.5
2016-08-12,2.140500068664551,1335.800048828125
2016-08-15,2.1514999866485596,1340.300048828125
2016-08-16,2.171999931335449,1350.5
2016-08-17,2.1519999504089355,1342.699951171875
2016-08-18,2.1670000553131104,1351.199951171875
2016-08-19,2.1665000915527344,1340.4000244140625
2016-08-22,2.140000104904175,1337.699951171875
2016-08-23,2.115000009536743,1340.5999755859375
2016-08-24,2.0759999752044678,1324.4000244140625
2016-08-25,2.075500011444092,1320.0999755859375
2016-08-26,2.075000047683716,1321.5
2016-08-29,2.072499990463257,1322.9000244140625
2016-08-30,2.069000005722046,1311.699951171875
2016-08-31,2.069499969482422,1306.9000244140625
2016-09-01,2.06850004196167,1312.199951171875
2016-09-02,2.071500062942505,1322.0999755859375
2016-09-06,2.0840001106262207,1349.4000244140625
2016-09-07,2.0929999351501465,1344.300048828125
2016-09-08,2.0959999561309814,1336.800048828125
2016-09-09,2.0885000228881836,1330.0999755859375
2016-09-12,2.0959999561309814,1321.0
2016-09-13,2.0954999923706055,1319.0
2016-09-14,2.1480000019073486,1321.5
2016-09-15,2.1519999504089355,1313.5
2016-09-16,2.1514999866485596,1305.800048828125
2016-09-19,2.1489999294281006,1313.5
2016-09-20,2.1554999351501465,1313.699951171875
2016-09-21,2.1449999809265137,1326.9000244140625
2016-09-22,2.1875,1340.4000244140625
2016-09-23,2.192500114440918,1337.199951171875
2016-09-26,2.190000057220459,1339.699951171875
2016-09-27,2.1614999771118164,1325.9000244140625
2016-09-28,2.179500102996826,1319.4000244140625
2016-09-29,2.180999994277954,1321.699951171875
2016-09-30,2.2019999027252197,1313.300048828125
2016-10-03,2.183500051498413,1309.0
2016-10-04,2.1584999561309814,1266.300048828125
2016-10-05,2.1559998989105225,1265.199951171875
2016-10-06,2.1480000019073486,1249.800048828125
2016-10-07,2.1565001010894775,1248.9000244140625
2016-10-11,2.178499937057495,1253.0
2016-10-12,2.1695001125335693,1251.0999755859375
2016-10-13,2.115000009536743,1255.0
2016-10-14,2.1034998893737793,1253.0999755859375
2016-10-17,2.0994999408721924,1254.4000244140625
2016-10-18,2.0980000495910645,1260.800048828125
2016-10-19,2.0969998836517334,1267.9000244140625
2016-10-20,2.0905001163482666,1265.5999755859375
2016-10-21,2.0834999084472656,1265.9000244140625
2016-10-24,2.0875000953674316,1262.0
2016-10-25,2.132499933242798,1271.9000244140625
2016-10-26,2.1394999027252197,1264.800048828125
2016-10-27,2.1654999256134033,1267.9000244140625
2016-10-28,2.188499927520752,1275.5
2016-10-31,2.200500011444092,1271.5
2016-11-01,2.2244999408721924,1286.4000244140625
2016-11-02,2.2260000705718994,1306.800048828125
2016-11-03,2.244499921798706,1302.0999755859375
2016-11-04,2.260999917984009,1303.300048828125
2016-11-07,2.30649995803833,1278.300048828125
2016-11-08,2.378999948501587,1273.4000244140625
2016-11-09,2.4590001106262207,1272.5999755859375
2016-11-10,2.549499988555908,1265.5
2016-11-14,2.5185000896453857,1221.199951171875
2016-11-15,2.502000093460083,1224.0
2016-11-16,2.4649999141693115,1223.4000244140625
2016-11-17,2.487499952316284,1216.5
2016-11-18,2.4639999866485596,1208.5
2016-11-21,2.512500047683716,1209.5999755859375
2016-11-22,2.5425000190734863,1211.0
2016-11-23,2.6059999465942383,1189.0999755859375
2016-11-25,2.6670000553131104,1178.199951171875
2016-11-28,2.6559998989105225,1190.5999755859375
2016-11-29,2.5950000286102295,1187.9000244140625
2016-11-30,2.621500015258789,1170.800048828125
2016-12-01,2.631500005722046,1166.9000244140625
2016-12-02,2.615000009536743,1175.0999755859375
2016-12-05,2.688999891281128,1174.0
2016-12-06,2.671999931335449,1167.5999755859375
2016-12-07,2.63700008392334,1175.0
2016-12-08,2.619999885559082,1169.800048828125
2016-12-09,2.6419999599456787,1159.4000244140625
2016-12-12,2.61299991607666,1163.5
2016-12-13,2.5929999351501465,1156.699951171875
2016-12-14,2.5999999046325684,1161.300048828125
2016-12-15,2.5959999561309814,1127.800048828125
2016-12-16,2.561000108718872,1135.300048828125
2016-12-19,2.496500015258789,1140.5
2016-12-20,2.499500036239624,1131.5
2016-12-21,2.491499900817871,1131.0999755859375
2016-12-22,2.494499921798706,1128.800048828125
2016-12-23,2.4725000858306885,1131.9000244140625
2016-12-27,2.507999897003174,1137.300048828125
2016-12-28,2.494999885559082,1139.4000244140625
2016-12-29,2.4790000915527344,1156.4000244140625
2016-12-30,2.497499942779541,1150.0
2017-01-03,2.4809999465942383,1160.4000244140625
2017-01-04,2.5480000972747803,1163.800048828125
2017-01-05,2.5295000076293945,1179.699951171875
2017-01-06,2.5380001068115234,1171.9000244140625
2017-01-09,2.5299999713897705,1183.5
2017-01-10,2.6034998893737793,1184.199951171875
2017-01-11,2.6010000705718994,1195.5999755859375
2017-01-12,2.6605000495910645,1198.9000244140625
2017-01-13,2.680500030517578,1195.300048828125
2017-01-17,2.616499900817871,1212.0
2017-01-18,2.6080000400543213,1211.300048828125
2017-01-19,2.6015000343322754,1200.9000244140625
2017-01-20,2.617000102996826,1204.300048828125
2017-01-23,2.6394999027252197,1215.0
2017-01-24,2.700500011444092,1210.300048828125
2017-01-25,2.702500104904175,1197.300048828125
2017-01-26,2.6659998893737793,1189.5
2017-01-27,2.680000066757202,1188.0999755859375
2017-01-30,2.6475000381469727,1193.199951171875
2017-01-31,2.7214999198913574,1208.5999755859375
2017-02-01,2.7044999599456787,1205.5999755859375
2017-02-02,2.677999973297119,1216.699951171875
2017-02-03,2.609499931335449,1218.5
2017-02-06,2.6454999446868896,1230.0
2017-02-07,2.625999927520752,1234.199951171875
2017-02-08,2.6605000495910645,1237.5999755859375
2017-02-09,2.6480000019073486,1235.0999755859375
2017-02-10,2.76200008392334,1234.4000244140625
2017-02-13,2.7764999866485596,1224.4000244140625
2017-02-14,2.7309999465942383,1223.9000244140625
2017-02-15,2.7360000610351562,1231.699951171875
2017-02-16,2.7160000801086426,1240.0
2017-02-17,2.7054998874664307,1237.5999755859375
2017-02-21,2.745500087738037,1237.5
2017-02-22,2.7325000762939453,1232.0
2017-02-23,2.6424999237060547,1250.199951171875
2017-02-24,2.680000066757202,1256.9000244140625
2017-02-27,2.6875,1257.4000244140625
2017-02-28,2.7039999961853027,1252.5999755859375
2017-03-01,2.7265000343322754,1248.9000244140625
2017-03-02,2.679500102996826,1231.9000244140625
2017-03-03,2.687000036239624,1225.5
2017-03-06,2.6429998874664307,1224.5
2017-03-07,2.609499931335449,1215.0999755859375
2017-03-08,2.5920000076293945,1208.5
2017-03-09,2.569999933242798,1202.4000244140625
2017-03-10,2.5864999294281006,1200.699951171875
2017-03-13,2.616499900817871,1202.4000244140625
2017-03-14,2.624000072479248,1201.9000244140625
2017-03-15,2.6454999446868896,1200.0999755859375
2017-03-16,2.6654999256134033,1226.5
2017-03-17,2.679500102996826,1229.800048828125
2017-03-20,2.6554999351501465,1233.5999755859375
2017-03-21,2.609999895095825,1246.0999755859375
2017-03-22,2.621999979019165,1249.300048828125
2017-03-23,2.6364998817443848,1246.9000244140625
2017-03-24,2.623500108718872,1248.199951171875
2017-03-27,2.625,1255.4000244140625
2017-03-28,2.6689999103546143,1255.300048828125
2017-03-29,2.6700000762939453,1253.4000244140625
2017-03-30,2.6649999618530273,1245.0
2017-03-31,2.6465001106262207,1247.300048828125
2017-04-03,2.5975000858306885,1250.800048828125
2017-04-04,2.6059999465942383,1255.0
2017-04-05,2.67549991607666,1245.4000244140625
2017-04-06,2.6554999351501465,1250.300048828125
2017-04-07,2.6449999809265137,1254.300048828125
2017-04-10,2.6019999980926514,1251.0999755859375
2017-04-11,2.6059999465942383,1271.199951171875
2017-04-12,2.5439999103546143,1275.300048828125
2017-04-13,2.569499969482422,1285.9000244140625
2017-04-17,2.5950000286102295,1289.4000244140625
2017-04-18,2.5290000438690186,1291.699951171875
2017-04-19,2.5334999561309814,1281.4000244140625
2017-04-20,2.5409998893737793,1281.9000244140625
2017-04-21,2.5364999771118164,1287.4000244140625
2017-04-24,2.553499937057495,1275.800048828125
2017-04-25,2.5820000171661377,1265.5999755859375
2017-04-26,2.5910000801086426,1262.0999755859375
2017-04-27,2.5799999237060547,1263.699951171875
2017-04-28,2.5964999198913574,1266.0999755859375
2017-05-01,2.6500000953674316,1253.300048828125
2017-05-02,2.625,1255.0999755859375
2017-05-03,2.5329999923706055,1246.4000244140625
2017-05-04,2.502000093460083,1226.5
2017-05-05,2.5195000171661377,1224.800048828125
2017-05-08,2.4855000972747803,1225.300048828125
2017-05-09,2.490000009536743,1214.300048828125
2017-05-10,2.486999988555908,1217.300048828125
2017-05-11,2.500999927520752,1222.699951171875
2017-05-12,2.5179998874664307,1226.199951171875
2017-05-15,2.5329999923706055,1228.5999755859375
2017-05-16,2.5445001125335693,1235.0
2017-05-17,2.5425000190734863,1257.5
2017-05-18,2.5264999866485596,1251.699951171875
2017-05-19,2.5739998817443848,1252.699951171875
2017-05-22,2.5889999866485596,1260.699951171875
2017-05-23,2.5905001163482666,1254.800048828125
2017-05-24,2.578000068664551,1252.4000244140625
2017-05-25,2.5920000076293945,1255.800048828125
2017-05-26,2.559499979019165,1267.5999755859375
2017-05-30,2.561000108718872,1262.0999755859375
2017-05-31,2.5769999027252197,1272.0
2017-06-01,2.5845000743865967,1267.0
2017-06-02,2.571500062942505,1276.800048828125
2017-06-05,2.554500102996826,1279.300048828125
2017-06-06,2.5445001125335693,1294.4000244140625
2017-06-07,2.5490000247955322,1290.0999755859375
2017-06-08,2.6070001125335693,1276.300048828125
2017-06-09,2.6459999084472656,1268.5
2017-06-12,2.612499952316284,1266.0999755859375
2017-06-13,2.5929999351501465,1265.800048828125
2017-06-14,2.570499897003174,1272.800048828125
2017-06-15,2.563999891281128,1252.199951171875
2017-06-16,2.5625,1254.0
2017-06-19,2.5894999504089355,1244.199951171875
2017-06-20,2.555000066757202,1241.0
2017-06-21,2.6019999980926514,1243.4000244140625
2017-06-22,2.5980000495910645,1247.5999755859375
2017-06-23,2.622999906539917,1256.199951171875
2017-06-26,2.625,1246.300048828125
2017-06-27,2.6465001106262207,1246.4000244140625
2017-06-28,2.6619999408721924,1248.0
2017-06-29,2.683000087738037,1244.199951171875
2017-06-30,2.6989998817443848,1240.699951171875
2017-07-03,2.680999994277954,1217.9000244140625
2017-07-05,2.6489999294281006,1220.4000244140625
2017-07-06,2.6514999866485596,1222.199951171875
2017-07-07,2.637500047683716,1208.5999755859375
2017-07-10,2.6394999027252197,1212.0999755859375
2017-07-11,2.6644999980926514,1213.5999755859375
2017-07-12,2.677000045776367,1218.0999755859375
2017-07-13,2.6545000076293945,1216.300048828125
2017-07-14,2.684000015258789,1226.5999755859375
2017-07-17,2.7170000076293945,1232.800048828125
2017-07-18,2.7235000133514404,1241.0999755859375
2017-07-19,2.703000068664551,1241.199951171875
2017-07-20,2.7084999084472656,1244.800048828125
2017-07-21,2.7149999141693115,1254.300048828125
2017-07-24,2.7290000915527344,1253.9000244140625
2017-07-25,2.8405001163482666,1251.699951171875
2017-07-26,2.86899995803833,1249.0
2017-07-27,2.874000072479248,1259.5999755859375
2017-07-28,2.870500087738037,1268.4000244140625
2017-07-31,2.888000011444092,1266.5999755859375
2017-08-01,2.878999948501587,1272.5999755859375
2017-08-02,2.882499933242798,1271.800048828125
2017-08-03,2.877000093460083,1267.800048828125
2017-08-04,2.884999990463257,1258.300048828125
2017-08-07,2.9079999923706055,1258.199951171875
2017-08-08,2.942500114440918,1256.4000244140625
2017-08-09,2.930000066757202,1273.0
2017-08-10,2.9059998989105225,1283.699951171875
2017-08-11,2.9140000343322754,1287.699951171875
2017-08-14,2.9065001010894775,1284.199951171875
2017-08-15,2.884500026702881,1273.699951171875
2017-08-16,2.9544999599456787,1276.9000244140625
2017-08-17,2.937999963760376,1286.4000244140625
2017-08-18,2.940500020980835,1285.699951171875
2017-08-21,2.9809999465942383,1290.800048828125
2017-08-22,2.9865000247955322,1285.0999755859375
2017-08-23,2.9804999828338623,1288.9000244140625
2017-08-24,3.0334999561309814,1286.5
2017-08-25,3.0329999923706055,1292.5
2017-08-28,3.065000057220459,1309.699951171875
2017-08-29,3.0810000896453857,1313.0999755859375
2017-08-30,3.064500093460083,1308.0999755859375
2017-08-31,3.0789999961853027,1316.199951171875
2017-09-01,3.0980000495910645,1324.5
2017-09-05,3.1075000762939453,1339.199951171875
2017-09-06,3.131500005722046,1333.9000244140625
2017-09-07,3.122999906539917,1345.0999755859375
2017-09-08,3.0215001106262207,1346.0
2017-09-11,3.0460000038146973,1331.0
2017-09-12,3.015500068664551,1328.0
2017-09-13,2.9609999656677246,1323.4000244140625
2017-09-14,2.936500072479248,1324.699951171875
2017-09-15,2.927999973297119,1320.4000244140625
2017-09-18,2.9489998817443848,1306.300048828125
2017-09-19,2.94950008392334,1306.199951171875
2017-09-20,2.94950008392334,1312.0
2017-09-21,2.9140000343322754,1290.5999755859375
2017-09-22,2.924499988555908,1293.300048828125
2017-09-25,2.9175000190734863,1306.800048828125
2017-09-26,2.8975000381469727,1297.0
2017-09-27,2.9110000133514404,1283.4000244140625
2017-09-28,2.9625000953674316,1285.5
2017-09-29,2.9375,1281.5
2017-10-02,2.939500093460083,1272.699951171875
2017-10-03,2.948499917984009,1271.5
2017-10-04,2.944499969482422,1273.699951171875
2017-10-05,3.0315001010894775,1269.9000244140625
2017-10-06,3.0144999027252197,1271.5999755859375
2017-10-09,3.0169999599456787,1281.800048828125
2017-10-10,3.0455000400543213,1290.5999755859375
2017-10-11,3.0799999237060547,1285.800048828125
2017-10-12,3.1040000915527344,1293.300048828125
2017-10-13,3.118499994277954,1301.5
2017-10-16,3.2239999771118164,1299.9000244140625
2017-10-17,3.180500030517578,1283.0
2017-10-18,3.1635000705718994,1279.9000244140625
2017-10-19,3.1530001163482666,1286.9000244140625
2017-10-20,3.1514999866485596,1277.4000244140625
2017-10-23,3.1740000247955322,1277.699951171875
2017-10-24,3.186500072479248,1275.0
2017-10-25,3.1714999675750732,1275.4000244140625
2017-10-26,3.1675000190734863,1266.300048828125
2017-10-27,3.0934998989105225,1268.5
2017-10-30,3.1019999980926514,1274.0999755859375
2017-10-31,3.0920000076293945,1267.0
2017-11-01,3.132999897003174,1274.0999755859375
2017-11-02,3.135499954223633,1274.9000244140625
2017-11-03,3.1105000972747803,1266.5
2017-11-06,3.1505000591278076,1279.4000244140625
2017-11-07,3.0824999809265137,1273.699951171875
2017-11-08,3.0929999351501465,1281.5999755859375
2017-11-09,3.0799999237060547,1285.5999755859375
2017-11-10,3.069499969482422,1272.4000244140625
2017-11-13,3.1115000247955322,1277.300048828125
2017-11-14,3.059999942779541,1281.5
2017-11-15,3.0490000247955322,1276.5
2017-11-16,3.0434999465942383,1277.4000244140625
2017-11-17,3.0625,1295.800048828125
2017-11-20,3.0905001163482666,1274.5999755859375
2017-11-21,3.125499963760376,1281.0999755859375
2017-11-22,3.134500026702881,1291.5999755859375
2017-11-24,3.1659998893737793,1286.699951171875
2017-11-27,3.132499933242798,1293.800048828125
2017-11-28,3.070499897003174,1294.699951171875
2017-11-29,3.0399999618530273,1282.0999755859375
2017-11-30,3.0369999408721924,1273.199951171875
2017-12-01,3.065500020980835,1278.800048828125
2017-12-04,3.062999963760376,1274.300048828125
2017-12-05,2.9205000400543213,1261.5999755859375
2017-12-06,2.936500072479248,1262.800048828125
2017-12-07,2.940500020980835,1249.800048828125
2017-12-08,2.9549999237060547,1245.199951171875
2017-12-11,2.98799991607666,1243.699951171875
2017-12-12,2.999500036239624,1238.5
2017-12-13,3.0295000076293945,1245.4000244140625
2017-12-14,3.0485000610351562,1253.800048828125
2017-12-15,3.109999895095825,1254.300048828125
2017-12-18,3.121999979019165,1262.199951171875
2017-12-19,3.127500057220459,1260.699951171875
2017-12-20,3.1714999675750732,1266.0999755859375
2017-12-21,3.194499969482422,1267.300048828125
2017-12-22,3.2144999504089355,1275.4000244140625
2017-12-26,3.25600004196167,1284.0999755859375
2017-12-27,3.256999969482422,1287.0
2017-12-28,3.2860000133514404,1294.0999755859375
2017-12-29,3.2795000076293945,1306.300048828125
2018-01-02,3.25600004196167,1313.699951171875
2018-01-03,3.236999988555908,1316.199951171875
2018-01-04,3.242500066757202,1319.4000244140625
2018-01-05,3.2070000171661377,1320.300048828125
2018-01-08,3.2009999752044678,1318.5999755859375
2018-01-09,3.194499969482422,1311.699951171875
2018-01-10,3.2149999141693115,1317.4000244140625
2018-01-11,3.2135000228881836,1320.5999755859375
2018-01-12,3.200000047683716,1333.4000244140625
2018-01-16,3.1989998817443848,1335.4000244140625
2018-01-17,3.1665000915527344,1338.0
2018-01-18,3.177000045776367,1326.0
2018-01-19,3.1670000553131104,1331.9000244140625
2018-01-22,3.177500009536743,1330.9000244140625
2018-01-23,3.0894999504089355,1335.699951171875
2018-01-24,3.2084999084472656,1355.9000244140625
2018-01-25,3.1989998817443848,1362.4000244140625
2018-01-26,3.182499885559082,1351.5999755859375
2018-01-30,3.177000045776367,1335.4000244140625
2018-01-31,3.184000015258789,1339.0
2018-02-01,3.197000026702881,1344.300048828125
2018-02-02,3.176500082015991,1333.699951171875
2018-02-05,3.2105000019073486,1333.0
2018-02-06,3.177500009536743,1326.0999755859375
2018-02-07,3.0764999389648438,1311.5999755859375
2018-02-08,3.072000026702881,1316.9000244140625
2018-02-09,3.0244998931884766,1313.0999755859375
2018-02-12,3.077500104904175,1324.199951171875
2018-02-13,3.1545000076293945,1328.0999755859375
2018-02-14,3.2284998893737793,1355.5
2018-02-15,3.239000082015991,1352.0999755859375
2018-02-16,3.243000030517578,1353.199951171875
2018-02-20,3.186000108718872,1328.800048828125
2018-02-21,3.2114999294281006,1330.0
2018-02-22,3.237499952316284,1330.5999755859375
2018-02-23,3.2084999084472656,1328.199951171875
2018-02-26,3.196000099182129,1330.699951171875
2018-02-27,3.1575000286102295,1315.5
2018-02-28,3.1075000762939453,1315.5
2018-03-01,3.0994999408721924,1302.9000244140625
2018-03-02,3.1010000705718994,1321.0999755859375
2018-03-05,3.1054999828338623,1318.0999755859375
2018-03-06,3.13700008392334,1333.5999755859375
2018-03-07,3.114000082015991,1326.0
2018-03-08,3.058500051498413,1319.9000244140625
2018-03-09,3.115999937057495,1322.4000244140625
2018-03-12,3.1040000915527344,1319.4000244140625
2018-03-13,3.11899995803833,1325.9000244140625
2018-03-14,3.140000104904175,1324.4000244140625
2018-03-15,3.1110000610351562,1316.800048828125
2018-03-16,3.0929999351501465,1311.300048828125
2018-03-19,3.069499969482422,1316.800048828125
2018-03-20,3.0255000591278076,1311.0999755859375
2018-03-21,3.0485000610351562,1320.699951171875
2018-03-22,3.01200008392334,1326.5999755859375
2018-03-23,2.984499931335449,1349.300048828125
2018-03-26,2.9605000019073486,1354.4000244140625
2018-03-27,2.991499900817871,1341.300048828125
2018-03-28,2.99399995803833,1324.199951171875
2018-03-29,3.0190000534057617,1322.800048828125
2018-04-02,3.0404999256134033,1342.0999755859375
2018-04-03,3.058000087738037,1332.800048828125
2018-04-04,3.006999969482422,1335.800048828125
2018-04-05,3.069499969482422,1324.300048828125
2018-04-06,3.053999900817871,1331.9000244140625
2018-04-09,3.071500062942505,1336.300048828125
2018-04-10,3.13100004196167,1342.0
2018-04-11,3.111999988555908,1356.5
2018-04-12,3.059999942779541,1338.4000244140625
2018-04-13,3.067500114440918,1344.800048828125
2018-04-16,3.0915000438690186,1347.5
2018-04-17,3.075000047683716,1347.199951171875
2018-04-18,3.1535000801086426,1351.199951171875
2018-04-19,3.128000020980835,1346.800048828125
2018-04-20,3.131500005722046,1336.699951171875
2018-04-23,3.1080000400543213,1322.5
2018-04-24,3.1384999752044678,1331.4000244140625
2018-04-25,3.131999969482422,1321.199951171875
2018-04-26,3.11299991607666,1316.300048828125
2018-04-27,3.0460000038146973,1320.300048828125
2018-04-30,3.052500009536743,1316.199951171875
2018-05-01,3.015000104904175,1303.800048828125
2018-05-02,3.047499895095825,1302.5999755859375
2018-05-03,3.059000015258789,1310.699951171875
2018-05-04,3.065500020980835,1312.699951171875
2018-05-07,3.059499979019165,1312.199951171875
2018-05-08,3.0404999256134033,1312.0
2018-05-09,3.0394999980926514,1311.300048828125
2018-05-10,3.0924999713897705,1320.800048828125
2018-05-11,3.0950000286102295,1319.0
2018-05-14,3.0785000324249268,1316.5
2018-05-15,3.0425000190734863,1288.9000244140625
2018-05-16,3.058500051498413,1290.199951171875
2018-05-17,3.0769999027252197,1288.199951171875
2018-05-18,3.0510001182556152,1290.199951171875
2018-05-21,3.0855000019073486,1290.199951171875
2018-05-22,3.11899995803833,1291.699951171875
2018-05-23,3.060499906539917,1289.300048828125
2018-05-24,3.0855000019073486,1303.699951171875
2018-05-25,3.066999912261963,1303.300048828125
2018-05-29,3.052000045776367,1298.699951171875
2018-05-30,3.059499979019165,1301.5
2018-05-31,3.058000087738037,1300.0999755859375
2018-06-01,3.0915000438690186,1294.800048828125
2018-06-04,3.126499891281128,1293.0999755859375
2018-06-05,3.190999984741211,1297.5
2018-06-06,3.254499912261963,1297.0999755859375
2018-06-07,3.2679998874664307,1298.699951171875
2018-06-08,3.2929999828338623,1298.0999755859375
2018-06-11,3.250499963760376,1298.9000244140625
2018-06-12,3.242500066757202,1295.0999755859375
2018-06-13,3.247999906539917,1296.9000244140625
2018-06-14,3.2165000438690186,1304.0
2018-06-15,3.1410000324249268,1274.5999755859375
2018-06-18,3.1034998893737793,1276.199951171875
2018-06-19,3.0464999675750732,1275.5999755859375
2018-06-20,3.0464999675750732,1271.199951171875
2018-06-21,3.0250000953674316,1267.199951171875
2018-06-22,3.0325000286102295,1267.4000244140625
2018-06-25,2.992000102996826,1265.5999755859375
2018-06-26,2.996999979019165,1256.5999755859375
2018-06-27,2.989500045776367,1252.800048828125
2018-06-28,2.9535000324249268,1247.800048828125
2018-06-29,2.9509999752044678,1251.300048828125
2018-07-02,2.93149995803833,1239.800048828125
2018-07-03,2.9059998989105225,1251.5999755859375
2018-07-05,2.813999891281128,1257.300048828125
2018-07-06,2.812999963760376,1254.300048828125
2018-07-09,2.8389999866485596,1258.0999755859375
2018-07-10,2.8285000324249268,1253.800048828125
2018-07-11,2.7335000038146973,1242.800048828125
2018-07-12,2.7679998874664307,1245.0
2018-07-13,2.7699999809265137,1239.5999755859375
2018-07-16,2.756999969482422,1238.0999755859375
2018-07-17,2.739500045776367,1225.699951171875
2018-07-18,2.752000093460083,1226.300048828125
2018-07-19,2.686000108718872,1222.4000244140625
2018-07-20,2.746000051498413,1229.5
2018-07-23,2.736999988555908,1224.0
2018-07-24,2.799999952316284,1223.9000244140625
2018-07-25,2.805999994277954,1231.4000244140625
2018-07-26,2.803999900817871,1225.300048828125
2018-07-27,2.7874999046325684,1222.5999755859375
2018-07-30,2.7790000438690186,1221.300048828125
2018-07-31,2.819000005722046,1223.699951171875
2018-08-01,2.734999895095825,1217.9000244140625
2018-08-02,2.7269999980926514,1210.5999755859375
2018-08-03,2.753499984741211,1214.199951171875
2018-08-06,2.7209999561309814,1208.5999755859375
2018-08-07,2.740999937057495,1209.5999755859375
2018-08-08,2.740499973297119,1212.5999755859375
2018-08-09,2.755500078201294,1211.9000244140625
2018-08-10,2.7325000762939453,1211.0999755859375
2018-08-13,2.7219998836517334,1191.300048828125
2018-08-14,2.67549991607666,1193.0
2018-08-15,2.556999921798706,1177.5
2018-08-16,2.6135001182556152,1176.199951171875
2018-08-17,2.624500036239624,1176.5
2018-08-20,2.6635000705718994,1186.800048828125
2018-08-21,2.689500093460083,1192.5999755859375
2018-08-22,2.6684999465942383,1196.300048828125
2018-08-23,2.6524999141693115,1187.0
2018-08-24,2.6989998817443848,1206.300048828125
2018-08-27,2.7049999237060547,1209.0
2018-08-28,2.7339999675750732,1207.4000244140625
2018-08-29,2.7090001106262207,1204.5
2018-08-30,2.690500020980835,1197.699951171875
2018-08-31,2.6489999294281006,1200.300048828125
2018-09-04,2.5834999084472656,1192.699951171875
2018-09-05,2.5924999713897705,1194.9000244140625
2018-09-06,2.618499994277954,1197.9000244140625
2018-09-07,2.6034998893737793,1193.5999755859375
2018-09-10,2.6105000972747803,1193.0
2018-09-11,2.6040000915527344,1195.4000244140625
2018-09-12,2.6584999561309814,1204.699951171875
2018-09-13,2.6644999980926514,1202.0
2018-09-14,2.627500057220459,1195.0
2018-09-17,2.633500099182129,1199.699951171875
2018-09-18,2.7119998931884766,1196.800048828125
2018-09-19,2.7100000381469727,1202.199951171875
2018-09-20,2.7209999561309814,1206.199951171875
2018-09-21,2.8364999294281006,1196.199951171875
2018-09-24,2.815999984741211,1199.300048828125
2018-09-25,2.803499937057495,1200.0
2018-09-26,2.806999921798706,1194.0
2018-09-27,2.7644999027252197,1182.300048828125
2018-09-28,2.7869999408721924,1191.5
2018-10-01,2.7739999294281006,1187.0999755859375
2018-10-02,2.7950000762939453,1202.4000244140625
2018-10-03,2.822499990463257,1198.300048828125
2018-10-04,2.765000104904175,1197.199951171875
2018-10-05,2.750999927520752,1201.199951171875
2018-10-08,2.755000114440918,1184.4000244140625
2018-10-09,2.7950000762939453,1187.199951171875
2018-10-10,2.7690000534057617,1189.300048828125
2018-10-11,2.796999931335449,1223.5
2018-10-12,2.7929999828338623,1218.0999755859375
2018-10-15,2.7804999351501465,1226.4000244140625
2018-10-16,2.7704999446868896,1227.300048828125
2018-10-17,2.7669999599456787,1223.699951171875
2018-10-18,2.737499952316284,1226.5
2018-10-19,2.7679998874664307,1225.300048828125
2018-10-22,2.7739999294281006,1221.199951171875
2018-10-23,2.746999979019165,1233.4000244140625
2018-10-24,2.746500015258789,1227.800048828125
2018-10-25,2.748500108718872,1229.0999755859375
2018-10-26,2.74399995803833,1232.5
2018-10-29,2.7385001182556152,1224.5
2018-10-30,2.6630001068115234,1222.5999755859375
2018-10-31,2.6635000705718994,1212.300048828125
2018-11-01,2.7214999198913574,1236.0
2018-11-02,2.802999973297119,1230.9000244140625
2018-11-05,2.755500078201294,1229.800048828125
2018-11-06,2.7304999828338623,1223.800048828125
2018-11-07,2.752500057220459,1226.199951171875
2018-11-08,2.736999988555908,1222.9000244140625
2018-11-09,2.686500072479248,1206.4000244140625
2018-11-12,2.677999973297119,1201.300048828125
2018-11-13,2.687000036239624,1199.199951171875
2018-11-14,2.7095000743865967,1207.9000244140625
2018-11-15,2.749000072479248,1212.800048828125
2018-11-16,2.803999900817871,1220.800048828125
2018-11-19,2.804500102996826,1223.0999755859375
2018-11-20,2.7664999961853027,1219.0
2018-11-21,2.7945001125335693,1225.800048828125
2018-11-23,2.7704999446868896,1221.0
2018-11-26,2.758500099182129,1220.199951171875
2018-11-27,2.7105000019073486,1211.199951171875
2018-11-28,2.7960000038146973,1221.4000244140625
2018-11-29,2.7780001163482666,1224.0999755859375
2018-11-30,2.7774999141693115,1220.199951171875
2018-12-03,2.799499988555908,1233.9000244140625
2018-12-04,2.748500108718872,1241.0999755859375
2018-12-06,2.740499973297119,1238.0999755859375
2018-12-07,2.757499933242798,1246.800048828125
2018-12-10,2.7184998989105225,1243.699951171875
2018-12-11,2.7660000324249268,1241.9000244140625
2018-12-12,2.7685000896453857,1244.4000244140625
2018-12-13,2.762500047683716,1242.699951171875
2018-12-14,2.760499954223633,1237.0
2018-12-17,2.753000020980835,1247.4000244140625
2018-12-18,2.6710000038146973,1249.199951171875
2018-12-19,2.7214999198913574,1252.0999755859375
2018-12-20,2.7019999027252197,1263.5999755859375
2018-12-21,2.678499937057495,1253.800048828125
2018-12-24,2.6684999465942383,1267.5
2018-12-26,2.7084999084472656,1269.199951171875
2018-12-27,2.6675000190734863,1277.300048828125
2018-12-28,2.678999900817871,1279.9000244140625
2018-12-31,2.628000020980835,1278.300048828125
2019-01-02,2.625,1281.0
2019-01-03,2.570499897003174,1291.800048828125
2019-01-04,2.6514999866485596,1282.699951171875
2019-01-07,2.6410000324249268,1286.800048828125
2019-01-08,2.6605000495910645,1283.199951171875
2019-01-09,2.6619999408721924,1289.300048828125
2019-01-10,2.6435000896453857,1284.699951171875
2019-01-11,2.6695001125335693,1287.0999755859375
2019-01-14,2.6454999446868896,1289.0999755859375
2019-01-15,2.6505000591278076,1286.199951171875
2019-01-16,2.69350004196167,1291.5999755859375
2019-01-17,2.700000047683716,1291.0
2019-01-18,2.740999937057495,1281.300048828125
2019-01-22,2.688999891281128,1282.5
2019-01-23,2.694000005722046,1283.0999755859375
2019-01-24,2.6735000610351562,1279.0999755859375
2019-01-25,2.73799991607666,1297.4000244140625
2019-01-28,2.6875,1302.4000244140625
2019-01-29,2.7320001125335693,1308.199951171875
2019-01-30,2.7730000019073486,1309.9000244140625
2019-01-31,2.7890000343322754,1319.699951171875
2019-02-01,2.7750000953674316,1316.9000244140625
2019-02-04,2.7950000762939453,1314.300048828125
2019-02-05,2.816999912261963,1314.199951171875
2019-02-06,2.8355000019073486,1309.5
2019-02-07,2.8285000324249268,1309.4000244140625
2019-02-08,2.809999942779541,1313.699951171875
2019-02-11,2.7915000915527344,1307.0
2019-02-12,2.7744998931884766,1309.199951171875
2019-02-13,2.7739999294281006,1310.800048828125
2019-02-14,2.7760000228881836,1309.800048828125
2019-02-15,2.802500009536743,1318.0999755859375
2019-02-19,2.881500005722046,1340.0999755859375
2019-02-20,2.930000066757202,1343.300048828125
2019-02-21,2.9024999141693115,1323.5
2019-02-22,2.9609999656677246,1329.199951171875
2019-02-25,2.950000047683716,1325.9000244140625
2019-02-26,2.944000005722046,1325.0999755859375
2019-02-27,2.9590001106262207,1317.699951171875
2019-02-28,2.950000047683716,1312.800048828125
2019-03-01,2.933500051498413,1296.4000244140625
2019-03-04,2.9110000133514404,1284.800048828125
2019-03-05,2.936000108718872,1282.0
2019-03-06,2.9184999465942383,1284.9000244140625
2019-03-07,2.9114999771118164,1283.800048828125
2019-03-08,2.8940000534057617,1297.0
2019-03-11,2.9000000953674316,1288.800048828125
2019-03-12,2.927500009536743,1296.300048828125
2019-03-13,2.933500051498413,1307.5
2019-03-14,2.8884999752044678,1293.4000244140625
2019-03-15,2.9035000801086426,1301.800048828125
2019-03-18,2.9035000801086426,1300.300048828125
2019-03-19,2.9195001125335693,1305.0
2019-03-20,2.9154999256134033,1300.5
2019-03-21,2.9000000953674316,1306.0999755859375
2019-03-22,2.8359999656677246,1311.5999755859375
2019-03-25,2.8494999408721924,1321.9000244140625
2019-03-26,2.8505001068115234,1314.300048828125
2019-03-27,2.8580000400543213,1309.9000244140625
2019-03-28,2.868499994277954,1289.800048828125
2019-03-29,2.936000108718872,1293.0
2019-04-01,2.9205000400543213,1288.4000244140625
2019-04-02,2.9040000438690186,1290.0
2019-04-03,2.946500062942505,1289.9000244140625
2019-04-04,2.9084999561309814,1289.0
2019-04-05,2.8924999237060547,1290.4000244140625
2019-04-08,2.929500102996826,1297.0999755859375
2019-04-09,2.93149995803833,1303.5
2019-04-10,2.922499895095825,1309.0999755859375
2019-04-11,2.885999917984009,1288.5999755859375
2019-04-12,2.946000099182129,1290.5999755859375
2019-04-15,2.934000015258789,1286.800048828125
2019-04-16,2.930500030517578,1272.5999755859375
2019-04-17,2.9755001068115234,1272.199951171875
2019-04-18,2.927500009536743,1271.9000244140625
2019-04-22,2.9065001010894775,1273.5
2019-04-23,2.8984999656677246,1269.300048828125
2019-04-24,2.9175000190734863,1275.5
2019-04-25,2.877500057220459,1275.800048828125
2019-04-26,2.9700000286102295,1284.9000244140625
2019-04-29,2.8949999809265137,1278.5999755859375
2019-04-30,2.9014999866485596,1282.800048828125
2019-05-01,2.802999973297119,1281.4000244140625
2019-05-02,2.7839999198913574,1269.699951171875
2019-05-03,2.825000047683716,1279.199951171875
2019-05-06,2.8369998931884766,1281.699951171875
2019-05-07,2.7939999103546143,1283.5
2019-05-08,2.7855000495910645,1279.4000244140625
2019-05-09,2.7834999561309814,1283.5
2019-05-10,2.7850000858306885,1285.699951171875
2019-05-13,2.7295000553131104,1300.0999755859375
2019-05-14,2.734499931335449,1294.699951171875
2019-05-15,2.753499984741211,1296.300048828125
2019-05-16,2.758500099182129,1285.0
2019-05-17,2.747999906539917,1274.5
2019-05-20,2.7360000610351562,1276.0999755859375
2019-05-21,2.7235000133514404,1272.0
2019-05-22,2.686000108718872,1273.5999755859375
2019-05-23,2.686500072479248,1284.800048828125
2019-05-24,2.7065000534057617,1283.0
2019-05-28,2.7035000324249268,1276.5
2019-05-29,2.672499895095825,1280.5999755859375
2019-05-30,2.6605000495910645,1287.0999755859375
2019-05-31,2.6459999084472656,1305.800048828125
2019-06-03,2.6554999351501465,1322.699951171875
2019-06-04,2.6735000610351562,1323.4000244140625
2019-06-05,2.627000093460083,1328.300048828125
2019-06-06,2.6540000438690186,1337.5999755859375
2019-06-07,2.630500078201294,1341.199951171875
2019-06-10,2.6640000343322754,1324.699951171875
2019-06-11,2.67549991607666,1326.4000244140625
2019-06-12,2.6589999198913574,1331.9000244140625
2019-06-13,2.6610000133514404,1339.199951171875
2019-06-14,2.634500026702881,1340.0999755859375
2019-06-17,2.6510000228881836,1338.699951171875
2019-06-18,2.7070000171661377,1346.5999755859375
2019-06-19,2.684499979019165,1344.5999755859375
2019-06-20,2.7155001163482666,1392.9000244140625
2019-06-21,2.7060000896453857,1396.199951171875
2019-06-24,2.7054998874664307,1414.300048828125
2019-06-25,2.7355000972747803,1414.9000244140625
2019-06-26,2.7109999656677246,1411.5999755859375
2019-06-27,2.7125000953674316,1408.4000244140625
2019-06-28,2.7054998874664307,1409.699951171875
2019-07-01,2.679500102996826,1385.5999755859375
2019-07-02,2.6575000286102295,1404.5999755859375
2019-07-03,2.679500102996826,1417.699951171875
2019-07-05,2.6584999561309814,1396.699951171875
2019-07-08,2.6559998989105225,1397.0
2019-07-09,2.624500036239624,1397.5
2019-07-10,2.693000078201294,1410.0999755859375
2019-07-11,2.682499885559082,1404.300048828125
2019-07-12,2.691499948501587,1409.9000244140625
2019-07-15,2.7074999809265137,1411.4000244140625
2019-07-16,2.69350004196167,1409.199951171875
2019-07-17,2.7100000381469727,1421.300048828125
2019-07-18,2.7039999961853027,1426.0999755859375
2019-07-19,2.744499921798706,1425.0999755859375
2019-07-22,2.7144999504089355,1425.300048828125
2019-07-23,2.694000005722046,1420.0999755859375
2019-07-24,2.7039999961853027,1422.800048828125
2019-07-25,2.695499897003174,1413.9000244140625
2019-07-26,2.676500082015991,1418.5
2019-07-29,2.7095000743865967,1419.5999755859375
2019-07-30,2.6705000400543213,1429.699951171875
2019-07-31,2.6579999923706055,1426.0999755859375
2019-08-01,2.6600000858306885,1420.9000244140625
2019-08-02,2.565000057220459,1445.5999755859375
2019-08-05,2.5369999408721924,1464.5999755859375
2019-08-06,2.5510001182556152,1472.4000244140625
2019-08-07,2.565000057220459,1507.300048828125
2019-08-08,2.6019999980926514,1497.699951171875
2019-08-09,2.5840001106262207,1496.5999755859375
2019-08-12,2.5799999237060547,1505.300048828125
2019-08-13,2.624500036239624,1502.199951171875
2019-08-14,2.5864999294281006,1515.9000244140625
2019-08-15,2.5894999504089355,1519.5999755859375
2019-08-16,2.5899999141693115,1512.5
2019-08-19,2.5969998836517334,1500.4000244140625
2019-08-20,2.5739998817443848,1504.5999755859375
2019-08-21,2.5815000534057617,1504.5999755859375
2019-08-22,2.553499937057495,1497.300048828125
2019-08-23,2.5260000228881836,1526.5999755859375
2019-08-26,2.5399999618530273,1526.300048828125
2019-08-27,2.5434999465942383,1541.0
2019-08-28,2.5510001182556152,1537.800048828125
2019-08-29,2.559499979019165,1526.5
2019-08-30,2.5329999923706055,1519.0999755859375
2019-09-03,2.512500047683716,1545.9000244140625
2019-09-04,2.5789999961853027,1550.300048828125
2019-09-05,2.624500036239624,1515.4000244140625
2019-09-06,2.615499973297119,1506.199951171875
2019-09-09,2.6105000972747803,1502.199951171875
2019-09-10,2.6105000972747803,1490.300048828125
2019-09-11,2.5975000858306885,1494.4000244140625
2019-09-12,2.623500108718872,1498.699951171875
2019-09-13,2.680999994277954,1490.9000244140625
2019-09-16,2.621000051498413,1503.0999755859375
2019-09-17,2.609499931335449,1505.0999755859375
2019-09-18,2.5954999923706055,1507.5
2019-09-19,2.5910000801086426,1498.4000244140625
2019-09-20,2.5899999141693115,1507.300048828125
2019-09-23,2.5945000648498535,1523.699951171875
2019-09-24,2.5894999504089355,1532.0999755859375
2019-09-25,2.5950000286102295,1504.5999755859375
2019-09-26,2.559999942779541,1507.5
2019-09-27,2.5829999446868896,1499.0999755859375
2019-09-30,2.564500093460083,1465.699951171875
2019-10-01,2.552000045776367,1482.0
2019-10-02,2.561500072479248,1501.0
2019-10-03,2.5455000400543213,1507.0999755859375
2019-10-04,2.555500030517578,1506.199951171875
2019-10-07,2.572000026702881,1497.699951171875
2019-10-08,2.563499927520752,1497.199951171875
2019-10-09,2.562000036239624,1506.0999755859375
2019-10-10,2.6050000190734863,1494.800048828125
2019-10-11,2.618499994277954,1482.699951171875
2019-10-14,2.623500108718872,1491.699951171875
2019-10-15,2.6040000915527344,1477.5999755859375
2019-10-16,2.5794999599456787,1488.0
2019-10-17,2.5869998931884766,1492.300048828125
2019-10-18,2.625,1488.199951171875
2019-10-21,2.634999990463257,1482.4000244140625
2019-10-22,2.621999979019165,1481.699951171875
2019-10-23,2.6624999046325684,1489.9000244140625
2019-10-24,2.6589999198913574,1498.9000244140625
2019-10-25,2.6665000915527344,1499.5
2019-10-28,2.672499895095825,1490.0
2019-10-29,2.682499885559082,1487.0
2019-10-30,2.680500030517578,1493.199951171875
2019-10-31,2.632999897003174,1511.4000244140625
2019-11-01,2.6510000228881836,1508.0
2019-11-04,2.6670000553131104,1508.0
2019-11-05,2.694999933242798,1480.800048828125
2019-11-06,2.6610000133514404,1490.199951171875
2019-11-07,2.7239999771118164,1464.199951171875
2019-11-08,2.677999973297119,1461.300048828125
2019-11-11,2.6600000858306885,1455.5
2019-11-12,2.6419999599456787,1452.0999755859375
2019-11-13,2.6364998817443848,1461.699951171875
2019-11-14,2.618499994277954,1471.800048828125
2019-11-15,2.634999990463257,1467.300048828125
2019-11-18,2.617500066757202,1470.9000244140625
2019-11-19,2.6535000801086426,1473.300048828125
2019-11-20,2.6465001106262207,1473.300048828125
2019-11-21,2.621000051498413,1463.0999755859375
2019-11-22,2.6475000381469727,1463.0999755859375
2019-11-25,2.6475000381469727,1456.5999755859375
2019-11-26,2.674499988555908,1459.800048828125
2019-11-27,2.674499988555908,1453.4000244140625
2019-11-29,2.6419999599456787,1465.5999755859375
2019-12-02,2.632499933242798,1462.300048828125
2019-12-03,2.6080000400543213,1478.199951171875
2019-12-04,2.6440000534057617,1474.0
2019-12-05,2.6484999656677246,1476.9000244140625
2019-12-06,2.7109999656677246,1459.0999755859375
2019-12-09,2.746500015258789,1459.300048828125
2019-12-10,2.755500078201294,1462.5999755859375
2019-12-11,2.7825000286102295,1469.4000244140625
2019-12-12,2.7894999980926514,1466.699951171875
2019-12-13,2.7804999351501465,1475.5999755859375
2019-12-16,2.820499897003174,1475.0
2019-12-17,2.819499969482422,1474.5999755859375
2019-12-18,2.816999912261963,1472.5999755859375
2019-12-19,2.8315000534057617,1478.199951171875
2019-12-20,2.811000108718872,1474.699951171875
2019-12-23,2.816999912261963,1482.5
2019-12-24,2.8385000228881836,1499.0999755859375
2019-12-26,2.864500045776367,1509.300048828125
2019-12-27,2.8364999294281006,1513.800048828125
2019-12-30,2.827500104904175,1514.5
2019-12-31,2.7939999103546143,1519.5
2020-01-02,2.8329999446868896,1524.5
2020-01-03,2.7985000610351562,1549.199951171875
2020-01-06,2.80049991607666,1566.199951171875
2020-01-07,2.803999900817871,1571.800048828125
2020-01-08,2.819000005722046,1557.4000244140625
2020-01-09,2.810499906539917,1551.699951171875
2020-01-10,2.81850004196167,1557.5
2020-01-13,2.8615000247955322,1548.4000244140625
2020-01-14,2.875999927520752,1542.4000244140625
2020-01-15,2.869999885559082,1552.0999755859375
2020-01-16,2.8519999980926514,1549.0
2020-01-17,2.8494999408721924,1558.800048828125
2020-01-21,2.7985000610351562,1556.4000244140625
2020-01-22,2.7669999599456787,1555.300048828125
2020-01-23,2.7260000705718994,1564.5999755859375
2020-01-24,2.685499906539917,1571.0999755859375
2020-01-27,2.5964999198913574,1576.800048828125
2020-01-28,2.5794999599456787,1569.199951171875
2020-01-29,2.553499937057495,1569.800048828125
2020-01-30,2.5234999656677246,1583.5
2020-01-31,2.5199999809265137,1582.9000244140625
2020-02-03,2.513000011444092,1577.199951171875
2020-02-04,2.547499895095825,1550.4000244140625
2020-02-05,2.5789999961853027,1557.800048828125
2020-02-06,2.5985000133514404,1565.0999755859375
2020-02-07,2.559000015258789,1568.5999755859375
2020-02-10,2.557499885559082,1574.699951171875
2020-02-11,2.5885000228881836,1565.5999755859375
2020-02-12,2.6059999465942383,1567.4000244140625
2020-02-13,2.619499921798706,1575.0999755859375
2020-02-14,2.6054999828338623,1582.699951171875
2020-02-18,2.609999895095825,1600.0
2020-02-19,2.612499952316284,1607.5
2020-02-20,2.5950000286102295,1616.5999755859375
2020-02-21,2.618000030517578,1644.5999755859375
2020-02-24,2.5924999713897705,1672.4000244140625
2020-02-25,2.5964999198913574,1646.9000244140625
2020-02-26,2.5764999389648438,1640.0
2020-02-27,2.571500062942505,1640.0
2020-02-28,2.5460000038146973,1564.0999755859375
2020-03-02,2.6010000705718994,1592.300048828125
2020-03-03,2.5794999599456787,1642.0999755859375
2020-03-04,2.5929999351501465,1641.0999755859375
2020-03-05,2.5824999809265137,1666.4000244140625
2020-03-06,2.572999954223633,1670.800048828125
2020-03-09,2.5239999294281006,1674.5
2020-03-10,2.5339999198913574,1659.0999755859375
2020-03-11,2.51200008392334,1641.4000244140625
2020-03-12,2.4809999465942383,1589.300048828125
2020-03-13,2.4739999771118164,1515.699951171875
2020-03-16,2.3984999656677246,1485.9000244140625
2020-03-17,2.315500020980835,1524.9000244140625
2020-03-18,2.1605000495910645,1477.300048828125
2020-03-19,2.200000047683716,1478.5999755859375
2020-03-20,2.190500020980835,1484.0
2020-03-23,2.119499921798706,1567.0
2020-03-24,2.197499990463257,1660.199951171875
2020-03-25,2.2339999675750732,1632.300048828125
2020-03-26,2.2079999446868896,1650.0999755859375
2020-03-27,2.197000026702881,1623.9000244140625
2020-03-30,2.1619999408721924,1622.0
2020-03-31,2.240000009536743,1583.4000244140625
2020-04-01,2.191999912261963,1578.199951171875
2020-04-02,2.2330000400543213,1625.699951171875
2020-04-03,2.2100000381469727,1633.699951171875
2020-04-06,2.234999895095825,1677.0
2020-04-07,2.2885000705718994,1664.800048828125
2020-04-08,2.2780001163482666,1665.4000244140625
2020-04-09,2.2774999141693115,1736.199951171875
2020-04-13,2.320499897003174,1744.800048828125
2020-04-14,2.3469998836517334,1756.699951171875
2020-04-15,2.3125,1727.199951171875
2020-04-16,2.304500102996826,1720.4000244140625
2020-04-17,2.3534998893737793,1689.199951171875
2020-04-20,2.3345000743865967,1701.5999755859375
2020-04-21,2.2669999599456787,1678.199951171875
2020-04-22,2.317500114440918,1728.699951171875
2020-04-23,2.3239998817443848,1733.300048828125
2020-04-24,2.3480000495910645,1723.5
2020-04-27,2.381999969482422,1711.9000244140625
2020-04-28,2.378999948501587,1710.5
2020-04-29,2.374500036239624,1703.4000244140625
2020-04-30,2.3540000915527344,1684.199951171875
2020-05-01,2.31850004196167,1694.5
2020-05-04,2.3239998817443848,1706.9000244140625
2020-05-05,2.3410000801086426,1704.4000244140625
2020-05-06,2.3524999618530273,1684.199951171875
2020-05-07,2.385499954223633,1721.800048828125
2020-05-08,2.4084999561309814,1709.9000244140625
2020-05-11,2.381999969482422,1695.300048828125
2020-05-12,2.3605000972747803,1704.4000244140625
2020-05-13,2.3489999771118164,1713.9000244140625
2020-05-14,2.3510000705718994,1738.0999755859375
2020-05-15,2.3334999084472656,1753.4000244140625
2020-05-18,2.4049999713897705,1731.800048828125
2020-05-19,2.4230000972747803,1744.199951171875
2020-05-20,2.4674999713897705,1750.5999755859375
2020-05-21,2.4519999027252197,1720.5
2020-05-22,2.4089999198913574,1734.5999755859375
2020-05-26,2.438499927520752,1704.800048828125
2020-05-27,2.4024999141693115,1710.300048828125
2020-05-28,2.4130001068115234,1713.300048828125
2020-05-29,2.426500082015991,1736.9000244140625
2020-06-01,2.4744999408721924,1737.800048828125
2020-06-02,2.494499921798706,1725.199951171875
2020-06-03,2.496500015258789,1697.800048828125
2020-06-04,2.493000030517578,1718.9000244140625
2020-06-05,2.556999921798706,1676.199951171875
2020-06-08,2.569999933242798,1698.300048828125
2020-06-09,2.6005001068115234,1714.699951171875
2020-06-10,2.6570000648498535,1713.300048828125
2020-06-11,2.5864999294281006,1732.0
2020-06-12,2.6015000343322754,1729.300048828125
2020-06-15,2.56850004196167,1720.300048828125
2020-06-16,2.565999984741211,1729.5999755859375
2020-06-17,2.5920000076293945,1729.199951171875
2020-06-18,2.5910000801086426,1724.800048828125
2020-06-19,2.615000009536743,1745.9000244140625
2020-06-22,2.6554999351501465,1756.699951171875
2020-06-23,2.6600000858306885,1772.0999755859375
2020-06-24,2.6505000591278076,1765.800048828125
2020-06-25,2.6624999046325684,1762.0999755859375
2020-06-26,2.671999931335449,1772.5
2020-06-29,2.679500102996826,1774.800048828125
2020-06-30,2.7135000228881836,1793.0
2020-07-01,2.7170000076293945,1773.199951171875
2020-07-02,2.7335000038146973,1784.0
2020-07-06,2.7660000324249268,1788.5
2020-07-07,2.7874999046325684,1804.199951171875
2020-07-08,2.814500093460083,1815.5
2020-07-09,2.828000068664551,1799.199951171875
2020-07-10,2.88700008392334,1798.199951171875
2020-07-13,2.941999912261963,1811.0
2020-07-14,2.9159998893737793,1810.5999755859375
2020-07-15,2.870500087738037,1811.4000244140625
2020-07-16,2.885999917984009,1798.699951171875
2020-07-17,2.887500047683716,1808.300048828125
2020-07-20,2.8984999656677246,1815.9000244140625
2020-07-21,2.940999984741211,1842.4000244140625
2020-07-22,2.9084999561309814,1864.0999755859375
2020-07-23,2.924499988555908,1889.0999755859375
2020-07-24,2.881999969482422,1897.300048828125
2020-07-27,2.888000011444092,1931.0
2020-07-28,2.9049999713897705,1944.699951171875
2020-07-29,2.9054999351501465,1953.5
2020-07-30,2.9045000076293945,1942.300048828125
2020-07-31,2.8589999675750732,1962.800048828125
2020-08-03,2.9079999923706055,1966.0
2020-08-04,2.8894999027252197,2001.199951171875
2020-08-05,2.9114999771118164,2031.0999755859375
2020-08-06,2.9054999351501465,2051.5
2020-08-07,2.7904999256134033,2010.0999755859375
2020-08-10,2.8585000038146973,2024.4000244140625
2020-08-11,2.871999979019165,1932.5999755859375
2020-08-12,2.88700008392334,1934.9000244140625
2020-08-13,2.803999900817871,1956.699951171875
2020-08-14,2.8559999465942383,1937.0
2020-08-17,2.8980000019073486,1985.0
2020-08-18,2.9709999561309814,1999.4000244140625
2020-08-19,3.0190000534057617,1958.699951171875
2020-08-20,2.9700000286102295,1933.800048828125
2020-08-21,2.9135000705718994,1934.5999755859375
2020-08-24,2.922499895095825,1927.699951171875
2020-08-25,2.930999994277954,1911.800048828125
2020-08-26,2.9595000743865967,1940.699951171875
2020-08-27,2.9649999141693115,1921.5999755859375
2020-08-28,2.994999885559082,1964.5999755859375
2020-08-31,3.0409998893737793,1967.5999755859375
2020-09-01,3.009500026702881,1968.199951171875
2020-09-02,3.003000020980835,1934.4000244140625
2020-09-03,2.9579999446868896,1927.5999755859375
2020-09-04,3.0464999675750732,1923.9000244140625
2020-09-08,3.012500047683716,1933.0
2020-09-09,3.0399999618530273,1944.699951171875
2020-09-10,2.986999988555908,1954.199951171875
2020-09-11,3.0339999198913574,1937.800048828125
2020-09-14,3.066499948501587,1953.0999755859375
2020-09-15,3.062999963760376,1956.300048828125
2020-09-16,3.058000087738037,1960.199951171875
2020-09-17,3.066499948501587,1940.0
2020-09-18,3.1135001182556152,1952.0999755859375
2020-09-21,3.0295000076293945,1901.199951171875
2020-09-22,3.059000015258789,1898.5999755859375
2020-09-23,2.993499994277954,1859.9000244140625
2020-09-24,2.9690001010894775,1868.300048828125
2020-09-25,2.9730000495910645,1857.699951171875
2020-09-28,2.989500045776367,1872.800048828125
2020-09-29,2.9835000038146973,1894.300048828125
2020-09-30,3.0285000801086426,1887.5
2020-10-01,2.8635001182556152,1908.4000244140625
2020-10-02,2.9784998893737793,1900.199951171875
2020-10-05,2.9649999141693115,1912.5
2020-10-06,2.9655001163482666,1901.0999755859375
2020-10-07,3.0344998836517334,1883.5999755859375
2020-10-08,3.0420000553131104,1888.5999755859375
2020-10-09,3.0794999599456787,1919.5
2020-10-12,3.061000108718872,1922.5
2020-10-13,3.0425000190734863,1888.5
2020-10-14,3.047499895095825,1901.300048828125
2020-10-15,3.0829999446868896,1903.199951171875
2020-10-16,3.065000057220459,1900.800048828125
2020-10-19,3.0810000896453857,1906.4000244140625
2020-10-20,3.1435000896453857,1910.4000244140625
2020-10-21,3.194499969482422,1924.5999755859375
2020-10-22,3.1500000953674316,1901.0999755859375
2020-10-23,3.125499963760376,1902.0
2020-10-26,3.0885000228881836,1902.699951171875
2020-10-27,3.0899999141693115,1908.800048828125
2020-10-28,3.056999921798706,1876.199951171875
2020-10-29,3.052000045776367,1865.5999755859375
2020-10-30,3.0434999465942383,1877.4000244140625
2020-11-02,3.073499917984009,1890.4000244140625
2020-11-03,3.0869998931884766,1908.5
2020-11-04,3.1010000705718994,1894.5999755859375
2020-11-05,3.1045000553131104,1945.300048828125
2020-11-06,3.1489999294281006,1950.300048828125
2020-11-09,3.1514999866485596,1853.199951171875
2020-11-10,3.1505000591278076,1875.4000244140625
2020-11-11,3.128999948501587,1860.699951171875
2020-11-12,3.1429998874664307,1872.5999755859375
2020-11-13,3.17549991607666,1885.699951171875
2020-11-16,3.2200000286102295,1887.300048828125
2020-11-17,3.196500062942505,1884.5
2020-11-18,3.197999954223633,1873.5
2020-11-19,3.2035000324249268,1861.0999755859375
2020-11-20,3.2934999465942383,1872.5999755859375
2020-11-23,3.259500026702881,1837.800048828125
2020-11-24,3.299999952316284,1804.800048828125
2020-11-25,3.312000036239624,1805.699951171875
2020-11-27,3.3994998931884766,1781.9000244140625
2020-11-30,3.4205000400543213,1775.699951171875
2020-12-01,3.4679999351501465,1814.0999755859375
2020-12-02,3.4749999046325684,1825.699951171875
2020-12-03,3.4790000915527344,1836.800048828125
2020-12-04,3.5139999389648438,1835.9000244140625
2020-12-07,3.508500099182129,1861.800048828125
2020-12-08,3.49399995803833,1870.800048828125
2020-12-09,3.507999897003174,1834.5999755859375
2020-12-10,3.570499897003174,1833.5999755859375
2020-12-11,3.5239999294281006,1839.800048828125
2020-12-14,3.5220000743865967,1828.699951171875
2020-12-15,3.5380001068115234,1852.300048828125
2020-12-16,3.553999900817871,1856.0999755859375
2020-12-17,3.5969998836517334,1887.199951171875
2020-12-18,3.628499984741211,1885.699951171875
2020-12-21,3.572999954223633,1879.199951171875
2020-12-22,3.5179998874664307,1866.5999755859375
2020-12-23,3.552000045776367,1874.699951171875
2020-12-24,3.559999942779541,1879.9000244140625
2020-12-28,3.569999933242798,1877.199951171875
2020-12-29,3.552999973297119,1879.699951171875
2020-12-30,3.5429999828338623,1891.0
2020-12-31,3.5139999389648438,1893.0999755859375
2021-01-04,3.552999973297119,1944.699951171875
2021-01-05,3.640500068664551,1952.699951171875
2021-01-06,3.6500000953674316,1906.9000244140625
2021-01-07,3.695499897003174,1912.300048828125
2021-01-08,3.6735000610351562,1834.0999755859375
2021-01-11,3.563999891281128,1849.5999755859375
2021-01-12,3.6050000190734863,1842.9000244140625
2021-01-13,3.617000102996826,1853.5999755859375
2021-01-14,3.6679999828338623,1850.300048828125
2021-01-15,3.6029999256134033,1829.300048828125
2021-01-19,3.635999917984009,1839.5
2021-01-20,3.6475000381469727,1865.9000244140625
2021-01-21,3.6554999351501465,1865.300048828125
2021-01-22,3.635499954223633,1855.699951171875
2021-01-25,3.640500068664551,1854.9000244140625
2021-01-26,3.628000020980835,1850.699951171875
2021-01-27,3.571500062942505,1844.9000244140625
2021-01-28,3.5829999446868896,1837.9000244140625
2021-01-29,3.573499917984009,1847.300048828125
2021-02-01,3.562000036239624,1860.800048828125
2021-02-02,3.5390000343322754,1830.5
2021-02-03,3.5785000324249268,1832.199951171875
2021-02-04,3.565999984741211,1788.9000244140625
2021-02-05,3.6389999389648438,1810.9000244140625
2021-02-08,3.678999900817871,1831.9000244140625
2021-02-09,3.7335000038146973,1835.300048828125
2021-02-10,3.7855000495910645,1840.5999755859375
2021-02-11,3.7874999046325684,1824.9000244140625
2021-02-12,3.802000045776367,1821.5999755859375
2021-02-16,3.8480000495910645,1797.199951171875
2021-02-17,3.8359999656677246,1771.0999755859375
2021-02-18,3.9165000915527344,1773.4000244140625
2021-02-19,4.090000152587891,1775.800048828125
2021-02-22,4.152500152587891,1806.699951171875
2021-02-23,4.1875,1804.4000244140625
2021-02-24,4.301000118255615,1796.4000244140625
2021-02-25,4.265999794006348,1774.4000244140625
2021-02-26,4.0945000648498535,1728.0999755859375
2021-03-01,4.119500160217285,1722.5
2021-03-02,4.231500148773193,1733.0999755859375
2021-03-03,4.1529998779296875,1715.300048828125
2021-03-04,3.990999937057495,1700.199951171875
2021-03-05,4.086999893188477,1698.0
2021-03-08,4.103499889373779,1677.699951171875
2021-03-09,4.019499778747559,1716.5999755859375
2021-03-10,4.041999816894531,1721.5
2021-03-11,4.14300012588501,1722.300048828125
2021-03-12,4.145500183105469,1719.5
2021-03-15,4.146500110626221,1728.9000244140625
2021-03-16,4.078999996185303,1730.5999755859375
2021-03-17,4.127999782562256,1726.800048828125
2021-03-18,4.117000102996826,1732.199951171875
2021-03-19,4.123499870300293,1741.4000244140625
2021-03-22,4.14900016784668,1737.800048828125
2021-03-23,4.0879998207092285,1724.699951171875
2021-03-24,4.071499824523926,1732.9000244140625
2021-03-25,3.984999895095825,1724.9000244140625
2021-03-26,4.078499794006348,1732.199951171875
2021-03-29,4.043000221252441,1712.0999755859375
2021-03-30,3.9830000400543213,1683.9000244140625
2021-03-31,4.002999782562256,1713.800048828125
2021-04-01,4.003499984741211,1726.5
2021-04-05,4.14900016784668,1727.0
2021-04-06,4.126500129699707,1741.5
2021-04-07,4.064000129699707,1740.0999755859375
2021-04-08,4.103499889373779,1756.800048828125
2021-04-09,4.05049991607666,1743.300048828125
2021-04-12,4.03000020980835,1731.199951171875
2021-04-13,4.043000221252441,1746.199951171875
2021-04-14,4.139999866485596,1734.9000244140625
2021-04-15,4.230500221252441,1765.4000244140625
2021-04-16,4.179999828338623,1779.0
2021-04-19,4.25,1769.4000244140625
2021-04-20,4.223999977111816,1777.300048828125
2021-04-21,4.286499977111816,1792.300048828125
2021-04-22,4.2804999351501465,1781.199951171875
2021-04-23,4.3429999351501465,1777.0
2021-04-26,4.447999954223633,1779.199951171875
2021-04-27,4.743000030517578,1778.0
2021-04-28,4.5370001792907715,1773.199951171875
2021-04-29,4.493000030517578,1768.0999755859375
2021-04-30,4.479000091552734,1767.300048828125
2021-05-03,4.543000221252441,1791.4000244140625
2021-05-04,4.535999774932861,1775.800048828125
2021-05-05,4.539000034332275,1784.0999755859375
2021-05-06,4.61899995803833,1815.5
2021-05-07,4.765999794006348,1831.0999755859375
2021-05-10,4.733500003814697,1837.5
2021-05-11,4.778500080108643,1835.9000244140625
2021-05-12,4.752500057220459,1822.5999755859375
2021-05-13,4.70550012588501,1823.800048828125
2021-05-14,4.664000034332275,1837.9000244140625
2021-05-17,4.721499919891357,1867.5
2021-05-18,4.735499858856201,1867.800048828125
2021-05-19,4.5894999504089355,1881.300048828125
2021-05-20,4.581999778747559,1881.800048828125
2021-05-21,4.495999813079834,1876.699951171875
2021-05-24,4.541500091552734,1884.5999755859375
2021-05-25,4.521999835968018,1898.0999755859375
2021-05-26,4.5329999923706055,1901.300048828125
2021-05-27,4.666500091552734,1895.699951171875
2021-05-28,4.682499885559082,1902.5
2021-06-01,4.6620001792907715,1902.9000244140625
2021-06-02,4.599999904632568,1907.5
2021-06-03,4.471499919891357,1871.199951171875
2021-06-04,4.537499904632568,1889.800048828125
2021-06-07,4.534999847412109,1896.800048828125
2021-06-08,4.563000202178955,1892.199951171875
2021-06-09,4.536499977111816,1893.199951171875
2021-06-10,4.489999771118164,1894.199951171875
2021-06-11,4.541500091552734,1877.4000244140625
2021-06-14,4.5320000648498535,1864.0
2021-06-15,4.340000152587891,1854.5
2021-06-16,4.392499923706055,1859.5
2021-06-17,4.184500217437744,1773.800048828125
2021-06-18,4.162499904632568,1767.9000244140625
2021-06-21,4.1875,1781.800048828125
2021-06-22,4.234499931335449,1776.300048828125
2021-06-23,4.330999851226807,1782.300048828125
2021-06-24,4.311500072479248,1775.5999755859375
2021-06-25,4.298999786376953,1776.5999755859375
2021-06-28,4.2779998779296875,1779.5999755859375
2021-06-29,4.276500225067139,1762.800048828125
2021-06-30,4.296500205993652,1770.800048828125
2021-07-01,4.242000102996826,1775.9000244140625
2021-07-02,4.2820000648498535,1782.5999755859375
2021-07-06,4.257999897003174,1793.5
2021-07-07,4.328999996185303,1801.5
2021-07-08,4.271500110626221,1799.5999755859375
2021-07-09,4.352499961853027,1810.0
2021-07-12,4.322999954223633,1805.5
2021-07-13,4.314499855041504,1809.4000244140625
2021-07-14,4.2769999504089355,1824.300048828125
2021-07-15,4.333000183105469,1828.4000244140625
2021-07-16,4.332499980926514,1814.5
2021-07-19,4.2104997634887695,1808.699951171875
2021-07-20,4.273499965667725,1810.9000244140625
2021-07-21,4.28249979019165,1802.9000244140625
2021-07-22,4.3480000495910645,1805.0
2021-07-23,4.406499862670898,1801.4000244140625
2021-07-26,4.589000225067139,1798.699951171875
2021-07-27,4.546000003814697,1799.5
2021-07-28,4.479000091552734,1799.5
2021-07-29,4.519999980926514,1831.199951171875
2021-07-30,4.480500221252441,1812.5999755859375
2021-08-02,4.432000160217285,1818.0999755859375
2021-08-03,4.382999897003174,1810.0999755859375
2021-08-04,4.329999923706055,1810.5
2021-08-05,4.3454999923706055,1805.0999755859375
2021-08-06,4.3454999923706055,1760.0
2021-08-09,4.2870001792907715,1723.4000244140625
2021-08-10,4.351500034332275,1728.800048828125
2021-08-11,4.363999843597412,1750.4000244140625
2021-08-12,4.355999946594238,1749.0
2021-08-13,4.38700008392334,1775.199951171875
2021-08-16,4.322000026702881,1786.9000244140625
2021-08-17,4.199999809265137,1785.0
2021-08-18,4.116000175476074,1781.5999755859375
2021-08-19,4.03849983215332,1780.199951171875
2021-08-20,4.134500026702881,1781.0
2021-08-23,4.234499931335449,1803.199951171875
2021-08-24,4.255000114440918,1805.5999755859375
2021-08-25,4.264999866485596,1788.199951171875
2021-08-26,4.245999813079834,1792.199951171875
2021-08-27,4.316500186920166,1816.5999755859375
2021-08-30,4.361000061035156,1809.0
2021-08-31,4.360000133514404,1815.0
2021-09-01,4.263000011444092,1813.0999755859375
2021-09-02,4.289999961853027,1808.699951171875
2021-09-03,4.325500011444092,1830.9000244140625
2021-09-07,4.277500152587891,1795.9000244140625
2021-09-08,4.23199987411499,1790.699951171875
2021-09-09,4.2835001945495605,1797.4000244140625
2021-09-10,4.447999954223633,1789.5999755859375
2021-09-13,4.363500118255615,1792.0
2021-09-14,4.317999839782715,1804.699951171875
2021-09-15,4.403500080108643,1792.4000244140625
2021-09-16,4.278500080108643,1754.5999755859375
2021-09-17,4.245500087738037,1749.4000244140625
2021-09-20,4.117000102996826,1761.800048828125
2021-09-21,4.127999782562256,1776.0
2021-09-22,4.252500057220459,1776.699951171875
2021-09-23,4.230999946594238,1747.699951171875
2021-09-24,4.287499904632568,1749.699951171875
2021-09-27,4.293499946594238,1750.0
2021-09-28,4.244999885559082,1735.800048828125
2021-09-29,4.199999809265137,1721.5
2021-09-30,4.090000152587891,1755.300048828125
2021-10-01,4.19350004196167,1757.0
2021-10-04,4.246500015258789,1766.199951171875
2021-10-05,4.202000141143799,1759.5999755859375
2021-10-06,4.1570000648498535,1760.5
2021-10-07,4.250999927520752,1757.9000244140625
2021-10-08,4.2829999923706055,1756.300048828125
2021-10-11,4.374499797821045,1754.5999755859375
2021-10-12,4.328999996185303,1758.300048828125
2021-10-13,4.520500183105469,1793.699951171875
2021-10-14,4.631499767303467,1796.699951171875
2021-10-15,4.734000205993652,1767.199951171875
2021-10-18,4.730500221252441,1764.800048828125
2021-10-19,4.714000225067139,1769.699951171875
2021-10-20,4.75600004196167,1784.0999755859375
2021-10-21,4.58650016784668,1781.199951171875
2021-10-22,4.526000022888184,1795.5
2021-10-25,4.551499843597412,1806.0
2021-10-26,4.486499786376953,1792.699951171875
2021-10-27,4.38700008392334,1797.9000244140625
2021-10-28,4.4375,1801.5999755859375
2021-10-29,4.375500202178955,1783.0
2021-11-01,4.4019999504089355,1795.0999755859375
2021-11-02,4.374000072479248,1788.699951171875
2021-11-03,4.326000213623047,1763.5999755859375
2021-11-04,4.326000213623047,1793.0
2021-11-05,4.348999977111816,1816.4000244140625
2021-11-08,4.40500020980835,1827.4000244140625
2021-11-09,4.380000114440918,1830.199951171875
2021-11-10,4.328000068664551,1847.5999755859375
2021-11-11,4.4045000076293945,1863.199951171875
2021-11-12,4.45550012588501,1867.9000244140625
2021-11-15,4.4070000648498535,1866.0999755859375
2021-11-16,4.358500003814697,1853.5999755859375
2021-11-17,4.2729997634887695,1869.699951171875
2021-11-18,4.309999942779541,1861.0
2021-11-19,4.4085001945495605,1851.199951171875
2021-11-22,4.395500183105469,1806.0
2021-11-23,4.423500061035156,1783.5
2021-11-24,4.458000183105469,1784.0999755859375
2021-11-26,4.281499862670898,1785.300048828125
2021-11-29,4.336999893188477,1782.300048828125
2021-11-30,4.2779998779296875,1773.5999755859375
2021-12-01,4.247499942779541,1781.5999755859375
2021-12-02,4.298999786376953,1760.699951171875
2021-12-03,4.266499996185303,1782.0
2021-12-06,4.336999893188477,1777.5
2021-12-07,4.3379998207092285,1782.5999755859375
2021-12-08,4.390999794006348,1783.4000244140625
2021-12-09,4.329999923706055,1774.5999755859375
2021-12-10,4.2829999923706055,1782.9000244140625
2021-12-13,4.28000020980835,1786.300048828125
2021-12-14,4.254000186920166,1770.4000244140625
2021-12-15,4.179500102996826,1762.5999755859375
2021-12-16,4.30049991607666,1796.5999755859375
2021-12-17,4.290999889373779,1803.800048828125
2021-12-20,4.288000106811523,1793.699951171875
2021-12-21,4.3379998207092285,1787.9000244140625
2021-12-22,4.389500141143799,1801.5999755859375
2021-12-23,4.38700008392334,1811.199951171875
2021-12-27,4.465000152587891,1808.0999755859375
2021-12-28,4.420000076293945,1810.199951171875
2021-12-29,4.4019999504089355,1805.0999755859375
2021-12-30,4.384500026702881,1812.699951171875
2021-12-31,4.454999923706055,1827.5
2022-01-03,4.4145002365112305,1799.4000244140625
2022-01-04,4.466000080108643,1814.0
2022-01-05,4.4045000076293945,1824.5999755859375
2022-01-06,4.3480000495910645,1788.699951171875
2022-01-07,4.4029998779296875,1797.0
2022-01-10,4.3445000648498535,1798.4000244140625
2022-01-11,4.420499801635742,1818.5999755859375
2022-01-12,4.564000129699707,1827.199951171875
2022-01-13,4.533999919891357,1821.199951171875
2022-01-14,4.411499977111816,1816.5
2022-01-18,4.375999927520752,1812.300048828125
2022-01-19,4.462500095367432,1843.0999755859375
2022-01-20,4.576499938964844,1842.5
2022-01-21,4.512499809265137,1831.800048828125
2022-01-24,4.4029998779296875,1841.699951171875
2022-01-25,4.442999839782715,1852.699951171875
2022-01-26,4.504499912261963,1829.9000244140625
2022-01-27,4.413000106811523,1793.300048828125
2022-01-28,4.302999973297119,1784.9000244140625
2022-01-31,4.317999839782715,1795.0
2022-02-01,4.428999900817871,1800.300048828125
2022-02-02,4.491000175476074,1809.199951171875
2022-02-03,4.4664998054504395,1803.0
2022-02-04,4.483500003814697,1806.5999755859375
2022-02-07,4.46150016784668,1820.5999755859375
2022-02-08,4.459499835968018,1826.5999755859375
2022-02-09,4.600500106811523,1835.199951171875
2022-02-10,4.65749979019165,1836.199951171875
2022-02-11,4.505000114440918,1840.800048828125
2022-02-14,4.507500171661377,1868.0
2022-02-15,4.531499862670898,1854.800048828125
2022-02-16,4.540500164031982,1870.199951171875
2022-02-17,4.525000095367432,1900.699951171875
2022-02-18,4.519499778747559,1898.5999755859375
2022-02-22,4.510000228881836,1906.0999755859375
2022-02-23,4.481500148773193,1909.199951171875
2022-02-24,4.453999996185303,1925.0999755859375
2022-02-25,4.4720001220703125,1886.5
2022-02-28,4.444499969482422,1899.4000244140625
2022-03-01,4.58650016784668,1942.4000244140625
2022-03-02,4.6554999351501465,1920.9000244140625
2022-03-03,4.771500110626221,1934.4000244140625
2022-03-04,4.928999900817871,1965.0999755859375
2022-03-07,4.7220001220703125,1993.9000244140625
2022-03-08,4.700500011444092,2040.0999755859375
2022-03-09,4.564000129699707,1985.9000244140625
2022-03-10,4.643499851226807,1998.0999755859375
2022-03-11,4.616000175476074,1982.699951171875
2022-03-14,4.512499809265137,1959.5999755859375
2022-03-15,4.501500129699707,1928.5
2022-03-16,4.5879998207092285,1908.0
2022-03-17,4.690499782562256,1942.0999755859375
2022-03-18,4.730500221252441,1928.199951171875
2022-03-21,4.701499938964844,1928.5999755859375
2022-03-22,4.689000129699707,1920.699951171875
2022-03-23,4.762499809265137,1936.5999755859375
2022-03-24,4.729000091552734,1961.5999755859375
2022-03-25,4.685999870300293,1953.800048828125
2022-03-28,4.714000225067139,1939.5999755859375
2022-03-29,4.7164998054504395,1912.0
2022-03-30,4.739500045776367,1933.5
2022-03-31,4.743000030517578,1949.199951171875
2022-04-01,4.682499885559082,1919.0999755859375
2022-04-04,4.776500225067139,1929.199951171875
2022-04-05,4.790999889373779,1922.9000244140625
2022-04-06,4.733500003814697,1918.4000244140625
2022-04-07,4.695000171661377,1933.800048828125
2022-04-08,4.71999979019165,1941.5999755859375
2022-04-11,4.628499984741211,1944.300048828125
2022-04-12,4.703999996185303,1972.0999755859375
2022-04-13,4.706999778747559,1981.0
2022-04-14,4.7170000076293945,1970.9000244140625
2022-04-18,4.796000003814697,1982.9000244140625
2022-04-19,4.714000225067139,1955.699951171875
2022-04-20,4.649499893188477,1952.300048828125
2022-04-21,4.703499794006348,1944.9000244140625
2022-04-22,4.582499980926514,1931.0
2022-04-25,4.448999881744385,1893.199951171875
2022-04-26,4.440000057220459,1901.4000244140625
2022-04-27,4.454500198364258,1885.9000244140625
2022-04-28,4.41349983215332,1888.699951171875
2022-04-29,4.394999980926514,1909.300048828125
2022-05-02,4.255499839782715,1861.800048828125
2022-05-03,4.270999908447266,1868.800048828125
2022-05-04,4.328499794006348,1867.0
2022-05-05,4.284999847412109,1874.0
2022-05-06,4.261499881744385,1881.199951171875
2022-05-09,4.192999839782715,1857.0999755859375
2022-05-10,4.1545000076293945,1839.9000244140625
2022-05-11,4.212500095367432,1852.5999755859375
2022-05-12,4.105000019073486,1823.800048828125
2022-05-13,4.180500030517578,1807.4000244140625
2022-05-16,4.196499824523926,1813.5
2022-05-17,4.239500045776367,1818.199951171875
2022-05-18,4.182000160217285,1815.9000244140625
2022-05-19,4.284999847412109,1841.199951171875
2022-05-20,4.281000137329102,1841.800048828125
2022-05-23,4.347499847412109,1847.800048828125
2022-05-24,4.325500011444092,1865.0999755859375
2022-05-25,4.2769999504089355,1846.199951171875
2022-05-26,4.255000114440918,1847.4000244140625
2022-05-27,4.303999900817871,1851.300048828125
2022-05-31,4.295000076293945,1842.699951171875
2022-06-01,4.329999923706055,1843.300048828125
2022-06-02,4.553999900817871,1866.5
2022-06-03,4.477499961853027,1845.4000244140625
2022-06-06,4.439499855041504,1839.199951171875
2022-06-07,4.439499855041504,1847.5
2022-06-08,4.458499908447266,1851.9000244140625
2022-06-09,4.388999938964844,1848.800048828125
2022-06-10,4.301000118255615,1871.5
2022-06-13,4.2164998054504395,1828.0
2022-06-14,4.161499977111816,1809.5
2022-06-15,4.167500019073486,1815.300048828125
2022-06-16,4.111999988555908,1845.699951171875
2022-06-17,4.017499923706055,1835.5999755859375
2022-06-21,4.043000221252441,1834.5999755859375
2022-06-22,3.9514999389648438,1834.300048828125
2022-06-23,3.758500099182129,1825.699951171875
2022-06-24,3.759999990463257,1826.5
2022-06-27,3.7790000438690186,1820.9000244140625
2022-06-28,3.7839999198913574,1817.5
2022-06-29,3.7790000438690186,1813.699951171875
2022-06-30,3.7144999504089355,1804.0999755859375
2022-07-01,3.61899995803833,1798.9000244140625
2022-07-05,3.424999952316284,1761.800048828125
2022-07-06,3.4179999828338623,1734.9000244140625
2022-07-07,3.5820000171661377,1737.9000244140625
2022-07-08,3.5320000648498535,1740.5999755859375
2022-07-11,3.4375,1730.0
2022-07-12,3.2964999675750732,1723.300048828125
2022-07-13,3.325500011444092,1734.199951171875
2022-07-14,3.2105000019073486,1704.5
2022-07-15,3.234499931335449,1702.4000244140625
2022-07-18,3.3480000495910645,1709.199951171875
2022-07-19,3.2915000915527344,1710.0
2022-07-20,3.3294999599456787,1699.5
2022-07-21,3.302000045776367,1712.699951171875
2022-07-22,3.3485000133514404,1727.0999755859375
2022-07-25,3.3510000705718994,1719.0
2022-07-26,3.382499933242798,1717.699951171875
2022-07-27,3.429500102996826,1719.0999755859375
2022-07-28,3.4749999046325684,1750.300048828125
2022-07-29,3.5840001106262207,1762.9000244140625
2022-08-01,3.552000045776367,1769.0
2022-08-02,3.5244998931884766,1771.0999755859375
2022-08-03,3.4695000648498535,1758.0
2022-08-04,3.4830000400543213,1788.5
2022-08-05,3.552999973297119,1772.9000244140625
2022-08-08,3.5875000953674316,1786.800048828125
2022-08-09,3.5924999713897705,1794.0
2022-08-10,3.6554999351501465,1795.5999755859375
2022-08-11,3.7105000019073486,1789.699951171875
2022-08-12,3.6760001182556152,1798.5999755859375
2022-08-15,3.628999948501587,1781.4000244140625
2022-08-16,3.6364998817443848,1773.199951171875
2022-08-17,3.5980000495910645,1760.300048828125
2022-08-18,3.6465001106262207,1755.300048828125
2022-08-19,3.683500051498413,1747.5999755859375
2022-08-22,3.6705000400543213,1734.0
2022-08-23,3.7044999599456787,1746.800048828125
2022-08-24,3.6605000495910645,1747.800048828125
2022-08-25,3.7105000019073486,1757.699951171875
2022-08-26,3.7114999294281006,1736.0999755859375
2022-08-29,3.626499891281128,1736.5999755859375
2022-08-30,3.5450000762939453,1723.199951171875
2022-08-31,3.5185000896453857,1712.800048828125
2022-09-01,3.4144999980926514,1696.5999755859375
2022-09-02,3.4214999675750732,1709.800048828125
2022-09-06,3.4690001010894775,1700.4000244140625
2022-09-07,3.437999963760376,1715.300048828125
2022-09-08,3.5360000133514404,1708.0
2022-09-09,3.5810000896453857,1716.199951171875
2022-09-12,3.625499963760376,1728.0999755859375
2022-09-13,3.5810000896453857,1705.0
2022-09-14,3.5455000400543213,1696.5
2022-09-15,3.5234999656677246,1665.4000244140625
2022-09-16,3.561000108718872,1671.699951171875
2022-09-19,3.557499885559082,1666.199951171875
2022-09-20,3.5480000972747803,1659.699951171875
2022-09-21,3.51200008392334,1664.5999755859375
2022-09-22,3.498500108718872,1670.800048828125
2022-09-23,3.371500015258789,1645.300048828125
2022-09-26,3.313499927520752,1623.300048828125
2022-09-27,3.322999954223633,1626.699951171875
2022-09-28,3.381999969482422,1660.4000244140625
2022-09-29,3.440000057220459,1658.5
2022-09-30,3.441999912261963,1662.4000244140625
2022-10-03,3.4579999446868896,1692.9000244140625
2022-10-04,3.5179998874664307,1721.0999755859375
2022-10-05,3.5325000286102295,1711.4000244140625
2022-10-06,3.4749999046325684,1711.699951171875
2022-10-07,3.4124999046325684,1700.5
2022-10-10,3.4535000324249268,1667.300048828125
2022-10-11,3.4779999256134033,1678.699951171875
2022-10-12,3.444499969482422,1670.300048828125
2022-10-13,3.4674999713897705,1670.0
2022-10-14,3.450500011444092,1641.699951171875
2022-10-17,3.4554998874664307,1657.0
2022-10-18,3.4065001010894775,1649.0
2022-10-19,3.3605000972747803,1627.5
2022-10-20,3.4509999752044678,1630.800048828125
2022-10-21,3.5230000019073486,1651.0
2022-10-24,3.4795000553131104,1648.699951171875
2022-10-25,3.450500011444092,1652.800048828125
2022-10-26,3.629499912261963,1664.0
2022-10-27,3.625499963760376,1660.699951171875
2022-10-28,3.4660000801086426,1639.5999755859375
2022-10-31,3.4135000705718994,1635.9000244140625
2022-11-01,3.509500026702881,1645.0
2022-11-02,3.505500078201294,1645.699951171875
2022-11-03,3.4565000534057617,1627.300048828125
2022-11-04,3.7144999504089355,1672.5
2022-11-07,3.629499912261963,1676.5
2022-11-08,3.7054998874664307,1712.0999755859375
2022-11-09,3.741499900817871,1710.0999755859375
2022-11-10,3.7960000038146973,1750.300048828125
2022-11-11,3.9509999752044678,1766.0
2022-11-14,3.8550000190734863,1773.5999755859375
2022-11-15,3.8394999504089355,1773.800048828125
2022-11-16,3.7880001068115234,1773.0
2022-11-17,3.689500093460083,1760.800048828125
2022-11-18,3.631999969482422,1751.9000244140625
2022-11-21,3.571500062942505,1737.4000244140625
2022-11-22,3.614500045776367,1738.300048828125
2022-11-23,3.617500066757202,1744.9000244140625
2022-11-25,3.626499891281128,1753.300048828125
2022-11-28,3.6105000972747803,1740.0999755859375
2022-11-29,3.630000114440918,1748.4000244140625
2022-11-30,3.7295000553131104,1746.0
2022-12-01,3.813999891281128,1801.0999755859375
2022-12-02,3.8480000495910645,1795.9000244140625
2022-12-05,3.7894999980926514,1767.4000244140625
2022-12-06,3.811500072479248,1769.300048828125
2022-12-07,3.8554999828338623,1785.5
2022-12-08,3.880500078201294,1788.699951171875
2022-12-09,3.875999927520752,1798.0999755859375
2022-12-12,3.7985000610351562,1780.5
2022-12-13,3.8394999504089355,1813.9000244140625
2022-12-14,3.875,1807.5
2022-12-15,3.763000011444092,1777.199951171875
2022-12-16,3.7614998817443848,1790.0
2022-12-19,3.7829999923706055,1787.699951171875
2022-12-20,3.797499895095825,1815.9000244140625
2022-12-21,3.805999994277954,1815.9000244140625
2022-12-22,3.751499891281128,1787.0
2022-12-23,3.802999973297119,1795.9000244140625
2022-12-27,3.8334999084472656,1814.800048828125
2022-12-28,3.8320000171661377,1807.9000244140625
2022-12-29,3.821000099182129,1819.5
2022-12-30,3.805500030517578,1819.699951171875
2023-01-03,3.7660000324249268,1839.699951171875
2023-01-04,3.739500045776367,1852.800048828125
2023-01-05,3.818000078201294,1834.800048828125
2023-01-06,3.9084999561309814,1864.199951171875
2023-01-09,4.018499851226807,1872.699951171875
2023-01-10,4.066999912261963,1871.5999755859375
2023-01-11,4.1545000076293945,1874.5999755859375
2023-01-12,4.185999870300293,1895.5
2023-01-13,4.207499980926514,1918.4000244140625
2023-01-17,4.215000152587891,1907.199951171875
2023-01-18,4.228499889373779,1904.4000244140625
2023-01-19,4.226500034332275,1922.0999755859375
2023-01-20,4.248499870300293,1926.4000244140625
2023-01-23,4.254000186920166,1927.0999755859375
2023-01-24,4.245500087738037,1933.9000244140625
2023-01-25,4.239999771118164,1941.199951171875
2023-01-26,4.267000198364258,1929.0999755859375
2023-01-27,4.223999977111816,1928.5999755859375
2023-01-30,4.203499794006348,1922.9000244140625
2023-01-31,4.228499889373779,1929.5
2023-02-01,4.111000061035156,1927.800048828125
2023-02-02,4.093999862670898,1916.300048828125
2023-02-03,4.063000202178955,1862.9000244140625
2023-02-06,4.043499946594238,1866.199951171875
2023-02-07,4.088500022888184,1871.699951171875
2023-02-08,4.043499946594238,1877.4000244140625
2023-02-09,4.105500221252441,1866.199951171875
2023-02-10,4.027500152587891,1862.800048828125
2023-02-13,4.086999893188477,1851.9000244140625
2023-02-14,4.110000133514404,1854.0
2023-02-15,4.052000045776367,1834.199951171875
2023-02-16,4.165500164031982,1842.0
2023-02-17,4.113999843597412,1840.4000244140625
2023-02-21,4.234499931335449,1833.0
2023-02-22,4.202499866485596,1832.0
2023-02-23,4.072999954223633,1818.0
2023-02-24,3.9549999237060547,1808.800048828125
2023-02-27,4.008999824523926,1817.0
2023-02-28,4.097499847412109,1828.9000244140625
2023-03-01,4.168000221252441,1837.699951171875
2023-03-02,4.084000110626221,1833.5
2023-03-03,4.078000068664551,1847.699951171875
2023-03-06,4.100500106811523,1847.9000244140625
2023-03-07,3.9865000247955322,1813.9000244140625
2023-03-08,4.041500091552734,1812.699951171875
2023-03-09,4.054500102996826,1829.300048828125
2023-03-10,4.045499801635742,1862.0
2023-03-13,4.069499969482422,1911.699951171875
2023-03-14,4.010499954223633,1906.199951171875
2023-03-15,3.8564999103546143,1926.5999755859375
2023-03-16,3.885499954223633,1919.0
2023-03-17,3.9135000705718994,1969.800048828125
2023-03-20,3.9755001068115234,1979.199951171875
2023-03-21,4.018499851226807,1938.0
2023-03-22,4.06850004196167,1946.800048828125
2023-03-23,4.145999908447266,1993.800048828125
2023-03-24,4.101500034332275,1982.0999755859375
2023-03-27,4.104499816894531,1952.4000244140625
2023-03-28,4.111999988555908,1972.4000244140625
2023-03-29,4.114999771118164,1966.0999755859375
2023-03-30,4.0904998779296875,1980.300048828125
2023-03-31,4.104499816894531,1969.0
2023-04-03,4.059500217437744,1983.9000244140625
2023-04-04,3.9835000038146973,2022.199951171875
2023-04-05,3.997999906539917,2020.9000244140625
2023-04-06,4.026000022888184,2011.9000244140625
2023-04-10,3.9865000247955322,1989.0999755859375
2023-04-11,4.024499893188477,2004.800048828125
2023-04-12,4.084499835968018,2010.9000244140625
2023-04-13,4.124000072479248,2041.300048828125
2023-04-14,4.107500076293945,2002.199951171875
2023-04-17,4.065999984741211,1994.199951171875
2023-04-18,4.0894999504089355,2007.4000244140625
2023-04-19,4.072000026702881,1995.199951171875
2023-04-20,4.021999835968018,2007.5999755859375
2023-04-21,3.9800000190734863,1979.5
2023-04-24,3.953000068664551,1989.0999755859375
2023-04-25,3.8459999561309814,1994.0
2023-04-26,3.8499999046325684,1985.699951171875
2023-04-27,3.864500045776367,1989.9000244140625
2023-04-28,3.869999885559082,1990.0999755859375
2023-05-01,3.9170000553131104,1983.4000244140625
2023-05-02,3.8480000495910645,2014.300048828125
2023-05-03,3.8315000534057617,2028.5999755859375
2023-05-04,3.8499999046325684,2048.0
2023-05-05,3.871500015258789,2017.4000244140625
2023-05-08,3.9179999828338623,2026.300048828125
2023-05-09,3.8889999389648438,2036.199951171875
2023-05-10,3.828000068664551,2030.5
2023-05-11,3.697499990463257,2014.699951171875
2023-05-12,3.7165000438690186,2014.5
2023-05-15,3.737499952316284,2018.0
2023-05-16,3.6545000076293945,1988.4000244140625
2023-05-17,3.743000030517578,1980.699951171875
2023-05-18,3.68149995803833,1956.5
2023-05-19,3.7225000858306885,1978.699951171875
2023-05-22,3.6740000247955322,1974.800048828125
2023-05-23,3.6414999961853027,1972.4000244140625
2023-05-24,3.553499937057495,1962.800048828125
2023-05-25,3.5804998874664307,1943.0999755859375
2023-05-26,3.6735000610351562,1944.0999755859375
2023-05-30,3.6579999923706055,1958.0
2023-05-31,3.63100004196167,1963.9000244140625
2023-06-01,3.7065000534057617,1978.0
2023-06-02,3.7225000858306885,1952.4000244140625
2023-06-05,3.762500047683716,1958.0
2023-06-06,3.7669999599456787,1965.5
2023-06-07,3.754499912261963,1942.699951171875
2023-06-08,3.7964999675750732,1963.5999755859375
2023-06-09,3.7890000343322754,1962.199951171875
2023-06-12,3.750499963760376,1955.300048828125
2023-06-13,3.8285000324249268,1944.5999755859375
2023-06-14,3.865999937057495,1955.300048828125
2023-06-15,3.8965001106262207,1957.800048828125
2023-06-16,3.884500026702881,1958.4000244140625
2023-06-20,3.878499984741211,1935.5
2023-06-21,3.9110000133514404,1933.300048828125
2023-06-22,3.8884999752044678,1912.699951171875
2023-06-23,3.805999994277954,1919.0999755859375
2023-06-26,3.7864999771118164,1923.699951171875
2023-06-27,3.7815001010894775,1914.0
2023-06-28,3.7204999923706055,1912.300048828125
2023-06-29,3.677500009536743,1909.199951171875
2023-06-30,3.740999937057495,1921.0999755859375
2023-07-03,3.7790000438690186,1921.699951171875
2023-07-05,3.753499984741211,1919.5999755859375
2023-07-06,3.7200000286102295,1908.699951171875
2023-07-07,3.7669999599456787,1926.199951171875
2023-07-10,3.7715001106262207,1925.0
2023-07-11,3.753499984741211,1931.300048828125
2023-07-12,3.8420000076293945,1956.199951171875
2023-07-13,3.929500102996826,1959.199951171875
2023-07-14,3.921999931335449,1960.0999755859375
2023-07-17,3.8320000171661377,1952.4000244140625
2023-07-18,3.815999984741211,1977.199951171875
2023-07-19,3.799499988555908,1977.5
2023-07-20,3.817500114440918,1968.300048828125
2023-07-21,3.802999973297119,1964.300048828125
2023-07-24,3.8405001163482666,1960.300048828125
2023-07-25,3.9019999504089355,1962.0999755859375
2023-07-26,3.890500068664551,1968.9000244140625
2023-07-27,3.8635001182556152,1945.4000244140625
2023-07-28,3.9170000553131104,1960.4000244140625
2023-07-31,3.994499921798706,1970.5
2023-08-01,3.8935000896453857,1940.699951171875
2023-08-02,3.827500104904175,1937.4000244140625
2023-08-03,3.875999927520752,1932.0
2023-08-04,3.8450000286102295,1939.5999755859375
2023-08-07,3.812999963760376,1933.5
2023-08-08,3.747999906539917,1924.0999755859375
2023-08-09,3.7674999237060547,1915.4000244140625
2023-08-10,3.750999927520752,1914.4000244140625
2023-08-11,3.7144999504089355,1912.9000244140625
2023-08-14,3.7244999408721924,1910.5999755859375
2023-08-15,3.6614999771118164,1902.5
2023-08-16,3.6514999866485596,1896.0999755859375
2023-08-17,3.685499906539917,1884.0999755859375
2023-08-18,3.6989998817443848,1886.0999755859375
2023-08-21,3.7119998931884766,1893.300048828125
2023-08-22,3.750499963760376,1896.4000244140625
2023-08-23,3.803499937057495,1918.5
2023-08-24,3.7674999237060547,1918.199951171875
2023-08-25,3.759999990463257,1911.0999755859375
2023-08-28,3.753999948501587,1917.9000244140625
2023-08-29,3.7929999828338623,1936.5
2023-08-30,3.7850000858306885,1944.300048828125
2023-08-31,3.7725000381469727,1938.199951171875
2023-09-01,3.8125,1939.800048828125
2023-09-05,3.811000108718872,1926.199951171875
2023-09-06,3.748500108718872,1918.0999755859375
2023-09-07,3.7260000705718994,1917.5
2023-09-08,3.680500030517578,1918.4000244140625
2023-09-11,3.7699999809265137,1923.300048828125
2023-09-12,3.752000093460083,1911.300048828125
2023-09-13,3.75600004196167,1909.0999755859375
2023-09-14,3.7825000286102295,1910.0
2023-09-15,3.7634999752044678,1923.699951171875
2023-09-18,3.741499900817871,1931.5
2023-09-19,3.7139999866485596,1932.0
2023-09-20,3.746500015258789,1945.5999755859375
2023-09-21,3.6665000915527344,1919.199951171875
2023-09-22,3.6654999256134033,1925.4000244140625
2023-09-25,3.6494998931884766,1916.5999755859375
2023-09-26,3.625,1900.4000244140625
2023-09-27,3.627000093460083,1871.5999755859375
2023-09-28,3.694499969482422,1860.4000244140625
2023-09-29,3.7260000705718994,1848.0999755859375
2023-10-02,3.631999969482422,1830.0
2023-10-03,3.615499973297119,1824.5999755859375
2023-10-04,3.5840001106262207,1818.5
2023-10-05,3.546999931335449,1816.5999755859375
2023-10-06,3.624500036239624,1830.199951171875
2023-10-09,3.6424999237060547,1849.5
2023-10-10,3.631999969482422,1861.0
2023-10-11,3.614000082015991,1872.800048828125
2023-10-12,3.5940001010894775,1869.300048828125
2023-10-13,3.5799999237060547,1927.4000244140625
2023-10-16,3.5869998931884766,1921.0999755859375
2023-10-17,3.575500011444092,1922.699951171875
2023-10-18,3.5820000171661377,1955.300048828125
2023-10-19,3.5915000438690186,1968.4000244140625
2023-10-20,3.5420000553131104,1982.5
2023-10-23,3.572999954223633,1976.300048828125
2023-10-24,3.609999895095825,1975.0
2023-10-25,3.572000026702881,1984.0999755859375
2023-10-26,3.56850004196167,1987.199951171875
2023-10-27,3.634000062942505,1988.5999755859375
2023-10-30,3.6494998931884766,1996.199951171875
2023-10-31,3.6414999961853027,1985.199951171875
2023-11-01,3.6449999809265137,1978.800048828125
2023-11-02,3.6670000553131104,1985.5999755859375
2023-11-03,3.674499988555908,1991.5
2023-11-06,3.7095000743865967,1981.5999755859375
2023-11-07,3.6700000762939453,1966.800048828125
2023-11-08,3.628000020980835,1951.5
2023-11-09,3.634999990463257,1964.199951171875
2023-11-10,3.5834999084472656,1932.5999755859375
2023-11-13,3.6624999046325684,1945.5
2023-11-14,3.682499885559082,1961.800048828125
2023-11-15,3.7174999713897705,1960.0999755859375
2023-11-16,3.7044999599456787,1983.9000244140625
2023-11-17,3.737499952316284,1981.5999755859375
2023-11-20,3.8125,1977.699951171875
2023-11-21,3.814500093460083,1999.300048828125
2023-11-22,3.7664999961853027,1991.4000244140625
2023-11-23,3.7790000438690186,
2023-11-24,3.7964999675750732,2002.199951171875
2023-11-27,3.762500047683716,2011.800048828125
2023-11-28,3.8010001182556152,2039.699951171875
2023-11-29,3.7860000133514404,2047.0999755859375
2023-11-30,3.8289999961853027,2038.0999755859375
2023-12-01,3.9089999198913574,2071.0
2023-12-04,3.820499897003174,2024.0999755859375
2023-12-05,3.7725000381469727,2018.5
2023-12-06,3.7165000438690186,2030.5
2023-12-07,3.7844998836517334,2029.9000244140625
2023-12-08,3.819999933242798,1998.300048828125
2023-12-11,3.7799999713897705,1978.0
2023-12-12,3.7860000133514404,1977.800048828125
2023-12-13,3.7860000133514404,1982.300048828125
2023-12-14,3.8884999752044678,2030.199951171875
2023-12-15,3.884999990463257,2021.0999755859375
2023-12-18,3.8480000495910645,2026.300048828125
2023-12-19,3.8959999084472656,2038.4000244140625
2023-12-20,3.9014999866485596,2034.5
2023-12-21,3.9084999561309814,2039.0999755859375
2023-12-22,3.8954999446868896,2057.10009765625
2023-12-26,3.8954999446868896,2058.199951171875
2023-12-27,3.94350004196167,2081.89990234375
2023-12-28,3.9130001068115234,2073.89990234375
2023-12-29,3.880500078201294,2062.39990234375
2024-01-02,3.86899995803833,2064.39990234375
2024-01-03,3.8475000858306885,2034.199951171875
2024-01-04,3.8310000896453857,2042.300048828125
2024-01-05,3.7945001125335693,2042.4000244140625
2024-01-08,3.799499988555908,2026.5999755859375
2024-01-09,3.748500108718872,2026.4000244140625
2024-01-10,3.7809998989105225,2021.699951171875
2024-01-11,3.7764999866485596,2014.300048828125
2024-01-12,3.740000009536743,2046.699951171875
2024-01-16,3.7664999961853027,2026.0
2024-01-17,3.7325000762939453,2002.5999755859375
2024-01-18,3.744999885559082,2018.5999755859375
2024-01-19,3.7869999408721924,2026.5
2024-01-22,3.7639999389648438,2019.800048828125
2024-01-23,3.7904999256134033,2023.699951171875
2024-01-24,3.882499933242798,2013.9000244140625
2024-01-25,3.865499973297119,2016.9000244140625
2024-01-26,3.8505001068115234,2016.800048828125
2024-01-29,3.872999906539917,2025.199951171875
2024-01-30,3.9065001010894775,2031.5
2024-01-31,3.9024999141693115,2048.39990234375
2024-02-01,3.8524999618530273,2053.0
2024-02-02,3.821500062942505,2036.0999755859375
2024-02-05,3.7720000743865967,2025.699951171875
2024-02-06,3.7825000286102295,2034.5
2024-02-07,3.737499952316284,2035.199951171875
2024-02-08,3.7054998874664307,2032.199951171875
2024-02-09,3.686000108718872,2023.300048828125
2024-02-12,3.7284998893737793,2018.199951171875
2024-02-13,3.7139999866485596,1992.9000244140625
2024-02-14,3.700500011444092,1990.300048828125
2024-02-15,3.756500005722046,2002.0999755859375
2024-02-16,3.8380000591278076,2011.5
2024-02-20,3.866499900817871,2027.5
2024-02-21,3.874500036239624,2022.300048828125
2024-02-22,3.8975000381469727,2019.699951171875
2024-02-23,3.881999969482422,2038.5999755859375
2024-02-26,3.8239998817443848,2028.5
2024-02-27,3.8310000896453857,2034.0
2024-02-28,3.827500104904175,2033.0
2024-02-29,3.8345000743865967,2045.699951171875
2024-03-01,3.8550000190734863,2086.89990234375
2024-03-04,3.8519999980926514,2117.699951171875
2024-03-05,3.8440001010894775,2133.5
2024-03-06,3.870500087738037,2150.300048828125
2024-03-07,3.9195001125335693,2158.0
2024-03-08,3.884999990463257,2178.60009765625
2024-03-11,3.922499895095825,2182.5
2024-03-12,3.924999952316284,2160.39990234375
2024-03-13,4.052499771118164,2175.39990234375
2024-03-14,4.0370001792907715,2163.0
2024-03-15,4.112500190734863,2157.300048828125
2024-03-18,4.114500045776367,2160.699951171875
2024-03-19,4.058499813079834,2156.300048828125
2024-03-20,4.03849983215332,2157.89990234375
2024-03-21,4.046500205993652,2182.39990234375
2024-03-22,3.996000051498413,2158.10009765625
2024-03-25,4.006999969482422,2174.800048828125
2024-03-26,3.996000051498413,2175.60009765625
2024-03-27,3.992500066757202,2190.60009765625
2024-03-28,4.003499984741211,2217.39990234375
2024-04-01,4.046000003814697,2236.5
2024-04-02,4.070000171661377,2261.0
2024-04-03,4.192999839782715,2294.39990234375
2024-04-04,4.246500015258789,2288.800048828125
2024-04-05,4.239500045776367,2325.699951171875
2024-04-08,4.2769999504089355,2331.699951171875
2024-04-09,4.285999774932861,2343.5
2024-04-10,4.2820000648498535,2329.60009765625
2024-04-11,4.251999855041504,2354.800048828125
2024-04-12,4.257500171661377,2356.199951171875
2024-04-15,4.379000186920166,2365.800048828125
2024-04-16,4.305500030517578,2390.800048828125
2024-04-17,4.34250020980835,2371.699951171875
2024-04-18,4.440499782562256,2382.300048828125
2024-04-19,4.501999855041504,2398.39990234375
2024-04-22,4.500500202178955,2332.199951171875
2024-04-23,4.490499973297119,2327.699951171875
2024-04-24,4.4670000076293945,2324.5
2024-04-25,4.570499897003174,2329.800048828125
2024-04-26,4.568999767303467,2334.800048828125
2024-04-29,4.658999919891357,2345.39990234375
2024-04-30,4.564499855041504,2291.39990234375
2024-05-01,4.552499771118164,2299.89990234375
2024-05-02,4.49399995803833,2299.199951171875
2024-05-03,4.573500156402588,2299.0
2024-05-06,4.634500026702881,2321.60009765625
2024-05-07,4.625500202178955,2315.199951171875
2024-05-08,4.561999797821045,2313.60009765625
2024-05-09,4.607500076293945,2332.10009765625
2024-05-10,4.69350004196167,2367.300048828125
2024-05-13,4.804500102996826,2336.10009765625
2024-05-14,4.953499794006348,2353.39990234375
2024-05-15,4.9695000648498535,2388.699951171875
2024-05-16,4.892000198364258,2380.0
2024-05-17,5.057000160217285,2412.199951171875
2024-05-20,5.087500095367432,2433.89990234375
2024-05-21,5.11899995803833,2421.699951171875
2024-05-22,4.867499828338623,2389.199951171875
2024-05-23,4.816500186920166,2335.0
2024-05-24,4.778500080108643,2332.5
2024-05-28,4.875500202178955,2355.199951171875
2024-05-29,4.805500030517578,2340.300048828125
2024-05-30,4.671999931335449,2342.89990234375
2024-05-31,4.610000133514404,2322.89990234375
2024-06-03,4.677000045776367,2346.60009765625
2024-06-04,4.547999858856201,2325.5
2024-06-05,4.619500160217285,2354.10009765625
2024-06-06,4.690999984741211,2370.300048828125
2024-06-07,4.494500160217285,2305.199951171875
2024-06-10,4.55649995803833,2307.699951171875
2024-06-11,4.5229997634887695,2307.5
2024-06-12,4.581500053405762,2336.0
2024-06-13,4.507500171661377,2300.199951171875
2024-06-14,4.551000118255615,2331.39990234375
2024-06-17,4.521500110626221,2312.39990234375
2024-06-18,4.561999797821045,2330.39990234375
2024-06-20,4.618000030517578,2353.800048828125
2024-06-21,4.49399995803833,2316.39990234375
2024-06-24,4.5269999504089355,2330.0
2024-06-25,4.38100004196167,2316.60009765625
2024-06-26,4.367499828338623,2299.199951171875
2024-06-27,4.328499794006348,2324.5
2024-06-28,4.390500068664551,2327.699951171875
2024-07-01,4.426499843597412,2327.60009765625
2024-07-02,4.429500102996826,2323.0
2024-07-03,4.540999889373779,2359.800048828125
2024-07-05,4.6585001945495605,2388.5
2024-07-08,4.622000217437744,2355.199951171875
2024-07-09,4.578000068664551,2360.10009765625
2024-07-10,4.607500076293945,2372.199951171875
2024-07-11,4.508500099182129,2415.0
2024-07-12,4.598499774932861,2414.0
2024-07-15,4.5289998054504395,2422.89990234375
2024-07-16,4.443999767303467,2462.39990234375
2024-07-17,4.39900016784668,2454.800048828125
2024-07-18,4.265999794006348,2451.800048828125
2024-07-19,4.218999862670898,2395.5
2024-07-22,4.180500030517578,2392.0
2024-07-23,4.145999908447266,2404.60009765625
2024-07-24,4.098999977111816,2413.300048828125
2024-07-25,4.112500190734863,2351.89990234375
2024-07-26,4.104499816894531,2380.0
2024-07-29,4.061999797821045,2377.300048828125
2024-07-30,4.063000202178955,2405.0
2024-07-31,4.159999847412109,2426.5
2024-08-01,4.066500186920166,2435.0
2024-08-02,4.084000110626221,2425.699951171875
2024-08-05,3.9839999675750732,2401.699951171875
2024-08-06,4.011499881744385,2389.10009765625
2024-08-07,3.9375,2390.5
2024-08-08,3.944999933242798,2422.199951171875
2024-08-09,3.9800000190734863,2432.10009765625
2024-08-12,4.054999828338623,2462.39990234375
2024-08-13,4.035999774932861,2466.699951171875
2024-08-14,4.025000095367432,2439.39990234375
2024-08-15,4.138999938964844,2453.10009765625
2024-08-16,4.127500057220459,2498.60009765625
2024-08-19,4.166500091552734,2501.800048828125
2024-08-20,4.149499893188477,2511.300048828125
2024-08-21,4.18149995803833,2508.39990234375
2024-08-22,4.140999794006348,2478.89990234375
2024-08-23,4.194499969482422,2508.39990234375
2024-08-26,4.21150016784668,2517.699951171875
2024-08-27,4.230500221252441,2516.0
2024-08-28,4.144999980926514,2501.0
2024-08-29,4.147500038146973,2525.699951171875
2024-08-30,4.144999980926514,2493.800048828125
2024-09-03,4.0320000648498535,2489.89990234375
2024-09-04,4.019499778747559,2493.39990234375
2024-09-05,4.077499866485596,2511.39990234375
2024-09-06,4.014500141143799,2493.5
2024-09-09,4.084499835968018,2501.800048828125
2024-09-10,4.040500164031982,2512.300048828125
2024-09-11,4.083000183105469,2512.10009765625
2024-09-12,4.132999897003174,2551.199951171875
2024-09-13,4.175000190734863,2581.300048828125
2024-09-16,4.2129998207092285,2580.39990234375
2024-09-17,4.213500022888184,2564.300048828125
2024-09-18,4.23799991607666,2570.699951171875
2024-09-19,4.285999774932861,2588.0
2024-09-20,4.281499862670898,2619.89990234375
2024-09-23,4.289000034332275,2626.5
2024-09-24,4.429500102996826,2651.199951171875
2024-09-25,4.427999973297119,2659.199951171875
2024-09-26,4.580999851226807,2669.89990234375
2024-09-27,4.540999889373779,2644.300048828125
2024-09-30,4.495999813079834,2636.10009765625
2024-10-01,4.5355000495910645,2667.300048828125
2024-10-02,4.5960001945495605,2647.10009765625
2024-10-03,4.501999855041504,2657.10009765625
2024-10-04,4.522500038146973,2645.800048828125
2024-10-07,4.519000053405762,2644.800048828125
2024-10-08,4.4120001792907715,2615.0
2024-10-09,4.355000019073486,2606.0
2024-10-10,4.385000228881836,2620.60009765625
2024-10-11,4.451499938964844,2657.60009765625
2024-10-14,4.363500118255615,2647.800048828125
2024-10-15,4.30049991607666,2661.39990234375
2024-10-16,4.331500053405762,2674.0
2024-10-17,4.286499977111816,2691.0
2024-10-18,4.3460001945495605,2713.699951171875
2024-10-21,4.322999954223633,2723.10009765625
2024-10-22,4.3480000495910645,2744.199951171875
2024-10-23,4.304500102996826,2714.39990234375
2024-10-24,4.319499969482422,2734.89990234375
2024-10-25,4.3394999504089355,2740.89990234375
2024-10-28,4.331999778747559,2742.89990234375
2024-10-29,4.332499980926514,2768.39990234375
2024-10-30,4.327499866485596,2788.5
2024-10-31,4.313499927520752,2738.300048828125
2024-11-01,4.347499847412109,2738.60009765625
2024-11-04,4.4070000648498535,2736.10009765625
2024-11-05,4.450500011444092,2740.300048828125
2024-11-06,4.222499847412109,2667.60009765625
2024-11-07,4.409999847412109,2698.39990234375
2024-11-08,4.286499977111816,2687.5
2024-11-11,4.210999965667725,2611.199951171875
2024-11-12,4.119500160217285,2600.0
2024-11-13,4.065999984741211,2580.800048828125
2024-11-14,4.072999954223633,2568.199951171875
2024-11-15,4.051000118255615,2565.699951171875
2024-11-18,4.107999801635742,2610.60009765625
2024-11-19,4.130000114440918,2627.10009765625
2024-11-20,4.143499851226807,2648.199951171875
2024-11-21,4.11299991607666,2672.10009765625
2024-11-22,4.073999881744385,2709.89990234375
2024-11-25,4.0914998054504395,2616.800048828125
2024-11-26,4.039000034332275,2620.300048828125
2024-11-27,4.066999912261963,2639.89990234375
2024-11-29,4.08050012588501,2657.0
2024-12-02,4.075500011444092,2634.89990234375
2024-12-03,4.145999908447266,2644.699951171875
2024-12-04,4.142000198364258,2653.800048828125
2024-12-05,4.135000228881836,2626.60009765625
2024-12-06,4.138500213623047,2638.60009765625
2024-12-09,4.223499774932861,2664.89990234375
2024-12-10,4.223499774932861,2697.60009765625
2024-12-11,4.214000225067139,2733.800048828125
2024-12-12,4.195000171661377,2687.5
2024-12-13,4.14900016784668,2656.0
2024-12-16,4.143499851226807,2651.39990234375
2024-12-17,4.0914998054504395,2644.39990234375
2024-12-18,4.099999904632568,2636.5
2024-12-19,4.020500183105469,2592.199951171875
2024-12-20,4.040999889373779,2628.699951171875
2024-12-23,4.0229997634887695,2612.300048828125
2024-12-24,4.049499988555908,2620.0
2024-12-26,4.072000026702881,2638.800048828125
2024-12-27,4.0625,2617.199951171875
2024-12-30,4.045499801635742,2606.10009765625
2024-12-31,3.9860000610351562,2629.199951171875
2025-01-02,3.9885001182556152,2658.89990234375
2025-01-03,4.0395002365112305,2645.0
2025-01-06,4.126999855041504,2638.39990234375
2025-01-07,4.1605000495910645,2656.699951171875
2025-01-08,4.227499961853027,2664.5
2025-01-09,4.2795000076293945,2683.800048828125
2025-01-10,4.274499893188477,2708.5
2025-01-13,4.295499801635742,2673.5
2025-01-14,4.310500144958496,2677.5
2025-01-15,4.359499931335449,2712.5
2025-01-16,4.4105000495910645,2746.39990234375
2025-01-17,4.337500095367432,2744.300048828125
2025-01-21,4.310999870300293,2755.0
2025-01-22,4.271500110626221,2767.60009765625
2025-01-23,4.299499988555908,2763.10009765625
2025-01-24,4.289999961853027,2777.300048828125
2025-01-27,4.203499794006348,2737.5
2025-01-28,4.2204999923706055,2766.800048828125
2025-01-29,4.257500171661377,2769.10009765625
2025-01-30,4.288000106811523,2823.0
2025-01-31,4.26200008392334,2812.5
2025-02-03,4.294000148773193,2833.89990234375
2025-02-04,4.34250020980835,2853.300048828125
2025-02-05,4.434500217437744,2871.60009765625
2025-02-06,4.453499794006348,2856.0
2025-02-07,4.581500053405762,2867.300048828125
2025-02-10,4.700500011444092,2914.300048828125
2025-02-11,4.5945000648498535,2912.5
2025-02-12,4.697999954223633,2909.0
2025-02-13,4.769000053405762,2925.89990234375
2025-02-14,4.656499862670898,2883.60009765625
2025-02-18,4.585000038146973,2931.60009765625
2025-02-19,4.557000160217285,2919.39990234375
2025-02-20,4.607999801635742,2940.0
2025-02-21,4.559999942779541,2937.60009765625
2025-02-24,4.517000198364258,2947.89990234375
2025-02-25,4.486000061035156,2904.5
2025-02-26,4.541999816894531,2916.800048828125
2025-02-27,4.579999923706055,2883.199951171875
2025-02-28,4.514500141143799,2836.800048828125
2025-03-03,4.576499938964844,2890.199951171875
2025-03-04,4.527500152587891,2909.60009765625
2025-03-05,4.766499996185303,2915.300048828125
2025-03-06,4.7789998054504395,2916.60009765625
2025-03-07,4.683000087738037,2904.699951171875
2025-03-10,4.639500141143799,2891.0
2025-03-11,4.739999771118164,2912.89990234375
2025-03-12,4.821000099182129,2939.10009765625
2025-03-13,4.898499965667725,2984.300048828125
2025-03-14,4.869500160217285,2994.5
2025-03-17,4.933499813079834,3000.0
2025-03-18,4.993000030517578,3035.10009765625
2025-03-19,5.076000213623047,3035.89990234375
2025-03-20,5.085000038146973,3040.0
2025-03-21,5.087500095367432,3018.199951171875
2025-03-24,5.064000129699707,3013.10009765625
2025-03-25,5.183000087738037,3023.699951171875
2025-03-26,5.216000080108643,3020.89990234375
2025-03-27,5.097499847412109,3060.199951171875
2025-03-28,5.112500190734863,3086.5
2025-03-31,5.019999980926514,3122.800048828125
2025-04-01,5.019000053405762,3118.89990234375
2025-04-02,5.023499965667725,3139.89990234375
2025-04-03,4.810999870300293,3097.0
2025-04-04,4.384500026702881,3012.0
2025-04-07,4.169000148773193,2951.300048828125
2025-04-08,4.127500057220459,2968.39990234375
2025-04-09,4.17549991607666,3056.5
2025-04-10,4.321000099182129,3155.199951171875
2025-04-11,4.507500171661377,3222.199951171875
2025-04-14,4.610499858856201,3204.800048828125
2025-04-15,4.611000061035156,3218.699951171875
2025-04-16,4.673999786376953,3326.60009765625
2025-04-17,4.731500148773193,3308.699951171875
2025-04-21,4.7210001945495605,3406.199951171875
2025-04-22,4.870500087738037,3400.800048828125
2025-04-23,4.8354997634887695,3276.300048828125
2025-04-24,4.849999904632568,3332.0
2025-04-25,4.8354997634887695,3282.39990234375
2025-04-28,4.8379998207092285,3332.5
2025-04-29,4.822999954223633,3318.800048828125
2025-04-30,4.559999942779541,3305.0
2025-05-01,4.580999851226807,3210.0
2025-05-02,4.627500057220459,3231.89990234375
2025-05-05,4.65500020980835,3311.300048828125
2025-05-06,4.735000133514404,3411.39990234375
2025-05-07,4.616499900817871,3381.39990234375
2025-05-08,4.560999870300293,3296.60009765625
2025-05-09,4.611000061035156,3335.39990234375
2025-05-12,4.578499794006348,3220.0
2025-05-13,4.68149995803833,3240.300048828125
2025-05-14,4.611000061035156,3181.39990234375
2025-05-15,4.644499778747559,3220.699951171875
2025-05-16,4.555500030517578,3182.0
2025-05-19,4.633500099182129,3228.89990234375
2025-05-20,4.619500160217285,3280.300048828125
2025-05-21,4.638000011444092,3309.300048828125
2025-05-22,4.648499965667725,3292.300048828125
2025-05-23,4.80649995803833,3363.60009765625
2025-05-27,4.710000038146973,3299.10009765625
2025-05-28,4.644000053405762,3293.60009765625
2025-05-29,4.653500080108643,3317.10009765625
2025-05-30,4.652500152587891,3288.89990234375
2025-06-02,4.834499835968018,3370.60009765625
2025-06-03,4.809500217437744,3350.199951171875
2025-06-04,4.864500045776367,3373.5
2025-06-05,4.91349983215332,3350.699951171875
2025-06-06,4.829999923706055,3322.699951171875
2025-06-09,4.9095001220703125,3332.10009765625
2025-06-10,4.883999824523926,3320.89990234375
2025-06-11,4.801000118255615,3321.300048828125
2025-06-12,4.821499824523926,3380.89990234375
2025-06-13,4.802999973297119,3431.199951171875
2025-06-16,4.826499938964844,3396.39990234375
2025-06-17,4.80049991607666,3386.60009765625
2025-06-18,4.84499979019165,3389.800048828125
2025-06-20,4.826000213623047,3368.10009765625
2025-06-23,4.8429999351501465,3377.699951171875
2025-06-24,4.867000102996826,3317.39990234375
2025-06-25,4.913000106811523,3327.10009765625
2025-06-26,5.065499782562256,3333.5
2025-06-27,5.06850004196167,3273.699951171875
2025-06-30,5.03000020980835,3294.39990234375
2025-07-01,5.047999858856201,3336.699951171875
2025-07-02,5.14900016784668,3348.0
2025-07-03,5.0970001220703125,3331.60009765625
2025-07-04,5.018499851226807,3332.5
2025-07-07,4.984499931335449,3332.199951171875
2025-07-08,5.644999980926514,3307.0
2025-07-09,5.44350004196167,3311.60009765625
2025-07-10,5.547999858856201,3317.39990234375
2025-07-11,5.561999797821045,3356.0
2025-07-14,5.514999866485596,3351.5
2025-07-15,5.546000003814697,3329.800048828125
2025-07-16,5.496500015258789,3352.5
2025-07-17,5.486000061035156,3340.10009765625
2025-07-18,5.578000068664551,3353.0
2025-07-21,5.610499858856201,3401.89990234375
2025-07-22,5.697000026702881,3439.199951171875
2025-07-23,5.795000076293945,3394.10009765625
2025-07-24,5.7769999504089355,3371.0
2025-07-25,5.763500213623047,3334.0
2025-07-28,5.59499979019165,3309.10009765625
2025-07-29,5.603499889373779,3323.39990234375
2025-07-30,5.570000171661377,3295.800048828125
2025-07-31,4.33050012588501,3293.199951171875
2025-08-01,4.412499904632568,3347.699951171875
2025-08-04,4.414999961853027,3374.39990234375
2025-08-05,4.363999843597412,3381.89990234375
2025-08-06,4.390999794006348,3380.0
2025-08-07,4.378499984741211,3400.300048828125
2025-08-08,4.45550012588501,3439.10009765625
2025-08-11,4.423500061035156,3353.10009765625
2025-08-12,4.508500099182129,3348.89990234375
2025-08-13,4.48199987411499,3358.699951171875
2025-08-14,4.4644999504089355,3335.199951171875
2025-08-15,4.478000164031982,3336.0
2025-08-18,4.456999778747559,3331.699951171875
2025-08-19,4.408999919891357,3313.39990234375
2025-08-20,4.426000118255615,3343.39990234375
2025-08-21,4.43149995803833,3336.89990234375
2025-08-22,4.447500228881836,3374.39990234375
2025-08-25,4.4664998054504395,3373.800048828125
2025-08-26,4.450500011444092,3388.60009765625
2025-08-27,4.4145002365112305,3404.60009765625
2025-08-28,4.463500022888184,3431.800048828125
2025-08-29,4.518499851226807,3473.699951171875
2025-09-02,4.569499969482422,3549.39990234375
2025-09-03,4.558499813079834,3593.199951171875
2025-09-04,4.48799991607666,3565.800048828125
2025-09-05,4.482500076293945,3613.199951171875
2025-09-08,4.490499973297119,3638.10009765625
2025-09-09,4.500999927520752,3643.300048828125
2025-09-10,4.550000190734863,3643.60009765625
2025-09-11,4.5904998779296875,3636.89990234375
2025-09-12,4.588500022888184,3649.39990234375
2025-09-15,4.6554999351501465,3682.199951171875
2025-09-16,4.632999897003174,3688.89990234375
2025-09-17,4.571000099182129,3681.800048828125
2025-09-18,4.540999889373779,3643.699951171875
2025-09-19,4.568999767303467,3671.5
2025-09-22,4.572999954223633,3740.699951171875
2025-09-23,4.584499835968018,3780.60009765625
2025-09-24,4.752500057220459,3732.10009765625
2025-09-25,4.699999809265137,3736.89990234375
2025-09-26,4.7154998779296875,3775.300048828125
2025-09-29,4.841000080108643,3820.89990234375
2025-09-30,4.804999828338623,3840.800048828125
2025-10-01,4.83050012588501,3867.5
2025-10-02,4.8979997634887695,3839.699951171875
2025-10-03,5.058000087738037,3880.800048828125
2025-10-06,4.986999988555908,3948.5
2025-10-07,5.047999858856201,3976.60009765625
2025-10-08,5.046000003814697,4043.300048828125
2025-10-09,5.075500011444092,3946.300048828125
2025-10-10,4.848499774932861,3975.89990234375
2025-10-13,5.100500106811523,4108.60009765625
2025-10-14,4.980500221252441,4138.7001953125
2025-10-15,4.9720001220703125,4176.89990234375
2025-10-16,4.958000183105469,4280.2001953125
2025-10-17,4.93149995803833,4189.89990234375
2025-10-20,4.998000144958496,4336.39990234375
2025-10-21,4.929999828338623,4087.699951171875
2025-10-22,4.960999965667725,4044.39990234375
2025-10-23,5.081999778747559,4125.5
2025-10-24,5.093500137329102,4118.39990234375
2025-10-27,5.140500068664551,4001.89990234375
2025-10-28,5.140500068664551,3966.199951171875
2025-10-29,5.233500003814697,3983.699951171875
2025-10-30,5.078000068664551,4001.300048828125
2025-10-31,5.065499782562256,3982.199951171875
2025-11-03,5.046999931335449,4000.300048828125
2025-11-04,4.926000118255615,3947.699951171875
2025-11-05,4.9629998207092285,3980.300048828125
2025-11-06,4.945499897003174,3979.89990234375
2025-11-07,4.938000202178955,3999.39990234375
2025-11-10,5.086999893188477,4111.7998046875
2025-11-11,5.048500061035156,4106.7998046875
2025-11-12,5.0894999504089355,4204.39990234375
2025-11-13,5.087500095367432,4186.89990234375
2025-11-14,5.049499988555908,4087.60009765625
2025-11-17,5.0,4068.300048828125
2025-11-18,4.962500095367432,4061.300048828125
2025-11-19,5.007999897003174,4077.699951171875
2025-11-20,4.959499835968018,4056.5
2025-11-21,5.008500099182129,4076.699951171875
2025-11-24,4.961999893188477,4091.89990234375
2025-11-25,4.999499797821045,4139.2001953125
2025-11-26,5.104499816894531,4165.2001953125
2025-11-28,5.185500144958496,4218.2998046875
2025-12-01,5.218999862670898,4239.2998046875
2025-12-02,5.160999774932861,4186.60009765625
2025-12-03,5.308000087738037,4199.2998046875
2025-12-04,5.291500091552734,4211.7998046875
2025-12-05,5.381999969482422,4212.89990234375
2025-12-08,5.364500045776367,4187.2001953125
2025-12-09,5.240499973297119,4206.7001953125
2025-12-10,5.2754998207092285,4196.39990234375
2025-12-11,5.427000045776367,4285.5
2025-12-12,5.2835001945495605,4300.10009765625
2025-12-15,5.338500022888184,4306.7001953125
2025-12-16,5.2870001792907715,4304.5
2025-12-17,5.363500118255615,4347.5
2025-12-18,5.366499900817871,4339.5
2025-12-19,5.439499855041504,4361.39990234375
2025-12-22,5.4375,4444.60009765625
2025-12-23,5.47599983215332,4482.7998046875
2025-12-24,5.498499870300293,4480.60009765625
2025-12-26,5.766499996185303,4529.10009765625
2025-12-29,5.490499973297119,4325.10009765625
2025-12-30,5.727499961853027,4370.10009765625
2025-12-31,5.630000114440918,4325.60009765625
2026-01-02,5.639999866485596,4314.39990234375
2026-01-05,5.924499988555908,4436.89990234375
2026-01-06,6.010499954223633,4482.2001953125
2026-01-07,5.809000015258789,4449.2998046875
2026-01-08,5.746500015258789,4449.7001953125
2026-01-09,5.855500221252441,4490.2998046875
2026-01-12,5.985000133514404,4604.2998046875
2026-01-13,5.96999979019165,4589.2001953125
2026-01-14,6.008999824523926,4626.2998046875
2026-01-15,5.947999954223633,4616.2998046875
2026-01-16,5.78849983215332,4588.39990234375
2026-01-20,5.7729997634887695,4759.60009765625
2026-01-21,5.729499816894531,4831.7998046875
2026-01-22,5.742499828338623,4908.7998046875
2026-01-23,5.910999774932861,4976.2001953125
2026-01-26,5.984000205993652,5079.7001953125
2026-01-27,5.828499794006348,5079.89990234375
2026-01-28,5.892499923706055,5301.60009765625
2026-01-29,6.17549991607666,5318.39990234375
2026-01-30,5.896999835968018,4713.89990234375
2026-02-02,5.801499843597412,4622.5
2026-02-03,6.0625,4903.7001953125
2026-02-04,5.826000213623047,4920.39990234375
2026-02-05,5.798999786376953,4861.39990234375
2026-02-06,5.863500118255615,4951.2001953125
2026-02-09,5.945000171661377,5050.89990234375
2026-02-10,5.895999908447266,5003.7998046875
2026-02-11,5.948999881744385,5071.60009765625
2026-02-12,5.770999908447266,4923.7001953125
2026-02-13,5.792500019073486,5022.0
2026-02-17,5.632999897003174,4882.89990234375
2026-02-18,5.793499946594238,4986.5
2026-02-19,5.730000019073486,4975.89990234375
2026-02-20,5.830999851226807,5059.2998046875
2026-02-23,5.7729997634887695,5204.7001953125
2026-02-24,5.922999858856201,5155.7998046875
2026-02-25,5.979499816894531,5206.39990234375
2026-02-26,5.947000026702881,5176.5
2026-02-27,6.004499912261963,5230.5
2026-03-02,5.894499778747559,5294.39990234375
2026-03-03,5.773499965667725,5107.39990234375
2026-03-04,5.855000019073486,5120.2001953125
2026-03-05,5.752999782562256,5065.2998046875
2026-03-06,5.756999969482422,5146.10009765625
2026-03-09,5.80049991607666,5091.5
2026-03-10,5.9039998054504395,5229.7001953125
2026-03-11,5.8454999923706055,5167.39990234375
2026-03-12,5.82450008392334,5115.7998046875
2026-03-13,5.7144999504089355,5052.5
2026-03-16,5.790500164031982,4994.0
2026-03-17,5.726500034332275,5001.0
2026-03-18,5.553999900817871,4889.89990234375
2026-03-19,5.433000087738037,4600.7001953125
2026-03-20,5.34250020980835,4570.39990234375
2026-03-23,5.439499855041504,4404.10009765625
2026-03-24,5.422500133514404,4399.2998046875
2026-03-25,5.5289998054504395,4549.7998046875
2026-03-26,5.446499824523926,4375.5
2026-03-27,5.4670000076293945,4492.0
2026-03-30,5.47599983215332,4526.0
2026-03-31,5.587500095367432,4647.60009765625
2026-04-01,5.624000072479248,4783.2001953125
2026-04-02,5.563000202178955,4651.5
2026-04-06,5.583499908447266,4656.7998046875
2026-04-07,5.54449987411499,4657.10009765625
2026-04-08,5.759500026702881,4749.5
2026-04-09,5.748000144958496,4792.2001953125
2026-04-10,5.870500087738037,4761.89990234375
2026-04-13,5.97599983215332,4742.39990234375
2026-04-14,6.070499897003174,4825.0
2026-04-15,6.072000026702881,4800.0
2026-04-16,6.066500186920166,4785.39990234375
2026-04-17,6.103499889373779,4857.60009765625
2026-04-20,6.035999774932861,4806.60009765625
2026-04-21,6.001500129699707,4698.39990234375
2026-04-22,6.119999885559082,4732.5
2026-04-23,6.075500011444092,4705.10009765625
2026-04-24,6.023499965667725,4722.2998046875
2026-04-27,6.01800012588501,4675.39990234375
2026-04-28,5.9145002365112305,4591.5
2026-04-29,5.878499984741211,4545.2001953125
2026-04-30,5.926000118255615,4614.7001953125
2026-05-01,5.932000160217285,4629.89990234375
2026-05-04,5.795000076293945,4519.5
2026-05-05,5.942999839782715,4555.7998046875
2026-05-06,6.136499881744385,4681.89990234375
2026-05-07,6.127500057220459,4699.7998046875
2026-05-08,6.249000072479248,4720.39990234375
2026-05-11,6.41349983215332,4718.7001953125
2026-05-12,6.485000133514404,4677.60009765625
2026-05-13,6.635499954223633,4697.7001953125
2026-05-14,6.567500114440918,4678.10009765625
2026-05-15,6.251500129699707,4555.7998046875
2026-05-18,6.271999835968018,4552.5
2026-05-19,6.164999961853027,4506.2998046875
2026-05-20,6.290500164031982,4531.2998046875
2026-05-21,6.256999969482422,4539.7998046875
2026-05-22,6.3420000076293945,4521.0
2026-05-26,6.361000061035156,4500.39990234375
2026-05-27,6.304999828338623,4447.5
2026-05-28,6.395999908447266,4499.2998046875
2026-05-29,6.359499931335449,4560.5
2026-06-01,6.52400016784668,4475.2001953125
2026-06-02,6.649499893188477,4489.10009765625
2026-06-03,6.480999946594238,4436.7001953125
2026-06-04,6.511000156402588,4475.7998046875
2026-06-05,6.263500213623047,4337.10009765625
2026-06-08,6.329500198364258,4335.89990234375
2026-06-09,6.302499771118164,4260.0
2026-06-10,6.249000072479248,4108.2001953125
2026-06-11,6.258999824523926,4090.300048828125
2026-06-12,6.430500030517578,4215.0
2026-06-15,6.482500076293945,4328.0
2026-06-16,6.488999843597412,4330.89990234375
2026-06-17,6.481500148773193,4358.89990234375
2026-06-18,6.374499797821045,4224.10009765625
2026-06-22,6.356500148773193,4181.89990234375
2026-06-23,6.140999794006348,4129.89990234375
2026-06-24,5.942999839782715,3990.300048828125
2026-06-25,6.070499897003174,4030.5
2026-06-26,6.141499996185303,4078.699951171875
2026-06-29,6.097499847412109,4022.300048828125
2026-06-30,6.192500114440918,4022.89990234375
2026-07-01,6.123499870300293,4068.300048828125
2026-07-02,6.114500045776367,4112.7001953125
2026-07-06,6.177999973297119,4155.10009765625
