Date,Dow,Silver
2014-09-17,17156.849609375,18.663000106811523
2014-09-18,17265.990234375,18.45199966430664
2014-09-19,17279.740234375,17.7810001373291
2014-09-22,17172.6796875,17.698999404907227
2014-09-23,17055.869140625,17.71299934387207
2014-09-24,17210.060546875,17.64299964904785
2014-09-25,16945.80078125,17.378999710083008
2014-09-26,17113.150390625,17.476999282836914
2014-09-29,17071.220703125,17.516000747680664
2014-09-30,17042.900390625,17.006000518798828
2014-10-01,16804.7109375,17.209999084472656
2014-10-02,16801.05078125,17.000999450683594
2014-10-03,17009.689453125,16.780000686645508
2014-10-06,16991.91015625,17.18000030517578
2014-10-07,16719.390625,17.19099998474121
2014-10-08,16994.220703125,17.014999389648438
2014-10-09,16659.25,17.367000579833984
2014-10-10,16544.099609375,17.25200080871582
2014-10-13,16321.0703125,17.29400062561035
2014-10-14,16315.1904296875,17.35300064086914
2014-10-15,16141.740234375,17.415000915527344
2014-10-16,16117.240234375,17.38800048828125
2014-10-17,16380.41015625,17.281999588012695
2014-10-20,16399.669921875,17.304000854492188
2014-10-21,16614.810546875,17.503999710083008
2014-10-22,16461.3203125,17.18600082397461
2014-10-23,16677.900390625,17.11400032043457
2014-10-24,16805.41015625,17.13599967956543
2014-10-27,16817.939453125,17.114999771118164
2014-10-28,17005.75,17.184999465942383
2014-10-29,16974.310546875,17.2189998626709
2014-10-30,17195.419921875,16.391000747680664
2014-10-31,17390.51953125,16.07699966430664
2014-11-03,17366.240234375,16.174999237060547
2014-11-04,17383.83984375,15.927000045776367
2014-11-05,17484.529296875,15.418000221252441
2014-11-06,17554.470703125,15.392000198364258
2014-11-07,17573.9296875,15.699000358581543
2014-11-10,17613.740234375,15.656999588012695
2014-11-11,17614.900390625,15.663999557495117
2014-11-12,17612.19921875,15.619000434875488
2014-11-13,17652.7890625,15.616999626159668
2014-11-14,17634.740234375,16.309999465942383
2014-11-17,17647.75,16.05299949645996
2014-11-18,17687.8203125,16.170000076293945
2014-11-19,17685.73046875,16.290000915527344
2014-11-20,17719.0,16.132999420166016
2014-11-21,17810.060546875,16.391000747680664
2014-11-24,17817.900390625,16.37700080871582
2014-11-25,17814.939453125,16.554000854492188
2014-11-26,17827.75,16.54800033569336
2014-11-28,17828.240234375,15.48900032043457
2014-12-01,17776.80078125,16.648000717163086
2014-12-02,17879.55078125,16.408000946044922
2014-12-03,17912.619140625,16.358999252319336
2014-12-04,17900.099609375,16.520000457763672
2014-12-05,17958.7890625,16.195999145507812
2014-12-08,17852.48046875,16.215999603271484
2014-12-09,17801.19921875,17.08099937438965
2014-12-10,17533.150390625,17.132999420166016
2014-12-11,17596.33984375,17.05900001525879
2014-12-12,17280.830078125,17.018999099731445
2014-12-15,17180.83984375,16.527000427246094
2014-12-16,17068.869140625,15.71500015258789
2014-12-17,17356.869140625,15.890999794006348
2014-12-18,17778.150390625,15.894000053405762
2014-12-19,17804.80078125,15.991000175476074
2014-12-22,17959.439453125,15.64900016784668
2014-12-23,18024.169921875,15.729999542236328
2014-12-24,18030.2109375,15.67300033569336
2014-12-26,18053.7109375,16.11199951171875
2014-12-29,18038.23046875,15.744000434875488
2014-12-30,17983.0703125,16.239999771118164
2014-12-31,17823.0703125,15.5649995803833
2015-01-02,17832.990234375,15.734000205993652
2015-01-05,17501.650390625,16.179000854492188
2015-01-06,17371.640625,16.60300064086914
2015-01-07,17584.51953125,16.510000228881836
2015-01-08,17907.869140625,16.35099983215332
2015-01-09,17737.369140625,16.38599967956543
2015-01-12,17640.83984375,16.53499984741211
2015-01-13,17613.6796875,17.125
2015-01-14,17427.08984375,16.95599937438965
2015-01-15,17320.7109375,17.072999954223633
2015-01-16,17511.5703125,17.73900032043457
2015-01-20,17515.23046875,17.94700050354004
2015-01-21,17554.279296875,18.179000854492188
2015-01-22,17813.98046875,18.34600067138672
2015-01-23,17672.599609375,18.284000396728516
2015-01-26,17678.69921875,17.966999053955078
2015-01-27,17387.2109375,18.06800079345703
2015-01-28,17191.369140625,18.06800079345703
2015-01-29,17416.849609375,16.757999420166016
2015-01-30,17164.94921875,17.191999435424805
2015-02-02,17361.0390625,17.235000610351562
2015-02-03,17666.400390625,17.30500030517578
2015-02-04,17673.01953125,17.378999710083008
2015-02-05,17884.880859375,17.18000030517578
2015-02-06,17824.2890625,16.67799949645996
2015-02-09,17729.2109375,17.054000854492188
2015-02-10,17868.759765625,16.85700035095215
2015-02-11,17862.140625,16.7450008392334
2015-02-12,17972.380859375,16.777999877929688
2015-02-13,18019.349609375,17.277999877929688
2015-02-17,18047.580078125,16.36199951171875
2015-02-18,18029.849609375,16.25
2015-02-19,17985.76953125,16.371000289916992
2015-02-20,18140.439453125,16.26300048828125
2015-02-23,18116.83984375,16.246999740600586
2015-02-24,18209.189453125,16.18199920654297
2015-02-25,18224.5703125,16.423999786376953
2015-02-26,18214.419921875,16.58300018310547
2015-02-27,18132.69921875,16.51300048828125
2015-03-02,18288.630859375,16.406999588012695
2015-03-03,18203.369140625,16.257999420166016
2015-03-04,18096.900390625,16.131999969482422
2015-03-05,18135.720703125,16.131999969482422
2015-03-06,17856.779296875,15.784000396728516
2015-03-09,17995.720703125,15.755000114440918
2015-03-10,17662.939453125,15.61299991607666
2015-03-11,17635.390625,15.345000267028809
2015-03-12,17895.220703125,15.493000030517578
2015-03-13,17749.310546875,15.47700023651123
2015-03-16,17977.419921875,15.60099983215332
2015-03-17,17849.080078125,15.562000274658203
2015-03-18,18076.189453125,15.524999618530273
2015-03-19,17959.029296875,16.097999572753906
2015-03-20,18127.650390625,16.867000579833984
2015-03-23,18116.0390625,16.871999740600586
2015-03-24,18011.140625,16.96299934387207
2015-03-25,17718.5390625,16.979999542236328
2015-03-26,17678.23046875,17.121999740600586
2015-03-27,17712.66015625,17.052000045776367
2015-03-30,17976.310546875,16.656999588012695
2015-03-31,17776.119140625,16.58099937438965
2015-04-01,17698.1796875,17.04400062561035
2015-04-02,17763.240234375,16.68600082397461
2015-04-06,17880.849609375,17.094999313354492
2015-04-07,17875.419921875,16.825000762939453
2015-04-08,17902.509765625,16.440000534057617
2015-04-09,17958.73046875,16.163999557495117
2015-04-10,18057.650390625,16.3700008392334
2015-04-13,17977.0390625,16.280000686645508
2015-04-14,18036.69921875,16.150999069213867
2015-04-15,18112.609375,16.268999099731445
2015-04-16,18105.76953125,16.275999069213867
2015-04-17,17826.30078125,16.22100067138672
2015-04-20,18034.9296875,15.883000373840332
2015-04-21,17949.58984375,16.00200080871582
2015-04-22,18038.26953125,15.791000366210938
2015-04-23,18058.689453125,15.824000358581543
2015-04-24,18080.140625,15.630999565124512
2015-04-27,18037.970703125,16.389999389648438
2015-04-28,18110.140625,16.586999893188477
2015-04-29,18035.529296875,16.670000076293945
2015-04-30,17840.51953125,16.124000549316406
2015-05-01,18024.060546875,16.111000061035156
2015-05-04,18070.400390625,16.417999267578125
2015-05-05,17928.19921875,16.55699920654297
2015-05-06,17841.98046875,16.483999252319336
2015-05-07,17924.060546875,16.27199935913086
2015-05-08,18191.109375,16.441999435424805
2015-05-11,18105.169921875,16.29800033569336
2015-05-12,18068.23046875,16.510000228881836
2015-05-13,18060.490234375,17.207000732421875
2015-05-14,18252.240234375,17.448999404907227
2015-05-15,18272.560546875,17.545000076293945
2015-05-18,18298.880859375,17.711999893188477
2015-05-19,18312.390625,17.049999237060547
2015-05-20,18285.400390625,17.091999053955078
2015-05-21,18285.740234375,17.111000061035156
2015-05-22,18232.01953125,17.030000686645508
2015-05-26,18041.5390625,16.733999252319336
2015-05-27,18162.990234375,16.63800048828125
2015-05-28,18126.119140625,16.652999877929688
2015-05-29,18010.6796875,16.68400001525879
2015-06-01,18040.369140625,16.663999557495117
2015-06-02,18011.939453125,16.783000946044922
2015-06-03,18076.26953125,16.464000701904297
2015-06-04,17905.580078125,16.089000701904297
2015-06-05,17849.4609375,15.970999717712402
2015-06-08,17766.55078125,15.951000213623047
2015-06-09,17764.0390625,15.949000358581543
2015-06-10,18000.400390625,15.95199966430664
2015-06-11,18039.369140625,15.95300006866455
2015-06-12,17898.83984375,15.817999839782715
2015-06-15,17791.169921875,16.076000213623047
2015-06-16,17904.48046875,15.958000183105469
2015-06-17,17935.740234375,15.9399995803833
2015-06-18,18115.83984375,16.148000717163086
2015-06-19,18015.94921875,16.104000091552734
2015-06-22,18119.779296875,16.136999130249023
2015-06-23,18144.0703125,15.732000350952148
2015-06-24,17966.0703125,15.847999572753906
2015-06-25,17890.359375,15.805000305175781
2015-06-26,17946.6796875,15.734999656677246
2015-06-29,17596.349609375,15.663999557495117
2015-06-30,17619.509765625,15.550999641418457
2015-07-01,17757.91015625,15.552000045776367
2015-07-02,17730.109375,15.536999702453613
2015-07-06,17683.580078125,15.72599983215332
2015-07-07,17776.91015625,14.949999809265137
2015-07-08,17515.419921875,15.147000312805176
2015-07-09,17548.619140625,15.345000267028809
2015-07-10,17760.41015625,15.468000411987305
2015-07-13,17977.6796875,15.435999870300293
2015-07-14,18053.580078125,15.295000076293945
2015-07-15,18050.169921875,15.027999877929688
2015-07-16,18120.25,14.96399974822998
2015-07-17,18086.44921875,14.819999694824219
2015-07-20,18100.41015625,14.744999885559082
2015-07-21,17919.2890625,14.769000053405762
2015-07-22,17851.0390625,14.71399974822998
2015-07-23,17731.919921875,14.682999610900879
2015-07-24,17568.529296875,14.47700023651123
2015-07-27,17440.58984375,14.593999862670898
2015-07-28,17630.26953125,14.630999565124512
2015-07-29,17751.390625,14.734000205993652
2015-07-30,17745.98046875,14.690999984741211
2015-07-31,17689.859375,14.746000289916992
2015-08-03,17598.19921875,14.515999794006348
2015-08-04,17550.689453125,14.550000190734863
2015-08-05,17540.470703125,14.545999526977539
2015-08-06,17419.75,14.670000076293945
2015-08-07,17373.380859375,14.815999984741211
2015-08-10,17615.169921875,15.288999557495117
2015-08-11,17402.83984375,15.281000137329102
2015-08-12,17402.509765625,15.472999572753906
2015-08-13,17408.25,15.395999908447266
2015-08-14,17477.400390625,15.210000038146973
2015-08-17,17545.1796875,15.295000076293945
2015-08-18,17511.33984375,14.786999702453613
2015-08-19,17348.73046875,15.175999641418457
2015-08-20,16990.689453125,15.517000198364258
2015-08-21,16459.75,15.300999641418457
2015-08-24,15871.349609375,14.76200008392334
2015-08-25,15666.4404296875,14.609999656677246
2015-08-26,16285.509765625,14.045000076293945
2015-08-27,16654.76953125,14.420999526977539
2015-08-28,16643.009765625,14.53499984741211
2015-08-31,16528.029296875,14.57699966430664
2015-09-01,16058.349609375,14.61299991607666
2015-09-02,16351.3798828125,14.66100025177002
2015-09-03,16374.759765625,14.70199966430664
2015-09-04,16102.3798828125,14.543999671936035
2015-09-08,16492.6796875,14.75
2015-09-09,16253.5703125,14.567999839782715
2015-09-10,16330.400390625,14.633999824523926
2015-09-11,16433.08984375,14.489999771118164
2015-09-14,16370.9599609375,14.357000350952148
2015-09-15,16599.849609375,14.319000244140625
2015-09-16,16739.94921875,14.878000259399414
2015-09-17,16674.740234375,14.975000381469727
2015-09-18,16384.580078125,15.154000282287598
2015-09-21,16510.189453125,15.215999603271484
2015-09-22,16330.4697265625,14.75
2015-09-23,16279.8896484375,14.779999732971191
2015-09-24,16201.3203125,15.125
2015-09-25,16314.669921875,15.105999946594238
2015-09-28,16001.8896484375,14.538000106811523
2015-09-29,16049.1298828125,14.569000244140625
2015-09-30,16284.7001953125,14.512999534606934
2015-10-01,16272.009765625,14.505999565124512
2015-10-02,16472.369140625,15.256999969482422
2015-10-05,16776.4296875,15.70199966430664
2015-10-06,16790.189453125,15.979000091552734
2015-10-07,16912.2890625,16.08799934387207
2015-10-08,17050.75,15.760000228881836
2015-10-09,17084.490234375,15.809000015258789
2015-10-12,17131.859375,15.854999542236328
2015-10-13,17081.890625,15.897000312805176
2015-10-14,16924.75,16.101999282836914
2015-10-15,17141.75,16.152000427246094
2015-10-16,17215.970703125,16.101999282836914
2015-10-19,17230.5390625,15.829000473022461
2015-10-20,17217.109375,15.904999732971191
2015-10-21,17168.609375,15.696000099182129
2015-10-22,17489.16015625,15.822999954223633
2015-10-23,17646.69921875,15.817999839782715
2015-10-26,17623.05078125,15.899999618530273
2015-10-27,17581.4296875,15.857999801635742
2015-10-28,17779.51953125,16.288000106811523
2015-10-29,17755.80078125,15.543999671936035
2015-10-30,17663.5390625,15.565999984741211
2015-11-02,17828.759765625,15.413000106811523
2015-11-03,17918.150390625,15.244000434875488
2015-11-04,17867.580078125,15.062999725341797
2015-11-05,17863.4296875,14.98799991607666
2015-11-06,17910.330078125,14.696000099182129
2015-11-09,17730.48046875,14.418000221252441
2015-11-10,17758.2109375,14.355999946594238
2015-11-11,17702.220703125,14.26200008392334
2015-11-12,17448.0703125,14.223999977111816
2015-11-13,17245.240234375,14.20300006866455
2015-11-16,17483.009765625,14.220999717712402
2015-11-17,17489.5,14.170000076293945
2015-11-18,17737.16015625,14.079999923706055
2015-11-19,17732.75,14.241999626159668
2015-11-20,17823.810546875,14.105999946594238
2015-11-23,17792.6796875,14.041999816894531
2015-11-24,17812.189453125,14.168999671936035
2015-11-25,17813.390625,14.168000221252441
2015-11-27,17813.390625,14.008000373840332
2015-11-30,17719.919921875,14.050000190734863
2015-12-01,17888.349609375,14.055000305175781
2015-12-02,17729.6796875,13.979000091552734
2015-12-03,17477.669921875,14.053000450134277
2015-12-04,17847.630859375,14.505000114440918
2015-12-07,17730.509765625,14.307000160217285
2015-12-08,17568.0,14.090999603271484
2015-12-09,17492.30078125,14.163999557495117
2015-12-10,17574.75,14.085000038146973
2015-12-11,17265.2109375,13.859000205993652
2015-12-14,17368.5,13.666000366210938
2015-12-15,17524.91015625,13.739999771118164
2015-12-16,17749.08984375,14.218000411987305
2015-12-17,17495.83984375,13.682999610900879
2015-12-18,17128.55078125,14.079999923706055
2015-12-21,17251.619140625,14.300999641418457
2015-12-22,17417.26953125,14.302000045776367
2015-12-23,17602.609375,14.277000427246094
2015-12-24,17552.169921875,14.369000434875488
2015-12-28,17528.26953125,13.873000144958496
2015-12-29,17720.98046875,13.916999816894531
2015-12-30,17603.869140625,13.814000129699707
2015-12-31,17425.029296875,13.774999618530273
2016-01-04,17148.939453125,13.817000389099121
2016-01-05,17158.66015625,13.949000358581543
2016-01-06,16906.509765625,13.956999778747559
2016-01-07,16514.099609375,14.335000038146973
2016-01-08,16346.4501953125,13.907999992370605
2016-01-11,16398.5703125,13.854999542236328
2016-01-12,16516.220703125,13.739999771118164
2016-01-13,16151.41015625,14.145000457763672
2016-01-14,16379.0498046875,13.737000465393066
2016-01-15,15988.080078125,13.883999824523926
2016-01-19,16016.01953125,14.109999656677246
2016-01-20,15766.740234375,14.147000312805176
2016-01-21,15882.6796875,14.083000183105469
2016-01-22,16093.509765625,14.043000221252441
2016-01-25,15885.2197265625,14.239999771118164
2016-01-26,16167.23046875,14.543999671936035
2016-01-27,15944.4599609375,14.4399995803833
2016-01-28,16069.6396484375,14.215999603271484
2016-01-29,16466.30078125,14.229000091552734
2016-02-01,16449.1796875,14.329000473022461
2016-02-02,16153.5400390625,14.276000022888184
2016-02-03,16336.66015625,14.720000267028809
2016-02-04,16416.580078125,14.836000442504883
2016-02-05,16204.9697265625,14.763999938964844
2016-02-08,16027.0498046875,15.416000366210938
2016-02-09,16014.3798828125,15.444000244140625
2016-02-10,15914.740234375,15.277000427246094
2016-02-11,15660.1796875,15.788999557495117
2016-02-12,15973.83984375,15.78499984741211
2016-02-16,16196.41015625,15.329000473022461
2016-02-17,16453.830078125,15.371999740600586
2016-02-18,16413.4296875,15.427000045776367
2016-02-19,16391.990234375,15.368000030517578
2016-02-22,16620.66015625,15.178999900817871
2016-02-23,16431.779296875,15.234999656677246
2016-02-24,16484.990234375,15.291999816894531
2016-02-25,16697.2890625,15.164999961853027
2016-02-26,16639.970703125,14.689000129699707
2016-02-29,16516.5,14.895999908447266
2016-03-01,16865.080078125,14.732999801635742
2016-03-02,16899.3203125,15.003000259399414
2016-03-03,16943.900390625,15.130999565124512
2016-03-04,17006.76953125,15.680999755859375
2016-03-07,17073.94921875,15.623000144958496
2016-03-08,16964.099609375,15.383999824523926
2016-03-09,17000.359375,15.354999542236328
2016-03-10,16995.130859375,15.545999526977539
2016-03-11,17213.310546875,15.607000350952148
2016-03-14,17229.130859375,15.517999649047852
2016-03-15,17251.529296875,15.255000114440918
2016-03-16,17325.759765625,15.21399974822998
2016-03-17,17481.490234375,16.02199935913086
2016-03-18,17602.30078125,15.805999755859375
2016-03-21,17623.869140625,15.840999603271484
2016-03-22,17582.5703125,15.876999855041504
2016-03-23,17502.58984375,15.262999534606934
2016-03-24,17515.73046875,15.190999984741211
2016-03-28,17535.390625,15.194000244140625
2016-03-29,17633.109375,15.237000465393066
2016-03-30,17716.66015625,15.206000328063965
2016-03-31,17685.08984375,15.460000038146973
2016-04-01,17792.75,15.041999816894531
2016-04-04,17737.0,14.942000389099121
2016-04-05,17603.3203125,15.11400032043457
2016-04-06,17716.05078125,15.052000045776367
2016-04-07,17541.9609375,15.156000137329102
2016-04-08,17576.9609375,15.381999969482422
2016-04-11,17556.41015625,15.973999977111816
2016-04-12,17721.25,16.219999313354492
2016-04-13,17908.279296875,16.322999954223633
2016-04-14,17926.4296875,16.16900062561035
2016-04-15,17897.4609375,16.30900001525879
2016-04-18,18004.16015625,16.249000549316406
2016-04-19,18053.599609375,16.968000411987305
2016-04-20,18096.26953125,17.131000518798828
2016-04-21,17982.51953125,17.086000442504883
2016-04-22,18003.75,16.895999908447266
2016-04-25,17977.240234375,17.0049991607666
2016-04-26,17990.3203125,17.106000900268555
2016-04-27,18041.55078125,17.285999298095703
2016-04-28,17830.759765625,17.55299949645996
2016-04-29,17773.640625,17.788999557495117
2016-05-02,17891.16015625,17.6560001373291
2016-05-03,17750.91015625,17.474000930786133
2016-05-04,17651.259765625,17.277000427246094
2016-05-05,17660.7109375,17.302000045776367
2016-05-06,17740.630859375,17.506999969482422
2016-05-09,17705.91015625,17.06999969482422
2016-05-10,17928.349609375,17.075000762939453
2016-05-11,17711.119140625,17.302000045776367
2016-05-12,17720.5,17.086999893188477
2016-05-13,17535.3203125,17.114999771118164
2016-05-16,17710.7109375,17.142000198364258
2016-05-17,17529.98046875,17.235000610351562
2016-05-18,17526.619140625,17.1200008392334
2016-05-19,17435.400390625,16.479000091552734
2016-05-20,17500.939453125,16.518999099731445
2016-05-23,17492.9296875,16.40999984741211
2016-05-24,17706.05078125,16.238000869750977
2016-05-25,17851.509765625,16.2549991607666
2016-05-26,17828.2890625,16.33799934387207
2016-05-27,17873.220703125,16.246000289916992
2016-05-31,17787.19921875,15.972000122070312
2016-06-01,17789.669921875,15.906000137329102
2016-06-02,17838.560546875,16.0049991607666
2016-06-03,17807.060546875,16.34600067138672
2016-06-06,17920.330078125,16.42799949645996
2016-06-07,17938.279296875,16.37700080871582
2016-06-08,18005.05078125,16.968000411987305
2016-06-09,17985.189453125,17.253000259399414
2016-06-10,17865.33984375,17.315000534057617
2016-06-13,17732.48046875,17.42799949645996
2016-06-14,17674.8203125,17.40999984741211
2016-06-15,17640.169921875,17.48900032043457
2016-06-16,17733.099609375,17.5939998626709
2016-06-17,17675.16015625,17.399999618530273
2016-06-20,17804.869140625,17.503000259399414
2016-06-21,17829.73046875,17.31100082397461
2016-06-22,17780.830078125,17.30500030517578
2016-06-23,18011.0703125,17.347999572753906
2016-06-24,17400.75,17.78499984741211
2016-06-27,17140.240234375,17.739999771118164
2016-06-28,17409.720703125,17.839000701904297
2016-06-29,17694.6796875,18.36199951171875
2016-06-30,17929.990234375,18.582000732421875
2016-07-01,17949.369140625,19.54400062561035
2016-07-05,17840.619140625,19.865999221801758
2016-07-06,17918.619140625,20.15999984741211
2016-07-07,17895.880859375,19.79800033569336
2016-07-08,18146.740234375,20.058000564575195
2016-07-11,18226.9296875,20.263999938964844
2016-07-12,18347.669921875,20.1299991607666
2016-07-13,18372.119140625,20.3700008392334
2016-07-14,18506.41015625,20.2810001373291
2016-07-15,18516.55078125,20.125
2016-07-18,18533.05078125,20.04400062561035
2016-07-19,18559.009765625,19.975000381469727
2016-07-20,18595.029296875,19.582000732421875
2016-07-21,18517.23046875,19.784000396728516
2016-07-22,18570.849609375,19.656999588012695
2016-07-25,18493.060546875,19.614999771118164
2016-07-26,18473.75,19.655000686645508
2016-07-27,18472.169921875,19.96500015258789
2016-07-28,18456.349609375,20.15999984741211
2016-07-29,18432.240234375,20.312000274658203
2016-08-01,18404.509765625,20.46500015258789
2016-08-02,18313.76953125,20.666000366210938
2016-08-03,18355.0,20.43600082397461
2016-08-04,18352.05078125,20.4060001373291
2016-08-05,18543.529296875,19.780000686645508
2016-08-08,18529.2890625,19.76799964904785
2016-08-09,18533.05078125,19.81399917602539
2016-08-10,18495.66015625,20.134000778198242
2016-08-11,18613.51953125,19.983999252319336
2016-08-12,18576.470703125,19.672000885009766
2016-08-15,18636.05078125,19.820999145507812
2016-08-16,18552.01953125,19.847999572753906
2016-08-17,18573.939453125,19.62700080871582
2016-08-18,18597.69921875,19.719999313354492
2016-08-19,18552.5703125,19.301000595092773
2016-08-22,18529.419921875,18.843000411987305
2016-08-23,18547.30078125,18.90999984741211
2016-08-24,18481.48046875,18.545000076293945
2016-08-25,18448.41015625,18.47800064086914
2016-08-26,18395.400390625,18.645000457763672
2016-08-29,18502.990234375,18.761999130249023
2016-08-30,18454.30078125,18.57699966430664
2016-08-31,18400.880859375,18.621999740600586
2016-09-01,18419.30078125,18.85700035095215
2016-09-02,18491.9609375,19.275999069213867
2016-09-06,18538.119140625,20.048999786376953
2016-09-07,18526.140625,19.759000778198242
2016-09-08,18479.91015625,19.590999603271484
2016-09-09,18085.44921875,19.281999588012695
2016-09-12,18325.0703125,18.915000915527344
2016-09-13,18066.75,18.889999389648438
2016-09-14,18034.76953125,18.98200035095215
2016-09-15,18212.48046875,18.958999633789062
2016-09-16,18123.80078125,18.7810001373291
2016-09-19,18120.169921875,19.20599937438965
2016-09-20,18129.9609375,19.19499969482422
2016-09-21,18293.69921875,19.68600082397461
2016-09-22,18392.4609375,20.020000457763672
2016-09-23,18261.44921875,19.732999801635742
2016-09-26,18094.830078125,19.516000747680664
2016-09-27,18228.30078125,19.086999893188477
2016-09-28,18339.240234375,19.04400062561035
2016-09-29,18143.44921875,19.114999771118164
2016-09-30,18308.150390625,19.138999938964844
2016-10-03,18253.849609375,18.795000076293945
2016-10-04,18168.44921875,17.71299934387207
2016-10-05,18281.029296875,17.634000778198242
2016-10-06,18268.5,17.288000106811523
2016-10-07,18240.490234375,17.323999404907227
2016-10-10,18329.0390625,
2016-10-11,18128.66015625,17.45599937438965
2016-10-12,18144.19921875,17.454999923706055
2016-10-13,18098.939453125,17.40999984741211
2016-10-14,18138.380859375,17.39299964904785
2016-10-17,18086.400390625,17.426000595092773
2016-10-18,18161.939453125,17.590999603271484
2016-10-19,18202.619140625,17.615999221801758
2016-10-20,18162.349609375,17.50200080871582
2016-10-21,18145.7109375,17.447999954223633
2016-10-24,18223.029296875,17.562000274658203
2016-10-25,18169.26953125,17.736000061035156
2016-10-26,18199.330078125,17.584999084472656
2016-10-27,18169.6796875,17.604000091552734
2016-10-28,18161.189453125,17.761999130249023
2016-10-31,18142.419921875,17.761999130249023
2016-11-01,18037.099609375,18.385000228881836
2016-11-02,17959.640625,18.65999984741211
2016-11-03,17930.669921875,18.382999420166016
2016-11-04,17888.279296875,18.341999053955078
2016-11-07,18259.599609375,18.124000549316406
2016-11-08,18332.740234375,18.329999923706055
2016-11-09,18589.689453125,18.35700035095215
2016-11-10,18807.880859375,18.715999603271484
2016-11-11,18847.66015625,
2016-11-14,18868.689453125,16.87700080871582
2016-11-15,18923.060546875,17.02899932861328
2016-11-16,18868.140625,16.913999557495117
2016-11-17,18903.8203125,16.76099967956543
2016-11-18,18867.9296875,16.613000869750977
2016-11-21,18956.689453125,16.511999130249023
2016-11-22,19023.869140625,16.62299919128418
2016-11-23,19083.1796875,16.382999420166016
2016-11-25,19152.140625,16.464000701904297
2016-11-28,19097.900390625,16.577999114990234
2016-11-29,19121.599609375,16.660999298095703
2016-11-30,19123.580078125,16.4060001373291
2016-12-01,19191.9296875,16.427000045776367
2016-12-02,19170.419921875,16.753000259399414
2016-12-05,19216.240234375,16.823999404907227
2016-12-06,19251.779296875,16.739999771118164
2016-12-07,19549.619140625,17.202999114990234
2016-12-08,19614.810546875,17.024999618530273
2016-12-09,19756.849609375,16.89699935913086
2016-12-12,19796.4296875,17.115999221801758
2016-12-13,19911.2109375,16.910999298095703
2016-12-14,19792.529296875,17.152000427246094
2016-12-15,19852.240234375,15.897000312805176
2016-12-16,19843.41015625,16.152999877929688
2016-12-19,19883.060546875,16.025999069213867
2016-12-20,19974.619140625,16.054000854492188
2016-12-21,19941.9609375,15.918000221252441
2016-12-22,19918.880859375,15.8149995803833
2016-12-23,19933.810546875,15.704000473022461
2016-12-27,19945.0390625,15.928999900817871
2016-12-28,19833.6796875,15.98799991607666
2016-12-29,19819.779296875,16.163000106811523
2016-12-30,19762.599609375,15.935999870300293
2017-01-03,19881.759765625,16.356000900268555
2017-01-04,19942.16015625,16.499000549316406
2017-01-05,19899.2890625,16.583999633789062
2017-01-06,19963.80078125,16.465999603271484
2017-01-09,19887.380859375,16.6299991607666
2017-01-10,19855.529296875,16.80299949645996
2017-01-11,19954.279296875,16.783000946044922
2017-01-12,19891.0,16.780000686645508
2017-01-13,19885.73046875,16.719999313354492
2017-01-17,19826.76953125,17.101999282836914
2017-01-18,19804.720703125,17.235000610351562
2017-01-19,19732.400390625,16.966999053955078
2017-01-20,19827.25,16.996999740600586
2017-01-23,19799.849609375,17.149999618530273
2017-01-24,19912.7109375,17.14900016784668
2017-01-25,20068.509765625,16.944000244140625
2017-01-26,20100.91015625,16.81399917602539
2017-01-27,20093.779296875,17.100000381469727
2017-01-30,19971.130859375,17.121999740600586
2017-01-31,19864.08984375,17.511999130249023
2017-02-01,19890.939453125,17.420000076293945
2017-02-02,19884.91015625,17.402000427246094
2017-02-03,20071.4609375,17.452999114990234
2017-02-06,20052.419921875,17.66699981689453
2017-02-07,20090.2890625,17.732999801635742
2017-02-08,20054.33984375,17.683000564575195
2017-02-09,20172.400390625,17.719999313354492
2017-02-10,20269.369140625,17.91200065612793
2017-02-13,20412.16015625,17.804000854492188
2017-02-14,20504.41015625,17.871999740600586
2017-02-15,20611.859375,17.94700050354004
2017-02-16,20619.76953125,18.062999725341797
2017-02-17,20624.05078125,18.018999099731445
2017-02-21,20743.0,17.989999771118164
2017-02-22,20775.599609375,17.941999435424805
2017-02-23,20810.3203125,18.113000869750977
2017-02-24,20821.759765625,18.334999084472656
2017-02-27,20837.439453125,18.354000091552734
2017-02-28,20812.240234375,18.420000076293945
2017-03-01,21115.55078125,18.44300079345703
2017-03-02,21002.970703125,17.704999923706055
2017-03-03,21005.7109375,17.69700050354004
2017-03-06,20954.33984375,17.725000381469727
2017-03-07,20924.759765625,17.492000579833984
2017-03-08,20855.73046875,17.256999969482422
2017-03-09,20858.189453125,16.993000030517578
2017-03-10,20902.98046875,16.882999420166016
2017-03-13,20881.48046875,16.934999465942383
2017-03-14,20837.369140625,16.88800048828125
2017-03-15,20950.099609375,16.88800048828125
2017-03-16,20934.55078125,17.29599952697754
2017-03-17,20914.619140625,17.378999710083008
2017-03-20,20905.859375,17.402999877929688
2017-03-21,20668.009765625,17.549999237060547
2017-03-22,20661.30078125,17.545000076293945
2017-03-23,20656.580078125,17.562999725341797
2017-03-24,20596.720703125,17.719999313354492
2017-03-27,20550.98046875,18.079999923706055
2017-03-28,20701.5,18.225000381469727
2017-03-29,20659.3203125,18.22800064086914
2017-03-30,20728.490234375,18.184999465942383
2017-03-31,20663.220703125,18.235000610351562
2017-04-03,20650.2109375,18.19099998474121
2017-04-04,20689.240234375,18.302000045776367
2017-04-05,20648.150390625,18.166000366210938
2017-04-06,20662.94921875,18.225000381469727
2017-04-07,20656.099609375,18.1299991607666
2017-04-10,20658.01953125,17.893999099731445
2017-04-11,20651.30078125,18.232999801635742
2017-04-12,20591.859375,18.27899932861328
2017-04-13,20453.25,18.48900032043457
2017-04-17,20636.919921875,18.493000030517578
2017-04-18,20523.279296875,18.250999450683594
2017-04-19,20404.490234375,18.13599967956543
2017-04-20,20578.7109375,17.992000579833984
2017-04-21,20547.759765625,17.829999923706055
2017-04-24,20763.890625,17.847999572753906
2017-04-25,20996.119140625,17.58099937438965
2017-04-26,20975.08984375,17.35300064086914
2017-04-27,20981.330078125,17.264999389648438
2017-04-28,20940.509765625,17.19099998474121
2017-05-01,20913.4609375,16.780000686645508
2017-05-02,20949.890625,16.768999099731445
2017-05-03,20957.900390625,16.48699951171875
2017-05-04,20951.470703125,16.243999481201172
2017-05-05,21006.939453125,16.21500015258789
2017-05-08,21012.279296875,16.198999404907227
2017-05-09,20975.779296875,16.007999420166016
2017-05-10,20943.109375,16.150999069213867
2017-05-11,20919.419921875,16.208999633789062
2017-05-12,20896.609375,16.34600067138672
2017-05-15,20981.939453125,16.56100082397461
2017-05-16,20979.75,16.69300079345703
2017-05-17,20606.9296875,16.851999282836914
2017-05-18,20663.01953125,16.621000289916992
2017-05-19,20804.83984375,16.75
2017-05-22,20894.830078125,17.14299964904785
2017-05-23,20937.91015625,17.090999603271484
2017-05-24,21012.419921875,17.07699966430664
2017-05-25,21082.94921875,17.152000427246094
2017-05-26,21080.279296875,17.283000946044922
2017-05-30,21029.470703125,17.38800048828125
2017-05-31,21008.650390625,17.368000030517578
2017-06-01,21144.1796875,17.243000030517578
2017-06-02,21206.2890625,17.48699951171875
2017-06-05,21184.0390625,17.547000885009766
2017-06-06,21136.23046875,17.677000045776367
2017-06-07,21173.689453125,17.586999893188477
2017-06-08,21182.529296875,17.384000778198242
2017-06-09,21271.970703125,17.19300079345703
2017-06-12,21235.669921875,16.913999557495117
2017-06-13,21328.470703125,16.738000869750977
2017-06-14,21374.560546875,17.10700035095215
2017-06-15,21359.900390625,16.69099998474121
2017-06-16,21384.279296875,16.63599967956543
2017-06-19,21528.990234375,16.482999801635742
2017-06-20,21467.140625,16.398000717163086
2017-06-21,21410.029296875,16.354999542236328
2017-06-22,21397.2890625,16.489999771118164
2017-06-23,21394.759765625,16.628000259399414
2017-06-26,21409.55078125,16.559999465942383
2017-06-27,21310.66015625,16.576000213623047
2017-06-28,21454.609375,16.71500015258789
2017-06-29,21287.029296875,16.586000442504883
2017-06-30,21349.630859375,16.56800079345703
2017-07-03,21479.26953125,16.03700065612793
2017-07-05,21478.169921875,15.842000007629395
2017-07-06,21320.0390625,15.927000045776367
2017-07-07,21414.33984375,15.371000289916992
2017-07-10,21408.51953125,15.57699966430664
2017-07-11,21409.0703125,15.696999549865723
2017-07-12,21532.140625,15.83899974822998
2017-07-13,21553.08984375,15.642000198364258
2017-07-14,21637.740234375,15.883999824523926
2017-07-17,21629.720703125,16.049999237060547
2017-07-18,21574.73046875,16.222000122070312
2017-07-19,21640.75,16.250999450683594
2017-07-20,21611.779296875,16.298999786376953
2017-07-21,21580.0703125,16.40999984741211
2017-07-24,21513.169921875,16.398000717163086
2017-07-25,21613.4296875,16.496999740600586
2017-07-26,21711.009765625,16.415000915527344
2017-07-27,21796.55078125,16.52899932861328
2017-07-28,21830.310546875,16.663999557495117
2017-07-31,21891.119140625,16.75
2017-08-01,21963.919921875,16.72800064086914
2017-08-02,22016.240234375,16.69700050354004
2017-08-03,22026.099609375,16.5939998626709
2017-08-04,22092.810546875,16.222000122070312
2017-08-07,22118.419921875,16.22100067138672
2017-08-08,22085.33984375,16.360000610351562
2017-08-09,22048.69921875,16.833999633789062
2017-08-10,21844.009765625,17.035999298095703
2017-08-11,21858.3203125,17.041000366210938
2017-08-14,21993.7109375,17.093000411987305
2017-08-15,21998.990234375,16.690000534057617
2017-08-16,22024.869140625,16.91699981689453
2017-08-17,21750.73046875,17.030000686645508
2017-08-18,21674.509765625,16.979999542236328
2017-08-21,21703.75,16.9950008392334
2017-08-22,21899.890625,16.961999893188477
2017-08-23,21812.08984375,17.031999588012695
2017-08-24,21783.400390625,16.95199966430664
2017-08-25,21813.669921875,17.038000106811523
2017-08-28,21808.400390625,17.430999755859375
2017-08-29,21865.369140625,17.422000885009766
2017-08-30,21892.4296875,17.40399932861328
2017-08-31,21948.099609375,17.479999542236328
2017-09-01,21987.560546875,17.7189998626709
2017-09-05,21753.310546875,17.844999313354492
2017-09-06,21807.640625,17.81599998474121
2017-09-07,21784.779296875,18.016000747680664
2017-09-08,21797.7890625,18.027000427246094
2017-09-11,22057.369140625,17.80699920654297
2017-09-12,22118.859375,17.795000076293945
2017-09-13,22158.1796875,17.77199935913086
2017-09-14,22203.48046875,17.697999954223633
2017-09-15,22268.33984375,17.611000061035156
2017-09-18,22331.349609375,17.070999145507812
2017-09-19,22370.80078125,17.19499969482422
2017-09-20,22412.58984375,17.250999450683594
2017-09-21,22359.23046875,16.937000274658203
2017-09-22,22349.58984375,16.902999877929688
2017-09-25,22296.08984375,17.05900001525879
2017-09-26,22284.3203125,16.804000854492188
2017-09-27,22340.7109375,16.74799919128418
2017-09-28,22381.19921875,16.773000717163086
2017-09-29,22405.08984375,16.60700035095215
2017-10-02,22557.599609375,16.584999084472656
2017-10-03,22641.669921875,16.58099937438965
2017-10-04,22661.640625,16.562999725341797
2017-10-05,22775.390625,16.582000732421875
2017-10-06,22773.669921875,16.733999252319336
2017-10-09,22761.0703125,16.916000366210938
2017-10-10,22830.6796875,17.155000686645508
2017-10-11,22872.890625,17.08099937438965
2017-10-12,22841.009765625,17.211000442504883
2017-10-13,22871.720703125,17.354999542236328
2017-10-16,22956.9609375,17.315000534057617
2017-10-17,22997.439453125,16.98699951171875
2017-10-18,23157.599609375,16.94300079345703
2017-10-19,23163.0390625,17.201000213623047
2017-10-20,23328.630859375,17.02199935913086
2017-10-23,23273.9609375,17.02400016784668
2017-10-24,23441.759765625,16.906999588012695
2017-10-25,23329.4609375,16.868000030517578
2017-10-26,23400.859375,16.763999938964844
2017-10-27,23434.189453125,16.70199966430664
2017-10-30,23348.740234375,16.802000045776367
2017-10-31,23377.240234375,16.645000457763672
2017-11-01,23435.009765625,17.131999969482422
2017-11-02,23516.259765625,17.0939998626709
2017-11-03,23539.189453125,16.79400062561035
2017-11-06,23548.419921875,17.19499969482422
2017-11-07,23557.23046875,16.905000686645508
2017-11-08,23563.359375,17.106000900268555
2017-11-09,23461.939453125,16.94300079345703
2017-11-10,23422.2109375,16.8439998626709
2017-11-13,23439.69921875,17.023000717163086
2017-11-14,23409.470703125,17.052000045776367
2017-11-15,23271.279296875,16.950000762939453
2017-11-16,23458.359375,17.055999755859375
2017-11-17,23358.240234375,17.357999801635742
2017-11-20,23430.330078125,16.82699966430664
2017-11-21,23590.830078125,16.948999404907227
2017-11-22,23526.1796875,17.10099983215332
2017-11-24,23557.990234375,16.981000900268555
2017-11-27,23580.779296875,17.009000778198242
2017-11-28,23836.7109375,16.81100082397461
2017-11-29,23940.6796875,16.457000732421875
2017-11-30,24272.349609375,16.381999969482422
2017-12-01,24231.58984375,16.297000885009766
2017-12-04,24290.05078125,16.284000396728516
2017-12-05,24180.640625,15.972999572753906
2017-12-06,24140.91015625,15.868000030517578
2017-12-07,24211.48046875,15.71500015258789
2017-12-08,24329.16015625,15.736000061035156
2017-12-11,24386.029296875,15.696999549865723
2017-12-12,24504.80078125,15.581999778747559
2017-12-13,24585.4296875,15.784000396728516
2017-12-14,24508.66015625,15.850000381469727
2017-12-15,24651.740234375,15.977999687194824
2017-12-18,24792.19921875,16.1200008392334
2017-12-19,24754.75,16.06599998474121
2017-12-20,24726.650390625,16.187999725341797
2017-12-21,24782.2890625,16.152000427246094
2017-12-22,24754.060546875,16.35700035095215
2017-12-26,24746.2109375,16.520000457763672
2017-12-27,24774.30078125,16.618999481201172
2017-12-28,24837.509765625,16.832000732421875
2017-12-29,24719.220703125,17.059999465942383
2018-01-02,24824.009765625,17.121000289916992
2018-01-03,24922.6796875,17.184999465942383
2018-01-04,25075.130859375,17.18899917602539
2018-01-05,25295.869140625,17.204999923706055
2018-01-08,25283.0,17.06399917602539
2018-01-09,25385.80078125,16.93600082397461
2018-01-10,25369.130859375,16.96299934387207
2018-01-11,25574.73046875,16.893999099731445
2018-01-12,25803.189453125,17.069000244140625
2018-01-16,25792.859375,17.121999740600586
2018-01-17,26115.650390625,17.104999542236328
2018-01-18,26017.810546875,16.89299964904785
2018-01-19,26071.720703125,16.975000381469727
2018-01-22,26214.599609375,16.930999755859375
2018-01-23,26210.810546875,16.854999542236328
2018-01-24,26252.119140625,17.424999237060547
2018-01-25,26392.7890625,17.551000595092773
2018-01-26,26616.7109375,17.381999969482422
2018-01-29,26439.48046875,
2018-01-30,26076.890625,17.01300048828125
2018-01-31,26149.390625,17.20400047302246
2018-02-01,26186.7109375,17.118000030517578
2018-02-02,25520.9609375,16.676000595092773
2018-02-05,24345.75,16.638999938964844
2018-02-06,24912.76953125,16.54800033569336
2018-02-07,24893.349609375,16.20599937438965
2018-02-08,23860.4609375,16.31399917602539
2018-02-09,24190.900390625,16.115999221801758
2018-02-12,24601.26953125,16.54800033569336
2018-02-13,24640.44921875,16.506999969482422
2018-02-14,24893.490234375,16.857999801635742
2018-02-15,25200.369140625,16.777000427246094
2018-02-16,25219.380859375,16.69499969482422
2018-02-20,24964.75,16.424999237060547
2018-02-21,24797.779296875,16.604000091552734
2018-02-22,24962.48046875,16.57900047302246
2018-02-23,25309.990234375,16.47599983215332
2018-02-26,25709.26953125,16.54199981689453
2018-02-27,25410.029296875,16.34600067138672
2018-02-28,25029.19921875,16.323999404907227
2018-03-01,24608.98046875,16.200000762939453
2018-03-02,24538.060546875,16.392000198364258
2018-03-05,24874.759765625,16.33799934387207
2018-03-06,24884.119140625,16.71500015258789
2018-03-07,24801.359375,16.42799949645996
2018-03-08,24895.2109375,16.43600082397461
2018-03-09,25335.740234375,16.54599952697754
2018-03-12,25178.609375,16.47100067138672
2018-03-13,25007.029296875,16.55900001525879
2018-03-14,24758.119140625,16.466999053955078
2018-03-15,24873.66015625,16.35300064086914
2018-03-16,24946.509765625,16.20199966430664
2018-03-19,24610.91015625,16.2549991607666
2018-03-20,24727.26953125,16.125
2018-03-21,24682.310546875,16.35700035095215
2018-03-22,23957.890625,16.327999114990234
2018-03-23,23533.19921875,16.530000686645508
2018-03-26,24202.599609375,16.631999969482422
2018-03-27,23857.7109375,16.48900032043457
2018-03-28,23848.419921875,16.204999923706055
2018-03-29,24103.109375,16.222999572753906
2018-04-02,23644.189453125,16.62700080871582
2018-04-03,24033.359375,16.347000122070312
2018-04-04,24264.30078125,16.208999633789062
2018-04-05,24505.220703125,16.31999969482422
2018-04-06,23932.759765625,16.332000732421875
2018-04-09,23979.099609375,16.499000549316406
2018-04-10,24408.0,16.56599998474121
2018-04-11,24189.44921875,16.738000869750977
2018-04-12,24483.05078125,16.44300079345703
2018-04-13,24360.140625,16.628000259399414
2018-04-16,24573.0390625,16.66200065612793
2018-04-17,24786.630859375,16.77199935913086
2018-04-18,24748.0703125,17.231000900268555
2018-04-19,24664.890625,17.222000122070312
2018-04-20,24462.939453125,17.14699935913086
2018-04-23,24448.689453125,16.570999145507812
2018-04-24,24024.130859375,16.687000274658203
2018-04-25,24083.830078125,16.486000061035156
2018-04-26,24322.33984375,16.488000869750977
2018-04-27,24311.189453125,16.4060001373291
2018-04-30,24163.150390625,16.312000274658203
2018-05-01,24099.05078125,16.038999557495117
2018-05-02,23924.98046875,16.291000366210938
2018-05-03,23930.150390625,16.36199951171875
2018-05-04,24262.509765625,16.43400001525879
2018-05-07,24357.3203125,16.413000106811523
2018-05-08,24360.2109375,16.38800048828125
2018-05-09,24542.5390625,16.45800018310547
2018-05-10,24739.529296875,16.68000030517578
2018-05-11,24831.169921875,16.676000595092773
2018-05-14,24899.41015625,16.56999969482422
2018-05-15,24706.41015625,16.194000244140625
2018-05-16,24768.9296875,16.297000885009766
2018-05-17,24713.98046875,16.413000106811523
2018-05-18,24715.08984375,16.386999130249023
2018-05-21,25013.2890625,16.45199966430664
2018-05-22,24834.41015625,16.507999420166016
2018-05-23,24886.810546875,16.33799934387207
2018-05-24,24811.759765625,16.621000289916992
2018-05-25,24753.08984375,16.481000900268555
2018-05-29,24361.44921875,16.30500030517578
2018-05-30,24667.779296875,16.479000091552734
2018-05-31,24415.83984375,16.402000427246094
2018-06-01,24635.2109375,16.38800048828125
2018-06-04,24813.689453125,16.378999710083008
2018-06-05,24799.98046875,16.490999221801758
2018-06-06,25146.390625,16.642000198364258
2018-06-07,25241.41015625,16.766000747680664
2018-06-08,25316.529296875,16.694000244140625
2018-06-11,25322.310546875,16.905000686645508
2018-06-12,25320.73046875,16.849000930786133
2018-06-13,25201.19921875,16.952999114990234
2018-06-14,25175.310546875,17.22599983215332
2018-06-15,25090.48046875,16.45199966430664
2018-06-18,24987.470703125,16.41200065612793
2018-06-19,24700.2109375,16.30299949645996
2018-06-20,24657.80078125,16.288999557495117
2018-06-21,24461.69921875,16.305999755859375
2018-06-22,24580.890625,16.43899917602539
2018-06-25,24252.80078125,16.308000564575195
2018-06-26,24283.109375,16.238000869750977
2018-06-27,24117.58984375,16.138999938964844
2018-06-28,24216.05078125,15.951000213623047
2018-06-29,24271.41015625,16.104000091552734
2018-07-02,24307.1796875,15.744000434875488
2018-07-03,24174.8203125,15.95199966430664
2018-07-05,24356.740234375,16.007999420166016
2018-07-06,24456.48046875,15.980999946594238
2018-07-09,24776.58984375,16.05299949645996
2018-07-10,24919.66015625,16.003000259399414
2018-07-11,24700.44921875,15.732000350952148
2018-07-12,24924.890625,15.89799976348877
2018-07-13,25019.41015625,15.73900032043457
2018-07-16,25064.359375,15.734999656677246
2018-07-17,25119.890625,15.545999526977539
2018-07-18,25199.2890625,15.503000259399414
2018-07-19,25064.5,15.34000015258789
2018-07-20,25058.119140625,15.489999771118164
2018-07-23,25044.2890625,15.368000030517578
2018-07-24,25241.939453125,15.463000297546387
2018-07-25,25414.099609375,15.532999992370605
2018-07-26,25527.0703125,15.437999725341797
2018-07-27,25451.060546875,15.435999870300293
2018-07-30,25306.830078125,15.475000381469727
2018-07-31,25415.189453125,15.5
2018-08-01,25333.8203125,15.394000053405762
2018-08-02,25326.16015625,15.329000473022461
2018-08-03,25462.580078125,15.406000137329102
2018-08-06,25502.1796875,15.291999816894531
2018-08-07,25628.91015625,15.317000389099121
2018-08-08,25583.75,15.37600040435791
2018-08-09,25509.23046875,15.418999671936035
2018-08-10,25313.140625,15.265999794006348
2018-08-13,25187.69921875,14.95300006866455
2018-08-14,25299.919921875,15.024999618530273
2018-08-15,25162.41015625,14.420999526977539
2018-08-16,25558.73046875,14.696999549865723
2018-08-17,25669.3203125,14.616000175476074
2018-08-20,25758.689453125,14.654999732971191
2018-08-21,25822.2890625,14.75100040435791
2018-08-22,25733.599609375,14.734999656677246
2018-08-23,25656.98046875,14.527000427246094
2018-08-24,25790.349609375,14.779000282287598
2018-08-27,26049.640625,14.843999862670898
2018-08-28,26064.01953125,14.767000198364258
2018-08-29,26124.5703125,14.687999725341797
2018-08-30,25986.919921875,14.47700023651123
2018-08-31,25964.8203125,14.437999725341797
2018-09-04,25952.48046875,14.060999870300293
2018-09-05,25974.990234375,14.118000030517578
2018-09-06,25995.869140625,14.074999809265137
2018-09-07,25916.5390625,14.067000389099121
2018-09-10,25857.0703125,14.079000473022461
2018-09-11,25971.060546875,14.052000045776367
2018-09-12,25998.919921875,14.192000389099121
2018-09-13,26145.990234375,14.142999649047852
2018-09-14,26154.669921875,14.041999816894531
2018-09-17,26062.119140625,14.121999740600586
2018-09-18,26246.9609375,14.083999633789062
2018-09-19,26405.759765625,14.189000129699707
2018-09-20,26656.98046875,14.21500015258789
2018-09-21,26743.5,14.269000053405762
2018-09-24,26562.05078125,14.25100040435791
2018-09-25,26492.2109375,14.39799976348877
2018-09-26,26385.279296875,14.305000305175781
2018-09-27,26439.9296875,14.201000213623047
2018-09-28,26458.310546875,14.623000144958496
2018-10-01,26651.2109375,14.42199993133545
2018-10-02,26773.939453125,14.609999656677246
2018-10-03,26828.390625,14.59000015258789
2018-10-04,26627.48046875,14.510000228881836
2018-10-05,26447.05078125,14.569000244140625
2018-10-08,26486.779296875,14.258999824523926
2018-10-09,26430.5703125,14.329000473022461
2018-10-10,25598.740234375,14.255000114440918
2018-10-11,25052.830078125,14.53499984741211
2018-10-12,25339.990234375,14.564000129699707
2018-10-15,25250.55078125,14.656000137329102
2018-10-16,25798.419921875,14.630000114440918
2018-10-17,25706.6796875,14.592000007629395
2018-10-18,25379.44921875,14.532999992370605
2018-10-19,25444.33984375,14.579000473022461
2018-10-22,25317.41015625,14.522000312805176
2018-10-23,25191.4296875,14.727999687194824
2018-10-24,24583.419921875,14.611000061035156
2018-10-25,24984.55078125,14.5649995803833
2018-10-26,24688.310546875,14.635000228881836
2018-10-29,24442.919921875,14.376999855041504
2018-10-30,24874.640625,14.402999877929688
2018-10-31,25115.759765625,14.229000091552734
2018-11-01,25380.740234375,14.729000091552734
2018-11-02,25270.830078125,14.706999778747559
2018-11-05,25461.69921875,14.604000091552734
2018-11-06,25635.009765625,14.458000183105469
2018-11-07,26180.30078125,14.527999877929688
2018-11-08,26191.220703125,14.38599967956543
2018-11-09,25989.30078125,14.102999687194824
2018-11-12,25387.1796875,13.973999977111816
2018-11-13,25286.490234375,13.95199966430664
2018-11-14,25080.5,14.055000305175781
2018-11-15,25289.26953125,14.237000465393066
2018-11-16,25413.220703125,14.357999801635742
2018-11-19,25017.439453125,14.380999565124512
2018-11-20,24465.640625,14.246999740600586
2018-11-21,24464.689453125,14.479999542236328
2018-11-23,24285.94921875,14.220999717712402
2018-11-26,24640.240234375,14.182999610900879
2018-11-27,24748.73046875,14.062000274658203
2018-11-28,25366.4296875,14.303000450134277
2018-11-29,25338.83984375,14.27299976348877
2018-11-30,25538.4609375,14.093999862670898
2018-12-03,25826.4296875,14.380999565124512
2018-12-04,25027.0703125,14.520999908447266
2018-12-06,24947.669921875,14.390000343322754
2018-12-07,24388.94921875,14.571999549865723
2018-12-10,24423.259765625,14.477999687194824
2018-12-11,24370.240234375,14.49899959564209
2018-12-12,24527.26953125,14.725000381469727
2018-12-13,24597.380859375,14.729000091552734
2018-12-14,24100.509765625,14.512999534606934
2018-12-17,23592.98046875,14.638999938964844
2018-12-18,23675.640625,14.585000038146973
2018-12-19,23323.66015625,14.70199966430664
2018-12-20,22859.599609375,14.753000259399414
2018-12-21,22445.369140625,14.583000183105469
2018-12-24,21792.19921875,14.701000213623047
2018-12-26,22878.44921875,15.003999710083008
2018-12-27,23138.8203125,15.190999984741211
2018-12-28,23062.400390625,15.326000213623047
2018-12-31,23327.4609375,15.432999610900879
2019-01-02,23346.240234375,15.541999816894531
2019-01-03,22686.220703125,15.706000328063965
2019-01-04,23433.16015625,15.694999694824219
2019-01-07,23531.349609375,15.668999671936035
2019-01-08,23787.44921875,15.62600040435791
2019-01-09,23879.119140625,15.652999877929688
2019-01-10,24001.919921875,15.560999870300293
2019-01-11,23995.94921875,15.57699966430664
2019-01-14,23909.83984375,15.609000205993652
2019-01-15,24065.58984375,15.545999526977539
2019-01-16,24207.16015625,15.564000129699707
2019-01-17,24370.099609375,15.467000007629395
2019-01-18,24706.349609375,15.329999923706055
2019-01-22,24404.48046875,15.258999824523926
2019-01-23,24575.619140625,15.317000389099121
2019-01-24,24553.240234375,15.23799991607666
2019-01-25,24737.19921875,15.638999938964844
2019-01-28,24528.220703125,15.708999633789062
2019-01-29,24579.9609375,15.78600025177002
2019-01-30,25014.859375,15.880000114440918
2019-01-31,24999.669921875,16.02199935913086
2019-02-01,25063.890625,15.880000114440918
2019-02-04,25239.369140625,15.836999893188477
2019-02-05,25411.51953125,15.789999961853027
2019-02-06,25390.30078125,15.656000137329102
2019-02-07,25169.529296875,15.675000190734863
2019-02-08,25106.330078125,15.77299976348877
2019-02-11,25053.109375,15.656999588012695
2019-02-12,25425.759765625,15.65999984741211
2019-02-13,25543.26953125,15.62399959564209
2019-02-14,25439.390625,15.5
2019-02-15,25883.25,15.722999572753906
2019-02-19,25891.3203125,15.946999549865723
2019-02-20,25954.439453125,16.156999588012695
2019-02-21,25850.630859375,15.791000366210938
2019-02-22,26031.810546875,15.907999992370605
2019-02-25,26091.94921875,15.824999809265137
2019-02-26,26057.98046875,15.82699966430664
2019-02-27,25985.16015625,15.67199993133545
2019-02-28,25916.0,15.538000106811523
2019-03-01,26026.3203125,15.168999671936035
2019-03-04,25819.650390625,15.017000198364258
2019-03-05,25806.630859375,15.020000457763672
2019-03-06,25673.4609375,15.003000259399414
2019-03-07,25473.23046875,14.960000038146973
2019-03-08,25450.240234375,15.272000312805176
2019-03-11,25650.880859375,15.196999549865723
2019-03-12,25554.66015625,15.338000297546387
2019-03-13,25702.890625,15.380999565124512
2019-03-14,25709.939453125,15.10099983215332
2019-03-15,25848.869140625,15.253000259399414
2019-03-18,25914.099609375,15.25100040435791
2019-03-19,25887.380859375,15.300999641418457
2019-03-20,25745.669921875,15.244999885559082
2019-03-21,25962.509765625,15.371999740600586
2019-03-22,25502.3203125,15.345000267028809
2019-03-25,25516.830078125,15.506999969482422
2019-03-26,25657.73046875,15.371000289916992
2019-03-27,25625.58984375,15.23900032043457
2019-03-28,25717.4609375,14.920999526977539
2019-03-29,25928.6796875,15.0600004196167
2019-04-01,26258.419921875,15.050999641418457
2019-04-02,26179.130859375,15.017999649047852
2019-04-03,26218.130859375,15.059000015258789
2019-04-04,26384.630859375,15.041000366210938
2019-04-05,26424.990234375,15.043000221252441
2019-04-08,26341.01953125,15.17300033569336
2019-04-09,26150.580078125,15.168000221252441
2019-04-10,26157.16015625,15.201000213623047
2019-04-11,26143.05078125,14.824000358581543
2019-04-12,26412.30078125,14.920000076293945
2019-04-15,26384.76953125,14.947999954223633
2019-04-16,26452.66015625,14.890999794006348
2019-04-17,26449.5390625,14.920999526977539
2019-04-18,26559.5390625,14.937000274658203
2019-04-22,26511.05078125,14.956999778747559
2019-04-23,26656.390625,14.77299976348877
2019-04-24,26597.05078125,14.89799976348877
2019-04-25,26462.080078125,14.861000061035156
2019-04-26,26543.330078125,15.001999855041504
2019-04-29,26554.390625,14.843999862670898
2019-04-30,26592.91015625,14.899999618530273
2019-05-01,26430.140625,14.645000457763672
2019-05-02,26307.7890625,14.539999961853027
2019-05-03,26504.94921875,14.906999588012695
2019-05-06,26438.48046875,14.857000350952148
2019-05-07,25965.08984375,14.859999656677246
2019-05-08,25967.330078125,14.791999816894531
2019-05-09,25828.359375,14.706999778747559
2019-05-10,25942.369140625,14.72599983215332
2019-05-13,25324.990234375,14.713000297546387
2019-05-14,25532.05078125,14.751999855041504
2019-05-15,25648.01953125,14.751999855041504
2019-05-16,25862.6796875,14.479000091552734
2019-05-17,25764.0,14.347999572753906
2019-05-20,25679.900390625,14.409000396728516
2019-05-21,25877.330078125,14.373000144958496
2019-05-22,25776.609375,14.413999557495117
2019-05-23,25490.470703125,14.57699966430664
2019-05-24,25585.689453125,14.520000457763672
2019-05-28,25347.76953125,14.281000137329102
2019-05-29,25126.41015625,14.371999740600586
2019-05-30,25169.880859375,14.460000038146973
2019-05-31,24815.0390625,14.529999732971191
2019-06-03,24819.779296875,14.70300006866455
2019-06-04,25332.1796875,14.732000350952148
2019-06-05,25539.5703125,14.753999710083008
2019-06-06,25720.66015625,14.868000030517578
2019-06-07,25983.939453125,14.994000434875488
2019-06-10,26062.6796875,14.604999542236328
2019-06-11,26048.509765625,14.706000328063965
2019-06-12,26004.830078125,14.722000122070312
2019-06-13,26106.76953125,14.871000289916992
2019-06-14,26089.609375,14.781999588012695
2019-06-17,26112.529296875,14.814000129699707
2019-06-18,26465.5390625,14.979999542236328
2019-06-19,26504.0,14.944999694824219
2019-06-20,26753.169921875,15.468999862670898
2019-06-21,26719.130859375,15.27299976348877
2019-06-24,26727.5390625,15.368000030517578
2019-06-25,26548.220703125,15.291000366210938
2019-06-26,26536.8203125,15.282999992370605
2019-06-27,26526.580078125,15.204999923706055
2019-06-28,26599.9609375,15.253000259399414
2019-07-01,26717.4296875,15.105999946594238
2019-07-02,26786.6796875,15.154000282287598
2019-07-03,26966.0,15.251999855041504
2019-07-05,26922.119140625,14.918000221252441
2019-07-08,26806.140625,14.972000122070312
2019-07-09,26783.490234375,15.067999839782715
2019-07-10,26860.19921875,15.147000312805176
2019-07-11,27088.080078125,15.067000389099121
2019-07-12,27332.029296875,15.16100025177002
2019-07-15,27359.16015625,15.289999961853027
2019-07-16,27335.630859375,15.600000381469727
2019-07-17,27219.849609375,15.892999649047852
2019-07-18,27222.970703125,16.1200008392334
2019-07-19,27154.19921875,16.117000579833984
2019-07-22,27171.900390625,16.34000015258789
2019-07-23,27349.189453125,16.405000686645508
2019-07-24,27269.970703125,16.554000854492188
2019-07-25,27140.98046875,16.339000701904297
2019-07-26,27192.44921875,16.325000762939453
2019-07-29,27221.349609375,16.368000030517578
2019-07-30,27198.01953125,16.4950008392334
2019-07-31,26864.26953125,16.34600067138672
2019-08-01,26583.419921875,16.121000289916992
2019-08-02,26485.009765625,16.222000122070312
2019-08-05,25717.740234375,16.344999313354492
2019-08-06,26029.51953125,16.405000686645508
2019-08-07,26007.0703125,17.1560001373291
2019-08-08,26378.189453125,16.900999069213867
2019-08-09,26287.439453125,16.89699935913086
2019-08-12,25896.439453125,17.038999557495117
2019-08-13,26279.91015625,16.95599937438965
2019-08-14,25479.419921875,17.253000259399414
2019-08-15,25579.390625,17.187999725341797
2019-08-16,25886.009765625,17.09600067138672
2019-08-19,26135.7890625,16.913999557495117
2019-08-20,25962.439453125,17.121999740600586
2019-08-21,26202.73046875,17.125
2019-08-22,26252.240234375,17.013999938964844
2019-08-23,25628.900390625,17.395000457763672
2019-08-26,25898.830078125,17.624000549316406
2019-08-27,25777.900390625,18.138999938964844
2019-08-28,26036.099609375,18.304000854492188
2019-08-29,26362.25,18.16699981689453
2019-08-30,26403.279296875,18.184999465942383
2019-09-03,26118.01953125,19.07900047302246
2019-09-04,26355.470703125,19.391000747680664
2019-09-05,26728.150390625,18.6560001373291
2019-09-06,26797.4609375,17.968000411987305
2019-09-09,26835.509765625,18.018999099731445
2019-09-10,26909.4296875,18.041000366210938
2019-09-11,27137.0390625,18.0310001373291
2019-09-12,27182.44921875,18.041000366210938
2019-09-13,27219.51953125,17.43600082397461
2019-09-16,27076.8203125,17.900999069213867
2019-09-17,27110.80078125,18.016000747680664
2019-09-18,27147.080078125,17.795000076293945
2019-09-19,27094.7890625,17.773000717163086
2019-09-20,26935.0703125,17.738000869750977
2019-09-23,26949.990234375,18.600000381469727
2019-09-24,26807.76953125,18.517000198364258
2019-09-25,26970.7109375,17.961999893188477
2019-09-26,26891.119140625,17.801000595092773
2019-09-27,26820.25,17.552000045776367
2019-09-30,26916.830078125,16.898000717163086
2019-10-01,26573.0390625,17.20199966430664
2019-10-02,26078.619140625,17.591999053955078
2019-10-03,26201.0390625,17.584999084472656
2019-10-04,26573.720703125,17.540000915527344
2019-10-07,26478.01953125,17.457000732421875
2019-10-08,26164.0390625,17.617000579833984
2019-10-09,26346.009765625,17.72800064086914
2019-10-10,26496.669921875,17.520000457763672
2019-10-11,26816.58984375,17.461999893188477
2019-10-14,26787.359375,17.634000778198242
2019-10-15,27024.80078125,17.308000564575195
2019-10-16,27001.98046875,17.35099983215332
2019-10-17,27025.880859375,17.535999298095703
2019-10-18,26770.19921875,17.50200080871582
2019-10-21,26827.640625,17.525999069213867
2019-10-22,26788.099609375,17.437000274658203
2019-10-23,26833.94921875,17.517000198364258
2019-10-24,26805.529296875,17.73900032043457
2019-10-25,26958.060546875,17.861000061035156
2019-10-28,27090.720703125,17.81599998474121
2019-10-29,27071.4609375,17.770999908447266
2019-10-30,27186.689453125,17.815000534057617
2019-10-31,27046.23046875,18.013999938964844
2019-11-01,27347.359375,18.003999710083008
2019-11-04,27462.109375,18.013999938964844
2019-11-05,27492.630859375,17.516000747680664
2019-11-06,27492.560546875,17.558000564575195
2019-11-07,27674.80078125,16.969999313354492
2019-11-08,27681.240234375,16.783000946044922
2019-11-11,27691.490234375,16.761999130249023
2019-11-12,27691.490234375,16.677000045776367
2019-11-13,27783.58984375,16.898000717163086
2019-11-14,27781.9609375,17.01300048828125
2019-11-15,28004.890625,16.933000564575195
2019-11-18,28036.220703125,16.985000610351562
2019-11-19,27934.01953125,17.10300064086914
2019-11-20,27821.08984375,17.100000381469727
2019-11-21,27766.2890625,17.049999237060547
2019-11-22,27875.619140625,16.985000610351562
2019-11-25,28066.470703125,16.871000289916992
2019-11-26,28121.6796875,17.030000686645508
2019-11-27,28164.0,16.91200065612793
2019-11-29,28051.41015625,16.9689998626709
2019-12-02,27783.0390625,16.836000442504883
2019-12-03,27502.810546875,17.125
2019-12-04,27649.779296875,16.797000885009766
2019-12-05,27677.7890625,16.941999435424805
2019-12-06,28015.060546875,16.481000900268555
2019-12-09,27909.599609375,16.531999588012695
2019-12-10,27881.720703125,16.59600067138672
2019-12-11,27911.30078125,16.743999481201172
2019-12-12,28132.05078125,16.844999313354492
2019-12-13,28135.380859375,16.91200065612793
2019-12-16,28235.890625,17.018999099731445
2019-12-17,28267.16015625,16.97800064086914
2019-12-18,28239.279296875,16.952999114990234
2019-12-19,28376.9609375,17.058000564575195
2019-12-20,28455.08984375,17.128000259399414
2019-12-23,28551.529296875,17.402999877929688
2019-12-24,28515.44921875,17.756999969482422
2019-12-26,28621.390625,17.893999099731445
2019-12-27,28645.259765625,17.849000930786133
2019-12-30,28462.140625,17.908000946044922
2019-12-31,28538.439453125,17.827999114990234
2020-01-02,28868.80078125,17.965999603271484
2020-01-03,28634.880859375,18.06800079345703
2020-01-06,28703.380859375,18.097000122070312
2020-01-07,28583.6796875,18.31599998474121
2020-01-08,28745.08984375,18.08799934387207
2020-01-09,28956.900390625,17.860000610351562
2020-01-10,28823.76953125,18.033000946044922
2020-01-13,28907.05078125,17.926000595092773
2020-01-14,28939.669921875,17.673999786376953
2020-01-15,29030.220703125,17.92300033569336
2020-01-16,29297.640625,17.875
2020-01-17,29348.099609375,18.01300048828125
2020-01-21,29196.0390625,17.750999450683594
2020-01-22,29186.26953125,17.770999908447266
2020-01-23,29160.08984375,17.773000717163086
2020-01-24,28989.73046875,18.05699920654297
2020-01-27,28535.80078125,18.0
2020-01-28,28722.849609375,17.402000427246094
2020-01-29,28734.44921875,17.430999755859375
2020-01-30,28859.439453125,17.95199966430664
2020-01-31,28256.029296875,17.972000122070312
2020-02-03,28399.810546875,17.639999389648438
2020-02-04,28807.630859375,17.527999877929688
2020-02-05,29290.849609375,17.569000244140625
2020-02-06,29379.76953125,17.788999557495117
2020-02-07,29102.509765625,17.665000915527344
2020-02-10,29276.8203125,17.757999420166016
2020-02-11,29276.33984375,17.572999954223633
2020-02-12,29551.419921875,17.47800064086914
2020-02-13,29423.310546875,17.600000381469727
2020-02-14,29398.080078125,17.71500015258789
2020-02-18,29232.189453125,18.131000518798828
2020-02-19,29348.029296875,18.29199981689453
2020-02-20,29219.98046875,18.30900001525879
2020-02-21,28992.41015625,18.520999908447266
2020-02-24,27960.80078125,18.868000030517578
2020-02-25,27081.359375,18.183000564575195
2020-02-26,26957.58984375,17.826000213623047
2020-02-27,25766.640625,17.658000946044922
2020-02-28,25409.359375,16.386999130249023
2020-03-02,26703.3203125,16.679000854492188
2020-03-03,25917.41015625,17.128999710083008
2020-03-04,27090.859375,17.187000274658203
2020-03-05,26121.279296875,17.341999053955078
2020-03-06,25864.779296875,17.214000701904297
2020-03-09,23851.01953125,17.000999450683594
2020-03-10,25018.16015625,16.9060001373291
2020-03-11,23553.220703125,16.729000091552734
2020-03-12,21200.619140625,15.961000442504883
2020-03-13,23185.619140625,14.456000328063965
2020-03-16,20188.51953125,12.772000312805176
2020-03-17,21237.380859375,12.468999862670898
2020-03-18,19898.919921875,11.734999656677246
2020-03-19,20087.189453125,12.097000122070312
2020-03-20,19173.98046875,12.348999977111816
2020-03-23,18591.9296875,13.225000381469727
2020-03-24,20704.91015625,14.229000091552734
2020-03-25,21200.55078125,14.836999893188477
2020-03-26,22552.169921875,14.640000343322754
2020-03-27,21636.779296875,14.498000144958496
2020-03-30,22327.48046875,14.074000358581543
2020-03-31,21917.16015625,14.097999572753906
2020-04-01,20943.509765625,13.925999641418457
2020-04-02,21413.439453125,14.595999717712402
2020-04-03,21052.529296875,14.435999870300293
2020-04-06,22679.990234375,15.111000061035156
2020-04-07,22653.859375,15.42199993133545
2020-04-08,23433.5703125,15.147000312805176
2020-04-09,23719.369140625,15.994999885559082
2020-04-13,23390.76953125,15.479000091552734
2020-04-14,23949.759765625,16.07200050354004
2020-04-15,23504.349609375,15.446999549865723
2020-04-16,23537.6796875,15.564000129699707
2020-04-17,24242.490234375,15.237000465393066
2020-04-20,23650.439453125,15.555999755859375
2020-04-21,23018.880859375,14.817999839782715
2020-04-22,23475.8203125,15.277000427246094
2020-04-23,23515.259765625,15.347999572753906
2020-04-24,23775.26953125,15.253999710083008
2020-04-27,24133.779296875,15.201000213623047
2020-04-28,24101.55078125,15.161999702453613
2020-04-29,24633.859375,15.15999984741211
2020-04-30,24345.720703125,14.89799976348877
2020-05-01,23723.689453125,14.86299991607666
2020-05-04,23749.759765625,14.722000122070312
2020-05-05,23883.08984375,15.057000160217285
2020-05-06,23664.640625,14.987000465393066
2020-05-07,23875.890625,15.562000274658203
2020-05-08,24331.3203125,15.739999771118164
2020-05-11,24221.990234375,15.63599967956543
2020-05-12,23764.779296875,15.687000274658203
2020-05-13,23247.970703125,15.663000106811523
2020-05-14,23625.33984375,16.13599967956543
2020-05-15,23685.419921875,17.04599952697754
2020-05-18,24597.369140625,17.464000701904297
2020-05-19,24206.859375,17.892000198364258
2020-05-20,24575.900390625,18.00200080871582
2020-05-21,24474.119140625,17.334999084472656
2020-05-22,24465.16015625,17.663999557495117
2020-05-26,24995.109375,17.565000534057617
2020-05-27,25548.26953125,17.68600082397461
2020-05-28,25400.640625,17.895000457763672
2020-05-29,25383.109375,18.440000534057617
2020-06-01,25475.01953125,18.76799964904785
2020-06-02,25742.650390625,18.207000732421875
2020-06-03,26269.890625,17.92099952697754
2020-06-04,26281.8203125,18.02400016784668
2020-06-05,27110.98046875,17.44300079345703
2020-06-08,27572.439453125,17.868000030517578
2020-06-09,27272.30078125,17.77400016784668
2020-06-10,26989.990234375,17.775999069213867
2020-06-11,25128.169921875,17.868999481201172
2020-06-12,25605.5390625,17.461999893188477
2020-06-15,25763.16015625,17.378999710083008
2020-06-16,26289.98046875,17.631999969482422
2020-06-17,26119.609375,17.756999969482422
2020-06-18,26080.099609375,17.493000030517578
2020-06-19,25871.4609375,17.832000732421875
2020-06-22,26024.9609375,17.886999130249023
2020-06-23,26156.099609375,18.051000595092773
2020-06-24,25445.939453125,17.658000946044922
2020-06-25,25745.599609375,17.882999420166016
2020-06-26,25015.55078125,18.023000717163086
2020-06-29,25595.80078125,17.979999542236328
2020-06-30,25812.880859375,18.541000366210938
2020-07-01,25734.970703125,18.132999420166016
2020-07-02,25827.359375,18.243999481201172
2020-07-06,26287.029296875,18.503999710083008
2020-07-07,25890.1796875,18.628000259399414
2020-07-08,26067.279296875,19.08099937438965
2020-07-09,25706.08984375,18.881999969482422
2020-07-10,26075.30078125,18.982999801635742
2020-07-13,26085.80078125,19.708999633789062
2020-07-14,26642.58984375,19.451000213623047
2020-07-15,26870.099609375,19.684999465942383
2020-07-16,26734.7109375,19.496999740600586
2020-07-17,26671.94921875,19.684999465942383
2020-07-20,26680.869140625,20.124000549316406
2020-07-21,26840.400390625,21.496999740600586
2020-07-22,27005.83984375,23.08300018310547
2020-07-23,26652.330078125,22.94499969482422
2020-07-24,26469.890625,22.808000564575195
2020-07-27,26584.76953125,24.47599983215332
2020-07-28,26379.279296875,24.266000747680664
2020-07-29,26539.5703125,24.292999267578125
2020-07-30,26313.650390625,23.34000015258789
2020-07-31,26428.3203125,24.18899917602539
2020-08-03,26664.400390625,24.389999389648438
2020-08-04,26828.470703125,26.011999130249023
2020-08-05,27201.51953125,26.87700080871582
2020-08-06,27386.98046875,28.386999130249023
2020-08-07,27433.48046875,27.533000946044922
2020-08-10,27791.439453125,29.249000549316406
2020-08-11,27686.91015625,26.03700065612793
2020-08-12,27976.83984375,25.954999923706055
2020-08-13,27896.720703125,27.694000244140625
2020-08-14,27931.01953125,26.065000534057617
2020-08-17,27844.91015625,27.64299964904785
2020-08-18,27778.0703125,28.048999786376953
2020-08-19,27692.880859375,27.315000534057617
2020-08-20,27739.73046875,27.121999740600586
2020-08-21,27930.330078125,26.707000732421875
2020-08-24,28308.4609375,26.58799934387207
2020-08-25,28248.439453125,26.253999710083008
2020-08-26,28331.919921875,27.43000030517578
2020-08-27,28492.26953125,27.010000228881836
2020-08-28,28653.869140625,27.610000610351562
2020-08-31,28430.05078125,28.437000274658203
2020-09-01,28645.66015625,28.486000061035156
2020-09-02,29100.5,27.249000549316406
2020-09-03,28292.73046875,26.735000610351562
2020-09-04,28133.310546875,26.576000213623047
2020-09-08,27500.890625,26.86400032043457
2020-09-09,27940.470703125,26.954999923706055
2020-09-10,27534.580078125,27.163000106811523
2020-09-11,27665.640625,26.73900032043457
2020-09-14,27993.330078125,27.229000091552734
2020-09-15,27995.599609375,27.34600067138672
2020-09-16,28032.380859375,27.354999542236328
2020-09-17,27901.98046875,26.985000610351562
2020-09-18,27657.419921875,27.027999877929688
2020-09-21,27147.69921875,24.298999786376953
2020-09-22,27288.1796875,24.441999435424805
2020-09-23,26763.130859375,23.013999938964844
2020-09-24,26815.439453125,23.118000030517578
2020-09-25,27173.9609375,23.017000198364258
2020-09-28,27584.060546875,23.527999877929688
2020-09-29,27452.66015625,24.3799991607666
2020-09-30,27781.69921875,23.433000564575195
2020-10-01,27816.900390625,24.19300079345703
2020-10-02,27682.810546875,23.97100067138672
2020-10-05,28148.640625,24.50200080871582
2020-10-06,27772.759765625,23.8700008392334
2020-10-07,28303.4609375,23.847999572753906
2020-10-08,28425.509765625,23.836999893188477
2020-10-09,28586.900390625,25.069000244140625
2020-10-12,28837.51953125,25.22599983215332
2020-10-13,28679.810546875,24.086000442504883
2020-10-14,28514.0,24.36400032043457
2020-10-15,28494.19921875,24.19300079345703
2020-10-16,28606.310546875,24.368999481201172
2020-10-19,28195.419921875,24.656999588012695
2020-10-20,28308.7890625,24.937000274658203
2020-10-21,28210.8203125,25.19700050354004
2020-10-22,28363.66015625,24.665000915527344
2020-10-23,28335.5703125,24.62700080871582
2020-10-26,27685.380859375,24.375999450683594
2020-10-27,27463.189453125,24.525999069213867
2020-10-28,26519.94921875,23.323999404907227
2020-10-29,26659.109375,23.339000701904297
2020-10-30,26501.599609375,23.617000579833984
2020-11-02,26925.05078125,24.006000518798828
2020-11-03,27480.029296875,24.30500030517578
2020-11-04,27847.66015625,23.86400032043457
2020-11-05,28390.1796875,25.17099952697754
2020-11-06,28323.400390625,25.645999908447266
2020-11-09,29157.970703125,23.684999465942383
2020-11-10,29420.919921875,24.445999145507812
2020-11-11,29397.630859375,24.250999450683594
2020-11-12,29080.169921875,24.290000915527344
2020-11-13,29479.810546875,24.759000778198242
2020-11-16,29950.439453125,24.785999298095703
2020-11-17,29783.349609375,24.635000228881836
2020-11-18,29438.419921875,24.433000564575195
2020-11-19,29483.23046875,24.033000946044922
2020-11-20,29263.48046875,24.347999572753906
2020-11-23,29591.26953125,23.624000549316406
2020-11-24,30046.240234375,23.29199981689453
2020-11-25,29872.470703125,23.356000900268555
2020-11-27,29910.369140625,22.55299949645996
2020-11-30,29638.640625,22.534000396728516
2020-12-01,29823.919921875,24.033000946044922
2020-12-02,29883.7890625,24.024999618530273
2020-12-03,29969.51953125,24.086999893188477
2020-12-04,30218.259765625,24.202999114990234
2020-12-07,30069.7890625,24.740999221801758
2020-12-08,30173.880859375,24.68400001525879
2020-12-09,30068.810546875,23.93000030517578
2020-12-10,29999.259765625,24.0310001373291
2020-12-11,30046.369140625,24.031999588012695
2020-12-14,29861.55078125,23.985000610351562
2020-12-15,30199.310546875,24.58099937438965
2020-12-16,30154.5390625,24.985000610351562
2020-12-17,30303.369140625,26.100000381469727
2020-12-18,30179.05078125,25.948999404907227
2020-12-21,30216.44921875,26.277999877929688
2020-12-22,30015.509765625,25.43400001525879
2020-12-23,30129.830078125,25.823999404907227
2020-12-24,30199.869140625,25.81100082397461
2020-12-28,30403.970703125,26.459999084472656
2020-12-29,30335.669921875,26.13800048828125
2020-12-30,30409.560546875,26.488000869750977
2020-12-31,30606.48046875,26.332000732421875
2021-01-04,30223.890625,27.284000396728516
2021-01-05,30391.599609375,27.570999145507812
2021-01-06,30829.400390625,26.972999572753906
2021-01-07,31041.130859375,27.200000762939453
2021-01-08,31097.970703125,24.582000732421875
2021-01-11,31008.689453125,25.23900032043457
2021-01-12,31068.689453125,25.384000778198242
2021-01-13,31060.470703125,25.520000457763672
2021-01-14,30991.51953125,25.746000289916992
2021-01-15,30814.259765625,24.825000762939453
2021-01-19,30930.51953125,25.27899932861328
2021-01-20,31188.380859375,25.733999252319336
2021-01-21,31176.009765625,25.82200050354004
2021-01-22,30996.98046875,25.52400016784668
2021-01-25,30960.0,25.454999923706055
2021-01-26,30937.0390625,25.52899932861328
2021-01-27,30303.169921875,25.375999450683594
2021-01-28,30603.359375,25.909000396728516
2021-01-29,29982.619140625,26.899999618530273
2021-02-01,30211.91015625,29.398000717163086
2021-02-02,30687.48046875,26.384000778198242
2021-02-03,30723.599609375,26.878000259399414
2021-02-04,31055.859375,26.222999572753906
2021-02-05,31148.240234375,27.013999938964844
2021-02-08,31385.759765625,27.56999969482422
2021-02-09,31375.830078125,27.395999908447266
2021-02-10,31437.80078125,27.073999404907227
2021-02-11,31430.69921875,27.04199981689453
2021-02-12,31458.400390625,27.322999954223633
2021-02-16,31522.75,27.319000244140625
2021-02-17,31613.01953125,27.31399917602539
2021-02-18,31493.33984375,27.07699966430664
2021-02-19,31494.3203125,27.25200080871582
2021-02-22,31521.689453125,28.08300018310547
2021-02-23,31537.349609375,27.68600082397461
2021-02-24,31961.859375,27.85700035095215
2021-02-25,31402.009765625,27.636999130249023
2021-02-26,30932.369140625,26.402000427246094
2021-03-01,31535.509765625,26.64699935913086
2021-03-02,31391.51953125,26.850000381469727
2021-03-03,31270.08984375,26.35700035095215
2021-03-04,30924.140625,25.43400001525879
2021-03-05,31496.30078125,25.256999969482422
2021-03-08,31802.439453125,25.239999771118164
2021-03-09,31832.740234375,26.148000717163086
2021-03-10,32297.01953125,26.101999282836914
2021-03-11,32485.58984375,26.16200065612793
2021-03-12,32778.640625,25.8799991607666
2021-03-15,32953.4609375,26.253000259399414
2021-03-16,32825.94921875,25.974000930786133
2021-03-17,33015.37109375,26.030000686645508
2021-03-18,32862.30078125,26.320999145507812
2021-03-19,32627.970703125,26.29199981689453
2021-03-22,32731.19921875,25.740999221801758
2021-03-23,32423.150390625,25.200000762939453
2021-03-24,32420.060546875,25.201000213623047
2021-03-25,32619.48046875,25.02199935913086
2021-03-26,33072.87890625,25.091999053955078
2021-03-29,33171.37109375,24.746999740600586
2021-03-30,33066.9609375,24.121000289916992
2021-03-31,32981.55078125,24.517000198364258
2021-04-01,33153.2109375,24.934999465942383
2021-04-05,33527.19140625,24.76300048828125
2021-04-06,33430.23828125,25.211999893188477
2021-04-07,33446.26171875,25.232999801635742
2021-04-08,33503.5703125,25.569000244140625
2021-04-09,33800.6015625,25.31100082397461
2021-04-12,33745.3984375,24.85300064086914
2021-04-13,33677.26953125,25.41699981689453
2021-04-14,33730.890625,25.514999389648438
2021-04-15,34035.98828125,25.95599937438965
2021-04-16,34200.671875,26.099000930786133
2021-04-19,34077.62890625,25.83099937438965
2021-04-20,33821.30078125,25.834999084472656
2021-04-21,34137.30859375,26.565000534057617
2021-04-22,33815.8984375,26.173999786376953
2021-04-23,34043.48828125,26.07699966430664
2021-04-26,33981.5703125,26.211000442504883
2021-04-27,33984.9296875,26.41200065612793
2021-04-28,33820.37890625,26.08099937438965
2021-04-29,34060.359375,26.05299949645996
2021-04-30,33874.8515625,25.85300064086914
2021-05-03,34113.23046875,26.94300079345703
2021-05-04,34133.03125,26.538999557495117
2021-05-05,34230.33984375,26.50200080871582
2021-05-06,34548.53125,27.461999893188477
2021-05-07,34777.76171875,27.461999893188477
2021-05-10,34742.8203125,27.479000091552734
2021-05-11,34269.16015625,27.656999588012695
2021-05-12,33587.66015625,27.231000900268555
2021-05-13,34021.44921875,27.04400062561035
2021-05-14,34382.12890625,27.35300064086914
2021-05-17,34327.7890625,28.260000228881836
2021-05-18,34060.66015625,28.31399917602539
2021-05-19,33896.0390625,28.007999420166016
2021-05-20,34084.1484375,28.052000045776367
2021-05-21,34207.83984375,27.472999572753906
2021-05-24,34393.98046875,27.886999130249023
2021-05-25,34312.4609375,28.03700065612793
2021-05-26,34323.05078125,27.85300064086914
2021-05-27,34464.640625,27.91900062561035
2021-05-28,34529.44921875,27.993000030517578
2021-06-01,34575.30859375,28.08300018310547
2021-06-02,34600.37890625,28.18600082397461
2021-06-03,34577.0390625,27.459999084472656
2021-06-04,34756.390625,27.878999710083008
2021-06-07,34630.23828125,28.000999450683594
2021-06-08,34599.8203125,27.71500015258789
2021-06-09,34447.140625,27.985000610351562
2021-06-10,34466.23828125,28.014999389648438
2021-06-11,34479.6015625,28.131000518798828
2021-06-14,34393.75,28.02400016784668
2021-06-15,34299.328125,27.679000854492188
2021-06-16,34033.671875,27.799999237060547
2021-06-17,33823.44921875,25.8439998626709
2021-06-18,33290.078125,25.95800018310547
2021-06-21,33876.96875,26.014999389648438
2021-06-22,33945.578125,25.847999572753906
2021-06-23,33874.23828125,26.107999801635742
2021-06-24,34196.8203125,26.047000885009766
2021-06-25,34433.83984375,26.082000732421875
2021-06-28,34283.26953125,26.218000411987305
2021-06-29,34292.2890625,25.871999740600586
2021-06-30,34502.51171875,26.165000915527344
2021-07-01,34633.53125,26.075000762939453
2021-07-02,34786.3515625,26.481000900268555
2021-07-06,34577.37109375,26.15399932861328
2021-07-07,34681.7890625,26.110000610351562
2021-07-08,34421.9296875,25.966999053955078
2021-07-09,34870.16015625,26.211000442504883
2021-07-12,34996.1796875,26.216999053955078
2021-07-13,34888.7890625,26.114999771118164
2021-07-14,34933.23046875,26.246000289916992
2021-07-15,34987.01953125,26.375
2021-07-16,34687.8515625,25.777000427246094
2021-07-19,33962.0390625,25.125999450683594
2021-07-20,34511.98828125,24.976999282836914
2021-07-21,34798.0,25.238000869750977
2021-07-22,34823.3515625,25.364999771118164
2021-07-23,35061.55078125,25.218000411987305
2021-07-26,35144.30859375,25.295000076293945
2021-07-27,35058.51953125,24.631999969482422
2021-07-28,34930.9296875,24.856000900268555
2021-07-29,35084.53125,25.763999938964844
2021-07-30,34935.46875,25.527999877929688
2021-08-02,34838.16015625,25.55699920654297
2021-08-03,35116.3984375,25.56599998474121
2021-08-04,34792.671875,25.445999145507812
2021-08-05,35064.25,25.277000427246094
2021-08-06,35208.51171875,24.312000274658203
2021-08-09,35101.8515625,23.2549991607666
2021-08-10,35264.671875,23.37700080871582
2021-08-11,35484.96875,23.474000930786133
2021-08-12,35499.8515625,23.104999542236328
2021-08-13,35515.37890625,23.76799964904785
2021-08-16,35625.3984375,23.780000686645508
2021-08-17,35343.28125,23.648000717163086
2021-08-18,34960.69140625,23.41200065612793
2021-08-19,34894.12109375,23.219999313354492
2021-08-20,35120.078125,23.104999542236328
2021-08-23,35335.7109375,23.64900016784668
2021-08-24,35366.26171875,23.889999389648438
2021-08-25,35405.5,23.770999908447266
2021-08-26,35213.12109375,23.54599952697754
2021-08-27,35455.80078125,24.059999465942383
2021-08-30,35399.83984375,23.959999084472656
2021-08-31,35360.73046875,23.959999084472656
2021-09-01,35312.53125,24.177000045776367
2021-09-02,35443.8203125,23.875
2021-09-03,35369.08984375,24.761999130249023
2021-09-07,35100.0,24.333999633789062
2021-09-08,35031.0703125,24.011999130249023
2021-09-09,34879.37890625,24.132999420166016
2021-09-10,34607.71875,23.854999542236328
2021-09-13,34869.62890625,23.753000259399414
2021-09-14,34577.5703125,23.841999053955078
2021-09-15,34814.390625,23.759000778198242
2021-09-16,34751.3203125,22.75200080871582
2021-09-17,34584.87890625,22.295000076293945
2021-09-20,33970.46875,22.163000106811523
2021-09-21,33919.83984375,22.572999954223633
2021-09-22,34258.3203125,22.868999481201172
2021-09-23,34764.8203125,22.642000198364258
2021-09-24,34798.0,22.38800048828125
2021-09-27,34869.37109375,22.656999588012695
2021-09-28,34299.98828125,22.43000030517578
2021-09-29,34390.71875,21.458999633789062
2021-09-30,33843.921875,22.020999908447266
2021-10-01,34326.4609375,22.510000228881836
2021-10-04,34002.921875,22.618000030517578
2021-10-05,34314.671875,22.582000732421875
2021-10-06,34416.98828125,22.506000518798828
2021-10-07,34754.94140625,22.631999969482422
2021-10-08,34746.25,22.679000854492188
2021-10-11,34496.05859375,22.639999389648438
2021-10-12,34378.33984375,22.490999221801758
2021-10-13,34377.80859375,23.14900016784668
2021-10-14,34912.55859375,23.45599937438965
2021-10-15,35294.76171875,23.327999114990234
2021-10-18,35258.609375,23.243000030517578
2021-10-19,35457.30859375,23.86199951171875
2021-10-20,35609.33984375,24.423999786376953
2021-10-21,35603.078125,24.149999618530273
2021-10-22,35677.01953125,24.429000854492188
2021-10-25,35741.1484375,24.57200050354004
2021-10-26,35756.87890625,24.086000442504883
2021-10-27,35490.69140625,24.18899917602539
2021-10-28,35730.48046875,24.117000579833984
2021-10-29,35819.55859375,23.94499969482422
2021-11-01,35913.83984375,24.06399917602539
2021-11-02,36052.62890625,23.5
2021-11-03,36157.578125,23.22599983215332
2021-11-04,36124.23046875,23.9060001373291
2021-11-05,36327.94921875,24.152000427246094
2021-11-08,36432.21875,24.53700065612793
2021-11-09,36319.98046875,24.312999725341797
2021-11-10,36079.94140625,24.767000198364258
2021-11-11,35921.23046875,25.301000595092773
2021-11-12,36100.30859375,25.3439998626709
2021-11-15,36087.44921875,25.10700035095215
2021-11-16,36142.21875,24.944000244140625
2021-11-17,35931.05078125,25.16699981689453
2021-11-18,35870.94921875,24.900999069213867
2021-11-19,35601.98046875,24.780000686645508
2021-11-22,35619.25,24.297000885009766
2021-11-23,35813.80078125,23.434999465942383
2021-11-24,35804.37890625,23.496000289916992
2021-11-26,34899.33984375,23.10700035095215
2021-11-29,35135.94140625,22.798999786376953
2021-11-30,34483.71875,22.764999389648438
2021-12-01,34022.0390625,22.298999786376953
2021-12-02,34639.7890625,22.280000686645508
2021-12-03,34580.078125,22.44499969482422
2021-12-06,35227.03125,22.22800064086914
2021-12-07,35719.4296875,22.48699951171875
2021-12-08,35754.75,22.389999389648438
2021-12-09,35754.69140625,21.974000930786133
2021-12-10,35970.98828125,22.15999984741211
2021-12-13,35650.94921875,22.290000915527344
2021-12-14,35544.1796875,21.886999130249023
2021-12-15,35927.4296875,21.507999420166016
2021-12-16,35897.640625,22.454999923706055
2021-12-17,35365.44140625,22.506999969482422
2021-12-20,34932.16015625,22.274999618530273
2021-12-21,35492.69921875,22.50200080871582
2021-12-22,35753.890625,22.79199981689453
2021-12-23,35950.55859375,22.930999755859375
2021-12-27,36302.37890625,22.979000091552734
2021-12-28,36398.2109375,23.111000061035156
2021-12-29,36488.62890625,22.847999572753906
2021-12-30,36398.078125,23.027999877929688
2021-12-31,36338.30078125,23.327999114990234
2022-01-03,36585.05859375,22.790000915527344
2022-01-04,36799.6484375,23.038000106811523
2022-01-05,36407.109375,23.149999618530273
2022-01-06,36236.46875,22.173999786376953
2022-01-07,36231.66015625,22.393999099731445
2022-01-10,36068.87109375,22.445999145507812
2022-01-11,36252.01953125,22.805999755859375
2022-01-12,36290.3203125,23.200000762939453
2022-01-13,36113.62109375,23.155000686645508
2022-01-14,35911.80859375,22.910999298095703
2022-01-18,35368.46875,23.48699951171875
2022-01-19,35028.6484375,24.22599983215332
2022-01-20,34715.390625,24.711000442504883
2022-01-21,34265.37109375,24.31399917602539
2022-01-24,34364.5,23.795000076293945
2022-01-25,34297.73046875,23.895999908447266
2022-01-26,34168.08984375,23.80699920654297
2022-01-27,34160.78125,22.67300033569336
2022-01-28,34725.46875,22.302000045776367
2022-01-31,35131.859375,22.395000457763672
2022-02-01,35405.23828125,22.59600067138672
2022-02-02,35629.328125,22.711000442504883
2022-02-03,35111.16015625,22.375
2022-02-04,35089.73828125,22.475000381469727
2022-02-07,35091.12890625,23.076000213623047
2022-02-08,35462.78125,23.19499969482422
2022-02-09,35768.05859375,23.336000442504883
2022-02-10,35241.58984375,23.518999099731445
2022-02-11,34738.05859375,23.365999221801758
2022-02-14,34566.171875,23.844999313354492
2022-02-15,34988.83984375,23.33799934387207
2022-02-16,34934.26953125,23.60099983215332
2022-02-17,34312.03125,23.874000549316406
2022-02-18,34079.1796875,23.990999221801758
2022-02-22,33596.609375,24.31100082397461
2022-02-23,33131.76171875,24.55500030517578
2022-02-24,33223.828125,24.68600082397461
2022-02-25,34058.75,23.996999740600586
2022-02-28,33892.6015625,24.361000061035156
2022-03-01,33294.94921875,25.534000396728516
2022-03-02,33891.3515625,25.183000564575195
2022-03-03,33794.66015625,25.204999923706055
2022-03-04,33614.80078125,25.781999588012695
2022-03-07,32817.37890625,25.71299934387207
2022-03-08,32632.640625,26.88800048828125
2022-03-09,33286.25,25.756999969482422
2022-03-10,33174.0703125,26.20199966430664
2022-03-11,32944.19140625,26.106000900268555
2022-03-14,32945.23828125,25.243999481201172
2022-03-15,33544.33984375,25.12299919128418
2022-03-16,34063.1015625,24.670000076293945
2022-03-17,34480.76171875,25.583999633789062
2022-03-18,34754.9296875,25.05500030517578
2022-03-21,34552.98828125,25.281999588012695
2022-03-22,34807.4609375,24.885000228881836
2022-03-23,34358.5,25.170000076293945
2022-03-24,34707.94140625,25.899999618530273
2022-03-25,34861.23828125,25.594999313354492
2022-03-28,34955.890625,25.176000595092773
2022-03-29,35294.19140625,24.715999603271484
2022-03-30,35228.80859375,25.10300064086914
2022-03-31,34678.3515625,25.121000289916992
2022-04-01,34818.26953125,24.642000198364258
2022-04-04,34921.87890625,24.583999633789062
2022-04-05,34641.1796875,24.527999877929688
2022-04-06,34496.51171875,24.454999923706055
2022-04-07,34583.5703125,24.732999801635742
2022-04-08,34721.12109375,24.819000244140625
2022-04-11,34308.078125,24.97800064086914
2022-04-12,34220.359375,25.725000381469727
2022-04-13,34564.58984375,26.020000457763672
2022-04-14,34451.23046875,25.690000534057617
2022-04-18,34411.69140625,26.139999389648438
2022-04-19,34911.19921875,25.391000747680664
2022-04-20,35160.7890625,25.270000457763672
2022-04-21,34792.76171875,24.621000289916992
2022-04-22,33811.3984375,24.256999969482422
2022-04-25,34049.4609375,23.667999267578125
2022-04-26,33240.1796875,23.54199981689453
2022-04-27,33301.9296875,23.45800018310547
2022-04-28,33916.390625,23.128999710083008
2022-04-29,32977.2109375,23.040000915527344
2022-05-02,33061.5,22.54400062561035
2022-05-03,33128.7890625,22.621000289916992
2022-05-04,34061.05859375,22.36199951171875
2022-05-05,32997.96875,22.399999618530273
2022-05-06,32899.37109375,22.325000762939453
2022-05-09,32245.69921875,21.781999588012695
2022-05-10,32160.740234375,21.389999389648438
2022-05-11,31834.109375,21.549999237060547
2022-05-12,31730.30078125,20.756999969482422
2022-05-13,32196.66015625,20.983999252319336
2022-05-16,32223.419921875,21.53499984741211
2022-05-17,32654.58984375,21.73699951171875
2022-05-18,31490.0703125,21.533000946044922
2022-05-19,31253.130859375,21.898000717163086
2022-05-20,31261.900390625,21.66900062561035
2022-05-23,31880.240234375,21.722999572753906
2022-05-24,31928.619140625,22.062999725341797
2022-05-25,32120.279296875,21.860000610351562
2022-05-26,32637.189453125,21.94099998474121
2022-05-27,33212.9609375,22.059999465942383
2022-05-31,32990.12109375,21.650999069213867
2022-06-01,32813.23046875,21.884000778198242
2022-06-02,33248.28125,22.253999710083008
2022-06-03,32899.69921875,21.889999389648438
2022-06-06,32915.78125,22.073999404907227
2022-06-07,33180.140625,22.159000396728516
2022-06-08,32910.8984375,22.073999404907227
2022-06-09,32272.7890625,21.797000885009766
2022-06-10,31392.7890625,21.913000106811523
2022-06-13,30516.740234375,21.236000061035156
2022-06-14,30364.830078125,20.93600082397461
2022-06-15,30668.529296875,21.402000427246094
2022-06-16,29927.0703125,21.867000579833984
2022-06-17,29888.779296875,21.572999954223633
2022-06-21,30530.25,21.753999710083008
2022-06-22,30483.130859375,21.406999588012695
2022-06-23,30677.359375,21.031999588012695
2022-06-24,31500.6796875,21.115999221801758
2022-06-27,31438.259765625,21.159000396728516
2022-06-28,30946.990234375,20.797000885009766
2022-06-29,31029.310546875,20.667999267578125
2022-06-30,30775.4296875,20.281999588012695
2022-07-01,31097.259765625,19.597000122070312
2022-07-05,30967.8203125,19.052000045776367
2022-07-06,31037.6796875,19.084999084472656
2022-07-07,31384.55078125,19.121999740600586
2022-07-08,31338.150390625,19.16699981689453
2022-07-11,31173.83984375,19.066999435424805
2022-07-12,30981.330078125,18.89900016784668
2022-07-13,30772.7890625,19.13800048828125
2022-07-14,30630.169921875,18.16900062561035
2022-07-15,31288.259765625,18.54800033569336
2022-07-18,31072.609375,18.791000366210938
2022-07-19,31827.05078125,18.670000076293945
2022-07-20,31874.83984375,18.638999938964844
2022-07-21,32036.900390625,18.687000274658203
2022-07-22,31899.2890625,18.584999084472656
2022-07-25,31990.0390625,18.29400062561035
2022-07-26,31761.5390625,18.48699951171875
2022-07-27,32197.58984375,18.55299949645996
2022-07-28,32529.630859375,19.82699966430664
2022-07-29,32845.12890625,20.1560001373291
2022-08-01,32798.3984375,20.32200050354004
2022-08-02,32396.169921875,20.104999542236328
2022-08-03,32812.5,19.864999771118164
2022-08-04,32726.8203125,20.099000930786133
2022-08-05,32803.46875,19.819000244140625
2022-08-08,32832.5390625,20.591999053955078
2022-08-09,32774.41015625,20.45800018310547
2022-08-10,33309.51171875,20.718000411987305
2022-08-11,33336.671875,20.326000213623047
2022-08-12,33761.05078125,20.677000045776367
2022-08-15,33912.44140625,20.250999450683594
2022-08-16,34152.01171875,20.065000534057617
2022-08-17,33980.3203125,19.711000442504883
2022-08-18,33999.0390625,19.447999954223633
2022-08-19,33706.73828125,19.058000564575195
2022-08-22,33063.609375,18.87299919128418
2022-08-23,32909.58984375,19.011999130249023
2022-08-24,32969.23046875,18.895000457763672
2022-08-25,33291.78125,19.111000061035156
2022-08-26,32283.400390625,18.739999771118164
2022-08-29,32098.990234375,18.55500030517578
2022-08-30,31790.869140625,18.159000396728516
2022-08-31,31510.4296875,17.761999130249023
2022-09-01,31656.419921875,17.551000595092773
2022-09-02,31318.439453125,17.775999069213867
2022-09-06,31145.30078125,17.795000076293945
2022-09-07,31581.279296875,18.136999130249023
2022-09-08,31774.51953125,18.329999923706055
2022-09-09,32151.7109375,18.658000946044922
2022-09-12,32381.33984375,19.7549991607666
2022-09-13,31104.970703125,19.389999389648438
2022-09-14,31135.08984375,19.47100067138672
2022-09-15,30961.8203125,19.174999237060547
2022-09-16,30822.419921875,19.29599952697754
2022-09-19,31019.6796875,19.273000717163086
2022-09-20,30706.23046875,19.101999282836914
2022-09-21,30183.779296875,19.410999298095703
2022-09-22,30076.6796875,19.54800033569336
2022-09-23,29590.41015625,18.840999603271484
2022-09-26,29260.810546875,18.4060001373291
2022-09-27,29134.990234375,18.256999969482422
2022-09-28,29683.740234375,18.79599952697754
2022-09-29,29225.609375,18.611000061035156
2022-09-30,28725.509765625,18.959999084472656
2022-10-03,29490.890625,20.518999099731445
2022-10-04,30316.3203125,21.03700065612793
2022-10-05,30273.869140625,20.479000091552734
2022-10-06,29926.939453125,20.594999313354492
2022-10-07,29296.7890625,20.191999435424805
2022-10-10,29202.880859375,19.555999755859375
2022-10-11,29239.189453125,19.427000045776367
2022-10-12,29210.849609375,18.878000259399414
2022-10-13,30038.720703125,18.857999801635742
2022-10-14,29634.830078125,18.014999389648438
2022-10-17,30185.8203125,18.673999786376953
2022-10-18,30523.80078125,18.570999145507812
2022-10-19,30423.810546875,18.336000442504883
2022-10-20,30333.58984375,18.666000366210938
2022-10-21,31082.560546875,19.042999267578125
2022-10-24,31499.619140625,19.173999786376953
2022-10-25,31836.740234375,19.339000701904297
2022-10-26,31839.109375,19.479999542236328
2022-10-27,32033.279296875,19.47800064086914
2022-10-28,32861.80078125,19.14699935913086
2022-10-31,32732.94921875,19.125
2022-11-01,32653.19921875,19.67300033569336
2022-11-02,32147.759765625,19.600000381469727
2022-11-03,32001.25,19.43600082397461
2022-11-04,32403.220703125,20.790000915527344
2022-11-07,32827.0,20.898000717163086
2022-11-08,33160.828125,21.476999282836914
2022-11-09,32513.939453125,21.29800033569336
2022-11-10,33715.37109375,21.677000045776367
2022-11-11,33747.859375,21.645999908447266
2022-11-14,33536.69921875,22.091999053955078
2022-11-15,33592.921875,21.499000549316406
2022-11-16,33553.828125,21.503999710083008
2022-11-17,33546.3203125,20.954999923706055
2022-11-18,33745.69140625,20.97599983215332
2022-11-21,33700.28125,20.849000930786133
2022-11-22,34098.1015625,21.034000396728516
2022-11-23,34194.05859375,21.35700035095215
2022-11-25,34347.03125,21.424999237060547
2022-11-28,33849.4609375,20.90999984741211
2022-11-29,33852.53125,21.20400047302246
2022-11-30,34589.76953125,21.549999237060547
2022-12-01,34395.01171875,22.636999130249023
2022-12-02,34429.87890625,23.038000106811523
2022-12-05,33947.1015625,22.198999404907227
2022-12-06,33596.33984375,22.12299919128418
2022-12-07,33597.921875,22.709999084472656
2022-12-08,33781.48046875,23.062999725341797
2022-12-09,33476.4609375,23.53499984741211
2022-12-12,34005.0390625,23.219999313354492
2022-12-13,34108.640625,23.801000595092773
2022-12-14,33966.3515625,23.945999145507812
2022-12-15,33202.21875,23.128000259399414
2022-12-16,32920.4609375,23.150999069213867
2022-12-19,32757.5390625,23.02899932861328
2022-12-20,32849.73828125,24.0939998626709
2022-12-21,33376.48046875,24.03499984741211
2022-12-22,33027.48828125,23.47599983215332
2022-12-23,33203.9296875,23.763999938964844
2022-12-27,33241.55859375,24.040000915527344
2022-12-28,32875.7109375,23.663000106811523
2022-12-29,33220.80078125,24.077999114990234
2022-12-30,33147.25,23.86199951171875
2023-01-03,33136.37109375,24.05900001525879
2023-01-04,33269.76953125,23.79199981689453
2023-01-05,32930.078125,23.257999420166016
2023-01-06,33630.609375,23.82200050354004
2023-01-09,33517.6484375,23.711999893188477
2023-01-10,33704.1015625,23.506999969482422
2023-01-11,33973.01171875,23.32699966430664
2023-01-12,34189.96875,23.863000869750977
2023-01-13,34302.609375,24.231000900268555
2023-01-17,33910.8515625,23.944000244140625
2023-01-18,33296.9609375,23.530000686645508
2023-01-19,33044.55859375,23.753999710083008
2023-01-20,33375.48828125,23.829999923706055
2023-01-23,33629.55859375,23.45199966430664
2023-01-24,33733.9609375,23.64900016784668
2023-01-25,33743.83984375,23.839000701904297
2023-01-26,33949.41015625,23.93000030517578
2023-01-27,33978.078125,23.527000427246094
2023-01-30,33717.08984375,23.645000457763672
2023-01-31,34086.0390625,23.74799919128418
2023-02-01,34092.9609375,23.520999908447266
2023-02-02,34053.94140625,23.534000396728516
2023-02-03,33926.01171875,22.333999633789062
2023-02-06,33891.01953125,22.177000045776367
2023-02-07,34156.69140625,22.117000579833984
2023-02-08,33949.01171875,22.367000579833984
2023-02-09,33699.87890625,22.097000122070312
2023-02-10,33869.26953125,22.034000396728516
2023-02-13,34245.9296875,21.81800079345703
2023-02-14,34089.26953125,21.841999053955078
2023-02-15,34128.05078125,21.54599952697754
2023-02-16,33696.8515625,21.68400001525879
2023-02-17,33826.69140625,21.694000244140625
2023-02-21,33129.58984375,21.868999481201172
2023-02-22,33045.08984375,21.660999298095703
2023-02-23,33153.91015625,21.298999786376953
2023-02-24,32816.921875,20.805999755859375
2023-02-27,32889.08984375,20.670000076293945
2023-02-28,32656.69921875,20.961000442504883
2023-03-01,32661.83984375,20.958999633789062
2023-03-02,33003.5703125,20.766000747680664
2023-03-03,33390.96875,21.093000411987305
2023-03-06,33431.44140625,20.983999252319336
2023-03-07,32856.4609375,20.054000854492188
2023-03-08,32798.3984375,20.0049991607666
2023-03-09,32254.859375,20.024999618530273
2023-03-10,31909.640625,20.375
2023-03-13,31819.140625,21.792999267578125
2023-03-14,32155.400390625,21.929000854492188
2023-03-15,31874.5703125,21.77400016784668
2023-03-16,32246.55078125,21.58799934387207
2023-03-17,31861.98046875,22.35099983215332
2023-03-20,32244.580078125,22.533000946044922
2023-03-21,32560.599609375,22.323999404907227
2023-03-22,32030.109375,22.674999237060547
2023-03-23,32105.25,23.143999099731445
2023-03-24,32237.529296875,23.246999740600586
2023-03-27,32432.080078125,23.054000854492188
2023-03-28,32394.25,23.323999404907227
2023-03-29,32717.599609375,23.375999450683594
2023-03-30,32859.03125,23.902000427246094
2023-03-31,33274.1484375,24.076000213623047
2023-04-03,33601.1484375,23.94099998474121
2023-04-04,33402.37890625,25.02199935913086
2023-04-05,33482.71875,24.96299934387207
2023-04-06,33485.2890625,25.024999618530273
2023-04-10,33586.51953125,24.84600067138672
2023-04-11,33684.7890625,25.131000518798828
2023-04-12,33646.5,25.40399932861328
2023-04-13,34029.69140625,25.874000549316406
2023-04-14,33886.46875,25.423999786376953
2023-04-17,33987.1796875,25.05299949645996
2023-04-18,33976.62890625,25.24799919128418
2023-04-19,33897.01171875,25.365999221801758
2023-04-20,33786.62109375,25.368000030517578
2023-04-21,33808.9609375,25.05299949645996
2023-04-24,33875.3984375,25.305999755859375
2023-04-25,33530.828125,24.87700080871582
2023-04-26,33301.87109375,24.871000289916992
2023-04-27,33826.16015625,24.982999801635742
2023-04-28,34098.16015625,24.999000549316406
2023-05-01,34051.69921875,25.009000778198242
2023-05-02,33684.53125,25.40399932861328
2023-05-03,33414.23828125,25.47599983215332
2023-05-04,33127.73828125,26.03499984741211
2023-05-05,33674.37890625,25.743000030517578
2023-05-08,33618.69140625,25.63599967956543
2023-05-09,33561.80859375,25.697999954223633
2023-05-10,33531.328125,25.461000442504883
2023-05-11,33309.51171875,24.2549991607666
2023-05-12,33300.62109375,23.992000579833984
2023-05-15,33348.6015625,24.12700080871582
2023-05-16,33012.140625,23.73699951171875
2023-05-17,33420.76953125,23.75200080871582
2023-05-18,33535.91015625,23.4950008392334
2023-05-19,33426.62890625,23.920000076293945
2023-05-22,33286.578125,23.71500015258789
2023-05-23,33055.51171875,23.474000930786133
2023-05-24,32799.921875,23.114999771118164
2023-05-25,32764.650390625,22.785999298095703
2023-05-26,33093.33984375,23.239999771118164
2023-05-30,33042.78125,23.125
2023-05-31,32908.26953125,23.474000930786133
2023-06-01,33061.5703125,23.875
2023-06-02,33762.76171875,23.64299964904785
2023-06-05,33562.859375,23.534000396728516
2023-06-06,33573.28125,23.573999404907227
2023-06-07,33665.01953125,23.43899917602539
2023-06-08,33833.609375,24.263999938964844
2023-06-09,33876.78125,24.333999633789062
2023-06-12,34066.328125,23.985000610351562
2023-06-13,34212.12109375,23.756000518798828
2023-06-14,33979.328125,24.04400062561035
2023-06-15,34408.05859375,23.891000747680664
2023-06-16,34299.12109375,24.076000213623047
2023-06-20,34053.87109375,23.19300079345703
2023-06-21,33951.51953125,22.77400016784668
2023-06-22,33946.7109375,22.43600082397461
2023-06-23,33727.4296875,22.327999114990234
2023-06-26,33714.7109375,22.80500030517578
2023-06-27,33926.73828125,22.93899917602539
2023-06-28,33852.66015625,22.868000030517578
2023-06-29,34122.421875,22.590999603271484
2023-06-30,34407.6015625,22.809999465942383
2023-07-03,34418.46875,22.895999908447266
2023-07-05,34288.640625,23.19700050354004
2023-07-06,33922.26171875,22.68600082397461
2023-07-07,33734.87890625,23.091999053955078
2023-07-10,33944.3984375,23.150999069213867
2023-07-11,34261.421875,23.086000442504883
2023-07-12,34347.4296875,24.118999481201172
2023-07-13,34395.140625,24.76799964904785
2023-07-14,34509.03125,25.013999938964844
2023-07-17,34585.3515625,24.8439998626709
2023-07-18,34951.9296875,25.083999633789062
2023-07-19,35061.2109375,25.2189998626709
2023-07-20,35225.1796875,24.80500030517578
2023-07-21,35227.69140625,24.697999954223633
2023-07-24,35411.23828125,24.43600082397461
2023-07-25,35438.0703125,24.68000030517578
2023-07-26,35520.12109375,24.825000762939453
2023-07-27,35282.71875,24.236000061035156
2023-07-28,35459.2890625,24.3700008392334
2023-07-31,35559.53125,24.854000091552734
2023-08-01,35630.6796875,24.20800018310547
2023-08-02,35282.51953125,23.753999710083008
2023-08-03,35215.890625,23.586000442504883
2023-08-04,35065.62109375,23.617000579833984
2023-08-07,35473.12890625,23.142000198364258
2023-08-08,35314.48828125,22.716999053955078
2023-08-09,35123.359375,22.649999618530273
2023-08-10,35176.1484375,22.746000289916992
2023-08-11,35281.3984375,22.673999786376953
2023-08-14,35307.62890625,22.643999099731445
2023-08-15,34946.390625,22.594999313354492
2023-08-16,34765.73828125,22.479999542236328
2023-08-17,34474.828125,22.670000076293945
2023-08-18,34500.66015625,22.69499969482422
2023-08-21,34463.69140625,23.304000854492188
2023-08-22,34288.828125,23.420000076293945
2023-08-23,34472.98046875,24.363000869750977
2023-08-24,34099.421875,24.211000442504883
2023-08-25,34346.8984375,24.219999313354492
2023-08-28,34559.98046875,24.238000869750977
2023-08-29,34852.671875,24.777000427246094
2023-08-30,34890.23828125,24.733999252319336
2023-08-31,34721.91015625,24.472000122070312
2023-09-01,34837.7109375,24.23200035095215
2023-09-05,34641.96875,23.558000564575195
2023-09-06,34443.19140625,23.20599937438965
2023-09-07,34500.73046875,22.950000762939453
2023-09-08,34576.58984375,22.892000198364258
2023-09-11,34663.71875,23.10300064086914
2023-09-12,34645.98828125,23.12700080871582
2023-09-13,34575.53125,22.91200065612793
2023-09-14,34907.109375,22.74799919128418
2023-09-15,34618.23828125,23.125999450683594
2023-09-18,34624.30078125,23.23200035095215
2023-09-19,34517.73046875,23.194000244140625
2023-09-20,34440.87890625,23.57900047302246
2023-09-21,34070.421875,23.444000244140625
2023-09-22,33963.83984375,23.59600067138672
2023-09-25,34006.87890625,23.145000457763672
2023-09-26,33618.87890625,22.950000762939453
2023-09-27,33550.26953125,22.476999282836914
2023-09-28,33666.33984375,22.514999389648438
2023-09-29,33507.5,22.236000061035156
2023-10-02,33433.3515625,21.218000411987305
2023-10-03,33002.37890625,21.17799949645996
2023-10-04,33129.55078125,20.95599937438965
2023-10-05,33119.5703125,20.847999572753906
2023-10-06,33407.578125,21.540000915527344
2023-10-09,33604.6484375,21.740999221801758
2023-10-10,33739.30078125,21.775999069213867
2023-10-11,33804.87109375,21.957000732421875
2023-10-12,33631.140625,21.79199981689453
2023-10-13,33670.2890625,22.726999282836914
2023-10-16,33984.5390625,22.610000610351562
2023-10-17,33997.6484375,22.863000869750977
2023-10-18,33665.078125,22.944000244140625
2023-10-19,33414.171875,22.886999130249023
2023-10-20,33127.28125,23.35099983215332
2023-10-23,32936.41015625,23.07200050354004
2023-10-24,33141.37890625,22.979999542236328
2023-10-25,33035.9296875,22.87700080871582
2023-10-26,32784.30078125,22.78700065612793
2023-10-27,32417.58984375,22.770000457763672
2023-10-30,32928.9609375,23.281999588012695
2023-10-31,33052.87109375,22.840999603271484
2023-11-01,33274.578125,22.684999465942383
2023-11-02,33839.078125,22.750999450683594
2023-11-03,34061.3203125,23.201000213623047
2023-11-06,34095.859375,23.14900016784668
2023-11-07,34152.6015625,22.507999420166016
2023-11-08,34112.26953125,22.64699935913086
2023-11-09,33891.94140625,22.83099937438965
2023-11-10,34283.1015625,22.21500015258789
2023-11-13,34337.87109375,22.298999786376953
2023-11-14,34827.69921875,23.07900047302246
2023-11-15,34991.2109375,23.485000610351562
2023-11-16,34945.46875,23.892000198364258
2023-11-17,34947.28125,23.80900001525879
2023-11-20,35151.0390625,23.57900047302246
2023-11-21,35088.2890625,23.843000411987305
2023-11-22,35273.03125,23.672000885009766
2023-11-24,35390.1484375,24.32900047302246
2023-11-27,35333.46875,24.672000885009766
2023-11-28,35416.98046875,24.93000030517578
2023-11-29,35430.421875,25.07200050354004
2023-11-30,35950.890625,25.292999267578125
2023-12-01,36245.5,25.499000549316406
2023-12-04,36204.44140625,24.55500030517578
2023-12-05,36124.55859375,24.201000213623047
2023-12-06,36054.4296875,23.888999938964844
2023-12-07,36117.37890625,23.73200035095215
2023-12-08,36247.87109375,22.97100067138672
2023-12-11,36404.9296875,22.773000717163086
2023-12-12,36577.94140625,22.72800064086914
2023-12-13,37090.23828125,22.638999938964844
2023-12-14,37248.3515625,24.09600067138672
2023-12-15,37305.16015625,23.8700008392334
2023-12-18,37306.01953125,23.83099937438965
2023-12-19,37557.921875,24.040000915527344
2023-12-20,37082.0,24.347000122070312
2023-12-21,37404.3515625,24.30699920654297
2023-12-22,37385.96875,24.290000915527344
2023-12-26,37545.328125,24.143999099731445
2023-12-27,37656.51953125,24.375
2023-12-28,37710.1015625,24.134000778198242
2023-12-29,37689.5390625,23.85300064086914
2024-01-02,37715.0390625,23.732999801635742
2024-01-03,37430.19140625,22.945999145507812
2024-01-04,37440.33984375,22.98900032043457
2024-01-05,37466.109375,23.121999740600586
2024-01-08,37683.01171875,23.1200008392334
2024-01-09,37525.16015625,22.90399932861328
2024-01-10,37695.73046875,22.884000778198242
2024-01-11,37711.01953125,22.53700065612793
2024-01-12,37592.98046875,23.16200065612793
2024-01-16,37361.12109375,22.933000564575195
2024-01-17,37266.671875,22.516000747680664
2024-01-18,37468.609375,22.66699981689453
2024-01-19,37863.80078125,22.570999145507812
2024-01-22,38001.80859375,22.163000106811523
2024-01-23,37905.44921875,22.333999633789062
2024-01-24,37806.390625,22.7549991607666
2024-01-25,38049.12890625,22.808000564575195
2024-01-26,38109.4296875,22.7549991607666
2024-01-29,38333.44921875,23.13800048828125
2024-01-30,38467.30859375,23.10700035095215
2024-01-31,38150.30078125,23.051000595092773
2024-02-01,38519.83984375,23.1299991607666
2024-02-02,38654.421875,22.701000213623047
2024-02-05,38380.12109375,22.334999084472656
2024-02-06,38521.359375,22.39299964904785
2024-02-07,38677.359375,22.277999877929688
2024-02-08,38726.328125,22.565000534057617
2024-02-09,38671.69140625,22.527999877929688
2024-02-12,38797.37890625,22.708999633789062
2024-02-13,38272.75,22.09600067138672
2024-02-14,38424.26953125,22.33099937438965
2024-02-15,38773.12109375,22.91200065612793
2024-02-16,38627.98828125,23.43899917602539
2024-02-20,38563.80078125,23.106000900268555
2024-02-21,38612.23828125,22.85099983215332
2024-02-22,39069.109375,22.764999389648438
2024-02-23,39131.53125,22.9689998626709
2024-02-26,39069.23046875,22.517000198364258
2024-02-27,38972.41015625,22.523000717163086
2024-02-28,38949.01953125,22.40999984741211
2024-02-29,38996.390625,22.666000366210938
2024-03-01,39087.37890625,23.149999618530273
2024-03-04,38989.828125,23.77899932861328
2024-03-05,38585.19140625,23.76300048828125
2024-03-06,38661.05078125,24.27199935913086
2024-03-07,38791.3515625,24.3700008392334
2024-03-08,38722.69140625,24.339000701904297
2024-03-11,38769.66015625,24.511999130249023
2024-03-12,39005.48828125,24.194000244140625
2024-03-13,39043.3203125,24.958999633789062
2024-03-14,38905.66015625,24.874000549316406
2024-03-15,38714.76953125,25.200000762939453
2024-03-18,38790.4296875,25.090999603271484
2024-03-19,39110.76171875,24.964000701904297
2024-03-20,39512.12890625,24.933000564575195
2024-03-21,39781.37109375,24.849000930786133
2024-03-22,39475.8984375,24.691999435424805
2024-03-25,39313.640625,24.7450008392334
2024-03-26,39282.328125,24.482999801635742
2024-03-27,39760.078125,24.625
2024-03-28,39807.37109375,24.797000885009766
2024-04-01,39566.8515625,24.95400047302246
2024-04-02,39170.23828125,25.804000854492188
2024-04-03,39127.140625,26.94499969482422
2024-04-04,38596.98046875,27.139999389648438
2024-04-05,38904.0390625,27.399999618530273
2024-04-08,38892.80078125,27.711999893188477
2024-04-09,38883.671875,27.891000747680664
2024-04-10,38461.51171875,27.961000442504883
2024-04-11,38459.078125,28.176000595092773
2024-04-12,37983.23828125,28.2549991607666
2024-04-15,37735.109375,28.650999069213867
2024-04-16,37798.96875,28.31800079345703
2024-04-17,37753.30859375,28.34600067138672
2024-04-18,37775.37890625,28.32900047302246
2024-04-19,37986.3984375,28.808000564575195
2024-04-22,38239.98046875,27.21299934387207
2024-04-23,38503.69140625,27.33099937438965
2024-04-24,38460.921875,27.323999404907227
2024-04-25,38085.80078125,27.341999053955078
2024-04-26,38239.66015625,27.240999221801758
2024-04-29,38386.08984375,27.37299919128418
2024-04-30,37815.921875,26.391000747680664
2024-05-01,37903.2890625,26.48900032043457
2024-05-02,38225.66015625,26.58300018310547
2024-05-03,38675.6796875,26.44499969482422
2024-05-06,38852.26953125,27.368999481201172
2024-05-07,38884.26171875,27.30299949645996
2024-05-08,39056.390625,27.361000061035156
2024-05-09,39387.76171875,28.131999969482422
2024-05-10,39512.83984375,28.274999618530273
2024-05-13,39431.51171875,28.22100067138672
2024-05-14,39558.109375,28.485000610351562
2024-05-15,39908.0,29.513999938964844
2024-05-16,39869.37890625,29.665000915527344
2024-05-17,40003.58984375,31.047000885009766
2024-05-20,39806.76953125,32.20500183105469
2024-05-21,39872.98828125,31.868000030517578
2024-05-22,39671.0390625,31.295000076293945
2024-05-23,39065.26171875,30.284000396728516
2024-05-24,39069.58984375,30.329999923706055
2024-05-28,38852.859375,31.97100067138672
2024-05-29,38441.5390625,32.202999114990234
2024-05-30,38111.48046875,31.38800048828125
2024-05-31,38686.3203125,30.297000885009766
2024-06-03,38571.03125,30.641000747680664
2024-06-04,38711.2890625,29.488000869750977
2024-06-05,38807.328125,29.947999954223633
2024-06-06,38886.171875,31.246999740600586
2024-06-07,38798.98828125,29.334999084472656
2024-06-10,38868.0390625,29.768999099731445
2024-06-11,38747.421875,29.132999420166016
2024-06-12,38712.2109375,30.176000595092773
2024-06-13,38647.1015625,28.989999771118164
2024-06-14,38589.16015625,29.402000427246094
2024-06-17,38778.1015625,29.325000762939453
2024-06-18,38834.859375,29.5049991607666
2024-06-20,39134.76171875,30.775999069213867
2024-06-21,39150.328125,29.572999954223633
2024-06-24,39411.2109375,29.48900032043457
2024-06-25,39112.16015625,28.836999893188477
2024-06-26,39127.80078125,28.909000396728516
2024-06-27,39164.05859375,28.917999267578125
2024-06-28,39118.859375,29.23699951171875
2024-07-01,39169.51953125,29.299999237060547
2024-07-02,39331.8515625,29.35300064086914
2024-07-03,39308.0,30.54800033569336
2024-07-05,39375.87109375,31.38800048828125
2024-07-08,39344.7890625,30.618000030517578
2024-07-09,39291.96875,30.77199935913086
2024-07-10,39721.359375,30.726999282836914
2024-07-11,39753.75,31.393999099731445
2024-07-12,40000.8984375,30.88599967956543
2024-07-15,40211.71875,30.672000885009766
2024-07-16,40954.48046875,31.19499969482422
2024-07-17,41198.078125,30.136999130249023
2024-07-18,40665.01953125,29.9950008392334
2024-07-19,40287.53125,29.08799934387207
2024-07-22,40415.44140625,29.124000549316406
2024-07-23,40358.08984375,29.131999969482422
2024-07-24,39853.87109375,29.115999221801758
2024-07-25,39935.0703125,27.80699920654297
2024-07-26,40589.33984375,27.860000610351562
2024-07-29,40539.9296875,27.702999114990234
2024-07-30,40743.328125,28.364999771118164
2024-07-31,40842.7890625,28.777999877929688
2024-08-01,40347.96875,28.33099937438965
2024-08-02,39737.26171875,28.246000289916992
2024-08-05,38703.26953125,27.076000213623047
2024-08-06,38997.66015625,27.09600067138672
2024-08-07,38763.44921875,26.829999923706055
2024-08-08,39446.48828125,27.5
2024-08-09,39497.5390625,27.48699951171875
2024-08-12,39357.01171875,27.91699981689453
2024-08-13,39765.640625,27.69499969482422
2024-08-14,40008.390625,27.253999710083008
2024-08-15,40563.05859375,28.341999053955078
2024-08-16,40659.76171875,28.777999877929688
2024-08-19,40896.53125,29.239999771118164
2024-08-20,40834.96875,29.454999923706055
2024-08-21,40890.48828125,29.47599983215332
2024-08-22,40712.78125,29.006000518798828
2024-08-23,41175.078125,29.785999298095703
2024-08-26,41240.51953125,29.976999282836914
2024-08-27,41250.5,29.951000213623047
2024-08-28,41091.421875,29.176000595092773
2024-08-29,41335.05078125,29.55699920654297
2024-08-30,41563.078125,28.731000900268555
2024-09-03,40936.9296875,27.951000213623047
2024-09-04,40974.96875,28.16699981689453
2024-09-05,40755.75,28.719999313354492
2024-09-06,40345.41015625,27.808000564575195
2024-09-09,40829.58984375,28.291000366210938
2024-09-10,40736.9609375,28.256999969482422
2024-09-11,40861.7109375,28.562999725341797
2024-09-12,41096.76953125,29.743000030517578
2024-09-13,41393.78125,30.698999404907227
2024-09-16,41622.078125,30.770999908447266
2024-09-17,41606.1796875,30.618999481201172
2024-09-18,41503.1015625,30.340999603271484
2024-09-19,42025.19140625,31.0939998626709
2024-09-20,42063.359375,31.176000595092773
2024-09-23,42124.6484375,30.767000198364258
2024-09-24,42208.21875,32.111000061035156
2024-09-25,41914.75,31.697999954223633
2024-09-26,42175.109375,32.025001525878906
2024-09-27,42313.0,31.518999099731445
2024-09-30,42330.1484375,31.163999557495117
2024-10-01,42156.96875,31.44499969482422
2024-10-02,42196.51953125,31.628000259399414
2024-10-03,42011.58984375,32.18899917602539
2024-10-04,42352.75,32.12799835205078
2024-10-07,41954.23828125,31.7450008392334
2024-10-08,42080.37109375,30.354999542236328
2024-10-09,42512.0,30.424999237060547
2024-10-10,42454.12109375,31.0049991607666
2024-10-11,42863.859375,31.520000457763672
2024-10-14,43065.21875,31.08300018310547
2024-10-15,42740.421875,31.527000427246094
2024-10-16,43077.69921875,31.760000228881836
2024-10-17,43239.05078125,31.572999954223633
2024-10-18,43275.91015625,33.03200149536133
2024-10-21,42931.6015625,33.86899948120117
2024-10-22,42924.890625,34.83100128173828
2024-10-23,42514.94921875,33.63999938964844
2024-10-24,42374.359375,33.611000061035156
2024-10-25,42114.3984375,33.60300064086914
2024-10-28,42387.5703125,33.83000183105469
2024-10-29,42233.05078125,34.26900100708008
2024-10-30,42141.5390625,33.91400146484375
2024-10-31,41763.4609375,32.65299987792969
2024-11-01,42052.19140625,32.54199981689453
2024-11-04,41794.6015625,32.47999954223633
2024-11-05,42221.87890625,32.654998779296875
2024-11-06,43729.9296875,31.22100067138672
2024-11-07,43729.33984375,31.764999389648438
2024-11-08,43988.98828125,31.358999252319336
2024-11-11,44293.12890625,30.540000915527344
2024-11-12,43910.98046875,30.68600082397461
2024-11-13,43958.19140625,30.59000015258789
2024-11-14,43750.859375,30.507999420166016
2024-11-15,43444.98828125,30.371000289916992
2024-11-18,43389.6015625,31.163000106811523
2024-11-19,43268.94140625,31.20800018310547
2024-11-20,43408.46875,30.95599937438965
2024-11-21,43870.3515625,30.91200065612793
2024-11-22,44296.51171875,31.30900001525879
2024-11-25,44736.5703125,30.209999084472656
2024-11-26,44860.30859375,30.38800048828125
2024-11-27,44722.05859375,30.111000061035156
2024-11-29,44910.6484375,30.684999465942383
2024-12-02,44782.0,30.448999404907227
2024-12-03,44705.53125,31.07699966430664
2024-12-04,45014.0390625,31.5049991607666
2024-12-05,44765.7109375,31.134000778198242
2024-12-06,44642.51953125,31.18600082397461
2024-12-09,44401.9296875,32.215999603271484
2024-12-10,44247.828125,32.362998962402344
2024-12-11,44148.55859375,32.5620002746582
2024-12-12,43914.12109375,31.22800064086914
2024-12-13,43828.05859375,30.655000686645508
2024-12-16,43717.48046875,30.69700050354004
2024-12-17,43449.8984375,30.572999954223633
2024-12-18,42326.87109375,30.40999984741211
2024-12-19,42342.23828125,29.0939998626709
2024-12-20,42840.26171875,29.65999984741211
2024-12-23,42906.94921875,29.88800048828125
2024-12-24,43297.03125,29.974000930786133
2024-12-26,43325.80078125,30.047000885009766
2024-12-27,42992.2109375,29.655000686645508
2024-12-30,42573.73046875,29.106000900268555
2024-12-31,42544.21875,28.940000534057617
2025-01-02,42392.26953125,29.621999740600586
2025-01-03,42732.12890625,29.805999755859375
2025-01-06,42706.55859375,30.341999053955078
2025-01-07,42528.359375,30.44700050354004
2025-01-08,42635.19921875,30.45199966430664
2025-01-09,,30.791000366210938
2025-01-10,41938.44921875,31.090999603271484
2025-01-13,42297.12109375,30.090999603271484
2025-01-14,42518.28125,30.131999969482422
2025-01-15,43221.55078125,31.319000244140625
2025-01-16,43153.12890625,31.523000717163086
2025-01-17,43487.828125,30.951000213623047
2025-01-21,44025.80859375,31.31100082397461
2025-01-22,44156.73046875,31.23900032043457
2025-01-23,44565.0703125,30.67300033569336
2025-01-24,44424.25,31.023000717163086
2025-01-27,44713.578125,30.253999710083008
2025-01-28,44850.3515625,30.726999282836914
2025-01-29,44713.51953125,31.238000869750977
2025-01-30,44882.12890625,32.36399841308594
2025-01-31,44544.66015625,32.12799835205078
2025-02-03,44421.91015625,32.391998291015625
2025-02-04,44556.0390625,32.88800048828125
2025-02-05,44873.28125,32.856998443603516
2025-02-06,44747.62890625,32.518001556396484
2025-02-07,44303.3984375,32.334999084472656
2025-02-10,44470.41015625,32.391998291015625
2025-02-11,44593.6484375,32.23099899291992
2025-02-12,44368.55859375,32.69499969482422
2025-02-13,44711.4296875,32.650001525878906
2025-02-14,44546.078125,32.80099868774414
2025-02-18,44556.33984375,33.31700134277344
2025-02-19,44627.58984375,32.99300003051758
2025-02-20,44176.6484375,33.444000244140625
2025-02-21,43428.01953125,32.97600173950195
2025-02-24,43461.2109375,32.57500076293945
2025-02-25,43621.16015625,31.801000595092773
2025-02-26,43433.12109375,32.25299835205078
2025-02-27,43239.5,31.801000595092773
2025-02-28,43840.91015625,31.2189998626709
2025-03-03,43191.23828125,32.03200149536133
2025-03-04,42520.98828125,32.108001708984375
2025-03-05,43006.58984375,32.858001708984375
2025-03-06,42579.078125,33.0629997253418
2025-03-07,42801.71875,32.54800033569336
2025-03-10,41911.7109375,32.275001525878906
2025-03-11,41433.48046875,32.88800048828125
2025-03-12,41350.9296875,33.48400115966797
2025-03-13,40813.5703125,34.05099868774414
2025-03-14,41488.19140625,34.1870002746582
2025-03-17,41841.62890625,34.07400131225586
2025-03-18,41581.30859375,34.57899856567383
2025-03-19,41964.62890625,33.974998474121094
2025-03-20,41953.3203125,33.7859992980957
2025-03-21,41985.3515625,33.290000915527344
2025-03-24,42583.3203125,33.26499938964844
2025-03-25,42587.5,34.00199890136719
2025-03-26,42454.7890625,34.03300094604492
2025-03-27,42299.69921875,34.89699935913086
2025-03-28,41583.8984375,34.64400100708008
2025-03-31,42001.76171875,34.457000732421875
2025-04-01,41989.9609375,34.15800094604492
2025-04-02,42225.3203125,34.499000549316406
2025-04-03,40545.9296875,31.8439998626709
2025-04-04,38314.859375,29.115999221801758
2025-04-07,37965.6015625,29.510000228881836
2025-04-08,37645.58984375,29.591999053955078
2025-04-09,40608.44921875,30.322999954223633
2025-04-10,39593.66015625,30.67099952697754
2025-04-11,40212.7109375,31.823999404907227
2025-04-14,40524.7890625,32.09199905395508
2025-04-15,40368.9609375,32.22700119018555
2025-04-16,39669.390625,32.92599868774414
2025-04-17,39142.23046875,32.41999816894531
2025-04-21,38170.41015625,32.49599838256836
2025-04-22,39186.98046875,32.880001068115234
2025-04-23,39606.5703125,33.518001556396484
2025-04-24,40093.3984375,33.481998443603516
2025-04-25,40113.5,32.98899841308594
2025-04-28,40227.58984375,32.9900016784668
2025-04-29,40527.62109375,33.275001525878906
2025-04-30,40669.359375,32.53099822998047
2025-05-01,40752.9609375,32.18899917602539
2025-05-02,41317.4296875,31.98900032043457
2025-05-05,41218.828125,32.20500183105469
2025-05-06,40829.0,33.112998962402344
2025-05-07,41113.96875,32.53099822998047
2025-05-08,41368.44921875,32.37799835205078
2025-05-09,41249.37890625,32.67599868774414
2025-05-12,42410.1015625,32.38800048828125
2025-05-13,42140.4296875,32.86800003051758
2025-05-14,42051.05859375,32.22600173950195
2025-05-15,42322.75,32.48099899291992
2025-05-16,42654.73828125,32.15800094604492
2025-05-19,42792.0703125,32.3129997253418
2025-05-20,42677.23828125,32.97999954223633
2025-05-21,41860.44140625,33.4630012512207
2025-05-22,41859.08984375,33.047000885009766
2025-05-23,41603.0703125,33.44200134277344
2025-05-27,42343.6484375,33.145999908447266
2025-05-28,42098.69921875,33.0
2025-05-29,42215.73046875,33.28300094604492
2025-05-30,42270.0703125,32.891998291015625
2025-06-02,42305.48046875,34.5629997253418
2025-06-03,42519.640625,34.50299835205078
2025-06-04,42427.73828125,34.51900100708008
2025-06-05,42319.73828125,35.68899917602539
2025-06-06,42762.87109375,36.025001525878906
2025-06-09,42761.76171875,36.6879997253418
2025-06-10,42866.87109375,36.54199981689453
2025-06-11,42865.76953125,36.16600036621094
2025-06-12,42967.62109375,36.2130012512207
2025-06-13,42197.7890625,36.28099822998047
2025-06-16,42515.08984375,36.37900161743164
2025-06-17,42215.80078125,37.09000015258789
2025-06-18,42171.66015625,36.86600112915039
2025-06-20,42206.8203125,35.97600173950195
2025-06-23,42581.78125,36.15299987792969
2025-06-24,43089.01953125,35.70100021362305
2025-06-25,42982.4296875,36.084999084472656
2025-06-26,43386.83984375,36.58599853515625
2025-06-27,43819.26953125,36.0369987487793
2025-06-30,44094.76953125,35.85200119018555
2025-07-01,44494.94140625,36.082000732421875
2025-07-02,44484.421875,36.42599868774414
2025-07-03,44828.53125,36.784000396728516
2025-07-04,,36.775001525878906
2025-07-07,44406.359375,36.6150016784668
2025-07-08,44240.76171875,36.47200012207031
2025-07-09,44458.30078125,36.35100173950195
2025-07-10,44650.640625,37.03799819946289
2025-07-11,44371.51171875,38.67599868774414
2025-07-14,44459.6484375,38.46200180053711
2025-07-15,44023.2890625,37.83399963378906
2025-07-16,44254.78125,37.85300064086914
2025-07-17,44484.48828125,38.055999755859375
2025-07-18,44342.19140625,38.222999572753906
2025-07-21,44323.0703125,39.10100173950195
2025-07-22,44502.44140625,39.31999969482422
2025-07-23,45010.2890625,39.27799987792969
2025-07-24,44693.91015625,39.020999908447266
2025-07-25,44901.921875,38.16699981689453
2025-07-28,44837.55859375,38.0260009765625
2025-07-29,44632.98828125,38.08399963378906
2025-07-30,44461.28125,37.566001892089844
2025-07-31,44130.98046875,36.551998138427734
2025-08-01,43588.578125,36.7869987487793
2025-08-04,44173.640625,37.19200134277344
2025-08-05,44111.73828125,37.6870002746582
2025-08-06,44193.12109375,37.76599884033203
2025-08-07,43968.640625,38.15800094604492
2025-08-08,44175.609375,38.41699981689453
2025-08-11,43975.08984375,37.6619987487793
2025-08-12,44458.609375,37.89899826049805
2025-08-13,44922.26953125,38.499000549316406
2025-08-14,44911.26171875,37.981998443603516
2025-08-15,44946.12109375,37.89400100708008
2025-08-18,44911.8203125,37.95100021362305
2025-08-19,44922.26953125,37.26100158691406
2025-08-20,44938.30859375,37.70500183105469
2025-08-21,44785.5,38.027000427246094
2025-08-22,45631.73828125,39.00299835205078
2025-08-25,45282.46875,38.676998138427734
2025-08-26,45418.0703125,38.582000732421875
2025-08-27,45565.23046875,38.68899917602539
2025-08-28,45636.8984375,39.189998626708984
2025-08-29,45544.87890625,40.20000076293945
2025-09-02,45295.80859375,41.07099914550781
2025-09-03,45271.23046875,41.54199981689453
2025-09-04,45621.2890625,40.9109992980957
2025-09-05,45400.859375,41.07400131225586
2025-09-08,45514.94921875,41.42599868774414
2025-09-09,45711.33984375,40.87799835205078
2025-09-10,45490.921875,41.132999420166016
2025-09-11,46108.0,41.696998596191406
2025-09-12,45834.21875,42.387001037597656
2025-09-15,45883.44921875,42.516998291015625
2025-09-16,45757.8984375,42.47100067138672
2025-09-17,46018.3203125,41.72200012207031
2025-09-18,46142.421875,41.707000732421875
2025-09-19,46315.26953125,42.5359992980957
2025-09-22,46381.5390625,43.79899978637695
2025-09-23,46292.78125,44.19200134277344
2025-09-24,46121.28125,43.777000427246094
2025-09-25,45947.3203125,44.696998596191406
2025-09-26,46247.2890625,46.22100067138672
2025-09-29,46316.0703125,46.61199951171875
2025-09-30,46397.890625,46.25299835205078
2025-10-01,46441.1015625,47.290000915527344
2025-10-02,46519.71875,46.0
2025-10-03,46758.28125,47.59700012207031
2025-10-06,46694.96875,48.082000732421875
2025-10-07,46602.98046875,47.17900085449219
2025-10-08,46601.78125,48.65599822998047
2025-10-09,46358.421875,46.849998474121094
2025-10-10,45479.6015625,46.9379997253418
2025-10-13,46067.578125,50.130001068115234
2025-10-14,46270.4609375,50.31399917602539
2025-10-15,46253.30859375,51.073001861572266
2025-10-16,45952.23828125,53.02299880981445
2025-10-17,46190.609375,49.86399841308594
2025-10-20,46706.578125,51.11899948120117
2025-10-21,46924.73828125,47.45000076293945
2025-10-22,46590.41015625,47.46099853515625
2025-10-23,46734.609375,48.481998443603516
2025-10-24,47207.12109375,48.37699890136719
2025-10-27,47544.58984375,46.5620002746582
2025-10-28,47706.37109375,47.125
2025-10-29,47632.0,47.72100067138672
2025-10-30,47522.12109375,48.428001403808594
2025-10-31,47562.87109375,47.99399948120117
2025-11-03,47336.6796875,47.88800048828125
2025-11-04,47085.23828125,47.130001068115234
2025-11-05,47311.0,47.862998962402344
2025-11-06,46912.30078125,47.79399871826172
2025-11-07,46987.1015625,48.016998291015625
2025-11-10,47368.62890625,50.176998138427734
2025-11-11,47927.9609375,50.61800003051758
2025-11-12,48254.8203125,53.332000732421875
2025-11-13,47457.21875,53.07400131225586
2025-11-14,47147.48046875,50.59000015258789
2025-11-17,46590.23828125,50.625
2025-11-18,46091.73828125,50.45000076293945
2025-11-19,46138.76953125,50.790000915527344
2025-11-20,45752.26171875,50.24700164794922
2025-11-21,46245.41015625,49.87300109863281
2025-11-24,46448.26953125,50.29499816894531
2025-11-25,47112.44921875,50.933998107910156
2025-11-26,47427.12109375,52.91600036621094
2025-11-28,47716.421875,56.44599914550781
2025-12-01,47289.328125,58.417999267578125
2025-12-02,47474.4609375,57.983001708984375
2025-12-03,47882.8984375,57.92100143432617
2025-12-04,47850.94140625,56.84700012207031
2025-12-05,47954.98828125,58.422000885009766
2025-12-08,47739.3203125,57.77899932861328
2025-12-09,47560.2890625,60.16899871826172
2025-12-10,48057.75,60.37900161743164
2025-12-11,48704.01171875,63.92900085449219
2025-12-12,48458.05078125,61.36199951171875
2025-12-15,48416.55859375,62.939998626708984
2025-12-16,48114.26171875,62.70000076293945
2025-12-17,47885.96875,66.23699951171875
2025-12-18,47951.8515625,64.59200286865234
2025-12-19,48134.890625,66.84500122070312
2025-12-22,48362.6796875,67.90599822998047
2025-12-23,48442.41015625,70.48500061035156
2025-12-24,48731.16015625,71.03099822998047
2025-12-26,48710.96875,76.48600006103516
2025-12-29,48461.9296875,69.85600280761719
2025-12-30,48367.05859375,77.3740005493164
2025-12-31,48063.2890625,70.13400268554688
2026-01-02,48382.390625,70.55599975585938
2026-01-05,48977.1796875,76.16400146484375
2026-01-06,49462.078125,80.52999877929688
2026-01-07,48996.078125,77.13500213623047
2026-01-08,49266.109375,74.71600341796875
2026-01-09,49504.0703125,78.88400268554688
2026-01-12,49590.19921875,84.61000061035156
2026-01-13,49191.98828125,85.87699890136719
2026-01-14,49149.62890625,90.86900329589844
2026-01-15,49442.44140625,91.8759994506836
2026-01-16,49359.328125,88.09100341796875
2026-01-20,48488.58984375,94.20600128173828
2026-01-21,49077.23046875,92.20999908447266
2026-01-22,49384.01171875,95.97599792480469
2026-01-23,49098.7109375,100.92500305175781
2026-01-26,49412.3984375,115.08000183105469
2026-01-27,49003.41015625,105.52300262451172
2026-01-28,49015.6015625,113.11100006103516
2026-01-29,49071.55859375,114.03700256347656
2026-01-30,48892.46875,78.29000091552734
2026-02-02,49407.66015625,76.77799987792969
2026-02-03,49240.98828125,83.04199981689453
2026-02-04,49501.30078125,84.16500091552734
2026-02-05,48908.71875,76.52899932861328
2026-02-06,50115.671875,76.73500061035156
2026-02-09,50135.87109375,82.06500244140625
2026-02-10,50188.140625,80.21800231933594
2026-02-11,50121.3984375,83.75399780273438
2026-02-12,49451.98046875,75.5459976196289
2026-02-13,49500.9296875,77.85099792480469
2026-02-17,49533.19140625,73.4469985961914
2026-02-18,49662.66015625,77.50900268554688
2026-02-19,49395.16015625,77.56500244140625
2026-02-20,49625.96875,82.28299713134766
2026-02-23,48804.05859375,86.52300262451172
2026-02-24,49174.5,87.45700073242188
2026-02-25,49482.1484375,90.93900299072266
2026-02-26,49499.19921875,86.99800109863281
2026-02-27,48977.921875,92.68199920654297
2026-03-02,48904.78125,88.28399658203125
2026-03-03,48501.26953125,82.9229965209961
2026-03-04,48739.41015625,82.63300323486328
2026-03-05,47954.73828125,81.68699645996094
2026-03-06,47501.55078125,83.81600189208984
2026-03-09,47740.80078125,84.03199768066406
2026-03-10,47706.51171875,89.08300018310547
2026-03-11,47417.26953125,85.06500244140625
2026-03-12,46677.8515625,84.66999816894531
2026-03-13,46558.46875,80.91400146484375
2026-03-16,46946.41015625,80.26300048828125
2026-03-17,46993.26171875,79.52999877929688
2026-03-18,46225.1484375,77.23799896240234
2026-03-19,46021.4296875,70.9020004272461
2026-03-20,45577.46875,69.36000061035156
2026-03-23,46208.46875,69.04900360107422
2026-03-24,46124.05859375,69.27400207519531
2026-03-25,46429.48828125,72.36100006103516
2026-03-26,45960.109375,67.6709976196289
2026-03-27,45166.640625,69.54499816894531
2026-03-30,45216.140625,70.3239974975586
2026-03-31,46341.51171875,74.69000244140625
2026-04-01,46565.73828125,75.86699676513672
2026-04-02,46504.671875,72.73500061035156
2026-04-06,46669.87890625,72.66100311279297
2026-04-07,46584.4609375,71.82599639892578
2026-04-08,47909.921875,75.2239990234375
2026-04-09,48185.80078125,76.2770004272461
2026-04-10,47916.5703125,76.3239974975586
2026-04-13,48218.25,75.52300262451172
2026-04-14,48535.98828125,79.39099884033203
2026-04-15,48463.71875,79.49099731445312
2026-04-16,48578.71875,78.60600280761719
2026-04-17,49447.4296875,81.73799896240234
2026-04-20,49442.55859375,79.95099639892578
2026-04-21,49149.37890625,76.41100311279297
2026-04-22,49490.03125,77.89299774169922
2026-04-23,49310.3203125,75.46499633789062
2026-04-24,49230.7109375,76.38300323486328
2026-04-27,49167.7890625,75.00299835205078
2026-04-28,49141.9296875,73.20500183105469
2026-04-29,48861.80859375,71.56900024414062
2026-04-30,49652.140625,73.53399658203125
2026-05-01,49499.26953125,75.95099639892578
2026-05-04,48941.8984375,73.0719985961914
2026-05-05,49298.25,73.10800170898438
2026-05-06,49910.58984375,76.81099700927734
2026-05-07,49596.96875,79.70099639892578
2026-05-08,49609.16015625,80.3949966430664
2026-05-11,49704.46875,85.48500061035156
2026-05-12,49760.55859375,85.12999725341797
2026-05-13,49693.19921875,88.88800048828125
2026-05-14,50063.4609375,84.91200256347656
2026-05-15,49526.171875,77.16100311279297
2026-05-18,49686.12109375,77.072998046875
2026-05-19,49363.87890625,74.8280029296875
2026-05-20,50009.3515625,75.85099792480469
2026-05-21,50285.66015625,76.41400146484375
2026-05-22,50579.69921875,75.89299774169922
2026-05-26,50461.6796875,76.30500030517578
2026-05-27,50644.28125,74.5989990234375
2026-05-28,50668.96875,75.6449966430664
2026-05-29,51032.4609375,75.61599731445312
2026-06-01,51078.87890625,75.00700378417969
2026-06-02,51307.7890625,75.31099700927734
2026-06-03,50687.0703125,73.47599792480469
2026-06-04,51561.9296875,73.77899932861328
2026-06-05,50866.78125,68.94300079345703
2026-06-08,50786.01171875,68.42500305175781
2026-06-09,50872.109375,65.09400177001953
2026-06-10,49918.78125,64.5989990234375
2026-06-11,50848.75,63.8849983215332
2026-06-12,51202.26171875,67.85900115966797
2026-06-15,51671.03125,70.06600189208984
2026-06-16,51999.671875,69.89900207519531
2026-06-17,51492.55078125,70.69599914550781
2026-06-18,51564.69921875,66.25499725341797
2026-06-22,51712.7109375,65.5270004272461
2026-06-23,51666.83984375,62.02000045776367
2026-06-24,51848.8984375,58.051998138427734
2026-06-25,51920.62109375,58.347999572753906
2026-06-26,51876.109375,59.21699905395508
2026-06-29,52182.73828125,58.17499923706055
2026-06-30,52319.19921875,59.47700119018555
2026-07-01,52305.23828125,60.084999084472656
2026-07-02,52900.0703125,60.643001556396484
2026-07-06,53055.91015625,61.91999816894531
