date,fee_reward_ratio
2014-09-17,0.002480738189222574
2014-09-18,0.002489944619289011
2014-09-19,0.0023550648486774465
2014-09-20,0.0021633089797086736
2014-09-21,0.002146941826632969
2014-09-22,0.0025758974803898114
2014-09-23,0.003134800914614362
2014-09-24,0.0030065735053625415
2014-09-25,0.002782013775229334
2014-09-26,0.012595549678309878
2014-09-27,0.003062483035950341
2014-09-28,0.0030456437316347543
2014-09-29,0.003331802040406084
2014-09-30,0.0030320924843023774
2014-10-01,0.0032037345931852485
2014-10-02,0.002975001755332305
2014-10-03,0.0031606542550655327
2014-10-04,0.0030910882882175658
2014-10-05,0.002627429815449099
2014-10-06,0.002929740292661065
2014-10-07,0.0039013847043411465
2014-10-08,0.0033546139631121553
2014-10-09,0.003676986320941143
2014-10-10,0.0032130429085416704
2014-10-11,0.0027891002066762847
2014-10-12,0.0029716164131754247
2014-10-13,0.0031725766559497267
2014-10-14,0.0036193225735989855
2014-10-15,0.0031719569480787076
2014-10-16,0.0031646596013654217
2014-10-17,0.003216523116109081
2014-10-18,0.002402765868065725
2014-10-19,0.0029075292051816072
2014-10-20,0.003546974969430599
2014-10-21,0.0030082729315578606
2014-10-22,0.0029852969660214028
2014-10-23,0.003308433578540367
2014-10-24,0.0030061204704302093
2014-10-25,0.0025613168536857338
2014-10-26,0.0034971371028102325
2014-10-27,0.0032808610966447898
2014-10-28,0.0036233104015510574
2014-10-29,0.003183208155161926
2014-10-30,0.003055362957538085
2014-10-31,0.0025671645776002136
2014-11-01,0.0030711507118842372
2014-11-02,0.0030760320364515504
2014-11-03,0.0036038394728591895
2014-11-04,0.0029139297349035044
2014-11-05,0.0036045964270643104
2014-11-06,0.0035521598567479665
2014-11-07,0.0034153896907802234
2014-11-08,0.0026288112250057033
2014-11-09,0.003844189288362428
2014-11-10,0.0034008510747596367
2014-11-11,0.0038341063716861765
2014-11-12,0.004121746934726918
2014-11-13,0.003645809126533905
2014-11-14,0.0032700331653878977
2014-11-15,0.003160260850522862
2014-11-16,0.002864359847683581
2014-11-17,0.004114322405265784
2014-11-18,0.003170050586947387
2014-11-19,0.0036105133221503876
2014-11-20,0.003674641450665109
2014-11-21,0.003882150599641903
2014-11-22,0.0025076991457491323
2014-11-23,0.0032676366132255033
2014-11-24,0.0032770956374640193
2014-11-25,0.0034780257395275755
2014-11-26,0.0032869262856849877
2014-11-27,0.003216414591849397
2014-11-28,0.0030267642380489086
2014-11-29,0.0024334304338500096
2014-11-30,0.0030759338620662355
2014-12-01,0.003954466614364631
2014-12-02,0.003793066989013552
2014-12-03,0.004591336208013096
2014-12-04,0.0038558860647104724
2014-12-05,0.0029206670524671466
2014-12-06,0.0029672109802674675
2014-12-07,0.0032281940285858643
2014-12-08,0.004148330771933819
2014-12-09,0.0034122218887176563
2014-12-10,0.003311240278504553
2014-12-11,0.0030911385084482646
2014-12-12,0.003141300466136942
2014-12-13,0.0026325644299320483
2014-12-14,0.003097185074345549
2014-12-15,0.003793555463135219
2014-12-16,0.0038988418299999807
2014-12-17,0.004395193427683599
2014-12-18,0.00392649636267807
2014-12-19,0.003931842865435525
2014-12-20,0.0033775136317739903
2014-12-21,0.0030928570360729724
2014-12-22,0.0030714368468520476
2014-12-23,0.003606152767945033
2014-12-24,0.0027559724231180148
2014-12-25,0.002249538263669692
2014-12-26,0.0048559556264754404
2014-12-27,0.004379115671218792
2014-12-28,0.0027398023869081244
2014-12-29,0.0032437711365206194
2014-12-30,0.0029919368571626284
2014-12-31,0.0027505613063612904
2015-01-01,0.0019671488990368117
2015-01-02,0.002742528624380715
2015-01-03,0.002745675173940511
2015-01-04,0.004405071555906113
2015-01-05,0.0038397550768382934
2015-01-06,0.003065761194826998
2015-01-07,0.003565231809894431
2015-01-08,0.0040204336242332635
2015-01-09,0.004110354825757062
2015-01-10,0.003778692708424198
2015-01-11,0.003342432396790283
2015-01-12,0.013015130704949193
2015-01-13,0.004671788062911455
2015-01-14,0.003951699365749958
2015-01-15,0.004335452841864362
2015-01-16,0.003866083348482587
2015-01-17,0.003768726938995399
2015-01-18,0.0036182151061970235
2015-01-19,0.0037460413384961954
2015-01-20,0.004728520198939067
2015-01-21,0.0035144140674871842
2015-01-22,0.0037127801071196306
2015-01-23,0.004042179405808639
2015-01-24,0.0035857666515880307
2015-01-25,0.004274430293637502
2015-01-26,0.004659551347274708
2015-01-27,0.0033130798446739497
2015-01-28,0.002225583389197665
2015-01-29,0.002760657023977256
2015-01-30,0.002925581055579635
2015-01-31,0.002878308999791614
2015-02-01,0.002617249245414419
2015-02-02,0.0029907778688309634
2015-02-03,0.0037072582842793064
2015-02-04,0.00296615076592426
2015-02-05,0.0028632267337058135
2015-02-06,0.0024892875233032408
2015-02-07,0.0026927017018261424
2015-02-08,0.0034078040595658795
2015-02-09,0.0035383772335402515
2015-02-10,0.00350666788806934
2015-02-11,0.0035340145925553067
2015-02-12,0.004117307207115454
2015-02-13,0.0046919049078209905
2015-02-14,0.0036837122691080796
2015-02-15,0.0034845871930717083
2015-02-16,0.003695462064098294
2015-02-17,0.003857194220452286
2015-02-18,0.003497163858702547
2015-02-19,0.003111740928106018
2015-02-20,0.0038092558313800374
2015-02-21,0.0035499710825069876
2015-02-22,0.0031076322698326848
2015-02-23,0.0036854427221670078
2015-02-24,0.004294725000883093
2015-02-25,0.003590785661540444
2015-02-26,0.003770776645486251
2015-02-27,0.003627527687936686
2015-02-28,0.0035665038179474987
2015-03-01,0.0037615914429092586
2015-03-02,0.0037235475882805716
2015-03-03,0.003676465186985106
2015-03-04,0.003821536125108015
2015-03-05,0.00452126002391012
2015-03-06,0.0043805343520585465
2015-03-07,0.0036387395202955456
2015-03-08,0.003397137671034079
2015-03-09,0.004032100970100523
2015-03-10,0.0036320362831594845
2015-03-11,0.004014815292049036
2015-03-12,0.004066776780634059
2015-03-13,0.0037355415466176272
2015-03-14,0.003574893937180878
2015-03-15,0.003358675848786258
2015-03-16,0.00434835720536262
2015-03-17,0.003893010876627545
2015-03-18,0.0037517922546265164
2015-03-19,0.004338614208864535
2015-03-20,0.004615537666563061
2015-03-21,0.003202379771230473
2015-03-22,0.0037317240419121774
2015-03-23,0.00451059302899878
2015-03-24,0.0030139575121079115
2015-03-25,0.0036502783316577545
2015-03-26,0.0033804378290273923
2015-03-27,0.003012650620947934
2015-03-28,0.0033033985361696047
2015-03-29,0.0030949965374083687
2015-03-30,0.0041437310321182485
2015-03-31,0.004061633843823333
2015-04-01,0.0048446410271624765
2015-04-02,0.003530511616428019
2015-04-03,0.003858705013705107
2015-04-04,0.003337060647269817
2015-04-05,0.0037541205300951185
2015-04-06,0.004795714046490108
2015-04-07,0.00381581288682585
2015-04-08,0.004516900021643562
2015-04-09,0.0054783802358071365
2015-04-10,0.006445603286311566
2015-04-11,0.004519890224423587
2015-04-12,0.0041527375600650595
2015-04-13,0.0041717432949951085
2015-04-14,0.004171845397503692
2015-04-15,0.005016823929512116
2015-04-16,0.003769696160640847
2015-04-17,0.004601123766116172
2015-04-18,0.003533995771083553
2015-04-19,0.0031198882734326965
2015-04-20,0.0045304511787418325
2015-04-21,0.0038202880064228894
2015-04-22,0.0039448449030333
2015-04-23,0.004629889163425652
2015-04-24,0.004775538469472227
2015-04-25,0.020450647473811194
2015-04-26,0.0036382949247279655
2015-04-27,0.004169773659294538
2015-04-28,0.0040880768973665035
2015-04-29,0.005208640744429958
2015-04-30,0.004904973335618275
2015-05-01,0.00334983255177183
2015-05-02,0.003528236974748443
2015-05-03,0.003421459111600915
2015-05-04,0.004409448093869401
2015-05-05,0.004171133869828903
2015-05-06,0.003784226761242618
2015-05-07,0.0043565163942798435
2015-05-08,0.00398154499556172
2015-05-09,0.0038898379656419043
2015-05-10,0.004267614087050407
2015-05-11,0.0041431494161236655
2015-05-12,0.004149983245975701
2015-05-13,0.0035049056116828138
2015-05-14,0.0032293595854994547
2015-05-15,0.003879571677425772
2015-05-16,0.0037784639968867486
2015-05-17,0.0028459260513059763
2015-05-18,0.004064245699345642
2015-05-19,0.0046209321684256965
2015-05-20,0.003978642130621679
2015-05-21,0.0035115300660128047
2015-05-22,0.004234150997478601
2015-05-23,0.0042949325740827505
2015-05-24,0.0034889121222048134
2015-05-25,0.004275083576591377
2015-05-26,0.00449146250932058
2015-05-27,0.004397109953377382
2015-05-28,0.004784133983746547
2015-05-29,0.004418562919538733
2015-05-30,0.004843410194307277
2015-05-31,0.010012642386905699
2015-06-01,0.006461955287020656
2015-06-02,0.004775297413908268
2015-06-03,0.005027768223416037
2015-06-04,0.0044368836877498605
2015-06-05,0.004397150333521885
2015-06-06,0.0028151167754471304
2015-06-07,0.0032725079281036612
2015-06-08,0.0040354248400102394
2015-06-09,0.0045372265514012555
2015-06-10,0.0045595158904673866
2015-06-11,0.004833454714505403
2015-06-12,0.0048737225681541076
2015-06-13,0.003989505519169209
2015-06-14,0.0039650829397458315
2015-06-15,0.005278547236662598
2015-06-16,0.006059684071765759
2015-06-17,0.005820849384024976
2015-06-18,0.006506517991842634
2015-06-19,0.007016265741967673
2015-06-20,0.004400648918113614
2015-06-21,0.0043637817002948115
2015-06-22,0.0074245236037856375
2015-06-23,0.0048202598034554865
2015-06-24,0.0039003184388545276
2015-06-25,0.004107169163345455
2015-06-26,0.00426406509984496
2015-06-27,0.004929504054749595
2015-06-28,0.004019889578563637
2015-06-29,0.004968692070000205
2015-06-30,0.008021164708559759
2015-07-01,0.0062448519670060786
2015-07-02,0.0059627703400402954
2015-07-03,0.005236745011994512
2015-07-04,0.004563232233455381
2015-07-05,0.00560436735677161
2015-07-06,0.007517527379572237
2015-07-07,0.012669797275935214
2015-07-08,0.012299208164325589
2015-07-09,0.01173807449340993
2015-07-10,0.009420273145183101
2015-07-11,0.00983492931026724
2015-07-12,0.011838393568268699
2015-07-13,0.008198728050648637
2015-07-14,0.007910303257197097
2015-07-15,0.006659265737302575
2015-07-16,0.007741731329804985
2015-07-17,0.006107188564341778
2015-07-18,0.0117480986798847
2015-07-19,0.004950673290965556
2015-07-20,0.009957812681133514
2015-07-21,0.007533643867041431
2015-07-22,0.006753669143159306
2015-07-23,0.006988637834016385
2015-07-24,0.0052578912297738326
2015-07-25,0.004752239727949207
2015-07-26,0.00556769778957655
2015-07-27,0.008406897462200975
2015-07-28,0.007921857612273004
2015-07-29,0.00962215175540824
2015-07-30,0.009724519277109085
2015-07-31,0.009423859858655395
2015-08-01,0.008194495719528724
2015-08-02,0.004803088125782885
2015-08-03,0.006737565910815574
2015-08-04,0.009982646913605476
2015-08-05,0.009445941411425822
2015-08-06,0.010093369021724637
2015-08-07,0.006946818619695341
2015-08-08,0.005126146882897706
2015-08-09,0.005240551775075527
2015-08-10,0.006633721065599248
2015-08-11,0.005762088599609185
2015-08-12,0.008078718202562316
2015-08-13,0.006654135347223714
2015-08-14,0.006386845811843135
2015-08-15,0.005655925844133083
2015-08-16,0.005115868492407183
2015-08-17,0.00571614025202613
2015-08-18,0.007007270333081991
2015-08-19,0.005793662184488066
2015-08-20,0.00657993607462263
2015-08-21,0.005312734271757101
2015-08-22,0.0050339222327357575
2015-08-23,0.006212159768373931
2015-08-24,0.006540237417287656
2015-08-25,0.007002789675427616
2015-08-26,0.00569074318846525
2015-08-27,0.0064108410225090775
2015-08-28,0.005954823012691598
2015-08-29,0.004700019105858066
2015-08-30,0.004768644520455718
2015-08-31,0.006204068296618276
2015-09-01,0.00616797213310853
2015-09-02,0.013300541216054746
2015-09-03,0.0072323879688909465
2015-09-04,0.006150027604881107
2015-09-05,0.006814262307246581
2015-09-06,0.005395987741752895
2015-09-07,0.007596721955056258
2015-09-08,0.007286491637285282
2015-09-09,0.006711660466840186
2015-09-10,0.00557612473712568
2015-09-11,0.009242810684403026
2015-09-12,0.00829122401932957
2015-09-13,0.006598106361105338
2015-09-14,0.007824198114884861
2015-09-15,0.007130583910856789
2015-09-16,0.007067544316270163
2015-09-17,0.007119234529983458
2015-09-18,0.006407166238763988
2015-09-19,0.006787520798554384
2015-09-20,0.006274542209031693
2015-09-21,0.008500531364434329
2015-09-22,0.006672077605463716
2015-09-23,0.00610367522522936
2015-09-24,0.006696267861868872
2015-09-25,0.0060595258699597835
2015-09-26,0.005352662472882557
2015-09-27,0.005409071967958986
2015-09-28,0.006487973344305713
2015-09-29,0.005791053866336
2015-09-30,0.007020859184165159
2015-10-01,0.007304307139748204
2015-10-02,0.007170526260010348
2015-10-03,0.005611867931452592
2015-10-04,0.004815263910390836
2015-10-05,0.00577210552066688
2015-10-06,0.006680958183438628
2015-10-07,0.007230339076902454
2015-10-08,0.007402448384259402
2015-10-09,0.007165319442801781
2015-10-10,0.005922367099123614
2015-10-11,0.004969869807420292
2015-10-12,0.007008061023183304
2015-10-13,0.007223791246229898
2015-10-14,0.007020068188259554
2015-10-15,0.006583235307945102
2015-10-16,0.007372837551774357
2015-10-17,0.007811657285238658
2015-10-18,0.005997802699306287
2015-10-19,0.006267994368016139
2015-10-20,0.009665108132912817
2015-10-21,0.007636505995430863
2015-10-22,0.0074619599374421645
2015-10-23,0.007469270608882268
2015-10-24,0.006792486367791273
2015-10-25,0.00561913997166225
2015-10-26,0.006358629945151908
2015-10-27,0.007756731262601164
2015-10-28,0.008339239022586868
2015-10-29,0.008537500408713195
2015-10-30,0.007298049219627364
2015-10-31,0.00721743705494127
2015-11-01,0.007173149112657528
2015-11-02,0.008436457894284601
2015-11-03,0.008303679838978372
2015-11-04,0.012773118213346679
2015-11-05,0.009164666377973703
2015-11-06,0.008735247893553528
2015-11-07,0.006268707493028312
2015-11-08,0.006488075092237164
2015-11-09,0.0073074795588717835
2015-11-10,0.0077670969645768926
2015-11-11,0.006351274751011528
2015-11-12,0.0060300702951376385
2015-11-13,0.006295389105511129
2015-11-14,0.006741695906627565
2015-11-15,0.005481708536132951
2015-11-16,0.005936082319234753
2015-11-17,0.006710461484765837
2015-11-18,0.006526162155044162
2015-11-19,0.0070127773441322734
2015-11-20,0.005656443069911838
2015-11-21,0.00542243751973028
2015-11-22,0.005344806859093427
2015-11-23,0.006027673902370391
2015-11-24,0.006246942532084899
2015-11-25,0.007065949296896994
2015-11-26,0.006236514726467909
2015-11-27,0.007790729625601731
2015-11-28,0.006384628090766756
2015-11-29,0.005849379465924891
2015-11-30,0.008054199668478456
2015-12-01,0.006892675689890682
2015-12-02,0.007630507498732874
2015-12-03,0.007769894850929362
2015-12-04,0.007452694853475172
2015-12-05,0.006754804682075289
2015-12-06,0.007429471770400841
2015-12-07,0.008690353084243532
2015-12-08,0.007092454608118828
2015-12-09,0.008626530306199727
2015-12-10,0.006564047805306981
2015-12-11,0.010598856202802443
2015-12-12,0.008917486306561424
2015-12-13,0.009286051317638822
2015-12-14,0.008060993464252108
2015-12-15,0.008576744775275588
2015-12-16,0.009068203560467876
2015-12-17,0.00949219208122543
2015-12-18,0.008618545491898517
2015-12-19,0.00832422712170234
2015-12-20,0.008001453747092874
2015-12-21,0.010735050547547517
2015-12-22,0.010461885772402821
2015-12-23,0.009607463050000663
2015-12-24,0.009949421497538222
2015-12-25,0.0072670081564359616
2015-12-26,0.006521937839362735
2015-12-27,0.004976371483089132
2015-12-28,0.007950822884016462
2015-12-29,0.0072351801934533375
2015-12-30,0.007293533128114447
2015-12-31,0.006957248057407964
2016-01-01,0.005649112647035714
2016-01-02,0.008255537566320371
2016-01-03,0.006399467897846433
2016-01-04,0.006649997085746169
2016-01-05,0.007875025781782799
2016-01-06,0.008289017209740302
2016-01-07,0.009552588380247567
2016-01-08,0.007363318628030873
2016-01-09,0.00779410159114585
2016-01-10,0.006350550255685855
2016-01-11,0.008012794810035964
2016-01-12,0.008001597962618394
2016-01-13,0.008903009641074582
2016-01-14,0.009481668180503812
2016-01-15,0.011493792190378847
2016-01-16,0.009697485950044302
2016-01-17,0.009401612515020023
2016-01-18,0.009064878894179685
2016-01-19,0.011710423804755846
2016-01-20,0.011693683985159433
2016-01-21,0.014246955977903944
2016-01-22,0.010009793807776139
2016-01-23,0.008418016784400892
2016-01-24,0.008994477430854464
2016-01-25,0.011129940069631857
2016-01-26,0.011138621323791226
2016-01-27,0.012389235522082246
2016-01-28,0.012651546310177104
2016-01-29,0.010512563221082906
2016-01-30,0.00781490131881846
2016-01-31,0.007547343051681979
2016-02-01,0.013308753236712774
2016-02-02,0.012425263305052696
2016-02-03,0.009235672777186751
2016-02-04,0.008653153514162524
2016-02-05,0.008744797922269763
2016-02-06,0.007695731926908747
2016-02-07,0.008448425362995443
2016-02-08,0.010970241808958309
2016-02-09,0.009107297883689825
2016-02-10,0.010775862843968333
2016-02-11,0.009063086891346292
2016-02-12,0.00892277639268691
2016-02-13,0.00815069548286359
2016-02-14,0.008403725739120335
2016-02-15,0.010961197135548162
2016-02-16,0.012093524910144314
2016-02-17,0.011179406421056002
2016-02-18,0.010034218246720397
2016-02-19,0.012471275514498208
2016-02-20,0.010183413979755777
2016-02-21,0.012434300155268772
2016-02-22,0.014188448148760089
2016-02-23,0.013955943984890043
2016-02-24,0.015218831675018021
2016-02-25,0.01158484285358955
2016-02-26,0.011542513572079326
2016-02-27,0.009998685734319664
2016-02-28,0.012435355238306522
2016-02-29,0.016355165615351913
2016-03-01,0.01645086675249491
2016-03-02,0.02288950708560634
2016-03-03,0.015999484010345483
2016-03-04,0.013138047775651446
2016-03-05,0.01619559898643597
2016-03-06,0.01047310319983501
2016-03-07,0.013060173610500624
2016-03-08,0.01149565557694267
2016-03-09,0.012519237080770393
2016-03-10,0.010503346198843062
2016-03-11,0.009849250838233166
2016-03-12,0.009460430017437592
2016-03-13,0.010519079566452361
2016-03-14,0.010689463689067709
2016-03-15,0.010657083420360073
2016-03-16,0.012179805463897794
2016-03-17,0.01281224519397743
2016-03-18,0.012441688690932769
2016-03-19,0.01000262711578804
2016-03-20,0.00903343957659087
2016-03-21,0.011695033448514969
2016-03-22,0.011308647019242984
2016-03-23,0.00998255455485901
2016-03-24,0.010102545992564823
2016-03-25,0.008884054145588228
2016-03-26,0.009182883023468992
2016-03-27,0.008939091963311769
2016-03-28,0.010709591447332106
2016-03-29,0.01447307428523269
2016-03-30,0.01229648437657961
2016-03-31,0.014375026699056482
2016-04-01,0.013679644962780102
2016-04-02,0.012896197788718014
2016-04-03,0.012068369508863273
2016-04-04,0.010371822272859219
2016-04-05,0.012172466467809406
2016-04-06,0.014558148992580493
2016-04-07,0.012543233803512296
2016-04-08,0.011958735625465022
2016-04-09,0.008827021894204473
2016-04-10,0.007625274587413952
2016-04-11,0.01267399050998126
2016-04-12,0.01346714270030243
2016-04-13,0.011030827115076016
2016-04-14,0.01082402288817934
2016-04-15,0.012244890352067451
2016-04-16,0.00979317800585084
2016-04-17,0.008599600834750929
2016-04-18,0.013822654796758437
2016-04-19,0.011280972345634199
2016-04-20,0.010357774762101118
2016-04-21,0.011213755485724581
2016-04-22,0.011131971766636186
2016-04-23,0.009124347104010253
2016-04-24,0.009970425614375627
2016-04-25,0.0134613197144016
2016-04-26,0.0796707230086844
2016-04-27,0.013374803679311726
2016-04-28,0.01436029352743247
2016-04-29,0.012387239866377617
2016-04-30,0.011080436788641252
2016-05-01,0.008502890883958534
2016-05-02,0.011302779848781726
2016-05-03,0.011753398854956664
2016-05-04,0.011051431042352943
2016-05-05,0.011242402604617653
2016-05-06,0.010732969774195182
2016-05-07,0.009932261232920485
2016-05-08,0.008240367258072154
2016-05-09,0.009386407102241015
2016-05-10,0.012018649665495441
2016-05-11,0.013617665441590496
2016-05-12,0.012966411170665415
2016-05-13,0.012096019170808723
2016-05-14,0.012848509255415991
2016-05-15,0.012866594602940654
2016-05-16,0.016879485744759195
2016-05-17,0.01630948664760624
2016-05-18,0.014265173949587906
2016-05-19,0.01770545033063352
2016-05-20,0.01367226632868598
2016-05-21,0.01582925086231585
2016-05-22,0.009201027358113427
2016-05-23,0.011990182484044869
2016-05-24,0.015620537785307512
2016-05-25,0.016795827832771466
2016-05-26,0.01622108932343599
2016-05-27,0.019735479567001505
2016-05-28,0.015514045249780308
2016-05-29,0.012791237275043384
2016-05-30,0.015764704046193803
2016-05-31,0.01618910163979427
2016-06-01,0.01536165566940582
2016-06-02,0.016470169819805633
2016-06-03,0.015040442310428484
2016-06-04,0.015382281326623044
2016-06-05,0.01024958390963087
2016-06-06,0.012047278131894441
2016-06-07,0.014655519969448017
2016-06-08,0.013791267702580311
2016-06-09,0.01281179223016367
2016-06-10,0.014462013380744003
2016-06-11,0.011648610738238335
2016-06-12,0.014145976470469885
2016-06-13,0.01562934323801801
2016-06-14,0.019983078901633346
2016-06-15,0.021467874671401103
2016-06-16,0.021670661022439648
2016-06-17,0.020654250464778316
2016-06-18,0.017532785936276562
2016-06-19,0.013986533277834947
2016-06-20,0.01773500504383332
2016-06-21,0.020096710907006536
2016-06-22,0.023739709313118407
2016-06-23,0.021055088338292827
2016-06-24,0.022340641464969967
2016-06-25,0.014891459146836353
2016-06-26,0.014692528734967994
2016-06-27,0.0165326251520585
2016-06-28,0.015529381777175473
2016-06-29,0.015518832716764325
2016-06-30,0.016382744532250085
2016-07-01,0.014257652675924475
2016-07-02,0.013955673455997367
2016-07-03,0.011421881414306478
2016-07-04,0.014065975263909522
2016-07-05,0.015080137718482708
2016-07-06,0.015671156072424267
2016-07-07,0.01613105261822034
2016-07-08,0.015107841481044717
2016-07-09,0.014470574041491782
2016-07-10,0.01927485910380822
2016-07-11,0.030774608782187886
2016-07-12,0.027900077716398585
2016-07-13,0.031490253091834945
2016-07-14,0.031601687267477876
2016-07-15,0.031349599869355246
2016-07-16,0.024697141568189675
2016-07-17,0.025032914324772622
2016-07-18,0.03064463921114044
2016-07-19,0.03721351464162111
2016-07-20,0.033115798335241795
2016-07-21,0.03483358368234274
2016-07-22,0.03881630952954138
2016-07-23,0.03518769821207956
2016-07-24,0.03170582571725949
2016-07-25,0.040288896438240594
2016-07-26,0.04204117708414045
2016-07-27,0.04358491897189884
2016-07-28,0.04043018854123908
2016-07-29,0.0376406206639465
2016-07-30,0.04151802210533371
2016-07-31,0.036343802538351296
2016-08-01,0.036332627208739574
2016-08-02,0.04045758697876969
2016-08-03,0.03497833509597739
2016-08-04,0.03509846587264083
2016-08-05,0.03409771605215347
2016-08-06,0.027944825852987586
2016-08-07,0.03455396683458547
2016-08-08,0.04425033187725973
2016-08-09,0.045673601257909015
2016-08-10,0.03855372204237139
2016-08-11,0.04089257125237169
2016-08-12,0.036604972726875885
2016-08-13,0.030211938848248774
2016-08-14,0.029171793592324236
2016-08-15,0.03606281194159565
2016-08-16,0.0466581068171751
2016-08-17,0.04586658976576819
2016-08-18,0.03781761018429683
2016-08-19,0.039829981165306866
2016-08-20,0.03062819841038931
2016-08-21,0.024107811806538152
2016-08-22,0.03222471316773134
2016-08-23,0.03650662855851002
2016-08-24,0.032426417380876545
2016-08-25,0.03778801802468435
2016-08-26,0.03564452010479594
2016-08-27,0.029760164042984153
2016-08-28,0.025099017005587036
2016-08-29,0.03243815477711191
2016-08-30,0.030919001489202593
2016-08-31,0.035957428155229364
2016-09-01,0.03501168452356864
2016-09-02,0.028396344506371025
2016-09-03,0.03146307870608132
2016-09-04,0.020422736161229374
2016-09-05,0.03494018141161929
2016-09-06,0.03445531902006219
2016-09-07,0.031869405450892285
2016-09-08,0.03171135217336583
2016-09-09,0.03422850968520317
2016-09-10,0.025610591742487098
2016-09-11,0.02231952934530658
2016-09-12,0.02584776336936923
2016-09-13,0.03194432182694369
2016-09-14,0.03099033301216203
2016-09-15,0.029926184669980527
2016-09-16,0.03523593636868022
2016-09-17,0.027501001278395252
2016-09-18,0.028427263517391135
2016-09-19,0.03824288897465856
2016-09-20,0.03495025195106316
2016-09-21,0.030355161501196687
2016-09-22,0.033415447296631574
2016-09-23,0.03426306347543409
2016-09-24,0.027109772811696606
2016-09-25,0.02082987503743269
2016-09-26,0.030710600065995693
2016-09-27,0.029292647579624485
2016-09-28,0.03352600240269602
2016-09-29,0.036931750858614845
2016-09-30,0.03711791760658759
2016-10-01,0.028828054351426997
2016-10-02,0.029450874714660846
2016-10-03,0.0380748127538114
2016-10-04,0.034719747592435006
2016-10-05,0.03369778363460507
2016-10-06,0.03610819036968479
2016-10-07,0.038754432126871075
2016-10-08,0.030966442871630133
2016-10-09,0.02825946804129145
2016-10-10,0.04192139189660681
2016-10-11,0.04447465502845246
2016-10-12,0.03646794250608606
2016-10-13,0.039859311143237146
2016-10-14,0.03827843596879046
2016-10-15,0.03407125160111711
2016-10-16,0.034430967455843516
2016-10-17,0.04430105860784421
2016-10-18,0.038340530241063805
2016-10-19,0.0383223169478924
2016-10-20,0.05062046857351558
2016-10-21,0.03578002320498955
2016-10-22,0.03465115475717264
2016-10-23,0.0364154508544681
2016-10-24,0.043427267000639765
2016-10-25,0.05398023511097716
2016-10-26,0.06692076465277715
2016-10-27,0.05183085522741616
2016-10-28,0.04120159109199044
2016-10-29,0.03805161592009989
2016-10-30,0.028874384267459276
2016-10-31,0.039964535459759205
2016-11-01,0.04204868688020003
2016-11-02,0.04568060505453116
2016-11-03,0.03900825242088364
2016-11-04,0.054940861461357446
2016-11-05,0.03858042833622969
2016-11-06,0.035709780615114754
2016-11-07,0.04766677736018281
2016-11-08,0.040570089936416434
2016-11-09,0.04322897916060337
2016-11-10,0.03770665470316153
2016-11-11,0.03459342934291038
2016-11-12,0.030129550560817092
2016-11-13,0.0340653424313924
2016-11-14,0.03562457827951073
2016-11-15,0.04009642839589043
2016-11-16,0.03588103419107426
2016-11-17,0.04253746228965714
2016-11-18,0.042968789288878755
2016-11-19,0.03906890896928078
2016-11-20,0.04359181884202734
2016-11-21,0.051170660312406635
2016-11-22,0.05715718848637573
2016-11-23,0.055837823256469195
2016-11-24,0.06254498933917269
2016-11-25,0.06671001370101716
2016-11-26,0.05052740661653838
2016-11-27,0.043148665958919766
2016-11-28,0.05069771570296889
2016-11-29,0.05145574843824849
2016-11-30,0.05257651525543244
2016-12-01,0.053314279843783986
2016-12-02,0.06317632954276384
2016-12-03,0.04462066266896928
2016-12-04,0.04768485657242576
2016-12-05,0.052325816164687615
2016-12-06,0.05989536685825755
2016-12-07,0.04678478872609736
2016-12-08,0.046681816160618735
2016-12-09,0.05383404608166392
2016-12-10,0.05000972658752846
2016-12-11,0.03083235291739182
2016-12-12,0.04563920594183882
2016-12-13,0.04174944209359132
2016-12-14,0.051745800099258596
2016-12-15,0.059499579026703636
2016-12-16,0.05544109146715927
2016-12-17,0.04322793950482237
2016-12-18,0.041882069318212485
2016-12-19,0.051797431418941844
2016-12-20,0.05578942327689516
2016-12-21,0.05402751459190727
2016-12-22,0.05084046080101652
2016-12-23,0.050226162189211734
2016-12-24,0.046568870400017635
2016-12-25,0.02848419963274833
2016-12-26,0.04720890067366727
2016-12-27,0.04791911611509671
2016-12-28,0.04816052605290779
2016-12-29,0.05354941596988187
2016-12-30,0.048451695494876046
2016-12-31,0.04225950188361146
2017-01-01,0.03239499686368655
2017-01-02,0.0537124485341222
2017-01-03,0.053785240421007435
2017-01-04,0.0921349807322915
2017-01-05,0.06068165752736266
2017-01-06,0.05959572323339477
2017-01-07,0.058032475322253516
2017-01-08,0.041879637600449895
2017-01-09,0.05619302831913013
2017-01-10,0.056449427674180076
2017-01-11,0.05481429263465393
2017-01-12,0.046445782251611646
2017-01-13,0.04901812647254948
2017-01-14,0.03796273627082502
2017-01-15,0.037897424777152015
2017-01-16,0.04615528855785163
2017-01-17,0.05172622294579493
2017-01-18,0.05429201808407216
2017-01-19,0.048849803923490503
2017-01-20,0.04159824419820942
2017-01-21,0.039751518084302856
2017-01-22,0.0384845572930147
2017-01-23,0.05946124960493696
2017-01-24,0.07140221247360988
2017-01-25,0.06758049274635176
2017-01-26,0.05996909797185526
2017-01-27,0.050940802831089926
2017-01-28,0.06000624074703823
2017-01-29,0.054289205982234044
2017-01-30,0.06949303484107171
2017-01-31,0.07354269881994928
2017-02-01,0.060621164896200355
2017-02-02,0.06628089862678037
2017-02-03,0.08020212518230281
2017-02-04,0.07159041934938944
2017-02-05,0.06355746291484543
2017-02-06,0.0902478976321764
2017-02-07,0.08250858181763004
2017-02-08,0.07928829894471635
2017-02-09,0.07495509297611824
2017-02-10,0.07021938685261746
2017-02-11,0.06313914859324726
2017-02-12,0.0553376046158301
2017-02-13,0.06255735986774423
2017-02-14,0.06172733548543938
2017-02-15,0.07141636589890263
2017-02-16,0.08268690251006328
2017-02-17,0.0807976434346145
2017-02-18,0.07416892178663274
2017-02-19,0.07066136057817478
2017-02-20,0.0797004500114547
2017-02-21,0.08753526871259269
2017-02-22,0.09486093432976468
2017-02-23,0.10128214645173117
2017-02-24,0.0999869189504503
2017-02-25,0.08033757101757186
2017-02-26,0.06700079247773572
2017-02-27,0.09794427617439641
2017-02-28,0.10626506305902139
2017-03-01,0.11324428949084449
2017-03-02,0.11385455090920596
2017-03-03,0.12094841554153232
2017-03-04,0.11835327556381169
2017-03-05,0.10547308233385537
2017-03-06,0.11641292961989982
2017-03-07,0.12049123257797896
2017-03-08,0.11552364021681347
2017-03-09,0.11349236269160758
2017-03-10,0.11719336962481969
2017-03-11,0.10455072297510926
2017-03-12,0.08938256701964811
2017-03-13,0.11010714088841668
2017-03-14,0.11611910330120541
2017-03-15,0.11682885674698106
2017-03-16,0.12049762221427096
2017-03-17,0.11261945560741748
2017-03-18,0.098126405266785
2017-03-19,0.09253594330631938
2017-03-20,0.12424010998644498
2017-03-21,0.12216659542424181
2017-03-22,0.11685018476527324
2017-03-23,0.11320583155450166
2017-03-24,0.09528038404425325
2017-03-25,0.0986115937497633
2017-03-26,0.06888737639618714
2017-03-27,0.10607786822406746
2017-03-28,0.10733025379759246
2017-03-29,0.10810332363434295
2017-03-30,0.08876677447996596
2017-03-31,0.11067490012795736
2017-04-01,0.10293331807905833
2017-04-02,0.08360378684600164
2017-04-03,0.08775049327352359
2017-04-04,0.11306491279725758
2017-04-05,0.10270397946385404
2017-04-06,0.10724901274528288
2017-04-07,0.09833202836724689
2017-04-08,0.09028171203625428
2017-04-09,0.07672287723326354
2017-04-10,0.09701017708703928
2017-04-11,0.09731200534533448
2017-04-12,0.10622130149607978
2017-04-13,0.11980651890760141
2017-04-14,0.11918832318719906
2017-04-15,0.09708461766089703
2017-04-16,0.07903377469578349
2017-04-17,0.09385112840405552
2017-04-18,0.10661191221773623
2017-04-19,0.10450511195051303
2017-04-20,0.1159526059942816
2017-04-21,0.10464346391040724
2017-04-22,0.09007561096107929
2017-04-23,0.07445096923240546
2017-04-24,0.10825336041269007
2017-04-25,0.12816453971419228
2017-04-26,0.11711115579124685
2017-04-27,0.12177140438166949
2017-04-28,0.12802677892693348
2017-04-29,0.10547153252096385
2017-04-30,0.09602355057697184
2017-05-01,0.10878402210315317
2017-05-02,0.12129149902689332
2017-05-03,0.13047563779232182
2017-05-04,0.1273497883998967
2017-05-05,0.13861754626413186
2017-05-06,0.12379204024995022
2017-05-07,0.11662899417508693
2017-05-08,0.12259239990948059
2017-05-09,0.13532106575432926
2017-05-10,0.1400246490515896
2017-05-11,0.14226717127070915
2017-05-12,0.1431730127294599
2017-05-13,0.13242547336109045
2017-05-14,0.12438886033826467
2017-05-15,0.13292645365209177
2017-05-16,0.1695775113217336
2017-05-17,0.19994815633130256
2017-05-18,0.17994392257444478
2017-05-19,0.17766216633297074
2017-05-20,0.1582858353321811
2017-05-21,0.16104779803625288
2017-05-22,0.17876192045646203
2017-05-23,0.1822697504415468
2017-05-24,0.19630650127581498
2017-05-25,0.19648300256366963
2017-05-26,0.1946077298059562
2017-05-27,0.20137601429432186
2017-05-28,0.16741369769845113
2017-05-29,0.20776386900522664
2017-05-30,0.2068379823801699
2017-05-31,0.21779776188872738
2017-06-01,0.21129905831300796
2017-06-02,0.20487468665842717
2017-06-03,0.18427326165734323
2017-06-04,0.17941953172895694
2017-06-05,0.18705619292395562
2017-06-06,0.21135920749251919
2017-06-07,0.24476294027053377
2017-06-08,0.19219751479329297
2017-06-09,0.19357924191774428
2017-06-10,0.18088617186909733
2017-06-11,0.16146758805136607
2017-06-12,0.178988350809277
2017-06-13,0.2138108207901314
2017-06-14,0.20521406631922884
2017-06-15,0.18517614065691046
2017-06-16,0.16864566810583348
2017-06-17,0.14558554444701893
2017-06-18,0.13302570493695837
2017-06-19,0.16928460592640976
2017-06-20,0.1811132055861557
2017-06-21,0.2078299979660877
2017-06-22,0.20498570983304545
2017-06-23,0.144924077510517
2017-06-24,0.1446134072329804
2017-06-25,0.14468820249718553
2017-06-26,0.17287722921274748
2017-06-27,0.18339530162507775
2017-06-28,0.16417521591902803
2017-06-29,0.18039559704758568
2017-06-30,0.15602977744924607
2017-07-01,0.10999066601254487
2017-07-02,0.07771550051690838
2017-07-03,0.1171992970231247
2017-07-04,0.13328330019842471
2017-07-05,0.10779011388920047
2017-07-06,0.1186607799286776
2017-07-07,0.11502005353877012
2017-07-08,0.08336755356711147
2017-07-09,0.08322243542683189
2017-07-10,0.0762598568320072
2017-07-11,0.08736666401423694
2017-07-12,0.09075183772070596
2017-07-13,0.0967530717871935
2017-07-14,0.10844598992351644
2017-07-15,0.19436024694377074
2017-07-16,0.07522254657466605
2017-07-17,0.0970509187161644
2017-07-18,0.0974335232467533
2017-07-19,0.09757499598865767
2017-07-20,0.10398354357113106
2017-07-21,0.11425363275714058
2017-07-22,0.07879603327802912
2017-07-23,0.05510108107330166
2017-07-24,0.06850243034980857
2017-07-25,0.08152801315472279
2017-07-26,0.08349254665445724
2017-07-27,0.07720104423353422
2017-07-28,0.09054509791981717
2017-07-29,0.07384956987104144
2017-07-30,0.069406331345349
2017-07-31,0.09684587238238467
2017-08-01,0.03943031385706752
2017-08-02,0.06370056678829833
2017-08-03,0.06702003002443412
2017-08-04,0.0482887799098755
2017-08-05,0.048528416546172945
2017-08-06,0.047806848552191895
2017-08-07,0.05991674898908832
2017-08-08,0.07191880164571937
2017-08-09,0.08257031514553761
2017-08-10,0.1035325404096453
2017-08-11,0.1141453245349008
2017-08-12,0.11108260952015998
2017-08-13,0.09075810972017304
2017-08-14,0.1339632224357448
2017-08-15,0.1549421203518417
2017-08-16,0.17501168923188012
2017-08-17,0.14054786061652233
2017-08-18,0.15279227278204016
2017-08-19,0.1236036768268335
2017-08-20,0.11466699033459953
2017-08-21,0.17159990166838077
2017-08-22,0.23143447041834447
2017-08-23,0.2142865115892558
2017-08-24,0.23279268803428557
2017-08-25,0.2523118348062299
2017-08-26,0.24475694361848033
2017-08-27,0.15633406113694945
2017-08-28,0.1900639377125434
2017-08-29,0.19899303139311922
2017-08-30,0.15525829902790644
2017-08-31,0.16864203204417444
2017-09-01,0.1473047893975181
2017-09-02,0.12396744864715302
2017-09-03,0.11053967825140087
2017-09-04,0.12815987479630978
2017-09-05,0.10168166414692341
2017-09-06,0.11837461096629924
2017-09-07,0.10414137028582207
2017-09-08,0.08881011173360578
2017-09-09,0.06435369219775655
2017-09-10,0.07578552759993848
2017-09-11,0.06835530377949739
2017-09-12,0.05960838446324548
2017-09-13,0.05242425873097125
2017-09-14,0.06453464821199661
2017-09-15,0.07283860043313835
2017-09-16,0.05353194585166712
2017-09-17,0.043305342839939816
2017-09-18,0.09657824605854518
2017-09-19,0.08089166680888013
2017-09-20,0.09102488277271854
2017-09-21,0.058353632090363365
2017-09-22,0.06290052589949413
2017-09-23,0.045558895979877716
2017-09-24,0.044096250491569754
2017-09-25,0.08601273466750346
2017-09-26,0.07957288669954558
2017-09-27,0.07278893813908534
2017-09-28,0.05689994470863099
2017-09-29,0.051739099285645414
2017-09-30,0.055672586710701494
2017-10-01,0.06832291141894375
2017-10-02,0.08780293002986753
2017-10-03,0.0618929115213756
2017-10-04,0.07524600648699648
2017-10-05,0.09296117588939165
2017-10-06,0.07011534577427551
2017-10-07,0.05142579069509522
2017-10-08,0.04654282893992984
2017-10-09,0.06881065857142955
2017-10-10,0.07643126786668765
2017-10-11,0.07870268633534318
2017-10-12,0.08445548207355144
2017-10-13,0.14234985831239677
2017-10-14,0.11381584757878581
2017-10-15,0.06202735580301898
2017-10-16,0.0812375042724948
2017-10-17,0.09176257891191424
2017-10-18,0.0922511944708311
2017-10-19,0.07854572198790487
2017-10-20,0.0681457100386254
2017-10-21,0.08093576310359557
2017-10-22,0.06389521285750395
2017-10-23,0.07976367902963293
2017-10-24,0.08753069467941425
2017-10-25,0.057781542686505406
2017-10-26,0.047333987340478424
2017-10-27,0.11351178128435392
2017-10-28,0.14136892157841
2017-10-29,0.12614508116462372
2017-10-30,0.12543300444837482
2017-10-31,0.11901912040014785
2017-11-01,0.1319121191926457
2017-11-02,0.12903910217277934
2017-11-03,0.15455035040761533
2017-11-04,0.14068890345639432
2017-11-05,0.09968971402850753
2017-11-06,0.12586687242161776
2017-11-07,0.13104451388263313
2017-11-08,0.1270131328507937
2017-11-09,0.15912005942706423
2017-11-10,0.17514835613736324
2017-11-11,0.2416542493820423
2017-11-12,0.3687436584819776
2017-11-13,0.30843186062050937
2017-11-14,0.2763173774297383
2017-11-15,0.2420233218100818
2017-11-16,0.2092884207365537
2017-11-17,0.1614089188073928
2017-11-18,0.145867959404575
2017-11-19,0.10934043335274553
2017-11-20,0.1293673589541671
2017-11-21,0.12404265439765766
2017-11-22,0.12095991778530449
2017-11-23,0.11946890727101563
2017-11-24,0.11014720727917772
2017-11-25,0.09121964660794812
2017-11-26,0.09008212318584571
2017-11-27,0.10017484807694259
2017-11-28,0.11173586911977776
2017-11-29,0.11880006145433622
2017-11-30,0.11437518270723561
2017-12-01,0.09760062557429362
2017-12-02,0.0864766130072773
2017-12-03,0.07983333114693988
2017-12-04,0.09098580930894279
2017-12-05,0.0892893940563129
2017-12-06,0.0985693889974244
2017-12-07,0.16394222730127297
2017-12-08,0.24710326941478414
2017-12-09,0.20543543840033843
2017-12-10,0.1834079046028628
2017-12-11,0.18361695180649992
2017-12-12,0.2161796192660549
2017-12-13,0.20657361475855618
2017-12-14,0.21642752893872716
2017-12-15,0.21842539578439607
2017-12-16,0.1999916891237038
2017-12-17,0.18789130946343283
2017-12-18,0.2054725706794958
2017-12-19,0.27396939410164806
2017-12-20,0.34884052722448455
2017-12-21,0.4053353078870273
2017-12-22,0.434633407098199
2017-12-23,0.3804260641365587
2017-12-24,0.3175407335227213
2017-12-25,0.2895694335575116
2017-12-26,0.2903950764271952
2017-12-27,0.2848815434273629
2017-12-28,0.2969876395641307
2017-12-29,0.27510100158700995
2017-12-30,0.29947347982926026
2017-12-31,0.20995110852253296
2018-01-01,0.19275736740080068
2018-01-02,0.23256370617764782
2018-01-03,0.2759665329573626
2018-01-04,0.2703929847831689
2018-01-05,0.2820876453561823
2018-01-06,0.24851952864017757
2018-01-07,0.25299122335998425
2018-01-08,0.25005700264908515
2018-01-09,0.26862069309155
2018-01-10,0.257847693384175
2018-01-11,0.22377446467563525
2018-01-12,0.21778961540785768
2018-01-13,0.2210153327303871
2018-01-14,0.20205352011408165
2018-01-15,0.21392436435557097
2018-01-16,0.2329645612266764
2018-01-17,0.2453812741073256
2018-01-18,0.23323536752465943
2018-01-19,0.19097852600751994
2018-01-20,0.16165815975719064
2018-01-21,0.12756124047415027
2018-01-22,0.1300585078968378
2018-01-23,0.11491683858919784
2018-01-24,0.11406467435309764
2018-01-25,0.10035008124059044
2018-01-26,0.09649713912424868
2018-01-27,0.07902589369995502
2018-01-28,0.07302036569898336
2018-01-29,0.07295160029417802
2018-01-30,0.07043074016636876
2018-01-31,0.09851195682662892
2018-02-01,0.09559219436075703
2018-02-02,0.11536222322970861
2018-02-03,0.06877219464113754
2018-02-04,0.04734705941929948
2018-02-05,0.06856690383764197
2018-02-06,0.07165267309030064
2018-02-07,0.06551300012899301
2018-02-08,0.051168694212773175
2018-02-09,0.0499272932431585
2018-02-10,0.04565991172396843
2018-02-11,0.03168171560423965
2018-02-12,0.03252928709225219
2018-02-13,0.03237756977421501
2018-02-14,0.027695403404297818
2018-02-15,0.03744736128278568
2018-02-16,0.028787496936625294
2018-02-17,0.025484373157614933
2018-02-18,0.02110953836722655
2018-02-19,0.023984786351525324
2018-02-20,0.028734911696677502
2018-02-21,0.01889637256882599
2018-02-22,0.01964444339275381
2018-02-23,0.0379235746986041
2018-02-24,0.05086672994835243
2018-02-25,0.01900152519898319
2018-02-26,0.025798108998981203
2018-02-27,0.02468574862664873
2018-02-28,0.02542456134681345
2018-03-01,0.02474830421560142
2018-03-02,0.020894488541661215
2018-03-03,0.0165622043531748
2018-03-04,0.017768300284805118
2018-03-05,0.023357472290734576
2018-03-06,0.018716099748672478
2018-03-07,0.017145845219378668
2018-03-08,0.017082174017977424
2018-03-09,0.018488506828455077
2018-03-10,0.022609726668238368
2018-03-11,0.019652879749510306
2018-03-12,0.016397520767667432
2018-03-13,0.02981640976838336
2018-03-14,0.019588032034127015
2018-03-15,0.019985503893133798
2018-03-16,0.014989565336625146
2018-03-17,0.01138792322998547
2018-03-18,0.013155480170988798
2018-03-19,0.015534508862659105
2018-03-20,0.019140795421962224
2018-03-21,0.015900758542877296
2018-03-22,0.015242890625748165
2018-03-23,0.015508580851267124
2018-03-24,0.010811012198690639
2018-03-25,0.011689258515592972
2018-03-26,0.014160747735227899
2018-03-27,0.014304772570312284
2018-03-28,0.013989325244184404
2018-03-29,0.013857537507400706
2018-03-30,0.012557627715627198
2018-03-31,0.012343496698451537
2018-04-01,0.008876259841106626
2018-04-02,0.010740723664291553
2018-04-03,0.01206176435899983
2018-04-04,0.013256892817365603
2018-04-05,0.012381347112250808
2018-04-06,0.01960459967097106
2018-04-07,0.011884779074605997
2018-04-08,0.010279965103394966
2018-04-09,0.011968284263920482
2018-04-10,0.010962902566351901
2018-04-11,0.01114790989699343
2018-04-12,0.018420304645824843
2018-04-13,0.01742224982194399
2018-04-14,0.013686637516082276
2018-04-15,0.01170541956245184
2018-04-16,0.014360877777683016
2018-04-17,0.012675866385358307
2018-04-18,0.012514244576287884
2018-04-19,0.012286926247161977
2018-04-20,0.016717216348362512
2018-04-21,0.01393888348382912
2018-04-22,0.010691432841698488
2018-04-23,0.015015192741845436
2018-04-24,0.03164216165957174
2018-04-25,0.0559111226433671
2018-04-26,0.03690215870208348
2018-04-27,0.03046879908193728
2018-04-28,0.024978952393409092
2018-04-29,0.017200463662522134
2018-04-30,0.01860171204478169
2018-05-01,0.01581623601773482
2018-05-02,0.021533558962902762
2018-05-03,0.020516643551634194
2018-05-04,0.022514174658110758
2018-05-05,0.015293656396664374
2018-05-06,0.017938241973992432
2018-05-07,0.01862025260163676
2018-05-08,0.019340482927751253
2018-05-09,0.015248370566073362
2018-05-10,0.013209709300090902
2018-05-11,0.023685625668308747
2018-05-12,0.013337389794197128
2018-05-13,0.012486894879815
2018-05-14,0.0208869273689603
2018-05-15,0.020281482345114225
2018-05-16,0.014009458758718802
2018-05-17,0.03208114380943153
2018-05-18,0.03599110940485209
2018-05-19,0.016087621842189776
2018-05-20,0.013706648621784407
2018-05-21,0.015387351089642079
2018-05-22,0.013828351891522777
2018-05-23,0.01504693825104373
2018-05-24,0.016204820897687017
2018-05-25,0.013600367799528985
2018-05-26,0.010884506767820415
2018-05-27,0.009314405905833942
2018-05-28,0.014501608606485016
2018-05-29,0.016243253099858093
2018-05-30,0.010246469037162068
2018-05-31,0.010002237789365903
2018-06-01,0.009729505595578752
2018-06-02,0.008511673091891806
2018-06-03,0.0073549049985053095
2018-06-04,0.008971124722899904
2018-06-05,0.008403063503163489
2018-06-06,0.01035916062888038
2018-06-07,0.011434673511688935
2018-06-08,0.009780038809235362
2018-06-09,0.010233851212168955
2018-06-10,0.010335485616366899
2018-06-11,0.013897680751237273
2018-06-12,0.011924531664585977
2018-06-13,0.02011790231231658
2018-06-14,0.01443481760196244
2018-06-15,0.011803624705561077
2018-06-16,0.00785909137485547
2018-06-17,0.01158647324944887
2018-06-18,0.008470736584898088
2018-06-19,0.04150070494217247
2018-06-20,0.09499722746726935
2018-06-21,0.033437723979119184
2018-06-22,0.03512684058845848
2018-06-23,0.015413175901800842
2018-06-24,0.012719979455693333
2018-06-25,0.017335545581211698
2018-06-26,0.017412899933978175
2018-06-27,0.0208175606747378
2018-06-28,0.013446919957272385
2018-06-29,0.014163980660816321
2018-06-30,0.01323317876042937
2018-07-01,0.009008720853770892
2018-07-02,0.013045082452465275
2018-07-03,0.018692700952597327
2018-07-04,0.012574138932501405
2018-07-05,0.011422850745554334
2018-07-06,0.010713905204754444
2018-07-07,0.008417905746920128
2018-07-08,0.007821954084359591
2018-07-09,0.011585666044465644
2018-07-10,0.011797922076383404
2018-07-11,0.011926593177383845
2018-07-12,0.010518168974853116
2018-07-13,0.010754817794618947
2018-07-14,0.008947323518853639
2018-07-15,0.009069321095781967
2018-07-16,0.015600879334019073
2018-07-17,0.01246004983679329
2018-07-18,0.013980619361079942
2018-07-19,0.01331104376000075
2018-07-20,0.011848798850901166
2018-07-21,0.009993542750678961
2018-07-22,0.006411427116942894
2018-07-23,0.01237014964465735
2018-07-24,0.014793727844267603
2018-07-25,0.011957305257894556
2018-07-26,0.011382264098942389
2018-07-27,0.009609471236760979
2018-07-28,0.009093108036428222
2018-07-29,0.007233352072351271
2018-07-30,0.014449916302642057
2018-07-31,0.013716048145632539
2018-08-01,0.011222750575427019
2018-08-02,0.012958314571706204
2018-08-03,0.011051343384030916
2018-08-04,0.007772176042284189
2018-08-05,0.006725592424257984
2018-08-06,0.010717204607625382
2018-08-07,0.009742912881362299
2018-08-08,0.010369694587818204
2018-08-09,0.01102161315495564
2018-08-10,0.009112429270431396
2018-08-11,0.007121287065865264
2018-08-12,0.006549922404637186
2018-08-13,0.010533224025860967
2018-08-14,0.015306643552967819
2018-08-15,0.010862543992590049
2018-08-16,0.012047010779740804
2018-08-17,0.012932546863465972
2018-08-18,0.008178545858791022
2018-08-19,0.00921688303624915
2018-08-20,0.015057966302935006
2018-08-21,0.013219990838949201
2018-08-22,0.011754815472974361
2018-08-23,0.01026237835205149
2018-08-24,0.01026385995307976
2018-08-25,0.01232563496140398
2018-08-26,0.012928366751553198
2018-08-27,0.01366021908447974
2018-08-28,0.023062269263495767
2018-08-29,0.013428553886736567
2018-08-30,0.012314188553981007
2018-08-31,0.012849129972244059
2018-09-01,0.010068769217901485
2018-09-02,0.008978729276608317
2018-09-03,0.010941557321322423
2018-09-04,0.015103474794840683
2018-09-05,0.01877873279969514
2018-09-06,0.01640372488442578
2018-09-07,0.01448466570141953
2018-09-08,0.009941406590175672
2018-09-09,0.008966227660833727
2018-09-10,0.011572219059649082
2018-09-11,0.013005032793852286
2018-09-12,0.011213833915819633
2018-09-13,0.010858937280349038
2018-09-14,0.012708430402183854
2018-09-15,0.00889367352725216
2018-09-16,0.007410425941784814
2018-09-17,0.01025474814439528
2018-09-18,0.010572199795174132
2018-09-19,0.008258487184239213
2018-09-20,0.009403449269871182
2018-09-21,0.014056749737607127
2018-09-22,0.009369562743058281
2018-09-23,0.007666791190808649
2018-09-24,0.00835289144081642
2018-09-25,0.009458958015027271
2018-09-26,0.011304250847286326
2018-09-27,0.013050295327482133
2018-09-28,0.01462804739956441
2018-09-29,0.009956181366651301
2018-09-30,0.0075196596533241835
2018-10-01,0.010792920111657544
2018-10-02,0.014786869957515532
2018-10-03,0.011529891098306322
2018-10-04,0.009792031129834518
2018-10-05,0.012959137435894962
2018-10-06,0.010990613936312631
2018-10-07,0.007236720301663457
2018-10-08,0.009811499115332032
2018-10-09,0.010150609511325005
2018-10-10,0.008602210547220704
2018-10-11,0.009265281838153288
2018-10-12,0.011060422569890652
2018-10-13,0.007451857839542765
2018-10-14,0.008641115577346705
2018-10-15,0.011277109883862955
2018-10-16,0.011319867892798116
2018-10-17,0.010830713686463255
2018-10-18,0.010312932757086826
2018-10-19,0.009740773213403713
2018-10-20,0.007960447575171836
2018-10-21,0.007173427109984411
2018-10-22,0.008542188640818299
2018-10-23,0.008537775116183992
2018-10-24,0.011853836506203712
2018-10-25,0.010136867762329391
2018-10-26,0.009824065104287934
2018-10-27,0.007659657681150445
2018-10-28,0.009349718725725117
2018-10-29,0.01059150108556463
2018-10-30,0.009582416240150287
2018-10-31,0.008102550240097905
2018-11-01,0.008971924565697918
2018-11-02,0.010008289470835518
2018-11-03,0.006707739143110202
2018-11-04,0.008381871953740995
2018-11-05,0.010123891085167376
2018-11-06,0.011850111553445173
2018-11-07,0.012292092989311233
2018-11-08,0.013689076576414707
2018-11-09,0.013923747930496447
2018-11-10,0.009892880009886893
2018-11-11,0.007688726722930785
2018-11-12,0.010807210119391645
2018-11-13,0.011902656061207014
2018-11-14,0.015013533908590898
2018-11-15,0.0236708063284945
2018-11-16,0.02292545877573585
2018-11-17,0.011649984723888633
2018-11-18,0.011601878899863005
2018-11-19,0.024040717996146304
2018-11-20,0.04028570184434331
2018-11-21,0.036705907740335546
2018-11-22,0.02498051185445776
2018-11-23,0.022938680285751113
2018-11-24,0.01683372142823388
2018-11-25,0.01949719645901256
2018-11-26,0.026754848108009304
2018-11-27,0.022282540527061395
2018-11-28,0.025907447102739307
2018-11-29,0.03323415451948833
2018-11-30,0.030770598150665397
2018-12-01,0.01945577929709823
2018-12-02,0.016036948707664724
2018-12-03,0.021298715172057003
2018-12-04,0.017942230867237643
2018-12-05,0.0159125914527987
2018-12-06,0.01658497344681964
2018-12-07,0.021450386217859257
2018-12-08,0.012263786010798116
2018-12-09,0.010391505764378141
2018-12-10,0.01454162285162546
2018-12-11,0.014665501452238763
2018-12-12,0.014717353427810062
2018-12-13,0.013169760959667036
2018-12-14,0.01356784962237821
2018-12-15,0.009632071161706349
2018-12-16,0.010228111487910935
2018-12-17,0.010409705202593945
2018-12-18,0.016351096397381755
2018-12-19,0.017468115708313643
2018-12-20,0.01620197747958549
2018-12-21,0.017428310094400625
2018-12-22,0.008424744650580386
2018-12-23,0.006906711632252212
2018-12-24,0.011894654117380552
2018-12-25,0.009117963974291545
2018-12-26,0.008187026934624083
2018-12-27,0.0077355743051757235
2018-12-28,0.008388503210144555
2018-12-29,0.008795307161946687
2018-12-30,0.0061757616480788945
2018-12-31,0.008169574191786655
2019-01-01,0.005924206312328459
2019-01-02,0.009317645983875763
2019-01-03,0.009784262414297569
2019-01-04,0.010402855278688661
2019-01-05,0.006131323364045145
2019-01-06,0.009202654930734461
2019-01-07,0.013226987515922205
2019-01-08,0.009484124035439665
2019-01-09,0.011514291908007557
2019-01-10,0.013035067469363238
2019-01-11,0.012941393856016559
2019-01-12,0.009762399985882568
2019-01-13,0.008113554098812582
2019-01-14,0.010606238768166569
2019-01-15,0.012712393301159045
2019-01-16,0.014877372179137196
2019-01-17,0.014579625967935607
2019-01-18,0.011983394278027647
2019-01-19,0.010431373555850401
2019-01-20,0.007236125689476365
2019-01-21,0.01051138823629962
2019-01-22,0.012700177218649156
2019-01-23,0.012186653995598363
2019-01-24,0.011109729352606429
2019-01-25,0.014021647312895116
2019-01-26,0.010970563213208337
2019-01-27,0.008855558442291701
2019-01-28,0.013110596320679712
2019-01-29,0.012603374164523912
2019-01-30,0.012346223317371416
2019-01-31,0.014752974139802357
2019-02-01,0.016479043133484934
2019-02-02,0.010289614251564487
2019-02-03,0.008418473003023098
2019-02-04,0.009107537589528581
2019-02-05,0.00921266947500423
2019-02-06,0.010510936287259687
2019-02-07,0.007637709225396554
2019-02-08,0.010247117766191543
2019-02-09,0.009380514150017557
2019-02-10,0.0076585757866348
2019-02-11,0.012548722328524763
2019-02-12,0.021046573515195434
2019-02-13,0.01830052688294762
2019-02-14,0.014525117560952944
2019-02-15,0.016391767623069944
2019-02-16,0.011659855321137046
2019-02-17,0.009551297801609517
2019-02-18,0.015010431669102483
2019-02-19,0.01846319469378025
2019-02-20,0.02250791649989903
2019-02-21,0.022830641589243774
2019-02-22,0.018908349982140592
2019-02-23,0.014069964756643717
2019-02-24,0.016610347893063232
2019-02-25,0.021315795851442446
2019-02-26,0.017686336886367695
2019-02-27,0.018225964125919196
2019-02-28,0.015744247270595573
2019-03-01,0.014841058759777023
2019-03-02,0.015082705764518057
2019-03-03,0.011581613614093243
2019-03-04,0.01629316372581525
2019-03-05,0.015369501404811454
2019-03-06,0.023464546563944318
2019-03-07,0.020385124628705842
2019-03-08,0.01858851037992676
2019-03-09,0.0135923863441638
2019-03-10,0.011099959622082791
2019-03-11,0.017039696257699462
2019-03-12,0.0171433206337989
2019-03-13,0.02091144759564096
2019-03-14,0.019016409359684436
2019-03-15,0.015727397836884212
2019-03-16,0.010709485959673417
2019-03-17,0.009109613795107278
2019-03-18,0.010794866606548688
2019-03-19,0.010135206803151192
2019-03-20,0.012997693601300517
2019-03-21,0.019372949692169968
2019-03-22,0.01331253232007165
2019-03-23,0.009810776376908203
2019-03-24,0.008291127223278726
2019-03-25,0.015364900537329985
2019-03-26,0.021189321692419733
2019-03-27,0.02495958487918805
2019-03-28,0.02532552134254001
2019-03-29,0.033661717449279926
2019-03-30,0.030492560609191872
2019-03-31,0.025035328769933172
2019-04-01,0.03511618530143791
2019-04-02,0.0552729772073651
2019-04-03,0.07411863834088778
2019-04-04,0.08042050457248205
2019-04-05,0.054388816342044
2019-04-06,0.044586849966926696
2019-04-07,0.046261219188166454
2019-04-08,0.06548781690296208
2019-04-09,0.06510887147773177
2019-04-10,0.056957460171620435
2019-04-11,0.05528131342741987
2019-04-12,0.05059080542509746
2019-04-13,0.03775864713359558
2019-04-14,0.03630379006633275
2019-04-15,0.04142237098758437
2019-04-16,0.0405375469364091
2019-04-17,0.04264642781261598
2019-04-18,0.03732262704577941
2019-04-19,0.03926906716605304
2019-04-20,0.0343245723160289
2019-04-21,0.024026922104237652
2019-04-22,0.04016123000975038
2019-04-23,0.06253176020930039
2019-04-24,0.060877560298149405
2019-04-25,0.050131951558832676
2019-04-26,0.046242339445318525
2019-04-27,0.030800292735032514
2019-04-28,0.023011267166703753
2019-04-29,0.03261026291745018
2019-04-30,0.046285281751280695
2019-05-01,0.02972891075378928
2019-05-02,0.02723351657840989
2019-05-03,0.04112588931260614
2019-05-04,0.03545282619069699
2019-05-05,0.037522042289083714
2019-05-06,0.03886821652081801
2019-05-07,0.05490961789427006
2019-05-08,0.05582005991821751
2019-05-09,0.053785835792241866
2019-05-10,0.0730141174222456
2019-05-11,0.07147076675695367
2019-05-12,0.0495307496188698
2019-05-13,0.05110126404312928
2019-05-14,0.06525330816099412
2019-05-15,0.09335578740724504
2019-05-16,0.11138051942319185
2019-05-17,0.10721488334087492
2019-05-18,0.06588261679920349
2019-05-19,0.058178931033309886
2019-05-20,0.08434813129509172
2019-05-21,0.09571330666219927
2019-05-22,0.07823452108879554
2019-05-23,0.07663952165084206
2019-05-24,0.09123587820148127
2019-05-25,0.06824412076524883
2019-05-26,0.044427306015715456
2019-05-27,0.08247174631193444
2019-05-28,0.08635035809294687
2019-05-29,0.07906719109384536
2019-05-30,0.08612300000041775
2019-05-31,0.12302999353525834
2019-06-01,0.07787068338655855
2019-06-02,0.06653128983887116
2019-06-03,0.11774404174196045
2019-06-04,0.10149072769214255
2019-06-05,0.07381538265959313
2019-06-06,0.05790733905593833
2019-06-07,0.05097866437779037
2019-06-08,0.04524775417251895
2019-06-09,0.03317466383391441
2019-06-10,0.04931191290022789
2019-06-11,0.05824133497471293
2019-06-12,0.062289906971366445
2019-06-13,0.0547644118566607
2019-06-14,0.05242126879960215
2019-06-15,0.041313592155889554
2019-06-16,0.043769316027759665
2019-06-17,0.06560607714467426
2019-06-18,0.05412385185598635
2019-06-19,0.045597618414234646
2019-06-20,0.05848936749278556
2019-06-21,0.07055254660821866
2019-06-22,0.06512595469794072
2019-06-23,0.034329644290077385
2019-06-24,0.04363176564698073
2019-06-25,0.062283967971007034
2019-06-26,0.08253247995941541
2019-06-27,0.10100911341596285
2019-06-28,0.08226017841258851
2019-06-29,0.04716955141086549
2019-06-30,0.05226704685201912
2019-07-01,0.06618182692832529
2019-07-02,0.056030468197641396
2019-07-03,0.04180258242421501
2019-07-04,0.038626378817933744
2019-07-05,0.03117716851053717
2019-07-06,0.02245387952320351
2019-07-07,0.023261238781633223
2019-07-08,0.029463426849704995
2019-07-09,0.03523991782729238
2019-07-10,0.05051496020017037
2019-07-11,0.0469931639557178
2019-07-12,0.03172009944411561
2019-07-13,0.024624379334384383
2019-07-14,0.021862443473944216
2019-07-15,0.033837669724771036
2019-07-16,0.029790352331243223
2019-07-17,0.037393932319465535
2019-07-18,0.045482231846130844
2019-07-19,0.04594141050692884
2019-07-20,0.02214081913942208
2019-07-21,0.019724287550808725
2019-07-22,0.026629252284260472
2019-07-23,0.02778369438472323
2019-07-24,0.027931834292016282
2019-07-25,0.0289091382945871
2019-07-26,0.02191108925107134
2019-07-27,0.017052009862554528
2019-07-28,0.011957923027941162
2019-07-29,0.018233244729623795
2019-07-30,0.03244411557544652
2019-07-31,0.024395480349738707
2019-08-01,0.025714243330497637
2019-08-02,0.020715946146020573
2019-08-03,0.012414256309763826
2019-08-04,0.009301086056243552
2019-08-05,0.022717250034625276
2019-08-06,0.02226245456599846
2019-08-07,0.035595238046579
2019-08-08,0.03775859580417676
2019-08-09,0.03400280383544557
2019-08-10,0.020686992285152795
2019-08-11,0.01556361145430712
2019-08-12,0.02946625817027007
2019-08-13,0.03630895446901488
2019-08-14,0.029657069547110167
2019-08-15,0.026881166788563945
2019-08-16,0.027059347173198904
2019-08-17,0.021677509353694467
2019-08-18,0.0181980569062178
2019-08-19,0.02011545362488132
2019-08-20,0.023919550854799687
2019-08-21,0.029567229204145343
2019-08-22,0.029724680562457164
2019-08-23,0.021169872466804462
2019-08-24,0.014650752649726416
2019-08-25,0.010935730312875288
2019-08-26,0.019014196508896294
2019-08-27,0.01964673999868871
2019-08-28,0.017676851628727768
2019-08-29,0.01619219665587143
2019-08-30,0.016861345780503908
2019-08-31,0.011340010851156778
2019-09-01,0.011092335463090401
2019-09-02,0.015157851382324446
2019-09-03,0.018515512096865007
2019-09-04,0.021460078802286377
2019-09-05,0.017283655889459074
2019-09-06,0.018637631343253892
2019-09-07,0.013960337806045069
2019-09-08,0.009632730179559255
2019-09-09,0.017588830734474262
2019-09-10,0.01614808984437928
2019-09-11,0.014624131908751678
2019-09-12,0.014708914994491975
2019-09-13,0.014466074725335695
2019-09-14,0.010626016006386074
2019-09-15,0.009740405997389897
2019-09-16,0.014014979410854026
2019-09-17,0.018380947925202683
2019-09-18,0.015448559200977293
2019-09-19,0.019231155633334395
2019-09-20,0.016689241561728154
2019-09-21,0.011152986029158716
2019-09-22,0.00969595207708334
2019-09-23,0.021986055658611295
2019-09-24,0.019183169817743
2019-09-25,0.021206533688785126
2019-09-26,0.015060522887716128
2019-09-27,0.020434302117380666
2019-09-28,0.011521107820753596
2019-09-29,0.012046865969202328
2019-09-30,0.024791832756035317
2019-10-01,0.026279833239151982
2019-10-02,0.019623173976970446
2019-10-03,0.020156513933412754
2019-10-04,0.014895516374939678
2019-10-05,0.009511234110444548
2019-10-06,0.00879295974095679
2019-10-07,0.012630900214199244
2019-10-08,0.013492980879245817
2019-10-09,0.017375556921818688
2019-10-10,0.01613428485744309
2019-10-11,0.013819292585783023
2019-10-12,0.012339576035825322
2019-10-13,0.009034282889235393
2019-10-14,0.013679407510871652
2019-10-15,0.013201805640906852
2019-10-16,0.016033087344694705
2019-10-17,0.013066722038952936
2019-10-18,0.012163065561039669
2019-10-19,0.010100792857875261
2019-10-20,0.008482970603317354
2019-10-21,0.01027410489262468
2019-10-22,0.010429433234326583
2019-10-23,0.014039576372012186
2019-10-24,0.01712673120887101
2019-10-25,0.02061678657061673
2019-10-26,0.02654221225587704
2019-10-27,0.02305842695975523
2019-10-28,0.022143513405369585
2019-10-29,0.020900889507769808
2019-10-30,0.019646786454095597
2019-10-31,0.021064097215117764
2019-11-01,0.02399122930546436
2019-11-02,0.016061672408860847
2019-11-03,0.014702347035885393
2019-11-04,0.028143826977906714
2019-11-05,0.023447342948475697
2019-11-06,0.02290692950053725
2019-11-07,0.022981275306017332
2019-11-08,0.02483431473023034
2019-11-09,0.016100561435023104
2019-11-10,0.011311182818861853
2019-11-11,0.015400760786858222
2019-11-12,0.01668919594651378
2019-11-13,0.01992940370154633
2019-11-14,0.013744047222532208
2019-11-15,0.014668765981215595
2019-11-16,0.012247041098476665
2019-11-17,0.010826702535775511
2019-11-18,0.015583477459204442
2019-11-19,0.01802400335858491
2019-11-20,0.015235473050544839
2019-11-21,0.021033028835910354
2019-11-22,0.02343572250394433
2019-11-23,0.009788956046775174
2019-11-24,0.010269384558324945
2019-11-25,0.020512118821765346
2019-11-26,0.025480000418638283
2019-11-27,0.01913236800969035
2019-11-28,0.012481658833368313
2019-11-29,0.01831428719667568
2019-11-30,0.016977051786907418
2019-12-01,0.012463622364970993
2019-12-02,0.01417687906053978
2019-12-03,0.01273317071851583
2019-12-04,0.013921385745066217
2019-12-05,0.012667308722067264
2019-12-06,0.013614917836246233
2019-12-07,0.008928467882504412
2019-12-08,0.007781081641450796
2019-12-09,0.01164435909446563
2019-12-10,0.012408460773264792
2019-12-11,0.014702147736833036
2019-12-12,0.013393613039538458
2019-12-13,0.011602945615139545
2019-12-14,0.008055345449641732
2019-12-15,0.013028530111633935
2019-12-16,0.011060383586146572
2019-12-17,0.012818003008904717
2019-12-18,0.016050008007928235
2019-12-19,0.014337087554167318
2019-12-20,0.012896364303486984
2019-12-21,0.007492074895780515
2019-12-22,0.0060207640562121864
2019-12-23,0.010307126584141901
2019-12-24,0.011164319646530241
2019-12-25,0.008139107568269187
2019-12-26,0.00919514419206526
2019-12-27,0.009269862479739351
2019-12-28,0.00735444099037578
2019-12-29,0.006469040610041977
2019-12-30,0.007551925008422752
2019-12-31,0.008127251534592914
2020-01-01,0.004514942711567884
2020-01-02,0.007757252331776328
2020-01-03,0.007564501079043851
2020-01-04,0.005817554365516523
2020-01-05,0.005747223568374419
2020-01-06,0.011971171233038215
2020-01-07,0.011450414345962397
2020-01-08,0.017033653738279707
2020-01-09,0.01493236706014575
2020-01-10,0.01736613862688829
2020-01-11,0.008863965544601341
2020-01-12,0.007584274124582881
2020-01-13,0.00976273552210594
2020-01-14,0.014284684469950673
2020-01-15,0.016371915172707786
2020-01-16,0.011853464679497041
2020-01-17,0.012096660260569941
2020-01-18,0.01065603424745492
2020-01-19,0.00874922634848712
2020-01-20,0.009159878066797777
2020-01-21,0.010610371610951285
2020-01-22,0.010991960188428846
2020-01-23,0.010368961259859236
2020-01-24,0.008268508783309854
2020-01-25,0.0055246380399870156
2020-01-26,0.005878275404681954
2020-01-27,0.012178683724079632
2020-01-28,0.012781953639384882
2020-01-29,0.010100898255859499
2020-01-30,0.009897699226227111
2020-01-31,0.012339139907045535
2020-02-01,0.009172671646047835
2020-02-02,0.009398499012738652
2020-02-03,0.011496508439700164
2020-02-04,0.01415778402629562
2020-02-05,0.012616078411960305
2020-02-06,0.015897224683830133
2020-02-07,0.017814503483312722
2020-02-08,0.012164791692995313
2020-02-09,0.01016752799835221
2020-02-10,0.01786263145962668
2020-02-11,0.018522585504336705
2020-02-12,0.020645454989304965
2020-02-13,0.01972603874540862
2020-02-14,0.018479003390480538
2020-02-15,0.015843397934779194
2020-02-16,0.012011541181388571
2020-02-17,0.012535067399741175
2020-02-18,0.015743620978042945
2020-02-19,0.017490254144726318
2020-02-20,0.01733666939509601
2020-02-21,0.012089314720727063
2020-02-22,0.009808558117038606
2020-02-23,0.009276916225154308
2020-02-24,0.012829070395323775
2020-02-25,0.013549947559361411
2020-02-26,0.01694332326065194
2020-02-27,0.014471220187735029
2020-02-28,0.013108703433130524
2020-02-29,0.010527463412698222
2020-03-01,0.006490300744162265
2020-03-02,0.012093919828126362
2020-03-03,0.012753448700295508
2020-03-04,0.011393547616502946
2020-03-05,0.011863713595655538
2020-03-06,0.013443711587411172
2020-03-07,0.00930720553463815
2020-03-08,0.008045063062223285
2020-03-09,0.013420569272776564
2020-03-10,0.01668079284002438
2020-03-11,0.019448998931634178
2020-03-12,0.028876548338366476
2020-03-13,0.051150595527345855
2020-03-14,0.03193451250668661
2020-03-15,0.028991186927209513
2020-03-16,0.03971639052525647
2020-03-17,0.03895923300777011
2020-03-18,0.044711616536987124
2020-03-19,0.04940236130751263
2020-03-20,0.05481027719315997
2020-03-21,0.029400913942818074
2020-03-22,0.020466409596029498
2020-03-23,0.0355742741754609
2020-03-24,0.026365453598052407
2020-03-25,0.03741717269576964
2020-03-26,0.026792353944624935
2020-03-27,0.020751994548507156
2020-03-28,0.016498541438171158
2020-03-29,0.0109349642875769
2020-03-30,0.014169880202091763
2020-03-31,0.014251894532617609
2020-04-01,0.01364968763292707
2020-04-02,0.012930798885054749
2020-04-03,0.015423818046477161
2020-04-04,0.00833544248082681
2020-04-05,0.006201089105592111
2020-04-06,0.013006745848965589
2020-04-07,0.011872914129324699
2020-04-08,0.012427600147462714
2020-04-09,0.011961030799791638
2020-04-10,0.010069163431304286
2020-04-11,0.006858358367584852
2020-04-12,0.006695090478125875
2020-04-13,0.007771421851639187
2020-04-14,0.010602691843628845
2020-04-15,0.012378825825406734
2020-04-16,0.014710560048610804
2020-04-17,0.015876650385793344
2020-04-18,0.009666353388339785
2020-04-19,0.008125342810644497
2020-04-20,0.010671165302467978
2020-04-21,0.012193338372888019
2020-04-22,0.01536778987382551
2020-04-23,0.02279566442835336
2020-04-24,0.02012148294062353
2020-04-25,0.016107702837438134
2020-04-26,0.011863761055776745
2020-04-27,0.015601934676160733
2020-04-28,0.014240730155489364
2020-04-29,0.02828209866131227
2020-04-30,0.05925394365013705
2020-05-01,0.05673724645446576
2020-05-02,0.035588655825595686
2020-05-03,0.026193449343284398
2020-05-04,0.032886035921887366
2020-05-05,0.03509046445777007
2020-05-06,0.032449173170460144
2020-05-07,0.046064294634209094
2020-05-08,0.05662683956458417
2020-05-09,0.0487795957778671
2020-05-10,0.02885926891815214
2020-05-11,0.04574539861955849
2020-05-12,0.1075787689174875
2020-05-13,0.12755946636640467
2020-05-14,0.1697694915288013
2020-05-15,0.17159920390106223
2020-05-16,0.12086172760822585
2020-05-17,0.1367681166896059
2020-05-18,0.16909384585526657
2020-05-19,0.20313126871281778
2020-05-20,0.21083540276680537
2020-05-21,0.1969348970840205
2020-05-22,0.18621994835551287
2020-05-23,0.12674255058671668
2020-05-24,0.09187317052123692
2020-05-25,0.10571110821965282
2020-05-26,0.0938986738634077
2020-05-27,0.08069761530217742
2020-05-28,0.09772443706624367
2020-05-29,0.10536365345737812
2020-05-30,0.0656414313064854
2020-05-31,0.0610698777669239
2020-06-01,0.08601287996087303
2020-06-02,0.10801804364724839
2020-06-03,0.08644193426864868
2020-06-04,0.06203858130410643
2020-06-05,0.04720772802065028
2020-06-06,0.024912725790336293
2020-06-07,0.025744927036931157
2020-06-08,0.039679665151304784
2020-06-09,0.03377539132847523
2020-06-10,0.036114763518561514
2020-06-11,0.032321538805339306
2020-06-12,0.028534553943015618
2020-06-13,0.020769097407663795
2020-06-14,0.014859819299367943
2020-06-15,0.03828931196037534
2020-06-16,0.05073651764180839
2020-06-17,0.05219415014188078
2020-06-18,0.054603784543690616
2020-06-19,0.05294619513872884
2020-06-20,0.03385846422065429
2020-06-21,0.026543290729455656
2020-06-22,0.03850299106147568
2020-06-23,0.044345047707273065
2020-06-24,0.04638854687687758
2020-06-25,0.04350234634529325
2020-06-26,0.032009216656800454
2020-06-27,0.026437083610707197
2020-06-28,0.020591971445746125
2020-06-29,0.03553739660601725
2020-06-30,0.044650789645926205
2020-07-01,0.05852116631856885
2020-07-02,0.05170157751358074
2020-07-03,0.05045430325679138
2020-07-04,0.03146715334739621
2020-07-05,0.024040901509784603
2020-07-06,0.036464408659276276
2020-07-07,0.03859967847805609
2020-07-08,0.0481940094064747
2020-07-09,0.050182630642297194
2020-07-10,0.04571871595667791
2020-07-11,0.03243884981336761
2020-07-12,0.025226162014286655
2020-07-13,0.04264351655703187
2020-07-14,0.06548509253378701
2020-07-15,0.06934755062421569
2020-07-16,0.0841628538712856
2020-07-17,0.0948974659751935
2020-07-18,0.08510251862085776
2020-07-19,0.05301624897532824
2020-07-20,0.08183400123256028
2020-07-21,0.11598251030977715
2020-07-22,0.137325564601395
2020-07-23,0.13713979951699146
2020-07-24,0.11002445565016856
2020-07-25,0.09029697371105241
2020-07-26,0.07179777006656893
2020-07-27,0.11594626279246381
2020-07-28,0.1715306014993628
2020-07-29,0.15912861760597363
2020-07-30,0.1758638730409708
2020-07-31,0.15234255368904454
2020-08-01,0.13044958879144997
2020-08-02,0.10775345413672702
2020-08-03,0.11405814063362936
2020-08-04,0.10941151053937691
2020-08-05,0.14537493299401447
2020-08-06,0.16766484607000687
2020-08-07,0.12581990865817214
2020-08-08,0.08176079700678439
2020-08-09,0.06038998863576648
2020-08-10,0.1349793688898151
2020-08-11,0.13589925860114274
2020-08-12,0.11317813111736544
2020-08-13,0.10607584110732779
2020-08-14,0.09324329221046154
2020-08-15,0.06452159759615186
2020-08-16,0.05928808293504858
2020-08-17,0.09543920487353784
2020-08-18,0.15259590647679694
2020-08-19,0.14603360993241452
2020-08-20,0.12533539556006396
2020-08-21,0.12292190146213082
2020-08-22,0.09809088681275499
2020-08-23,0.05702048975620775
2020-08-24,0.07778396805760086
2020-08-25,0.10032903114911981
2020-08-26,0.10902067749213969
2020-08-27,0.1312017426604848
2020-08-28,0.09205417985835439
2020-08-29,0.0673048748166408
2020-08-30,0.07473583295753759
2020-08-31,0.08949628754709775
2020-09-01,0.11580494745181882
2020-09-02,0.1226515860870772
2020-09-03,0.14215836435527146
2020-09-04,0.1545216920084977
2020-09-05,0.11953630678233504
2020-09-06,0.06953943470601978
2020-09-07,0.08100006673728236
2020-09-08,0.07967981083987925
2020-09-09,0.08763987144643239
2020-09-10,0.10058233417300366
2020-09-11,0.09824366155725713
2020-09-12,0.05179650945817524
2020-09-13,0.046113263217016184
2020-09-14,0.06460567558464736
2020-09-15,0.07337546588615586
2020-09-16,0.07437725958886779
2020-09-17,0.05992508372170137
2020-09-18,0.06297315681983562
2020-09-19,0.04859080678120285
2020-09-20,0.03584344217600844
2020-09-21,0.06275983979888293
2020-09-22,0.08428200007408164
2020-09-23,0.0978057856234337
2020-09-24,0.0876301541360712
2020-09-25,0.06700255816257443
2020-09-26,0.04164241942884632
2020-09-27,0.037991388874152154
2020-09-28,0.06600173039559697
2020-09-29,0.08607675810476302
2020-09-30,0.08878721522952794
2020-10-01,0.11620093327696379
2020-10-02,0.12588467362028366
2020-10-03,0.07115589373714118
2020-10-04,0.05353276080728943
2020-10-05,0.10109160161314285
2020-10-06,0.12135375909446786
2020-10-07,0.10539715325510086
2020-10-08,0.09197421390480505
2020-10-09,0.11107021167095875
2020-10-10,0.07727867330230283
2020-10-11,0.05476579886292797
2020-10-12,0.0745031614122962
2020-10-13,0.06607328095178952
2020-10-14,0.07323402332268752
2020-10-15,0.07599282524922783
2020-10-16,0.06203532998534747
2020-10-17,0.03472247130410465
2020-10-18,0.046387659424253505
2020-10-19,0.06018728526151138
2020-10-20,0.07897770665814473
2020-10-21,0.12641710423011604
2020-10-22,0.16175977647307271
2020-10-23,0.14877449820243266
2020-10-24,0.09009984990318447
2020-10-25,0.08192728292521377
2020-10-26,0.13916872048771148
2020-10-27,0.2374334176336527
2020-10-28,0.2657205210498391
2020-10-29,0.27767993217370657
2020-10-30,0.2746594487649088
2020-10-31,0.27190543378916304
2020-11-01,0.18358358996159924
2020-11-02,0.26036632899597256
2020-11-03,0.2488013033497552
2020-11-04,0.17110818861043975
2020-11-05,0.22044630917564292
2020-11-06,0.2005055181953498
2020-11-07,0.12885696892026327
2020-11-08,0.09810690958323133
2020-11-09,0.10993361494901947
2020-11-10,0.144089524041291
2020-11-11,0.10488118999141276
2020-11-12,0.09273146090453982
2020-11-13,0.10431564833705416
2020-11-14,0.06197925678773848
2020-11-15,0.04330337321882421
2020-11-16,0.07757316238372557
2020-11-17,0.08514346550333814
2020-11-18,0.08409089451690462
2020-11-19,0.09949351504890866
2020-11-20,0.06798235016408277
2020-11-21,0.04251476078706755
2020-11-22,0.02828053366599035
2020-11-23,0.05800821254180822
2020-11-24,0.09249852432617425
2020-11-25,0.09239601492059671
2020-11-26,0.09893577574316008
2020-11-27,0.07970826070979908
2020-11-28,0.055879516416474734
2020-11-29,0.04017565780392797
2020-11-30,0.09377889322047818
2020-12-01,0.1324188423375872
2020-12-02,0.13795918089055112
2020-12-03,0.1294664292887577
2020-12-04,0.10770965385194355
2020-12-05,0.07153359892633593
2020-12-06,0.05382978036152915
2020-12-07,0.06792287836129249
2020-12-08,0.07424890220581642
2020-12-09,0.07699668837047921
2020-12-10,0.08228790617949411
2020-12-11,0.0751374780711746
2020-12-12,0.057495955409602104
2020-12-13,0.038437713877899723
2020-12-14,0.061353653079925206
2020-12-15,0.07470244938077969
2020-12-16,0.08388259273960352
2020-12-17,0.1685233765011284
2020-12-18,0.1655853138907252
2020-12-19,0.10818320704502549
2020-12-20,0.07242493779516679
2020-12-21,0.13914342565999113
2020-12-22,0.1286736176580816
2020-12-23,0.1294144266839635
2020-12-24,0.1193589231084156
2020-12-25,0.0932123441038407
2020-12-26,0.07487385453545123
2020-12-27,0.09058668191846433
2020-12-28,0.09047030240616658
2020-12-29,0.10022403151700841
2020-12-30,0.08787123831709649
2020-12-31,0.09852737256032108
2021-01-01,0.05006866152413321
2021-01-02,0.07848329819075599
2021-01-03,0.08055577912231536
2021-01-04,0.08845602507801358
2021-01-05,0.10413886669178272
2021-01-06,0.10410637739675713
2021-01-07,0.10395651324334211
2021-01-08,0.1283210170402538
2021-01-09,0.112332508284416
2021-01-10,0.08438918634087163
2021-01-11,0.12106342568566798
2021-01-12,0.15163354408022872
2021-01-13,0.12604371886112614
2021-01-14,0.1354744679263405
2021-01-15,0.13180536036468726
2021-01-16,0.08720458564426507
2021-01-17,0.07388630923520871
2021-01-18,0.08511801971230705
2021-01-19,0.09457188684097388
2021-01-20,0.09567736376442586
2021-01-21,0.12943685842948283
2021-01-22,0.11586037611482722
2021-01-23,0.07228138528379946
2021-01-24,0.06152358662275515
2021-01-25,0.10353202585422712
2021-01-26,0.07466345031095768
2021-01-27,0.08546933745189335
2021-01-28,0.08738952731239992
2021-01-29,0.15024139942723233
2021-01-30,0.14018811298767309
2021-01-31,0.10041093965054962
2021-02-01,0.1471392447766315
2021-02-02,0.1346361395729033
2021-02-03,0.12558026633843525
2021-02-04,0.14294499104421662
2021-02-05,0.12009675448100374
2021-02-06,0.10526267426002335
2021-02-07,0.07980663130159397
2021-02-08,0.12062365180336597
2021-02-09,0.17993928120607613
2021-02-10,0.15740378393992033
2021-02-11,0.18726594049666084
2021-02-12,0.18408926290463742
2021-02-13,0.1287491861954265
2021-02-14,0.10242150210485834
2021-02-15,0.11421447030539543
2021-02-16,0.13694519274001415
2021-02-17,0.1413798323181279
2021-02-18,0.14657433258467845
2021-02-19,0.14449270051891924
2021-02-20,0.13946120096992828
2021-02-21,0.11487806613420565
2021-02-22,0.13601328156015088
2021-02-23,0.18680893120407976
2021-02-24,0.160424273889901
2021-02-25,0.133831564405287
2021-02-26,0.1463909616911064
2021-02-27,0.09609101553729617
2021-02-28,0.09200365618585121
2021-03-01,0.1309722503616847
2021-03-02,0.12947945441474257
2021-03-03,0.12207736023223799
2021-03-04,0.1226711138529447
2021-03-05,0.10968466743243793
2021-03-06,0.07576175768725454
2021-03-07,0.07241860851761567
2021-03-08,0.08564775737696309
2021-03-09,0.10733622658376842
2021-03-10,0.10631572065458651
2021-03-11,0.11888185629301655
2021-03-12,0.1110993787943257
2021-03-13,0.1163556028803901
2021-03-14,0.08267009618168904
2021-03-15,0.10816591065466687
2021-03-16,0.10606506616648936
2021-03-17,0.11051562640084876
2021-03-18,0.12570808544849463
2021-03-19,0.11181045102078083
2021-03-20,0.08000595011132022
2021-03-21,0.059187195870102204
2021-03-22,0.08250610437472028
2021-03-23,0.07426620667382394
2021-03-24,0.07996811435089674
2021-03-25,0.08045673139682302
2021-03-26,0.0873151182442734
2021-03-27,0.062448838506163735
2021-03-28,0.05514749086881494
2021-03-29,0.07784349174920964
2021-03-30,0.09588835732340067
2021-03-31,0.09455195824766964
2021-04-01,0.09031520512885544
2021-04-02,0.09262234658231684
2021-04-03,0.09349405698316961
2021-04-04,0.06866636356077926
2021-04-05,0.08857308122329838
2021-04-06,0.10565678320143349
2021-04-07,0.09325362203740127
2021-04-08,0.09877868486257342
2021-04-09,0.10893492106461691
2021-04-10,0.08413548037861632
2021-04-11,0.06461539677564675
2021-04-12,0.09255429042507614
2021-04-13,0.10336296424540169
2021-04-14,0.13922491836003204
2021-04-15,0.12708325456061634
2021-04-16,0.178976283169379
2021-04-17,0.22316036501228678
2021-04-18,0.21614242360313177
2021-04-19,0.26179235261856765
2021-04-20,0.2726094659967793
2021-04-21,0.28829430927668787
2021-04-22,0.25090661217133703
2021-04-23,0.24203349937671745
2021-04-24,0.1565839858791763
2021-04-25,0.11670403721606075
2021-04-26,0.1918229477452841
2021-04-27,0.15479464986137745
2021-04-28,0.13284134488143926
2021-04-29,0.1594902827249298
2021-04-30,0.1365466117430567
2021-05-01,0.1062638392006467
2021-05-02,0.06845572183750534
2021-05-03,0.09033292565416845
2021-05-04,0.08079897821575274
2021-05-05,0.09186121502455727
2021-05-06,0.09349317948186028
2021-05-07,0.08656162221291812
2021-05-08,0.07548242227885295
2021-05-09,0.056833893210497394
2021-05-10,0.08198300749940718
2021-05-11,0.0707246296812519
2021-05-12,0.0667447011122256
2021-05-13,0.06656528757428012
2021-05-14,0.08066496436472555
2021-05-15,0.07531248545317279
2021-05-16,0.059107120390155816
2021-05-17,0.09145254500302415
2021-05-18,0.09673683619434968
2021-05-19,0.13390542984703438
2021-05-20,0.15921150278269397
2021-05-21,0.15957521831129007
2021-05-22,0.12357613491094126
2021-05-23,0.09770829696915069
2021-05-24,0.11007179915213744
2021-05-25,0.10025908453272754
2021-05-26,0.09272061001657676
2021-05-27,0.08322858393072378
2021-05-28,0.0852107911051026
2021-05-29,0.0614106214551628
2021-05-30,0.03906788434471646
2021-05-31,0.04866567479171444
2021-06-01,0.050458098400971735
2021-06-02,0.04654966966587761
2021-06-03,0.05158037084858205
2021-06-04,0.04881445576369731
2021-06-05,0.03491474485528001
2021-06-06,0.023515137494096897
2021-06-07,0.03950139523611908
2021-06-08,0.03651856068511821
2021-06-09,0.04161805238563085
2021-06-10,0.059188746272203
2021-06-11,0.05846046809719489
2021-06-12,0.041005031409937165
2021-06-13,0.02707989739192186
2021-06-14,0.04185085381879283
2021-06-15,0.04519296484495617
2021-06-16,0.048422669405919515
2021-06-17,0.037136372242081814
2021-06-18,0.038269002542289404
2021-06-19,0.03691425218171093
2021-06-20,0.03345671743483323
2021-06-21,0.057325403741718184
2021-06-22,0.07723683430771658
2021-06-23,0.08134561860167536
2021-06-24,0.06836584660435929
2021-06-25,0.060221659825393584
2021-06-26,0.050184314935679784
2021-06-27,0.06847280329391027
2021-06-28,0.0883890596793842
2021-06-29,0.08672258898941866
2021-06-30,0.10078270663857761
2021-07-01,0.10871337942036685
2021-07-02,0.09931684129653458
2021-07-03,0.06924934488421672
2021-07-04,0.057095982325306674
2021-07-05,0.05434446948816474
2021-07-06,0.05038459184945804
2021-07-07,0.04697801051869217
2021-07-08,0.03228161689085847
2021-07-09,0.03179991584612013
2021-07-10,0.018717201045074832
2021-07-11,0.02310115864330828
2021-07-12,0.0349714087338902
2021-07-13,0.03592089394940601
2021-07-14,0.02284659071924402
2021-07-15,0.027547206459031692
2021-07-16,0.018112770032763254
2021-07-17,0.013928283831521403
2021-07-18,0.013204422810240278
2021-07-19,0.01753815998300217
2021-07-20,0.022927384717568243
2021-07-21,0.015793362168612723
2021-07-22,0.014297203396292518
2021-07-23,0.022384366470213662
2021-07-24,0.013152384545014703
2021-07-25,0.01006662855725901
2021-07-26,0.01919612543701374
2021-07-27,0.014907957915363387
2021-07-28,0.015598938816415329
2021-07-29,0.014728941321913708
2021-07-30,0.0137073164098773
2021-07-31,0.011232316652819704
2021-08-01,0.009858560588983462
2021-08-02,0.014850018058146357
2021-08-03,0.011833774499267423
2021-08-04,0.017487131160559857
2021-08-05,0.014668123761728541
2021-08-06,0.014176954008267004
2021-08-07,0.009855311844683525
2021-08-08,0.009875196659958698
2021-08-09,0.014115494163868607
2021-08-10,0.013344520812703629
2021-08-11,0.014247971113324575
2021-08-12,0.013412768285304738
2021-08-13,0.02587655311980546
2021-08-14,0.010517513168519076
2021-08-15,0.008476506522698919
2021-08-16,0.015942259092946182
2021-08-17,0.014101290901776626
2021-08-18,0.01797635085638123
2021-08-19,0.013252798136690789
2021-08-20,0.015558470018397878
2021-08-21,0.010643547332230437
2021-08-22,0.011192212837145795
2021-08-23,0.011537143543835289
2021-08-24,0.015201428717047036
2021-08-25,0.012685077120069315
2021-08-26,0.012477273685389858
2021-08-27,0.012927121652709737
2021-08-28,0.01199355950848069
2021-08-29,0.008832801202026052
2021-08-30,0.014634299183383105
2021-08-31,0.015051931049909326
2021-09-01,0.02033543857364181
2021-09-02,0.02098719887373527
2021-09-03,0.019569877432805673
2021-09-04,0.0122245918408845
2021-09-05,0.010132893249027506
2021-09-06,0.015678058693560978
2021-09-07,0.020138458769326874
2021-09-08,0.016295972756094103
2021-09-09,0.01624742189444188
2021-09-10,0.01628237586348716
2021-09-11,0.011580170724491272
2021-09-12,0.009311150854732135
2021-09-13,0.015094604105474963
2021-09-14,0.013947309204457995
2021-09-15,0.01889113611411561
2021-09-16,0.019367417720873328
2021-09-17,0.01598158934677234
2021-09-18,0.011723709748735012
2021-09-19,0.00817318448752309
2021-09-20,0.013258877416308636
2021-09-21,0.01881983217513308
2021-09-22,0.01647473794967134
2021-09-23,0.013196616587069552
2021-09-24,0.017086196413946934
2021-09-25,0.009411846966115928
2021-09-26,0.009524822721850677
2021-09-27,0.012774035714994341
2021-09-28,0.014136692161288869
2021-09-29,0.013686475869813237
2021-09-30,0.01363738964577609
2021-10-01,0.01847174230581506
2021-10-02,0.009214787201531549
2021-10-03,0.010570748421346766
2021-10-04,0.013858896774794918
2021-10-05,0.014714385696776825
2021-10-06,0.021871460122441597
2021-10-07,0.029671571811822443
2021-10-08,0.02684166276029089
2021-10-09,0.015426067799388002
2021-10-10,0.012649177050060242
2021-10-11,0.022282976086445878
2021-10-12,0.022227165580941517
2021-10-13,0.015642276213498178
2021-10-14,0.01868164432557152
2021-10-15,0.022552985873550892
2021-10-16,0.018530489519839138
2021-10-17,0.01120641682819905
2021-10-18,0.016812733206873157
2021-10-19,0.015239759529134029
2021-10-20,0.019890154180001236
2021-10-21,0.021429327017922363
2021-10-22,0.016046032756458026
2021-10-23,0.012157599477289149
2021-10-24,0.009298098948037582
2021-10-25,0.011833295738897985
2021-10-26,0.014411374323057896
2021-10-27,0.012623832272050868
2021-10-28,0.01345427379533394
2021-10-29,0.014291640874615714
2021-10-30,0.010638846800140152
2021-10-31,0.010226641644931908
2021-11-01,0.01629482255879239
2021-11-02,0.017507721373779286
2021-11-03,0.015574461926832215
2021-11-04,0.01797500986303794
2021-11-05,0.017758481664906244
2021-11-06,0.011050363999852292
2021-11-07,0.009977947848289533
2021-11-08,0.018778903858047393
2021-11-09,0.023896353529215385
2021-11-10,0.01942662633720887
2021-11-11,0.0155103952956274
2021-11-12,0.01647546160505027
2021-11-13,0.010982698284316583
2021-11-14,0.008658093790546816
2021-11-15,0.013133352296321815
2021-11-16,0.013634698283140005
2021-11-17,0.014267841054943735
2021-11-18,0.012881576135013562
2021-11-19,0.015242641557738093
2021-11-20,0.014085245897660054
2021-11-21,0.010967576151098895
2021-11-22,0.013774075707980199
2021-11-23,0.014544534406045322
2021-11-24,0.013966056202022363
2021-11-25,0.01801229168812922
2021-11-26,0.017370358453769535
2021-11-27,0.00936151659726969
2021-11-28,0.008407122874440174
2021-11-29,0.012302059891468136
2021-11-30,0.014886134365028387
2021-12-01,0.023469527044603204
2021-12-02,0.019126859733858668
2021-12-03,0.012415805199356247
2021-12-04,0.01759503112563302
2021-12-05,0.02062119698552023
2021-12-06,0.01194597236634449
2021-12-07,0.011693404743322222
2021-12-08,0.009785506421056528
2021-12-09,0.011684070532622432
2021-12-10,0.011753273967384225
2021-12-11,0.008327631547533586
2021-12-12,0.007428962553996259
2021-12-13,0.014438626953042544
2021-12-14,0.012467000963799128
2021-12-15,0.01301659088632672
2021-12-16,0.01435876245803356
2021-12-17,0.013764075499635835
2021-12-18,0.01086463841707598
2021-12-19,0.00737516449515038
2021-12-20,0.012071794621636475
2021-12-21,0.01157972829504628
2021-12-22,0.011594537750437072
2021-12-23,0.011317144608046064
2021-12-24,0.012544760289503505
2021-12-25,0.008976980468568254
2021-12-26,0.009172882822803737
2021-12-27,0.014026539890258578
2021-12-28,0.02088087815128429
2021-12-29,0.017784637400938143
2021-12-30,0.02318616444057451
2021-12-31,0.01903703596184428
2022-01-01,0.008589077789664003
2022-01-02,0.009202099044989049
2022-01-03,0.013071378896879593
2022-01-04,0.014252720088479177
2022-01-05,0.016614987099466526
2022-01-06,0.01642108116141401
2022-01-07,0.016083326491816805
2022-01-08,0.010656525676142116
2022-01-09,0.008846461363754238
2022-01-10,0.012743611991116439
2022-01-11,0.011719395228742886
2022-01-12,0.013244315150932967
2022-01-13,0.009243444841091495
2022-01-14,0.00963625651498811
2022-01-15,0.007109072845247624
2022-01-16,0.005787331956737389
2022-01-17,0.008952140475916607
2022-01-18,0.01100919369430401
2022-01-19,0.007896113326566822
2022-01-20,0.009086519728968893
2022-01-21,0.014244410527878639
2022-01-22,0.01314534699151117
2022-01-23,0.00865337643312485
2022-01-24,0.01214452959051502
2022-01-25,0.011309422337167389
2022-01-26,0.014493462184679068
2022-01-27,0.014034879212930534
2022-01-28,0.012848108473377789
2022-01-29,0.013065906301090826
2022-01-30,0.011268444733961117
2022-01-31,0.014394085374685868
2022-02-01,0.015066583175061456
2022-02-02,0.012681085642512266
2022-02-03,0.011448133740941975
2022-02-04,0.017195613692894483
2022-02-05,0.018641526677471387
2022-02-06,0.010419880244706388
2022-02-07,0.016914067181822846
2022-02-08,0.01479650678977557
2022-02-09,0.016175973703814114
2022-02-10,0.0209165011538471
2022-02-11,0.0183251875294046
2022-02-12,0.010484117943962647
2022-02-13,0.008738745166917186
2022-02-14,0.011560424209044332
2022-02-15,0.011294018376681031
2022-02-16,0.010356506189933067
2022-02-17,0.009949202937070571
2022-02-18,0.01111194286775083
2022-02-19,0.007326888084670411
2022-02-20,0.006313542579380647
2022-02-21,0.012232914845508161
2022-02-22,0.009370016013814798
2022-02-23,0.00854471115050189
2022-02-24,0.012237837080908677
2022-02-25,0.013558634768503679
2022-02-26,0.008507436295523842
2022-02-27,0.00811910564281745
2022-02-28,0.009700959507662725
2022-03-01,0.018897256754861168
2022-03-02,0.03326136872378475
2022-03-03,0.021388372948939843
2022-03-04,0.01728687859346533
2022-03-05,0.014249801900562116
2022-03-06,0.011418629314063008
2022-03-07,0.012063227856168944
2022-03-08,0.011297611016670822
2022-03-09,0.01294400083588168
2022-03-10,0.01265874519478385
2022-03-11,0.012589495917504774
2022-03-12,0.00802143960138189
2022-03-13,0.007050440328390894
2022-03-14,0.01070493545192614
2022-03-15,0.011171573952088605
2022-03-16,0.010476603490813717
2022-03-17,0.010461956284598098
2022-03-18,0.011740363349760948
2022-03-19,0.00823390898986213
2022-03-20,0.006662388880586868
2022-03-21,0.009823584389496742
2022-03-22,0.011507953535331527
2022-03-23,0.011804874147898135
2022-03-24,0.012598038719434834
2022-03-25,0.013080800755029428
2022-03-26,0.008147715466678045
2022-03-27,0.008953222126961648
2022-03-28,0.010771790581912962
2022-03-29,0.010446011910180401
2022-03-30,0.013069130977822453
2022-03-31,0.01878963763795697
2022-04-01,0.021877845094744136
2022-04-02,0.014946725381483006
2022-04-03,0.011876026474150167
2022-04-04,0.01254659834030176
2022-04-05,0.01171103821596427
2022-04-06,0.010723052339537903
2022-04-07,0.011375716533575756
2022-04-08,0.013383088028805928
2022-04-09,0.008450443697320825
2022-04-10,0.007750169307933914
2022-04-11,0.012043443839256799
2022-04-12,0.011092078959997014
2022-04-13,0.01340452463010977
2022-04-14,0.012615533525194754
2022-04-15,0.008895825806234488
2022-04-16,0.007617427107455789
2022-04-17,0.005153010132282414
2022-04-18,0.01007343044179873
2022-04-19,0.011954429696584648
2022-04-20,0.008824630104087895
2022-04-21,0.01020716645421193
2022-04-22,0.012775094245254092
2022-04-23,0.00799111695552027
2022-04-24,0.006248807187090153
2022-04-25,0.01245763553156893
2022-04-26,0.01266373249577669
2022-04-27,0.01022427388959249
2022-04-28,0.013489963011307546
2022-04-29,0.014275956358241063
2022-04-30,0.010920669527672271
2022-05-01,0.007345319536648428
2022-05-02,0.010525719429093174
2022-05-03,0.010199781527640594
2022-05-04,0.013742418093784684
2022-05-05,0.02224469813033654
2022-05-06,0.01867411587693123
2022-05-07,0.015170585022057759
2022-05-08,0.012469397218373255
2022-05-09,0.019830839413890203
2022-05-10,0.017961492800775195
2022-05-11,0.023145374350683506
2022-05-12,0.033971093111671256
2022-05-13,0.03212598357891854
2022-05-14,0.02822203137593416
2022-05-15,0.02023790924164813
2022-05-16,0.019861769336986624
2022-05-17,0.020144636682964897
2022-05-18,0.019302279903404423
2022-05-19,0.021725436088500142
2022-05-20,0.020861151579542794
2022-05-21,0.013901053640305432
2022-05-22,0.015096099106579847
2022-05-23,0.015566358097935664
2022-05-24,0.021110462789832547
2022-05-25,0.021160540886550092
2022-05-26,0.01957852059727662
2022-05-27,0.01981744784380846
2022-05-28,0.012618151815765269
2022-05-29,0.010597297074115547
2022-05-30,0.013707270245399989
2022-05-31,0.014812155138573223
2022-06-01,0.021548050497705563
2022-06-02,0.02440520526206979
2022-06-03,0.01978421836875843
2022-06-04,0.014084845669775267
2022-06-05,0.010121314956375808
2022-06-06,0.013443419878483702
2022-06-07,0.011540159307385164
2022-06-08,0.00963107263109717
2022-06-09,0.010916000845939708
2022-06-10,0.014460455059226128
2022-06-11,0.011565165578423632
2022-06-12,0.01200836965397628
2022-06-13,0.03220932118660561
2022-06-14,0.02774929036471714
2022-06-15,0.024389539178444056
2022-06-16,0.030331648376479104
2022-06-17,0.031304784046437654
2022-06-18,0.021026750910890943
2022-06-19,0.01532610398850608
2022-06-20,0.01810247590884956
2022-06-21,0.017161158529926633
2022-06-22,0.020582133661207848
2022-06-23,0.015291798837848421
2022-06-24,0.01944536317125787
2022-06-25,0.013980407306610102
2022-06-26,0.014556953696235038
2022-06-27,0.01661855333180229
2022-06-28,0.015316861578236038
2022-06-29,0.0140656972496491
2022-06-30,0.01517060136061755
2022-07-01,0.021092973138425127
2022-07-02,0.015183003650032188
2022-07-03,0.010217029214131854
2022-07-04,0.014993146547963507
2022-07-05,0.025973353444018476
2022-07-06,0.029789822061239226
2022-07-07,0.02434956313726523
2022-07-08,0.024074300351711403
2022-07-09,0.018586399351223644
2022-07-10,0.013038275251197353
2022-07-11,0.0195311387639354
2022-07-12,0.018130469405387373
2022-07-13,0.0324460147441334
2022-07-14,0.03906512089931499
2022-07-15,0.028600076886952798
2022-07-16,0.019433610471127873
2022-07-17,0.019972749964474908
2022-07-18,0.026704523535239718
2022-07-19,0.030071244070254407
2022-07-20,0.03162334603822199
2022-07-21,0.0267160598433088
2022-07-22,0.02569204500817655
2022-07-23,0.013787904083422996
2022-07-24,0.010765122098155566
2022-07-25,0.013961698144431432
2022-07-26,0.01433307475113118
2022-07-27,0.011728140083898268
2022-07-28,0.01792275659270092
2022-07-29,0.016350887006021518
2022-07-30,0.015291736564128277
2022-07-31,0.01139649752117765
2022-08-01,0.01671618223721242
2022-08-02,0.015258164625287562
2022-08-03,0.016946210095123745
2022-08-04,0.02080888734606385
2022-08-05,0.020461319311821824
2022-08-06,0.013289676830586336
2022-08-07,0.011011973545650294
2022-08-08,0.01718190287187652
2022-08-09,0.024889942707806423
2022-08-10,0.020268270613873967
2022-08-11,0.02086685146490797
2022-08-12,0.01763408152764623
2022-08-13,0.013136854103689302
2022-08-14,0.009457561238265497
2022-08-15,0.011443662560314097
2022-08-16,0.012582263622024059
2022-08-17,0.018152618336962734
2022-08-18,0.016332776789479732
2022-08-19,0.01221634498642571
2022-08-20,0.009608625320063256
2022-08-21,0.008617482661501375
2022-08-22,0.011502218218932204
2022-08-23,0.010587150315989906
2022-08-24,0.010614710353754612
2022-08-25,0.010842559963227893
2022-08-26,0.010137669292873068
2022-08-27,0.009606121509856137
2022-08-28,0.00737726659825163
2022-08-29,0.011122579669478048
2022-08-30,0.01169631501690187
2022-08-31,0.014025525281855104
2022-09-01,0.016760809174557047
2022-09-02,0.022162872821253746
2022-09-03,0.015575001497677012
2022-09-04,0.009870358818914715
2022-09-05,0.014474458270503707
2022-09-06,0.016873159094851896
2022-09-07,0.01594933557286381
2022-09-08,0.019021457483335266
2022-09-09,0.018757620205839196
2022-09-10,0.012496252839131161
2022-09-11,0.008768310911735371
2022-09-12,0.013410817169001875
2022-09-13,0.017601171439573224
2022-09-14,0.0211185069931069
2022-09-15,0.018477703545753725
2022-09-16,0.023258029952410598
2022-09-17,0.015433790436038743
2022-09-18,0.012350850661410622
2022-09-19,0.015804299030146726
2022-09-20,0.015233522163902835
2022-09-21,0.015684367642963014
2022-09-22,0.015943406397154178
2022-09-23,0.01828534397253084
2022-09-24,0.012138087384239443
2022-09-25,0.011114012160501665
2022-09-26,0.014878772414171649
2022-09-27,0.02030101095734046
2022-09-28,0.0147762853187437
2022-09-29,0.01635824584033372
2022-09-30,0.015479700220284224
2022-10-01,0.010674820221787434
2022-10-02,0.009120374730126913
2022-10-03,0.01180414003796578
2022-10-04,0.009991748003899667
2022-10-05,0.00834212944987893
2022-10-06,0.010125035499467045
2022-10-07,0.009807217239946278
2022-10-08,0.0060226277085669395
2022-10-09,0.0058780275051406134
2022-10-10,0.007643384014282988
2022-10-11,0.008641750515425446
2022-10-12,0.010896304635882769
2022-10-13,0.016233584115531066
2022-10-14,0.015104253553588694
2022-10-15,0.009578797245786714
2022-10-16,0.009000433997739102
2022-10-17,0.013762007337855313
2022-10-18,0.01848221933577588
2022-10-19,0.01747979002985387
2022-10-20,0.013733908362497955
2022-10-21,0.011955230880124018
2022-10-22,0.01079701628531114
2022-10-23,0.007957385668503127
2022-10-24,0.013856257699764235
2022-10-25,0.021814230072312382
2022-10-26,0.02373351268123257
2022-10-27,0.020140719027604552
2022-10-28,0.018515912846868897
2022-10-29,0.016150651098958666
2022-10-30,0.014861469078386945
2022-10-31,0.014055344408117619
2022-11-01,0.016364610368365118
2022-11-02,0.02142137995346734
2022-11-03,0.018188836546049057
2022-11-04,0.023878274028392626
2022-11-05,0.016695909096495033
2022-11-06,0.015821986903311117
2022-11-07,0.017311549386217165
2022-11-08,0.020973668423399466
2022-11-09,0.025763131568150053
2022-11-10,0.025915615765425917
2022-11-11,0.02571247547882608
2022-11-12,0.015268897530075676
2022-11-13,0.01987447925767429
2022-11-14,0.029060972117757516
2022-11-15,0.03613896106509649
2022-11-16,0.036473663051258
2022-11-17,0.03837711763769059
2022-11-18,0.04790755191788864
2022-11-19,0.028606775600512946
2022-11-20,0.020230014589146635
2022-11-21,0.03014208074486347
2022-11-22,0.032975537599480687
2022-11-23,0.031734092312422316
2022-11-24,0.033529202304568254
2022-11-25,0.033990075626140134
2022-11-26,0.03355164971544884
2022-11-27,0.020490630868037735
2022-11-28,0.025429439792913393
2022-11-29,0.027630131884021022
2022-11-30,0.030510268100444878
2022-12-01,0.0291954559366055
2022-12-02,0.035535213506539445
2022-12-03,0.027424330848200548
2022-12-04,0.018944900964086197
2022-12-05,0.022849752659768185
2022-12-06,0.025965596717336573
2022-12-07,0.01675470914494367
2022-12-08,0.01406010825326384
2022-12-09,0.014161005440064364
2022-12-10,0.012483995943196794
2022-12-11,0.008840057895979987
2022-12-12,0.01392843838173558
2022-12-13,0.012662426594019782
2022-12-14,0.016087324208305442
2022-12-15,0.022912087855499905
2022-12-16,0.019704148735198584
2022-12-17,0.02002740256212497
2022-12-18,0.012616319294908262
2022-12-19,0.020791947234047932
2022-12-20,0.02003727483678792
2022-12-21,0.01815693811799651
2022-12-22,0.019905000202608138
2022-12-23,0.020627319900104326
2022-12-24,0.0305171973042755
2022-12-25,0.015313826877566479
2022-12-26,0.021049889603441847
2022-12-27,0.032069541153879264
2022-12-28,0.019300177190706258
2022-12-29,0.022824176416449342
2022-12-30,0.021579383455947225
2022-12-31,0.012340269762516695
2023-01-01,0.0072884449033897665
2023-01-02,0.008970112367433412
2023-01-03,0.012965271838548202
2023-01-04,0.01610656590032099
2023-01-05,0.014086113325507094
2023-01-06,0.011590838861004007
2023-01-07,0.008570321285463268
2023-01-08,0.007042074430202089
2023-01-09,0.01131707121673852
2023-01-10,0.010382494885884726
2023-01-11,0.013345870589356042
2023-01-12,0.017258124879612077
2023-01-13,0.01645518655723101
2023-01-14,0.012935794474355364
2023-01-15,0.007770221927725905
2023-01-16,0.011089818343542899
2023-01-17,0.013119975081927356
2023-01-18,0.018122910051142537
2023-01-19,0.017607807559350045
2023-01-20,0.023463731874843522
2023-01-21,0.018556315467423545
2023-01-22,0.014353353228066397
2023-01-23,0.01489815437408089
2023-01-24,0.020551205307489346
2023-01-25,0.011608929840231302
2023-01-26,0.01232163460514923
2023-01-27,0.014676652020655089
2023-01-28,0.010939895964725612
2023-01-29,0.008336474435737715
2023-01-30,0.012859944133453786
2023-01-31,0.025261319026547116
2023-02-01,0.02514528884689244
2023-02-02,0.023550941972215567
2023-02-03,0.02855886921308553
2023-02-04,0.0233919690736008
2023-02-05,0.0144477560832871
2023-02-06,0.01953580238771038
2023-02-07,0.02415017150388575
2023-02-08,0.02086782788768248
2023-02-09,0.02082719905862023
2023-02-10,0.02838061454783253
2023-02-11,0.023685741562602957
2023-02-12,0.018356811923700957
2023-02-13,0.02426220836572741
2023-02-14,0.026168520660470186
2023-02-15,0.033589912276765874
2023-02-16,0.02720745565888512
2023-02-17,0.02502279576338307
2023-02-18,0.018644734915391443
2023-02-19,0.014870533317930427
2023-02-20,0.019495790384557853
2023-02-21,0.01627365587465361
2023-02-22,0.0206251078202011
2023-02-23,0.017326978093570436
2023-02-24,0.021417622656133263
2023-02-25,0.023205863875600252
2023-02-26,0.014145642165134071
2023-02-27,0.025125386504655237
2023-02-28,0.029266095960963495
2023-03-01,0.023638285099650838
2023-03-02,0.025891044218826
2023-03-03,0.025874725816697558
2023-03-04,0.020613818031747104
2023-03-05,0.01761456167643585
2023-03-06,0.02793934171512327
2023-03-07,0.024249653773309447
2023-03-08,0.030608390944229638
2023-03-09,0.0503242325223654
2023-03-10,0.04912200161656662
2023-03-11,0.025746990043741664
2023-03-12,0.020825304915845177
2023-03-13,0.02611672639125929
2023-03-14,0.039472874471578816
2023-03-15,0.0353112812023461
2023-03-16,0.038424328089384494
2023-03-17,0.04437063782429639
2023-03-18,0.03333204531734308
2023-03-19,0.030227731916190458
2023-03-20,0.02990777299629521
2023-03-21,0.031017911568116646
2023-03-22,0.03425273176616353
2023-03-23,0.032926714732033166
2023-03-24,0.041929301845490055
2023-03-25,0.032664985969096075
2023-03-26,0.023740640191020103
2023-03-27,0.024371188948153807
2023-03-28,0.03239580705165185
2023-03-29,0.029123825611593126
2023-03-30,0.02746142330569697
2023-03-31,0.03572299664539448
2023-04-01,0.0347938253273034
2023-04-02,0.025433885438691725
2023-04-03,0.03272107428916546
2023-04-04,0.032153329337850964
2023-04-05,0.03555330515318559
2023-04-06,0.031902293515219754
2023-04-07,0.029316711063242525
2023-04-08,0.023098047930052153
2023-04-09,0.018207152351311148
2023-04-10,0.027638495942450585
2023-04-11,0.03141770493413861
2023-04-12,0.024007075086308907
2023-04-13,0.02840515259366884
2023-04-14,0.030332021095225033
2023-04-15,0.021064659183669197
2023-04-16,0.02015749843759499
2023-04-17,0.020838828279878336
2023-04-18,0.019285821473909337
2023-04-19,0.02340911102997257
2023-04-20,0.024836371174189385
2023-04-21,0.02588980230209776
2023-04-22,0.01730466479842347
2023-04-23,0.01466311241161063
2023-04-24,0.022791631186996984
2023-04-25,0.03305343457613087
2023-04-26,0.03928565407244213
2023-04-27,0.04876484702923384
2023-04-28,0.04750916617063099
2023-04-29,0.04762972825531088
2023-04-30,0.0490181240257423
2023-05-01,0.057362610298581675
2023-05-02,0.12384368872600292
2023-05-03,0.12348614937483417
2023-05-04,0.11046266288437691
2023-05-05,0.1538536155835726
2023-05-06,0.16341597517552073
2023-05-07,0.31731145232832353
2023-05-08,0.42580656871966227
2023-05-09,0.3181222203487513
2023-05-10,0.24214470692847823
2023-05-11,0.17064845097755058
2023-05-12,0.16437467725806015
2023-05-13,0.10719791863166861
2023-05-14,0.07514871570644788
2023-05-15,0.0891086993715702
2023-05-16,0.10583205660805632
2023-05-17,0.08518755733265111
2023-05-18,0.10791806642801743
2023-05-19,0.1110419665419976
2023-05-20,0.09419495534308646
2023-05-21,0.07037186028615056
2023-05-22,0.07311484814800767
2023-05-23,0.06758341548891539
2023-05-24,0.06848305362628963
2023-05-25,0.08870408935187091
2023-05-26,0.09278931533390794
2023-05-27,0.06411625134719684
2023-05-28,0.05890507300770103
2023-05-29,0.06554091645792609
2023-05-30,0.07661477920794019
2023-05-31,0.07223472449165945
2023-06-01,0.07721161332220373
2023-06-02,0.06834386644895583
2023-06-03,0.05140286641688135
2023-06-04,0.039944858796784756
2023-06-05,0.06250002906397381
2023-06-06,0.08068916133688613
2023-06-07,0.10380381671688113
2023-06-08,0.0670195130503318
2023-06-09,0.06493048536123698
2023-06-10,0.04902895596299891
2023-06-11,0.03332131839486051
2023-06-12,0.041517297249443225
2023-06-13,0.038958797708988364
2023-06-14,0.049772703933715856
2023-06-15,0.042460887418456814
2023-06-16,0.04565921982115805
2023-06-17,0.043542492964070666
2023-06-18,0.0313051524520615
2023-06-19,0.0340126072797385
2023-06-20,0.04186506857630273
2023-06-21,0.055127994470832234
2023-06-22,0.04933132822229604
2023-06-23,0.049181462312352646
2023-06-24,0.03565829829670936
2023-06-25,0.02981494341251111
2023-06-26,0.03412974549888702
2023-06-27,0.03494440798661899
2023-06-28,0.0423444525543832
2023-06-29,0.03901203424814145
2023-06-30,0.033922725733141895
2023-07-01,0.029700526287842706
2023-07-02,0.021698877579699682
2023-07-03,0.02868097958141586
2023-07-04,0.025370110340317373
2023-07-05,0.021335677889078173
2023-07-06,0.02221062748447664
2023-07-07,0.01720239648335548
2023-07-08,0.013075537000494615
2023-07-09,0.012386893165395286
2023-07-10,0.01660775087782275
2023-07-11,0.019540605768131696
2023-07-12,0.02091318377593667
2023-07-13,0.02565283175890166
2023-07-14,0.025619672899804873
2023-07-15,0.018989545056031166
2023-07-16,0.015681196954977876
2023-07-17,0.019850587699050744
2023-07-18,0.018395955761804514
2023-07-19,0.01925135337879785
2023-07-20,0.027643398497394504
2023-07-21,0.03172303068257375
2023-07-22,0.0519869860197307
2023-07-23,0.02705260103410705
2023-07-24,0.02743151211766081
2023-07-25,0.020290923993881785
2023-07-26,0.02049111332851104
2023-07-27,0.02351385853283378
2023-07-28,0.02274938803731001
2023-07-29,0.019191306578558102
2023-07-30,0.016081375432471824
2023-07-31,0.01834419520292161
2023-08-01,0.020812660766295614
2023-08-02,0.021179492383648194
2023-08-03,0.024044150418318484
2023-08-04,0.02866613948884753
2023-08-05,0.02146190236042222
2023-08-06,0.01623003638408655
2023-08-07,0.024252250376049556
2023-08-08,0.03601171013613718
2023-08-09,0.026044820426546926
2023-08-10,0.030073749858958387
2023-08-11,0.02426168181408819
2023-08-12,0.018267985610818008
2023-08-13,0.01568506926848938
2023-08-14,0.01667716385885959
2023-08-15,0.01679555011127438
2023-08-16,0.017342147753464418
2023-08-17,0.01896176715531211
2023-08-18,0.024669811513263345
2023-08-19,0.018723926407049892
2023-08-20,0.014534846258699772
2023-08-21,0.015817644753337107
2023-08-22,0.02047467254599254
2023-08-23,0.021351456977982908
2023-08-24,0.01968424537038012
2023-08-25,0.02092801985685417
2023-08-26,0.018398465748728624
2023-08-27,0.018243860245183607
2023-08-28,0.022500517581072608
2023-08-29,0.021076054669030102
2023-08-30,0.02380667594760419
2023-08-31,0.02862372332890396
2023-09-01,0.02695605028498009
2023-09-02,0.023903964708505376
2023-09-03,0.019748463785141408
2023-09-04,0.023401780883775897
2023-09-05,0.030496299602399055
2023-09-06,0.03461034036229997
2023-09-07,0.03343392973373026
2023-09-08,0.04126482802034093
2023-09-09,0.033320324830067416
2023-09-10,0.04870143860357505
2023-09-11,0.03183042399726352
2023-09-12,0.03407815069313063
2023-09-13,0.03278016276065461
2023-09-14,0.029626678114228627
2023-09-15,0.027005144781147097
2023-09-16,0.026821241733054703
2023-09-17,0.029497890106760533
2023-09-18,0.0457191091263449
2023-09-19,0.05110584430168583
2023-09-20,0.049359276502345756
2023-09-21,0.05202241489851824
2023-09-22,0.053963668439113446
2023-09-23,0.05028408837788246
2023-09-24,0.0390546314230167
2023-09-25,0.03550798529542891
2023-09-26,0.03149253233145675
2023-09-27,0.03132322257892029
2023-09-28,0.03046353423306901
2023-09-29,0.030981860628364718
2023-09-30,0.02438643250351234
2023-10-01,0.021025088492929004
2023-10-02,0.027043712339133184
2023-10-03,0.027568941311318425
2023-10-04,0.031203331255816348
2023-10-05,0.029406323822473702
2023-10-06,0.0408436057667915
2023-10-07,0.03737225033909805
2023-10-08,0.01593082497401392
2023-10-09,0.01996188603913779
2023-10-10,0.016735043870334396
2023-10-11,0.021090639236540018
2023-10-12,0.02344788689257327
2023-10-13,0.024963935356870443
2023-10-14,0.014680845576739576
2023-10-15,0.010803698335800993
2023-10-16,0.0226755572913609
2023-10-17,0.018702016436848323
2023-10-18,0.020633467758042624
2023-10-19,0.02071686287277384
2023-10-20,0.022974310062002797
2023-10-21,0.016744288299121238
2023-10-22,0.012775310991748128
2023-10-23,0.017133604777894253
2023-10-24,0.04595738295236087
2023-10-25,0.043466276643958864
2023-10-26,0.030070936089735375
2023-10-27,0.02599061398572772
2023-10-28,0.019063505048770128
2023-10-29,0.015583708517714146
2023-10-30,0.017989607110713717
2023-10-31,0.018477010021557428
2023-11-01,0.02257949107510183
2023-11-02,0.02494357944985854
2023-11-03,0.037433588046518085
2023-11-04,0.06966151591524611
2023-11-05,0.06539794594238017
2023-11-06,0.08574849385053916
2023-11-07,0.09587180502980355
2023-11-08,0.11255566795253454
2023-11-09,0.2174879911060363
2023-11-10,0.14530130401050786
2023-11-11,0.10130269594079419
2023-11-12,0.10289247638190029
2023-11-13,0.12462180958625085
2023-11-14,0.10506385063760307
2023-11-15,0.12700488248419217
2023-11-16,0.25550309642479546
2023-11-17,0.20889618014943276
2023-11-18,0.2542590280317222
2023-11-19,0.15906093068675164
2023-11-20,0.1462761928053399
2023-11-21,0.15370053091942454
2023-11-22,0.1476592688857189
2023-11-23,0.19416544780330755
2023-11-24,0.0851924703459303
2023-11-25,0.08487026454975016
2023-11-26,0.08164742022693428
2023-11-27,0.09896055357146077
2023-11-28,0.07897704856259072
2023-11-29,0.06965056049109077
2023-11-30,0.07770150621618453
2023-12-01,0.08558875795317636
2023-12-02,0.07424114717958083
2023-12-03,0.12092781195364613
2023-12-04,0.13397182148274525
2023-12-05,0.21595993539035774
2023-12-06,0.2566528297920633
2023-12-07,0.1950700513151341
2023-12-08,0.15308974083706983
2023-12-09,0.12434512383680238
2023-12-10,0.11694947025714754
2023-12-11,0.12214842528358463
2023-12-12,0.11217476694451588
2023-12-13,0.17546981495641983
2023-12-14,0.2680032972641067
2023-12-15,0.2919989360981949
2023-12-16,0.3713655211243375
2023-12-17,0.3696430742477588
2023-12-18,0.27088038141745646
2023-12-19,0.30007497033225733
2023-12-20,0.31990955361129536
2023-12-21,0.3057133728463694
2023-12-22,0.23613172818633693
2023-12-23,0.16822451817902445
2023-12-24,0.14200377152657484
2023-12-25,0.1628401731060381
2023-12-26,0.1615916099757185
2023-12-27,0.2499451037536265
2023-12-28,0.23488462866055368
2023-12-29,0.18307821118635734
2023-12-30,0.22587396664346468
2023-12-31,0.266690765702798
2024-01-01,0.1847098439021041
2024-01-02,0.14827313734052774
2024-01-03,0.12874154910581048
2024-01-04,0.10720061814593364
2024-01-05,0.11933461835872153
2024-01-06,0.09073934301978233
2024-01-07,0.09376175683413815
2024-01-08,0.14043001207134523
2024-01-09,0.10556979253879682
2024-01-10,0.09183331795680486
2024-01-11,0.08560748038056351
2024-01-12,0.09192446119352361
2024-01-13,0.11366103909067594
2024-01-14,0.21502557468365288
2024-01-15,0.14133563983612366
2024-01-16,0.1373824176016269
2024-01-17,0.12149672308776009
2024-01-18,0.12049232106333212
2024-01-19,0.09233941458881374
2024-01-20,0.07460579690404436
2024-01-21,0.07561386849279926
2024-01-22,0.07046923659548855
2024-01-23,0.08392593816278424
2024-01-24,0.06066332076301585
2024-01-25,0.053659015453987303
2024-01-26,0.05537782232708897
2024-01-27,0.051537955114304874
2024-01-28,0.05263277585626804
2024-01-29,0.05408196588262512
2024-01-30,0.05428045857095058
2024-01-31,0.05735960033518595
2024-02-01,0.05639948231252968
2024-02-02,0.05299422642793481
2024-02-03,0.15671857904895822
2024-02-04,0.09226183773921665
2024-02-05,0.062224725586130646
2024-02-06,0.04759838920134817
2024-02-07,0.06736620693597675
2024-02-08,0.05701766536152529
2024-02-09,0.050098490410437735
2024-02-10,0.04156860082617291
2024-02-11,0.031080703601040805
2024-02-12,0.05716752949171393
2024-02-13,0.053195568734680704
2024-02-14,0.058487065889145824
2024-02-15,0.03795306790969633
2024-02-16,0.03746683760904028
2024-02-17,0.029939701012254724
2024-02-18,0.031662256273473924
2024-02-19,0.033145660068278626
2024-02-20,0.03483130936401614
2024-02-21,0.035287144429186804
2024-02-22,0.03220005114148909
2024-02-23,0.029977469772652098
2024-02-24,0.02930562355892185
2024-02-25,0.023174312013258477
2024-02-26,0.036813771342524206
2024-02-27,0.056489764648072205
2024-02-28,0.060742510724795806
2024-02-29,0.08296700047263103
2024-03-01,0.05799194185065678
2024-03-02,0.050263041288881476
2024-03-03,0.045529685938285165
2024-03-04,0.09362548431523664
2024-03-05,0.09010925964682248
2024-03-06,0.07186261647294977
2024-03-07,0.04435486138996987
2024-03-08,0.047609772000079244
2024-03-09,0.037903774184278975
2024-03-10,0.039272875349164106
2024-03-11,0.037569597734834564
2024-03-12,0.04195687636026203
2024-03-13,0.03442499301674451
2024-03-14,0.03675918182085893
2024-03-15,0.04471521026905557
2024-03-16,0.040843089024902746
2024-03-17,0.02719661129841446
2024-03-18,0.04430585604245389
2024-03-19,0.04485777153926291
2024-03-20,0.034628185882767566
2024-03-21,0.048189879905829305
2024-03-22,0.0426673645703013
2024-03-23,0.024498717916098065
2024-03-24,0.01964794482137179
2024-03-25,0.03280207019716972
2024-03-26,0.03650830858169627
2024-03-27,0.03439401889241676
2024-03-28,0.030818817046678493
2024-03-29,0.03155087550598556
2024-03-30,0.029915781057319905
2024-03-31,0.03156901114633816
2024-04-01,0.028235579604645334
2024-04-02,0.02356664347797903
2024-04-03,0.030155392686459895
2024-04-04,0.025725682025294627
2024-04-05,0.021941808937525415
2024-04-06,0.018198602262456225
2024-04-07,0.020039198175497656
2024-04-08,0.0326016072747183
2024-04-09,0.04908357582038317
2024-04-10,0.0683040722416239
2024-04-11,0.11219003787580463
2024-04-12,0.15518302219849703
2024-04-13,0.09343658089473522
2024-04-14,0.0719711302936529
2024-04-15,0.1496412704900352
2024-04-16,0.08411638960646745
2024-04-17,0.12223256779934959
2024-04-18,0.10600874400294659
2024-04-19,0.10935739728986606
2024-04-20,0.7521661220464323
2024-04-21,0.440259196983372
2024-04-22,0.34844723966211977
2024-04-23,0.4548833412186229
2024-04-24,0.3497854683525975
2024-04-25,0.19391602202271258
2024-04-26,0.18516826228850336
2024-04-27,0.12605471027864518
2024-04-28,0.10846038890790169
2024-04-29,0.09928925580365656
2024-04-30,0.09316061482798528
2024-05-01,0.083799068720115
2024-05-02,0.0723620763284432
2024-05-03,0.07832298102238662
2024-05-04,0.09438406994289734
2024-05-05,0.22234903321230087
2024-05-06,0.09608055491191365
2024-05-07,0.08618890383437158
2024-05-08,0.07091513248355752
2024-05-09,0.06326180500550466
2024-05-10,0.06409776710025006
2024-05-11,0.06896683709468437
2024-05-12,0.04959370514360055
2024-05-13,0.054509690021444415
2024-05-14,0.04878505254138186
2024-05-15,0.04926475553103234
2024-05-16,0.04865445999315344
2024-05-17,0.04254381130841716
2024-05-18,0.04249828192836668
2024-05-19,0.03268239448970519
2024-05-20,0.03499976555926
2024-05-21,0.06149902156776381
2024-05-22,0.041309619899223264
2024-05-23,0.05321520977199694
2024-05-24,0.04421559773169912
2024-05-25,0.04048591807737729
2024-05-26,0.03560784423686865
2024-05-27,0.05405165856969514
2024-05-28,0.04128951986834466
2024-05-29,0.08300166037375374
2024-05-30,0.08892539026936552
2024-05-31,0.1300608464072337
2024-06-01,0.09122005814391697
2024-06-02,0.07433728547296549
2024-06-03,0.0819386508432112
2024-06-04,0.07758845076609786
2024-06-05,0.1282683960148879
2024-06-06,0.13683430169942243
2024-06-07,0.41260118339138596
2024-06-08,0.22441358642717085
2024-06-09,0.13335945945639038
2024-06-10,0.1314905440516649
2024-06-11,0.10340973088712056
2024-06-12,0.0927475169495417
2024-06-13,0.11222691722969025
2024-06-14,0.11596843164757303
2024-06-15,0.09716289706620367
2024-06-16,0.06768175953169964
2024-06-17,0.05869624917219476
2024-06-18,0.07275637417614006
2024-06-19,0.07041697722782828
2024-06-20,0.07166128750607557
2024-06-21,0.059180309044330276
2024-06-22,0.04176545959358188
2024-06-23,0.04073803833286951
2024-06-24,0.03966039756797495
2024-06-25,0.053496362712156305
2024-06-26,0.05318106837568481
2024-06-27,0.04244284847513005
2024-06-28,0.04127433321523475
2024-06-29,0.03197452203103579
2024-06-30,0.0342874210054065
2024-07-01,0.04001656909307053
2024-07-02,0.03590389578039093
2024-07-03,0.034142742580576285
2024-07-04,0.037056034519661635
2024-07-05,0.03732079116963702
2024-07-06,0.02936534134211706
2024-07-07,0.027174089248228075
2024-07-08,0.028911118867517332
2024-07-09,0.026733843332313087
2024-07-10,0.036578201364416495
2024-07-11,0.027598435622912733
2024-07-12,0.025501598588922758
2024-07-13,0.03876040734468456
2024-07-14,0.024690945021293337
2024-07-15,0.02689680255592872
2024-07-16,0.026005297593790236
2024-07-17,0.027466091180788164
2024-07-18,0.024338983946229197
2024-07-19,0.025616552369163173
2024-07-20,0.019307582926849486
2024-07-21,0.018280933119170988
2024-07-22,0.02408505815053653
2024-07-23,0.020822813046078546
2024-07-24,0.022760998356108918
2024-07-25,0.020517980092100787
2024-07-26,0.020240366971237312
2024-07-27,0.02080476824052582
2024-07-28,0.017304113626716047
2024-07-29,0.018963105902123502
2024-07-30,0.02029838348222507
2024-07-31,0.023525379796407356
2024-08-01,0.021263557961856045
2024-08-02,0.02190425225588333
2024-08-03,0.01916224788889396
2024-08-04,0.015997462840184228
2024-08-05,0.018559965157188933
2024-08-06,0.01839329954922948
2024-08-07,0.019716426574213533
2024-08-08,0.0216744584154246
2024-08-09,0.020755719802587027
2024-08-10,0.016484812924997115
2024-08-11,0.012859396551922772
2024-08-12,0.019006495328780192
2024-08-13,0.016902770572623696
2024-08-14,0.018939732495400066
2024-08-15,0.016835008857789078
2024-08-16,0.01962525188003026
2024-08-17,0.015318054074721513
2024-08-18,0.014529377273896476
2024-08-19,0.021381773932222386
2024-08-20,0.020815519464430544
2024-08-21,0.01811652984922946
2024-08-22,0.16735030719156546
2024-08-23,0.01882307377517838
2024-08-24,0.015454065314731482
2024-08-25,0.0166316391721194
2024-08-26,0.020079209491600206
2024-08-27,0.01719521964563334
2024-08-28,0.015021656935789773
2024-08-29,0.01940539468810867
2024-08-30,0.017736454069215965
2024-08-31,0.013511723983468199
2024-09-01,0.014345909696495433
2024-09-02,0.014322011578984137
2024-09-03,0.01783767640982671
2024-09-04,0.01617914578027528
2024-09-05,0.021575436866170493
2024-09-06,0.016443205673643706
2024-09-07,0.01305816955159682
2024-09-08,0.011924018019528622
2024-09-09,0.014953268768310867
2024-09-10,0.0158975281985001
2024-09-11,0.019322109590706713
2024-09-12,0.017176847265541462
2024-09-13,0.019169531887554946
2024-09-14,0.014899692539938048
2024-09-15,0.01323364589735283
2024-09-16,0.01617656503438931
2024-09-17,0.017331321323993884
2024-09-18,0.01600781197714723
2024-09-19,0.02554334906086285
2024-09-20,0.02053995671417564
2024-09-21,0.014202153765975025
2024-09-22,0.012297135072146513
2024-09-23,0.016659974600263628
2024-09-24,0.014897746891325912
2024-09-25,0.014548405999420389
2024-09-26,0.020653911699057066
2024-09-27,0.02507217697338905
2024-09-28,0.0241403366935188
2024-09-29,0.015316905850757873
2024-09-30,0.016814166593119878
2024-10-01,0.015840351950877615
2024-10-02,0.013802095284613746
2024-10-03,0.015224168105592163
2024-10-04,0.013237246703871395
2024-10-05,0.02496989970332591
2024-10-06,0.02015477421616891
2024-10-07,0.025163141980957395
2024-10-08,0.03115537943938154
2024-10-09,0.036925559374541735
2024-10-10,0.049626989191265534
2024-10-11,0.09314627465722299
2024-10-12,0.09112797452186858
2024-10-13,0.05418520643977203
2024-10-14,0.05586811057333613
2024-10-15,0.050405682150629155
2024-10-16,0.10369956970356248
2024-10-17,0.11003475489145438
2024-10-18,0.05576183352102183
2024-10-19,0.027935880176585125
2024-10-20,0.024319109404676655
2024-10-21,0.03163693228508456
2024-10-22,0.05620827614941058
2024-10-23,0.048081159974152174
2024-10-24,0.09409282958292323
2024-10-25,0.07140797792381003
2024-10-26,0.022373896867643808
2024-10-27,0.01564192914256245
2024-10-28,0.014286437766050042
2024-10-29,0.02273015825978256
2024-10-30,0.017453125079238265
2024-10-31,0.11624625472281744
2024-11-01,0.017087602258190747
2024-11-02,0.015878871064626925
2024-11-03,0.01273343523378005
2024-11-04,0.013154216467392241
2024-11-05,0.01482648091866279
2024-11-06,0.01702603282722581
2024-11-07,0.013457434531985937
2024-11-08,0.017538073692612278
2024-11-09,0.029279220422840754
2024-11-10,0.022552605176896584
2024-11-11,0.03495411154411938
2024-11-12,0.0424229063115687
2024-11-13,0.050735930103837146
2024-11-14,0.05850520393814445
2024-11-15,0.08057204890038397
2024-11-16,0.03586809436984961
2024-11-17,0.019802701126923533
2024-11-18,0.0347075055569921
2024-11-19,0.04249989500657431
2024-11-20,0.04417884835603528
2024-11-21,0.04818463484413742
2024-11-22,0.040450823981753876
2024-11-23,0.031180839363636748
2024-11-24,0.0219482098459264
2024-11-25,0.021045589265533723
2024-11-26,0.0380039790747631
2024-11-27,0.023599082401474764
2024-11-28,0.030048938835659206
2024-11-29,0.03345076363592845
2024-11-30,0.019290952967658023
2024-12-01,0.039139283146989806
2024-12-02,0.046150303763138015
2024-12-03,0.030563796695663187
2024-12-04,0.025136028622197906
2024-12-05,0.028611306568363106
2024-12-06,0.032406845353446456
2024-12-07,0.040962614771108685
2024-12-08,0.03228418907416002
2024-12-09,0.02951575206048806
2024-12-10,0.03174473926750805
2024-12-11,0.04089626611872757
2024-12-12,0.04083899338815844
2024-12-13,0.02646541293195504
2024-12-14,0.023564570437368742
2024-12-15,0.02174428283730802
2024-12-16,0.02595831905167812
2024-12-17,0.029121780694434052
2024-12-18,0.02829110685777659
2024-12-19,0.04751928865254845
2024-12-20,0.030915482009938506
2024-12-21,0.022991746819538052
2024-12-22,0.01689332791444696
2024-12-23,0.024368083295523413
2024-12-24,0.022666540540551193
2024-12-25,0.015949450026933713
2024-12-26,0.018542549498329307
2024-12-27,0.013694163551293145
2024-12-28,0.012441935881188396
2024-12-29,0.012910122723180083
2024-12-30,0.014050641274480887
2024-12-31,0.014486701140282289
2025-01-01,0.01075741849444359
2025-01-02,0.010534175450250214
2025-01-03,0.013640474096817417
2025-01-04,0.012490543629031367
2025-01-05,0.01195084914059176
2025-01-06,0.015809980777466478
2025-01-07,0.016828094463706325
2025-01-08,0.018940763103761412
2025-01-09,0.015152174518035555
2025-01-10,0.015189082307164627
2025-01-11,0.01248327869041217
2025-01-12,0.00902584445810992
2025-01-13,0.01899963960798845
2025-01-14,0.013485178333381195
2025-01-15,0.017059505143355535
2025-01-16,0.018033266667660933
2025-01-17,0.01880906024303677
2025-01-18,0.014970988693168987
2025-01-19,0.013647580447267526
2025-01-20,0.02554404403984502
2025-01-21,0.02398589249965737
2025-01-22,0.01608998642514816
2025-01-23,0.015666385597684667
2025-01-24,0.014581448264197406
2025-01-25,0.013364385317770159
2025-01-26,0.009625269226449783
2025-01-27,0.012419733119813535
2025-01-28,0.010023799096033934
2025-01-29,0.00977992947384042
2025-01-30,0.010861951511318364
2025-01-31,0.012476432486690144
2025-02-01,0.008207968690487195
2025-02-02,0.008458061897222074
2025-02-03,0.012637067828357804
2025-02-04,0.012192194859216288
2025-02-05,0.012049358097611502
2025-02-06,0.011565635184364846
2025-02-07,0.009720749436743219
2025-02-08,0.008960782404521339
2025-02-09,0.007757269509126763
2025-02-10,0.01060528196663296
2025-02-11,0.013242486424429514
2025-02-12,0.011034463763358949
2025-02-13,0.01130312741183258
2025-02-14,0.009891663279321554
2025-02-15,0.007500034089988562
2025-02-16,0.009003421765920137
2025-02-17,0.014184915841679314
2025-02-18,0.01063785238452541
2025-02-19,0.012857102723038713
2025-02-20,0.012994815575821344
2025-02-21,0.01383838492646657
2025-02-22,0.014456693937562092
2025-02-23,0.02769839494715848
2025-02-24,0.03306023945267131
2025-02-25,0.02407417997956955
2025-02-26,0.021709616456002345
2025-02-27,0.01759134120399498
2025-02-28,0.013279425542723178
2025-03-01,0.01272956376132159
2025-03-02,0.013939311714771422
2025-03-03,0.012743672783127998
2025-03-04,0.011373966673333489
2025-03-05,0.011306400527719173
2025-03-06,0.009593098893264772
2025-03-07,0.012652514092594875
2025-03-08,0.010062416401802946
2025-03-09,0.008771604312947868
2025-03-10,0.010929070406799338
2025-03-11,0.013823578884760811
2025-03-12,0.010727815995744334
2025-03-13,0.011122483618725181
2025-03-14,0.012154888483431233
2025-03-15,0.011813727321235569
2025-03-16,0.00864227627997098
2025-03-17,0.010589954511030387
2025-03-18,0.010048720767873913
2025-03-19,0.011037992266738938
2025-03-20,0.01215125712022376
2025-03-21,0.011012023065440657
2025-03-22,0.02049674803785017
2025-03-23,0.01210729070694551
2025-03-24,0.01269184925718454
2025-03-25,0.02721116788253311
2025-03-26,0.01984119471258076
2025-03-27,0.011307142513273019
2025-03-28,0.012555856970170292
2025-03-29,0.009444800784947012
2025-03-30,0.007304331215779067
2025-03-31,0.010385760835252042
2025-04-01,0.010101876155181
2025-04-02,0.008102032903437181
2025-04-03,0.0119301573703132
2025-04-04,0.009783787405042805
2025-04-05,0.008288394865619735
2025-04-06,0.009501033898094608
2025-04-07,0.01411663215528311
2025-04-08,0.01629424622547272
2025-04-09,0.013350905611973609
2025-04-10,0.011448373348278064
2025-04-11,0.01622342990145955
2025-04-12,0.011904952060712045
2025-04-13,0.007738474087033854
2025-04-14,0.013424533716000964
2025-04-15,0.012477074478963634
2025-04-16,0.012528861002005362
2025-04-17,0.012418122009472118
2025-04-18,0.012303374788035823
2025-04-19,0.014473316550032228
2025-04-20,0.01405890559090333
2025-04-21,0.01636611223774303
2025-04-22,0.012783888218896549
2025-04-23,0.030731559812867227
2025-04-24,0.019941963743794356
2025-04-25,0.013337841944056286
2025-04-26,0.010499745026463392
2025-04-27,0.01213237749243643
2025-04-28,0.014829133366731261
2025-04-29,0.01335388947166586
2025-04-30,0.015736151295761027
2025-05-01,0.012920831470141536
2025-05-02,0.011043594787674381
2025-05-03,0.007649466241811033
2025-05-04,0.007750935753287627
2025-05-05,0.009257166609880456
2025-05-06,0.011977394582663347
2025-05-07,0.013880340279157483
2025-05-08,0.013004295905712516
2025-05-09,0.015503340519957472
2025-05-10,0.009377894006622893
2025-05-11,0.007273303853640273
2025-05-12,0.026657395481185932
2025-05-13,0.015232556655905918
2025-05-14,0.015622729744326914
2025-05-15,0.011645947181805049
2025-05-16,0.028835234503685945
2025-05-17,0.015852076397980343
2025-05-18,0.0115800620965507
2025-05-19,0.015391124586490756
2025-05-20,0.015781345046403328
2025-05-21,0.01714776684303194
2025-05-22,0.016651856839819824
2025-05-23,0.012394086790321989
2025-05-24,0.01172630894334106
2025-05-25,0.007988792632733931
2025-05-26,0.01063398941830304
2025-05-27,0.012798907483194285
2025-05-28,0.015408087785310947
2025-05-29,0.010504622993325111
2025-05-30,0.012053933151539792
2025-05-31,0.007948442956678726
2025-06-01,0.008303594538663263
2025-06-02,0.011353292318032606
2025-06-03,0.010571658732021854
2025-06-04,0.011840341241159557
2025-06-05,0.011515913710604602
2025-06-06,0.01049121115338823
2025-06-07,0.007295553330176612
2025-06-08,0.006583572616583697
2025-06-09,0.011323422872086826
2025-06-10,0.010021477403176037
2025-06-11,0.010695539996184352
2025-06-12,0.01039560338808426
2025-06-13,0.014244581720483783
2025-06-14,0.006385522299348724
2025-06-15,0.006095935501560295
2025-06-16,0.010692684652321165
2025-06-17,0.016722675616993116
2025-06-18,0.015478607738910438
2025-06-19,0.012622830044715741
2025-06-20,0.011023419903429584
2025-06-21,0.007859273394859324
2025-06-22,0.008245749875981926
2025-06-23,0.014460915002159394
2025-06-24,0.016570760386315886
2025-06-25,0.010661111414108892
2025-06-26,0.015217250201633661
2025-06-27,0.012213915171996383
2025-06-28,0.008380791088711056
2025-06-29,0.005355117118129631
2025-06-30,0.009234183087001588
2025-07-01,0.009788298181920013
2025-07-02,0.009301038088239018
2025-07-03,0.008929433301443817
2025-07-04,0.006743563904822608
2025-07-05,0.00622164713683446
2025-07-06,0.007964558508286229
2025-07-07,0.008393121106519394
2025-07-08,0.010208520791538795
2025-07-09,0.009565995569067075
2025-07-10,0.009230362828231333
2025-07-11,0.01164637287934045
2025-07-12,0.008401293070837677
2025-07-13,0.009444427289011379
2025-07-14,0.01242728268591316
2025-07-15,0.007852265473035325
2025-07-16,0.01098672759516557
2025-07-17,0.014634420389312742
2025-07-18,0.009991191250454064
2025-07-19,0.00957238110379679
2025-07-20,0.0067435658277925255
2025-07-21,0.009018167095412697
2025-07-22,0.009194243220230838
2025-07-23,0.009495661580461695
2025-07-24,0.02095271849433967
2025-07-25,0.010492307619689278
2025-07-26,0.008762746452108278
2025-07-27,0.00953865449280222
2025-07-28,0.009112164764438291
2025-07-29,0.013937339877977165
2025-07-30,0.009551527552550029
2025-07-31,0.008187580701301584
2025-08-01,0.011547320710073949
2025-08-02,0.008923330183201282
2025-08-03,0.006057122889235065
2025-08-04,0.0061850830648059905
2025-08-05,0.00844304708319018
2025-08-06,0.012936415607760229
2025-08-07,0.010168547581499201
2025-08-08,0.013045444860369848
2025-08-09,0.012323844055666734
2025-08-10,0.007198664659385582
2025-08-11,0.009524042846675643
2025-08-12,0.009557369580353609
2025-08-13,0.008895027524698264
2025-08-14,0.008437441525369179
2025-08-15,0.008379086536641165
2025-08-16,0.006255958833483345
2025-08-17,0.0052812054550443795
2025-08-18,0.006916740229979673
2025-08-19,0.0077712556544484186
2025-08-20,0.007628041185087966
2025-08-21,0.006586449586145149
2025-08-22,0.007536337088190871
2025-08-23,0.005718151437421612
2025-08-24,0.004298907762521082
2025-08-25,0.006385408055772344
2025-08-26,0.0065350163930211645
2025-08-27,0.0076613192712676565
2025-08-28,0.0065582004274744084
2025-08-29,0.006656445565279312
2025-08-30,0.006553006740843855
2025-08-31,0.007040925264481322
2025-09-01,0.01813499225720446
2025-09-02,0.009322719080142405
2025-09-03,0.014395280869473509
2025-09-04,0.010823127303111402
2025-09-05,0.014727404755599359
2025-09-06,0.007844462241614947
2025-09-07,0.006675941957803303
2025-09-08,0.007813384603058743
2025-09-09,0.00869829149398928
2025-09-10,0.007551199833139732
2025-09-11,0.008505227391062443
2025-09-12,0.012649619743866898
2025-09-13,0.009171223634895023
2025-09-14,0.006281096948147667
2025-09-15,0.00850497034401529
2025-09-16,0.00828617600877142
2025-09-17,0.011117607204780855
2025-09-18,0.007324892385848931
2025-09-19,0.006874102955858525
2025-09-20,0.00677633783160867
2025-09-21,0.0058688423246384125
2025-09-22,0.007090492452297046
2025-09-23,0.0061705149871121075
2025-09-24,0.005914515874784821
2025-09-25,0.0073572561822995795
2025-09-26,0.009421160724658846
2025-09-27,0.005051107701812233
2025-09-28,0.004206125203092304
2025-09-29,0.007393602100294211
2025-09-30,0.006183947031413662
2025-10-01,0.00758193263701671
2025-10-02,0.009472043914754993
2025-10-03,0.013787603479535858
2025-10-04,0.009007813646977522
2025-10-05,0.005525629039374517
2025-10-06,0.01138972605093366
2025-10-07,0.009172428118414483
2025-10-08,0.007267687042688301
2025-10-09,0.010016716311088284
2025-10-10,0.009563010050905109
2025-10-11,0.007842585474037704
2025-10-12,0.0052364953105280485
2025-10-13,0.005986710708994434
2025-10-14,0.005028210875297215
2025-10-15,0.006253871839954267
2025-10-16,0.006494547220456875
2025-10-17,0.007259387202844968
2025-10-18,0.004928634625868563
2025-10-19,0.005116349002802453
2025-10-20,0.006514841103184734
2025-10-21,0.006172748157997027
2025-10-22,0.005800726417805736
2025-10-23,0.006012068428292199
2025-10-24,0.0048634079554159
2025-10-25,0.0043195251307464495
2025-10-26,0.004394160387256063
2025-10-27,0.0060182202513396005
2025-10-28,0.0056855694296024965
2025-10-29,0.006578790589324581
2025-10-30,0.005494975759749401
2025-10-31,0.007841248280777327
2025-11-01,0.005714183084814139
2025-11-02,0.004180558826288257
2025-11-03,0.006886793274062246
2025-11-04,0.00963658660821437
2025-11-05,0.009087560411262251
2025-11-06,0.007326924846139643
2025-11-07,0.007504182224637156
2025-11-08,0.0069120806467087995
2025-11-09,0.005186243268966042
2025-11-10,0.008584575862444009
2025-11-11,0.005449934059308623
2025-11-12,0.005843622016357202
2025-11-13,0.00620138372534007
2025-11-14,0.007499397081117693
2025-11-15,0.005710814819879874
2025-11-16,0.005175575122522362
2025-11-17,0.011538233787596427
2025-11-18,0.00879168408074754
2025-11-19,0.0075566587559735485
2025-11-20,0.007659493453124636
2025-11-21,0.00752343915305743
2025-11-22,0.0065364466173855485
2025-11-23,0.005212738651990844
2025-11-24,0.0056699116097619785
2025-11-25,0.008557840032103596
2025-11-26,0.005335811901278216
2025-11-27,0.0061441102233655565
2025-11-28,0.006042979614943145
2025-11-29,0.005134597387364948
2025-11-30,0.003993863658096528
2025-12-01,0.009701664756150178
2025-12-02,0.009583433035282531
2025-12-03,0.008448416570469339
2025-12-04,0.007752237427146508
2025-12-05,0.009237334262652502
2025-12-06,0.0046380288787076325
2025-12-07,0.003897202124667533
2025-12-08,0.005612560781561939
2025-12-09,0.007173731619092567
2025-12-10,0.005468787200242662
2025-12-11,0.005262248469858772
2025-12-12,0.0059928366371347404
2025-12-13,0.004823603150172926
2025-12-14,0.0047947301288591435
2025-12-15,0.006528489382173407
2025-12-16,0.005703301549716022
2025-12-17,0.006258646905555459
2025-12-18,0.006032803928002183
2025-12-19,0.007180889685672112
2025-12-20,0.004741918271593569
2025-12-21,0.004338056957269528
2025-12-22,0.005780416435044869
2025-12-23,0.005597797381377187
2025-12-24,0.00535699321725733
2025-12-25,0.004631330188764882
2025-12-26,0.004833770645361226
2025-12-27,0.004895797970719451
2025-12-28,0.00433797052780735
2025-12-29,0.005593868250191897
2025-12-30,0.007933702630580998
2025-12-31,0.007305680596065394
2026-01-01,0.00464406956218001
2026-01-02,0.005969199355905506
2026-01-03,0.005424694435735342
2026-01-04,0.005203487669164524
2026-01-05,0.006662469296836262
2026-01-06,0.006724633755875399
2026-01-07,0.005609127075387792
2026-01-08,0.006026635908457635
2026-01-09,0.005790302787946779
2026-01-10,0.003929783413136569
2026-01-11,0.005011482726517424
2026-01-12,0.0052323591022263504
2026-01-13,0.006901126477703046
2026-01-14,0.007858480071041772
2026-01-15,0.0073273156697935765
2026-01-16,0.008025214687342276
2026-01-17,0.004936125577550481
2026-01-18,0.004149463259678928
2026-01-19,0.00464455659313731
2026-01-20,0.006453371033523958
2026-01-21,0.005364274052715922
2026-01-22,0.004436772872274229
2026-01-23,0.0054524284630910165
2026-01-24,0.006411176803324303
2026-01-25,0.005448277050164872
2026-01-26,0.005775765272105485
2026-01-27,0.005901818574576777
2026-01-28,0.008034383732530894
2026-01-29,0.007000627667203282
2026-01-30,0.008118242148589472
2026-01-31,0.006689012881391089
2026-02-01,0.0065822242257284405
2026-02-02,0.008971249942365648
2026-02-03,0.007955537616372226
2026-02-04,0.006946345739139163
2026-02-05,0.013422139124725974
2026-02-06,0.013311799284981524
2026-02-07,0.0051904286071837715
2026-02-08,0.0040847914876521495
2026-02-09,0.005594669935771388
2026-02-10,0.005701514285364702
2026-02-11,0.005900162703391751
2026-02-12,0.004442037597514411
2026-02-13,0.00577031351984072
2026-02-14,0.004158061176755193
2026-02-15,0.0029410202401528836
2026-02-16,0.0038797770469895607
2026-02-17,0.004408530675415857
2026-02-18,0.004734180165659346
2026-02-19,0.004677600008020279
2026-02-20,0.005948336498405699
2026-02-21,0.005716314250995076
2026-02-22,0.003591824975798265
2026-02-23,0.005448414064942626
2026-02-24,0.005103966139142824
2026-02-25,0.005899764361744091
2026-02-26,0.007617028670180316
2026-02-27,0.006298975083842671
2026-02-28,0.005517342105786431
2026-03-01,0.005290371564057004
2026-03-02,0.006229141658755374
2026-03-03,0.006536470747394557
2026-03-04,0.007149407162047917
2026-03-05,0.005074539029839572
2026-03-06,0.0060601350285592786
2026-03-07,0.005315452715032313
2026-03-08,0.004539142248472803
2026-03-09,0.005814239232253938
2026-03-10,0.006151839804531787
2026-03-11,0.006271828447620009
2026-03-12,0.00664329820657391
2026-03-13,0.008480399604949174
2026-03-14,0.005033822263017489
2026-03-15,0.004942947932855012
2026-03-16,0.006359709899400299
2026-03-17,0.0075595143394714725
2026-03-18,0.005976006017038698
2026-03-19,0.006891974528179914
2026-03-20,0.0062666287190114795
2026-03-21,0.0061204734071102565
2026-03-22,0.004055258125871376
2026-03-23,0.004856572952192907
2026-03-24,0.0063147696934129785
2026-03-25,0.005465126047445987
2026-03-26,0.004559477658251354
2026-03-27,0.005600261980426145
2026-03-28,0.0033630347097624784
2026-03-29,0.0035094152778832495
2026-03-30,0.0056452105338457735
2026-03-31,0.005700797211402095
2026-04-01,0.0048149264012825885
2026-04-02,0.005400143362012696
2026-04-03,0.006271834188595421
2026-04-04,0.005214964937081276
2026-04-05,0.0031163205987923062
2026-04-06,0.005413366203533445
2026-04-07,0.005399519944298059
2026-04-08,0.005118397271268194
2026-04-09,0.005270848467055728
2026-04-10,0.006700069610061811
2026-04-11,0.004905858202924364
2026-04-12,0.00351987939020963
2026-04-13,0.0048558307631320925
2026-04-14,0.00456013806320128
2026-04-15,0.006880063771357932
2026-04-16,0.005313119031689559
2026-04-17,0.007711862573149169
2026-04-18,0.004343530765043565
2026-04-19,0.0035119198677936504
2026-04-20,0.0064585919292734235
2026-04-21,0.005527295958486963
2026-04-22,0.008022680644142327
2026-04-23,0.007211785354369987
2026-04-24,0.005225035675440215
2026-04-25,0.004408500439249131
2026-04-26,0.0037598568942874616
2026-04-27,0.0051474259016344535
2026-04-28,0.0057803764615259315
2026-04-29,0.0071567342194537075
2026-04-30,0.008289155508038638
2026-05-01,0.006555158547946464
2026-05-02,0.005587040877568613
2026-05-03,0.004210514318349852
2026-05-04,0.005390677702559699
2026-05-05,0.005849439549026038
2026-05-06,0.006261165421327718
2026-05-07,0.0068021572765370525
2026-05-08,0.006121508063470421
2026-05-09,0.01316136791825349
2026-05-10,0.004675084949205188
2026-05-11,0.004674374879714807
2026-05-12,0.006709330784170058
2026-05-13,0.005783828574365725
2026-05-14,0.005550814568459456
2026-05-15,0.0067858989530405625
2026-05-16,0.004836558023188067
2026-05-17,0.00445263193413071
2026-05-18,0.005478497382604782
2026-05-19,0.005485687775357446
2026-05-20,0.004931655939395053
2026-05-21,0.0068372534620032704
2026-05-22,0.0051731259703746485
2026-05-23,0.0044763351161915335
2026-05-24,0.005080318125630309
2026-05-25,0.0053000926483009435
2026-05-26,0.00880517231059831
2026-05-27,0.006729377957081913
2026-05-28,0.0067625542534342185
2026-05-29,0.008750364993117647
2026-05-30,0.006608118532949991
2026-05-31,0.005601384222143233
2026-06-01,0.008269823965737716
2026-06-02,0.011217230708824636
2026-06-03,0.012196669984176567
2026-06-04,0.008916674839817578
2026-06-05,0.00919969957730315
2026-06-06,0.007606081659661995
2026-06-07,0.0063130852643471765
2026-06-08,0.007212734116407086
2026-06-09,0.007946148219016229
2026-06-10,0.007603051390578152
2026-06-11,0.008316475042637368
2026-06-12,0.007968539283593857
2026-06-13,0.008621344354459107
2026-06-14,0.005722594691074433
2026-06-15,0.007872331074851026
2026-06-16,0.006296357011368253
2026-06-17,0.007934080857502215
2026-06-18,0.006282191516822501
2026-06-19,0.0066792462846261514
2026-06-20,0.005462635260189791
2026-06-21,0.005765008976649279
2026-06-22,0.006283923324048677
2026-06-23,0.005711043004746607
2026-06-24,0.00705235894510074
2026-06-25,0.006117489562057886
2026-06-26,0.007008411575029625
2026-06-27,0.005134809482762233
2026-06-28,0.00544444243674861
2026-06-29,0.008406335441062496
2026-06-30,0.00899748298395027
2026-07-01,0.007927211855515356
2026-07-02,0.009565031771315465
2026-07-03,0.006987076405613124
2026-07-04,0.004940264867984179
2026-07-05,0.0053512599506033275
2026-07-06,0.009994751360288242
