date,NG=F,GLD,USO
2014-06-02,4.611999988555908,119.69999694824219,300.239990234375
2014-06-03,4.629000186920166,120.01000213623047,301.1199951171875
2014-06-04,4.639999866485596,119.76000213623047,300.0799865722656
2014-06-05,4.701000213623047,120.66000366210938,300.3999938964844
2014-06-06,4.710000038146973,120.61000061035156,300.8800048828125
2014-06-09,4.644999980926514,120.6500015258789,305.44000244140625
2014-06-10,4.53000020980835,121.38999938964844,306.239990234375
2014-06-11,4.507999897003174,121.41000366210938,306.0
2014-06-12,4.76200008392334,122.63999938964844,312.6400146484375
2014-06-13,4.738999843597412,122.95999908447266,312.9599914550781
2014-06-16,4.706999778747559,122.41999816894531,313.3599853515625
2014-06-17,4.709000110626221,122.27999877929688,311.9200134277344
2014-06-18,4.658999919891357,122.66999816894531,312.0799865722656
2014-06-19,4.584000110626221,126.94000244140625,313.0400085449219
2014-06-20,4.531000137329102,126.5,314.55999755859375
2014-06-23,4.446000099182129,126.8499984741211,313.2799987792969
2014-06-24,4.534999847412109,126.9800033569336,312.7200012207031
2014-06-25,4.552999973297119,126.98999786376953,314.32000732421875
2014-06-26,4.400000095367432,126.7300033569336,311.760009765625
2014-06-27,4.408999919891357,126.66000366210938,311.8399963378906
2014-06-30,4.460999965667725,128.0399932861328,311.0400085449219
2014-07-01,4.454999923706055,127.69999694824219,310.8800048828125
2014-07-02,4.35699987411499,127.69999694824219,307.20001220703125
2014-07-03,4.406000137329102,127.16000366210938,306.0
2014-07-07,4.224999904632568,127.0199966430664,305.3599853515625
2014-07-08,4.203999996185303,127.06999969482422,305.44000244140625
2014-07-09,4.170000076293945,127.83999633789062,301.5199890136719
2014-07-10,4.119999885559082,128.5399932861328,303.20001220703125
2014-07-11,4.145999908447266,128.77999877929688,297.2799987792969
2014-07-14,4.146999835968018,125.72000122070312,298.55999755859375
2014-07-15,4.0970001220703125,124.52999877929688,295.0400085449219
2014-07-16,4.11899995803833,124.97000122070312,298.4800109863281
2014-07-17,3.9539999961853027,127.08999633789062,302.6400146484375
2014-07-18,3.9509999752044678,126.12999725341797,301.760009765625
2014-07-21,3.8489999771118164,126.33999633789062,304.79998779296875
2014-07-22,3.7720000743865967,125.73999786376953,303.6000061035156
2014-07-23,3.76200008392334,125.62000274658203,305.2799987792969
2014-07-24,3.8469998836517334,124.3499984741211,302.55999755859375
2014-07-25,3.7809998989105225,125.79000091552734,302.1600036621094
2014-07-28,3.746999979019165,125.58000183105469,301.1199951171875
2014-07-29,3.808000087738037,125.19999694824219,299.1199951171875
2014-07-30,3.7860000133514404,124.83000183105469,295.3599853515625
2014-07-31,3.8410000801086426,123.38999938964844,290.55999755859375
2014-08-01,3.7980000972747803,124.37999725341797,289.5199890136719
2014-08-04,3.8340001106262207,123.98999786376953,291.8399963378906
2014-08-05,3.8970000743865967,123.87000274658203,289.2799987792969
2014-08-06,3.933000087738037,125.66999816894531,287.6000061035156
2014-08-07,3.875999927520752,126.18000030517578,289.2799987792969
2014-08-08,3.9619998931884766,126.19000244140625,288.9599914550781
2014-08-11,3.9649999141693115,125.95999908447266,289.760009765625
2014-08-12,3.9739999771118164,125.98999786376953,287.9200134277344
2014-08-13,3.8310000896453857,126.19999694824219,288.1600036621094
2014-08-14,3.9059998989105225,126.30999755859375,280.8800048828125
2014-08-15,3.7760000228881836,125.4800033569336,283.5199890136719
2014-08-18,3.7920000553131104,124.95999908447266,280.4800109863281
2014-08-19,3.877000093460083,124.68000030517578,277.67999267578125
2014-08-20,3.822999954223633,124.22000122070312,278.8800048828125
2014-08-21,3.8889999389648438,122.87999725341797,280.7200012207031
2014-08-22,3.8399999141693115,123.19000244140625,279.67999267578125
2014-08-25,3.937000036239624,122.73999786376953,278.9599914550781
2014-08-26,3.9110000133514404,123.3499984741211,280.32000732421875
2014-08-27,3.9570000171661377,123.31999969482422,280.239990234375
2014-08-28,4.044000148773193,124.0,282.55999755859375
2014-08-29,4.065000057220459,123.86000061035156,286.0799865722656
2014-09-02,3.890000104904175,121.6500015258789,278.32000732421875
2014-09-03,3.8469998836517334,122.1500015258789,284.3999938964844
2014-09-04,3.819000005722046,121.4800033569336,282.3999938964844
2014-09-05,3.7929999828338623,122.05999755859375,279.20001220703125
2014-09-08,3.875999927520752,120.7300033569336,277.6000061035156
2014-09-09,3.9839999675750732,120.87000274658203,276.9599914550781
2014-09-10,3.9539999961853027,120.26000213623047,274.0799865722656
2014-09-11,3.822999954223633,119.47000122070312,277.5199890136719
2014-09-12,3.8570001125335693,118.37999725341797,275.0400085449219
2014-09-15,3.930999994277954,118.63999938964844,276.4800109863281
2014-09-16,3.994999885559082,118.83000183105469,282.0
2014-09-17,4.013000011444092,117.54000091552734,280.0799865722656
2014-09-18,3.9100000858306885,117.77999877929688,276.9599914550781
2014-09-19,3.8369998931884766,117.08999633789062,276.55999755859375
2014-09-22,3.8499999046325684,116.8499984741211,273.5199890136719
2014-09-23,3.815999984741211,117.5999984741211,275.5199890136719
2014-09-24,3.9110000133514404,117.05000305175781,280.0
2014-09-25,3.9709999561309814,117.38999938964844,278.6400146484375
2014-09-26,3.9839999675750732,117.05999755859375,281.2799987792969
2014-09-29,4.1539998054504395,117.02999877929688,284.1600036621094
2014-09-30,4.120999813079834,116.20999908447266,275.2799987792969
2014-10-01,4.0229997634887695,116.7699966430664,273.20001220703125
2014-10-02,3.931999921798706,116.73999786376953,274.9599914550781
2014-10-03,4.039000034332275,114.61000061035156,270.1600036621094
2014-10-06,3.8980000019073486,116.02999877929688,272.32000732421875
2014-10-07,3.9570000171661377,116.36000061035156,267.5199890136719
2014-10-08,3.8550000190734863,117.47000122070312,264.0
2014-10-09,3.8450000286102295,117.63999938964844,256.8800048828125
2014-10-10,3.8589999675750732,117.58999633789062,257.44000244140625
2014-10-13,3.9159998893737793,118.5199966430664,255.9199981689453
2014-10-14,3.815999984741211,118.58999633789062,246.8000030517578
2014-10-15,3.799999952316284,118.98999786376953,245.36000061035156
2014-10-16,3.7960000038146973,119.22000122070312,248.8000030517578
2014-10-17,3.7660000324249268,118.98999786376953,250.0
2014-10-20,3.6700000762939453,119.80000305175781,249.1199951171875
2014-10-21,3.7109999656677246,120.0199966430664,250.39999389648438
2014-10-22,3.6589999198913574,119.33999633789062,244.39999389648438
2014-10-23,3.621999979019165,118.5199966430664,248.47999572753906
2014-10-24,3.622999906539917,118.3499984741211,247.0399932861328
2014-10-27,3.561000108718872,118.05999755859375,245.1199951171875
2014-10-28,3.6489999294281006,118.0999984741211,246.55999755859375
2014-10-29,3.7279999256134033,116.41000366210938,249.83999633789062
2014-10-30,3.8269999027252197,115.19000244140625,246.0800018310547
2014-10-31,3.872999906539917,112.66000366210938,245.0399932861328
2014-11-03,4.046000003814697,112.1500015258789,238.0800018310547
2014-11-04,4.129000186920166,112.22000122070312,234.39999389648438
2014-11-05,4.193999767303467,109.79000091552734,239.60000610351562
2014-11-06,4.4039998054504395,109.87999725341797,236.8000030517578
2014-11-07,4.4120001792907715,112.97000122070312,238.0800018310547
2014-11-10,4.255000114440918,110.45999908447266,234.72000122070312
2014-11-11,4.247000217437744,112.04000091552734,235.36000061035156
2014-11-12,4.184999942779541,111.5,233.1199951171875
2014-11-13,3.9769999980926514,111.66999816894531,226.32000732421875
2014-11-14,4.019999980926514,114.47000122070312,230.63999938964844
2014-11-17,4.341000080108643,114.05000305175781,229.44000244140625
2014-11-18,4.24399995803833,115.05000305175781,225.60000610351562
2014-11-19,4.370999813079834,113.68000030517578,226.0
2014-11-20,4.488999843597412,114.86000061035156,229.83999633789062
2014-11-21,4.265999794006348,115.38999938964844,232.8000030517578
2014-11-24,4.151000022888184,115.11000061035156,229.9199981689453
2014-11-25,4.2820000648498535,115.37999725341797,224.24000549316406
2014-11-26,4.355000019073486,115.16000366210938,223.1999969482422
2014-11-28,4.0879998207092285,112.11000061035156,204.63999938964844
2014-12-01,4.006999969482422,116.58000183105469,210.55999755859375
2014-12-02,3.874000072479248,115.13999938964844,204.63999938964844
2014-12-03,3.805000066757202,116.33000183105469,204.63999938964844
2014-12-04,3.6489999294281006,115.87999725341797,202.72000122070312
2014-12-05,3.802000045776367,114.43000030517578,199.67999267578125
2014-12-08,3.5950000286102295,115.77999877929688,191.27999877929688
2014-12-09,3.6519999504089355,118.19000244140625,193.60000610351562
2014-12-10,3.7060000896453857,117.95999908447266,186.24000549316406
2014-12-11,3.634000062942505,117.69000244140625,181.44000244140625
2014-12-12,3.7950000762939453,117.41000366210938,175.44000244140625
2014-12-15,3.7190001010894775,114.38999938964844,168.47999572753906
2014-12-16,3.61899995803833,114.94999694824219,170.39999389648438
2014-12-17,3.7019999027252197,114.2699966430664,170.72000122070312
2014-12-18,3.6419999599456787,115.1500015258789,165.9199981689453
2014-12-19,3.4639999866485596,114.7699966430664,175.67999267578125
2014-12-22,3.1440000534057617,112.55000305175781,167.36000061035156
2014-12-23,3.1710000038146973,112.73999786376953,172.47999572753906
2014-12-24,3.0299999713897705,112.7699966430664,168.39999389648438
2014-12-26,3.006999969482422,114.83000183105469,166.24000549316406
2014-12-29,3.188999891281128,113.66999816894531,162.39999389648438
2014-12-30,3.0940001010894775,115.19999694824219,162.32000732421875
2014-12-31,2.8889999389648438,113.58000183105469,162.8800048828125
2015-01-02,3.003000020980835,114.08000183105469,159.1199951171875
2015-01-05,2.881999969482422,115.80000305175781,150.32000732421875
2015-01-06,2.937999963760376,117.12000274658203,144.39999389648438
2015-01-07,2.871000051498413,116.43000030517578,146.9600067138672
2015-01-08,2.927000045776367,115.94000244140625,148.39999389648438
2015-01-09,2.946000099182129,117.26000213623047,146.24000549316406
2015-01-12,2.7950000762939453,118.55999755859375,139.27999877929688
2015-01-13,2.943000078201294,118.16000366210938,140.9600067138672
2015-01-14,3.2330000400543213,117.97000122070312,146.16000366210938
2015-01-15,3.1579999923706055,120.94000244140625,139.60000610351562
2015-01-16,3.127000093460083,122.5199966430664,146.63999938964844
2015-01-20,2.8310000896453857,124.19999694824219,139.83999633789062
2015-01-21,2.9739999771118164,124.2300033569336,142.16000366210938
2015-01-22,2.8350000381469727,125.2300033569336,139.27999877929688
2015-01-23,2.9860000610351562,124.2300033569336,136.0
2015-01-26,2.88100004196167,122.98999786376953,134.9600067138672
2015-01-27,2.9809999465942383,124.4000015258789,137.67999267578125
2015-01-28,2.865999937057495,123.41999816894531,132.47999572753906
2015-01-29,2.7190001010894775,120.76000213623047,133.44000244140625
2015-01-30,2.690999984741211,123.44999694824219,142.55999755859375
2015-02-02,2.680000066757202,122.41999816894531,148.9600067138672
2015-02-03,2.753999948501587,121.05000305175781,156.9600067138672
2015-02-04,2.6619999408721924,121.58000183105469,146.24000549316406
2015-02-05,2.5999999046325684,121.79000091552734,152.24000549316406
2015-02-06,2.5789999961853027,118.63999938964844,155.75999450683594
2015-02-09,2.5969998836517334,119.16999816894531,158.16000366210938
2015-02-10,2.677000045776367,118.47000122070312,151.52000427246094
2015-02-11,2.796999931335449,117.06999969482422,148.0800018310547
2015-02-12,2.7130000591278076,117.33999633789062,153.44000244140625
2015-02-13,2.803999900817871,117.9800033569336,156.9600067138672
2015-02-17,2.759000062942505,116.01000213623047,158.32000732421875
2015-02-18,2.8310000896453857,116.33999633789062,154.0800018310547
2015-02-19,2.8340001106262207,115.94000244140625,152.8000030517578
2015-02-20,2.9509999752044678,115.27999877929688,149.1999969482422
2015-02-23,2.878999948501587,115.43000030517578,144.8800048828125
2015-02-24,2.9019999504089355,115.26000213623047,144.32000732421875
2015-02-25,2.8940000534057617,115.69999694824219,149.1999969482422
2015-02-26,2.697000026702881,116.06999969482422,144.24000549316406
2015-02-27,2.7339999675750732,116.16000366210938,144.8000030517578
2015-03-02,2.697999954223633,115.68000030517578,146.55999755859375
2015-03-03,2.7119998931884766,115.47000122070312,147.9199981689453
2015-03-04,2.7690000534057617,115.11000061035156,152.0800018310547
2015-03-05,2.8410000801086426,115.0,149.67999267578125
2015-03-06,2.8389999866485596,111.86000061035156,145.9199981689453
2015-03-09,2.677999973297119,111.97000122070312,146.8000030517578
2015-03-10,2.7320001125335693,111.41999816894531,143.27999877929688
2015-03-11,2.8239998817443848,110.75,142.16000366210938
2015-03-12,2.7339999675750732,110.72000122070312,139.52000427246094
2015-03-13,2.7269999980926514,110.87999725341797,134.39999389648438
2015-03-16,2.7160000801086426,110.80999755859375,130.8000030517578
2015-03-17,2.8550000190734863,110.20999908447266,127.68000030517578
2015-03-18,2.9200000762939453,112.37000274658203,134.0800018310547
2015-03-19,2.812999963760376,112.29000091552734,128.63999938964844
2015-03-20,2.7860000133514404,113.56999969482422,131.44000244140625
2015-03-23,2.7330000400543213,114.29000091552734,134.24000549316406
2015-03-24,2.7860000133514404,114.56999969482422,134.32000732421875
2015-03-25,2.7230000495910645,114.7300033569336,138.8800048828125
2015-03-26,2.671999931335449,115.4800033569336,145.67999267578125
2015-03-27,2.5899999141693115,115.05999755859375,137.1199951171875
2015-03-30,2.6440000534057617,113.75,137.83999633789062
2015-03-31,2.640000104904175,113.66000366210938,134.72000122070312
2015-04-01,2.6050000190734863,115.5999984741211,140.63999938964844
2015-04-02,2.7130000591278076,115.27999877929688,140.47999572753906
2015-04-06,2.6500000953674316,116.69000244140625,147.44000244140625
2015-04-07,2.680000066757202,116.11000061035156,152.47999572753906
2015-04-08,2.61899995803833,115.47000122070312,144.55999755859375
2015-04-09,2.5280001163482666,114.66999816894531,144.24000549316406
2015-04-10,2.510999917984009,115.97000122070312,147.27999877929688
2015-04-13,2.510999917984009,115.13999938964844,148.0
2015-04-14,2.5299999713897705,114.44000244140625,150.55999755859375
2015-04-15,2.609999895095825,115.43000030517578,157.67999267578125
2015-04-16,2.684000015258789,115.02999877929688,159.52000427246094
2015-04-17,2.634000062942505,115.5999984741211,158.72000122070312
2015-04-20,2.5360000133514404,114.72000122070312,159.1199951171875
2015-04-21,2.575000047683716,115.37999725341797,155.60000610351562
2015-04-22,2.6059999465942383,113.83000183105469,154.8800048828125
2015-04-23,2.5309998989105225,114.66000366210938,158.0800018310547
2015-04-24,2.5309998989105225,113.05000305175781,157.36000061035156
2015-04-27,2.490000009536743,115.33000183105469,156.16000366210938
2015-04-28,2.5169999599456787,116.33000183105469,156.8000030517578
2015-04-29,2.6059999465942383,115.51000213623047,160.9600067138672
2015-04-30,2.750999927520752,113.47000122070312,164.0800018310547
2015-05-01,2.7760000228881836,113.08000183105469,163.1999969482422
2015-05-04,2.821000099182129,114.0999984741211,162.24000549316406
2015-05-05,2.7799999713897705,114.41999816894531,166.0800018310547
2015-05-06,2.7760000228881836,114.36000061035156,166.55999755859375
2015-05-07,2.7339999675750732,113.41999816894531,161.60000610351562
2015-05-08,2.880000114440918,113.97000122070312,163.36000061035156
2015-05-11,2.802000045776367,113.52999877929688,163.0399932861328
2015-05-12,2.8970000743865967,114.5,165.9199981689453
2015-05-13,2.934999942779541,116.55000305175781,164.8800048828125
2015-05-14,3.007999897003174,117.18000030517578,164.24000549316406
2015-05-15,3.0160000324249268,117.52999877929688,164.16000366210938
2015-05-18,3.009999990463257,117.5199966430664,163.52000427246094
2015-05-19,2.947999954223633,115.88999938964844,157.0399932861328
2015-05-20,2.9149999618530273,116.08000183105469,158.72000122070312
2015-05-21,2.9489998817443848,115.69000244140625,164.0
2015-05-22,2.88700008392334,115.5999984741211,162.0
2015-05-26,2.822000026702881,113.91000366210938,157.52000427246094
2015-05-27,2.815000057220459,113.88999938964844,155.83999633789062
2015-05-28,2.7060000896453857,114.0199966430664,156.47999572753906
2015-05-29,2.6419999599456787,114.0999984741211,162.47999572753906
2015-06-01,2.6489999294281006,114.0,162.8800048828125
2015-06-02,2.697999954223633,114.45999908447266,165.44000244140625
2015-06-03,2.634000062942505,113.63999938964844,161.36000061035156
2015-06-04,2.625999927520752,112.83999633789062,157.27999877929688
2015-06-05,2.5899999141693115,112.23999786376953,159.1999969482422
2015-06-08,2.7049999237060547,112.56999969482422,157.67999267578125
2015-06-09,2.8459999561309814,112.81999969482422,161.67999267578125
2015-06-10,2.8910000324249268,113.77999877929688,165.1199951171875
2015-06-11,2.825000047683716,113.26000213623047,163.9199981689453
2015-06-12,2.75,113.2300033569336,162.16000366210938
2015-06-15,2.8889999389648438,113.7300033569336,161.1999969482422
2015-06-16,2.8940000534057617,113.31999969482422,162.0800018310547
2015-06-17,2.8550000190734863,113.8499984741211,161.67999267578125
2015-06-18,2.7769999504089355,115.31999969482422,162.8800048828125
2015-06-19,2.815999984741211,115.12000274658203,160.16000366210938
2015-06-22,2.7330000400543213,113.63999938964844,161.27999877929688
2015-06-23,2.7260000705718994,112.88999938964844,163.75999450683594
2015-06-24,2.759000062942505,112.58999633789062,161.67999267578125
2015-06-25,2.8499999046325684,112.44000244140625,159.83999633789062
2015-06-26,2.7730000019073486,112.55999755859375,159.83999633789062
2015-06-29,2.805000066757202,113.06999969482422,156.0800018310547
2015-06-30,2.8320000171661377,112.37000274658203,159.0399932861328
2015-07-01,2.7829999923706055,111.9800033569336,152.8000030517578
2015-07-02,2.822000026702881,111.76000213623047,151.44000244140625
2015-07-06,2.75600004196167,112.05999755859375,141.83999633789062
2015-07-07,2.7160000801086426,110.76000213623047,142.0800018310547
2015-07-08,2.684999942779541,111.08999633789062,139.0399932861328
2015-07-09,2.7260000705718994,111.36000061035156,141.67999267578125
2015-07-10,2.7699999809265137,111.48999786376953,141.36000061035156
2015-07-13,2.864000082015991,110.98999786376953,140.0800018310547
2015-07-14,2.8399999141693115,110.73999786376953,141.75999450683594
2015-07-15,2.9179999828338623,110.16000366210938,137.83999633789062
2015-07-16,2.8540000915527344,109.76000213623047,136.39999389648438
2015-07-17,2.869999885559082,108.6500015258789,135.9199981689453
2015-07-20,2.822999954223633,105.69999694824219,133.52000427246094
2015-07-21,2.881999969482422,105.37000274658203,135.27999877929688
2015-07-22,2.8970000743865967,104.80000305175781,130.72000122070312
2015-07-23,2.815999984741211,104.33000183105469,129.1199951171875
2015-07-24,2.7760000228881836,105.3499984741211,128.24000549316406
2015-07-27,2.7890000343322754,104.86000061035156,125.19999694824219
2015-07-28,2.821000099182129,105.0199966430664,126.80000305175781
2015-07-29,2.885999917984009,105.16999816894531,129.9199981689453
2015-07-30,2.7679998874664307,104.2699966430664,128.8000030517578
2015-07-31,2.7160000801086426,104.93000030517578,124.72000122070312
2015-08-03,2.747999906539917,104.0999984741211,120.80000305175781
2015-08-04,2.812000036239624,104.30999755859375,121.76000213623047
2015-08-05,2.7980000972747803,103.93000030517578,120.23999786376953
2015-08-06,2.812999963760376,104.38999938964844,118.95999908447266
2015-08-07,2.7980000972747803,104.6500015258789,116.4800033569336
2015-08-10,2.8420000076293945,105.72000122070312,119.12000274658203
2015-08-11,2.8440001010894775,106.26000213623047,115.91999816894531
2015-08-12,2.930999994277954,107.75,115.5199966430664
2015-08-13,2.7869999408721924,106.86000061035156,112.72000122070312
2015-08-14,2.8010001182556152,106.8499984741211,111.91999816894531
2015-08-17,2.7279999256134033,107.12999725341797,111.12000274658203
2015-08-18,2.7039999961853027,107.11000061035156,112.4000015258789
2015-08-19,2.7160000801086426,108.55000305175781,107.44000244140625
2015-08-20,2.755000114440918,110.44000244140625,106.95999908447266
2015-08-21,2.6760001182556152,111.12999725341797,105.83999633789062
2015-08-24,2.6500000953674316,110.52999877929688,99.91999816894531
2015-08-25,2.684999942779541,109.16000366210938,101.83999633789062
2015-08-26,2.693000078201294,107.66999816894531,102.16000366210938
2015-08-27,2.638000011444092,107.7300033569336,111.5999984741211
2015-08-28,2.7149999141693115,108.69999694824219,119.04000091552734
2015-08-31,2.688999891281128,108.81999969482422,127.12000274658203
2015-09-01,2.7019999027252197,109.19999694824219,118.4800033569336
2015-09-02,2.6480000019073486,108.62000274658203,120.72000122070312
2015-09-03,2.7249999046325684,107.83999633789062,122.72000122070312
2015-09-04,2.6549999713897705,107.48999786376953,120.63999938964844
2015-09-08,2.7100000381469727,107.5199966430664,120.16000366210938
2015-09-09,2.6510000228881836,106.12999725341797,116.08000183105469
2015-09-10,2.683000087738037,106.37999725341797,119.44000244140625
2015-09-11,2.693000078201294,106.16000366210938,117.19999694824219
2015-09-14,2.757999897003174,106.22000122070312,115.12000274658203
2015-09-15,2.7279999256134033,105.9000015258789,116.55999755859375
2015-09-16,2.6600000858306885,107.30999755859375,122.87999725341797
2015-09-17,2.6519999504089355,108.41000366210938,121.83999633789062
2015-09-18,2.6050000190734863,109.20999908447266,116.95999908447266
2015-09-21,2.572999954223633,108.52999877929688,120.4000015258789
2015-09-22,2.5769999027252197,107.79000091552734,119.36000061035156
2015-09-23,2.569000005722046,108.22000122070312,115.5199966430664
2015-09-24,2.5910000801086426,110.48999786376953,116.72000122070312
2015-09-25,2.563999891281128,109.80999755859375,117.76000213623047
2015-09-28,2.562999963760376,108.41999816894531,115.04000091552734
2015-09-29,2.5859999656677246,107.9800033569336,116.87999725341797
2015-09-30,2.5239999294281006,106.86000061035156,117.44000244140625
2015-10-01,2.433000087738037,106.7300033569336,116.63999938964844
2015-10-02,2.4509999752044678,108.98999786376953,118.16000366210938
2015-10-05,2.450000047683716,108.7699966430664,120.0
2015-10-06,2.4700000286102295,109.86000061035156,125.91999816894531
2015-10-07,2.4739999771118164,109.69999694824219,124.55999755859375
2015-10-08,2.497999906539917,109.13999938964844,128.32000732421875
2015-10-09,2.502000093460083,110.87000274658203,127.91999816894531
2015-10-12,2.5350000858306885,111.30999755859375,122.4800033569336
2015-10-13,2.497999906539917,111.86000061035156,120.4800033569336
2015-10-14,2.5179998874664307,113.80999755859375,120.4000015258789
2015-10-15,2.453000068664551,113.29000091552734,121.04000091552734
2015-10-16,2.430000066757202,112.48999786376953,121.76000213623047
2015-10-19,2.441999912261963,112.0199966430664,118.63999938964844
2015-10-20,2.4760000705718994,112.7300033569336,117.83999633789062
2015-10-21,2.4040000438690186,111.7300033569336,115.44000244140625
2015-10-22,2.385999917984009,111.69000244140625,116.08000183105469
2015-10-23,2.2860000133514404,111.5,114.16000366210938
2015-10-26,2.062000036239624,111.43000030517578,112.08000183105469
2015-10-27,2.0920000076293945,111.68000030517578,110.55999755859375
2015-10-28,2.0329999923706055,110.77999877929688,117.5199966430664
2015-10-29,2.256999969482422,109.72000122070312,117.04000091552734
2015-10-30,2.321000099182129,109.30000305175781,118.4800033569336
2015-11-02,2.25600004196167,108.58999633789062,118.0
2015-11-03,2.253000020980835,106.9800033569336,122.23999786376953
2015-11-04,2.26200008392334,105.97000122070312,118.80000305175781
2015-11-05,2.364000082015991,105.63999938964844,115.83999633789062
2015-11-06,2.371000051498413,104.0999984741211,113.83999633789062
2015-11-09,2.299999952316284,104.4000015258789,112.63999938964844
2015-11-10,2.319999933242798,104.18000030517578,112.72000122070312
2015-11-11,2.263000011444092,103.83000183105469,110.08000183105469
2015-11-12,2.259999990463257,103.8499984741211,106.80000305175781
2015-11-13,2.3610000610351562,103.55999755859375,104.4800033569336
2015-11-16,2.384999990463257,103.70999908447266,107.12000274658203
2015-11-17,2.371000051498413,102.33999633789062,104.08000183105469
2015-11-18,2.3469998836517334,102.43000030517578,104.4000015258789
2015-11-19,2.2760000228881836,103.55999755859375,103.68000030517578
2015-11-20,2.1449999809265137,103.08999633789062,103.44000244140625
2015-11-23,2.2100000381469727,102.26000213623047,104.16000366210938
2015-11-24,2.200000047683716,102.94000244140625,106.55999755859375
2015-11-25,2.2060000896453857,102.45999908447266,107.12000274658203
2015-11-27,2.2119998931884766,101.25,104.23999786376953
2015-11-30,2.234999895095825,101.91999816894531,103.44000244140625
2015-12-01,2.2309999465942383,102.27999877929688,103.5999984741211
2015-12-02,2.1649999618530273,100.69000244140625,99.83999633789062
2015-12-03,2.180999994277954,101.76000213623047,102.16000366210938
2015-12-04,2.186000108718872,104.0199966430664,99.68000030517578
2015-12-07,2.066999912261963,102.66999816894531,93.76000213623047
2015-12-08,2.069999933242798,102.83999633789062,93.44000244140625
2015-12-09,2.062000036239624,102.63999938964844,92.4800033569336
2015-12-10,2.015000104904175,102.55000305175781,90.95999908447266
2015-12-11,1.9900000095367432,103.11000061035156,88.55999755859375
2015-12-14,1.8940000534057617,101.79000091552734,89.27999877929688
2015-12-15,1.8220000267028809,101.5199966430664,91.19999694824219
2015-12-16,1.7899999618530273,102.75,87.91999816894531
2015-12-17,1.7549999952316284,100.5,85.91999816894531
2015-12-18,1.7669999599456787,102.04000091552734,85.27999877929688
2015-12-21,1.9110000133514404,103.1500015258789,85.27999877929688
2015-12-22,1.8880000114440918,102.61000061035156,86.16000366210938
2015-12-23,1.9830000400543213,102.30999755859375,90.08000183105469
2015-12-24,2.0290000438690186,103.05000305175781,90.4000015258789
2015-12-28,2.2279999256134033,102.2699966430664,87.44000244140625
2015-12-29,2.371999979019165,102.19999694824219,90.08000183105469
2015-12-30,2.2139999866485596,101.41999816894531,87.44000244140625
2015-12-31,2.3369998931884766,101.45999908447266,88.0
2016-01-04,2.3340001106262207,102.88999938964844,87.83999633789062
2016-01-05,2.325000047683716,103.18000030517578,85.27999877929688
2016-01-06,2.2669999599456787,104.66999816894531,80.87999725341797
2016-01-07,2.381999969482422,106.1500015258789,79.19999694824219
2016-01-08,2.4719998836517334,105.68000030517578,78.4000015258789
2016-01-11,2.3959999084472656,104.73999786376953,74.0
2016-01-12,2.256999969482422,104.20999908447266,73.36000061035156
2016-01-13,2.2690000534057617,104.72000122070312,72.72000122070312
2016-01-14,2.1389999389648438,103.0199966430664,73.83999633789062
2016-01-15,2.0999999046325684,104.08000183105469,70.31999969482422
2016-01-19,2.0910000801086426,103.9800033569336,67.91999816894531
2016-01-20,2.118000030517578,105.37000274658203,65.91999816894531
2016-01-21,2.138000011444092,105.48999786376953,68.4800033569336
2016-01-22,2.1389999389648438,105.0,74.16000366210938
2016-01-25,2.1579999923706055,106.08000183105469,68.31999969482422
2016-01-26,2.180000066757202,107.29000091552734,71.76000213623047
2016-01-27,2.188999891281128,107.69000244140625,73.44000244140625
2016-01-28,2.181999921798706,106.54000091552734,77.5999984741211
2016-01-29,2.2980000972747803,106.94999694824219,77.19999694824219
2016-02-01,2.1519999504089355,108.05000305175781,72.16000366210938
2016-02-02,2.0250000953674316,108.08999633789062,68.55999755859375
2016-02-03,2.0380001068115234,109.25,74.72000122070312
2016-02-04,1.972000002861023,110.56999969482422,72.95999908447266
2016-02-05,2.062999963760376,112.31999969482422,71.27999877929688
2016-02-08,2.140000104904175,113.83000183105469,69.12000274658203
2016-02-09,2.0980000495910645,113.58000183105469,65.44000244140625
2016-02-10,2.0460000038146973,114.45999908447266,63.68000030517578
2016-02-11,1.99399995803833,119.05999755859375,63.91999816894531
2016-02-12,1.965999960899353,118.36000061035156,66.63999938964844
2016-02-16,1.902999997138977,114.7699966430664,66.4800033569336
2016-02-17,1.9420000314712524,115.4800033569336,70.23999786376953
2016-02-18,1.8519999980926514,118.29000091552734,69.27999877929688
2016-02-19,1.8040000200271606,117.58000183105469,68.4000015258789
2016-02-22,1.8209999799728394,115.48999786376953,71.27999877929688
2016-02-23,1.781999945640564,117.22000122070312,67.83999633789062
2016-02-24,1.777999997138977,117.61000061035156,68.72000122070312
2016-02-25,1.7109999656677246,117.91999816894531,70.4000015258789
2016-02-26,1.7910000085830688,117.11000061035156,70.23999786376953
2016-02-29,1.7109999656677246,118.63999938964844,72.0
2016-03-01,1.7419999837875366,117.7699966430664,73.19999694824219
2016-03-02,1.6779999732971191,118.68000030517578,74.4000015258789
2016-03-03,1.6390000581741333,120.7300033569336,74.0
2016-03-04,1.6660000085830688,120.54000091552734,77.19999694824219
2016-03-07,1.690000057220459,121.13999938964844,80.87999725341797
2016-03-08,1.7120000123977661,120.58000183105469,77.19999694824219
2016-03-09,1.7519999742507935,119.58000183105469,81.19999694824219
2016-03-10,1.7879999876022339,121.5,80.31999969482422
2016-03-11,1.8220000267028809,119.41000366210938,81.5199966430664
2016-03-14,1.819000005722046,117.87000274658203,79.04000091552734
2016-03-15,1.8509999513626099,117.95999908447266,77.5999984741211
2016-03-16,1.8680000305175781,120.58999633789062,81.44000244140625
2016-03-17,1.9359999895095825,120.12999725341797,84.4000015258789
2016-03-18,1.906999945640564,119.80000305175781,83.83999633789062
2016-03-21,1.8279999494552612,118.95999908447266,84.72000122070312
2016-03-22,1.8630000352859497,119.30999755859375,84.31999969482422
2016-03-23,1.7940000295639038,116.61000061035156,80.87999725341797
2016-03-24,1.805999994277954,116.33000183105469,80.4800033569336
2016-03-28,1.8480000495910645,116.5999984741211,80.08000183105469
2016-03-29,1.902999997138977,118.76000213623047,78.4000015258789
2016-03-30,1.996000051498413,117.0999984741211,77.83999633789062
2016-03-31,1.9589999914169312,117.63999938964844,77.5999984741211
2016-04-01,1.9559999704360962,116.93000030517578,74.63999938964844
2016-04-04,1.9980000257492065,116.1500015258789,72.63999938964844
2016-04-05,1.9539999961853027,117.66000366210938,73.04000091552734
2016-04-06,1.9110000133514404,116.94000244140625,76.80000305175781
2016-04-07,2.0179998874664307,118.61000061035156,76.08000183105469
2016-04-08,1.9900000095367432,118.43000030517578,80.23999786376953
2016-04-11,1.9119999408721924,120.02999877929688,82.23999786376953
2016-04-12,2.003999948501587,120.05000305175781,85.12000274658203
2016-04-13,2.0360000133514404,118.7699966430664,84.08000183105469
2016-04-14,1.9700000286102295,117.11000061035156,83.83999633789062
2016-04-15,1.9019999504089355,117.91999816894531,82.0
2016-04-18,1.940000057220459,117.73999786376953,81.36000061035156
2016-04-19,2.0880000591278076,119.58000183105469,83.5199966430664
2016-04-20,2.069000005722046,118.97000122070312,86.08000183105469
2016-04-21,2.068000078201294,119.41999816894531,85.76000213623047
2016-04-22,2.140000104904175,117.88999938964844,86.08000183105469
2016-04-25,2.062999963760376,118.2300033569336,84.4000015258789
2016-04-26,2.0320000648498535,118.69999694824219,86.4800033569336
2016-04-27,1.9950000047683716,119.04000091552734,89.12000274658203
2016-04-28,2.078000068664551,121.29000091552734,89.76000213623047
2016-04-29,2.177999973297119,123.6500015258789,90.4000015258789
2016-05-02,2.0420000553131104,123.23999786376953,88.4000015258789
2016-05-03,2.0859999656677246,122.95999908447266,85.91999816894531
2016-05-04,2.1410000324249268,122.20999908447266,86.31999969482422
2016-05-05,2.0759999752044678,122.06999969482422,87.19999694824219
2016-05-06,2.1010000705718994,123.18000030517578,87.68000030517578
2016-05-09,2.0980000495910645,120.6500015258789,85.44000244140625
2016-05-10,2.1579999923706055,120.9800033569336,87.91999816894531
2016-05-11,2.1730000972747803,122.12000274658203,90.72000122070312
2016-05-12,2.1549999713897705,121.16000366210938,91.5999984741211
2016-05-13,2.0959999561309814,121.70999908447266,90.95999908447266
2016-05-16,2.0290000438690186,121.80000305175781,94.08000183105469
2016-05-17,2.0480000972747803,122.22000122070312,95.36000061035156
2016-05-18,2.000999927520752,120.0999984741211,93.5999984741211
2016-05-19,2.0390000343322754,119.87000274658203,94.31999969482422
2016-05-20,2.062000036239624,119.70999908447266,94.0
2016-05-23,2.055000066757202,119.37000274658203,93.27999877929688
2016-05-24,1.9800000190734863,117.30000305175781,94.55999755859375
2016-05-25,1.9919999837875366,116.9800033569336,96.23999786376953
2016-05-26,1.9630000591278076,116.58000183105469,95.5999984741211
2016-05-27,2.1689999103546143,115.62000274658203,95.83999633789062
2016-05-31,2.2880001068115234,116.05999755859375,94.95999908447266
2016-06-01,2.38100004196167,115.94000244140625,95.44000244140625
2016-06-02,2.4049999713897705,115.66999816894531,94.87999725341797
2016-06-03,2.3980000019073486,118.87999725341797,94.55999755859375
2016-06-06,2.4660000801086426,118.91999816894531,96.31999969482422
2016-06-07,2.4739999771118164,118.81999969482422,97.76000213623047
2016-06-08,2.4679999351501465,120.58000183105469,99.44000244140625
2016-06-09,2.617000102996826,121.25,98.0
2016-06-10,2.555999994277954,121.73999786376953,94.95999908447266
2016-06-13,2.5850000381469727,122.63999938964844,94.08000183105469
2016-06-14,2.6040000915527344,122.7699966430664,93.83999633789062
2016-06-15,2.5950000286102295,123.68000030517578,91.76000213623047
2016-06-16,2.5799999237060547,122.37999725341797,89.12000274658203
2016-06-17,2.622999906539917,123.94999694824219,93.27999877929688
2016-06-20,2.746999979019165,123.20999908447266,95.27999877929688
2016-06-21,2.7679998874664307,120.83999633789062,95.12000274658203
2016-06-22,2.677000045776367,120.9000015258789,93.91999816894531
2016-06-23,2.697999954223633,120.11000061035156,95.83999633789062
2016-06-24,2.6619999408721924,126.0,91.19999694824219
2016-06-27,2.7160000801086426,126.68000030517578,89.5199966430664
2016-06-28,2.9170000553131104,125.31999969482422,91.76000213623047
2016-06-29,2.86299991607666,125.83999633789062,94.31999969482422
2016-06-30,2.9240000247955322,126.47000122070312,92.55999755859375
2016-07-01,2.986999988555908,128.41000366210938,94.23999786376953
2016-07-05,2.7639999389648438,129.47000122070312,89.44000244140625
2016-07-06,2.7860000133514404,130.22999572753906,90.63999938964844
2016-07-07,2.7769999504089355,129.74000549316406,86.55999755859375
2016-07-08,2.8010001182556152,130.52000427246094,86.63999938964844
2016-07-11,2.7019999027252197,129.2899932861328,85.19999694824219
2016-07-12,2.7339999675750732,127.1500015258789,89.5199966430664
2016-07-13,2.736999988555908,128.32000732421875,86.0
2016-07-14,2.7269999980926514,127.33000183105469,86.95999908447266
2016-07-15,2.75600004196167,126.83999633789062,87.91999816894531
2016-07-18,2.7219998836517334,127.04000091552734,86.55999755859375
2016-07-19,2.7279999256134033,127.20999908447266,85.5999984741211
2016-07-20,2.6579999923706055,125.38999938964844,85.83999633789062
2016-07-21,2.691999912261963,127.30000305175781,83.91999816894531
2016-07-22,2.7769999504089355,126.3499984741211,83.36000061035156
2016-07-25,2.746999979019165,125.47000122070312,81.04000091552734
2016-07-26,2.7119998931884766,126.0,80.63999938964844
2016-07-27,2.671999931335449,128.02999877929688,79.19999694824219
2016-07-28,2.872999906539917,127.66000366210938,77.36000061035156
2016-07-29,2.875999927520752,128.97999572753906,78.08000183105469
2016-08-01,2.7709999084472656,129.22000122070312,75.27999877929688
2016-08-02,2.7330000400543213,130.27000427246094,74.63999938964844
2016-08-03,2.8389999866485596,129.64999389648438,77.5199966430664
2016-08-04,2.8340001106262207,129.8699951171875,78.72000122070312
2016-08-05,2.7720000743865967,127.55000305175781,78.87999725341797
2016-08-08,2.747999906539917,127.44000244140625,80.80000305175781
2016-08-09,2.615000009536743,127.95999908447266,80.55999755859375
2016-08-10,2.561000108718872,128.55999755859375,78.16000366210938
2016-08-11,2.5510001182556152,127.66999816894531,81.68000030517578
2016-08-12,2.5859999656677246,127.4000015258789,84.0
2016-08-15,2.5899999141693115,127.83999633789062,86.08000183105469
2016-08-16,2.617000102996826,128.47000122070312,87.36000061035156
2016-08-17,2.61899995803833,128.5,87.91999816894531
2016-08-18,2.6740000247955322,129.11000061035156,90.4000015258789
2016-08-19,2.5840001106262207,127.97000122070312,90.72000122070312
2016-08-22,2.678999900817871,127.77999877929688,87.76000213623047
2016-08-23,2.760999917984009,127.76000213623047,88.72000122070312
2016-08-24,2.7960000038146973,126.33999633789062,86.55999755859375
2016-08-25,2.8459999561309814,126.2300033569336,87.5999984741211
2016-08-26,2.871000051498413,126.05000305175781,87.5999984741211
2016-08-29,2.8529999256134033,126.30000305175781,86.80000305175781
2016-08-30,2.8269999027252197,125.02999877929688,85.83999633789062
2016-08-31,2.88700008392334,124.77999877929688,82.87999725341797
2016-09-01,2.7920000553131104,125.29000091552734,80.4800033569336
2016-09-02,2.7920000553131104,126.56999969482422,81.91999816894531
2016-09-06,2.7170000076293945,128.7100067138672,83.12000274658203
2016-09-07,2.6760001182556152,128.27000427246094,84.16000366210938
2016-09-08,2.805999994277954,127.58999633789062,87.68000030517578
2016-09-09,2.796999931335449,126.75,84.72000122070312
2016-09-12,2.9149999618530273,126.58999633789062,85.12000274658203
2016-09-13,2.9089999198913574,125.75,82.95999908447266
2016-09-14,2.8889999389648438,126.18000030517578,80.72000122070312
2016-09-15,2.927000045776367,125.37000274658203,81.12000274658203
2016-09-16,2.947999954223633,125.05999755859375,80.0
2016-09-19,2.934000015258789,125.31999969482422,79.83999633789062
2016-09-20,3.046999931335449,125.44000244140625,80.55999755859375
2016-09-21,3.056999921798706,127.2699966430664,83.19999694824219
2016-09-22,2.990000009536743,127.56999969482422,84.23999786376953
2016-09-23,2.9549999237060547,127.6500015258789,81.5199966430664
2016-09-26,2.996999979019165,127.55000305175781,83.44000244140625
2016-09-27,2.996000051498413,126.62000274658203,81.19999694824219
2016-09-28,2.9519999027252197,126.22000122070312,85.19999694824219
2016-09-29,2.9590001106262207,126.06999969482422,86.95999908447266
2016-09-30,2.9059998989105225,125.63999938964844,87.44000244140625
2016-10-03,2.9230000972747803,125.31999969482422,88.80000305175781
2016-10-04,2.9639999866485596,120.97000122070312,88.72000122070312
2016-10-05,3.0409998893737793,120.77999877929688,90.80000305175781
2016-10-06,3.0490000247955322,119.66000366210938,92.08000183105469
2016-10-07,3.193000078201294,119.73999786376953,90.63999938964844
2016-10-10,,120.16000366210938,93.36000061035156
2016-10-11,3.236999988555908,119.55000305175781,92.63999938964844
2016-10-12,3.2100000381469727,119.73999786376953,91.44000244140625
2016-10-13,3.3410000801086426,120.02999877929688,91.91999816894531
2016-10-14,3.2850000858306885,119.36000061035156,91.5199966430664
2016-10-17,3.24399995803833,119.68000030517578,90.95999908447266
2016-10-18,3.263000011444092,120.41999816894531,91.5999984741211
2016-10-19,3.1700000762939453,121.11000061035156,93.27999877929688
2016-10-20,3.1410000324249268,120.73999786376953,91.44000244140625
2016-10-21,2.993000030517578,120.83000183105469,91.83999633789062
2016-10-24,2.8310000896453857,120.55999755859375,91.44000244140625
2016-10-25,2.7739999294281006,121.47000122070312,89.91999816894531
2016-10-26,2.7309999465942383,120.79000091552734,88.72000122070312
2016-10-27,2.7639999389648438,121.01000213623047,89.68000030517578
2016-10-28,3.1050000190734863,121.58000183105469,88.08000183105469
2016-10-31,3.0260000228881836,121.94000244140625,84.23999786376953
2016-11-01,2.9019999504089355,122.7300033569336,84.55999755859375
2016-11-02,2.7920000553131104,123.63999938964844,82.23999786376953
2016-11-03,2.7690000534057617,124.30000305175781,80.63999938964844
2016-11-04,2.7669999599456787,124.38999938964844,79.83999633789062
2016-11-07,2.815999984741211,122.1500015258789,81.27999877929688
2016-11-08,2.632999897003174,121.63999938964844,80.80000305175781
2016-11-09,2.690000057220459,121.55999755859375,82.23999786376953
2016-11-10,2.631999969482422,119.75,80.31999969482422
2016-11-11,,117.0999984741211,78.16000366210938
2016-11-14,2.749000072479248,116.11000061035156,78.95999908447266
2016-11-15,2.7090001106262207,117.12000274658203,82.72000122070312
2016-11-16,2.7639999389648438,116.7699966430664,81.83999633789062
2016-11-17,2.703000068664551,116.16999816894531,81.04000091552734
2016-11-18,2.8429999351501465,115.1500015258789,82.55999755859375
2016-11-21,2.950000047683716,115.58000183105469,86.16000366210938
2016-11-22,2.9820001125335693,115.54000091552734,85.04000091552734
2016-11-23,3.0260000228881836,113.25,85.36000061035156
2016-11-25,3.0850000381469727,112.61000061035156,82.63999938964844
2016-11-28,3.2320001125335693,113.80000305175781,83.5199966430664
2016-11-29,3.315000057220459,113.2699966430664,80.4800033569336
2016-11-30,3.3519999980926514,111.75,87.44000244140625
2016-12-01,3.505000114440918,111.54000091552734,90.63999938964844
2016-12-02,3.436000108718872,112.13999938964844,91.83999633789062
2016-12-05,3.6540000438690186,111.54000091552734,90.80000305175781
2016-12-06,3.634999990463257,111.43000030517578,90.31999969482422
2016-12-07,3.6029999256134033,111.83000183105469,88.72000122070312
2016-12-08,3.694999933242798,111.56999969482422,90.4800033569336
2016-12-09,3.746000051498413,110.4000015258789,91.5199966430664
2016-12-12,3.506999969482422,110.81999969482422,92.95999908447266
2016-12-13,3.4739999771118164,110.44999694824219,93.83999633789062
2016-12-14,3.5399999618530273,108.83000183105469,90.55999755859375
2016-12-15,3.434000015258789,107.33999633789062,90.87999725341797
2016-12-16,3.4149999618530273,108.05000305175781,92.4000015258789
2016-12-19,3.3919999599456787,108.58999633789062,92.0
2016-12-20,3.263000011444092,107.79000091552734,92.95999908447266
2016-12-21,3.5420000553131104,107.8499984741211,91.5199966430664
2016-12-22,3.5380001068115234,107.58999633789062,91.68000030517578
2016-12-23,3.6619999408721924,107.93000030517578,92.4800033569336
2016-12-27,3.760999917984009,108.55999755859375,93.83999633789062
2016-12-28,3.930000066757202,108.86000061035156,94.0
2016-12-29,3.802000045776367,110.29000091552734,93.76000213623047
2016-12-30,3.7239999771118164,109.61000061035156,93.76000213623047
2017-01-03,3.3269999027252197,110.47000122070312,91.5199966430664
2017-01-04,3.2669999599456787,110.86000061035156,92.63999938964844
2017-01-05,3.2730000019073486,112.58000183105469,93.5999984741211
2017-01-06,3.2850000858306885,111.75,93.44000244140625
2017-01-09,3.1029999256134033,112.66999816894531,90.4800033569336
2017-01-10,3.2780001163482666,113.1500015258789,88.55999755859375
2017-01-11,3.2239999771118164,113.5,90.95999908447266
2017-01-12,3.385999917984009,113.91000366210938,92.31999969482422
2017-01-13,3.4189999103546143,114.20999908447266,91.27999877929688
2017-01-17,3.4119999408721924,115.8499984741211,91.44000244140625
2017-01-18,3.302000045776367,114.87000274658203,89.27999877929688
2017-01-19,3.368000030517578,114.7699966430664,89.36000061035156
2017-01-20,3.2039999961853027,115.05000305175781,91.12000274658203
2017-01-23,3.243000030517578,115.79000091552734,90.55999755859375
2017-01-24,3.2790000438690186,115.2699966430664,90.95999908447266
2017-01-25,3.3320000171661377,114.31999969482422,90.4800033569336
2017-01-26,3.381999969482422,113.26000213623047,92.23999786376953
2017-01-27,3.3910000324249268,113.48999786376953,91.19999694824219
2017-01-30,3.2320001125335693,113.97000122070312,90.23999786376953
2017-01-31,3.117000102996826,115.55000305175781,90.55999755859375
2017-02-01,3.1679999828338623,115.19999694824219,91.83999633789062
2017-02-02,3.187000036239624,115.83999633789062,92.08000183105469
2017-02-03,3.062999963760376,116.12999725341797,92.31999969482422
2017-02-06,3.049999952316284,117.69999694824219,91.04000091552734
2017-02-07,3.130000114440918,117.45999908447266,89.5199966430664
2017-02-08,3.125999927520752,118.19000244140625,89.83999633789062
2017-02-09,3.1410000324249268,117.29000091552734,90.80000305175781
2017-02-10,3.0339999198913574,117.5999984741211,92.0
2017-02-13,2.944000005722046,116.80000305175781,90.55999755859375
2017-02-14,2.9049999713897705,116.93000030517578,91.04000091552734
2017-02-15,2.924999952316284,117.44999694824219,90.87999725341797
2017-02-16,2.8540000915527344,118.08000183105469,91.27999877929688
2017-02-17,2.8340001106262207,117.68000030517578,91.12000274658203
2017-02-21,2.563999891281128,117.75,92.31999969482422
2017-02-22,2.5920000076293945,117.91000366210938,90.87999725341797
2017-02-23,2.617000102996826,118.94000244140625,92.23999786376953
2017-02-24,2.627000093460083,119.69999694824219,91.68000030517578
2017-02-27,2.693000078201294,119.12000274658203,91.76000213623047
2017-02-28,2.7739999294281006,119.2300033569336,91.5999984741211
2017-03-01,2.7990000247955322,119.05999755859375,91.19999694824219
2017-03-02,2.803999900817871,117.58000183105469,89.36000061035156
2017-03-03,2.8269999027252197,117.51000213623047,90.31999969482422
2017-03-06,2.9010000228881836,116.72000122070312,90.23999786376953
2017-03-07,2.8239998817443848,115.77999877929688,90.16000366210938
2017-03-08,2.9010000228881836,115.05999755859375,85.36000061035156
2017-03-09,2.9739999771118164,114.47000122070312,84.23999786376953
2017-03-10,3.007999897003174,114.72000122070312,82.31999969482422
2017-03-13,3.0429999828338623,114.73999786376953,82.23999786376953
2017-03-14,2.937999963760376,114.12000274658203,81.5199966430664
2017-03-15,2.9809999465942383,116.25,83.04000091552734
2017-03-16,2.9019999504089355,116.7300033569336,82.87999725341797
2017-03-17,2.947999954223633,116.98999786376953,82.63999938964844
2017-03-20,3.0409998893737793,117.51000213623047,82.16000366210938
2017-03-21,3.0929999351501465,118.54000091552734,80.87999725341797
2017-03-22,3.010999917984009,118.83000183105469,80.95999908447266
2017-03-23,3.0510001182556152,118.66999816894531,80.08000183105469
2017-03-24,3.0759999752044678,118.86000061035156,80.72000122070312
2017-03-27,3.052000045776367,119.52999877929688,80.31999969482422
2017-03-28,3.0959999561309814,119.04000091552734,81.19999694824219
2017-03-29,3.174999952316284,119.33000183105469,82.95999908447266
2017-03-30,3.190999984741211,118.47000122070312,84.55999755859375
2017-03-31,3.190000057220459,118.72000122070312,85.12000274658203
2017-04-03,3.128000020980835,119.3499984741211,84.4000015258789
2017-04-04,3.2929999828338623,119.62000274658203,85.68000030517578
2017-04-05,3.2660000324249268,119.62000274658203,85.44000244140625
2017-04-06,3.3310000896453857,119.18000030517578,86.87999725341797
2017-04-07,3.260999917984009,119.45999908447266,87.68000030517578
2017-04-10,3.23799991607666,119.45999908447266,89.12000274658203
2017-04-11,3.1500000953674316,121.19000244140625,89.36000061035156
2017-04-12,3.187000036239624,122.0199966430664,88.87999725341797
2017-04-13,3.2269999980926514,122.5999984741211,89.04000091552734
2017-04-17,3.1630001068115234,122.23999786376953,88.4800033569336
2017-04-18,3.1449999809265137,122.81999969482422,88.31999969482422
2017-04-19,3.184999942779541,121.7300033569336,84.95999908447266
2017-04-20,3.1589999198913574,121.95999908447266,84.31999969482422
2017-04-21,3.1010000705718994,122.30999755859375,82.55999755859375
2017-04-24,3.065999984741211,121.4800033569336,82.0
2017-04-25,3.0429999828338623,120.25,82.87999725341797
2017-04-26,3.1419999599456787,120.83999633789062,82.08000183105469
2017-04-27,3.239000082015991,120.38999938964844,81.91999816894531
2017-04-28,3.2760000228881836,120.7699966430664,81.91999816894531
2017-05-01,3.2149999141693115,119.66999816894531,81.19999694824219
2017-05-02,3.194999933242798,119.6500015258789,79.36000061035156
2017-05-03,3.2279999256134033,117.9800033569336,79.44000244140625
2017-05-04,3.186000108718872,116.79000091552734,75.68000030517578
2017-05-05,3.2660000324249268,117.01000213623047,77.27999877929688
2017-05-08,3.171999931335449,116.75,77.36000061035156
2017-05-09,3.2269999980926514,116.05000305175781,76.55999755859375
2017-05-10,3.2920000553131104,116.04000091552734,78.87999725341797
2017-05-11,3.375999927520752,116.5,79.5199966430664
2017-05-12,3.4240000247955322,116.83000183105469,79.5999984741211
2017-05-15,3.3489999771118164,117.13999938964844,81.36000061035156
2017-05-16,3.2300000190734863,117.6500015258789,80.87999725341797
2017-05-17,3.191999912261963,119.79000091552734,81.5199966430664
2017-05-18,3.181999921798706,118.80999755859375,82.08000183105469
2017-05-19,3.25600004196167,119.4000015258789,83.83999633789062
2017-05-22,3.3299999237060547,119.9000015258789,84.31999969482422
2017-05-23,3.2190001010894775,119.13999938964844,85.12000274658203
2017-05-24,3.2090001106262207,119.61000061035156,84.80000305175781
2017-05-25,3.184000015258789,119.4800033569336,80.31999969482422
2017-05-26,3.2360000610351562,120.54000091552734,82.23999786376953
2017-05-30,3.1449999809265137,120.13999938964844,81.91999816894531
2017-05-31,3.071000099182129,120.62000274658203,79.68000030517578
2017-06-01,3.007999897003174,120.72000122070312,79.27999877929688
2017-06-02,2.999000072479248,121.61000061035156,78.87999725341797
2017-06-05,2.9820001125335693,121.7300033569336,78.4000015258789
2017-06-06,3.0420000553131104,123.0999984741211,79.76000213623047
2017-06-07,3.0199999809265137,122.44999694824219,75.68000030517578
2017-06-08,3.0280001163482666,121.6500015258789,75.44000244140625
2017-06-09,3.0390000343322754,120.54000091552734,75.91999816894531
2017-06-12,3.0239999294281006,120.36000061035156,76.16000366210938
2017-06-13,2.9660000801086426,120.4800033569336,76.80000305175781
2017-06-14,2.933000087738037,119.81999969482422,73.83999633789062
2017-06-15,3.055999994277954,119.31999969482422,73.44000244140625
2017-06-16,3.0369999408721924,119.33999633789062,73.91999816894531
2017-06-19,2.8940000534057617,118.43000030517578,72.95999908447266
2017-06-20,2.9070000648498535,118.18000030517578,71.5999984741211
2017-06-21,2.8929998874664307,118.5199966430664,69.68000030517578
2017-06-22,2.8940000534057617,118.91999816894531,70.23999786376953
2017-06-23,2.928999900817871,119.43000030517578,70.87999725341797
2017-06-26,3.0269999504089355,118.36000061035156,71.44000244140625
2017-06-27,3.0369999408721924,118.80999755859375,72.80000305175781
2017-06-28,3.066999912261963,118.9000015258789,73.5999984741211
2017-06-29,3.0420000553131104,118.31999969482422,73.68000030517578
2017-06-30,3.0350000858306885,118.0199966430664,76.0
2017-07-03,2.9509999752044678,116.08999633789062,76.95999908447266
2017-07-05,2.8399999141693115,116.5199966430664,74.0
2017-07-06,2.888000011444092,116.47000122070312,74.4800033569336
2017-07-07,2.864000082015991,115.27999877929688,72.80000305175781
2017-07-10,2.928999900817871,115.47000122070312,73.04000091552734
2017-07-11,3.046999931335449,115.62000274658203,74.16000366210938
2017-07-12,2.984999895095825,116.02999877929688,74.63999938964844
2017-07-13,2.9609999656677246,115.81999969482422,75.76000213623047
2017-07-14,2.9800000190734863,116.7699966430664,76.72000122070312
2017-07-17,3.0199999809265137,117.29000091552734,75.5999984741211
2017-07-18,3.0880000591278076,118.11000061035156,76.31999969482422
2017-07-19,3.065999984741211,118.08000183105469,77.5199966430664
2017-07-20,3.0429999828338623,118.23999786376953,76.87999725341797
2017-07-21,2.9700000286102295,119.26000213623047,74.72000122070312
2017-07-24,2.8989999294281006,119.30999755859375,76.0
2017-07-25,2.944000005722046,118.91999816894531,78.4800033569336
2017-07-26,2.9240000247955322,119.87999725341797,79.68000030517578
2017-07-27,2.9690001010894775,119.79000091552734,80.4800033569336
2017-07-28,2.940999984741211,120.69000244140625,81.36000061035156
2017-07-31,2.7939999103546143,120.75,82.23999786376953
2017-08-01,2.819000005722046,120.6500015258789,80.72000122070312
2017-08-02,2.811000108718872,120.4000015258789,81.12000274658203
2017-08-03,2.799999952316284,120.58999633789062,80.16000366210938
2017-08-04,2.7739999294281006,119.6500015258789,81.04000091552734
2017-08-07,2.8010001182556152,119.51000213623047,80.80000305175781
2017-08-08,2.822000026702881,119.86000061035156,80.4800033569336
2017-08-09,2.882999897003174,121.30999755859375,81.19999694824219
2017-08-10,2.984999895095825,122.20999908447266,79.27999877929688
2017-08-11,2.9830000400543213,122.79000091552734,79.91999816894531
2017-08-14,2.9590001106262207,121.91999816894531,77.76000213623047
2017-08-15,2.934999942779541,120.9800033569336,78.0
2017-08-16,2.890000104904175,121.87000274658203,76.55999755859375
2017-08-17,2.928999900817871,122.48999786376953,76.95999908447266
2017-08-18,2.8929998874664307,122.30000305175781,79.76000213623047
2017-08-21,2.9619998931884766,122.76000213623047,77.68000030517578
2017-08-22,2.938999891281128,122.20999908447266,78.16000366210938
2017-08-23,2.927999973297119,122.66999816894531,79.04000091552734
2017-08-24,2.9489998817443848,122.29000091552734,77.68000030517578
2017-08-25,2.8919999599456787,122.73999786376953,78.0
2017-08-28,2.924999952316284,124.69000244140625,76.23999786376953
2017-08-29,2.9609999656677246,124.41999816894531,75.68000030517578
2017-08-30,2.938999891281128,124.36000061035156,75.04000091552734
2017-08-31,3.0399999618530273,125.81999969482422,77.04000091552734
2017-09-01,3.069999933242798,126.05999755859375,77.36000061035156
2017-09-05,2.9719998836517334,127.45999908447266,79.36000061035156
2017-09-06,3.0,126.80999755859375,80.31999969482422
2017-09-07,2.9809999465942383,128.1300048828125,80.23999786376953
2017-09-08,2.890000104904175,127.97000122070312,77.83999633789062
2017-09-11,2.950000047683716,126.19000244140625,78.55999755859375
2017-09-12,3.000999927520752,126.55999755859375,78.95999908447266
2017-09-13,3.058000087738037,125.61000061035156,80.55999755859375
2017-09-14,3.069999933242798,126.16000366210938,81.04000091552734
2017-09-15,3.0239999294281006,125.52999877929688,81.5999984741211
2017-09-18,3.1459999084472656,124.36000061035156,81.36000061035156
2017-09-19,3.121999979019165,124.62000274658203,80.87999725341797
2017-09-20,3.0940001010894775,123.62000274658203,81.91999816894531
2017-09-21,2.946000099182129,122.68000030517578,82.0
2017-09-22,2.9590001106262207,123.23999786376953,81.91999816894531
2017-09-25,2.9189999103546143,124.52999877929688,84.4000015258789
2017-09-26,2.9179999828338623,123.13999938964844,83.91999816894531
2017-09-27,2.9739999771118164,121.9800033569336,84.16000366210938
2017-09-28,3.0169999599456787,122.20999908447266,83.44000244140625
2017-09-29,3.006999969482422,121.58000183105469,83.44000244140625
2017-10-02,2.9159998893737793,120.7699966430664,81.68000030517578
2017-10-03,2.8949999809265137,120.83000183105469,81.44000244140625
2017-10-04,2.940000057220459,121.16999816894531,80.63999938964844
2017-10-05,2.9230000972747803,120.5199966430664,82.0
2017-10-06,2.86299991607666,121.08999633789062,79.76000213623047
2017-10-09,2.8329999446868896,122.08000183105469,80.0
2017-10-10,2.8910000324249268,122.4000015258789,82.23999786376953
2017-10-11,2.8889999389648438,122.79000091552734,82.87999725341797
2017-10-12,2.989000082015991,122.88999938964844,81.83999633789062
2017-10-13,3.0,123.81999969482422,82.95999908447266
2017-10-16,2.946000099182129,122.97000122070312,83.68000030517578
2017-10-17,2.9619998931884766,122.12999725341797,83.91999816894531
2017-10-18,2.8540000915527344,121.66999816894531,83.83999633789062
2017-10-19,2.872999906539917,122.38999938964844,82.80000305175781
2017-10-20,2.9149999618530273,121.61000061035156,83.44000244140625
2017-10-23,2.990999937057495,121.80000305175781,83.36000061035156
2017-10-24,2.9739999771118164,121.33000183105469,84.31999969482422
2017-10-25,2.9189999103546143,121.3499984741211,83.83999633789062
2017-10-26,2.890000104904175,120.33000183105469,84.55999755859375
2017-10-27,2.752000093460083,120.9000015258789,86.72000122070312
2017-10-30,2.9660000801086426,121.12999725341797,86.95999908447266
2017-10-31,2.8959999084472656,120.66999816894531,87.44000244140625
2017-11-01,2.8929998874664307,121.11000061035156,87.19999694824219
2017-11-02,2.934999942779541,121.19000244140625,87.91999816894531
2017-11-03,2.9839999675750732,120.62000274658203,89.44000244140625
2017-11-06,3.134000062942505,121.6500015258789,92.08000183105469
2017-11-07,3.1519999504089355,121.20999908447266,91.91999816894531
2017-11-08,3.174999952316284,121.62999725341797,91.27999877929688
2017-11-09,3.200000047683716,122.12999725341797,91.68000030517578
2017-11-10,3.2130000591278076,121.12999725341797,91.36000061035156
2017-11-13,3.1670000553131104,121.30999755859375,91.04000091552734
2017-11-14,3.1019999980926514,121.55999755859375,89.04000091552734
2017-11-15,3.0799999237060547,121.41000366210938,88.72000122070312
2017-11-16,3.052999973297119,121.4000015258789,88.55999755859375
2017-11-17,3.0969998836517334,122.86000061035156,90.80000305175781
2017-11-20,3.046999931335449,121.30999755859375,90.23999786376953
2017-11-21,3.0169999599456787,121.51000213623047,91.19999694824219
2017-11-22,2.9679999351501465,122.62999725341797,92.80000305175781
2017-11-24,2.812999963760376,122.31999969482422,94.31999969482422
2017-11-27,2.927999973297119,122.83000183105469,92.72000122070312
2017-11-28,3.0739998817443848,122.80999755859375,92.63999938964844
2017-11-29,3.178999900817871,122.04000091552734,91.76000213623047
2017-11-30,3.0250000953674316,121.0999984741211,91.76000213623047
2017-12-01,3.061000108718872,121.58999633789062,93.36000061035156
2017-12-04,2.984999895095825,121.18000030517578,91.91999816894531
2017-12-05,2.9140000343322754,120.31999969482422,92.31999969482422
2017-12-06,2.921999931335449,120.06999969482422,89.5999984741211
2017-12-07,2.763000011444092,118.48999786376953,90.63999938964844
2017-12-08,2.7720000743865967,118.4800033569336,91.91999816894531
2017-12-11,2.828000068664551,118.01000213623047,92.80000305175781
2017-12-12,2.677999973297119,118.1500015258789,91.5199966430664
2017-12-13,2.7149999141693115,119.16999816894531,90.63999938964844
2017-12-14,2.684000015258789,118.93000030517578,91.44000244140625
2017-12-15,2.611999988555908,119.18000030517578,91.68000030517578
2017-12-18,2.744999885559082,119.7300033569336,91.5199966430664
2017-12-19,2.691999912261963,119.81999969482422,92.08000183105469
2017-12-20,2.63700008392334,120.13999938964844,92.87999725341797
2017-12-21,2.5980000495910645,120.30999755859375,93.12000274658203
2017-12-22,2.6670000553131104,120.94000244140625,93.27999877929688
2017-12-26,2.6429998874664307,121.7699966430664,95.5999984741211
2017-12-27,2.73799991607666,122.2300033569336,95.36000061035156
2017-12-28,2.9140000343322754,122.8499984741211,95.76000213623047
2017-12-29,2.953000068664551,123.6500015258789,96.08000183105469
2018-01-02,3.055999994277954,125.1500015258789,96.55999755859375
2018-01-03,3.007999897003174,124.81999969482422,98.72000122070312
2018-01-04,2.880000114440918,125.45999908447266,98.95999908447266
2018-01-05,2.7950000762939453,125.33000183105469,98.4800033569336
2018-01-08,2.8350000381469727,125.30999755859375,99.04000091552734
2018-01-09,2.9230000972747803,124.7300033569336,100.55999755859375
2018-01-10,2.9059998989105225,125.02999877929688,101.44000244140625
2018-01-11,3.0840001106262207,125.44000244140625,101.5999984741211
2018-01-12,3.200000047683716,126.95999908447266,102.95999908447266
2018-01-16,3.128999948501587,127.16999816894531,102.08000183105469
2018-01-17,3.2320001125335693,126.13999938964844,102.23999786376953
2018-01-18,3.188999891281128,125.86000061035156,102.08000183105469
2018-01-19,3.184999942779541,126.41999816894531,101.76000213623047
2018-01-22,3.2239999771118164,126.6500015258789,102.23999786376953
2018-01-23,3.444000005722046,127.27999877929688,103.76000213623047
2018-01-24,3.509000062942505,128.8300018310547,105.76000213623047
2018-01-25,3.447000026702881,127.97000122070312,104.4800033569336
2018-01-26,3.505000114440918,128.07000732421875,105.91999816894531
2018-01-29,3.63100004196167,127.3499984741211,104.87999725341797
2018-01-30,3.194999933242798,126.80000305175781,103.19999694824219
2018-01-31,2.994999885559082,127.6500015258789,103.83999633789062
2018-02-01,2.8559999465942383,128.07000732421875,105.91999816894531
2018-02-02,2.8459999561309814,126.38999938964844,104.31999969482422
2018-02-05,2.746999979019165,126.70999908447266,102.16000366210938
2018-02-06,2.759000062942505,125.37999725341797,101.5999984741211
2018-02-07,2.7019999027252197,124.79000091552734,98.95999908447266
2018-02-08,2.697000026702881,124.9800033569336,96.72000122070312
2018-02-09,2.5840001106262207,124.7699966430664,94.87999725341797
2018-02-12,2.552000045776367,125.37000274658203,95.12000274658203
2018-02-13,2.5940001010894775,126.08000183105469,94.95999908447266
2018-02-14,2.5869998931884766,128.22999572753906,97.44000244140625
2018-02-15,2.5799999237060547,128.3800048828125,98.63999938964844
2018-02-16,2.558000087738037,127.95999908447266,99.04000091552734
2018-02-20,2.615999937057495,126.23999786376953,99.12000274658203
2018-02-21,2.6589999198913574,125.66000366210938,98.31999969482422
2018-02-22,2.634000062942505,126.30000305175781,100.72000122070312
2018-02-23,2.625,126.13999938964844,102.16000366210938
2018-02-26,2.6389999389648438,126.44999694824219,102.87999725341797
2018-02-27,2.683000087738037,125.12999725341797,101.19999694824219
2018-02-28,2.6670000553131104,125.0,98.95999908447266
2018-03-01,2.697999954223633,124.72000122070312,98.80000305175781
2018-03-02,2.694999933242798,125.38999938964844,98.95999908447266
2018-03-05,2.7039999961853027,125.18000030517578,100.72000122070312
2018-03-06,2.749000072479248,126.52999877929688,100.55999755859375
2018-03-07,2.7769999504089355,125.72000122070312,98.80000305175781
2018-03-08,2.75600004196167,125.41999816894531,97.19999694824219
2018-03-09,2.7320001125335693,125.54000091552734,99.76000213623047
2018-03-12,2.7780001163482666,125.54000091552734,98.95999908447266
2018-03-13,2.7860000133514404,125.77999877929688,97.91999816894531
2018-03-14,2.7309999465942383,125.69999694824219,98.23999786376953
2018-03-15,2.680999994277954,124.9000015258789,98.72000122070312
2018-03-16,2.687999963760376,124.5999984741211,100.4000015258789
2018-03-19,2.6510000228881836,124.87000274658203,100.4000015258789
2018-03-20,2.674999952316284,124.30999755859375,102.4800033569336
2018-03-21,2.638000011444092,126.4800033569336,105.44000244140625
2018-03-22,2.617000102996826,125.9800033569336,103.5999984741211
2018-03-23,2.5910000801086426,127.61000061035156,106.23999786376953
2018-03-26,2.618000030517578,128.27999877929688,105.68000030517578
2018-03-27,2.690999984741211,127.48999786376953,104.63999938964844
2018-03-28,2.697999954223633,125.7300033569336,104.31999969482422
2018-03-29,2.7330000400543213,125.79000091552734,104.72000122070312
2018-04-02,2.683000087738037,127.26000213623047,101.91999816894531
2018-04-03,2.697000026702881,126.30000305175781,102.4800033569336
2018-04-04,2.7179999351501465,126.44999694824219,102.55999755859375
2018-04-05,2.674999952316284,125.80000305175781,102.63999938964844
2018-04-06,2.7009999752044678,126.38999938964844,100.08000183105469
2018-04-09,2.693000078201294,126.81999969482422,102.16000366210938
2018-04-10,2.6559998989105225,127.12000274658203,106.0
2018-04-11,2.674999952316284,128.11000061035156,107.5999984741211
2018-04-12,2.686000108718872,126.62000274658203,108.16000366210938
2018-04-13,2.734999895095825,127.44999694824219,108.4000015258789
2018-04-16,2.752000093460083,127.62999725341797,107.04000091552734
2018-04-17,2.73799991607666,127.75,107.27999877929688
2018-04-18,2.739000082015991,127.8499984741211,111.04000091552734
2018-04-19,2.6600000858306885,127.5999984741211,110.16000366210938
2018-04-20,2.739000082015991,126.62999725341797,110.0
2018-04-23,2.740000009536743,125.62000274658203,111.36000061035156
2018-04-24,2.7809998989105225,126.2300033569336,109.44000244140625
2018-04-25,2.7860000133514404,125.41000366210938,109.76000213623047
2018-04-26,2.821000099182129,124.97000122070312,110.16000366210938
2018-04-27,2.7709999084472656,125.5,109.83999633789062
2018-04-30,2.763000011444092,124.58999633789062,110.4000015258789
2018-05-01,2.802000045776367,123.70999908447266,108.87999725341797
2018-05-02,2.753999948501587,123.6500015258789,109.36000061035156
2018-05-03,2.7260000705718994,124.27999877929688,110.55999755859375
2018-05-04,2.7109999656677246,124.54000091552734,112.72000122070312
2018-05-07,2.740999937057495,124.56999969482422,112.80000305175781
2018-05-08,2.7320001125335693,124.58999633789062,112.4800033569336
2018-05-09,2.736999988555908,124.33000183105469,114.95999908447266
2018-05-10,2.813999891281128,125.18000030517578,115.27999877929688
2018-05-11,2.805999994277954,125.0,114.0
2018-05-14,2.8420000076293945,124.48999786376953,115.04000091552734
2018-05-15,2.8359999656677246,122.4800033569336,115.19999694824219
2018-05-16,2.815000057220459,122.29000091552734,115.68000030517578
2018-05-17,2.8589999675750732,122.36000061035156,115.91999816894531
2018-05-18,2.8469998836517334,122.41000366210938,115.44000244140625
2018-05-21,2.809999942779541,122.4800033569336,117.36000061035156
2018-05-22,2.9079999923706055,122.41000366210938,116.4800033569336
2018-05-23,2.9140000343322754,122.54000091552734,116.08000183105469
2018-05-24,2.940000057220459,123.58999633789062,114.31999969482422
2018-05-25,2.938999891281128,123.20999908447266,109.44000244140625
2018-05-29,2.875,123.19000244140625,108.08000183105469
2018-05-30,2.884999990463257,123.37000274658203,110.63999938964844
2018-05-31,2.9519999027252197,123.0999984741211,108.4000015258789
2018-06-01,2.9619998931884766,122.48999786376953,106.0
2018-06-04,2.930000066757202,122.37000274658203,104.95999908447266
2018-06-05,2.890000104904175,122.8499984741211,105.76000213623047
2018-06-06,2.8959999084472656,122.91999816894531,105.27999877929688
2018-06-07,2.930000066757202,122.86000061035156,106.80000305175781
2018-06-08,2.890000104904175,123.01000213623047,106.16000366210938
2018-06-11,2.9489998817443848,123.2300033569336,106.87999725341797
2018-06-12,2.938999891281128,122.81999969482422,107.19999694824219
2018-06-13,2.9630000591278076,123.19000244140625,107.76000213623047
2018-06-14,2.9649999141693115,123.37999725341797,108.16000366210938
2018-06-15,3.0220000743865967,121.33999633789062,104.4000015258789
2018-06-18,2.9509999752044678,121.11000061035156,106.31999969482422
2018-06-19,2.9000000953674316,120.80000305175781,105.12000274658203
2018-06-20,2.9639999866485596,120.26000213623047,106.23999786376953
2018-06-21,2.9749999046325684,120.05000305175781,106.4800033569336
2018-06-22,2.944999933242798,120.33999633789062,112.16000366210938
2018-06-25,2.9230000972747803,119.88999938964844,110.16000366210938
2018-06-26,2.938999891281128,119.26000213623047,114.16000366210938
2018-06-27,2.996000051498413,118.58000183105469,117.19999694824219
2018-06-28,2.940000057220459,118.22000122070312,118.87999725341797
2018-06-29,2.9240000247955322,118.6500015258789,120.4800033569336
2018-07-02,2.861999988555908,117.45999908447266,119.68000030517578
2018-07-03,2.869999885559082,118.6500015258789,119.36000061035156
2018-07-05,2.8369998931884766,119.05000305175781,118.23999786376953
2018-07-06,2.8580000400543213,118.86000061035156,119.68000030517578
2018-07-09,2.828000068664551,119.1500015258789,120.23999786376953
2018-07-10,2.7880001068115234,118.93000030517578,120.55999755859375
2018-07-11,2.8289999961853027,117.63999938964844,114.4800033569336
2018-07-12,2.796999931335449,118.12999725341797,115.12000274658203
2018-07-13,2.752000093460083,117.61000061035156,115.76000213623047
2018-07-16,2.759000062942505,117.55000305175781,111.5199966430664
2018-07-17,2.740000009536743,116.27999877929688,111.5999984741211
2018-07-18,2.7209999561309814,116.30999755859375,112.80000305175781
2018-07-19,2.7690000534057617,115.80999755859375,113.04000091552734
2018-07-20,2.756999969482422,116.55999755859375,113.19999694824219
2018-07-23,2.7209999561309814,116.0,112.72000122070312
2018-07-24,2.7320001125335693,116.04000091552734,113.83999633789062
2018-07-25,2.7750000953674316,116.68000030517578,115.36000061035156
2018-07-26,2.7799999713897705,115.7699966430664,115.76000213623047
2018-07-27,2.822000026702881,115.83000183105469,114.55999755859375
2018-07-30,2.796999931335449,115.6500015258789,116.31999969482422
2018-07-31,2.7820000648498535,115.98999786376953,114.23999786376953
2018-08-01,2.757999897003174,115.13999938964844,112.72000122070312
2018-08-02,2.815999984741211,114.5199966430664,114.87999725341797
2018-08-03,2.8529999256134033,114.91999816894531,114.16000366210938
2018-08-06,2.859999895095825,114.33000183105469,114.4800033569336
2018-08-07,2.8970000743865967,114.58999633789062,114.87999725341797
2018-08-08,2.9489998817443848,114.91000366210938,111.19999694824219
2018-08-09,2.9549999237060547,114.73999786376953,111.04000091552734
2018-08-10,2.944000005722046,114.69000244140625,112.63999938964844
2018-08-13,2.930000066757202,112.95999908447266,112.08000183105469
2018-08-14,2.9590001106262207,113.06999969482422,111.91999816894531
2018-08-15,2.940000057220459,111.19000244140625,108.08000183105469
2018-08-16,2.9079999923706055,111.0999984741211,109.04000091552734
2018-08-17,2.946000099182129,112.12999725341797,109.5199966430664
2018-08-20,2.940999984741211,112.69000244140625,110.08000183105469
2018-08-21,2.9800000190734863,113.0199966430664,110.63999938964844
2018-08-22,2.9560000896453857,113.2699966430664,114.16000366210938
2018-08-23,2.9639999866485596,112.19999694824219,114.16000366210938
2018-08-24,2.9170000553131104,114.16000366210938,115.44000244140625
2018-08-27,2.875999927520752,114.58999633789062,116.0
2018-08-28,2.8519999980926514,113.68000030517578,115.44000244140625
2018-08-29,2.8949999809265137,114.19999694824219,117.27999877929688
2018-08-30,2.874000072479248,113.63999938964844,118.0
2018-08-31,2.9159998893737793,113.51000213623047,117.68000030517578
2018-09-04,2.822999954223633,112.93000030517578,116.63999938964844
2018-09-05,2.7950000762939453,113.31999969482422,115.91999816894531
2018-09-06,2.7720000743865967,113.54000091552734,114.4000015258789
2018-09-07,2.7760000228881836,113.2300033569336,114.23999786376953
2018-09-10,2.803999900817871,113.1500015258789,113.68000030517578
2018-09-11,2.828000068664551,113.22000122070312,116.80000305175781
2018-09-12,2.8289999961853027,114.16999816894531,118.23999786376953
2018-09-13,2.816999912261963,113.76000213623047,115.91999816894531
2018-09-14,2.7669999599456787,113.0199966430664,116.0
2018-09-17,2.813999891281128,113.61000061035156,115.76000213623047
2018-09-18,2.933000087738037,113.44000244140625,117.5199966430664
2018-09-19,2.9079999923706055,113.87999725341797,119.5199966430664
2018-09-20,2.9760000705718994,114.2699966430664,118.4000015258789
2018-09-21,2.9769999980926514,113.48999786376953,119.68000030517578
2018-09-24,3.0380001068115234,113.47000122070312,122.0
2018-09-25,3.0820000171661377,113.6500015258789,122.16000366210938
2018-09-26,3.0209999084472656,113.05000305175781,120.87999725341797
2018-09-27,3.055999994277954,112.05000305175781,122.08000183105469
2018-09-28,3.007999897003174,112.76000213623047,124.16000366210938
2018-10-01,3.0940001010894775,112.56999969482422,127.5999984741211
2018-10-02,3.1659998893737793,113.87000274658203,126.95999908447266
2018-10-03,3.2300000190734863,113.41999816894531,128.63999938964844
2018-10-04,3.1649999618530273,113.4800033569336,125.91999816894531
2018-10-05,3.1429998874664307,113.80000305175781,125.5199966430664
2018-10-08,3.2669999599456787,112.54000091552734,125.44000244140625
2018-10-09,3.2660000324249268,112.5999984741211,126.55999755859375
2018-10-10,3.2839999198913574,112.87999725341797,123.04000091552734
2018-10-11,3.2219998836517334,115.77999877929688,119.5999984741211
2018-10-12,3.1610000133514404,115.2300033569336,120.95999908447266
2018-10-15,3.242000102996826,116.0,121.04000091552734
2018-10-16,3.239000082015991,115.80000305175781,121.5199966430664
2018-10-17,3.319999933242798,115.79000091552734,118.55999755859375
2018-10-18,3.197999954223633,115.91999816894531,116.4800033569336
2018-10-19,3.25,116.01000213623047,117.76000213623047
2018-10-22,3.138000011444092,115.70999908447266,117.91999816894531
2018-10-23,3.2119998931884766,116.38999938964844,112.31999969482422
2018-10-24,3.1659998893737793,116.66000366210938,112.4000015258789
2018-10-25,3.2019999027252197,116.4000015258789,113.68000030517578
2018-10-26,3.184999942779541,116.7699966430664,114.63999938964844
2018-10-29,3.184999942779541,116.30999755859375,112.87999725341797
2018-10-30,3.187000036239624,115.80000305175781,112.23999786376953
2018-10-31,3.260999917984009,115.1500015258789,110.31999969482422
2018-11-01,3.236999988555908,116.62999725341797,107.68000030517578
2018-11-02,3.2839999198913574,116.6500015258789,106.4800033569336
2018-11-05,3.566999912261963,116.37000274658203,106.4000015258789
2018-11-06,3.555000066757202,116.04000091552734,105.44000244140625
2018-11-07,3.555000066757202,116.02999877929688,104.4800033569336
2018-11-08,3.5429999828338623,115.77999877929688,102.72000122070312
2018-11-09,3.7190001010894775,114.4800033569336,101.5999984741211
2018-11-12,3.7880001068115234,113.66000366210938,99.83999633789062
2018-11-13,4.10099983215332,113.69999694824219,93.5199966430664
2018-11-14,4.836999893188477,114.63999938964844,95.5999984741211
2018-11-15,4.038000106811523,114.7699966430664,95.83999633789062
2018-11-16,4.271999835968018,115.62000274658203,96.55999755859375
2018-11-19,4.699999809265137,115.66999816894531,97.12000274658203
2018-11-20,4.5229997634887695,115.66999816894531,90.16000366210938
2018-11-21,4.451000213623047,115.86000061035156,92.16000366210938
2018-11-23,4.308000087738037,115.7699966430664,86.63999938964844
2018-11-26,4.248000144958496,115.63999938964844,87.5199966430664
2018-11-27,4.26200008392334,114.94999694824219,87.5999984741211
2018-11-28,4.715000152587891,115.37999725341797,85.27999877929688
2018-11-29,4.645999908447266,115.73999786376953,86.95999908447266
2018-11-30,4.611999988555908,115.54000091552734,85.83999633789062
2018-12-03,4.339000225067139,116.41000366210938,90.16000366210938
2018-12-04,4.456999778747559,117.12000274658203,89.44000244140625
2018-12-06,4.327000141143799,117.13999938964844,87.5199966430664
2018-12-07,4.48799991607666,118.08999633789062,88.87999725341797
2018-12-10,4.545000076293945,117.68000030517578,86.0
2018-12-11,4.4070000648498535,117.54000091552734,87.5999984741211
2018-12-12,4.136000156402588,117.79000091552734,86.55999755859375
2018-12-13,4.124000072479248,117.52999877929688,89.68000030517578
2018-12-14,3.8269999027252197,117.05999755859375,86.55999755859375
2018-12-17,3.5280001163482666,117.87000274658203,83.5999984741211
2018-12-18,3.8380000591278076,118.1500015258789,78.31999969482422
2018-12-19,3.7260000705718994,117.43000030517578,80.16000366210938
2018-12-20,3.5829999446868896,119.23999786376953,77.76000213623047
2018-12-21,3.815999984741211,118.72000122070312,76.55999755859375
2018-12-24,3.4670000076293945,120.0199966430664,74.31999969482422
2018-12-26,3.5429999828338623,119.66000366210938,79.19999694824219
2018-12-27,3.6419999599456787,120.56999969482422,76.95999908447266
2018-12-28,3.302999973297119,121.05999755859375,76.23999786376953
2018-12-31,2.940000057220459,121.25,77.27999877929688
2019-01-02,2.9579999446868896,121.33000183105469,78.80000305175781
2019-01-03,2.944999933242798,122.43000030517578,79.5999984741211
2019-01-04,3.0439999103546143,121.44000244140625,81.44000244140625
2019-01-07,2.944000005722046,121.86000061035156,82.31999969482422
2019-01-08,2.9670000076293945,121.52999877929688,84.0
2019-01-09,2.9839999675750732,122.30999755859375,88.4000015258789
2019-01-10,2.9690001010894775,121.58999633789062,88.80000305175781
2019-01-11,3.0989999771118164,121.80000305175781,87.19999694824219
2019-01-14,3.5910000801086426,122.08999633789062,85.5199966430664
2019-01-15,3.500999927520752,121.87999725341797,88.0
2019-01-16,3.384000062942505,122.2699966430664,88.4800033569336
2019-01-17,3.4130001068115234,122.11000061035156,88.23999786376953
2019-01-18,3.4820001125335693,121.0199966430664,90.4800033569336
2019-01-22,3.0399999618530273,121.44999694824219,88.95999908447266
2019-01-23,2.9800000190734863,121.27999877929688,88.4000015258789
2019-01-24,3.0989999771118164,121.08999633789062,89.36000061035156
2019-01-25,3.177999973297119,122.86000061035156,90.0
2019-01-28,2.9110000133514404,123.29000091552734,87.5999984741211
2019-01-29,2.950000047683716,123.9800033569336,89.27999877929688
2019-01-30,2.8540000915527344,124.69000244140625,91.19999694824219
2019-01-31,2.813999891281128,124.75,90.80000305175781
2019-02-01,2.7339999675750732,124.5,93.04000091552734
2019-02-04,2.6600000858306885,123.95999908447266,92.0
2019-02-05,2.6619999408721924,124.27999877929688,90.31999969482422
2019-02-06,2.6619999408721924,123.44000244140625,90.55999755859375
2019-02-07,2.5510001182556152,123.73999786376953,88.55999755859375
2019-02-08,2.5829999446868896,124.20999908447266,88.63999938964844
2019-02-11,2.6419999599456787,123.5999984741211,88.08000183105469
2019-02-12,2.687999963760376,123.86000061035156,89.27999877929688
2019-02-13,2.575000047683716,123.37000274658203,90.72000122070312
2019-02-14,2.572999954223633,124.05999755859375,91.83999633789062
2019-02-15,2.625,124.80000305175781,93.68000030517578
2019-02-19,2.6619999408721924,126.69999694824219,94.23999786376953
2019-02-20,2.635999917984009,126.4800033569336,95.44000244140625
2019-02-21,2.697000026702881,125.05000305175781,95.04000091552734
2019-02-22,2.7170000076293945,125.5,95.5999984741211
2019-02-25,2.8359999656677246,125.37000274658203,92.55999755859375
2019-02-26,2.8550000190734863,125.58000183105469,93.04000091552734
2019-02-27,2.7990000247955322,124.69000244140625,95.12000274658203
2019-02-28,2.812000036239624,123.98999786376953,95.5999984741211
2019-03-01,2.8589999675750732,121.87999725341797,93.27999877929688
2019-03-04,2.8570001125335693,121.55999755859375,94.4000015258789
2019-03-05,2.884000062942505,121.72000122070312,94.55999755859375
2019-03-06,2.8410000801086426,121.61000061035156,94.0
2019-03-07,2.865999937057495,121.51000213623047,94.4800033569336
2019-03-08,2.865000009536743,122.83999633789062,93.83999633789062
2019-03-11,2.7720000743865967,122.23999786376953,94.87999725341797
2019-03-12,2.7839999198913574,122.9800033569336,95.12000274658203
2019-03-13,2.819999933242798,123.83999633789062,97.5199966430664
2019-03-14,2.8550000190734863,122.41000366210938,97.76000213623047
2019-03-15,2.7950000762939453,122.97000122070312,97.5999984741211
2019-03-18,2.8499999046325684,123.04000091552734,98.4800033569336
2019-03-19,2.874000072479248,123.37999725341797,98.23999786376953
2019-03-20,2.819999933242798,124.18000030517578,100.0
2019-03-21,2.821000099182129,123.68000030517578,99.5199966430664
2019-03-22,2.753000020980835,123.97000122070312,97.83999633789062
2019-03-25,2.755000114440918,124.91999816894531,98.0
2019-03-26,2.740000009536743,124.30000305175781,99.76000213623047
2019-03-27,2.7130000591278076,123.6500015258789,98.72000122070312
2019-03-28,2.7119998931884766,121.9000015258789,98.80000305175781
2019-03-29,2.6619999408721924,122.01000213623047,100.0
2019-04-01,2.7079999446868896,121.52999877929688,102.55999755859375
2019-04-02,2.684000015258789,121.9800033569336,104.08000183105469
2019-04-03,2.677000045776367,121.80000305175781,103.91999816894531
2019-04-04,2.6429998874664307,122.11000061035156,103.36000061035156
2019-04-05,2.6640000343322754,121.9800033569336,105.19999694824219
2019-04-08,2.7079999446868896,122.51000213623047,107.19999694824219
2019-04-09,2.6989998817443848,123.1500015258789,106.63999938964844
2019-04-10,2.700000047683716,123.52999877929688,107.27999877929688
2019-04-11,2.6640000343322754,121.94999694824219,106.16000366210938
2019-04-12,2.6600000858306885,121.83000183105469,106.4000015258789
2019-04-15,2.5899999141693115,121.5999984741211,105.91999816894531
2019-04-16,2.572000026702881,120.51000213623047,106.95999908447266
2019-04-17,2.5169999599456787,120.27999877929688,106.23999786376953
2019-04-18,2.490000009536743,120.37000274658203,106.55999755859375
2019-04-22,2.5239999294281006,120.37000274658203,109.36000061035156
2019-04-23,2.4549999237060547,120.12000274658203,110.31999969482422
2019-04-24,2.4619998931884766,120.47000122070312,109.44000244140625
2019-04-25,2.5139999389648438,120.56999969482422,108.23999786376953
2019-04-26,2.565999984741211,121.37000274658203,104.72000122070312
2019-04-29,2.5929999351501465,120.83000183105469,105.83999633789062
2019-04-30,2.575000047683716,121.19999694824219,106.31999969482422
2019-05-01,2.619999885559082,120.4000015258789,105.76000213623047
2019-05-02,2.5889999866485596,119.94000244140625,102.55999755859375
2019-05-03,2.566999912261963,120.6500015258789,102.95999908447266
2019-05-06,2.5239999294281006,120.80999755859375,104.55999755859375
2019-05-07,2.5369999408721924,121.20999908447266,101.83999633789062
2019-05-08,2.609999895095825,120.91000366210938,103.12000274658203
2019-05-09,2.5950000286102295,121.19999694824219,102.4800033569336
2019-05-10,2.61899995803833,121.43000030517578,102.72000122070312
2019-05-13,2.621000051498413,122.66999816894531,101.44000244140625
2019-05-14,2.6589999198913574,122.45999908447266,102.95999908447266
2019-05-15,2.6010000705718994,122.38999938964844,103.76000213623047
2019-05-16,2.6389999389648438,121.51000213623047,105.12000274658203
2019-05-17,2.63100004196167,120.6500015258789,104.63999938964844
2019-05-20,2.6730000972747803,120.63999938964844,105.19999694824219
2019-05-21,2.61299991607666,120.36000061035156,105.04000091552734
2019-05-22,2.5429999828338623,120.23999786376953,101.91999816894531
2019-05-23,2.578000068664551,121.16999816894531,96.72000122070312
2019-05-24,2.5980000495910645,121.30000305175781,97.83999633789062
2019-05-28,2.5820000171661377,120.83000183105469,97.83999633789062
2019-05-29,2.632999897003174,120.87000274658203,97.91999816894531
2019-05-30,2.546999931335449,121.69000244140625,94.08000183105469
2019-05-31,2.4539999961853027,123.33000183105469,88.80000305175781
2019-06-03,2.4030001163482666,125.11000061035156,87.91999816894531
2019-06-04,2.4159998893737793,125.1500015258789,89.27999877929688
2019-06-05,2.378000020980835,125.47000122070312,86.16000366210938
2019-06-06,2.3239998817443848,125.87999725341797,88.4800033569336
2019-06-07,2.3369998931884766,126.58999633789062,89.83999633789062
2019-06-10,2.3570001125335693,125.33000183105469,88.87999725341797
2019-06-11,2.3989999294281006,125.18000030517578,88.87999725341797
2019-06-12,2.385999917984009,125.83000183105469,85.12000274658203
2019-06-13,2.325000047683716,126.5999984741211,87.04000091552734
2019-06-14,2.38700008392334,126.55999755859375,87.5199966430664
2019-06-17,2.385999917984009,126.4800033569336,86.4800033569336
2019-06-18,2.328000068664551,127.12000274658203,90.0
2019-06-19,2.2760000228881836,127.88999938964844,90.63999938964844
2019-06-20,2.184999942779541,131.11000061035156,94.80000305175781
2019-06-21,2.186000108718872,131.97999572753906,95.76000213623047
2019-06-24,2.302999973297119,133.94000244140625,96.08000183105469
2019-06-25,2.308000087738037,134.1999969482422,96.0
2019-06-26,2.2909998893737793,132.97000122070312,98.31999969482422
2019-06-27,2.3239998817443848,132.83999633789062,98.31999969482422
2019-06-28,2.308000087738037,133.1999969482422,96.31999969482422
2019-07-01,2.2669999599456787,130.6199951171875,98.23999786376953
2019-07-02,2.240000009536743,133.41000366210938,93.5999984741211
2019-07-03,2.2899999618530273,133.6300048828125,94.16000366210938
2019-07-05,2.4179999828338623,132.13999938964844,95.5999984741211
2019-07-08,2.4030001163482666,131.2899932861328,95.44000244140625
2019-07-09,2.424999952316284,131.75,96.31999969482422
2019-07-10,2.444000005722046,133.8300018310547,100.23999786376953
2019-07-11,2.4159998893737793,132.6999969482422,100.4000015258789
2019-07-12,2.453000068664551,133.52999877929688,100.16000366210938
2019-07-15,2.4079999923706055,133.52999877929688,98.4000015258789
2019-07-16,2.305999994277954,132.39999389648438,96.55999755859375
2019-07-17,2.303999900817871,134.5800018310547,94.0
2019-07-18,2.2869999408721924,136.47999572753906,92.4800033569336
2019-07-19,2.250999927520752,134.47000122070312,93.36000061035156
2019-07-22,2.312000036239624,134.4499969482422,93.44000244140625
2019-07-23,2.299999952316284,133.69000244140625,94.4800033569336
2019-07-24,2.2200000286102295,134.3699951171875,92.72000122070312
2019-07-25,2.24399995803833,133.4199981689453,92.80000305175781
2019-07-26,2.1689999103546143,133.63999938964844,93.19999694824219
2019-07-29,2.1410000324249268,134.52999877929688,94.55999755859375
2019-07-30,2.13700008392334,134.97999572753906,96.63999938964844
2019-07-31,2.2330000400543213,133.2100067138672,96.31999969482422
2019-08-01,2.2019999027252197,136.41000366210938,90.4800033569336
2019-08-02,2.121000051498413,135.88999938964844,91.83999633789062
2019-08-05,2.069999933242798,137.7899932861328,90.95999908447266
2019-08-06,2.1110000610351562,138.91000366210938,89.12000274658203
2019-08-07,2.0829999446868896,141.02000427246094,86.72000122070312
2019-08-08,2.128000020980835,141.72999572753906,87.68000030517578
2019-08-09,2.11899995803833,141.25999450683594,90.23999786376953
2019-08-12,2.1050000190734863,142.6300048828125,90.87999725341797
2019-08-13,2.1470000743865967,141.77999877929688,94.95999908447266
2019-08-14,2.1429998874664307,142.75,91.5199966430664
2019-08-15,2.2320001125335693,143.6999969482422,90.80000305175781
2019-08-16,2.200000047683716,142.77999877929688,91.19999694824219
2019-08-19,2.2100000381469727,141.11000061035156,93.27999877929688
2019-08-20,2.2179999351501465,142.2100067138672,93.04000091552734
2019-08-21,2.1700000762939453,141.75999450683594,92.87999725341797
2019-08-22,2.1589999198913574,141.39999389648438,92.23999786376953
2019-08-23,2.1519999504089355,144.1699981689453,89.5199966430664
2019-08-26,2.2300000190734863,144.19000244140625,89.44000244140625
2019-08-27,2.2019999027252197,145.57000732421875,91.36000061035156
2019-08-28,2.250999927520752,145.16000366210938,93.12000274658203
2019-08-29,2.2960000038146973,144.1199951171875,94.23999786376953
2019-08-30,2.2850000858306885,143.75,91.68000030517578
2019-09-03,2.3580000400543213,145.75,89.76000213623047
2019-09-04,2.444999933242798,146.66000366210938,93.68000030517578
2019-09-05,2.434999942779541,143.13999938964844,93.5999984741211
2019-09-06,2.496000051498413,141.9199981689453,94.16000366210938
2019-09-09,2.5850000381469727,141.38999938964844,96.63999938964844
2019-09-10,2.5799999237060547,140.17999267578125,95.83999633789062
2019-09-11,2.552000045776367,141.02999877929688,93.44000244140625
2019-09-12,2.5739998817443848,141.32000732421875,91.76000213623047
2019-09-13,2.614000082015991,140.14999389648438,91.5199966430664
2019-09-16,2.680999994277954,141.32000732421875,102.63999938964844
2019-09-17,2.6679999828338623,141.60000610351562,98.31999969482422
2019-09-18,2.63700008392334,140.7100067138672,96.80000305175781
2019-09-19,2.5380001068115234,141.27999877929688,97.5199966430664
2019-09-20,2.5339999198913574,142.9499969482422,97.5999984741211
2019-09-23,2.5269999504089355,143.75,97.68000030517578
2019-09-24,2.503000020980835,144.50999450683594,95.19999694824219
2019-09-25,2.502000093460083,141.8300018310547,94.4000015258789
2019-09-26,2.427999973297119,141.7899932861328,94.4000015258789
2019-09-27,2.4040000438690186,141.05999755859375,93.27999877929688
2019-09-30,2.3299999237060547,138.8699951171875,90.72000122070312
2019-10-01,2.2829999923706055,139.6300048828125,89.5199966430664
2019-10-02,2.246999979019165,141.25999450683594,87.83999633789062
2019-10-03,2.3289999961853027,141.89999389648438,87.44000244140625
2019-10-04,2.3519999980926514,141.89999389648438,88.31999969482422
2019-10-07,2.302999973297119,140.69000244140625,88.31999969482422
2019-10-08,2.2880001068115234,141.9199981689453,87.12000274658203
2019-10-09,2.2339999675750732,142.0500030517578,87.91999816894531
2019-10-10,2.2179999351501465,140.80999755859375,89.5199966430664
2019-10-11,2.2139999866485596,140.02999877929688,91.36000061035156
2019-10-14,2.2799999713897705,140.58999633789062,89.44000244140625
2019-10-15,2.3389999866485596,139.61000061035156,88.4800033569336
2019-10-16,2.302999973297119,140.41000366210938,89.12000274658203
2019-10-17,2.318000078201294,140.61000061035156,90.23999786376953
2019-10-18,2.319999933242798,140.4600067138672,89.76000213623047
2019-10-21,2.23799991607666,139.7899932861328,89.68000030517578
2019-10-22,2.2720000743865967,140.1999969482422,90.72000122070312
2019-10-23,2.2820000648498535,140.52999877929688,93.19999694824219
2019-10-24,2.315999984741211,141.52999877929688,93.83999633789062
2019-10-25,2.299999952316284,141.86000061035156,94.63999938964844
2019-10-28,2.446000099182129,140.63999938964844,93.19999694824219
2019-10-29,2.5969998836517334,140.25,92.63999938964844
2019-10-30,2.690999984741211,141.02000427246094,91.76000213623047
2019-10-31,2.632999897003174,142.42999267578125,90.4000015258789
2019-11-01,2.7139999866485596,142.55999755859375,93.5199966430664
2019-11-04,2.821000099182129,142.14999389648438,94.4800033569336
2019-11-05,2.861999988555908,139.85000610351562,95.44000244140625
2019-11-06,2.828000068664551,140.4499969482422,94.4800033569336
2019-11-07,2.7720000743865967,138.27000427246094,95.04000091552734
2019-11-08,2.7890000343322754,137.38999938964844,95.91999816894531
2019-11-11,2.63700008392334,137.05999755859375,95.12000274658203
2019-11-12,2.621000051498413,137.42999267578125,94.95999908447266
2019-11-13,2.5999999046325684,137.97999572753906,95.68000030517578
2019-11-14,2.6470000743865967,138.55999755859375,95.27999877929688
2019-11-15,2.687999963760376,138.2100067138672,96.63999938964844
2019-11-18,2.565999984741211,138.6199951171875,95.19999694824219
2019-11-19,2.509999990463257,138.69000244140625,92.55999755859375
2019-11-20,2.559000015258789,138.75999450683594,95.19999694824219
2019-11-21,2.566999912261963,138.0,97.5999984741211
2019-11-22,2.6649999618530273,137.74000549316406,96.87999725341797
2019-11-25,2.5309998989105225,137.0800018310547,96.87999725341797
2019-11-26,2.4700000286102295,137.74000549316406,97.5199966430664
2019-11-27,2.500999927520752,137.00999450683594,97.12000274658203
2019-11-29,2.2809998989105225,137.86000061035156,92.95999908447266
2019-12-02,2.3289999961853027,137.7899932861328,93.36000061035156
2019-12-03,2.440999984741211,139.11000061035156,94.08000183105469
2019-12-04,2.3989999294281006,138.9199981689453,97.5199966430664
2019-12-05,2.427000045776367,139.0,97.5199966430664
2019-12-06,2.3340001106262207,137.6199951171875,98.55999755859375
2019-12-09,2.2320001125335693,137.5800018310547,98.63999938964844
2019-12-10,2.2639999389648438,137.97000122070312,99.12000274658203
2019-12-11,2.243000030517578,138.9199981689453,98.4000015258789
2019-12-12,2.328000068664551,138.42999267578125,98.95999908447266
2019-12-13,2.2960000038146973,139.0500030517578,99.91999816894531
2019-12-16,2.3410000801086426,139.0399932861328,100.72000122070312
2019-12-17,2.319000005722046,139.00999450683594,101.76000213623047
2019-12-18,2.2860000133514404,139.02000427246094,101.91999816894531
2019-12-19,2.2730000019073486,139.3800048828125,102.23999786376953
2019-12-20,2.328000068664551,139.52000427246094,101.04000091552734
2019-12-23,2.2139999866485596,139.9499969482422,101.5999984741211
2019-12-24,2.171999931335449,141.27000427246094,102.16000366210938
2019-12-26,2.2939999103546143,142.3800048828125,103.12000274658203
2019-12-27,2.1579999923706055,142.3300018310547,103.27999877929688
2019-12-30,2.186000108718872,142.6300048828125,103.12000274658203
2019-12-31,2.188999891281128,142.89999389648438,102.4800033569336
2020-01-02,2.121999979019165,143.9499969482422,102.4800033569336
2020-01-03,2.130000114440918,145.86000061035156,105.44000244140625
2020-01-06,2.134999990463257,147.38999938964844,105.27999877929688
2020-01-07,2.1619999408721924,147.97000122070312,105.04000091552734
2020-01-08,2.1410000324249268,146.86000061035156,101.27999877929688
2020-01-09,2.1659998893737793,146.02999877929688,99.91999816894531
2020-01-10,2.2019999027252197,146.91000366210938,99.27999877929688
2020-01-13,2.181999921798706,145.82000732421875,97.5999984741211
2020-01-14,2.187000036239624,145.69000244140625,98.23999786376953
2020-01-15,2.119999885559082,146.5399932861328,97.44000244140625
2020-01-16,2.0769999027252197,146.30999755859375,98.31999969482422
2020-01-17,2.003000020980835,146.5800018310547,98.63999938964844
2020-01-21,1.8949999809265137,146.74000549316406,97.91999816894531
2020-01-22,1.9049999713897705,146.7899932861328,95.19999694824219
2020-01-23,1.9259999990463257,147.1199951171875,93.27999877929688
2020-01-24,1.8930000066757202,147.97999572753906,91.44000244140625
2020-01-27,1.9019999504089355,148.99000549316406,88.80000305175781
2020-01-28,1.934000015258789,147.66000366210938,90.0
2020-01-29,1.8769999742507935,148.4600067138672,89.27999877929688
2020-01-30,1.8289999961853027,148.47000122070312,88.63999938964844
2020-01-31,1.840999960899353,149.3300018310547,86.72000122070312
2020-02-03,1.819000005722046,148.36000061035156,83.91999816894531
2020-02-04,1.871999979019165,146.42999267578125,83.5199966430664
2020-02-05,1.8609999418258667,146.61000061035156,85.5999984741211
2020-02-06,1.8619999885559082,147.39999389648438,85.91999816894531
2020-02-07,1.8580000400543213,147.7899932861328,84.63999938964844
2020-02-10,1.7660000324249268,148.1699981689453,83.36000061035156
2020-02-11,1.7879999876022339,147.66000366210938,84.0
2020-02-12,1.843999981880188,147.5399932861328,86.4800033569336
2020-02-13,1.8259999752044678,148.3800048828125,86.72000122070312
2020-02-14,1.8370000123977661,149.0,87.5999984741211
2020-02-18,1.9809999465942383,150.91000366210938,87.5999984741211
2020-02-19,1.9550000429153442,151.7899932861328,89.44000244140625
2020-02-20,1.9199999570846558,152.41000366210938,90.23999786376953
2020-02-21,1.9049999713897705,154.6999969482422,89.27999877929688
2020-02-24,1.8270000219345093,156.08999633789062,85.91999816894531
2020-02-25,1.847000002861023,153.3000030517578,83.19999694824219
2020-02-26,1.8209999799728394,153.97000122070312,81.5199966430664
2020-02-27,1.7519999742507935,154.0,78.23999786376953
2020-02-28,1.684000015258789,148.3800048828125,75.5999984741211
2020-03-02,1.75600004196167,149.1999969482422,79.36000061035156
2020-03-03,1.7999999523162842,153.88999938964844,79.12000274658203
2020-03-04,1.8270000219345093,154.16000366210938,78.87999725341797
2020-03-05,1.7719999551773071,157.49000549316406,76.87999725341797
2020-03-06,1.7079999446868896,157.5500030517578,69.83999633789062
2020-03-09,1.777999997138977,157.80999755859375,52.15999984741211
2020-03-10,1.9359999895095825,154.47999572753906,57.91999816894531
2020-03-11,1.878000020980835,153.92999267578125,55.52000045776367
2020-03-12,1.840999960899353,147.7899932861328,52.31999969482422
2020-03-13,1.86899995803833,143.27999877929688,55.68000030517578
2020-03-16,1.815000057220459,141.63999938964844,48.400001525878906
2020-03-17,1.7289999723434448,143.55999755859375,45.68000030517578
2020-03-18,1.6039999723434448,140.6999969482422,37.68000030517578
2020-03-19,1.6540000438690186,138.0399932861328,42.959999084472656
2020-03-20,1.6039999723434448,140.11000061035156,39.52000045776367
2020-03-23,1.6019999980926514,146.3000030517578,39.040000915527344
2020-03-24,1.652999997138977,153.39999389648438,39.84000015258789
2020-03-25,1.659000039100647,151.3000030517578,40.63999938964844
2020-03-26,1.6369999647140503,153.24000549316406,38.63999938964844
2020-03-27,1.6339999437332153,152.25,35.7599983215332
2020-03-30,1.690000057220459,152.9199981689453,33.84000015258789
2020-03-31,1.6399999856948853,148.0500030517578,33.68000030517578
2020-04-01,1.5870000123977661,149.4499969482422,35.040000915527344
2020-04-02,1.5520000457763672,151.89999389648438,40.880001068115234
2020-04-03,1.621000051498413,152.64999389648438,47.20000076293945
2020-04-06,1.7309999465942383,156.8800048828125,43.84000015258789
2020-04-07,1.8519999980926514,156.0399932861328,40.720001220703125
2020-04-08,1.7829999923706055,154.64999389648438,42.959999084472656
2020-04-09,1.7330000400543213,158.69000244140625,39.84000015258789
2020-04-13,1.7239999771118164,161.41000366210938,39.439998626708984
2020-04-14,1.649999976158142,162.67999267578125,37.279998779296875
2020-04-15,1.5980000495910645,161.85000610351562,35.439998626708984
2020-04-16,1.6859999895095825,161.7100067138672,34.880001068115234
2020-04-17,1.753000020980835,158.57000732421875,33.68000030517578
2020-04-20,1.9240000247955322,159.6999969482422,30.0
2020-04-21,1.8209999799728394,158.61000061035156,22.479999542236328
2020-04-22,1.9390000104904175,161.72999572753906,20.079999923706055
2020-04-23,1.815000057220459,163.33999633789062,21.1200008392334
2020-04-24,1.746000051498413,162.63999938964844,20.559999465942383
2020-04-27,1.819000005722046,161.55999755859375,17.520000457763672
2020-04-28,1.7940000295639038,160.83999633789062,17.040000915527344
2020-04-29,1.86899995803833,161.72999572753906,18.0
2020-04-30,1.9490000009536743,158.8000030517578,19.1200008392334
2020-05-01,1.8899999856948853,159.77999877929688,18.860000610351562
2020-05-04,1.9930000305175781,160.33999633789062,19.670000076293945
2020-05-05,2.134000062942505,161.02000427246094,21.510000228881836
2020-05-06,1.944000005722046,158.9499969482422,20.850000381469727
2020-05-07,1.8940000534057617,161.38999938964844,20.469999313354492
2020-05-08,1.8229999542236328,160.4199981689453,21.469999313354492
2020-05-11,1.8259999752044678,159.4199981689453,21.170000076293945
2020-05-12,1.7200000286102295,160.0399932861328,20.969999313354492
2020-05-13,1.6160000562667847,161.5800018310547,20.600000381469727
2020-05-14,1.680999994277954,163.00999450683594,21.450000762939453
2020-05-15,1.6460000276565552,163.92999267578125,22.389999389648438
2020-05-18,1.7829999923706055,162.69000244140625,24.309999465942383
2020-05-19,1.8300000429153442,164.25999450683594,24.440000534057617
2020-05-20,1.7710000276565552,164.64999389648438,25.34000015258789
2020-05-21,1.7100000381469727,162.25,26.600000381469727
2020-05-22,1.7309999465942383,163.2100067138672,25.56999969482422
2020-05-26,1.7929999828338623,160.88999938964844,25.65999984741211
2020-05-27,1.722000002861023,161.17999267578125,25.0
2020-05-28,1.8270000219345093,161.72000122070312,25.030000686645508
2020-05-29,1.8489999771118164,162.91000366210938,25.8799991607666
2020-06-01,1.7740000486373901,163.66000366210938,26.219999313354492
2020-06-02,1.7769999504089355,162.60000610351562,27.06999969482422
2020-06-03,1.8209999799728394,159.60000610351562,27.1200008392334
2020-06-04,1.8220000267028809,161.27999877929688,27.5
2020-06-05,1.781999945640564,158.00999450683594,28.8700008392334
2020-06-08,1.7890000343322754,159.72000122070312,28.3700008392334
2020-06-09,1.7669999599456787,161.25999450683594,28.420000076293945
2020-06-10,1.7799999713897705,163.57000732421875,28.43000030517578
2020-06-11,1.812999963760376,162.38999938964844,26.360000610351562
2020-06-12,1.7309999465942383,162.6199951171875,26.43000030517578
2020-06-15,1.6690000295639038,162.3300018310547,26.979999542236328
2020-06-16,1.6139999628067017,162.25,27.639999389648438
2020-06-17,1.6380000114440918,162.55999755859375,27.280000686645508
2020-06-18,1.6380000114440918,162.24000549316406,27.889999389648438
2020-06-19,1.6690000295639038,164.02999877929688,28.229999542236328
2020-06-22,1.6640000343322754,165.08999633789062,28.979999542236328
2020-06-23,1.6369999647140503,166.47999572753906,28.719999313354492
2020-06-24,1.597000002861023,165.89999389648438,27.25
2020-06-25,1.4819999933242798,165.8000030517578,27.940000534057617
2020-06-26,1.4950000047683716,166.5399932861328,27.360000610351562
2020-06-29,1.7089999914169312,166.6300048828125,28.270000457763672
2020-06-30,1.7510000467300415,167.3699951171875,28.059999465942383
2020-07-01,1.6710000038146973,166.6199951171875,28.350000381469727
2020-07-02,1.7339999675750732,166.97999572753906,28.75
2020-07-06,1.8300000429153442,167.97999572753906,28.959999084472656
2020-07-07,1.8760000467300415,169.0399932861328,28.790000915527344
2020-07-08,1.8240000009536743,170.08999633789062,29.18000030517578
2020-07-09,1.7790000438690186,169.6300048828125,28.40999984741211
2020-07-10,1.8049999475479126,169.19000244140625,29.030000686645508
2020-07-13,1.7389999628067017,169.39999389648438,28.5
2020-07-14,1.746000051498413,170.19000244140625,28.8799991607666
2020-07-15,1.777999997138977,170.33999633789062,29.290000915527344
2020-07-16,1.7230000495910645,168.72999572753906,29.15999984741211
2020-07-17,1.718000054359436,170.1199951171875,29.100000381469727
2020-07-20,1.6410000324249268,170.94000244140625,29.1200008392334
2020-07-21,1.6749999523162842,173.0,29.719999313354492
2020-07-22,1.680999994277954,175.6300048828125,29.75
2020-07-23,1.784999966621399,177.17999267578125,29.40999984741211
2020-07-24,1.8079999685287476,178.6999969482422,29.440000534057617
2020-07-27,1.7339999675750732,182.22999572753906,29.719999313354492
2020-07-28,1.7999999523162842,183.75,29.350000381469727
2020-07-29,1.8539999723434448,185.1300048828125,29.56999969482422
2020-07-30,1.8289999961853027,183.75999450683594,28.93000030517578
2020-07-31,1.7990000247955322,185.42999267578125,29.06999969482422
2020-08-03,2.1010000705718994,185.63999938964844,29.34000015258789
2020-08-04,2.193000078201294,189.58999633789062,29.780000686645508
2020-08-05,2.190999984741211,191.35000610351562,30.229999542236328
2020-08-06,2.1649999618530273,193.88999938964844,30.18000030517578
2020-08-07,2.23799991607666,190.80999755859375,29.850000381469727
2020-08-10,2.1530001163482666,190.14999389648438,30.15999984741211
2020-08-11,2.1710000038146973,179.94000244140625,29.81999969482422
2020-08-12,2.1519999504089355,179.10000610351562,30.559999465942383
2020-08-13,2.181999921798706,183.3300018310547,30.399999618530273
2020-08-14,2.3559999465942383,182.5399932861328,30.329999923706055
2020-08-17,2.3389999866485596,186.5,30.770000457763672
2020-08-18,2.4170000553131104,188.17999267578125,30.600000381469727
2020-08-19,2.4260001182556152,182.24000549316406,30.65999984741211
2020-08-20,2.3519999980926514,183.5,30.520000457763672
2020-08-21,2.447999954223633,182.02999877929688,30.18000030517578
2020-08-24,2.513000011444092,181.0,30.350000381469727
2020-08-25,2.489000082015991,181.22000122070312,30.920000076293945
2020-08-26,2.4609999656677246,183.36000061035156,30.93000030517578
2020-08-27,2.5789999961853027,181.24000549316406,30.670000076293945
2020-08-28,2.6570000648498535,184.38999938964844,30.719999313354492
2020-08-31,2.630000114440918,184.8300018310547,30.579999923706055
2020-09-01,2.5269999504089355,185.0500030517578,30.610000610351562
2020-09-02,2.4860000610351562,182.6199951171875,29.860000610351562
2020-09-03,2.486999988555908,181.13999938964844,29.639999389648438
2020-09-04,2.5880000591278076,181.63999938964844,28.510000228881836
2020-09-08,2.4000000953674316,181.2899932861328,26.75
2020-09-09,2.4059998989105225,183.0500030517578,27.40999984741211
2020-09-10,2.322999954223633,182.4600067138672,26.790000915527344
2020-09-11,2.2690000534057617,182.4499969482422,27.040000915527344
2020-09-14,2.309999942779541,183.88999938964844,26.940000534057617
2020-09-15,2.361999988555908,183.4499969482422,27.520000457763672
2020-09-16,2.2669999599456787,183.97000122070312,28.700000762939453
2020-09-17,2.0420000553131104,182.9600067138672,29.229999542236328
2020-09-18,2.0480000972747803,183.1999969482422,29.059999465942383
2020-09-21,1.8350000381469727,179.52000427246094,28.290000915527344
2020-09-22,1.8339999914169312,178.64999389648438,28.170000076293945
2020-09-23,2.125,174.7899932861328,28.030000686645508
2020-09-24,2.247999906539917,175.44000244140625,28.5
2020-09-25,2.1389999389648438,174.94000244140625,28.350000381469727
2020-09-28,2.1010000705718994,176.6999969482422,28.690000534057617
2020-09-29,2.561000108718872,178.19000244140625,27.700000762939453
2020-09-30,2.5269999504089355,177.1199951171875,28.290000915527344
2020-10-01,2.5269999504089355,178.6999969482422,27.510000228881836
2020-10-02,2.437999963760376,178.5399932861328,26.350000381469727
2020-10-05,2.615000009536743,179.41000366210938,27.93000030517578
2020-10-06,2.5199999809265137,177.3000030517578,28.389999389648438
2020-10-07,2.6059999465942383,177.22000122070312,28.389999389648438
2020-10-08,2.627000093460083,177.85000610351562,29.139999389648438
2020-10-09,2.740999937057495,181.0800018310547,28.690000534057617
2020-10-12,2.88100004196167,180.55999755859375,28.06999969482422
2020-10-13,2.8550000190734863,177.72000122070312,28.459999084472656
2020-10-14,2.635999917984009,178.27000427246094,28.979999542236328
2020-10-15,2.7750000953674316,178.9199981689453,28.940000534057617
2020-10-16,2.7730000019073486,178.3000030517578,28.719999313354492
2020-10-19,2.7950000762939453,178.38999938964844,28.59000015258789
2020-10-20,2.9130001068115234,179.25,29.049999237060547
2020-10-21,3.0230000019073486,180.60000610351562,28.100000381469727
2020-10-22,3.006999969482422,178.8300018310547,28.510000228881836
2020-10-23,2.9709999561309814,178.63999938964844,27.8799991607666
2020-10-26,3.0239999294281006,178.5500030517578,27.110000610351562
2020-10-27,3.0190000534057617,179.02000427246094,27.690000534057617
2020-10-28,2.996000051498413,176.1300048828125,26.309999465942383
2020-10-29,3.3010001182556152,175.39999389648438,25.600000381469727
2020-10-30,3.3540000915527344,176.1999969482422,25.25
2020-11-02,3.24399995803833,177.91000366210938,26.260000228881836
2020-11-03,3.059000015258789,178.9199981689453,26.719999313354492
2020-11-04,3.0460000038146973,178.82000732421875,27.440000534057617
2020-11-05,2.941999912261963,182.92999267578125,27.15999984741211
2020-11-06,2.888000011444092,183.19000244140625,26.469999313354492
2020-11-09,2.8589999675750732,175.0800018310547,28.06999969482422
2020-11-10,2.9489998817443848,175.66000366210938,28.90999984741211
2020-11-11,3.0309998989105225,174.89999389648438,29.040000915527344
2020-11-12,2.9760000705718994,175.9600067138672,28.65999984741211
2020-11-13,2.994999885559082,177.16000366210938,28.1299991607666
2020-11-16,2.697000026702881,177.14999389648438,28.809999465942383
2020-11-17,2.691999912261963,176.5,28.8700008392334
2020-11-18,2.7119998931884766,175.49000549316406,29.0
2020-11-19,2.5920000076293945,175.16000366210938,29.09000015258789
2020-11-20,2.6500000953674316,175.69000244140625,29.270000457763672
2020-11-23,2.7109999656677246,172.22999572753906,29.520000457763672
2020-11-24,2.7750000953674316,169.58999633789062,30.799999237060547
2020-11-25,2.8959999084472656,169.50999450683594,31.3700008392334
2020-11-27,2.8429999351501465,167.7899932861328,31.219999313354492
2020-11-30,2.881999969482422,166.6699981689453,30.969999313354492
2020-12-01,2.880000114440918,170.17999267578125,30.6200008392334
2020-12-02,2.7799999713897705,171.4600067138672,30.969999313354492
2020-12-03,2.506999969482422,172.80999755859375,31.25
2020-12-04,2.575000047683716,172.32000732421875,31.559999465942383
2020-12-07,2.4059998989105225,174.88999938964844,31.399999618530273
2020-12-08,2.3989999294281006,175.5,31.40999984741211
2020-12-09,2.441999912261963,172.5,31.34000015258789
2020-12-10,2.552999973297119,172.1699981689453,32.11000061035156
2020-12-11,2.5910000801086426,172.49000549316406,31.940000534057617
2020-12-14,2.681999921798706,171.5399932861328,32.16999816894531
2020-12-15,2.681999921798706,173.94000244140625,32.540000915527344
2020-12-16,2.677000045776367,174.89999389648438,32.7400016784668
2020-12-17,2.635999917984009,176.74000549316406,33.15999984741211
2020-12-18,2.700000047683716,176.44000244140625,33.47999954223633
2020-12-21,2.7049999237060547,175.8800048828125,32.63999938964844
2020-12-22,2.7799999713897705,174.49000549316406,32.09000015258789
2020-12-23,2.6080000400543213,175.64999389648438,32.75
2020-12-24,2.5179998874664307,176.35000610351562,32.91999816894531
2020-12-28,2.305000066757202,175.7100067138672,32.59000015258789
2020-12-29,2.4670000076293945,176.35000610351562,32.779998779296875
2020-12-30,2.421999931335449,177.6999969482422,32.90999984741211
2020-12-31,2.5390000343322754,178.36000061035156,33.0099983215332
2021-01-04,2.5810000896453857,182.3300018310547,32.380001068115234
2021-01-05,2.7019999027252197,182.8699951171875,33.939998626708984
2021-01-06,2.7160000801086426,179.89999389648438,34.11000061035156
2021-01-07,2.7290000915527344,179.47999572753906,34.529998779296875
2021-01-08,2.700000047683716,173.33999633789062,35.43000030517578
2021-01-11,2.746999979019165,173.0,35.2599983215332
2021-01-12,2.753000020980835,174.1199951171875,35.900001525878906
2021-01-13,2.7269999980926514,173.3699951171875,35.79999923706055
2021-01-14,2.6659998893737793,173.27999877929688,36.2400016784668
2021-01-15,2.736999988555908,171.1300048828125,35.34000015258789
2021-01-19,2.5460000038146973,172.5800018310547,35.75
2021-01-20,2.5390000343322754,175.38999938964844,35.790000915527344
2021-01-21,2.490999937057495,175.27999877929688,35.7599983215332
2021-01-22,2.446000099182129,173.89999389648438,35.22999954223633
2021-01-25,2.6019999980926514,174.0500030517578,35.59000015258789
2021-01-26,2.6559998989105225,173.6199951171875,35.45000076293945
2021-01-27,2.759999990463257,172.52000427246094,35.5
2021-01-28,2.6640000343322754,172.67999267578125,35.25
2021-01-29,2.563999891281128,172.61000061035156,35.18000030517578
2021-02-01,2.8499999046325684,174.22999572753906,36.119998931884766
2021-02-02,2.8450000286102295,172.11000061035156,36.81999969482422
2021-02-03,2.7890000343322754,171.85000610351562,37.439998626708984
2021-02-04,2.934999942779541,168.14999389648438,37.810001373291016
2021-02-05,2.86299991607666,169.80999755859375,38.189998626708984
2021-02-08,2.881999969482422,171.52000427246094,38.939998626708984
2021-02-09,2.8350000381469727,172.0800018310547,39.16999816894531
2021-02-10,2.9110000133514404,172.7100067138672,39.279998779296875
2021-02-11,2.868000030517578,171.2100067138672,38.970001220703125
2021-02-12,2.9119999408721924,170.69000244140625,39.939998626708984
2021-02-16,3.128999948501587,168.24000549316406,40.45000076293945
2021-02-17,3.2190001010894775,166.3300018310547,40.88999938964844
2021-02-18,3.0820000171661377,166.32000732421875,40.27000045776367
2021-02-19,3.069000005722046,167.00999450683594,39.68000030517578
2021-02-22,2.953000068664551,169.50999450683594,41.279998779296875
2021-02-23,2.878999948501587,169.1199951171875,41.619998931884766
2021-02-24,2.8540000915527344,169.0,42.5
2021-02-25,2.7769999504089355,165.82000732421875,42.459999084472656
2021-02-26,2.7709999084472656,161.80999755859375,41.310001373291016
2021-03-01,2.7769999504089355,161.52999877929688,40.599998474121094
2021-03-02,2.8389999866485596,162.41000366210938,40.06999969482422
2021-03-03,2.815999984741211,160.6199951171875,41.13999938964844
2021-03-04,2.746000051498413,159.0399932861328,43.06999969482422
2021-03-05,2.7009999752044678,159.13999938964844,44.439998626708984
2021-03-08,2.6640000343322754,157.49000549316406,43.5
2021-03-09,2.6619999408721924,160.83999633789062,43.11000061035156
2021-03-10,2.691999912261963,161.66000366210938,43.7400016784668
2021-03-11,2.6679999828338623,161.52000427246094,44.599998474121094
2021-03-12,2.5999999046325684,161.49000549316406,44.349998474121094
2021-03-15,2.4839999675750732,162.1999969482422,44.2599983215332
2021-03-16,2.562000036239624,162.35000610351562,43.83000183105469
2021-03-17,2.5280001163482666,163.50999450683594,43.81999969482422
2021-03-18,2.4809999465942383,162.55999755859375,40.470001220703125
2021-03-19,2.5350000858306885,163.24000549316406,41.77000045776367
2021-03-22,2.5820000171661377,163.0,41.709999084472656
2021-03-23,2.507999897003174,161.80999755859375,39.369998931884766
2021-03-24,2.5179998874664307,162.3699951171875,41.45000076293945
2021-03-25,2.569999933242798,161.77999877929688,39.88999938964844
2021-03-26,2.556999921798706,162.24000549316406,41.529998779296875
2021-03-29,2.5859999656677246,160.30999755859375,41.91999816894531
2021-03-30,2.622999906539917,157.57000732421875,41.16999816894531
2021-03-31,2.6080000400543213,159.9600067138672,40.529998779296875
2021-04-01,2.6389999389648438,161.97999572753906,41.84000015258789
2021-04-05,2.510999917984009,161.9199981689453,40.279998779296875
2021-04-06,2.4560000896453857,163.22000122070312,40.70000076293945
2021-04-07,2.5199999809265137,162.75999450683594,40.86000061035156
2021-04-08,2.5220000743865967,164.50999450683594,40.81999969482422
2021-04-09,2.5260000228881836,163.27000427246094,40.63999938964844
2021-04-12,2.561000108718872,162.27999877929688,40.900001525878906
2021-04-13,2.61899995803833,163.42999267578125,41.400001525878906
2021-04-14,2.618000030517578,162.72000122070312,43.040000915527344
2021-04-15,2.6579999923706055,165.35000610351562,43.27000045776367
2021-04-16,2.680000066757202,166.35000610351562,43.18000030517578
2021-04-19,2.749000072479248,165.88999938964844,43.31999969482422
2021-04-20,2.7269999980926514,166.47999572753906,42.7400016784668
2021-04-21,2.691999912261963,168.1300048828125,41.77000045776367
2021-04-22,2.749000072479248,167.0399932861328,42.09000015258789
2021-04-23,2.7300000190734863,166.39999389648438,42.459999084472656
2021-04-26,2.7899999618530273,166.83999633789062,42.33000183105469
2021-04-27,2.872999906539917,166.4199981689453,43.11000061035156
2021-04-28,2.924999952316284,166.91000366210938,43.529998779296875
2021-04-29,2.9110000133514404,166.22000122070312,44.2599983215332
2021-04-30,2.930999994277954,165.66000366210938,43.27000045776367
2021-05-03,2.9660000801086426,167.80999755859375,43.97999954223633
2021-05-04,2.9670000076293945,166.5800018310547,44.869998931884766
2021-05-05,2.937999963760376,167.27000427246094,44.65999984741211
2021-05-06,2.927999973297119,170.05999755859375,44.40999984741211
2021-05-07,2.9579999446868896,171.58999633789062,44.43000030517578
2021-05-10,2.931999921798706,172.11000061035156,44.47999954223633
2021-05-11,2.9549999237060547,172.13999938964844,44.869998931884766
2021-05-12,2.9690001010894775,170.42999267578125,45.220001220703125
2021-05-13,2.9730000495910645,171.1300048828125,43.810001373291016
2021-05-14,2.9609999656677246,172.69000244140625,44.709999084472656
2021-05-17,3.1089999675750732,174.6999969482422,45.38999938964844
2021-05-18,3.01200008392334,175.0399932861328,44.84000015258789
2021-05-19,2.9639999866485596,175.16000366210938,43.43000030517578
2021-05-20,2.924999952316284,175.9600067138672,42.47999954223633
2021-05-21,2.9059998989105225,176.0399932861328,43.70000076293945
2021-05-24,2.885999917984009,176.35000610351562,45.02000045776367
2021-05-25,2.9130001068115234,177.9499969482422,44.91999816894531
2021-05-26,2.9839999675750732,177.63999938964844,45.20000076293945
2021-05-27,2.9579999446868896,177.7100067138672,45.54999923706055
2021-05-28,2.9860000610351562,178.3800048828125,45.41999816894531
2021-06-01,3.1040000915527344,177.89999389648438,46.33000183105469
2021-06-02,3.075000047683716,178.77000427246094,46.900001525878906
2021-06-03,3.0409998893737793,175.27000427246094,46.970001220703125
2021-06-04,3.0969998836517334,177.16000366210938,47.2599983215332
2021-06-07,3.069999933242798,177.8699951171875,47.27000045776367
2021-06-08,3.128000020980835,177.32000732421875,47.880001068115234
2021-06-09,3.128999948501587,176.97999572753906,47.58000183105469
2021-06-10,3.1489999294281006,177.74000549316406,47.83000183105469
2021-06-11,3.2960000038146973,175.74000549316406,48.06999969482422
2021-06-14,3.3519999980926514,174.7100067138672,48.31999969482422
2021-06-15,3.240000009536743,174.0500030517578,48.97999954223633
2021-06-16,3.250999927520752,171.11000061035156,48.75
2021-06-17,3.253000020980835,165.85000610351562,48.040000915527344
2021-06-18,3.2149999141693115,164.92999267578125,48.36000061035156
2021-06-21,3.190999984741211,166.9499969482422,49.36000061035156
2021-06-22,3.257999897003174,166.25,49.41999816894531
2021-06-23,3.3329999446868896,166.13999938964844,49.720001220703125
2021-06-24,3.4179999828338623,166.0399932861328,49.84000015258789
2021-06-25,3.496000051498413,166.58999633789062,50.25
2021-06-28,3.617000102996826,166.5800018310547,49.540000915527344
2021-06-29,3.630000114440918,164.8300018310547,49.88999938964844
2021-06-30,3.6500000953674316,165.6300048828125,49.880001068115234
2021-07-01,3.6610000133514404,166.1999969482422,50.619998931884766
2021-07-02,3.700000047683716,167.2899932861328,50.93000030517578
2021-07-06,3.63700008392334,168.1199951171875,49.900001525878906
2021-07-07,3.5959999561309814,168.75999450683594,48.65999984741211
2021-07-08,3.687999963760376,168.64999389648438,49.52000045776367
2021-07-09,3.6740000247955322,169.2100067138672,50.40999984741211
2021-07-12,3.749000072479248,169.0,50.310001373291016
2021-07-13,3.696000099182129,169.22000122070312,51.150001525878906
2021-07-14,3.6600000858306885,171.0399932861328,49.70000076293945
2021-07-15,3.614000082015991,171.07000732421875,49.040000915527344
2021-07-16,3.6740000247955322,169.41000366210938,49.13999938964844
2021-07-19,3.7790000438690186,169.61000061035156,45.84000015258789
2021-07-20,3.875999927520752,169.38999938964844,46.5099983215332
2021-07-21,3.9590001106262207,168.75999450683594,48.27000045776367
2021-07-22,4.002999782562256,169.08999633789062,49.16999816894531
2021-07-23,4.059999942779541,168.55999755859375,49.470001220703125
2021-07-26,4.1020002365112305,168.16000366210938,49.66999816894531
2021-07-27,3.9709999561309814,168.44000244140625,49.470001220703125
2021-07-28,4.044000148773193,169.2899932861328,49.720001220703125
2021-07-29,4.059000015258789,171.1699981689453,50.63999938964844
2021-07-30,3.9140000343322754,169.82000732421875,50.65999984741211
2021-08-02,3.934999942779541,169.61000061035156,49.18000030517578
2021-08-03,4.0269999504089355,169.49000549316406,48.849998474121094
2021-08-04,4.1579999923706055,169.52999877929688,47.20000076293945
2021-08-05,4.139999866485596,168.86000061035156,48.099998474121094
2021-08-06,4.139999866485596,164.63999938964844,47.56999969482422
2021-08-09,4.059999942779541,161.72000122070312,46.599998474121094
2021-08-10,4.089000225067139,161.77000427246094,47.68000030517578
2021-08-11,4.059000015258789,164.0,48.29999923706055
2021-08-12,3.933000087738037,164.0399932861328,48.099998474121094
2021-08-13,3.8610000610351562,166.38999938964844,47.43000030517578
2021-08-16,3.946000099182129,167.22000122070312,47.040000915527344
2021-08-17,3.8369998931884766,166.97000122070312,46.58000183105469
2021-08-18,3.8519999980926514,167.10000610351562,45.400001525878906
2021-08-19,3.8299999237060547,166.61000061035156,44.77000045776367
2021-08-20,3.8510000705718994,166.6999969482422,43.43000030517578
2021-08-23,3.944999933242798,168.72999572753906,45.849998474121094
2021-08-24,3.8959999084472656,168.64999389648438,47.369998931884766
2021-08-25,3.8970000743865967,167.47999572753906,47.810001373291016
2021-08-26,4.184000015258789,167.6699981689453,47.47999954223633
2021-08-27,4.369999885559082,170.19000244140625,48.150001525878906
2021-08-30,4.304999828338623,169.35000610351562,48.400001525878906
2021-08-31,4.376999855041504,169.69000244140625,48.040000915527344
2021-09-01,4.614999771118164,169.6999969482422,47.93000030517578
2021-09-02,4.640999794006348,169.25,48.95000076293945
2021-09-03,4.711999893188477,171.05999755859375,48.65999984741211
2021-09-07,4.567999839782715,167.7100067138672,48.040000915527344
2021-09-08,4.914000034332275,167.2899932861328,48.59000015258789
2021-09-09,5.031000137329102,168.02999877929688,47.75
2021-09-10,4.938000202178955,167.17999267578125,48.79999923706055
2021-09-13,5.230999946594238,167.74000549316406,49.47999954223633
2021-09-14,5.260000228881836,168.82000732421875,49.310001373291016
2021-09-15,5.460000038146973,167.8300018310547,50.689998626708984
2021-09-16,5.335000038146973,164.02999877929688,50.70000076293945
2021-09-17,5.105000019073486,163.77000427246094,50.31999969482422
2021-09-20,4.985000133514404,164.94000244140625,49.599998474121094
2021-09-21,4.804999828338623,166.0399932861328,49.58000183105469
2021-09-22,4.804999828338623,165.4199981689453,50.47999954223633
2021-09-23,4.97599983215332,163.50999450683594,51.380001068115234
2021-09-24,5.139999866485596,163.3000030517578,51.81999969482422
2021-09-27,5.705999851226807,163.63999938964844,52.90999984741211
2021-09-28,5.841000080108643,162.0500030517578,52.400001525878906
2021-09-29,5.4770002365112305,161.32000732421875,52.31999969482422
2021-09-30,5.867000102996826,164.22000122070312,52.560001373291016
2021-10-01,5.61899995803833,164.58999633789062,53.2599983215332
2021-10-04,5.765999794006348,165.36000061035156,54.4900016784668
2021-10-05,6.311999797821045,164.58999633789062,55.630001068115234
2021-10-06,5.675000190734863,165.02999877929688,54.15999984741211
2021-10-07,5.677000045776367,164.16000366210938,55.36000061035156
2021-10-08,5.565000057220459,164.22999572753906,55.470001220703125
2021-10-11,5.34499979019165,163.9199981689453,56.18000030517578
2021-10-12,5.505000114440918,164.66000366210938,56.11000061035156
2021-10-13,5.590000152587891,167.58999633789062,56.15999984741211
2021-10-14,5.686999797821045,168.0,56.810001373291016
2021-10-15,5.409999847412109,165.3300018310547,57.150001525878906
2021-10-18,4.988999843597412,164.9199981689453,56.959999084472656
2021-10-19,5.0879998207092285,165.4499969482422,57.41999816894531
2021-10-20,5.170000076293945,166.89999389648438,58.119998931884766
2021-10-21,5.114999771118164,166.75,57.40999984741211
2021-10-22,5.28000020980835,167.77000427246094,58.029998779296875
2021-10-25,5.8979997634887695,168.92999267578125,57.83000183105469
2021-10-26,5.881999969482422,167.67999267578125,58.45000076293945
2021-10-27,6.202000141143799,168.1199951171875,56.900001525878906
2021-10-28,5.7820000648498535,168.0800018310547,57.400001525878906
2021-10-29,5.426000118255615,166.64999389648438,57.150001525878906
2021-11-01,5.185999870300293,167.52000427246094,57.529998779296875
2021-11-02,5.541999816894531,167.16000366210938,57.529998779296875
2021-11-03,5.670000076293945,165.77000427246094,55.34000015258789
2021-11-04,5.716000080108643,167.64999389648438,54.91999816894531
2021-11-05,5.515999794006348,169.83999633789062,56.54999923706055
2021-11-08,5.427000045776367,170.4499969482422,57.09000015258789
2021-11-09,4.979000091552734,171.2899932861328,57.970001220703125
2021-11-10,4.880000114440918,173.14999389648438,56.31999969482422
2021-11-11,5.14900016784668,174.1199951171875,56.220001220703125
2021-11-12,4.790999889373779,174.4499969482422,55.97999954223633
2021-11-15,5.017000198364258,174.17999267578125,56.06999969482422
2021-11-16,5.177000045776367,172.9199981689453,56.20000076293945
2021-11-17,4.815999984741211,174.5,55.0
2021-11-18,4.9019999504089355,173.94000244140625,55.54999923706055
2021-11-19,5.065000057220459,172.61000061035156,53.779998779296875
2021-11-22,4.789000034332275,168.74000549316406,54.45000076293945
2021-11-23,4.9670000076293945,167.27999877929688,56.20000076293945
2021-11-24,5.067999839782715,167.1199951171875,55.880001068115234
2021-11-26,5.447000026702881,166.85000610351562,49.630001068115234
2021-11-29,4.854000091552734,166.6199951171875,50.16999816894531
2021-11-30,4.566999912261963,165.5,47.90999984741211
2021-12-01,4.257999897003174,166.16000366210938,47.040000915527344
2021-12-02,4.056000232696533,165.24000549316406,48.290000915527344
2021-12-03,4.131999969482422,166.6300048828125,48.0
2021-12-06,3.6570000648498535,166.22000122070312,50.5099983215332
2021-12-07,3.7079999446868896,166.80999755859375,51.59000015258789
2021-12-08,3.815000057220459,166.89999389648438,52.41999816894531
2021-12-09,3.813999891281128,165.8800048828125,51.02000045776367
2021-12-10,3.924999952316284,166.5800018310547,52.029998779296875
2021-12-13,3.7939999103546143,167.0,51.439998626708984
2021-12-14,3.746999979019165,165.44000244140625,50.91999816894531
2021-12-15,3.802000045776367,166.14999389648438,51.619998931884766
2021-12-16,3.7660000324249268,168.16000366210938,51.869998931884766
2021-12-17,3.690000057220459,167.8000030517578,50.779998779296875
2021-12-20,3.8340001106262207,167.08999633789062,49.900001525878906
2021-12-21,3.86899995803833,167.02000427246094,51.56999969482422
2021-12-22,3.9760000705718994,168.58999633789062,52.47999954223633
2021-12-23,3.7309999465942383,168.97000122070312,53.130001068115234
2021-12-27,4.059999942779541,169.3699951171875,54.52000045776367
2021-12-28,4.054999828338623,168.63999938964844,54.66999816894531
2021-12-29,4.02400016784668,168.58999633789062,55.08000183105469
2021-12-30,3.561000108718872,169.8000030517578,55.099998474121094
2021-12-31,3.7300000190734863,170.9600067138672,54.36000061035156
2022-01-03,3.815000057220459,168.3300018310547,54.83000183105469
2022-01-04,3.7170000076293945,169.57000732421875,55.59000015258789
2022-01-05,3.881999969482422,169.05999755859375,55.43000030517578
2022-01-06,3.812000036239624,166.99000549316406,56.88999938964844
2022-01-07,3.9159998893737793,167.75,56.66999816894531
2022-01-10,4.078999996185303,168.25999450683594,56.15999984741211
2022-01-11,4.249000072479248,170.2899932861328,58.15999984741211
2022-01-12,4.85699987411499,170.74000549316406,58.90999984741211
2022-01-13,4.269999980926514,170.16000366210938,58.27000045776367
2022-01-14,4.26200008392334,169.6699981689453,59.970001220703125
2022-01-18,4.2829999923706055,169.38999938964844,60.970001220703125
2022-01-19,4.031000137329102,172.0800018310547,61.04999923706055
2022-01-20,3.802000045776367,171.64999389648438,60.65999984741211
2022-01-21,3.999000072479248,171.08999633789062,60.779998779296875
2022-01-24,4.0269999504089355,172.02999877929688,60.11000061035156
2022-01-25,4.052999973297119,172.5800018310547,60.970001220703125
2022-01-26,4.2769999504089355,169.7899932861328,61.68000030517578
2022-01-27,6.264999866485596,167.60000610351562,61.86000061035156
2022-01-28,4.638999938964844,167.10000610351562,61.970001220703125
2022-01-31,4.874000072479248,168.08999633789062,62.47999954223633
2022-02-01,4.750999927520752,168.22999572753906,62.529998779296875
2022-02-02,5.500999927520752,168.83999633789062,62.52000045776367
2022-02-03,4.888000011444092,168.60000610351562,63.5099983215332
2022-02-04,4.572000026702881,168.86000061035156,64.91000366210938
2022-02-07,4.23199987411499,170.11000061035156,64.68000030517578
2022-02-08,4.248000144958496,170.6300048828125,63.619998931884766
2022-02-09,4.008999824523926,171.2100067138672,64.16999816894531
2022-02-10,3.9590001106262207,170.55999755859375,63.959999084472656
2022-02-11,3.940999984741211,173.80999755859375,65.73999786376953
2022-02-14,4.195000171661377,174.74000549316406,66.36000061035156
2022-02-15,4.306000232696533,173.0800018310547,64.27999877929688
2022-02-16,4.7170000076293945,174.86000061035156,63.540000915527344
2022-02-17,4.486000061035156,177.25,64.16999816894531
2022-02-18,4.431000232696533,177.1199951171875,64.73999786376953
2022-02-22,4.498000144958496,177.49000549316406,65.54000091552734
2022-02-23,4.623000144958496,178.2899932861328,66.23999786376953
2022-02-24,4.567999839782715,177.13999938964844,66.33999633789062
2022-02-25,4.46999979019165,176.5500030517578,65.80000305175781
2022-02-28,4.4019999504089355,178.3800048828125,67.4800033569336
2022-03-01,4.572999954223633,181.6199951171875,71.81999969482422
2022-03-02,4.76200008392334,179.72999572753906,75.41999816894531
2022-03-03,4.7220001220703125,180.8000030517578,74.52999877929688
2022-03-04,5.015999794006348,183.67999267578125,79.45999908447266
2022-03-07,4.833000183105469,186.41000366210938,82.37000274658203
2022-03-08,4.5269999504089355,191.50999450683594,85.43000030517578
2022-03-09,4.526000022888184,185.82000732421875,75.47000122070312
2022-03-10,4.63100004196167,186.39999389648438,74.05999755859375
2022-03-11,4.724999904632568,185.08999633789062,76.4000015258789
2022-03-14,4.6579999923706055,182.3000030517578,72.83999633789062
2022-03-15,4.567999839782715,178.88999938964844,68.62999725341797
2022-03-16,4.748000144958496,180.00999450683594,68.27999877929688
2022-03-17,4.989999771118164,180.88999938964844,73.68000030517578
2022-03-18,4.86299991607666,179.3000030517578,74.63999938964844
2022-03-21,4.900000095367432,180.6699981689453,79.54000091552734
2022-03-22,5.186999797821045,179.36000061035156,78.55999755859375
2022-03-23,5.23199987411499,181.80999755859375,81.94999694824219
2022-03-24,5.401000022888184,183.1300048828125,79.75
2022-03-25,5.571000099182129,182.3800048828125,80.73999786376953
2022-03-28,5.507999897003174,179.05999755859375,74.52999877929688
2022-03-29,5.335999965667725,179.13999938964844,76.1500015258789
2022-03-30,5.605000019073486,180.5800018310547,77.91000366210938
2022-03-31,5.642000198364258,180.64999389648438,74.12000274658203
2022-04-01,5.71999979019165,179.5,74.16999816894531
2022-04-04,5.711999893188477,180.3699951171875,76.86000061035156
2022-04-05,6.0320000648498535,179.24000549316406,74.80000305175781
2022-04-06,6.0289998054504395,179.66000366210938,73.05000305175781
2022-04-07,6.359000205993652,180.33999633789062,73.11000061035156
2022-04-08,6.2779998779296875,181.47000122070312,74.11000061035156
2022-04-11,6.64300012588501,182.3699951171875,72.30000305175781
2022-04-12,6.679999828338623,183.77000427246094,75.9800033569336
2022-04-13,6.997000217437744,184.64999389648438,78.41999816894531
2022-04-14,7.300000190734863,184.0399932861328,79.56999969482422
2022-04-18,7.820000171661377,184.61000061035156,80.41000366210938
2022-04-19,7.176000118255615,181.82000732421875,76.86000061035156
2022-04-20,6.936999797821045,182.7100067138672,77.23999786376953
2022-04-21,6.956999778747559,182.05999755859375,78.12000274658203
2022-04-22,6.533999919891357,180.2899932861328,76.30999755859375
2022-04-25,6.669000148773193,177.0500030517578,74.6500015258789
2022-04-26,6.849999904632568,177.32000732421875,76.45999908447266
2022-04-27,7.267000198364258,175.97999572753906,76.37000274658203
2022-04-28,6.888000011444092,176.92999267578125,78.08000183105469
2022-04-29,7.24399995803833,176.91000366210938,77.16000366210938
2022-05-02,7.474999904632568,173.6300048828125,78.37999725341797
2022-05-03,7.953999996185303,174.08999633789062,76.69000244140625
2022-05-04,8.414999961853027,175.8000030517578,80.22000122070312
2022-05-05,8.782999992370605,175.1300048828125,80.4800033569336
2022-05-06,8.043000221252441,175.4199981689453,82.12999725341797
2022-05-09,7.026000022888184,172.8800048828125,76.56999969482422
2022-05-10,7.385000228881836,171.4199981689453,74.52999877929688
2022-05-11,7.639999866485596,172.82000732421875,78.18000030517578
2022-05-12,7.738999843597412,170.1699981689453,79.2300033569336
2022-05-13,7.663000106811523,168.7899932861328,81.27999877929688
2022-05-16,7.955999851226807,170.39999389648438,83.11000061035156
2022-05-17,8.303999900817871,169.3300018310547,81.11000061035156
2022-05-18,8.368000030517578,169.4199981689453,79.29000091552734
2022-05-19,8.307999610900879,171.91000366210938,80.58000183105469
2022-05-20,8.083000183105469,172.02999877929688,81.6500015258789
2022-05-23,8.744000434875488,172.8300018310547,81.97000122070312
2022-05-24,8.795999526977539,174.1300048828125,82.0
2022-05-25,8.970999717712402,173.0800018310547,82.4800033569336
2022-05-26,8.907999992370605,172.75999450683594,84.58999633789062
2022-05-27,8.72700023651123,172.85000610351562,85.45999908447266
2022-05-31,8.145000457763672,171.13999938964844,85.47000122070312
2022-06-01,8.696000099182129,172.22999572753906,85.54000091552734
2022-06-02,8.484999656677246,174.35000610351562,87.25
2022-06-03,8.52299976348877,172.5800018310547,89.47000122070312
2022-06-06,9.321999549865723,171.82000732421875,88.38999938964844
2022-06-07,9.293000221252441,172.94000244140625,90.04000091552734
2022-06-08,8.699000358581543,172.77999877929688,91.98999786376953
2022-06-09,8.963000297546387,172.22999572753906,91.08000183105469
2022-06-10,8.850000381469727,174.5399932861328,90.12999725341797
2022-06-13,8.609000205993652,169.92999267578125,90.36000061035156
2022-06-14,7.189000129699707,168.57000732421875,88.44999694824219
2022-06-15,7.420000076293945,170.77000427246094,86.93000030517578
2022-06-16,7.464000225067139,172.69000244140625,87.66000366210938
2022-06-17,6.943999767303467,171.27000427246094,83.33999633789062
2022-06-21,6.808000087738037,170.6300048828125,84.05000305175781
2022-06-22,6.857999801635742,171.30999755859375,80.87999725341797
2022-06-23,6.238999843597412,170.25999450683594,78.9800033569336
2022-06-24,6.21999979019165,170.08999633789062,81.2699966430664
2022-06-27,6.500999927520752,169.89999389648438,82.93000030517578
2022-06-28,6.551000118255615,169.6199951171875,84.72000122070312
2022-06-29,6.498000144958496,169.49000549316406,82.94999694824219
2022-06-30,5.423999786376953,168.4600067138672,80.3499984741211
2022-07-01,5.730000019073486,168.32000732421875,81.66999816894531
2022-07-05,5.5229997634887695,164.75,74.77999877929688
2022-07-06,5.510000228881836,162.13999938964844,73.66999816894531
2022-07-07,6.296999931335449,162.22999572753906,76.55000305175781
2022-07-08,6.033999919891357,162.3000030517578,78.54000091552734
2022-07-11,6.426000118255615,161.42999267578125,78.2300033569336
2022-07-12,6.163000106811523,160.8300018310547,72.80999755859375
2022-07-13,6.689000129699707,161.60000610351562,73.19000244140625
2022-07-14,6.599999904632568,159.3300018310547,72.8499984741211
2022-07-15,7.015999794006348,159.00999450683594,73.73999786376953
2022-07-18,7.479000091552734,159.16000366210938,76.80999755859375
2022-07-19,7.263999938964844,159.5399932861328,78.05000305175781
2022-07-20,8.006999969482422,158.0399932861328,77.63999938964844
2022-07-21,7.932000160217285,160.27000427246094,75.48999786376953
2022-07-22,8.298999786376953,160.6699981689453,74.52999877929688
2022-07-25,8.72700023651123,160.22999572753906,76.22000122070312
2022-07-26,8.993000030517578,160.0399932861328,75.16000366210938
2022-07-27,8.687000274658203,161.6699981689453,77.87000274658203
2022-07-28,8.133999824523926,163.63999938964844,77.12999725341797
2022-07-29,8.229000091552734,164.10000610351562,78.05000305175781
2022-08-01,8.282999992370605,165.02999877929688,75.12999725341797
2022-08-02,7.705999851226807,164.0500030517578,75.93000030517578
2022-08-03,8.265999794006348,164.4499969482422,73.52999877929688
2022-08-04,8.121999740600586,167.1699981689453,71.52999877929688
2022-08-05,8.064000129699707,165.2899932861328,71.54000091552734
2022-08-08,7.589000225067139,166.69000244140625,73.54000091552734
2022-08-09,7.833000183105469,167.1999969482422,73.44999694824219
2022-08-10,8.20199966430664,166.77999877929688,74.31999969482422
2022-08-11,8.87399959564209,166.33999633789062,76.27999877929688
2022-08-12,8.767999649047852,167.8699951171875,74.9800033569336
2022-08-15,8.727999687194824,165.7100067138672,72.87999725341797
2022-08-16,9.329000473022461,165.4199981689453,71.23999786376953
2022-08-17,9.244000434875488,164.35000610351562,72.05000305175781
2022-08-18,9.187999725341797,163.9199981689453,74.20999908447266
2022-08-19,9.336000442504883,162.72000122070312,74.05999755859375
2022-08-22,9.680000305175781,161.63999938964844,74.68000030517578
2022-08-23,9.192999839782715,162.77000427246094,76.83000183105469
2022-08-24,9.329999923706055,163.25,78.04000091552734
2022-08-25,9.375,163.75,76.5
2022-08-26,9.295999526977539,161.75999450683594,75.8499984741211
2022-08-29,9.352999687194824,161.86000061035156,78.69000244140625
2022-08-30,9.041999816894531,160.50999450683594,75.47000122070312
2022-08-31,9.126999855041504,159.27000427246094,73.11000061035156
2022-09-01,9.26200008392334,157.8699951171875,70.94999694824219
2022-09-02,8.78600025177002,159.25999450683594,71.43000030517578
2022-09-06,8.145000457763672,158.3300018310547,71.41999816894531
2022-09-07,7.8420000076293945,159.94000244140625,67.62000274658203
2022-09-08,7.914999961853027,158.97999572753906,68.08999633789062
2022-09-09,7.995999813079834,159.82000732421875,71.0999984741211
2022-09-12,8.24899959564209,160.6300048828125,72.37000274658203
2022-09-13,8.284000396728516,158.5399932861328,72.01000213623047
2022-09-14,9.11400032043457,157.92999267578125,72.7300033569336
2022-09-15,8.324000358581543,154.97999572753906,69.76000213623047
2022-09-16,7.763999938964844,155.83999633789062,69.9000015258789
2022-09-19,7.751999855041504,155.9600067138672,70.05000305175781
2022-09-20,7.7170000076293945,155.07000732421875,69.22000122070312
2022-09-21,7.7789998054504395,155.7899932861328,68.68000030517578
2022-09-22,7.089000225067139,155.6999969482422,68.97000122070312
2022-09-23,6.828000068664551,153.00999450683594,65.31999969482422
2022-09-26,6.9029998779296875,151.22999572753906,63.20000076293945
2022-09-27,6.651000022888184,151.5399932861328,64.41999816894531
2022-09-28,6.868000030517578,154.69000244140625,67.12999725341797
2022-09-29,6.874000072479248,154.66000366210938,66.7699966430664
2022-09-30,6.765999794006348,154.6699981689453,65.27999877929688
2022-10-03,6.46999979019165,158.42999267578125,67.88999938964844
2022-10-04,6.836999893188477,160.6999969482422,70.27999877929688
2022-10-05,6.929999828338623,159.80999755859375,71.94000244140625
2022-10-06,6.9720001220703125,159.6300048828125,72.98999786376953
2022-10-07,6.748000144958496,157.8800048828125,75.0999984741211
2022-10-10,6.434999942779541,155.47999572753906,73.77999877929688
2022-10-11,6.5960001945495605,155.16000366210938,71.75
2022-10-12,6.434999942779541,155.99000549316406,70.93000030517578
2022-10-13,6.741000175476074,154.91000366210938,72.5199966430664
2022-10-14,6.453000068664551,152.97999572753906,70.16999816894531
2022-10-17,5.999000072479248,153.4199981689453,70.12999725341797
2022-10-18,5.744999885559082,153.75,68.69999694824219
2022-10-19,5.461999893188477,151.69000244140625,70.04000091552734
2022-10-20,5.357999801635742,151.4499969482422,70.18000030517578
2022-10-21,4.959000110626221,154.14999389648438,70.56999969482422
2022-10-24,5.198999881744385,153.64999389648438,70.37999725341797
2022-10-25,5.61299991607666,154.0,70.61000061035156
2022-10-26,5.605999946594238,154.97999572753906,72.97000122070312
2022-10-27,5.185999870300293,154.74000549316406,73.62000274658203
2022-10-28,5.684000015258789,153.16000366210938,72.81999969482422
2022-10-31,6.355000019073486,151.91000366210938,71.52999877929688
2022-11-01,5.714000225067139,153.4600067138672,73.12000274658203
2022-11-02,6.26800012588501,152.38999938964844,74.08000183105469
2022-11-03,5.974999904632568,151.80999755859375,73.29000091552734
2022-11-04,6.400000095367432,156.47000122070312,76.81999969482422
2022-11-07,6.943999767303467,155.85000610351562,76.55999755859375
2022-11-08,6.138000011444092,159.4499969482422,74.47000122070312
2022-11-09,5.864999771118164,158.64999389648438,71.66999816894531
2022-11-10,6.238999843597412,163.47999572753906,72.23999786376953
2022-11-11,5.879000186920166,164.55999755859375,74.37999725341797
2022-11-14,5.933000087738037,164.9199981689453,71.91000366210938
2022-11-15,6.033999919891357,165.5,73.25
2022-11-16,6.199999809265137,165.1199951171875,72.04000091552734
2022-11-17,6.36899995803833,163.9199981689453,70.13999938964844
2022-11-18,6.302999973297119,162.7899932861328,69.02999877929688
2022-11-21,6.776000022888184,161.8800048828125,69.02999877929688
2022-11-22,6.7789998054504395,162.07000732421875,69.9800033569336
2022-11-23,7.308000087738037,163.0800018310547,67.41000366210938
2022-11-25,7.02400016784668,163.22000122070312,66.95999908447266
2022-11-28,6.711999893188477,161.92999267578125,66.87999725341797
2022-11-29,7.235000133514404,162.72999572753906,68.33999633789062
2022-11-30,6.929999828338623,164.80999755859375,70.2300033569336
2022-12-01,6.73799991607666,167.83999633789062,70.44999694824219
2022-12-02,6.281000137329102,167.25999450683594,69.83999633789062
2022-12-05,5.577000141143799,164.38999938964844,67.72000122070312
2022-12-06,5.468999862670898,164.83999633789062,65.2300033569336
2022-12-07,5.7230000495910645,166.3300018310547,63.650001525878906
2022-12-08,5.961999893188477,166.47000122070312,62.709999084472656
2022-12-09,6.244999885559082,167.05999755859375,62.849998474121094
2022-12-12,6.586999893188477,165.67999267578125,64.41000366210938
2022-12-13,6.934999942779541,168.50999450683594,65.86000061035156
2022-12-14,6.429999828338623,168.10000610351562,67.36000061035156
2022-12-15,6.96999979019165,165.35000610351562,66.1500015258789
2022-12-16,6.599999904632568,166.7899932861328,64.9000015258789
2022-12-19,5.85099983215332,166.32000732421875,66.06999969482422
2022-12-20,5.326000213623047,169.0800018310547,66.22000122070312
2022-12-21,5.331999778747559,168.8000030517578,68.05999755859375
2022-12-22,4.999000072479248,166.75999450683594,67.69999694824219
2022-12-23,5.078999996185303,167.25999450683594,69.31999969482422
2022-12-27,5.2820000648498535,168.6699981689453,69.52999877929688
2022-12-28,4.709000110626221,167.91000366210938,68.58000183105469
2022-12-29,4.559000015258789,168.85000610351562,68.52999877929688
2022-12-30,4.474999904632568,169.63999938964844,70.11000061035156
2023-01-03,3.98799991607666,171.05999755859375,67.63999938964844
2023-01-04,4.171999931335449,172.6699981689453,64.30000305175781
2023-01-05,3.7200000286102295,170.52000427246094,64.77999877929688
2023-01-06,3.7100000381469727,173.7100067138672,64.83000183105469
2023-01-09,3.9100000858306885,174.10000610351562,65.87999725341797
2023-01-10,3.6389999389648438,174.74000549316406,65.9000015258789
2023-01-11,3.6710000038146973,174.6199951171875,68.05000305175781
2023-01-12,3.694999933242798,176.63999938964844,68.61000061035156
2023-01-13,3.4189999103546143,178.75999450683594,70.05000305175781
2023-01-17,3.5859999656677246,177.58999633789062,70.86000061035156
2023-01-18,3.311000108718872,177.0800018310547,69.51000213623047
2023-01-19,3.2750000953674316,179.88999938964844,70.58999633789062
2023-01-20,3.1740000247955322,179.2899932861328,71.55000305175781
2023-01-23,3.447000026702881,179.6300048828125,71.5
2023-01-24,3.257999897003174,180.27999877929688,70.22000122070312
2023-01-25,3.066999912261963,181.11000061035156,70.51000213623047
2023-01-26,2.944000005722046,179.47000122070312,70.93000030517578
2023-01-27,3.1089999675750732,179.22000122070312,69.5
2023-01-30,2.677000045776367,178.75999450683594,68.0999984741211
2023-01-31,2.684000015258789,179.41000366210938,69.31999969482422
2023-02-01,2.4679999351501465,181.6699981689453,67.36000061035156
2023-02-02,2.4560000896453857,177.89999389648438,66.56999969482422
2023-02-03,2.4100000858306885,173.4600067138672,64.4000015258789
2023-02-06,2.4570000171661377,173.82000732421875,65.5
2023-02-07,2.5840001106262207,173.97999572753906,67.76000213623047
2023-02-08,2.3959999084472656,174.41000366210938,68.68000030517578
2023-02-09,2.430000066757202,173.02999877929688,67.91999816894531
2023-02-10,2.5139999389648438,173.36000061035156,69.87000274658203
2023-02-13,2.4049999713897705,172.47999572753906,69.5
2023-02-14,2.566999912261963,172.61000061035156,69.4000015258789
2023-02-15,2.4709999561309814,170.88999938964844,69.0199966430664
2023-02-16,2.3889999389648438,170.75,68.44999694824219
2023-02-17,2.2750000953674316,171.25999450683594,67.0199966430664
2023-02-21,2.072999954223633,170.6199951171875,66.69000244140625
2023-02-22,2.1740000247955322,169.66000366210938,64.91999816894531
2023-02-23,2.313999891281128,169.57000732421875,66.37999725341797
2023-02-24,2.4509999752044678,168.35000610351562,67.0999984741211
2023-02-27,2.7309999465942383,169.00999450683594,66.25
2023-02-28,2.746999979019165,169.77999877929688,67.20999908447266
2023-03-01,2.811000108718872,170.75999450683594,68.06999969482422
2023-03-02,2.765000104904175,170.66000366210938,68.30000305175781
2023-03-03,3.009000062942505,172.49000549316406,69.86000061035156
2023-03-06,2.572000026702881,171.6199951171875,70.48999786376953
2023-03-07,2.687000036239624,168.6199951171875,67.8499984741211
2023-03-08,2.5510001182556152,168.5399932861328,67.0999984741211
2023-03-09,2.5429999828338623,170.1999969482422,66.23999786376953
2023-03-10,2.430000066757202,173.8699951171875,67.13999938964844
2023-03-13,2.6059999465942383,177.86000061035156,65.25
2023-03-14,2.572999954223633,176.8300018310547,62.93000030517578
2023-03-15,2.438999891281128,178.2100067138672,60.02000045776367
2023-03-16,2.5139999389648438,178.57000732421875,60.04999923706055
2023-03-17,2.3380000591278076,183.77000427246094,58.65999984741211
2023-03-20,2.2230000495910645,183.83999633789062,59.790000915527344
2023-03-21,2.3480000495910645,180.3699951171875,61.22999954223633
2023-03-22,2.1710000038146973,183.44000244140625,61.61000061035156
2023-03-23,2.1540000438690186,185.74000549316406,60.9900016784668
2023-03-24,2.2160000801086426,183.64999389648438,60.959999084472656
2023-03-27,2.0880000591278076,181.9499969482422,64.1500015258789
2023-03-28,2.0299999713897705,183.44000244140625,64.55000305175781
2023-03-29,1.9910000562667847,182.52999877929688,64.1500015258789
2023-03-30,2.1040000915527344,184.17999267578125,65.31999969482422
2023-03-31,2.2160000801086426,183.22000122070312,66.44000244140625
2023-04-03,2.0969998836517334,184.5399932861328,70.2699966430664
2023-04-04,2.1059999465942383,187.97999572753906,70.2699966430664
2023-04-05,2.1549999713897705,187.8300018310547,70.23999786376953
2023-04-06,2.010999917984009,186.49000549316406,70.26000213623047
2023-04-10,2.171999931335449,185.11000061035156,69.76000213623047
2023-04-11,2.186000108718872,186.27999877929688,71.06999969482422
2023-04-12,2.0929999351501465,187.19000244140625,72.43000030517578
2023-04-13,2.006999969482422,189.72000122070312,71.80000305175781
2023-04-14,2.114000082015991,186.36000061035156,72.08999633789062
2023-04-17,2.2750000953674316,185.52999877929688,70.83999633789062
2023-04-18,2.365999937057495,186.25,70.7300033569336
2023-04-19,2.2219998836517334,185.36000061035156,69.30000305175781
2023-04-20,2.249000072479248,186.08999633789062,67.5999984741211
2023-04-21,2.2330000400543213,184.25,68.20999908447266
2023-04-24,2.2730000019073486,184.80999755859375,69.25
2023-04-25,2.306999921798706,185.75,67.62000274658203
2023-04-26,2.117000102996826,184.74000549316406,65.36000061035156
2023-04-27,2.3550000190734863,184.75,65.80999755859375
2023-04-28,2.4100000858306885,184.8000030517578,67.5
2023-05-01,2.318000078201294,183.97000122070312,66.55000305175781
2023-05-02,2.2139999866485596,187.52000427246094,63.04999923706055
2023-05-03,2.1700000762939453,189.11000061035156,60.310001373291016
2023-05-04,2.1010000705718994,190.44000244140625,60.70000076293945
2023-05-05,2.13700008392334,187.4600067138672,63.029998779296875
2023-05-08,2.23799991607666,187.69000244140625,64.26000213623047
2023-05-09,2.2669999599456787,189.02000427246094,64.87000274658203
2023-05-10,2.190999984741211,188.75,64.38999938964844
2023-05-11,2.190000057220459,187.1300048828125,63.25
2023-05-12,2.2660000324249268,186.80999755859375,62.06999969482422
2023-05-15,2.375,187.2100067138672,62.9900016784668
2023-05-16,2.375999927520752,184.8699951171875,62.540000915527344
2023-05-17,2.365000009536743,184.22999572753906,64.5999984741211
2023-05-18,2.5920000076293945,181.83999633789062,64.04000091552734
2023-05-19,2.5850000381469727,183.63999938964844,63.900001525878906
2023-05-22,2.4000000953674316,183.2100067138672,63.90999984741211
2023-05-23,2.321000099182129,183.42999267578125,64.87000274658203
2023-05-24,2.3980000019073486,181.9499969482422,65.66000366210938
2023-05-25,2.306999921798706,180.1999969482422,64.08999633789062
2023-05-26,2.180999994277954,180.9199981689453,64.80000305175781
2023-05-30,2.3269999027252197,182.0399932861328,62.29999923706055
2023-05-31,2.2660000324249268,182.32000732421875,60.630001068115234
2023-06-01,2.1579999923706055,183.75999450683594,62.54999923706055
2023-06-02,2.171999931335449,181.0500030517578,64.1500015258789
2023-06-05,2.244999885559082,182.13999938964844,64.02999877929688
2023-06-06,2.26200008392334,182.33999633789062,63.790000915527344
2023-06-07,2.3289999961853027,180.14999389648438,64.70999908447266
2023-06-08,2.3519999980926514,182.52999877929688,63.459999084472656
2023-06-09,2.253999948501587,182.0399932861328,62.93000030517578
2023-06-12,2.2660000324249268,181.8800048828125,60.2400016784668
2023-06-13,2.3399999141693115,180.5399932861328,62.13999938964844
2023-06-14,2.3420000076293945,180.63999938964844,61.83000183105469
2023-06-15,2.5329999923706055,181.91000366210938,63.40999984741211
2023-06-16,2.631999969482422,181.6300048828125,64.3499984741211
2023-06-20,2.492000102996826,179.75,63.91999816894531
2023-06-21,2.5969998836517334,179.49000549316406,65.04000091552734
2023-06-22,2.6080000400543213,177.7100067138672,62.52000045776367
2023-06-23,2.7290000915527344,178.1999969482422,62.41999816894531
2023-06-26,2.7909998893737793,178.50999450683594,62.72999954223633
2023-06-27,2.763000011444092,177.69000244140625,61.29999923706055
2023-06-28,2.6029999256134033,177.27999877929688,62.52000045776367
2023-06-29,2.7009999752044678,177.08999633789062,62.959999084472656
2023-06-30,2.7980000972747803,178.27000427246094,63.54999923706055
2023-07-03,2.7090001106262207,178.47000122070312,63.38999938964844
2023-07-05,2.6570000648498535,177.83999633789062,64.62999725341797
2023-07-06,2.6089999675750732,177.30999755859375,64.44000244140625
2023-07-07,2.5820000171661377,178.63999938964844,65.8499984741211
2023-07-10,2.6689999103546143,178.77999877929688,65.54000091552734
2023-07-11,2.7309999465942383,179.4499969482422,67.02999877929688
2023-07-12,2.631999969482422,181.8800048828125,67.87000274658203
2023-07-13,2.5450000762939453,182.00999450683594,69.08999633789062
2023-07-14,2.5390000343322754,181.42999267578125,67.47000122070312
2023-07-17,2.51200008392334,181.55999755859375,66.58000183105469
2023-07-18,2.628999948501587,183.63999938964844,67.95999908447266
2023-07-19,2.6029999256134033,183.6699981689453,67.69000244140625
2023-07-20,2.756999969482422,182.74000549316406,68.05000305175781
2023-07-21,2.7130000591278076,182.17999267578125,68.98999786376953
2023-07-24,2.684999942779541,181.39999389648438,70.69000244140625
2023-07-25,2.7300000190734863,182.41000366210938,71.16000366210938
2023-07-26,2.6649999618530273,183.3000030517578,70.66000366210938
2023-07-27,2.492000102996826,180.4199981689453,71.43000030517578
2023-07-28,2.638000011444092,181.86000061035156,72.08999633789062
2023-07-31,2.634000062942505,182.35000610351562,73.16999816894531
2023-08-01,2.559999942779541,180.4600067138672,72.95999908447266
2023-08-02,2.4769999980926514,179.60000610351562,71.4800033569336
2023-08-03,2.565000057220459,179.5399932861328,73.13999938964844
2023-08-04,2.5769999027252197,180.19000244140625,73.79000091552734
2023-08-07,2.7249999046325684,179.77999877929688,73.81999969482422
2023-08-08,2.7769999504089355,178.63999938964844,74.05999755859375
2023-08-09,2.9590001106262207,177.7899932861328,75.0999984741211
2023-08-10,2.763000011444092,177.60000610351562,74.19999694824219
2023-08-11,2.7699999809265137,177.60000610351562,74.25
2023-08-14,2.7950000762939453,177.05999755859375,73.80999755859375
2023-08-15,2.6589999198913574,176.58999633789062,72.62000274658203
2023-08-16,2.5920000076293945,175.57000732421875,71.37000274658203
2023-08-17,2.621000051498413,175.3000030517578,71.9800033569336
2023-08-18,2.5510001182556152,175.3300018310547,72.79000091552734
2023-08-21,2.631999969482422,175.80999755859375,72.58000183105469
2023-08-22,2.559999942779541,176.10000610351562,72.27999877929688
2023-08-23,2.496999979019165,177.88999938964844,71.36000061035156
2023-08-24,2.5190000534057617,177.85000610351562,71.41000366210938
2023-08-25,2.5399999618530273,177.6199951171875,72.44999694824219
2023-08-28,2.5789999961853027,178.1300048828125,72.41000366210938
2023-08-29,2.555999994277954,179.8699951171875,73.31999969482422
2023-08-30,2.7960000038146973,180.32000732421875,73.66000366210938
2023-08-31,2.7679998874664307,180.02000427246094,75.05999755859375
2023-09-01,2.765000104904175,180.11000061035156,76.91999816894531
2023-09-05,2.5820000171661377,178.63999938964844,77.76000213623047
2023-09-06,2.509999990463257,177.8300018310547,78.5199966430664
2023-09-07,2.5789999961853027,178.02000427246094,77.94999694824219
2023-09-08,2.6050000190734863,178.0800018310547,78.30000305175781
2023-09-11,2.6080000400543213,178.41000366210938,78.37000274658203
2023-09-12,2.743000030517578,177.49000549316406,79.69999694824219
2023-09-13,2.680000066757202,177.0800018310547,79.68000030517578
2023-09-14,2.7079999446868896,177.1699981689453,81.12000274658203
2023-09-15,2.6440000534057617,178.33999633789062,81.29000091552734
2023-09-18,2.7279999256134033,179.38999938964844,81.44999694824219
2023-09-19,2.8480000495910645,179.22000122070312,81.5
2023-09-20,2.7330000400543213,179.35000610351562,80.13999938964844
2023-09-21,2.609999895095825,178.0500030517578,80.41000366210938
2023-09-22,2.63700008392334,178.6199951171875,80.62999725341797
2023-09-25,2.6389999389648438,177.6999969482422,80.38999938964844
2023-09-26,2.6559998989105225,176.27999877929688,80.87999725341797
2023-09-27,2.7639999389648438,174.10000610351562,82.9000015258789
2023-09-28,2.944999933242798,173.22999572753906,81.56999969482422
2023-09-29,2.928999900817871,171.4499969482422,80.86000061035156
2023-10-02,2.8399999141693115,169.64999389648438,79.38999938964844
2023-10-03,2.9489998817443848,169.16000366210938,79.93000030517578
2023-10-04,2.9619998931884766,169.13999938964844,75.58999633789062
2023-10-05,3.1659998893737793,168.8300018310547,73.98999786376953
2023-10-06,3.3380000591278076,169.6999969482422,74.16000366210938
2023-10-09,3.375999927520752,172.82000732421875,77.12999725341797
2023-10-10,3.381999969482422,172.52999877929688,76.70999908447266
2023-10-11,3.377000093460083,173.7899932861328,75.66999816894531
2023-10-12,3.3440001010894775,173.25999450683594,75.41999816894531
2023-10-13,3.2360000610351562,178.8300018310547,78.98999786376953
2023-10-16,3.1089999675750732,177.9600067138672,78.38999938964844
2023-10-17,3.0789999961853027,178.2899932861328,78.80000305175781
2023-10-18,3.055999994277954,180.8699951171875,79.83999633789062
2023-10-19,2.9570000171661377,183.08999633789062,81.68000030517578
2023-10-20,2.8989999294281006,183.58999633789062,80.69999694824219
2023-10-23,2.9260001182556152,182.97000122070312,78.88999938964844
2023-10-24,2.9709999561309814,182.9499969482422,76.93000030517578
2023-10-25,3.009999990463257,183.72000122070312,78.45999908447266
2023-10-26,3.2139999866485596,184.00999450683594,76.88999938964844
2023-10-27,3.1640000343322754,186.14999389648438,78.36000061035156
2023-10-30,3.3519999980926514,185.10000610351562,76.05000305175781
2023-10-31,3.575000047683716,184.08999633789062,75.0199966430664
2023-11-01,3.49399995803833,183.50999450683594,74.75
2023-11-02,3.4719998836517334,184.1199951171875,76.18000030517578
2023-11-03,3.515000104904175,184.7899932861328,74.8499984741211
2023-11-06,3.2639999389648438,183.35000610351562,74.91000366210938
2023-11-07,3.140000104904175,182.58999633789062,71.80000305175781
2023-11-08,3.1059999465942383,180.77000427246094,70.19000244140625
2023-11-09,3.0409998893737793,181.49000549316406,70.25
2023-11-10,3.0329999923706055,179.50999450683594,71.79000091552734
2023-11-13,3.197000026702881,180.50999450683594,72.91999816894531
2023-11-14,3.1059999465942383,182.1199951171875,72.69000244140625
2023-11-15,3.190000057220459,181.63999938964844,71.33999633789062
2023-11-16,3.062000036239624,183.69000244140625,68.05000305175781
2023-11-17,2.9600000381469727,183.6699981689453,70.75
2023-11-20,2.881999969482422,183.3699951171875,72.30000305175781
2023-11-21,2.8459999561309814,185.35000610351562,72.52999877929688
2023-11-22,2.8970000743865967,184.55999755859375,71.61000061035156
2023-11-23,2.934000015258789,,
2023-11-24,2.8550000190734863,185.52000427246094,70.81999969482422
2023-11-27,2.7939999103546143,186.77000427246094,69.95999908447266
2023-11-28,2.7060000896453857,189.25999450683594,71.26000213623047
2023-11-29,2.803999900817871,189.5399932861328,72.5199966430664
2023-11-30,2.802000045776367,188.75,70.13999938964844
2023-12-01,2.813999891281128,192.00999450683594,69.23999786376953
2023-12-04,2.694000005722046,187.86000061035156,68.47000122070312
2023-12-05,2.7100000381469727,187.14999389648438,67.58000183105469
2023-12-06,2.569000005722046,187.83999633789062,64.76000213623047
2023-12-07,2.5850000381469727,188.14999389648438,65.11000061035156
2023-12-08,2.5810000896453857,185.63999938964844,66.52999877929688
2023-12-11,2.430999994277954,183.58999633789062,66.80000305175781
2023-12-12,2.311000108718872,183.49000549316406,64.25
2023-12-13,2.3350000381469727,187.6300048828125,65.33000183105469
2023-12-14,2.3919999599456787,188.72999572753906,67.16000366210938
2023-12-15,2.490999937057495,187.0,67.1500015258789
2023-12-18,2.503000020980835,187.85000610351562,68.08999633789062
2023-12-19,2.492000102996826,189.1300048828125,69.36000061035156
2023-12-20,2.447000026702881,188.10000610351562,68.79000091552734
2023-12-21,2.572000026702881,189.42999267578125,69.02999877929688
2023-12-22,2.609999895095825,190.27000427246094,68.69000244140625
2023-12-26,2.549999952316284,191.72000122070312,70.20999908447266
2023-12-27,2.61899995803833,192.58999633789062,68.91999816894531
2023-12-28,2.556999921798706,191.47000122070312,67.18000030517578
2023-12-29,2.5139999389648438,191.1699981689453,66.6500015258789
2024-01-02,2.568000078201294,190.72000122070312,65.7699966430664
2024-01-03,2.6679999828338623,189.1300048828125,68.19000244140625
2024-01-04,2.821000099182129,189.32000732421875,67.56999969482422
2024-01-05,2.8929998874664307,189.35000610351562,69.02999877929688
2024-01-08,2.9800000190734863,187.8699951171875,66.4000015258789
2024-01-09,3.190000057220459,187.92999267578125,67.38999938964844
2024-01-10,3.0390000343322754,187.5,66.55999755859375
2024-01-11,3.0969998836517334,187.8699951171875,67.6500015258789
2024-01-12,3.312999963760376,189.7100067138672,68.0199966430664
2024-01-16,2.9000000953674316,187.91000366210938,67.25
2024-01-17,2.869999885559082,185.83999633789062,67.94000244140625
2024-01-18,2.697000026702881,187.3699951171875,69.05999755859375
2024-01-19,2.5190000534057617,187.92999267578125,68.81999969482422
2024-01-22,2.4189999103546143,187.22000122070312,69.69000244140625
2024-01-23,2.450000047683716,187.9499969482422,69.66000366210938
2024-01-24,2.6410000324249268,186.39999389648438,70.54000091552734
2024-01-25,2.571000099182129,187.13999938964844,72.2300033569336
2024-01-26,2.7119998931884766,187.00999450683594,73.0999984741211
2024-01-29,2.490000009536743,188.3300018310547,72.05000305175781
2024-01-30,2.0769999027252197,188.58999633789062,72.80999755859375
2024-01-31,2.0999999046325684,188.4499969482422,70.91999816894531
2024-02-01,2.049999952316284,190.41000366210938,69.06999969482422
2024-02-02,2.0789999961853027,188.61000061035156,67.51000213623047
2024-02-05,2.0820000171661377,187.57000732421875,68.18000030517578
2024-02-06,2.009000062942505,188.5500030517578,68.80999755859375
2024-02-07,1.9670000076293945,188.5,69.41999816894531
2024-02-08,1.9170000553131104,188.3300018310547,71.5199966430664
2024-02-09,1.847000002861023,187.60000610351562,71.66999816894531
2024-02-12,1.7680000066757202,187.11000061035156,72.11000061035156
2024-02-13,1.6890000104904175,184.52999877929688,72.6500015258789
2024-02-14,1.6089999675750732,184.4199981689453,71.55000305175781
2024-02-15,1.5809999704360962,185.66000366210938,72.83999633789062
2024-02-16,1.6089999675750732,186.33999633789062,73.41000366210938
2024-02-20,1.5759999752044678,187.47000122070312,72.41999816894531
2024-02-21,1.7730000019073486,187.47999572753906,73.19999694824219
2024-02-22,1.7319999933242798,187.55999755859375,73.5999984741211
2024-02-23,1.6030000448226929,188.6199951171875,71.91999816894531
2024-02-26,1.659000039100647,188.1999969482422,72.79000091552734
2024-02-27,1.6150000095367432,188.0,73.8499984741211
2024-02-28,1.8849999904632568,188.33999633789062,73.62000274658203
2024-02-29,1.8600000143051147,189.30999755859375,73.36000061035156
2024-03-01,1.8350000381469727,192.88999938964844,74.95999908447266
2024-03-04,1.9160000085830688,196.00999450683594,74.01000213623047
2024-03-05,1.9570000171661377,197.19000244140625,73.44999694824219
2024-03-06,1.9290000200271606,198.80999755859375,74.33999633789062
2024-03-07,1.8179999589920044,199.94000244140625,74.2300033569336
2024-03-08,1.8049999475479126,201.6300048828125,73.36000061035156
2024-03-11,1.7589999437332153,202.0,73.62000274658203
2024-03-12,1.7139999866485596,199.7899932861328,73.3499984741211
2024-03-13,1.6579999923706055,201.19000244140625,75.08999633789062
2024-03-14,1.7410000562667847,200.35000610351562,76.30000305175781
2024-03-15,1.6549999713897705,199.7100067138672,76.33000183105469
2024-03-18,1.7029999494552612,200.02999877929688,77.9800033569336
2024-03-19,1.74399995803833,199.8000030517578,78.43000030517578
2024-03-20,1.6990000009536743,202.17999267578125,77.25
2024-03-21,1.6829999685287476,201.97000122070312,76.81999969482422
2024-03-22,1.659000039100647,200.35000610351562,76.68000030517578
2024-03-25,1.6150000095367432,200.99000549316406,77.76000213623047
2024-03-26,1.5750000476837158,201.63999938964844,77.29000091552734
2024-03-27,1.718000054359436,203.10000610351562,77.51000213623047
2024-03-28,1.7630000114440918,205.72000122070312,78.7300033569336
2024-04-01,1.8370000123977661,207.82000732421875,79.66999816894531
2024-04-02,1.8619999885559082,210.88999938964844,80.79000091552734
2024-04-03,1.840999960899353,212.74000549316406,81.25
2024-04-04,1.7740000486373901,211.52000427246094,82.2699966430664
2024-04-05,1.784999966621399,215.13999938964844,82.4000015258789
2024-04-08,1.843999981880188,216.47999572753906,82.19999694824219
2024-04-09,1.871999979019165,217.6699981689453,81.1500015258789
2024-04-10,1.8849999904632568,215.61000061035156,82.08999633789062
2024-04-11,1.7640000581741333,219.8000030517578,81.55000305175781
2024-04-12,1.7699999809265137,216.88999938964844,81.52999877929688
2024-04-15,1.690999984741211,220.9499969482422,81.6500015258789
2024-04-16,1.7319999933242798,221.22000122070312,81.33000183105469
2024-04-17,1.7120000123977661,219.58999633789062,78.91000366210938
2024-04-18,1.7569999694824219,220.33999633789062,78.77999877929688
2024-04-19,1.7519999742507935,221.02999877929688,78.8499984741211
2024-04-22,1.7910000085830688,215.57000732421875,78.77999877929688
2024-04-23,1.812000036239624,215.0399932861328,79.9800033569336
2024-04-24,1.652999997138977,214.63999938964844,79.63999938964844
2024-04-25,1.6380000114440918,215.9199981689453,80.44000244140625
2024-04-26,1.6139999628067017,216.6199951171875,80.38999938964844
2024-04-29,2.0299999713897705,216.17999267578125,79.5
2024-04-30,1.9910000562667847,211.8699951171875,78.37999725341797
2024-05-01,1.9320000410079956,213.7899932861328,75.93000030517578
2024-05-02,2.0350000858306885,213.1300048828125,75.93000030517578
2024-05-03,2.1419999599456787,212.9600067138672,75.12999725341797
2024-05-06,2.194999933242798,215.1999969482422,75.66000366210938
2024-05-07,2.2070000171661377,214.2100067138672,75.5
2024-05-08,2.187000036239624,213.5800018310547,76.11000061035156
2024-05-09,2.3010001182556152,216.9499969482422,76.5199966430664
2024-05-10,2.252000093460083,218.7100067138672,75.30000305175781
2024-05-13,2.38100004196167,216.25999450683594,76.12999725341797
2024-05-14,2.3440001010894775,218.08999633789062,75.20999908447266
2024-05-15,2.4159998893737793,220.88999938964844,75.87999725341797
2024-05-16,2.494999885559082,220.02999877929688,76.25
2024-05-17,2.625999927520752,223.66000366210938,76.97000122070312
2024-05-20,2.750999927520752,224.55999755859375,76.7300033569336
2024-05-21,2.6710000038146973,224.22999572753906,76.16000366210938
2024-05-22,2.8420000076293945,220.11000061035156,74.87000274658203
2024-05-23,2.6570000648498535,215.72000122070312,74.44999694824219
2024-05-24,2.5199999809265137,215.9199981689453,75.3499984741211
2024-05-28,2.5899999141693115,218.19000244140625,77.66000366210938
2024-05-29,2.493000030517578,216.16000366210938,76.56999969482422
2024-05-30,2.572000026702881,216.57000732421875,75.52999877929688
2024-05-31,2.5869998931884766,215.3000030517578,74.81999969482422
2024-06-03,2.75600004196167,217.22000122070312,71.83000183105469
2024-06-04,2.5859999656677246,215.27000427246094,71.08999633789062
2024-06-05,2.756999969482422,217.82000732421875,71.88999938964844
2024-06-06,2.821000099182129,219.42999267578125,73.26000213623047
2024-06-07,2.9179999828338623,211.60000610351562,73.0199966430664
2024-06-10,2.9059998989105225,213.5399932861328,75.45999908447266
2024-06-11,3.128999948501587,214.14999389648438,75.51000213623047
2024-06-12,3.0450000762939453,214.72000122070312,75.9800033569336
2024-06-13,2.9590001106262207,212.97000122070312,75.73999786376953
2024-06-14,2.88100004196167,215.72999572753906,76.08000183105469
2024-06-17,2.7880001068115234,214.61000061035156,77.79000091552734
2024-06-18,2.9089999198913574,215.47000122070312,78.66999816894531
2024-06-20,2.740999937057495,218.16000366210938,79.41000366210938
2024-06-21,2.7049999237060547,214.77999877929688,78.6500015258789
2024-06-24,2.811000108718872,215.6300048828125,79.69999694824219
2024-06-25,2.75600004196167,214.55999755859375,78.9000015258789
2024-06-26,2.628000020980835,212.5800018310547,78.75
2024-06-27,2.684999942779541,214.99000549316406,79.91999816894531
2024-06-28,2.6010000705718994,215.00999450683594,79.58999633789062
2024-07-01,2.4779999256134033,215.57000732421875,81.54000091552734
2024-07-02,2.434999942779541,215.55999755859375,81.11000061035156
2024-07-03,2.4179999828338623,217.99000549316406,81.2699966430664
2024-07-05,2.319000005722046,220.92999267578125,81.30999755859375
2024-07-08,2.365999937057495,218.19000244140625,80.41999816894531
2024-07-09,2.3440001010894775,218.55999755859375,79.7699966430664
2024-07-10,2.3289999961853027,219.36000061035156,80.4800033569336
2024-07-11,2.2679998874664307,223.25,80.94000244140625
2024-07-12,2.3289999961853027,223.11000061035156,80.25
2024-07-15,2.1579999923706055,223.8300018310547,80.12000274658203
2024-07-16,2.187999963760376,228.2899932861328,79.05999755859375
2024-07-17,2.0350000858306885,227.22999572753906,80.62000274658203
2024-07-18,2.125,225.77999877929688,79.9000015258789
2024-07-19,2.128000020980835,221.72999572753906,78.0
2024-07-22,2.250999927520752,221.8000030517578,77.62000274658203
2024-07-23,2.187000036239624,222.5800018310547,76.62000274658203
2024-07-24,2.117000102996826,221.8000030517578,76.80999755859375
2024-07-25,2.0409998893737793,218.3300018310547,77.45999908447266
2024-07-26,2.00600004196167,220.6300048828125,76.11000061035156
2024-07-29,1.906999945640564,220.32000732421875,75.19000244140625
2024-07-30,2.125999927520752,222.52000427246094,74.45999908447266
2024-07-31,2.0360000133514404,226.5500030517578,77.73999786376953
2024-08-01,1.968000054359436,225.77000427246094,76.29000091552734
2024-08-02,1.9670000076293945,225.33999633789062,73.38999938964844
2024-08-05,1.9420000314712524,222.47999572753906,73.22000122070312
2024-08-06,2.009999990463257,220.6999969482422,72.44999694824219
2024-08-07,2.111999988555908,220.5500030517578,74.69000244140625
2024-08-08,2.127000093460083,224.00999450683594,75.36000061035156
2024-08-09,2.1429998874664307,224.55999755859375,76.22000122070312
2024-08-12,2.188999891281128,228.41000366210938,78.62999725341797
2024-08-13,2.1480000019073486,228.05999755859375,77.63999938964844
2024-08-14,2.2190001010894775,226.1999969482422,76.58999633789062
2024-08-15,2.197000026702881,226.91000366210938,77.41000366210938
2024-08-16,2.122999906539917,231.99000549316406,76.31999969482422
2024-08-19,2.234999895095825,231.61000061035156,74.37999725341797
2024-08-20,2.197999954223633,232.4600067138672,73.83000183105469
2024-08-21,2.177000045776367,232.14999389648438,72.5999984741211
2024-08-22,2.052999973297119,229.3699951171875,73.58000183105469
2024-08-23,2.0220000743865967,232.02000427246094,75.55000305175781
2024-08-26,1.9559999704360962,232.75999450683594,77.83000183105469
2024-08-27,1.9040000438690186,233.38999938964844,76.48999786376953
2024-08-28,1.9299999475479126,231.75,75.4800033569336
2024-08-29,2.13700008392334,232.9499969482422,76.7699966430664
2024-08-30,2.127000093460083,231.2899932861328,74.33999633789062
2024-09-03,2.203000068664551,230.2899932861328,71.08999633789062
2024-09-04,2.1449999809265137,230.42999267578125,69.61000061035156
2024-09-05,2.253999948501587,232.35000610351562,69.88999938964844
2024-09-06,2.2750000953674316,230.6300048828125,68.93000030517578
2024-09-09,2.1700000762939453,231.60000610351562,69.2699966430664
2024-09-10,2.2320001125335693,232.6199951171875,66.95999908447266
2024-09-11,2.2699999809265137,232.25,67.8499984741211
2024-09-12,2.3570001125335693,236.3300018310547,69.88999938964844
2024-09-13,2.305000066757202,238.67999267578125,69.83999633789062
2024-09-16,2.372999906539917,238.66000366210938,70.87999725341797
2024-09-17,2.3239998817443848,237.33999633789062,71.72000122070312
2024-09-18,2.2839999198913574,235.50999450683594,70.66000366210938
2024-09-19,2.3480000495910645,239.1699981689453,72.75
2024-09-20,2.434000015258789,242.2100067138672,72.91999816894531
2024-09-23,2.61299991607666,242.67999267578125,72.25
2024-09-24,2.5510001182556152,246.07000732421875,73.29000091552734
2024-09-25,2.63700008392334,245.72999572753906,71.4800033569336
2024-09-26,2.5850000381469727,246.97999572753906,69.01000213623047
2024-09-27,2.9019999504089355,245.02000427246094,70.2699966430664
2024-09-30,2.9230000972747803,243.05999755859375,69.91999816894531
2024-10-01,2.8959999084472656,245.61000061035156,72.11000061035156
2024-10-02,2.885999917984009,245.66000366210938,72.76000213623047
2024-10-03,2.9700000286102295,245.49000549316406,75.7300033569336
2024-10-04,2.8540000915527344,245.0,76.3499984741211
2024-10-07,2.746000051498413,244.1699981689453,79.19999694824219
2024-10-08,2.7330000400543213,242.3699951171875,75.79000091552734
2024-10-09,2.6600000858306885,241.0500030517578,75.25
2024-10-10,2.674999952316284,242.82000732421875,77.7699966430664
2024-10-11,2.631999969482422,245.47000122070312,77.48999786376953
2024-10-14,2.49399995803833,245.07000732421875,75.93000030517578
2024-10-15,2.497999906539917,245.9199981689453,72.76000213623047
2024-10-16,2.367000102996826,247.14999389648438,72.4000015258789
2024-10-17,2.3469998836517334,248.6300048828125,72.62000274658203
2024-10-18,2.257999897003174,251.27000427246094,71.37999725341797
2024-10-21,2.312000036239624,251.22000122070312,72.26000213623047
2024-10-22,2.311000108718872,253.92999267578125,73.9800033569336
2024-10-23,2.3420000076293945,250.8699951171875,73.55000305175781
2024-10-24,2.5220000743865967,252.8000030517578,73.05999755859375
2024-10-25,2.559999942779541,253.32000732421875,74.2300033569336
2024-10-28,2.309000015258789,253.3300018310547,70.43000030517578
2024-10-29,2.3459999561309814,256.0899963378906,69.66000366210938
2024-10-30,2.8450000286102295,257.5,71.36000061035156
2024-10-31,2.7070000171661377,253.50999450683594,73.08000183105469
2024-11-01,2.6630001068115234,252.47000122070312,72.0199966430664
2024-11-04,2.7809998989105225,252.8300018310547,74.29000091552734
2024-11-05,2.6700000762939453,253.39999389648438,74.7300033569336
2024-11-06,2.746999979019165,245.6999969482422,74.54000091552734
2024-11-07,2.693000078201294,249.64999389648438,74.66000366210938
2024-11-08,2.6689999103546143,247.9600067138672,73.12999725341797
2024-11-11,2.9200000762939453,242.13999938964844,70.94000244140625
2024-11-12,2.9070000648498535,240.0500030517578,70.69000244140625
2024-11-13,2.9830000400543213,237.6300048828125,70.7300033569336
2024-11-14,2.7850000858306885,237.00999450683594,71.29000091552734
2024-11-15,2.822999954223633,236.58999633789062,69.75
2024-11-18,2.9730000495910645,241.08999633789062,72.06999969482422
2024-11-19,2.997999906539917,243.25,72.30999755859375
2024-11-20,3.193000078201294,244.6199951171875,72.0199966430664
2024-11-21,3.3389999866485596,246.66000366210938,73.19999694824219
2024-11-22,3.128999948501587,249.83999633789062,74.25
2024-11-25,3.36899995803833,242.47999572753906,72.0999984741211
2024-11-26,3.430999994277954,242.9499969482422,71.61000061035156
2024-11-27,3.2039999961853027,243.49000549316406,71.72000122070312
2024-11-29,3.36299991607666,245.58999633789062,71.61000061035156
2024-12-02,3.2130000591278076,243.44000244140625,71.04000091552734
2024-12-03,3.0420000553131104,243.92999267578125,73.04000091552734
2024-12-04,3.0429999828338623,244.6699981689453,71.87999725341797
2024-12-05,3.0789999961853027,242.86000061035156,71.47000122070312
2024-12-06,3.0759999752044678,242.9499969482422,70.23999786376953
2024-12-09,3.181999921798706,245.36000061035156,71.16999816894531
2024-12-10,3.1630001068115234,248.58999633789062,71.4000015258789
2024-12-11,3.378000020980835,250.9600067138672,73.33000183105469
2024-12-12,3.4549999237060547,247.27999877929688,73.20999908447266
2024-12-13,3.2799999713897705,244.2899932861328,74.20999908447266
2024-12-16,3.2139999866485596,244.8800048828125,73.69999694824219
2024-12-17,3.308000087738037,243.94000244140625,73.30000305175781
2024-12-18,3.374000072479248,239.25999450683594,72.94000244140625
2024-12-19,3.5840001106262207,239.60000610351562,72.61000061035156
2024-12-20,3.747999906539917,242.10000610351562,73.0999984741211
2024-12-23,3.6559998989105225,240.9600067138672,73.05999755859375
2024-12-24,3.946000099182129,241.44000244140625,73.6500015258789
2024-12-26,3.7149999141693115,243.07000732421875,73.12999725341797
2024-12-27,3.5139999389648438,241.39999389648438,73.8499984741211
2024-12-30,3.936000108718872,240.6300048828125,74.81999969482422
2024-12-31,3.632999897003174,242.1300048828125,75.55000305175781
2025-01-02,3.6600000858306885,245.4199981689453,76.93000030517578
2025-01-03,3.3540000915527344,243.49000549316406,77.91999816894531
2025-01-06,3.671999931335449,243.19000244140625,77.30000305175781
2025-01-07,3.4489998817443848,244.55999755859375,78.16999816894531
2025-01-08,3.6510000228881836,245.86000061035156,77.30000305175781
2025-01-09,3.7009999752044678,,
2025-01-10,3.989000082015991,248.2100067138672,80.63999938964844
2025-01-13,3.934000015258789,245.74000549316406,82.2300033569336
2025-01-14,3.9679999351501465,247.02999877929688,81.66999816894531
2025-01-15,4.083000183105469,248.8800048828125,84.33999633789062
2025-01-16,4.257999897003174,250.60000610351562,82.94000244140625
2025-01-17,3.947999954223633,249.27000427246094,82.5199966430664
2025-01-21,3.75600004196167,253.1300048828125,81.11000061035156
2025-01-22,3.9600000381469727,254.42999267578125,80.43000030517578
2025-01-23,3.944999933242798,254.07000732421875,79.20999908447266
2025-01-24,4.0269999504089355,255.64999389648438,79.5999984741211
2025-01-27,3.697000026702881,252.99000549316406,77.93000030517578
2025-01-28,3.4709999561309814,255.17999267578125,78.86000061035156
2025-01-29,3.5350000858306885,254.1999969482422,77.77999877929688
2025-01-30,3.046999931335449,258.04998779296875,77.75
2025-01-31,3.0439999103546143,258.55999755859375,78.0199966430664
2025-02-03,3.3519999980926514,259.94000244140625,77.81999969482422
2025-02-04,3.253000020980835,262.5,77.51000213623047
2025-02-05,3.359999895095825,264.1300048828125,76.08999633789062
2025-02-06,3.4079999923706055,263.42999267578125,75.44999694824219
2025-02-07,3.309000015258789,263.8999938964844,75.86000061035156
2025-02-10,3.444000005722046,268.3699951171875,77.4000015258789
2025-02-11,3.5190000534057617,267.3900146484375,78.2699966430664
2025-02-12,3.565000057220459,267.6700134277344,76.31999969482422
2025-02-13,3.628000020980835,270.30999755859375,76.38999938964844
2025-02-14,3.7249999046325684,266.2900085449219,75.81999969482422
2025-02-18,4.006999969482422,270.70001220703125,76.95999908447266
2025-02-19,4.28000020980835,270.8500061035156,77.44999694824219
2025-02-20,4.1519999504089355,270.989990234375,77.76000213623047
2025-02-21,4.234000205993652,270.739990234375,75.3499984741211
2025-02-24,3.99399995803833,272.2099914550781,75.97000122070312
2025-02-25,4.173999786376953,268.6199951171875,74.12999725341797
2025-02-26,3.9059998989105225,269.0299987792969,73.8499984741211
2025-02-27,3.934000015258789,264.92999267578125,75.27999877929688
2025-02-28,3.8340001106262207,263.2699890136719,75.22000122070312
2025-03-03,4.122000217437744,266.739990234375,73.31999969482422
2025-03-04,4.349999904632568,269.05999755859375,73.30999755859375
2025-03-05,4.449999809265137,269.6199951171875,71.41999816894531
2025-03-06,4.302000045776367,268.25,71.12999725341797
2025-03-07,4.39900016784668,268.3900146484375,72.08999633789062
2025-03-10,4.491000175476074,266.0400085449219,70.88999938964844
2025-03-11,4.453000068664551,269.1600036621094,71.44999694824219
2025-03-12,4.084000110626221,270.3299865722656,72.80000305175781
2025-03-13,4.111000061035156,275.1300048828125,71.62000274658203
2025-03-14,4.104000091552734,275.239990234375,72.27999877929688
2025-03-17,4.01800012588501,276.7300109863281,72.70999908447266
2025-03-18,4.052000045776367,279.9599914550781,72.20999908447266
2025-03-19,4.247000217437744,281.1099853515625,72.41999816894531
2025-03-20,3.9749999046325684,280.75,73.7300033569336
2025-03-21,3.9800000190734863,278.489990234375,73.79000091552734
2025-03-24,3.9140000343322754,277.25,74.87999725341797
2025-03-25,3.8399999141693115,278.4700012207031,74.81999969482422
2025-03-26,3.8610000610351562,278.239990234375,75.41999816894531
2025-03-27,3.950000047683716,281.9700012207031,75.4800033569336
2025-03-28,4.065000057220459,284.05999755859375,74.7699966430664
2025-03-31,4.11899995803833,288.1400146484375,77.33000183105469
2025-04-01,3.9509999752044678,287.57000732421875,77.08000183105469
2025-04-02,4.054999828338623,288.1600036621094,77.73999786376953
2025-04-03,4.138000011444092,286.4200134277344,72.25
2025-04-04,3.8369998931884766,279.7200012207031,67.91999816894531
2025-04-07,3.6549999713897705,273.7099914550781,65.9800033569336
2025-04-08,3.4649999141693115,275.20001220703125,63.34000015258789
2025-04-09,3.815999984741211,285.3800048828125,67.58000183105469
2025-04-10,3.556999921798706,292.3500061035156,65.31999969482422
2025-04-11,3.5269999504089355,297.92999267578125,66.45999908447266
2025-04-14,3.325000047683716,296.2300109863281,66.66000366210938
2025-04-15,3.3289999961853027,297.7799987792969,66.4800033569336
2025-04-16,3.246999979019165,307.4700012207031,67.75
2025-04-17,3.244999885559082,306.1199951171875,69.4800033569336
2025-04-21,3.0160000324249268,315.5899963378906,68.62000274658203
2025-04-22,3.006999969482422,311.1099853515625,69.37000274658203
2025-04-23,3.0220000743865967,303.6499938964844,68.05000305175781
2025-04-24,2.930000066757202,308.07000732421875,68.45999908447266
2025-04-25,2.937000036239624,304.7300109863281,69.02999877929688
2025-04-28,3.1700000762939453,309.07000732421875,67.76000213623047
2025-04-29,3.385999917984009,306.05999755859375,65.8499984741211
2025-04-30,3.3259999752044678,303.7699890136719,63.560001373291016
2025-05-01,3.4790000915527344,297.4599914550781,64.5199966430664
2025-05-02,3.630000114440918,297.9800109863281,64.01000213623047
2025-05-05,3.549999952316284,306.8800048828125,62.369998931884766
2025-05-06,3.4630000591278076,315.4800109863281,64.5999984741211
2025-05-07,3.621000051498413,310.75,63.5099983215332
2025-05-08,3.5920000076293945,304.6300048828125,65.5999984741211
2025-05-09,3.7950000762939453,306.8399963378906,66.61000061035156
2025-05-12,3.6459999084472656,298.19000244140625,67.5999984741211
2025-05-13,3.6470000743865967,299.4599914550781,69.58999633789062
2025-05-14,3.492000102996826,293.1600036621094,68.7300033569336
2025-05-15,3.361999988555908,297.8399963378906,67.58999633789062
2025-05-16,3.3340001106262207,294.239990234375,68.0999984741211
2025-05-19,3.11299991607666,298.0299987792969,68.51000213623047
2025-05-20,3.427000045776367,303.5799865722656,68.66000366210938
2025-05-21,3.368000030517578,305.82000732421875,67.58999633789062
2025-05-22,3.253000020980835,303.1099853515625,67.13999938964844
2025-05-23,3.3340001106262207,309.75,67.98999786376953
2025-05-27,3.3980000019073486,304.5,67.27999877929688
2025-05-28,3.2039999961853027,303.80999755859375,67.88999938964844
2025-05-29,3.5220000743865967,305.6099853515625,67.19000244140625
2025-05-30,3.447000026702881,303.6000061035156,67.1500015258789
2025-06-02,3.694000005722046,311.6700134277344,69.55000305175781
2025-06-03,3.7219998836517334,308.9100036621094,69.88999938964844
2025-06-04,3.7160000801086426,310.8999938964844,69.33999633789062
2025-06-05,3.677000045776367,309.3299865722656,69.93000030517578
2025-06-06,3.7839999198913574,305.17999267578125,71.37999725341797
2025-06-09,3.634999990463257,306.6199951171875,72.05000305175781
2025-06-10,3.5329999923706055,306.7099914550781,71.5999984741211
2025-06-11,3.506999969482422,308.3699951171875,74.81999969482422
2025-06-12,3.492000102996826,312.20001220703125,75.05000305175781
2025-06-13,3.5810000896453857,316.2900085449219,80.22000122070312
2025-06-16,3.747999906539917,311.7799987792969,78.58999633789062
2025-06-17,3.8510000705718994,311.94000244140625,82.30000305175781
2025-06-18,3.989000082015991,310.260009765625,82.2699966430664
2025-06-20,3.8469998836517334,310.1300048828125,83.12000274658203
2025-06-23,3.697999954223633,311.0799865722656,76.41000366210938
2025-06-24,3.5369999408721924,306.19000244140625,73.0
2025-06-25,3.4059998989105225,307.1199951171875,73.30999755859375
2025-06-26,3.260999917984009,306.7799987792969,73.58999633789062
2025-06-27,3.739000082015991,301.2200012207031,73.27999877929688
2025-06-30,3.4560000896453857,304.8299865722656,73.11000061035156
2025-07-01,3.4149999618530273,307.54998779296875,73.93000030517578
2025-07-02,3.48799991607666,309.25,75.58999633789062
2025-07-03,3.4089999198913574,307.1400146484375,75.19000244140625
2025-07-04,3.38700008392334,,
2025-07-07,3.4119999408721924,307.3699951171875,76.4800033569336
2025-07-08,3.3399999141693115,304.1600036621094,76.95999908447266
2025-07-09,3.2139999866485596,305.5199890136719,76.93000030517578
2025-07-10,3.3369998931884766,306.20001220703125,75.38999938964844
2025-07-11,3.313999891281128,309.1400146484375,77.29000091552734
2025-07-14,3.4660000801086426,308.010009765625,75.62000274658203
2025-07-15,3.5230000019073486,306.7300109863281,75.26000213623047
2025-07-16,3.5510001182556152,308.260009765625,75.19000244140625
2025-07-17,3.5420000553131104,307.5899963378906,76.16000366210938
2025-07-18,3.565000057220459,308.3900146484375,75.93000030517578
2025-07-21,3.325000047683716,313.1300048828125,75.58999633789062
2025-07-22,3.252000093460083,316.1000061035156,75.3499984741211
2025-07-23,3.0769999027252197,312.17999267578125,75.27999877929688
2025-07-24,3.0940001010894775,310.2699890136719,76.08999633789062
2025-07-25,3.109999895095825,307.3999938964844,74.8499984741211
2025-07-28,2.98799991607666,305.4100036621094,77.16999816894531
2025-07-29,3.0810000896453857,306.25,79.80000305175781
2025-07-30,3.0450000762939453,300.9599914550781,81.04000091552734
2025-07-31,3.1059999465942383,302.9599914550781,79.58999633789062
2025-08-01,3.0829999446868896,309.1099853515625,77.45999908447266
2025-08-04,2.931999921798706,310.9100036621094,76.11000061035156
2025-08-05,3.009999990463257,311.1600036621094,75.0199966430664
2025-08-06,3.0769999027252197,310.5,73.79000091552734
2025-08-07,3.066999912261963,313.1199951171875,73.41999816894531
2025-08-08,2.990000009536743,313.04998779296875,73.30000305175781
2025-08-11,2.9539999961853027,308.54998779296875,73.80000305175781
2025-08-12,2.808000087738037,308.2699890136719,72.94999694824219
2025-08-13,2.828000068664551,309.2099914550781,72.45999908447266
2025-08-14,2.8410000801086426,307.25,73.73999786376953
2025-08-15,2.9159998893737793,307.42999267578125,72.80000305175781
2025-08-18,2.890000104904175,306.95001220703125,73.16999816894531
2025-08-19,2.7660000324249268,305.2699890136719,72.30000305175781
2025-08-20,2.752000093460083,308.3599853515625,73.5199966430664
2025-08-21,2.8259999752044678,307.2900085449219,74.12999725341797
2025-08-22,2.697999954223633,310.5799865722656,74.63999938964844
2025-08-25,2.696000099182129,309.8299865722656,75.75
2025-08-26,2.7170000076293945,312.0799865722656,74.05000305175781
2025-08-27,2.867000102996826,312.7099914550781,74.68000030517578
2025-08-28,2.944000005722046,315.0299987792969,75.23999786376953
2025-08-29,2.996999979019165,318.07000732421875,74.83999633789062
2025-09-02,3.009000062942505,325.5899963378906,76.76000213623047
2025-09-03,3.063999891281128,328.1400146484375,74.83000183105469
2025-09-04,3.0739998817443848,326.69000244140625,74.18000030517578
2025-09-05,3.0480000972747803,331.04998779296875,72.62999725341797
2025-09-08,3.0899999141693115,334.82000732421875,73.04000091552734
2025-09-09,3.117000102996826,334.05999755859375,73.38999938964844
2025-09-10,3.0290000438690186,335.260009765625,74.70999908447266
2025-09-11,2.934000015258789,334.760009765625,73.0
2025-09-12,2.940999984741211,335.4200134277344,73.30999755859375
2025-09-15,3.0429999828338623,338.9100036621094,74.2300033569336
2025-09-16,3.1029999256134033,339.5899963378906,75.66999816894531
2025-09-17,3.0999999046325684,336.9700012207031,74.97000122070312
2025-09-18,2.938999891281128,335.6199951171875,74.69000244140625
2025-09-19,2.888000011444092,339.17999267578125,73.5199966430664
2025-09-22,2.805999994277954,345.04998779296875,73.44999694824219
2025-09-23,2.8529999256134033,346.4599914550781,75.05000305175781
2025-09-24,2.8580000400543213,343.32000732421875,76.38999938964844
2025-09-25,2.9040000438690186,344.75,76.98999786376953
2025-09-26,2.8350000381469727,346.739990234375,77.0199966430664
2025-09-29,3.2669999599456787,352.4599914550781,74.58999633789062
2025-09-30,3.302999973297119,355.4700012207031,73.75
2025-10-01,3.4760000705718994,356.0299987792969,73.13999938964844
2025-10-02,3.441999912261963,354.7900085449219,71.54000091552734
2025-10-03,3.3239998817443848,357.6400146484375,71.70999908447266
2025-10-06,3.3570001125335693,364.3800048828125,72.87000274658203
2025-10-07,3.497999906539917,366.260009765625,73.19999694824219
2025-10-08,3.3329999446868896,372.29998779296875,73.52999877929688
2025-10-09,3.2690000534057617,365.42999267578125,72.51000213623047
2025-10-10,3.1059999465942383,369.1199951171875,69.38999938964844
2025-10-13,3.118000030517578,378.0899963378906,70.27999877929688
2025-10-14,3.0280001163482666,380.7900085449219,69.0
2025-10-15,3.0160000324249268,387.3900146484375,68.98999786376953
2025-10-16,2.937999963760376,396.45001220703125,67.80999755859375
2025-10-17,3.007999897003174,388.989990234375,67.9800033569336
2025-10-20,3.3970000743865967,403.1499938964844,67.83000183105469
2025-10-21,3.4739999771118164,377.239990234375,68.2699966430664
2025-10-22,3.450000047683716,377.2799987792969,70.62999725341797
2025-10-23,3.3440001010894775,378.7900085449219,73.29000091552734
2025-10-24,3.303999900817871,377.5199890136719,73.18000030517578
2025-10-27,3.441999912261963,367.010009765625,73.12000274658203
2025-10-28,3.3450000286102295,364.3800048828125,71.38999938964844
2025-10-29,3.375999927520752,363.0,71.80000305175781
2025-10-30,3.9560000896453857,370.1300048828125,71.70999908447266
2025-10-31,4.124000072479248,368.1199951171875,72.55999755859375
2025-11-03,4.265999794006348,368.7799987792969,72.73999786376953
2025-11-04,4.3429999351501465,362.32000732421875,71.93000030517578
2025-11-05,4.23199987411499,366.510009765625,71.02999877929688
2025-11-06,4.35699987411499,366.07000732421875,70.87999725341797
2025-11-07,4.315000057220459,368.30999755859375,71.26000213623047
2025-11-10,4.3379998207092285,378.3800048828125,71.68000030517578
2025-11-11,4.565000057220459,379.8699951171875,72.72000122070312
2025-11-12,4.5329999923706055,385.989990234375,69.79000091552734
2025-11-13,4.645999908447266,382.8699951171875,69.8499984741211
2025-11-14,4.565999984741211,375.9599914550781,71.37999725341797
2025-11-17,4.361000061035156,371.6499938964844,71.30000305175781
2025-11-18,4.370999813079834,374.3500061035156,72.5
2025-11-19,4.550000190734863,374.9599914550781,70.87999725341797
2025-11-20,4.473999977111816,374.8500061035156,70.1500015258789
2025-11-21,4.579999923706055,374.2699890136719,69.30000305175781
2025-11-24,4.548999786376953,380.20001220703125,70.41999816894531
2025-11-25,4.423999786376953,380.0799865722656,69.25
2025-11-26,4.558000087738037,383.1199951171875,70.04000091552734
2025-11-28,4.849999904632568,387.8800048828125,71.06999969482422
2025-12-01,4.921000003814697,389.75,71.05999755859375
2025-12-02,4.840000152587891,387.239990234375,70.19999694824219
2025-12-03,4.994999885559082,386.8800048828125,70.66000366210938
2025-12-04,5.063000202178955,387.1300048828125,71.38999938964844
2025-12-05,5.289000034332275,386.44000244140625,71.91999816894531
2025-12-08,4.9120001792907715,385.4200134277344,70.48999786376953
2025-12-09,4.573999881744385,387.3999938964844,69.86000061035156
2025-12-10,4.59499979019165,389.04998779296875,70.54000091552734
2025-12-11,4.230999946594238,393.239990234375,69.25
2025-12-12,4.11299991607666,395.44000244140625,68.80999755859375
2025-12-15,4.01200008392334,395.79998779296875,67.88999938964844
2025-12-16,3.885999917984009,395.8900146484375,66.16999816894531
2025-12-17,4.02400016784668,399.2900085449219,67.9800033569336
2025-12-18,3.9079999923706055,398.57000732421875,67.19000244140625
2025-12-19,3.9839999675750732,399.0199890136719,68.02999877929688
2025-12-22,3.9649999141693115,408.2300109863281,69.7300033569336
2025-12-23,4.4079999923706055,413.6400146484375,70.30000305175781
2025-12-24,4.242000102996826,411.92999267578125,70.19999694824219
2025-12-26,4.366000175476074,416.739990234375,68.4800033569336
2025-12-29,4.686999797821045,398.6000061035156,69.61000061035156
2025-12-30,3.9719998836517334,398.8900146484375,69.73999786376953
2025-12-31,3.686000108718872,396.30999755859375,69.16000366210938
2026-01-02,3.618000030517578,398.2799987792969,68.95999908447266
2026-01-05,3.5230000019073486,408.760009765625,70.22000122070312
2026-01-06,3.3499999046325684,413.17999267578125,68.51000213623047
2026-01-07,3.5250000953674316,409.2300109863281,67.79000091552734
2026-01-08,3.4070000648498535,411.489990234375,70.54000091552734
2026-01-09,3.1689999103546143,414.4700012207031,70.77999877929688
2026-01-12,3.4089999198913574,422.2300109863281,71.6500015258789
2026-01-13,3.4189999103546143,421.6300048828125,73.4800033569336
2026-01-14,3.119999885559082,425.94000244140625,72.61000061035156
2026-01-15,3.128000020980835,423.3299865722656,71.12999725341797
2026-01-16,3.1029999256134033,421.2900085449219,71.6500015258789
2026-01-20,3.9070000648498535,437.2300109863281,71.86000061035156
2026-01-21,4.875,443.6000061035156,73.33999633789062
2026-01-22,5.045000076293945,451.7900085449219,71.81999969482422
2026-01-23,5.275000095367432,458.0,73.94999694824219
2026-01-26,6.800000190734863,464.70001220703125,73.4800033569336
2026-01-27,6.953999996185303,476.1000061035156,75.66000366210938
2026-01-28,7.460000038146973,494.55999755859375,76.62000274658203
2026-01-29,3.9179999828338623,495.8999938964844,79.13999938964844
2026-01-30,4.354000091552734,444.95001220703125,79.5199966430664
2026-02-02,3.236999988555908,427.1300048828125,75.33000183105469
2026-02-03,3.311000108718872,454.2900085449219,77.47000122070312
2026-02-04,3.4649999141693115,453.9700012207031,77.87999725341797
2026-02-05,3.509000062942505,441.8800048828125,76.69000244140625
2026-02-06,3.421999931335449,455.4599914550781,76.98999786376953
2026-02-09,3.138000011444092,467.0299987792969,78.0199966430664
2026-02-10,3.115000009536743,462.3999938964844,78.02999877929688
2026-02-11,3.1589999198913574,467.6300048828125,78.88999938964844
2026-02-12,3.2170000076293945,451.3900146484375,76.37999725341797
2026-02-13,3.243000030517578,462.6199951171875,76.22000122070312
2026-02-17,3.0309998989105225,448.20001220703125,75.7300033569336
2026-02-18,3.010999917984009,458.2799987792969,79.4000015258789
2026-02-19,2.996000051498413,459.55999755859375,81.19000244140625
2026-02-20,3.046999931335449,468.6199951171875,80.8499984741211
2026-02-23,2.984999895095825,481.2799987792969,80.9000015258789
2026-02-24,2.9149999618530273,474.6099853515625,80.76000213623047
2026-02-25,2.9690001010894775,473.4200134277344,79.7300033569336
2026-02-26,2.8269999027252197,477.4800109863281,79.7699966430664
2026-02-27,2.8589999675750732,483.75,81.94999694824219
2026-03-02,2.9600000381469727,490.0,87.19000244140625
2026-03-03,3.053999900817871,468.1400146484375,90.19999694824219
2026-03-04,2.9170000553131104,471.79998779296875,91.55999755859375
2026-03-05,3.003000020980835,466.1300048828125,96.30999755859375
2026-03-06,3.186000108718872,473.510009765625,108.7699966430664
2026-03-09,3.119999885559082,472.5299987792969,104.33000183105469
2026-03-10,3.0199999809265137,477.8599853515625,105.86000061035156
2026-03-11,3.2090001106262207,476.239990234375,108.05000305175781
2026-03-12,3.2330000400543213,466.8800048828125,118.38999938964844
2026-03-13,3.13100004196167,460.8399963378906,119.88999938964844
2026-03-16,3.0230000019073486,460.42999267578125,115.02999877929688
2026-03-17,3.0329999923706055,459.2699890136719,118.83999633789062
2026-03-18,3.065000057220459,444.739990234375,121.66999816894531
2026-03-19,3.1659998893737793,426.4100036621094,117.36000061035156
2026-03-20,3.0950000286102295,413.3800048828125,121.43000030517578
2026-03-23,2.8910000324249268,404.0400085449219,110.55999755859375
2026-03-24,2.943000078201294,404.1300048828125,114.54000091552734
2026-03-25,2.9519999027252197,416.2900085449219,113.38999938964844
2026-03-26,2.999000072479248,400.6400146484375,117.26000213623047
2026-03-27,3.0950000286102295,414.70001220703125,124.19999694824219
2026-03-30,2.88700008392334,414.5799865722656,129.8300018310547
2026-03-31,2.884000062942505,430.2900085449219,127.25
2026-04-01,2.819000005722046,437.82000732421875,124.08999633789062
2026-04-02,2.799999952316284,429.4100036621094,137.9199981689453
2026-04-06,2.811000108718872,427.6499938964844,138.94000244140625
2026-04-07,2.869999885559082,431.80999755859375,138.0800018310547
2026-04-08,2.7239999771118164,434.5299987792969,124.58000183105469
2026-04-09,2.6700000762939453,437.9100036621094,126.95999908447266
2026-04-10,2.6480000019073486,437.1300048828125,124.81999969482422
2026-04-13,2.627000093460083,435.3599853515625,128.47000122070312
2026-04-14,2.5989999771118164,445.0899963378906,123.8499984741211
2026-04-15,2.609999895095825,440.4599914550781,122.58999633789062
2026-04-16,2.6470000743865967,440.0799865722656,125.83999633789062
2026-04-17,2.6740000247955322,445.92999267578125,116.04000091552734
2026-04-20,2.688999891281128,442.0899963378906,121.31999969482422
2026-04-21,2.697000026702881,429.57000732421875,128.25
2026-04-22,2.7219998836517334,435.260009765625,129.39999389648438
2026-04-23,2.614000082015991,431.0400085449219,134.72000122070312
2026-04-24,2.5230000019073486,433.25,132.39999389648438
2026-04-27,2.549999952316284,429.8900146484375,134.72000122070312
2026-04-28,2.559000015258789,421.9100036621094,139.60000610351562
2026-04-29,2.6470000743865967,417.4100036621094,150.6300048828125
2026-04-30,2.7669999599456787,423.6600036621094,147.08999633789062
2026-05-01,2.7799999713897705,423.17999267578125,142.8000030517578
2026-05-04,2.867000102996826,414.7099914550781,147.61000061035156
2026-05-05,2.7880001068115234,418.2699890136719,144.1699981689453
2026-05-06,2.7300000190734863,430.9599914550781,133.9499969482422
2026-05-07,2.7690000534057617,431.67999267578125,134.97000122070312
2026-05-08,2.756999969482422,433.7699890136719,133.58999633789062
2026-05-11,2.9100000858306885,434.6499938964844,138.66000366210938
2026-05-12,2.8429999351501465,432.92999267578125,144.3000030517578
2026-05-13,2.864000082015991,430.5,142.0399932861328
2026-05-14,2.8940000534057617,427.2099914550781,143.0
2026-05-15,2.9600000381469727,417.2900085449219,148.22999572753906
2026-05-18,3.0239999294281006,418.42999267578125,149.2899932861328
2026-05-19,3.114000082015991,411.5,152.9600067138672
2026-05-20,3.003999948501587,417.3999938964844,144.27000427246094
2026-05-21,3.0179998874664307,416.989990234375,142.5399932861328
2026-05-22,2.9070000648498535,413.82000732421875,140.9199981689453
2026-05-26,2.8940000534057617,414.0,137.0
2026-05-27,3.0399999618530273,408.489990234375,131.02999877929688
2026-05-28,3.2850000858306885,412.7699890136719,130.77999877929688
2026-05-29,3.2899999618530273,417.1199951171875,129.08999633789062
2026-06-01,3.178999900817871,411.260009765625,135.5
2026-06-02,3.1670000553131104,411.95001220703125,137.27000427246094
2026-06-03,3.2139999866485596,407.8699951171875,140.86000061035156
2026-06-04,3.3359999656677246,411.2699890136719,136.74000549316406
2026-06-05,3.2290000915527344,396.239990234375,133.02000427246094
2026-06-08,3.1470000743865967,397.2699890136719,135.14999389648438
2026-06-09,3.140000104904175,390.7799987792969,131.3000030517578
2026-06-10,3.184999942779541,374.5799865722656,134.3000030517578
2026-06-11,3.0869998931884766,386.32000732421875,128.8300018310547
2026-06-12,3.119999885559082,386.5400085449219,125.43000030517578
2026-06-15,3.1470000743865967,396.54998779296875,121.20999908447266
2026-06-16,3.239000082015991,397.6300048828125,115.47000122070312
2026-06-17,3.1449999809265137,388.6000061035156,114.2300033569336
2026-06-18,3.2330000400543213,387.1199951171875,114.87000274658203
2026-06-22,3.253000020980835,384.5899963378906,112.69000244140625
2026-06-23,3.1470000743865967,377.32000732421875,111.26000213623047
2026-06-24,3.2209999561309814,365.9200134277344,106.29000091552734
2026-06-25,3.3429999351501465,369.4599914550781,109.30999755859375
2026-06-26,3.2309999465942383,373.6300048828125,105.4800033569336
2026-06-29,3.180999994277954,368.5799865722656,107.08000183105469
2026-06-30,3.316999912261963,370.139892578125,106.38999938964844
