date,BHP_AX,RIO_AX,S32_AX,1378_HK,2600_HK,0486_HK
2014-06-02,14.115575790405273,28.14164161682129,,,,
2014-06-03,14.042281150817871,28.3411922454834,,2.539322853088379,2.5391736030578613,3.328625202178955
2014-06-04,13.949694633483887,28.241413116455078,,2.4703190326690674,2.5391736030578613,3.3775758743286133
2014-06-05,13.965123176574707,28.3411922454834,,2.539322853088379,2.521165370941162,3.465686082839966
2014-06-06,13.980557441711426,28.222408294677734,,2.5071208477020264,2.5301692485809326,3.4265260696411133
2014-06-09,,,,2.488720178604126,2.56618595123291,3.4852662086486816
2014-06-10,13.995987892150879,28.336442947387695,,2.5025205612182617,2.5751900672912598,3.5537970066070557
2014-06-11,13.864821434020996,28.222408294677734,,2.479520082473755,2.602202892303467,3.730018138885498
2014-06-12,13.776093482971191,27.899330139160156,,2.488720178604126,2.602202892303467,3.7104382514953613
2014-06-13,13.614066123962402,27.3671817779541,,2.4841203689575195,2.56618595123291,3.730018138885498
2014-06-16,13.741371154785156,27.566740036010742,,2.4473183155059814,2.56618595123291,3.612537384033203
2014-06-17,13.641070365905762,27.295921325683594,,2.4105167388916016,2.5391736030578613,3.6419074535369873
2014-06-18,13.610208511352539,27.509723663330078,,2.465718984603882,2.5301692485809326,3.612537384033203
2014-06-19,14.053852081298828,28.146394729614258,,2.5025205612182617,2.5301692485809326,3.7006478309631348
2014-06-20,13.868680953979492,27.799545288085938,,2.497920274734497,2.54817795753479,3.7006478309631348
2014-06-23,14.061567306518555,28.507482528686523,,2.479520082473755,2.494152784347534,3.661487579345703
2014-06-24,14.065423965454102,28.284175872802734,,2.5301220417022705,2.5301692485809326,3.6516976356506348
2014-06-25,13.96898365020752,28.065624237060547,,2.5577232837677,2.503156900405884,3.6712777614593506
2014-06-26,14.08086109161377,28.459970474243164,,2.6175262928009033,2.5121612548828125,3.5342166423797607
2014-06-27,14.049992561340332,28.535999298095703,,2.6175262928009033,2.5121612548828125,3.4852662086486816
2014-06-30,13.84938907623291,28.179649353027344,,2.562324047088623,2.503156900405884,3.4363160133361816
2014-07-01,13.887970924377441,28.721284866333008,,,,
2014-07-02,14.215877532958984,29.457733154296875,,2.658928871154785,2.5841944217681885,3.5537970066070557
2014-07-03,14.362473487854004,29.671541213989258,,2.695730209350586,2.5751900672912598,3.6223275661468506
2014-07-04,14.493639945983887,29.742807388305664,,2.68192982673645,2.5751900672912598,3.681067705154419
2014-07-07,14.53221607208252,29.59077262878418,,2.658928871154785,2.54817795753479,3.6223275661468506
2014-07-08,14.501354217529297,29.643030166625977,,2.6865298748016357,2.5751900672912598,3.6712777614593506
2014-07-09,14.370194435119629,29.524248123168945,,2.6773295402526855,2.54817795753479,3.6419074535369873
2014-07-10,14.43191146850586,29.65253448486328,,2.645128011703491,2.56618595123291,3.6223275661468506
2014-07-11,14.497499465942383,29.524248123168945,,2.709531307220459,2.5841944217681885,3.58316707611084
2014-07-14,14.605517387390137,29.619277954101562,,2.7049310207366943,2.665231943130493,3.563586950302124
2014-07-15,14.671093940734863,29.980377197265625,,2.714130401611328,2.737265110015869,3.632117509841919
2014-07-16,14.755966186523438,30.379480361938477,,2.732531785964966,2.7282612323760986,3.7398085594177246
2014-07-17,14.871697425842285,30.764333724975586,,2.787734270095825,2.737265110015869,3.7398085594177246
2014-07-18,14.809975624084473,30.54576873779297,,2.847538471221924,2.7732815742492676,3.632117509841919
2014-07-21,14.744394302368164,30.265439987182617,,2.8429365158081055,2.7822859287261963,3.6908576488494873
2014-07-22,14.856271743774414,30.469749450683594,,2.911940097808838,2.9893815517425537,3.681067705154419
2014-07-23,15.03758430480957,30.6597957611084,,2.9073405265808105,3.106436252593994,3.769178628921509
2014-07-24,15.068445205688477,31.001890182495117,,3.068347930908203,3.0704193115234375,3.749598503112793
2014-07-25,15.04529857635498,30.925872802734375,,3.146552085876465,3.124444007873535,3.916029453277588
2014-07-28,15.08387565612793,31.05415153503418,,3.1189510822296143,3.2595064640045166,3.964980125427246
2014-07-29,15.068445205688477,31.23944664001465,,3.1097497940063477,3.3945693969726562,3.9551897048950195
2014-07-30,15.04529857635498,31.391494750976562,,3.0315463542938232,3.304527521133423,3.984560251235962
2014-07-31,14.921849250793457,31.538776397705078,,3.059147596359253,3.2234902381896973,4.053090572357178
2014-08-01,14.817693710327148,31.073162078857422,,3.0177457332611084,3.124444007873535,3.9062397480010986
2014-08-04,14.775257110595703,31.087406158447266,,3.0453474521636963,3.1694650650024414,3.916029453277588
2014-08-05,14.66338062286377,31.039899826049805,,2.9441421031951904,3.079423666000366,3.9551897048950195
2014-08-06,14.78297233581543,31.272716522216797,,3.0913493633270264,3.367556571960449,4.033510208129883
2014-08-07,14.840838432312012,31.510269165039062,,3.026946783065796,3.178469181060791,3.984560251235962
2014-08-08,14.559221267700195,31.562541961669922,,2.879739284515381,3.1154401302337646,3.867079496383667
2014-08-11,14.667240142822266,31.71457290649414,,2.9441421031951904,3.1874735355377197,3.935609817504883
2014-08-12,14.883273124694824,32.22296142578125,,2.9901444911956787,3.1874735355377197,4.013929843902588
2014-08-13,14.75210952758789,31.711984634399414,,3.0545473098754883,3.2144861221313477,3.994349956512451
2014-08-14,14.721246719360352,31.383920669555664,,3.013145685195923,3.20548152923584,3.9747700691223145
2014-08-15,15.064589500427246,31.499710083007812,,3.0315463542938232,3.2234902381896973,4.004140377044678
2014-08-18,15.103167533874512,31.528657913208008,,2.9073405265808105,3.178469181060791,3.9453999996185303
2014-08-19,15.307628631591797,32.03523635864258,,3.105149507522583,3.124444007873535,3.964980125427246
2014-08-20,14.709673881530762,31.83260726928711,,3.1373517513275146,3.133448600769043,3.9747700691223145
2014-08-21,14.671093940734863,31.649276733398438,,3.1005499362945557,3.088427782058716,3.964980125427246
2014-08-22,14.582366943359375,31.55278205871582,,3.1419517993927,3.1154401302337646,3.896449565887451
2014-08-25,14.370194435119629,31.137866973876953,,3.1097497940063477,3.133448600769043,3.867079496383667
2014-08-26,14.358616828918457,30.930404663085938,,2.999345541000366,3.124444007873535,3.8866593837738037
2014-08-27,14.401050567626953,30.94005584716797,,2.9441421031951904,3.106436252593994,3.867079496383667
2014-08-28,14.22745418548584,30.423831939697266,,2.893540143966675,3.106436252593994,4.013929843902588
2014-08-29,14.146438598632812,30.21636962890625,,2.999345541000366,2.962369441986084,3.896449565887451
2014-09-01,14.158014297485352,30.298385620117188,,3.0177457332611084,3.0163941383361816,3.8866593837738037
2014-09-02,14.235167503356934,30.409351348876953,,3.049947500228882,3.178469181060791,3.8866593837738037
2014-09-03,14.272875785827637,30.07645606994629,,3.132750988006592,3.349548578262329,3.9062397480010986
2014-09-04,14.20190715789795,29.979961395263672,,3.132750988006592,3.304527521133423,4.092250823974609
2014-09-05,14.056024551391602,29.574697494506836,,2.925741195678711,3.3585524559020996,4.199941635131836
2014-09-08,14.059967041015625,29.439607620239258,,2.9073405265808105,3.322535991668701,4.2586822509765625
2014-09-09,14.23344898223877,29.80145263671875,,,,
2014-09-10,14.115164756774902,29.685667037963867,,2.9395415782928467,3.20548152923584,4.395742893218994
2014-09-11,13.996883392333984,29.700136184692383,,2.911940097808838,3.20548152923584,4.532804489135742
2014-09-12,14.111225128173828,29.859346389770508,,2.8843395709991455,3.1874735355377197,4.660075664520264
2014-09-15,14.052082061767578,29.748384475708008,,2.852137565612793,3.124444007873535,4.513223648071289
2014-09-16,14.091510772705078,29.820755004882812,,2.71873140335083,3.03440260887146,4.425113677978516
2014-09-17,14.130936622619629,29.93654441833496,,2.824535846710205,3.0704193115234375,4.523014068603516
2014-09-18,14.067854881286621,29.902772903442383,,2.8751394748687744,3.0524110794067383,4.503433704376221
2014-09-19,13.988997459411621,29.7146053314209,,2.8061351776123047,3.0163941383361816,4.6404948234558105
2014-09-22,13.744544982910156,28.97161865234375,,2.769333600997925,2.935356616973877,4.4936442375183105
2014-09-23,13.780030250549316,29.04399299621582,,2.787734270095825,2.8813316822052,4.131411075592041
2014-09-24,13.677515029907227,29.309350967407227,,2.815335988998413,2.9263527393341064,4.062880992889404
2014-09-25,13.716944694519043,29.671188354492188,,2.852137565612793,2.908344268798828,4.239101886749268
2014-09-26,13.468547821044922,29.00057601928711,,2.7831342220306396,2.9263527393341064,4.170571327209473
2014-09-29,13.295064926147461,28.566356658935547,,2.7555336952209473,2.890336036682129,4.082461357116699
2014-09-30,13.354207992553711,28.7448673248291,,2.68192982673645,2.8453152179718018,4.229311943054199
2014-10-01,13.401518821716309,28.59048843383789,,,,
2014-10-02,13.267464637756348,28.436098098754883,,,,
2014-10-03,13.18861198425293,28.368549346923828,,2.5899248123168945,2.890336036682129,4.160781383514404
2014-10-06,12.892906188964844,27.784774780273438,,2.7509326934814453,2.9263527393341064,4.053090572357178
2014-10-07,13.105814933776855,28.981271743774414,,2.714130401611328,2.962369441986084,4.141201496124268
2014-10-08,12.948101043701172,28.508464813232422,,2.6773295402526855,2.9713735580444336,4.072670936584473
2014-10-09,13.09792709350586,28.479515075683594,,2.727931499481201,3.007390260696411,4.004140377044678
2014-10-10,12.739133834838867,27.625566482543945,,2.622126579284668,2.8993401527404785,3.964980125427246
2014-10-13,12.853479385375977,28.15627098083496,,2.585324764251709,2.8813316822052,3.916029453277588
2014-10-14,13.18861198425293,29.304523468017578,,2.562324047088623,2.86332368850708,3.916029453277588
2014-10-15,13.326607704162598,29.42513084411621,,2.5899248123168945,2.8453152179718018,3.8572895526885986
2014-10-16,13.1412992477417,28.89443016052246,,2.5807249546051025,2.8543193340301514,3.8866593837738037
2014-10-17,13.16889762878418,28.643552780151367,,2.548522710800171,2.809298276901245,3.8866593837738037
2014-10-20,13.342379570007324,28.817241668701172,,2.553123712539673,2.8543193340301514,3.896449565887451
2014-10-21,13.306892395019531,28.933027267456055,,2.576124429702759,2.8273067474365234,3.916029453277588
2014-10-22,13.511922836303711,29.53127670288086,,2.714130401611328,2.9443609714508057,4.082461357116699
2014-10-23,13.263525009155273,28.884782791137695,,2.7003300189971924,2.9443609714508057,4.160781383514404
2014-10-24,13.30295181274414,28.97161865234375,,2.672729253768921,2.935356616973877,4.102041244506836
2014-10-27,13.330552101135254,28.846187591552734,,2.5807249546051025,2.890336036682129,4.023720741271973
2014-10-28,13.13735580444336,28.479515075683594,,2.6267271041870117,2.935356616973877,4.111830711364746
2014-10-29,13.31872272491455,28.778644561767578,,2.6773295402526855,2.9893815517425537,4.2097320556640625
2014-10-30,13.22803783416748,28.609783172607422,,2.66352915763855,3.0704193115234375,4.2586822509765625
2014-10-31,13.389691352844238,29.145315170288086,,2.7463321685791016,3.0974318981170654,4.170571327209473
2014-11-03,13.291125297546387,28.841360092163086,,2.695730209350586,3.1154401302337646,4.170571327209473
2014-11-04,13.409406661987305,29.116361618041992,,2.6773295402526855,3.124444007873535,4.385953426361084
2014-11-05,13.334494590759277,29.02469825744629,,2.6405272483825684,3.151456832885742,4.268471717834473
2014-11-06,13.31872272491455,28.947500228881836,,2.635927200317383,3.124444007873535,4.092250823974609
2014-11-07,13.598661422729492,29.28522300720215,,2.658928871154785,3.088427782058716,4.160781383514404
2014-11-10,13.67357349395752,29.545751571655273,,2.645128011703491,3.2234902381896973,4.307633399963379
2014-11-11,13.472492218017578,29.193552017211914,,2.6129260063171387,3.20548152923584,4.219521522521973
2014-11-12,13.090044021606445,28.66284942626953,,2.631326913833618,3.20548152923584,4.2586822509765625
2014-11-13,13.109757423400879,28.80276870727539,,2.599125623703003,3.2144861221313477,4.3565826416015625
2014-11-14,13.109757423400879,28.97161865234375,,2.6681292057037354,3.20548152923584,4.650285243988037
2014-11-17,13.09792709350586,28.89925765991211,,2.649728298187256,2.9983859062194824,5.110418796539307
2014-11-18,13.082158088684082,28.691802978515625,,2.576124429702759,2.962369441986084,5.257269382476807
2014-11-19,12.881072998046875,27.972938537597656,,2.5899248123168945,2.980377435684204,5.218109130859375
2014-11-20,12.538052558898926,27.215482711791992,,2.562324047088623,2.962369441986084,5.413910865783691
2014-11-21,12.498625755310059,27.215482711791992,,2.5899248123168945,2.9983859062194824,5.688032627105713
2014-11-24,12.971759796142578,28.127321243286133,,2.727931499481201,3.079423666000366,5.8838348388671875
2014-11-25,12.65633487701416,27.697933197021484,,2.695730209350586,2.9983859062194824,5.874044418334961
2014-11-26,12.825876235961914,28.170745849609375,,2.6865298748016357,3.0163941383361816,6.050265789031982
2014-11-27,12.616905212402344,27.992237091064453,,2.672729253768921,3.0253984928131104,6.0306854248046875
2014-11-28,12.191084861755371,28.513288497924805,,2.71873140335083,3.03440260887146,5.6978230476379395
2014-12-01,11.540529251098633,27.33608627319336,,2.6175262928009033,2.9443609714508057,5.590132713317871
2014-12-02,11.986063957214355,27.948814392089844,,2.66352915763855,2.9893815517425537,5.482441425323486
2014-12-03,12.001830101013184,27.972938537597656,,2.622126579284668,2.9893815517425537,5.482441425323486
2014-12-04,12.179259300231934,28.551883697509766,,2.691129207611084,3.1154401302337646,5.658662796020508
2014-12-05,11.99394702911377,27.567672729492188,,2.672729253768921,3.124444007873535,5.482441425323486
2014-12-08,11.867781639099121,27.56284523010254,,2.631326913833618,3.160460948944092,5.482441425323486
2014-12-09,11.386760711669922,26.776445388793945,,2.488720178604126,3.03440260887146,5.198529243469238
2014-12-10,11.587841987609863,27.210655212402344,,2.4933202266693115,3.061415195465088,5.42370080947876
2014-12-11,11.43407154083252,26.554513931274414,,2.451918125152588,3.0524110794067383,5.22790002822876
2014-12-12,11.221163749694824,25.893543243408203,,2.5071208477020264,3.0524110794067383,4.983147621154785
2014-12-15,11.169906616210938,25.811527252197266,,2.5301220417022705,3.0253984928131104,4.757976055145264
2014-12-16,10.811112403869629,25.40143394470215,,2.428917407989502,3.007390260696411,4.523014068603516
2014-12-17,10.846599578857422,25.753631591796875,,2.3047118186950684,2.962369441986084,4.317422866821289
2014-12-18,11.05556869506836,26.40494155883789,,2.3415133953094482,3.03440260887146,4.650285243988037
2014-12-19,11.426190376281738,27.157583236694336,,2.3047118186950684,3.2324941158294678,4.650285243988037
2014-12-22,11.765266418457031,27.852319717407227,,2.3369128704071045,3.2685110569000244,4.709025859832764
2014-12-23,11.359161376953125,26.92599868774414,,2.318512201309204,3.1874735355377197,4.806926727294922
2014-12-24,11.42224407196045,27.302318572998047,,2.3415133953094482,3.1874735355377197,4.885247230529785
2014-12-29,11.706127166748047,28.00670623779297,,2.3047118186950684,3.277514934539795,4.9929375648498535
2014-12-30,11.623326301574707,27.770305633544922,,2.3829150199890137,3.2414982318878174,4.904827117919922
2014-12-31,11.5799560546875,27.98259162902832,,2.4059154987335205,3.2324941158294678,5.110418796539307
2015-01-02,11.646982192993164,28.141794204711914,,2.3829150199890137,3.1874735355377197,5.09083890914917
2015-01-05,11.623326301574707,28.21416473388672,,2.4841203689575195,3.5836565494537354,5.110418796539307
2015-01-06,11.083165168762207,27.784774780273438,,2.465718984603882,3.637681722640991,5.120208740234375
2015-01-07,11.083165168762207,27.640045166015625,,2.4335174560546875,3.736727237701416,5.198529243469238
2015-01-08,11.189620018005371,28.296180725097656,,2.4381182193756104,3.691706657409668,5.2474799156188965
2015-01-09,11.49715805053711,28.65802574157715,,2.3599138259887695,3.6286773681640625,5.237689018249512
2015-01-12,11.240876197814941,28.223812103271484,,2.2863106727600098,3.5566439628601074,5.1495795249938965
2015-01-13,11.027966499328613,27.722061157226562,,2.295510768890381,3.5116233825683594,5.081048488616943
2015-01-14,10.724370956420898,26.795740127563477,,2.2357077598571777,3.493614912033081,5.061468124389648
2015-01-15,10.606087684631348,26.13959503173828,,2.1667044162750244,3.5026192665100098,4.885247230529785
2015-01-16,10.665228843688965,25.999683380126953,,2.157503843307495,3.4666025638580322,4.826506614685059
2015-01-19,10.925455093383789,26.129945755004883,,2.162104368209839,3.322535991668701,4.7286057472229
2015-01-20,10.834770202636719,25.903188705444336,,2.1667044162750244,3.367556571960449,4.718815803527832
2015-01-21,11.0595064163208,26.578632354736328,,2.1713051795959473,3.448594093322754,5.032097816467285
2015-01-22,11.374929428100586,27.258893966674805,,2.1897058486938477,3.5386359691619873,4.9929375648498535
2015-01-23,11.583898544311523,27.432579040527344,,2.198906660079956,3.475606679916382,5.27685022354126
2015-01-26,,,,2.2357077598571777,3.3945693969726562,5.081048488616943
2015-01-27,11.41435718536377,27.40363311767578,,2.2035062313079834,3.367556571960449,4.983147621154785
2015-01-28,11.410414695739746,27.490480422973633,,2.2035062313079834,3.322535991668701,5.237689018249512
2015-01-29,11.41435718536377,27.524248123168945,,2.194305419921875,3.2595064640045166,5.081048488616943
2015-01-30,11.536585807800293,27.770305633544922,,2.25870943069458,3.20548152923584,5.129998683929443
2015-02-02,11.67064094543457,27.726884841918945,,2.2357077598571777,3.124444007873535,5.09083890914917
2015-02-03,12.084630012512207,28.262409210205078,,2.318512201309204,3.1154401302337646,5.27685022354126
2015-02-04,12.612964630126953,29.29969596862793,,2.3093113899230957,3.1694650650024414,5.257269382476807
2015-02-05,12.364568710327148,29.04399299621582,,2.295510768890381,3.160460948944092,5.355170249938965
2015-02-06,12.439483642578125,29.236970901489258,,2.281710147857666,3.0974318981170654,5.756563663482666
2015-02-09,12.313314437866211,29.097068786621094,,2.295510768890381,3.03440260887146,5.805513858795166
2015-02-10,12.376397132873535,29.28522300720215,,2.3599138259887695,3.0704193115234375,5.864253997802734
2015-02-11,12.21080207824707,28.85100746154785,,2.3507137298583984,3.1154401302337646,5.815303802490234
2015-02-12,12.104348182678223,28.89925765991211,,2.332312822341919,3.178469181060791,5.844674110412598
2015-02-13,12.683937072753906,30.77602195739746,,2.4473183155059814,3.277514934539795,5.766353607177734
2015-02-16,12.837703704833984,30.660226821899414,,2.4703190326690674,3.2955234050750732,5.854464530944824
2015-02-17,12.833760261535645,30.636098861694336,,2.428917407989502,3.2595064640045166,5.658662796020508
2015-02-18,13.003302574157715,30.578216552734375,,2.4059154987335205,3.2324941158294678,5.727193355560303
2015-02-19,12.81404972076416,30.703657150268555,,,,
2015-02-20,12.735191345214844,30.756717681884766,,,,
2015-02-23,12.66422176361084,30.838735580444336,,2.4197165966033936,3.2595064640045166,5.727193355560303
2015-02-24,13.034841537475586,30.462421417236328,,2.3737144470214844,3.1964774131774902,5.5313920974731445
2015-02-25,13.208325386047363,30.67470359802246,,2.424316883087158,3.2685110569000244,5.6292924880981445
2015-02-26,13.231983184814453,30.732595443725586,,2.3967158794403076,3.3315398693084717,5.5509724617004395
2015-02-27,13.267464637756348,31.07514190673828,,2.4059154987335205,3.3855650424957275,5.521601676940918
2015-03-02,13.452775955200195,31.649276733398438,,2.442718029022217,3.3585524559020996,5.374750137329102
2015-03-03,13.224099159240723,31.26329803466797,,2.401315927505493,3.3315398693084717,5.335590362548828
2015-03-04,13.133414268493652,30.833316802978516,,2.392115831375122,3.3315398693084717,5.42370080947876
2015-03-05,13.074268341064453,30.21566390991211,,2.3875155448913574,3.2324941158294678,5.355170249938965
2015-03-06,12.869245529174805,29.840129852294922,,2.378314733505249,3.439589738845825,5.1495795249938965
2015-03-09,12.67604923248291,29.252119064331055,,2.3415133953094482,3.3585524559020996,4.875456809997559
2015-03-10,12.58142375946045,28.930940628051758,,2.3369128704071045,3.2865192890167236,4.885247230529785
2015-03-11,12.333929061889648,28.59493637084961,,2.3001110553741455,3.2324941158294678,4.767765998840332
2015-03-12,12.281065940856934,28.412109375,,2.2771098613739014,3.2234902381896973,4.86566686630249
2015-03-13,12.102140426635742,28.31328773498535,,2.2403078079223633,3.2234902381896973,4.846086502075195
2015-03-16,11.955738067626953,28.510940551757812,,1.881490707397461,3.2685110569000244,4.826506614685059
2015-03-17,12.10620403289795,28.580116271972656,,1.9504942893981934,3.3135316371917725,4.855876922607422
2015-03-18,12.281065940856934,28.767881393432617,,1.9366936683654785,3.3315398693084717,4.855876922607422
2015-03-19,12.435596466064453,28.807409286499023,,1.913692593574524,3.3315398693084717,4.846086502075195
2015-03-20,12.47219467163086,28.950702667236328,,1.9228931665420532,3.250502347946167,4.797136306762695
2015-03-23,12.606392860412598,28.762935638427734,,1.9228931665420532,3.3135316371917725,4.846086502075195
2015-03-24,12.695858001708984,28.34787368774414,,1.8906915187835693,3.304527521133423,4.846086502075195
2015-03-25,12.65112590789795,28.0810489654541,,1.904491901397705,3.2685110569000244,4.81671667098999
2015-03-26,12.516928672790527,27.917984008789062,,1.8860911130905151,3.322535991668701,4.797136306762695
2015-03-27,12.504729270935059,27.942691802978516,,2.1529040336608887,3.3855650424957275,4.787346363067627
2015-03-30,12.240399360656738,27.596799850463867,,2.1299028396606445,3.5746521949768066,4.836296558380127
2015-03-31,12.618592262268066,28.27869987487793,,2.139103651046753,3.4575982093811035,4.7286057472229
2015-04-01,12.33799934387207,27.87352180480957,,2.2173068523406982,3.5836565494537354,4.650285243988037
2015-04-02,12.289200782775879,27.56222152709961,,2.267909049987793,3.7547354698181152,4.767765998840332
2015-04-07,12.382730484008789,27.74504280090332,,,,
2015-04-08,12.500663757324219,28.16505241394043,,2.5715246200561523,4.195939540863037,5.139788627624512
2015-04-09,12.276998519897461,27.957521438598633,,2.6681292057037354,4.61013126373291,5.071258544921875
2015-04-10,12.256668090820312,28.11069107055664,,2.7463321685791016,4.574113845825195,4.9929375648498535
2015-04-13,11.963873863220215,27.325040817260742,,2.985543727874756,4.583117961883545,4.846086502075195
2015-04-14,11.841876029968262,27.15703582763672,,3.068347930908203,4.4030351638793945,4.5915446281433105
2015-04-15,12.000472068786621,27.58692169189453,,2.8567380905151367,4.3580145835876465,4.474063873291016
2015-04-16,12.293266296386719,27.606685638427734,,2.8705384731292725,4.502080917358398,4.5915446281433105
2015-04-17,12.187536239624023,27.22127342224121,,2.8015358448028564,4.727184772491455,4.552384376525879
2015-04-20,12.126537322998047,27.0087947845459,,2.7233314514160156,4.421043395996094,4.366373538970947
2015-04-21,12.443730354309082,27.42386817932129,,2.7555336952209473,4.3580145835876465,4.327212810516357
2015-04-22,12.309532165527344,27.27562713623047,,2.902740001678467,4.529093265533447,4.523014068603516
2015-04-23,12.630790710449219,27.81916618347168,,2.8751394748687744,4.664156436920166,4.366373538970947
2015-04-24,13.033384323120117,28.555404663085938,,2.8843395709991455,4.61013126373291,4.454483509063721
2015-04-27,13.244845390319824,29.533769607543945,,2.9625425338745117,4.844239234924316,4.425113677978516
2015-04-28,13.183845520019531,29.049528121948242,,2.9349420070648193,4.889260292053223,4.571964740753174
2015-04-29,13.029314994812012,28.51587677001953,,3.09594988822937,4.664156436920166,4.562174320220947
2015-04-30,13.000850677490234,28.23917007446289,,3.3351614475250244,4.502080917358398,4.581754684448242
2015-05-01,13.216379165649414,28.802467346191406,,,,
2015-05-04,13.56203842163086,29.59800910949707,,3.60197377204895,4.7902140617370605,4.415323734283447
2015-05-05,13.2407808303833,29.390478134155273,,3.5881731510162354,4.628139019012451,4.464273929595947
2015-05-06,13.15538215637207,29.21259117126465,,3.6755778789520264,4.583117961883545,4.601335048675537
2015-05-07,12.968317031860352,28.92599868774414,,3.5743725299835205,4.258968353271484,4.581754684448242
2015-05-08,12.72839069366455,28.871639251708984,,3.5789732933044434,4.267972946166992,4.571964740753174
2015-05-11,12.939852714538574,28.96552848815918,,3.716979503631592,4.303989410400391,4.601335048675537
2015-05-12,13.2285795211792,29.27682876586914,,3.680177688598633,4.258968353271484,4.5915446281433105
2015-05-13,13.216379165649414,29.163179397583008,,3.6571767330169678,4.2319560050964355,4.689445495605469
2015-05-14,13.000850677490234,28.510940551757812,,3.680177688598633,4.628139019012451,4.669864654541016
2015-05-15,13.212312698364258,28.70858383178711,,3.7813830375671387,4.682164192199707,4.660075664520264
2015-05-18,13.112217903137207,28.387409210205078,1.4213539361953735,3.813584566116333,4.412039756774902,4.660075664520264
2015-05-19,12.894624710083008,28.387409210205078,1.6154899597167969,3.813584566116333,4.466064453125,4.630704879760742
2015-05-20,12.542121887207031,27.685745239257812,1.636290431022644,3.8043837547302246,4.394031047821045,4.483853816986084
2015-05-21,12.72490119934082,28.11563491821289,1.643223762512207,3.689378499984741,4.3310017585754395,4.415323734283447
2015-05-22,12.729253768920898,28.041513442993164,1.60162353515625,3.7353806495666504,4.439051628112793,4.337002754211426
2015-05-25,12.82934856414795,28.476346969604492,1.6085567474365234,,,
2015-05-26,12.977309226989746,28.802467346191406,1.594689965248108,3.8641858100891113,4.475067615509033,4.366373538970947
2015-05-27,12.768418312072754,28.318235397338867,1.5600229501724243,3.785982847213745,4.4030351638793945,4.278261661529541
2015-05-28,12.707489967346191,28.486228942871094,1.5114887952804565,3.7215795516967773,4.2049431800842285,4.219521522521973
2015-05-29,12.877217292785645,28.757997512817383,1.5184221267700195,3.745405673980713,4.2049431800842285,4.150991439819336
2015-06-01,12.703141212463379,28.372581481933594,1.497622013092041,3.773996353149414,4.249964714050293,4.082461357116699
2015-06-02,12.328879356384277,27.913042068481445,1.483755111694336,3.74064040184021,4.105898380279541,4.141201496124268
2015-06-03,12.415918350219727,28.412109375,1.490688443183899,3.7168145179748535,4.087889671325684,4.111830711364746
2015-06-04,12.224435806274414,28.03657341003418,1.490688443183899,3.6834588050842285,4.087889671325684,4.033510208129883
2015-06-05,12.141751289367676,28.1749324798584,1.483755111694336,3.6453373432159424,4.069881439208984,4.004140377044678
2015-06-08,,,,3.6691629886627197,4.168927192687988,4.141201496124268
2015-06-09,12.011190414428711,27.853750228881836,1.4490876197814941,3.6453373432159424,3.889798402786255,4.102041244506836
2015-06-10,12.03730297088623,27.705514907836914,1.4560211896896362,3.6643972396850586,3.8988020420074463,4.170571327209473
2015-06-11,12.285361289978027,28.4022274017334,1.4768216609954834,3.550034523010254,3.862785577774048,4.111830711364746
2015-06-12,12.141751289367676,28.234228134155273,1.4560211896896362,3.5690948963165283,3.961831569671631,4.092250823974609
2015-06-15,12.150453567504883,28.308345794677734,1.4421541690826416,3.4833216667175293,3.9168100357055664,4.072670936584473
2015-06-16,12.076469421386719,27.62645721435547,1.4421541690826416,3.478557825088501,3.7277231216430664,4.170571327209473
2015-06-17,12.25925064086914,27.685745239257812,1.4421541690826416,3.478557825088501,3.7907519340515137,4.150991439819336
2015-06-18,12.172210693359375,27.1520938873291,1.4074876308441162,3.4499659538269043,3.709714889526367,4.180361747741699
2015-06-19,12.363692283630371,27.448570251464844,1.3589533567428589,3.4166109561920166,3.637681722640991,4.248891830444336
2015-06-22,12.324529647827148,27.572093963623047,1.310418963432312,3.4737918376922607,3.592660665512085,4.2586822509765625
2015-06-23,12.450735092163086,27.838926315307617,1.3138858079910278,3.5214431285858154,3.646685838699341,4.033510208129883
2015-06-24,12.4246187210083,27.507862091064453,1.3450862169265747,3.6119816303253174,3.664694309234619,4.023720741271973
2015-06-25,12.407214164733887,27.48810577392578,1.3381527662277222,3.5214431285858154,3.6286773681640625,3.916029453277588
2015-06-26,11.967674255371094,26.722204208374023,1.2653518915176392,3.4976179599761963,3.547639846801758,3.8279192447662354
2015-06-29,11.728321075439453,26.331850051879883,1.2064175605773926,3.2212390899658203,3.475606679916382,3.8377089500427246
2015-06-30,11.771838188171387,26.559152603149414,1.2410848140716553,3.478557825088501,3.520627498626709,3.778968572616577
2015-07-01,11.597763061523438,26.193496704101562,1.2514851093292236,,,
2015-07-02,11.750080108642578,26.203378677368164,1.2653518915176392,3.359428882598877,3.4305858612060547,3.5929572582244873
2015-07-03,11.57165241241455,25.94148826599121,1.2410848140716553,3.30224609375,3.178469181060791,3.6419074535369873
2015-07-06,11.31924057006836,25.27936363220215,1.2341514825820923,3.1449966430664062,2.9893815517425537,3.4754762649536133
2015-07-07,11.423688888549805,25.56595802307129,1.258418321609497,2.811436176300049,2.6292154788970947,3.2894647121429443
2015-07-08,11.0668363571167,24.73583221435547,1.1960173845291138,2.434990644454956,2.404111385345459,3.044713020324707
2015-07-09,11.262669563293457,25.145954132080078,1.2168177366256714,2.973451614379883,2.6292154788970947,3.211143970489502
2015-07-10,11.597763061523438,25.729021072387695,1.2341514825820923,3.059224843978882,2.8993401527404785,3.416735887527466
2015-07-13,11.493316650390625,25.462188720703125,1.1821507215499878,3.202179431915283,2.935356616973877,3.495056390762329
2015-07-14,11.793598175048828,26.223140716552734,1.2202845811843872,3.2355353832244873,2.809298276901245,3.769178628921509
2015-07-15,11.706560134887695,26.247846603393555,1.227217674255371,3.159292697906494,2.7012484073638916,3.9453999996185303
2015-07-16,11.784896850585938,26.341737747192383,1.2306846380233765,3.1640572547912598,2.7012484073638916,3.916029453277588
2015-07-17,11.793598175048828,26.193496704101562,1.2653518915176392,3.2212390899658203,2.791290044784546,3.8768694400787354
2015-07-20,11.7457275390625,26.618444442749023,1.2722853422164917,3.2212390899658203,2.764277696609497,3.818129062652588
2015-07-21,11.671744346618652,26.376325607299805,1.2653518915176392,3.197413444519043,2.7462689876556396,3.847499132156372
2015-07-22,11.432394027709961,25.78337287902832,1.237618088722229,3.19264817237854,2.674236297607422,3.8866593837738037
2015-07-23,11.097298622131348,25.299129486083984,1.1960173845291138,3.249830484390259,2.764277696609497,3.798548936843872
2015-07-24,10.997204780578613,25.299129486083984,1.2306846380233765,3.2164735794067383,2.7012484073638916,3.818129062652588
2015-07-27,11.106001853942871,25.29418182373047,1.2202845811843872,3.0306334495544434,2.5121612548828125,3.6223275661468506
2015-07-28,11.040724754333496,25.33866310119629,1.2064175605773926,2.8972091674804688,2.4851489067077637,3.5342166423797607
2015-07-29,11.267020225524902,25.58572006225586,1.2341514825820923,2.9591562747955322,2.5121612548828125,3.563586950302124
2015-07-30,11.532485961914062,26.188552856445312,1.2480181455612183,2.9115049839019775,2.4671404361724854,3.5929572582244873
2015-07-31,11.510725975036621,26.119375228881836,1.237618088722229,2.739959955215454,2.4401278495788574,3.5929572582244873
2015-08-03,11.393224716186523,25.793256759643555,1.1960173845291138,2.7066032886505127,2.3680946826934814,3.5244264602661133
2015-08-04,11.27137279510498,25.704313278198242,1.1890840530395508,2.6684823036193848,2.37709903717041,3.5244264602661133
2015-08-05,11.528132438659668,26.178672790527344,1.1925508975982666,2.7494895458221436,2.4131155014038086,3.4363160133361816
2015-08-06,11.615172386169434,26.460325241088867,1.2029509544372559,2.663717031478882,2.3861029148101807,3.44610595703125
2015-08-07,11.284428596496582,26.321962356567383,1.1752173900604248,2.658951997756958,2.476144552230835,3.465686082839966
2015-08-10,11.314892768859863,26.554203033447266,1.1682838201522827,2.5874741077423096,2.764277696609497,3.5244264602661133
2015-08-11,11.46285629272461,26.979150772094727,1.1925508975982666,2.57794451713562,2.764277696609497,3.5733771324157715
2015-08-12,10.966743469238281,26.217300415039062,1.1578835248947144,2.468346118927002,2.7102527618408203,3.563586950302124
2015-08-13,11.101648330688477,26.37465476989746,1.1613502502441406,2.434990644454956,2.7102527618408203,3.5048465728759766
2015-08-14,11.018961906433105,25.953351974487305,1.1370831727981567,2.473111391067505,2.665231943130493,3.416735887527466
2015-08-17,10.966743469238281,25.831527709960938,1.119749903678894,2.396868944168091,2.7012484073638916,3.4265260696411133
2015-08-18,10.870999336242676,25.67924690246582,1.0989494323730469,2.392103672027588,2.5571818351745605,3.5048465728759766
2015-08-19,10.949333190917969,25.709701538085938,1.0920162200927734,2.3492166996002197,2.5391736030578613,3.3775758743286133
2015-08-20,10.60988712310791,25.080289840698242,1.0538820028305054,2.2920360565185547,2.4131155014038086,3.1817739009857178
2015-08-21,10.488037109375,25.136119842529297,1.0538820028305054,2.196733236312866,2.3680946826934814,3.1524038314819336
2015-08-24,9.961454391479492,23.84175682067871,0.9741476774215698,2.0918991565704346,2.251040458679199,3.1328237056732178
2015-08-25,10.157291412353516,24.593002319335938,1.0608153343200684,2.0251872539520264,2.133986473083496,3.1426138877868652
2015-08-26,10.418402671813965,24.81633949279785,1.0192148685455322,2.087134599685669,2.0799615383148193,3.318835496902466
2015-08-27,10.470624923706055,24.77573013305664,1.0330817699432373,2.196733236312866,2.2960615158081055,3.3579955101013184
2015-08-28,11.092944145202637,25.93812370300293,1.0712155103683472,2.2062628269195557,2.3680946826934814,3.4363160133361816
2015-08-31,10.95803451538086,25.5269718170166,1.0538820028305054,1.7678699493408203,2.332078218460083,3.2894647121429443
2015-09-01,10.727387428283691,25.059988021850586,1.046948790550232,1.6201499700546265,2.305065631866455,3.328625202178955
2015-09-02,10.718682289123535,25.146276473999023,1.0365486145019531,1.5724983215332031,2.206019878387451,3.3090450763702393
2015-09-03,10.583776473999023,25.00922203063965,1.046948790550232,,,
2015-09-04,10.744794845581055,25.257951736450195,1.0677489042282104,1.5010212659835815,2.2330322265625,3.26009464263916
2015-09-07,10.527199745178223,24.948312759399414,1.0781491994857788,1.6963921785354614,2.2690489292144775,3.2405142784118652
2015-09-08,10.7491455078125,25.491439819335938,1.1370831727981567,1.810755729675293,2.3861029148101807,3.26009464263916
2015-09-09,11.173348426818848,26.146242141723633,1.1717506647109985,1.8298163414001465,2.431123971939087,3.2894647121429443
2015-09-10,10.842455863952637,26.0244197845459,1.1682838201522827,1.8345814943313599,2.3951070308685303,3.4265260696411133
2015-09-11,10.747264862060547,26.394960403442383,1.1682838201522827,1.8631725311279297,2.3590903282165527,3.4265260696411133
2015-09-14,10.760865211486816,26.323898315429688,1.1578835248947144,1.8631725311279297,2.3680946826934814,3.4265260696411133
2015-09-15,10.620347023010254,25.75539207458496,1.0712155103683472,1.8345814943313599,2.3500864505767822,3.4363160133361816
2015-09-16,10.865119934082031,26.044719696044922,1.0885493755340576,1.8917632102966309,2.4131155014038086,3.4265260696411133
2015-09-17,11.173348426818848,26.400035858154297,1.0781491994857788,1.8536421060562134,2.3680946826934814,3.5048465728759766
2015-09-18,11.087224006652832,26.019338607788086,1.0677489042282104,1.9108240604400635,2.404111385345459,3.4754762649536133
2015-09-21,10.810724258422852,25.268098831176758,1.0261483192443848,1.886998176574707,2.3951070308685303,3.279674768447876
2015-09-22,10.815258026123047,24.968618392944336,1.0400153398513794,1.8774679899215698,2.3500864505767822,3.2698845863342285
2015-09-23,10.334781646728516,24.359506607055664,0.9810807108879089,1.8059908151626587,2.260044574737549,3.1426138877868652
2015-09-24,10.357444763183594,24.51685905456543,0.9984148144721985,1.8059908151626587,2.2420365810394287,3.0838735103607178
2015-09-25,10.393707275390625,24.8468017578125,0.9810807108879089,1.7726346254348755,2.215023994445801,3.1719839572906494
2015-09-28,10.493431091308594,24.745277404785156,1.0192148685455322,,,
2015-09-29,9.795378684997559,23.613338470458984,0.96028071641922,1.6963921785354614,2.1429905891418457,2.9663925170898438
2015-09-30,10.071877479553223,24.66913414001465,0.9464136958122253,1.7297483682632446,2.1700034141540527,3.044713020324707
2015-10-01,10.280388832092285,25.166574478149414,0.9290804266929626,,,
2015-10-02,10.244126319885254,24.735122680664062,0.9256133437156677,1.810755729675293,2.323073625564575,3.0545029640197754
2015-10-05,10.652077674865723,25.283329010009766,0.9533473253250122,1.8250510692596436,2.404111385345459,3.0740833282470703
2015-10-06,10.824323654174805,25.643722534179688,0.9741476774215698,1.810755729675293,2.404111385345459,3.1034533977508545
2015-10-07,10.996570587158203,26.486326217651367,0.9914812445640564,1.886998176574707,2.5301692485809326,3.1817739009857178
2015-10-08,11.331995964050293,26.993921279907227,1.0712155103683472,1.90605890750885,2.4671404361724854,3.230724334716797
2015-10-09,11.603964805603027,28.00911521911621,1.0712155103683472,1.9775359630584717,2.5301692485809326,3.2405142784118652
2015-10-12,11.495176315307617,27.821300506591797,1.0538820028305054,2.077604293823242,2.5751900672912598,3.279674768447876
2015-10-13,11.24587345123291,27.105588912963867,1.046948790550232,2.034717559814453,2.602202892303467,3.230724334716797
2015-10-14,11.186948776245117,26.917781829833984,1.029615044593811,2.00136137008667,2.521165370941162,3.162194013595581
2015-10-15,11.386390686035156,27.53705596923828,1.0434818267822266,2.082369327545166,2.5751900672912598,3.1915640830993652
2015-10-16,11.331995964050293,27.252798080444336,1.022681474685669,2.077604293823242,2.56618595123291,3.1426138877868652
2015-10-19,11.200547218322754,27.080215454101562,1.0434818267822266,2.039482831954956,2.476144552230835,3.093663454055786
2015-10-20,10.874181747436523,26.466022491455078,1.0261483192443848,1.9965968132019043,2.422119617462158,3.025132894515991
2015-10-21,10.982972145080566,26.790882110595703,1.0053482055664062,,,
2015-10-22,10.92404842376709,26.72997283935547,1.0365486145019531,2.010891914367676,2.422119617462158,2.995762586593628
2015-10-23,11.14615249633789,27.10051727294922,1.0608153343200684,2.006126880645752,2.3680946826934814,3.1034533977508545
2015-10-26,11.137085914611816,27.313705444335938,1.0400153398513794,1.987066388130188,2.3861029148101807,3.044713020324707
2015-10-27,11.032830238342285,26.806108474731445,1.029615044593811,1.9680055379867554,2.37709903717041,3.0412237644195557
2015-10-28,10.778997421264648,26.430492401123047,1.046948790550232,1.9441801309585571,2.323073625564575,3.0412237644195557
2015-10-29,10.638482093811035,25.95842933654785,1.0330817699432373,1.9680055379867554,2.2960615158081055,3.031381845474243
2015-10-30,10.434503555297852,25.709701538085938,1.0157480239868164,1.9298843145370483,2.260044574737549,2.932960271835327
2015-11-02,10.334781646728516,25.76553726196289,0.9949477910995483,1.901293396949768,2.1700034141540527,2.9428024291992188
2015-11-03,10.434503555297852,25.689393997192383,1.0018811225891113,1.9584755897521973,2.1790072917938232,2.9034337997436523
2015-11-04,10.638482093811035,25.811222076416016,1.0261483192443848,1.9727709293365479,2.3410820960998535,2.9034337997436523
2015-11-05,10.552356719970703,25.45590591430664,1.0365486145019531,1.9775359630584717,2.251040458679199,2.9034337997436523
2015-11-06,10.289453506469727,25.785842895507812,1.0365486145019531,1.9584755897521973,2.2690489292144775,2.8935916423797607
2015-11-09,9.709256172180176,24.872175216674805,0.9914812445640564,1.9203542470932007,2.2960615158081055,2.932960271835327
2015-11-10,9.777246475219727,25.070138931274414,1.0053482055664062,1.844111680984497,2.260044574737549,2.8837497234344482
2015-11-11,9.496213912963867,25.075214385986328,0.9845479130744934,1.8059908151626587,2.2690489292144775,2.8050122261047363
2015-11-12,9.342098236083984,25.125974655151367,0.9429470896720886,1.8202859163284302,2.2870569229125977,2.8246965408325195
2015-11-13,9.169853210449219,24.694515228271484,0.8978794813156128,1.7726346254348755,2.215023994445801,2.8050122261047363
2015-11-16,9.11092472076416,24.06509780883789,0.8701460957527161,1.7726346254348755,2.2330322265625,2.7262752056121826
2015-11-17,9.233311653137207,24.41533660888672,0.8909462094306946,1.796460509300232,2.2690489292144775,2.785327911376953
2015-11-18,8.979474067687988,23.755464553833008,0.8632127046585083,1.758339524269104,2.2330322265625,2.7459592819213867
2015-11-19,9.255975723266602,24.709741592407227,0.9117465615272522,1.7821649312973022,2.260044574737549,2.7262752056121826
2015-11-20,9.29223918914795,24.674205780029297,0.8909462094306946,1.8155211210250854,2.278053045272827,2.7558014392852783
2015-11-23,9.09732723236084,24.43056869506836,0.8458790183067322,1.8059908151626587,2.2330322265625,2.785327911376953
2015-11-24,8.934147834777832,24.070173263549805,0.8250789642333984,1.7916953563690186,2.1970155239105225,2.7754859924316406
2015-11-25,8.916014671325684,23.928043365478516,0.818145215511322,1.8393464088439941,2.188011407852173,2.6770644187927246
2015-11-26,8.585119247436523,23.598112106323242,0.8320122361183167,1.8298163414001465,2.215023994445801,2.696748733520508
2015-11-27,8.508066177368164,23.466135025024414,0.8493458032608032,1.796460509300232,2.206019878387451,2.686906576156616
2015-11-30,8.199833869934082,23.303699493408203,0.8250789642333984,1.810755729675293,2.2240281105041504,2.6278538703918457
2015-12-01,8.498997688293457,23.816375732421875,0.8285455107688904,1.8202859163284302,2.215023994445801,2.667222499847412
2015-12-02,8.498997688293457,23.628568649291992,0.8250789642333984,1.9584755897521973,2.251040458679199,2.6770644187927246
2015-12-03,8.245161056518555,23.14127540588379,0.8077449798583984,1.886998176574707,2.2240281105041504,2.5884852409362793
2015-12-04,8.127306938171387,22.527088165283203,0.800811767578125,1.8584072589874268,2.206019878387451,2.637695789337158
2015-12-07,8.154504776000977,22.48647117614746,0.7765446305274963,1.8631725311279297,2.1700034141540527,2.6573801040649414
2015-12-08,7.72842264175415,21.522045135498047,0.7141436338424683,1.796460509300232,2.0979697704315186,2.6278538703918457
2015-12-09,7.778282165527344,21.344383239746094,0.7245438098907471,1.8012255430221558,2.0709571838378906,2.618011713027954
2015-12-10,7.923332691192627,21.857057571411133,0.7037438154220581,1.8059908151626587,1.9809157848358154,2.6081693172454834
2015-12-11,7.796411991119385,21.857057571411133,0.7002769708633423,1.8155211210250854,1.9629074335098267,2.5589585304260254
2015-12-14,7.524445533752441,21.410375595092773,0.6898767948150635,1.8393464088439941,1.9899200201034546,2.539274215698242
2015-12-15,7.374863624572754,21.197181701660156,0.6933435201644897,1.8917632102966309,1.9448992013931274,2.4408531188964844
2015-12-16,7.787348747253418,21.83675765991211,0.7106769680976868,1.9108240604400635,2.160999059677124,2.4113266468048096
2015-12-17,7.714824199676514,22.009336471557617,0.7349439859390259,1.9298843145370483,2.1790072917938232,2.35227370262146
2015-12-18,7.646832466125488,21.55250358581543,0.7245438098907471,1.8822330236434937,2.133986473083496,2.3129048347473145
2015-12-21,7.764684200286865,21.76569366455078,0.7314773797988892,1.901293396949768,2.206019878387451,2.3129048347473145
2015-12-22,7.628699779510498,21.43575668334961,0.7210770845413208,1.9775359630584717,2.215023994445801,2.3129048347473145
2015-12-23,7.891602039337158,22.334196090698242,0.741877555847168,1.9251195192337036,2.305065631866455,2.3129048347473145
2015-12-24,8.313151359558105,23.324007034301758,0.7661445736885071,1.9537098407745361,2.332078218460083,2.3129048347473145
2015-12-28,8.313151359558105,23.324007034301758,0.7661445736885071,2.0251872539520264,2.323073625564575,2.322746992111206
2015-12-29,8.208897590637207,22.725046157836914,0.7557443976402283,2.0585434436798096,2.332078218460083,2.3129048347473145
2015-12-30,8.199833869934082,22.730121612548828,0.7522778511047363,2.1347856521606445,2.323073625564575,2.3129048347473145
2015-12-31,8.09557819366455,22.694591522216797,0.7384108304977417,2.196733236312866,2.3140695095062256,2.3325893878936768
2016-01-04,8.068382263183594,22.65398406982422,0.741877555847168,2.0680737495422363,2.215023994445801,2.303062677383423
2016-01-05,7.968660831451416,22.37480354309082,0.7176105380058289,2.1300208568573,2.215023994445801,2.3129048347473145
2016-01-06,7.773748397827148,21.699703216552734,0.6829434037208557,2.1633763313293457,2.215023994445801,2.3129048347473145
2016-01-07,7.4020609855651855,20.659133911132812,0.6309426426887512,2.1633763313293457,2.0799615383148193,2.303062677383423
2016-01-08,7.411125659942627,21.268247604370117,0.6517428755760193,2.0537779331207275,2.1519947052001953,2.3129048347473145
2016-01-11,7.048501968383789,20.557607650756836,0.6274757385253906,2.010891914367676,2.043944835662842,2.303062677383423
2016-01-12,6.803730010986328,19.872360229492188,0.6170757412910461,1.9632405042648315,2.0529491901397705,2.2833786010742188
2016-01-13,6.694943428039551,20.07539939880371,0.6205424070358276,2.015657424926758,2.0799615383148193,2.2636942863464355
2016-01-14,6.7448039054870605,19.720081329345703,0.6274757385253906,2.00136137008667,2.0259363651275635,2.303062677383423
2016-01-15,6.830927848815918,20.05509376525879,0.6378759741783142,1.9108240604400635,1.9989241361618042,2.273536205291748
2016-01-18,6.631483554840088,19.638866424560547,0.6240090727806091,1.8631725311279297,1.9809157848358154,2.1357462406158447
2016-01-19,6.676812648773193,19.704851150512695,0.6240090727806091,1.9394142627716064,2.088965654373169,2.175114870071411
2016-01-20,6.44110631942749,19.161724090576172,0.6170757412910461,1.9108240604400635,2.0799615383148193,2.1160621643066406
2016-01-21,6.436574459075928,19.47136116027832,0.6170757412910461,1.844111680984497,2.016932487487793,2.027482509613037
2016-01-22,6.917051315307617,20.126157760620117,0.6656097769737244,1.90605890750885,2.088965654373169,2.0963778495788574
2016-01-25,6.9261155128479,19.877431869506836,0.6898767948150635,1.9441801309585571,2.133986473083496,2.1652727127075195
2016-01-26,,,,1.867937684059143,2.034940719604492,2.027482509613037
2016-01-27,6.803730010986328,19.344457626342773,0.6621429920196533,1.9251195192337036,2.034940719604492,2.0668511390686035
2016-01-28,6.844525337219238,19.76068878173828,0.6725431084632874,2.00136137008667,2.0079281330108643,2.125904083251953
2016-01-29,6.957846641540527,19.862207412719727,0.6760098934173584,2.010891914367676,2.0979697704315186,2.184957265853882
2016-02-01,6.912517070770264,19.78099250793457,0.6933435201644897,1.9441801309585571,2.0979697704315186,2.204641342163086
2016-02-02,6.762935638427734,19.055133819580078,0.6760098934173584,1.9489449262619019,2.1790072917938232,2.1652727127075195
2016-02-03,6.46830415725708,18.7962589263916,0.658676266670227,1.9394142627716064,2.2420365810394287,2.184957265853882
2016-02-04,7.003173828125,20.471323013305664,0.7522778511047363,1.987066388130188,2.2420365810394287,2.2440099716186523
2016-02-05,7.34313440322876,21.126121520996094,0.7938782572746277,2.0966644287109375,2.260044574737549,2.2636942863464355
2016-02-08,7.420193672180176,21.588031768798828,0.8216118812561035,,,
2016-02-09,7.27514123916626,21.319007873535156,0.7869448065757751,,,
2016-02-10,7.0938310623168945,21.07028579711914,0.7904114127159119,,,
2016-02-11,6.907983779907227,20.806333541870117,0.7696112990379333,1.9632405042648315,2.133986473083496,2.204641342163086
2016-02-12,6.839992046356201,20.54238510131836,0.7453442215919495,1.9775359630584717,2.088965654373169,2.184957265853882
2016-02-15,7.243413925170898,21.430675506591797,0.8042783737182617,2.006126880645752,2.160999059677124,2.2440099716186523
2016-02-16,7.5199127197265625,21.928123474121094,0.8424124717712402,2.11572527885437,2.215023994445801,2.253852128982544
2016-02-17,7.243413925170898,21.37484359741211,0.8354789614677429,2.11572527885437,2.1970155239105225,2.2932207584381104
2016-02-18,7.6830949783325195,22.029644012451172,0.8805461525917053,2.0966644287109375,2.278053045272827,2.322746992111206
2016-02-19,7.5289788246154785,21.63371467590332,0.8285455107688904,2.087134599685669,2.260044574737549,2.3129048347473145
2016-02-22,7.787348747253418,22.329126358032227,0.8320122361183167,2.1824371814727783,2.3140695095062256,2.3129048347473145
2016-02-23,7.991323471069336,22.648908615112305,0.8320122361183167,2.158611536026001,2.431123971939087,2.3129048347473145
2016-02-24,7.334068298339844,22.080808639526367,0.7834783792495728,2.1729066371917725,2.5751900672912598,2.3129048347473145
2016-02-25,7.25247859954834,21.712968826293945,0.8112117648124695,2.0537779331207275,2.4851489067077637,2.3129048347473145
2016-02-26,7.066633701324463,21.01933479309082,0.8389456272125244,2.1729066371917725,2.6112070083618164,2.4605371952056885
2016-02-29,7.057568550109863,21.166461944580078,0.866679310798645,2.0966644287109375,2.3951070308685303,2.450695037841797
2016-03-01,7.266076564788818,21.728729248046875,0.9013464450836182,2.1681416034698486,2.431123971939087,2.7262752056121826
2016-03-02,7.583372592926025,22.75342559814453,0.9186800122261047,2.306330919265747,2.5121612548828125,2.64753794670105
2016-03-03,7.81907844543457,23.226354598999023,0.9360136985778809,2.2872705459594727,2.56618595123291,2.7754859924316406
2016-03-04,8.009455680847168,23.594200134277344,0.9429470896720886,2.358747720718384,2.5931990146636963,2.814854621887207
2016-03-07,8.408343315124512,24.41920280456543,1.0018811225891113,2.430224895477295,2.54817795753479,2.8345389366149902
2016-03-08,8.254225730895996,23.783370971679688,1.0538820028305054,2.4111640453338623,2.5751900672912598,2.7558014392852783
2016-03-09,8.09557819366455,23.27890968322754,1.1058826446533203,2.277740478515625,2.422119617462158,2.686906576156616
2016-03-10,8.132323265075684,23.504867553710938,1.0885493755340576,2.2872705459594727,2.37709903717041,2.6573801040649414
2016-03-11,8.090971946716309,23.42078971862793,1.1266831159591675,2.325392007827759,2.431123971939087,2.6770644187927246
2016-03-14,8.150700569152832,23.368244171142578,1.1440167427062988,2.3349218368530273,2.431123971939087,2.7459592819213867
2016-03-15,7.8704352378845215,22.580015182495117,1.0920162200927734,2.2539143562316895,2.3861029148101807,2.7065906524658203
2016-03-16,7.755571365356445,22.432878494262695,1.0885493755340576,2.258679151535034,2.3861029148101807,2.7065906524658203
2016-03-17,7.943946838378906,22.97938346862793,1.0954829454421997,2.306330919265747,2.431123971939087,2.7065906524658203
2016-03-18,8.3161039352417,23.200082778930664,1.0885493755340576,2.4159297943115234,2.431123971939087,2.637695789337158
2016-03-21,8.3482666015625,23.173809051513672,1.074682354927063,2.5255281925201416,2.4131155014038086,2.667222499847412
2016-03-22,8.224214553833008,23.047697067260742,1.0850825309753418,2.473111391067505,2.3500864505767822,2.7065906524658203
2016-03-23,8.08637809753418,23.047697067260742,1.050415277481079,2.468346118927002,2.3140695095062256,2.637695789337158
2016-03-24,7.810706615447998,22.227941513061523,1.0712155103683472,2.4969372749328613,2.2690489292144775,2.6278538703918457
2016-03-29,7.677464485168457,22.14386558532715,1.0157480239868164,2.4969372749328613,2.2330322265625,2.618011713027954
2016-03-30,7.636114597320557,22.06504249572754,0.9949477910995483,2.492171287536621,2.260044574737549,2.64753794670105
2016-03-31,7.7463836669921875,22.432878494262695,1.0157480239868164,2.5684142112731934,2.2240281105041504,2.637695789337158
2016-04-01,7.796921253204346,22.669347763061523,1.0018811225891113,2.5731794834136963,2.305065631866455,2.568800687789917
2016-04-04,7.590167045593262,22.501195907592773,0.9880145192146301,,,
2016-04-05,7.34206485748291,22.049272537231445,0.9533473253250122,2.57794451713562,2.3140695095062256,2.5294320583343506
2016-04-06,7.415576457977295,22.248958587646484,0.9949477910995483,2.5207626819610596,2.323073625564575,2.598327159881592
2016-04-07,7.530439853668213,22.580015182495117,0.9949477910995483,2.4492855072021484,2.332078218460083,2.5589585304260254
2016-04-08,7.433955669403076,22.732406616210938,1.0122814178466797,2.4445199966430664,2.3140695095062256,2.5294320583343506
2016-04-11,7.603951930999756,23.268396377563477,1.0053482055664062,2.5255281925201416,2.4131155014038086,2.5589585304260254
2016-04-12,7.7647600173950195,23.820154190063477,1.0261483192443848,2.5159976482391357,2.404111385345459,2.598327159881592
2016-04-13,8.233403205871582,24.89739418029785,1.0712155103683472,2.630361318588257,2.4581363201141357,2.637695789337158
2016-04-14,8.66988468170166,25.538482666015625,1.0712155103683472,2.5636489391326904,2.449131965637207,2.6573801040649414
2016-04-15,8.858260154724121,25.328292846679688,1.074682354927063,2.5731794834136963,2.4401278495788574,2.598327159881592
2016-04-18,8.591774940490723,24.93418312072754,1.0365486145019531,2.5159976482391357,2.3590903282165527,2.568800687789917
2016-04-19,9.037445068359375,25.901071548461914,1.074682354927063,2.616065740585327,2.422119617462158,2.5884852409362793
2016-04-20,9.345281600952148,26.957286834716797,1.1232163906097412,2.620831251144409,2.422119617462158,2.64753794670105
2016-04-21,9.671491622924805,27.614147186279297,1.2133511304855347,2.697072982788086,2.476144552230835,2.7754859924316406
2016-04-22,9.354469299316406,26.79964828491211,1.1578835248947144,2.701838254928589,2.37709903717041,2.765643835067749
2016-04-25,,,,2.5970048904418945,2.3500864505767822,2.8050122261047363
2016-04-26,9.078797340393066,25.979890823364258,1.1162829399108887,2.611300468444824,2.3500864505767822,2.765643835067749
2016-04-27,9.028257369995117,25.44390106201172,1.1266831159591675,2.6541872024536133,2.422119617462158,2.765643835067749
2016-04-28,9.450953483581543,26.426549911499023,1.1440167427062988,2.6732475757598877,2.404111385345459,2.7065906524658203
2016-04-29,9.501496315002441,27.08866310119629,1.1509500741958618,2.7113685607910156,2.3410820960998535,2.6573801040649414
2016-05-02,9.611763954162598,27.535322189331055,1.1370831727981567,,,
2016-05-03,9.524467468261719,27.19375991821289,1.164816975593567,2.6494216918945312,2.3140695095062256,2.5786428451538086
2016-05-04,8.63312816619873,25.144371032714844,1.0677489042282104,2.6065351963043213,2.278053045272827,2.598327159881592
2016-05-05,8.46772289276123,25.25472640991211,1.0850825309753418,2.620831251144409,2.251040458679199,2.5589585304260254
2016-05-06,8.481508255004883,25.09182357788086,1.0920162200927734,2.6065351963043213,2.2330322265625,2.519589900970459
2016-05-09,8.458537101745605,24.56108856201172,1.1370831727981567,2.5350582599639893,2.188011407852173,2.499905824661255
2016-05-10,8.192052841186523,23.85694122314453,1.0816155672073364,2.4397552013397217,2.1790072917938232,2.519589900970459
2016-05-11,8.522858619689941,24.17748260498047,1.1232163906097412,2.4969372749328613,2.188011407852173,2.480221748352051
2016-05-12,8.541237831115723,24.119680404663086,1.164816975593567,2.5207626819610596,2.1700034141540527,2.480221748352051
2016-05-13,8.362049102783203,23.462827682495117,1.1717506647109985,2.4874064922332764,2.1249823570251465,2.480221748352051
2016-05-16,8.52745246887207,23.757097244262695,1.1544169187545776,2.5350582599639893,2.206019878387451,2.371958017349243
2016-05-17,8.826098442077637,24.103910446166992,1.1474833488464355,2.6827776432037354,2.188011407852173,2.2833786010742188
2016-05-18,8.927178382873535,24.0776424407959,1.1301499605178833,2.7066032886505127,2.1249823570251465,2.303062677383423
2016-05-19,8.5963716506958,23.27365493774414,1.0885493755340576,2.6398911476135254,2.0979697704315186,2.3424315452575684
2016-05-20,8.66069507598877,23.667766571044922,1.0920162200927734,2.6780126094818115,2.088965654373169,2.371958017349243
2016-05-23,8.440155982971191,23.12127113342285,1.112816333770752,2.687542200088501,2.0529491901397705,2.2833786010742188
2016-05-24,8.44475269317627,23.226354598999023,1.0850825309753418,2.6780126094818115,2.043944835662842,2.2932207584381104
2016-05-25,8.683667182922363,23.66250991821289,1.1024161577224731,2.658951997756958,2.0709571838378906,2.322746992111206
2016-05-26,8.917987823486328,23.89897918701172,1.1266831159591675,2.6446568965911865,2.088965654373169,2.3325893878936768
2016-05-27,8.89961051940918,23.557409286499023,1.1162829399108887,2.658951997756958,2.0979697704315186,2.3325893878936768
2016-05-30,8.839881896972656,23.52588653564453,1.1093496084213257,2.6494216918945312,2.1249823570251465,2.3129048347473145
2016-05-31,8.766369819641113,23.483844757080078,1.0816155672073364,2.6541872024536133,2.1159780025482178,2.3129048347473145
2016-06-01,8.495292663574219,23.010910034179688,1.0330817699432373,2.6398911476135254,2.1249823570251465,2.2833786010742188
2016-06-02,8.3804292678833,22.54323387145996,1.0053482055664062,2.7182559967041016,2.1429905891418457,2.253852128982544
2016-06-03,8.51366901397705,22.87954330444336,1.022681474685669,2.737847089767456,2.1429905891418457,2.273536205291748
2016-06-06,8.830693244934082,23.76235580444336,1.0781491994857788,2.737847089767456,2.1429905891418457,2.303062677383423
2016-06-07,9.087986946105957,24.193246841430664,1.0989494323730469,2.7280514240264893,2.215023994445801,2.3129048347473145
2016-06-08,8.977718353271484,23.736080169677734,1.1093496084213257,2.7084600925445557,2.1970155239105225,2.303062677383423
2016-06-09,9.009879112243652,23.877962112426758,1.1613502502441406,,,
2016-06-10,8.63772201538086,23.163305282592773,1.1301499605178833,2.630095958709717,2.1700034141540527,2.3129048347473145
2016-06-13,,,,2.5076518058776855,2.1159780025482178,2.253852128982544
2016-06-14,8.362049102783203,22.84276008605957,1.112816333770752,2.537038564682007,2.1249823570251465,2.2833786010742188
2016-06-15,8.187458038330078,22.574758529663086,1.0885493755340576,2.478264808654785,2.1249823570251465,2.2636942863464355
2016-06-16,8.219620704650879,22.601036071777344,1.0954829454421997,2.537038564682007,2.1159780025482178,2.253852128982544
2016-06-17,8.306916236877441,22.816486358642578,1.0816155672073364,2.5566294193267822,2.133986473083496,2.057008981704712
2016-06-20,8.66988468170166,23.536392211914062,1.0989494323730469,2.5762202739715576,2.160999059677124,2.1160621643066406
2016-06-21,8.587182998657227,23.231611251831055,1.1440167427062988,2.566425085067749,2.1790072917938232,2.1652727127075195
2016-06-22,8.5963716506958,23.426044464111328,1.1890840530395508,2.566425085067749,2.1970155239105225,2.273536205291748
2016-06-23,8.752586364746094,24.067129135131836,1.1925508975982666,2.5713229179382324,2.188011407852173,2.2341678142547607
2016-06-24,8.058812141418457,22.506452560424805,1.0989494323730469,2.4684700965881348,2.133986473083496,2.1357462406158447
2016-06-27,8.306916236877441,23.158048629760742,1.1162829399108887,2.4880611896514893,2.188011407852173,2.1652727127075195
2016-06-28,8.283942222595215,23.226354598999023,1.0816155672073364,2.4880611896514893,2.1790072917938232,2.175114870071411
2016-06-29,8.407994270324707,23.557409286499023,1.074682354927063,2.497856378555298,2.188011407852173,2.2341678142547607
2016-06-30,8.568803787231445,23.909486770629883,1.0677489042282104,2.5468344688415527,2.188011407852173,2.273536205291748
2016-07-01,8.770962715148926,24.209012985229492,1.0816155672073364,,,
2016-07-04,8.973124504089355,25.107589721679688,1.1058826446533203,2.6839709281921387,2.3410820960998535,2.4408531188964844
2016-07-05,8.936367988586426,25.102338790893555,1.119749903678894,2.620300531387329,2.3140695095062256,2.401484489440918
2016-07-06,8.5963716506958,24.597871780395508,1.1058826446533203,2.674175262451172,2.3410820960998535,2.35227370262146
2016-07-07,8.766369819641113,24.89739418029785,1.1405500173568726,2.6398916244506836,2.37709903717041,2.401484489440918
2016-07-08,8.752586364746094,25.380844116210938,1.1994844675064087,2.6398916244506836,2.37709903717041,2.4113266468048096
2016-07-11,9.00528335571289,26.02192497253418,1.282685399055481,2.6251978874206543,2.422119617462158,2.4408531188964844
2016-07-12,9.156903266906738,25.95887565612793,1.3520197868347168,2.6545844078063965,2.476144552230835,2.4900636672973633
2016-07-13,9.455548286437988,26.68404197692871,1.3277528285980225,2.659482002258301,2.4851489067077637,2.539274215698242
2016-07-14,9.345281600952148,26.37926483154297,1.2930852174758911,2.7231533527374268,2.4671404361724854,2.4605371952056885
2016-07-15,9.359066009521484,26.56317901611328,1.3381527662277222,2.7574377059936523,2.404111385345459,2.549116373062134
2016-07-18,9.290145874023438,26.347732543945312,1.3658868074417114,2.737847089767456,2.3680946826934814,2.618011713027954
2016-07-19,9.11095905303955,25.743427276611328,1.3034857511520386,2.698664665222168,2.3410820960998535,2.667222499847412
2016-07-20,8.844474792480469,25.223196029663086,1.282685399055481,2.767232894897461,2.323073625564575,2.7459592819213867
2016-07-21,8.84907054901123,25.496442794799805,1.2688184976577759,2.7721304893493652,2.3500864505767822,2.7951700687408447
2016-07-22,8.867449760437012,25.40711784362793,1.2653518915176392,2.644789218902588,2.2960615158081055,2.814854621887207
2016-07-25,8.839881896972656,25.296764373779297,1.2757519483566284,2.5860159397125244,2.3410820960998535,2.8246965408325195
2016-07-26,8.84907054901123,25.580528259277344,1.2722853422164917,2.6007091999053955,2.3410820960998535,2.844381093978882
2016-07-27,9.12474250793457,26.063968658447266,1.2688184976577759,2.5860159397125244,2.323073625564575,2.7951700687408447
2016-07-28,9.175283432006836,26.6104679107666,1.2930852174758911,2.590914011001587,2.2870569229125977,2.765643835067749
2016-07-29,8.968528747558594,26.04294776916504,1.2722853422164917,2.537038564682007,2.251040458679199,2.716433048248291
2016-08-01,9.037445068359375,26.116514205932617,1.289618730545044,2.6251978874206543,2.3500864505767822,2.686906576156616
2016-08-02,8.839881896972656,25.964134216308594,1.2965524196624756,2.6251978874206543,2.3500864505767822,2.686906576156616
2016-08-03,8.770962715148926,25.96938133239746,1.3312195539474487,2.7329490184783936,2.476144552230835,2.6278538703918457
2016-08-04,8.872042655944824,25.548994064331055,1.3416197299957275,2.806415319442749,2.4851489067077637,2.667222499847412
2016-08-05,9.202849388122559,26.02192497253418,1.3242859840393066,2.889677047729492,2.503156900405884,2.6770644187927246
2016-08-08,9.4096040725708,26.33721923828125,1.3589533567428589,3.0415072441101074,2.5391736030578613,2.765643835067749
2016-08-09,9.460144996643066,26.747102737426758,1.3485530614852905,3.036609649658203,2.521165370941162,2.8050122261047363
2016-08-10,9.391223907470703,26.57369041442871,1.3346861600875854,3.0415072441101074,2.5121612548828125,2.765643835067749
2016-08-11,9.30392837524414,26.43082046508789,1.3658868074417114,3.031712293624878,2.5301692485809326,2.7262752056121826
2016-08-12,9.501496315002441,26.4467716217041,1.379753589630127,3.075791597366333,2.5301692485809326,2.736117362976074
2016-08-15,9.262577056884766,25.54288101196289,1.3658868074417114,3.193338394165039,2.5301692485809326,2.765643835067749
2016-08-16,9.30392837524414,25.76619529724121,1.4005539417266846,3.183542490005493,2.56618595123291,2.7459592819213867
2016-08-17,9.607168197631836,26.351064682006836,1.4421541690826416,3.330475330352783,2.5841944217681885,2.736117362976074
2016-08-18,9.584197998046875,26.22345542907715,1.4421541690826416,3.354963541030884,2.56618595123291,2.736117362976074
2016-08-19,9.781760215759277,26.473360061645508,1.4144207239151,3.2521109580993652,2.5571818351745605,2.7459592819213867
2016-08-22,9.6255464553833,26.159656524658203,1.4005539417266846,3.2276225090026855,2.56618595123291,2.844381093978882
2016-08-23,9.685274124145508,26.079896926879883,1.4074876308441162,3.1786446571350098,2.54817795753479,2.9723289012908936
2016-08-24,9.841490745544434,26.489303588867188,1.4213539361953735,3.325577974319458,2.56618595123291,2.932960271835327
2016-08-25,9.662302017211914,26.106483459472656,1.393620491027832,3.3059864044189453,2.5751900672912598,2.864065408706665
2016-08-26,9.593384742736816,25.95760726928711,1.3832200765609741,3.2814972400665283,2.5751900672912598,2.844381093978882
2016-08-29,9.61635684967041,25.798091888427734,1.3728201389312744,3.2521109580993652,2.5571818351745605,2.8246965408325195
2016-08-30,9.699060440063477,26.00014877319336,1.3832200765609741,3.2374181747436523,2.5841944217681885,2.785327911376953
2016-08-31,9.386630058288574,25.30892562866211,1.3312195539474487,3.261906623840332,2.620211124420166,2.785327911376953
2016-09-01,9.20931625366211,24.984588623046875,1.3208192586898804,3.2423155307769775,2.602202892303467,2.7065906524658203
2016-09-02,9.213957786560059,25.207908630371094,1.3658868074417114,3.276599884033203,2.5931990146636963,2.716433048248291
2016-09-05,9.441407203674316,25.574783325195312,1.4074876308441162,3.2912933826446533,2.5931990146636963,2.8246965408325195
2016-09-06,9.543526649475098,25.803407669067383,1.4629547595977783,3.369657278060913,2.647223949432373,2.8345389366149902
2016-09-07,9.51567554473877,25.606679916381836,1.483755111694336,3.4186346530914307,2.620211124420166,2.864065408706665
2016-09-08,9.404271125793457,25.53225326538086,1.4560211896896362,3.438225746154785,2.6562278270721436,2.8739075660705566
2016-09-09,9.645646095275879,25.840627670288086,1.5322891473770142,3.487203359603882,2.665231943130493,2.8542230129241943
2016-09-12,9.255735397338867,25.207908630371094,1.4698879718780518,3.3451685905456543,2.5121612548828125,2.7754859924316406
2016-09-13,9.283585548400879,25.2344970703125,1.4698879718780518,3.2912933826446533,2.503156900405884,2.7754859924316406
2016-09-14,9.190750122070312,24.899524688720703,1.5045557022094727,3.354963541030884,2.521165370941162,2.7459592819213867
2016-09-15,9.316079139709473,25.027130126953125,1.5625945329666138,3.5116922855377197,2.494152784347534,2.8246965408325195
2016-09-16,9.325362205505371,24.777233123779297,1.5904978513717651,,,
2016-09-19,9.348572731018066,24.740015029907227,1.611425518989563,3.4823062419891357,2.5301692485809326,2.736117362976074
2016-09-20,9.566734313964844,25.12283706665039,1.6253770589828491,3.4284305572509766,2.5571818351745605,2.7262752056121826
2016-09-21,9.617794036865234,25.33551788330078,1.6602568626403809,3.43332839012146,2.54817795753479,2.6081693172454834
2016-09-22,9.877734184265137,26.159656524658203,1.6811842918395996,3.477407455444336,2.5841944217681885,2.5294320583343506
2016-09-23,9.993780136108398,26.62223243713379,1.6742085218429565,3.43332839012146,2.5751900672912598,2.5097477436065674
2016-09-26,10.003064155578613,26.78706169128418,1.6951360702514648,3.4186346530914307,2.5391736030578613,2.539274215698242
2016-09-27,9.97985553741455,26.590330123901367,1.6672329902648926,3.296191453933716,2.5301692485809326,2.5294320583343506
2016-09-28,9.92879581451416,26.58501625061035,1.6602568626403809,3.296191453933716,2.521165370941162,2.480221748352051
2016-09-29,10.397616386413574,27.568660736083984,1.7021121978759766,3.3892483711242676,2.56618595123291,2.516331672668457
2016-09-30,10.388331413269043,27.44105339050293,1.6811842918395996,3.4186346530914307,2.5301692485809326,2.44698429107666
2016-10-03,10.560078620910645,27.59524917602539,1.7230395078659058,3.394145965576172,2.5751900672912598,2.6054935455322266
2016-10-04,10.629704475402832,27.90363121032715,1.7230395078659058,3.43332839012146,2.602202892303467,2.793722629547119
2016-10-05,10.606496810913086,27.59524917602539,1.7300153970718384,3.4529192447662354,2.647223949432373,2.8234429359436035
2016-10-06,10.731825828552246,27.760066986083984,1.771870732307434,3.4284305572509766,2.6562278270721436,2.7640023231506348
2016-10-07,10.815377235412598,27.648414611816406,1.6951360702514648,3.423532724380493,2.6832401752471924,2.7342817783355713
2016-10-10,10.861794471740723,27.70690155029297,1.6881600618362427,,,
2016-10-11,11.047467231750488,28.286453247070312,1.764894962310791,3.3794524669647217,2.6112070083618164,2.724375009536743
2016-10-12,10.880362510681152,28.18011474609375,1.7369911670684814,3.330475330352783,2.6112070083618164,2.6748409271240234
2016-10-13,10.560078620910645,27.419782638549805,1.6881600618362427,3.3451685905456543,2.6112070083618164,2.655027389526367
2016-10-14,10.462599754333496,27.14329719543457,1.7300153970718384,3.3451685905456543,2.6112070083618164,2.6154003143310547
2016-10-17,10.392972946166992,26.9146671295166,1.7369911670684814,3.369657278060913,2.6112070083618164,2.5658657550811768
2016-10-18,10.50901985168457,26.909351348876953,1.7230395078659058,3.423532724380493,2.6382193565368652,2.575772523880005
2016-10-19,10.430109977722168,26.97847557067871,1.806749701499939,3.3794524669647217,2.6292154788970947,2.5262386798858643
2016-10-20,10.606496810913086,27.09544563293457,1.7997738122940063,3.286395311355591,2.602202892303467,2.516331672668457
2016-10-21,10.69468879699707,27.09012794494629,1.8207018375396729,3.286395311355591,2.602202892303467,2.516331672668457
2016-10-24,10.717899322509766,27.238998413085938,1.8137255907058716,3.408839464187622,2.602202892303467,2.4767045974731445
2016-10-25,10.76431941986084,27.90363121032715,1.8416293859481812,3.477407455444336,2.5931990146636963,2.516331672668457
2016-10-26,10.60185432434082,28.37684440612793,1.8207018375396729,3.5312836170196533,2.6562278270721436,2.516331672668457
2016-10-27,10.448678016662598,28.339622497558594,1.6742085218429565,3.501896381378174,2.7012484073638916,2.5460522174835205
2016-10-28,10.666839599609375,28.578886032104492,1.764894962310791,3.501896381378174,2.620211124420166,2.714468240737915
2016-10-31,10.708617210388184,28.80752182006836,1.7927982807159424,3.3990440368652344,2.5931990146636963,2.7342817783355713
2016-11-01,10.583290100097656,28.818157196044922,1.8346534967422485,3.408839464187622,2.602202892303467,2.773909091949463
2016-11-02,10.471883773803711,28.658641815185547,1.8276777267456055,3.340270757675171,2.6112070083618164,2.8036293983459473
2016-11-03,10.518302917480469,28.520402908325195,1.7997738122940063,3.3353731632232666,2.6112070083618164,2.7342817783355713
2016-11-04,10.337273597717285,28.34494400024414,1.764894962310791,3.354963541030884,2.620211124420166,2.724375009536743
2016-11-07,10.536869049072266,28.669281005859375,1.7579188346862793,3.354963541030884,2.692244291305542,2.714468240737915
2016-11-08,10.815377235412598,29.13186264038086,1.806749701499939,3.3353731632232666,2.764277696609497,2.8234429359436035
2016-11-09,10.471883773803711,28.568260192871094,1.7300153970718384,3.3451685905456543,2.764277696609497,2.7342817783355713
2016-11-10,11.335257530212402,30.90773582458496,1.8695329427719116,3.550874710083008,3.0253984928131104,3.1701819896698
2016-11-11,11.576630592346191,31.66274642944336,1.9671947956085205,3.6243410110473633,3.0253984928131104,3.2890634536743164
2016-11-14,11.5302152633667,31.604263305664062,1.9323153495788574,3.541078805923462,2.9983859062194824,3.249436378479004
2016-11-15,11.39560317993164,31.343732833862305,1.8276777267456055,3.4529192447662354,2.9263527393341064,3.130554676055908
2016-11-16,11.13101863861084,30.275012969970703,1.8137255907058716,3.4529192447662354,2.9263527393341064,3.130554676055908
2016-11-17,11.168152809143066,30.62061882019043,1.8276777267456055,3.487203359603882,3.0704193115234375,3.1503684520721436
2016-11-18,11.186723709106445,30.503639221191406,1.7997738122940063,3.44802188873291,2.962369441986084,2.991859197616577
2016-11-21,11.270272254943848,30.5142822265625,1.7997738122940063,3.394145965576172,3.007390260696411,3.0215795040130615
2016-11-22,11.7158842086792,31.194854736328125,1.8974360227584839,3.3892483711242676,3.061415195465088,3.2098090648651123
2016-11-23,12.026885032653809,31.981769561767578,2.009050130844116,3.47251033782959,3.0434069633483887,3.31878399848938
2016-11-24,12.026885032653809,32.061527252197266,1.988122582435608,3.438225746154785,3.2234902381896973,3.4971067905426025
2016-11-25,12.300750732421875,32.83781051635742,1.988122582435608,3.487203359603882,3.2234902381896973,3.378225326538086
2016-11-28,11.980467796325684,32.46030044555664,1.9811464548110962,3.501896381378174,3.277514934539795,3.4178524017333984
2016-11-29,11.81800365447998,32.109378814697266,1.953243374824524,3.526385545730591,3.250502347946167,3.3088772296905518
2016-11-30,11.330615997314453,30.7056941986084,1.8904602527618408,3.526385545730591,3.1154401302337646,3.199902296066284
2016-12-01,11.887629508972168,31.21080780029297,2.009050130844116,3.5655677318573,3.2144861221313477,3.31878399848938
2016-12-02,11.613767623901367,30.85988426208496,1.9741703271865845,3.555772066116333,3.1874735355377197,3.31878399848938
2016-12-05,11.688034057617188,31.1629581451416,2.0230021476745605,3.5753636360168457,3.1874735355377197,3.3485047817230225
2016-12-06,11.827287673950195,31.44474983215332,2.085784435272217,3.550874710083008,3.2595064640045166,3.4971067905426025
2016-12-07,11.943333625793457,32.343326568603516,2.0718331336975098,3.47251033782959,3.1964774131774902,3.606081962585449
2016-12-08,12.087226867675781,33.353553771972656,2.0927603244781494,3.550874710083008,3.2144861221313477,3.5664544105529785
2016-12-09,12.05937671661377,33.31101989746094,2.0439295768737793,3.526385545730591,3.160460948944092,3.467386484146118
2016-12-12,12.21720027923584,33.385459899902344,2.0578811168670654,3.521487236022949,3.106436252593994,3.45747971534729
2016-12-13,12.124363899230957,32.56663513183594,2.016026258468628,3.521487236022949,3.124444007873535,3.467386484146118
2016-12-14,11.97582721710205,32.412445068359375,1.9811464548110962,3.5067944526672363,3.079423666000366,3.4079456329345703
2016-12-15,11.757661819458008,31.94986343383789,1.9113878011703491,3.4284305572509766,2.935356616973877,3.26924991607666
2016-12-16,11.604480743408203,31.524511337280273,1.8207018375396729,3.4186346530914307,2.890336036682129,3.2197160720825195
2016-12-19,11.646257400512695,31.66274642944336,1.8555811643600464,3.3059864044189453,2.8543193340301514,3.26924991607666
2016-12-20,11.562705039978027,31.508562088012695,1.8276777267456055,3.301088809967041,2.86332368850708,3.12064790725708
2016-12-21,11.683394432067871,31.9658203125,1.862557053565979,3.330475330352783,2.8363113403320312,3.1701819896698
2016-12-22,11.669466972351074,31.94986343383789,1.8834842443466187,3.3451685905456543,2.791290044784546,3.180088758468628
2016-12-23,11.432733535766602,31.248029708862305,1.9044122695922852,3.301088809967041,2.8002943992614746,3.110741138458252
2016-12-28,11.808720588684082,31.99240493774414,1.9602185487747192,3.2814972400665283,2.8002943992614746,3.189995527267456
2016-12-29,11.836573600769043,32.290157318115234,1.9462677240371704,3.2668039798736572,2.7732815742492676,3.1602752208709717
2016-12-30,11.632332801818848,31.848848342895508,1.9183639287948608,3.340270757675171,2.8813316822052,3.249436378479004
2017-01-03,11.81800365447998,32.4230842590332,1.99509859085083,3.3059864044189453,2.8813316822052,3.328690767288208
2017-01-04,11.887629508972168,32.11470413208008,1.9811464548110962,3.3059864044189453,2.935356616973877,3.45747971534729
2017-01-05,11.896915435791016,32.16786575317383,2.0020742416381836,3.2814972400665283,2.9983859062194824,3.467386484146118
2017-01-06,11.836573600769043,31.97113609313965,1.9602185487747192,3.296191453933716,2.9713735580444336,3.4376659393310547
2017-01-09,11.822649002075195,31.556406021118164,1.9323153495788574,3.2814972400665283,2.8993401527404785,3.398038864135742
2017-01-10,11.771586418151855,31.875431060791016,1.9671947956085205,3.2814972400665283,2.953364849090576,3.3683183193206787
2017-01-11,12.077943801879883,33.114295959472656,2.0020742416381836,3.354963541030884,3.151456832885742,3.4178524017333984
2017-01-12,12.235764503479004,33.4279899597168,1.9811464548110962,3.3353731632232666,3.061415195465088,3.3683183193206787
2017-01-13,12.221839904785156,33.01326370239258,1.9671947956085205,3.330475330352783,3.0704193115234375,3.4178524017333984
2017-01-16,12.426081657409668,33.61408615112305,1.99509859085083,3.3843510150909424,3.0434069633483887,3.3485047817230225
2017-01-17,12.39822769165039,33.337615966796875,1.9323153495788574,3.4823062419891357,3.061415195465088,3.5565476417541504
2017-01-18,12.31003475189209,33.57155227661133,1.9602185487747192,3.4627151489257812,3.151456832885742,3.606081962585449
2017-01-19,12.388946533203125,33.77891540527344,1.9392913579940796,3.4039411544799805,3.2144861221313477,3.675429582595825
2017-01-20,12.231122970581055,33.14087677001953,1.8555811643600464,3.3794524669647217,3.106436252593994,3.675429582595825
2017-01-23,12.240408897399902,33.17809295654297,1.7858222723007202,3.4431233406066895,3.2324941158294678,3.675429582595825
2017-01-24,12.537480354309082,34.43291473388672,1.8974360227584839,3.457817316055298,3.520627498626709,3.9131932258605957
2017-01-25,12.945960998535156,35.74620819091797,1.988122582435608,3.648829460144043,3.6736981868743896,4.259932041168213
2017-01-26,,,,3.957387685775757,3.6827023029327393,4.636390686035156
2017-01-27,12.774213790893555,36.07585906982422,1.988122582435608,3.918205976486206,3.619673013687134,4.814713954925537
2017-01-30,12.699947357177734,36.065223693847656,1.953243374824524,,,
2017-01-31,12.365735054016113,35.453773498535156,1.9183639287948608,,,
2017-02-01,12.569976806640625,35.64518737792969,1.9392913579940796,3.9671831130981445,3.7547354698181152,4.755273342132568
2017-02-02,12.551409721374512,35.724945068359375,1.953243374824524,3.888819456100464,3.7547354698181152,4.814713954925537
2017-02-03,12.16149616241455,34.31061935424805,1.8974360227584839,3.859433174133301,3.6106691360473633,4.646297931671143
2017-02-06,12.026885032653809,34.50202560424805,1.8137255907058716,3.8839211463928223,3.664694309234619,4.398627281188965
2017-02-07,12.050095558166504,34.645591735839844,1.8276777267456055,3.932898759841919,3.637681722640991,4.408533573150635
2017-02-08,11.947976112365723,34.92738723754883,1.8416293859481812,3.918205976486206,3.709714889526367,4.259932041168213
2017-02-09,11.7994384765625,34.69343948364258,1.7927982807159424,3.976979970932007,3.646685838699341,4.23021125793457
2017-02-10,12.012962341308594,35.06563186645508,1.771870732307434,3.932898759841919,3.691706657409668,4.111329555511475
2017-02-13,12.27754020690918,36.32576370239258,1.7858222723007202,4.030854225158691,3.7907519340515137,4.051888942718506
2017-02-14,12.16614055633545,36.42679214477539,1.862557053565979,4.08473014831543,3.862785577774048,3.9131932258605957
2017-02-15,12.319318771362305,36.36829376220703,1.862557053565979,4.001468658447266,3.8717896938323975,4.200490474700928
2017-02-16,12.504990577697754,36.83087158203125,1.8276777267456055,4.01616096496582,3.8267688751220703,4.150957107543945
2017-02-17,12.365735054016113,36.043968200683594,1.8765085935592651,3.957387685775757,3.709714889526367,4.141049861907959
2017-02-20,12.286825180053711,35.964202880859375,1.8416293859481812,3.981877326965332,3.7277231216430664,4.081608772277832
2017-02-21,12.407510757446289,36.6819953918457,1.7927982807159424,4.045548439025879,3.7277231216430664,4.061795234680176
2017-02-22,12.323960304260254,36.889366149902344,1.8137255907058716,4.065138816833496,3.8267688751220703,4.071702480316162
2017-02-23,11.994394302368164,35.72197341918945,1.7439671754837036,4.104320526123047,3.7817482948303223,4.03207540512085
2017-02-24,11.632332801818848,34.24082565307617,1.7160636186599731,3.932898759841919,3.5296318531036377,3.9032864570617676
2017-02-27,11.59984016418457,34.02845764160156,1.7300153970718384,3.8692286014556885,3.565648317337036,3.9528205394744873
2017-02-28,11.604480743408203,33.75617980957031,1.7369911670684814,3.82025146484375,3.4846105575561523,3.843845844268799
2017-03-01,11.548782348632812,33.41856002807617,1.7369911670684814,3.501896381378174,3.7457315921783447,3.992448091506958
2017-03-02,11.92940616607666,34.59476852416992,1.8974360227584839,3.501896381378174,3.7817482948303223,4.101422309875488
2017-03-03,11.762304306030273,33.173519134521484,1.8834842443466187,3.501896381378174,3.718719244003296,3.992448091506958
2017-03-06,11.952615737915039,33.83241653442383,1.9392913579940796,3.501896381378174,3.7817482948303223,3.942913770675659
2017-03-07,11.836573600769043,33.549251556396484,1.9671947956085205,3.477407455444336,3.7277231216430664,3.9131932258605957
2017-03-08,11.7112398147583,33.429447174072266,1.953243374824524,3.516589641571045,3.664694309234619,3.8933796882629395
2017-03-09,11.391383171081543,32.74877166748047,1.8948012590408325,3.487203359603882,3.5566439628601074,3.7546839714050293
2017-03-10,11.253508567810059,32.11165237426758,1.8877043724060059,3.4823062419891357,3.5566439628601074,3.4971067905426025
2017-03-13,11.243998527526855,32.21513366699219,1.838027834892273,3.6194422245025635,3.5836565494537354,3.7546839714050293
2017-03-14,11.348597526550293,32.4002685546875,1.9160906076431274,3.516589641571045,3.5566439628601074,3.665522813796997
2017-03-15,11.514996528625488,33.12450408935547,1.9160906076431274,3.4969985485076904,3.547639846801758,3.6853365898132324
2017-03-16,11.942886352539062,33.886871337890625,1.9515742063522339,3.526385545730591,3.7277231216430664,3.8834729194641113
2017-03-17,11.80976390838623,34.26804733276367,1.9870573282241821,3.501896381378174,3.619673013687134,3.9627273082733154
2017-03-20,11.82878303527832,33.97399139404297,1.972864031791687,3.4284305572509766,3.547639846801758,3.992448091506958
2017-03-21,11.714677810668945,33.54380798339844,1.930283784866333,3.4529192447662354,3.5296318531036377,3.9726343154907227
2017-03-22,11.372367858886719,32.67253875732422,1.8806073665618896,3.4529192447662354,3.4666025638580322,3.8240315914154053
2017-03-23,11.500732421875,32.67253875732422,1.9515742063522339,3.4529192447662354,3.5116233825683594,3.9032864570617676
2017-03-24,11.534012794494629,32.732444763183594,1.930283784866333,3.4529192447662354,3.4575982093811035,3.814124822616577
2017-03-27,11.196454048156738,32.13888931274414,1.8948012590408325,3.4529192447662354,3.2414982318878174,3.6952433586120605
2017-03-28,11.362857818603516,32.63442611694336,1.9160906076431274,3.4529192447662354,3.4035732746124268,3.804218053817749
2017-03-29,11.396138191223145,32.863128662109375,1.9444772005081177,3.4529192447662354,3.3945693969726562,3.804218053817749
2017-03-30,11.443681716918945,32.939361572265625,1.9799610376358032,3.4529192447662354,3.421581506729126,3.9726343154907227
2017-03-31,11.429417610168457,32.92302703857422,1.958670735359192,3.4529192447662354,3.421581506729126,3.992448091506958
2017-04-03,11.41040325164795,32.67798614501953,1.9799610376358032,3.4529192447662354,3.5296318531036377,3.9726343154907227
2017-04-04,11.372367858886719,32.61808776855469,2.029637336730957,,,
2017-04-05,11.766976356506348,33.609153747558594,2.1006035804748535,3.4529192447662354,3.637681722640991,4.022168159484863
2017-04-06,11.728939056396484,33.04282760620117,2.093506336212158,3.4529192447662354,3.619673013687134,3.992448091506958
2017-04-07,11.690906524658203,32.67798614501953,2.065120220184326,3.4529192447662354,3.664694309234619,4.022168159484863
2017-04-10,12.232900619506836,33.12995910644531,2.1147968769073486,3.4529192447662354,3.646685838699341,3.9131932258605957
2017-04-11,12.080760955810547,33.777957916259766,2.1147968769073486,3.4529192447662354,3.5746521949768066,3.8933796882629395
2017-04-12,12.037972450256348,33.701725006103516,2.1006035804748535,3.4529192447662354,3.547639846801758,3.9032864570617676
2017-04-13,11.557784080505371,32.209678649902344,2.0083467960357666,3.4529192447662354,3.5026192665100098,3.794311285018921
2017-04-18,11.377119064331055,31.58345603942871,1.9799610376358032,3.4529192447662354,3.637681722640991,3.7645909786224365
2017-04-19,11.372367858886719,32.07353973388672,1.9444772005081177,3.4529192447662354,3.736727237701416,3.7051501274108887
2017-04-20,11.243998527526855,31.94829750061035,1.930283784866333,3.4529192447662354,3.736727237701416,3.724963665008545
2017-04-21,11.429417610168457,32.803226470947266,1.972864031791687,3.4529192447662354,3.646685838699341,3.7844045162200928
2017-04-24,11.381874084472656,32.574520111083984,1.972864031791687,3.4529192447662354,3.565648317337036,3.794311285018921
2017-04-25,,,,3.4529192447662354,3.5746521949768066,3.8933796882629395
2017-04-26,11.44843578338623,32.9448127746582,1.972864031791687,3.4529192447662354,3.565648317337036,4.002354621887207
2017-04-27,11.348597526550293,32.563629150390625,1.994153618812561,3.4529192447662354,3.5026192665100098,3.9726343154907227
2017-04-28,11.277278900146484,32.91213607788086,1.972864031791687,3.4529192447662354,3.448594093322754,3.9528205394744873
2017-05-01,11.353347778320312,32.59085464477539,1.930283784866333,,,
2017-05-02,11.296294212341309,32.650753021240234,1.9515742063522339,3.4529192447662354,3.4305858612060547,3.9627273082733154
2017-05-03,11.034806251525879,32.34036636352539,1.930283784866333,,,
2017-05-04,11.049072265625,31.75770378112793,1.9018977880477905,3.4529192447662354,3.2955234050750732,3.804218053817749
2017-05-05,10.754301071166992,31.1205997467041,1.8593181371688843,3.4529192447662354,3.1874735355377197,3.7744977474212646
2017-05-08,10.920705795288086,31.84483528137207,1.9089945554733276,3.4529192447662354,3.1874735355377197,3.724963665008545
2017-05-09,11.011034965515137,32.01363754272461,1.9373807907104492,3.4529192447662354,3.2685110569000244,3.715056896209717
2017-05-10,11.177437782287598,32.67253875732422,1.8877043724060059,3.4529192447662354,3.124444007873535,3.6853365898132324
2017-05-11,11.220227241516113,32.4438362121582,1.8806073665618896,3.4529192447662354,3.20548152923584,3.715056896209717
2017-05-12,11.29154109954834,32.563629150390625,1.8735111951828003,3.4529192447662354,3.2144861221313477,3.7744977474212646
2017-05-15,11.324823379516602,32.36759567260742,1.9018977880477905,3.4529192447662354,3.2234902381896973,3.7844045162200928
2017-05-16,11.419910430908203,32.82501220703125,1.930283784866333,3.4529192447662354,3.1874735355377197,3.8240315914154053
2017-05-17,11.443681716918945,33.55469512939453,1.8948012590408325,3.4529192447662354,3.1964774131774902,3.814124822616577
2017-05-18,11.386630058288574,33.65816116333008,1.8593181371688843,3.4529192447662354,3.1424527168273926,3.804218053817749
2017-05-19,11.543521881103516,34.442298889160156,1.8593181371688843,3.4529192447662354,3.20548152923584,3.734870433807373
2017-05-22,11.709922790527344,35.50415802001953,1.9089945554733276,3.4529192447662354,3.2595064640045166,3.724963665008545
2017-05-23,11.572046279907227,35.2536735534668,1.9089945554733276,3.4529192447662354,3.2144861221313477,3.724963665008545
2017-05-24,11.505489349365234,34.78535842895508,1.8735111951828003,3.4529192447662354,3.20548152923584,3.7844045162200928
2017-05-25,11.648118019104004,35.286346435546875,1.9373807907104492,3.4529192447662354,3.250502347946167,3.7744977474212646
2017-05-26,11.415155410766602,34.65467071533203,1.9160906076431274,3.4529192447662354,3.3135316371917725,3.794311285018921
2017-05-29,11.334329605102539,34.126461029052734,1.9231873750686646,3.4529192447662354,3.3135316371917725,3.7546839714050293
2017-05-30,11.41040325164795,34.45319366455078,1.9231873750686646,,,
2017-05-31,11.362857818603516,34.20270538330078,1.8735111951828003,3.4529192447662354,3.2685110569000244,3.7844045162200928
2017-06-01,11.282034873962402,33.62548828125,1.838027834892273,3.4529192447662354,3.2685110569000244,3.7844045162200928
2017-06-02,11.443681716918945,34.20814514160156,1.8593181371688843,3.4529192447662354,3.20548152923584,3.734870433807373
2017-06-05,11.248750686645508,33.761619567871094,1.8593181371688843,3.4529192447662354,3.1964774131774902,3.744777202606201
2017-06-06,11.096614837646484,33.4730224609375,1.8593181371688843,3.4529192447662354,3.178469181060791,3.724963665008545
2017-06-07,11.025301933288574,33.587371826171875,1.8877043724060059,3.4529192447662354,3.3585524559020996,3.804218053817749
2017-06-08,11.082352638244629,33.81607437133789,1.8948012590408325,3.4529192447662354,3.3135316371917725,3.794311285018921
2017-06-09,11.19170093536377,34.27348709106445,1.8948012590408325,3.4529192447662354,3.3135316371917725,3.7546839714050293
2017-06-12,,,,3.4529192447662354,3.277514934539795,3.7645909786224365
2017-06-13,11.253508567810059,34.093788146972656,1.9373807907104492,3.4529192447662354,3.439589738845825,3.744777202606201
2017-06-14,11.263017654418945,34.08290100097656,1.9657669067382812,3.4529192447662354,3.5566439628601074,3.724963665008545
2017-06-15,10.93972110748291,32.82501220703125,1.8877043724060059,3.4529192447662354,3.3855650424957275,3.655616044998169
2017-06-16,10.930211067199707,32.71609878540039,1.8522212505340576,3.4529192447662354,3.4035732746124268,3.655616044998169
2017-06-19,10.934969902038574,32.69976806640625,1.8451242446899414,3.4529192447662354,3.5296318531036377,3.6358025074005127
2017-06-20,10.915952682495117,32.52007293701172,1.8238345384597778,3.4529192447662354,3.646685838699341,3.744777202606201
2017-06-21,10.507078170776367,31.58345603942871,1.7812548875808716,3.4529192447662354,3.6286773681640625,3.655616044998169
2017-06-22,10.530848503112793,31.784931182861328,1.7883516550064087,3.4529192447662354,3.5296318531036377,3.675429582595825
2017-06-23,10.654459953308105,32.035423278808594,1.8238345384597778,3.4529192447662354,3.448594093322754,3.6853365898132324
2017-06-26,10.673480033874512,32.438385009765625,1.838027834892273,3.4529192447662354,3.4846105575561523,3.665522813796997
2017-06-27,10.678231239318848,32.59085464477539,1.8664145469665527,3.4529192447662354,3.493614912033081,3.665522813796997
2017-06-28,10.882667541503906,33.402225494384766,1.9089945554733276,3.4529192447662354,3.5746521949768066,3.715056896209717
2017-06-29,11.163174629211426,34.518531799316406,1.958670735359192,3.4529192447662354,3.637681722640991,3.734870433807373
2017-06-30,11.068089485168457,34.45319366455078,1.9018977880477905,3.4529192447662354,3.6016650199890137,3.794311285018921
2017-07-03,11.044320106506348,34.63288497924805,1.9018977880477905,3.4529192447662354,3.7457315921783447,3.923100233078003
2017-07-04,11.296294212341309,34.90515899658203,1.9373807907104492,3.4529192447662354,3.7277231216430664,3.863659381866455
2017-07-05,11.481715202331543,35.50415802001953,1.958670735359192,3.4529192447662354,3.7547354698181152,3.9726343154907227
2017-07-06,11.55302906036377,35.0467414855957,1.9870573282241821,3.4529192447662354,3.7817482948303223,3.9627273082733154
2017-07-07,11.690906524658203,35.417030334472656,1.994153618812561,3.4529192447662354,3.862785577774048,3.942913770675659
2017-07-10,11.657626152038574,35.449703216552734,1.930283784866333,3.4529192447662354,3.7547354698181152,3.863659381866455
2017-07-11,11.78123950958252,35.73286437988281,1.9657669067382812,3.4529192447662354,3.664694309234619,3.8339383602142334
2017-07-12,11.82878303527832,35.76008987426758,1.958670735359192,3.4529192447662354,3.7277231216430664,3.8339383602142334
2017-07-13,11.885832786560059,35.60762023925781,1.9799610376358032,3.4529192447662354,3.8177647590637207,3.9131932258605957
2017-07-14,11.947641372680664,35.68386459350586,1.958670735359192,3.4529192447662354,3.9438230991363525,4.091516017913818
2017-07-17,11.966659545898438,35.89622497558594,2.05092716217041,3.4529192447662354,4.096893310546875,4.32927942276001
2017-07-18,11.933377265930176,35.362579345703125,2.05092716217041,3.4529192447662354,4.2319560050964355,4.299559593200684
2017-07-19,11.805011749267578,35.12297821044922,2.015443801879883,3.4529192447662354,4.3400068283081055,4.269838809967041
2017-07-20,11.871574401855469,35.0576286315918,1.9799610376358032,3.4529192447662354,4.222952365875244,4.269838809967041
2017-07-21,11.643362045288086,34.333396911621094,1.930283784866333,3.4529192447662354,4.195939540863037,4.160863399505615
2017-07-24,11.60057258605957,34.0992431640625,1.958670735359192,3.4529192447662354,4.213947772979736,4.081608772277832
2017-07-25,11.676645278930664,34.3061637878418,1.9373807907104492,3.4529192447662354,4.285981178283691,4.111329555511475
2017-07-26,12.061746597290039,35.204654693603516,2.022540330886841,3.4529192447662354,4.412039756774902,4.160863399505615
2017-07-27,12.194868087768555,35.417030334472656,2.065120220184326,3.4529192447662354,4.349009990692139,4.31937313079834
2017-07-28,12.04272747039795,34.98139572143555,2.022540330886841,3.4529192447662354,4.276977062225342,4.3094658851623535
2017-07-31,12.28995132446289,35.825443267822266,2.065120220184326,3.4529192447662354,4.412039756774902,4.2203049659729
2017-08-01,12.437336921691895,35.91256332397461,2.1006035804748535,3.4529192447662354,4.412039756774902,4.299559593200684
2017-08-02,12.242409706115723,35.8526611328125,2.0864100456237793,3.4529192447662354,4.628139019012451,4.458068370819092
2017-08-03,12.19011116027832,34.959617614746094,2.072216749191284,3.4529192447662354,4.7632012367248535,4.735459804534912
2017-08-04,12.228143692016602,35.525943756103516,2.065120220184326,3.4529192447662354,4.547101974487305,4.745366096496582
2017-08-07,12.437336921691895,36.13037872314453,2.1360864639282227,3.4529192447662354,4.835234642028809,4.913782119750977
2017-08-08,12.40881061553955,35.967018127441406,2.1360864639282227,3.4529192447662354,5.222414016723633,5.220893383026123
2017-08-09,12.461108207702637,36.16849899291992,2.157376289367676,3.4529192447662354,5.411502361297607,5.458657264709473
2017-08-10,12.394548416137695,36.15026092529297,2.164473056793213,3.4529192447662354,5.13237190246582,5.240706920623779
2017-08-11,12.147319793701172,35.13264846801758,2.1147968769073486,3.4529192447662354,4.673160076141357,5.0524773597717285
2017-08-14,12.194868087768555,35.2661018371582,2.171569585800171,3.4529192447662354,4.835234642028809,5.062384605407715
2017-08-15,12.175846099853516,34.932464599609375,2.1431827545166016,3.4529192447662354,4.64614725112915,4.943501949310303
2017-08-16,12.204375267028809,34.89353942871094,2.1147968769073486,3.4529192447662354,4.853243350982666,5.102011680603027
2017-08-17,12.323234558105469,35.371761322021484,2.1431827545166016,3.4529192447662354,4.95228910446167,5.359588623046875
2017-08-18,12.071252822875977,35.138206481933594,2.093506336212158,3.4529192447662354,4.826231002807617,5.290241241455078
2017-08-21,12.218635559082031,35.67203903198242,2.0864100456237793,3.4529192447662354,4.835234642028809,5.300147533416748
2017-08-22,12.35175895690918,36.01679992675781,2.0793137550354004,3.4529192447662354,4.880255699157715,5.2605204582214355
2017-08-23,12.380282402038574,36.12801742553711,2.05092716217041,3.4529192447662354,4.880255699157715,5.2605204582214355
2017-08-24,12.646528244018555,37.23460006713867,2.0864100456237793,3.4529192447662354,4.69116735458374,5.300147533416748
2017-08-25,12.684560775756836,37.44035339355469,2.022540330886841,3.4529192447662354,4.826231002807617,5.220893383026123
2017-08-28,12.784406661987305,36.97880554199219,2.043830394744873,3.4529192447662354,4.817226886749268,5.022757053375244
2017-08-29,12.774894714355469,37.03441619873047,2.043830394744873,3.4529192447662354,4.862247943878174,5.121825218200684
2017-08-30,12.8129301071167,37.09001922607422,2.058023691177368,3.4529192447662354,5.2764387130737305,5.3397746086120605
2017-08-31,13.017365455627441,37.72394561767578,2.072216749191284,3.4529192447662354,5.213409900665283,5.349681854248047
2017-09-01,13.036381721496582,37.9686164855957,2.0864100456237793,3.4529192447662354,5.366480350494385,5.557725429534912
2017-09-04,13.064908981323242,37.634979248046875,2.1147968769073486,3.4529192447662354,5.2584309577941895,5.537911891937256
2017-09-05,13.13146686553955,37.8796501159668,2.1431827545166016,3.4529192447662354,5.2584309577941895,5.636979579925537
2017-09-06,13.183765411376953,37.951934814453125,2.185762643814087,3.4529192447662354,5.231418132781982,5.646885871887207
2017-09-07,13.27834415435791,38.229976654052734,2.192859411239624,3.4529192447662354,5.177392482757568,5.586940765380859
2017-09-08,13.258907318115234,38.09095764160156,2.214148759841919,3.4529192447662354,5.3214592933654785,5.64658784866333
2017-09-11,13.02083969116211,37.55155944824219,2.192859411239624,3.4529192447662354,5.510547161102295,5.656529426574707
2017-09-12,13.176315307617188,38.257774353027344,2.278019666671753,3.4529192447662354,5.87971830368042,5.865293979644775
2017-09-13,13.302634239196777,38.66370391845703,2.29221248626709,3.4529192447662354,6.122830390930176,5.984588146209717
2017-09-14,13.064571380615234,38.02421951293945,2.3284807205200195,3.4529192447662354,6.257892608642578,5.944823265075684
2017-09-15,12.7584810256958,37.15118408203125,2.2629921436309814,3.4529192447662354,5.996771812438965,5.6764116287231445
2017-09-18,12.76820182800293,37.07333755493164,2.3212039470672607,3.4529192447662354,5.969759941101074,5.76588249206543
2017-09-19,12.777915954589844,37.19567108154297,2.2848219871520996,3.4529192447662354,5.978763103485107,5.755940914154053
2017-09-20,12.724472999572754,36.7341423034668,2.2848219871520996,3.4529192447662354,6.519012928009033,6.143646717071533
2017-09-21,12.627300262451172,36.4227409362793,2.3066508769989014,3.4529192447662354,6.528017997741699,6.034294128417969
2017-09-22,12.607865333557129,36.684085845947266,2.3430335521698,3.4529192447662354,6.302913665771484,5.934882164001465
2017-09-25,12.622444152832031,36.70633316040039,2.3503103256225586,3.4529192447662354,6.032788276672363,5.706234931945801
2017-09-26,12.530132293701172,36.61735534667969,2.3212039470672607,3.4529192447662354,5.771667957305908,5.835470199584961
2017-09-27,12.549564361572266,37.1456298828125,2.3721396923065186,3.4529192447662354,6.0778093338012695,5.795705795288086
2017-09-28,12.42810344696045,36.40604782104492,2.3503103256225586,3.4529192447662354,5.978763103485107,5.686352729797363
2017-09-29,12.525272369384766,36.99549102783203,2.3794162273406982,3.4529192447662354,6.311918258666992,5.855352401733398
2017-10-02,12.690462112426758,37.81291580200195,2.495840072631836,,,
2017-10-03,12.705039024353027,38.08539962768555,2.4376282691955566,3.4529192447662354,6.510008811950684,6.054176330566406
2017-10-04,12.632162094116211,37.49595642089844,2.408521890640259,3.4529192447662354,6.573038578033447,6.113823413848877
2017-10-05,12.675888061523438,37.80735778808594,2.386692762374878,,,
2017-10-06,12.9285306930542,38.50800323486328,2.4230751991271973,3.4529192447662354,6.383951663970947,6.143646717071533
2017-10-09,12.904239654541016,38.480201721191406,2.3794162273406982,3.4529192447662354,6.266897201538086,5.974647045135498
2017-10-10,12.87508487701416,38.45796203613281,2.386692762374878,3.4529192447662354,6.320921897888184,5.805646896362305
2017-10-11,12.938247680664062,38.24109649658203,2.3721396923065186,3.4529192447662354,6.086813926696777,5.417940616607666
2017-10-12,12.7341890335083,37.707271575927734,2.3503103256225586,3.4529192447662354,6.29390811920166,5.467647075653076
2017-10-13,12.8070650100708,37.9296875,2.3503103256225586,3.4529192447662354,6.338930130004883,5.417940616607666
2017-10-16,13.093721389770508,39.23090362548828,2.35758638381958,3.4529192447662354,6.501004695892334,5.467647075653076
2017-10-17,13.26862621307373,39.73691940307617,2.3357574939727783,3.4529192447662354,6.311918258666992,5.3980584144592285
2017-10-18,13.200607299804688,39.436649322509766,2.3503103256225586,3.4529192447662354,6.167850494384766,5.31852912902832
2017-10-19,12.904239654541016,38.43572235107422,2.2920982837677,3.4529192447662354,6.005776405334473,5.069999694824219
2017-10-20,12.962539672851562,38.402347564697266,2.3212039470672607,3.4529192447662354,6.185859203338623,5.248941421508789
2017-10-23,12.87022876739502,38.51357650756836,2.2629921436309814,3.4529192447662354,6.05980110168457,5.18929386138916
2017-10-24,12.89937973022461,38.58585739135742,2.2920982837677,3.4529192447662354,5.91573429107666,5.219117641448975
2017-10-25,13.030558586120605,38.72487258911133,2.364863157272339,3.4529192447662354,6.086813926696777,5.229058742523193
2017-10-26,12.94310474395752,38.73599624633789,2.4012460708618164,3.4529192447662354,6.050796985626221,5.209176063537598
2017-10-27,12.918815612792969,38.91950225830078,2.517669439315796,3.4529192447662354,5.7176432609558105,5.219117641448975
2017-10-30,12.938247680664062,38.913944244384766,2.495840072631836,4.554914951324463,5.42950963973999,4.86123514175415
2017-10-31,12.89452075958252,38.61922073364258,2.452180862426758,4.584301471710205,5.654613494873047,5.0004119873046875
2017-11-01,13.093721389770508,38.93061828613281,2.546776056289673,4.946735382080078,5.474530220031738,5.06005859375
2017-11-02,13.28806209564209,40.22627258300781,2.626816511154175,6.102606296539307,5.546563148498535,5.149528980255127
2017-11-03,13.453252792358398,40.654449462890625,2.626816511154175,6.12219762802124,5.420505523681641,5.388117790222168
2017-11-06,13.443534851074219,40.72117614746094,2.583157777786255,6.161380290985107,5.402496814727783,5.417940616607666
2017-11-07,13.968255043029785,41.56084442138672,2.5540521144866943,6.200561046600342,5.510547161102295,5.338411331176758
2017-11-08,13.841931343078613,41.28281784057617,2.524946451187134,5.955672740936279,5.384488582611084,5.3980584144592285
2017-11-09,13.909955024719238,41.50524139404297,2.524946451187134,5.583443641662598,5.204405784606934,5.368235111236572
2017-11-10,13.637874603271484,40.565467834472656,2.4449048042297363,5.2699875831604,5.231418132781982,5.427882194519043
2017-11-13,13.739903450012207,41.01033020019531,2.4449048042297363,5.054485321044922,5.042330741882324,5.3582940101623535
2017-11-14,13.579571723937988,40.61552429199219,2.4157984256744385,4.799801826477051,5.177392482757568,5.467647075653076
2017-11-15,13.28806209564209,39.508941650390625,2.364863157272339,4.838984489440918,5.13237190246582,5.487529277801514
2017-11-16,13.249192237854004,39.59234619140625,2.4012460708618164,4.790006637573242,4.880255699157715,5.467647075653076
2017-11-17,13.176315307617188,39.41996765136719,2.4012460708618164,4.721438407897949,4.817226886749268,5.477588176727295
2017-11-20,13.176315307617188,39.36991500854492,2.3939690589904785,4.652869701385498,4.565110206604004,5.3980584144592285
2017-11-21,13.229759216308594,39.53673553466797,2.4230751991271973,4.6969499588012695,4.727184772491455,5.268823623657227
2017-11-22,13.409523010253906,39.8981819152832,2.4157984256744385,4.569607257843018,4.655151844024658,5.149528980255127
2017-11-23,13.584431648254395,40.04277420043945,2.4667344093322754,4.5647101402282715,4.934280872344971,5.288705825805664
2017-11-24,13.589289665222168,40.092811584472656,2.4885635375976562,4.584301471710205,4.7902140617370605,5.149528980255127
2017-11-27,13.579571723937988,40.08724594116211,2.4230751991271973,4.452062129974365,4.75419807434082,4.881117343902588
2017-11-28,13.302634239196777,39.781410217285156,2.4157984256744385,4.314924240112305,4.817226886749268,4.831411838531494
2017-11-29,13.428958892822266,39.870384216308594,2.4376282691955566,4.246356010437012,4.736189365386963,4.851294040679932
2017-11-30,13.263768196105957,39.45332336425781,2.3721396923065186,4.089628219604492,4.664156436920166,4.702176570892334
2017-12-01,13.39980697631836,39.57566833496094,2.3357574939727783,4.138605117797852,4.619134902954102,4.7220587730407715
2017-12-04,13.608723640441895,40.06501388549805,2.3721396923065186,4.167991638183594,4.7181806564331055,4.682293891906738
2017-12-05,13.482399940490723,39.24203109741211,2.4594578742980957,4.1728901863098145,4.673160076141357,4.791646957397461
2017-12-06,13.21518611907959,38.27446746826172,2.35758638381958,3.981877326965332,4.367018699645996,4.80158805847168
2017-12-07,13.186030387878418,38.624786376953125,2.3430335521698,3.888819456100464,4.285981178283691,4.781705856323242
2017-12-08,13.200607299804688,38.480201721191406,2.3430335521698,4.01616096496582,4.412039756774902,4.871176242828369
2017-12-11,13.21518611907959,38.63591003417969,2.364863157272339,4.143503665924072,4.493076801300049,4.851294040679932
2017-12-12,13.433815956115723,39.064083099365234,2.3503103256225586,4.256150722503662,4.385026931762695,4.86123514175415
2017-12-13,13.453252792358398,39.00291442871094,2.299375057220459,4.54022216796875,4.448056221008301,4.891058921813965
2017-12-14,13.458109855651855,38.802730560302734,2.3721396923065186,4.4177775382995605,4.565110206604004,5.079941272735596
2017-12-15,13.462967872619629,39.24203109741211,2.3430335521698,4.432470321655273,4.538097858428955,5.0004119873046875
2017-12-18,13.725330352783203,39.72024917602539,2.3794162273406982,4.393289089202881,4.7902140617370605,5.268823623657227
2017-12-19,13.832215309143066,40.2207145690918,2.452180862426758,4.339413166046143,4.853243350982666,5.169411659240723
2017-12-20,13.81764030456543,40.57659912109375,2.4812867641448975,4.314924240112305,4.907268047332764,5.18929386138916
2017-12-21,14.011982917785645,40.960296630859375,2.4667344093322754,4.383492469787598,4.997310638427734,5.119705677032471
2017-12-22,14.138303756713867,41.305049896240234,2.4449048042297363,4.344311237335205,4.943284511566162,5.248941421508789
2017-12-27,14.259765625,41.494117736816406,2.4812867641448975,4.089628219604492,5.042330741882324,5.298646926879883
2017-12-28,14.33750057220459,41.644256591796875,2.524946451187134,4.2806396484375,5.123368740081787,5.4477643966674805
2017-12-29,14.366652488708496,42.15583801269531,2.539499282836914,4.285538673400879,5.033326625823975,5.4477643966674805
2018-01-02,14.42009449005127,42.53952407836914,2.5540521144866943,4.359004020690918,5.2584309577941895,5.656529426574707
2018-01-03,14.663021087646484,43.47929382324219,2.604987382888794,4.437367916107178,5.411502361297607,5.865293979644775
2018-01-04,14.73590087890625,43.29022979736328,2.5904345512390137,4.471652507781982,5.411502361297607,5.805646896362305
2018-01-05,14.857362747192383,43.51266098022461,2.655923843383789,4.613687992095947,5.465526580810547,5.885176181793213
2018-01-08,14.84278678894043,43.39589309692383,2.655923843383789,4.799801826477051,5.213409900665283,5.865293979644775
2018-01-09,15.090574264526367,44.41349792480469,2.714134931564331,4.799801826477051,4.95228910446167,5.716176509857178
2018-01-10,15.041988372802734,44.07429504394531,2.6850290298461914,4.927144527435303,4.970297813415527,5.666470050811768
2018-01-11,14.983689308166504,44.06873321533203,2.7068583965301514,4.95652961730957,5.0873517990112305,5.6764116287231445
2018-01-12,15.318925857543945,44.83054733276367,2.8160059452056885,5.250395774841309,5.195401668548584,5.6764116287231445
2018-01-15,15.498684883117676,45.486717224121094,2.8887715339660645,5.250395774841309,5.006313800811768,5.696293830871582
2018-01-16,15.382084846496582,45.186431884765625,2.896048069000244,4.892860412597656,5.015318393707275,5.656529426574707
2018-01-17,14.935101509094238,43.623870849609375,2.852389097213745,4.9369401931762695,4.880255699157715,5.7261176109313965
2018-01-18,14.954532623291016,43.835174560546875,2.7796239852905273,4.726335525512695,4.826231002807617,5.666470050811768
2018-01-19,14.910807609558105,43.37919998168945,2.801453113555908,5.142645835876465,5.312455654144287,5.805646896362305
2018-01-22,14.954532623291016,43.45705032348633,2.7286884784698486,5.436511993408203,5.294447898864746,5.805646896362305
2018-01-23,14.959392547607422,43.65724182128906,2.7723469734191895,5.4463067054748535,5.267435073852539,5.805646896362305
2018-01-24,14.905949592590332,43.48486328125,2.7796239852905273,5.514875411987305,5.186398029327393,5.666470050811768
2018-01-25,14.988545417785645,43.82406234741211,2.786900043487549,5.377737522125244,5.204405784606934,5.785764694213867
2018-01-26,,,,5.505079746246338,5.177392482757568,5.805646896362305
2018-01-29,14.930241584777832,43.974205017089844,2.8887715339660645,5.285285472869873,5.294447898864746,5.835470199584961
2018-01-30,14.740761756896973,43.6850471496582,2.786900043487549,5.142163276672363,4.988305568695068,5.666470050811768
2018-01-31,14.672739028930664,42.734153747558594,2.7796239852905273,5.101271152496338,4.772205829620361,5.64658784866333
2018-02-01,14.896230697631836,43.20682144165039,2.830559730529785,4.983706951141357,4.655151844024658,5.845411777496338
2018-02-02,14.969111442565918,43.51266098022461,2.786900043487549,5.152386665344238,4.817226886749268,5.905058860778809
2018-02-05,14.648445129394531,42.53952407836914,2.714134931564331,5.0348219871521,4.75419807434082,5.875235080718994
2018-02-06,14.250049591064453,41.94453811645508,2.626816511154175,4.8099164962768555,4.376022815704346,5.716176509857178
2018-02-07,14.507550239562988,43.5460205078125,2.6923060417175293,4.636125564575195,4.385026931762695,5.6764116287231445
2018-02-08,14.308350563049316,43.11784744262695,2.69958233833313,4.595232963562012,4.367018699645996,5.626705646514893
2018-02-09,14.152876853942871,42.73972702026367,2.6631996631622314,4.196536540985107,4.096893310546875,5.4477643966674805
2018-02-12,14.361794471740723,43.37364196777344,2.735964775085449,4.3447699546813965,4.12390661239624,5.497470855712891
2018-02-13,14.526985168457031,43.857421875,2.69958233833313,4.35499382019043,4.159923076629639,5.527293682098389
2018-02-14,14.585287094116211,43.86854553222656,2.6923060417175293,4.579899311065674,4.285981178283691,5.606823444366455
2018-02-15,15.25090217590332,45.64797592163086,2.546776056289673,4.866143226623535,4.448056221008301,5.616764545440674
2018-02-16,15.314064025878906,45.864845275878906,2.4157984256744385,,,
2018-02-19,15.270336151123047,45.597930908203125,2.386692762374878,,,
2018-02-20,15.20717716217041,45.37548828125,2.3357574939727783,4.779247283935547,4.466064453125,5.388117790222168
2018-02-21,14.483254432678223,44.630374908447266,2.2775449752807617,4.73835563659668,4.448056221008301,5.328470706939697
2018-02-22,14.672739028930664,44.55250930786133,2.2848219871520996,4.712798118591309,4.448056221008301,5.3582940101623535
2018-02-23,14.905949592590332,44.958438873291016,2.4376282691955566,4.748579025268555,4.520089149475098,5.3980584144592285
2018-02-26,14.993402481079102,44.81942367553711,2.4376282691955566,4.748579025268555,4.3310017585754395,5.31852912902832
2018-02-27,15.114866256713867,45.38106918334961,2.4594578742980957,4.620791435241699,4.2319560050964355,5.338411331176758
2018-02-28,14.818490982055664,45.130828857421875,2.4157984256744385,4.671906471252441,4.276977062225342,5.368235111236572
2018-03-01,14.62415599822998,44.54451370239258,2.430351495742798,4.585010528564453,4.240960121154785,5.4477643966674805
2018-03-02,14.395803451538086,43.97805404663086,2.4012460708618164,4.406108379364014,4.132910251617432,5.268823623657227
2018-03-05,14.143159866333008,43.331485748291016,2.3939690589904785,4.73835563659668,4.078885555267334,5.18929386138916
2018-03-06,14.439531326293945,43.537471771240234,2.495840072631836,5.06549072265625,4.249964714050293,5.149528980255127
2018-03-07,14.293776512145996,43.10832977294922,2.430351495742798,5.070602893829346,4.141914367675781,4.960646629333496
2018-03-08,14.390007972717285,43.377254486083984,2.432948589324951,5.055268287658691,4.141914367675781,4.881117343902588
2018-03-09,14.14035415649414,42.227176666259766,2.3955187797546387,5.172832489013672,4.150918960571289,4.781705856323242
2018-03-12,14.434945106506348,43.18843460083008,2.4254629611968994,5.172832489013672,4.159923076629639,4.86123514175415
2018-03-13,14.31511116027832,42.34159851074219,2.3805465698242188,5.091049671173096,4.159923076629639,4.86123514175415
2018-03-14,14.300132751464844,42.68491744995117,2.3805465698242188,4.942813873291016,4.159923076629639,4.86123514175415
2018-03-15,14.409979820251465,43.52029800415039,2.3955187797546387,4.804805278778076,4.159923076629639,4.7618231773376465
2018-03-16,14.559769630432129,43.840728759765625,2.5302670001983643,4.753689765930176,4.141914367675781,4.73199987411499
2018-03-19,14.594722747802734,43.85216522216797,2.5527243614196777,4.6872406005859375,4.114902496337891,4.751882553100586
2018-03-20,14.31511116027832,43.0453987121582,2.4778645038604736,4.723021030426025,3.9168100357055664,4.7121171951293945
2018-03-21,14.439936637878418,43.0453987121582,2.462892770767212,4.712798118591309,3.835773468017578,4.662411689758301
2018-03-22,14.82939338684082,43.932273864746094,2.5302670001983643,4.631013870239258,3.9168100357055664,4.702176570892334
2018-03-23,14.36504077911377,42.021175384521484,2.3955187797546387,4.482780933380127,3.8177647590637207,4.493411540985107
2018-03-26,14.280158042907715,41.952518463134766,2.373060941696167,4.441888332366943,3.8447773456573486,4.523235321044922
2018-03-27,14.474889755249023,42.43315505981445,2.455406665802002,4.50833797454834,3.8988020420074463,4.692234992980957
2018-03-28,14.31511116027832,41.99256896972656,2.4254629611968994,4.385662078857422,3.862785577774048,4.632587909698486
2018-03-29,14.085429191589355,41.59776306152344,2.4104907512664795,4.380550384521484,3.9168100357055664,4.7220587730407715
2018-04-03,14.335081100463867,42.45032501220703,2.455406665802002,4.385662078857422,3.880793571472168,4.612705707550049
2018-04-04,14.335081100463867,42.444602966308594,2.4853508472442627,4.411219596862793,3.8717896938323975,4.572940826416016
2018-04-05,14.235220909118652,41.941078186035156,2.4404349327087402,,,
2018-04-06,14.300132751464844,41.89530563354492,2.447920083999634,4.339658737182617,3.9258148670196533,4.612705707550049
2018-04-09,14.310115814208984,42.03834533691406,2.4778645038604736,4.482780933380127,4.096893310546875,2.286470413208008
2018-04-10,14.419961929321289,43.19987869262695,2.6051266193389893,4.723021030426025,4.3400068283081055,2.087646961212158
2018-04-11,14.699575424194336,43.77206039428711,2.545238494873047,4.804805278778076,4.4030351638793945,2.047882318496704
2018-04-12,14.799437522888184,43.88650131225586,2.5901544094085693,4.661682605743408,4.31299352645874,2.1771175861358643
2018-04-13,14.844372749328613,44.75049591064453,2.6051266193389893,4.5236735343933105,4.321998119354248,2.0279998779296875
2018-04-16,14.96920108795166,44.60744857788086,2.6874728202819824,4.513449192047119,4.4030351638793945,1.4116469621658325
2018-04-17,14.944235801696777,44.68183517456055,2.709930658340454,4.539007663726807,4.267972946166992,1.530941128730774
2018-04-18,15.014137268066406,45.17964172363281,2.7773048877716064,4.5236735343933105,4.303989410400391,1.4116469621658325
2018-04-19,15.43854808807373,46.58720779418945,2.904566764831543,4.784358501434326,4.637143611907959,1.779470443725586
2018-04-20,15.408589363098145,46.077964782714844,2.9419963359832764,4.62590217590332,4.520089149475098,1.6502351760864258
2018-04-23,15.59333324432373,46.72453308105469,2.96445369720459,4.600344181060791,4.3310017585754395,1.5110588073730469
2018-04-24,15.613306999206543,45.50005340576172,2.679986000061035,4.498115539550781,4.02485990524292,2.1671764850616455
2018-04-25,,,,4.441888332366943,3.979840040206909,2.1572353839874268
2018-04-26,15.493474006652832,45.431392669677734,2.7398743629455566,4.319212913513184,3.862785577774048,2.087646961212158
2018-04-27,15.533416748046875,45.57444763183594,2.79227614402771,4.385662078857422,4.060877323150635,1.9683529138565063
2018-04-30,15.453529357910156,45.694602966308594,2.784790277481079,4.3958845138549805,4.042868614196777,2.047882318496704
2018-05-01,15.60332202911377,45.60305404663086,2.7623324394226074,,,
2018-05-02,15.578352928161621,45.780418395996094,2.79227614402771,4.268097877502441,3.9708352088928223,2.2168822288513184
2018-05-03,15.738130569458008,46.55859375,2.904566764831543,4.314100742340088,3.880793571472168,2.316293954849243
2018-05-04,15.723155975341797,46.312557220458984,2.81473445892334,4.360104560852051,3.862785577774048,2.197000026702881
2018-05-07,15.952835083007812,46.346893310546875,2.882107734680176,4.349882125854492,3.889798402786255,2.197000026702881
2018-05-08,15.882933616638184,46.404109954833984,2.8446786403656006,4.400997161865234,3.9438230991363525,2.197000026702881
2018-05-09,16.07266616821289,46.73025131225586,2.882107734680176,4.370327472686768,3.952826738357544,2.1671764850616455
2018-05-10,16.352275848388672,47.46265411376953,2.9195384979248047,4.3958845138549805,3.9708352088928223,2.147294044494629
2018-05-11,16.556995391845703,47.99477767944336,2.9494826793670654,4.411219596862793,3.979840040206909,1.9882352352142334
2018-05-14,16.871559143066406,48.34953689575195,3.001884937286377,4.4367780685424805,3.9438230991363525,1.9882352352142334
2018-05-15,16.75172233581543,47.840293884277344,2.96445369720459,4.462334156036377,3.9168100357055664,1.978294014930725
2018-05-16,16.98140525817871,48.4525260925293,2.971940517425537,4.4367780685424805,3.9168100357055664,1.8987646102905273
2018-05-17,17.19610595703125,49.63693618774414,3.0168561935424805,4.35499382019043,3.880793571472168,1.7496470212936401
2018-05-18,17.016353607177734,49.09909439086914,3.001884937286377,4.375439643859863,3.9438230991363525,1.829176425933838
2018-05-21,16.94645118713379,48.635623931884766,2.9120521545410156,4.360104560852051,3.8717896938323975,1.9285882711410522
2018-05-22,16.831615447998047,48.4067497253418,2.882107734680176,,,
2018-05-23,16.916494369506836,48.4983024597168,2.8521640300750732,4.441888332366943,3.763739585876465,1.8788822889328003
2018-05-24,16.931474685668945,48.01194381713867,2.8222203254699707,4.406108379364014,3.718719244003296,2.00811767578125
2018-05-25,16.512062072753906,47.588523864746094,2.80724835395813,4.375439643859863,3.664694309234619,1.978294014930725
2018-05-28,16.03272247314453,47.55992126464844,2.7623324394226074,4.2936553955078125,3.736727237701416,2.2467057704925537
2018-05-29,16.11760139465332,47.49125671386719,2.7623324394226074,4.252763748168945,3.709714889526367,2.1671764850616455
2018-05-30,16.077659606933594,46.930511474609375,2.732388496398926,4.170979022979736,3.592660665512085,2.1075291633605957
2018-05-31,16.372251510620117,47.474098205566406,2.784790277481079,4.334547519683838,3.718719244003296,2.1671764850616455
2018-06-01,16.51704978942871,47.205169677734375,2.8371920585632324,4.318842887878418,3.709714889526367,2.2069411277770996
2018-06-04,16.576969146728516,47.54848098754883,2.904566764831543,4.360722064971924,3.7817482948303223,2.2069411277770996
2018-06-05,16.347288131713867,46.890464782714844,2.8521640300750732,4.3136067390441895,3.7817482948303223,2.187058687210083
2018-06-06,16.671836853027344,48.06917190551758,2.8671367168426514,4.318842887878418,3.8177647590637207,2.2566468715667725
2018-06-07,17.016353607177734,49.19063949584961,2.904566764831543,4.339782238006592,3.8177647590637207,2.2665882110595703
2018-06-08,17.011363983154297,49.55112838745117,2.882107734680176,4.324077606201172,3.8267688751220703,2.226823568344116
2018-06-11,,,,4.318842887878418,3.7907519340515137,2.226823568344116
2018-06-12,16.82162857055664,48.69284439086914,2.8371920585632324,4.3136067390441895,3.718719244003296,2.2069411277770996
2018-06-13,16.601932525634766,48.12638473510742,2.81473445892334,4.37119197845459,3.664694309234619,2.197000026702881
2018-06-14,16.66684341430664,48.41819381713867,2.8521640300750732,4.282197952270508,3.619673013687134,2.2665882110595703
2018-06-15,16.7567195892334,49.036163330078125,2.9195384979248047,4.203673362731934,3.493614912033081,2.2467057704925537
2018-06-18,16.357271194458008,48.06917190551758,2.882107734680176,,,
2018-06-19,16.157550811767578,46.999183654785156,2.7997629642486572,4.051858901977539,3.349548578262329,2.0379409790039062
2018-06-20,16.277385711669922,47.34821319580078,2.79227614402771,4.172263145446777,3.277514934539795,2.087646961212158
2018-06-21,16.357271194458008,47.54848098754883,2.81473445892334,3.858165979385376,3.2685110569000244,2.057823419570923
2018-06-22,16.237438201904297,47.18227767944336,2.717416524887085,3.852931499481201,3.2414982318878174,2.057823419570923
2018-06-25,16.467119216918945,47.63429260253906,2.702444076538086,3.5859479904174805,3.124444007873535,2.0279998779296875
2018-06-26,16.297359466552734,46.76458740234375,2.6650145053863525,3.7220566272735596,3.151456832885742,1.9882352352142334
2018-06-27,16.59194564819336,46.96485137939453,2.6725003719329834,3.6958818435668945,3.061415195465088,1.938529372215271
2018-06-28,16.886537551879883,47.531314849853516,2.679986000061035,3.821521759033203,2.9983859062194824,1.9683529138565063
2018-06-29,16.931474685668945,47.743019104003906,2.702444076538086,3.873871088027954,3.1154401302337646,2.0379409790039062
2018-07-02,16.776687622070312,47.66291809082031,2.724902391433716,,,
2018-07-03,16.502071380615234,46.232452392578125,2.6725003719329834,3.9262197017669678,3.0253984928131104,2.00811767578125
2018-07-04,16.502071380615234,45.84908676147461,2.6650145053863525,3.873871088027954,2.9263527393341064,2.00811767578125
2018-07-05,16.412195205688477,45.32267761230469,2.6425564289093018,3.868636131286621,2.8993401527404785,1.9683529138565063
2018-07-06,16.552001953125,45.637386322021484,2.709930658340454,3.978569507598877,2.8723275661468506,1.958411693572998
2018-07-09,16.906509399414062,46.29540252685547,2.732388496398926,4.041389465332031,2.962369441986084,1.9882352352142334
2018-07-10,17.09125328063965,46.7016487121582,2.7623324394226074,4.057094573974609,2.9443609714508057,1.978294014930725
2018-07-11,16.866567611694336,45.86626052856445,2.724902391433716,4.030919551849365,2.9263527393341064,2.0379409790039062
2018-07-12,16.76171112060547,45.74609375,2.694958209991455,3.9838058948516846,2.9443609714508057,2.1572353839874268
2018-07-13,16.641874313354492,45.683162689208984,2.717416524887085,4.187967777252197,2.86332368850708,2.2069411277770996
2018-07-16,16.512062072753906,45.43711853027344,2.717416524887085,4.083269119262695,2.8002943992614746,2.276529312133789
2018-07-17,16.22745132446289,45.2940788269043,2.6575284004211426,3.95239520072937,2.8543193340301514,2.1771175861358643
2018-07-18,16.76171112060547,45.494346618652344,2.679986000061035,3.868636131286621,2.8363113403320312,2.13735294342041
2018-07-19,16.78168296813965,46.12946319580078,2.732388496398926,3.88434100151062,2.8723275661468506,2.1075291633605957
2018-07-20,16.432170867919922,45.82048797607422,2.6500418186187744,3.873871088027954,2.890336036682129,2.087646961212158
2018-07-23,16.202489852905273,45.70603942871094,2.61261248588562,3.9000449180603027,2.9173483848571777,2.3958234786987305
2018-07-24,16.482099533081055,46.2896728515625,2.6725003719329834,4.130383491516113,3.1694650650024414,2.326235055923462
2018-07-25,16.851585388183594,46.976287841796875,2.717416524887085,4.167027950286865,3.1874735355377197,2.505176305770874
2018-07-26,16.796663284301758,46.35261154174805,2.709930658340454,3.999509811401367,3.2324941158294678,2.4455294609069824
2018-07-27,17.176132202148438,46.5643196105957,2.717416524887085,3.95239520072937,3.1874735355377197,2.4753527641296387
2018-07-30,17.07128143310547,46.032188415527344,2.679986000061035,3.936690092086792,3.2595064640045166,2.4852941036224365
2018-07-31,17.40581703186035,46.46132278442383,2.6725003719329834,3.889575958251953,3.2144861221313477,2.316293954849243
2018-08-01,17.515661239624023,46.71881103515625,2.702444076538086,3.769171714782715,3.124444007873535,2.2665882110595703
2018-08-02,16.93647003173828,44.430076599121094,2.635070562362671,3.6592376232147217,2.9443609714508057,2.2168822288513184
2018-08-03,16.66684341430664,43.79494857788086,2.5676965713500977,3.5807135105133057,2.8723275661468506,2.187058687210083
2018-08-06,17.026348114013672,44.069602966308594,2.6051266193389893,3.4969534873962402,2.8723275661468506,2.286470413208008
2018-08-07,16.78667640686035,43.71484375,2.6051266193389893,3.5335988998413086,2.935356616973877,2.3063528537750244
2018-08-08,16.94645118713379,44.16687774658203,2.635070562362671,3.5493030548095703,2.962369441986084,2.236764669418335
2018-08-09,16.956443786621094,44.435096740722656,2.717416524887085,3.6592376232147217,3.160460948944092,2.1671764850616455
2018-08-10,16.836606979370117,44.1015739440918,2.717416524887085,3.6749417781829834,3.079423666000366,2.1274118423461914
2018-08-13,16.63189125061035,43.41695785522461,2.6575284004211426,3.826756238937378,2.935356616973877,2.226823568344116
2018-08-14,16.886537551879883,43.463775634765625,2.6425564289093018,3.5859479904174805,2.8453152179718018,2.1671764850616455
2018-08-15,16.826622009277344,43.153656005859375,2.545238494873047,3.282320499420166,2.737265110015869,2.1075291633605957
2018-08-16,16.397216796875,42.66798782348633,2.5302670001983643,3.298025131225586,2.737265110015869,2.1075291633605957
2018-08-17,16.347288131713867,42.78501510620117,2.5152945518493652,3.282320499420166,2.7462689876556396,2.1174707412719727
2018-08-20,16.561986923217773,42.919593811035156,2.522780179977417,3.271850347518921,2.8543193340301514,2.1174707412719727
2018-08-21,16.252418518066406,42.71479797363281,2.462892770767212,3.470778703689575,2.908344268798828,2.13735294342041
2018-08-22,16.017742156982422,41.94827651977539,2.4404349327087402,3.4603092670440674,2.8543193340301514,2.097588062286377
2018-08-23,16.21746253967285,42.117958068847656,2.5602099895477295,3.418429374694824,2.86332368850708,2.1174707412719727
2018-08-24,16.33230209350586,42.088706970214844,2.537752389907837,3.4760141372680664,2.8453152179718018,2.1174707412719727
2018-08-27,16.51704978942871,42.58606719970703,2.5302670001983643,3.4603092670440674,2.890336036682129,2.1174707412719727
2018-08-28,16.66684341430664,42.99567413330078,2.62009859085083,3.481248617172241,3.061415195465088,2.13735294342041
2018-08-29,16.881546020507812,43.07759094238281,2.6725003719329834,3.52836275100708,3.088427782058716,2.1274118423461914
2018-08-30,16.866567611694336,42.79671859741211,2.679986000061035,3.470778703689575,3.0524110794067383,2.1075291633605957
2018-08-31,16.581958770751953,42.56266403198242,2.6051266193389893,3.470778703689575,2.9893815517425537,2.097588062286377
2018-09-03,16.482099533081055,41.99509048461914,2.62009859085083,3.470778703689575,2.8993401527404785,2.0677645206451416
2018-09-04,16.51704978942871,41.778587341308594,2.5976407527923584,3.5807135105133057,2.9713735580444336,2.0777056217193604
2018-09-05,16.077659606933594,40.772151947021484,2.537752389907837,3.5754783153533936,2.86332368850708,1.9882352352142334
2018-09-06,16.160694122314453,41.13493728637695,2.5976407527923584,3.5807135105133057,2.9173483848571777,1.9683529138565063
2018-09-07,16.10922622680664,41.83710861206055,2.61261248588562,3.5964181423187256,2.86332368850708,1.8589999675750732
2018-09-10,16.057758331298828,41.51527404785156,2.6575284004211426,3.5964181423187256,2.764277696609497,1.7595881223678589
2018-09-11,16.057758331298828,41.731773376464844,2.717416524887085,3.5335988998413086,2.809298276901245,1.6899999380111694
2018-09-12,16.00629234313965,41.57963943481445,2.724902391433716,3.5597734451293945,2.8002943992614746,1.7397058010101318
2018-09-13,16.1143741607666,42.28764724731445,2.8296380043029785,3.6016533374786377,2.8993401527404785,1.8391176462173462
2018-09-14,16.37685775756836,42.80257797241211,2.8756487369537354,3.0310418605804443,2.9443609714508057,1.868941068649292
2018-09-17,16.268774032592773,42.72066116333008,2.921658754348755,2.821643829345703,2.908344268798828,1.9285882711410522
2018-09-18,16.201866149902344,42.80841827392578,2.921658754348755,2.790233850479126,2.908344268798828,2.0379409790039062
2018-09-19,16.675365447998047,44.11912155151367,2.983006000518799,2.821643829345703,3.0163941383361816,2.0279998779296875
2018-09-20,16.865793228149414,45.6989860534668,2.9523322582244873,2.837348699569702,3.007390260696411,2.047882318496704
2018-09-21,17.282676696777344,46.512325286865234,2.9906744956970215,2.9839272499084473,3.151456832885742,2.0379409790039062
2018-09-24,17.411348342895508,45.944740295410156,2.9523322582244873,2.910637855529785,3.088427782058716,2.097588062286377
2018-09-25,17.550312042236328,46.28996276855469,2.9906744956970215,,,
2018-09-26,17.756179809570312,46.828304290771484,3.006011486053467,2.805938243865967,3.0253984928131104,2.097588062286377
2018-09-27,17.74588394165039,46.360191345214844,2.983006000518799,2.701239585876465,3.007390260696411,2.097588062286377
2018-09-28,17.82308578491211,46.08517074584961,3.006011486053467,2.722179412841797,3.133448600769043,2.0777056217193604
2018-10-01,17.812788009643555,46.02082061767578,2.9753382205963135,,,
2018-10-02,17.859111785888672,45.681434631347656,2.9983432292938232,2.69600510597229,3.106436252593994,2.0677645206451416
2018-10-03,18.054685592651367,46.51818084716797,3.036684274673462,2.811173439025879,3.349548578262329,2.1075291633605957
2018-10-04,18.224525451660156,46.78148651123047,3.259068489074707,2.9525177478790283,3.3855650424957275,2.13735294342041
2018-10-05,18.27085304260254,46.84584426879883,3.2437312602996826,2.9158730506896973,3.448594093322754,2.1274118423461914
2018-10-08,17.756179809570312,46.08517074584961,3.0673582553863525,2.6593596935272217,2.9443609714508057,2.0379409790039062
2018-10-09,17.82308578491211,46.0559196472168,3.082695484161377,2.774529457092285,2.9983859062194824,2.047882318496704
2018-10-10,17.86940574645996,46.32508087158203,3.0136795043945312,2.853053331375122,2.962369441986084,2.087646961212158
2018-10-11,17.190040588378906,44.82713317871094,2.921658754348755,2.800704002380371,2.8273067474365234,1.9981764554977417
2018-10-12,17.416494369506836,45.65802764892578,2.9753382205963135,2.9001684188842773,2.86332368850708,2.0180587768554688
2018-10-15,17.159162521362305,45.347904205322266,2.9293270111083984,2.784998893737793,2.8002943992614746,2.0279998779296875
2018-10-16,17.44737434387207,46.05006790161133,2.9523322582244873,2.800704002380371,2.8002943992614746,2.057823419570923
2018-10-17,17.3238525390625,45.93889617919922,2.9293270111083984,,,
2018-10-18,17.08710479736328,46.10272216796875,2.9523322582244873,2.858288526535034,2.71925687789917,2.087646961212158
2018-10-19,17.035634994506836,45.31864929199219,2.883316993713379,2.9839272499084473,2.737265110015869,2.087646961212158
2018-10-22,17.066518783569336,45.80430603027344,2.898653507232666,3.0624520778656006,2.791290044784546,2.057823419570923
2018-10-23,16.87608528137207,45.44738006591797,2.860311269760132,2.9315779209136963,2.7282612323760986,2.0180587768554688
2018-10-24,16.50551986694336,45.05534362792969,2.798964500427246,2.9315779209136963,2.737265110015869,2.0279998779296875
2018-10-25,15.851890563964844,43.01906967163086,2.699275255203247,2.868758201599121,2.7012484073638916,1.9981764554977417
2018-10-26,16.057758331298828,43.393558502197266,2.6916074752807617,2.847818374633789,2.5841944217681885,1.9882352352142334
2018-10-29,16.289365768432617,43.709529876708984,2.699275255203247,2.758824586868286,2.5751900672912598,1.9683529138565063
2018-10-30,16.58272361755371,44.76277160644531,2.7682907581329346,2.648890256881714,2.521165370941162,1.958411693572998
2018-10-31,16.577577590942383,44.704254150390625,2.7759592533111572,2.748354196548462,2.5571818351745605,2.057823419570923
2018-11-01,17.040782928466797,45.640472412109375,2.7529542446136475,2.6855344772338867,2.6562278270721436,2.057823419570923
2018-11-02,17.24150276184082,45.85696792602539,2.8066329956054688,2.758824586868286,2.71925687789917,2.087646961212158
2018-11-05,17.040782928466797,46.582542419433594,2.7912962436676025,2.711709976196289,2.71925687789917,2.1572353839874268
2018-11-06,17.267240524291992,47.54215621948242,2.8296380043029785,2.722179412841797,2.8002943992614746,2.2069411277770996
2018-11-07,17.18488883972168,47.54215621948242,2.8066329956054688,2.737884283065796,2.71925687789917,2.1671764850616455
2018-11-08,17.154008865356445,47.67675018310547,2.7912962436676025,2.758824586868286,2.7282612323760986,2.1671764850616455
2018-11-09,17.19518280029297,47.530460357666016,2.714611768722534,2.6855344772338867,2.692244291305542,2.187058687210083
2018-11-12,17.19518280029297,48.32038879394531,2.7069435119628906,2.748354196548462,2.7012484073638916,2.2069411277770996
2018-11-13,16.90696907043457,47.10915756225586,2.6379284858703613,2.7064743041992188,2.620211124420166,2.236764669418335
2018-11-14,16.526113510131836,45.89793014526367,2.568912982940674,2.6645944118499756,2.6562278270721436,2.236764669418335
2018-11-15,16.490081787109375,45.546844482421875,2.5535757541656494,2.6279501914978027,2.6562278270721436,2.236764669418335
2018-11-16,16.654783248901367,46.4069938659668,2.5919179916381836,2.633185386657715,2.6832401752471924,2.2665882110595703
2018-11-19,16.675365447998047,46.483062744140625,2.5382392406463623,2.5808358192443848,2.692244291305542,2.236764669418335
2018-11-20,16.82461929321289,46.74052047729492,2.5075650215148926,2.4028468132019043,2.6382193565368652,2.2467057704925537
2018-11-21,16.263628005981445,45.23087692260742,2.400207757949829,2.4761362075805664,2.6112070083618164,2.326235055923462
2018-11-22,16.356271743774414,45.067047119140625,2.4155447483062744,2.5023112297058105,2.620211124420166,2.316293954849243
2018-11-23,16.237895965576172,44.926605224609375,2.423213005065918,2.5284857749938965,2.5841944217681885,2.2566468715667725
2018-11-26,15.661459922790527,43.32919692993164,2.3772027492523193,2.5913054943084717,2.5841944217681885,2.236764669418335
2018-11-27,15.887918472290039,43.06588363647461,2.384871244430542,2.5965402126312256,2.494152784347534,2.187058687210083
2018-11-28,15.754103660583496,42.129661560058594,2.369534492492676,2.6279501914978027,2.4851489067077637,2.2069411277770996
2018-11-29,15.94453239440918,42.861087799072266,2.407876491546631,2.6279501914978027,2.494152784347534,2.187058687210083
2018-11-30,15.795278549194336,42.87863540649414,2.3772027492523193,2.5389559268951416,2.521165370941162,2.1671764850616455
2018-12-03,16.37685775756836,43.879215240478516,2.545907497406006,2.5494258403778076,2.5931990146636963,2.197000026702881
2018-12-04,16.273921966552734,43.013221740722656,2.461555242538452,2.5023112297058105,2.620211124420166,2.2566468715667725
2018-12-05,16.38200569152832,43.1302490234375,2.4768919944763184,2.4604313373565674,2.602202892303467,2.2566468715667725
2018-12-06,16.160694122314453,42.252540588378906,2.3925395011901855,2.355731964111328,2.5121612548828125,2.236764669418335
2018-12-07,16.047468185424805,42.3169059753418,2.369534492492676,2.350497007369995,2.4671404361724854,2.286470413208008
2018-12-10,16.104080200195312,42.10041427612305,2.3311920166015625,2.3662025928497314,2.4131155014038086,2.226823568344116
2018-12-11,16.325389862060547,42.64458084106445,2.369534492492676,2.3662025928497314,2.3680946826934814,2.2566468715667725
2018-12-12,16.56728744506836,43.35844802856445,2.4385499954223633,2.350497007369995,2.3861029148101807,2.2467057704925537
2018-12-13,16.886383056640625,44.288814544677734,2.4922287464141846,2.4133169651031494,2.521165370941162,2.2566468715667725
2018-12-14,16.675365447998047,43.633453369140625,2.5152339935302734,2.4080817699432373,2.4401278495788574,2.2467057704925537
2018-12-17,17.256942749023438,44.56968688964844,2.5765812397003174,2.3662025928497314,2.422119617462158,2.2168822288513184
2018-12-18,17.24150276184082,44.49945831298828,2.5535757541656494,2.355731964111328,2.3680946826934814,2.197000026702881
2018-12-19,17.236358642578125,44.8212890625,2.5382392406463623,2.350497007369995,2.3951070308685303,2.226823568344116
2018-12-20,16.788593292236328,43.94943618774414,2.4155447483062744,2.355731964111328,2.323073625564575,2.4355881214141846
2018-12-21,17.169448852539062,44.27125930786133,2.4385499954223633,2.329556941986084,2.2420365810394287,2.365999937057495
2018-12-24,17.24150276184082,45.18406295776367,2.48456072807312,2.266738176345825,2.1700034141540527,2.286470413208008
2018-12-27,17.57604217529297,45.4415283203125,2.568912982940674,2.334792375564575,2.2240281105041504,2.4355881214141846
2018-12-28,17.473106384277344,45.68728256225586,2.599586248397827,2.313852548599243,2.2420365810394287,2.4753527641296387
2018-12-31,17.617218017578125,45.91548156738281,2.568912982940674,2.329556941986084,2.2690489292144775,2.5747644901275635
2019-01-02,17.334144592285156,44.85054016113281,2.5075650215148926,2.224858283996582,2.206019878387451,2.505176305770874
2019-01-03,17.334144592285156,44.85054016113281,2.4922287464141846,2.177743434906006,2.1700034141540527,2.5250587463378906
2019-01-04,17.179746627807617,44.95586395263672,2.5152339935302734,2.182978391647339,2.1790072917938232,2.5349998474121094
2019-01-07,17.699560165405273,46.167091369628906,2.584249258041382,2.2562685012817383,2.2690489292144775,2.554882287979126
2019-01-08,17.720149993896484,46.401153564453125,2.599586248397827,2.340027093887329,2.2960615158081055,2.6244707107543945
2019-01-09,17.653242111206055,46.822444915771484,2.607254981994629,2.4918408393859863,2.305065631866455,2.5648233890533447
2019-01-10,17.883464813232422,46.886802673339844,2.6302597522735596,2.470900774002075,2.305065631866455,2.5648233890533447
2019-01-11,17.694589614868164,46.60594940185547,2.607254981994629,2.4970765113830566,2.323073625564575,2.59464693069458
2019-01-14,17.65142059326172,46.45966339111328,2.607254981994629,2.5389559268951416,2.323073625564575,2.5250587463378906
2019-01-15,17.840293884277344,46.81073760986328,2.607254981994629,2.6279501914978027,2.4131155014038086,2.5648233890533447
2019-01-16,17.770143508911133,46.60009002685547,2.5535757541656494,2.633185386657715,2.422119617462158,2.4355881214141846
2019-01-17,17.737764358520508,47.04479217529297,2.645596742630005,2.6436550617218018,2.404111385345459,2.5847058296203613
2019-01-18,17.86727523803711,47.191078186035156,2.6149232387542725,2.6541249752044678,2.5571818351745605,2.6741764545440674
2019-01-21,17.915842056274414,47.10915756225586,2.599586248397827,2.6279501914978027,2.521165370941162,2.7238821983337402
2019-01-22,17.68379783630371,46.81658935546875,2.5765812397003174,2.6174802780151367,2.476144552230835,2.7636468410491943
2019-01-23,17.60824966430664,46.57667922973633,2.561244487762451,2.5860705375671387,2.494152784347534,2.7934703826904297
2019-01-24,17.602853775024414,46.57667922973633,2.5382392406463623,2.6436550617218018,2.5121612548828125,2.91276478767395
2019-01-25,17.834896087646484,47.08576202392578,2.522902488708496,2.6436550617218018,2.54817795753479,2.962470531463623
2019-01-28,,,,2.6384198665618896,2.56618595123291,3.24082350730896
2019-01-29,18.207242965698242,48.87626266479492,2.584249258041382,2.5965402126312256,2.503156900405884,3.2607057094573975
2019-01-30,18.671329498291016,51.08221435546875,2.6379284858703613,2.5546607971191406,2.521165370941162,3.230882167816162
2019-01-31,18.795448303222656,50.93593978881836,2.7069435119628906,2.6174802780151367,2.602202892303467,3.2607057094573975
2019-02-01,18.887182235717773,51.240203857421875,2.68393874168396,2.6698296070098877,2.6562278270721436,3.2607057094573975
2019-02-04,18.887182235717773,50.71358108520508,2.645596742630005,2.722179412841797,2.647223949432373,3.290529251098633
2019-02-05,19.09764289855957,52.22908020019531,2.6916074752807617,,,
2019-02-06,19.41602325439453,53.23551559448242,2.7069435119628906,,,
2019-02-07,19.356664657592773,53.94938278198242,2.8373067378997803,,,
2019-02-08,19.065261840820312,52.995601654052734,2.7912962436676025,2.716944694519043,2.602202892303467,3.688176393508911
2019-02-11,19.44839859008789,53.94938278198242,2.8373067378997803,2.6855344772338867,2.5841944217681885,3.8174116611480713
2019-02-12,19.577913284301758,53.84404754638672,2.8296380043029785,2.690769672393799,2.5931990146636963,3.9068822860717773
2019-02-13,19.469985961914062,53.28232955932617,2.814301013946533,2.690769672393799,2.6832401752471924,3.95658802986145
2019-02-14,19.788372039794922,53.77383804321289,2.9139907360076904,2.680299997329712,2.665231943130493,3.88700008392334
2019-02-15,19.680444717407227,53.422752380371094,2.921658754348755,2.6174802780151367,2.5751900672912598,3.747823476791382
2019-02-18,19.966447830200195,54.18342590332031,2.9523322582244873,2.6227149963378906,2.6292154788970947,3.7677056789398193
2019-02-19,19.971847534179688,54.13661193847656,2.983006000518799,2.6227149963378906,2.6382193565368652,3.6782352924346924
2019-02-20,20.47370719909668,55.552650451660156,2.9983432292938232,2.6436550617218018,2.7012484073638916,3.648411750793457
2019-02-21,20.425140380859375,55.40636444091797,2.9676690101623535,2.6384198665618896,2.737265110015869,3.7179999351501465
2019-02-22,20.33879852294922,55.412208557128906,2.9369959831237793,2.6384198665618896,2.7552735805511475,3.7179999351501465
2019-02-25,20.522275924682617,55.663822174072266,3.0136795043945312,2.6279501914978027,2.8363113403320312,3.837293863296509
2019-02-26,20.263248443603516,55.330291748046875,2.983006000518799,2.790233850479126,2.908344268798828,3.787588119506836
2019-02-27,20.333402633666992,55.6579704284668,3.0290167331695557,2.837348699569702,2.9713735580444336,3.7577645778656006
2019-02-28,20.090566635131836,56.26651382446289,2.9983432292938232,2.748354196548462,2.8993401527404785,3.6782352924346924
2019-03-01,20.063581466674805,55.54093933105469,2.9983432292938232,2.69600510597229,2.962369441986084,3.737882137298584
2019-03-04,20.301023483276367,56.424495697021484,2.9983432292938232,2.758824586868286,3.03440260887146,3.8174116611480713
2019-03-05,20.128337860107422,55.944679260253906,2.9906744956970215,2.748354196548462,2.962369441986084,3.7975292205810547
2019-03-06,20.301023483276367,56.553226470947266,2.983006000518799,2.753589391708374,3.061415195465088,3.82735276222229
2019-03-07,20.647397994995117,57.36076354980469,3.00335431098938,2.711709976196289,3.0704193115234375,3.7279410362243652
2019-03-08,20.37666893005371,56.45720291137695,2.971905469894409,2.5808358192443848,2.764277696609497,3.5291175842285156
2019-03-11,20.177762985229492,56.07708740234375,2.964042901992798,2.6541249752044678,2.7552735805511475,3.6782352924346924
2019-03-12,20.39324378967285,56.7874755859375,2.9876296520233154,2.800704002380371,2.7822859287261963,3.69811749458313
2019-03-13,20.37114143371582,56.65037536621094,3.00335431098938,2.790233850479126,2.764277696609497,3.648411750793457
2019-03-14,20.531370162963867,57.18628692626953,3.0269408226013184,2.800704002380371,2.7822859287261963,3.6384706497192383
2019-03-15,20.155662536621094,57.111515045166016,2.9954919815063477,2.816408395767212,2.71925687789917,3.548999786376953
2019-03-18,20.431917190551758,58.05868911743164,3.0348031520843506,2.8896982669830322,2.809298276901245,3.5887644290924072
2019-03-19,20.76894760131836,59.043270111083984,3.050527334213257,2.826878547668457,2.7822859287261963,3.6285293102264404
2019-03-20,20.553468704223633,57.385684967041016,3.019078493118286,2.811173439025879,2.764277696609497,3.5887644290924072
2019-03-21,20.818675994873047,58.264339447021484,3.019078493118286,2.853053331375122,2.8002943992614746,3.5788233280181885
2019-03-22,20.780004501342773,58.68183898925781,3.0426652431488037,2.8896982669830322,2.809298276901245,3.6185882091522217
2019-03-25,20.514793395996094,58.03376007080078,2.956181049346924,2.926342010498047,2.6832401752471924,3.509235143661499
2019-03-26,20.746850967407227,58.45127487182617,2.9325942993164062,2.9682226181030273,2.665231943130493,3.5191762447357178
2019-03-27,20.940227508544922,59.342376708984375,2.8932838439941406,3.0467472076416016,2.665231943130493,3.4992940425872803
2019-03-28,21.128082275390625,60.07769012451172,2.9404568672180176,3.0729217529296875,2.665231943130493,3.409823417663574
2019-03-29,21.266216278076172,61.01240539550781,2.9325942993164062,3.0938613414764404,2.602202892303467,3.37005877494812
2019-04-01,21.575618743896484,62.021915435791016,2.9483189582824707,3.2666149139404297,2.818302631378174,3.3402349948883057
2019-04-02,21.564571380615234,61.33646011352539,2.9954919815063477,3.329435110092163,2.8723275661468506,3.419764757156372
2019-04-03,22.050777435302734,62.51419448852539,3.074113607406616,3.313730001449585,3.061415195465088,3.419764757156372
2019-04-04,21.780048370361328,62.084228515625,3.050527334213257,3.287555694580078,3.0704193115234375,3.3402349948883057
2019-04-05,21.669544219970703,62.25871658325195,3.00335431098938,,,
2019-04-08,22.039730072021484,63.23705291748047,3.050527334213257,3.292790174484253,3.0253984928131104,3.3402349948883057
2019-04-09,22.117080688476562,63.29936599731445,2.964042901992798,3.4393692016601562,3.0434069633483887,3.379999876022339
2019-04-10,22.039730072021484,63.45514678955078,2.909008502960205,3.4969534873962402,3.061415195465088,3.379999876022339
2019-04-11,21.9016056060791,62.61389923095703,2.814661979675293,3.5335988998413086,3.03440260887146,3.3501763343811035
2019-04-12,21.868453979492188,62.626365661621094,2.7832131385803223,3.512657880783081,2.9893815517425537,3.3501763343811035
2019-04-15,21.84635353088379,62.78215408325195,2.7517640590667725,3.360844850540161,3.0163941383361816,3.3601176738739014
2019-04-16,21.752422332763672,63.062564849853516,2.767488718032837,3.324199676513672,2.9983859062194824,3.379999876022339
2019-04-17,21.161235809326172,60.07146453857422,2.7596263885498047,3.418429374694824,3.03440260887146,3.5688822269439697
2019-04-18,21.12255859375,60.906490325927734,2.7439022064208984,3.360844850540161,3.0163941383361816,3.4893529415130615
2019-04-23,21.177812576293945,61.82250213623047,2.728177785873413,3.298025131225586,2.9173483848571777,3.5291175842285156
2019-04-24,21.105985641479492,61.311519622802734,2.673142433166504,3.381784200668335,2.908344268798828,3.4893529415130615
2019-04-25,,,,3.329435110092163,2.8363113403320312,3.4396469593048096
2019-04-26,20.774477005004883,60.83170700073242,2.681004762649536,3.292790174484253,2.8002943992614746,3.37005877494812
2019-04-29,20.896026611328125,60.9127082824707,2.6181070804595947,3.366079330444336,2.7552735805511475,3.3501763343811035
2019-04-30,20.663972854614258,59.42961120605469,2.625969409942627,3.381784200668335,2.764277696609497,3.3402349948883057
2019-05-01,20.70817756652832,59.56048583984375,2.6181070804595947,,,
2019-05-02,20.454021453857422,58.8563232421875,2.625969409942627,3.245675563812256,2.7822859287261963,3.24082350730896
2019-05-03,20.40981674194336,58.84385681152344,2.6023826599121094,3.298025131225586,2.7732815742492676,3.230882167816162
2019-05-06,20.33246421813965,58.53852462768555,2.594520330429077,3.1200363636016846,2.620211124420166,3.1612939834594727
2019-05-07,20.608718872070312,59.85335159301758,2.6416938304901123,3.0833916664123535,2.602202892303467,3.1612939834594727
2019-05-08,20.542421340942383,59.791038513183594,2.594520330429077,3.0362770557403564,2.5571818351745605,3.141411781311035
2019-05-09,20.431917190551758,59.41714096069336,2.57879638671875,2.9629878997802734,2.422119617462158,3.0817644596099854
2019-05-10,20.33246421813965,59.3672981262207,2.586658477783203,3.0205721855163574,2.4581363201141357,3.1115882396698
2019-05-13,20.404293060302734,59.84089660644531,2.625969409942627,,,
2019-05-14,20.177762985229492,59.95928955078125,2.673142433166504,2.894932985305786,2.503156900405884,2.9525294303894043
2019-05-15,20.553468704223633,61.26166915893555,2.720315933227539,2.9839272499084473,2.521165370941162,2.9525294303894043
2019-05-16,20.7413272857666,61.866127014160156,2.767488718032837,2.9368128776550293,2.56618595123291,2.9326469898223877
2019-05-17,21.2496395111084,63.156036376953125,2.767488718032837,2.8739936351776123,2.5571818351745605,2.9823527336120605
2019-05-20,21.11150550842285,63.810340881347656,2.7596263885498047,2.784998893737793,2.494152784347534,2.9028234481811523
2019-05-21,20.962331771850586,63.1061897277832,2.720315933227539,2.847818374633789,2.5301692485809326,2.872999906539917
2019-05-22,21.034156799316406,63.374149322509766,2.736039876937866,2.879228115081787,2.503156900405884,2.8630588054656982
2019-05-23,20.619770050048828,62.92547607421875,2.712453603744507,2.879228115081787,2.422119617462158,2.783529281616211
2019-05-24,20.691598892211914,63.09372329711914,2.7045912742614746,2.88446307182312,2.4401278495788574,2.7139410972595215
2019-05-27,20.962331771850586,64.19669342041016,2.720315933227539,2.88446307182312,2.4581363201141357,2.8431763648986816
2019-05-28,21.326990127563477,65.62370300292969,2.7045912742614746,2.926342010498047,2.5301692485809326,2.9525294303894043
2019-05-29,21.194387435913086,65.13765716552734,2.6416938304901123,2.9158730506896973,2.521165370941162,2.9028234481811523
2019-05-30,20.829729080200195,62.969093322753906,2.586658477783203,2.926342010498047,2.5391736030578613,2.8928823471069336
2019-05-31,20.862878799438477,62.50174331665039,2.6102447509765625,2.9682226181030273,2.5391736030578613,2.8630588054656982
2019-06-03,20.33799171447754,60.51390075683594,2.570934295654297,2.9577529430389404,2.54817795753479,2.7636468410491943
2019-06-04,20.614248275756836,61.417457580566406,2.5473477840423584,2.9368128776550293,2.494152784347534,2.783529281616211
2019-06-05,20.7413272857666,62.00944900512695,2.539485454559326,2.8875930309295654,2.5121612548828125,2.833235025405884
2019-06-06,20.47059440612793,60.270870208740234,2.5158989429473877,2.8329036235809326,2.494152784347534,2.823293924331665
2019-06-07,20.907079696655273,61.06850051879883,2.5473477840423584,,,
2019-06-10,,,,2.860248327255249,2.5121612548828125,2.9028234481811523
2019-06-11,21.38223648071289,62.65752410888672,2.531623363494873,2.871185779571533,2.5391736030578613,3.0419998168945312
2019-06-12,21.962377548217773,63.81657791137695,2.5552093982696533,2.9039995670318604,2.54817795753479,2.972411632537842
2019-06-13,21.857402801513672,63.46760559082031,2.531623363494873,2.920405864715576,2.5391736030578613,3.0221176147460938
2019-06-14,22.266260147094727,65.64240264892578,2.6023826599121094,2.7836830615997314,2.503156900405884,3.05194091796875
2019-06-17,22.188905715942383,64.72013854980469,2.492312431335449,2.7508695125579834,2.4581363201141357,3.0221176147460938
2019-06-18,22.188905715942383,64.62043762207031,2.492312431335449,2.7454006671905518,2.4671404361724854,3.0320587158203125
2019-06-19,22.641963958740234,65.87296295166016,2.531623363494873,2.8219656944274902,2.5391736030578613,3.1215293407440186
2019-06-20,22.57014274597168,63.23081970214844,2.5080366134643555,2.8875930309295654,2.54817795753479,3.201058864593506
2019-06-21,22.669593811035156,63.27444076538086,2.531623363494873,2.958688735961914,2.5571818351745605,3.2507646083831787
2019-06-24,22.76352310180664,63.392845153808594,2.5473477840423584,2.9368128776550293,2.5391736030578613,3.201058864593506
2019-06-25,22.785621643066406,63.797874450683594,2.531623363494873,2.9313437938690186,2.4671404361724854,3.191117525100708
2019-06-26,22.74142074584961,64.283935546875,2.5158989429473877,2.8657166957855225,2.4851489067077637,3.2209410667419434
2019-06-27,23.17790985107422,66.2156982421875,2.5552093982696533,2.9477505683898926,2.503156900405884,3.2109999656677246
2019-06-28,22.74142074584961,64.65782165527344,2.5001745223999023,3.013378143310547,2.494152784347534,3.1811764240264893
2019-07-01,23.02872657775879,65.27474975585938,2.5158989429473877,,,
2019-07-02,23.227632522583008,66.33409881591797,2.586658477783203,3.1719765663146973,2.4851489067077637,3.1712353229522705
2019-07-03,23.249732971191406,66.70799255371094,2.57879638671875,3.177445888519287,2.449131965637207,3.141411781311035
2019-07-04,23.12265396118164,66.17830657958984,2.539485454559326,3.1172871589660645,2.422119617462158,3.151352882385254
2019-07-05,22.813249588012695,64.76375579833984,2.484450101852417,3.139163017272949,2.37709903717041,3.230882167816162
2019-07-08,22.409915924072266,64.12816619873047,2.484450101852417,3.193852186203003,2.3410820960998535,3.3104116916656494
2019-07-09,22.669593811035156,65.0254898071289,2.4687259197235107,3.215728521347046,2.3140695095062256,3.290529251098633
2019-07-10,22.630916595458984,64.60174560546875,2.4058279991149902,3.1829142570495605,2.323073625564575,3.3004703521728516
2019-07-11,22.780099868774414,65.12518310546875,2.476588010787964,3.1883833408355713,2.3500864505767822,3.3501763343811035
2019-07-12,22.636445999145508,64.5269775390625,2.4608640670776367,3.1719765663146973,2.3410820960998535,3.330293893814087
2019-07-15,22.65302085876465,64.75129699707031,2.445138692855835,3.2321345806121826,2.3410820960998535,3.320352792739868
2019-07-16,22.74142074584961,64.34002685546875,2.390104055404663,3.22666597366333,2.3410820960998535,3.320352792739868
2019-07-17,23.0618839263916,64.30886840820312,2.382241725921631,3.2540104389190674,2.3410820960998535,3.320352792739868
2019-07-18,22.71932029724121,63.78543472290039,2.342931032180786,3.264949083328247,2.3590903282165527,3.3402349948883057
2019-07-19,22.686166763305664,63.76048278808594,2.3665170669555664,3.2977616786956787,2.37709903717041,3.4396469593048096
2019-07-22,22.840871810913086,64.29016876220703,2.429414749145508,3.3086998462677,2.37709903717041,3.3998823165893555
2019-07-23,22.97347640991211,64.03467559814453,2.4530012607574463,3.314169406890869,2.3680946826934814,3.459529399871826
2019-07-24,22.835350036621094,62.632606506347656,2.4608640670776367,3.3196375370025635,2.3500864505767822,3.4396469593048096
2019-07-25,22.42649269104004,60.0029182434082,2.484450101852417,3.3196375370025635,2.3680946826934814,3.4794116020202637
2019-07-26,22.57014274597168,61.23051452636719,2.484450101852417,3.2376039028167725,2.332078218460083,3.5291175842285156
2019-07-29,22.4320125579834,61.554542541503906,2.492312431335449,3.128225564956665,2.3500864505767822,3.548999786376953
2019-07-30,22.559093475341797,61.6916389465332,2.484450101852417,3.128225564956665,2.3500864505767822,3.6384706497192383
2019-07-31,22.520418167114258,61.62932586669922,2.4687259197235107,3.1446316242218018,2.332078218460083,3.5788233280181885
2019-08-01,22.244159698486328,60.950096130371094,2.437276840209961,3.0516598224639893,2.3140695095062256,3.4893529415130615
2019-08-02,21.42643928527832,59.05572509765625,2.342931032180786,2.975095510482788,2.206019878387451,3.4396469593048096
2019-08-05,20.757902145385742,57.11773681640625,2.248584270477295,2.909468412399292,2.1159780025482178,3.3402349948883057
2019-08-06,20.49822235107422,56.949493408203125,2.193549633026123,2.871185779571533,2.06195330619812,3.3402349948883057
2019-08-07,20.304840087890625,55.771728515625,2.1778247356414795,2.8657166957855225,2.06195330619812,3.379999876022339
2019-08-08,20.608718872070312,57.12420654296875,2.2249975204467773,2.8875930309295654,2.088965654373169,3.409823417663574
2019-08-09,20.603199005126953,56.58859634399414,2.2643091678619385,2.871185779571533,2.06195330619812,3.24082350730896
2019-08-12,20.44849395751953,55.03335189819336,2.217135429382324,2.843841075897217,2.0709571838378906,3.2109999656677246
2019-08-13,20.44849395751953,55.36893081665039,2.240722179412842,2.805558681488037,2.016932487487793,3.1314706802368164
2019-08-14,20.675024032592773,56.74992370605469,2.303619861602783,2.739931344985962,2.016932487487793,3.1314706802368164
2019-08-15,20.105937957763672,55.239864349365234,2.2014119625091553,2.7618072032928467,2.0079281330108643,3.05194091796875
2019-08-16,19.984384536743164,54.67197799682617,2.1699624061584473,2.756338357925415,1.9989241361618042,3.0320587158203125
2019-08-19,20.028581619262695,54.826839447021484,2.217135429382324,2.8164963722229004,2.0529491901397705,2.9922940731048584
2019-08-20,20.056209564208984,55.388282775878906,2.2249975204467773,2.9039995670318604,2.0979697704315186,3.0320587158203125
2019-08-21,19.4760684967041,54.01374435424805,2.1621010303497314,2.9313437938690186,2.106973886489868,3.1215293407440186
2019-08-22,19.448444366455078,54.34284973144531,2.067754030227661,2.8985304832458496,2.0979697704315186,3.1314706802368164
2019-08-23,19.569997787475586,54.85266876220703,1.934097409248352,2.942281723022461,2.1159780025482178,3.141411781311035
2019-08-26,19.166664123535156,53.420047760009766,1.9419597387313843,2.8657166957855225,2.0259363651275635,3.05194091796875
2019-08-27,19.310317993164062,54.05246353149414,1.9262349605560303,2.854779005050659,2.034940719604492,3.061882257461548
2019-08-28,19.569997787475586,55.388282775878906,1.9969947338104248,2.8329036235809326,2.0529491901397705,3.05194091796875
2019-08-29,19.614200592041016,55.29148864746094,2.020581007003784,2.805558681488037,2.0079281330108643,3.0419998168945312
2019-08-30,20.050683975219727,56.51762008666992,2.0756168365478516,2.811028003692627,2.0709571838378906,3.0320587158203125
2019-09-02,20.210912704467773,57.32426071166992,2.0756168365478516,2.789152145385742,2.0799615383148193,3.1612939834594727
2019-09-03,20.12803840637207,56.885440826416016,2.1227900981903076,2.789152145385742,2.0709571838378906,3.191117525100708
2019-09-04,20.067258834838867,57.05322265625,2.107064962387085,2.7946207523345947,2.0979697704315186,3.201058864593506
2019-09-05,20.655351638793945,58.09864807128906,2.1306517124176025,2.8329036235809326,2.133986473083496,3.230882167816162
2019-09-06,20.79278564453125,58.31806945800781,2.193549633026123,2.9039995670318604,2.2240281105041504,3.24082350730896
2019-09-09,20.689708709716797,58.27933883666992,2.15423846244812,2.909468412399292,2.2420365810394287,3.24082350730896
2019-09-10,20.798511505126953,58.105106353759766,2.1149275302886963,2.9313437938690186,2.278053045272827,3.2209410667419434
2019-09-11,21.142099380493164,59.43448257446289,2.1856870651245117,2.958688735961914,2.449131965637207,3.3004703521728516
2019-09-12,21.170732498168945,59.80876159667969,2.2024857997894287,2.9805643558502197,2.476144552230835,3.3601176738739014
2019-09-13,21.262351989746094,60.20241165161133,2.2423861026763916,3.013378143310547,2.521165370941162,3.379999876022339
2019-09-16,21.932353973388672,60.7315788269043,2.2423861026763916,2.920405864715576,2.4851489067077637,3.3402349948883057
2019-09-17,21.697568893432617,59.78941345214844,2.1785459518432617,2.8493103981018066,2.4131155014038086,3.3601176738739014
2019-09-18,21.640302658081055,59.96364974975586,2.1705660820007324,2.871185779571533,2.4131155014038086,3.3601176738739014
2019-09-19,21.577312469482422,60.04108810424805,2.1785459518432617,2.8219656944274902,2.3500864505767822,3.429705858230591
2019-09-20,21.61739730834961,59.65387725830078,2.210465669631958,2.838371753692627,2.37709903717041,3.409823417663574
2019-09-23,21.542953491210938,59.91201400756836,2.18652606010437,2.805558681488037,2.251040458679199,3.3998823165893555
2019-09-24,21.331071853637695,60.04108810424805,2.1147053241729736,2.772745132446289,2.278053045272827,3.469470500946045
2019-09-25,20.918766021728516,58.73107147216797,2.0827856063842773,2.7344627380371094,2.251040458679199,3.429705858230591
2019-09-26,20.90159034729004,58.80851364135742,2.050865411758423,2.707118034362793,2.2420365810394287,3.429705858230591
2019-09-27,21.096290588378906,59.111812591552734,2.098745822906494,2.7180559635162354,2.2240281105041504,3.419764757156372
2019-09-30,21.027568817138672,59.80231857299805,2.0907657146453857,2.739931344985962,2.2240281105041504,3.429705858230591
2019-10-01,21.18791389465332,59.757137298583984,2.1147053241729736,,,
2019-10-02,20.787063598632812,58.782691955566406,2.0349056720733643,2.6852424144744873,2.206019878387451,3.3501763343811035
2019-10-03,20.128517150878906,56.30465316772461,1.963085412979126,2.6524288654327393,2.1970155239105225,3.3004703521728516
2019-10-04,20.21441650390625,56.56277084350586,1.9391454458236694,2.6524288654327393,2.188011407852173,3.3004703521728516
2019-10-07,20.260225296020508,56.53050994873047,1.9471250772476196,,,
2019-10-08,20.391935348510742,57.162933349609375,1.971065640449524,2.6633665561676025,2.215023994445801,3.2607057094573975
2019-10-09,20.117063522338867,56.62730407714844,1.923185110092163,2.6524288654327393,2.1970155239105225,3.2209410667419434
2019-10-10,20.08270835876465,56.73701477050781,1.9311649799346924,2.6797738075256348,2.2330322265625,3.2209410667419434
2019-10-11,20.512187957763672,58.0599250793457,1.9551050662994385,2.6797738075256348,2.2870569229125977,3.3004703521728516
2019-10-14,20.918766021728516,59.311866760253906,1.9950050115585327,2.6797738075256348,2.278053045272827,3.2607057094573975
2019-10-15,20.66107940673828,58.466487884521484,1.971065640449524,2.657897710800171,2.2690489292144775,3.290529251098633
2019-10-16,20.638172149658203,57.95668411254883,1.963085412979126,2.619615077972412,2.2420365810394287,3.2607057094573975
2019-10-17,19.962448120117188,56.2852897644043,1.9950050115585327,2.6305532455444336,2.260044574737549,3.2607057094573975
2019-10-18,19.92236328125,56.70475769042969,1.963085412979126,2.5977394580841064,2.2240281105041504,3.270646810531616
2019-10-21,20.031166076660156,56.86608123779297,1.9471250772476196,2.5977394580841064,2.251040458679199,3.2507646083831787
2019-10-22,20.26595115661621,57.711448669433594,2.0748050212860107,2.5977394580841064,2.2330322265625,3.290529251098633
2019-10-23,20.27168083190918,57.95022964477539,2.050865411758423,2.5649259090423584,2.206019878387451,3.290529251098633
2019-10-24,20.47210693359375,58.33097457885742,2.058845281600952,2.5649259090423584,2.251040458679199,3.3004703521728516
2019-10-25,20.483558654785156,58.60200881958008,2.0748050212860107,2.5485191345214844,2.2420365810394287,3.3501763343811035
2019-10-28,20.712617874145508,58.885948181152344,2.0668251514434814,2.5266435146331787,2.1970155239105225,3.3601176738739014
2019-10-29,20.970306396484375,59.49900436401367,2.1067254543304443,2.48836088180542,2.206019878387451,3.459529399871826
2019-10-30,20.729795455932617,58.85368347167969,2.098745822906494,2.439141035079956,2.1249823570251465,3.4893529415130615
2019-10-31,20.586633682250977,58.64716720581055,2.0349056720733643,2.384451389312744,2.0979697704315186,3.558940887451172
2019-11-01,20.443471908569336,58.3954963684082,2.0189452171325684,2.40632700920105,2.1159780025482178,3.509235143661499
2019-11-04,20.890138626098633,60.46055221557617,2.0827856063842773,2.40632700920105,2.2690489292144775,3.548999786376953
2019-11-05,21.159278869628906,61.20266342163086,2.058845281600952,2.439141035079956,2.305065631866455,3.598705768585205
2019-11-06,21.474233627319336,61.37691116333008,2.1147053241729736,2.4446091651916504,2.305065631866455,3.598705768585205
2019-11-07,21.388341903686523,61.40917205810547,2.1705660820007324,2.4446091651916504,2.2960615158081055,3.608647108078003
2019-11-08,21.359704971313477,61.454349517822266,2.18652606010437,2.466484785079956,2.305065631866455,3.469470500946045
2019-11-11,21.290990829467773,60.00236129760742,2.1945059299468994,2.3953893184661865,2.2690489292144775,3.4794116020202637
2019-11-12,21.245180130004883,60.247589111328125,2.18652606010437,2.3625760078430176,2.2420365810394287,3.4893529415130615
2019-11-13,21.067659378051758,59.240882873535156,2.162585973739624,2.324293375015259,2.1970155239105225,3.4396469593048096
2019-11-14,21.079113006591797,59.60226821899414,2.1546061038970947,2.2969486713409424,2.160999059677124,3.4794116020202637
2019-11-15,21.348251342773438,60.363746643066406,2.146625518798828,2.2750730514526367,2.133986473083496,3.469470500946045
2019-11-18,21.394062042236328,60.88644790649414,2.146625518798828,2.318824291229248,2.133986473083496,3.469470500946045
2019-11-19,21.457059860229492,61.43498611450195,2.146625518798828,2.3953893184661865,2.106973886489868,3.4396469593048096
2019-11-20,21.325347900390625,60.9251823425293,2.1067254543304443,2.3735134601593018,2.133986473083496,3.4396469593048096
2019-11-21,21.03329849243164,60.208858489990234,2.0748050212860107,2.302417516708374,2.133986473083496,3.409823417663574
2019-11-22,21.296714782714844,60.69286346435547,2.1067254543304443,2.2750730514526367,2.133986473083496,3.429705858230591
2019-11-25,21.67466163635254,61.89960861206055,2.1067254543304443,2.2750730514526367,2.1970155239105225,3.4495880603790283
2019-11-26,21.70329475402832,61.93833923339844,2.1067254543304443,2.2969486713409424,2.215023994445801,3.409823417663574
2019-11-27,21.96098518371582,62.59657287597656,2.1306657791137695,2.2914795875549316,2.215023994445801,3.429705858230591
2019-11-28,22.0468807220459,62.84825134277344,2.138645648956299,2.3078861236572266,2.1970155239105225,3.429705858230591
2019-11-29,21.892269134521484,62.53202819824219,2.1546061038970947,2.2477283477783203,2.160999059677124,3.37005877494812
2019-12-02,21.938077926635742,62.93212890625,2.1306657791137695,2.2313218116760254,2.133986473083496,3.3899412155151367
2019-12-03,21.628849029541016,62.6094856262207,2.0668251514434814,2.2422597408294678,2.160999059677124,3.37005877494812
2019-12-04,21.090564727783203,61.325286865234375,2.0827856063842773,2.20397686958313,2.1429905891418457,3.320352792739868
2019-12-05,21.422700881958008,61.81572723388672,2.0748050212860107,2.214914560317993,2.1429905891418457,3.3601176738739014
2019-12-06,21.394062042236328,61.81572723388672,2.0269253253936768,2.286010980606079,2.188011407852173,3.3899412155151367
2019-12-09,21.789194107055664,62.86760330200195,2.1226859092712402,2.3078861236572266,2.215023994445801,3.3998823165893555
2019-12-10,22.023975372314453,63.70006561279297,2.162585973739624,2.3461687564849854,2.2690489292144775,3.3998823165893555
2019-12-11,22.10414695739746,63.95175552368164,2.226426124572754,2.389920473098755,2.251040458679199,3.409823417663574
2019-12-12,22.10414695739746,63.90013122558594,2.2344062328338623,2.400858163833618,2.278053045272827,3.429705858230591
2019-12-13,22.533634185791016,64.91974639892578,2.298246383666992,2.4446091651916504,2.3140695095062256,3.5788233280181885
2019-12-16,22.900123596191406,65.68122100830078,2.3301661014556885,2.433671236038208,2.2870569229125977,3.648411750793457
2019-12-17,23.020381927490234,66.66211700439453,2.298246383666992,2.4610164165496826,2.3500864505767822,3.6185882091522217
2019-12-18,22.934486389160156,65.97807312011719,2.2822859287261963,2.4610164165496826,2.323073625564575,3.6682939529418945
2019-12-19,22.785594940185547,65.9909896850586,2.2822859287261963,2.439141035079956,2.3140695095062256,3.6782352924346924
2019-12-20,22.745512008666992,66.89444732666016,2.2184460163116455,2.4446091651916504,2.332078218460083,3.6782352924346924
2019-12-23,22.45918846130371,65.71348571777344,2.162585973739624,2.4282028675079346,2.305065631866455,3.7577645778656006
2019-12-24,22.464916229248047,65.82319641113281,2.146625518798828,2.400858163833618,2.305065631866455,3.7279410362243652
2019-12-27,22.6997013092041,66.15231323242188,2.18652606010437,2.48836088180542,2.3410820960998535,3.7577645778656006
2019-12-30,22.57371711730957,65.56505584716797,2.1546061038970947,2.5375816822052,2.422119617462158,3.777647018432617
2019-12-31,22.28739356994629,64.79068756103516,2.1546061038970947,2.57039475440979,2.404111385345459,3.7975292205810547
2020-01-02,22.304574966430664,65.27466583251953,2.138645648956299,2.6414906978607178,2.494152784347534,3.7677056789398193
2020-01-03,22.419105529785156,65.41019439697266,2.1306657791137695,2.6360220909118652,2.503156900405884,3.8174116611480713
2020-01-06,22.562267303466797,65.26176452636719,2.1705660820007324,2.521174430847168,2.4401278495788574,3.747823476791382
2020-01-07,22.648164749145508,65.65541076660156,2.2344062328338623,2.5485191345214844,2.404111385345459,3.7577645778656006
2020-01-08,22.65961265563965,65.0875244140625,2.1945059299468994,2.5157055854797363,2.3500864505767822,3.747823476791382
2020-01-09,22.92302894592285,65.94580841064453,2.226426124572754,2.521174430847168,2.3590903282165527,3.787588119506836
2020-01-10,22.848588943481445,66.1006851196289,2.2344062328338623,2.57039475440979,2.332078218460083,3.8671176433563232
2020-01-13,22.636707305908203,65.87482452392578,2.226426124572754,2.5430500507354736,2.3410820960998535,3.976470470428467
2020-01-14,22.934486389160156,67.09449005126953,2.3062264919281006,2.57039475440979,2.404111385345459,4.115646839141846
2020-01-15,23.008930206298828,66.7201919555664,2.274305820465088,2.57039475440979,2.4131155014038086,4.135529041290283
2020-01-16,22.980300903320312,66.7266616821289,2.274305820465088,2.57586407661438,2.3590903282165527,4.205117702484131
2020-01-17,23.249435424804688,67.91405487060547,2.298246383666992,2.6250839233398438,2.37709903717041,4.284646987915039
2020-01-20,23.615930557250977,68.52710723876953,2.3301661014556885,2.6141464710235596,2.3410820960998535,4.841352462768555
2020-01-21,23.593029022216797,68.69489288330078,2.274305820465088,2.5157055854797363,2.2330322265625,4.702176570892334
2020-01-22,23.5987548828125,69.2950439453125,2.2663261890411377,2.471954345703125,2.2240281105041504,4.582882404327393
2020-01-23,23.524311065673828,68.52710723876953,2.2184460163116455,2.351637840270996,2.1790072917938232,4.364176273345947
2020-01-24,23.163541793823242,66.58467864990234,2.1785459518432617,2.351637840270996,2.160999059677124,4.403940677642822
2020-01-28,22.390470504760742,64.52609252929688,2.138645648956299,,,
2020-01-29,22.527904510498047,64.81004333496094,2.1546061038970947,2.236790657043457,2.0979697704315186,4.27470588684082
2020-01-30,22.333206176757812,64.00983428955078,2.0907657146453857,2.1602253913879395,2.0709571838378906,4.224999904632568
2020-01-31,22.562267303466797,63.738800048828125,2.1067254543304443,2.100067377090454,2.0709571838378906,4.224999904632568
2020-02-03,21.903718948364258,62.50623321533203,2.0189452171325684,2.1110053062438965,2.0259363651275635,4.155411243438721
2020-02-04,21.938077926635742,62.815982818603516,2.0269253253936768,2.1930389404296875,2.0079281330108643,4.3144707679748535
2020-02-05,22.270214080810547,63.5193977355957,2.0668251514434814,2.2094454765319824,2.0079281330108643,4.374117374420166
2020-02-06,22.642436981201172,63.97756576538086,2.1226859092712402,2.2586662769317627,2.0529491901397705,4.47352933883667
2020-02-07,22.201496124267578,63.5193977355957,2.0907657146453857,2.2477283477783203,2.034940719604492,4.34429407119751
2020-02-10,21.989614486694336,63.441932678222656,2.0269253253936768,2.2094454765319824,2.0259363651275635,4.224999904632568
2020-02-11,22.08124351501465,63.64845657348633,2.0349056720733643,2.236790657043457,2.0259363651275635,4.205117702484131
2020-02-12,21.989614486694336,62.91923522949219,2.0349056720733643,2.2586662769317627,2.043944835662842,4.224999904632568
2020-02-13,22.069791793823242,63.24835205078125,2.0668251514434814,2.253197193145752,2.034940719604492,4.254823684692383
2020-02-14,22.13277816772461,63.01604461669922,2.098745822906494,2.2750730514526367,2.0259363651275635,4.284646987915039
2020-02-17,22.02970314025879,63.13864517211914,2.0827856063842773,2.324293375015259,2.06195330619812,4.324411392211914
2020-02-18,22.207223892211914,63.441932678222656,2.0748050212860107,2.269604206085205,2.043944835662842,4.334352970123291
2020-02-19,22.0468807220459,63.299991607666016,2.0748050212860107,2.302417516708374,2.043944835662842,4.3542351722717285
2020-02-20,22.058330535888672,63.33223342895508,2.0827856063842773,2.253197193145752,2.06195330619812,4.523235321044922
2020-02-21,21.88654136657715,63.04184341430664,2.0428855419158936,2.269604206085205,2.0709571838378906,4.384058475494385
2020-02-24,21.23944854736328,61.47370910644531,1.971065640449524,2.214914560317993,1.9809157848358154,4.215058326721191
2020-02-25,20.80423927307129,60.402462005615234,1.923185110092163,2.1930389404296875,1.9448992013931274,4.224999904632568
2020-02-26,20.357576370239258,59.29896926879883,1.7955048084259033,2.187570095062256,1.917886734008789,4.006294250488281
2020-02-27,20.151424407958984,58.343875885009766,1.779544711112976,2.2969486713409424,1.9088823795318604,4.105705738067627
2020-02-28,19.240915298461914,56.31755828857422,1.7715648412704468,2.286010980606079,1.8638615608215332,3.737882137298584
2020-03-02,19.09775161743164,55.67222595214844,1.8274248838424683,2.3789823055267334,1.9268909692764282,3.7577645778656006
2020-03-03,19.46424674987793,57.30490493774414,1.8354051113128662,2.2969486713409424,1.8728657960891724,3.658352851867676
2020-03-04,19.27527618408203,58.07931137084961,1.8274248838424683,2.318824291229248,1.8818697929382324,3.658352851867676
2020-03-05,19.794347763061523,59.38680648803711,1.8788286447525024,2.2586662769317627,1.9088823795318604,3.7975292205810547
2020-03-06,19.06583023071289,57.909698486328125,1.7411558628082275,2.20397686958313,1.845853328704834,3.688176393508911
2020-03-09,16.317602157592773,54.2303352355957,1.4536627531051636,2.0781915187835693,1.7468074560165405,3.280588150024414
2020-03-10,17.32449722290039,56.13715362548828,1.6358766555786133,2.067253589630127,1.710790753364563,3.270646810531616
2020-03-11,16.89212417602539,55.53287887573242,1.5467941761016846,2.0453779697418213,1.6927825212478638,3.320352792739868
2020-03-12,15.59500789642334,51.967655181884766,1.4253183603286743,1.968813180923462,1.6387574672698975,3.002235174179077
2020-03-13,15.826003074645996,54.438480377197266,1.5670403242111206,1.881310224533081,1.60274076461792,2.8531174659729004
2020-03-16,14.9257230758667,52.13551330566406,1.433416724205017,1.6734908819198608,1.5487159490585327,2.5747644901275635
2020-03-17,16.70851707458496,55.72758865356445,1.5913355350494385,1.733649492263794,1.5487159490585327,2.4852941036224365
2020-03-18,16.074764251708984,53.65291976928711,1.4253183603286743,1.6516152620315552,1.4586741924285889,2.2665882110595703
2020-03-19,16.193222045898438,54.062477111816406,1.417219877243042,1.5750503540039062,1.3776367902755737,2.1075291633605957
2020-03-20,15.997767448425293,55.05617141723633,1.433416724205017,1.6734908819198608,1.359628438949585,2.2665882110595703
2020-03-23,16.009613037109375,52.84720993041992,1.3483834266662598,1.6461466550827026,1.2965995073318481,2.1274118423461914
2020-03-24,16.821048736572266,53.41120910644531,1.417219877243042,1.6789599657058716,1.359628438949585,2.2168822288513184
2020-03-25,18.538692474365234,56.27814483642578,1.514400601387024,1.7500559091567993,1.4406658411026,2.5250587463378906
2020-03-26,18.16554832458496,59.17195129394531,1.5224990844726562,1.799276351928711,1.4046491384506226,2.505176305770874
2020-03-27,17.194190979003906,57.594139099121094,1.433416724205017,1.8539655208587646,1.4046491384506226,2.505176305770874
2020-03-30,17.88717269897461,58.775814056396484,1.5063022375106812,1.7500559091567993,1.3326159715652466,2.316293954849243
2020-03-31,17.164575576782227,56.781715393066406,1.4293675422668457,1.8047453165054321,1.3866407871246338,2.554882287979126
2020-04-01,17.90494155883789,59.353240966796875,1.5346465110778809,1.7828699350357056,1.3416200876235962,2.3958234786987305
2020-04-02,17.67987060546875,58.68183135986328,1.4982041120529175,1.771931767463684,1.3686325550079346,2.4355881214141846
2020-04-03,17.964168548583984,59.7090950012207,1.4820070266723633,1.771931767463684,1.3686325550079346,2.4952352046966553
2020-04-06,18.828916549682617,60.68264389038086,1.5508434772491455,1.771931767463684,1.3776367902755737,2.505176305770874
2020-04-07,18.775604248046875,60.86393356323242,1.494154691696167,1.881310224533081,1.4946907758712769,2.684117555618286
2020-04-08,18.550539016723633,59.9306640625,1.571089506149292,1.8539655208587646,1.5217034816741943,2.5847058296203613
2020-04-09,18.657150268554688,60.0179443359375,1.6439751386642456,1.9359997510910034,1.5036951303482056,2.654294013977051
2020-04-14,18.751916885375977,60.98477554321289,1.6682701110839844,1.957875370979309,1.539711833000183,2.6642353534698486
2020-04-15,18.615690231323242,60.2797966003418,1.68446683883667,1.9305307865142822,1.4676783084869385,2.6344118118286133
2020-04-16,18.236623764038086,59.45396041870117,1.611581563949585,1.9141236543655396,1.4046491384506226,2.59464693069458
2020-04-17,18.526845932006836,61.44135665893555,1.6682701110839844,1.9524062871932983,1.43166184425354,2.644352912902832
2020-04-20,18.25439453125,59.70237731933594,1.611581563949585,1.9359997510910034,1.4136533737182617,2.6145293712615967
2020-04-21,17.798328399658203,58.45354461669922,1.514400601387024,1.881310224533081,1.3506242036819458,2.505176305770874
2020-04-22,17.158653259277344,57.164424896240234,1.4658104181289673,1.8977168798446655,1.3416200876235962,2.5250587463378906
2020-04-23,17.620641708374023,57.74184036254883,1.494154691696167,1.8867791891098022,1.3416200876235962,2.6145293712615967
2020-04-24,18.088550567626953,58.59454345703125,1.494154691696167,1.881310224533081,1.3686325550079346,2.644352912902832
2020-04-27,18.064857482910156,58.41325378417969,1.5386958122253418,1.9141236543655396,1.395645022392273,2.654294013977051
2020-04-28,18.058935165405273,57.580711364746094,1.5022530555725098,2.050846815109253,1.3866407871246338,2.654294013977051
2020-04-29,18.432077407836914,57.412845611572266,1.514400601387024,2.1110053062438965,1.4856867790222168,2.7139410972595215
2020-04-30,19.16059684753418,58.75568771362305,1.607532262802124,,,
2020-05-01,17.673948287963867,55.45231246948242,1.526548147201538,,,
2020-05-04,17.69763946533203,54.58619689941406,1.4820070266723633,2.050846815109253,1.3776367902755737,2.6145293712615967
2020-05-05,18.17739486694336,55.55973815917969,1.530597448348999,1.9961580038070679,1.3866407871246338,2.7238821983337402
2020-05-06,18.011554718017578,55.049461364746094,1.5063022375106812,1.9633440971374512,1.4406658411026,2.7238821983337402
2020-05-07,18.361005783081055,54.72718048095703,1.510351300239563,1.957875370979309,1.4226576089859009,2.7039999961853027
2020-05-08,18.597919464111328,55.72758865356445,1.4982041120529175,1.9797511100769043,1.4496700763702393,2.684117555618286
2020-05-11,18.686763763427734,56.39229965209961,1.5589418411254883,1.9906891584396362,1.4586741924285889,2.6741764545440674
2020-05-12,18.195165634155273,55.45903015136719,1.494154691696167,1.9469375610351562,1.4136533737182617,2.684117555618286
2020-05-13,18.36693000793457,56.21100616455078,1.4982041120529175,1.968813180923462,1.3866407871246338,2.6344118118286133
2020-05-14,18.1300106048584,55.902164459228516,1.4455641508102417,1.8867791891098022,1.359628438949585,2.59464693069458
2020-05-15,18.757837295532227,57.312137603759766,1.510351300239563,1.8758411407470703,1.3686325550079346,2.644352912902832
2020-05-18,19.604814529418945,60.628936767578125,1.5224990844726562,1.8594348430633545,1.43166184425354,2.6741764545440674
2020-05-19,20.75977897644043,63.462310791015625,1.611581563949585,1.9305307865142822,1.4136533737182617,2.7537057399749756
2020-05-20,20.564327239990234,63.22060775756836,1.6034830808639526,1.9086549282073975,1.4226576089859009,2.743764638900757
2020-05-21,20.4399471282959,62.56932830810547,1.5791877508163452,1.9359997510910034,1.3866407871246338,2.872999906539917
2020-05-22,20.327407836914062,61.32049560546875,1.5427449941635132,1.8594348430633545,1.3326159715652466,2.7636468410491943
2020-05-25,20.588016510009766,62.112762451171875,1.5346465110778809,1.8156830072402954,1.3146077394485474,2.7934703826904297
2020-05-26,21.02631378173828,62.97888946533203,1.5508434772491455,1.9031857252120972,1.3056035041809082,2.972411632537842
2020-05-27,20.41033363342285,61.44804763793945,1.5994338989257812,1.9305307865142822,1.2965995073318481,2.9525294303894043
2020-05-28,20.824934005737305,62.86475372314453,1.5791877508163452,1.8867791891098022,1.2965995073318481,2.9922940731048584
2020-05-29,20.516942977905273,62.710330963134766,1.5467941761016846,1.8649038076400757,1.2875950336456299,2.9823527336120605
2020-06-01,21.150691986083984,65.28185272216797,1.5791877508163452,1.9141236543655396,1.3146077394485474,3.091705799102783
2020-06-02,20.973003387451172,65.10729217529297,1.6358766555786133,1.9797511100769043,1.3146077394485474,3.151352882385254
2020-06-03,21.52383804321289,65.40941619873047,1.7492544651031494,2.0453779697418213,1.3686325550079346,3.2209410667419434
2020-06-04,21.50606346130371,66.0674057006836,1.7897461652755737,2.0814731121063232,1.3776367902755737,3.0718233585357666
2020-06-05,21.517911911010742,66.20169830322266,1.7735494375228882,2.0574097633361816,1.4226576089859009,3.061882257461548
2020-06-08,,,,2.0754570960998535,1.43166184425354,3.141411781311035
2020-06-09,22.293813705444336,68.0615234375,1.8950252532958984,2.1235835552215576,1.4496700763702393,3.1115882396698
2020-06-10,22.210893630981445,67.4639663696289,1.8545335531234741,2.1596784591674805,1.4136533737182617,3.1314706802368164
2020-06-11,21.77259635925293,66.37626647949219,1.7735494375228882,2.1115520000457764,1.3776367902755737,3.0320587158203125
2020-06-12,21.316532135009766,65.67127227783203,1.7006635665893555,2.117567777633667,1.3506242036819458,2.9823527336120605
2020-06-15,20.878238677978516,65.0401382446289,1.6156306266784668,2.0574097633361816,1.3236119747161865,2.8630588054656982
2020-06-16,21.488298416137695,66.84624481201172,1.6682701110839844,2.117567777633667,1.3686325550079346,3.0221176147460938
2020-06-17,21.334304809570312,66.38297271728516,1.6601717472076416,2.1235835552215576,1.359628438949585,3.05194091796875
2020-06-18,21.13884735107422,65.5369873046875,1.6682701110839844,2.1837425231933594,1.3866407871246338,2.9922940731048584
2020-06-19,20.7360897064209,64.64400482177734,1.6156306266784668,2.16569447517395,1.3686325550079346,2.962470531463623
2020-06-22,20.943391799926758,64.9260025024414,1.6682701110839844,2.1416313648223877,1.3416200876235962,2.9425880908966064
2020-06-23,21.109233856201172,65.8324203491211,1.6763685941696167,2.087488889694214,1.3416200876235962,2.9525294303894043
2020-06-24,21.263229370117188,66.25540161132812,1.6601717472076416,2.069441318511963,1.3416200876235962,2.9525294303894043
2020-06-25,20.75977897644043,65.16770935058594,1.5953848361968994,,,
2020-06-26,21.35207176208496,66.46353149414062,1.6196798086166382,2.0453784465789795,1.3236119747161865,2.91276478767395
2020-06-29,20.95523452758789,65.30870819091797,1.5994338989257812,2.135615348815918,1.3056035041809082,2.8630588054656982
2020-06-30,21.215845108032227,65.77197265625,1.6520733833312988,2.069441318511963,1.3056035041809082,2.9425880908966064
2020-07-01,21.215845108032227,65.22813415527344,1.6520733833312988,,,
2020-07-02,21.328380584716797,65.67127227783203,1.6763685941696167,2.16569447517395,1.3686325550079346,2.872999906539917
2020-07-03,21.476451873779297,64.71784973144531,1.7249592542648315,2.2258527278900146,1.4136533737182617,2.872999906539917
2020-07-06,21.115156173706055,64.08672332763672,1.68446683883667,2.538674831390381,1.5937367677688599,2.9425880908966064
2020-07-07,21.38168716430664,64.65071868896484,1.6682701110839844,2.5146119594573975,1.5847325325012207,2.8531174659729004
2020-07-08,21.17438316345215,64.14716339111328,1.6682701110839844,2.5988335609436035,1.6837782859802246,2.872999906539917
2020-07-09,21.594911575317383,66.24868774414062,1.6925653219223022,2.640944004058838,1.8008325099945068,2.872999906539917
2020-07-10,21.43499183654785,65.7921371459961,1.6520733833312988,2.665006637573242,1.737803339958191,2.8630588054656982
2020-07-13,21.8969783782959,67.03425598144531,1.7168605327606201,2.8334503173828125,1.8728657960891724,2.872999906539917
2020-07-14,21.962133407592773,67.98094940185547,1.6763685941696167,2.839465618133545,1.8278448581695557,2.783529281616211
2020-07-15,22.507036209106445,70.4853286743164,1.7330574989318848,2.8875925540924072,1.8818697929382324,2.7934703826904297
2020-07-16,22.36488914489746,69.49835205078125,1.7249592542648315,2.671023368835449,1.7918282747268677,2.7636468410491943
2020-07-17,22.45965576171875,69.92134094238281,1.797844648361206,2.640944004058838,1.710790753364563,2.773588180541992
2020-07-20,22.73211097717285,70.57260131835938,1.7573527097702026,2.821418523788452,1.8728657960891724,2.7636468410491943
2020-07-21,22.98086929321289,71.23059844970703,1.7816479206085205,2.7131335735321045,1.845853328704834,2.783529281616211
2020-07-22,22.210893630981445,70.14962768554688,1.7573527097702026,2.8033711910247803,1.8638615608215332,2.8431763648986816
2020-07-23,22.06281852722168,69.47150421142578,1.7897461652755737,2.7853236198425293,1.845853328704834,2.8630588054656982
2020-07-24,21.962133407592773,69.10221099853516,1.7735494375228882,2.737197160720825,1.773819923400879,2.8133528232574463
2020-07-27,22.151660919189453,69.08207702636719,1.8059430122375488,2.671023368835449,1.7918282747268677,2.872999906539917
2020-07-28,22.536653518676758,69.90120697021484,1.7816479206085205,2.737197160720825,1.8278448581695557,2.972411632537842
2020-07-29,22.092435836791992,69.42449951171875,1.7330574989318848,2.7672762870788574,1.8548574447631836,2.972411632537842
2020-07-30,22.40635108947754,70.16305541992188,1.7573527097702026,2.7672762870788574,1.8638615608215332,3.002235174179077
2020-07-31,21.766677856445312,68.48450469970703,1.6682701110839844,2.6770386695861816,1.7918282747268677,3.012176275253296
2020-08-03,22.116127014160156,69.15592956542969,1.6520733833312988,2.7191498279571533,1.8188408613204956,2.9326469898223877
2020-08-04,22.45965576171875,70.56590270996094,1.7006635665893555,2.815402030944824,1.9358948469161987,3.05194091796875
2020-08-05,22.47742462158203,69.82061767578125,1.7249592542648315,2.839465618133545,2.0259363651275635,3.1215293407440186
2020-08-06,23.58500862121582,72.34033203125,1.7897461652755737,2.977830171585083,2.043944835662842,3.1612939834594727
2020-08-07,23.277015686035156,70.24898529052734,1.7897461652755737,2.9116554260253906,1.9629074335098267,3.151352882385254
2020-08-10,23.59685516357422,69.88556671142578,1.797844648361206,2.8274343013763428,1.9088823795318604,3.1612939834594727
2020-08-11,23.81007957458496,70.48211669921875,1.8140413761138916,2.905639886856079,1.917886734008789,3.201058864593506
2020-08-12,23.63831329345703,69.52900695800781,1.8059430122375488,2.8875925540924072,1.8548574447631836,3.151352882385254
2020-08-13,23.63831329345703,69.60443878173828,1.7816479206085205,2.815402030944824,1.8278448581695557,3.1314706802368164
2020-08-14,23.69754409790039,69.35757446289062,1.7735494375228882,2.8635292053222656,1.8188408613204956,3.1712353229522705
2020-08-17,23.60869598388672,69.17244720458984,1.7330574989318848,2.8635292053222656,1.8278448581695557,3.2209410667419434
2020-08-18,23.484315872192383,69.93355560302734,1.7330574989318848,2.9176716804504395,1.8998781442642212,3.1712353229522705
2020-08-19,23.134862899780273,69.7141342163086,1.7411558628082275,2.875560998916626,1.8728657960891724,3.1811764240264893
2020-08-20,22.933486938476562,69.42615509033203,1.7330574989318848,2.9176716804504395,1.8548574447631836,3.2507646083831787
2020-08-21,22.72026252746582,69.05587005615234,1.8059430122375488,2.857513189315796,1.8728657960891724,3.230882167816162
2020-08-24,22.844640731811523,69.18616485595703,1.7654509544372559,2.923687696456909,1.8818697929382324,3.330293893814087
2020-08-25,22.69064712524414,69.18616485595703,1.7654509544372559,3.2184624671936035,1.8728657960891724,3.3402349948883057
2020-08-26,22.518884658813477,68.08219909667969,1.7249592542648315,3.19439959526062,1.737803339958191,3.3004703521728516
2020-08-27,22.76764678955078,68.65131378173828,1.7168605327606201,3.146273136138916,1.773819923400879,3.320352792739868
2020-08-28,22.347116470336914,67.1153793334961,1.7006635665893555,3.128225326538086,1.773819923400879,3.1811764240264893
2020-08-31,22.453731536865234,67.19766235351562,1.7006635665893555,3.007909059524536,1.710790753364563,3.24082350730896
2020-09-01,22.210893630981445,66.84111022949219,1.7006635665893555,3.1823675632476807,1.7648159265518188,3.1712353229522705
2020-09-02,22.803180694580078,67.87648010253906,1.7573527097702026,3.224478244781494,1.737803339958191,3.2209410667419434
2020-09-03,22.777406692504883,67.41020965576172,1.8140413761138916,3.0921311378479004,1.7017866373062134,3.1811764240264893
2020-09-04,21.917423248291016,65.53829193115234,1.7411558628082275,3.1402571201324463,1.710790753364563,3.1712353229522705
2020-09-07,22.444313049316406,67.15650939941406,1.7573527097702026,3.06205153465271,1.7017866373062134,3.141411781311035
2020-09-08,22.656280517578125,68.0753402709961,1.7816479206085205,3.074083089828491,1.7017866373062134,3.141411781311035
2020-09-09,22.27474021911621,67.93820190429688,1.7411558628082275,2.905639886856079,1.6837782859802246,3.0817644596099854
2020-09-10,22.395862579345703,68.87759399414062,1.744162678718567,2.8875925540924072,1.6297532320022583,3.141411781311035
2020-09-11,22.135448455810547,68.47305297851562,1.7360124588012695,2.94775128364563,1.6297532320022583,3.1712353229522705
2020-09-14,22.553325653076172,71.12667083740234,1.768613338470459,3.0018930435180664,1.6297532320022583,3.2209410667419434
2020-09-15,22.704729080200195,70.02955627441406,1.7767634391784668,3.0319724082946777,1.6567658185958862,3.191117525100708
2020-09-16,23.013595581054688,70.47526550292969,1.7849140167236328,2.9838454723358154,1.6297532320022583,3.2507646083831787
2020-09-17,22.595718383789062,68.09591674804688,1.7604632377624512,2.995877504348755,1.6207491159439087,3.201058864593506
2020-09-18,22.892475128173828,68.95988464355469,1.8256653547286987,3.007909059524536,1.6207491159439087,3.1612939834594727
2020-09-21,22.619945526123047,68.1576156616211,1.85011625289917,2.9657986164093018,1.5847325325012207,3.1612939834594727
2020-09-22,22.20812225341797,66.51197052001953,1.768613338470459,2.8875925540924072,1.539711833000183,3.091705799102783
2020-09-23,22.49881935119629,66.85481262207031,1.8093647956848145,2.839465618133545,1.5126992464065552,3.002235174179077
2020-09-24,22.353471755981445,66.64225006103516,1.768613338470459,2.905639886856079,1.4496700763702393,2.9028234481811523
2020-09-25,22.77134895324707,67.19766235351562,1.7604632377624512,2.821418523788452,1.4136533737182617,2.9326469898223877
2020-09-28,22.486703872680664,66.20341491699219,1.768613338470459,2.8334503173828125,1.4226576089859009,3.091705799102783
2020-09-29,22.34135627746582,65.70285034179688,1.7604632377624512,2.857513189315796,1.43166184425354,3.0419998168945312
2020-09-30,21.56010627746582,64.67432403564453,1.6626596450805664,2.905639886856079,1.4226576089859009,2.9922940731048584
2020-10-01,21.977985382080078,65.41487884521484,1.7034108638763428,,,
2020-10-02,21.269407272338867,64.18061828613281,1.6708097457885742,,,
2020-10-05,21.887144088745117,65.62057495117188,1.727861762046814,2.8635292053222656,1.4496700763702393,2.9823527336120605
2020-10-06,21.97193145751953,65.8399887084961,1.744162678718567,2.941735029220581,1.5126992464065552,2.9922940731048584
2020-10-07,21.729679107666016,65.87427520751953,1.7523127794265747,3.025956392288208,1.5126992464065552,3.002235174179077
2020-10-08,22.196006774902344,67.17021942138672,1.7767634391784668,3.2184624671936035,1.539711833000183,3.002235174179077
2020-10-09,22.153614044189453,66.85481262207031,1.7849140167236328,3.1763522624969482,1.5217034816741943,3.0320587158203125
2020-10-12,22.06882667541504,66.26512145996094,1.7849140167236328,3.3026835918426514,1.5487159490585327,3.151352882385254
2020-10-13,21.990095138549805,66.20341491699219,1.7604632377624512,,,
2020-10-14,21.820524215698242,65.36686706542969,1.7034108638763428,3.3508102893829346,1.5036951303482056,3.1314706802368164
2020-10-15,22.2686824798584,66.01141357421875,1.7360124588012695,3.3387794494628906,1.4856867790222168,3.1314706802368164
2020-10-16,21.953760147094727,65.44914245605469,1.7197115421295166,3.40495228767395,1.539711833000183,3.0817644596099854
2020-10-19,22.105165481567383,65.52457427978516,1.7930644750595093,3.4350318908691406,1.530707597732544,3.05194091796875
2020-10-20,21.74179458618164,64.5440444946289,1.7849140167236328,3.4410481452941895,1.5577200651168823,3.1314706802368164
2020-10-21,21.868974685668945,65.34629821777344,1.8093647956848145,3.4530794620513916,1.5847325325012207,3.151352882385254
2020-10-22,22.093053817749023,65.97711944580078,1.8093647956848145,3.4350318908691406,1.575728416442871,3.1215293407440186
2020-10-23,21.80235481262207,65.41487884521484,1.8093647956848145,3.3387794494628906,1.60274076461792,3.091705799102783
2020-10-26,21.638837814331055,64.90746307373047,1.8012144565582275,,,
2020-10-27,21.160396575927734,63.289222717285156,1.7604632377624512,3.4230000972747803,1.5487159490585327,3.061882257461548
2020-10-28,21.05744171142578,63.04237747192383,1.727861762046814,3.41096830368042,1.5036951303482056,3.0419998168945312
2020-10-29,20.597169876098633,62.37039566040039,1.6708097457885742,3.380889654159546,1.4946907758712769,2.9425880908966064
2020-10-30,20.457876205444336,63.37836837768555,1.65450918674469,3.368858575820923,1.5217034816741943,2.8928823471069336
2020-11-02,20.476045608520508,63.426353454589844,1.6708097457885742,3.4711267948150635,1.5217034816741943,2.9028234481811523
2020-11-03,21.015050888061523,64.99658966064453,1.7360124588012695,3.4891743659973145,1.5667243003845215,2.8531174659729004
2020-11-04,20.760684967041016,63.584068298339844,1.711560845375061,3.459094762802124,1.575728416442871,2.8431763648986816
2020-11-05,20.73646354675293,63.049217224121094,1.6952605247497559,3.403503179550171,1.6117451190948486,2.9425880908966064
2020-11-06,20.99687957763672,64.04348754882812,1.7360124588012695,3.5949883460998535,1.6477617025375366,2.922705888748169
2020-11-09,21.729679107666016,65.88799285888672,1.7930644750595093,3.6752889156341553,1.8008325099945068,2.9326469898223877
2020-11-10,21.820524215698242,65.44229125976562,1.8093647956848145,3.798828125,1.8548574447631836,3.061882257461548
2020-11-11,22.31713104248047,66.6216812133789,1.841965913772583,3.8544206619262695,1.8998781442642212,3.151352882385254
2020-11-12,22.074880599975586,66.15541076660156,1.8175148963928223,3.8111820220947266,1.8908741474151611,3.1215293407440186
2020-11-13,21.663061141967773,65.88799285888672,1.8012144565582275,3.977959632873535,1.8638615608215332,3.101646900177002
2020-11-16,22.09910774230957,67.07423400878906,1.8256653547286987,4.231215000152588,1.9809157848358154,3.151352882385254
2020-11-17,22.414033889770508,67.74620819091797,1.8664170503616333,4.126206398010254,1.9719115495681763,3.280588150024414
2020-11-18,22.305023193359375,67.27993774414062,1.8664170503616333,4.34857702255249,2.016932487487793,3.3104116916656494
2020-11-19,22.111223220825195,67.8284912109375,1.8745672702789307,4.20033073425293,1.9809157848358154,3.6384706497192383
2020-11-20,21.887144088745117,68.19190979003906,1.8908677101135254,4.268276691436768,2.043944835662842,3.6682939529418945
2020-11-23,22.438257217407227,69.17929077148438,1.9234687089920044,4.583301544189453,2.3140695095062256,3.7279410362243652
2020-11-24,23.195283889770508,70.71524047851562,1.9805209636688232,4.521531581878662,2.5301692485809326,3.6682939529418945
2020-11-25,23.897804260253906,71.5037841796875,2.004971504211426,4.138560771942139,2.476144552230835,3.7577645778656006
2020-11-26,23.746397018432617,70.53012084960938,1.9886714220046997,4.181798934936523,2.5571818351745605,3.6384706497192383
2020-11-27,23.449644088745117,69.94041442871094,2.004971504211426,4.2435688972473145,2.5571818351745605,3.648411750793457
2020-11-30,23.055992126464844,69.52900695800781,1.9560705423355103,4.181798934936523,2.7552735805511475,3.7975292205810547
2020-12-01,23.352745056152344,70.59181213378906,1.9805209636688232,4.416522979736328,2.7012484073638916,3.777647018432617
2020-12-02,23.806962966918945,71.99063110351562,1.996821403503418,4.453586101531982,2.692244291305542,3.8969411849975586
2020-12-03,24.981863021850586,76.9344482421875,2.070174217224121,4.3362226486206055,2.5121612548828125,3.9466469287872314
2020-12-04,25.133272171020508,77.62015533447266,2.1272263526916504,4.391816139221191,2.5571818351745605,3.976470470428467
2020-12-07,25.672273635864258,79.52635955810547,2.1190757751464844,4.187975883483887,2.5751900672912598,4.046058654785156
2020-12-08,25.58748435974121,78.86810302734375,2.1109251976013184,4.126206398010254,2.5301692485809326,4.14547061920166
2020-12-09,25.878185272216797,79.1561050415039,2.1353766918182373,4.280630111694336,2.494152784347534,4.105705738067627
2020-12-10,25.726778030395508,79.12181091308594,2.1272263526916504,4.379462718963623,2.503156900405884,4.065941333770752
2020-12-11,25.93269157409668,79.54007720947266,2.0946249961853027,4.397993087768555,2.503156900405884,4.165352821350098
2020-12-14,25.88424301147461,78.12755584716797,2.1190757751464844,4.317691802978516,2.4671404361724854,4.165352821350098
2020-12-15,25.302841186523438,77.08531188964844,2.086474657058716,4.410346508026123,2.431123971939087,4.175293922424316
2020-12-16,25.769174575805664,78.42241668701172,2.1190757751464844,4.465938568115234,2.404111385345459,4.135529041290283
2020-12-17,26.223386764526367,79.841796875,2.143527030944824,4.645071029663086,2.6112070083618164,4.14547061920166
2020-12-18,26.13254737854004,80.58919525146484,2.0946249961853027,4.750079154968262,2.602202892303467,3.8174116611480713
2020-12-21,26.4414119720459,81.32288360595703,2.086474657058716,4.657425403594971,2.5391736030578613,3.7179999351501465
2020-12-22,25.97508430480957,79.13552856445312,2.0457229614257812,4.435054302215576,2.3680946826934814,3.4794116020202637
2020-12-23,25.70861053466797,78.75154113769531,2.0294229984283447,4.42270040512085,2.3680946826934814,3.4794116020202637
2020-12-24,26.011425018310547,79.09439086914062,2.0538735389709473,4.3547539710998535,2.449131965637207,3.469470500946045
2020-12-28,,,,4.323869228363037,2.503156900405884,3.4992940425872803
2020-12-29,25.993249893188477,79.04638671875,2.0457229614257812,4.262099266052246,2.431123971939087,3.6384706497192383
2020-12-30,26.12648582458496,79.38922882080078,2.0375730991363525,4.373285293579102,2.431123971939087,3.5788233280181885
2020-12-31,25.696496963500977,78.05213165283203,2.013122320175171,4.36710786819458,2.4671404361724854,3.5887644290924072
2021-01-04,26.078035354614258,79.10124969482422,2.0375730991363525,4.465938568115234,2.6292154788970947,3.4893529415130615
2021-01-05,26.829010009765625,80.76747131347656,2.0375730991363525,4.57712459564209,2.5841944217681885,3.5788233280181885
2021-01-06,26.774499893188477,79.36865997314453,2.0212724208831787,4.756255626678467,2.5391736030578613,3.737882137298584
2021-01-07,28.403621673583984,86.16386413574219,2.1353766918182373,4.787140846252441,2.764277696609497,3.8074703216552734
2021-01-08,28.264328002929688,85.03246307373047,2.0946249961853027,4.274453639984131,2.7282612323760986,3.777647018432617
2021-01-11,28.1613712310791,83.92849731445312,2.1190757751464844,4.231215000152588,2.494152784347534,3.7677056789398193
2021-01-12,27.858566284179688,83.24967193603516,2.1272263526916504,4.323869228363037,2.494152784347534,3.9367058277130127
2021-01-13,27.99180030822754,82.79026794433594,2.2087292671203613,4.274453639984131,2.4851489067077637,3.877058744430542
2021-01-14,27.894899368286133,82.04972076416016,2.2087292671203613,4.3115153312683105,2.422119617462158,3.82735276222229
2021-01-15,28.35517120361328,82.639404296875,2.1842784881591797,4.280630111694336,2.431123971939087,3.877058744430542
2021-01-18,27.52547264099121,81.45316314697266,2.1109251976013184,4.262099266052246,2.3861029148101807,3.8074703216552734
2021-01-19,27.779830932617188,82.02913665771484,2.143527030944824,4.249745845794678,2.3410820960998535,3.8472349643707275
2021-01-20,28.040250778198242,82.14570617675781,2.1761281490325928,4.360930919647217,2.3861029148101807,3.7975292205810547
2021-01-21,28.47629737854004,83.57196044921875,2.1679773330688477,4.620362758636475,2.521165370941162,3.837293863296509
2021-01-22,27.937292098999023,81.81657409667969,2.2576308250427246,4.3547539710998535,2.3410820960998535,3.688176393508911
2021-01-25,28.23404884338379,83.49651336669922,2.24133038520813,4.521531581878662,2.3500864505767822,3.6384706497192383
2021-01-26,,,,4.447408199310303,2.278053045272827,3.5887644290924072
2021-01-27,27.28322982788086,80.26005554199219,2.15982723236084,4.472116470336914,2.215023994445801,3.5688822269439697
2021-01-28,26.816898345947266,77.9629898071289,2.1027753353118896,4.330046653747559,2.1700034141540527,3.4495880603790283
2021-01-29,26.38085174560547,75.63851165771484,2.070174217224121,4.231215000152588,2.1249823570251465,3.4495880603790283
2021-02-01,26.71999740600586,76.29676818847656,2.151677370071411,4.38563871383667,2.188011407852173,3.4992940425872803
2021-02-02,27.313508987426758,78.87496948242188,2.2739315032958984,4.533885955810547,2.3140695095062256,3.4992940425872803
2021-02-03,26.72605323791504,78.00414276123047,2.2087292671203613,4.484470844268799,2.305065631866455,3.509235143661499
2021-02-04,26.592817306518555,78.36071014404297,2.225029706954956,4.496824741363525,2.251040458679199,3.5291175842285156
2021-02-05,26.526195526123047,77.70929718017578,2.15982723236084,4.947741508483887,2.260044574737549,3.5291175842285156
2021-02-08,27.15604591369629,80.3629150390625,2.1353766918182373,5.262766361236572,2.431123971939087,3.608647108078003
2021-02-09,27.01069450378418,79.93093872070312,2.0946249961853027,5.398659706115723,2.503156900405884,3.787588119506836
2021-02-10,27.289278030395508,80.5206298828125,2.1190757751464844,5.522197723388672,2.4851489067077637,3.82735276222229
2021-02-11,27.543642044067383,81.40516662597656,2.1353766918182373,5.651914119720459,2.4671404361724854,3.777647018432617
2021-02-12,27.0833740234375,80.46576690673828,2.1109251976013184,,,
2021-02-15,27.707157135009766,81.93999481201172,2.1190757751464844,,,
2021-02-16,28.464187622070312,84.37419891357422,2.151677370071411,6.121363639831543,2.7732815742492676,3.877058744430542
2021-02-17,29.433176040649414,87.40495300292969,2.2087292671203613,5.991647720336914,2.9263527393341064,4.175293922424316
2021-02-18,29.37867546081543,87.4255142211914,2.2005789279937744,5.818692684173584,2.980377435684204,4.185235023498535
2021-02-19,28.657991409301758,84.51820373535156,2.1842784881591797,6.0225324630737305,3.03440260887146,4.175293922424316
2021-02-22,29.614864349365234,87.59009552001953,2.2494802474975586,6.448742389678955,3.493614912033081,4.3144707679748535
2021-02-23,30.541461944580078,89.13975524902344,2.322833299636841,6.121363639831543,3.4846105575561523,4.374117374420166
2021-02-24,29.590641021728516,86.70555877685547,2.2820818424224854,5.886638641357422,3.1874735355377197,4.205117702484131
2021-02-25,30.553577423095703,88.37178039550781,2.3309834003448486,6.411679744720459,3.7277231216430664,4.453647136688232
2021-02-26,29.754159927368164,87.21295928955078,2.2576308250427246,5.942232131958008,3.5296318531036377,4.244882106781006
2021-03-01,30.335554122924805,87.56266021728516,2.2739315032958984,6.133718490600586,3.4305858612060547,4.165352821350098
2021-03-02,29.754159927368164,87.20611572265625,2.233180046081543,6.146071910858154,3.2685110569000244,4.175293922424316
2021-03-03,30.807941436767578,88.96832275390625,2.3391335010528564,6.856422424316406,3.7007107734680176,4.34429407119751
2021-03-04,30.747285842895508,86.89093780517578,2.3554346561431885,6.794651508331299,3.5386359691619873,4.215058326721191
2021-03-05,30.079954147338867,84.04145050048828,2.322833299636841,6.152248382568359,3.2234902381896973,4.0361175537109375
2021-03-08,30.79718017578125,86.49101257324219,2.3309834003448486,6.3252034187316895,3.178469181060791,3.9367058277130127
2021-03-09,30.553951263427734,86.56243133544922,2.3309834003448486,6.300495624542236,3.277514934539795,4.026176452636719
2021-03-10,29.687034606933594,81.76332092285156,2.2494802474975586,6.745235919952393,3.367556571960449,4.095764636993408
2021-03-11,29.188087463378906,82.62744140625,2.264319896697998,6.868775367736816,3.7997562885284424,4.423823356628418
2021-03-12,29.91779136657715,83.30590057373047,2.3217484951019287,7.387640476226807,3.6106691360473633,4.463587760925293
2021-03-15,29.861661911010742,81.50621795654297,2.313544273376465,7.659426689147949,3.7457315921783447,4.622646808624268
2021-03-16,29.213037490844727,80.59925842285156,2.2889323234558105,7.375287055969238,3.637681722640991,4.6723527908325195
2021-03-17,28.73280906677246,79.8351058959961,2.223299980163574,7.412347793579102,3.475606679916382,4.582882404327393
2021-03-18,28.495807647705078,79.12810516357422,2.239708185195923,7.325869083404541,3.4125773906707764,4.73199987411499
2021-03-19,28.003103256225586,77.88545989990234,2.2150957584381104,7.239392280578613,3.250502347946167,4.741940975189209
2021-03-22,27.75363540649414,76.9927749633789,2.2479119300842285,7.251745700836182,3.367556571960449,4.821470260620117
2021-03-23,28.034290313720703,76.95706939697266,2.223299980163574,6.399327278137207,3.03440260887146,4.652470111846924
2021-03-24,27.99063491821289,78.34252166748047,2.2150957584381104,6.078124523162842,2.7822859287261963,4.463587760925293
2021-03-25,27.99063491821289,77.12846374511719,2.231504201889038,6.337557315826416,2.935356616973877,4.543117523193359
2021-03-26,28.109128952026367,78.79244232177734,2.2561159133911133,6.424034118652344,3.0163941383361816,4.4437055587768555
2021-03-29,28.601835250854492,80.1707534790039,2.3299527168273926,6.522866725921631,2.9983859062194824,4.781705856323242
2021-03-30,28.009342193603516,78.27111053466797,2.2971363067626953,6.732882499694824,3.0524110794067383,4.871176242828369
2021-03-31,28.252582550048828,79.0923843383789,2.305340528488159,6.411679744720459,2.8813316822052,4.841352462768555
2021-04-01,28.47086524963379,79.98507690429688,2.3381569385528564,6.671113014221191,2.962369441986084,4.940764427185059
2021-04-06,28.595603942871094,80.07078552246094,2.313544273376465,,,
2021-04-07,28.614309310913086,81.01345825195312,2.3709731101989746,6.819359302520752,3.088427782058716,4.891058921813965
2021-04-08,29.350250244140625,82.75598907470703,2.4119932651519775,7.140561103820801,3.2234902381896973,4.841352462768555
2021-04-09,29.107011795043945,82.48460388183594,2.39558482170105,6.9799604415893555,3.3405442237854004,4.771764755249023
2021-04-12,28.801414489746094,82.0418472290039,2.3709731101989746,6.720528602600098,3.133448600769043,4.831411838531494
2021-04-13,28.495807647705078,81.07771301269531,2.354564666748047,6.856422424316406,3.2324941158294678,5.020294189453125
2021-04-14,28.695388793945312,81.64905548095703,2.346360683441162,7.165268898010254,3.367556571960449,5.268823623657227
2021-04-15,29.518644332885742,84.0628890991211,2.4119932651519775,7.437055587768555,3.5296318531036377,5.388117790222168
2021-04-16,29.668325424194336,84.89845275878906,2.36276912689209,7.264101505279541,3.4125773906707764,5.477588176727295
2021-04-19,29.662084579467773,86.3053207397461,2.3709731101989746,7.375287055969238,3.4846105575561523,5.417940616607666
2021-04-20,29.593482971191406,85.84112548828125,2.3381569385528564,7.177623271942139,3.5116233825683594,5.219117641448975
2021-04-21,29.44379997253418,85.7625732421875,2.3381569385528564,7.0664381980896,3.4666025638580322,5.099823474884033
2021-04-22,29.718217849731445,86.07679748535156,2.3299527168273926,7.399992942810059,3.5296318531036377,5.298646926879883
2021-04-23,29.662084579467773,86.51956939697266,2.3791770935058594,7.412347793579102,3.565648317337036,5.3980584144592285
2021-04-26,29.83671760559082,87.49082946777344,2.354564666748047,7.560593128204346,3.6736981868743896,5.467647075653076
2021-04-27,30.173507690429688,88.29780578613281,2.3709731101989746,7.659426689147949,3.7007107734680176,5.467647075653076
2021-04-28,30.073713302612305,87.22659301757812,2.4037890434265137,7.362931251525879,3.6106691360473633,5.348352909088135
2021-04-29,30.348133087158203,87.99787139892578,2.387381076812744,7.671778678894043,3.8447773456573486,5.467647075653076
2021-04-30,29.74939727783203,86.51956939697266,2.36276912689209,7.59765625,3.646685838699341,5.31852912902832
2021-05-03,29.33153533935547,85.7625732421875,2.3381569385528564,7.412347793579102,3.6736981868743896,5.268823623657227
2021-05-04,30.079954147338867,87.93359375,2.4037890434265137,8.079458236694336,4.006852149963379,5.437823295593262
2021-05-05,30.410497665405273,88.9405517578125,2.420197010040283,8.277121543884277,4.051872730255127,5.4079999923706055
2021-05-06,31.059123992919922,89.81181335449219,2.4448094367980957,8.499491691589355,4.240960121154785,5.4477643966674805
2021-05-07,31.239990234375,90.77590942382812,2.4612176418304443,8.437722206115723,4.276977062225342,5.547176361083984
2021-05-10,32.21292495727539,94.93943786621094,2.5268497467041016,8.68480110168457,4.709177017211914,5.7261176109313965
2021-05-11,31.98216438293457,93.27545166015625,2.5268497467041016,8.425369262695312,4.457059860229492,5.686352729797363
2021-05-12,31.807538986206055,92.86837768554688,2.46942138671875,8.511845588684082,4.394031047821045,5.865293979644775
2021-05-13,31.402143478393555,91.41151428222656,2.420197010040283,7.684134006500244,4.051872730255127,5.626705646514893
2021-05-14,30.915678024291992,89.57615661621094,2.4037890434265137,7.572947978973389,3.934819221496582,5.76588249206543
2021-05-17,30.93439292907715,90.01178741455078,2.428401231765747,7.535886764526367,4.033864974975586,5.7261176109313965
2021-05-18,31.5081729888916,91.91857147216797,2.4858298301696777,7.6964874267578125,4.168927192687988,5.895117282867432
2021-05-19,30.42920684814453,88.46920776367188,2.39558482170105,,,
2021-05-20,30.11113739013672,88.02643585205078,2.3299527168273926,7.276454448699951,3.889798402786255,5.666470050811768
2021-05-21,29.78058624267578,87.2123031616211,2.354564666748047,7.511178016662598,4.069881439208984,5.795705795288086
2021-05-24,29.231754302978516,85.34121704101562,2.313544273376465,7.3505778312683105,3.862785577774048,5.785764694213867
2021-05-25,29.612194061279297,86.73381042480469,2.3709731101989746,7.511178016662598,3.961831569671631,5.6764116287231445
2021-05-26,28.90743637084961,84.79845428466797,2.346360683441162,7.4247026443481445,3.889798402786255,5.666470050811768
2021-05-27,29.188087463378906,85.60545349121094,2.3299527168273926,7.4247026443481445,3.9438230991363525,5.755940914154053
2021-05-28,30.03628921508789,87.85503387451172,2.4612176418304443,7.745903015136719,4.12390661239624,5.885176181793213
2021-05-31,29.842954635620117,88.3620834350586,2.4448094367980957,7.733550071716309,4.132910251617432,5.905058860778809
2021-06-01,29.88037109375,88.9833984375,2.46942138671875,7.59765625,4.060877323150635,5.954764366149902
2021-06-02,30.803415298461914,90.66165161132812,2.5186455249786377,7.4247026443481445,4.02485990524292,5.964705467224121
2021-06-03,30.92815399169922,90.70450592041016,2.510441541671753,7.347360610961914,3.9258148670196533,5.944823265075684
2021-06-04,30.40426254272461,88.9976806640625,2.4940335750579834,6.99932861328125,3.8177647590637207,5.8255295753479
2021-06-07,30.466630935668945,89.5047378540039,2.4612176418304443,7.205569744110107,3.9258148670196533,5.914999485015869
2021-06-08,30.173507690429688,88.6691665649414,2.4448094367980957,6.973547458648682,3.80876088142395,6.024352550506592
2021-06-09,30.354368209838867,89.12622833251953,2.4530136585235596,7.141119480133057,3.862785577774048,6.0442352294921875
2021-06-10,30.12360954284668,89.21192169189453,2.4448094367980957,7.115339279174805,3.835773468017578,6.1337056159973145
2021-06-11,30.52899932861328,89.22621154785156,2.420197010040283,7.347360610961914,4.051872730255127,6.143646717071533
2021-06-15,30.6973934173584,90.32600402832031,2.39558482170105,7.231348991394043,3.907806873321533,6.064117431640625
2021-06-16,30.16726303100586,89.77610778808594,2.346360683441162,6.599735260009766,3.6106691360473633,5.9945292472839355
2021-06-17,29.743162155151367,88.71916198730469,2.2971363067626953,6.651295185089111,3.709714889526367,5.885176181793213
2021-06-18,29.013465881347656,88.1764144897461,2.2807281017303467,6.445052623748779,3.709714889526367,5.716176509857178
2021-06-21,28.44591522216797,85.7340087890625,2.2971363067626953,6.387046813964844,3.5836565494537354,5.427882194519043
2021-06-22,29.113250732421875,87.11946105957031,2.3381569385528564,6.438608169555664,3.637681722640991,5.527293682098389
2021-06-23,29.412614822387695,87.73362731933594,2.354564666748047,6.573955059051514,3.9438230991363525,5.77582311630249
2021-06-24,29.687034606933594,88.81200408935547,2.387381076812744,6.715744972229004,3.9708352088928223,5.895117282867432
2021-06-25,29.87413787841797,89.4261703491211,2.4037890434265137,6.883316993713379,4.222952365875244,5.417940616607666
2021-06-28,30.185977935791016,90.01892852783203,2.428401231765747,6.599735260009766,4.177931308746338,5.417940616607666
2021-06-29,29.97392463684082,89.26905059814453,2.3791770935058594,6.638404846191406,4.02485990524292,5.079941272735596
2021-06-30,30.292003631591797,90.44026947021484,2.4037890434265137,6.780196189880371,4.168927192687988,5.06005859375
2021-07-01,30.073713302612305,89.97605895996094,2.420197010040283,,,
2021-07-02,30.279523849487305,89.77610778808594,2.420197010040283,6.702854633331299,4.060877323150635,5.089881896972656
2021-07-05,30.2171630859375,90.0760498046875,2.420197010040283,6.909097194671631,4.285981178283691,5.1296467781066895
2021-07-06,30.466630935668945,89.5618667602539,2.39558482170105,6.909097194671631,4.1869354248046875,5.139588356018066
2021-07-07,30.435449600219727,90.01178741455078,2.387381076812744,6.831757068634033,4.2049431800842285,5.069999694824219
2021-07-08,30.971813201904297,90.14033508300781,2.4119932651519775,6.612624645233154,3.9708352088928223,5.06005859375
2021-07-09,30.85954475402832,89.55471801757812,2.4037890434265137,6.844646453857422,4.2049431800842285,5.010352611541748
2021-07-12,31.838726043701172,91.12584686279297,2.43660569190979,6.767305850982666,4.213947772979736,5.119705677032471
2021-07-13,31.62042808532715,91.66861724853516,2.4119932651519775,6.883316993713379,4.249964714050293,5.119705677032471
2021-07-14,31.782588958740234,91.61148071289062,2.387381076812744,6.5095038414001465,4.087889671325684,5.149528980255127
2021-07-15,32.138084411621094,93.65396881103516,2.428401231765747,6.625514984130859,4.096893310546875,5.119705677032471
2021-07-16,32.350135803222656,93.26831817626953,2.43660569190979,6.793086528778076,4.213947772979736,5.050117492675781
2021-07-19,31.49570083618164,91.29011535644531,2.354564666748047,6.767305850982666,4.349009990692139,4.980529308319092
2021-07-20,30.70986557006836,88.85485076904297,2.305340528488159,6.367712497711182,4.105898380279541,4.811529636383057
2021-07-21,31.11525535583496,89.89037322998047,2.3299527168273926,6.470834255218506,4.2319560050964355,4.960646629333496
2021-07-22,32.088191986083984,90.99017333984375,2.39558482170105,6.702854633331299,4.511085033416748,4.920882225036621
2021-07-23,31.975927352905273,90.7687759399414,2.420197010040283,6.6770758628845215,4.3580145835876465,5.010352611541748
2021-07-26,32.37508010864258,92.91838073730469,2.4530136585235596,6.535284996032715,4.321998119354248,5.020294189453125
2021-07-27,33.279415130615234,94.60379028320312,2.4776253700256348,6.296817302703857,3.9888429641723633,5.069999694824219
2021-07-28,32.72433853149414,94.42523956298828,2.4037890434265137,6.097021102905273,3.952826738357544,5.109764575958252
2021-07-29,33.260711669921875,95.81783294677734,2.43660569190979,6.419273853302002,4.168927192687988,5.417940616607666
2021-07-30,33.36049270629883,95.28223419189453,2.43660569190979,6.638404846191406,4.267972946166992,5.4079999923706055
2021-08-02,33.49146270751953,95.14653778076172,2.4530136585235596,6.664185523986816,4.31299352645874,5.586940765380859
2021-08-03,33.029945373535156,94.5466537475586,2.4612176418304443,6.412827968597412,4.033864974975586,5.457705497741699
2021-08-04,33.71599578857422,95.98210906982422,2.4612176418304443,6.612624645233154,4.105898380279541,5.477588176727295
2021-08-05,33.142208099365234,94.3609619140625,2.428401231765747,6.354823589324951,4.0158562660217285,5.427882194519043
2021-08-06,32.49358367919922,92.87554168701172,2.43660569190979,6.393492698669434,4.2049431800842285,5.4477643966674805
2021-08-09,32.23786926269531,91.5971908569336,2.428401231765747,6.309706211090088,4.195939540863037,5.507411479949951
2021-08-10,32.281532287597656,91.05443572998047,2.4037890434265137,6.387046813964844,4.267972946166992,5.567058563232422
2021-08-11,32.755523681640625,92.22564697265625,2.4119932651519775,7.037997245788574,4.412039756774902,5.616764545440674
2021-08-12,33.04865646362305,91.25482940673828,2.4612176418304443,7.373140811920166,4.520089149475098,5.616764545440674
2021-08-13,32.93639373779297,91.33070373535156,2.46942138671875,7.502041816711426,4.556106090545654,5.666470050811768
2021-08-16,32.47487258911133,89.91172790527344,2.43660569190979,7.29580020904541,4.349009990692139,5.348352909088135
2021-08-17,32.01335144042969,88.30304718017578,2.39558482170105,7.089559078216553,4.132910251617432,5.3582940101623535
2021-08-18,29.74939727783203,86.26942443847656,2.3709731101989746,7.166900157928467,4.12390661239624,5.229058742523193
2021-08-19,27.85965919494629,81.32196044921875,2.354564666748047,6.921987056732178,3.961831569671631,5.109764575958252
2021-08-20,27.653844833374023,81.36748504638672,2.2807281017303467,6.651295185089111,3.9168100357055664,5.069999694824219
2021-08-23,27.728687286376953,80.95773315429688,2.3299527168273926,6.87042760848999,4.02485990524292,5.159470558166504
2021-08-24,28.01558494567871,82.02766418457031,2.36276912689209,6.896207332611084,4.087889671325684,5.308588027954102
2021-08-25,28.364839553833008,84.15992736816406,2.4119932651519775,7.3215813636779785,4.367018699645996,5.388117790222168
2021-08-26,28.034290313720703,82.99136352539062,2.3709731101989746,7.39892053604126,4.583117961883545,5.268823623657227
2021-08-27,27.878368377685547,83.24176025390625,2.3791770935058594,7.476262092590332,4.682164192199707,5.31852912902832
2021-08-30,28.58312225341797,85.83690643310547,2.5268497467041016,7.282910346984863,4.925277233123779,5.417940616607666
2021-08-31,28.44591522216797,85.03256225585938,2.5760746002197266,7.476262092590332,5.078347206115723,5.497470855712891
2021-09-01,28.084184646606445,83.00653076171875,2.6170945167541504,7.231348991394043,4.799218654632568,5.716176509857178
2021-09-02,28.057069778442383,82.44501495361328,2.6252987384796143,7.3602495193481445,5.024322509765625,5.964705467224121
2021-09-03,28.331348419189453,84.50899505615234,2.6909308433532715,7.1024489402771,5.0873517990112305,6.054176330566406
2021-09-06,28.22431182861328,83.99298095703125,2.7483596801757812,6.81886625289917,5.366480350494385,6.928999423980713
2021-09-07,28.12396812438965,82.48294830322266,2.6991353034973145,7.218459129333496,5.546563148498535,6.541293621063232
2021-09-08,27.836305618286133,82.08078002929688,2.756563663482666,7.411810874938965,5.7626633644104,6.829587936401367
2021-09-09,27.374711990356445,80.05475616455078,2.7101125717163086,8.481690406799316,6.05980110168457,7.157646656036377
2021-09-10,27.595470428466797,80.6010971069336,2.86953067779541,8.623481750488281,6.005776405334473,7.1377644538879395
2021-09-13,27.74933624267578,80.44933319091797,2.8863117694854736,8.945733070373535,6.492001056671143,7.754117488861084
2021-09-14,27.916582107543945,80.93497467041016,2.861140251159668,8.610591888427734,6.104822158813477,7.465823650360107
2021-09-15,26.933183670043945,79.39457702636719,2.82757830619812,8.50747013092041,6.0778093338012695,7.565235137939453
2021-09-16,27.194080352783203,78.66612243652344,2.945044994354248,8.22388744354248,6.023784160614014,7.555294036865234
2021-09-17,26.19729995727539,74.970703125,2.8443596363067627,7.824294567108154,5.942747116088867,7.585117340087891
2021-09-20,25.106861114501953,72.26934051513672,2.785626173019409,7.463372707366943,5.735651016235352,7.426058292388916
2021-09-21,25.254037857055664,72.62596893310547,2.7604551315307617,7.450481414794922,5.897727012634277,7.296823501586914
2021-09-22,25.862808227539062,74.56854248046875,2.8024070262908936,,,
2021-09-23,25.67549705505371,75.0162353515625,2.86953067779541,7.489152908325195,5.636605262756348,7.664647102355957
2021-09-24,25.23396873474121,75.37288665771484,2.8443596363067627,6.921987056732178,5.420505523681641,7.575176239013672
2021-09-27,25.23396873474121,76.2379379272461,2.819187879562378,6.535284996032715,5.078347206115723,7.605000019073486
2021-09-28,24.66533660888672,73.96148681640625,2.8527495861053467,6.651295185089111,5.42950963973999,7.495646953582764
2021-09-29,24.344223022460938,73.52137756347656,2.8443596363067627,6.445052623748779,5.195401668548584,7.2669997215271
2021-09-30,25.160383224487305,76.01787567138672,2.9618256092071533,6.457943439483643,5.3034515380859375,7.247117519378662
2021-10-01,24.651952743530273,73.81729888916016,2.945044994354248,,,
2021-10-04,24.71216583251953,73.9842529296875,3.0037779808044434,6.348377704620361,5.123368740081787,7.426058292388916
2021-10-05,24.431190490722656,73.70349884033203,3.037339687347412,6.56106424331665,5.447518348693848,7.4459404945373535
2021-10-06,24.518157958984375,73.26338195800781,3.0205585956573486,6.387046813964844,5.213409900665283,7.4558820724487305
2021-10-07,24.5114688873291,73.25579071044922,3.0205585956573486,6.432162761688232,5.249426364898682,7.4558820724487305
2021-10-08,25.247352600097656,76.184814453125,3.0037779808044434,6.264591693878174,5.015318393707275,7.614940643310547
2021-10-11,25.474803924560547,77.59620666503906,3.0625112056732178,6.045461177825928,4.7902140617370605,7.952940940856934
2021-10-12,25.40790367126465,77.8845443725586,3.07090163230896,6.077686309814453,4.772205829620361,8.141822814941406
2021-10-13,25.14699935913086,75.40323638916016,3.0625112056732178,,,
2021-10-14,25.287490844726562,76.26828002929688,3.213538885116577,,,
2021-10-15,25.99660873413086,75.57775115966797,3.205148696899414,6.187251091003418,4.880255699157715,8.658764839172363
2021-10-18,26.217369079589844,76.98155975341797,3.331005096435547,6.406383037567139,5.231418132781982,9.12600040435791
2021-10-19,25.68218231201172,74.47747039794922,3.2554914951324463,6.412827968597412,5.222414016723633,8.837705612182617
2021-10-20,25.802600860595703,74.42436218261719,3.213538885116577,6.2710371017456055,5.051335334777832,8.559351921081543
2021-10-21,25.742395401000977,73.44550323486328,3.2219290733337402,6.316152572631836,5.033326625823975,8.599117279052734
2021-10-22,25.18714141845703,72.1099853515625,3.1883676052093506,6.026125431060791,4.889260292053223,8.29094123840332
2021-10-25,25.37445640563965,73.17991638183594,3.1883676052093506,6.032569408416748,4.898263931274414,8.430116653442383
2021-10-26,25.561769485473633,72.7625503540039,3.121244192123413,5.929449081420898,4.853243350982666,8.599117279052734
2021-10-27,25.193830490112305,71.43463897705078,3.1296346187591553,5.7038726806640625,4.502080917358398,8.320764541625977
2021-10-28,24.765684127807617,70.38746643066406,3.0037779808044434,5.3945088386535645,4.249964714050293,7.7342352867126465
2021-10-29,24.471328735351562,68.5132064819336,2.995387554168701,5.5749711990356445,4.1869354248046875,7.793882369995117
2021-11-01,24.357601165771484,69.0291976928711,3.0121684074401855,5.426734924316406,4.12390661239624,7.7342352867126465
2021-11-02,23.78896713256836,67.27632904052734,2.9366543292999268,5.3365044593811035,3.9888429641723633,7.6845293045043945
2021-11-03,24.043182373046875,68.06551361083984,2.9702165126800537,5.446070671081543,3.9888429641723633,7.515529155731201
2021-11-04,24.103391647338867,67.01834869384766,2.9618256092071533,5.296303749084473,3.9978482723236084,7.4558820724487305
2021-11-05,24.143531799316406,67.39016723632812,2.9366543292999268,4.921885013580322,3.7007107734680176,7.187470436096191
2021-11-08,24.33753204345703,67.6481704711914,2.978606700897217,4.887847423553467,3.736727237701416,7.4459404945373535
2021-11-09,24.57167625427246,67.51915740966797,2.9702165126800537,4.9355010986328125,3.736727237701416,7.366411209106445
2021-11-10,23.90938377380371,66.40371704101562,2.903092861175537,4.949115753173828,3.6016650199890137,7.78394079208374
2021-11-11,24.52484703063965,67.64057159423828,2.9114830493927,5.105690956115723,3.80876088142395,7.853529453277588
2021-11-12,25.220590591430664,69.97012329101562,2.978606700897217,5.207805156707764,3.763739585876465,7.903234958648682
2021-11-15,25.060033798217773,69.68936157226562,2.9366543292999268,5.132920265197754,3.691706657409668,7.714353084564209
2021-11-16,24.41111946105957,68.13379669189453,2.8863117694854736,5.071652889251709,3.6286773681640625,7.704411506652832
2021-11-17,24.056564331054688,67.46604919433594,2.9282643795013428,5.105690956115723,3.6106691360473633,7.714353084564209
2021-11-18,24.110078811645508,67.92134094238281,2.9282643795013428,5.187381267547607,3.6016650199890137,7.605000019073486
2021-11-19,24.38435935974121,68.48284912109375,2.945044994354248,5.187381267547607,3.664694309234619,7.664647102355957
2021-11-22,24.471328735351562,69.6741943359375,3.0037779808044434,5.200996398925781,3.592660665512085,7.286881923675537
2021-11-23,25.454734802246094,72.18585205078125,3.0037779808044434,5.412032127380371,3.592660665512085,7.107941150665283
2021-11-24,25.58184051513672,72.14033508300781,2.98699688911438,5.248650074005127,3.6016650199890137,7.515529155731201
2021-11-25,25.83605194091797,73.32408142089844,3.037339687347412,5.275879859924316,3.637681722640991,7.4161176681518555
2021-11-26,25.441356658935547,71.6774673461914,2.98699688911438,5.105690956115723,3.493614912033081,7.1377644538879395
2021-11-29,25.802600860595703,72.38314819335938,2.995387554168701,5.092075824737549,3.421581506729126,7.276941299438477
2021-11-30,26.337785720825195,70.9489974975586,2.9618256092071533,5.146536350250244,3.448594093322754,7.366411209106445
2021-12-01,26.69234848022461,72.66390991210938,3.079292058944702,5.180574417114258,3.475606679916382,7.06817626953125
2021-12-02,26.56523895263672,71.48016357421875,3.11285400390625,4.969539642333984,3.367556571960449,6.968764781951904
2021-12-03,26.913110733032227,72.48179626464844,3.1464154720306396,5.085268020629883,3.4846105575561523,7.187470436096191
2021-12-06,26.484960556030273,71.19181823730469,3.1044633388519287,4.976346492767334,3.6286773681640625,6.978705883026123
2021-12-07,26.725799560546875,71.8216323852539,3.079292058944702,5.160151481628418,3.835773468017578,7.097999572753906
2021-12-08,27.220842361450195,73.38479614257812,3.1799771785736084,5.269072532653809,3.9168100357055664,7.316705703735352
2021-12-09,26.893043518066406,72.69427490234375,3.1883676052093506,5.35076379776001,3.8177647590637207,7.316705703735352
2021-12-10,26.732484817504883,72.71703338623047,3.205148696899414,5.269072532653809,3.862785577774048,7.306764602661133
2021-12-13,27.454986572265625,74.4015884399414,3.213538885116577,5.28949499130249,3.835773468017578,7.296823501586914
2021-12-14,27.61554527282715,74.43952941894531,3.1967577934265137,5.160151481628418,3.646685838699341,6.849470138549805
2021-12-15,27.475053787231445,74.62165069580078,3.1967577934265137,5.098883152008057,3.592660665512085,6.571117401123047
2021-12-16,27.200773239135742,74.36365509033203,3.213538885116577,5.371186256408691,3.763739585876465,6.899176120758057
2021-12-17,27.695819854736328,74.36365509033203,3.2722723484039307,5.514145851135254,3.8177647590637207,6.958823204040527
2021-12-20,27.495128631591797,74.53817749023438,3.3058338165283203,5.228227138519287,3.7007107734680176,6.829587936401367
2021-12-21,27.903202056884766,76.94361877441406,3.322614908218384,5.255457401275635,3.7547354698181152,6.899176120758057
2021-12-22,27.689125061035156,75.38804626464844,3.331005096435547,5.412032127380371,3.8177647590637207,7.088058948516846
2021-12-23,27.60215950012207,75.28939819335938,3.3561763763427734,5.772833824157715,4.159923076629639,7.366411209106445
2021-12-24,27.64229965209961,75.19834899902344,3.364567279815674,5.6979498863220215,4.069881439208984,7.39623498916626
2021-12-28,,,,5.67072057723999,3.961831569671631,7.515529155731201
2021-12-29,27.648990631103516,74.970703125,3.372957944869995,5.541376113891602,3.8447773456573486,7.475764274597168
2021-12-30,27.883134841918945,75.5322265625,3.3897383213043213,5.480108261108398,3.8267688751220703,7.535411357879639
2021-12-31,27.762718200683594,75.96475219726562,3.364567279815674,5.602644920349121,3.880793571472168,7.505588054656982
2022-01-03,,,,5.766026496887207,3.9708352088928223,7.565235137939453
2022-01-04,28.35141944885254,75.64604187011719,3.414909601211548,5.731988906860352,3.862785577774048,7.4558820724487305
2022-01-05,28.518667221069336,76.24551391601562,3.372957944869995,5.636682510375977,3.718719244003296,7.465823650360107
2022-01-06,28.552112579345703,76.79944610595703,3.331005096435547,5.663912773132324,3.7457315921783447,7.505588054656982
2022-01-07,29.254549026489258,78.63577270507812,3.289053201675415,5.752411842346191,3.952826738357544,7.565235137939453
2022-01-10,29.95697593688965,80.42657470703125,3.4065191745758057,5.949831008911133,4.087889671325684,7.883352756500244
2022-01-11,29.870010375976562,80.71491241455078,3.3981287479400635,6.160866737365723,4.31299352645874,7.833646774291992
2022-01-12,30.18443489074707,81.39785766601562,3.4316904544830322,6.201712131500244,4.321998119354248,7.942999362945557
2022-01-13,31.341766357421875,84.75938415527344,3.557546854019165,6.344671726226807,4.376022815704346,8.201470375061035
2022-01-14,31.228038787841797,83.92469787597656,3.507204532623291,6.079176425933838,4.114902496337891,7.833646774291992
2022-01-17,30.873483657836914,83.49217987060547,3.3981287479400635,6.011099338531494,4.0158562660217285,7.624882221221924
2022-01-18,31.241422653198242,83.20382690429688,3.4820337295532227,6.05875301361084,4.051872730255127,7.4558820724487305
2022-01-19,31.147762298583984,83.40111541748047,3.4400806427001953,6.120021820068359,4.12390661239624,7.4061760902404785
2022-01-20,32.11778259277344,86.05696868896484,3.507204532623291,6.120021820068359,4.141914367675781,7.65470552444458
2022-01-21,30.572433471679688,82.49813079833984,3.4316904544830322,6.290211200714111,4.213947772979736,7.495646953582764
2022-01-24,30.50554084777832,81.92142486572266,3.3058338165283203,6.174481391906738,4.02485990524292,7.018470287322998
2022-01-25,30.124221801757812,81.25367736816406,3.1380250453948975,5.9157938957214355,3.8537819385528564,6.750058650970459
2022-01-26,,,,6.2629804611206055,3.9708352088928223,6.759999752044678
2022-01-27,30.552370071411133,82.93064880371094,3.205148696899414,6.072368144989014,3.952826738357544,6.859411716461182
2022-01-28,31.388599395751953,86.32254791259766,3.2387101650238037,5.874947547912598,3.691706657409668,7.127823352813721
2022-01-31,31.007274627685547,84.65316772460938,3.2303197383880615,5.929408550262451,3.691706657409668,7.088058948516846
2022-02-01,30.057321548461914,82.63471984863281,3.213538885116577,,,
2022-02-02,30.532299041748047,84.55451965332031,3.2974436283111572,,,
2022-02-03,31.475568771362305,86.61090850830078,3.339395761489868,,,
2022-02-04,31.31500816345215,86.96753692626953,3.4484710693359375,6.106406211853027,3.8267688751220703,7.06817626953125
2022-02-07,31.703018188476562,87.02824401855469,3.4820337295532227,6.113213062286377,3.9168100357055664,7.167588233947754
2022-02-08,32.88042068481445,88.91769409179688,3.515594959259033,6.405940055847168,4.105898380279541,7.19741153717041
2022-02-09,32.325172424316406,88.42444610595703,3.7085747718811035,6.787164688110352,4.484073162078857,7.933058738708496
2022-02-10,32.29841232299805,90.26837158203125,3.6917941570281982,7.175197601318359,4.673160076141357,8.231293678283691
2022-02-11,32.68642044067383,92.84834289550781,3.7085747718811035,7.1479668617248535,4.7001729011535645,8.350587844848633
2022-02-14,32.33185958862305,92.25646209716797,3.800869941711426,7.175197601318359,4.727184772491455,8.042411804199219
2022-02-15,32.231510162353516,90.10901641845703,3.725356101989746,7.120736598968506,4.565110206604004,8.251176834106445
2022-02-16,31.662879943847656,89.96484375,3.7337465286254883,7.175197601318359,4.637143611907959,8.927175521850586
2022-02-17,32.09102249145508,91.01200103759766,3.7756991386413574,7.243273735046387,4.880255699157715,8.94705867767334
2022-02-18,32.08433532714844,90.4884262084961,3.8344316482543945,7.311348915100098,4.835234642028809,8.350587844848633
2022-02-21,32.271644592285156,91.20929718017578,3.8260416984558105,7.3249640464782715,4.799218654632568,7.883352756500244
2022-02-22,31.983983993530273,89.91932678222656,3.7001843452453613,7.433884620666504,4.934280872344971,6.402117729187012
2022-02-23,32.17799377441406,90.9588851928711,3.8260416984558105,7.393040657043457,4.817226886749268,7.237176418304443
2022-02-24,31.479516983032227,87.52906036376953,3.809260368347168,7.297733783721924,4.844239234924316,6.461764335632324
2022-02-25,31.423274993896484,86.9144287109375,3.8763837814331055,7.297733783721924,4.799218654632568,6.511470794677734
2022-02-28,32.80845642089844,89.66889190673828,4.035801887512207,7.393040657043457,4.871252059936523,5.437823295593262
2022-03-01,32.73110580444336,89.4033203125,3.985459566116333,7.202427387237549,4.799218654632568,4.662411689758301
2022-03-02,33.97566604614258,93.53126525878906,4.220391750335693,7.556423187255859,5.078347206115723,3.4495880603790283
2022-03-03,35.199127197265625,97.01421356201172,4.295906066894531,7.883187294006348,5.1593852043151855,3.6285293102264404
2022-03-04,35.114749908447266,96.03533172607422,4.337857723236084,7.706188678741455,5.177392482757568,3.558940887451172
2022-03-07,35.42413330078125,95.5952377319336,4.4972758293151855,7.828725337982178,5.249426364898682,4.771764755249023
2022-03-08,34.123321533203125,91.44454193115234,4.203610897064209,7.052661418914795,4.75419807434082,4.811529636383057
2022-03-09,34.09519958496094,90.96646881103516,4.13648796081543,6.848433017730713,4.511085033416748,4.741940975189209
2022-03-10,33.57487487792969,88.84468078613281,4.084452152252197,6.807586669921875,4.430047988891602,4.60276460647583
2022-03-11,33.53268814086914,89.72019958496094,4.204836368560791,6.8348188400268555,4.430047988891602,4.175293922424316
2022-03-14,33.30065155029297,89.25432586669922,4.17903995513916,6.2561726570129395,3.934819221496582,3.976470470428467
2022-03-15,31.901405334472656,85.74423217773438,3.9898648262023926,5.466492652893066,3.493614912033081,3.8074703216552734
2022-03-16,31.76780891418457,85.87274932861328,4.101650238037109,5.922600746154785,3.7907519340515137,4.125588417053223
2022-03-17,32.11937713623047,87.22216033935547,4.084452152252197,6.528477668762207,4.051872730255127,4.453647136688232
2022-03-18,32.520172119140625,88.6278076171875,4.144644260406494,6.862048149108887,4.213947772979736,4.234941482543945
2022-03-21,32.66079330444336,88.7081298828125,4.196237087249756,6.807586669921875,4.213947772979736,4.006294250488281
2022-03-22,34.327232360839844,91.3587646484375,4.325219631195068,7.188811779022217,4.367018699645996,4.0758819580078125
2022-03-23,34.06004333496094,91.31057739257812,4.325219631195068,6.984584808349609,4.267972946166992,4.0858235359191895
2022-03-24,34.66474151611328,93.18209075927734,4.368214130401611,7.433884620666504,4.412039756774902,4.6723527908325195
2022-03-25,34.995216369628906,93.87287139892578,4.385411739349365,7.28411865234375,4.258968353271484,4.394000053405762
2022-03-28,35.80382537841797,95.15802764892578,4.471400260925293,7.2296576499938965,4.3310017585754395,4.244882106781006
2022-03-29,35.59288787841797,93.8487548828125,4.437004566192627,7.2296576499938965,4.349009990692139,4.563000202178955
2022-03-30,35.56476593017578,93.9050064086914,4.2822265625,7.011815071105957,4.240960121154785,4.86123514175415
2022-03-31,36.387428283691406,95.67208862304688,4.31662130355835,7.120736598968506,4.141914367675781,4.871176242828369
2022-04-01,36.83743667602539,96.6600570678711,4.565987586975098,7.175197601318359,4.1869354248046875,4.80158805847168
2022-04-04,36.886661529541016,96.9170913696289,4.522994041442871,7.202427387237549,4.267972946166992,4.7618231773376465
2022-04-05,36.528053283691406,96.57972717285156,4.402609825134277,,,
2022-04-06,36.14836502075195,95.46324920654297,4.31662130355835,7.1479668617248535,4.2319560050964355,4.533176422119141
2022-04-07,35.909297943115234,95.37489318847656,4.273626804351807,7.052661418914795,4.12390661239624,4.423823356628418
2022-04-08,36.521026611328125,95.56767272949219,4.31662130355835,7.175197601318359,4.159923076629639,4.523235321044922
2022-04-11,36.33820724487305,94.37890625,4.351016998291016,6.916508674621582,3.889798402786255,4.27470588684082
2022-04-12,36.366336822509766,94.8528060913086,4.3424177169799805,6.719088077545166,3.9258148670196533,4.3144707679748535
2022-04-13,36.40852737426758,96.78857421875,4.402609825134277,7.066276550292969,4.150918960571289,4.3542351722717285
2022-04-14,36.914791107177734,96.82069396972656,4.445603847503662,7.216043472290039,4.31299352645874,4.403940677642822
2022-04-19,37.385887145996094,97.7203140258789,4.505795955657959,7.433884620666504,4.258968353271484,4.065941333770752
2022-04-20,36.7741584777832,95.02147674560547,4.445603847503662,7.202427387237549,3.979840040206909,4.026176452636719
2022-04-21,35.649131774902344,93.46321868896484,4.376812934875488,7.28411865234375,3.835773468017578,3.916823387145996
2022-04-22,34.09519958496094,91.24632263183594,4.161841869354248,7.365809440612793,3.7907519340515137,3.9367058277130127
2022-04-25,,,,6.8756632804870605,3.2685110569000244,3.7577645778656006
2022-04-26,32.105316162109375,87.35872650146484,3.835085868835449,6.412747383117676,3.0704193115234375,3.8074703216552734
2022-04-27,32.35141372680664,87.51934814453125,3.955469846725464,6.651013374328613,3.2865192890167236,3.747823476791382
2022-04-28,33.76472473144531,90.6037368774414,4.084452152252197,6.705473899841309,3.376560688018799,3.7577645778656006
2022-04-29,33.757694244384766,90.6278305053711,4.101650238037109,6.800779819488525,3.376560688018799,3.6782352924346924
2022-05-02,33.73659896850586,91.23828887939453,4.101650238037109,,,
2022-05-03,33.5115966796875,89.8406753540039,4.101650238037109,6.671435832977295,3.2685110569000244,3.7179999351501465
2022-05-04,33.32877731323242,89.24629211425781,3.9898648262023926,6.562514781951904,3.1694650650024414,3.5887644290924072
2022-05-05,33.36393356323242,89.62381744384766,4.101650238037109,6.453592300415039,3.1424527168273926,3.6185882091522217
2022-05-06,32.906890869140625,87.76033020019531,3.981266498565674,6.113213062286377,2.86332368850708,3.5390586853027344
2022-05-09,32.49203872680664,85.78439331054688,3.981266498565674,,,
2022-05-10,31.655303955078125,82.70803833007812,3.843684673309326,5.936216354370117,2.7462689876556396,3.409823417663574
2022-05-11,32.105316162109375,84.85265350341797,3.7920913696289062,5.949831008911133,2.791290044784546,3.469470500946045
2022-05-12,31.60608673095703,83.07752990722656,3.7576963901519775,5.8681416511535645,2.665231943130493,3.3402349948883057
2022-05-13,32.23188018798828,84.81249237060547,3.7920913696289062,6.0995988845825195,2.737265110015869,3.3899412155151367
2022-05-16,31.859214782714844,83.8566665649414,3.7834928035736084,6.045138359069824,2.818302631378174,3.3601176738739014
2022-05-17,32.03499984741211,85.67997741699219,3.843684673309326,6.331056118011475,2.935356616973877,3.37005877494812
2022-05-18,33.05455017089844,87.43903350830078,4.0414581298828125,6.317441940307617,2.9443609714508057,3.429705858230591
2022-05-19,32.506103515625,85.74423217773438,3.9984641075134277,6.331056118011475,2.935356616973877,3.429705858230591
2022-05-20,33.1740837097168,87.02938079833984,4.058655738830566,6.637397766113281,3.1424527168273926,3.4794116020202637
2022-05-23,33.6311149597168,87.9531021118164,4.015661716461182,7.159684181213379,3.2234902381896973,3.459529399871826
2022-05-24,33.61002731323242,88.73224639892578,4.0242600440979,6.963827133178711,3.0974318981170654,3.379999876022339
2022-05-25,33.972110748291016,89.92903900146484,4.0242600440979,6.920303821563721,3.0974318981170654,3.409823417663574
2022-05-26,33.65623474121094,88.98123168945312,3.9984641075134277,6.811493873596191,3.0974318981170654,3.3899412155151367
2022-05-27,34.48540115356445,91.07764434814453,4.0500569343566895,6.862272262573242,3.106436252593994,3.37005877494812
2022-05-30,35.4646110534668,91.40697479248047,4.196237087249756,6.920303821563721,3.1424527168273926,3.37005877494812
2022-05-31,35.22770309448242,91.92906188964844,4.299424171447754,7.065382957458496,3.2234902381896973,3.4495880603790283
2022-06-01,36.048973083496094,92.29853820800781,4.265028476715088,7.079890251159668,3.2144861221313477,3.429705858230591
2022-06-02,36.01738739013672,90.77241516113281,4.2822265625,7.050875186920166,3.1874735355377197,3.4396469593048096
2022-06-03,36.92551803588867,93.19815826416016,4.368214130401611,,,
2022-06-06,36.59385681152344,92.98931121826172,4.333819389343262,7.145177364349365,3.2865192890167236,3.777647018432617
2022-06-07,36.56226348876953,93.61583709716797,4.376812934875488,7.246732711791992,3.277514934539795,3.69811749458313
2022-06-08,37.407222747802734,95.51947784423828,4.445603847503662,7.217716693878174,3.322535991668701,3.737882137298584
2022-06-09,36.5148811340332,94.35479736328125,4.3080220222473145,7.087145805358887,3.2865192890167236,3.6682939529418945
2022-06-10,36.49909210205078,93.09373474121094,4.127447128295898,7.000097274780273,3.1154401302337646,3.6384706497192383
2022-06-13,,,,6.7462077140808105,3.03440260887146,3.598705768585205
2022-06-14,34.95131301879883,89.1980972290039,3.860882043838501,6.731700420379639,2.908344268798828,3.5688822269439697
2022-06-15,34.66703414916992,89.12581634521484,3.7233006954193115,6.731700420379639,2.962369441986084,3.598705768585205
2022-06-16,34.75389099121094,89.72019958496094,3.800690174102783,6.724445819854736,2.908344268798828,3.548999786376953
2022-06-17,33.5772705078125,85.95307922363281,3.577120304107666,6.52858829498291,2.818302631378174,3.6384706497192383
2022-06-20,31.792587280273438,81.59959411621094,3.4911320209503174,6.485063076019287,2.737265110015869,3.5887644290924072
2022-06-21,32.33747100830078,83.45503997802734,3.577120304107666,6.644651889801025,2.809298276901245,3.5688822269439697
2022-06-22,32.4006462097168,83.93698120117188,3.5169284343719482,6.5576043128967285,2.7102527618408203,3.469470500946045
2022-06-23,31.98211097717285,82.43495178222656,3.4825332164764404,6.419778823852539,2.6832401752471924,3.379999876022339
2022-06-24,31.60306167602539,81.44698333740234,3.4309401512145996,6.151381015777588,2.647223949432373,3.379999876022339
2022-06-27,32.53489303588867,83.38275146484375,3.4739344120025635,6.318221569061279,2.7552735805511475,3.4396469593048096
2022-06-28,33.94052505493164,85.88078308105469,3.602917194366455,6.499573230743408,2.8273067474365234,3.429705858230591
2022-06-29,33.76679611206055,85.32655334472656,3.4997308254241943,6.347238063812256,2.770082712173462,3.379999876022339
2022-06-30,32.57437515258789,82.49117279052734,3.3879458904266357,6.434285640716553,2.7062981128692627,3.330293893814087
2022-07-01,31.626750946044922,80.5955581665039,3.327753782272339,,,
2022-07-04,31.508302688598633,80.91685485839844,3.344951629638672,6.238428115844727,2.724522113800049,3.24082350730896
2022-07-05,31.587268829345703,80.94898986816406,3.310556173324585,6.383508682250977,2.770082712173462,3.608647108078003
2022-07-06,29.818382263183594,74.9970932006836,3.035392999649048,6.165889263153076,2.6607375144958496,3.648411750793457
2022-07-07,30.75020980834961,78.057373046875,3.1815736293792725,6.303714275360107,2.651625394821167,3.5688822269439697
2022-07-08,30.97132110595703,78.2581787109375,3.207369804382324,6.289206504821777,2.724522113800049,3.5390586853027344
2022-07-11,30.007909774780273,76.59550476074219,3.1213817596435547,6.158634185791016,2.6607375144958496,3.379999876022339
2022-07-12,29.58147430419922,76.63568115234375,3.052590847015381,6.064332485198975,2.596952438354492,3.419764757156372
2022-07-13,29.155054092407227,75.58344268798828,3.009596586227417,5.948269367218018,2.5605039596557617,3.3501763343811035
2022-07-14,29.53409767150879,77.11760711669922,3.043992042541504,5.839459419250488,2.5605039596557617,3.3501763343811035
2022-07-15,28.507509231567383,74.91676330566406,2.932206869125366,5.614585876464844,2.4784951210021973,3.280588150024414
2022-07-18,29.194534301757812,76.5232162475586,2.992398977279663,5.926506996154785,2.651625394821167,3.379999876022339
2022-07-19,28.910253524780273,76.87663269042969,2.92360782623291,5.911999225616455,2.651625394821167,3.3402349948883057
2022-07-20,29.305095672607422,78.55538177490234,3.018195390701294,5.803188800811768,2.6151766777038574,3.429705858230591
2022-07-21,29.052391052246094,76.9730224609375,3.0697884559631348,5.882983684539795,2.578728437423706,3.3402349948883057
2022-07-22,29.020801544189453,77.31840515136719,3.035392999649048,5.730649471282959,2.5422799587249756,3.320352792739868
2022-07-25,29.494611740112305,78.02523803710938,3.0611894130706787,5.708887100219727,2.5878403186798096,3.3402349948883057
2022-07-26,30.22112274169922,79.48710632324219,3.1557769775390625,5.904745101928711,2.596952438354492,3.320352792739868
2022-07-27,29.628864288330078,77.896728515625,3.1643760204315186,5.824951171875,2.5878403186798096,3.2607057094573975
2022-07-28,30.260608673095703,78.47504425048828,3.250364065170288,5.955523490905762,2.6151766777038574,3.230882167816162
2022-07-29,30.544885635375977,78.57947540283203,3.276160478591919,5.919253349304199,2.596952438354492,3.191117525100708
2022-08-01,30.876556396484375,79.4549789428711,3.319154739379883,5.730649471282959,2.5696163177490234,3.141411781311035
2022-08-02,30.465925216674805,78.15376281738281,3.2159688472747803,5.527537822723389,2.4967193603515625,3.0419998168945312
2022-08-03,30.48961639404297,77.75215148925781,3.2417654991149902,5.6073317527771,2.4511587619781494,3.0718233585357666
2022-08-04,30.142152786254883,76.54731750488281,3.2159688472747803,5.629094123840332,2.460271120071411,3.091705799102783
2022-08-05,30.647550582885742,78.5071792602539,3.293358325958252,5.687126159667969,2.5240557193756104,3.061882257461548
2022-08-08,30.892351150512695,79.9770736694336,3.370748281478882,5.63634729385376,2.5240557193756104,3.0817644596099854
2022-08-09,30.655447006225586,79.83250427246094,3.353550672531128,5.701633930206299,2.533167600631714,3.1215293407440186
2022-08-10,30.244813919067383,79.66382598876953,3.336353063583374,5.542045593261719,2.505831480026245,3.012176275253296
2022-08-11,30.91604232788086,79.61119079589844,3.4739344120025635,5.737903594970703,2.5878403186798096,3.0817644596099854
2022-08-12,30.66334342956543,79.71981811523438,3.4825332164764404,6.020809173583984,2.6607375144958496,3.1314706802368164
2022-08-15,30.734416961669922,79.60282897949219,3.508329391479492,5.839459419250488,2.578728437423706,3.1811764240264893
2022-08-16,31.990007400512695,80.15428924560547,3.508329391479492,5.752411365509033,2.5605039596557617,3.1712353229522705
2022-08-17,32.25849914550781,80.83108520507812,3.551323890686035,5.839459419250488,2.5878403186798096,3.330293893814087
2022-08-18,32.49540328979492,81.13188171386719,3.542724847793579,5.694379806518555,2.551392078399658,3.409823417663574
2022-08-19,32.81127166748047,82.32672119140625,3.602917194366455,5.585569858551025,2.5605039596557617,3.4794116020202637
2022-08-22,32.653343200683594,82.04263305664062,3.594318151473999,5.824951171875,2.5605039596557617,3.5688822269439697
2022-08-23,32.74020767211914,81.59980010986328,3.542724847793579,5.868474960327148,2.606064558029175,3.6384706497192383
2022-08-24,33.09556198120117,81.13188171386719,3.637312412261963,5.868474960327148,2.678961992263794,3.6285293102264404
2022-08-25,33.31667709350586,81.26557159423828,3.6717076301574707,6.194904804229736,2.7974190711975098,3.7179999351501465
2022-08-26,33.806278228759766,82.43534088134766,3.637312412261963,6.115110874176025,2.7974190711975098,3.7279410362243652
2022-08-29,33.31667709350586,80.45508575439453,3.5169284343719482,5.853967666625977,2.7791945934295654,3.787588119506836
2022-08-30,32.969215393066406,79.81171417236328,3.5685222148895264,5.5783162117004395,2.715409994125366,3.926764726638794
2022-08-31,32.06108093261719,78.9594497680664,3.5685222148895264,5.556553840637207,2.6425132751464844,3.9864118099212646
2022-09-01,31.607603073120117,77.3050537109375,3.4911320209503174,5.309918403625488,2.6151766777038574,4.026176452636719
2022-09-02,30.95876693725586,75.35823822021484,3.4395387172698975,5.09229850769043,2.5696163177490234,4.026176452636719
2022-09-05,31.944658279418945,76.67839813232422,3.5685222148895264,5.26639461517334,2.5878403186798096,3.9864118099212646
2022-09-06,31.405364990234375,75.867919921875,3.559922695159912,5.360696315765381,2.6425132751464844,4.0162353515625
2022-09-07,30.562719345092773,74.70650482177734,3.4825332164764404,5.462252616882324,2.815643310546875,4.095764636993408
2022-09-08,31.110443115234375,76.75360870361328,3.534125804901123,5.4259819984436035,2.8065309524536133,4.175293922424316
2022-09-09,32.096336364746094,78.84247589111328,3.6545097827911377,5.65811014175415,2.961437225341797,4.324411392211914
2022-09-12,33.208621978759766,80.2461929321289,3.6545097827911377,,,
2022-09-13,33.115936279296875,80.83943939208984,3.7061033248901367,5.694379806518555,2.9523251056671143,3.88700008392334
2022-09-14,32.52608108520508,79.23519897460938,3.7147023677825928,5.687126159667969,2.888540267944336,4.155411243438721
2022-09-15,32.6440544128418,79.07642364501953,3.6519880294799805,5.650855541229248,2.8247554302215576,4.125588417053223
2022-09-16,32.05420684814453,77.24657440185547,3.542428493499756,5.542045593261719,2.7062981128692627,3.976470470428467
2022-09-19,31.860397338867188,77.19644165039062,3.5698182582855225,5.462252616882324,2.724522113800049,3.787588119506836
2022-09-20,33.01481628417969,79.14328002929688,3.670248508453369,5.418727874755859,2.7336342334747314,3.7975292205810547
2022-09-21,31.986791610717773,76.22721099853516,3.5606884956359863,5.4259819984436035,2.7336342334747314,3.5688822269439697
2022-09-22,,,,5.360696315765381,2.715409994125366,3.558940887451172
2022-09-23,32.16374588012695,77.70612335205078,3.5241684913635254,5.230123996734619,2.578728437423706,3.469470500946045
2022-09-26,30.503738403320312,73.34455108642578,3.2776594161987305,4.881933212280273,2.4693830013275146,3.3004703521728516
2022-09-27,31.34638023376465,75.52533721923828,3.378089189529419,4.990743160247803,2.460271120071411,3.3104116916656494
2022-09-28,31.388513565063477,75.1994857788086,3.341569185256958,4.577265739440918,2.3053650856018066,3.280588150024414
2022-09-29,32.16374588012695,75.95982360839844,3.341569185256958,4.519233703613281,2.2871406078338623,3.1712353229522705
2022-09-30,32.458675384521484,78.03199005126953,3.3141794204711914,4.715091705322266,2.341813325881958,3.280588150024414
2022-10-03,32.52608108520508,77.78968048095703,3.2502694129943848,4.686075210571289,2.3509254455566406,3.1612939834594727
2022-10-04,33.7647705078125,80.18771362304688,3.423738956451416,,,
2022-10-05,34.12710952758789,81.758544921875,3.551558494567871,4.881933212280273,2.460271120071411,3.330293893814087
2022-10-06,34.346195220947266,81.92565155029297,3.5606884956359863,4.838409423828125,2.48760724067688,3.409823417663574
2022-10-07,33.756343841552734,80.77259063720703,3.505908727645874,4.773123741149902,2.4238224029541016,3.379999876022339
2022-10-10,33.7647705078125,81.45774841308594,3.4511284828186035,4.562757968902588,2.3782620429992676,3.3601176738739014
2022-10-11,33.63837432861328,80.96477508544922,3.3506994247436523,4.577265739440918,2.3600378036499023,3.230882167816162
2022-10-12,33.31816864013672,79.44407653808594,3.378089189529419,4.75136137008667,2.3600378036499023,3.3104116916656494
2022-10-13,33.05695343017578,79.9119873046875,3.423738956451416,4.671566963195801,2.3327014446258545,3.1811764240264893
2022-10-14,33.72263717651367,80.72245788574219,3.505908727645874,4.758615016937256,2.369149684906006,3.2109999656677246
2022-10-17,32.93898391723633,78.65865325927734,3.432868719100952,4.693329334259033,2.369149684906006,3.330293893814087
2022-10-18,33.394012451171875,78.76727294921875,3.5150387287139893,4.700583457946777,2.3509254455566406,3.379999876022339
2022-10-19,33.07380294799805,78.55003356933594,3.4419989585876465,4.562757968902588,2.341813325881958,3.3499999046325684
2022-10-20,32.3154182434082,77.08782196044922,3.3506994247436523,4.316122055053711,2.3327014446258545,3.3299999237060547
2022-10-21,32.07948303222656,76.45279693603516,3.3963491916656494,4.316122055053711,2.341813325881958,3.2300000190734863
2022-10-24,32.91370391845703,77.36355590820312,3.3324389457702637,4.083994388580322,2.296252965927124,3.2100000381469727
2022-10-25,32.44181442260742,76.30239868164062,3.2867891788482666,4.040470600128174,2.3053650856018066,3.200000047683716
2022-10-26,32.47552490234375,76.75360870361328,3.3233091831207275,4.2000579833984375,2.250692367553711,3.25
2022-10-27,33.25075149536133,77.37190246582031,3.423738956451416,4.388661861419678,2.2142438888549805,3.200000047683716
2022-10-28,31.58232307434082,73.98794555664062,3.2867891788482666,4.22182035446167,2.0957863330841064,3.1500000953674316
2022-10-31,31.4812068939209,73.69548034667969,3.2867891788482666,4.040470600128174,2.04111385345459,3.200000047683716
2022-11-01,32.37440490722656,75.60889434814453,3.3963491916656494,4.410423755645752,2.0502257347106934,3.200000047683716
2022-11-02,33.06537628173828,77.39697265625,3.469388723373413,4.5555033683776855,2.0775623321533203,3.25
2022-11-03,32.003639221191406,75.66738891601562,3.3598289489746094,4.330629825592041,2.032001495361328,3.299999952316284
2022-11-04,32.49238204956055,77.53902435302734,3.478518486022949,4.5482497215271,2.1960198879241943,3.549999952316284
2022-11-07,34.11025619506836,80.44673156738281,3.6063385009765625,4.816647052764893,2.3782620429992676,3.6600000858306885
2022-11-08,34.000709533691406,80.50521087646484,3.5606884956359863,4.794885158538818,2.414710283279419,3.75
2022-11-09,34.70010757446289,82.41026306152344,3.578948497772217,4.860170841217041,2.442046880722046,4.0
2022-11-10,34.177669525146484,82.1345443725586,3.5332984924316406,4.813809871673584,2.3782620429992676,4.050000190734863
2022-11-11,35.46691131591797,85.75247955322266,3.7341578006744385,5.076522350311279,2.578728437423706,4.0
2022-11-14,37.08478927612305,88.56827545166016,3.953277111053467,5.300600051879883,2.7336342334747314,4.150000095367432
2022-11-15,37.02581024169922,88.91920471191406,3.907627820968628,5.455136299133301,2.815643310546875,4.150000095367432
2022-11-16,37.45555877685547,90.29785919189453,3.852846622467041,5.6328535079956055,2.815643310546875,4.150000095367432
2022-11-17,36.9078369140625,88.69361114501953,3.6519880294799805,5.470590591430664,2.715409994125366,3.9000000953674316
2022-11-18,37.02581024169922,88.88578033447266,3.5698182582855225,5.285147190093994,2.7336342334747314,3.75
2022-11-21,36.191585540771484,86.83869934082031,3.5150387287139893,5.146064281463623,2.724522113800049,3.6500000953674316
2022-11-22,36.638187408447266,87.73272705078125,3.588078260421753,5.146064281463623,2.7609708309173584,3.940000057220459
2022-11-23,37.00895309448242,88.15050506591797,3.661118268966675,5.122883319854736,2.7791945934295654,3.7799999713897705
2022-11-24,37.539817810058594,88.96097564697266,3.6519880294799805,5.231058597564697,2.8429794311523438,3.7200000286102295
2022-11-25,37.244895935058594,88.27584075927734,3.670248508453369,5.316053867340088,2.861203908920288,3.700000047683716
2022-11-28,36.98367691040039,87.02250671386719,3.6063385009765625,5.246512413024902,2.8247554302215576,3.619999885559082
2022-11-29,37.767333984375,90.09733581542969,3.715898275375366,5.470590591430664,2.934100866317749,3.7200000286102295
2022-11-30,38.35718536376953,91.59297180175781,3.670248508453369,5.58649206161499,2.979661464691162,3.740000009536743
2022-12-01,39.16612243652344,94.60929870605469,3.9167566299438477,5.640580654144287,2.9978857040405273,3.799999952316284
2022-12-02,38.559417724609375,93.53144073486328,3.825457811355591,5.4319562911987305,2.9978857040405273,3.799999952316284
2022-12-05,39.44419860839844,97.03239440917969,3.962407112121582,5.864658355712891,3.2621371746063232,3.9800000190734863
2022-12-06,39.23353958129883,96.97390747070312,3.9258878231048584,5.771936416625977,3.2348005771636963,4.070000171661377
2022-12-07,39.267242431640625,96.50599670410156,3.953277111053467,5.547857761383057,3.0890069007873535,4.099999904632568
2022-12-08,38.95546340942383,95.67045593261719,3.752417802810669,5.609673500061035,3.1345674991607666,4.179999828338623
2022-12-09,40.00876998901367,97.89301300048828,3.825457811355591,5.8028435707092285,3.2530250549316406,3.950000047683716
2022-12-12,39.427345275878906,97.2162094116211,3.7432878017425537,5.648306846618652,3.171015977859497,3.890000104904175
2022-12-13,38.82906723022461,95.33622741699219,3.706768035888672,5.694668292999268,3.1072311401367188,4.059999942779541
2022-12-14,39.02287292480469,95.8125,3.843717336654663,5.810569763183594,3.1436798572540283,4.0
2022-12-15,38.71109390258789,94.95187377929688,3.825457811355591,5.787389755249023,3.1163434982299805,4.0
2022-12-16,38.483577728271484,95.71222686767578,3.7432878017425537,5.795116901397705,3.1072311401367188,4.0
2022-12-19,38.75322723388672,95.77906799316406,3.7706780433654785,5.702395439147949,3.0707826614379883,4.0
2022-12-20,38.13809585571289,94.60094451904297,3.679378032684326,5.547857761383057,2.9978857040405273,4.019999980926514
2022-12-21,39.03972625732422,96.18013763427734,3.7432878017425537,5.609673500061035,3.025221824645996,4.03000020980835
2022-12-22,38.972312927246094,95.9294662475586,3.7432878017425537,5.648306846618652,2.9978857040405273,4.0
2022-12-23,38.8964729309082,96.44751739501953,3.715898275375366,5.6328535079956055,2.9705491065979004,3.9600000381469727
2022-12-28,39.208255767822266,98.42776489257812,3.752417802810669,5.8028435707092285,3.1345674991607666,4.0
2022-12-29,38.58470153808594,97.82617950439453,3.6428582668304443,5.7101216316223145,3.0890069007873535,3.9200000762939453
2022-12-30,38.44987106323242,97.266357421875,3.6519880294799805,5.694668292999268,3.025221824645996,3.9700000286102295
2023-01-03,38.19708251953125,96.44751739501953,3.597208261489868,5.810569763183594,3.0707826614379883,3.940000057220459
2023-01-04,38.79536056518555,98.04341125488281,3.715898275375366,5.733302116394043,3.0616705417633057,4.050000190734863
2023-01-05,38.80378723144531,97.59221649169922,3.715898275375366,5.856931209564209,3.1072311401367188,3.880000114440918
2023-01-06,40.03404235839844,99.9568099975586,3.880237340927124,5.826023578643799,3.125455379486084,3.880000114440918
2023-01-09,40.44694137573242,99.24659729003906,4.026317119598389,6.166004180908203,3.3714823722839355,4.0
2023-01-10,40.27841567993164,98.78705596923828,4.06283712387085,6.305087089538574,3.4261550903320312,3.990000009536743
2023-01-11,40.87669372558594,99.7813491821289,4.108486652374268,6.281906604766846,3.499052047729492,3.9100000858306885
2023-01-12,41.60979461669922,101.23521423339844,4.154136657714844,6.397809028625488,3.508164167404175,3.940000057220459
2023-01-13,41.82887649536133,102.17938232421875,4.199786186218262,6.505984783172607,3.581061363220215,3.940000057220459
2023-01-16,41.87100601196289,102.07911682128906,4.291085720062256,6.521437168121338,3.5446128845214844,3.930000066757202
2023-01-17,41.407554626464844,100.82579040527344,4.163266181945801,6.683701038360596,3.5446128845214844,3.809999942779541
2023-01-18,41.356998443603516,101.92871856689453,4.117616653442383,6.730062007904053,3.581061363220215,4.019999980926514
2023-01-19,41.86258316040039,105.245849609375,4.163266181945801,6.691428184509277,3.6539580821990967,4.03000020980835
2023-01-20,42.0900993347168,106.28193664550781,4.172396183013916,6.915505886077881,3.717742919921875,4.099999904632568
2023-01-23,41.62664794921875,105.59677124023438,4.227176666259766,,,
2023-01-24,41.88786315917969,106.48246765136719,4.409775257110596,,,
2023-01-25,41.49182891845703,105.6970443725586,4.3458662033081055,,,
2023-01-26,,,,7.046862602233887,3.836199998855591,4.099999904632568
2023-01-27,41.74461364746094,106.08975982666016,4.300216197967529,7.062315464019775,3.8908729553222656,4.099999904632568
2023-01-30,41.4833984375,104.87820434570312,4.263696193695068,6.884599208831787,3.790639877319336,4.059999942779541
2023-01-31,41.60979461669922,105.81402587890625,4.1450066566467285,7.0005011558532715,3.7997517585754395,4.019999980926514
2023-02-01,41.7530403137207,107.30966186523438,4.227176666259766,7.1859450340271,3.9728822708129883,4.090000152587891
2023-02-02,41.16319274902344,104.80301666259766,4.309345722198486,7.170491695404053,3.9728822708129883,4.039999961853027
2023-02-03,40.37110137939453,102.72249603271484,4.272826194763184,6.861419200897217,3.790639877319336,4.059999942779541
2023-02-06,40.61547088623047,103.61651611328125,4.208916664123535,6.552345275878906,3.644845962524414,4.059999942779541
2023-02-07,40.45536804199219,102.6890640258789,4.236306190490723,6.621886730194092,3.836199998855591,4.0
2023-02-08,40.53120422363281,103.76692962646484,4.327606201171875,6.706881523132324,3.8544247150421143,3.990000009536743
2023-02-09,40.54806137084961,103.48282623291016,4.281956195831299,6.760969638824463,3.9182093143463135,3.950000047683716
2023-02-10,40.44694137573242,102.39662170410156,4.1815266609191895,6.614160537719727,3.781527519226074,3.9100000858306885
2023-02-13,40.33740234375,102.20445251464844,4.1815266609191895,6.575526237487793,3.8270883560180664,3.9200000762939453
2023-02-14,40.211002349853516,101.51929473876953,4.236306190490723,6.5600714683532715,3.817976474761963,4.0
2023-02-15,40.39638137817383,103.04835510253906,4.218046188354492,6.444169521331787,3.781527519226074,3.950000047683716
2023-02-16,40.54806137084961,103.34078979492188,4.254565715789795,6.173730850219727,3.644845962524414,3.950000047683716
2023-02-17,40.44694137573242,103.8254165649414,4.135876655578613,6.397809028625488,3.6995184421539307,3.9000000953674316
2023-02-20,40.83456039428711,104.56906127929688,4.090226650238037,7.031408309936523,3.981994390487671,3.950000047683716
2023-02-21,40.69973373413086,105.38789367675781,4.1815266609191895,7.108676910400391,4.000217914581299,4.0
2023-02-22,40.73344039916992,104.86985778808594,4.1906561851501465,6.961867809295654,4.000217914581299,3.9800000190734863
2023-02-23,39.343074798583984,103.10684204101562,4.117616653442383,6.838238716125488,3.936433792114258,3.9800000190734863
2023-02-24,38.71109390258789,99.36357879638672,4.026317119598389,6.691428184509277,3.781527519226074,4.050000190734863
2023-02-27,37.539817810058594,96.47257232666016,3.9167566299438477,6.482804298400879,3.690406560897827,3.9600000381469727
2023-02-28,38.08754348754883,97.53372955322266,3.962407112121582,6.482804298400879,3.644845962524414,4.0
2023-03-01,38.94703674316406,99.9568099975586,4.081096649169922,6.861419200897217,3.836199998855591,4.0
2023-03-02,40.489070892333984,103.9758071899414,4.291085720062256,6.815056800842285,3.8635365962982178,4.0
2023-03-03,40.716590881347656,105.63855743408203,4.3458662033081055,6.791876316070557,3.8726487159729004,4.0
2023-03-06,40.775569915771484,104.75286865234375,4.309345722198486,6.791876316070557,3.8999855518341064,3.9800000190734863
2023-03-07,40.38795852661133,104.44371795654297,4.227176666259766,6.799603462219238,3.8635365962982178,3.9800000190734863
2023-03-08,40.13516616821289,104.34344482421875,4.135876655578613,6.722335338592529,3.7997517585754395,3.950000047683716
2023-03-09,40.415916442871094,104.0130615234375,4.157544136047363,6.498256683349609,3.7359671592712402,4.0
2023-03-10,39.045291900634766,100.6240234375,4.018341064453125,6.328267574310303,3.5901730060577393,4.0
2023-03-13,39.756629943847656,101.63644409179688,3.9812209606170654,6.420989513397217,3.6539580821990967,3.9200000762939453
2023-03-14,39.06263732910156,100.82994079589844,3.86057710647583,6.266453266143799,3.644845962524414,3.9000000953674316
2023-03-15,39.52240753173828,102.57164001464844,3.897698402404785,6.274179458618164,3.672182321548462,3.859999895095825
2023-03-16,37.63997268676758,98.4361801147461,3.7120940685272217,6.003740310668945,3.480827569961548,3.859999895095825
2023-03-17,37.63997268676758,98.49623107910156,3.851297616958618,6.204638481140137,3.617509365081787,4.090000152587891
2023-03-20,37.26695251464844,97.80126953125,3.730654239654541,6.104189872741699,3.6357336044311523,3.9800000190734863
2023-03-21,37.76142120361328,98.75362396240234,3.7863357067108154,6.173730850219727,3.617509365081787,4.0
2023-03-22,38.03034591674805,99.05392456054688,3.86057710647583,6.0423760414123535,3.508164167404175,3.9600000381469727
2023-03-23,37.74407196044922,97.96427917480469,3.777055501937866,6.204638481140137,3.717742919921875,3.9700000286102295
2023-03-24,37.85683822631836,98.17877960205078,3.8234567642211914,6.21236515045166,3.6357336044311523,3.940000057220459
2023-03-27,37.778770446777344,97.59535217285156,3.8234567642211914,5.7101216316223145,3.5172762870788574,3.9100000858306885
2023-03-28,38.516136169433594,98.1873550415039,3.888417959213257,5.6328535079956055,3.5628368854522705,3.880000114440918
2023-03-29,39.036617279052734,98.822265625,3.925539493560791,5.648306846618652,3.499052047729492,3.8299999237060547
2023-03-30,39.9734992980957,100.5982894897461,4.009061336517334,5.741028785705566,3.508164167404175,3.799999952316284
2023-03-31,40.97110366821289,103.07785034179688,4.05546236038208,5.810569763183594,3.626621723175049,3.859999895095825
2023-04-03,40.74555587768555,101.92815399169922,4.027622222900391,5.594219207763672,3.581061363220215,3.7699999809265137
2023-04-04,39.85205078125,101.01868438720703,4.046181678771973,5.640580654144287,3.5901730060577393,3.75
2023-04-05,39.24481201171875,100.06632232666016,3.962660074234009,,,
2023-04-06,39.079994201660156,99.79178619384766,3.888417959213257,5.625126838684082,3.626621723175049,3.630000114440918
2023-04-11,39.88675308227539,101.70508575439453,3.962660074234009,5.96510648727417,3.8453121185302734,3.7100000381469727
2023-04-12,40.632781982421875,104.45919799804688,4.064742565155029,5.9573798179626465,3.9455454349517822,3.7200000286102295
2023-04-13,40.25109100341797,103.69560241699219,4.027622222900391,6.0346479415893555,3.936433792114258,3.7200000286102295
2023-04-14,40.29446792602539,103.76423645019531,4.120424270629883,6.390082359313965,4.191572666168213,3.819999933242798
2023-04-17,40.43326187133789,104.03021240234375,4.138984680175781,6.529165267944336,4.464936256408691,3.740000009536743
2023-04-18,40.40724182128906,104.53642272949219,4.111143589019775,6.614160537719727,4.382926940917969,3.759999990463257
2023-04-19,41.005802154541016,105.6947021484375,4.176105499267578,6.606432914733887,4.3647027015686035,3.7799999713897705
2023-04-20,39.956146240234375,103.2408676147461,4.138984680175781,6.598706245422363,4.2735819816589355,3.7300000190734863
2023-04-21,39.0539665222168,100.3837890625,4.129703998565674,6.274179458618164,4.164236545562744,3.6700000762939453
2023-04-24,38.31660842895508,97.10630798339844,3.8234567642211914,6.196911334991455,4.127788066864014,3.630000114440918
2023-04-25,,,,6.0501017570495605,4.045779228210449,3.6600000858306885
2023-04-26,38.16913604736328,96.04240417480469,3.86057710647583,5.949653148651123,4.109563827514648,3.6500000953674316
2023-04-27,38.455406188964844,96.23974609375,3.8420169353485107,5.9264726638793945,4.21890926361084,3.5999999046325684
2023-04-28,38.516136169433594,96.30838012695312,3.9348185062408447,5.9419264793396,4.228021144866943,3.569999933242798
2023-05-01,38.32529067993164,96.31696319580078,3.9069786071777344,,,
2023-05-02,37.84817123413086,95.35602569580078,3.86057710647583,5.9419264793396,4.2735819816589355,3.4700000286102295
2023-05-03,37.5358772277832,93.32260131835938,3.7863357067108154,5.864658355712891,4.255356788635254,3.359999895095825
2023-05-04,38.14311218261719,94.49803924560547,3.8234567642211914,5.9419264793396,4.337366580963135,3.4000000953674316
2023-05-05,38.21250915527344,93.83740234375,3.832737445831299,5.9419264793396,4.3555908203125,3.4100000858306885
2023-05-08,38.79372787475586,96.0595703125,3.897698402404785,6.142823219299316,4.3555908203125,3.4100000858306885
2023-05-09,38.57685470581055,95.6134262084961,3.8791377544403076,5.918745517730713,4.310029983520508,3.4600000381469727
2023-05-10,38.55950927734375,95.1672592163086,3.851297616958618,5.895565509796143,4.237133502960205,3.4000000953674316
2023-05-11,38.16913604736328,93.52852630615234,3.767775297164917,5.694668292999268,3.9911062717437744,3.4000000953674316
2023-05-12,37.718048095703125,92.62763214111328,3.730654239654541,5.300600051879883,3.763303518295288,3.3399999141693115
2023-05-15,38.03901290893555,93.48561096191406,3.7492146492004395,5.261965751647949,3.7086310386657715,3.3299999237060547
2023-05-16,38.2385368347168,93.32260131835938,3.767775297164917,5.277419090270996,3.7086310386657715,3.3399999141693115
2023-05-17,37.926246643066406,93.03089141845703,3.7120940685272217,5.16151762008667,3.6630699634552,3.3399999141693115
2023-05-18,38.37733459472656,94.36076354980469,3.767775297164917,5.099702835083008,3.617509365081787,3.3299999237060547
2023-05-19,38.30793380737305,93.88029479980469,3.767775297164917,5.030161380767822,3.526388168334961,3.319999933242798
2023-05-22,38.34263610839844,93.7258529663086,3.7399344444274902,4.991527080535889,3.553724765777588,3.319999933242798
2023-05-23,37.995643615722656,93.8459701538086,3.721374273300171,4.795319080352783,3.453491449356079,3.3399999141693115
2023-05-24,37.145503997802734,91.85546112060547,3.7028136253356934,4.756077766418457,3.362370491027832,3.3399999141693115
2023-05-25,36.56430435180664,90.43120574951172,3.600731134414673,4.6462016105651855,3.2074644565582275,3.259999990463257
2023-05-26,37.08478546142578,92.46461486816406,3.64713191986084,,,
2023-05-29,37.613948822021484,93.6057357788086,3.6656928062438965,4.599111557006836,3.216576337814331,3.259999990463257
2023-05-30,37.72672653198242,93.77734375,3.7028136253356934,4.552021503448486,3.2530250549316406,3.259999990463257
2023-05-31,36.45153045654297,91.80397033691406,3.600731134414673,4.3636627197265625,3.152791738510132,3.140000104904175
2023-06-01,36.49489974975586,92.1643295288086,3.582170248031616,4.44999361038208,3.0890069007873535,3.1700000762939453
2023-06-02,37.51852798461914,94.50662231445312,3.64713191986084,4.944437503814697,3.3076977729797363,3.25
2023-06-05,38.16913604736328,95.74211120605469,3.693533420562744,4.756077766418457,3.2256886959075928,3.2100000381469727
2023-06-06,37.8221435546875,95.51904296875,3.610011339187622,4.842409133911133,3.2712490558624268,3.2100000381469727
2023-06-07,37.83949661254883,95.77642059326172,3.5543301105499268,4.606959819793701,3.243912696838379,3.180000066757202
2023-06-08,38.28190994262695,97.80985260009766,3.6285715103149414,4.669746398925781,3.2712490558624268,3.2200000286102295
2023-06-09,38.79372787475586,98.3074722290039,3.610011339187622,4.740380764007568,3.3076977729797363,3.2100000381469727
2023-06-12,,,,4.818863868713379,3.216576337814331,3.2300000190734863
2023-06-13,38.42070770263672,96.84890747070312,3.6192915439605713,4.842409133911133,3.198352336883545,3.359999895095825
2023-06-14,39.81735610961914,99.65451049804688,3.6192915439605713,4.881650924682617,3.2803611755371094,3.2699999809265137
2023-06-15,40.12096405029297,101.02725982666016,3.6378519535064697,5.038617134094238,3.289473295211792,3.3399999141693115
2023-06-16,40.26844024658203,101.24176788330078,3.64713191986084,5.101403713226318,3.4626035690307617,3.4000000953674316
2023-06-19,39.990848541259766,100.06632232666016,3.6285715103149414,5.054313659667969,3.380594491958618,3.4000000953674316
2023-06-20,40.5286865234375,100.72698211669922,3.656412363052368,4.9601335525512695,3.2621371746063232,3.450000047683716
2023-06-21,40.094947814941406,99.34563446044922,3.572890043258667,4.905196189880371,3.171015977859497,3.440000057220459
2023-06-22,39.14072036743164,98.14445495605469,3.526488780975342,,,
2023-06-23,38.68962097167969,97.06340026855469,3.452247381210327,4.803167343139648,3.078298330307007,3.4000000953674316
2023-06-26,38.55950927734375,96.7287826538086,3.442967176437378,4.756077766418457,3.0690817832946777,3.0999999046325684
2023-06-27,39.132041931152344,98.35895538330078,3.4615273475646973,4.975830554962158,3.1428136825561523,3.0899999141693115
2023-06-28,39.40095520019531,99.34563446044922,3.4986484050750732,5.030768394470215,3.1612465381622314,3.190000057220459
2023-06-29,38.993247985839844,98.20451354980469,3.4708077907562256,4.897347450256348,3.078298330307007,3.119999885559082
2023-06-30,39.0279426574707,98.40185546875,3.489368200302124,4.991527080535889,3.105947732925415,3.25
2023-07-03,39.26216506958008,99.08822631835938,3.535768985748291,5.219128131866455,3.225761890411377,3.259999990463257
2023-07-04,39.210121154785156,97.93855285644531,3.535768985748291,5.250521183013916,3.2073287963867188,3.359999895095825
2023-07-05,39.036617279052734,97.93855285644531,3.572890043258667,5.234825134277344,3.271843910217285,3.299999952316284
2023-07-06,38.14311218261719,96.59151458740234,3.489368200302124,5.062161922454834,3.1520302295684814,3.2300000190734863
2023-07-07,37.475154876708984,95.87939453125,3.405845880508423,5.046464920043945,3.234978199005127,3.259999990463257
2023-07-10,37.05876159667969,94.78974914550781,3.3037631511688232,4.975830554962158,3.1612465381622314,3.319999933242798
2023-07-11,37.587928771972656,96.01667022705078,3.4244065284729004,5.070010185241699,3.1612465381622314,3.309999942779541
2023-07-12,38.229862213134766,97.59535217285156,3.4615273475646973,5.054313659667969,3.1888959407806396,3.319999933242798
2023-07-13,38.80240249633789,100.55538940429688,3.582170248031616,5.234825134277344,3.3271427154541016,3.3399999141693115
2023-07-14,39.487709045410156,102.11690521240234,3.6656928062438965,5.376094341278076,3.2902770042419434,3.3399999141693115
2023-07-17,39.26216506958008,101.11307525634766,3.656412363052368,,,
2023-07-18,38.88047409057617,100.28083038330078,3.6192915439605713,5.2583699226379395,3.234978199005127,3.190000057220459
2023-07-19,38.75035095214844,99.53438568115234,3.5543301105499268,5.203431606292725,3.2073287963867188,3.2100000381469727
2023-07-20,38.70697784423828,99.89473724365234,3.535768985748291,5.297611236572266,3.244194746017456,3.2200000286102295
2023-07-21,39.0539665222168,100.19503784179688,3.5450496673583984,5.21127986907959,3.244194746017456,3.2300000190734863
2023-07-24,38.46408462524414,98.88231658935547,3.452247381210327,5.015072345733643,3.1335971355438232,3.109999895095825
2023-07-25,39.747955322265625,102.25418853759766,3.572890043258667,5.39963960647583,3.4561731815338135,3.1700000762939453
2023-07-26,40.667484283447266,103.65269470214844,3.64713191986084,5.431032657623291,3.4285240173339844,3.1500000953674316
2023-07-27,40.06024932861328,101.07017517089844,3.610011339187622,5.407487869262695,3.410090923309326,3.1600000858306885
2023-07-28,39.7306022644043,100.05775451660156,3.572890043258667,5.587998867034912,3.4746062755584717,3.240000009536743
2023-07-31,39.912776947021484,100.44384765625,3.600731134414673,5.878386497497559,3.548337936401367,3.2799999713897705
2023-08-01,40.225067138671875,100.27225494384766,3.6192915439605713,5.901931285858154,3.539121389389038,3.119999885559082
2023-08-02,39.77397918701172,99.37137603759766,3.6378519535064697,5.729269027709961,3.493039131164551,3.130000114440918
2023-08-03,39.3055419921875,97.7068862915039,3.610011339187622,5.690027236938477,3.502255439758301,3.1600000858306885
2023-08-04,39.7306022644043,98.52198028564453,3.656412363052368,5.776358604431152,3.529904842376709,3.1700000762939453
2023-08-07,39.53108215332031,97.75836944580078,3.6285715103149414,5.807751655578613,3.529904842376709,3.180000066757202
2023-08-08,39.31421661376953,97.3465347290039,3.600731134414673,6.0275044441223145,3.566770553588867,3.0
2023-08-09,39.470359802246094,96.82315826416016,3.610011339187622,5.956870079040527,3.557554244995117,2.9000000953674316
2023-08-10,39.7132568359375,96.30401611328125,3.610011339187622,5.964717864990234,3.548337936401367,2.990000009536743
2023-08-11,39.66987991333008,95.7331314086914,3.572890043258667,5.839144706726074,3.4377403259277344,2.9200000762939453
2023-08-14,38.81974792480469,93.55498504638672,3.535768985748291,5.823448657989502,3.410090923309326,2.819999933242798
2023-08-15,38.70697784423828,93.14218139648438,3.526488780975342,5.650785446166992,3.262627601623535,2.9000000953674316
2023-08-16,37.39707946777344,91.0343017578125,3.442967176437378,5.642937183380127,3.216545343399048,2.6500000953674316
2023-08-17,37.39707946777344,92.01798248291016,3.415126085281372,5.635088920593262,3.216545343399048,2.559999942779541
2023-08-18,37.90021896362305,92.82600402832031,3.4244065284729004,5.5958476066589355,3.124380588531494,2.7200000286102295
2023-08-21,37.75274658203125,92.06189727783203,3.415126085281372,5.697875499725342,3.096731185913086,2.549999952316284
2023-08-22,37.483829498291016,92.50104522705078,3.4615273475646973,5.823448657989502,3.2073287963867188,2.4600000381469727
2023-08-23,38.195159912109375,94.71430206298828,3.480087995529175,5.737117290496826,3.225761890411377,2.490000009536743
2023-08-24,37.97829055786133,95.58382415771484,3.3965659141540527,5.831295967102051,3.3363590240478516,2.5799999237060547
2023-08-25,37.31901168823242,94.76702117919922,3.2295217514038086,5.917627811431885,3.3179261684417725,2.5299999713897705
2023-08-28,37.778770446777344,95.45207977294922,3.1831202507019043,5.901931285858154,3.3179261684417725,2.490000009536743
2023-08-29,38.247215270996094,96.50601959228516,3.164559841156006,6.043201446533203,3.364008903503418,2.549999952316284
2023-08-30,38.80240249633789,98.56999969482422,3.164559841156006,6.231560707092285,3.4285240173339844,2.5799999237060547
2023-08-31,38.906490325927734,99.15843963623047,3.1552798748016357,6.137381553649902,3.493039131164551,2.559999942779541
2023-09-01,38.811073303222656,100.32656860351562,3.1552798748016357,,,
2023-09-04,39.843379974365234,102.86480712890625,3.2759227752685547,6.529796600341797,3.9907279014587402,2.640000104904175
2023-09-05,39.990848541259766,103.04046630859375,3.2295217514038086,6.3649821281433105,3.9815118312835693,2.6700000762939453
2023-09-06,39.990848541259766,101.86356353759766,3.1924004554748535,6.3021955490112305,4.046026229858398,2.619999885559082
2023-09-07,38.97492599487305,99.33409881591797,3.0810375213623047,6.231560707092285,4.046026229858398,2.6500000953674316
2023-09-08,38.511253356933594,97.63900756835938,3.043916940689087,,,
2023-09-11,38.93033981323242,98.71929931640625,3.053197145462036,6.2080159187316895,4.027594089508057,2.690000057220459
2023-09-12,39.40292739868164,100.22116088867188,3.0253562927246094,6.0902910232543945,3.9907279014587402,2.6600000858306885
2023-09-13,39.055171966552734,99.58880615234375,3.0253562927246094,6.082442283630371,4.046026229858398,2.619999885559082
2023-09-14,39.358341217041016,101.3980712890625,3.062887668609619,6.184471130371094,4.221139907836914,2.630000114440918
2023-09-15,40.73151779174805,104.43694305419922,3.1665546894073486,6.34928560256958,4.248789310455322,2.680000066757202
2023-09-18,40.80284881591797,104.78824615478516,3.1948275566101074,6.239408493041992,4.175057411193848,2.6700000762939453
2023-09-19,40.2143440246582,104.11198425292969,3.204252004623413,6.310043811798096,4.267221927642822,2.6700000762939453
2023-09-20,39.804176330566406,102.7857666015625,3.13828182220459,6.325740337371826,4.258005142211914,2.700000047683716
2023-09-21,39.32267379760742,101.79329681396484,3.185403347015381,6.0902910232543945,4.211923122406006,2.6500000953674316
2023-09-22,39.536678314208984,100.62519073486328,3.157130479812622,6.105988025665283,4.221139907836914,2.690000057220459
2023-09-25,39.36725997924805,99.40436553955078,3.13828182220459,5.996110916137695,4.1289753913879395,2.7100000381469727
2023-09-26,38.60933303833008,97.4018783569336,3.110008955001831,5.972567081451416,4.092109680175781,2.740000009536743
2023-09-27,38.77875518798828,97.53362274169922,3.0723118782043457,5.768509864807129,3.944646120071411,2.7200000286102295
2023-09-28,38.99275207519531,98.71929931640625,3.0817363262176514,5.799903392791748,3.953862190246582,2.619999885559082
2023-09-29,39.456424713134766,99.72933197021484,3.1948275566101074,6.019656658172607,4.036810398101807,2.6700000762939453
2023-10-02,39.76850891113281,100.86231994628906,3.2890701293945312,,,
2023-10-03,39.090843200683594,99.07061767578125,3.2136759757995605,5.854841232299805,3.9077799320220947,2.609999895095825
2023-10-04,38.98384475708008,99.79080963134766,3.1477062702178955,5.737117290496826,3.8801302909851074,2.609999895095825
2023-10-05,38.725257873535156,98.28894805908203,3.175978899002075,5.737117290496826,3.8709142208099365,2.5999999046325684
2023-10-06,39.20676040649414,99.41314697265625,3.175978899002075,5.729269027709961,3.926213264465332,2.6700000762939453
2023-10-09,39.26025390625,99.42192840576172,3.175978899002075,5.7214202880859375,3.963078737258911,2.700000047683716
2023-10-10,39.36725997924805,98.54363250732422,3.2325243949890137,5.587998867034912,3.953862190246582,2.700000047683716
2023-10-11,39.884429931640625,99.94011688232422,3.2325243949890137,5.431032657623291,3.8616979122161865,2.690000057220459
2023-10-12,39.982513427734375,100.87110137939453,3.270221710205078,5.39963960647583,3.944646120071411,2.7200000286102295
2023-10-13,40.13409423828125,100.77449035644531,3.298494577407837,5.234825134277344,3.806398868560791,2.7200000286102295
2023-10-16,40.285682678222656,101.63520812988281,3.298494577407837,5.101403713226318,3.778749465942383,2.75
2023-10-17,40.63343048095703,102.85602569580078,3.2607977390289307,5.046464920043945,3.7234506607055664,2.700000047683716
2023-10-18,40.909854888916016,103.11952209472656,3.298494577407837,5.140645503997803,3.7234506607055664,2.700000047683716
2023-10-19,40.330265045166016,101.41564178466797,3.1948275566101074,5.030768394470215,3.5852038860321045,2.700000047683716
2023-10-20,39.61692428588867,100.66909790039062,3.175978899002075,5.101403713226318,3.548337936401367,2.75
2023-10-23,38.662841796875,98.23623657226562,3.0817363262176514,,,
2023-10-24,38.867923736572266,99.77323150634766,3.0346150398254395,5.297611236572266,3.548337936401367,2.7699999809265137
2023-10-25,39.875511169433594,102.1182632446289,3.062887668609619,5.548757553100586,3.686584949493408,2.8499999046325684
2023-10-26,40.06276321411133,103.34786987304688,3.0534636974334717,5.5958476066589355,3.686584949493408,2.9000000953674316
2023-10-27,40.17868423461914,103.40056610107422,3.13828182220459,5.7135725021362305,3.705017566680908,2.9200000762939453
2023-10-30,40.2232666015625,103.90119171142578,3.13828182220459,5.831295967102051,3.787966012954712,2.9200000762939453
2023-10-31,39.679344177246094,103.26882934570312,3.128857374191284,5.744965076446533,3.8616979122161865,2.9000000953674316
2023-11-01,40.29459762573242,105.78072357177734,3.128857374191284,5.744965076446533,4.00916051864624,2.880000114440918
2023-11-02,40.46401596069336,106.94004821777344,3.128857374191284,5.705723285675049,3.953862190246582,2.859999895095825
2023-11-03,40.571014404296875,107.67781829833984,3.128857374191284,5.650785446166992,3.852480888366699,2.9000000953674316
2023-11-06,40.517513275146484,106.7116928100586,3.0817363262176514,5.485971450805664,3.778749465942383,2.809999942779541
2023-11-07,40.62451934814453,106.98397064208984,3.062887668609619,5.635088920593262,3.787966012954712,2.8499999046325684
2023-11-08,39.8576774597168,104.84095001220703,2.93094801902771,5.485971450805664,3.6773681640625,2.809999942779541
2023-11-09,40.08059310913086,105.49966430664062,3.0157663822174072,5.5330610275268555,3.6405022144317627,2.799999952316284
2023-11-10,40.365928649902344,105.76315307617188,2.9686450958251953,5.5409088134765625,3.6405022144317627,2.7200000286102295
2023-11-13,40.481849670410156,105.50845336914062,2.883826494216919,5.556605815887451,3.686584949493408,2.680000066757202
2023-11-14,41.03468322753906,107.58120727539062,2.9874935150146484,5.619392395019531,3.705017566680908,2.680000066757202
2023-11-15,41.76585006713867,107.58120727539062,2.9874935150146484,5.752813339233398,3.843264579772949,2.7200000286102295
2023-11-16,41.51618576049805,109.93501281738281,2.9874935150146484,5.7445831298828125,3.806398868560791,2.7899999618530273
2023-11-17,41.560768127441406,110.33023834228516,2.9874935150146484,5.604672431945801,3.6773681640625,2.7200000286102295
2023-11-20,41.67668914794922,109.78569793701172,3.0063419342041016,5.588212013244629,3.695801258087158,2.6600000858306885
2023-11-21,42.26519012451172,111.86723327636719,3.0534636974334717,5.538832187652588,3.7511003017425537,2.7200000286102295
2023-11-22,42.65752410888672,112.20977020263672,3.0534636974334717,5.547061920166016,3.6773681640625,2.7300000190734863
2023-11-23,42.042274475097656,111.1031265258789,2.9592208862304688,5.431840896606445,3.6773681640625,2.75
2023-11-24,42.09577178955078,111.36662292480469,2.9592208862304688,5.300159931182861,3.6405022144317627,2.759999990463257
2023-11-27,41.48052215576172,109.95257568359375,2.9120993614196777,5.300159931182861,3.649718999862671,2.7200000286102295
2023-11-28,41.4002685546875,109.6802978515625,2.9215235710144043,5.201399326324463,3.5852038860321045,2.7100000381469727
2023-11-29,41.18626403808594,109.41681671142578,2.883826494216919,5.086177825927734,3.51147198677063,2.680000066757202
2023-11-30,41.28434753417969,109.82083129882812,2.902675151824951,5.242548942565918,3.557554244995117,2.619999885559082
2023-12-01,41.32001876831055,109.7066650390625,2.9120993614196777,5.045028209686279,3.52068829536438,2.609999895095825
2023-12-04,42.033355712890625,111.47200775146484,2.9403722286224365,4.946267604827881,3.4838225841522217,2.6500000953674316
2023-12-05,41.48052215576172,110.31266784667969,2.883826494216919,4.847506046295166,3.382441520690918,2.549999952316284
2023-12-06,42.11360549926758,111.05921936035156,2.9403722286224365,4.88042688369751,3.4285240173339844,2.5
2023-12-07,42.283023834228516,112.20977020263672,2.949796438217163,4.740516185760498,3.364008903503418,2.490000009536743
2023-12-08,42.568359375,113.20223236083984,2.949796438217163,4.658215045928955,3.2810604572296143,2.5999999046325684
2023-12-11,42.3900260925293,113.21100616455078,2.9120993614196777,4.567684173583984,3.271843910217285,2.5299999713897705
2023-12-12,42.40785598754883,112.88604736328125,2.8744020462036133,4.773436546325684,3.3087098598480225,2.5199999809265137
2023-12-13,42.68428039550781,113.73799133300781,2.8649778366088867,4.608835220336914,3.1520302295684814,2.5899999141693115
2023-12-14,43.023109436035156,114.21224975585938,2.978069305419922,4.71582555770874,3.1796796321868896,2.5799999237060547
2023-12-15,44.05744552612305,116.68902587890625,3.0534636974334717,4.9627275466918945,3.2994935512542725,2.5999999046325684
2023-12-18,43.995033264160156,117.04034423828125,3.062887668609619,4.888657093048096,3.225761890411377,2.5899999141693115
2023-12-19,44.24470138549805,117.90106964111328,3.062887668609619,4.921576976776123,3.234978199005127,2.5399999618530273
2023-12-20,44.40519332885742,118.01522827148438,3.0817363262176514,5.069717884063721,3.2902770042419434,2.549999952316284
2023-12-21,44.35169982910156,118.04158782958984,3.062887668609619,5.102638244628906,3.2994935512542725,2.559999942779541
2023-12-22,44.34278106689453,118.04158782958984,3.0534636974334717,5.176709175109863,3.400874614715576,2.7200000286102295
2023-12-27,44.815364837646484,118.6739501953125,3.1194329261779785,5.135558605194092,3.4469566345214844,2.6700000762939453
2023-12-28,45.22553634643555,119.70153045654297,3.1477062702178955,5.267240047454834,3.557554244995117,2.7200000286102295
2023-12-29,44.949119567871094,119.14822387695312,3.13828182220459,5.259009838104248,3.5944201946258545,2.700000047683716
2024-01-02,45.065040588378906,119.94747161865234,3.175978899002075,5.201399326324463,3.649718999862671,2.5299999713897705
2024-01-03,44.37845230102539,118.32262420654297,3.1477062702178955,5.102638244628906,3.6128532886505127,2.549999952316284
2024-01-04,44.20903015136719,118.12940216064453,3.091160535812378,4.970957279205322,3.566770553588867,2.619999885559082
2024-01-05,43.75428009033203,116.2498779296875,3.0817363262176514,4.896886825561523,3.502255439758301,2.549999952316284
2024-01-08,43.38869094848633,115.51213073730469,3.0817363262176514,4.773436546325684,3.4746062755584717,2.5199999809265137
2024-01-09,43.66511154174805,115.84586334228516,3.175978899002075,4.7569756507873535,3.4561731815338135,2.5199999809265137
2024-01-10,42.675357818603516,113.21100616455078,3.185403347015381,4.814586162567139,3.4469566345214844,2.5199999809265137
2024-01-11,42.63077163696289,112.77186584472656,3.3456153869628906,4.822816371917725,3.4285240173339844,2.5
2024-01-12,42.54160690307617,113.43058013916016,3.3550398349761963,4.938037395477295,3.529904842376709,2.509999990463257
2024-01-15,42.149269104003906,112.95630645751953,3.3409037590026855,4.946267604827881,3.502255439758301,2.509999990463257
2024-01-16,41.462684631347656,111.24365997314453,3.2136759757995605,4.8392767906188965,3.400874614715576,2.509999990463257
2024-01-17,41.52510452270508,111.13825988769531,3.1005847454071045,4.551224231719971,3.1888959407806396,2.509999990463257
2024-01-18,40.77609634399414,111.41930389404297,3.025190591812134,4.641754627227783,3.2073287963867188,2.509999990463257
2024-01-19,40.77609634399414,112.4205551147461,3.0534636974334717,4.551224231719971,3.124380588531494,2.5199999809265137
2024-01-22,40.883094787597656,112.4468994140625,2.9686450958251953,4.345473289489746,2.949267625808716,2.4100000858306885
2024-01-23,41.28434753417969,112.24490356445312,3.091160535812378,4.460693836212158,2.976917266845703,2.490000009536743
2024-01-24,41.783687591552734,113.31641387939453,3.1477062702178955,4.691135406494141,3.234978199005127,2.430000066757202
2024-01-25,42.3900260925293,116.48703002929688,3.157130479812622,4.85573673248291,3.548337936401367,2.5199999809265137
2024-01-26,,,,4.789896488189697,3.5852038860321045,2.4800000190734863
2024-01-29,41.7926025390625,115.7756118774414,3.1665546894073486,4.814586162567139,3.622069835662842,2.490000009536743
2024-01-30,41.953102111816406,116.33772277832031,3.1477062702178955,4.7569756507873535,3.5944201946258545,2.430000066757202
2024-01-31,42.149269104003906,116.74171447753906,3.157130479812622,4.707595348358154,3.502255439758301,2.430000066757202
2024-02-01,42.0066032409668,116.18839263916016,3.1005847454071045,4.691135406494141,3.4377403259277344,2.430000066757202
2024-02-02,42.45244216918945,115.93370056152344,3.1477062702178955,4.658215045928955,3.4193074703216553,2.450000047683716
2024-02-05,41.4181022644043,113.40422821044922,3.044039249420166,4.559453964233398,3.3179261684417725,2.4100000858306885
2024-02-06,40.98118591308594,112.78065490722656,2.9592208862304688,4.71582555770874,3.502255439758301,2.4800000190734863
2024-02-07,41.409183502197266,113.83458709716797,3.0346150398254395,4.7652058601379395,3.52068829536438,2.450000047683716
2024-02-08,41.39134979248047,113.54476165771484,2.996917724609375,4.781666278839111,3.51147198677063,2.5
2024-02-09,41.28434753417969,114.06293487548828,2.9592208862304688,4.641754627227783,3.410090923309326,2.440000057220459
2024-02-12,41.07926559448242,113.23735809326172,2.9120993614196777,,,
2024-02-13,41.30218505859375,113.29883575439453,2.902675151824951,,,
2024-02-14,40.97227096557617,112.6489028930664,2.902675151824951,4.617064952850342,3.4193074703216553,2.4200000762939453
2024-02-15,40.276763916015625,111.88479614257812,2.770735263824463,4.551224231719971,3.4193074703216553,2.430000066757202
2024-02-16,40.669097900390625,113.26371002197266,2.7141900062561035,4.7652058601379395,3.5759873390197754,2.450000047683716
2024-02-19,41.05251693725586,115.02027893066406,2.770735263824463,4.896886825561523,3.6036367416381836,2.430000066757202
2024-02-20,40.606685638427734,112.45568084716797,2.67649245262146,4.979187965393066,3.5944201946258545,2.430000066757202
2024-02-21,39.65259552001953,110.48833465576172,2.6859171390533447,5.069717884063721,3.7234506607055664,2.430000066757202
2024-02-22,39.501007080078125,109.22359466552734,2.695341110229492,5.184939384460449,3.797182559967041,2.390000104904175
2024-02-23,39.72392654418945,109.25872802734375,2.72361421585083,5.160248756408691,3.843264579772949,2.4100000858306885
2024-02-26,39.20676040649414,107.6602554321289,2.7330384254455566,5.045028209686279,3.66815185546875,2.390000104904175
2024-02-27,39.26918029785156,108.14330291748047,2.6670684814453125,5.094408988952637,3.7511003017425537,2.390000104904175
2024-02-28,39.188926696777344,108.36287689208984,2.657644033432007,4.979187965393066,3.6312859058380127,2.380000114440918
2024-02-29,39.17108917236328,108.71419525146484,2.7801599502563477,5.012107849121094,3.6128532886505127,2.369999885559082
2024-03-01,40.0538444519043,109.67152404785156,2.8461294174194336,5.135558605194092,3.7326672077178955,2.369999885559082
2024-03-04,39.438594818115234,108.38922119140625,2.7801599502563477,5.152019023895264,3.7418835163116455,2.359999895095825
2024-03-05,39.795265197753906,109.58368682861328,2.770735263824463,5.045028209686279,3.695801258087158,2.3399999141693115
2024-03-06,39.545597076416016,108.59123229980469,2.7518866062164307,5.349540710449219,3.787966012954712,2.3299999237060547
2024-03-07,40.09981918334961,109.41470336914062,2.776489019393921,5.522371768951416,3.972294807434082,2.3499999046325684
2024-03-08,40.182106018066406,108.75251007080078,2.8237080574035645,5.802194118499756,4.1289753913879395,2.3399999141693115
2024-03-11,39.14897918701172,104.85196685791016,2.757601261138916,5.728123188018799,4.027594089508057,2.4000000953674316
2024-03-12,38.87469482421875,104.63426208496094,2.7292699813842773,5.728123188018799,3.9907279014587402,2.440000057220459
2024-03-13,38.35356903076172,106.08563232421875,2.7103822231292725,5.8186540603637695,4.00916051864624,2.3499999046325684
2024-03-14,39.368408203125,108.11754608154297,2.8520398139953613,5.851574420928955,4.027594089508057,2.4000000953674316
2024-03-15,38.77412796020508,106.08563232421875,2.8331520557403564,5.884494304656982,4.184273719787598,2.4000000953674316
2024-03-18,38.77412796020508,106.56639862060547,2.9653661251068115,5.942104816436768,4.1474080085754395,2.3399999141693115
2024-03-19,39.852970123291016,109.20606231689453,2.9464781284332275,5.868034362792969,4.073676586151123,2.4000000953674316
2024-03-20,40.054107666015625,110.03153228759766,2.8237080574035645,5.925644397735596,4.055243492126465,2.4000000953674316
2024-03-21,40.364959716796875,109.88639068603516,2.8142642974853516,6.271306991577148,4.405468940734863,2.4000000953674316
2024-03-22,40.035823822021484,109.36026763916016,2.748157501220703,6.082015514373779,4.414685249328613,2.319999933242798
2024-03-25,40.118106842041016,110.3218002319336,2.795376777648926,6.896791934967041,4.580580711364746,2.299999952316284
2024-03-26,39.880393981933594,110.13130950927734,2.7292699813842773,6.896791934967041,4.5713653564453125,2.299999952316284
2024-03-27,39.93525695800781,109.6958999633789,2.767045259475708,6.970862865447998,4.543715476989746,2.299999952316284
2024-03-28,40.47467041015625,110.44879150390625,2.8331520557403564,7.24245548248291,4.580580711364746,2.2799999713897705
2024-04-02,41.26094055175781,111.2016830444336,2.899258852005005,7.365905284881592,4.589798450469971,2.299999952316284
2024-04-03,41.01408767700195,111.62802124023438,2.8614838123321533,7.752718448638916,4.79256010055542,2.390000104904175
2024-04-04,40.913516998291016,110.49414825439453,2.993697166442871,,,
2024-04-05,40.54780960083008,109.35120391845703,3.0409164428710938,7.7115678787231445,4.6082305908203125,2.440000057220459
2024-04-08,40.45638656616211,110.44879150390625,3.022028923034668,8.04900074005127,4.709611892700195,2.930000066757202
2024-04-09,41.26094055175781,113.71436309814453,3.0692481994628906,7.942009925842285,4.700395584106445,2.7300000190734863
2024-04-10,41.562652587890625,115.88233947753906,3.144798517227173,8.024311065673828,4.7372612953186035,2.799999952316284
2024-04-11,42.001495361328125,116.32682800292969,3.154242515563965,8.295902252197266,4.79256010055542,2.740000009536743
2024-04-12,41.61750030517578,116.0184097290039,3.1070234775543213,8.427583694458008,4.801775932312012,2.7200000286102295
2024-04-15,41.846073150634766,120.23643493652344,3.248680830001831,8.460503578186035,4.8478593826293945,2.630000114440918
2024-04-16,41.11465835571289,116.74407958984375,3.0975797176361084,8.139532089233398,4.6082305908203125,2.5299999713897705
2024-04-17,40.63009262084961,116.76222229003906,3.0692481994628906,8.197142601013184,4.700395584106445,2.549999952316284
2024-04-18,41.224369049072266,118.72157287597656,3.1070234775543213,8.040770530700684,4.681962490081787,2.630000114440918
2024-04-19,40.803802490234375,117.48790740966797,3.012584924697876,8.024311065673828,4.654313087463379,2.549999952316284
2024-04-22,41.52607345581055,117.7237548828125,3.1825740337371826,8.03254222869873,4.552932262420654,2.559999942779541
2024-04-23,41.599220275878906,117.53327178955078,3.13535475730896,7.983160495758057,4.387035846710205,2.569999933242798
2024-04-24,41.35236740112305,117.36091613769531,3.125911235809326,8.542805671691895,4.552932262420654,2.549999952316284
2024-04-25,,,,8.872007369995117,4.820209503173828,2.549999952316284
2024-04-26,39.45069122314453,118.6943588256836,3.1825740337371826,9.102448463439941,4.8662919998168945,2.690000057220459
2024-04-29,39.2861213684082,118.81227111816406,3.3147878646850586,8.80616569519043,4.810993194580078,2.6600000858306885
2024-04-30,39.340972900390625,118.36780548095703,3.39033842086792,8.9707670211792,4.820209503173828,2.5999999046325684
2024-05-01,38.69184112548828,117.3064956665039,3.3053441047668457,,,
2024-05-02,38.7467041015625,117.10692596435547,3.3525633811950684,9.234129905700684,4.8662919998168945,2.5899999141693115
2024-05-03,38.77412796020508,117.23392486572266,3.380894422531128,9.217670440673828,4.857075214385986,2.630000114440918
2024-05-06,39.08498001098633,117.6330337524414,3.418670177459717,9.481032371520996,4.8847246170043945,2.609999895095825
2024-05-07,39.697540283203125,119.4744644165039,3.4470016956329346,9.415190696716309,5.096704006195068,2.5999999046325684
2024-05-08,39.660972595214844,118.104736328125,3.4470016956329346,9.151829719543457,4.976889610290527,2.559999942779541
2024-05-09,39.368408203125,118.13195037841797,3.418670177459717,9.546873092651367,5.08748722076416,2.569999933242798
2024-05-10,39.231266021728516,117.94145965576172,3.4470016956329346,9.612711906433105,5.115137100219727,2.549999952316284
2024-05-13,39.5421142578125,117.05249786376953,3.409226179122925,9.727933883666992,5.10591983795166,2.509999990463257
2024-05-14,39.45069122314453,116.21795654296875,3.418670177459717,9.71147346496582,5.115137100219727,2.5899999141693115
2024-05-15,40.31010055541992,117.45162963867188,3.4658894538879395,,,
2024-05-16,40.721519470214844,118.27709197998047,3.541440010070801,9.810234069824219,5.07827091217041,2.549999952316284
2024-05-17,41.04151916503906,119.87358093261719,3.5508837699890137,9.793773651123047,5.059837341308594,2.5299999713897705
2024-05-20,41.800357818603516,123.24800872802734,3.6736538410186768,10.139435768127441,5.327115058898926,2.569999933242798
2024-05-21,42.092926025390625,121.63335418701172,3.6830978393554688,9.974834442138672,5.244167327880859,2.6500000953674316
2024-05-22,42.27578353881836,123.5201416015625,3.6830978393554688,9.983266830444336,5.188868045806885,2.7899999618530273
2024-05-23,41.0598030090332,121.0981674194336,3.635878086090088,9.629130363464355,5.050621032714844,2.7300000190734863
2024-05-24,40.812950134277344,120.19107055664062,3.635878086090088,9.898948669433594,5.059837341308594,2.690000057220459
2024-05-27,41.27922821044922,119.45633697509766,3.664210081100464,10.320539474487305,5.483794689178467,2.6600000858306885
2024-05-28,41.21522903442383,119.392822265625,3.6925418376922607,10.45544719696045,5.566742897033691,2.759999990463257
2024-05-29,41.21522903442383,117.61489868164062,3.7303168773651123,10.758993148803711,5.60360860824585,2.7100000381469727
2024-05-30,40.50209426879883,115.80070495605469,3.7208728790283203,10.826448440551758,5.502227783203125,2.7699999809265137
2024-05-31,40.694091796875,116.97993469238281,3.749204635620117,10.877038955688477,5.382413864135742,2.75
2024-06-03,40.9683723449707,116.58081817626953,3.7397608757019043,11.011948585510254,5.308682441711426,2.700000047683716
2024-06-04,40.48381042480469,115.62834930419922,3.7397608757019043,11.281765937805176,5.5390944480896,2.680000066757202
2024-06-05,40.136390686035156,113.93206787109375,3.635878086090088,10.809584617614746,5.142785549163818,2.7699999809265137
2024-06-06,40.27352523803711,112.94332885742188,3.654766082763672,10.860176086425781,5.244167327880859,2.700000047683716
2024-06-07,40.71237564086914,113.66900634765625,3.654766082763672,10.860176086425781,5.244167327880859,2.6700000762939453
2024-06-11,39.990108489990234,111.4919662475586,3.4658894538879395,10.135040283203125,4.976889610290527,2.5899999141693115
2024-06-12,39.77068328857422,109.79568481445312,3.4375579357147217,10.168766975402832,5.115137100219727,2.619999885559082
2024-06-13,39.496402740478516,109.41470336914062,3.4375579357147217,9.9326753616333,4.995322227478027,2.609999895095825
2024-06-14,39.39582824707031,109.0337142944336,3.4564454555511475,10.033858299255371,5.096704006195068,2.569999933242798
2024-06-17,38.89298629760742,107.1832275390625,3.418670177459717,9.949540138244629,5.0137553215026855,2.450000047683716
2024-06-18,39.13069534301758,108.18103790283203,3.4375579357147217,10.387993812561035,5.096704006195068,2.4200000762939453
2024-06-19,39.07583999633789,108.13568115234375,3.4564454555511475,10.489174842834473,5.170435428619385,2.4000000953674316
2024-06-20,39.08498001098633,108.55294799804688,3.4942209720611572,10.624085426330566,5.179651260375977,2.4000000953674316
2024-06-21,39.11240768432617,109.0790786743164,3.513108730316162,10.303675651550293,5.0321879386901855,2.4600000381469727
2024-06-24,38.79241180419922,107.93612670898438,3.4375579357147217,10.43858528137207,5.041405200958252,2.4000000953674316
2024-06-25,39.606109619140625,110.16758728027344,3.531996250152588,10.387993812561035,5.050621032714844,2.4100000858306885
2024-06-26,39.62439727783203,109.73218536376953,3.4753332138061523,10.15190315246582,4.949239730834961,2.4000000953674316
2024-06-27,39.45069122314453,110.24923706054688,3.503664970397949,9.848359107971191,4.862759590148926,2.380000114440918
2024-06-28,39.0209846496582,107.9451904296875,3.4564454555511475,9.966403007507324,4.993932247161865,2.380000114440918
2024-07-01,39.587825775146484,109.46004486083984,3.503664970397949,,,
2024-07-02,39.4598274230957,108.51665496826172,3.522552490234375,9.831494331359863,5.059518814086914,2.430000066757202
2024-07-03,39.90782165527344,109.85918426513672,3.5697712898254395,9.831494331359863,4.993932247161865,2.440000057220459
2024-07-04,40.93180465698242,112.72561645507812,3.635878086090088,9.9326753616333,5.134474754333496,2.490000009536743
2024-07-05,40.58438491821289,111.45568084716797,3.6075470447540283,9.915812492370605,5.18132209777832,2.5
2024-07-08,39.75239562988281,108.76158905029297,3.4942209720611572,9.865221977233887,5.200060844421387,2.4800000190734863
2024-07-09,39.990108489990234,109.39656066894531,3.513108730316162,10.354266166687012,5.368711471557617,2.430000066757202
2024-07-10,39.46897506713867,108.28081512451172,3.4375579357147217,9.645994186401367,4.90960693359375,2.430000066757202
2024-07-11,39.825538635253906,108.50759887695312,3.418670177459717,9.730313301086426,4.965824127197266,2.4000000953674316
2024-07-12,39.679256439208984,108.69808959960938,3.418670177459717,9.426767349243164,5.153213977813721,2.4800000190734863
2024-07-15,39.92610549926758,108.7071533203125,3.418670177459717,9.055768013000488,5.162583351135254,2.4200000762939453
2024-07-16,39.38669204711914,105.9586410522461,3.3714511394500732,8.971449851989746,4.862759590148926,2.430000066757202
2024-07-17,39.039268493652344,105.64115142822266,3.3525633811950684,8.549859046936035,4.497350215911865,2.4700000286102295
2024-07-18,39.0026969909668,105.1694564819336,3.2959001064300537,8.85340404510498,4.469241142272949,2.5
2024-07-19,38.17985534667969,103.40060424804688,3.229793071746826,8.330631256103516,4.356808185577393,2.440000057220459
2024-07-22,38.07014465332031,103.81787109375,2.8237080574035645,8.389655113220215,4.403655052185059,2.430000066757202
2024-07-23,37.905574798583984,103.23731994628906,2.8142642974853516,8.161995887756348,4.103831768035889,2.440000057220459
2024-07-24,37.99699783325195,103.79973602294922,2.795376777648926,8.153563499450684,4.178787708282471,2.4000000953674316
2024-07-25,37.658721923828125,102.33021545410156,2.748157501220703,7.951199531555176,4.019506454467773,2.4200000762939453
2024-07-26,38.49070358276367,105.14225006103516,2.8142642974853516,8.128268241882324,4.085093021392822,2.490000009536743
2024-07-29,38.46327590942383,105.10597229003906,2.8520398139953613,8.128268241882324,4.094461917877197,2.4100000858306885
2024-07-30,37.97871398925781,104.00836944580078,2.8425958156585693,7.833155155181885,3.963289499282837,2.380000114440918
2024-07-31,38.67355728149414,106.56639862060547,2.899258852005005,8.212586402893066,4.103831768035889,2.450000047683716
2024-08-01,38.84727478027344,108.58016204833984,2.9653661251068115,8.347495079040527,4.150679111480713,2.4000000953674316
2024-08-02,38.3809928894043,107.71841430664062,2.8520398139953613,8.043950080871582,4.010137557983398,2.390000104904175
2024-08-05,37.58557891845703,107.65491485595703,2.6820507049560547,7.748836994171143,3.860225200653076,2.309999942779541
2024-08-06,37.72272491455078,107.30115509033203,2.7009382247924805,7.656086444854736,3.850856304168701,2.3499999046325684
2024-08-07,37.5032958984375,105.81350708007812,2.7198262214660645,8.035517692565918,3.9445507526397705,2.3499999046325684
2024-08-08,36.76273727416992,103.55481719970703,2.6726067066192627,7.9174723625183105,3.9070727825164795,2.4000000953674316
2024-08-09,37.35701370239258,105.65022277832031,2.776489019393921,8.254744529724121,4.010137557983398,2.390000104904175
2024-08-12,37.15587615966797,104.20792388916016,2.767045259475708,8.364358901977539,4.056983947753906,2.390000104904175
2024-08-13,37.256446838378906,104.69776153564453,2.795376777648926,8.38122272491455,4.056983947753906,2.380000114440918
2024-08-14,36.22332000732422,101.98553466796875,2.748157501220703,8.305336952209473,3.9820287227630615,2.4000000953674316
2024-08-15,35.84846878051758,100.6732406616211,2.757601261138916,8.516131401062012,4.03824520111084,2.369999885559082
2024-08-16,36.57987976074219,102.2427749633789,2.8142642974853516,8.701630592346191,4.150679111480713,2.380000114440918
2024-08-19,36.32389450073242,101.99201965332031,2.795376777648926,8.735358238220215,4.300590991973877,2.390000104904175
2024-08-20,36.79930877685547,102.59569549560547,2.8425958156585693,8.887131690979004,4.394286155700684,2.380000114440918
2024-08-21,37.37529754638672,103.95161437988281,2.8425958156585693,9.055768013000488,4.478610992431641,2.380000114440918
2024-08-22,37.43015670776367,104.17451477050781,2.870927572250366,8.920857429504395,4.50671911239624,2.3399999141693115
2024-08-23,37.18329620361328,102.837158203125,2.8614838123321533,8.735358238220215,4.431763648986816,2.3499999046325684
2024-08-26,37.33872985839844,103.10647583007812,2.9181466102600098,8.937722206115723,4.619153022766113,2.380000114440918
2024-08-27,37.80500411987305,103.90518188476562,2.9275903701782227,8.920857429504395,4.656630992889404,2.4100000858306885
2024-08-28,37.26558303833008,102.98574829101562,2.9087026119232178,8.701630592346191,4.591044902801514,2.380000114440918
2024-08-29,37.05530548095703,102.14990234375,2.9275903701782227,8.78594970703125,4.534828186035156,2.4000000953674316
2024-08-30,37.27472686767578,103.59870910644531,2.9653661251068115,9.022040367126465,4.581675052642822,2.390000104904175
2024-09-02,36.87245178222656,102.10346984863281,2.9275903701782227,8.802812576293945,4.553566932678223,2.3499999046325684
2024-09-03,36.23246383666992,100.41320037841797,2.9275903701782227,8.651041030883789,4.553566932678223,2.3399999141693115
2024-09-04,35.32733917236328,98.1471176147461,2.8331520557403564,8.355927467346191,4.384916305541992,2.3399999141693115
2024-09-05,35.574188232421875,99.45660400390625,2.870927572250366,8.43181324005127,4.347438335418701,2.3499999046325684
2024-09-06,35.153629302978516,99.3916015625,2.8142642974853516,,,
2024-09-09,35.437049865722656,99.21514892578125,2.8048202991485596,8.212586402893066,4.20689582824707,2.319999933242798
2024-09-10,35.345619201660156,99.47518920898438,2.8237080574035645,8.128268241882324,4.20689582824707,2.319999933242798
2024-09-11,35.96732711791992,100.62680053710938,2.8425958156585693,8.001791000366211,4.160048484802246,2.299999952316284
2024-09-12,36.51298522949219,102.53996276855469,2.9087026119232178,8.229450225830078,4.272482395172119,2.299999952316284
2024-09-13,37.2562255859375,103.47796630859375,3.012584924697876,8.423380851745605,4.30996036529541,2.2699999809265137
2024-09-16,37.20918273925781,102.91144561767578,2.993697166442871,8.516131401062012,4.375546932220459,2.2799999713897705
2024-09-17,37.20918273925781,102.8557357788086,3.0503604412078857,8.465540885925293,4.41302490234375,2.3299999237060547
2024-09-18,36.870487213134766,101.917724609375,3.022028923034668,,,
2024-09-19,37.811302185058594,105.51187133789062,3.0660593509674072,8.988313674926758,4.6941094398498535,2.3499999046325684
2024-09-20,37.95242691040039,104.96392059326172,3.0660593509674072,9.291857719421387,4.759695529937744,2.3299999237060547
2024-09-23,37.45379638671875,104.3323974609375,3.0660593509674072,9.10635757446289,4.684739589691162,2.2799999713897705
2024-09-24,38.68626022338867,108.14942932128906,3.190617799758911,9.629130363464355,4.890867710113525,2.359999895095825
2024-09-25,40.17274856567383,112.23580169677734,3.2864322662353516,9.460494995117188,4.937715530395508,2.4000000953674316
2024-09-26,40.7936897277832,114.4368667602539,3.382246732711792,10.050722122192383,5.20943021774292,2.450000047683716
2024-09-27,42.09200668334961,118.36534118652344,3.545131206512451,10.809584617614746,5.546731948852539,2.4800000190734863
2024-09-30,43.23979949951172,119.92560577392578,3.61220121383667,10.927630424499512,5.790338039398193,2.549999952316284
2024-10-01,41.997928619384766,116.77723693847656,3.5163869857788086,,,
2024-10-02,42.393070220947266,116.98155975341797,3.5738754272460938,11.298629760742188,5.818446636199951,2.569999933242798
2024-10-03,42.684722900390625,117.05585479736328,3.5834567546844482,11.248038291931152,5.771599292755127,2.5299999713897705
2024-10-04,41.94147872924805,114.86407470703125,3.525968313217163,11.551584243774414,5.949619293212891,2.4800000190734863
2024-10-07,42.20490646362305,112.53299713134766,3.545131206512451,11.500993728637695,6.0245747566223145,2.700000047683716
2024-10-08,41.19823455810547,112.3658218383789,3.4493165016174316,10.758993148803711,5.537362098693848,2.5
2024-10-09,40.71841812133789,109.81184387207031,3.382246732711792,10.37113094329834,5.321864128112793,2.4800000190734863
2024-10-10,41.301727294921875,111.3256607055664,3.4588980674743652,11.045676231384277,5.687273979187012,2.490000009536743
2024-10-11,40.85954666137695,111.05633544921875,3.4493165016174316,,,
2024-10-14,41.2076416015625,112.37510681152344,3.5738754272460938,11.45040225982666,5.958988666534424,2.5299999713897705
2024-10-15,41.40521240234375,113.36884307861328,3.545131206512451,10.826448440551758,5.715382099151611,2.5
2024-10-16,40.96303176879883,112.17079162597656,3.5163869857788086,11.332356452941895,5.874663829803467,2.5
2024-10-17,40.445587158203125,110.17403411865234,3.61220121383667,11.214312553405762,5.837185859680176,2.450000047683716
2024-10-18,39.57062911987305,109.23604583740234,3.545131206512451,11.281765937805176,5.827816009521484,2.5199999809265137
2024-10-21,40.11629867553711,111.26993560791016,3.5355496406555176,11.484129905700684,5.799707889556885,2.5
2024-10-22,39.64588928222656,109.72825622558594,3.468479633331299,11.619038581848145,5.78096866607666,2.5899999141693115
2024-10-23,39.91872787475586,110.01616668701172,3.4972238540649414,11.635902404785156,5.668535232543945,2.880000114440918
2024-10-24,39.74938201904297,109.38463592529297,3.5355496406555176,11.821402549743652,5.799707889556885,2.890000104904175
2024-10-25,39.8810920715332,109.66324615478516,3.5547127723693848,11.281765937805176,5.37808084487915,2.7799999713897705
2024-10-28,40.4173583984375,111.55784606933594,3.5738754272460938,11.146857261657715,5.293756008148193,2.9800000190734863
2024-10-29,40.49263000488281,112.46798706054688,3.5642940998077393,10.691539764404297,5.18132209777832,3.369999885559082
2024-10-30,40.55848693847656,111.73429107666016,3.5163869857788086,10.404858589172363,4.562936305999756,3.6700000762939453
2024-10-31,40.11629867553711,110.8055648803711,3.525968313217163,10.573493957519531,4.637892246246338,3.299999952316284
2024-11-01,40.24801254272461,112.68159484863281,3.5642940998077393,10.94449234008789,4.815911769866943,3.319999933242798
2024-11-04,40.07866668701172,111.20492553710938,3.5738754272460938,11.045676231384277,4.750326156616211,3.25
2024-11-05,40.10689163208008,110.90773010253906,3.593038320541382,11.551584243774414,4.90960693359375,3.3399999141693115
2024-11-06,40.07866668701172,110.87057495117188,3.6026196479797363,11.484129905700684,4.881498336791992,3.7899999618530273
2024-11-07,40.445587158203125,112.98806762695312,3.669689655303955,12.242993354797363,5.153213977813721,3.569999933242798
2024-11-08,40.83131790161133,114.52044677734375,3.6409454345703125,12.226129531860352,5.340602874755859,3.680000066757202
2024-11-11,39.16607666015625,110.95417022705078,3.545131206512451,12.023765563964844,5.143844127655029,3.569999933242798
2024-11-12,38.47928237915039,109.16173553466797,3.4588980674743652,10.97822093963623,4.787804126739502,3.4100000858306885
2024-11-13,38.150001525878906,105.55830383300781,3.3918280601501465,10.9107666015625,4.815911769866943,3.299999952316284
2024-11-14,37.6419563293457,105.79976654052734,3.343920946121216,10.17749309539795,4.562936305999756,3.0999999046325684
2024-11-15,37.69841003417969,105.64189147949219,3.40140962600708,10.354185104370117,4.60978364944458,3.190000057220459
2024-11-18,37.97124481201172,107.92654418945312,3.61220121383667,10.212830543518066,4.60978364944458,3.25
2024-11-19,37.9242057800293,107.45288848876953,3.5163869857788086,10.460200309753418,4.666000843048096,3.319999933242798
2024-11-20,37.70781707763672,107.63864135742188,3.545131206512451,10.795916557312012,4.6941094398498535,3.2799999713897705
2024-11-21,37.45379638671875,108.14014434814453,3.5738754272460938,10.848923683166504,4.6642537117004395,3.2200000286102295
2024-11-22,37.7830810546875,108.82740020751953,3.669689655303955,10.265838623046875,4.511640548706055,3.130000114440918
2024-11-25,37.82071304321289,108.39089965820312,3.5834567546844482,10.336515426635742,4.521178722381592,3.0299999713897705
2024-11-26,37.50083923339844,108.75310516357422,3.6217823028564453,10.40719223022461,4.559332370758057,3.1700000762939453
2024-11-27,37.42557144165039,108.82740020751953,3.61220121383667,10.442530632019043,4.587947368621826,3.1500000953674316
2024-11-28,37.69841003417969,108.79024505615234,3.5834567546844482,10.08914566040039,4.47348690032959,3.109999895095825
2024-11-29,38.16881561279297,109.81184387207031,3.5642940998077393,10.01846981048584,4.4067182540893555,3.119999885559082
2024-12-02,38.3099365234375,110.7777099609375,3.525968313217163,10.28350830078125,4.463948726654053,3.200000047683716
2024-12-03,38.25348663330078,110.5641098022461,3.468479633331299,10.371853828430176,4.540255546569824,3.2200000286102295
2024-12-04,38.62040328979492,111.52069091796875,3.4493165016174316,10.672231674194336,4.559332370758057,3.130000114440918
2024-12-05,38.18762969970703,112.17079162597656,3.545131206512451,10.636893272399902,4.521178722381592,3.2200000286102295
2024-12-06,38.29112243652344,111.2420654296875,3.4780609607696533,10.424861907958984,4.521178722381592,3.2300000190734863
2024-12-09,38.18762969970703,110.97274017333984,3.4493165016174316,11.025616645812988,4.635639190673828,3.119999885559082
2024-12-10,39.354244232177734,116.35002899169922,3.525968313217163,10.689901351928711,4.502101898193359,3.25
2024-12-11,39.51417541503906,114.98481750488281,3.3726651668548584,10.70757007598877,4.530717372894287,3.25
2024-12-12,39.31660842895508,115.30057525634766,3.296013593673706,10.619223594665527,4.521178722381592,3.359999895095825
2024-12-13,38.73330307006836,112.11506652832031,3.257688045501709,10.230499267578125,4.349488258361816,3.359999895095825
2024-12-16,37.961830139160156,110.1833267211914,3.2289435863494873,10.318846702575684,4.263643264770508,3.2699999809265137
2024-12-17,37.85834884643555,110.0625991821289,3.257688045501709,10.1421537399292,4.2064127922058105,3.1500000953674316
2024-12-18,37.88656997680664,110.04402160644531,3.238525152206421,10.230499267578125,4.215951442718506,3.140000104904175
2024-12-19,37.33149337768555,109.0317153930664,3.219362258911133,10.230499267578125,4.177798271179199,3.140000104904175
2024-12-20,37.246822357177734,108.41875457763672,3.2001993656158447,10.230499267578125,4.101491451263428,3.049999952316284
2024-12-23,37.53847122192383,108.79024505615234,3.2672696113586426,10.071475982666016,4.1491827964782715,3.180000066757202
2024-12-24,37.37853240966797,107.8801040649414,3.2672696113586426,9.877115249633789,4.187336444854736,3.200000047683716
2024-12-27,37.41616439819336,108.50234985351562,3.257688045501709,10.159823417663574,4.244566440582275,3.180000066757202
2024-12-30,37.48202133178711,109.46820831298828,3.257688045501709,10.2481689453125,4.320873737335205,3.180000066757202
2024-12-31,37.20918273925781,109.08744049072266,3.257688045501709,10.354185104370117,4.301796913146973,3.1700000762939453
2025-01-02,37.59491729736328,109.78398132324219,3.3151769638061523,10.053807258605957,4.225489616394043,3.109999895095825
2025-01-03,37.40675354003906,109.09672546386719,3.3151769638061523,10.1421537399292,4.282719612121582,3.0899999141693115
2025-01-06,36.67292022705078,107.21142578125,3.257688045501709,9.806438446044922,4.2064127922058105,3.119999885559082
2025-01-07,36.40949630737305,106.47773742675781,3.257688045501709,9.82410717010498,4.187336444854736,3.2200000286102295
2025-01-08,37.06806564331055,107.66649627685547,3.2672696113586426,9.682753562927246,4.139644622802734,3.2200000286102295
2025-01-09,36.94575500488281,108.14942932128906,3.238525152206421,10.195161819458008,4.339950084686279,3.1500000953674316
2025-01-10,37.33149337768555,110.55482482910156,3.257688045501709,10.10681438446045,4.397180557250977,3.200000047683716
2025-01-13,37.246822357177734,110.32263946533203,3.2289435863494873,10.08914566040039,4.44487190246582,3.180000066757202
2025-01-14,37.7830810546875,111.26065063476562,3.276850700378418,10.10681438446045,4.463948726654053,3.180000066757202
2025-01-15,37.42557144165039,110.97274017333984,3.276850700378418,10.08914566040039,4.4067182540893555,3.1600000858306885
2025-01-16,37.613739013671875,111.08419036865234,3.343920946121216,10.654562950134277,4.616562366485596,3.1600000858306885
2025-01-17,37.67959213256836,110.27620697021484,3.3343396186828613,11.202309608459473,4.721484184265137,3.1700000762939453
2025-01-20,37.85834884643555,111.52996826171875,3.363083839416504,11.325993537902832,4.673792362213135,3.130000114440918
2025-01-21,38.20644760131836,112.01290893554688,3.4301536083221436,11.41434097290039,4.702407360076904,3.2100000381469727
2025-01-22,37.44438934326172,111.08419036865234,3.4109909534454346,11.255316734313965,4.635639190673828,3.180000066757202
2025-01-23,36.80463409423828,109.58895111083984,3.382246732711792,11.184639930725098,4.597485542297363,3.1600000858306885
2025-01-24,36.98339080810547,109.89542388916016,3.3918280601501465,11.626370429992676,4.8550214767456055,3.180000066757202
2025-01-27,,,,11.856071472167969,4.816867828369141,3.059999942779541
2025-01-28,37.14332962036133,109.29175567626953,3.2289435863494873,11.467347145080566,4.750099182128906,3.130000114440918
2025-01-29,36.81404495239258,107.94511413574219,3.152292251586914,,,
2025-01-30,37.14332962036133,108.7066650390625,3.219362258911133,,,
2025-01-31,37.58551025390625,109.0317153930664,3.219362258911133,,,
2025-02-03,36.91753387451172,106.7192153930664,3.171455144882202,11.37900161743164,4.683330535888672,3.0999999046325684
2025-02-04,37.19036865234375,108.43733978271484,3.238525152206421,11.449678421020508,4.740560531616211,3.109999895095825
2025-02-05,37.75485610961914,110.68484497070312,3.3055953979492188,11.37900161743164,4.8550214767456055,3.0799999237060547
2025-02-06,37.877159118652344,111.61355590820312,3.3247580528259277,11.467347145080566,4.750099182128906,3.1500000953674316
2025-02-07,38.08414077758789,112.16150665283203,3.3535025119781494,11.69704818725586,4.807329177856445,3.140000104904175
2025-02-10,37.71722412109375,110.81486511230469,3.296013593673706,11.6793794631958,4.8550214767456055,3.200000047683716
2025-02-11,37.74544906616211,111.17705535888672,3.2864322662353516,11.661709785461426,4.816867828369141,3.140000104904175
2025-02-12,37.76426696777344,110.51766967773438,3.2864322662353516,11.149301528930664,4.645177364349365,3.1700000762939453
2025-02-13,38.5639533996582,111.77144622802734,3.420572519302368,10.742907524108887,4.530717372894287,3.950000047683716
2025-02-14,38.49809646606445,112.53299713134766,3.4972238540649414,11.113962173461914,4.721484184265137,3.859999895095825
2025-02-17,38.38520050048828,112.31938934326172,3.5355496406555176,10.81358528137207,4.549793720245361,3.9000000953674316
2025-02-18,38.54513931274414,112.0593490600586,3.5163869857788086,10.778246879577637,4.6070237159729,3.9000000953674316
2025-02-19,38.55454635620117,113.25738525390625,3.506805419921875,11.237648010253906,4.645177364349365,4.480000019073486
2025-02-20,37.77367401123047,111.52996826171875,3.5547127723693848,11.290655136108398,4.740560531616211,4.78000020980835
2025-02-21,38.81797790527344,114.6876220703125,3.5834567546844482,11.396671295166016,4.759637355804443,4.579999923706055
2025-02-24,38.38520050048828,111.26065063476562,3.5163869857788086,11.078624725341797,4.673792362213135,4.630000114440918
2025-02-25,37.9242057800293,110.5733871459961,3.4972238540649414,10.795916557312012,4.44487190246582,5.099999904632568
2025-02-26,37.359710693359375,106.82136535644531,3.4588980674743652,10.866593360900879,4.540255546569824,5.619999885559082
2025-02-27,37.6513671875,108.37232971191406,3.487642526626587,11.290655136108398,4.530717372894287,5.5
2025-02-28,36.729373931884766,105.28897857666016,3.3726651668548584,10.954938888549805,4.320873737335205,5.010000228881836
2025-03-03,37.2562255859375,109.041015625,3.4780609607696533,11.308324813842773,4.521178722381592,4.659999847412109
2025-03-04,37.14332962036133,108.82740020751953,3.3726651668548584,11.608701705932617,4.511640548706055,4.869999885559082
2025-03-05,37.19977951049805,109.12458801269531,3.363083839416504,12.456827163696289,4.731022357940674,5.119999885559082
2025-03-06,37.66148376464844,110.21133422851562,3.542109251022339,12.721864700317383,4.826406002044678,5.050000190734863
2025-03-07,37.421478271484375,110.4798583984375,3.4934537410736084,13.198934555053711,5.036250114440918,5.099999904632568
2025-03-10,37.63268280029297,113.84603881835938,3.512916088104248,12.880887985229492,4.998095989227295,5.0
2025-03-11,38.064693450927734,114.45022583007812,3.4934537410736084,12.845549583435059,4.893174648284912,4.980000019073486
2025-03-12,37.39268112182617,112.42668914794922,3.483722686767578,13.128257751464844,5.036250114440918,5.059999942779541
2025-03-13,36.7110710144043,111.23748779296875,3.4350674152374268,13.057580947875977,4.988558292388916,5.130000114440918
2025-03-14,37.10467529296875,112.30201721191406,3.4350674152374268,13.304951667785645,4.998095989227295,5.110000133514404
2025-03-17,37.997493743896484,114.31596374511719,3.5031850337982178,13.340290069580078,4.998095989227295,5.119999885559082
2025-03-18,38.035888671875,114.6324462890625,3.512916088104248,13.782021522521973,5.150710105895996,5.079999923706055
2025-03-19,37.97829055786133,113.8364486694336,3.512916088104248,13.799690246582031,5.036250114440918,4.989999771118164
2025-03-20,37.56548309326172,112.68562316894531,3.5226471424102783,13.658336639404297,5.045788288116455,4.900000095367432
2025-03-21,37.95909118652344,113.72137451171875,3.4350674152374268,13.322620391845703,4.883635997772217,4.920000076293945
2025-03-24,37.74788284301758,114.22006225585938,3.3961431980133057,13.640666007995605,5.0171732902526855,4.96999979019165
2025-03-25,37.47908020019531,113.91316986083984,3.415605306625366,13.534650802612305,4.959942817687988,4.849999904632568
2025-03-26,37.93989181518555,115.04483032226562,3.415605306625366,13.817359924316406,4.87409782409668,4.769999980926514
2025-03-27,38.055091857910156,115.16949462890625,3.376681089401245,14.170745849609375,4.883635997772217,4.46999979019165
2025-03-28,38.103092193603516,116.29157257080078,3.279370069503784,14.206083297729492,4.807329177856445,4.130000114440918
2025-03-31,36.672664642333984,110.75798034667969,3.13340425491333,14.135405540466309,4.645177364349365,3.9800000190734863
2025-04-01,37.335079193115234,112.30201721191406,3.1236732006073,14.188413619995117,4.759637355804443,4.190000057220459
2025-04-02,36.78786849975586,110.36477661132812,3.0360934734344482,13.605327606201172,4.616562366485596,4.269999980926514
2025-04-03,35.530242919921875,107.35343933105469,2.890127658843994,12.898558616638184,4.47348690032959,4.170000076293945
2025-04-04,35.34783935546875,108.08229064941406,2.7344303131103516,,,
2025-04-07,33.187801361083984,103.95848083496094,2.5203468799591064,10.795916557312012,3.6341121196746826,3.5299999713897705
2025-04-08,33.96541976928711,104.99423217773438,2.578733444213867,11.166971206665039,3.700880765914917,3.6500000953674316
2025-04-09,32.79419708251953,99.72917175292969,2.4522294998168945,11.166971206665039,3.796264171600342,3.559999942779541
2025-04-10,34.56062698364258,106.05874633789062,2.6857750415802,11.467347145080566,3.9965693950653076,3.8299999237060547
2025-04-11,34.003814697265625,104.81201171875,2.6663131713867188,11.714717864990234,4.025184154510498,3.8499999046325684
2025-04-14,34.91583251953125,106.30809783935547,2.7246992588043213,11.785394668579102,4.082414627075195,3.9800000190734863
2025-04-15,35.0406379699707,106.83556365966797,2.714968204498291,11.661709785461426,4.006107330322266,4.099999904632568
2025-04-16,34.627830505371094,103.9297103881836,2.5981955528259277,11.37900161743164,3.843956232070923,3.9600000381469727
2025-04-17,35.02143859863281,106.9698257446289,2.6176576614379883,11.732386589050293,3.9202628135681152,3.880000114440918
2025-04-22,35.050235748291016,107.04654693603516,2.539808988571167,11.873740196228027,3.9870307445526123,4.019999980926514
2025-04-23,36.21186065673828,109.16600036621094,2.578733444213867,12.068102836608887,4.063338279724121,4.019999980926514
2025-04-24,36.538265228271484,110.21133422851562,2.637119770050049,11.997425079345703,4.015645980834961,3.9800000190734863
2025-04-25,,,,12.156449317932129,4.101491451263428,4.150000095367432
2025-04-28,36.154258728027344,110.2880630493164,2.637119770050049,12.138779640197754,4.063338279724121,4.300000190734863
2025-04-29,36.663063049316406,111.78413391113281,2.7052371501922607,12.26246452331543,3.9870307445526123,4.5
2025-04-30,36.663063049316406,112.30201721191406,2.67604398727417,12.333141326904297,3.9774928092956543,4.21999979019165
2025-05-01,36.31746292114258,111.15118408203125,2.6663131713867188,,,
2025-05-02,36.557464599609375,111.88005065917969,2.753892660140991,12.545172691345215,3.9870307445526123,4.309999942779541
2025-05-05,36.240657806396484,110.8538818359375,2.7246992588043213,,,
2025-05-06,36.09665298461914,110.53740692138672,2.7636237144470215,12.280134201049805,4.101491451263428,4.28000020980835
2025-05-07,36.41345977783203,111.17994689941406,2.7733547687530518,12.315471649169922,4.053799629211426,4.150000095367432
2025-05-08,36.40385818481445,111.32380676269531,2.744161367416382,12.209456443786621,4.025184154510498,4.179999828338623
2025-05-09,36.03905487060547,110.26888275146484,2.714968204498291,12.474495887756348,4.006107330322266,4.179999828338623
2025-05-12,36.86466979980469,112.54176330566406,2.7928168773651123,13.004572868347168,4.254105091094971,4.329999923706055
2025-05-13,37.64228057861328,114.9393310546875,2.948513984680176,13.004572868347168,4.225489616394043,4.190000057220459
2025-05-14,37.87268829345703,115.55311584472656,2.9095897674560547,13.375627517700195,4.387641906738281,4.199999809265137
2025-05-15,37.62308120727539,115.10236358642578,2.8998587131500244,13.09291934967041,4.330411911010742,4.170000076293945
2025-05-16,38.131893157958984,116.09017181396484,2.880396604537964,13.039912223815918,4.235028266906738,4.159999847412109
2025-05-19,37.2006721496582,114.56531524658203,2.8609344959259033,13.463973999023438,4.330411911010742,4.099999904632568
2025-05-20,37.056671142578125,114.33515167236328,2.9777071475982666,13.516982078552246,4.339950084686279,4.190000057220459
2025-05-21,37.10467529296875,114.66121673583984,2.997169256210327,13.857746124267578,4.540255546569824,4.119999885559082
2025-05-22,37.085472106933594,114.00907897949219,3.0069003105163574,13.838814735412598,4.397180557250977,4.039999961853027
2025-05-23,36.81666946411133,112.20610809326172,2.948513984680176,13.800951957702637,4.454410552978516,3.950000047683716
2025-05-26,37.027870178222656,110.48945617675781,2.9679760932922363,13.573776245117188,4.416256904602051,3.9100000858306885
2025-05-27,37.09507369995117,110.5278091430664,3.0069003105163574,13.308737754821777,4.397180557250977,3.940000057220459
2025-05-28,36.91267013549805,109.4920654296875,2.987438201904297,13.535913467407227,4.483025074005127,3.8299999237060547
2025-05-29,36.624664306640625,108.74402618408203,2.958244800567627,13.592706680297852,4.511640548706055,3.9700000286102295
2025-05-30,36.72066879272461,108.04393768310547,2.9679760932922363,13.270874977111816,4.359026908874512,3.930000066757202
2025-06-02,36.26945877075195,106.21219635009766,2.8609344959259033,13.25194263458252,4.378103733062744,3.8299999237060547
2025-06-03,36.05825424194336,105.5121078491211,2.8706655502319336,13.346600532531738,4.502101898193359,3.869999885559082
2025-06-04,36.43266296386719,105.18603515625,2.9387829303741455,13.573776245117188,4.530717372894287,3.8499999046325684
2025-06-05,36.46146011352539,105.50251770019531,2.9387829303741455,13.422325134277344,4.483025074005127,3.859999895095825
2025-06-06,36.70146942138672,105.10931396484375,2.9387829303741455,13.800951957702637,4.559332370758057,3.9200000762939453
2025-06-09,,,,13.725226402282715,4.626100540161133,3.890000104904175
2025-06-10,36.941471099853516,104.64898681640625,2.958244800567627,14.387824058532715,4.769176006317139,3.9100000858306885
2025-06-11,37.48868179321289,104.89832305908203,2.9777071475982666,15.050420761108398,4.902712821960449,3.930000066757202
2025-06-12,36.80706787109375,103.17208099365234,2.9290518760681152,14.785382270812988,4.931327819824219,3.930000066757202
2025-06-13,35.847049713134766,102.02124786376953,2.8609344959259033,14.898969650268555,4.87409782409668,3.859999895095825
2025-06-16,35.943050384521484,102.7213363647461,2.919320821762085,14.88003921508789,4.87409782409668,3.869999885559082
2025-06-17,35.808650970458984,102.75970458984375,2.9387829303741455,15.069352149963379,4.883635997772217,3.9000000953674316
2025-06-18,35.3862419128418,101.65681457519531,2.8998587131500244,15.580497741699219,4.950404644012451,3.799999952316284
2025-06-19,34.68543243408203,99.30720520019531,2.822010040283203,14.804313659667969,4.721484184265137,3.799999952316284
2025-06-20,34.762229919433594,97.98374938964844,2.8025481700897217,15.239734649658203,4.84548282623291,3.8499999046325684
2025-06-23,34.21501922607422,97.65767669677734,2.7733547687530518,15.050420761108398,4.84548282623291,3.8499999046325684
2025-06-24,35.02143859863281,100.64025115966797,2.8414721488952637,16.015920639038086,5.05532693862915,3.9100000858306885
2025-06-25,34.666229248046875,100.02647399902344,2.7636237144470215,16.24309539794922,5.026711463928223,3.930000066757202
2025-06-26,34.67582702636719,99.92098236083984,2.822010040283203,16.924623489379883,5.19840145111084,3.890000104904175
2025-06-27,36.02945327758789,104.50513458251953,2.8609344959259033,16.94355583190918,5.227016925811768,3.9800000190734863
2025-06-30,35.2806396484375,102.74051666259766,2.8317410945892334,17.0192813873291,5.175943851470947,3.930000066757202
2025-07-01,35.10783767700195,101.77190399169922,2.890127658843994,,,
2025-07-02,35.712650299072266,103.86257934570312,3.0360934734344482,17.170730590820312,5.2935791015625,3.9100000858306885
2025-07-03,37.69988250732422,105.73268127441406,3.1139421463012695,17.6818790435791,5.372002124786377,3.950000047683716
2025-07-04,37.18147277832031,104.34209442138672,3.0360934734344482,17.43577003479004,5.2935791015625,3.9700000286102295
2025-07-07,37.056671142578125,104.16947174072266,3.0166313648223877,17.000349044799805,5.12692928314209,3.9000000953674316
2025-07-08,36.7110710144043,103.75708770751953,2.958244800567627,17.132869720458984,5.1465349197387695,3.9100000858306885
2025-07-09,36.3366584777832,103.18167114257812,2.9387829303741455,16.94355583190918,5.117125988006592,3.8299999237060547
2025-07-10,36.76866912841797,104.16947174072266,2.958244800567627,17.18966293334961,5.283775806427002,3.8299999237060547
2025-07-11,37.786285400390625,106.5478515625,3.026362419128418,17.246456146240234,5.47983455657959,3.880000114440918
2025-07-14,38.1414909362793,107.16162872314453,2.8706655502319336,17.057144165039062,5.362199306488037,3.8399999141693115
2025-07-15,37.81508255004883,105.7614517211914,2.890127658843994,17.208595275878906,5.440622806549072,3.819999933242798
2025-07-16,37.54628372192383,105.99161529541016,2.8025481700897217,17.341114044189453,5.430819511413574,3.8299999237060547
2025-07-17,37.54628372192383,106.5478515625,2.7733547687530518,17.625085830688477,5.46022891998291,3.8299999237060547
2025-07-18,38.67910385131836,108.47550201416016,2.812278985977173,18.23088836669922,5.577863693237305,3.8399999141693115
2025-07-21,38.84230422973633,109.77018737792969,2.9387829303741455,19.073331832885742,5.930768966674805,4.130000114440918
2025-07-22,39.85032272338867,113.47203063964844,2.9679760932922363,19.735929489135742,6.087615489959717,4.260000228881836
2025-07-23,40.17673110961914,114.57490539550781,3.055555820465088,19.593944549560547,6.126827239990234,4.119999885559082
2025-07-24,39.93672180175781,114.94892883300781,3.0360934734344482,20.824481964111328,6.37190055847168,4.090000152587891
2025-07-25,39.1687126159668,113.98989868164062,2.9679760932922363,20.39852523803711,6.342491626739502,4.050000190734863
2025-07-28,38.68870162963867,112.15815734863281,2.948513984680176,20.019899368286133,6.2052507400512695,4.059999942779541
2025-07-29,38.80390167236328,112.13897705078125,2.919320821762085,20.209213256835938,6.342491626739502,4.079999923706055
2025-07-30,38.61190414428711,111.06486511230469,2.9387829303741455,20.11455726623535,6.37190055847168,4.019999980926514
2025-07-31,37.68068313598633,107.12326049804688,2.8609344959259033,19.688600540161133,6.107221603393555,4.050000190734863
2025-08-01,37.65188217163086,106.35604858398438,2.851203203201294,19.262645721435547,5.960177421569824,3.9700000286102295
2025-08-04,38.0070915222168,106.82596588134766,2.8609344959259033,19.821121215820312,6.1170244216918945,3.9800000190734863
2025-08-05,38.20869064331055,107.28630828857422,2.851203203201294,20.161884307861328,6.234659671783447,3.930000066757202
2025-08-06,38.30469512939453,108.32205200195312,2.890127658843994,20.407991409301758,6.273871421813965,3.9600000381469727
2025-08-07,38.27589416503906,107.75623321533203,2.890127658843994,20.673030853271484,6.303279876708984,4.130000114440918
2025-08-08,38.602298736572266,108.96460723876953,2.9387829303741455,21.449216842651367,6.4699296951293945,4.380000114440918
2025-08-11,39.23591232299805,110.56617736816406,2.987438201904297,21.013795852661133,6.499338626861572,4.739999771118164
2025-08-12,39.61031723022461,111.93758392333984,2.9679760932922363,21.051658630371094,6.685594081878662,4.590000152587891
2025-08-13,40.0615234375,113.01168823242188,2.9777071475982666,21.619598388671875,6.862046718597412,4.71999979019165
2025-08-14,39.85032272338867,110.89037322998047,2.822010040283203,21.18417739868164,6.773820400238037,4.550000190734863
2025-08-15,40.28232955932617,112.45428466796875,2.880396604537964,22.13074493408203,7.185543060302734,4.659999847412109
2025-08-18,39.81192398071289,110.74376678466797,2.851203203201294,21.99822425842285,6.881652355194092,4.630000114440918
2025-08-19,40.43593215942383,110.49940490722656,2.851203203201294,22.282196044921875,6.764017581939697,4.610000133514404
2025-08-20,40.080726623535156,110.35279083251953,2.7928168773651123,22.43364715576172,6.764017581939697,4.579999923706055
2025-08-21,40.378334045410156,111.437744140625,2.8317410945892334,22.812273025512695,6.7052001953125,4.449999809265137
2025-08-22,40.32073211669922,110.16707611083984,2.7636237144470215,23.32341957092285,6.656185150146484,4.360000133514404
2025-08-25,41.41515350341797,112.81593322753906,2.851203203201294,23.228763580322266,6.862046718597412,4.269999980926514
2025-08-26,40.94474411010742,112.81593322753906,2.822010040283203,23.588459014892578,6.989484786987305,4.300000190734863
2025-08-27,41.4919548034668,113.99862670898438,2.8317410945892334,23.853498458862305,6.9992876052856445,4.300000190734863
2025-08-28,41.290348052978516,112.80615997314453,2.6273887157440186,23.853498458862305,6.7052001953125,4.21999979019165
2025-08-29,41.46315002441406,112.86480712890625,2.646851062774658,24.080673217773438,6.793426036834717,4.099999904632568
2025-09-01,40.99274444580078,111.4181900024414,2.6565821170806885,24.3267822265625,6.89145565032959,4.150000095367432
2025-09-02,41.13674545288086,111.85804748535156,2.637119770050049,23.531665802001953,6.754214286804199,4.21999979019165
2025-09-03,40.59913635253906,111.0076675415039,2.5592713356018066,23.948152542114258,6.920864105224609,4.239999771118164
2025-09-04,41.197044372558594,113.52946472167969,2.5884644985198975,22.471508026123047,6.411112308502197,4.159999847412109
2025-09-05,40.833946228027344,114.58509826660156,2.569002389907837,23.626319885253906,6.803229331970215,4.199999809265137
2025-09-08,40.59842300415039,115.54298400878906,2.578733444213867,23.28555679321289,6.7052001953125,4.179999828338623
2025-09-09,40.20588302612305,114.30164337158203,2.539808988571167,22.679752349853516,6.820000171661377,4.150000095367432
2025-09-10,39.70539474487305,111.985107421875,2.4814226627349854,22.906930923461914,6.869999885559082,4.070000171661377
2025-09-11,39.51893997192383,111.66255187988281,2.471691608428955,23.739910125732422,7.099999904632568,4.130000114440918
2025-09-12,40.04887008666992,112.83547973632812,2.5203468799591064,25.405868530273438,7.619999885559082,4.119999885559082
2025-09-15,39.823158264160156,112.70841217041016,2.539808988571167,25.178691864013672,7.590000152587891,4.110000133514404
2025-09-16,40.009613037109375,114.83922576904297,2.5495400428771973,24.459300994873047,7.489999771118164,4.099999904632568
2025-09-17,39.55819320678711,113.70540618896484,2.5592713356018066,24.421436309814453,7.539999961853027,4.170000076293945
2025-09-18,39.22453308105469,112.9332275390625,2.548658609390259,23.929224014282227,7.320000171661377,4.150000095367432
2025-09-19,38.90068817138672,111.42797088623047,2.568415641784668,25.046171188354492,7.5,4.139999866485596
2025-09-22,39.28341293334961,114.28208923339844,2.588172674179077,24.837926864624023,7.429999828338623,4.159999847412109
2025-09-23,39.469871520996094,115.61140441894531,2.558537244796753,24.080673217773438,7.269999980926514,4.139999866485596
2025-09-24,39.489498138427734,114.88809967041016,2.558537244796753,24.137468338012695,7.28000020980835,4.150000095367432
2025-09-25,40.892826080322266,119.02265930175781,2.6276869773864746,23.399145126342773,7.420000076293945,4.170000076293945
2025-09-26,41.43257141113281,120.42040252685547,2.6276869773864746,23.626319885253906,7.550000190734863,4.119999885559082
2025-09-29,41.12834930419922,118.51439666748047,2.6276869773864746,24.553956985473633,7.909999847412109,4.090000152587891
2025-09-30,41.736785888671875,119.27680206298828,2.7067151069641113,25.008310317993164,8.069999694824219,4.110000133514404
2025-10-01,40.69655990600586,119.81439208984375,2.7165935039520264,,,
2025-10-02,41.15779113769531,121.25122833251953,2.7363505363464355,25.614112854003906,8.130000114440918,4.150000095367432
2025-10-03,41.29518127441406,122.23843383789062,2.7561075687408447,25.405868530273438,8.34000015258789,4.179999828338623
2025-10-06,41.11853790283203,120.79183197021484,2.775864601135254,25.10296630859375,8.350000381469727,4.360000133514404
2025-10-07,41.17741775512695,121.3782958984375,2.894407033920288,,,
2025-10-08,41.10872268676758,122.46324920654297,2.973435163497925,25.48159408569336,8.390000343322754,4.269999980926514
2025-10-09,42.30596923828125,124.39857482910156,3.1413700580596924,26.276710510253906,8.850000381469727,4.269999980926514
2025-10-10,41.43257141113281,122.32640838623047,3.101855993270874,24.705408096313477,8.529999732971191,4.230000019073486
2025-10-13,41.10872268676758,122.38505554199219,3.022827625274658,24.951515197753906,8.569999694824219,4.25
2025-10-14,41.991939544677734,124.55496978759766,3.1314916610717773,23.929224014282227,8.270000457763672,4.150000095367432
2025-10-15,42.72795104980469,126.76397705078125,3.1710057258605957,24.516094207763672,8.579999923706055,4.150000095367432
2025-10-16,42.95366287231445,126.35345458984375,3.1512486934661865,24.64861488342285,8.479999542236328,4.130000114440918
2025-10-17,42.78683090209961,127.92713165283203,3.1808841228485107,23.91029167175293,8.199999809265137,4.199999809265137
2025-10-20,42.335411071777344,127.76097106933594,3.0820987224578857,23.98601722717285,8.3100004196167,4.28000020980835
2025-10-21,43.306949615478516,128.91433715820312,3.220398187637329,23.98601722717285,8.3100004196167,4.340000152587891
2025-10-22,42.698509216308594,127.45795440673828,3.121613025665283,24.080673217773438,8.5,4.46999979019165
2025-10-23,42.20783233642578,126.96923065185547,3.1413700580596924,25.159759521484375,8.770000457763672,4.320000171661377
2025-10-24,42.43354797363281,128.84593200683594,3.20064115524292,26.238845825195312,9.100000381469727,4.289999961853027
2025-10-27,42.72795104980469,130.47824096679688,3.20064115524292,27.09075927734375,9.1899995803833,4.28000020980835
2025-10-28,42.531681060791016,129.72561645507812,3.121613025665283,26.182052612304688,9.1899995803833,4.309999942779541
2025-10-29,43.0714225769043,130.34140014648438,3.1710057258605957,,,
2025-10-30,43.06161117553711,130.41958618164062,3.1611270904541016,28.3212947845459,10.130000114440918,4.380000114440918
2025-10-31,42.63962936401367,129.87222290039062,3.1314916610717773,27.942668914794922,9.880000114440918,4.349999904632568
2025-11-03,42.561119079589844,129.84291076660156,3.111734628677368,28.794578552246094,10.119999885559082,4.340000152587891
2025-11-04,41.74660110473633,126.48051452636719,3.022827625274658,28.094120025634766,9.75,4.289999961853027
2025-11-05,41.550331115722656,124.9557113647461,2.98331356048584,27.923736572265625,9.829999923706055,4.28000020980835
2025-11-06,42.198020935058594,127.80982971191406,3.012949228286743,30.687711715698242,10.930000305175781,4.380000114440918
2025-11-07,41.854549407958984,126.1286392211914,3.022827625274658,30.593055725097656,10.9399995803833,4.420000076293945
2025-11-10,41.854549407958984,126.8617172241211,3.1512486934661865,30.21442985534668,11.0600004196167,4.440000057220459
2025-11-11,41.991939544677734,126.63690948486328,3.1512486934661865,30.66878318786621,11.09000015258789,4.380000114440918
2025-11-12,42.25690460205078,129.48126220703125,3.20064115524292,32.221153259277344,11.600000381469727,4.400000095367432
2025-11-13,42.52186965942383,130.63462829589844,3.2401552200317383,33.03520202636719,12.050000190734863,4.480000019073486
2025-11-14,41.95268630981445,128.875244140625,3.1314916610717773,31.728939056396484,11.460000038146973,4.380000114440918
2025-11-17,41.687721252441406,129.59854125976562,3.1413700580596924,30.574125289916992,11.199999809265137,4.349999904632568
2025-11-18,40.13719177246094,126.16773986816406,3.0524632930755615,28.77564811706543,10.779999732971191,4.289999961853027
2025-11-19,40.186256408691406,126.35345458984375,3.0820987224578857,28.9838924407959,11.010000228881836,4.28000020980835
2025-11-20,40.94189453125,129.13914489746094,3.1808841228485107,29.040687561035156,11.140000343322754,4.300000190734863
2025-11-21,39.61707305908203,124.96549224853516,3.0425846576690674,27.942668914794922,10.600000381469727,4.300000190734863
2025-11-24,39.86240768432617,126.39254760742188,3.101855993270874,28.07518768310547,10.579999923706055,4.610000133514404
2025-11-25,40.24513626098633,129.29554748535156,3.111734628677368,28.889236450195312,10.65999984741211,4.610000133514404
2025-11-26,41.0400276184082,131.1526641845703,3.1710057258605957,28.3212947845459,10.399999618530273,4.820000171661377
2025-11-27,40.961524963378906,129.38351440429688,3.1808841228485107,29.02175521850586,10.479999542236328,4.679999828338623
2025-11-28,40.892826080322266,129.29554748535156,3.1808841228485107,29.211069107055664,10.489999771118164,4.699999809265137
2025-12-01,41.29518127441406,129.76470947265625,3.2697908878326416,30.081911087036133,10.760000228881836,4.929999828338623
2025-12-02,41.766231536865234,131.98348999023438,3.299426317214966,30.479469299316406,10.770000457763672,4.960000038146973
2025-12-03,42.15876770019531,132.2278594970703,3.3389406204223633,31.179927825927734,11.210000038146973,4.829999923706055
2025-12-04,43.670047760009766,137.4082794189453,3.4673612117767334,31.236722946166992,11.100000381469727,4.699999809265137
2025-12-05,44.00370407104492,135.34588623046875,3.447604179382324,31.937183380126953,11.699999809265137,4.769999980926514
2025-12-08,43.64060592651367,134.08497619628906,3.3685760498046875,30.858095169067383,11.420000076293945,4.909999847412109
2025-12-09,43.47377395629883,133.93836975097656,3.32906174659729,29.665420532226562,10.770000457763672,4.920000076293945
2025-12-10,43.70930099487305,134.39776611328125,3.398211717605591,30.2901554107666,11.039999961853027,4.739999771118164
2025-12-11,44.258853912353516,136.79249572753906,3.3883330821990967,29.68435287475586,10.699999809265137,4.739999771118164
2025-12-12,44.739715576171875,140.16465759277344,3.516753911972046,30.933820724487305,11.149999618530273,4.789999961853027
2025-12-15,43.4443359375,136.78271484375,3.4673612117767334,30.233362197875977,11.010000228881836,4.670000076293945
2025-12-16,43.41489791870117,137.1345977783203,3.398211717605591,29.381452560424805,10.729999542236328,4.599999904632568
2025-12-17,43.58172607421875,138.20977783203125,3.3685760498046875,29.854734420776367,10.970000267028809,4.590000152587891
2025-12-18,44.04296112060547,139.65638732910156,3.3586976528167725,29.816871643066406,10.960000038146973,4.579999923706055
2025-12-19,43.532657623291016,139.84210205078125,3.32906174659729,30.00618553161621,11.329999923706055,4.579999923706055
2025-12-22,44.22941589355469,141.25938415527344,3.427847146987915,30.34695053100586,11.4399995803833,4.550000190734863
2025-12-23,44.72990417480469,143.0969696044922,3.447604179382324,29.892597198486328,11.199999809265137,4.460000038146973
2025-12-24,44.76915740966797,144.17214965820312,3.4673612117767334,30.593055725097656,11.369999885559082,4.559999942779541
2025-12-29,44.60232925415039,143.40975952148438,3.54638934135437,30.062978744506836,11.579999923706055,4.679999828338623
2025-12-30,44.258853912353516,143.69320678710938,3.4772398471832275,30.877025604248047,12.1899995803833,4.699999809265137
2025-12-31,44.64158248901367,143.50750732421875,3.516753911972046,30.801301956176758,12.180000305175781,4.869999885559082
2026-01-02,44.90654373168945,144.3578643798828,3.5068752765655518,32.20222091674805,12.640000343322754,4.829999923706055
2026-01-05,45.61311721801758,146.21499633789062,3.615539312362671,31.444969177246094,13.050000190734863,4.889999866485596
2026-01-06,46.339317321777344,148.83453369140625,3.734081268310547,33.3759651184082,13.270000457763672,4.889999866485596
2026-01-07,46.81036376953125,151.23902893066406,3.7933523654937744,33.60314178466797,13.460000038146973,5.130000114440918
2026-01-08,46.45707702636719,149.18641662597656,3.76371693611145,32.505123138427734,13.369999885559082,4.960000038146973
2026-01-09,46.82999038696289,139.8323211669922,3.8032310009002686,32.86481857299805,13.6899995803833,4.949999809265137
2026-01-12,45.642555236816406,139.21653747558594,3.852623701095581,33.451690673828125,13.600000381469727,5.03000020980835
2026-01-13,46.692604064941406,142.24659729003906,3.9118947982788086,33.92497253417969,13.600000381469727,5.03000020980835
2026-01-14,47.222530364990234,143.35110473632812,3.9118947982788086,34.19001007080078,13.4399995803833,5.019999980926514
2026-01-15,48.449214935302734,143.87892150878906,4.089707851409912,33.77352523803711,13.489999771118164,4.949999809265137
2026-01-16,48.0763053894043,144.9052276611328,4.1094651222229,33.26237487792969,13.09000015258789,5.179999828338623
2026-01-19,47.840782165527344,146.00973510742188,4.168735980987549,33.735660552978516,13.1899995803833,5.159999847412109
2026-01-20,46.88887023925781,143.03831481933594,4.0995869636535645,33.64100646972656,12.960000038146973,5.440000057220459
2026-01-21,47.5758171081543,146.7135009765625,4.1292219161987305,34.568641662597656,12.960000038146973,5.630000114440918
2026-01-22,47.18327713012695,147.6127471923828,4.346549987792969,33.52741241455078,13.039999961853027,5.809999942779541
2026-01-23,47.52674865722656,145.3646240234375,4.336670875549316,33.943904876708984,13.1899995803833,6.010000228881836
2026-01-26,,,,34.606502532958984,13.579999923706055,6.75
2026-01-27,48.82212829589844,147.78866577148438,4.4453349113464355,35.47734451293945,13.359999656677246,6.420000076293945
2026-01-28,49.65627670288086,151.32701110839844,4.504606246948242,38.07094192504883,15.0600004196167,6.460000038146973
2026-01-29,50.5493049621582,153.4969024658203,4.623147964477539,37.69231033325195,15.029999732971191,6.139999866485596
2026-01-30,49.626834869384766,148.1307830810547,4.563877105712891,34.19001007080078,13.850000381469727,5.599999904632568
2026-02-02,48.49828338623047,146.59619140625,4.366306781768799,32.997337341308594,12.9399995803833,5.360000133514404
2026-02-03,49.195045471191406,149.42098999023438,4.45521354675293,33.41382598876953,13.140000343322754,5.460000038146973
2026-02-04,51.422706604003906,155.83299255371094,4.731812000274658,33.906044006347656,13.260000228881836,5.650000095367432
2026-02-05,49.420753479003906,153.5848846435547,4.5441203117370605,33.11092758178711,12.640000343322754,5.46999979019165
2026-02-06,47.880035400390625,153.5360107421875,4.356428146362305,32.65657424926758,12.65999984741211,5.300000190734863
2026-02-09,48.8025016784668,156.7517852783203,4.494727611541748,33.41382598876953,12.970000267028809,5.730000019073486
2026-02-10,49.32261657714844,158.92169189453125,4.534241676330566,34.90940475463867,13.069999694824219,5.590000152587891
2026-02-11,50.11751174926758,160.8472442626953,4.603391170501709,34.75795364379883,13.140000343322754,5.550000190734863
2026-02-12,51.11848831176758,164.99159240722656,4.465092182159424,35.231239318847656,13.279999732971191,5.599999904632568
2026-02-13,50.1763916015625,165.91038513183594,4.366306781768799,33.338104248046875,12.680000305175781,5.639999866485596
2026-02-16,49.420753479003906,159.07809448242188,4.356428146362305,34.64436340332031,13.09000015258789,5.800000190734863
2026-02-17,51.75636672973633,159.35177612304688,4.386064052581787,,,
2026-02-18,51.31475830078125,161.46304321289062,4.336670875549316,,,
2026-02-19,52.23722457885742,164.7472381591797,4.356428146362305,,,
2026-02-20,52.33536148071289,159.6156768798828,4.336670875549316,34.45505142211914,13.119999885559082,5.670000076293945
2026-02-23,53.01249313354492,157.46531677246094,4.386064052581787,35.30696105957031,13.489999771118164,5.659999847412109
2026-02-24,53.728878021240234,155.72547912597656,4.45521354675293,34.09535598754883,13.210000038146973,5.550000190734863
2026-02-25,55.456050872802734,158.99989318847656,4.524363040924072,34.73902130126953,13.880000114440918,5.519999980926514
2026-02-26,56.67292404174805,164.82542419433594,4.5441203117370605,34.13322067260742,13.680000305175781,5.480000019073486
2026-02-27,57.320613861083984,163.5547637939453,4.5441203117370605,33.565277099609375,14.140000343322754,5.329999923706055
2026-03-02,58.14494705200195,165.61715698242188,4.69229793548584,35.96955871582031,14.600000381469727,5.050000190734863
2026-03-03,56.62385940551758,161.63897705078125,4.514484882354736,34.73902130126953,13.989999771118164,4.960000038146973
2026-03-04,54.64153289794922,159.0292205810547,4.484848976135254,36.84040069580078,14.75,5.159999847412109
2026-03-05,55.150001525878906,164.5800018310547,4.610000133514404,37.370479583740234,14.5,5.170000076293945
2026-03-06,52.810001373291016,158.6699981689453,4.5,36.234596252441406,13.670000076293945,5.170000076293945
2026-03-09,50.099998474121094,152.67999267578125,4.269999980926514,35.68558883666992,13.680000305175781,5.480000019073486
2026-03-10,51.22999954223633,153.61000061035156,4.260000228881836,35.49627685546875,13.1899995803833,5.400000095367432
2026-03-11,51.959999084472656,155.3000030517578,4.360000133514404,36.46177673339844,13.369999885559082,5.440000057220459
2026-03-12,50.97999954223633,153.08999633789062,4.349999904632568,37.90055847167969,13.960000038146973,5.670000076293945
2026-03-13,49.79999923706055,157.88999938964844,4.409999847412109,37.40834426879883,13.609999656677246,5.590000152587891
2026-03-16,49.189998626708984,154.6999969482422,4.159999847412109,36.65108871459961,12.9399995803833,5.409999847412109
2026-03-17,49.72999954223633,155.17999267578125,4.179999828338623,35.458412170410156,12.539999961853027,5.389999866485596
2026-03-18,50.09000015258789,156.3800048828125,4.179999828338623,35.26909637451172,12.359999656677246,4.550000190734863
2026-03-19,48.349998474121094,151.35000610351562,4.050000190734863,32.92161178588867,11.489999771118164,4.0
2026-03-20,47.470001220703125,146.9199981689453,3.9800000190734863,32.65657424926758,11.15999984741211,4.059999942779541
2026-03-23,47.11000061035156,144.41000366210938,3.8499999046325684,30.00618553161621,10.640000343322754,3.9600000381469727
2026-03-24,48.52000045776367,147.55999755859375,3.930000066757202,32.221153259277344,10.890000343322754,3.950000047683716
2026-03-25,50.119998931884766,149.91000366210938,4.110000133514404,33.03520202636719,11.199999809265137,4.079999923706055
2026-03-26,50.22999954223633,151.02000427246094,4.079999923706055,31.97504425048828,10.850000381469727,3.9700000286102295
2026-03-27,50.369998931884766,153.22999572753906,4.03000020980835,32.65657424926758,10.8100004196167,4.099999904632568
2026-03-30,50.43000030517578,160.77999877929688,4.409999847412109,33.86817932128906,11.600000381469727,4.25
2026-03-31,50.38999938964844,161.42999267578125,4.269999980926514,32.902679443359375,11.25,4.050000190734863
2026-04-01,52.560001373291016,167.08999633789062,4.480000019073486,34.41719055175781,11.720000267028809,4.170000076293945
2026-04-02,51.22999954223633,161.6199951171875,4.420000076293945,34.7200927734375,11.84000015258789,4.210000038146973
2026-04-07,52.91999816894531,166.39999389648438,4.550000190734863,,,
2026-04-08,54.529998779296875,173.63999938964844,4.570000171661377,35.3637580871582,12.399999618530273,4.329999923706055
2026-04-09,54.560001373291016,171.75999450683594,4.579999923706055,37.200096130371094,12.819999694824219,4.320000171661377
2026-04-10,53.97999954223633,171.22999572753906,4.630000114440918,36.310325622558594,12.430000305175781,4.340000152587891
2026-04-13,54.349998474121094,172.07000732421875,4.619999885559082,35.51520919799805,12.220000267028809,4.239999771118164
2026-04-14,56.099998474121094,174.2899932861328,4.670000076293945,36.9539909362793,12.680000305175781,4.210000038146973
2026-04-15,56.11000061035156,173.82000732421875,4.630000114440918,36.196739196777344,12.579999923706055,4.21999979019165
2026-04-16,55.91999816894531,172.60000610351562,4.619999885559082,36.972923278808594,13.140000343322754,4.320000171661377
2026-04-17,55.91999816894531,173.75,4.53000020980835,35.87490463256836,12.890000343322754,4.349999904632568
2026-04-20,55.689998626708984,172.50999450683594,4.389999866485596,35.30696105957031,12.300000190734863,4.489999771118164
2026-04-21,55.5099983215332,173.86000061035156,4.409999847412109,35.13657760620117,11.989999771118164,4.429999828338623
2026-04-22,56.16999816894531,173.0500030517578,4.5,34.36039352416992,11.9399995803833,4.329999923706055
2026-04-23,56.029998779296875,171.9499969482422,4.380000114440918,33.54634475708008,11.5600004196167,4.300000190734863
2026-04-24,56.099998474121094,171.58999633789062,4.320000171661377,34.45505142211914,11.989999771118164,4.269999980926514
2026-04-27,56.15999984741211,172.92999267578125,4.389999866485596,33.167720794677734,11.899999618530273,4.420000076293945
2026-04-28,55.43000030517578,172.1199951171875,4.309999942779541,31.558555603027344,11.579999923706055,4.289999961853027
2026-04-29,54.95000076293945,170.8000030517578,4.260000228881836,32.448326110839844,11.880000114440918,4.320000171661377
2026-04-30,53.720001220703125,167.39999389648438,4.03000020980835,30.933820724487305,11.359999656677246,4.260000228881836
2026-05-01,54.939998626708984,171.97000122070312,4.119999885559082,,,
2026-05-04,54.95000076293945,170.86000061035156,4.090000152587891,31.388174057006836,11.380000114440918,4.25
2026-05-05,54.720001220703125,170.67999267578125,4.059999942779541,31.350309371948242,11.75,4.179999828338623
2026-05-06,56.38999938964844,174.60000610351562,4.139999866485596,31.766801834106445,11.850000381469727,4.099999904632568
2026-05-07,58.52000045776367,180.24000549316406,4.190000057220459,31.65321159362793,11.539999961853027,4.199999809265137
2026-05-08,57.95000076293945,178.72000122070312,4.139999866485596,32.18328857421875,11.539999961853027,4.110000133514404
2026-05-11,58.33000183105469,179.7899932861328,4.199999809265137,31.4071044921875,11.149999618530273,4.199999809265137
2026-05-12,59.779998779296875,185.4199981689453,4.349999904632568,31.558555603027344,11.420000076293945,4.199999809265137
2026-05-13,61.52000045776367,189.0,4.489999771118164,32.14542770385742,11.619999885559082,4.059999942779541
2026-05-14,62.060001373291016,191.97000122070312,4.440000057220459,31.65321159362793,11.40999984741211,4.070000171661377
2026-05-15,60.459999084472656,185.75,4.210000038146973,29.779008865356445,10.539999961853027,4.019999980926514
2026-05-18,58.77000045776367,179.00999450683594,4.03000020980835,29.248931884765625,10.369999885559082,3.9800000190734863
2026-05-19,58.70000076293945,178.66000366210938,4.059999942779541,29.09748077392578,10.369999885559082,4.099999904632568
2026-05-20,57.33000183105469,176.07000732421875,4.039999961853027,29.96832275390625,10.920000076293945,4.0
2026-05-21,59.099998474121094,181.67999267578125,4.139999866485596,29.229999542236328,10.609999656677246,3.950000047683716
2026-05-22,59.75,184.80999755859375,4.349999904632568,29.6200008392334,10.869999885559082,3.9800000190734863
2026-05-25,60.119998931884766,187.80999755859375,4.420000076293945,,,
2026-05-26,60.349998474121094,188.30999755859375,4.630000114440918,31.040000915527344,11.880000114440918,3.950000047683716
2026-05-27,61.279998779296875,188.22000122070312,4.789999961853027,30.440000534057617,11.449999809265137,3.799999952316284
2026-05-28,60.54999923706055,183.4600067138672,4.670000076293945,28.799999237060547,10.829999923706055,3.700000047683716
2026-05-29,62.310001373291016,185.6300048828125,4.809999942779541,28.020000457763672,10.899999618530273,3.630000114440918
2026-06-01,62.47999954223633,188.50999450683594,4.739999771118164,28.559999465942383,10.880000114440918,3.5
2026-06-02,63.369998931884766,191.3699951171875,4.820000171661377,28.979999542236328,11.229999542236328,3.819999933242798
2026-06-03,64.91000366210938,194.47000122070312,4.909999847412109,28.799999237060547,11.579999923706055,3.7200000286102295
2026-06-04,62.79999923706055,188.0800018310547,4.75,27.299999237060547,11.039999961853027,3.7899999618530273
2026-06-05,61.2400016784668,184.5800018310547,4.630000114440918,26.520000457763672,10.75,3.8399999141693115
2026-06-08,,,,26.780000686645508,10.119999885559082,3.5199999809265137
2026-06-09,60.08000183105469,181.22999572753906,4.53000020980835,26.780000686645508,10.170000076293945,3.4100000858306885
2026-06-10,60.20000076293945,179.44000244140625,4.480000019073486,26.579999923706055,9.739999771118164,3.5399999618530273
2026-06-11,60.79999923706055,180.0,4.369999885559082,26.799999237060547,9.850000381469727,3.700000047683716
2026-06-12,62.93000030517578,184.32000732421875,4.519999980926514,26.959999084472656,10.329999923706055,3.630000114440918
2026-06-15,65.18000030517578,189.30999755859375,4.46999979019165,26.100000381469727,9.449999809265137,3.680000066757202
2026-06-16,65.19000244140625,188.72000122070312,4.269999980926514,24.239999771118164,9.029999732971191,3.6500000953674316
2026-06-17,65.58999633789062,186.91000366210938,4.289999961853027,23.760000228881836,8.800000190734863,3.4800000190734863
2026-06-18,65.04000091552734,183.08999633789062,4.25,22.739999771118164,8.550000190734863,3.380000114440918
2026-06-19,61.400001525878906,177.3699951171875,4.130000114440918,,,
2026-06-22,60.34000015258789,175.99000549316406,4.150000095367432,22.760000228881836,8.579999923706055,3.299999952316284
2026-06-23,59.91999816894531,176.02000427246094,4.139999866485596,22.040000915527344,8.029999732971191,3.309999942779541
2026-06-24,59.5,173.9199981689453,4.059999942779541,21.780000686645508,8.039999961853027,3.240000009536743
2026-06-25,58.52000045776367,169.99000549316406,3.9200000762939453,20.639999389648438,7.75,3.2100000381469727
2026-06-26,58.9900016784668,173.63999938964844,3.9100000858306885,20.139999389648438,7.639999866485596,3.009999990463257
2026-06-29,59.81999969482422,174.10000610351562,3.9800000190734863,,,
