Yard Name,Date In,Outbound Ticket # Link,Outbound Ticket #,Status,Customer Name,Commodity Type,Commodity Name,Material,Material Code,Gross Weight,Net Weight,Tare,Cost,Employee Name,Sales Order,Contract Price(s),Expected Value,Currency,Account Manager,Driver,Carrier Name,Trailer #,Truck #,Container,Seal,Export?,Booking Ref #,Freight Cost,Created Date,Latest Ship Date,Tkt #,Sequence,Last Updated
Merrillville Metal Recycling,2026-06-16T11:42:29.782Z[UTC],https://app.greensparksoftware.com/app/sales/outbound-tickets/f6fb5b96-0ff8-43e0-875c-caf43391c81d,1730,INCOMPLETE,RESERVE MARINE TERMINALS,NON_FERROUS,ALUMINUM,ALUMINUM BREAK,ALUBREAK,65320,20380,44940,0.0000,Pauline Samaniego,484,1.0500/lbs,21399.0000,USD,,,Reserve Transport LLC,,57,,,false,,0.00,2026-06-16T11:43:19.290524Z[UTC],,,,2026-06-16T12:05:22.294119Z[UTC]
Merrillville Metal Recycling,2026-06-16T08:14:31.852Z[UTC],https://app.greensparksoftware.com/app/sales/outbound-tickets/f4efd003-35be-4fde-96b7-2b4ab58b8b94,1729,SHIPPED,Trinity Metals,NON_FERROUS,COPPER TIER 2,"#1 ICW 88%",CUIN188,3048,2928,120,10544.6176,Pauline Samaniego,510,4.8200/lbs,14112.9600,USD,Alexus Thomas,Zack,MMR Finco,5303,001,,,false,,0.00,2026-06-16T08:18:41.656158Z[UTC],2026-06-16T21:56:58.205126Z[UTC],,,2026-06-16T16:56:58.205126Z[UTC]
Merrillville Metal Recycling,2026-06-16T08:14:31.852Z[UTC],https://app.greensparksoftware.com/app/sales/outbound-tickets/f4efd003-35be-4fde-96b7-2b4ab58b8b94,1729,SHIPPED,Trinity Metals,NON_FERROUS,COPPER TIER 1,"#1 COPPER",CU00001,3846,3653,193,17804.9006,Pauline Samaniego,510,5.6250/lbs,20548.1250,USD,Alexus Thomas,Zack,MMR Finco,5303,001,,,false,,0.00,2026-06-16T08:18:41.656158Z[UTC],2026-06-16T21:56:58.205126Z[UTC],,,2026-06-16T16:56:58.205126Z[UTC]
Merrillville Metal Recycling,2026-06-16T08:14:31.852Z[UTC],https://app.greensparksoftware.com/app/sales/outbound-tickets/f4efd003-35be-4fde-96b7-2b4ab58b8b94,1729,SHIPPED,Trinity Metals,NON_FERROUS,ALUMINUM,AL/CU RADIATORS - CLEAN,ALCURAD,4841,4841,0,8840.2544,Pauline Samaniego,510,3.2100/lbs,15539.6100,USD,Alexus Thomas,Zack,MMR Finco,5303,001,,,false,,0.00,2026-06-16T08:18:41.656158Z[UTC],2026-06-16T21:56:58.205126Z[UTC],,,2026-06-16T16:56:58.205126Z[UTC]
Merrillville Metal Recycling,2026-06-16T08:14:31.852Z[UTC],https://app.greensparksoftware.com/app/sales/outbound-tickets/f4efd003-35be-4fde-96b7-2b4ab58b8b94,1729,SHIPPED,Trinity Metals,NON_FERROUS,ALUMINUM,ALUMINUM/BRONZE,ALBRZ,904,865,39,1984.7604,Pauline Samaniego,510,4.3600/lbs,3771.4000,USD,Alexus Thomas,Zack,MMR Finco,5303,001,,,false,,0.00,2026-06-16T08:18:41.656158Z[UTC],2026-06-16T21:56:58.205126Z[UTC],,,2026-06-16T16:56:58.205126Z[UTC]
Merrillville Metal Recycling,2026-06-16T08:14:31.852Z[UTC],https://app.greensparksoftware.com/app/sales/outbound-tickets/f4efd003-35be-4fde-96b7-2b4ab58b8b94,1729,SHIPPED,Trinity Metals,NON_FERROUS,ALUMINUM,ALUMINUM CANS,AL00UBC,879,853,26,341.1994,Pauline Samaniego,510,1.0500/lbs,895.6500,USD,Alexus Thomas,Zack,MMR Finco,5303,001,,,false,,0.00,2026-06-16T08:18:41.656158Z[UTC],2026-06-16T21:56:58.205126Z[UTC],,,2026-06-16T16:56:58.205126Z[UTC]
Merrillville Metal Recycling,2026-06-16T08:14:31.852Z[UTC],https://app.greensparksoftware.com/app/sales/outbound-tickets/f4efd003-35be-4fde-96b7-2b4ab58b8b94,1729,SHIPPED,Trinity Metals,NON_FERROUS,ALUMINUM,ALUMINUM OLD SHEET,ALSHEET,1977,1977,0,896.8390,Pauline Samaniego,510,1.0000/lbs,1977.0000,USD,Alexus Thomas,Zack,MMR Finco,5303,001,,,false,,0.00,2026-06-16T08:18:41.656158Z[UTC],2026-06-16T21:56:58.205126Z[UTC],,,2026-06-16T16:56:58.205126Z[UTC]
Merrillville Metal Recycling,2026-06-16T08:14:31.852Z[UTC],https://app.greensparksoftware.com/app/sales/outbound-tickets/f4efd003-35be-4fde-96b7-2b4ab58b8b94,1729,SHIPPED,Trinity Metals,NON_FERROUS,ALUMINUM,ALUMINUM PAINTED SIDING,ALPAINT,1425,1425,0,812.5704,Pauline Samaniego,510,1.0100/lbs,1439.2500,USD,Alexus Thomas,Zack,MMR Finco,5303,001,,,false,,0.00,2026-06-16T08:18:41.656158Z[UTC],2026-06-16T21:56:58.205126Z[UTC],,,2026-06-16T16:56:58.205126Z[UTC]
Merrillville Metal Recycling,2026-06-16T08:14:31.852Z[UTC],https://app.greensparksoftware.com/app/sales/outbound-tickets/f4efd003-35be-4fde-96b7-2b4ab58b8b94,1729,SHIPPED,Trinity Metals,NON_FERROUS,ALUMINUM,ALUMINUM RIMS,ALWHEEL,2389,2186,203,1571.6936,Pauline Samaniego,510,1.5800/lbs,3453.8800,USD,Alexus Thomas,Zack,MMR Finco,5303,001,,,false,,0.00,2026-06-16T08:18:41.656158Z[UTC],2026-06-16T21:56:58.205126Z[UTC],,,2026-06-16T16:56:58.205126Z[UTC]
Merrillville Metal Recycling,2026-06-16T08:14:31.852Z[UTC],https://app.greensparksoftware.com/app/sales/outbound-tickets/f4efd003-35be-4fde-96b7-2b4ab58b8b94,1729,SHIPPED,Trinity Metals,NON_FERROUS,COPPER TIER 1,BARE BRIGHT COPPER,CUBB001,6234,5842,392,26883.9030,Pauline Samaniego,510,5.8350/lbs,34088.0700,USD,Alexus Thomas,Zack,MMR Finco,5303,001,,,false,,0.00,2026-06-16T08:18:41.656158Z[UTC],2026-06-16T21:56:58.205126Z[UTC],,,2026-06-16T16:56:58.205126Z[UTC]
Merrillville Metal Recycling,2026-06-16T08:14:31.852Z[UTC],https://app.greensparksoftware.com/app/sales/outbound-tickets/f4efd003-35be-4fde-96b7-2b4ab58b8b94,1729,SHIPPED,Trinity Metals,NON_FERROUS,ALUMINUM,CLEAN CAST ALUMINUM,CCAL,805,709,96,297.5762,Pauline Samaniego,510,0.3000/lbs,212.7000,USD,Alexus Thomas,Zack,MMR Finco,5303,001,,,false,,0.00,2026-06-16T08:18:41.656158Z[UTC],2026-06-16T21:56:58.205126Z[UTC],,,2026-06-16T16:56:58.205126Z[UTC]
Merrillville Metal Recycling,2026-06-16T08:14:31.852Z[UTC],https://app.greensparksoftware.com/app/sales/outbound-tickets/f4efd003-35be-4fde-96b7-2b4ab58b8b94,1729,SHIPPED,Trinity Metals,NON_FERROUS,COPPER TIER 2,COMMUNICATION WIRE,COMWIRECU,3617,3524,93,6462.5554,Pauline Samaniego,510,2.4100/lbs,8492.8400,USD,Alexus Thomas,Zack,MMR Finco,5303,001,,,false,,0.00,2026-06-16T08:18:41.656158Z[UTC],2026-06-16T21:56:58.205126Z[UTC],,,2026-06-16T16:56:58.205126Z[UTC]
Merrillville Metal Recycling,2026-06-16T08:14:31.852Z[UTC],https://app.greensparksoftware.com/app/sales/outbound-tickets/f4efd003-35be-4fde-96b7-2b4ab58b8b94,1729,SHIPPED,Trinity Metals,NON_FERROUS,COPPER TIER 2,ICW HARNESS WIRE,ICWHARWIR,690,624,66,775.7904,Pauline Samaniego,510,2.5100/lbs,1566.2400,USD,Alexus Thomas,Zack,MMR Finco,5303,001,,,false,,0.00,2026-06-16T08:18:41.656158Z[UTC],2026-06-16T21:56:58.205126Z[UTC],,,2026-06-16T16:56:58.205126Z[UTC]
Merrillville Metal Recycling,2026-06-16T08:14:31.852Z[UTC],https://app.greensparksoftware.com/app/sales/outbound-tickets/f4efd003-35be-4fde-96b7-2b4ab58b8b94,1729,SHIPPED,Trinity Metals,NON_FERROUS,BRASS TIER 1,RED BRASS SOLIDS,BRREDSD,1212,1153,59,3311.7607,Pauline Samaniego,510,4.7800/lbs,5511.3400,USD,Alexus Thomas,Zack,MMR Finco,5303,001,,,false,,0.00,2026-06-16T08:18:41.656158Z[UTC],2026-06-16T21:56:58.205126Z[UTC],,,2026-06-16T16:56:58.205126Z[UTC]
Merrillville Metal Recycling,2026-06-16T08:14:31.852Z[UTC],https://app.greensparksoftware.com/app/sales/outbound-tickets/f4efd003-35be-4fde-96b7-2b4ab58b8b94,1729,SHIPPED,Trinity Metals,NON_FERROUS,COPPER TIER 2,ROMEX WIRE,RMXWIR,1874,1784,90,3959.9770,Pauline Samaniego,510,3.5500/lbs,6333.2000,USD,Alexus Thomas,Zack,MMR Finco,5303,001,,,false,,0.00,2026-06-16T08:18:41.656158Z[UTC],2026-06-16T21:56:58.205126Z[UTC],,,2026-06-16T16:56:58.205126Z[UTC]
Merrillville Metal Recycling,2026-06-16T08:14:31.852Z[UTC],https://app.greensparksoftware.com/app/sales/outbound-tickets/f4efd003-35be-4fde-96b7-2b4ab58b8b94,1729,SHIPPED,Trinity Metals,NON_FERROUS,BRASS TIER 1,SEMI RED BRASS,SEMREBR,283,218,65,293.4707,Pauline Samaniego,510,4.4300/lbs,965.7400,USD,Alexus Thomas,Zack,MMR Finco,5303,001,,,false,,0.00,2026-06-16T08:18:41.656158Z[UTC],2026-06-16T21:56:58.205126Z[UTC],,,2026-06-16T16:56:58.205126Z[UTC]
Merrillville Metal Recycling,2026-06-16T08:14:31.852Z[UTC],https://app.greensparksoftware.com/app/sales/outbound-tickets/f4efd003-35be-4fde-96b7-2b4ab58b8b94,1729,SHIPPED,Trinity Metals,NON_FERROUS,BRASS TIER 1,YELLOW BRASS SOLIDS,BRYELLO,2069,1976,93,4778.3292,Pauline Samaniego,510,3.8000/lbs,7508.8000,USD,Alexus Thomas,Zack,MMR Finco,5303,001,,,false,,0.00,2026-06-16T08:18:41.656158Z[UTC],2026-06-16T21:56:58.205126Z[UTC],,,2026-06-16T16:56:58.205126Z[UTC]
Merrillville Metal Recycling,2026-06-16T08:14:31.852Z[UTC],https://app.greensparksoftware.com/app/sales/outbound-tickets/f4efd003-35be-4fde-96b7-2b4ab58b8b94,1729,SHIPPED,Trinity Metals,NON_FERROUS,COPPER TIER 2,"#1 ICW 60%",CUIN160,600,514,86,1549.1416,Pauline Samaniego,510,3.2600/lbs,1675.6400,USD,Alexus Thomas,Zack,MMR Finco,5303,001,,,false,,0.00,2026-06-16T08:18:41.656158Z[UTC],2026-06-16T21:56:58.205126Z[UTC],,,2026-06-16T16:56:58.205126Z[UTC]
Merrillville Metal Recycling,2026-06-16T08:14:31.852Z[UTC],https://app.greensparksoftware.com/app/sales/outbound-tickets/f4efd003-35be-4fde-96b7-2b4ab58b8b94,1729,SHIPPED,Trinity Metals,NON_FERROUS,COPPER TIER 1,"#2 COPPER",CU00002,967,907,60,4351.9999,Pauline Samaniego,510,5.5250/lbs,5011.1750,USD,Alexus Thomas,Zack,MMR Finco,5303,001,,,false,,0.00,2026-06-16T08:18:41.656158Z[UTC],2026-06-16T21:56:58.205126Z[UTC],,,2026-06-16T16:56:58.205126Z[UTC]
Merrillville Metal Recycling,2026-06-16T08:14:31.852Z[UTC],https://app.greensparksoftware.com/app/sales/outbound-tickets/f4efd003-35be-4fde-96b7-2b4ab58b8b94,1729,SHIPPED,Trinity Metals,NON_FERROUS,ALUMINUM,6063 BARE ALUMINUM EXTRUSION,AL06063,1356,1157,199,1122.3394,Pauline Samaniego,510,1.7300/lbs,2001.6100,USD,Alexus Thomas,Zack,MMR Finco,5303,001,,,false,,0.00,2026-06-16T08:18:41.656158Z[UTC],2026-06-16T21:56:58.205126Z[UTC],,,2026-06-16T16:56:58.205126Z[UTC]
Merrillville Metal Recycling,2026-06-16T08:14:31.852Z[UTC],https://app.greensparksoftware.com/app/sales/outbound-tickets/f4efd003-35be-4fde-96b7-2b4ab58b8b94,1729,SHIPPED,Trinity Metals,NON_FERROUS,ALUMINUM,6063 PAINTED EXTRUSION,AL06310,1958,1672,286,1188.5493,Pauline Samaniego,510,1.6900/lbs,2825.6800,USD,Alexus Thomas,Zack,MMR Finco,5303,001,,,false,,0.00,2026-06-16T08:18:41.656158Z[UTC],2026-06-16T21:56:58.205126Z[UTC],,,2026-06-16T16:56:58.205126Z[UTC]
Merrillville Metal Recycling,2026-06-16T08:14:31.852Z[UTC],https://app.greensparksoftware.com/app/sales/outbound-tickets/f4efd003-35be-4fde-96b7-2b4ab58b8b94,1729,SHIPPED,Trinity Metals,NON_FERROUS,ALUMINUM,ACR AL/CU RADIATOR ENDS,ALCURAEND,1712,1403,309,871.8174,Pauline Samaniego,510,2.0000/lbs,2806.0000,USD,Alexus Thomas,Zack,MMR Finco,5303,001,,,false,,0.00,2026-06-16T08:18:41.656158Z[UTC],2026-06-16T21:56:58.205126Z[UTC],,,2026-06-16T16:56:58.205126Z[UTC]
Merrillville Metal Recycling,2026-06-15T08:15:57.979Z[UTC],https://app.greensparksoftware.com/app/sales/outbound-tickets/645c1782-82f9-40ae-9c96-8a041b9771ab,1725,INVOICED,Merrillville Peddler,FERROUS,STEEL,HEAVY MELT,INDHVYM,20,20,0,2.2717,Zack Czernik,329,0.3200/lbs,6.4000,USD,,,,,,,,false,,0.00,2026-06-15T08:16:18.876055Z[UTC],2026-06-15T13:16:18.876055Z[UTC],,,2026-06-15T08:16:45.873796Z[UTC]
Merrillville Metal Recycling,2026-06-13T09:00:16.259Z[UTC],https://app.greensparksoftware.com/app/sales/outbound-tickets/d68c76ec-0df5-4a20-b995-78fd506b2737,1723,INCOMPLETE,Merrillville Peddler,NON_FERROUS,BRASS TIER 2,70/30 Brass Shells,7030BR,69,69,0,0.0000,Pauline Samaniego,329,2.3000/lbs,158.7000,USD,,,,,,,,false,,0.00,2026-06-13T09:00:33.306308Z[UTC],,,,2026-06-13T09:00:33.306308Z[UTC]
Merrillville Metal Recycling,2026-06-13T08:37:14.508Z[UTC],https://app.greensparksoftware.com/app/sales/outbound-tickets/62915047-3e94-4c1b-83a4-550ce7873377,1722,INVOICED,Merrillville Peddler,NON_FERROUS,BRASS TIER 2,70/30 Brass Shells,7030BR,180,180,0,414.0000,Pauline Samaniego,329,2.3000/lbs,414.0000,USD,,,,,,,,false,,0.00,2026-06-13T08:37:42.088258Z[UTC],2026-06-13T13:37:42.088258Z[UTC],,,2026-06-13T08:38:40.513404Z[UTC]
Merrillville Metal Recycling,2026-06-09T14:56:45.705Z[UTC],https://app.greensparksoftware.com/app/sales/outbound-tickets/b48561a5-aa66-458d-9c49-1f0410c9c9fc,1716,INVOICED,Merrillville Peddler,NON_FERROUS,COPPER TIER 2,"#1 ICW 60%",CUIN160,19,19,0,58.2722,Pauline Samaniego,329,5.2600/lbs,99.9400,USD,,,,,,,,false,,0.00,2026-06-09T14:57:09.893732Z[UTC],2026-06-09T19:57:21.924377Z[UTC],,,2026-06-09T14:57:37.749704Z[UTC]
Merrillville Metal Recycling,2026-06-09T13:47:26.06Z[UTC],https://app.greensparksoftware.com/app/sales/outbound-tickets/ac438b78-4695-4bde-80cb-b938384e16b5,1714,INVOICED,DJJ,FERROUS,STEEL,AUTO CAST,FEAUCST,79280,44180,35100,7246.6069,Alexus Thomas,504,465.0000/gt,9171.2946428571428571,USD,,,,,,,,false,,0.00,2026-06-09T14:07:30.244526Z[UTC],2026-06-10T19:32:47.218728Z[UTC],,,2026-06-17T10:20:35.269463Z[UTC]
Merrillville Metal Recycling,2026-06-08T09:15:18.856Z[UTC],https://app.greensparksoftware.com/app/sales/outbound-tickets/f3544449-ebc6-49f4-9787-3c260ae856cf,1710,PAID,Merrillville Peddler,FERROUS,STEEL,SHEET IRON,SHIRST,2,2,0,0.1668,Pauline Samaniego,329,0.3200/lbs,0.6400,USD,,,,,,,,false,,0.00,2026-06-08T09:15:36.014532Z[UTC],2026-06-08T14:15:42.246345Z[UTC],,,2026-06-16T12:45:09.84485Z[UTC]
Merrillville Metal Recycling,2026-06-08T09:14:34.802Z[UTC],https://app.greensparksoftware.com/app/sales/outbound-tickets/75c6adfd-b8ec-46e9-861f-01b937adc047,1709,INCOMPLETE,Merrillville Peddler,NON_FERROUS,STAINLESS STEEL TIER 1,409 STAINLESS,409SS,9,9,0,0.0000,Pauline Samaniego,329,0.5000/lbs,4.5000,USD,,,,,,,,false,,0.00,2026-06-08T09:14:53.094847Z[UTC],,,,2026-06-09T14:56:40.248873Z[UTC]
Merrillville Metal Recycling,2026-06-05T12:01:09.923Z[UTC],https://app.greensparksoftware.com/app/sales/outbound-tickets/fceeae5c-c21b-4654-b8d5-3a2a94d5eba8,1705,PAID,Merrillville Peddler,FERROUS,STEEL,SHEET IRON,SHIRST,40,40,0,3.3332,Pauline Samaniego,329,0.3200/lbs,12.8000,USD,,,,,,,,false,,0.00,2026-06-05T12:01:23.995779Z[UTC],2026-06-05T17:01:35.340473Z[UTC],,,2026-06-16T12:44:31.503552Z[UTC]
Merrillville Metal Recycling,2026-06-05T10:13:55.382Z[UTC],https://app.greensparksoftware.com/app/sales/outbound-tickets/d19eac03-9219-4e38-a8e7-0f35e1468ca2,1704,PAID,Merrillville Peddler,FERROUS,STEEL,PLATE & STRUCTUAL,INDP&S,78,78,0,7.3639,Pauline Samaniego,329,0.3200/lbs,24.9600,USD,,,,,,,,false,,0.00,2026-06-05T10:14:09.655965Z[UTC],2026-06-05T15:14:14.936083Z[UTC],,,2026-06-05T16:18:29.414552Z[UTC]
Merrillville Metal Recycling,2026-06-04T15:51:36.916Z[UTC],https://app.greensparksoftware.com/app/sales/outbound-tickets/7d5c6630-fa3d-4699-ac6f-abd7bfcd761c,1703,PAID,Merrillville Peddler,NON_FERROUS,COPPER TIER 2,"#1 ICW 80%",ICW80,23,20,3,73.3657,Pauline Samaniego,329,5.0000/lbs,100.0000,USD,,,,,,,,false,,0.00,2026-06-04T15:51:55.76447Z[UTC],2026-06-04T20:52:05.774691Z[UTC],,,2026-06-05T16:18:12.461368Z[UTC]
Merrillville Metal Recycling,2026-06-03T15:53:14.02Z[UTC],https://app.greensparksoftware.com/app/sales/outbound-tickets/9fc6fe34-4f91-49ad-a225-6ff94b38b655,1699,PAID,Merrillville Peddler,NON_FERROUS,LEAD,SOFT LEAD,SOFLEA,27,25,2,7.7765,Pauline Samaniego,329,0.8000/lbs,20.0000,USD,,,,,,,,false,,0.00,2026-06-03T15:53:31.914762Z[UTC],2026-06-03T20:53:37.920562Z[UTC],,,2026-06-16T12:44:10.632425Z[UTC]
Merrillville Metal Recycling,2026-06-03T10:28:07.994Z[UTC],https://app.greensparksoftware.com/app/sales/outbound-tickets/982805f8-11f6-4b0f-8f8f-cbcb5e593d42,1697,PAID,SUMMIT INC.,FERROUS,STEEL,SHEET IRON,SHIRST,70640,29580,41060,2466.8093,Pauline Samaniego,499,290.0000/gt,3829.5535714285714286,USD,,,,,,,,false,,0.00,2026-06-03T10:28:58.947253Z[UTC],2026-06-03T15:29:10.964067Z[UTC],,,2026-06-04T12:21:20.427994Z[UTC]
Merrillville Metal Recycling,2026-06-03T10:00:36.855Z[UTC],https://app.greensparksoftware.com/app/sales/outbound-tickets/594c11a4-884a-4804-8935-5ee24c4e5fcc,1696,PAID,Merrillville Peddler,FERROUS,STEEL,BUSHELING,Indbush,77,77,0,7.4641,Pauline Samaniego,329,0.6000/lbs,46.2000,USD,,,,,,,,false,,0.00,2026-06-03T10:00:51.367993Z[UTC],2026-06-03T15:00:57.410711Z[UTC],,,2026-06-03T14:43:31.073192Z[UTC]
Merrillville Metal Recycling,2026-06-02T12:10:26.407Z[UTC],https://app.greensparksoftware.com/app/sales/outbound-tickets/af245d62-3ac2-45b8-bf64-605d62fa64a1,1695,PAID,AMG Resources Corp,FERROUS,STEEL,HEAVY MELT - UNPREPARED,UNPHMS,81220,40120,41100,3327.7735,Alexus Thomas,497,300.0000/gt,5373.2142857142857143,USD,Jim Laporte,,,,,,,false,,0.00,2026-06-02T12:10:38.021541Z[UTC],2026-06-03T19:42:35.04355Z[UTC],,,2026-06-10T14:28:49.498672Z[UTC]
Merrillville Metal Recycling,2026-06-01T12:48:32.228Z[UTC],https://app.greensparksoftware.com/app/sales/outbound-tickets/c751be98-8649-47b2-bfc9-a0c500a00447,1691,PAID,AMG Resources Corp,FERROUS,STEEL,HEAVY MELT - UNPREPARED,UNPHMS,79380,38140,41240,3159.2914,Alexus Thomas,497,300.0000/gt,5108.0357142857142857,USD,Jim Laporte,,,,,,,false,,0.00,2026-06-01T12:49:48.317038Z[UTC],2026-06-03T19:42:12.758943Z[UTC],,,2026-06-10T14:28:49.498672Z[UTC]
Merrillville Metal Recycling,2026-06-01T11:16:57.442Z[UTC],https://app.greensparksoftware.com/app/sales/outbound-tickets/74fce363-ce67-45b6-aa3f-33ecac2d2069,1687,PAID,Merrillville Peddler,NON_FERROUS,STAINLESS STEEL TIER 1,304 STAINLESS SOLIDS,NISS300,6,6,0,1.6771,Pauline Samaniego,329,0.5000/lbs,3.0000,USD,,,,,,,,false,,0.00,2026-06-01T11:17:59.824669Z[UTC],2026-06-01T20:32:26.537406Z[UTC],,,2026-06-03T14:43:18.395716Z[UTC]
Merrillville Metal Recycling,2026-06-01T11:16:57.442Z[UTC],https://app.greensparksoftware.com/app/sales/outbound-tickets/74fce363-ce67-45b6-aa3f-33ecac2d2069,1687,PAID,Merrillville Peddler,NON_FERROUS,ALUMINUM,ALUMINUM OLD SHEET,ALSHEET,10,10,0,4.5497,Pauline Samaniego,329,0.6000/lbs,6.0000,USD,,,,,,,,false,,0.00,2026-06-01T11:17:59.824669Z[UTC],2026-06-01T20:32:26.537406Z[UTC],,,2026-06-03T14:43:18.395716Z[UTC]
Merrillville Metal Recycling,2026-06-01T11:16:57.442Z[UTC],https://app.greensparksoftware.com/app/sales/outbound-tickets/74fce363-ce67-45b6-aa3f-33ecac2d2069,1687,PAID,Merrillville Peddler,FERROUS,STEEL,SHEET IRON,SHIRST,9,9,0,0.7497,Pauline Samaniego,329,0.3200/lbs,2.8800,USD,,,,,,,,false,,0.00,2026-06-01T11:17:59.824669Z[UTC],2026-06-01T20:32:26.537406Z[UTC],,,2026-06-03T14:43:18.395716Z[UTC]
Merrillville Metal Recycling,2026-06-01T11:16:57.442Z[UTC],https://app.greensparksoftware.com/app/sales/outbound-tickets/74fce363-ce67-45b6-aa3f-33ecac2d2069,1687,PAID,Merrillville Peddler,NON_FERROUS,BRASS TIER 1,YELLOW BRASS SOLIDS,BRYELLO,8,8,0,20.3767,Pauline Samaniego,329,5.0000/lbs,40.0000,USD,,,,,,,,false,,0.00,2026-06-01T11:17:59.824669Z[UTC],2026-06-01T20:32:26.537406Z[UTC],,,2026-06-03T14:43:18.395716Z[UTC]
Merrillville Metal Recycling,2026-06-01T08:40:06.028Z[UTC],https://app.greensparksoftware.com/app/sales/outbound-tickets/276a131a-0016-4ec9-b7b8-a3ab60a4da96,1686,PAID,AMG Resources Corp,FERROUS,STEEL,"UNPREPARED P&S ",UNPREP,76920,35420,41500,3055.2768,Alexus Thomas,476,335.0000/gt,5297.1875000000000000,USD,Jim Laporte,,,,,,,false,,0.00,2026-06-01T08:42:51.740824Z[UTC],2026-06-01T17:43:22.293601Z[UTC],,,2026-06-10T14:28:49.498672Z[UTC]
Merrillville Metal Recycling,2026-05-29T15:05:19.203Z[UTC],https://app.greensparksoftware.com/app/sales/outbound-tickets/7de4dff9-3709-4604-895a-12d7981812d1,1684,PAID,Omni Source,FERROUS,STEEL,SHEET IRON,SHIRST,69140,28800,40340,2408.3063,Pauline Samaniego,428,265.0000/gt,3407.1428571428571429,USD,Jim Laporte,,Schneider National Carriers,,53769,11812,,true,,0.00,2026-05-29T15:05:47.38964Z[UTC],2026-06-01T13:43:11.577462Z[UTC],,,2026-06-05T08:12:49.96336Z[UTC]
Merrillville Metal Recycling,2026-05-29T13:42:08.246Z[UTC],https://app.greensparksoftware.com/app/sales/outbound-tickets/26ca5a87-ce43-48b7-a7a7-31fc368a151a,1683,PAID,Omni Source,FERROUS,STEEL,SHEET IRON,SHIRST,78580,39500,39080,3302.9748,Pauline Samaniego,428,265.0000/gt,4672.9910714285714286,USD,Jim Laporte,,Schneider National Carriers,,,,,true,,0.00,2026-05-29T13:44:12.212027Z[UTC],2026-05-29T21:19:50.003544Z[UTC],,,2026-06-05T08:12:49.96336Z[UTC]
Merrillville Metal Recycling,2026-05-29T12:34:43.417Z[UTC],https://app.greensparksoftware.com/app/sales/outbound-tickets/d6f7fe8e-4631-45ef-9009-743661e22697,1682,PAID,DJJ,FERROUS,STEEL,HEAVY MELT,INDHVYM,79220,46020,33200,5380.9011,Pauline Samaniego,478,325.0000/gt,6677.0089285714285714,USD,,,,,,,,false,,0.00,2026-05-29T12:35:06.295037Z[UTC],2026-05-29T21:20:10.088367Z[UTC],,,2026-06-02T12:16:02.230104Z[UTC]
Merrillville Metal Recycling,2026-05-29T10:46:04.494Z[UTC],https://app.greensparksoftware.com/app/sales/outbound-tickets/d260750b-d9da-4f04-918a-0f0c41da8d2c,1680,INVOICED,Cimco - NLMK,FERROUS,STEEL,BUSHELING,Indbush,59680,24780,34900,2414.9758,Alexus Thomas,460,445.0000/gt,4922.8125000000000000,USD,Jim Laporte,,,,,,,false,,0.00,2026-05-29T10:48:21.754787Z[UTC],2026-05-29T16:29:00.769715Z[UTC],,,2026-06-01T12:09:10.721903Z[UTC]
Merrillville Metal Recycling,2026-05-29T08:31:54.892Z[UTC],https://app.greensparksoftware.com/app/sales/outbound-tickets/4835ac3b-d897-4e44-a802-0e15c1102e23,1679,INVOICED,Cimco - NLMK,FERROUS,STEEL,BUSHELING,Indbush,71100,36340,34760,3541.5747,Pauline Samaniego,460,445.0000/gt,7219.3303571428571429,USD,Jim Laporte,,,d02,001,,,false,,0.00,2026-05-29T08:33:07.247114Z[UTC],2026-05-29T14:29:15.564654Z[UTC],,,2026-06-01T12:09:10.721903Z[UTC]
Merrillville Metal Recycling,2026-05-28T13:20:34.704Z[UTC],https://app.greensparksoftware.com/app/sales/outbound-tickets/2edc1206-ee56-4de4-a26f-858474e933e0,1676,PAID,Merrillville Peddler,NON_FERROUS,BRASS TIER 1,YELLOW BRASS SOLIDS,BRYELLO,2,2,0,5.0867,Pauline Samaniego,329,5.0000/lbs,10.0000,USD,,,,,,,,false,,0.00,2026-05-28T13:20:53.734247Z[UTC],2026-05-28T18:21:00.034392Z[UTC],,,2026-05-28T14:06:59.727277Z[UTC]
Merrillville Metal Recycling,2026-05-28T12:47:19.114Z[UTC],https://app.greensparksoftware.com/app/sales/outbound-tickets/428bc342-08e5-4eef-a1fc-755042147e86,1675,INVOICED,Cimco - NLMK,FERROUS,STEEL,BUSHELING,Indbush,71520,36480,35040,3571.0931,Pauline Samaniego,460,445.0000/gt,7247.1428571428571429,USD,Jim Laporte,,,,,,,false,,0.00,2026-05-28T12:53:19.736841Z[UTC],2026-05-28T19:13:44.793754Z[UTC],,,2026-06-01T12:09:10.721903Z[UTC]
Merrillville Metal Recycling,2026-05-28T08:57:55.369Z[UTC],https://app.greensparksoftware.com/app/sales/outbound-tickets/7b09bfe9-62ff-47fa-b519-5a4b240ce6af,1671,PAID,DJJ,FERROUS,STEEL,HEAVY MELT,INDHVYM,76700,45140,31560,5282.2617,Alexus Thomas,478,325.0000/gt,6549.3303571428571429,USD,,,,,,,,false,,0.00,2026-05-28T08:58:40.257409Z[UTC],2026-05-28T19:05:56.818014Z[UTC],,,2026-06-02T12:14:50.314647Z[UTC]
Merrillville Metal Recycling,2026-05-27T09:15:39.098Z[UTC],https://app.greensparksoftware.com/app/sales/outbound-tickets/e2b37f63-d8ec-489b-8413-f0ec8a78f566,1666,PAID,Merrillville Peddler,NON_FERROUS,ALUMINUM,ALUMINUM PAINTED SIDING,ALPAINT,4,4,0,2.2921,Pauline Samaniego,329,1.0000/lbs,4.0000,USD,,,,,,,,false,,0.00,2026-05-27T09:15:23.624098Z[UTC],2026-05-27T14:15:30.775758Z[UTC],,,2026-05-28T14:06:38.418742Z[UTC]
Merrillville Metal Recycling,2026-05-27T09:13:33.523Z[UTC],https://app.greensparksoftware.com/app/sales/outbound-tickets/999b3854-1e98-4998-ae5d-2c60ea235772,1665,PAID,Merrillville Peddler,FERROUS,STEEL,SHEET IRON,SHIRST,16,16,0,1.3361,Pauline Samaniego,329,0.3200/lbs,5.1200,USD,,,,,,,,false,,0.00,2026-05-27T09:13:50.815077Z[UTC],2026-05-27T14:13:59.959186Z[UTC],,,2026-05-28T14:06:21.70018Z[UTC]
Merrillville Metal Recycling,2026-05-27T09:13:33.523Z[UTC],https://app.greensparksoftware.com/app/sales/outbound-tickets/999b3854-1e98-4998-ae5d-2c60ea235772,1665,PAID,Merrillville Peddler,NON_FERROUS,BRASS TIER 2,70/30 Brass Shells,7030BR,20,20,0,46.0000,Pauline Samaniego,329,2.3000/lbs,46.0000,USD,,,,,,,,false,,0.00,2026-05-27T09:13:50.815077Z[UTC],2026-05-27T14:13:59.959186Z[UTC],,,2026-05-28T14:06:21.70018Z[UTC]
Merrillville Metal Recycling,2026-05-26T18:10:26.314Z[UTC],https://app.greensparksoftware.com/app/sales/outbound-tickets/6f06dfe6-6f15-484c-bb9d-74de6dc8b78c,1663,PAID,Beacon Recycling,NON_FERROUS,ALUMINUM,ALUMINUM CANS,AL00UBC,734,698,36,279.1875,Alexus Thomas,483,0.8000/lbs,558.4000,USD,Jim Laporte,,,,,,,false,,0.00,2026-05-26T18:10:52.258122Z[UTC],2026-05-27T12:57:43.472702Z[UTC],,,2026-06-02T12:11:37.156821Z[UTC]
Merrillville Metal Recycling,2026-05-26T18:10:26.314Z[UTC],https://app.greensparksoftware.com/app/sales/outbound-tickets/6f06dfe6-6f15-484c-bb9d-74de6dc8b78c,1663,PAID,Beacon Recycling,NON_FERROUS,ALUMINUM,ALUMINUM OLD SHEET,ALSHEET,4104,4104,0,1779.0539,Alexus Thomas,483,0.9800/lbs,4021.9200,USD,Jim Laporte,,,,,,,false,,0.00,2026-05-26T18:10:52.258122Z[UTC],2026-05-27T12:57:43.472702Z[UTC],,,2026-06-02T12:11:37.156821Z[UTC]
Merrillville Metal Recycling,2026-05-26T18:10:26.314Z[UTC],https://app.greensparksoftware.com/app/sales/outbound-tickets/6f06dfe6-6f15-484c-bb9d-74de6dc8b78c,1663,PAID,Beacon Recycling,NON_FERROUS,ALUMINUM,ALUMINUM PAINTED SIDING,ALPAINT,7103,7103,0,3965.8312,Alexus Thomas,483,1.1500/lbs,8168.4500,USD,Jim Laporte,,,,,,,false,,0.00,2026-05-26T18:10:52.258122Z[UTC],2026-05-27T12:57:43.472702Z[UTC],,,2026-06-02T12:11:37.156821Z[UTC]
Merrillville Metal Recycling,2026-05-26T18:10:26.314Z[UTC],https://app.greensparksoftware.com/app/sales/outbound-tickets/6f06dfe6-6f15-484c-bb9d-74de6dc8b78c,1663,PAID,Beacon Recycling,NON_FERROUS,ALUMINUM,ALUMINUM RADIATORS - CLEAN,AL0RADS,1162,1162,0,391.4498,Alexus Thomas,483,1.7000/lbs,1975.4000,USD,Jim Laporte,,,,,,,false,,0.00,2026-05-26T18:10:52.258122Z[UTC],2026-05-27T12:57:43.472702Z[UTC],,,2026-06-02T12:11:37.156821Z[UTC]
Merrillville Metal Recycling,2026-05-26T18:10:26.314Z[UTC],https://app.greensparksoftware.com/app/sales/outbound-tickets/6f06dfe6-6f15-484c-bb9d-74de6dc8b78c,1663,PAID,Beacon Recycling,NON_FERROUS,COPPER TIER 1,BARE BRIGHT COPPER,CUBB001,4447,4197,250,19401.7634,Alexus Thomas,483,5.7700/lbs,24216.6900,USD,Jim Laporte,,,,,,,false,,0.00,2026-05-26T18:10:52.258122Z[UTC],2026-05-27T12:57:43.472702Z[UTC],,,2026-06-02T12:11:37.156821Z[UTC]
Merrillville Metal Recycling,2026-05-26T18:10:26.314Z[UTC],https://app.greensparksoftware.com/app/sales/outbound-tickets/6f06dfe6-6f15-484c-bb9d-74de6dc8b78c,1663,PAID,Beacon Recycling,NON_FERROUS,ALUMINUM,CLEAN CAST ALUMINUM,CCAL,641,548,93,243.7402,Alexus Thomas,483,1.1500/lbs,630.2000,USD,Jim Laporte,,,,,,,false,,0.00,2026-05-26T18:10:52.258122Z[UTC],2026-05-27T12:57:43.472702Z[UTC],,,2026-06-02T12:11:37.156821Z[UTC]
Merrillville Metal Recycling,2026-05-26T18:10:26.314Z[UTC],https://app.greensparksoftware.com/app/sales/outbound-tickets/6f06dfe6-6f15-484c-bb9d-74de6dc8b78c,1663,PAID,Beacon Recycling,NON_FERROUS,COPPER TIER 2,COMMUNICATION WIRE,COMWIRECU,3944,3829,115,6519.6368,Alexus Thomas,483,2.3000/lbs,8806.7000,USD,Jim Laporte,,,,,,,false,,0.00,2026-05-26T18:10:52.258122Z[UTC],2026-05-27T12:57:43.472702Z[UTC],,,2026-06-02T12:11:37.156821Z[UTC]
Merrillville Metal Recycling,2026-05-26T18:10:26.314Z[UTC],https://app.greensparksoftware.com/app/sales/outbound-tickets/6f06dfe6-6f15-484c-bb9d-74de6dc8b78c,1663,PAID,Beacon Recycling,NON_FERROUS,COPPER TIER 1,CU BUSS BAR,CUBSBR,722,691,31,2859.7471,Alexus Thomas,483,5.7300/lbs,3959.4300,USD,Jim Laporte,,,,,,,false,,0.00,2026-05-26T18:10:52.258122Z[UTC],2026-05-27T12:57:43.472702Z[UTC],,,2026-06-02T12:11:37.156821Z[UTC]
Merrillville Metal Recycling,2026-05-26T18:10:26.314Z[UTC],https://app.greensparksoftware.com/app/sales/outbound-tickets/6f06dfe6-6f15-484c-bb9d-74de6dc8b78c,1663,PAID,Beacon Recycling,NON_FERROUS,BRASS TIER 1,RED BRASS SOLIDS,BRREDSD,456,368,88,650.8682,Alexus Thomas,483,4.8000/lbs,1766.4000,USD,Jim Laporte,,,,,,,false,,0.00,2026-05-26T18:10:52.258122Z[UTC],2026-05-27T12:57:43.472702Z[UTC],,,2026-06-02T12:11:37.156821Z[UTC]
Merrillville Metal Recycling,2026-05-26T18:10:26.314Z[UTC],https://app.greensparksoftware.com/app/sales/outbound-tickets/6f06dfe6-6f15-484c-bb9d-74de6dc8b78c,1663,PAID,Beacon Recycling,NON_FERROUS,COPPER TIER 1,SILVER PLTD BUSS BAR,SVPBB,432,391,41,1650.1969,Alexus Thomas,483,5.4200/lbs,2119.2200,USD,Jim Laporte,,,,,,,false,,0.00,2026-05-26T18:10:52.258122Z[UTC],2026-05-27T12:57:43.472702Z[UTC],,,2026-06-02T12:11:37.156821Z[UTC]
Merrillville Metal Recycling,2026-05-26T18:10:26.314Z[UTC],https://app.greensparksoftware.com/app/sales/outbound-tickets/6f06dfe6-6f15-484c-bb9d-74de6dc8b78c,1663,PAID,Beacon Recycling,NON_FERROUS,COPPER TIER 1,TIN PLTD COPPER WIRE,TNPDCWR,2069,2010,59,6872.2479,Alexus Thomas,483,5.4400/lbs,10934.4000,USD,Jim Laporte,,,,,,,false,,0.00,2026-05-26T18:10:52.258122Z[UTC],2026-05-27T12:57:43.472702Z[UTC],,,2026-06-02T12:11:37.156821Z[UTC]
Merrillville Metal Recycling,2026-05-26T18:10:26.314Z[UTC],https://app.greensparksoftware.com/app/sales/outbound-tickets/6f06dfe6-6f15-484c-bb9d-74de6dc8b78c,1663,PAID,Beacon Recycling,NON_FERROUS,BRASS TIER 1,YELLOW BRASS SOLIDS,BRYELLO,1231,1144,87,2907.9614,Alexus Thomas,483,3.6000/lbs,4118.4000,USD,Jim Laporte,,,,,,,false,,0.00,2026-05-26T18:10:52.258122Z[UTC],2026-05-27T12:57:43.472702Z[UTC],,,2026-06-02T12:11:37.156821Z[UTC]
Merrillville Metal Recycling,2026-05-26T18:10:26.314Z[UTC],https://app.greensparksoftware.com/app/sales/outbound-tickets/6f06dfe6-6f15-484c-bb9d-74de6dc8b78c,1663,PAID,Beacon Recycling,NON_FERROUS,COPPER TIER 2,"#1 ICW 60%",CUIN160,5262,5133,129,16233.0886,Alexus Thomas,483,3.3900/lbs,17400.8700,USD,Jim Laporte,,,,,,,false,,0.00,2026-05-26T18:10:52.258122Z[UTC],2026-05-27T12:57:43.472702Z[UTC],,,2026-06-02T12:11:37.156821Z[UTC]
Merrillville Metal Recycling,2026-05-26T18:10:26.314Z[UTC],https://app.greensparksoftware.com/app/sales/outbound-tickets/6f06dfe6-6f15-484c-bb9d-74de6dc8b78c,1663,PAID,Beacon Recycling,NON_FERROUS,COPPER TIER 1,"#1 COPPER",CU00001,2139,1962,177,9034.9519,Alexus Thomas,483,5.6500/lbs,11085.3000,USD,Jim Laporte,,,,,,,false,,0.00,2026-05-26T18:10:52.258122Z[UTC],2026-05-27T12:57:43.472702Z[UTC],,,2026-06-02T12:11:37.156821Z[UTC]
Merrillville Metal Recycling,2026-05-26T18:10:26.314Z[UTC],https://app.greensparksoftware.com/app/sales/outbound-tickets/6f06dfe6-6f15-484c-bb9d-74de6dc8b78c,1663,PAID,Beacon Recycling,NON_FERROUS,COPPER TIER 2,"#1 ICW 88%",CUIN188,7482,7312,170,25832.7378,Alexus Thomas,483,4.8400/lbs,35390.0800,USD,Jim Laporte,,,,,,,false,,0.00,2026-05-26T18:10:52.258122Z[UTC],2026-05-27T12:57:43.472702Z[UTC],,,2026-06-02T12:11:37.156821Z[UTC]
Merrillville Metal Recycling,2026-05-26T18:10:26.314Z[UTC],https://app.greensparksoftware.com/app/sales/outbound-tickets/6f06dfe6-6f15-484c-bb9d-74de6dc8b78c,1663,PAID,Beacon Recycling,NON_FERROUS,COPPER TIER 1,"#2 COPPER",CU00002,843,763,80,3499.4977,Alexus Thomas,483,5.4200/lbs,4135.4600,USD,Jim Laporte,,,,,,,false,,0.00,2026-05-26T18:10:52.258122Z[UTC],2026-05-27T12:57:43.472702Z[UTC],,,2026-06-02T12:11:37.156821Z[UTC]
Merrillville Metal Recycling,2026-05-26T18:10:26.314Z[UTC],https://app.greensparksoftware.com/app/sales/outbound-tickets/6f06dfe6-6f15-484c-bb9d-74de6dc8b78c,1663,PAID,Beacon Recycling,NON_FERROUS,COPPER TIER 2,"#2 ICW 20% - CHRISTMAS LIGHTS",CUIN220,736,680,56,114.7710,Alexus Thomas,483,0.7000/lbs,476.0000,USD,Jim Laporte,,,,,,,false,,0.00,2026-05-26T18:10:52.258122Z[UTC],2026-05-27T12:57:43.472702Z[UTC],,,2026-06-02T12:11:37.156821Z[UTC]
Merrillville Metal Recycling,2026-05-26T18:10:26.314Z[UTC],https://app.greensparksoftware.com/app/sales/outbound-tickets/6f06dfe6-6f15-484c-bb9d-74de6dc8b78c,1663,PAID,Beacon Recycling,NON_FERROUS,COPPER TIER 2,"#2 ICW 45%",CUIN245,1523,1464,59,1825.5450,Alexus Thomas,483,2.2200/lbs,3250.0800,USD,Jim Laporte,,,,,,,false,,0.00,2026-05-26T18:10:52.258122Z[UTC],2026-05-27T12:57:43.472702Z[UTC],,,2026-06-02T12:11:37.156821Z[UTC]
Merrillville Metal Recycling,2026-05-26T18:10:26.314Z[UTC],https://app.greensparksoftware.com/app/sales/outbound-tickets/6f06dfe6-6f15-484c-bb9d-74de6dc8b78c,1663,PAID,Beacon Recycling,NON_FERROUS,ALUMINUM,6061 ALUMINUM - SPC,AL06061,1637,1523,114,829.5233,Alexus Thomas,483,1.2400/lbs,1888.5200,USD,Jim Laporte,,,,,,,false,,0.00,2026-05-26T18:10:52.258122Z[UTC],2026-05-27T12:57:43.472702Z[UTC],,,2026-06-02T12:11:37.156821Z[UTC]
Merrillville Metal Recycling,2026-05-26T18:10:26.314Z[UTC],https://app.greensparksoftware.com/app/sales/outbound-tickets/6f06dfe6-6f15-484c-bb9d-74de6dc8b78c,1663,PAID,Beacon Recycling,NON_FERROUS,BRASS TIER 2,70/30 Brass Shells,7030BR,458,406,52,933.8000,Alexus Thomas,483,3.6400/lbs,1477.8400,USD,Jim Laporte,,,,,,,false,,0.00,2026-05-26T18:10:52.258122Z[UTC],2026-05-27T12:57:43.472702Z[UTC],,,2026-06-02T12:11:37.156821Z[UTC]
Merrillville Metal Recycling,2026-05-26T18:10:26.314Z[UTC],https://app.greensparksoftware.com/app/sales/outbound-tickets/6f06dfe6-6f15-484c-bb9d-74de6dc8b78c,1663,PAID,Beacon Recycling,NON_FERROUS,ALUMINUM,AL/CU RADIATORS - CLEAN,ALCURAD,2647,2647,0,3963.5242,Alexus Thomas,483,3.2000/lbs,8470.4000,USD,Jim Laporte,,,,,,,false,,0.00,2026-05-26T18:10:52.258122Z[UTC],2026-05-27T12:57:43.472702Z[UTC],,,2026-06-02T12:11:37.156821Z[UTC]
Merrillville Metal Recycling,2026-05-26T18:10:26.314Z[UTC],https://app.greensparksoftware.com/app/sales/outbound-tickets/6f06dfe6-6f15-484c-bb9d-74de6dc8b78c,1663,PAID,Beacon Recycling,NON_FERROUS,COPPER TIER 1,TIN PLATED BUSBAR,TCUBSBR,399,364,35,1415.9076,Alexus Thomas,483,5.4200/lbs,1972.8800,USD,Jim Laporte,,,,,,,false,,0.00,2026-05-26T18:10:52.258122Z[UTC],2026-05-27T12:57:43.472702Z[UTC],,,2026-06-02T12:11:37.156821Z[UTC]
Merrillville Metal Recycling,2026-05-26T18:10:26.314Z[UTC],https://app.greensparksoftware.com/app/sales/outbound-tickets/6f06dfe6-6f15-484c-bb9d-74de6dc8b78c,1663,PAID,Beacon Recycling,NON_FERROUS,BRASS TIER 1,SEMI RED BRASS,SEMREBR,397,301,96,768.2586,Alexus Thomas,483,4.5000/lbs,1354.5000,USD,Jim Laporte,,,,,,,false,,0.00,2026-05-26T18:10:52.258122Z[UTC],2026-05-27T12:57:43.472702Z[UTC],,,2026-06-02T12:11:37.156821Z[UTC]
Merrillville Metal Recycling,2026-05-26T12:15:12.504Z[UTC],https://app.greensparksoftware.com/app/sales/outbound-tickets/0a546e22-3d47-4de2-80e5-bd5d15c7aa47,1660,PAID,Omni Source,FERROUS,STEEL,SHEET IRON,SHIRST,75560,32560,43000,2718.2089,Alexus Thomas,428,265.0000/gt,3851.9642857142857143,USD,Jim Laporte,,Schneider National Carriers,,,,,true,,0.00,2026-05-26T12:16:10.483118Z[UTC],2026-05-26T18:57:34.999648Z[UTC],,,2026-06-05T08:12:49.96336Z[UTC]
Merrillville Metal Recycling,2026-05-21T14:20:02.141Z[UTC],https://app.greensparksoftware.com/app/sales/outbound-tickets/73509337-d67a-486a-aa05-0849804a2c54,1657,PAID,AMG Resources Corp,FERROUS,STEEL,SHEET IRON,SHIRST,73500,32080,41420,2670.5312,Alexus Thomas,476,260.0000/gt,3723.5714285714285714,USD,Jim Laporte,,,,,,,false,,0.00,2026-05-21T14:20:34.4442Z[UTC],2026-05-22T13:26:17.344292Z[UTC],,,2026-06-03T14:39:01.482421Z[UTC]
Merrillville Metal Recycling,2026-05-21T09:32:24.48Z[UTC],https://app.greensparksoftware.com/app/sales/outbound-tickets/0f1ba43c-2d7b-4790-82bf-e6aa142a3483,1653,PAID,AMG Resources Corp,FERROUS,STEEL,SHEET IRON,SHIRST,72840,31360,41480,2608.8301,Pauline Samaniego,476,260.0000/gt,3640.0000000000000000,USD,Jim Laporte,,,,,,,false,,0.00,2026-05-21T09:45:48.324098Z[UTC],2026-05-21T19:19:45.407021Z[UTC],,,2026-06-03T14:39:01.482421Z[UTC]
Merrillville Metal Recycling,2026-05-20T11:01:08.114Z[UTC],https://app.greensparksoftware.com/app/sales/outbound-tickets/b32ec074-7f06-4b82-bd50-56bb1da9103b,1651,INVOICED,Cimco - NLMK,FERROUS,STEEL,BUSHELING,Indbush,76160,41340,34820,4108.5117,Pauline Samaniego,460,445.0000/gt,8212.6339285714285714,USD,Jim Laporte,,,,,,,false,,0.00,2026-05-20T11:01:23.574838Z[UTC],2026-05-20T17:26:42.499242Z[UTC],,,2026-06-01T12:09:10.721903Z[UTC]
Merrillville Metal Recycling,2026-05-20T08:23:25.025Z[UTC],https://app.greensparksoftware.com/app/sales/outbound-tickets/bb7d787c-ce53-4e79-83e6-64ca97e6d547,1650,INVOICED,Cimco - NLMK,FERROUS,STEEL,BUSHELING,Indbush,70260,35560,34700,3534.0753,Pauline Samaniego,460,445.0000/gt,7064.3750000000000000,USD,Jim Laporte,,,,,,,false,,0.00,2026-05-20T08:23:56.69618Z[UTC],2026-05-20T14:45:02.227579Z[UTC],,,2026-06-01T12:09:10.721903Z[UTC]
Merrillville Metal Recycling,2026-05-19T13:09:59.028Z[UTC],https://app.greensparksoftware.com/app/sales/outbound-tickets/ee5aded0-ad40-4ea6-8ecb-2a6fa15c47db,1649,INVOICED,Cimco - NLMK,FERROUS,STEEL,BUSHELING,Indbush,78080,43320,34760,4305.2909,Pauline Samaniego,460,445.0000/gt,8605.9821428571428571,USD,Jim Laporte,,,d002,001,,,false,,0.00,2026-05-19T13:10:31.085999Z[UTC],2026-05-19T19:33:25.888483Z[UTC],,,2026-06-01T12:09:10.721903Z[UTC]
Merrillville Metal Recycling,2026-05-18T12:39:13.433Z[UTC],https://app.greensparksoftware.com/app/sales/outbound-tickets/ed35702b-2f27-4376-8703-4ecb28e316dc,1646,INVOICED,Cimco - NLMK,FERROUS,STEEL,BUSHELING,Indbush,79820,38580,41240,3858.4611,Pauline Samaniego,460,445.0000/gt,7664.3303571428571429,USD,Jim Laporte,,,,,,,false,,0.00,2026-05-18T12:39:50.578747Z[UTC],2026-05-18T18:40:41.055407Z[UTC],,,2026-06-01T12:09:10.721903Z[UTC]
Merrillville Metal Recycling,2026-05-18T10:05:35.492Z[UTC],https://app.greensparksoftware.com/app/sales/outbound-tickets/ca191f17-92c5-4b37-8ef5-3f9429ec582c,1644,INVOICED,AMG Resources Corp,FERROUS,STEEL,HEAVY MELT - UNPREPARED,UNPHMS,70980,9340,61640,765.4295,Pauline Samaniego,476,300.0000/gt,1250.8928571428571429,USD,Jim Laporte,brad smith,BMR Transport,,,,,false,,0.00,2026-05-18T10:05:54.746598Z[UTC],2026-05-18T15:36:33.53852Z[UTC],,,2026-06-01T12:09:36.597115Z[UTC]
Merrillville Metal Recycling,2026-05-14T08:26:28.315Z[UTC],https://app.greensparksoftware.com/app/sales/outbound-tickets/6bccb8fd-ac74-485e-b697-11fb397e88e2,1638,PAID,Merrillville Peddler,FERROUS,STEEL,SHEET IRON,SHIRST,21,21,0,1.7520,Pauline Samaniego,329,0.3200/lbs,6.7200,USD,,,,,,,,false,,0.00,2026-05-14T08:26:32.037283Z[UTC],2026-05-14T13:44:02.571051Z[UTC],,,2026-05-14T12:22:03.798926Z[UTC]
Merrillville Metal Recycling,2026-05-13T14:33:41.553Z[UTC],https://app.greensparksoftware.com/app/sales/outbound-tickets/d574bd74-4646-47ba-9864-5146d3551824,1637,PAID,Merrillville Peddler,FERROUS,STEEL,"UNPREPARED P&S ",UNPREP,484,484,0,40.9992,Pauline Samaniego,329,0.3200/lbs,154.8800,USD,,,,,,,,false,,0.00,2026-05-13T14:33:59.52925Z[UTC],2026-05-13T19:34:05.70488Z[UTC],,,2026-05-14T12:21:23.412052Z[UTC]
Merrillville Metal Recycling,2026-05-12T11:37:32.331Z[UTC],https://app.greensparksoftware.com/app/sales/outbound-tickets/08fc7e08-90de-479e-b656-a31aaabdcd5f,1633,PAID,Beacon Recycling,NON_FERROUS,COPPER TIER 1,BARE BRIGHT COPPER,CUBB001,8536,8166,370,39340.5336,Alexus Thomas,461,5.6000/lbs,45729.6000,USD,Jim Laporte,,,,,,,false,,0.00,2026-05-12T11:39:43.922826Z[UTC],2026-05-13T15:16:56.429971Z[UTC],,,2026-06-02T11:18:20.415545Z[UTC]
Merrillville Metal Recycling,2026-05-12T11:37:32.331Z[UTC],https://app.greensparksoftware.com/app/sales/outbound-tickets/08fc7e08-90de-479e-b656-a31aaabdcd5f,1633,PAID,Beacon Recycling,NON_FERROUS,ALUMINUM,CLEAN CAST ALUMINUM,CCAL,2030,1927,103,894.9397,Alexus Thomas,461,1.1200/lbs,2158.2400,USD,Jim Laporte,,,,,,,false,,0.00,2026-05-12T11:39:43.922826Z[UTC],2026-05-13T15:16:56.429971Z[UTC],,,2026-06-02T11:18:20.415545Z[UTC]
Merrillville Metal Recycling,2026-05-12T11:37:32.331Z[UTC],https://app.greensparksoftware.com/app/sales/outbound-tickets/08fc7e08-90de-479e-b656-a31aaabdcd5f,1633,PAID,Beacon Recycling,NON_FERROUS,BRASS TIER 1,RED BRASS SOLIDS,BRREDSD,1559,1466,93,4032.4296,Alexus Thomas,461,3.5100/lbs,5145.6600,USD,Jim Laporte,,,,,,,false,,0.00,2026-05-12T11:39:43.922826Z[UTC],2026-05-13T15:16:56.429971Z[UTC],,,2026-06-02T11:18:20.415545Z[UTC]
Merrillville Metal Recycling,2026-05-12T11:37:32.331Z[UTC],https://app.greensparksoftware.com/app/sales/outbound-tickets/08fc7e08-90de-479e-b656-a31aaabdcd5f,1633,PAID,Beacon Recycling,NON_FERROUS,BRASS TIER 1,SEMI RED BRASS,SEMREBR,1120,1029,91,2587.5501,Alexus Thomas,461,4.3800/lbs,4507.0200,USD,Jim Laporte,,,,,,,false,,0.00,2026-05-12T11:39:43.922826Z[UTC],2026-05-13T15:16:56.429971Z[UTC],,,2026-06-02T11:18:20.415545Z[UTC]
Merrillville Metal Recycling,2026-05-12T11:37:32.331Z[UTC],https://app.greensparksoftware.com/app/sales/outbound-tickets/08fc7e08-90de-479e-b656-a31aaabdcd5f,1633,PAID,Beacon Recycling,NON_FERROUS,COPPER TIER 1,TIN PLTD COPPER WIRE,TNPDCWR,1027,967,60,3836.7857,Alexus Thomas,461,5.3700/lbs,5192.7900,USD,Jim Laporte,,,,,,,false,,0.00,2026-05-12T11:39:43.922826Z[UTC],2026-05-13T15:16:56.429971Z[UTC],,,2026-06-02T11:18:20.415545Z[UTC]
Merrillville Metal Recycling,2026-05-12T11:37:32.331Z[UTC],https://app.greensparksoftware.com/app/sales/outbound-tickets/08fc7e08-90de-479e-b656-a31aaabdcd5f,1633,PAID,Beacon Recycling,NON_FERROUS,BRASS TIER 1,YELLOW BRASS SOLIDS,BRYELLO,3941,3850,91,9597.1353,Alexus Thomas,461,3.5200/lbs,13552.0000,USD,Jim Laporte,,,,,,,false,,0.00,2026-05-12T11:39:43.922826Z[UTC],2026-05-13T15:16:56.429971Z[UTC],,,2026-06-02T11:18:20.415545Z[UTC]
Merrillville Metal Recycling,2026-05-12T11:37:32.331Z[UTC],https://app.greensparksoftware.com/app/sales/outbound-tickets/08fc7e08-90de-479e-b656-a31aaabdcd5f,1633,PAID,Beacon Recycling,NON_FERROUS,COPPER TIER 1,"#3 Cu MICA 98%",CU0003MICA,521,418,103,844.3182,Alexus Thomas,461,5.1700/lbs,2161.0600,USD,Jim Laporte,,,,,,,false,,0.00,2026-05-12T11:39:43.922826Z[UTC],2026-05-13T15:16:56.429971Z[UTC],,,2026-06-02T11:18:20.415545Z[UTC]
Merrillville Metal Recycling,2026-05-12T11:37:32.331Z[UTC],https://app.greensparksoftware.com/app/sales/outbound-tickets/08fc7e08-90de-479e-b656-a31aaabdcd5f,1633,PAID,Beacon Recycling,NON_FERROUS,COPPER TIER 1,"#2 COPPER",CU00002,1119,1028,91,4595.5111,Alexus Thomas,461,5.3200/lbs,5468.9600,USD,Jim Laporte,,,,,,,false,,0.00,2026-05-12T11:39:43.922826Z[UTC],2026-05-13T15:16:56.429971Z[UTC],,,2026-06-02T11:18:20.415545Z[UTC]
Merrillville Metal Recycling,2026-05-12T11:37:32.331Z[UTC],https://app.greensparksoftware.com/app/sales/outbound-tickets/08fc7e08-90de-479e-b656-a31aaabdcd5f,1633,PAID,Beacon Recycling,NON_FERROUS,COPPER TIER 1,"#3 COPPER",CU00003,347,296,51,612.9568,Alexus Thomas,461,5.1700/lbs,1530.3200,USD,Jim Laporte,,,,,,,false,,0.00,2026-05-12T11:39:43.922826Z[UTC],2026-05-13T15:16:56.429971Z[UTC],,,2026-06-02T11:18:20.415545Z[UTC]
Merrillville Metal Recycling,2026-05-12T11:37:32.331Z[UTC],https://app.greensparksoftware.com/app/sales/outbound-tickets/08fc7e08-90de-479e-b656-a31aaabdcd5f,1633,PAID,Beacon Recycling,NON_FERROUS,ALUMINUM,6061 ALUMINUM EXTRUSIONS,ALEXTRU,858,799,59,613.4839,Alexus Thomas,461,1.5000/lbs,1198.5000,USD,Jim Laporte,,,,,,,false,,0.00,2026-05-12T11:39:43.922826Z[UTC],2026-05-13T15:16:56.429971Z[UTC],,,2026-06-02T11:18:20.415545Z[UTC]
Merrillville Metal Recycling,2026-05-12T11:37:32.331Z[UTC],https://app.greensparksoftware.com/app/sales/outbound-tickets/08fc7e08-90de-479e-b656-a31aaabdcd5f,1633,PAID,Beacon Recycling,NON_FERROUS,COPPER TIER 1,"#1 COPPER",CU00001,2754,2550,204,11945.9073,Alexus Thomas,461,5.5000/lbs,14025.0000,USD,Jim Laporte,,,,,,,false,,0.00,2026-05-12T11:39:43.922826Z[UTC],2026-05-13T15:16:56.429971Z[UTC],,,2026-06-02T11:18:20.415545Z[UTC]
Merrillville Metal Recycling,2026-05-12T11:37:32.331Z[UTC],https://app.greensparksoftware.com/app/sales/outbound-tickets/08fc7e08-90de-479e-b656-a31aaabdcd5f,1633,PAID,Beacon Recycling,NON_FERROUS,ALUMINUM,6063 BARE ALUMINUM EXTRUSION,AL06063,8550,7228,1322,7773.6342,Alexus Thomas,461,1.8000/lbs,13010.4000,USD,Jim Laporte,,,,,,,false,,0.00,2026-05-12T11:39:43.922826Z[UTC],2026-05-13T15:16:56.429971Z[UTC],,,2026-06-02T11:18:20.415545Z[UTC]
Merrillville Metal Recycling,2026-05-12T11:37:32.331Z[UTC],https://app.greensparksoftware.com/app/sales/outbound-tickets/08fc7e08-90de-479e-b656-a31aaabdcd5f,1633,PAID,Beacon Recycling,NON_FERROUS,ALUMINUM,6063 PAINTED EXTRUSION,AL06310,4762,4069,693,3756.2456,Alexus Thomas,461,1.5500/lbs,6306.9500,USD,Jim Laporte,,,,,,,false,,0.00,2026-05-12T11:39:43.922826Z[UTC],2026-05-13T15:16:56.429971Z[UTC],,,2026-06-02T11:18:20.415545Z[UTC]
Merrillville Metal Recycling,2026-05-12T11:37:32.331Z[UTC],https://app.greensparksoftware.com/app/sales/outbound-tickets/08fc7e08-90de-479e-b656-a31aaabdcd5f,1633,PAID,Beacon Recycling,NON_FERROUS,ALUMINUM,AL/CU RADIATORS - CLEAN,ALCURAD,3229,3229,0,4575.6068,Alexus Thomas,461,3.1200/lbs,10074.4800,USD,Jim Laporte,,,,,,,false,,0.00,2026-05-12T11:39:43.922826Z[UTC],2026-05-13T15:16:56.429971Z[UTC],,,2026-06-02T11:18:20.415545Z[UTC]
Merrillville Metal Recycling,2026-05-12T11:37:32.331Z[UTC],https://app.greensparksoftware.com/app/sales/outbound-tickets/08fc7e08-90de-479e-b656-a31aaabdcd5f,1633,PAID,Beacon Recycling,NON_FERROUS,ALUMINUM,ALUMINUM PAINTED SIDING,ALPAINT,6703,6703,0,3779.0116,Alexus Thomas,461,1.1300/lbs,7574.3900,USD,Jim Laporte,,,,,,,false,,0.00,2026-05-12T11:39:43.922826Z[UTC],2026-05-13T15:16:56.429971Z[UTC],,,2026-06-02T11:18:20.415545Z[UTC]
Merrillville Metal Recycling,2026-05-12T08:39:45.971Z[UTC],https://app.greensparksoftware.com/app/sales/outbound-tickets/1bf6155f-e8be-41d1-9a49-607c2798bf7a,1630,PAID,Merrillville Peddler,FERROUS,STEEL,SHEET IRON,SHIRST,59,59,0,4.9456,Pauline Samaniego,329,0.3200/lbs,18.8800,USD,,,,,,,,false,,0.00,2026-05-12T08:40:32.683187Z[UTC],2026-05-12T13:41:54.340087Z[UTC],,,2026-05-15T13:37:50.250229Z[UTC]
Merrillville Metal Recycling,2026-05-11T15:45:03.083Z[UTC],https://app.greensparksoftware.com/app/sales/outbound-tickets/519c96a7-4337-4514-8558-c86b9f2a4edc,1627,PAID,Grand Rapids Iron and Metal,FERROUS,STEEL,AUTO CAST,FEAUCST,102420,66560,35860,10863.3701,Pauline Samaniego,474,440.0000/gt,13074.285714285714,USD,Jim Laporte,,,,,,,false,,0.00,2026-05-11T16:59:19.627978Z[UTC],2026-05-11T22:03:31.196009Z[UTC],,,2026-06-08T10:56:03.103992Z[UTC]
Merrillville Metal Recycling,2026-05-11T14:40:17.028Z[UTC],https://app.greensparksoftware.com/app/sales/outbound-tickets/872d92e9-8abe-4125-8ac4-8cfacc032846,1626,PAID,Cimco - NLMK,FERROUS,STEEL,BUSHELING,Indbush,81580,40280,41300,4036.7145,Pauline Samaniego,460,445.0000/gt,8002.0535714285714286,USD,Jim Laporte,,,,,,,false,,0.00,2026-05-11T14:40:40.370293Z[UTC],2026-05-11T20:39:47.162946Z[UTC],,,2026-06-12T13:11:28.271149Z[UTC]
Merrillville Metal Recycling,2026-05-11T12:28:58.556Z[UTC],https://app.greensparksoftware.com/app/sales/outbound-tickets/f0e56068-d0c0-4217-9f80-d7f9c4a5edac,1624,INVOICED,AMG Resources Corp,FERROUS,STEEL,"UNPREPARED P&S ",UNPREP,41300,41300,0,3425.0254,Pauline Samaniego,446,335.0000/gt,6176.5625000000000000,USD,Jim Laporte,,,,,,,false,,0.00,2026-05-11T12:30:32.012577Z[UTC],2026-05-12T13:46:04.418744Z[UTC],,,2026-05-28T07:17:53.941518Z[UTC]
Merrillville Metal Recycling,2026-05-11T08:11:23.038Z[UTC],https://app.greensparksoftware.com/app/sales/outbound-tickets/6794f531-f206-40ba-8a47-e8b663a025ac,1623,PAID,Merrillville Peddler,NON_FERROUS,BRASS TIER 1,YELLOW BRASS SOLIDS,BRYELLO,1,1,0,2.4917,Pauline Samaniego,329,5.0000/lbs,5.0000,USD,,,,,,,,false,,0.00,2026-05-11T08:12:44.157377Z[UTC],2026-05-11T13:12:54.919374Z[UTC],,,2026-05-12T08:43:13.329222Z[UTC]
Merrillville Metal Recycling,2026-05-08T11:33:15Z[UTC],https://app.greensparksoftware.com/app/sales/outbound-tickets/a5b844b6-182b-4a27-8473-3cd7b24a78c0,1654,PAID,AMG Resources Corp,FERROUS,STEEL,HEAVY MELT - UNPREPARED,UNPHMS,46020,13760,32260,1156.3413,Alexus Thomas,476,300.0000/gt,1842.8571428571428571,USD,Jim Laporte,,,,,,,false,,0.00,2026-05-21T11:33:44.825726Z[UTC],2026-05-21T16:33:44.825726Z[UTC],,,2026-05-21T12:16:19.496672Z[UTC]
Merrillville Metal Recycling,2026-05-07T12:04:53.438Z[UTC],https://app.greensparksoftware.com/app/sales/outbound-tickets/cf912baa-8f0f-4bae-8364-dfc2f81b46af,1618,PAID,AMG Resources Corp,FERROUS,STEEL,HEAVY MELT - UNPREPARED,UNPHMS,42720,10380,32340,882.8932,Pauline Samaniego,446,310.0000/gt,1436.5178571428571429,USD,Jim Laporte,,,,,,,false,,0.00,2026-05-07T12:05:36.82432Z[UTC],2026-05-11T14:59:17.483886Z[UTC],,,2026-05-21T12:16:19.496672Z[UTC]
Merrillville Metal Recycling,2026-05-07T11:32:47Z[UTC],https://app.greensparksoftware.com/app/sales/outbound-tickets/2ccba648-7bdd-4030-ae7a-faa1d0dedb83,1622,PAID,ANH AUTO CORE,FERROUS,STEEL,AUTO CAST,FEAUCST,1381,1381,0,224.4302,Jamie Miller,473,0.2200/lbs,303.8200,USD,,,,,,,,false,,0.00,2026-05-09T11:33:28.423548Z[UTC],2026-05-09T16:33:34.302144Z[UTC],,,2026-05-09T11:35:23.849428Z[UTC]
Merrillville Metal Recycling,2026-05-07T08:26:25.841Z[UTC],https://app.greensparksoftware.com/app/sales/outbound-tickets/f477f70b-2510-4534-8b0e-e5819700b532,1617,PAID,Merrillville Peddler,FERROUS,STEEL,HEAVY MELT,INDHVYM,26,26,0,3.0913,Jamie Miller,329,0.3200/lbs,8.3200,USD,,,,,,,,false,,0.00,2026-05-07T08:26:45.229848Z[UTC],2026-05-09T16:29:49.171686Z[UTC],,,2026-05-09T11:34:42.219334Z[UTC]
Merrillville Metal Recycling,2026-05-05T12:38:03.345Z[UTC],https://app.greensparksoftware.com/app/sales/outbound-tickets/98a52e1d-207a-40fb-a0b4-7a4bda737543,1606,PAID,SDI - Columbia City,FERROUS,STEEL,PLATE & STRUCTUAL,INDP&S,78720,37100,41620,3382.4519,Alexus Thomas,448,360.0000/gt,5962.5000000000000000,USD,Jim Laporte,,,,,,,false,,0.00,2026-05-05T12:38:35.39031Z[UTC],2026-05-11T16:59:33.822113Z[UTC],,,2026-06-09T10:33:06.000371Z[UTC]
Merrillville Metal Recycling,2026-05-04T13:49:15.795Z[UTC],https://app.greensparksoftware.com/app/sales/outbound-tickets/83b151fb-db42-42ba-911d-0ac0d6b52275,1603,PAID,Merrillville Peddler,FERROUS,STEEL,HEAVY MELT,INDHVYM,9,9,0,1.0823,Jamie Miller,329,0.3200/lbs,2.8800,USD,,,,,,,,false,,0.00,2026-05-04T13:49:30.535416Z[UTC],2026-05-09T16:29:24.972096Z[UTC],,,2026-05-09T11:34:42.219334Z[UTC]
Merrillville Metal Recycling,2026-05-04T13:31:03.034Z[UTC],https://app.greensparksoftware.com/app/sales/outbound-tickets/d75b9b50-b9e8-4f95-a092-df6644391db6,1602,PAID,Merrillville Peddler,FERROUS,STEEL,SHEET IRON,SHIRST,540,540,0,45.8525,Jamie Miller,329,0.3200/lbs,172.8000,USD,,,,,,,,false,,0.00,2026-05-04T13:31:55.403542Z[UTC],2026-05-09T16:28:49.312962Z[UTC],,,2026-05-09T11:34:42.219334Z[UTC]
Merrillville Metal Recycling,2026-05-04T13:31:03.034Z[UTC],https://app.greensparksoftware.com/app/sales/outbound-tickets/d75b9b50-b9e8-4f95-a092-df6644391db6,1602,PAID,Merrillville Peddler,FERROUS,STEEL,HEAVY MELT - UNPREPARED,UNPHMS,3240,3240,0,275.1791,Jamie Miller,329,0.1437/lbs,465.5880,USD,,,,,,,,false,,0.00,2026-05-04T13:31:55.403542Z[UTC],2026-05-09T16:28:49.312962Z[UTC],,,2026-05-09T11:34:42.219334Z[UTC]
Merrillville Metal Recycling,2026-05-01T15:15:59.943Z[UTC],https://app.greensparksoftware.com/app/sales/outbound-tickets/20e98782-4bfa-4920-a7d7-8866146a67c7,1599,PAID,benton milton,NON_FERROUS,ALUMINUM,ALUMINIUM TURNS,ALUTURN,3914,3252,662,650.4115,Alexus Thomas,391,0.5500/lbs,1788.6000,USD,,,,,,,,false,,0.00,2026-05-01T15:16:19.055649Z[UTC],2026-05-04T17:54:02.360273Z[UTC],,,2026-06-01T08:01:22.943543Z[UTC]
Merrillville Metal Recycling,2026-05-01T12:22:17.431Z[UTC],https://app.greensparksoftware.com/app/sales/outbound-tickets/f506fb12-faf8-4277-83d6-65e32dfd86da,1597,PAID,AMG Resources Corp,FERROUS,STEEL,HEAVY MELT - UNPREPARED,UNPHMS,42720,10400,32320,881.6887,Alexus Thomas,446,310.0000/gt,1439.2857142857142857,USD,Jim Laporte,ZACK,,,,,,false,,0.00,2026-05-01T12:22:33.476518Z[UTC],2026-05-04T17:53:45.812245Z[UTC],,,2026-05-21T12:16:19.496672Z[UTC]
Merrillville Metal Recycling,2026-05-01T10:40:54.251Z[UTC],https://app.greensparksoftware.com/app/sales/outbound-tickets/aa76af9c-477b-4b36-9618-46efcca1f6cd,1595,PAID,AMG Resources Corp,FERROUS,STEEL,HEAVY MELT - UNPREPARED,UNPHMS,44840,12360,32480,1044.7321,Logan Sertic,446,310.0000/gt,1710.5357142857142857,USD,Jim Laporte,ZACK,,,,,,false,,0.00,2026-05-01T10:41:20.552701Z[UTC],2026-05-01T15:41:20.552701Z[UTC],,,2026-05-14T07:47:51.262245Z[UTC]
Merrillville Metal Recycling,2026-05-01T08:22:19.386Z[UTC],https://app.greensparksoftware.com/app/sales/outbound-tickets/f21b7c14-f274-485f-9378-f4506747445a,1592,PAID,Creative Metals Group,NON_FERROUS,COPPER TIER 3,STARTERS,CUSTART,347,314,33,68.4619,Alexus Thomas,455,0.9000/lbs,282.6000,USD,Alexus Thomas,jose,,,5508,,74920945,false,,0.00,2026-05-01T08:23:13.186674Z[UTC],2026-05-04T17:53:14.22512Z[UTC],,,2026-05-06T12:02:40.715493Z[UTC]
Merrillville Metal Recycling,2026-05-01T08:22:19.386Z[UTC],https://app.greensparksoftware.com/app/sales/outbound-tickets/f21b7c14-f274-485f-9378-f4506747445a,1592,PAID,Creative Metals Group,NON_FERROUS,COPPER TIER 3,ELECTRIC MOTORS - LARGE,CUELMOL,4579,4408,171,395.3301,Alexus Thomas,455,0.5700/lbs,2512.5600,USD,Alexus Thomas,jose,,,5508,,74920945,false,,0.00,2026-05-01T08:23:13.186674Z[UTC],2026-05-04T17:53:14.22512Z[UTC],,,2026-05-06T12:02:40.715493Z[UTC]
Merrillville Metal Recycling,2026-05-01T08:22:19.386Z[UTC],https://app.greensparksoftware.com/app/sales/outbound-tickets/f21b7c14-f274-485f-9378-f4506747445a,1592,PAID,Creative Metals Group,NON_FERROUS,COPPER TIER 3,SEALED UNITS,CUSEALD,3758,3634,124,390.9472,Alexus Thomas,455,0.5300/lbs,1926.0200,USD,Alexus Thomas,jose,,,5508,,74920945,false,,0.00,2026-05-01T08:23:13.186674Z[UTC],2026-05-04T17:53:14.22512Z[UTC],,,2026-05-06T12:02:40.715493Z[UTC]
Merrillville Metal Recycling,2026-05-01T08:22:19.386Z[UTC],https://app.greensparksoftware.com/app/sales/outbound-tickets/f21b7c14-f274-485f-9378-f4506747445a,1592,PAID,Creative Metals Group,Other,OTHER,AC PUMPS,ACPUM,438,405,33,127.2163,Alexus Thomas,455,0.7000/lbs,283.5000,USD,Alexus Thomas,jose,,,5508,,74920945,false,,0.00,2026-05-01T08:23:13.186674Z[UTC],2026-05-04T17:53:14.22512Z[UTC],,,2026-05-06T12:02:40.715493Z[UTC]
Merrillville Metal Recycling,2026-05-01T08:22:19.386Z[UTC],https://app.greensparksoftware.com/app/sales/outbound-tickets/f21b7c14-f274-485f-9378-f4506747445a,1592,PAID,Creative Metals Group,NON_FERROUS,COPPER TIER 3,ALTERNATORS,CUALTER,652,620,32,173.4036,Alexus Thomas,455,1.1500/lbs,713.0000,USD,Alexus Thomas,jose,,,5508,,74920945,false,,0.00,2026-05-01T08:23:13.186674Z[UTC],2026-05-04T17:53:14.22512Z[UTC],,,2026-05-06T12:02:40.715493Z[UTC]
Merrillville Metal Recycling,2026-05-01T08:22:19.386Z[UTC],https://app.greensparksoftware.com/app/sales/outbound-tickets/f21b7c14-f274-485f-9378-f4506747445a,1592,PAID,Creative Metals Group,NON_FERROUS,ALUMINUM,ALUM TRANSFORMERS,ALTRANSF,5359,5169,190,635.4384,Alexus Thomas,455,0.2500/lbs,1292.2500,USD,Alexus Thomas,jose,,,5508,,74920945,false,,0.00,2026-05-01T08:23:13.186674Z[UTC],2026-05-04T17:53:14.22512Z[UTC],,,2026-05-06T12:02:40.715493Z[UTC]
Merrillville Metal Recycling,2026-05-01T08:22:19.386Z[UTC],https://app.greensparksoftware.com/app/sales/outbound-tickets/f21b7c14-f274-485f-9378-f4506747445a,1592,PAID,Creative Metals Group,NON_FERROUS,COPPER TIER 3,BALLAST,CUBALST,1310,1243,67,147.1568,Alexus Thomas,455,0.4400/lbs,546.9200,USD,Alexus Thomas,jose,,,5508,,74920945,false,,0.00,2026-05-01T08:23:13.186674Z[UTC],2026-05-04T17:53:14.22512Z[UTC],,,2026-05-06T12:02:40.715493Z[UTC]
Merrillville Metal Recycling,2026-05-01T08:22:19.386Z[UTC],https://app.greensparksoftware.com/app/sales/outbound-tickets/f21b7c14-f274-485f-9378-f4506747445a,1592,PAID,Creative Metals Group,NON_FERROUS,BRASS TIER 2,CHROME/NICKEL PLATED BRASS SHELLS,CRNIBR7030,450,420,30,930.6305,Alexus Thomas,455,3.4500/lbs,1449.0000,USD,Alexus Thomas,jose,,,5508,,74920945,false,,0.00,2026-05-01T08:23:13.186674Z[UTC],2026-05-04T17:53:14.22512Z[UTC],,,2026-05-06T12:02:40.715493Z[UTC]
Merrillville Metal Recycling,2026-05-01T08:22:19.386Z[UTC],https://app.greensparksoftware.com/app/sales/outbound-tickets/f21b7c14-f274-485f-9378-f4506747445a,1592,PAID,Creative Metals Group,NON_FERROUS,COPPER TIER 3,COPPER TRANSFORMERS,CU TRANS,1579,1479,100,245.6661,Alexus Thomas,455,0.9000/lbs,1331.1000,USD,Alexus Thomas,jose,,,5508,,74920945,false,,0.00,2026-05-01T08:23:13.186674Z[UTC],2026-05-04T17:53:14.22512Z[UTC],,,2026-05-06T12:02:40.715493Z[UTC]
Merrillville Metal Recycling,2026-05-01T08:22:19.386Z[UTC],https://app.greensparksoftware.com/app/sales/outbound-tickets/f21b7c14-f274-485f-9378-f4506747445a,1592,PAID,Creative Metals Group,NON_FERROUS,BRASS TIER 2,Door Knobs,DRKBS,733,675,58,44.0351,Alexus Thomas,455,0.8000/lbs,540.0000,USD,Alexus Thomas,jose,,,5508,,74920945,false,,0.00,2026-05-01T08:23:13.186674Z[UTC],2026-05-04T17:53:14.22512Z[UTC],,,2026-05-06T12:02:40.715493Z[UTC]
Merrillville Metal Recycling,2026-05-01T08:22:19.386Z[UTC],https://app.greensparksoftware.com/app/sales/outbound-tickets/f21b7c14-f274-485f-9378-f4506747445a,1592,PAID,Creative Metals Group,NON_FERROUS,COPPER TIER 3,ELECTRIC MOTORS,CUMOTOR,18535,18038,497,6035.5465,Alexus Thomas,455,0.6700/lbs,12085.4600,USD,Alexus Thomas,jose,,,5508,,74920945,false,,0.00,2026-05-01T08:23:13.186674Z[UTC],2026-05-04T17:53:14.22512Z[UTC],,,2026-05-06T12:02:40.715493Z[UTC]
Merrillville Metal Recycling,2026-04-29T12:33:53.659Z[UTC],https://app.greensparksoftware.com/app/sales/outbound-tickets/407a82b7-b737-4264-a112-b5331000f1b9,1588,PAID,Omni Source,FERROUS,STEEL,SHEET IRON,SHIRST,77840,36320,41520,3081.3310,Logan Sertic,428,265.0000/gt,4296.7857142857142857,USD,Jim Laporte,ZACK,,,001,,,true,,0.00,2026-04-29T12:34:13.61333Z[UTC],2026-04-29T17:34:20.353907Z[UTC],,,2026-05-07T09:24:11.555003Z[UTC]
Merrillville Metal Recycling,2026-04-28T13:59:45.623Z[UTC],https://app.greensparksoftware.com/app/sales/outbound-tickets/54be5482-f62d-452d-9652-8840e65cc3f7,1586,PAID,SDI - Columbia City,FERROUS,STEEL,PLATE & STRUCTUAL,INDP&S,77720,42440,35280,4464.5227,Logan Sertic,448,360.0000/gt,6820.7142857142857143,USD,Jim Laporte,ZACK,,,001,,,false,,0.00,2026-04-28T14:00:11.272863Z[UTC],2026-04-28T19:00:11.272863Z[UTC],,,2026-05-21T12:34:45.762755Z[UTC]
Merrillville Metal Recycling,2026-04-24T13:57:26.609Z[UTC],https://app.greensparksoftware.com/app/sales/outbound-tickets/e7e1f804-f413-4444-a750-410c4dd2d8d2,1581,PAID,Omni Source,FERROUS,STEEL,SHEET IRON,SHIRST,81340,41660,39680,3534.5298,Logan Sertic,428,265.0000/gt,4928.5267857142857143,USD,Jim Laporte,angel,,,,,,true,,0.00,2026-04-24T13:57:44.833902Z[UTC],2026-04-24T20:53:20.33345Z[UTC],,,2026-04-30T09:37:46.08025Z[UTC]
Merrillville Metal Recycling,2026-04-24T13:12:06.779Z[UTC],https://app.greensparksoftware.com/app/sales/outbound-tickets/e0744236-9294-4936-a886-c376c7bdfc76,1580,PAID,Omni Source,FERROUS,STEEL,SHEET IRON,SHIRST,72880,34720,38160,2945.7244,Logan Sertic,428,265.0000/gt,4107.5000000000000000,USD,Jim Laporte,noa,,,,,,true,,0.00,2026-04-24T13:12:39.047863Z[UTC],2026-04-24T19:26:31.574568Z[UTC],,,2026-04-30T09:37:46.08025Z[UTC]
Merrillville Metal Recycling,2026-04-24T11:49:11.376Z[UTC],https://app.greensparksoftware.com/app/sales/outbound-tickets/da625d46-9e40-4380-9f0a-e940db0bd5a4,1578,PAID,AMG Resources Corp,FERROUS,STEEL,"UNPREPARED P&S ",UNPREP,61860,20460,41400,1735.8791,Alexus Thomas,446,335.0000/gt,3059.8660714285714286,USD,Jim Laporte,ZACK,,,001,,,false,,0.00,2026-04-24T11:49:25.180383Z[UTC],2026-04-29T14:44:48.334304Z[UTC],,,2026-05-06T14:33:05.323074Z[UTC]
Merrillville Metal Recycling,2026-04-24T08:57:13.124Z[UTC],https://app.greensparksoftware.com/app/sales/outbound-tickets/375609ad-14bc-4a18-b87c-f6529e821e09,1577,PAID,AMG Resources Corp,FERROUS,STEEL,"UNPREPARED P&S ",UNPREP,66920,25440,41480,2411.6052,Logan Sertic,446,335.0000/gt,3804.6428571428571429,USD,Jim Laporte,ZACK,,,001,,,false,,0.00,2026-04-24T08:57:38.964898Z[UTC],2026-04-24T15:14:51.507662Z[UTC],,,2026-05-06T14:33:05.323074Z[UTC]
Merrillville Metal Recycling,2026-04-22T14:14:41.297Z[UTC],https://app.greensparksoftware.com/app/sales/outbound-tickets/c4c49b87-6cc2-435f-8bde-f8fc91902cfe,1570,PAID,Omni Source,FERROUS,STEEL,CLEAN SHEET,CLSHST,73860,28640,45220,2707.0876,Pauline Samaniego,427,290.0000/gt,3707.8571428571428571,USD,Jim Laporte,Tiana,,111056,32448,,,true,,0.00,2026-04-22T14:14:50.328581Z[UTC],2026-04-22T21:25:51.962987Z[UTC],,,2026-04-30T09:37:46.08025Z[UTC]
Merrillville Metal Recycling,2026-04-22T13:33:58.053Z[UTC],https://app.greensparksoftware.com/app/sales/outbound-tickets/d08b175d-a5e1-4630-b0cc-496d30ed428b,1569,PAID,Omni Source,FERROUS,STEEL,CLEAN SHEET,CLSHST,69440,27560,41880,2605.0557,Logan Sertic,427,290.0000/gt,3568.0357142857142857,USD,Jim Laporte,Schneider,,11031,52032,,,true,,0.00,2026-04-22T13:34:10.567676Z[UTC],2026-04-22T20:23:26.362868Z[UTC],,,2026-04-30T09:37:46.08025Z[UTC]
Merrillville Metal Recycling,2026-04-22T11:51:10.617Z[UTC],https://app.greensparksoftware.com/app/sales/outbound-tickets/38a16037-3ea5-48ad-b53e-2a81af890689,1568,PAID,Omni Source,NON_FERROUS,COPPER TIER 2,"#1 ICW 88%",CUIN188,3026,2963,63,10357.4252,Logan Sertic,430,4.9770/lbs,14746.8510,USD,Jim Laporte,ZACK,,,001,,,false,,0.00,2026-04-22T11:51:28.964048Z[UTC],2026-04-22T20:41:12.578788Z[UTC],,,2026-05-07T10:00:37.45076Z[UTC]
Merrillville Metal Recycling,2026-04-22T09:35:20Z[UTC],https://app.greensparksoftware.com/app/sales/outbound-tickets/7ca4c9cf-3898-45e2-8456-390d4ff47e75,1589,PAID,Omni Source,FERROUS,STEEL,SHEET IRON,SHIRST,77880,32640,45240,2978.9798,Alexus Thomas,428,265.0000/gt,3861.4285714285714286,USD,Jim Laporte,,,,,,,true,,0.00,2026-04-30T09:35:44.810874Z[UTC],2026-04-30T14:35:44.810874Z[UTC],,,2026-04-30T09:37:46.08025Z[UTC]
Merrillville Metal Recycling,2026-04-22T08:13:38.121Z[UTC],https://app.greensparksoftware.com/app/sales/outbound-tickets/c8eb93fd-6cb6-4204-b08f-80427ec87455,1567,PAID,Omni Source,NON_FERROUS,COPPER TIER 1,BARE BRIGHT COPPER,CUBB001,1999,1826,173,8735.3511,Logan Sertic,429,5.2170/lbs,9526.2420,USD,Jim Laporte,ZACK,,,001,,,false,,0.00,2026-04-22T08:14:56.504258Z[UTC],2026-04-22T20:40:49.774703Z[UTC],,,2026-05-09T12:12:46.737684Z[UTC]
Merrillville Metal Recycling,2026-04-22T08:13:38.121Z[UTC],https://app.greensparksoftware.com/app/sales/outbound-tickets/c8eb93fd-6cb6-4204-b08f-80427ec87455,1567,PAID,Omni Source,NON_FERROUS,COPPER TIER 1,"#2 COPPER",CU00002,2104,1912,192,8291.9312,Logan Sertic,429,5.0070/lbs,9573.3840,USD,Jim Laporte,ZACK,,,001,,,false,,0.00,2026-04-22T08:14:56.504258Z[UTC],2026-04-22T20:40:49.774703Z[UTC],,,2026-05-09T12:12:46.737684Z[UTC]
Merrillville Metal Recycling,2026-04-22T08:13:38.121Z[UTC],https://app.greensparksoftware.com/app/sales/outbound-tickets/c8eb93fd-6cb6-4204-b08f-80427ec87455,1567,PAID,Omni Source,NON_FERROUS,COPPER TIER 1,"#1 COPPER",CU00001,3661,3395,266,15405.3925,Logan Sertic,429,5.1070/lbs,17338.2650,USD,Jim Laporte,ZACK,,,001,,,false,,0.00,2026-04-22T08:14:56.504258Z[UTC],2026-04-22T20:40:49.774703Z[UTC],,,2026-05-09T12:12:46.737684Z[UTC]
Merrillville Metal Recycling,2026-04-22T07:46:51.784Z[UTC],https://app.greensparksoftware.com/app/sales/outbound-tickets/0a1049e4-22eb-404c-a71f-5adb396a1f04,1566,PAID,Omni Source,FERROUS,STEEL,SHEET IRON,SHIRST,77800,32700,45100,2986.0162,Logan Sertic,428,265.0000/gt,3868.5267857142857143,USD,Jim Laporte,Tiana,,111056,32448,,,true,,0.00,2026-04-22T07:47:32.544368Z[UTC],2026-04-22T14:26:24.135569Z[UTC],,,2026-04-23T07:18:34.624531Z[UTC]
Merrillville Metal Recycling,2026-04-21T11:30:55.402Z[UTC],https://app.greensparksoftware.com/app/sales/outbound-tickets/d6883513-c74f-491b-a44c-cc0844efce90,1562,INVOICED,Cimco - NLMK,FERROUS,STEEL,BUSHELING,Indbush,78540,37160,41380,3586.3944,Logan Sertic,443,445.0000/gt,7382.2321428571428571,USD,Jim Laporte,ZACK,,,001,,,false,,0.00,2026-04-21T11:31:12.413832Z[UTC],2026-04-21T17:14:43.385089Z[UTC],,,2026-04-28T12:28:14.6535Z[UTC]
Merrillville Metal Recycling,2026-04-20T14:29:53Z[UTC],https://app.greensparksoftware.com/app/sales/outbound-tickets/e3679b49-40d5-436c-8952-466702f3f61e,1616,PAID,AMG Resources Corp,FERROUS,STEEL,HEAVY MELT - UNPREPARED,UNPHMS,74780,33660,41120,3341.3119,Alexus Thomas,446,310.0000/gt,4658.3035714285714286,USD,Jim Laporte,,,,,,,false,,0.00,2026-05-06T14:30:24.590548Z[UTC],2026-05-06T19:30:24.590548Z[UTC],,,2026-05-06T14:33:05.323074Z[UTC]
Merrillville Metal Recycling,2026-04-16T11:22:47.902Z[UTC],https://app.greensparksoftware.com/app/sales/outbound-tickets/458dd963-264a-4ca4-abb3-703bf8dfcc80,1555,PAID,Cimco - NLMK,FERROUS,STEEL,BUSHELING,Indbush,73040,37920,35120,3663.2362,Logan Sertic,443,445.0000/gt,7533.2142857142857143,USD,Jim Laporte,ZACK,,,001,,,false,,0.00,2026-04-16T11:24:00.011128Z[UTC],2026-04-16T16:24:00.011128Z[UTC],,,2026-05-26T08:48:03.055471Z[UTC]
Merrillville Metal Recycling,2026-04-14T12:06:17.136Z[UTC],https://app.greensparksoftware.com/app/sales/outbound-tickets/3fe07446-2ecf-4861-aaf8-410bd1c6d942,1550,PAID,AMG Resources Corp,FERROUS,STEEL,"UNPREPARED P&S ",UNPREP,70260,29060,41200,2722.2777,Alexus Thomas,446,335.0000/gt,4346.0267857142857143,USD,Jim Laporte,ZACK,,,001,,,false,,0.00,2026-04-14T12:06:36.276227Z[UTC],2026-04-14T17:35:09.337915Z[UTC],,,2026-05-06T14:33:05.323074Z[UTC]
Merrillville Metal Recycling,2026-04-13T09:27:45.601Z[UTC],https://app.greensparksoftware.com/app/sales/outbound-tickets/a65b6109-9344-4084-94e7-d7cf385c5270,1545,PAID,benton milton,FERROUS,STEEL,HEAVY MELT,INDHVYM,79780,44520,35260,5372.5823,Alexus Thomas,449,325.0000/gt,6459.3750000000000000,USD,,ZACK,,,001,,,false,,0.00,2026-04-13T09:28:27.881868Z[UTC],2026-04-14T13:37:20.884524Z[UTC],,,2026-06-01T08:02:25.705136Z[UTC]
Merrillville Metal Recycling,2026-04-11T10:13:17.358Z[UTC],https://app.greensparksoftware.com/app/sales/outbound-tickets/603fb641-598f-44e9-9b10-d2a564e118c7,1543,PAID,Cimco - NLMK,FERROUS,STEEL,BUSHELING,Indbush,78560,37120,41440,3601.6173,Pauline Samaniego,443,445.0000/gt,7374.2857142857142857,USD,Jim Laporte,ZACK,,,,,,false,,0.00,2026-04-11T10:15:44.607509Z[UTC],2026-04-11T15:26:05.962357Z[UTC],,,2026-05-15T13:30:36.030055Z[UTC]
Merrillville Metal Recycling,2026-04-10T13:34:35.121Z[UTC],https://app.greensparksoftware.com/app/sales/outbound-tickets/6fdf96e4-632a-4b53-8a30-2d3ce526db29,1541,PAID,Omni Source,FERROUS,STEEL,SHEET IRON,SHIRST,73800,32600,41200,3059.6679,Logan Sertic,428,265.0000/gt,3856.6964285714285714,USD,Jim Laporte,skyler,,,,,,true,,0.00,2026-04-10T13:37:37.731822Z[UTC],2026-04-10T19:48:41.285165Z[UTC],,,2026-04-16T10:12:09.281026Z[UTC]
Merrillville Metal Recycling,2026-04-09T14:18:08.338Z[UTC],https://app.greensparksoftware.com/app/sales/outbound-tickets/08c1c2d1-5d68-4fa7-a6fb-1f42ffc35047,1539,PAID,Omni Source,FERROUS,STEEL,SHEET IRON,SHIRST,79000,31740,47260,3020.5481,Logan Sertic,428,265.0000/gt,3754.9553571428571429,USD,Jim Laporte,caleb,,,,,,true,,0.00,2026-04-09T14:18:29.187974Z[UTC],2026-04-09T20:39:03.92129Z[UTC],,,2026-04-16T10:12:09.281026Z[UTC]
Merrillville Metal Recycling,2026-04-09T13:53:08.027Z[UTC],https://app.greensparksoftware.com/app/sales/outbound-tickets/2f1cc352-dbd1-4cb1-8359-f931db92fa5e,1538,PAID,Omni Source,FERROUS,STEEL,SHEET IRON,SHIRST,81020,44820,36200,4265.3108,Logan Sertic,428,265.0000/gt,5302.3660714285714286,USD,Jim Laporte,ray,,,,,,true,,0.00,2026-04-09T13:53:37.154843Z[UTC],2026-04-09T18:53:37.154843Z[UTC],,,2026-04-16T10:12:09.281026Z[UTC]
Merrillville Metal Recycling,2026-04-09T12:59:45.328Z[UTC],https://app.greensparksoftware.com/app/sales/outbound-tickets/be28ee16-2ffa-4ac3-920d-ed8126f0955f,1535,PAID,DJJ,FERROUS,STEEL,AUTO CAST,FEAUCST,80940,45660,35280,7679.9156,Logan Sertic,447,475.0000/gt,9682.3660714285714286,USD,,ZACK,,,001,,,false,,0.00,2026-04-09T13:00:40.469106Z[UTC],2026-04-09T18:21:45.920406Z[UTC],,,2026-05-22T09:32:57.889854Z[UTC]
Merrillville Metal Recycling,2026-04-09T10:45:31.655Z[UTC],https://app.greensparksoftware.com/app/sales/outbound-tickets/9700cb24-fb5b-4acb-bfe5-075320048a7b,1533,PAID,Cimco - NLMK,FERROUS,STEEL,BUSHELING,Indbush,65380,30240,35140,3041.9521,Logan Sertic,443,445.0000/gt,6007.5000000000000000,USD,Jim Laporte,ZACK,,,001,,,false,,0.00,2026-04-09T10:45:54.915881Z[UTC],2026-04-09T15:45:54.915881Z[UTC],,,2026-05-15T13:30:36.030055Z[UTC]
Merrillville Metal Recycling,2026-04-08T12:30:12.422Z[UTC],https://app.greensparksoftware.com/app/sales/outbound-tickets/5769098c-048e-4359-9958-6e592c3c9480,1530,PAID,Cimco - NLMK,FERROUS,STEEL,BUSHELING,Indbush,81460,39980,41480,3923.6003,Logan Sertic,443,445.0000/gt,7942.4553571428571429,USD,Jim Laporte,ZACK,,,001,,,false,,0.00,2026-04-08T12:30:47.264457Z[UTC],2026-04-08T17:43:03.31497Z[UTC],,,2026-05-11T08:08:16.418744Z[UTC]
Merrillville Metal Recycling,2026-04-08T09:08:05.404Z[UTC],https://app.greensparksoftware.com/app/sales/outbound-tickets/aead9788-b6d2-4708-bf50-5135d7dfa215,1528,PAID,Cimco - NLMK,FERROUS,STEEL,BUSHELING,Indbush,78520,36960,41560,3627.2203,Logan Sertic,443,445.0000/gt,7342.5000000000000000,USD,Jim Laporte,ZACK,,,001,,,false,,0.00,2026-04-08T09:09:48.103464Z[UTC],2026-04-08T14:09:53.061097Z[UTC],,,2026-05-11T08:08:16.418744Z[UTC]
Merrillville Metal Recycling,2026-04-02T12:43:41.462Z[UTC],https://app.greensparksoftware.com/app/sales/outbound-tickets/624e527b-f51c-4c8b-bbd5-6adfdd02efe5,1521,PAID,Merrillville Peddler,NON_FERROUS,ALUMINUM,ALUMINUM BREAK,ALUBREAK,1428,1132,296,117.0301,Logan Sertic,329,0.3500/lbs,396.2000,USD,,,,,,,,false,,0.00,2026-04-02T12:44:36.58322Z[UTC],2026-04-02T17:44:41.607821Z[UTC],,,2026-04-03T15:57:45.699885Z[UTC]
Merrillville Metal Recycling,2026-04-01T15:37:04.569Z[UTC],https://app.greensparksoftware.com/app/sales/outbound-tickets/0903a329-2e5e-4d67-af1e-235b8de2c088,1517,PAID,Omni Source,NON_FERROUS,ALUMINUM,ALUMINUM CANS,AL00UBC,1517,1418,99,560.9787,Alexus Thomas,429,0.5000/lbs,709.0000,USD,Jim Laporte,ZACK,MMR Finco,,001,,,false,,0.00,2026-04-01T15:38:04.187468Z[UTC],2026-04-03T20:26:15.283257Z[UTC],,,2026-04-22T10:24:52.440784Z[UTC]
Merrillville Metal Recycling,2026-04-01T15:37:04.569Z[UTC],https://app.greensparksoftware.com/app/sales/outbound-tickets/0903a329-2e5e-4d67-af1e-235b8de2c088,1517,PAID,Omni Source,NON_FERROUS,ALUMINUM,ALUMINUM RIMS,ALWHEEL,905,791,114,494.8703,Alexus Thomas,429,1.2000/lbs,949.2000,USD,Jim Laporte,ZACK,MMR Finco,,001,,,false,,0.00,2026-04-01T15:38:04.187468Z[UTC],2026-04-03T20:26:15.283257Z[UTC],,,2026-04-22T10:24:52.440784Z[UTC]
Merrillville Metal Recycling,2026-04-01T15:37:04.569Z[UTC],https://app.greensparksoftware.com/app/sales/outbound-tickets/0903a329-2e5e-4d67-af1e-235b8de2c088,1517,PAID,Omni Source,NON_FERROUS,COPPER TIER 1,"#1 COPPER",CU00001,2126,1990,136,9048.5265,Alexus Thomas,429,5.1070/lbs,10162.9300,USD,Jim Laporte,ZACK,MMR Finco,,001,,,false,,0.00,2026-04-01T15:38:04.187468Z[UTC],2026-04-03T20:26:15.283257Z[UTC],,,2026-04-22T10:24:52.440784Z[UTC]
Merrillville Metal Recycling,2026-04-01T15:37:04.569Z[UTC],https://app.greensparksoftware.com/app/sales/outbound-tickets/0903a329-2e5e-4d67-af1e-235b8de2c088,1517,PAID,Omni Source,NON_FERROUS,COPPER TIER 2,"#1 ICW 88%",CUIN188,9327,9065,262,34656.2768,Alexus Thomas,429,4.9770/lbs,45116.5050,USD,Jim Laporte,ZACK,MMR Finco,,001,,,false,,0.00,2026-04-01T15:38:04.187468Z[UTC],2026-04-03T20:26:15.283257Z[UTC],,,2026-04-22T10:24:52.440784Z[UTC]
Merrillville Metal Recycling,2026-04-01T15:37:04.569Z[UTC],https://app.greensparksoftware.com/app/sales/outbound-tickets/0903a329-2e5e-4d67-af1e-235b8de2c088,1517,PAID,Omni Source,NON_FERROUS,COPPER TIER 1,"#2 COPPER",CU00002,854,796,58,3376.0731,Alexus Thomas,429,5.0070/lbs,3985.5720,USD,Jim Laporte,ZACK,MMR Finco,,001,,,false,,0.00,2026-04-01T15:38:04.187468Z[UTC],2026-04-03T20:26:15.283257Z[UTC],,,2026-04-22T10:24:52.440784Z[UTC]
Merrillville Metal Recycling,2026-04-01T15:37:04.569Z[UTC],https://app.greensparksoftware.com/app/sales/outbound-tickets/0903a329-2e5e-4d67-af1e-235b8de2c088,1517,PAID,Omni Source,NON_FERROUS,COPPER TIER 2,"#2 ICW 45%",CUIN245,2046,1939,107,1889.8353,Alexus Thomas,429,4.8570/lbs,9417.7230,USD,Jim Laporte,ZACK,MMR Finco,,001,,,false,,0.00,2026-04-01T15:38:04.187468Z[UTC],2026-04-03T20:26:15.283257Z[UTC],,,2026-04-22T10:24:52.440784Z[UTC]
Merrillville Metal Recycling,2026-04-01T15:37:04.569Z[UTC],https://app.greensparksoftware.com/app/sales/outbound-tickets/0903a329-2e5e-4d67-af1e-235b8de2c088,1517,PAID,Omni Source,NON_FERROUS,ALUMINUM,6061 ALUMINUM - SPC,AL06061,691,606,85,105.2830,Alexus Thomas,429,0.9000/lbs,545.4000,USD,Jim Laporte,ZACK,MMR Finco,,001,,,false,,0.00,2026-04-01T15:38:04.187468Z[UTC],2026-04-03T20:26:15.283257Z[UTC],,,2026-04-22T10:24:52.440784Z[UTC]
Merrillville Metal Recycling,2026-04-01T15:37:04.569Z[UTC],https://app.greensparksoftware.com/app/sales/outbound-tickets/0903a329-2e5e-4d67-af1e-235b8de2c088,1517,PAID,Omni Source,NON_FERROUS,ALUMINUM,6061 TRUCK WHEELS,TRWLS,630,599,31,202.3009,Alexus Thomas,429,1.2000/lbs,718.8000,USD,Jim Laporte,ZACK,MMR Finco,,001,,,false,,0.00,2026-04-01T15:38:04.187468Z[UTC],2026-04-03T20:26:15.283257Z[UTC],,,2026-04-22T10:24:52.440784Z[UTC]
Merrillville Metal Recycling,2026-04-01T15:37:04.569Z[UTC],https://app.greensparksoftware.com/app/sales/outbound-tickets/0903a329-2e5e-4d67-af1e-235b8de2c088,1517,PAID,Omni Source,NON_FERROUS,ALUMINUM,6063 BARE ALUMINUM EXTRUSION,AL06063,438,373,65,265.3604,Alexus Thomas,429,1.5700/lbs,585.6100,USD,Jim Laporte,ZACK,MMR Finco,,001,,,false,,0.00,2026-04-01T15:38:04.187468Z[UTC],2026-04-03T20:26:15.283257Z[UTC],,,2026-04-22T10:24:52.440784Z[UTC]
Merrillville Metal Recycling,2026-04-01T15:37:04.569Z[UTC],https://app.greensparksoftware.com/app/sales/outbound-tickets/0903a329-2e5e-4d67-af1e-235b8de2c088,1517,PAID,Omni Source,NON_FERROUS,ALUMINUM,6063 PAINTED EXTRUSION,AL06310,606,489,117,337.5799,Alexus Thomas,429,0.8000/lbs,391.2000,USD,Jim Laporte,ZACK,MMR Finco,,001,,,false,,0.00,2026-04-01T15:38:04.187468Z[UTC],2026-04-03T20:26:15.283257Z[UTC],,,2026-04-22T10:24:52.440784Z[UTC]
Merrillville Metal Recycling,2026-04-01T15:37:04.569Z[UTC],https://app.greensparksoftware.com/app/sales/outbound-tickets/0903a329-2e5e-4d67-af1e-235b8de2c088,1517,PAID,Omni Source,NON_FERROUS,ALUMINUM,ALUMINUM OLD SHEET,ALSHEET,2719,2719,0,1144.5346,Alexus Thomas,429,0.9000/lbs,2447.1000,USD,Jim Laporte,ZACK,MMR Finco,,001,,,false,,0.00,2026-04-01T15:38:04.187468Z[UTC],2026-04-03T20:26:15.283257Z[UTC],,,2026-04-22T10:24:52.440784Z[UTC]
Merrillville Metal Recycling,2026-04-01T15:37:04.569Z[UTC],https://app.greensparksoftware.com/app/sales/outbound-tickets/0903a329-2e5e-4d67-af1e-235b8de2c088,1517,PAID,Omni Source,NON_FERROUS,ALUMINUM,ALUMINUM PAINTED SIDING,ALPAINT,1180,1180,0,649.9177,Alexus Thomas,429,1.1000/lbs,1298.0000,USD,Jim Laporte,ZACK,MMR Finco,,001,,,false,,0.00,2026-04-01T15:38:04.187468Z[UTC],2026-04-03T20:26:15.283257Z[UTC],,,2026-04-22T10:24:52.440784Z[UTC]
Merrillville Metal Recycling,2026-04-01T15:37:04.569Z[UTC],https://app.greensparksoftware.com/app/sales/outbound-tickets/0903a329-2e5e-4d67-af1e-235b8de2c088,1517,PAID,Omni Source,NON_FERROUS,ALUMINUM,ALUMINUM RADIATORS - CLEAN,AL0RADS,893,893,0,208.9851,Alexus Thomas,429,0.8000/lbs,714.4000,USD,Jim Laporte,ZACK,MMR Finco,,001,,,false,,0.00,2026-04-01T15:38:04.187468Z[UTC],2026-04-03T20:26:15.283257Z[UTC],,,2026-04-22T10:24:52.440784Z[UTC]
Merrillville Metal Recycling,2026-04-01T15:37:04.569Z[UTC],https://app.greensparksoftware.com/app/sales/outbound-tickets/0903a329-2e5e-4d67-af1e-235b8de2c088,1517,PAID,Omni Source,NON_FERROUS,ALUMINUM,ALUMINUM TRAILER STOCK,ALTRSTK,3192,3152,40,797.3495,Alexus Thomas,429,1.2000/lbs,3782.4000,USD,Jim Laporte,ZACK,MMR Finco,,001,,,false,,0.00,2026-04-01T15:38:04.187468Z[UTC],2026-04-03T20:26:15.283257Z[UTC],,,2026-04-22T10:24:52.440784Z[UTC]
Merrillville Metal Recycling,2026-04-01T15:37:04.569Z[UTC],https://app.greensparksoftware.com/app/sales/outbound-tickets/0903a329-2e5e-4d67-af1e-235b8de2c088,1517,PAID,Omni Source,NON_FERROUS,COPPER TIER 1,BARE BRIGHT COPPER,CUBB001,4692,4463,229,22298.5505,Alexus Thomas,429,5.2170/lbs,23283.4710,USD,Jim Laporte,ZACK,MMR Finco,,001,,,false,,0.00,2026-04-01T15:38:04.187468Z[UTC],2026-04-03T20:26:15.283257Z[UTC],,,2026-04-22T10:24:52.440784Z[UTC]
Merrillville Metal Recycling,2026-04-01T15:37:04.569Z[UTC],https://app.greensparksoftware.com/app/sales/outbound-tickets/0903a329-2e5e-4d67-af1e-235b8de2c088,1517,PAID,Omni Source,NON_FERROUS,ALUMINUM,CLEAN CAST ALUMINUM,CCAL,679,608,71,238.6750,Alexus Thomas,429,0.8000/lbs,486.4000,USD,Jim Laporte,ZACK,MMR Finco,,001,,,false,,0.00,2026-04-01T15:38:04.187468Z[UTC],2026-04-03T20:26:15.283257Z[UTC],,,2026-04-22T10:24:52.440784Z[UTC]
Merrillville Metal Recycling,2026-04-01T15:37:04.569Z[UTC],https://app.greensparksoftware.com/app/sales/outbound-tickets/0903a329-2e5e-4d67-af1e-235b8de2c088,1517,PAID,Omni Source,NON_FERROUS,COPPER TIER 2,COMMUNICATION WIRE,COMWIRECU,703,638,65,940.6380,Alexus Thomas,429,4.4800/lbs,2858.2400,USD,Jim Laporte,ZACK,MMR Finco,,001,,,false,,0.00,2026-04-01T15:38:04.187468Z[UTC],2026-04-03T20:26:15.283257Z[UTC],,,2026-04-22T10:24:52.440784Z[UTC]
Merrillville Metal Recycling,2026-04-01T15:37:04.569Z[UTC],https://app.greensparksoftware.com/app/sales/outbound-tickets/0903a329-2e5e-4d67-af1e-235b8de2c088,1517,PAID,Omni Source,NON_FERROUS,ALUMINUM,IRONY EXTRUSIONS,AL063FE,1618,1554,64,831.7154,Alexus Thomas,429,1.1000/lbs,1709.4000,USD,Jim Laporte,ZACK,MMR Finco,,001,,,false,,0.00,2026-04-01T15:38:04.187468Z[UTC],2026-04-03T20:26:15.283257Z[UTC],,,2026-04-22T10:24:52.440784Z[UTC]
Merrillville Metal Recycling,2026-04-01T15:37:04.569Z[UTC],https://app.greensparksoftware.com/app/sales/outbound-tickets/0903a329-2e5e-4d67-af1e-235b8de2c088,1517,PAID,Omni Source,NON_FERROUS,BRASS TIER 1,RED BRASS SOLIDS,BRREDSD,487,391,96,1184.8298,Alexus Thomas,429,4.4300/lbs,1732.1300,USD,Jim Laporte,ZACK,MMR Finco,,001,,,false,,0.00,2026-04-01T15:38:04.187468Z[UTC],2026-04-03T20:26:15.283257Z[UTC],,,2026-04-22T10:24:52.440784Z[UTC]
Merrillville Metal Recycling,2026-04-01T15:37:04.569Z[UTC],https://app.greensparksoftware.com/app/sales/outbound-tickets/0903a329-2e5e-4d67-af1e-235b8de2c088,1517,PAID,Omni Source,NON_FERROUS,COPPER TIER 1,TIN PLTD COPPER WIRE,TNPDCWR,720,645,75,2776.3608,Alexus Thomas,429,4.4500/lbs,2870.2500,USD,Jim Laporte,ZACK,MMR Finco,,001,,,false,,0.00,2026-04-01T15:38:04.187468Z[UTC],2026-04-03T20:26:15.283257Z[UTC],,,2026-04-22T10:24:52.440784Z[UTC]
Merrillville Metal Recycling,2026-04-01T15:37:04.569Z[UTC],https://app.greensparksoftware.com/app/sales/outbound-tickets/0903a329-2e5e-4d67-af1e-235b8de2c088,1517,PAID,Omni Source,NON_FERROUS,BRASS TIER 1,YELLOW BRASS SOLIDS,BRYELLO,884,795,89,1941.5786,Alexus Thomas,429,3.2600/lbs,2591.7000,USD,Jim Laporte,ZACK,MMR Finco,,001,,,false,,0.00,2026-04-01T15:38:04.187468Z[UTC],2026-04-03T20:26:15.283257Z[UTC],,,2026-04-22T10:24:52.440784Z[UTC]
Merrillville Metal Recycling,2026-03-28T09:14:31.328Z[UTC],https://app.greensparksoftware.com/app/sales/outbound-tickets/ebbd8563-064a-4642-961f-5610bce32408,1508,PAID,Merrillville Peddler,FERROUS,STEEL,HEAVY MELT,INDHVYM,19,19,0,2.2288,Jamie Miller,329,0.3200/lbs,6.0800,USD,,,,,,,,false,,0.00,2026-03-28T09:15:01.609033Z[UTC],2026-04-03T20:14:55.359542Z[UTC],,,2026-04-03T15:57:45.699885Z[UTC]
Merrillville Metal Recycling,2026-03-26T12:38:41.779Z[UTC],https://app.greensparksoftware.com/app/sales/outbound-tickets/ac133591-bdba-4358-aaff-d3aa7b4d1dbb,1504,PAID,Cimco - NLMK,FERROUS,STEEL,BUSHELING,Indbush,69740,34720,35020,3413.5098,Logan Sertic,405,445.0000/gt,6897.5000000000000000,USD,Jim Laporte,ZACK,MMR Finco,,001,,,false,,0.00,2026-03-26T12:39:00.398142Z[UTC],2026-03-26T18:58:25.38404Z[UTC],,,2026-05-04T08:15:17.444317Z[UTC]
Merrillville Metal Recycling,2026-03-25T13:40:30.607Z[UTC],https://app.greensparksoftware.com/app/sales/outbound-tickets/86e26744-b6a1-4dc1-a60f-03702576b2d9,1501,PAID,Cimco - NLMK,FERROUS,STEEL,BUSHELING,Indbush,71960,36820,35140,3619.9721,Logan Sertic,405,445.0000/gt,7314.6875000000000000,USD,Jim Laporte,ZACK,MMR Finco,,001,,,false,,0.00,2026-03-25T13:40:58.347403Z[UTC],2026-03-25T19:49:01.183933Z[UTC],,,2026-05-04T08:15:17.444317Z[UTC]
Merrillville Metal Recycling,2026-03-24T12:21:06.773Z[UTC],https://app.greensparksoftware.com/app/sales/outbound-tickets/c331c65d-4514-4e44-a4cb-706ce84d02b5,1498,PAID,DJJ,FERROUS,STEEL,HEAVY MELT,INDHVYM,79380,47400,31980,5422.1625,Logan Sertic,413,375.0000/gt,7935.2678571428571429,USD,,harley,,,131,,,false,,0.00,2026-03-24T12:22:02.34991Z[UTC],2026-03-24T18:50:20.641512Z[UTC],,,2026-03-26T14:12:15.608016Z[UTC]
Merrillville Metal Recycling,2026-03-23T13:09:17.056Z[UTC],https://app.greensparksoftware.com/app/sales/outbound-tickets/6f64a996-c70d-4edd-b9f7-25871ea35001,1495,PAID,KRIPKE METAL PROCESSING,NON_FERROUS,ALUMINUM,6063 BARE ALUMINUM EXTRUSION,AL06063,52020,16520,35500,14225.3720,Logan Sertic,410,1.9300/lbs,31883.6000,USD,,ZACK,MMR Finco,,001,,,false,,0.00,2026-03-23T13:09:36.593667Z[UTC],2026-03-23T18:11:02.206885Z[UTC],,,2026-04-27T09:32:32.64275Z[UTC]
Merrillville Metal Recycling,2026-03-23T10:25:14.588Z[UTC],https://app.greensparksoftware.com/app/sales/outbound-tickets/61ae177e-b257-4120-bb82-f7b24531051a,1494,PAID,Merrillville Peddler,NON_FERROUS,BRASS TIER 2,70/30 Brass Shells,7030BR,65,59,6,135.7000,Logan Sertic,329,2.3000/lbs,135.7000,USD,,,,,,,,false,,0.00,2026-03-23T10:25:33.545932Z[UTC],2026-03-23T15:25:40.009689Z[UTC],,,2026-03-27T16:02:14.014197Z[UTC]
Merrillville Metal Recycling,2026-03-20T07:59:17.954Z[UTC],https://app.greensparksoftware.com/app/sales/outbound-tickets/cb7633e8-3a07-4512-97e9-6daef324ed49,1491,PAID,DJJ,FERROUS,STEEL,PLATE & STRUCTUAL,INDP&S,74620,42300,32320,4027.6000,Alexus Thomas,418,350.0000/gt,6609.3750000000000000,USD,,harley,Jack Gray Transport,,131,,,false,,0.00,2026-03-20T07:59:30.095175Z[UTC],2026-03-23T15:20:37.59944Z[UTC],,,2026-03-26T14:12:15.608016Z[UTC]
Merrillville Metal Recycling,2026-03-19T12:13:46.434Z[UTC],https://app.greensparksoftware.com/app/sales/outbound-tickets/09d5748e-4053-427e-ae8b-062cd4418902,1488,PAID,Omni Source,NON_FERROUS,ALUMINUM,6063 PAINTED EXTRUSION,AL06310,1465,1262,203,919.1336,Zack Czernik,417,1.4200/lbs,1792.0400,USD,Jim Laporte,ZACK,,,001,,,false,,0.00,2026-03-19T12:15:53.466012Z[UTC],2026-03-20T12:35:56.021751Z[UTC],,,2026-04-09T11:48:39.397342Z[UTC]
Merrillville Metal Recycling,2026-03-19T12:13:46.434Z[UTC],https://app.greensparksoftware.com/app/sales/outbound-tickets/09d5748e-4053-427e-ae8b-062cd4418902,1488,PAID,Omni Source,NON_FERROUS,ALUMINUM,ACR AL/CU RADIATOR ENDS,ALCURAEND,1087,931,156,547.1148,Zack Czernik,417,1.4200/lbs,1322.0200,USD,Jim Laporte,ZACK,,,001,,,false,,0.00,2026-03-19T12:15:53.466012Z[UTC],2026-03-20T12:35:56.021751Z[UTC],,,2026-04-09T11:48:39.397342Z[UTC]
Merrillville Metal Recycling,2026-03-19T12:13:46.434Z[UTC],https://app.greensparksoftware.com/app/sales/outbound-tickets/09d5748e-4053-427e-ae8b-062cd4418902,1488,PAID,Omni Source,NON_FERROUS,ALUMINUM,AL/CU RADIATORS - CLEAN,ALCURAD,2780,2780,0,3659.1136,Zack Czernik,417,2.9200/lbs,8117.6000,USD,Jim Laporte,ZACK,,,001,,,false,,0.00,2026-03-19T12:15:53.466012Z[UTC],2026-03-20T12:35:56.021751Z[UTC],,,2026-04-09T11:48:39.397342Z[UTC]
Merrillville Metal Recycling,2026-03-19T12:13:46.434Z[UTC],https://app.greensparksoftware.com/app/sales/outbound-tickets/09d5748e-4053-427e-ae8b-062cd4418902,1488,PAID,Omni Source,NON_FERROUS,ALUMINUM,ALUMINUM/BRONZE,ALBRZ,774,744,30,1590.0388,Zack Czernik,417,3.6800/lbs,2737.9200,USD,Jim Laporte,ZACK,,,001,,,false,,0.00,2026-03-19T12:15:53.466012Z[UTC],2026-03-20T12:35:56.021751Z[UTC],,,2026-04-09T11:48:39.397342Z[UTC]
Merrillville Metal Recycling,2026-03-19T12:13:46.434Z[UTC],https://app.greensparksoftware.com/app/sales/outbound-tickets/09d5748e-4053-427e-ae8b-062cd4418902,1488,PAID,Omni Source,NON_FERROUS,ALUMINUM,ALUMINUM BRONZE TURNINGS," ALBZTS1",1167,974,193,1822.4034,Zack Czernik,417,3.1800/lbs,3097.3200,USD,Jim Laporte,ZACK,,,001,,,false,,0.00,2026-03-19T12:15:53.466012Z[UTC],2026-03-20T12:35:56.021751Z[UTC],,,2026-04-09T11:48:39.397342Z[UTC]
Merrillville Metal Recycling,2026-03-19T12:13:46.434Z[UTC],https://app.greensparksoftware.com/app/sales/outbound-tickets/09d5748e-4053-427e-ae8b-062cd4418902,1488,PAID,Omni Source,NON_FERROUS,ALUMINUM,ALUMINUM OLD SHEET,ALSHEET,1489,1489,0,567.4527,Zack Czernik,417,0.8900/lbs,1325.2100,USD,Jim Laporte,ZACK,,,001,,,false,,0.00,2026-03-19T12:15:53.466012Z[UTC],2026-03-20T12:35:56.021751Z[UTC],,,2026-04-09T11:48:39.397342Z[UTC]
Merrillville Metal Recycling,2026-03-19T12:13:46.434Z[UTC],https://app.greensparksoftware.com/app/sales/outbound-tickets/09d5748e-4053-427e-ae8b-062cd4418902,1488,PAID,Omni Source,NON_FERROUS,ALUMINUM,ALUMINUM PAINTED SIDING,ALPAINT,3046,3046,0,1795.0546,Zack Czernik,417,1.0100/lbs,3076.4600,USD,Jim Laporte,ZACK,,,001,,,false,,0.00,2026-03-19T12:15:53.466012Z[UTC],2026-03-20T12:35:56.021751Z[UTC],,,2026-04-09T11:48:39.397342Z[UTC]
Merrillville Metal Recycling,2026-03-19T12:13:46.434Z[UTC],https://app.greensparksoftware.com/app/sales/outbound-tickets/09d5748e-4053-427e-ae8b-062cd4418902,1488,PAID,Omni Source,NON_FERROUS,ALUMINUM,ALUMINUM THERMAL EXT,ALTHERMEX,412,354,58,162.6666,Zack Czernik,417,0.6800/lbs,240.7200,USD,Jim Laporte,ZACK,,,001,,,false,,0.00,2026-03-19T12:15:53.466012Z[UTC],2026-03-20T12:35:56.021751Z[UTC],,,2026-04-09T11:48:39.397342Z[UTC]
Merrillville Metal Recycling,2026-03-19T12:13:46.434Z[UTC],https://app.greensparksoftware.com/app/sales/outbound-tickets/09d5748e-4053-427e-ae8b-062cd4418902,1488,PAID,Omni Source,NON_FERROUS,ALUMINUM,ALUMINUM TRAILER STOCK,ALTRSTK,1612,1612,0,400.1463,Zack Czernik,417,1.2000/lbs,1934.4000,USD,Jim Laporte,ZACK,,,001,,,false,,0.00,2026-03-19T12:15:53.466012Z[UTC],2026-03-20T12:35:56.021751Z[UTC],,,2026-04-09T11:48:39.397342Z[UTC]
Merrillville Metal Recycling,2026-03-19T12:13:46.434Z[UTC],https://app.greensparksoftware.com/app/sales/outbound-tickets/09d5748e-4053-427e-ae8b-062cd4418902,1488,PAID,Omni Source,NON_FERROUS,COPPER TIER 1,BARE BRIGHT COPPER,CUBB001,8577,8220,357,35139.6016,Zack Czernik,417,5.4415/lbs,44729.1300,USD,Jim Laporte,ZACK,,,001,,,false,,0.00,2026-03-19T12:15:53.466012Z[UTC],2026-03-20T12:35:56.021751Z[UTC],,,2026-04-09T11:48:39.397342Z[UTC]
Merrillville Metal Recycling,2026-03-19T12:13:46.434Z[UTC],https://app.greensparksoftware.com/app/sales/outbound-tickets/09d5748e-4053-427e-ae8b-062cd4418902,1488,PAID,Omni Source,NON_FERROUS,COPPER TIER 2,COMMUNICATION WIRE,COMWIRECU,1525,1466,59,2164.9209,Zack Czernik,417,5.0815/lbs,7449.4790,USD,Jim Laporte,ZACK,,,001,,,false,,0.00,2026-03-19T12:15:53.466012Z[UTC],2026-03-20T12:35:56.021751Z[UTC],,,2026-04-09T11:48:39.397342Z[UTC]
Merrillville Metal Recycling,2026-03-19T12:13:46.434Z[UTC],https://app.greensparksoftware.com/app/sales/outbound-tickets/09d5748e-4053-427e-ae8b-062cd4418902,1488,PAID,Omni Source,NON_FERROUS,COPPER TIER 1,CU BUSS BAR,CUBSBR,369,339,30,1252.5061,Zack Czernik,417,5.4315/lbs,1841.2785,USD,Jim Laporte,ZACK,,,001,,,false,,0.00,2026-03-19T12:15:53.466012Z[UTC],2026-03-20T12:35:56.021751Z[UTC],,,2026-04-09T11:48:39.397342Z[UTC]
Merrillville Metal Recycling,2026-03-19T12:13:46.434Z[UTC],https://app.greensparksoftware.com/app/sales/outbound-tickets/09d5748e-4053-427e-ae8b-062cd4418902,1488,PAID,Omni Source,NON_FERROUS,BRASS TIER 1,"EDM WIRE ",EDMW,702,638,64,1453.8428,Zack Czernik,417,3.4000/lbs,2169.2000,USD,Jim Laporte,ZACK,,,001,,,false,,0.00,2026-03-19T12:15:53.466012Z[UTC],2026-03-20T12:35:56.021751Z[UTC],,,2026-04-09T11:48:39.397342Z[UTC]
Merrillville Metal Recycling,2026-03-19T12:13:46.434Z[UTC],https://app.greensparksoftware.com/app/sales/outbound-tickets/09d5748e-4053-427e-ae8b-062cd4418902,1488,PAID,Omni Source,NON_FERROUS,ALUMINUM,IRONY EXTRUSIONS,AL063FE,377,327,50,180.0346,Zack Czernik,417,0.9500/lbs,310.6500,USD,Jim Laporte,ZACK,,,001,,,false,,0.00,2026-03-19T12:15:53.466012Z[UTC],2026-03-20T12:35:56.021751Z[UTC],,,2026-04-09T11:48:39.397342Z[UTC]
Merrillville Metal Recycling,2026-03-19T12:13:46.434Z[UTC],https://app.greensparksoftware.com/app/sales/outbound-tickets/09d5748e-4053-427e-ae8b-062cd4418902,1488,PAID,Omni Source,NON_FERROUS,BRASS TIER 1,RED BRASS SOLIDS,BRREDSD,875,794,81,2420.8006,Zack Czernik,417,4.4600/lbs,3541.2400,USD,Jim Laporte,ZACK,,,001,,,false,,0.00,2026-03-19T12:15:53.466012Z[UTC],2026-03-20T12:35:56.021751Z[UTC],,,2026-04-09T11:48:39.397342Z[UTC]
Merrillville Metal Recycling,2026-03-19T12:13:46.434Z[UTC],https://app.greensparksoftware.com/app/sales/outbound-tickets/09d5748e-4053-427e-ae8b-062cd4418902,1488,PAID,Omni Source,NON_FERROUS,COPPER TIER 2,ROMEX WIRE,RMXWIR,529,438,91,903.7458,Zack Czernik,417,5.2215/lbs,2287.0170,USD,Jim Laporte,ZACK,,,001,,,false,,0.00,2026-03-19T12:15:53.466012Z[UTC],2026-03-20T12:35:56.021751Z[UTC],,,2026-04-09T11:48:39.397342Z[UTC]
Merrillville Metal Recycling,2026-03-19T12:13:46.434Z[UTC],https://app.greensparksoftware.com/app/sales/outbound-tickets/09d5748e-4053-427e-ae8b-062cd4418902,1488,PAID,Omni Source,NON_FERROUS,BRASS TIER 1,SEMI RED BRASS,SEMREBR,1711,1616,95,3940.4206,Zack Czernik,417,4.4100/lbs,7126.5600,USD,Jim Laporte,ZACK,,,001,,,false,,0.00,2026-03-19T12:15:53.466012Z[UTC],2026-03-20T12:35:56.021751Z[UTC],,,2026-04-09T11:48:39.397342Z[UTC]
Merrillville Metal Recycling,2026-03-19T12:13:46.434Z[UTC],https://app.greensparksoftware.com/app/sales/outbound-tickets/09d5748e-4053-427e-ae8b-062cd4418902,1488,PAID,Omni Source,NON_FERROUS,COPPER TIER 1,TIN PLATED BUSBAR,TCUBSBR,330,300,30,882.5356,Zack Czernik,417,5.2915/lbs,1587.4500,USD,Jim Laporte,ZACK,,,001,,,false,,0.00,2026-03-19T12:15:53.466012Z[UTC],2026-03-20T12:35:56.021751Z[UTC],,,2026-04-09T11:48:39.397342Z[UTC]
Merrillville Metal Recycling,2026-03-19T12:13:46.434Z[UTC],https://app.greensparksoftware.com/app/sales/outbound-tickets/09d5748e-4053-427e-ae8b-062cd4418902,1488,PAID,Omni Source,NON_FERROUS,BRASS TIER 1,YELLOW BRASS SOLIDS,BRYELLO,3064,2985,79,6899.2244,Zack Czernik,417,3.2200/lbs,9611.7000,USD,Jim Laporte,ZACK,,,001,,,false,,0.00,2026-03-19T12:15:53.466012Z[UTC],2026-03-20T12:35:56.021751Z[UTC],,,2026-04-09T11:48:39.397342Z[UTC]
Merrillville Metal Recycling,2026-03-19T12:13:46.434Z[UTC],https://app.greensparksoftware.com/app/sales/outbound-tickets/09d5748e-4053-427e-ae8b-062cd4418902,1488,PAID,Omni Source,NON_FERROUS,COPPER TIER 2,ZZ DO NOT USE - ROMEX,ROMWIRE,699,642,57,1461.7088,Zack Czernik,417,5.2215/lbs,3352.2030,USD,Jim Laporte,ZACK,,,001,,,false,,0.00,2026-03-19T12:15:53.466012Z[UTC],2026-03-20T12:35:56.021751Z[UTC],,,2026-04-09T11:48:39.397342Z[UTC]
Merrillville Metal Recycling,2026-03-19T12:13:46.434Z[UTC],https://app.greensparksoftware.com/app/sales/outbound-tickets/09d5748e-4053-427e-ae8b-062cd4418902,1488,PAID,Omni Source,NON_FERROUS,COPPER TIER 2,"#1 ICW 60%",CUIN160,767,668,99,1650.1641,Zack Czernik,417,2.3100/lbs,1543.0800,USD,Jim Laporte,ZACK,,,001,,,false,,0.00,2026-03-19T12:15:53.466012Z[UTC],2026-03-20T12:35:56.021751Z[UTC],,,2026-04-09T11:48:39.397342Z[UTC]
Merrillville Metal Recycling,2026-03-19T12:13:46.434Z[UTC],https://app.greensparksoftware.com/app/sales/outbound-tickets/09d5748e-4053-427e-ae8b-062cd4418902,1488,PAID,Omni Source,NON_FERROUS,COPPER TIER 1,"#1 COPPER",CU00001,4327,4067,260,19190.4129,Zack Czernik,417,5.3615/lbs,21805.2205,USD,Jim Laporte,ZACK,,,001,,,false,,0.00,2026-03-19T12:15:53.466012Z[UTC],2026-03-20T12:35:56.021751Z[UTC],,,2026-04-09T11:48:39.397342Z[UTC]
Merrillville Metal Recycling,2026-03-19T12:13:46.434Z[UTC],https://app.greensparksoftware.com/app/sales/outbound-tickets/09d5748e-4053-427e-ae8b-062cd4418902,1488,PAID,Omni Source,NON_FERROUS,COPPER TIER 1,"#2 COPPER",CU00002,1592,1505,87,6670.3060,Zack Czernik,417,5.2715/lbs,7933.6075,USD,Jim Laporte,ZACK,,,001,,,false,,0.00,2026-03-19T12:15:53.466012Z[UTC],2026-03-20T12:35:56.021751Z[UTC],,,2026-04-09T11:48:39.397342Z[UTC]
Merrillville Metal Recycling,2026-03-19T12:13:46.434Z[UTC],https://app.greensparksoftware.com/app/sales/outbound-tickets/09d5748e-4053-427e-ae8b-062cd4418902,1488,PAID,Omni Source,NON_FERROUS,ALUMINUM,6061 ALUMINUM EXTRUSIONS,ALEXTRU,3385,2929,456,1145.6057,Zack Czernik,417,1.4100/lbs,4129.8900,USD,Jim Laporte,ZACK,,,001,,,false,,0.00,2026-03-19T12:15:53.466012Z[UTC],2026-03-20T12:35:56.021751Z[UTC],,,2026-04-09T11:48:39.397342Z[UTC]
Merrillville Metal Recycling,2026-03-19T09:18:58.245Z[UTC],https://app.greensparksoftware.com/app/sales/outbound-tickets/2a7ee6b5-ab70-4913-8d6c-88aca6541a6b,1485,PAID,Cimco - NLMK,FERROUS,STEEL,BUSHELING,Indbush,81760,40300,41460,3982.9701,Logan Sertic,405,445.0000/gt,8006.0267857142857143,USD,Jim Laporte,ZACK,,,001,,,false,,0.00,2026-03-19T09:19:14.064613Z[UTC],2026-03-19T15:06:51.768719Z[UTC],,,2026-04-27T07:35:50.155502Z[UTC]
Merrillville Metal Recycling,2026-03-18T12:31:04.931Z[UTC],https://app.greensparksoftware.com/app/sales/outbound-tickets/da5ff3cf-8d31-4649-9eea-7af2746ae53f,1483,PAID,Cimco - NLMK,FERROUS,STEEL,BUSHELING,Indbush,81920,39620,42300,3915.7636,Logan Sertic,405,445.0000/gt,7870.9375000000000000,USD,Jim Laporte,ZACK,,,001,,,false,,0.00,2026-03-18T12:31:17.654421Z[UTC],2026-03-18T19:04:26.259505Z[UTC],,,2026-04-27T07:35:50.155502Z[UTC]
Merrillville Metal Recycling,2026-03-18T09:19:37.786Z[UTC],https://app.greensparksoftware.com/app/sales/outbound-tickets/28b6b1b0-447b-4f21-a568-54c938f50684,1480,PAID,Omni Source,FERROUS,STEEL,CLEAN SHEET,CLSHST,74940,27160,47780,2892.2306,Logan Sertic,401,290.0000/gt,3516.2500000000000000,USD,Jim Laporte,ron,,,,,,true,,0.00,2026-03-18T09:22:47.345765Z[UTC],2026-03-18T15:37:54.909713Z[UTC],,,2026-03-26T08:35:00.169705Z[UTC]
Merrillville Metal Recycling,2026-03-17T16:00:04.216Z[UTC],https://app.greensparksoftware.com/app/sales/outbound-tickets/df7f6c83-f7a8-4a4b-9cda-0ae43a9a0bb6,1478,PAID,Creative Metals Group,NON_FERROUS,COPPER TIER 3,ELECTRIC MOTORS,CUMOTOR,8737,8489,248,788.4550,Logan Sertic,414,0.6100/lbs,5178.2900,USD,Alexus Thomas,jose,,,,,74920944,false,,0.00,2026-03-17T16:05:43.347391Z[UTC],2026-03-18T18:54:18.86696Z[UTC],,,2026-03-24T13:17:07.808264Z[UTC]
Merrillville Metal Recycling,2026-03-17T16:00:04.216Z[UTC],https://app.greensparksoftware.com/app/sales/outbound-tickets/df7f6c83-f7a8-4a4b-9cda-0ae43a9a0bb6,1478,PAID,Creative Metals Group,NON_FERROUS,LEAD,AUTO BATTERIES,LEAUTOB,17702,17398,304,1744.0793,Logan Sertic,414,0.3300/lbs,5741.3400,USD,Alexus Thomas,jose,,,,,74920944,false,,0.00,2026-03-17T16:05:43.347391Z[UTC],2026-03-18T18:54:18.86696Z[UTC],,,2026-03-24T13:17:07.808264Z[UTC]
Merrillville Metal Recycling,2026-03-17T16:00:04.216Z[UTC],https://app.greensparksoftware.com/app/sales/outbound-tickets/df7f6c83-f7a8-4a4b-9cda-0ae43a9a0bb6,1478,PAID,Creative Metals Group,NON_FERROUS,COPPER TIER 3,COPPER ARMATURES,COPARM,578,549,29,710.5286,Logan Sertic,414,0.7000/lbs,384.3000,USD,Alexus Thomas,jose,,,,,74920944,false,,0.00,2026-03-17T16:05:43.347391Z[UTC],2026-03-18T18:54:18.86696Z[UTC],,,2026-03-24T13:17:07.808264Z[UTC]
Merrillville Metal Recycling,2026-03-17T16:00:04.216Z[UTC],https://app.greensparksoftware.com/app/sales/outbound-tickets/df7f6c83-f7a8-4a4b-9cda-0ae43a9a0bb6,1478,PAID,Creative Metals Group,NON_FERROUS,COPPER TIER 3,COPPER TRANSFORMERS,CU TRANS,2683,2591,92,318.2155,Logan Sertic,414,0.9500/lbs,2461.4500,USD,Alexus Thomas,jose,,,,,74920944,false,,0.00,2026-03-17T16:05:43.347391Z[UTC],2026-03-18T18:54:18.86696Z[UTC],,,2026-03-24T13:17:07.808264Z[UTC]
Merrillville Metal Recycling,2026-03-17T16:00:04.216Z[UTC],https://app.greensparksoftware.com/app/sales/outbound-tickets/df7f6c83-f7a8-4a4b-9cda-0ae43a9a0bb6,1478,PAID,Creative Metals Group,NON_FERROUS,COPPER TIER 3,DC MOTORS,CUMOTORDC,829,790,39,109.7240,Logan Sertic,414,0.6000/lbs,474.0000,USD,Alexus Thomas,jose,,,,,74920944,false,,0.00,2026-03-17T16:05:43.347391Z[UTC],2026-03-18T18:54:18.86696Z[UTC],,,2026-03-24T13:17:07.808264Z[UTC]
Merrillville Metal Recycling,2026-03-17T16:00:04.216Z[UTC],https://app.greensparksoftware.com/app/sales/outbound-tickets/df7f6c83-f7a8-4a4b-9cda-0ae43a9a0bb6,1478,PAID,Creative Metals Group,NON_FERROUS,COPPER TIER 3,SEALED UNITS,CUSEALD,8949,8588,361,969.4302,Logan Sertic,414,0.4800/lbs,4122.2400,USD,Alexus Thomas,jose,,,,,74920944,false,,0.00,2026-03-17T16:05:43.347391Z[UTC],2026-03-18T18:54:18.86696Z[UTC],,,2026-03-24T13:17:07.808264Z[UTC]
Merrillville Metal Recycling,2026-03-17T16:00:04.216Z[UTC],https://app.greensparksoftware.com/app/sales/outbound-tickets/df7f6c83-f7a8-4a4b-9cda-0ae43a9a0bb6,1478,PAID,Creative Metals Group,NON_FERROUS,COPPER TIER 3,STARTERS,CUSTART,554,524,30,117.9849,Logan Sertic,414,0.8500/lbs,445.4000,USD,Alexus Thomas,jose,,,,,74920944,false,,0.00,2026-03-17T16:05:43.347391Z[UTC],2026-03-18T18:54:18.86696Z[UTC],,,2026-03-24T13:17:07.808264Z[UTC]
Merrillville Metal Recycling,2026-03-17T16:00:04.216Z[UTC],https://app.greensparksoftware.com/app/sales/outbound-tickets/df7f6c83-f7a8-4a4b-9cda-0ae43a9a0bb6,1478,PAID,Creative Metals Group,NON_FERROUS,COPPER TIER 3,STEEL CASED COPPER TRANSFORMERS,STCSCOTRA,851,757,94,124.4062,Logan Sertic,414,0.3500/lbs,264.9500,USD,Alexus Thomas,jose,,,,,74920944,false,,0.00,2026-03-17T16:05:43.347391Z[UTC],2026-03-18T18:54:18.86696Z[UTC],,,2026-03-24T13:17:07.808264Z[UTC]
Merrillville Metal Recycling,2026-03-17T16:00:04.216Z[UTC],https://app.greensparksoftware.com/app/sales/outbound-tickets/df7f6c83-f7a8-4a4b-9cda-0ae43a9a0bb6,1478,PAID,Creative Metals Group,NON_FERROUS,LEAD,SOFT LEAD,SOFLEA,588,564,24,180.9142,Logan Sertic,414,0.7800/lbs,439.9200,USD,Alexus Thomas,jose,,,,,74920944,false,,0.00,2026-03-17T16:05:43.347391Z[UTC],2026-03-18T18:54:18.86696Z[UTC],,,2026-03-24T13:17:07.808264Z[UTC]
Merrillville Metal Recycling,2026-03-17T10:06:50.216Z[UTC],https://app.greensparksoftware.com/app/sales/outbound-tickets/ecbc9bf8-8bbc-49e6-8d7f-6de2f3e51efb,1475,PAID,Omni Source,FERROUS,STEEL,SHEET IRON,SHIRST,78100,36360,41740,3466.2551,Logan Sertic,402,265.0000/gt,4301.5178571428571429,USD,Jim Laporte,ZACK,MMR Finco,,001,,,true,,0.00,2026-03-17T10:07:17.960823Z[UTC],2026-03-17T17:14:24.57857Z[UTC],,,2026-03-26T08:35:00.169705Z[UTC]
Merrillville Metal Recycling,2026-03-11T13:52:17.977Z[UTC],https://app.greensparksoftware.com/app/sales/outbound-tickets/f69abf99-a006-4050-896e-5f7929381a3b,1466,PAID,Cimco - NLMK,FERROUS,STEEL,BUSHELING,Indbush,67180,31900,35280,3141.5950,Logan Sertic,405,445.0000/gt,6337.2767857142857143,USD,Jim Laporte,ZACK,,,001,,,false,,0.00,2026-03-11T13:52:53.305943Z[UTC],2026-03-11T19:54:07.859733Z[UTC],,,2026-04-13T07:29:47.749566Z[UTC]
Merrillville Metal Recycling,2026-03-11T10:14:24.158Z[UTC],https://app.greensparksoftware.com/app/sales/outbound-tickets/415efa26-b0d5-4ac6-85c0-4a16606d2002,1465,PAID,Cronimet Corporation,NON_FERROUS,STAINLESS STEEL TIER 1,316 STAINLESS STEEL SOLIDS,NISS316,48040,13100,34940,7708.7866,Alexus Thomas,392,1.0800/lbs,14148.0000,USD,Jim Laporte,ZACK,,,001,,,false,,0.00,2026-03-11T10:14:37.426252Z[UTC],2026-03-11T16:20:15.619917Z[UTC],,,2026-04-02T13:02:23.260355Z[UTC]
Merrillville Metal Recycling,2026-03-11T09:42:41.096Z[UTC],https://app.greensparksoftware.com/app/sales/outbound-tickets/5897ae5d-9e8f-4bed-a901-fdbe0177d296,1464,PAID,Merrillville Peddler,FERROUS,STEEL,SHEET IRON,SHIRST,353,200,153,19.0044,Logan Sertic,329,0.3200/lbs,64.0000,USD,,,,,,,,false,,0.00,2026-03-11T09:43:30.468514Z[UTC],2026-03-11T14:43:30.468514Z[UTC],,,2026-03-16T07:53:05.126516Z[UTC]
Merrillville Metal Recycling,2026-03-11T09:42:41.096Z[UTC],https://app.greensparksoftware.com/app/sales/outbound-tickets/5897ae5d-9e8f-4bed-a901-fdbe0177d296,1464,PAID,Merrillville Peddler,NON_FERROUS,BRASS TIER 2,70/30 Brass Shells,7030BR,427,70,357,161.0000,Logan Sertic,329,2.3000/lbs,161.0000,USD,,,,,,,,false,,0.00,2026-03-11T09:43:30.468514Z[UTC],2026-03-11T14:43:30.468514Z[UTC],,,2026-03-16T07:53:05.126516Z[UTC]
Merrillville Metal Recycling,2026-03-10T11:03:44.43Z[UTC],https://app.greensparksoftware.com/app/sales/outbound-tickets/5b109087-af3b-4c40-b662-5c096b6aec96,1461,PAID,Cronimet Corporation,NON_FERROUS,STAINLESS STEEL TIER 1,304 STAINLESS SOLIDS,NISS300,54400,19420,34980,5102.8714,Pauline Samaniego,393,0.6200/lbs,12040.4000,USD,Jim Laporte,ZACK,,,001,,,false,,0.00,2026-03-10T11:06:52.17705Z[UTC],2026-03-11T14:58:38.000534Z[UTC],,,2026-04-02T13:02:23.260355Z[UTC]
Merrillville Metal Recycling,2026-03-09T16:00:32.884Z[UTC],https://app.greensparksoftware.com/app/sales/outbound-tickets/45b46bd5-4f25-47c2-a399-93fba523ae4e,1457,PAID,Omni Source,FERROUS,STEEL,SHEET IRON,SHIRST,73140,31460,41680,2978.2994,Logan Sertic,402,265.0000/gt,3721.8303571428571429,USD,Jim Laporte,ZACK,,,001,,,true,,0.00,2026-03-09T16:01:50.262231Z[UTC],2026-03-09T21:02:08.057191Z[UTC],,,2026-03-19T08:43:01.670927Z[UTC]
Merrillville Metal Recycling,2026-03-09T13:50:48.395Z[UTC],https://app.greensparksoftware.com/app/sales/outbound-tickets/a3880ca1-7f6f-4574-83ef-54b83686b77b,1456,PAID,Merrillville Peddler,FERROUS,STEEL,HEAVY MELT - UNPREPARED,UNPHMS,44360,6960,37400,612.5014,Logan Sertic,329,0.1437/lbs,1000.1520,USD,,,,,,,,false,,0.00,2026-03-09T13:53:20.912356Z[UTC],2026-03-09T19:02:48.146747Z[UTC],,,2026-03-16T07:53:05.126516Z[UTC]
Merrillville Metal Recycling,2026-03-07T10:26:58.299Z[UTC],https://app.greensparksoftware.com/app/sales/outbound-tickets/67825134-4f6a-438e-9791-914d8925c8a5,1455,PAID,Omni Source,FERROUS,STEEL,SHEET IRON,SHIRST,74620,33020,41600,3119.7130,Alexus Thomas,402,265.0000/gt,3906.3839285714285714,USD,Jim Laporte,,,,,,,true,,0.00,2026-03-07T10:43:51.353429Z[UTC],2026-03-09T18:31:25.533248Z[UTC],,,2026-03-12T08:22:02.940016Z[UTC]
Merrillville Metal Recycling,2026-03-03T11:31:32.422Z[UTC],https://app.greensparksoftware.com/app/sales/outbound-tickets/b0f0de3b-0184-42ff-9046-d69139c09bd6,1445,PAID,Omni Source,FERROUS,STEEL,SHEET IRON,SHIRST,75620,34040,41580,3141.7814,Alexus Thomas,182,265.0000/gt,4027.0535714285714286,USD,Jim Laporte,,,,,,,true,,0.00,2026-03-03T11:38:11.688749Z[UTC],2026-03-05T17:38:34.940923Z[UTC],,,2026-03-12T08:22:02.940016Z[UTC]
Merrillville Metal Recycling,2026-03-02T11:43:44.855Z[UTC],https://app.greensparksoftware.com/app/sales/outbound-tickets/908041c8-0862-4820-8706-c4d9762e9bcf,1441,PAID,Triple M,NON_FERROUS,COPPER TIER 2,"#1 ICW 80%",ICW80,4859,4681,178,14796.2815,Alexus Thomas,380,3.8400/lbs,17975.0400,USD,Jim Laporte,leonard,,,,,74920943,false,,0.00,2026-03-02T11:46:33.924732Z[UTC],2026-03-02T22:08:44.163032Z[UTC],,,2026-03-12T09:27:32.730015Z[UTC]
Merrillville Metal Recycling,2026-03-02T11:43:44.855Z[UTC],https://app.greensparksoftware.com/app/sales/outbound-tickets/908041c8-0862-4820-8706-c4d9762e9bcf,1441,PAID,Triple M,NON_FERROUS,COPPER TIER 1,"#2 COPPER",CU00002,1027,946,81,3748.4766,Alexus Thomas,380,5.1200/lbs,4843.5200,USD,Jim Laporte,leonard,,,,,74920943,false,,0.00,2026-03-02T11:46:33.924732Z[UTC],2026-03-02T22:08:44.163032Z[UTC],,,2026-03-12T09:27:32.730015Z[UTC]
Merrillville Metal Recycling,2026-03-02T11:43:44.855Z[UTC],https://app.greensparksoftware.com/app/sales/outbound-tickets/908041c8-0862-4820-8706-c4d9762e9bcf,1441,PAID,Triple M,NON_FERROUS,COPPER TIER 2,"#2 ICW 45%",CUIN245,1550,1481,69,1623.6384,Alexus Thomas,380,1.6900/lbs,2502.8900,USD,Jim Laporte,leonard,,,,,74920943,false,,0.00,2026-03-02T11:46:33.924732Z[UTC],2026-03-02T22:08:44.163032Z[UTC],,,2026-03-12T09:27:32.730015Z[UTC]
Merrillville Metal Recycling,2026-03-02T11:43:44.855Z[UTC],https://app.greensparksoftware.com/app/sales/outbound-tickets/908041c8-0862-4820-8706-c4d9762e9bcf,1441,PAID,Triple M,NON_FERROUS,ALUMINUM,5052 ALUMINUM,AL05052,1696,1541,155,628.6122,Alexus Thomas,380,2.0300/lbs,3128.2300,USD,Jim Laporte,leonard,,,,,74920943,false,,0.00,2026-03-02T11:46:33.924732Z[UTC],2026-03-02T22:08:44.163032Z[UTC],,,2026-03-12T09:27:32.730015Z[UTC]
Merrillville Metal Recycling,2026-03-02T11:43:44.855Z[UTC],https://app.greensparksoftware.com/app/sales/outbound-tickets/908041c8-0862-4820-8706-c4d9762e9bcf,1441,PAID,Triple M,NON_FERROUS,ALUMINUM,6063 PAINTED EXTRUSION,AL06310,1310,1172,138,753.0265,Alexus Thomas,380,1.6800/lbs,1968.9600,USD,Jim Laporte,leonard,,,,,74920943,false,,0.00,2026-03-02T11:46:33.924732Z[UTC],2026-03-02T22:08:44.163032Z[UTC],,,2026-03-12T09:27:32.730015Z[UTC]
Merrillville Metal Recycling,2026-03-02T11:43:44.855Z[UTC],https://app.greensparksoftware.com/app/sales/outbound-tickets/908041c8-0862-4820-8706-c4d9762e9bcf,1441,PAID,Triple M,NON_FERROUS,ALUMINUM,ALUMINUM CANS,AL00UBC,1838,1720,118,659.5193,Alexus Thomas,380,1.0400/lbs,1788.8000,USD,Jim Laporte,leonard,,,,,74920943,false,,0.00,2026-03-02T11:46:33.924732Z[UTC],2026-03-02T22:08:44.163032Z[UTC],,,2026-03-12T09:27:32.730015Z[UTC]
Merrillville Metal Recycling,2026-03-02T11:43:44.855Z[UTC],https://app.greensparksoftware.com/app/sales/outbound-tickets/908041c8-0862-4820-8706-c4d9762e9bcf,1441,PAID,Triple M,NON_FERROUS,ALUMINUM,ALUMINUM OLD SHEET,ALSHEET,2024,2024,0,722.7891,Alexus Thomas,380,0.8600/lbs,1740.6400,USD,Jim Laporte,leonard,,,,,74920943,false,,0.00,2026-03-02T11:46:33.924732Z[UTC],2026-03-02T22:08:44.163032Z[UTC],,,2026-03-12T09:27:32.730015Z[UTC]
Merrillville Metal Recycling,2026-03-02T11:43:44.855Z[UTC],https://app.greensparksoftware.com/app/sales/outbound-tickets/908041c8-0862-4820-8706-c4d9762e9bcf,1441,PAID,Triple M,NON_FERROUS,ALUMINUM,ALUMINUM TRAILER STOCK,ALTRSTK,3395,3395,0,848.7500,Alexus Thomas,380,0.8000/lbs,2716.0000,USD,Jim Laporte,leonard,,,,,74920943,false,,0.00,2026-03-02T11:46:33.924732Z[UTC],2026-03-02T22:08:44.163032Z[UTC],,,2026-03-12T09:27:32.730015Z[UTC]
Merrillville Metal Recycling,2026-03-02T11:43:44.855Z[UTC],https://app.greensparksoftware.com/app/sales/outbound-tickets/908041c8-0862-4820-8706-c4d9762e9bcf,1441,PAID,Triple M,NON_FERROUS,ALUMINUM,ALUMINUM RIMS,ALWHEEL,1245,1181,64,708.6000,Alexus Thomas,380,1.1500/lbs,1358.1500,USD,Jim Laporte,leonard,,,,,74920943,false,,0.00,2026-03-02T11:46:33.924732Z[UTC],2026-03-02T22:08:44.163032Z[UTC],,,2026-03-12T09:27:32.730015Z[UTC]
Merrillville Metal Recycling,2026-03-02T11:43:44.855Z[UTC],https://app.greensparksoftware.com/app/sales/outbound-tickets/908041c8-0862-4820-8706-c4d9762e9bcf,1441,PAID,Triple M,NON_FERROUS,COPPER TIER 1,BARE BRIGHT COPPER,CUBB001,7258,6979,279,32678.7832,Alexus Thomas,380,5.3000/lbs,36988.7000,USD,Jim Laporte,leonard,,,,,74920943,false,,0.00,2026-03-02T11:46:33.924732Z[UTC],2026-03-02T22:08:44.163032Z[UTC],,,2026-03-12T09:27:32.730015Z[UTC]
Merrillville Metal Recycling,2026-03-02T11:43:44.855Z[UTC],https://app.greensparksoftware.com/app/sales/outbound-tickets/908041c8-0862-4820-8706-c4d9762e9bcf,1441,PAID,Triple M,NON_FERROUS,ALUMINUM,CLEAN CAST ALUMINUM,CCAL,2749,2477,272,824.6108,Alexus Thomas,380,0.3000/lbs,743.1000,USD,Jim Laporte,leonard,,,,,74920943,false,,0.00,2026-03-02T11:46:33.924732Z[UTC],2026-03-02T22:08:44.163032Z[UTC],,,2026-03-12T09:27:32.730015Z[UTC]
Merrillville Metal Recycling,2026-03-02T11:43:44.855Z[UTC],https://app.greensparksoftware.com/app/sales/outbound-tickets/908041c8-0862-4820-8706-c4d9762e9bcf,1441,PAID,Triple M,NON_FERROUS,COPPER TIER 2,COMMUNICATION WIRE,COMWIRECU,2404,2266,138,3570.8327,Alexus Thomas,380,2.2000/lbs,4985.2000,USD,Jim Laporte,leonard,,,,,74920943,false,,0.00,2026-03-02T11:46:33.924732Z[UTC],2026-03-02T22:08:44.163032Z[UTC],,,2026-03-12T09:27:32.730015Z[UTC]
Merrillville Metal Recycling,2026-03-02T11:43:44.855Z[UTC],https://app.greensparksoftware.com/app/sales/outbound-tickets/908041c8-0862-4820-8706-c4d9762e9bcf,1441,PAID,Triple M,NON_FERROUS,ALUMINUM,IRONY EXTRUSIONS,AL063FE,1920,1683,237,267.3019,Alexus Thomas,380,1.0800/lbs,1817.6400,USD,Jim Laporte,leonard,,,,,74920943,false,,0.00,2026-03-02T11:46:33.924732Z[UTC],2026-03-02T22:08:44.163032Z[UTC],,,2026-03-12T09:27:32.730015Z[UTC]
Merrillville Metal Recycling,2026-03-02T11:43:44.855Z[UTC],https://app.greensparksoftware.com/app/sales/outbound-tickets/908041c8-0862-4820-8706-c4d9762e9bcf,1441,PAID,Triple M,NON_FERROUS,ALUMINUM,OLD CAST AL 5% FE,OCAL5,1393,1312,81,393.6858,Alexus Thomas,380,0.7500/lbs,984.0000,USD,Jim Laporte,leonard,,,,,74920943,false,,0.00,2026-03-02T11:46:33.924732Z[UTC],2026-03-02T22:08:44.163032Z[UTC],,,2026-03-12T09:27:32.730015Z[UTC]
Merrillville Metal Recycling,2026-03-02T11:43:44.855Z[UTC],https://app.greensparksoftware.com/app/sales/outbound-tickets/908041c8-0862-4820-8706-c4d9762e9bcf,1441,PAID,Triple M,NON_FERROUS,COPPER TIER 1,SILVER PLTD BUSS BAR,SVPBB,1823,1760,63,7161.5211,Alexus Thomas,380,2.1000/lbs,3696.0000,USD,Jim Laporte,leonard,,,,,74920943,false,,0.00,2026-03-02T11:46:33.924732Z[UTC],2026-03-02T22:08:44.163032Z[UTC],,,2026-03-12T09:27:32.730015Z[UTC]
Merrillville Metal Recycling,2026-03-02T11:43:44.855Z[UTC],https://app.greensparksoftware.com/app/sales/outbound-tickets/908041c8-0862-4820-8706-c4d9762e9bcf,1441,PAID,Triple M,NON_FERROUS,COPPER TIER 1,TIN PLTD COPPER WIRE,TNPDCWR,2297,2200,97,8174.7302,Alexus Thomas,380,5.1500/lbs,11330.0000,USD,Jim Laporte,leonard,,,,,74920943,false,,0.00,2026-03-02T11:46:33.924732Z[UTC],2026-03-02T22:08:44.163032Z[UTC],,,2026-03-12T09:27:32.730015Z[UTC]
Merrillville Metal Recycling,2026-03-02T11:43:44.855Z[UTC],https://app.greensparksoftware.com/app/sales/outbound-tickets/908041c8-0862-4820-8706-c4d9762e9bcf,1441,PAID,Triple M,NON_FERROUS,ALUMINUM,ZZ DO NOT USE - AL BARE EC WIRE,AL0BECW,2414,2267,147,881.7414,Alexus Thomas,380,1.9400/lbs,4397.9800,USD,Jim Laporte,leonard,,,,,74920943,false,,0.00,2026-03-02T11:46:33.924732Z[UTC],2026-03-02T22:08:44.163032Z[UTC],,,2026-03-12T09:27:32.730015Z[UTC]
Merrillville Metal Recycling,2026-03-02T11:43:44.855Z[UTC],https://app.greensparksoftware.com/app/sales/outbound-tickets/908041c8-0862-4820-8706-c4d9762e9bcf,1441,PAID,Triple M,NON_FERROUS,COPPER TIER 1,"#1 COPPER",CU00001,4201,3922,279,18289.3679,Alexus Thomas,380,5.2000/lbs,20394.4000,USD,Jim Laporte,leonard,,,,,74920943,false,,0.00,2026-03-02T11:46:33.924732Z[UTC],2026-03-02T22:08:44.163032Z[UTC],,,2026-03-12T09:27:32.730015Z[UTC]
Merrillville Metal Recycling,2026-02-27T11:54:34.169Z[UTC],https://app.greensparksoftware.com/app/sales/outbound-tickets/f535ae95-7b8f-4b62-9976-77141cffc103,1439,PAID,Omni Source,FERROUS,STEEL,SHEET IRON,SHIRST,83200,34680,48520,3134.4234,Logan Sertic,182,265.0000/gt,4102.7678571428571429,USD,Jim Laporte,deborah,,,,,,true,,0.00,2026-02-27T11:58:21.404569Z[UTC],2026-02-27T19:15:39.830654Z[UTC],,,2026-03-05T09:01:13.363186Z[UTC]
Merrillville Metal Recycling,2026-02-27T10:25:31.233Z[UTC],https://app.greensparksoftware.com/app/sales/outbound-tickets/84323548-66f6-4161-9881-31b8b4fb199e,1437,PAID,Omni Source,FERROUS,STEEL,SHEET IRON,SHIRST,76840,34780,42060,3138.0078,Logan Sertic,182,265.0000/gt,4114.5982142857142857,USD,Jim Laporte,josh,,,22673,,,true,,0.00,2026-02-27T10:25:40.457498Z[UTC],2026-02-27T18:00:03.934157Z[UTC],,,2026-03-05T09:01:13.363186Z[UTC]
Merrillville Metal Recycling,2026-02-27T07:54:48.337Z[UTC],https://app.greensparksoftware.com/app/sales/outbound-tickets/b6beba18-2730-4753-ac4f-0afc719203ad,1435,PAID,Omni Source,FERROUS,STEEL,CLEAN SHEET,CLSHST,72480,30860,41620,3047.8407,Logan Sertic,183,290.0000/gt,3995.2678571428571429,USD,Jim Laporte,ZACK,,,,,,true,,0.00,2026-02-27T07:55:05.995209Z[UTC],2026-02-27T15:29:55.276411Z[UTC],,,2026-03-05T09:01:13.363186Z[UTC]
Merrillville Metal Recycling,2026-02-26T12:42:48.917Z[UTC],https://app.greensparksoftware.com/app/sales/outbound-tickets/682a4f52-23d5-4353-9dd3-50a91d5a369f,1430,PAID,Omni Source,FERROUS,STEEL,SHEET IRON,SHIRST,79600,32200,47400,2876.6682,Logan Sertic,182,265.0000/gt,3809.3750000000000000,USD,Jim Laporte,ron,,,,,,true,,0.00,2026-02-26T12:44:57.530237Z[UTC],2026-02-26T19:56:03.299262Z[UTC],,,2026-03-05T09:01:13.363186Z[UTC]
Merrillville Metal Recycling,2026-02-26T11:32:17.219Z[UTC],https://app.greensparksoftware.com/app/sales/outbound-tickets/20b24f51-0330-4ee4-a10e-ae703414067f,1429,PAID,Merrillville Peddler,NON_FERROUS,STAINLESS STEEL TIER 1,316 STAINLESS STEEL SOLIDS,NISS316,19,19,0,11.1149,Logan Sertic,329,1.0000/lbs,19.0000,USD,,,,,,,,false,,0.00,2026-02-26T11:32:27.164442Z[UTC],2026-02-26T17:32:33.469136Z[UTC],,,2026-02-27T16:14:55.832124Z[UTC]
Merrillville Metal Recycling,2026-02-26T10:23:47.546Z[UTC],https://app.greensparksoftware.com/app/sales/outbound-tickets/c401d19a-2b74-4953-825a-f0cd19d1d9e0,1428,PAID,AMG Resources Corp,FERROUS,STEEL,HEAVY MELT - UNPREPARED,UNPHMS,71840,30480,41360,1981.0689,Alexus Thomas,348,300.0000/gt,4082.1428571428571429,USD,Jim Laporte,ZACK,,,001,,,false,,0.00,2026-02-26T10:24:16.350727Z[UTC],2026-02-26T17:43:51.255913Z[UTC],,,2026-03-12T08:27:52.247867Z[UTC]
Merrillville Metal Recycling,2026-02-25T09:20:09.89Z[UTC],https://app.greensparksoftware.com/app/sales/outbound-tickets/41704d95-d6ae-4c66-9c0e-1a30ce719c8b,1424,PAID,Omni Source,FERROUS,STEEL,SHEET IRON,SHIRST,67660,28020,39640,2493.6267,Logan Sertic,182,265.0000/gt,3314.8660714285714286,USD,Jim Laporte,ron,,,,,,true,,0.00,2026-02-25T09:23:55.493141Z[UTC],2026-02-25T16:27:44.360487Z[UTC],,,2026-03-05T09:01:13.363186Z[UTC]
Merrillville Metal Recycling,2026-02-24T15:19:48.363Z[UTC],https://app.greensparksoftware.com/app/sales/outbound-tickets/af97808c-a0c8-4c38-8a7d-47c47b03486f,1422,PAID,DJJ,FERROUS,STEEL,AUTO CAST,FEAUCST,78900,45900,33000,7399.9807,Logan Sertic,390,460.0000/gt,9425.8928571428571429,USD,,ron,,,,,,false,,0.00,2026-02-24T15:20:25.587748Z[UTC],2026-02-24T21:23:16.22592Z[UTC],,,2026-05-22T09:34:04.73267Z[UTC]
Merrillville Metal Recycling,2026-02-23T08:05:18.798Z[UTC],https://app.greensparksoftware.com/app/sales/outbound-tickets/1712da8e-d1ec-4bda-8e0e-58754648251a,1414,PAID,DJJ,FERROUS,STEEL,HEAVY MELT,INDHVYM,79500,45960,33540,4574.0296,Alexus Thomas,377,355.0000/gt,7283.8392857142857143,USD,,ron,,,127,,,false,,0.00,2026-02-23T08:05:45.368113Z[UTC],2026-02-23T15:14:44.238323Z[UTC],,,2026-04-09T15:01:24.023733Z[UTC]
Merrillville Metal Recycling,2026-02-20T09:15:08Z[UTC],https://app.greensparksoftware.com/app/sales/outbound-tickets/6aaf9601-676e-4d45-9c75-bfffa215458b,1403,PAID,DJJ,FERROUS,STEEL,PLATE & STRUCTUAL,INDP&S,69200,36560,32640,2974.3423,Alexus Thomas,376,365.0000/gt,5957.3214285714285714,USD,,johnie,,,,,,false,,0.00,2026-02-19T09:15:26.451075Z[UTC],2026-02-23T14:20:46.570498Z[UTC],,,2026-04-02T14:16:29.257725Z[UTC]
Merrillville Metal Recycling,2026-02-18T15:24:59.512Z[UTC],https://app.greensparksoftware.com/app/sales/outbound-tickets/235f480f-f1bd-41ea-b35e-1d60c49c9688,1399,PAID,Omni Source,FERROUS,STEEL,SHEET IRON,SHIRST,76580,29180,47400,2557.4942,Logan Sertic,182,265.0000/gt,3452.0982142857142857,USD,Jim Laporte,deborah,,,,,,true,,0.00,2026-02-18T15:26:40.717561Z[UTC],2026-02-18T22:57:39.943649Z[UTC],,,2026-02-26T07:22:22.351538Z[UTC]
Merrillville Metal Recycling,2026-02-18T13:18:51.493Z[UTC],https://app.greensparksoftware.com/app/sales/outbound-tickets/2d512c2d-1560-4ba2-b6a6-347604351fff,1398,PAID,Cimco - NLMK,FERROUS,STEEL,BUSHELING,Indbush,77100,42100,35000,4288.7592,Logan Sertic,369,445.0000/gt,8363.6160714285714286,USD,Jim Laporte,ZACK,MMR Finco,,001,,,false,,0.00,2026-02-18T13:19:12.540941Z[UTC],2026-02-18T20:19:54.703668Z[UTC],,,2026-03-20T12:52:02.676366Z[UTC]
Merrillville Metal Recycling,2026-02-18T08:22:41.591Z[UTC],https://app.greensparksoftware.com/app/sales/outbound-tickets/b5f7f6e8-dbb3-410d-9f3f-698898a09184,1396,PAID,Merrillville Peddler,FERROUS,STEEL,SHEET IRON,SHIRST,403,327,76,28.5411,Logan Sertic,329,0.3200/lbs,104.6400,USD,,,,,,,,false,,0.00,2026-02-18T08:22:57.176847Z[UTC],2026-02-18T14:23:02.275312Z[UTC],,,2026-02-20T16:40:19.017944Z[UTC]
Merrillville Metal Recycling,2026-02-17T10:26:08.125Z[UTC],https://app.greensparksoftware.com/app/sales/outbound-tickets/5452a7ba-0fe1-4984-a77b-4c64470aba39,1393,PAID,Cimco - NLMK,FERROUS,STEEL,BUSHELING,Indbush,72820,37700,35120,3840.5279,Logan Sertic,369,445.0000/gt,7489.5089285714285714,USD,Jim Laporte,ZACK,MMR Finco,,001,,,false,,0.00,2026-02-17T10:26:19.597874Z[UTC],2026-02-17T17:09:14.65473Z[UTC],,,2026-03-20T12:52:02.676366Z[UTC]
Merrillville Metal Recycling,2026-02-16T14:22:13.798Z[UTC],https://app.greensparksoftware.com/app/sales/outbound-tickets/fd22ee39-5423-4bd9-a071-804b5da61c7e,1387,PAID,AMG Resources Corp,FERROUS,STEEL,ZZ DO NOT USE - UNPREPARED HMS (uhms),UNHMS,61800,29420,32380,2065.9532,Logan Sertic,348,300.0000/gt,3940.1785714285714286,USD,Jim Laporte,ZACK,MMR Finco,,001,,,false,,0.00,2026-02-16T14:22:48.519946Z[UTC],2026-02-16T20:22:48.519946Z[UTC],,,2026-02-26T07:17:33.043556Z[UTC]
Merrillville Metal Recycling,2026-02-16T09:01:19.947Z[UTC],https://app.greensparksoftware.com/app/sales/outbound-tickets/588030f8-fa6d-4ad1-bcd6-d9f947c5f120,1385,PAID,Merrillville Peddler,FERROUS,STEEL,SHEET IRON,SHIRST,46,46,0,3.9394,Logan Sertic,329,0.3200/lbs,14.7200,USD,,,,,,,,false,,0.00,2026-02-16T09:01:40.756989Z[UTC],2026-02-16T15:01:40.756989Z[UTC],,,2026-02-16T16:37:23.836249Z[UTC]
Merrillville Metal Recycling,2026-02-14T08:23:43.806Z[UTC],https://app.greensparksoftware.com/app/sales/outbound-tickets/a09bbbd3-a069-4810-b2f5-1c3cc58f2d70,1384,PAID,Merrillville Peddler,NON_FERROUS,COPPER TIER 2,"#1 ICW 80%",ICW80,19,14,5,46.4472,Pauline Samaniego,329,5.0000/lbs,70.0000,USD,,,,,,,,false,,0.00,2026-02-14T08:24:21.983663Z[UTC],2026-02-14T14:24:48.943896Z[UTC],,,2026-02-20T16:40:19.017944Z[UTC]
Merrillville Metal Recycling,2026-02-12T14:31:39.935Z[UTC],https://app.greensparksoftware.com/app/sales/outbound-tickets/5c509106-f240-416a-a994-cd984603702a,1383,PAID,Cimco - NLMK,FERROUS,STEEL,BUSHELING,Indbush,76160,40960,35200,4252.6104,Alexus Thomas,369,445.0000/gt,8137.1428571428571429,USD,Jim Laporte,ZACK,MMR Finco,,001,,,false,,0.00,2026-02-12T14:31:49.729391Z[UTC],2026-02-16T18:27:34.963417Z[UTC],,,2026-03-20T12:52:02.676366Z[UTC]
Merrillville Metal Recycling,2026-02-12T13:00:24Z[UTC],https://app.greensparksoftware.com/app/sales/outbound-tickets/7d791944-15c4-4a4c-ad07-6377d48821ab,1376,PAID,Cimco - NLMK,FERROUS,STEEL,BUSHELING,Indbush,71700,36760,34940,3816.5517,Logan Sertic,369,445.0000/gt,7302.7678571428571429,USD,Jim Laporte,ZACK,MMR Finco,,,,,false,,0.00,2026-02-11T13:00:57.225877Z[UTC],2026-02-11T20:06:34.946848Z[UTC],,,2026-03-20T12:52:02.676366Z[UTC]
Merrillville Metal Recycling,2026-02-12T10:48:32.28Z[UTC],https://app.greensparksoftware.com/app/sales/outbound-tickets/a1cb5891-2389-496c-8567-f5f470ec2623,1381,PAID,AMG Resources Corp,FERROUS,STEEL,ZZ DO NOT USE - UNPREPARED HMS (uhms),UNHMS,81140,39980,41160,2727.1190,Logan Sertic,348,300.0000/gt,5354.4642857142857143,USD,Jim Laporte,ZACK,MMR Finco,,001,,,false,,0.00,2026-02-12T10:49:06.395648Z[UTC],2026-02-12T18:44:59.653315Z[UTC],,,2026-02-26T07:17:33.043556Z[UTC]
Merrillville Metal Recycling,2026-02-11T14:58:45.877Z[UTC],https://app.greensparksoftware.com/app/sales/outbound-tickets/3e238c1c-68d8-4bfe-8f97-6e4a9585f0a3,1377,PAID,Merrillville Peddler,NON_FERROUS,STAINLESS STEEL TIER 1,304 STAINLESS SOLIDS,NISS300,28,3,25,0.7490,Logan Sertic,329,0.5000/lbs,1.5000,USD,,,,,,,,false,,0.00,2026-02-11T14:59:22.615216Z[UTC],2026-02-11T20:59:28.322711Z[UTC],,,2026-02-16T16:37:23.836249Z[UTC]
Merrillville Metal Recycling,2026-02-11T14:58:45.877Z[UTC],https://app.greensparksoftware.com/app/sales/outbound-tickets/3e238c1c-68d8-4bfe-8f97-6e4a9585f0a3,1377,PAID,Merrillville Peddler,FERROUS,STEEL,SHEET IRON,SHIRST,25,25,0,2.1224,Logan Sertic,329,0.3200/lbs,8.0000,USD,,,,,,,,false,,0.00,2026-02-11T14:59:22.615216Z[UTC],2026-02-11T20:59:28.322711Z[UTC],,,2026-02-16T16:37:23.836249Z[UTC]
Merrillville Metal Recycling,2026-02-11T08:25:28.84Z[UTC],https://app.greensparksoftware.com/app/sales/outbound-tickets/e41fc3de-9523-46be-a969-975e18adcbce,1375,PAID,Merrillville Peddler,NON_FERROUS,STAINLESS STEEL TIER 1,304 STAINLESS SOLIDS,NISS300,5,5,0,1.2484,Logan Sertic,329,0.5000/lbs,2.5000,USD,,,,,,,,false,,0.00,2026-02-11T08:25:50.599506Z[UTC],2026-02-11T14:25:55.990272Z[UTC],,,2026-02-16T16:37:23.836249Z[UTC]
Merrillville Metal Recycling,2026-02-10T09:32:06.805Z[UTC],https://app.greensparksoftware.com/app/sales/outbound-tickets/1d67f366-c2c3-473b-bf40-9821c88a2323,1369,PAID,Cimco - NLMK,FERROUS,STEEL,BUSHELING,Indbush,80040,38560,41480,4025.5411,Logan Sertic,369,445.0000/gt,7660.3571428571428571,USD,Jim Laporte,ZACK,MMR Finco,,001,,,false,,0.00,2026-02-10T09:32:22.503099Z[UTC],2026-02-10T16:18:21.239315Z[UTC],,,2026-03-13T11:44:30.686066Z[UTC]
Merrillville Metal Recycling,2026-02-06T08:05:25.203Z[UTC],https://app.greensparksoftware.com/app/sales/outbound-tickets/bf6e025a-a818-4e39-8469-f451931421bc,1364,PAID,AMG Resources Corp,FERROUS,STEEL,"UNPREPARED P&S ",UNPREP,75400,22440,52960,1969.8560,Alexus Thomas,348,320.0000/gt,3205.7142857142857143,USD,Jim Laporte,ZACK,MMR Finco,,001,,,false,,0.00,2026-02-06T08:07:49.613023Z[UTC],2026-02-06T18:25:28.34659Z[UTC],,,2026-02-19T08:44:51.520818Z[UTC]
Merrillville Metal Recycling,2026-02-06T08:05:25.203Z[UTC],https://app.greensparksoftware.com/app/sales/outbound-tickets/bf6e025a-a818-4e39-8469-f451931421bc,1364,PAID,AMG Resources Corp,FERROUS,STEEL,ZZ DO NOT USE - UNPREPARED HMS (uhms),UNHMS,52980,11740,41240,784.5194,Alexus Thomas,348,300.0000/gt,1572.3214285714285714,USD,Jim Laporte,ZACK,MMR Finco,,001,,,false,,0.00,2026-02-06T08:07:49.613023Z[UTC],2026-02-06T18:25:28.34659Z[UTC],,,2026-02-19T08:44:51.520818Z[UTC]
Merrillville Metal Recycling,2026-02-04T10:53:55.022Z[UTC],https://app.greensparksoftware.com/app/sales/outbound-tickets/9086fba1-7ebd-4ca6-8f86-96f351cee565,1358,PAID,Cimco - NLMK,FERROUS,STEEL,BUSHELING,Indbush,79180,37780,41400,3790.6550,Logan Sertic,369,445.0000/gt,7505.4017857142857143,USD,Jim Laporte,ZACK,MMR Finco,,001,,,false,,0.00,2026-02-04T10:54:56.653145Z[UTC],2026-02-04T16:55:04.21464Z[UTC],,,2026-03-13T11:44:30.686066Z[UTC]
Merrillville Metal Recycling,2026-02-03T11:46:42.44Z[UTC],https://app.greensparksoftware.com/app/sales/outbound-tickets/0fc05d82-95b9-4c7f-9247-6d8e3b339f05,1352,PAID,Triple M,NON_FERROUS,BRASS TIER 1,YELLOW BRASS SOLIDS,BRYELLO,1162,1077,85,2303.8538,Logan Sertic,368,3.1500/lbs,3392.5500,USD,Jim Laporte,hyun,,,178,,74920942,false,,0.00,2026-02-03T11:48:26.008863Z[UTC],2026-02-03T20:28:47.900053Z[UTC],,,2026-02-13T13:34:43.93559Z[UTC]
Merrillville Metal Recycling,2026-02-03T11:46:42.44Z[UTC],https://app.greensparksoftware.com/app/sales/outbound-tickets/0fc05d82-95b9-4c7f-9247-6d8e3b339f05,1352,PAID,Triple M,NON_FERROUS,BRASS TIER 1,RED BRASS SOLIDS,BRREDSD,700,609,91,1705.7370,Logan Sertic,368,4.2000/lbs,2557.8000,USD,Jim Laporte,hyun,,,178,,74920942,false,,0.00,2026-02-03T11:48:26.008863Z[UTC],2026-02-03T20:28:47.900053Z[UTC],,,2026-02-13T13:34:43.93559Z[UTC]
Merrillville Metal Recycling,2026-02-03T11:46:42.44Z[UTC],https://app.greensparksoftware.com/app/sales/outbound-tickets/0fc05d82-95b9-4c7f-9247-6d8e3b339f05,1352,PAID,Triple M,NON_FERROUS,COPPER TIER 2,ZZ DO NOT USE - ROMEX,ROMWIRE,846,783,63,1355.1638,Logan Sertic,368,2.8000/lbs,2192.4000,USD,Jim Laporte,hyun,,,178,,74920942,false,,0.00,2026-02-03T11:48:26.008863Z[UTC],2026-02-03T20:28:47.900053Z[UTC],,,2026-02-13T13:34:43.93559Z[UTC]
Merrillville Metal Recycling,2026-02-03T11:46:42.44Z[UTC],https://app.greensparksoftware.com/app/sales/outbound-tickets/0fc05d82-95b9-4c7f-9247-6d8e3b339f05,1352,PAID,Triple M,NON_FERROUS,COPPER TIER 1,"#1 COPPER",CU00001,1490,1399,91,5898.9635,Logan Sertic,368,5.2600/lbs,7358.7400,USD,Jim Laporte,hyun,,,178,,74920942,false,,0.00,2026-02-03T11:48:26.008863Z[UTC],2026-02-03T20:28:47.900053Z[UTC],,,2026-02-13T13:34:43.93559Z[UTC]
Merrillville Metal Recycling,2026-02-03T11:46:42.44Z[UTC],https://app.greensparksoftware.com/app/sales/outbound-tickets/0fc05d82-95b9-4c7f-9247-6d8e3b339f05,1352,PAID,Triple M,NON_FERROUS,COPPER TIER 2,"#1 ICW 80%",ICW80,6221,6022,199,18365.2928,Logan Sertic,368,3.8800/lbs,23365.3600,USD,Jim Laporte,hyun,,,178,,74920942,false,,0.00,2026-02-03T11:48:26.008863Z[UTC],2026-02-03T20:28:47.900053Z[UTC],,,2026-02-13T13:34:43.93559Z[UTC]
Merrillville Metal Recycling,2026-02-03T11:46:42.44Z[UTC],https://app.greensparksoftware.com/app/sales/outbound-tickets/0fc05d82-95b9-4c7f-9247-6d8e3b339f05,1352,PAID,Triple M,NON_FERROUS,COPPER TIER 1,"#2 COPPER",CU00002,993,900,93,3015.2057,Logan Sertic,368,5.2200/lbs,4698.0000,USD,Jim Laporte,hyun,,,178,,74920942,false,,0.00,2026-02-03T11:48:26.008863Z[UTC],2026-02-03T20:28:47.900053Z[UTC],,,2026-02-13T13:34:43.93559Z[UTC]
Merrillville Metal Recycling,2026-02-03T11:46:42.44Z[UTC],https://app.greensparksoftware.com/app/sales/outbound-tickets/0fc05d82-95b9-4c7f-9247-6d8e3b339f05,1352,PAID,Triple M,NON_FERROUS,COPPER TIER 2,"#2 ICW 80%",CUIN280,503,453,50,1105.6922,Logan Sertic,368,3.7900/lbs,1716.8700,USD,Jim Laporte,hyun,,,178,,74920942,false,,0.00,2026-02-03T11:48:26.008863Z[UTC],2026-02-03T20:28:47.900053Z[UTC],,,2026-02-13T13:34:43.93559Z[UTC]
Merrillville Metal Recycling,2026-02-03T11:46:42.44Z[UTC],https://app.greensparksoftware.com/app/sales/outbound-tickets/0fc05d82-95b9-4c7f-9247-6d8e3b339f05,1352,PAID,Triple M,NON_FERROUS,ALUMINUM,6061 ALUMINUM EXTRUSIONS,ALEXTRU,1231,1066,165,511.7149,Logan Sertic,368,1.5700/lbs,1673.6200,USD,Jim Laporte,hyun,,,178,,74920942,false,,0.00,2026-02-03T11:48:26.008863Z[UTC],2026-02-03T20:28:47.900053Z[UTC],,,2026-02-13T13:34:43.93559Z[UTC]
Merrillville Metal Recycling,2026-02-03T11:46:42.44Z[UTC],https://app.greensparksoftware.com/app/sales/outbound-tickets/0fc05d82-95b9-4c7f-9247-6d8e3b339f05,1352,PAID,Triple M,NON_FERROUS,ALUMINUM,6063 BARE ALUMINUM EXTRUSION,AL06063,5251,4568,683,4390.2834,Logan Sertic,368,1.8400/lbs,8405.1200,USD,Jim Laporte,hyun,,,178,,74920942,false,,0.00,2026-02-03T11:48:26.008863Z[UTC],2026-02-03T20:28:47.900053Z[UTC],,,2026-02-13T13:34:43.93559Z[UTC]
Merrillville Metal Recycling,2026-02-03T11:46:42.44Z[UTC],https://app.greensparksoftware.com/app/sales/outbound-tickets/0fc05d82-95b9-4c7f-9247-6d8e3b339f05,1352,PAID,Triple M,NON_FERROUS,ALUMINUM,6063 PAINTED EXTRUSION,AL06310,3336,2867,469,1878.6565,Logan Sertic,368,1.6600/lbs,4759.2200,USD,Jim Laporte,hyun,,,178,,74920942,false,,0.00,2026-02-03T11:48:26.008863Z[UTC],2026-02-03T20:28:47.900053Z[UTC],,,2026-02-13T13:34:43.93559Z[UTC]
Merrillville Metal Recycling,2026-02-03T11:46:42.44Z[UTC],https://app.greensparksoftware.com/app/sales/outbound-tickets/0fc05d82-95b9-4c7f-9247-6d8e3b339f05,1352,PAID,Triple M,NON_FERROUS,BRASS TIER 2,70/30 Brass Shells,7030BR,1640,1549,91,3562.7000,Logan Sertic,368,3.0000/lbs,4647.0000,USD,Jim Laporte,hyun,,,178,,74920942,false,,0.00,2026-02-03T11:48:26.008863Z[UTC],2026-02-03T20:28:47.900053Z[UTC],,,2026-02-13T13:34:43.93559Z[UTC]
Merrillville Metal Recycling,2026-02-03T11:46:42.44Z[UTC],https://app.greensparksoftware.com/app/sales/outbound-tickets/0fc05d82-95b9-4c7f-9247-6d8e3b339f05,1352,PAID,Triple M,NON_FERROUS,ALUMINUM,ACR AL/CU RADIATOR ENDS,ALCURAEND,554,490,64,296.0522,Logan Sertic,368,1.2900/lbs,632.1000,USD,Jim Laporte,hyun,,,178,,74920942,false,,0.00,2026-02-03T11:48:26.008863Z[UTC],2026-02-03T20:28:47.900053Z[UTC],,,2026-02-13T13:34:43.93559Z[UTC]
Merrillville Metal Recycling,2026-02-03T11:46:42.44Z[UTC],https://app.greensparksoftware.com/app/sales/outbound-tickets/0fc05d82-95b9-4c7f-9247-6d8e3b339f05,1352,PAID,Triple M,NON_FERROUS,ALUMINUM,AL/CU RADIATORS - CLEAN,ALCURAD,4686,4686,0,5416.1583,Logan Sertic,368,2.7400/lbs,12839.6400,USD,Jim Laporte,hyun,,,178,,74920942,false,,0.00,2026-02-03T11:48:26.008863Z[UTC],2026-02-03T20:28:47.900053Z[UTC],,,2026-02-13T13:34:43.93559Z[UTC]
Merrillville Metal Recycling,2026-02-03T11:46:42.44Z[UTC],https://app.greensparksoftware.com/app/sales/outbound-tickets/0fc05d82-95b9-4c7f-9247-6d8e3b339f05,1352,PAID,Triple M,NON_FERROUS,ALUMINUM,ALUMINUM OLD SHEET,ALSHEET,5079,5079,0,1921.6072,Logan Sertic,368,0.8300/lbs,4215.5700,USD,Jim Laporte,hyun,,,178,,74920942,false,,0.00,2026-02-03T11:48:26.008863Z[UTC],2026-02-03T20:28:47.900053Z[UTC],,,2026-02-13T13:34:43.93559Z[UTC]
Merrillville Metal Recycling,2026-02-03T11:46:42.44Z[UTC],https://app.greensparksoftware.com/app/sales/outbound-tickets/0fc05d82-95b9-4c7f-9247-6d8e3b339f05,1352,PAID,Triple M,NON_FERROUS,ALUMINUM,ALUMINUM PAINTED SIDING,ALPAINT,4658,4658,0,2601.2056,Logan Sertic,368,0.9600/lbs,4471.6800,USD,Jim Laporte,hyun,,,178,,74920942,false,,0.00,2026-02-03T11:48:26.008863Z[UTC],2026-02-03T20:28:47.900053Z[UTC],,,2026-02-13T13:34:43.93559Z[UTC]
Merrillville Metal Recycling,2026-02-03T11:46:42.44Z[UTC],https://app.greensparksoftware.com/app/sales/outbound-tickets/0fc05d82-95b9-4c7f-9247-6d8e3b339f05,1352,PAID,Triple M,NON_FERROUS,ALUMINUM,ALUMINUM RADIATORS - CLEAN,AL0RADS,2173,2173,0,904.8287,Logan Sertic,368,0.7900/lbs,1716.6700,USD,Jim Laporte,hyun,,,178,,74920942,false,,0.00,2026-02-03T11:48:26.008863Z[UTC],2026-02-03T20:28:47.900053Z[UTC],,,2026-02-13T13:34:43.93559Z[UTC]
Merrillville Metal Recycling,2026-02-03T11:46:42.44Z[UTC],https://app.greensparksoftware.com/app/sales/outbound-tickets/0fc05d82-95b9-4c7f-9247-6d8e3b339f05,1352,PAID,Triple M,NON_FERROUS,COPPER TIER 1,BARE BRIGHT COPPER,CUBB001,1941,1855,86,8700.4351,Logan Sertic,368,5.4100/lbs,10035.5500,USD,Jim Laporte,hyun,,,178,,74920942,false,,0.00,2026-02-03T11:48:26.008863Z[UTC],2026-02-03T20:28:47.900053Z[UTC],,,2026-02-13T13:34:43.93559Z[UTC]
Merrillville Metal Recycling,2026-02-03T11:46:42.44Z[UTC],https://app.greensparksoftware.com/app/sales/outbound-tickets/0fc05d82-95b9-4c7f-9247-6d8e3b339f05,1352,PAID,Triple M,NON_FERROUS,COPPER TIER 2,COMMUNICATION WIRE,COMWIRECU,1436,1368,68,1681.7029,Logan Sertic,368,2.2500/lbs,3078.0000,USD,Jim Laporte,hyun,,,178,,74920942,false,,0.00,2026-02-03T11:48:26.008863Z[UTC],2026-02-03T20:28:47.900053Z[UTC],,,2026-02-13T13:34:43.93559Z[UTC]
Merrillville Metal Recycling,2026-02-03T11:46:42.44Z[UTC],https://app.greensparksoftware.com/app/sales/outbound-tickets/0fc05d82-95b9-4c7f-9247-6d8e3b339f05,1352,PAID,Triple M,NON_FERROUS,BRASS TIER 1,"EDM WIRE ",EDMW,596,493,103,1133.9000,Logan Sertic,368,3.1500/lbs,1552.9500,USD,Jim Laporte,hyun,,,178,,74920942,false,,0.00,2026-02-03T11:48:26.008863Z[UTC],2026-02-03T20:28:47.900053Z[UTC],,,2026-02-13T13:34:43.93559Z[UTC]
Merrillville Metal Recycling,2026-02-03T11:46:42.44Z[UTC],https://app.greensparksoftware.com/app/sales/outbound-tickets/0fc05d82-95b9-4c7f-9247-6d8e3b339f05,1352,PAID,Triple M,NON_FERROUS,ALUMINUM,IRONY EXTRUSIONS,AL063FE,529,445,84,82.8112,Logan Sertic,368,1.0300/lbs,458.3500,USD,Jim Laporte,hyun,,,178,,74920942,false,,0.00,2026-02-03T11:48:26.008863Z[UTC],2026-02-03T20:28:47.900053Z[UTC],,,2026-02-13T13:34:43.93559Z[UTC]
Merrillville Metal Recycling,2026-02-03T11:12:14.088Z[UTC],https://app.greensparksoftware.com/app/sales/outbound-tickets/c88b53f1-0483-423b-865d-ac607d02ec85,1351,PAID,Omni Source,FERROUS,STEEL,CLEAN SHEET,CLSHST,74280,32440,41840,2689.2760,Alexus Thomas,183,290.0000/gt,4199.8214285714285714,USD,Jim Laporte,ZACK,MMR Finco,,001,,,true,,0.00,2026-02-03T11:12:33.190906Z[UTC],2026-02-03T19:03:06.109793Z[UTC],,,2026-02-12T08:26:50.049951Z[UTC]
Merrillville Metal Recycling,2026-01-30T12:55:16.414Z[UTC],https://app.greensparksoftware.com/app/sales/outbound-tickets/e3fe4ed6-5114-410c-9326-3f4e4c47cb28,1343,PAID,Omni Source,FERROUS,STEEL,SHEET IRON,SHIRST,77920,36260,41660,2836.8615,Logan Sertic,182,265.0000/gt,4289.6875000000000000,USD,Jim Laporte,ZACK,MMR Finco,,001,,,true,,0.00,2026-01-30T12:55:42.941216Z[UTC],2026-01-30T20:04:29.476914Z[UTC],,,2026-02-12T08:26:50.049951Z[UTC]
Merrillville Metal Recycling,2026-01-27T15:04:51.727Z[UTC],https://app.greensparksoftware.com/app/sales/outbound-tickets/2b0d0d6d-ccf9-4eb6-a59e-7010178e7061,1335,PAID,PRO METALS,NON_FERROUS,ALUMINUM,ALUM TRANSFORMERS,ALTRANSF,3923,3757,166,560.5996,Logan Sertic,364,0.2100/lbs,788.9700,USD,,ZACK,MMR Finco,,001,,,false,,0.00,2026-01-27T15:06:06.737455Z[UTC],2026-01-27T21:24:00.727452Z[UTC],,,2026-02-06T08:24:08.444302Z[UTC]
Merrillville Metal Recycling,2026-01-27T15:04:51.727Z[UTC],https://app.greensparksoftware.com/app/sales/outbound-tickets/2b0d0d6d-ccf9-4eb6-a59e-7010178e7061,1335,PAID,PRO METALS,NON_FERROUS,LEAD,AUTO BATTERIES,LEAUTOB,20661,20251,410,2131.7637,Logan Sertic,364,0.3000/lbs,6075.3000,USD,,ZACK,MMR Finco,,001,,,false,,0.00,2026-01-27T15:06:06.737455Z[UTC],2026-01-27T21:24:00.727452Z[UTC],,,2026-02-06T08:24:08.444302Z[UTC]
Merrillville Metal Recycling,2026-01-27T15:04:51.727Z[UTC],https://app.greensparksoftware.com/app/sales/outbound-tickets/2b0d0d6d-ccf9-4eb6-a59e-7010178e7061,1335,PAID,PRO METALS,NON_FERROUS,COPPER TIER 3,BALLAST,CUBALST,1063,993,70,112.3662,Logan Sertic,364,0.3900/lbs,387.2700,USD,,ZACK,MMR Finco,,001,,,false,,0.00,2026-01-27T15:06:06.737455Z[UTC],2026-01-27T21:24:00.727452Z[UTC],,,2026-02-06T08:24:08.444302Z[UTC]
Merrillville Metal Recycling,2026-01-27T15:04:51.727Z[UTC],https://app.greensparksoftware.com/app/sales/outbound-tickets/2b0d0d6d-ccf9-4eb6-a59e-7010178e7061,1335,PAID,PRO METALS,NON_FERROUS,COPPER TIER 3,ELECTRIC MOTORS,CUMOTOR,2245,2145,100,290.9569,Logan Sertic,364,0.6200/lbs,1329.9000,USD,,ZACK,MMR Finco,,001,,,false,,0.00,2026-01-27T15:06:06.737455Z[UTC],2026-01-27T21:24:00.727452Z[UTC],,,2026-02-06T08:24:08.444302Z[UTC]
Merrillville Metal Recycling,2026-01-27T15:04:51.727Z[UTC],https://app.greensparksoftware.com/app/sales/outbound-tickets/2b0d0d6d-ccf9-4eb6-a59e-7010178e7061,1335,PAID,PRO METALS,NON_FERROUS,COPPER TIER 3,ELECTRIC MOTORS - LARGE,CUELMOL,1031,965,66,134.0517,Logan Sertic,364,0.5100/lbs,492.1500,USD,,ZACK,MMR Finco,,001,,,false,,0.00,2026-01-27T15:06:06.737455Z[UTC],2026-01-27T21:24:00.727452Z[UTC],,,2026-02-06T08:24:08.444302Z[UTC]
Merrillville Metal Recycling,2026-01-27T15:04:51.727Z[UTC],https://app.greensparksoftware.com/app/sales/outbound-tickets/2b0d0d6d-ccf9-4eb6-a59e-7010178e7061,1335,PAID,PRO METALS,NON_FERROUS,COPPER TIER 3,SEALED UNITS,CUSEALD,9449,9079,370,934.8737,Logan Sertic,364,0.4400/lbs,3994.7600,USD,,ZACK,MMR Finco,,001,,,false,,0.00,2026-01-27T15:06:06.737455Z[UTC],2026-01-27T21:24:00.727452Z[UTC],,,2026-02-06T08:24:08.444302Z[UTC]
Merrillville Metal Recycling,2026-01-27T15:04:51.727Z[UTC],https://app.greensparksoftware.com/app/sales/outbound-tickets/2b0d0d6d-ccf9-4eb6-a59e-7010178e7061,1335,PAID,PRO METALS,NON_FERROUS,LEAD,STEEL CASED BATTERIES,LEFECAS,5486,5397,89,295.1871,Logan Sertic,364,0.2700/lbs,1457.1900,USD,,ZACK,MMR Finco,,001,,,false,,0.00,2026-01-27T15:06:06.737455Z[UTC],2026-01-27T21:24:00.727452Z[UTC],,,2026-02-06T08:24:08.444302Z[UTC]
Merrillville Metal Recycling,2026-01-27T15:04:51.727Z[UTC],https://app.greensparksoftware.com/app/sales/outbound-tickets/2b0d0d6d-ccf9-4eb6-a59e-7010178e7061,1335,PAID,PRO METALS,NON_FERROUS,COPPER TIER 3,STEEL CASED COPPER TRANSFORMERS,STCSCOTRA,2399,2307,92,440.3394,Logan Sertic,364,0.3500/lbs,807.4500,USD,,ZACK,MMR Finco,,001,,,false,,0.00,2026-01-27T15:06:06.737455Z[UTC],2026-01-27T21:24:00.727452Z[UTC],,,2026-02-06T08:24:08.444302Z[UTC]
Merrillville Metal Recycling,2026-01-27T15:04:51.727Z[UTC],https://app.greensparksoftware.com/app/sales/outbound-tickets/2b0d0d6d-ccf9-4eb6-a59e-7010178e7061,1335,PAID,PRO METALS,NON_FERROUS,ALUMINUM,ALUM ARMATURE,ALUARM,2069,1977,92,136.5673,Logan Sertic,364,0.0800/lbs,158.1600,USD,,ZACK,MMR Finco,,001,,,false,,0.00,2026-01-27T15:06:06.737455Z[UTC],2026-01-27T21:24:00.727452Z[UTC],,,2026-02-06T08:24:08.444302Z[UTC]
Merrillville Metal Recycling,2026-01-27T08:57:44.561Z[UTC],https://app.greensparksoftware.com/app/sales/outbound-tickets/ad77e068-3683-411f-830c-29f6d3ef4474,1334,PAID,AMG Resources Corp,FERROUS,STEEL,"UNPREPARED P&S ",UNPREP,77400,35340,42060,2659.7055,Logan Sertic,348,320.0000/gt,5048.5714285714285714,USD,Jim Laporte,ZACK,MMR Finco,,001,,,false,,0.00,2026-01-27T08:58:18.733229Z[UTC],2026-01-27T16:38:02.995831Z[UTC],,,2026-02-05T07:21:12.867726Z[UTC]
Merrillville Metal Recycling,2026-01-22T11:44:54.53Z[UTC],https://app.greensparksoftware.com/app/sales/outbound-tickets/7a2120ee-ddba-4c54-b6e3-6f3636735621,1327,PAID,Merrillville Peddler,NON_FERROUS,ALUMINUM,ZZ DO NOT USE ALUMINUM BREAKAGE,ALBRKG,2324,1751,573,181.2811,Logan Sertic,329,0.3500/lbs,612.8500,USD,,,,,,,,false,,0.00,2026-01-22T11:45:29.459725Z[UTC],2026-01-22T17:49:58.555085Z[UTC],,,2026-01-26T08:47:24.032655Z[UTC]
Merrillville Metal Recycling,2026-01-22T10:58:34.967Z[UTC],https://app.greensparksoftware.com/app/sales/outbound-tickets/bf9bfb57-caea-45ec-a3d2-01e09a79a048,1326,PAID,Cimco - NLMK,FERROUS,STEEL,BUSHELING,Indbush,68860,33940,34920,3195.3960,Logan Sertic,347,350.0000/gt,5303.1250000000000000,USD,Jim Laporte,ZACK,,,001,,,false,,0.00,2026-01-22T10:58:56.660542Z[UTC],2026-01-22T17:53:30.557479Z[UTC],,,2026-02-27T13:05:00.422065Z[UTC]
Merrillville Metal Recycling,2026-01-22T08:53:24.525Z[UTC],https://app.greensparksoftware.com/app/sales/outbound-tickets/ce1eaf36-98ba-40e0-96f4-6f8857e8e232,1325,PAID,Omni Source,FERROUS,STEEL,SHEET IRON,SHIRST,74620,34780,39840,2394.5770,Logan Sertic,182,265.0000/gt,4114.5982142857142857,USD,Jim Laporte,tracy,,,,,,true,,0.00,2026-01-22T08:54:43.166879Z[UTC],2026-01-22T16:40:52.397129Z[UTC],,,2026-01-29T09:16:38.948776Z[UTC]
Merrillville Metal Recycling,2026-01-21T07:59:21.906Z[UTC],https://app.greensparksoftware.com/app/sales/outbound-tickets/8a545bf6-4b56-4716-8798-52be083dd62a,1324,PAID,DJJ,FERROUS,STEEL,AUTO CAST,FEAUCST,81120,48480,32640,7007.8652,Logan Sertic,362,430.0000/gt,9306.4285714285714286,USD,,Greg,,,,,,false,,0.00,2026-01-21T07:59:46.61174Z[UTC],2026-01-21T15:32:40.463712Z[UTC],,,2026-03-10T07:33:20.193347Z[UTC]
Merrillville Metal Recycling,2026-01-20T08:17:15.74Z[UTC],https://app.greensparksoftware.com/app/sales/outbound-tickets/fe3d96e1-4938-455b-bfe4-c82c2ed976e9,1320,PAID,Cimco - NLMK,FERROUS,STEEL,BUSHELING,Indbush,62220,27000,35220,2522.2092,Logan Sertic,347,350.0000/gt,4218.7500000000000000,USD,Jim Laporte,ZACK,,,001,,,false,,0.00,2026-01-20T08:17:25.84991Z[UTC],2026-01-20T15:40:09.349659Z[UTC],,,2026-02-20T13:17:42.16368Z[UTC]
Merrillville Metal Recycling,2026-01-16T11:58:40.914Z[UTC],https://app.greensparksoftware.com/app/sales/outbound-tickets/91069558-db40-43c4-83d7-44e3a70ad35f,1316,PAID,Merrillville Peddler,FERROUS,STEEL,"UNPREPARED P&S ",UNPREP,63,63,0,4.3027,Logan Sertic,329,0.3200/lbs,20.1600,USD,,,,,,,,false,,0.00,2026-01-16T11:59:00.124898Z[UTC],2026-01-16T17:59:05.48694Z[UTC],,,2026-01-26T08:46:26.097612Z[UTC]
Merrillville Metal Recycling,2026-01-16T09:38:50.735Z[UTC],https://app.greensparksoftware.com/app/sales/outbound-tickets/2da855e1-485c-472b-bf96-a5bc9c22918a,1313,PAID,Cimco - NLMK,FERROUS,STEEL,BUSHELING,Indbush,74020,38440,35580,3590.8787,Logan Sertic,347,350.0000/gt,6006.2500000000000000,USD,Jim Laporte,ZACK,,,,,,false,,0.00,2026-01-16T09:50:13.77137Z[UTC],2026-01-16T16:54:15.100636Z[UTC],,,2026-02-20T13:17:42.16368Z[UTC]
Merrillville Metal Recycling,2026-01-15T13:35:52.106Z[UTC],https://app.greensparksoftware.com/app/sales/outbound-tickets/29262467-2465-4575-b8e9-f3a7b6a9fe77,1310,PAID,Merrillville Peddler,NON_FERROUS,COPPER TIER 2,"#1 ICW 80%",ICW80,20,20,0,57.7306,Logan Sertic,329,5.0000/lbs,100.0000,USD,,,,,,,,false,,0.00,2026-01-15T13:36:07.727809Z[UTC],2026-01-15T19:36:12.748389Z[UTC],,,2026-01-26T08:46:26.097612Z[UTC]
Merrillville Metal Recycling,2026-01-15T13:23:19.54Z[UTC],https://app.greensparksoftware.com/app/sales/outbound-tickets/e813d983-3fab-4eb4-a13a-6728088e0bbb,1308,PAID,Merrillville Peddler,FERROUS,STEEL,ZZ DO NOT USE - UNPREPARED HMS (uhms),UNHMS,3800,3800,0,188.9995,Logan Sertic,329,0.1437/lbs,546.0600,USD,,,,,,,,false,,0.00,2026-01-15T13:23:34.995969Z[UTC],2026-01-15T19:23:34.995969Z[UTC],,,2026-01-26T08:46:26.097612Z[UTC]
Merrillville Metal Recycling,2026-01-15T13:06:16.867Z[UTC],https://app.greensparksoftware.com/app/sales/outbound-tickets/35455d62-5653-4adf-a9a0-c96b26bab345,1307,PAID,Merrillville Peddler,FERROUS,STEEL,ZZ DO NOT USE - UNPREPARED HMS (uhms),UNHMS,130,130,0,6.4658,Logan Sertic,329,0.1437/lbs,18.6810,USD,,,,,,,,false,,0.00,2026-01-15T13:06:37.601182Z[UTC],2026-01-15T19:07:42.114819Z[UTC],,,2026-01-26T08:46:26.097612Z[UTC]
Merrillville Metal Recycling,2026-01-15T09:32:33.577Z[UTC],https://app.greensparksoftware.com/app/sales/outbound-tickets/e0d3bbac-fe38-4f5f-bc4d-8a70d51d5597,1306,PAID,DJJ,FERROUS,STEEL,PLATE & STRUCTUAL,INDP&S,70540,39020,31520,3190.3894,Logan Sertic,356,345.0000/gt,6009.7767857142857143,USD,,eric,,,,,,false,,0.00,2026-01-15T09:35:32.030269Z[UTC],2026-01-15T18:26:45.51916Z[UTC],,,2026-02-27T12:59:38.689712Z[UTC]
Merrillville Metal Recycling,2026-01-15T09:03:47.079Z[UTC],https://app.greensparksoftware.com/app/sales/outbound-tickets/eeae9327-5081-40f6-83d5-204648333a76,1304,PAID,DJJ,FERROUS,STEEL,HEAVY MELT,INDHVYM,77880,42840,35040,3598.7897,Alexus Thomas,357,335.0000/gt,6406.8750000000000000,USD,,ron,,,,,,false,,0.00,2026-01-15T09:04:00.918701Z[UTC],2026-01-15T16:28:49.438796Z[UTC],,,2026-02-27T12:59:38.689712Z[UTC]
Merrillville Metal Recycling,2026-01-14T13:18:11.856Z[UTC],https://app.greensparksoftware.com/app/sales/outbound-tickets/5d641cbc-7c72-44b2-80f1-39c6ec42a413,1302,PAID,AMG Resources Corp,FERROUS,STEEL,ZZ DO NOT USE - UNPREPARED HMS (uhms),UNHMS,130780,34780,96000,1729.8427,Logan Sertic,348,300.0000/gt,4658.0357142857142857,USD,Jim Laporte,ZACK,,,,,,false,,0.00,2026-01-14T13:19:44.128591Z[UTC],2026-01-14T19:19:50.386561Z[UTC],,,2026-01-29T09:27:39.278594Z[UTC]
Merrillville Metal Recycling,2026-01-12T09:45:21.801Z[UTC],https://app.greensparksoftware.com/app/sales/outbound-tickets/1ae982f5-61e3-4787-90ae-d7401f981742,1293,PAID,Omni Source,FERROUS,STEEL,CLEAN SHEET,CLSHST,78580,37220,41360,2537.1041,Pauline Samaniego,183,290.0000/gt,4818.6607142857142857,USD,Jim Laporte,kurtis,,,,,,true,,0.00,2026-01-12T09:45:33.062088Z[UTC],2026-01-12T16:52:45.74621Z[UTC],,,2026-01-29T09:16:38.948776Z[UTC]
Merrillville Metal Recycling,2026-01-09T11:48:31.142Z[UTC],https://app.greensparksoftware.com/app/sales/outbound-tickets/4c42fd25-dc8b-4515-b2be-9181264c16ee,1288,PAID,benton milton,NON_FERROUS,ALUMINUM,ZZ DO NOT USE - ALUMINUM TURNINGS,ALMTRNG,2401,1962,439,392.6105,Alexus Thomas,355,0.2000/lbs,392.4000,USD,,,,,,,,false,,0.00,2026-01-09T11:48:42.194855Z[UTC],2026-01-09T17:48:48.743796Z[UTC],,,2026-03-13T15:20:20.362052Z[UTC]
Merrillville Metal Recycling,2026-01-09T11:48:31.142Z[UTC],https://app.greensparksoftware.com/app/sales/outbound-tickets/4c42fd25-dc8b-4515-b2be-9181264c16ee,1288,PAID,benton milton,NON_FERROUS,STAINLESS STEEL TIER 1,304 STAINLESS STEEL TURNINGS,NI300BO,1518,1371,147,329.0400,Alexus Thomas,355,0.1500/lbs,205.6500,USD,,,,,,,,false,,0.00,2026-01-09T11:48:42.194855Z[UTC],2026-01-09T17:48:48.743796Z[UTC],,,2026-03-13T15:20:20.362052Z[UTC]
Merrillville Metal Recycling,2026-01-09T09:39:36.805Z[UTC],https://app.greensparksoftware.com/app/sales/outbound-tickets/415c1429-d7de-4a6f-b13c-5e68ce7ed8da,1287,PAID,"Imperial Group ",NON_FERROUS,COPPER TIER 2,"#1 ICW 80%",ICW80,13180,12953,227,37008.9919,Logan Sertic,350,4.1500/lbs,53754.9500,USD,,arturo,,,,,74920958,false,,0.00,2026-01-09T09:40:53.714377Z[UTC],2026-01-09T16:36:41.281358Z[UTC],,,2026-01-15T13:05:11.946638Z[UTC]
Merrillville Metal Recycling,2026-01-09T09:39:36.805Z[UTC],https://app.greensparksoftware.com/app/sales/outbound-tickets/415c1429-d7de-4a6f-b13c-5e68ce7ed8da,1287,PAID,"Imperial Group ",NON_FERROUS,COPPER TIER 1,BARE BRIGHT COPPER,CUBB001,16001,15314,687,61909.5285,Logan Sertic,350,5.4000/lbs,82695.6000,USD,,arturo,,,,,74920958,false,,0.00,2026-01-09T09:40:53.714377Z[UTC],2026-01-09T16:36:41.281358Z[UTC],,,2026-01-15T13:05:11.946638Z[UTC]
Merrillville Metal Recycling,2026-01-09T09:39:36.805Z[UTC],https://app.greensparksoftware.com/app/sales/outbound-tickets/415c1429-d7de-4a6f-b13c-5e68ce7ed8da,1287,PAID,"Imperial Group ",NON_FERROUS,COPPER TIER 1,"#2 COPPER",CU00002,886,803,83,2489.4285,Logan Sertic,350,5.1400/lbs,4127.4200,USD,,arturo,,,,,74920958,false,,0.00,2026-01-09T09:40:53.714377Z[UTC],2026-01-09T16:36:41.281358Z[UTC],,,2026-01-15T13:05:11.946638Z[UTC]
Merrillville Metal Recycling,2026-01-09T09:39:36.805Z[UTC],https://app.greensparksoftware.com/app/sales/outbound-tickets/415c1429-d7de-4a6f-b13c-5e68ce7ed8da,1287,PAID,"Imperial Group ",NON_FERROUS,BRASS TIER 1,YELLOW BRASS SOLIDS,BRYELLO,2168,2075,93,4454.2206,Logan Sertic,350,3.0500/lbs,6328.7500,USD,,arturo,,,,,74920958,false,,0.00,2026-01-09T09:40:53.714377Z[UTC],2026-01-09T16:36:41.281358Z[UTC],,,2026-01-15T13:05:11.946638Z[UTC]
Merrillville Metal Recycling,2026-01-09T09:39:36.805Z[UTC],https://app.greensparksoftware.com/app/sales/outbound-tickets/415c1429-d7de-4a6f-b13c-5e68ce7ed8da,1287,PAID,"Imperial Group ",NON_FERROUS,COPPER TIER 2,"#2 ICW 45%",CUIN245,1179,1128,51,944.4583,Logan Sertic,350,2.2900/lbs,2583.1200,USD,,arturo,,,,,74920958,false,,0.00,2026-01-09T09:40:53.714377Z[UTC],2026-01-09T16:36:41.281358Z[UTC],,,2026-01-15T13:05:11.946638Z[UTC]
Merrillville Metal Recycling,2026-01-09T09:39:36.805Z[UTC],https://app.greensparksoftware.com/app/sales/outbound-tickets/415c1429-d7de-4a6f-b13c-5e68ce7ed8da,1287,PAID,"Imperial Group ",NON_FERROUS,COPPER TIER 2,COMMUNICATION WIRE,COMWIRECU,6336,6140,196,7907.4518,Logan Sertic,350,2.2500/lbs,13815.0000,USD,,arturo,,,,,74920958,false,,0.00,2026-01-09T09:40:53.714377Z[UTC],2026-01-09T16:36:41.281358Z[UTC],,,2026-01-15T13:05:11.946638Z[UTC]
Merrillville Metal Recycling,2026-01-09T09:39:36.805Z[UTC],https://app.greensparksoftware.com/app/sales/outbound-tickets/415c1429-d7de-4a6f-b13c-5e68ce7ed8da,1287,PAID,"Imperial Group ",NON_FERROUS,COPPER TIER 1,"#1 COPPER",CU00001,2671,2482,189,9807.1394,Logan Sertic,350,5.2500/lbs,13030.5000,USD,,arturo,,,,,74920958,false,,0.00,2026-01-09T09:40:53.714377Z[UTC],2026-01-09T16:36:41.281358Z[UTC],,,2026-01-15T13:05:11.946638Z[UTC]
Merrillville Metal Recycling,2026-01-09T09:39:36.805Z[UTC],https://app.greensparksoftware.com/app/sales/outbound-tickets/415c1429-d7de-4a6f-b13c-5e68ce7ed8da,1287,PAID,"Imperial Group ",NON_FERROUS,COPPER TIER 1,TIN PLTD COPPER WIRE,TNPDCWR,395,316,79,979.7921,Logan Sertic,350,5.1400/lbs,1624.2400,USD,,arturo,,,,,74920958,false,,0.00,2026-01-09T09:40:53.714377Z[UTC],2026-01-09T16:36:41.281358Z[UTC],,,2026-01-15T13:05:11.946638Z[UTC]
Merrillville Metal Recycling,2026-01-08T10:52:03.869Z[UTC],https://app.greensparksoftware.com/app/sales/outbound-tickets/924d8d23-e724-4a58-8d0b-533b463e7bc3,1285,PAID,Omni Source,FERROUS,STEEL,SHEET IRON,SHIRST,78980,30920,48060,2057.6830,Logan Sertic,182,265.0000/gt,3657.9464285714285714,USD,Jim Laporte,luke,MMR Finco,,,,,true,,0.00,2026-01-08T10:53:26.587723Z[UTC],2026-01-08T18:02:47.250115Z[UTC],,,2026-01-15T10:29:34.403939Z[UTC]
Merrillville Metal Recycling,2026-01-08T08:03:56.02Z[UTC],https://app.greensparksoftware.com/app/sales/outbound-tickets/73ffc55c-ad38-4d7e-8de7-919851177fd3,1284,PAID,Omni Source,FERROUS,STEEL,SHEET IRON,SHIRST,75900,40460,35440,2690.9730,Alexus Thomas,182,265.0000/gt,4786.5625000000000000,USD,Jim Laporte,tracy,,,,,,true,,0.00,2026-01-08T08:04:19.116265Z[UTC],2026-01-08T15:52:14.932913Z[UTC],,,2026-01-15T10:29:34.403939Z[UTC]
Merrillville Metal Recycling,2026-01-06T08:03:11.542Z[UTC],https://app.greensparksoftware.com/app/sales/outbound-tickets/ad16c56e-080b-4077-9b61-a11a2211ee35,1275,PAID,Cimco - NLMK,FERROUS,STEEL,BUSHELING,Indbush,78880,37600,41280,3523.2680,Alexus Thomas,347,350.0000/gt,5875.0000000000000000,USD,Jim Laporte,ZACK,,,001,,,false,,0.00,2026-01-06T08:05:31.433086Z[UTC],2026-01-06T15:23:40.526614Z[UTC],,,2026-02-06T12:34:55.441671Z[UTC]
Merrillville Metal Recycling,2026-01-05T13:53:29.861Z[UTC],https://app.greensparksoftware.com/app/sales/outbound-tickets/c121a99e-c49f-431f-badd-117805588d3e,1274,PAID,Merrillville Peddler,FERROUS,STEEL,SHEET IRON,SHIRST,11340,140,11200,9.2951,Logan Sertic,329,0.3200/lbs,44.8000,USD,,,,,,,,false,,0.00,2026-01-05T13:53:47.428411Z[UTC],2026-01-05T19:55:46.940737Z[UTC],,,2026-01-26T08:38:46.843297Z[UTC]
Merrillville Metal Recycling,2026-01-05T09:13:04.785Z[UTC],https://app.greensparksoftware.com/app/sales/outbound-tickets/98b7194b-f881-4680-a414-585222caf19c,1273,PAID,Cimco - NLMK,FERROUS,STEEL,BUSHELING,Indbush,81260,39860,41400,3735.0389,Alexus Thomas,347,350.0000/gt,6228.1250000000000000,USD,Jim Laporte,ZACK,,,001,,,false,,0.00,2026-01-05T09:13:27.532022Z[UTC],2026-01-05T15:13:42.270209Z[UTC],,,2026-02-06T12:34:55.441671Z[UTC]
