date,close,actual_up,predicted_p_up,predicted_dir,confidence,correct
2018-05-23,66.3499984741211,1,0.4032258064516129,DOWN,0.09677419354838712,0
2018-05-24,66.36000061035156,0,0.4032258064516129,DOWN,0.09677419354838712,1
2018-05-25,66.26000213623047,1,0.4032258064516129,DOWN,0.09677419354838712,0
2018-05-29,66.2699966430664,0,0.4032258064516129,DOWN,0.09677419354838712,1
2018-05-30,66.0199966430664,0,0.4032258064516129,DOWN,0.09677419354838712,1
2018-05-31,65.94999694824219,0,0.7222222222222222,UP,0.2222222222222222,0
2018-06-01,64.52999877929688,1,0.4032258064516129,DOWN,0.09677419354838712,0
2018-06-04,64.55999755859375,1,0.4032258064516129,DOWN,0.09677419354838712,0
2018-06-05,64.77999877929688,1,0.7222222222222222,UP,0.2222222222222222,1
2018-06-06,65.16999816894531,0,0.98288610346502,UP,0.48288610346502003,0
2018-06-07,65.16999816894531,0,0.4032258064516129,DOWN,0.09677419354838712,1
2018-06-08,64.73999786376953,1,0.7222222222222222,UP,0.2222222222222222,1
2018-06-11,65.18000030517578,1,0.4032258064516129,DOWN,0.09677419354838712,0
2018-06-12,65.4000015258789,0,0.4032258064516129,DOWN,0.09677419354838712,1
2018-06-13,65.33999633789062,1,0.4032258064516129,DOWN,0.09677419354838712,0
2018-06-14,65.55999755859375,0,0.4032258064516129,DOWN,0.09677419354838712,1
2018-06-15,65.38999938964844,0,0.4032258064516129,DOWN,0.09677419354838712,1
2018-06-18,65.30000305175781,0,0.4032258064516129,DOWN,0.09677419354838712,1
2018-06-19,65.01000213623047,0,0.4032258064516129,DOWN,0.09677419354838712,1
2018-06-20,65.01000213623047,0,0.4032258064516129,DOWN,0.09677419354838712,1
2018-06-21,64.93000030517578,0,0.4032258064516129,DOWN,0.09677419354838712,1
2018-06-22,64.88999938964844,0,0.4032258064516129,DOWN,0.09677419354838712,1
2018-06-25,64.87999725341797,1,0.4032258064516129,DOWN,0.09677419354838712,0
2018-06-26,64.91000366210938,0,0.4032258064516129,DOWN,0.09677419354838712,1
2018-06-27,64.8499984741211,0,0.4032258064516129,DOWN,0.09677419354838712,1
2018-06-28,64.80999755859375,0,0.7222222222222222,UP,0.2222222222222222,0
2018-06-29,64.80000305175781,0,0.4032258064516129,DOWN,0.09677419354838712,1
2018-07-02,64.12999725341797,0,0.4032258064516129,DOWN,0.09677419354838712,1
2018-07-03,64.08999633789062,0,0.4032258064516129,DOWN,0.09677419354838712,1
2018-07-05,63.060001373291016,0,0.7222222222222222,UP,0.2222222222222222,0
2018-07-06,62.9900016784668,1,0.4032258064516129,DOWN,0.09677419354838712,0
2018-07-09,63.130001068115234,1,0.803852007932819,UP,0.30385200793281897,1
2018-07-10,63.189998626708984,0,0.4032258064516129,DOWN,0.09677419354838712,1
2018-07-11,63.18000030517578,1,0.4032258064516129,DOWN,0.09677419354838712,0
2018-07-12,63.209999084472656,1,0.4032258064516129,DOWN,0.09677419354838712,0
2018-07-13,63.2400016784668,1,0.4032258064516129,DOWN,0.09677419354838712,0
2018-07-16,63.33000183105469,0,0.4032258064516129,DOWN,0.09677419354838712,1
2018-07-17,63.099998474121094,1,0.4032258064516129,DOWN,0.09677419354838712,0
2018-07-18,63.29999923706055,1,0.7222222222222222,UP,0.2222222222222222,1
2018-07-19,63.58000183105469,1,0.4032258064516129,DOWN,0.09677419354838712,0
2018-07-20,63.61000061035156,1,0.7222222222222222,UP,0.2222222222222222,1
2018-07-23,63.72999954223633,1,0.7222222222222222,UP,0.2222222222222222,1
2018-07-24,63.83000183105469,1,0.4032258064516129,DOWN,0.09677419354838712,0
2018-07-25,63.869998931884766,1,0.4032258064516129,DOWN,0.09677419354838712,0
2018-07-26,63.93000030517578,1,0.4032258064516129,DOWN,0.09677419354838712,0
2018-07-27,64.08000183105469,1,0.4032258064516129,DOWN,0.09677419354838712,0
2018-07-30,64.19999694824219,1,0.4032258064516129,DOWN,0.09677419354838712,0
2018-07-31,64.3499984741211,1,0.4032258064516129,DOWN,0.09677419354838712,0
2018-08-01,66.66000366210938,1,0.4032258064516129,DOWN,0.09677419354838712,0
2018-08-02,66.86000061035156,1,0.7222222222222222,UP,0.2222222222222222,1
2018-08-03,68.23999786376953,1,0.7222222222222222,UP,0.2222222222222222,1
2018-08-06,69.08000183105469,1,0.4032258064516129,DOWN,0.09677419354838712,0
2018-08-07,69.3499984741211,0,0.7222222222222222,UP,0.2222222222222222,0
2018-08-08,68.80999755859375,1,0.7222222222222222,UP,0.2222222222222222,1
2018-08-09,68.94000244140625,0,0.4032258064516129,DOWN,0.09677419354838712,1
2018-08-10,68.58000183105469,0,0.7222222222222222,UP,0.2222222222222222,0
2018-08-13,68.55000305175781,0,0.7222222222222222,UP,0.2222222222222222,0
2018-08-14,67.95999908447266,0,0.4032258064516129,DOWN,0.09677419354838712,1
2018-08-15,67.72000122070312,0,0.4032258064516129,DOWN,0.09677419354838712,1
2018-08-16,67.58999633789062,1,0.4032258064516129,DOWN,0.09677419354838712,0
2018-08-17,67.98999786376953,0,0.4032258064516129,DOWN,0.09677419354838712,1
2018-08-20,67.94999694824219,0,0.4032258064516129,DOWN,0.09677419354838712,1
2018-08-21,67.6500015258789,1,0.4032258064516129,DOWN,0.09677419354838712,0
2018-08-22,67.69000244140625,0,0.45,DOWN,0.04999999999999999,1
2018-08-23,67.54000091552734,0,0.25,DOWN,0.25,1
2018-08-24,67.4800033569336,0,0.46686887921185555,DOWN,0.03313112078814445,1
2018-08-27,67.41999816894531,0,0.25,DOWN,0.25,1
2018-08-28,67.3499984741211,0,0.25,DOWN,0.25,1
2018-08-29,67.27999877929688,0,0.25,DOWN,0.25,1
2018-08-30,67.20999908447266,0,0.0,DOWN,0.5,1
2018-08-31,67.16000366210938,0,0.25,DOWN,0.25,1
2018-09-04,66.63999938964844,1,0.0,DOWN,0.5,0
2018-09-05,67.22000122070312,1,0.25,DOWN,0.25,0
2018-09-06,68.12999725341797,0,0.3333333333333333,DOWN,0.16666666666666669,1
2018-09-07,68.06999969482422,1,0.25,DOWN,0.25,0
2018-09-10,68.16999816894531,0,0.25,DOWN,0.25,1
2018-09-11,67.77999877929688,1,0.25,DOWN,0.25,0
2018-09-12,67.9800033569336,1,0.45,DOWN,0.04999999999999999,0
2018-09-13,68.30999755859375,1,0.25,DOWN,0.25,0
2018-09-14,68.43000030517578,1,0.25,DOWN,0.25,0
2018-09-17,68.56999969482422,1,0.45,DOWN,0.04999999999999999,0
2018-09-18,68.58999633789062,1,0.6666666666666666,UP,0.16666666666666663,1
2018-09-19,68.66999816894531,0,0.45,DOWN,0.04999999999999999,1
2018-09-20,68.66999816894531,1,0.5,UP,0.0,1
2018-09-21,68.69000244140625,0,0.6666666666666666,UP,0.16666666666666663,0
2018-09-24,68.68000030517578,0,0.25,DOWN,0.25,1
2018-09-25,68.62000274658203,1,0.5,UP,0.0,1
2018-09-26,68.66000366210938,1,0.42608151051478377,DOWN,0.07391848948521623,0
2018-09-27,68.69000244140625,1,0.45,DOWN,0.04999999999999999,0
2018-09-28,68.7300033569336,0,0.4124774270595018,DOWN,0.0875225729404982,1
2018-10-01,68.4000015258789,1,0.45,DOWN,0.04999999999999999,0
2018-10-02,68.83999633789062,1,0.45,DOWN,0.04999999999999999,0
2018-10-03,69.08000183105469,0,0.6666666666666666,UP,0.16666666666666663,0
2018-10-04,68.51000213623047,1,0.25,DOWN,0.25,0
2018-10-05,69.23999786376953,1,0.25,DOWN,0.25,0
2018-10-08,69.29000091552734,1,0.25,DOWN,0.25,0
2018-10-09,70.08999633789062,1,0.6666666666666666,UP,0.16666666666666663,1
2018-10-10,70.38999938964844,0,0.16074086014629613,DOWN,0.3392591398537039,1
2018-10-11,70.23999786376953,1,0.45,DOWN,0.04999999999999999,0
2018-10-12,70.48999786376953,1,0.6666666666666666,UP,0.16666666666666663,1
2018-10-15,70.55999755859375,1,0.45,DOWN,0.04999999999999999,0
2018-10-16,70.58000183105469,1,0.45,DOWN,0.04999999999999999,0
2018-10-17,71.4000015258789,0,0.6666666666666666,UP,0.16666666666666663,0
2018-10-18,71.4000015258789,0,0.25,DOWN,0.25,1
2018-10-19,71.4000015258789,1,0.25,DOWN,0.25,0
2018-10-22,71.70999908447266,1,0.45,DOWN,0.04999999999999999,0
2018-10-23,71.79000091552734,1,0.25,DOWN,0.25,0
2018-10-24,72.05000305175781,1,0.23839156922399682,DOWN,0.26160843077600315,0
2018-10-25,72.22000122070312,1,0.25,DOWN,0.25,0
2018-10-26,72.41000366210938,1,0.3333333333333333,DOWN,0.16666666666666669,0
2018-10-29,72.58000183105469,1,0.0,DOWN,0.5,0
2018-10-30,72.69999694824219,1,0.25,DOWN,0.25,0
2018-10-31,72.80999755859375,1,0.25,DOWN,0.25,0
2018-11-01,72.98999786376953,0,0.5,UP,0.0,0
2018-11-02,72.91999816894531,1,0.37869452372307477,DOWN,0.12130547627692523,0
2018-11-05,73.9000015258789,1,0.25,DOWN,0.25,0
2018-11-06,74.18000030517578,0,0.0,DOWN,0.5,1
2018-11-07,74.18000030517578,1,0.25,DOWN,0.25,0
2018-11-08,75.01000213623047,1,0.25,DOWN,0.25,0
2018-11-09,75.58000183105469,0,0.25,DOWN,0.25,1
2018-11-12,75.2699966430664,0,0.0,DOWN,0.5,1
2018-11-13,74.9800033569336,0,0.10727653070154942,DOWN,0.3927234692984506,1
2018-11-14,74.80999755859375,1,0.25,DOWN,0.25,0
2018-11-15,74.94999694824219,1,0.25,DOWN,0.25,0
2018-11-16,75.08000183105469,1,0.29815169111469425,DOWN,0.20184830888530575,0
2018-11-19,75.30000305175781,0,0.12866340449551014,DOWN,0.37133659550448983,1
2018-11-20,74.87999725341797,0,0.25,DOWN,0.25,1
2018-11-21,74.86000061035156,0,0.6097560975609756,UP,0.1097560975609756,0
2018-11-23,74.20999908447266,0,0.25,DOWN,0.25,1
2018-11-26,73.58000183105469,0,0.25,DOWN,0.25,1
2018-11-27,73.13999938964844,0,0.25,DOWN,0.25,1
2018-11-28,72.91999816894531,0,0.6097560975609756,UP,0.1097560975609756,0
2018-11-29,72.5999984741211,0,0.375,DOWN,0.125,1
2018-11-30,72.27999877929688,0,0.6097560975609756,UP,0.1097560975609756,0
2018-12-03,65.56999969482422,1,1.0,UP,0.5,1
2018-12-04,66.83000183105469,0,0.7142857142857143,UP,0.2142857142857143,0
2018-12-06,66.0,1,0.7142857142857143,UP,0.2142857142857143,1
2018-12-07,66.76000213623047,0,0.6097560975609756,UP,0.1097560975609756,0
2018-12-10,66.51000213623047,1,0.6097560975609756,UP,0.1097560975609756,1
2018-12-11,66.73999786376953,1,0.6097560975609756,UP,0.1097560975609756,1
2018-12-12,66.81999969482422,1,0.6097560975609756,UP,0.1097560975609756,1
2018-12-13,67.26000213623047,1,0.6097560975609756,UP,0.1097560975609756,1
2018-12-14,67.88999938964844,1,0.6097560975609756,UP,0.1097560975609756,1
2018-12-17,68.12000274658203,1,0.7142857142857143,UP,0.2142857142857143,1
2018-12-18,68.48999786376953,1,0.6097560975609756,UP,0.1097560975609756,1
2018-12-19,68.69000244140625,1,0.6097560975609756,UP,0.1097560975609756,1
2018-12-20,69.12000274658203,0,0.7142857142857143,UP,0.2142857142857143,0
2018-12-21,68.98999786376953,0,0.6097560975609756,UP,0.1097560975609756,0
2018-12-24,68.79000091552734,1,0.7142857142857143,UP,0.2142857142857143,1
2018-12-26,68.83000183105469,1,1.0,UP,0.5,1
2018-12-27,69.0,1,0.6097560975609756,UP,0.1097560975609756,1
2018-12-28,69.19999694824219,0,0.6097560975609756,UP,0.1097560975609756,0
2018-12-31,69.19999694824219,1,0.7142857142857143,UP,0.2142857142857143,1
2019-01-02,71.05999755859375,1,0.375,DOWN,0.125,0
2019-01-03,72.2300033569336,1,0.6097560975609756,UP,0.1097560975609756,1
2019-01-04,73.08999633789062,1,1.0,UP,0.5,1
2019-01-07,74.1500015258789,1,0.7142857142857143,UP,0.2142857142857143,1
2019-01-08,74.20999908447266,0,0.7142857142857143,UP,0.2142857142857143,0
2019-01-09,74.05999755859375,0,0.7142857142857143,UP,0.2142857142857143,0
2019-01-10,73.9800033569336,1,0.6097560975609756,UP,0.1097560975609756,1
2019-01-11,74.22000122070312,0,0.6097560975609756,UP,0.1097560975609756,0
2019-01-14,74.20999908447266,1,0.6097560975609756,UP,0.1097560975609756,1
2019-01-15,74.30999755859375,1,0.6097560975609756,UP,0.1097560975609756,1
2019-01-16,74.43000030517578,1,0.6097560975609756,UP,0.1097560975609756,1
2019-01-17,74.51000213623047,1,0.7142857142857143,UP,0.2142857142857143,1
2019-01-18,75.1500015258789,0,0.6097560975609756,UP,0.1097560975609756,0
2019-01-22,74.55000305175781,1,0.6097560975609756,UP,0.1097560975609756,1
2019-01-23,74.58000183105469,1,0.7142857142857143,UP,0.2142857142857143,1
2019-01-24,74.61000061035156,1,0.7142857142857143,UP,0.2142857142857143,1
2019-01-25,74.63999938964844,1,0.7196801019241889,UP,0.21968010192418885,1
2019-01-28,75.30000305175781,1,0.25,DOWN,0.25,0
2019-01-29,75.48999786376953,1,0.6097560975609756,UP,0.1097560975609756,1
2019-01-30,75.5999984741211,1,1.0,UP,0.5,1
2019-01-31,76.02999877929688,1,0.6097560975609756,UP,0.1097560975609756,1
2019-02-01,86.93000030517578,0,0.6097560975609756,UP,0.1097560975609756,0
2019-02-04,86.52999877929688,1,0.6097560975609756,UP,0.1097560975609756,1
2019-02-05,88.16000366210938,1,0.7142857142857143,UP,0.2142857142857143,1
2019-02-06,88.9800033569336,1,0.6097560975609756,UP,0.1097560975609756,1
2019-02-07,92.29000091552734,0,0.2907237874141315,DOWN,0.20927621258586848,1
2019-02-08,92.12999725341795,0,0.7142857142857143,UP,0.2142857142857143,0
2019-02-11,90.81999969482422,0,0.6097560975609756,UP,0.1097560975609756,0
2019-02-12,88.44000244140625,0,0.9556700124382413,UP,0.45567001243824135,0
2019-02-13,88.0199966430664,1,0.7142857142857143,UP,0.2142857142857143,1
2019-02-14,88.3499984741211,1,0.7142857142857143,UP,0.2142857142857143,1
2019-02-15,88.55999755859375,0,1.0,UP,0.5,0
2019-02-19,88.52999877929688,0,0.7142857142857143,UP,0.2142857142857143,0
2019-02-20,88.45999908447266,0,0.7142857142857143,UP,0.2142857142857143,0
2019-02-21,88.02999877929688,1,0.6097560975609756,UP,0.1097560975609756,1
2019-02-22,88.16000366210938,0,0.7142857142857143,UP,0.2142857142857143,0
2019-02-25,87.94000244140625,0,0.6730769230769231,UP,0.17307692307692313,0
2019-02-26,87.69999694824219,0,0.8571428571428571,UP,0.3571428571428571,0
2019-02-27,87.47000122070312,0,0.8571428571428571,UP,0.3571428571428571,0
2019-02-28,87.33000183105469,0,0.6730769230769231,UP,0.17307692307692313,0
2019-03-01,85.9800033569336,0,0.8571428571428571,UP,0.3571428571428571,0
2019-03-04,85.41999816894531,1,0.6730769230769231,UP,0.17307692307692313,1
2019-03-05,86.51000213623047,0,0.6730769230769231,UP,0.17307692307692313,0
2019-03-06,85.79000091552734,1,0.6730769230769231,UP,0.17307692307692313,1
2019-03-07,86.76000213623047,0,0.6730769230769231,UP,0.17307692307692313,0
2019-03-08,85.1500015258789,0,0.8571428571428571,UP,0.3571428571428571,0
2019-03-11,84.52999877929688,1,0.8571428571428571,UP,0.3571428571428571,1
2019-03-12,85.30999755859375,0,0.8947388747866633,UP,0.39473887478666325,0
2019-03-13,85.01000213623047,1,0.8571428571428571,UP,0.3571428571428571,1
2019-03-14,85.9800033569336,1,0.6730769230769231,UP,0.17307692307692313,1
2019-03-15,86.12000274658203,1,0.8571428571428571,UP,0.3571428571428571,1
2019-03-18,86.27999877929688,0,0.8571428571428571,UP,0.3571428571428571,0
2019-03-19,86.2300033569336,0,0.6730769230769231,UP,0.17307692307692313,0
2019-03-20,85.41000366210938,1,0.6730769230769231,UP,0.17307692307692313,1
2019-03-21,85.6500015258789,1,0.8571428571428571,UP,0.3571428571428571,1
2019-03-22,85.88999938964844,0,0.6730769230769231,UP,0.17307692307692313,0
2019-03-25,85.81999969482422,0,0.8571428571428571,UP,0.3571428571428571,0
2019-03-26,85.80000305175781,0,0.8571428571428571,UP,0.3571428571428571,0
2019-03-27,85.72000122070312,0,0.6730769230769231,UP,0.17307692307692313,0
2019-03-28,85.63999938964844,1,0.8571428571428571,UP,0.3571428571428571,1
2019-03-29,85.69999694824219,1,1.0,UP,0.5,1
2019-04-01,87.5199966430664,1,0.8571428571428571,UP,0.3571428571428571,1
2019-04-02,89.5,1,0.6730769230769231,UP,0.17307692307692313,1
2019-04-03,92.1500015258789,1,0.8571428571428571,UP,0.3571428571428571,1
2019-04-04,92.52999877929688,0,0.6730769230769231,UP,0.17307692307692313,0
2019-04-05,91.80999755859376,1,0.6730769230769231,UP,0.17307692307692313,1
2019-04-08,93.62999725341795,0,0.6730769230769231,UP,0.17307692307692313,0
2019-04-09,92.72000122070312,0,0.6730769230769231,UP,0.17307692307692313,0
2019-04-10,92.5999984741211,1,0.8571428571428571,UP,0.3571428571428571,1
2019-04-11,93.5999984741211,1,0.6730769230769231,UP,0.17307692307692313,1
2019-04-12,93.79000091552734,1,0.8571428571428571,UP,0.3571428571428571,1
2019-04-15,93.97000122070312,0,0.6730769230769231,UP,0.17307692307692313,0
2019-04-16,93.44000244140624,0,0.6730769230769231,UP,0.17307692307692313,0
2019-04-17,92.95999908447266,0,0.6730769230769231,UP,0.17307692307692313,0
2019-04-18,92.91000366210938,1,0.6730769230769231,UP,0.17307692307692313,1
2019-04-22,93.1999969482422,1,0.6730769230769231,UP,0.17307692307692313,1
2019-04-23,93.29000091552734,0,0.8571428571428571,UP,0.3571428571428571,0
2019-04-24,92.9499969482422,1,0.6730769230769231,UP,0.17307692307692313,1
2019-04-25,93.13999938964844,1,0.6730769230769231,UP,0.17307692307692313,1
2019-04-26,93.16000366210938,1,0.8571428571428571,UP,0.3571428571428571,1
2019-04-29,93.16999816894533,1,0.6730769230769231,UP,0.17307692307692313,1
2019-04-30,93.23999786376952,1,0.6730769230769231,UP,0.17307692307692313,1
2019-05-01,93.6500015258789,0,0.4444444444444444,DOWN,0.05555555555555558,1
2019-05-02,93.5999984741211,1,0.6730769230769231,UP,0.17307692307692313,1
2019-05-03,93.80999755859376,0,0.6730769230769231,UP,0.17307692307692313,0
2019-05-06,93.51000213623048,1,0.6730769230769231,UP,0.17307692307692313,1
2019-05-07,94.75,0,0.667202878852802,UP,0.16720287885280205,0
2019-05-08,94.19000244140624,1,0.6730769230769231,UP,0.17307692307692313,1
2019-05-09,94.23999786376952,1,0.6730769230769231,UP,0.17307692307692313,1
2019-05-10,95.08000183105467,0,0.6730769230769231,UP,0.17307692307692313,0
2019-05-13,94.37999725341795,0,0.4444444444444444,DOWN,0.05555555555555558,1
2019-05-14,93.87999725341795,1,0.6730769230769231,UP,0.17307692307692313,1
2019-05-15,94.81999969482422,1,0.6730769230769231,UP,0.17307692307692313,1
2019-05-16,96.12999725341795,1,0.6730769230769231,UP,0.17307692307692313,1
2019-05-17,96.33999633789062,1,0.6730769230769231,UP,0.17307692307692313,1
2019-05-20,96.37999725341795,1,0.4444444444444444,DOWN,0.05555555555555558,0
2019-05-21,96.55999755859376,1,0.6730769230769231,UP,0.17307692307692313,1
2019-05-22,97.04000091552734,1,0.6730769230769231,UP,0.17307692307692313,1
2019-05-23,97.30999755859376,1,0.6730769230769231,UP,0.17307692307692313,1
2019-05-24,98.13999938964844,1,0.559322033898305,UP,0.05932203389830504,1
2019-05-28,98.37999725341795,1,0.559322033898305,UP,0.05932203389830504,1
2019-05-29,98.58999633789062,1,0.537661001109147,UP,0.03766100110914705,1
2019-05-30,98.72000122070312,1,0.559322033898305,UP,0.05932203389830504,1
2019-05-31,98.76000213623048,0,0.5435808406548784,UP,0.04358084065487844,0
2019-06-03,96.27999877929688,1,0.559322033898305,UP,0.05932203389830504,1
2019-06-04,98.38999938964844,0,0.559322033898305,UP,0.05932203389830504,0
2019-06-05,98.31999969482422,0,0.5416766548540187,UP,0.041676654854018724,0
2019-06-06,97.76000213623048,1,0.559322033898305,UP,0.05932203389830504,1
2019-06-07,97.77999877929688,1,0.559322033898305,UP,0.05932203389830504,1
2019-06-10,99.26000213623048,1,0.559322033898305,UP,0.05932203389830504,1
2019-06-11,102.76000213623048,1,0.559322033898305,UP,0.05932203389830504,1
2019-06-12,102.98999786376952,1,0.559322033898305,UP,0.05932203389830504,1
2019-06-13,106.29000091552734,0,0.559322033898305,UP,0.05932203389830504,0
2019-06-14,104.33000183105467,0,0.559322033898305,UP,0.05932203389830504,0
2019-06-17,104.16999816894533,1,0.559322033898305,UP,0.05932203389830504,1
2019-06-18,105.79000091552734,1,0.559322033898305,UP,0.05932203389830504,1
2019-06-19,106.1999969482422,1,0.559322033898305,UP,0.05932203389830504,1
2019-06-20,107.20999908447266,1,0.559322033898305,UP,0.05932203389830504,1
2019-06-21,107.54000091552734,1,0.559322033898305,UP,0.05932203389830504,1
2019-06-24,108.98999786376952,0,0.559322033898305,UP,0.05932203389830504,0
2019-06-25,107.93000030517578,1,0.559322033898305,UP,0.05932203389830504,1
2019-06-26,109.19000244140624,0,0.559322033898305,UP,0.05932203389830504,0
2019-06-27,108.72000122070312,1,0.559322033898305,UP,0.05932203389830504,1
2019-06-28,109.18000030517578,1,0.559322033898305,UP,0.05932203389830504,1
2019-07-01,119.4499969482422,1,0.559322033898305,UP,0.05932203389830504,1
2019-07-02,123.19000244140624,0,0.5222252777897057,UP,0.022225277789705733,0
2019-07-03,123.16000366210938,0,0.559322033898305,UP,0.05932203389830504,0
2019-07-05,117.0999984741211,1,0.559322033898305,UP,0.05932203389830504,1
2019-07-08,119.16999816894533,1,0.559322033898305,UP,0.05932203389830504,1
2019-07-09,121.3499984741211,0,0.559322033898305,UP,0.05932203389830504,0
2019-07-10,120.83999633789062,0,0.559322033898305,UP,0.05932203389830504,0
2019-07-11,120.31999969482422,0,0.559322033898305,UP,0.05932203389830504,0
2019-07-12,120.25,1,0.559322033898305,UP,0.05932203389830504,1
2019-07-15,121.18000030517578,1,0.559322033898305,UP,0.05932203389830504,1
2019-07-16,121.19000244140624,0,0.559322033898305,UP,0.05932203389830504,0
2019-07-17,121.13999938964844,0,0.559322033898305,UP,0.05932203389830504,0
2019-07-18,120.87000274658205,1,0.559322033898305,UP,0.05932203389830504,1
2019-07-19,120.98999786376952,0,0.631578947368421,UP,0.13157894736842102,0
2019-07-22,120.01000213623048,1,0.559322033898305,UP,0.05932203389830504,1
2019-07-23,120.41999816894533,0,0.559322033898305,UP,0.05932203389830504,0
2019-07-24,120.25,0,0.559322033898305,UP,0.05932203389830504,0
2019-07-25,120.08999633789062,1,0.559322033898305,UP,0.05932203389830504,1
2019-07-26,120.11000061035156,0,0.559322033898305,UP,0.05932203389830504,0
2019-07-29,120.0199966430664,1,0.559322033898305,UP,0.05932203389830504,1
2019-07-30,120.08999633789062,0,0.559322033898305,UP,0.05932203389830504,0
2019-07-31,120.0199966430664,0,0.559322033898305,UP,0.05932203389830504,0
2019-08-01,112.0199966430664,0,0.559322033898305,UP,0.05932203389830504,0
2019-08-02,106.51000213623048,0,0.559322033898305,UP,0.05932203389830504,0
2019-08-05,100.33999633789062,0,0.559322033898305,UP,0.05932203389830504,0
2019-08-06,99.51000213623048,0,0.631578947368421,UP,0.13157894736842102,0
2019-08-07,96.55999755859376,1,0.631578947368421,UP,0.13157894736842102,1
2019-08-08,97.37000274658205,0,1.0,UP,0.5,0
2019-08-09,93.61000061035156,1,0.631578947368421,UP,0.13157894736842102,1
2019-08-12,95.01000213623048,1,0.559322033898305,UP,0.05932203389830504,1
2019-08-13,95.11000061035156,1,0.631578947368421,UP,0.13157894736842102,1
2019-08-14,95.70999908447266,0,0.559322033898305,UP,0.05932203389830504,0
2019-08-15,93.76000213623048,0,0.559322033898305,UP,0.05932203389830504,0
2019-08-16,93.61000061035156,1,0.559322033898305,UP,0.05932203389830504,1
2019-08-19,94.36000061035156,0,0.559322033898305,UP,0.05932203389830504,0
2019-08-20,94.0199966430664,0,0.559322033898305,UP,0.05932203389830504,0
2019-08-21,92.01000213623048,1,0.631578947368421,UP,0.13157894736842102,1
2019-08-22,92.7300033569336,1,0.559322033898305,UP,0.05932203389830504,1
2019-08-23,92.87999725341795,0,0.6428571428571429,UP,0.1428571428571429,0
2019-08-26,92.4499969482422,0,0.6428571428571429,UP,0.1428571428571429,0
2019-08-27,92.05999755859376,0,0.6428571428571429,UP,0.1428571428571429,0
2019-08-28,91.62999725341795,0,0.7142857142857143,UP,0.2142857142857143,0
2019-08-29,91.16000366210938,0,0.7142857142857143,UP,0.2142857142857143,0
2019-08-30,90.91000366210938,0,0.7142857142857143,UP,0.2142857142857143,0
2019-09-03,89.55000305175781,1,0.6790419355983915,UP,0.17904193559839154,1
2019-09-04,91.56999969482422,0,0.7142857142857143,UP,0.2142857142857143,0
2019-09-05,90.72000122070312,0,0.7142857142857143,UP,0.2142857142857143,0
2019-09-06,89.44000244140625,1,0.7142857142857143,UP,0.2142857142857143,1
2019-09-09,91.2300033569336,1,0.7142857142857143,UP,0.2142857142857143,1
2019-09-10,91.37000274658205,1,0.7142857142857143,UP,0.2142857142857143,1
2019-09-11,92.33999633789062,1,0.7142857142857143,UP,0.2142857142857143,1
2019-09-12,94.13999938964844,1,0.7142857142857143,UP,0.2142857142857143,1
2019-09-13,94.7699966430664,0,0.7142857142857143,UP,0.2142857142857143,0
2019-09-16,94.37000274658205,0,0.7142857142857143,UP,0.2142857142857143,0
2019-09-17,94.02999877929688,0,0.7142857142857143,UP,0.2142857142857143,0
2019-09-18,93.97000122070312,0,0.7142857142857143,UP,0.2142857142857143,0
2019-09-19,93.45999908447266,0,0.6428571428571429,UP,0.1428571428571429,0
2019-09-20,93.37999725341795,1,0.6813023533795828,UP,0.18130235337958278,1
2019-09-23,93.48999786376952,0,0.631578947368421,UP,0.13157894736842102,0
2019-09-24,93.20999908447266,0,0.6428571428571429,UP,0.1428571428571429,0
2019-09-25,92.97000122070312,0,0.7142857142857143,UP,0.2142857142857143,0
2019-09-26,92.9499969482422,0,0.6428571428571429,UP,0.1428571428571429,0
2019-09-27,92.88999938964844,1,0.6428571428571429,UP,0.1428571428571429,1
2019-09-30,92.91000366210938,0,0.6428571428571429,UP,0.1428571428571429,0
2019-10-01,92.16000366210938,1,0.5384615384615384,UP,0.038461538461538436,1
2019-10-02,92.26000213623048,0,0.5384615384615384,UP,0.038461538461538436,0
2019-10-03,92.26000213623048,0,0.6428571428571429,UP,0.1428571428571429,0
2019-10-04,92.18000030517578,1,0.6428571428571429,UP,0.1428571428571429,1
2019-10-07,92.5500030517578,1,0.6428571428571429,UP,0.1428571428571429,1
2019-10-08,93.52999877929688,0,0.631578947368421,UP,0.13157894736842102,0
2019-10-09,91.58999633789062,1,0.631578947368421,UP,0.13157894736842102,1
2019-10-10,93.01000213623048,0,0.7142857142857143,UP,0.2142857142857143,0
2019-10-11,92.86000061035156,0,0.6738309516030073,UP,0.17383095160300732,0
2019-10-14,92.2300033569336,1,0.6428571428571429,UP,0.1428571428571429,1
2019-10-15,92.62000274658205,0,0.6428571428571429,UP,0.1428571428571429,0
2019-10-16,91.4000015258789,0,0.631578947368421,UP,0.13157894736842102,0
2019-10-17,90.01000213623047,1,0.6792601233308743,UP,0.17926012333087427,1
2019-10-18,90.76000213623048,0,0.6428571428571429,UP,0.1428571428571429,0
2019-10-21,90.58000183105467,0,0.663307127410912,UP,0.16330712741091202,0
2019-10-22,90.52999877929688,0,0.6428571428571429,UP,0.1428571428571429,0
2019-10-23,90.4499969482422,0,0.6614977867859663,UP,0.16149778678596627,0
2019-10-24,90.11000061035156,1,0.6428571428571429,UP,0.1428571428571429,1
2019-10-25,90.22000122070312,1,0.6707478829722161,UP,0.1707478829722161,1
2019-10-28,90.2300033569336,0,0.6428571428571429,UP,0.1428571428571429,0
2019-10-29,90.02999877929688,0,0.5384615384615384,UP,0.038461538461538436,0
2019-10-30,89.80000305175781,0,0.5384615384615384,UP,0.038461538461538436,0
2019-10-31,89.55000305175781,0,0.5384615384615384,UP,0.038461538461538436,0
2019-11-01,83.55000305175781,0,0.7142857142857143,UP,0.2142857142857143,0
2019-11-04,82.8499984741211,0,0.7142857142857143,UP,0.2142857142857143,0
2019-11-05,82.8499984741211,1,0.7066841002577681,UP,0.20668410025776807,1
2019-11-06,82.9800033569336,0,0.631578947368421,UP,0.13157894736842102,0
2019-11-07,82.55000305175781,0,0.6852037234576057,UP,0.18520372345760572,0
2019-11-08,80.36000061035156,0,0.631578947368421,UP,0.13157894736842102,0
2019-11-11,80.30000305175781,1,0.5384615384615384,UP,0.038461538461538436,1
2019-11-12,81.36000061035156,0,0.631578947368421,UP,0.13157894736842102,0
2019-11-13,81.26000213623047,1,0.5384615384615384,UP,0.038461538461538436,1
2019-11-14,82.5199966430664,1,0.5384615384615384,UP,0.038461538461538436,1
2019-11-15,82.80000305175781,1,0.5384615384615384,UP,0.038461538461538436,1
2019-11-18,82.93000030517578,1,0.3634313055964515,DOWN,0.13656869440354852,0
2019-11-19,83.19000244140625,1,0.5384615384615384,UP,0.038461538461538436,1
2019-11-20,83.3499984741211,1,0.5384615384615384,UP,0.038461538461538436,1
2019-11-21,83.55000305175781,1,0.3695652173913043,DOWN,0.13043478260869568,0
2019-11-22,83.79000091552734,1,0.4,DOWN,0.09999999999999998,0
2019-11-25,84.29000091552734,1,0.3695652173913043,DOWN,0.13043478260869568,0
2019-11-26,84.3499984741211,1,0.3695652173913043,DOWN,0.13043478260869568,0
2019-11-27,84.41999816894531,1,0.0,DOWN,0.5,0
2019-11-29,84.68000030517578,1,0.3695652173913043,DOWN,0.13043478260869568,0
2019-12-02,88.11000061035156,0,0.3695652173913043,DOWN,0.13043478260869568,1
2019-12-03,87.6500015258789,1,0.0,DOWN,0.5,0
2019-12-04,88.2699966430664,1,0.3695652173913043,DOWN,0.13043478260869568,0
2019-12-05,88.33999633789062,1,0.3695652173913043,DOWN,0.13043478260869568,0
2019-12-06,88.55999755859375,1,0.4046128154174766,DOWN,0.09538718458252338,0
2019-12-09,92.04000091552734,0,0.3695652173913043,DOWN,0.13043478260869568,1
2019-12-10,91.36000061035156,1,0.3695652173913043,DOWN,0.13043478260869568,0
2019-12-11,92.0500030517578,0,0.4375,DOWN,0.0625,1
2019-12-12,92.04000091552734,1,0.4375,DOWN,0.0625,0
2019-12-13,92.2699966430664,0,0.4375,DOWN,0.0625,1
2019-12-16,92.0999984741211,0,0.413939606220436,DOWN,0.08606039377956398,1
2019-12-17,92.08999633789062,0,0.3695652173913043,DOWN,0.13043478260869568,1
2019-12-18,91.98999786376952,1,0.4375,DOWN,0.0625,0
2019-12-19,92.0,0,0.3695652173913043,DOWN,0.13043478260869568,1
2019-12-20,91.73999786376952,0,0.3695652173913043,DOWN,0.13043478260869568,1
2019-12-23,91.72000122070312,0,0.3695652173913043,DOWN,0.13043478260869568,1
2019-12-24,91.6999969482422,0,0.4375,DOWN,0.0625,1
2019-12-26,91.61000061035156,0,0.4,DOWN,0.09999999999999998,1
2019-12-27,91.5500030517578,0,0.4375,DOWN,0.0625,1
2019-12-30,91.5199966430664,1,0.4244769310313179,DOWN,0.0755230689686821,0
2019-12-31,91.52999877929688,1,0.3695652173913043,DOWN,0.13043478260869568,0
2020-01-02,92.58000183105467,1,0.3695652173913043,DOWN,0.13043478260869568,0
2020-01-03,93.41000366210938,1,0.3695652173913043,DOWN,0.13043478260869568,0
2020-01-06,93.8499984741211,0,0.3695652173913043,DOWN,0.13043478260869568,1
2020-01-07,93.7300033569336,1,0.3695652173913043,DOWN,0.13043478260869568,0
2020-01-08,94.61000061035156,0,0.3695652173913043,DOWN,0.13043478260869568,1
2020-01-09,93.56999969482422,0,0.3695652173913043,DOWN,0.13043478260869568,1
2020-01-10,93.55999755859376,1,0.3695652173913043,DOWN,0.13043478260869568,0
2020-01-13,94.02999877929688,1,0.3905755550274259,DOWN,0.10942444497257409,0
2020-01-14,94.83000183105467,0,0.4375,DOWN,0.0625,1
2020-01-15,94.58999633789062,0,0.3695652173913043,DOWN,0.13043478260869568,1
2020-01-16,94.5500030517578,1,0.0,DOWN,0.5,0
2020-01-17,94.80999755859376,0,0.4375,DOWN,0.0625,1
2020-01-21,94.8000030517578,0,0.17267263390335316,DOWN,0.3273273660966468,1
2020-01-22,94.76000213623048,0,0.3695652173913043,DOWN,0.13043478260869568,1
2020-01-23,94.4000015258789,0,0.3695652173913043,DOWN,0.13043478260869568,1
2020-01-24,94.3499984741211,0,0.3695652173913043,DOWN,0.13043478260869568,1
2020-01-27,94.01000213623048,0,0.0,DOWN,0.5,1
2020-01-28,93.5999984741211,0,0.0,DOWN,0.5,1
2020-01-29,93.33999633789062,0,0.30077770392865444,DOWN,0.19922229607134556,1
2020-01-30,92.9000015258789,0,0.30886246894469416,DOWN,0.19113753105530584,1
2020-01-31,92.44000244140624,0,0.3695652173913043,DOWN,0.13043478260869568,1
2020-02-03,78.33000183105469,1,0.4375,DOWN,0.0625,0
2020-02-04,81.62999725341797,0,0.4375,DOWN,0.0625,1
2020-02-05,79.87000274658203,1,0.4375,DOWN,0.0625,0
2020-02-06,80.95999908447266,1,0.4375,DOWN,0.0625,0
2020-02-07,81.6500015258789,0,0.4375,DOWN,0.0625,1
2020-02-10,81.25,1,0.3695652173913043,DOWN,0.13043478260869568,0
2020-02-11,83.36000061035156,1,0.4375,DOWN,0.0625,0
2020-02-12,84.47000122070312,1,0.4375,DOWN,0.0625,0
2020-02-13,85.13999938964844,0,0.4375,DOWN,0.0625,1
2020-02-14,84.86000061035156,1,0.4375,DOWN,0.0625,0
2020-02-18,85.43000030517578,1,0.4375,DOWN,0.0625,0
2020-02-19,85.69999694824219,1,0.4375,DOWN,0.0625,0
2020-02-20,86.1500015258789,1,0.4375,DOWN,0.0625,0
2020-02-21,86.41999816894531,1,0.4375,DOWN,0.0625,0
2020-02-24,86.55999755859375,1,0.3695652173913043,DOWN,0.13043478260869568,0
2020-02-25,86.7300033569336,0,0.6235336856895165,UP,0.1235336856895165,0
2020-02-26,86.66999816894531,0,0.625,UP,0.125,0
2020-02-27,86.58000183105469,0,0.625,UP,0.125,0
2020-02-28,86.45999908447266,1,0.625,UP,0.125,1
2020-03-02,87.0999984741211,1,0.625,UP,0.125,1
2020-03-03,87.13999938964844,1,0.46153846153846156,DOWN,0.038461538461538436,0
2020-03-04,89.62999725341797,1,0.625,UP,0.125,1
2020-03-05,90.12000274658205,0,0.46153846153846156,DOWN,0.038461538461538436,1
2020-03-06,89.18000030517578,0,0.46153846153846156,DOWN,0.038461538461538436,1
2020-03-09,88.06999969482422,1,0.3,DOWN,0.2,0
2020-03-10,90.1500015258789,0,0.6666666666666666,UP,0.16666666666666663,0
2020-03-11,89.58999633789062,0,0.46153846153846156,DOWN,0.038461538461538436,1
2020-03-12,89.4800033569336,1,0.3,DOWN,0.2,0
2020-03-13,90.12999725341795,0,0.6666666666666666,UP,0.16666666666666663,0
2020-03-16,89.98999786376953,0,0.6206240086455962,UP,0.12062400864559619,0
2020-03-17,89.94999694824219,1,0.625,UP,0.125,1
2020-03-18,90.44000244140624,0,0.46153846153846156,DOWN,0.038461538461538436,1
2020-03-19,89.97000122070312,0,0.6666666666666666,UP,0.16666666666666663,0
2020-03-20,89.56999969482422,0,0.625,UP,0.125,0
2020-03-23,88.55000305175781,0,0.3,DOWN,0.2,1
2020-03-24,88.45999908447266,1,0.625,UP,0.125,1
2020-03-25,88.7699966430664,0,0.625,UP,0.125,0
2020-03-26,88.5999984741211,0,0.625,UP,0.125,0
2020-03-27,88.48999786376953,0,0.625,UP,0.125,0
2020-03-30,88.22000122070312,0,0.625,UP,0.125,0
2020-03-31,88.0199966430664,0,0.625,UP,0.125,0
2020-04-01,80.33999633789062,1,0.625,UP,0.125,1
2020-04-02,81.7300033569336,1,0.625,UP,0.125,1
2020-04-03,82.37999725341797,1,0.625,UP,0.125,1
2020-04-06,82.48999786376953,0,0.6666666666666666,UP,0.16666666666666663,0
2020-04-07,81.9000015258789,1,0.625,UP,0.125,1
2020-04-08,82.87000274658203,1,0.625,UP,0.125,1
2020-04-09,83.3499984741211,1,0.6666666666666666,UP,0.16666666666666663,1
2020-04-13,83.83999633789062,1,0.625,UP,0.125,1
2020-04-14,84.25,0,0.625,UP,0.125,0
2020-04-15,84.22000122070312,0,0.625,UP,0.125,0
2020-04-16,84.04000091552734,1,0.625,UP,0.125,1
2020-04-17,84.16999816894531,1,0.6666666666666666,UP,0.16666666666666663,1
2020-04-20,84.43000030517578,0,0.625,UP,0.125,0
2020-04-21,83.91999816894531,1,0.625,UP,0.125,1
2020-04-22,84.12999725341797,0,0.625,UP,0.125,0
2020-04-23,84.04000091552734,0,0.625,UP,0.125,0
2020-04-24,83.9800033569336,0,0.46153846153846156,DOWN,0.038461538461538436,1
2020-04-27,83.95999908447266,0,0.625,UP,0.125,0
2020-04-28,83.87999725341797,0,0.625,UP,0.125,0
2020-04-29,83.83000183105469,1,0.625,UP,0.125,1
2020-04-30,83.83999633789062,0,0.3,DOWN,0.2,1
2020-05-01,82.5,0,0.3,DOWN,0.2,1
2020-05-04,82.1500015258789,1,0.46153846153846156,DOWN,0.038461538461538436,0
2020-05-05,83.05999755859375,1,0.46153846153846156,DOWN,0.038461538461538436,0
2020-05-06,83.29000091552734,1,0.46153846153846156,DOWN,0.038461538461538436,0
2020-05-07,85.93000030517578,1,0.46153846153846156,DOWN,0.038461538461538436,0
2020-05-08,86.83999633789062,0,0.625,UP,0.125,0
2020-05-11,86.69000244140625,1,0.46153846153846156,DOWN,0.038461538461538436,0
2020-05-12,87.80999755859375,1,0.36508919087149444,DOWN,0.13491080912850556,0
2020-05-13,88.3499984741211,1,0.46153846153846156,DOWN,0.038461538461538436,0
2020-05-14,88.73999786376953,1,0.46153846153846156,DOWN,0.038461538461538436,0
2020-05-15,89.5,1,0.46153846153846156,DOWN,0.038461538461538436,0
2020-05-18,91.48999786376952,0,0.6666666666666666,UP,0.16666666666666663,0
2020-05-19,90.6500015258789,1,0.6666666666666666,UP,0.16666666666666663,1
2020-05-20,91.12999725341795,1,0.625,UP,0.125,1
2020-05-21,91.1999969482422,1,0.625,UP,0.125,1
2020-05-22,91.41999816894533,1,0.625,UP,0.125,1
2020-05-26,91.63999938964844,1,0.48717948717948717,DOWN,0.01282051282051283,0
2020-05-27,91.80999755859376,1,0.6666666666666666,UP,0.16666666666666663,1
2020-05-28,92.0500030517578,1,0.48717948717948717,DOWN,0.01282051282051283,0
2020-05-29,92.54000091552734,1,0.6666666666666666,UP,0.16666666666666663,1
2020-06-01,99.16000366210938,1,0.5,UP,0.0,1
2020-06-02,100.66999816894533,0,0.6666666666666666,UP,0.16666666666666663,0
2020-06-03,100.4000015258789,0,0.6666666666666666,UP,0.16666666666666663,0
2020-06-04,98.8499984741211,1,0.48717948717948717,DOWN,0.01282051282051283,0
2020-06-05,100.26000213623048,1,0.6666666666666666,UP,0.16666666666666663,1
2020-06-08,103.41000366210938,0,0.6666666666666666,UP,0.16666666666666663,0
2020-06-09,102.9800033569336,0,0.48717948717948717,DOWN,0.01282051282051283,1
2020-06-10,102.88999938964844,0,0.6666666666666666,UP,0.16666666666666663,0
2020-06-11,102.75,1,0.4,DOWN,0.09999999999999998,0
2020-06-12,103.58999633789062,0,0.6666666666666666,UP,0.16666666666666663,0
2020-06-15,103.06999969482422,1,0.48717948717948717,DOWN,0.01282051282051283,0
2020-06-16,103.45999908447266,0,0.6666666666666666,UP,0.16666666666666663,0
2020-06-17,103.18000030517578,0,0.48717948717948717,DOWN,0.01282051282051283,1
2020-06-18,103.0500030517578,0,0.48717948717948717,DOWN,0.01282051282051283,1
2020-06-19,103.04000091552734,0,0.48717948717948717,DOWN,0.01282051282051283,1
2020-06-22,102.93000030517578,0,0.48717948717948717,DOWN,0.01282051282051283,1
2020-06-23,102.8499984741211,1,0.48717948717948717,DOWN,0.01282051282051283,0
2020-06-24,103.12000274658205,0,0.48717948717948717,DOWN,0.01282051282051283,1
2020-06-25,103.08000183105467,1,0.48717948717948717,DOWN,0.01282051282051283,0
2020-06-26,103.2300033569336,0,0.48717948717948717,DOWN,0.01282051282051283,1
2020-06-29,103.05999755859376,0,0.48717948717948717,DOWN,0.01282051282051283,1
2020-06-30,102.9499969482422,0,0.48717948717948717,DOWN,0.01282051282051283,1
2020-07-01,98.01000213623048,1,0.48717948717948717,DOWN,0.01282051282051283,0
2020-07-02,98.94000244140624,1,0.48717948717948717,DOWN,0.01282051282051283,0
2020-07-06,101.54000091552734,1,0.48717948717948717,DOWN,0.01282051282051283,0
2020-07-07,103.04000091552734,1,0.48717948717948717,DOWN,0.01282051282051283,0
2020-07-08,105.02999877929688,0,0.48717948717948717,DOWN,0.01282051282051283,1
2020-07-09,104.61000061035156,1,0.48717948717948717,DOWN,0.01282051282051283,0
2020-07-10,105.58999633789062,1,0.48717948717948717,DOWN,0.01282051282051283,0
2020-07-13,106.93000030517578,1,0.48717948717948717,DOWN,0.01282051282051283,0
2020-07-14,107.4499969482422,1,0.48717948717948717,DOWN,0.01282051282051283,0
2020-07-15,107.56999969482422,0,0.48717948717948717,DOWN,0.01282051282051283,1
2020-07-16,107.1999969482422,1,0.48717948717948717,DOWN,0.01282051282051283,0
2020-07-17,107.22000122070312,0,0.48717948717948717,DOWN,0.01282051282051283,1
2020-07-20,107.18000030517578,1,0.48717948717948717,DOWN,0.01282051282051283,0
2020-07-21,107.58000183105467,1,0.4,DOWN,0.09999999999999998,0
2020-07-22,108.04000091552734,0,0.4,DOWN,0.09999999999999998,1
2020-07-23,107.77999877929688,0,0.48717948717948717,DOWN,0.01282051282051283,1
2020-07-24,107.69000244140624,0,0.48717948717948717,DOWN,0.01282051282051283,1
2020-07-27,107.45999908447266,1,0.48717948717948717,DOWN,0.01282051282051283,0
2020-07-28,107.72000122070312,1,0.48717948717948717,DOWN,0.01282051282051283,0
2020-07-29,107.87999725341795,1,0.48717948717948717,DOWN,0.01282051282051283,0
2020-07-30,108.0500030517578,1,0.48717948717948717,DOWN,0.01282051282051283,0
2020-07-31,108.9000015258789,1,0.48717948717948717,DOWN,0.01282051282051283,0
2020-08-03,114.20999908447266,1,0.48717948717948717,DOWN,0.01282051282051283,0
2020-08-04,115.5500030517578,1,0.48717948717948717,DOWN,0.01282051282051283,0
2020-08-05,116.2699966430664,1,0.48717948717948717,DOWN,0.01282051282051283,0
2020-08-06,118.88999938964844,0,0.48717948717948717,DOWN,0.01282051282051283,1
2020-08-07,118.06999969482422,1,0.48717948717948717,DOWN,0.01282051282051283,0
2020-08-10,118.33999633789062,1,0.6666666666666666,UP,0.16666666666666663,1
2020-08-11,119.27999877929688,1,0.48717948717948717,DOWN,0.01282051282051283,0
2020-08-12,120.19000244140624,0,0.38620457138428677,DOWN,0.11379542861571323,1
2020-08-13,119.86000061035156,1,0.4,DOWN,0.09999999999999998,0
2020-08-14,120.13999938964844,1,0.48717948717948717,DOWN,0.01282051282051283,0
2020-08-17,120.45999908447266,1,0.48717948717948717,DOWN,0.01282051282051283,0
2020-08-18,122.75,0,0.48717948717948717,DOWN,0.01282051282051283,1
2020-08-19,122.47000122070312,1,0.48717948717948717,DOWN,0.01282051282051283,0
2020-08-20,123.73999786376952,0,0.4,DOWN,0.09999999999999998,1
2020-08-21,122.79000091552734,0,0.38526588412359236,DOWN,0.11473411587640764,1
2020-08-24,122.56999969482422,0,0.6285714285714286,UP,0.12857142857142856,0
2020-08-25,122.33999633789062,1,0.6285714285714286,UP,0.12857142857142856,1
2020-08-26,122.45999908447266,0,0.6285714285714286,UP,0.12857142857142856,0
2020-08-27,122.38999938964844,1,0.3333333333333333,DOWN,0.16666666666666669,0
2020-08-28,122.4499969482422,1,0.6285714285714286,UP,0.12857142857142856,1
2020-08-31,122.52999877929688,1,0.6285714285714286,UP,0.12857142857142856,1
2020-09-01,123.68000030517578,1,0.3333333333333333,DOWN,0.16666666666666669,0
2020-09-02,126.05999755859376,1,0.3333333333333333,DOWN,0.16666666666666669,0
2020-09-03,128.3800048828125,0,0.3333333333333333,DOWN,0.16666666666666669,1
2020-09-04,127.52999877929688,1,0.6296296296296297,UP,0.12962962962962965,1
2020-09-08,128.02999877929688,0,0.3333333333333333,DOWN,0.16666666666666669,1
2020-09-09,126.77999877929688,0,0.6285714285714286,UP,0.12857142857142856,0
2020-09-10,126.7699966430664,1,0.3333333333333333,DOWN,0.16666666666666669,0
2020-09-11,127.43000030517578,1,0.6296296296296297,UP,0.12962962962962965,1
2020-09-14,128.86000061035156,0,0.6296296296296297,UP,0.12962962962962965,0
2020-09-15,128.00999450683594,0,0.3333333333333333,DOWN,0.16666666666666669,1
2020-09-16,126.01000213623048,1,0.6285714285714286,UP,0.12857142857142856,1
2020-09-17,126.58999633789062,1,0.6285714285714286,UP,0.12857142857142856,1
2020-09-18,127.08999633789062,0,0.6285714285714286,UP,0.12857142857142856,0
2020-09-21,126.01000213623048,0,0.3333333333333333,DOWN,0.16666666666666669,1
2020-09-22,125.7300033569336,0,0.3333333333333333,DOWN,0.16666666666666669,1
2020-09-23,124.79000091552734,0,0.3333333333333333,DOWN,0.16666666666666669,1
2020-09-24,123.97000122070312,0,0.6285714285714286,UP,0.12857142857142856,0
2020-09-25,123.80999755859376,1,0.6285714285714286,UP,0.12857142857142856,1
2020-09-28,124.20999908447266,0,0.6285714285714286,UP,0.12857142857142856,0
2020-09-29,124.0199966430664,0,0.3333333333333333,DOWN,0.16666666666666669,1
2020-09-30,123.9800033569336,0,0.3333333333333333,DOWN,0.16666666666666669,1
2020-10-01,121.43000030517578,0,0.3333333333333333,DOWN,0.16666666666666669,1
2020-10-02,120.5999984741211,1,0.6285714285714286,UP,0.12857142857142856,1
2020-10-05,121.02999877929688,1,0.3333333333333333,DOWN,0.16666666666666669,0
2020-10-06,121.83999633789062,1,0.3333333333333333,DOWN,0.16666666666666669,0
2020-10-07,121.91000366210938,1,0.6285714285714286,UP,0.12857142857142856,1
2020-10-08,122.45999908447266,1,0.3333333333333333,DOWN,0.16666666666666669,0
2020-10-09,123.48999786376952,0,0.6285714285714286,UP,0.12857142857142856,0
2020-10-12,123.25,0,0.6285714285714286,UP,0.12857142857142856,0
2020-10-13,122.43000030517578,0,0.3333333333333333,DOWN,0.16666666666666669,1
2020-10-14,121.4800033569336,0,0.6285714285714286,UP,0.12857142857142856,0
2020-10-15,121.12999725341795,1,0.6285714285714286,UP,0.12857142857142856,1
2020-10-16,121.44000244140624,1,0.6285714285714286,UP,0.12857142857142856,1
2020-10-19,121.52999877929688,0,0.6285714285714286,UP,0.12857142857142856,0
2020-10-20,121.51000213623048,1,0.6285714285714286,UP,0.12857142857142856,1
2020-10-21,121.55999755859376,0,0.6285714285714286,UP,0.12857142857142856,0
2020-10-22,121.33999633789062,0,0.6285714285714286,UP,0.12857142857142856,0
2020-10-23,121.0199966430664,0,0.3333333333333333,DOWN,0.16666666666666669,1
2020-10-26,120.75,0,0.3333333333333333,DOWN,0.16666666666666669,1
2020-10-27,120.62999725341795,0,0.3333333333333333,DOWN,0.16666666666666669,1
2020-10-28,120.4499969482422,0,0.3333333333333333,DOWN,0.16666666666666669,1
2020-10-29,120.27999877929688,0,0.6285714285714286,UP,0.12857142857142856,0
2020-10-30,120.19000244140624,0,0.3333333333333333,DOWN,0.16666666666666669,1
2020-11-02,117.69000244140624,0,0.6285714285714286,UP,0.12857142857142856,0
2020-11-03,116.47000122070312,1,0.6285714285714286,UP,0.12857142857142856,1
2020-11-04,116.83999633789062,1,0.6290627148450336,UP,0.12906271484503362,1
2020-11-05,116.91999816894533,1,0.6285714285714286,UP,0.12857142857142856,1
2020-11-06,117.62999725341795,1,0.6296296296296297,UP,0.12962962962962965,1
2020-11-09,119.83999633789062,1,0.6285714285714286,UP,0.12857142857142856,1
2020-11-10,120.3000030517578,1,0.6285714285714286,UP,0.12857142857142856,1
2020-11-11,121.58999633789062,0,0.6285714285714286,UP,0.12857142857142856,0
2020-11-12,121.0,0,0.6285714285714286,UP,0.12857142857142856,0
2020-11-13,120.8000030517578,1,0.6296296296296297,UP,0.12962962962962965,1
2020-11-16,121.22000122070312,1,0.6296296296296297,UP,0.12962962962962965,1
2020-11-17,122.0,1,0.6296296296296297,UP,0.12962962962962965,1
2020-11-18,122.29000091552734,1,0.6285714285714286,UP,0.12857142857142856,1
2020-11-19,122.83999633789062,1,0.6296296296296297,UP,0.12962962962962965,1
2020-11-20,123.3499984741211,0,1.0,UP,0.5,0
2020-11-23,123.18000030517578,1,0.5909090909090909,UP,0.09090909090909094,1
2020-11-24,123.4000015258789,1,0.6666666666666666,UP,0.16666666666666663,1
2020-11-25,123.62999725341795,1,1.0,UP,0.5,1
2020-11-27,124.25,1,1.0,UP,0.5,1
2020-11-30,124.62000274658205,1,1.0,UP,0.5,1
2020-12-01,130.80999755859375,1,1.0,UP,0.5,1
2020-12-02,134.55999755859375,1,0.5909090909090909,UP,0.09090909090909094,1
2020-12-03,135.66000366210938,1,0.5909090909090909,UP,0.09090909090909094,1
2020-12-04,141.52999877929688,1,0.6666666666666666,UP,0.16666666666666663,1
2020-12-07,144.33999633789062,1,0.5909090909090909,UP,0.09090909090909094,1
2020-12-08,145.0399932861328,1,1.0,UP,0.5,1
2020-12-09,146.27999877929688,1,1.0,UP,0.5,1
2020-12-10,150.6999969482422,1,1.0,UP,0.5,1
2020-12-11,152.02000427246094,0,0.6666666666666666,UP,0.16666666666666663,0
2020-12-14,149.60000610351562,1,0.6666666666666666,UP,0.16666666666666663,1
2020-12-15,150.30999755859375,1,0.6666666666666666,UP,0.16666666666666663,1
2020-12-16,150.75,1,0.5909090909090909,UP,0.09090909090909094,1
2020-12-17,151.3699951171875,1,1.0,UP,0.5,1
2020-12-18,152.49000549316406,1,1.0,UP,0.5,1
2020-12-21,155.11000061035156,0,0.5909090909090909,UP,0.09090909090909094,0
2020-12-22,154.49000549316406,1,1.0,UP,0.5,1
2020-12-23,154.5,1,1.0,UP,0.5,1
2020-12-24,155.02000427246094,1,0.6666666666666666,UP,0.16666666666666663,1
2020-12-28,155.35000610351562,1,0.5909090909090909,UP,0.09090909090909094,1
2020-12-29,155.57000732421875,1,0.6666666666666666,UP,0.16666666666666663,1
2020-12-30,155.6999969482422,1,0.4117647058823529,DOWN,0.08823529411764708,0
2020-12-31,155.83999633789062,1,0.5909090909090909,UP,0.09090909090909094,1
2021-01-04,163.92999267578125,1,0.5909090909090909,UP,0.09090909090909094,1
2021-01-05,166.0800018310547,1,0.5909090909090909,UP,0.09090909090909094,1
2021-01-06,166.75999450683594,1,0.5909090909090909,UP,0.09090909090909094,1
2021-01-07,169.30999755859375,1,0.4117647058823529,DOWN,0.08823529411764708,0
2021-01-08,169.52000427246094,0,0.4117647058823529,DOWN,0.08823529411764708,1
2021-01-11,168.99000549316406,1,0.4117647058823529,DOWN,0.08823529411764708,0
2021-01-12,169.3300018310547,1,0.4117647058823529,DOWN,0.08823529411764708,0
2021-01-13,169.50999450683594,1,0.5909090909090909,UP,0.09090909090909094,1
2021-01-14,169.8000030517578,1,0.5909090909090909,UP,0.09090909090909094,1
2021-01-15,169.97000122070312,1,0.4117647058823529,DOWN,0.08823529411764708,0
2021-01-19,170.02999877929688,0,0.5909090909090909,UP,0.09090909090909094,0
2021-01-20,169.85000610351562,1,0.6666666666666666,UP,0.16666666666666663,1
2021-01-21,169.97999572753906,0,0.5909090909090909,UP,0.09090909090909094,0
2021-01-22,169.82000732421875,0,0.9995171825417979,UP,0.4995171825417979,0
2021-01-25,169.77999877929688,0,0.5909090909090909,UP,0.09090909090909094,0
2021-01-26,169.52000427246094,0,0.5909090909090909,UP,0.09090909090909094,0
2021-01-27,169.25999450683594,0,0.36032486429377614,DOWN,0.13967513570622386,1
2021-01-28,168.6300048828125,0,0.6666666666666666,UP,0.16666666666666663,0
2021-01-29,168.1300048828125,0,0.4117647058823529,DOWN,0.08823529411764708,1
2021-02-01,154.74000549316406,0,0.6666666666666666,UP,0.16666666666666663,0
2021-02-02,148.4199981689453,1,0.4117647058823529,DOWN,0.08823529411764708,0
2021-02-03,150.80999755859375,1,0.7249168395536983,UP,0.22491683955369834,1
2021-02-04,155.3300018310547,0,0.8087664516077092,UP,0.3087664516077092,0
2021-02-05,153.89999389648438,1,1.0,UP,0.5,1
2021-02-08,156.10000610351562,1,1.0,UP,0.5,1
2021-02-09,158.14999389648438,1,1.0,UP,0.5,1
2021-02-10,159.74000549316406,1,1.0,UP,0.5,1
2021-02-11,160.0800018310547,0,1.0,UP,0.5,0
2021-02-12,159.64999389648438,1,1.0,UP,0.5,1
2021-02-16,161.0,1,1.0,UP,0.5,1
2021-02-17,161.99000549316406,1,0.8587745659093113,UP,0.35877456590931134,1
2021-02-18,164.58999633789062,0,0.6886811720104491,UP,0.1886811720104491,0
2021-02-19,164.07000732421875,0,1.0,UP,0.5,0
2021-02-22,163.8699951171875,1,0.5909090909090909,UP,0.09090909090909094,1
2021-02-23,164.16000366210938,1,1.0,UP,0.5,1
2021-02-24,164.52999877929688,1,0.8947368421052632,UP,0.39473684210526316,1
2021-02-25,165.02000427246094,1,0.7142857142857143,UP,0.2142857142857143,1
2021-02-26,165.61000061035156,1,0.7142857142857143,UP,0.2142857142857143,1
2021-03-01,171.74000549316406,1,0.8,UP,0.30000000000000004,1
2021-03-02,173.16000366210938,1,0.8947368421052632,UP,0.39473684210526316,1
2021-03-03,174.1199951171875,1,0.3333333333333333,DOWN,0.16666666666666669,0
2021-03-04,174.94000244140625,0,0.7142857142857143,UP,0.2142857142857143,0
2021-03-05,173.1199951171875,1,0.8947368421052632,UP,0.39473684210526316,1
2021-03-08,173.55999755859375,0,0.7142857142857143,UP,0.2142857142857143,0
2021-03-09,168.42999267578125,1,0.7142857142857143,UP,0.2142857142857143,1
2021-03-10,168.44000244140625,1,0.8947368421052632,UP,0.39473684210526316,1
2021-03-11,171.27999877929688,0,0.8947368421052632,UP,0.39473684210526316,0
2021-03-12,168.25999450683594,0,0.8947368421052632,UP,0.39473684210526316,0
2021-03-15,168.25999450683594,0,0.7142857142857143,UP,0.2142857142857143,0
2021-03-16,168.25999450683594,0,0.7142857142857143,UP,0.2142857142857143,0
2021-03-17,168.2100067138672,0,0.8947368421052632,UP,0.39473684210526316,0
2021-03-18,168.2100067138672,0,0.8947368421052632,UP,0.39473684210526316,0
2021-03-19,168.0,0,0.8947368421052632,UP,0.39473684210526316,0
2021-03-22,167.3699951171875,0,0.7142857142857143,UP,0.2142857142857143,0
2021-03-23,167.00999450683594,1,0.3333333333333333,DOWN,0.16666666666666669,0
2021-03-24,167.33999633789062,0,0.7142857142857143,UP,0.2142857142857143,0
2021-03-25,167.0500030517578,0,0.7142857142857143,UP,0.2142857142857143,0
2021-03-26,166.88999938964844,1,0.8947368421052632,UP,0.39473684210526316,1
2021-03-29,166.97000122070312,1,0.7142857142857143,UP,0.2142857142857143,1
2021-03-30,166.99000549316406,0,0.7142857142857143,UP,0.2142857142857143,0
2021-03-31,166.89999389648438,0,0.7142857142857143,UP,0.2142857142857143,0
2021-04-01,163.67999267578125,1,0.7142857142857143,UP,0.2142857142857143,1
2021-04-05,163.88999938964844,1,0.8947368421052632,UP,0.39473684210526316,1
2021-04-06,166.97999572753906,1,0.7142857142857143,UP,0.2142857142857143,1
2021-04-07,169.24000549316406,1,0.8947368421052632,UP,0.39473684210526316,1
2021-04-08,170.4499969482422,0,0.8947368421052632,UP,0.39473684210526316,0
2021-04-09,170.32000732421875,1,0.7142857142857143,UP,0.2142857142857143,1
2021-04-12,171.02999877929688,1,0.7142857142857143,UP,0.2142857142857143,1
2021-04-13,171.0399932861328,1,0.8,UP,0.30000000000000004,1
2021-04-14,171.4199981689453,1,0.7142857142857143,UP,0.2142857142857143,1
2021-04-15,173.00999450683594,1,0.7142857142857143,UP,0.2142857142857143,1
2021-04-16,174.88999938964844,0,0.7142857142857143,UP,0.2142857142857143,0
2021-04-19,174.72000122070312,1,0.7142857142857143,UP,0.2142857142857143,1
2021-04-20,178.5399932861328,0,0.3333333333333333,DOWN,0.16666666666666669,1
2021-04-21,176.1999969482422,1,0.8947368421052632,UP,0.39473684210526316,1
2021-04-22,176.35000610351562,1,0.7142857142857143,UP,0.2142857142857143,1
2021-04-23,176.9600067138672,1,0.8947368421052632,UP,0.39473684210526316,1
2021-04-26,177.5800018310547,1,0.8947368421052632,UP,0.39473684210526316,1
2021-04-27,178.99000549316406,0,0.7142857142857143,UP,0.2142857142857143,0
2021-04-28,178.8000030517578,1,0.7142857142857143,UP,0.2142857142857143,1
2021-04-29,179.30999755859375,1,0.7142857142857143,UP,0.2142857142857143,1
2021-04-30,179.6300048828125,1,0.7142857142857143,UP,0.2142857142857143,1
2021-05-03,185.0399932861328,1,0.7142857142857143,UP,0.2142857142857143,1
2021-05-04,189.72000122070312,1,0.3333333333333333,DOWN,0.16666666666666669,0
2021-05-05,190.41000366210935,1,0.3333333333333333,DOWN,0.16666666666666669,0
2021-05-06,197.67999267578125,1,0.3333333333333333,DOWN,0.16666666666666669,0
2021-05-07,204.3500061035156,1,0.7142857142857143,UP,0.2142857142857143,1
2021-05-10,215.47999572753903,0,0.3333333333333333,DOWN,0.16666666666666669,1
2021-05-11,215.2899932861328,1,0.3333333333333333,DOWN,0.16666666666666669,0
2021-05-12,218.3800048828125,0,0.3333333333333333,DOWN,0.16666666666666669,1
2021-05-13,212.0500030517578,0,0.3333333333333333,DOWN,0.16666666666666669,1
2021-05-14,210.0800018310547,1,0.7142857142857143,UP,0.2142857142857143,1
2021-05-17,214.9900054931641,0,0.8947368421052632,UP,0.39473684210526316,0
2021-05-18,213.22999572753903,0,0.8947368421052632,UP,0.39473684210526316,0
2021-05-19,211.9600067138672,0,0.7142857142857143,UP,0.2142857142857143,0
2021-05-20,211.1499938964844,0,0.8947368421052632,UP,0.39473684210526316,0
2021-05-21,209.1300048828125,0,0.7142857142857143,UP,0.2142857142857143,0
2021-05-24,208.1999969482422,0,0.3333333333333333,DOWN,0.16666666666666669,1
2021-05-25,207.0099945068359,0,0.14491620278973188,DOWN,0.3550837972102681,1
2021-05-26,206.88999938964844,0,0.0,DOWN,0.5,1
2021-05-27,206.3699951171875,0,0.4,DOWN,0.09999999999999998,1
2021-05-28,205.72999572753903,0,0.38461538461538464,DOWN,0.11538461538461536,1
2021-06-01,204.8999938964844,1,0.5,UP,0.0,1
2021-06-02,204.9600067138672,1,0.38461538461538464,DOWN,0.11538461538461536,0
2021-06-03,208.0,0,0.38461538461538464,DOWN,0.11538461538461536,1
2021-06-04,206.2899932861328,0,0.7142857142857143,UP,0.2142857142857143,0
2021-06-07,202.41000366210935,1,0.38461538461538464,DOWN,0.11538461538461536,0
2021-06-08,207.83999633789065,1,0.7142857142857143,UP,0.2142857142857143,1
2021-06-09,210.19000244140625,1,0.7142857142857143,UP,0.2142857142857143,1
2021-06-10,211.91000366210935,1,0.7142857142857143,UP,0.2142857142857143,1
2021-06-11,213.1300048828125,1,1.0,UP,0.5,1
2021-06-14,214.0500030517578,0,0.5,UP,0.0,0
2021-06-15,213.9600067138672,0,0.38461538461538464,DOWN,0.11538461538461536,1
2021-06-16,213.52999877929688,1,0.38461538461538464,DOWN,0.11538461538461536,0
2021-06-17,214.69000244140625,0,0.0,DOWN,0.5,1
2021-06-18,214.2100067138672,0,0.5,UP,0.0,0
2021-06-21,212.75,1,0.5,UP,0.0,1
2021-06-22,213.4499969482422,1,0.7142857142857143,UP,0.2142857142857143,1
2021-06-23,213.8000030517578,0,0.7142857142857143,UP,0.2142857142857143,0
2021-06-24,213.75,1,0.7142857142857143,UP,0.2142857142857143,1
2021-06-25,214.1699981689453,1,0.5714285714285714,UP,0.0714285714285714,1
2021-06-28,215.2599945068359,0,0.7142857142857143,UP,0.2142857142857143,0
2021-06-29,214.36000061035156,1,0.7142857142857143,UP,0.2142857142857143,1
2021-06-30,214.5500030517578,0,0.7142857142857143,UP,0.2142857142857143,0
2021-07-01,213.58999633789065,0,0.38461538461538464,DOWN,0.11538461538461536,1
2021-07-02,212.4600067138672,1,0.5714285714285714,UP,0.0714285714285714,1
2021-07-06,217.5800018310547,1,0.38461538461538464,DOWN,0.11538461538461536,0
2021-07-07,218.11000061035156,0,0.5,UP,0.0,0
2021-07-08,216.32000732421875,0,0.38461538461538464,DOWN,0.11538461538461536,1
2021-07-09,215.77999877929688,1,0.5,UP,0.0,1
2021-07-12,217.3300018310547,1,0.705017615460011,UP,0.20501761546001096,1
2021-07-13,218.2599945068359,0,0.5714285714285714,UP,0.0714285714285714,0
2021-07-14,217.94000244140625,1,0.38461538461538464,DOWN,0.11538461538461536,0
2021-07-15,218.67999267578125,1,0.7142857142857143,UP,0.2142857142857143,1
2021-07-16,219.77000427246097,0,0.5714285714285714,UP,0.0714285714285714,0
2021-07-19,219.5,0,0.0,DOWN,0.5,1
2021-07-20,219.36000061035156,0,0.7142857142857143,UP,0.2142857142857143,0
2021-07-21,218.3699951171875,0,0.38461538461538464,DOWN,0.11538461538461536,1
2021-07-22,213.80999755859375,1,0.38461538461538464,DOWN,0.11538461538461536,0
2021-07-23,216.02999877929688,0,0.38461538461538464,DOWN,0.11538461538461536,1
2021-07-26,215.16000366210935,0,0.7142857142857143,UP,0.2142857142857143,0
2021-07-27,214.9900054931641,0,0.38461538461538464,DOWN,0.11538461538461536,1
2021-07-28,214.44000244140625,0,0.7142857142857143,UP,0.2142857142857143,0
2021-07-29,213.52000427246097,0,0.7142857142857143,UP,0.2142857142857143,0
2021-07-30,211.9900054931641,0,0.38461538461538464,DOWN,0.11538461538461536,1
2021-08-02,181.2100067138672,0,1.0,UP,0.5,0
2021-08-03,181.0099945068359,1,0.7142857142857143,UP,0.2142857142857143,1
2021-08-04,182.5099945068359,0,0.5714285714285714,UP,0.0714285714285714,0
2021-08-05,171.91000366210938,1,0.7142857142857143,UP,0.2142857142857143,1
2021-08-06,172.00999450683594,1,0.20060613154113935,DOWN,0.2993938684588606,0
2021-08-09,173.52000427246094,0,1.0,UP,0.5,0
2021-08-10,168.58999633789062,1,0.5,UP,0.0,1
2021-08-11,169.05999755859375,0,0.7142857142857143,UP,0.2142857142857143,0
2021-08-12,167.94000244140625,1,0.4,DOWN,0.09999999999999998,0
2021-08-13,167.9499969482422,0,0.7142857142857143,UP,0.2142857142857143,0
2021-08-16,166.9600067138672,1,0.42091624167167097,DOWN,0.07908375832832903,0
2021-08-17,167.33999633789062,0,0.38461538461538464,DOWN,0.11538461538461536,1
2021-08-18,159.58999633789062,1,0.4601119355804015,DOWN,0.03988806441959852,0
2021-08-19,160.3800048828125,1,0.0,DOWN,0.5,0
2021-08-20,160.5399932861328,0,0.38461538461538464,DOWN,0.11538461538461536,1
2021-08-23,159.39999389648438,1,0.38461538461538464,DOWN,0.11538461538461536,0
2021-08-24,160.07000732421875,0,0.4791666666666667,DOWN,0.020833333333333315,1
2021-08-25,159.9199981689453,0,0.45454545454545453,DOWN,0.04545454545454547,1
2021-08-26,159.6300048828125,1,0.45454545454545453,DOWN,0.04545454545454547,0
2021-08-27,159.67999267578125,0,0.8181818181818182,UP,0.31818181818181823,0
2021-08-30,159.5800018310547,0,0.4791666666666667,DOWN,0.020833333333333315,1
2021-08-31,159.25,0,0.2857142857142857,DOWN,0.2142857142857143,1
2021-09-01,143.0800018310547,0,0.4791666666666667,DOWN,0.020833333333333315,1
2021-09-02,140.5399932861328,1,0.4791666666666667,DOWN,0.020833333333333315,0
2021-09-03,144.8300018310547,0,0.4791666666666667,DOWN,0.020833333333333315,1
2021-09-07,138.99000549316406,0,0.4791666666666667,DOWN,0.020833333333333315,1
2021-09-08,135.55999755859375,0,0.4791666666666667,DOWN,0.020833333333333315,1
2021-09-09,133.82000732421875,0,0.4791666666666667,DOWN,0.020833333333333315,1
2021-09-10,133.17999267578125,0,0.4791666666666667,DOWN,0.020833333333333315,1
2021-09-13,129.66000366210938,0,0.4791666666666667,DOWN,0.020833333333333315,1
2021-09-14,128.11000061035156,0,0.2857142857142857,DOWN,0.2142857142857143,1
2021-09-15,124.16000366210938,0,0.4791666666666667,DOWN,0.020833333333333315,1
2021-09-16,119.95999908447266,1,0.2857142857142857,DOWN,0.2142857142857143,0
2021-09-17,123.0,0,0.14285714285714285,DOWN,0.35714285714285715,1
2021-09-20,117.01000213623048,1,0.2857142857142857,DOWN,0.2142857142857143,0
2021-09-21,119.01000213623048,1,0.28480760185901777,DOWN,0.21519239814098223,0
2021-09-22,120.7300033569336,0,0.4791666666666667,DOWN,0.020833333333333315,1
2021-09-23,120.4499969482422,0,0.4791666666666667,DOWN,0.020833333333333315,1
2021-09-24,120.0999984741211,1,0.4791666666666667,DOWN,0.020833333333333315,0
2021-09-27,120.2300033569336,0,0.4791666666666667,DOWN,0.020833333333333315,1
2021-09-28,119.88999938964844,0,0.14285714285714285,DOWN,0.35714285714285715,1
2021-09-29,119.6999969482422,0,0.2857142857142857,DOWN,0.2142857142857143,1
2021-09-30,119.6500015258789,0,0.2857142857142857,DOWN,0.2142857142857143,1
2021-10-01,115.76000213623048,1,0.2857142857142857,DOWN,0.2142857142857143,0
2021-10-04,117.76000213623048,1,0.8181818181818182,UP,0.31818181818181823,1
2021-10-05,117.8499984741211,0,0.2857142857142857,DOWN,0.2142857142857143,1
2021-10-06,117.68000030517578,1,0.2857142857142857,DOWN,0.2142857142857143,0
2021-10-07,118.0999984741211,1,0.45454545454545453,DOWN,0.04545454545454547,0
2021-10-08,122.86000061035156,1,0.4791666666666667,DOWN,0.020833333333333315,0
2021-10-11,130.24000549316406,0,0.4791666666666667,DOWN,0.020833333333333315,1
2021-10-12,126.41999816894533,0,0.4791666666666667,DOWN,0.020833333333333315,1
2021-10-13,122.29000091552734,1,0.4791666666666667,DOWN,0.020833333333333315,0
2021-10-14,122.83000183105467,1,0.4791666666666667,DOWN,0.020833333333333315,0
2021-10-15,123.19000244140624,1,0.4791666666666667,DOWN,0.020833333333333315,0
2021-10-18,123.4000015258789,0,0.2857142857142857,DOWN,0.2142857142857143,1
2021-10-19,123.3000030517578,1,0.14285714285714285,DOWN,0.35714285714285715,0
2021-10-20,123.48999786376952,0,0.4791666666666667,DOWN,0.020833333333333315,1
2021-10-21,122.88999938964844,0,0.14285714285714285,DOWN,0.35714285714285715,1
2021-10-22,122.5,0,0.45454545454545453,DOWN,0.04545454545454547,1
2021-10-25,122.05999755859376,1,0.2857142857142857,DOWN,0.2142857142857143,0
2021-10-26,122.47000122070312,0,0.14285714285714285,DOWN,0.35714285714285715,1
2021-10-27,122.36000061035156,0,0.14285714285714285,DOWN,0.35714285714285715,1
2021-10-28,121.94000244140624,0,0.14285714285714285,DOWN,0.35714285714285715,1
2021-10-29,121.2300033569336,0,0.14285714285714285,DOWN,0.35714285714285715,1
2021-11-01,102.58000183105467,0,0.8181818181818182,UP,0.31818181818181823,0
2021-11-02,99.4000015258789,0,0.2857142857142857,DOWN,0.2142857142857143,1
2021-11-03,99.3499984741211,0,0.4791666666666667,DOWN,0.020833333333333315,1
2021-11-04,97.16999816894533,0,0.2857142857142857,DOWN,0.2142857142857143,1
2021-11-05,94.43000030517578,0,0.4791666666666667,DOWN,0.020833333333333315,1
2021-11-08,94.36000061035156,0,0.4791666666666667,DOWN,0.020833333333333315,1
2021-11-09,91.9800033569336,1,0.4791666666666667,DOWN,0.020833333333333315,0
2021-11-10,92.19000244140624,1,0.14285714285714285,DOWN,0.35714285714285715,0
2021-11-11,93.62999725341795,0,0.4791666666666667,DOWN,0.020833333333333315,1
2021-11-12,93.4000015258789,0,0.45454545454545453,DOWN,0.04545454545454547,1
2021-11-15,92.36000061035156,0,0.14285714285714285,DOWN,0.35714285714285715,1
2021-11-16,92.01000213623048,1,0.14285714285714285,DOWN,0.35714285714285715,0
2021-11-17,92.76000213623048,0,0.14285714285714285,DOWN,0.35714285714285715,1
2021-11-18,92.01000213623048,1,0.14285714285714285,DOWN,0.35714285714285715,0
2021-11-19,92.77999877929688,1,0.14285714285714285,DOWN,0.35714285714285715,0
2021-11-22,93.38999938964844,1,0.33783783783783783,DOWN,0.16216216216216217,0
2021-11-23,93.98999786376952,1,0.33783783783783783,DOWN,0.16216216216216217,0
2021-11-24,94.33000183105467,1,0.33783783783783783,DOWN,0.16216216216216217,0
2021-11-26,94.44000244140624,1,0.33783783783783783,DOWN,0.16216216216216217,0
2021-11-29,94.70999908447266,1,0.33783783783783783,DOWN,0.16216216216216217,0
2021-11-30,94.97000122070312,1,0.33783783783783783,DOWN,0.16216216216216217,0
2021-12-01,103.16999816894533,0,0.33783783783783783,DOWN,0.16216216216216217,1
2021-12-02,101.81999969482422,0,0.33783783783783783,DOWN,0.16216216216216217,1
2021-12-03,101.48999786376952,1,0.33783783783783783,DOWN,0.16216216216216217,0
2021-12-06,103.73999786376952,1,0.33783783783783783,DOWN,0.16216216216216217,0
2021-12-07,108.04000091552734,0,0.4444444444444444,DOWN,0.05555555555555558,1
2021-12-08,106.7699966430664,0,0.4444444444444444,DOWN,0.05555555555555558,1
2021-12-09,106.48999786376952,0,0.33783783783783783,DOWN,0.16216216216216217,1
2021-12-10,105.0,1,0.33783783783783783,DOWN,0.16216216216216217,0
2021-12-13,108.51000213623048,0,0.33783783783783783,DOWN,0.16216216216216217,1
2021-12-14,107.04000091552734,1,0.33783783783783783,DOWN,0.16216216216216217,0
2021-12-15,109.22000122070312,1,0.33783783783783783,DOWN,0.16216216216216217,0
2021-12-16,111.19000244140624,1,0.4444444444444444,DOWN,0.05555555555555558,0
2021-12-17,111.63999938964844,1,0.33783783783783783,DOWN,0.16216216216216217,0
2021-12-20,113.79000091552734,0,0.33783783783783783,DOWN,0.16216216216216217,1
2021-12-21,113.63999938964844,0,0.4444444444444444,DOWN,0.05555555555555558,1
2021-12-22,112.54000091552734,0,0.4444444444444444,DOWN,0.05555555555555558,1
2021-12-23,112.54000091552734,1,0.33783783783783783,DOWN,0.16216216216216217,0
2021-12-27,112.98999786376952,0,0.33783783783783783,DOWN,0.16216216216216217,1
2021-12-28,112.29000091552734,1,0.33783783783783783,DOWN,0.16216216216216217,0
2021-12-29,112.33999633789062,0,0.33783783783783783,DOWN,0.16216216216216217,1
2021-12-30,112.23999786376952,1,0.33783783783783783,DOWN,0.16216216216216217,0
2021-12-31,112.5,1,0.33783783783783783,DOWN,0.16216216216216217,0
2022-01-03,120.4000015258789,1,0.33783783783783783,DOWN,0.16216216216216217,0
2022-01-04,120.91000366210938,1,0.33783783783783783,DOWN,0.16216216216216217,0
2022-01-05,124.13999938964844,1,0.33783783783783783,DOWN,0.16216216216216217,0
2022-01-06,125.94000244140624,1,0.33783783783783783,DOWN,0.16216216216216217,0
2022-01-07,126.20999908447266,0,0.33783783783783783,DOWN,0.16216216216216217,1
2022-01-10,124.4800033569336,1,0.33783783783783783,DOWN,0.16216216216216217,0
2022-01-11,126.75,1,0.3606706697917167,DOWN,0.1393293302082833,0
2022-01-12,128.66000366210938,0,0.4444444444444444,DOWN,0.05555555555555558,1
2022-01-13,127.83999633789062,0,0.33783783783783783,DOWN,0.16216216216216217,1
2022-01-14,126.23999786376952,1,0.33783783783783783,DOWN,0.16216216216216217,0
2022-01-18,127.4800033569336,0,0.33783783783783783,DOWN,0.16216216216216217,1
2022-01-19,127.41000366210938,1,0.33783783783783783,DOWN,0.16216216216216217,0
2022-01-20,129.08999633789062,1,0.33783783783783783,DOWN,0.16216216216216217,0
2022-01-21,129.49000549316406,0,0.33783783783783783,DOWN,0.16216216216216217,1
2022-01-24,128.74000549316406,1,0.33783783783783783,DOWN,0.16216216216216217,0
2022-01-25,129.94000244140625,0,0.33783783783783783,DOWN,0.16216216216216217,1
2022-01-26,129.39999389648438,1,0.33783783783783783,DOWN,0.16216216216216217,0
2022-01-27,129.9600067138672,1,0.33783783783783783,DOWN,0.16216216216216217,0
2022-01-28,130.80999755859375,1,0.33783783783783783,DOWN,0.16216216216216217,0
2022-01-31,131.14999389648438,1,0.33783783783783783,DOWN,0.16216216216216217,0
2022-02-01,138.7899932861328,1,0.4444444444444444,DOWN,0.05555555555555558,0
2022-02-02,139.97999572753906,1,0.4444444444444444,DOWN,0.05555555555555558,0
2022-02-03,145.9499969482422,0,0.33783783783783783,DOWN,0.16216216216216217,1
2022-02-04,145.4499969482422,1,0.4444444444444444,DOWN,0.05555555555555558,0
2022-02-07,150.11000061035156,0,0.33783783783783783,DOWN,0.16216216216216217,1
2022-02-08,148.8300018310547,0,0.4444444444444444,DOWN,0.05555555555555558,1
2022-02-09,147.63999938964844,1,0.4444444444444444,DOWN,0.05555555555555558,0
2022-02-10,151.57000732421875,0,0.33783783783783783,DOWN,0.16216216216216217,1
2022-02-11,150.8699951171875,0,0.33783783783783783,DOWN,0.16216216216216217,1
2022-02-14,146.75999450683594,0,0.33783783783783783,DOWN,0.16216216216216217,1
2022-02-15,144.88999938964844,0,0.33783783783783783,DOWN,0.16216216216216217,1
2022-02-16,142.22999572753906,1,0.33783783783783783,DOWN,0.16216216216216217,0
2022-02-17,143.8800048828125,0,0.33783783783783783,DOWN,0.16216216216216217,1
2022-02-18,141.11000061035156,1,0.33783783783783783,DOWN,0.16216216216216217,0
2022-02-22,143.25999450683594,0,0.33783783783783783,DOWN,0.16216216216216217,1
2022-02-23,142.9600067138672,0,0.42857142857142855,DOWN,0.07142857142857145,1
2022-02-24,142.66000366210938,0,0.5555555555555556,UP,0.05555555555555558,0
2022-02-25,141.75999450683594,1,0.5555555555555556,UP,0.05555555555555558,1
2022-02-28,141.99000549316406,1,0.5555555555555556,UP,0.05555555555555558,1
2022-03-01,143.4499969482422,1,0.5555555555555556,UP,0.05555555555555558,1
2022-03-02,146.07000732421875,1,0.5555555555555556,UP,0.05555555555555558,1
2022-03-03,151.11000061035156,1,0.8,UP,0.30000000000000004,1
2022-03-04,152.27999877929688,1,0.5555555555555556,UP,0.05555555555555558,1
2022-03-07,158.82000732421875,1,0.5555555555555556,UP,0.05555555555555558,1
2022-03-08,160.9600067138672,0,0.42857142857142855,DOWN,0.07142857142857145,1
2022-03-09,157.58999633789062,0,0.42857142857142855,DOWN,0.07142857142857145,1
2022-03-10,156.9499969482422,0,0.5555555555555556,UP,0.05555555555555558,0
2022-03-11,155.36000061035156,0,0.42857142857142855,DOWN,0.07142857142857145,1
2022-03-14,150.11000061035156,0,0.42857142857142855,DOWN,0.07142857142857145,1
2022-03-15,144.77000427246094,1,0.42857142857142855,DOWN,0.07142857142857145,0
2022-03-16,148.85000610351562,1,0.5555555555555556,UP,0.05555555555555558,1
2022-03-17,149.64999389648438,1,0.5555555555555556,UP,0.05555555555555558,1
2022-03-18,150.58999633789062,0,0.5555555555555556,UP,0.05555555555555558,0
2022-03-21,150.47000122070312,0,0.8,UP,0.30000000000000004,0
2022-03-22,149.67999267578125,0,0.5555555555555556,UP,0.05555555555555558,0
2022-03-23,149.57000732421875,1,0.8,UP,0.30000000000000004,1
2022-03-24,149.6300048828125,1,0.5555555555555556,UP,0.05555555555555558,1
2022-03-25,149.8699951171875,1,0.5555555555555556,UP,0.05555555555555558,1
2022-03-28,150.13999938964844,0,0.5555555555555556,UP,0.05555555555555558,0
2022-03-29,150.13999938964844,1,0.5555555555555556,UP,0.05555555555555558,1
2022-03-30,150.61000061035156,1,0.5555555555555556,UP,0.05555555555555558,1
2022-03-31,150.83999633789062,1,0.5555555555555556,UP,0.05555555555555558,1
2022-04-01,159.85000610351562,1,0.5555555555555556,UP,0.05555555555555558,1
2022-04-04,161.83999633789062,0,0.5555555555555556,UP,0.05555555555555558,0
2022-04-05,161.25,0,0.5555555555555556,UP,0.05555555555555558,0
2022-04-06,160.0800018310547,0,0.5555555555555556,UP,0.05555555555555558,0
2022-04-07,157.2899932861328,0,0.5555555555555556,UP,0.05555555555555558,0
2022-04-08,154.2100067138672,1,0.5555555555555556,UP,0.05555555555555558,1
2022-04-11,155.94000244140625,0,0.42857142857142855,DOWN,0.07142857142857145,1
2022-04-12,155.55999755859375,0,0.5555555555555556,UP,0.05555555555555558,0
2022-04-13,154.6699981689453,1,0.5555555555555556,UP,0.05555555555555558,1
2022-04-14,155.69000244140625,0,0.42857142857142855,DOWN,0.07142857142857145,1
2022-04-18,155.6199951171875,0,0.42857142857142855,DOWN,0.07142857142857145,1
2022-04-19,154.5800018310547,0,0.42857142857142855,DOWN,0.07142857142857145,1
2022-04-20,154.41000366210938,0,0.8,UP,0.30000000000000004,0
2022-04-21,154.27000427246094,0,0.42857142857142855,DOWN,0.07142857142857145,1
2022-04-22,154.1300048828125,0,0.42857142857142855,DOWN,0.07142857142857145,1
2022-04-25,152.47000122070312,0,0.0,DOWN,0.5,1
2022-04-26,152.0800018310547,0,0.0,DOWN,0.5,1
2022-04-27,151.6199951171875,0,0.42857142857142855,DOWN,0.07142857142857145,1
2022-04-28,151.19000244140625,0,0.42857142857142855,DOWN,0.07142857142857145,1
2022-04-29,150.77000427246094,0,0.30706837350672783,DOWN,0.19293162649327217,1
2022-05-02,144.0800018310547,0,0.42857142857142855,DOWN,0.07142857142857145,1
2022-05-03,144.0800018310547,0,0.42857142857142855,DOWN,0.07142857142857145,1
2022-05-04,142.89999389648438,1,0.5555555555555556,UP,0.05555555555555558,1
2022-05-05,144.89999389648438,0,0.42857142857142855,DOWN,0.07142857142857145,1
2022-05-06,136.91000366210938,0,0.42857142857142855,DOWN,0.07142857142857145,1
2022-05-09,133.30999755859375,0,0.0373837069922253,DOWN,0.4626162930077747,1
2022-05-10,131.89999389648438,1,0.42857142857142855,DOWN,0.07142857142857145,0
2022-05-11,134.25999450683594,0,0.5555555555555556,UP,0.05555555555555558,0
2022-05-12,131.97999572753906,1,0.42857142857142855,DOWN,0.07142857142857145,0
2022-05-13,132.3300018310547,1,0.5555555555555556,UP,0.05555555555555558,1
2022-05-16,132.9600067138672,0,0.5555555555555556,UP,0.05555555555555558,0
2022-05-17,132.61000061035156,0,0.5555555555555556,UP,0.05555555555555558,0
2022-05-18,130.80999755859375,1,0.42857142857142855,DOWN,0.07142857142857145,0
2022-05-19,131.9199981689453,1,0.5555555555555556,UP,0.05555555555555558,1
2022-05-20,133.66000366210938,1,0.5555555555555556,UP,0.05555555555555558,1
2022-05-23,133.99000549316406,0,0.5555555555555556,UP,0.05555555555555558,0
2022-05-24,133.30999755859375,0,0.4634146341463415,DOWN,0.036585365853658514,1
2022-05-25,133.27000427246094,0,0.4634146341463415,DOWN,0.036585365853658514,1
2022-05-26,132.97999572753906,1,0.4634146341463415,DOWN,0.036585365853658514,0
2022-05-27,133.1699981689453,1,0.7,UP,0.19999999999999996,1
2022-05-31,133.50999450683594,1,0.4634146341463415,DOWN,0.036585365853658514,0
2022-06-01,136.9499969482422,1,0.4634146341463415,DOWN,0.036585365853658514,0
2022-06-02,142.35000610351562,1,0.7,UP,0.19999999999999996,1
2022-06-03,144.02000427246094,1,0.7,UP,0.19999999999999996,1
2022-06-06,144.80999755859375,1,0.4634146341463415,DOWN,0.036585365853658514,0
2022-06-07,145.8800048828125,0,0.4634146341463415,DOWN,0.036585365853658514,1
2022-06-08,145.33999633789062,0,0.4634146341463415,DOWN,0.036585365853658514,1
2022-06-09,143.6300048828125,0,0.2727272727272727,DOWN,0.2272727272727273,1
2022-06-10,141.50999450683594,0,0.4634146341463415,DOWN,0.036585365853658514,1
2022-06-13,140.33999633789062,0,0.14285714285714285,DOWN,0.35714285714285715,1
2022-06-14,140.08999633789062,0,0.0,DOWN,0.5,1
2022-06-15,137.1699981689453,1,0.2727272727272727,DOWN,0.2272727272727273,0
2022-06-16,137.85000610351562,0,0.0,DOWN,0.5,1
2022-06-17,135.69000244140625,0,0.0,DOWN,0.5,1
2022-06-21,133.47000122070312,0,0.2727272727272727,DOWN,0.2272727272727273,1
2022-06-22,127.91999816894533,1,0.0,DOWN,0.5,0
2022-06-23,131.4499969482422,0,0.0,DOWN,0.5,1
2022-06-24,129.7100067138672,1,0.14285714285714285,DOWN,0.35714285714285715,0
2022-06-27,130.92999267578125,1,0.14285714285714285,DOWN,0.35714285714285715,0
2022-06-28,131.00999450683594,0,0.4634146341463415,DOWN,0.036585365853658514,1
2022-06-29,130.4600067138672,0,0.2727272727272727,DOWN,0.2272727272727273,1
2022-06-30,130.0,0,0.0,DOWN,0.5,1
2022-07-01,114.4499969482422,0,0.4634146341463415,DOWN,0.036585365853658514,1
2022-07-05,113.61000061035156,0,0.0,DOWN,0.5,1
2022-07-06,112.37999725341795,1,0.14285714285714285,DOWN,0.35714285714285715,0
2022-07-07,115.13999938964844,0,0.14285714285714285,DOWN,0.35714285714285715,1
2022-07-08,113.73999786376952,0,0.0,DOWN,0.5,1
2022-07-11,109.97000122070312,0,0.0,DOWN,0.5,1
2022-07-12,109.68000030517578,1,0.0,DOWN,0.5,0
2022-07-13,111.0500030517578,0,0.0,DOWN,0.5,1
2022-07-14,106.01000213623048,0,0.0,DOWN,0.5,1
2022-07-15,104.3000030517578,1,0.14285714285714285,DOWN,0.35714285714285715,0
2022-07-18,106.69000244140624,0,0.14285714285714285,DOWN,0.35714285714285715,1
2022-07-19,104.76000213623048,0,0.14285714285714285,DOWN,0.35714285714285715,1
2022-07-20,104.51000213623048,1,0.14285714285714285,DOWN,0.35714285714285715,0
2022-07-21,105.2699966430664,1,0.0,DOWN,0.5,0
2022-07-22,105.38999938964844,1,0.4634146341463415,DOWN,0.036585365853658514,0
2022-07-25,105.41999816894533,1,0.4634146341463415,DOWN,0.036585365853658514,0
2022-07-26,106.01000213623048,1,0.4634146341463415,DOWN,0.036585365853658514,0
2022-07-27,106.23999786376952,1,0.2727272727272727,DOWN,0.2272727272727273,0
2022-07-28,106.88999938964844,1,0.4634146341463415,DOWN,0.036585365853658514,0
2022-07-29,107.22000122070312,1,0.8571428571428571,UP,0.3571428571428571,1
2022-08-01,114.3499984741211,0,0.4634146341463415,DOWN,0.036585365853658514,1
2022-08-02,113.36000061035156,0,0.7,UP,0.19999999999999996,0
2022-08-03,110.11000061035156,0,0.7,UP,0.19999999999999996,0
2022-08-04,107.02999877929688,1,0.8017553055166439,UP,0.30175530551664387,1
2022-08-05,109.1999969482422,1,0.7335690007755489,UP,0.23356900077554887,1
2022-08-08,110.37999725341795,0,0.4634146341463415,DOWN,0.036585365853658514,1
2022-08-09,109.8499984741211,0,0.4634146341463415,DOWN,0.036585365853658514,1
2022-08-10,109.62999725341795,1,0.5537473795942593,UP,0.05374737959425935,1
2022-08-11,110.41000366210938,0,0.7368073181154974,UP,0.23680731811549738,0
2022-08-12,109.70999908447266,0,0.7,UP,0.19999999999999996,0
2022-08-15,107.5999984741211,0,0.4634146341463415,DOWN,0.036585365853658514,1
2022-08-16,107.37000274658205,0,0.4634146341463415,DOWN,0.036585365853658514,1
2022-08-17,105.51000213623048,1,0.2727272727272727,DOWN,0.2272727272727273,0
2022-08-18,106.0500030517578,0,0.4634146341463415,DOWN,0.036585365853658514,1
2022-08-19,105.63999938964844,0,0.2727272727272727,DOWN,0.2272727272727273,1
2022-08-22,105.5199966430664,1,0.14285714285714285,DOWN,0.35714285714285715,0
2022-08-23,105.56999969482422,0,0.2727272727272727,DOWN,0.2272727272727273,1
2022-08-24,105.5500030517578,0,0.34615384615384615,DOWN,0.15384615384615385,1
2022-08-25,105.3499984741211,1,0.4074074074074074,DOWN,0.09259259259259262,0
2022-08-26,105.48999786376952,0,0.4074074074074074,DOWN,0.09259259259259262,1
2022-08-29,105.27999877929688,0,0.4074074074074074,DOWN,0.09259259259259262,1
2022-08-30,104.91999816894533,0,0.34615384615384615,DOWN,0.15384615384615385,1
2022-08-31,104.76000213623048,0,0.34615384615384615,DOWN,0.15384615384615385,1
2022-09-01,96.29000091552734,0,0.34615384615384615,DOWN,0.15384615384615385,1
2022-09-02,95.5500030517578,1,0.4074074074074074,DOWN,0.09259259259259262,0
2022-09-06,97.44000244140624,0,0.4074074074074074,DOWN,0.09259259259259262,1
2022-09-07,97.19000244140624,1,0.4074074074074074,DOWN,0.09259259259259262,0
2022-09-08,98.37000274658205,1,0.5714285714285714,UP,0.0714285714285714,1
2022-09-09,100.20999908447266,1,1.0,UP,0.5,1
2022-09-12,101.41000366210938,1,0.9086918079811115,UP,0.4086918079811115,1
2022-09-13,101.43000030517578,0,0.5714285714285714,UP,0.0714285714285714,0
2022-09-14,100.43000030517578,0,0.5714285714285714,UP,0.0714285714285714,0
2022-09-15,100.38999938964844,0,0.4074074074074074,DOWN,0.09259259259259262,1
2022-09-16,99.26000213623048,0,0.5714285714285714,UP,0.0714285714285714,0
2022-09-19,98.98999786376952,0,0.5714285714285714,UP,0.0714285714285714,0
2022-09-20,98.8000030517578,0,0.5714285714285714,UP,0.0714285714285714,0
2022-09-21,98.6500015258789,1,0.4074074074074074,DOWN,0.09259259259259262,0
2022-09-22,98.83000183105467,1,0.5714285714285714,UP,0.0714285714285714,1
2022-09-23,98.88999938964844,1,0.34615384615384615,DOWN,0.15384615384615385,0
2022-09-26,99.01000213623048,0,0.34615384615384615,DOWN,0.15384615384615385,1
2022-09-27,98.70999908447266,0,0.34615384615384615,DOWN,0.15384615384615385,1
2022-09-28,98.5199966430664,0,0.4074074074074074,DOWN,0.09259259259259262,1
2022-09-29,98.41999816894533,0,1.0,UP,0.5,0
2022-09-30,98.30999755859376,0,0.4074074074074074,DOWN,0.09259259259259262,1
2022-10-03,94.22000122070312,1,1.0,UP,0.5,1
2022-10-04,95.20999908447266,1,1.0,UP,0.5,1
2022-10-05,95.26000213623048,1,1.0,UP,0.5,1
2022-10-06,95.45999908447266,1,0.996241678525085,UP,0.49624167852508505,1
2022-10-07,95.62000274658205,1,0.4074074074074074,DOWN,0.09259259259259262,0
2022-10-10,97.3499984741211,0,0.5714285714285714,UP,0.0714285714285714,0
2022-10-11,96.97000122070312,0,0.4074074074074074,DOWN,0.09259259259259262,1
2022-10-12,96.12999725341795,0,0.5714285714285714,UP,0.0714285714285714,0
2022-10-13,95.4000015258789,1,0.4074074074074074,DOWN,0.09259259259259262,0
2022-10-14,95.93000030517578,0,0.4074074074074074,DOWN,0.09259259259259262,1
2022-10-17,94.93000030517578,1,0.34615384615384615,DOWN,0.15384615384615385,0
2022-10-18,95.20999908447266,0,0.4074074074074074,DOWN,0.09259259259259262,1
2022-10-19,94.86000061035156,0,0.4074074074074074,DOWN,0.09259259259259262,1
2022-10-20,94.76000213623048,1,0.5714285714285714,UP,0.0714285714285714,1
2022-10-21,94.86000061035156,0,0.5714285714285714,UP,0.0714285714285714,0
2022-10-24,94.51000213623048,1,0.4074074074074074,DOWN,0.09259259259259262,0
2022-10-25,94.61000061035156,0,0.4074074074074074,DOWN,0.09259259259259262,1
2022-10-26,93.55999755859376,0,0.5714285714285714,UP,0.0714285714285714,0
2022-10-27,92.80999755859376,1,0.4074074074074074,DOWN,0.09259259259259262,0
2022-10-28,93.01000213623048,0,0.34615384615384615,DOWN,0.15384615384615385,1
2022-10-31,92.43000030517578,0,0.23076923076923078,DOWN,0.2692307692307692,1
2022-11-01,80.02999877929688,1,0.4074074074074074,DOWN,0.09259259259259262,0
2022-11-02,82.0999984741211,1,0.4074074074074074,DOWN,0.09259259259259262,0
2022-11-03,83.37000274658203,1,0.5714285714285714,UP,0.0714285714285714,1
2022-11-04,85.16000366210938,1,1.0,UP,0.5,1
2022-11-07,87.13999938964844,0,0.4074074074074074,DOWN,0.09259259259259262,1
2022-11-08,85.33000183105469,1,1.0,UP,0.5,1
2022-11-09,87.51000213623047,1,0.5714285714285714,UP,0.0714285714285714,1
2022-11-10,88.19000244140625,1,0.5714285714285714,UP,0.0714285714285714,1
2022-11-11,90.79000091552734,1,1.0,UP,0.5,1
2022-11-14,92.08999633789062,1,1.0,UP,0.5,1
2022-11-15,92.29000091552734,1,1.0,UP,0.5,1
2022-11-16,92.33999633789062,1,1.0,UP,0.5,1
2022-11-17,93.08999633789062,0,1.0,UP,0.5,0
2022-11-18,92.88999938964844,0,1.0,UP,0.5,0
2022-11-21,91.54000091552734,0,1.0,UP,0.5,0
2022-11-22,91.4499969482422,1,0.6666666666666666,UP,0.16666666666666663,1
2022-11-23,91.94000244140624,1,0.39622641509433965,DOWN,0.10377358490566035,0
2022-11-25,92.73999786376952,1,0.6666666666666666,UP,0.16666666666666663,1
2022-11-28,93.04000091552734,0,0.6666666666666666,UP,0.16666666666666663,0
2022-11-29,92.9000015258789,1,0.6666666666666666,UP,0.16666666666666663,1
2022-11-30,93.25,1,0.39622641509433965,DOWN,0.10377358490566035,0
2022-12-01,103.0999984741211,1,0.39622641509433965,DOWN,0.10377358490566035,0
2022-12-02,107.44000244140624,1,0.39622641509433965,DOWN,0.10377358490566035,0
2022-12-05,107.68000030517578,1,0.39622641509433965,DOWN,0.10377358490566035,0
2022-12-06,108.48999786376952,0,0.39622641509433965,DOWN,0.10377358490566035,1
2022-12-07,107.08999633789062,1,0.39622641509433965,DOWN,0.10377358490566035,0
2022-12-08,109.48999786376952,1,0.39622641509433965,DOWN,0.10377358490566035,0
2022-12-09,110.4800033569336,0,0.39622641509433965,DOWN,0.10377358490566035,1
2022-12-12,109.47000122070312,0,0.39622641509433965,DOWN,0.10377358490566035,1
2022-12-13,109.2300033569336,1,0.39622641509433965,DOWN,0.10377358490566035,0
2022-12-14,109.26000213623048,1,0.39622641509433965,DOWN,0.10377358490566035,0
2022-12-15,110.5,0,0.39622641509433965,DOWN,0.10377358490566035,1
2022-12-16,110.2699966430664,0,0.2857142857142857,DOWN,0.2142857142857143,1
2022-12-19,109.55999755859376,1,0.39622641509433965,DOWN,0.10377358490566035,0
2022-12-20,109.86000061035156,1,0.39622641509433965,DOWN,0.10377358490566035,0
2022-12-21,110.73999786376952,0,0.39622641509433965,DOWN,0.10377358490566035,1
2022-12-22,110.43000030517578,1,0.39622641509433965,DOWN,0.10377358490566035,0
2022-12-23,110.4800033569336,1,0.39622641509433965,DOWN,0.10377358490566035,0
2022-12-27,110.63999938964844,1,0.39622641509433965,DOWN,0.10377358490566035,0
2022-12-28,110.8000030517578,1,0.39622641509433965,DOWN,0.10377358490566035,0
2022-12-29,110.9800033569336,1,0.39622641509433965,DOWN,0.10377358490566035,0
2022-12-30,111.27999877929688,1,0.39622641509433965,DOWN,0.10377358490566035,0
2023-01-03,117.79000091552734,0,0.39622641509433965,DOWN,0.10377358490566035,1
2023-01-04,115.3499984741211,0,0.39622641509433965,DOWN,0.10377358490566035,1
2023-01-05,114.97000122070312,1,0.6666666666666666,UP,0.16666666666666663,1
2023-01-06,116.56999969482422,1,0.39622641509433965,DOWN,0.10377358490566035,0
2023-01-09,117.41000366210938,1,0.39622641509433965,DOWN,0.10377358490566035,0
2023-01-10,119.66000366210938,1,0.39622641509433965,DOWN,0.10377358490566035,0
2023-01-11,121.0199966430664,1,0.39622641509433965,DOWN,0.10377358490566035,0
2023-01-12,121.26000213623048,1,0.6666666666666666,UP,0.16666666666666663,1
2023-01-13,122.33000183105467,0,0.39622641509433965,DOWN,0.10377358490566035,1
2023-01-17,120.9499969482422,1,0.39622641509433965,DOWN,0.10377358490566035,0
2023-01-18,121.19000244140624,1,0.39622641509433965,DOWN,0.10377358490566035,0
2023-01-19,121.79000091552734,1,0.39622641509433965,DOWN,0.10377358490566035,0
2023-01-20,122.16000366210938,0,0.39622641509433965,DOWN,0.10377358490566035,1
2023-01-23,121.94000244140624,1,0.39622641509433965,DOWN,0.10377358490566035,0
2023-01-24,121.97000122070312,0,0.39622641509433965,DOWN,0.10377358490566035,1
2023-01-25,121.93000030517578,1,0.39622641509433965,DOWN,0.10377358490566035,0
2023-01-26,122.48999786376952,1,0.39622641509433965,DOWN,0.10377358490566035,0
2023-01-27,122.6999969482422,1,0.39622641509433965,DOWN,0.10377358490566035,0
2023-01-30,123.08000183105467,1,0.39622641509433965,DOWN,0.10377358490566035,0
2023-01-31,123.37000274658205,1,0.39622641509433965,DOWN,0.10377358490566035,0
2023-02-01,126.33000183105467,0,0.39622641509433965,DOWN,0.10377358490566035,1
2023-02-02,123.9499969482422,1,0.39622641509433965,DOWN,0.10377358490566035,0
2023-02-03,125.26000213623048,0,0.39622641509433965,DOWN,0.10377358490566035,1
2023-02-06,124.33999633789062,0,0.2857142857142857,DOWN,0.2142857142857143,1
2023-02-07,122.75,1,0.39622641509433965,DOWN,0.10377358490566035,0
2023-02-08,123.20999908447266,1,0.39622641509433965,DOWN,0.10377358490566035,0
2023-02-09,124.6500015258789,1,0.39622641509433965,DOWN,0.10377358490566035,0
2023-02-10,125.13999938964844,0,0.39622641509433965,DOWN,0.10377358490566035,1
2023-02-13,123.76000213623048,1,0.39622641509433965,DOWN,0.10377358490566035,0
2023-02-14,124.1999969482422,1,0.39622641509433965,DOWN,0.10377358490566035,0
2023-02-15,124.33999633789062,1,0.39622641509433965,DOWN,0.10377358490566035,0
2023-02-16,124.69000244140624,1,0.39622641509433965,DOWN,0.10377358490566035,0
2023-02-17,124.94000244140624,1,0.39622641509433965,DOWN,0.10377358490566035,0
2023-02-21,126.33999633789062,0,0.39622641509433965,DOWN,0.10377358490566035,1
2023-02-22,125.7699966430664,1,0.39622641509433965,DOWN,0.10377358490566035,0
2023-02-23,125.91999816894533,0,0.39622641509433965,DOWN,0.10377358490566035,1
2023-02-24,125.8499984741211,0,0.0,DOWN,0.5,1
2023-02-27,125.73999786376952,1,0.6984126984126984,UP,0.19841269841269837,1
2023-02-28,125.75,1,0.6984126984126984,UP,0.19841269841269837,1
2023-03-01,126.8000030517578,1,0.6984126984126984,UP,0.19841269841269837,1
2023-03-02,127.0199966430664,0,0.6984126984126984,UP,0.19841269841269837,0
2023-03-03,126.63999938964844,0,0.6984126984126984,UP,0.19841269841269837,0
2023-03-06,125.5,1,0.6984126984126984,UP,0.19841269841269837,1
2023-03-07,127.33000183105467,1,0.6984126984126984,UP,0.19841269841269837,1
2023-03-08,127.37000274658205,1,0.6984126984126984,UP,0.19841269841269837,1
2023-03-09,129.47999572753906,0,0.6984126984126984,UP,0.19841269841269837,0
2023-03-10,129.44000244140625,1,0.6984126984126984,UP,0.19841269841269837,1
2023-03-13,130.49000549316406,0,0.6984126984126984,UP,0.19841269841269837,0
2023-03-14,130.0399932861328,1,0.6984126984126984,UP,0.19841269841269837,1
2023-03-15,130.08999633789062,0,0.0,DOWN,0.5,1
2023-03-16,128.91000366210938,1,0.0,DOWN,0.5,0
2023-03-17,130.0,0,0.6984126984126984,UP,0.19841269841269837,0
2023-03-20,128.25999450683594,0,0.4,DOWN,0.09999999999999998,1
2023-03-21,128.00999450683594,0,0.4,DOWN,0.09999999999999998,1
2023-03-22,127.7300033569336,0,0.0,DOWN,0.5,1
2023-03-23,126.66000366210938,0,0.6984126984126984,UP,0.19841269841269837,0
2023-03-24,126.01000213623048,0,0.6984126984126984,UP,0.19841269841269837,0
2023-03-27,126.01000213623048,0,0.6984126984126984,UP,0.19841269841269837,0
2023-03-28,126.01000213623048,0,0.6984126984126984,UP,0.19841269841269837,0
2023-03-29,126.01000213623048,0,0.6984126984126984,UP,0.19841269841269837,0
2023-03-30,126.01000213623048,1,0.6984126984126984,UP,0.19841269841269837,1
2023-03-31,127.05999755859376,0,0.6984126984126984,UP,0.19841269841269837,0
2023-04-03,122.19000244140624,0,0.6984126984126984,UP,0.19841269841269837,0
2023-04-04,120.23999786376952,0,0.6984126984126984,UP,0.19841269841269837,0
2023-04-05,119.66999816894533,0,0.6984126984126984,UP,0.19841269841269837,0
2023-04-06,119.16000366210938,1,0.6984126984126984,UP,0.19841269841269837,1
2023-04-10,119.75,1,0.6984126984126984,UP,0.19841269841269837,1
2023-04-11,121.0500030517578,0,0.6984126984126984,UP,0.19841269841269837,0
2023-04-12,120.5,0,0.6984126984126984,UP,0.19841269841269837,0
2023-04-13,119.91999816894533,0,0.6984126984126984,UP,0.19841269841269837,0
2023-04-14,119.11000061035156,1,0.6984126984126984,UP,0.19841269841269837,1
2023-04-17,120.01000213623048,1,0.6984126984126984,UP,0.19841269841269837,1
2023-04-18,120.33999633789062,0,0.6984126984126984,UP,0.19841269841269837,0
2023-04-19,120.26000213623048,0,0.4,DOWN,0.09999999999999998,1
2023-04-20,119.30999755859376,0,0.6984126984126984,UP,0.19841269841269837,0
2023-04-21,117.20999908447266,0,0.0,DOWN,0.5,1
2023-04-24,116.76000213623048,1,0.4,DOWN,0.09999999999999998,0
2023-04-25,117.5999984741211,0,0.0,DOWN,0.5,1
2023-04-26,116.70999908447266,0,0.6124987219568712,UP,0.11249872195687116,0
2023-04-27,116.20999908447266,0,0.6984126984126984,UP,0.19841269841269837,0
2023-04-28,116.13999938964844,0,0.6984126984126984,UP,0.19841269841269837,0
2023-05-01,103.61000061035156,1,0.6984126984126984,UP,0.19841269841269837,1
2023-05-02,106.01000213623048,0,0.6984126984126984,UP,0.19841269841269837,0
2023-05-03,105.4800033569336,0,0.6984126984126984,UP,0.19841269841269837,0
2023-05-04,103.87000274658205,0,0.6984126984126984,UP,0.19841269841269837,0
2023-05-05,103.5500030517578,1,0.6984126984126984,UP,0.19841269841269837,1
2023-05-08,107.4000015258789,0,0.6984126984126984,UP,0.19841269841269837,0
2023-05-09,106.0500030517578,1,0.6984126984126984,UP,0.19841269841269837,1
2023-05-10,106.8499984741211,0,0.6984126984126984,UP,0.19841269841269837,0
2023-05-11,104.8000030517578,1,0.4,DOWN,0.09999999999999998,0
2023-05-12,105.16000366210938,1,0.6984126984126984,UP,0.19841269841269837,1
2023-05-15,106.7699966430664,1,0.6984126984126984,UP,0.19841269841269837,1
2023-05-16,106.83999633789062,1,0.6984126984126984,UP,0.19841269841269837,1
2023-05-17,107.37999725341795,0,0.6984126984126984,UP,0.19841269841269837,0
2023-05-18,107.2699966430664,0,0.6984126984126984,UP,0.19841269841269837,0
2023-05-19,107.0999984741211,1,0.6984126984126984,UP,0.19841269841269837,1
2023-05-22,107.16000366210938,0,0.6984126984126984,UP,0.19841269841269837,0
2023-05-23,106.54000091552734,0,0.6984126984126984,UP,0.19841269841269837,0
2023-05-24,105.55999755859376,1,0.6984126984126984,UP,0.19841269841269837,1
2023-05-25,105.5999984741211,0,0.0,DOWN,0.5,1
2023-05-26,105.41000366210938,0,0.4666666666666667,DOWN,0.033333333333333326,1
2023-05-30,105.1999969482422,0,0.0,DOWN,0.5,1
2023-05-31,105.06999969482422,0,0.4444444444444444,DOWN,0.05555555555555558,1
2023-06-01,104.5,1,0.625,UP,0.125,1
2023-06-02,106.33000183105467,1,0.625,UP,0.125,1
2023-06-05,107.37999725341795,1,0.47321981047401895,DOWN,0.026780189525981046,0
2023-06-06,108.58999633789062,1,0.625,UP,0.125,1
2023-06-07,109.18000030517578,1,0.625,UP,0.125,1
2023-06-08,111.43000030517578,1,0.625,UP,0.125,1
2023-06-09,112.95999908447266,0,0.625,UP,0.125,0
2023-06-12,111.13999938964844,1,0.4444444444444444,DOWN,0.05555555555555558,0
2023-06-13,112.4499969482422,1,0.625,UP,0.125,1
2023-06-14,112.75,1,0.625,UP,0.125,1
2023-06-15,112.93000030517578,1,0.625,UP,0.125,1
2023-06-16,113.0199966430664,1,0.625,UP,0.125,1
2023-06-20,113.08000183105467,0,0.4666666666666667,DOWN,0.033333333333333326,1
2023-06-21,112.8499984741211,0,0.625,UP,0.125,0
2023-06-22,112.8499984741211,0,0.625,UP,0.125,0
2023-06-23,112.6500015258789,0,0.4444444444444444,DOWN,0.05555555555555558,1
2023-06-26,112.45999908447266,1,0.5584378486375806,UP,0.058437848637580614,1
2023-06-27,112.5999984741211,1,0.625,UP,0.125,1
2023-06-28,112.63999938964844,0,0.4444444444444444,DOWN,0.05555555555555558,1
2023-06-29,112.62000274658205,0,0.625,UP,0.125,0
2023-06-30,112.56999969482422,0,0.5814206888433806,UP,0.0814206888433806,0
2023-07-03,110.87000274658205,1,0.625,UP,0.125,1
2023-07-05,111.83999633789062,1,0.4666666666666667,DOWN,0.033333333333333326,0
2023-07-06,112.2699966430664,0,0.4666666666666667,DOWN,0.033333333333333326,1
2023-07-07,110.54000091552734,0,0.625,UP,0.125,0
2023-07-10,109.20999908447266,1,0.4444444444444444,DOWN,0.05555555555555558,0
2023-07-11,109.33999633789062,1,0.625,UP,0.125,1
2023-07-12,110.61000061035156,1,0.625,UP,0.125,1
2023-07-13,110.9499969482422,1,0.625,UP,0.125,1
2023-07-14,112.37999725341795,0,0.625,UP,0.125,0
2023-07-17,111.80999755859376,1,0.4666666666666667,DOWN,0.033333333333333326,0
2023-07-18,112.16999816894533,0,0.625,UP,0.125,0
2023-07-19,112.08000183105467,1,0.4444444444444444,DOWN,0.05555555555555558,0
2023-07-20,112.43000030517578,1,0.625,UP,0.125,1
2023-07-21,112.47000122070312,1,0.4666666666666667,DOWN,0.033333333333333326,0
2023-07-24,112.51000213623048,1,0.625,UP,0.125,1
2023-07-25,112.72000122070312,1,0.625,UP,0.125,1
2023-07-26,112.88999938964844,1,0.4666666666666667,DOWN,0.033333333333333326,0
2023-07-27,112.9000015258789,0,0.4444444444444444,DOWN,0.05555555555555558,1
2023-07-28,112.69000244140624,0,0.625,UP,0.125,0
2023-07-31,112.45999908447266,0,0.625,UP,0.125,0
2023-08-01,108.31999969482422,0,0.3333333333333333,DOWN,0.16666666666666669,1
2023-08-02,107.41000366210938,0,0.0,DOWN,0.5,1
2023-08-03,104.26000213623048,1,0.625,UP,0.125,1
2023-08-04,105.18000030517578,0,0.4444444444444444,DOWN,0.05555555555555558,1
2023-08-07,104.7300033569336,0,0.4666666666666667,DOWN,0.033333333333333326,1
2023-08-08,104.41000366210938,1,0.0,DOWN,0.5,0
2023-08-09,104.6999969482422,0,0.4444444444444444,DOWN,0.05555555555555558,1
2023-08-10,104.5999984741211,1,0.4444444444444444,DOWN,0.05555555555555558,0
2023-08-11,105.37000274658205,0,0.4444444444444444,DOWN,0.05555555555555558,1
2023-08-14,104.62999725341795,1,0.4444444444444444,DOWN,0.05555555555555558,0
2023-08-15,104.8000030517578,1,0.0,DOWN,0.5,0
2023-08-16,104.80999755859376,1,0.0,DOWN,0.5,0
2023-08-17,105.63999938964844,1,0.4666666666666667,DOWN,0.033333333333333326,0
2023-08-18,106.0999984741211,1,0.4444444444444444,DOWN,0.05555555555555558,0
2023-08-21,106.4800033569336,1,0.4444444444444444,DOWN,0.05555555555555558,0
2023-08-22,106.7699966430664,1,0.625,UP,0.125,1
2023-08-23,107.47000122070312,1,0.4666666666666667,DOWN,0.033333333333333326,0
2023-08-24,107.81999969482422,1,0.0,DOWN,0.5,0
2023-08-25,108.20999908447266,1,0.45454545454545453,DOWN,0.04545454545454547,0
2023-08-28,108.30999755859376,1,0.7083333333333334,UP,0.20833333333333337,1
2023-08-29,108.6500015258789,1,0.7083333333333334,UP,0.20833333333333337,1
2023-08-30,108.98999786376952,1,0.45454545454545453,DOWN,0.04545454545454547,0
2023-08-31,109.4000015258789,1,0.45454545454545453,DOWN,0.04545454545454547,0
2023-09-01,118.19000244140624,0,0.7083333333333334,UP,0.20833333333333337,0
2023-09-05,117.12999725341795,1,0.7083333333333334,UP,0.20833333333333337,1
2023-09-06,118.97000122070312,0,0.45454545454545453,DOWN,0.04545454545454547,1
2023-09-07,117.4000015258789,0,0.7083333333333334,UP,0.20833333333333337,0
2023-09-08,116.9000015258789,1,0.7083333333333334,UP,0.20833333333333337,1
2023-09-11,118.2300033569336,1,1.0,UP,0.5,1
2023-09-12,120.33000183105467,1,0.45454545454545453,DOWN,0.04545454545454547,0
2023-09-13,120.52999877929688,1,0.7083333333333334,UP,0.20833333333333337,1
2023-09-14,120.55999755859376,1,1.0,UP,0.5,1
2023-09-15,121.29000091552734,1,0.45454545454545453,DOWN,0.04545454545454547,0
2023-09-18,122.1999969482422,0,0.45454545454545453,DOWN,0.04545454545454547,1
2023-09-19,122.16000366210938,0,0.45454545454545453,DOWN,0.04545454545454547,1
2023-09-20,121.83000183105467,0,0.7083333333333334,UP,0.20833333333333337,0
2023-09-21,121.69000244140624,0,0.45454545454545453,DOWN,0.04545454545454547,1
2023-09-22,121.33000183105467,0,0.7083333333333334,UP,0.20833333333333337,0
2023-09-25,121.18000030517578,0,0.45454545454545453,DOWN,0.04545454545454547,1
2023-09-26,120.93000030517578,0,0.45454545454545453,DOWN,0.04545454545454547,1
2023-09-27,120.83999633789062,0,0.45454545454545453,DOWN,0.04545454545454547,1
2023-09-28,120.83999633789062,0,0.7083333333333334,UP,0.20833333333333337,0
2023-09-29,120.79000091552734,0,0.45454545454545453,DOWN,0.04545454545454547,1
2023-10-02,120.13999938964844,0,0.45454545454545453,DOWN,0.04545454545454547,1
2023-10-03,118.44000244140624,0,0.45454545454545453,DOWN,0.04545454545454547,1
2023-10-04,118.02999877929688,0,0.45454545454545453,DOWN,0.04545454545454547,1
2023-10-05,117.41999816894533,1,0.45454545454545453,DOWN,0.04545454545454547,0
2023-10-06,117.73999786376952,1,0.45454545454545453,DOWN,0.04545454545454547,0
2023-10-09,118.18000030517578,0,0.45454545454545453,DOWN,0.04545454545454547,1
2023-10-10,117.4000015258789,1,0.45454545454545453,DOWN,0.04545454545454547,0
2023-10-11,118.30999755859376,0,0.45454545454545453,DOWN,0.04545454545454547,1
2023-10-12,117.41999816894533,1,0.45454545454545453,DOWN,0.04545454545454547,0
2023-10-13,118.56999969482422,1,0.45454545454545453,DOWN,0.04545454545454547,0
2023-10-16,119.25,1,1.0,UP,0.5,1
2023-10-17,119.30999755859376,0,0.45454545454545453,DOWN,0.04545454545454547,1
2023-10-18,119.01000213623048,1,0.45454545454545453,DOWN,0.04545454545454547,0
2023-10-19,119.04000091552734,0,0.45454545454545453,DOWN,0.04545454545454547,1
2023-10-20,118.6500015258789,0,0.45454545454545453,DOWN,0.04545454545454547,1
2023-10-23,118.4499969482422,0,0.45454545454545453,DOWN,0.04545454545454547,1
2023-10-24,118.19000244140624,1,1.0,UP,0.5,1
2023-10-25,118.4800033569336,0,0.45454545454545453,DOWN,0.04545454545454547,1
2023-10-26,118.4499969482422,1,0.7083333333333334,UP,0.20833333333333337,1
2023-10-27,118.5500030517578,1,1.0,UP,0.5,1
2023-10-30,118.6999969482422,1,1.0,UP,0.5,1
2023-10-31,118.91000366210938,1,0.7083333333333334,UP,0.20833333333333337,1
2023-11-01,122.33000183105467,1,1.0,UP,0.5,1
2023-11-02,125.56999969482422,1,1.0,UP,0.5,1
2023-11-03,126.1500015258789,1,1.0,UP,0.5,1
2023-11-06,126.62999725341795,0,1.0,UP,0.5,0
2023-11-07,125.9499969482422,1,0.7083333333333334,UP,0.20833333333333337,1
2023-11-08,127.26000213623048,1,0.7083333333333334,UP,0.20833333333333337,1
2023-11-09,127.37999725341795,1,0.45454545454545453,DOWN,0.04545454545454547,0
2023-11-10,128.07000732421875,1,0.7083333333333334,UP,0.20833333333333337,1
2023-11-13,128.33999633789062,1,1.0,UP,0.5,1
2023-11-14,128.77999877929688,1,0.7083333333333334,UP,0.20833333333333337,1
2023-11-15,129.25,1,1.0,UP,0.5,1
2023-11-16,129.4199981689453,0,0.7083333333333334,UP,0.20833333333333337,0
2023-11-17,128.9499969482422,1,0.7083333333333334,UP,0.20833333333333337,1
2023-11-20,129.30999755859375,1,1.0,UP,0.5,1
2023-11-21,129.5500030517578,1,1.0,UP,0.5,1
2023-11-22,129.83999633789062,1,0.7083333333333334,UP,0.20833333333333337,1
2023-11-24,130.16000366210938,1,0.7222222222222222,UP,0.2222222222222222,1
2023-11-27,130.4199981689453,0,0.5909090909090909,UP,0.09090909090909094,0
2023-11-28,130.39999389648438,0,0.6742658298970354,UP,0.17426582989703543,0
2023-11-29,130.3800048828125,1,0.5909090909090909,UP,0.09090909090909094,1
2023-11-30,130.4600067138672,0,0.5909090909090909,UP,0.09090909090909094,0
2023-12-01,130.4600067138672,0,0.9991355824659939,UP,0.4991355824659939,0
2023-12-04,130.4600067138672,1,0.0,DOWN,0.5,0
2023-12-05,130.77000427246094,1,0.3333333333333333,DOWN,0.16666666666666669,0
2023-12-06,132.9199981689453,1,0.9230769230769231,UP,0.42307692307692313,1
2023-12-07,134.39999389648438,1,1.0,UP,0.5,1
2023-12-08,135.4499969482422,0,0.9230769230769231,UP,0.42307692307692313,0
2023-12-11,135.16000366210938,1,0.9230769230769231,UP,0.42307692307692313,1
2023-12-12,135.66000366210938,0,0.9230769230769231,UP,0.42307692307692313,0
2023-12-13,135.02999877929688,1,1.0,UP,0.5,1
2023-12-14,135.22000122070312,0,1.0,UP,0.5,0
2023-12-15,135.0800018310547,0,0.9230769230769231,UP,0.42307692307692313,0
2023-12-18,134.61000061035156,1,1.0,UP,0.5,1
2023-12-19,134.64999389648438,1,0.7222222222222222,UP,0.2222222222222222,1
2023-12-20,134.85000610351562,1,0.5909090909090909,UP,0.09090909090909094,1
2023-12-21,135.30999755859375,1,0.9230769230769231,UP,0.42307692307692313,1
2023-12-22,135.52000427246094,1,0.9230769230769231,UP,0.42307692307692313,1
2023-12-26,135.75,1,0.9230769230769231,UP,0.42307692307692313,1
2023-12-27,136.07000732421875,1,0.9230769230769231,UP,0.42307692307692313,1
2023-12-28,136.16000366210938,1,0.7222222222222222,UP,0.2222222222222222,1
2023-12-29,136.3699951171875,0,0.9230769230769231,UP,0.42307692307692313,0
2024-01-02,136.3699951171875,1,1.0,UP,0.5,1
2024-01-03,144.16000366210938,0,0.5909090909090909,UP,0.09090909090909094,0
2024-01-04,142.9499969482422,0,0.5909090909090909,UP,0.09090909090909094,0
2024-01-05,141.4499969482422,0,0.7222222222222222,UP,0.2222222222222222,0
2024-01-08,140.8699951171875,0,0.7222222222222222,UP,0.2222222222222222,0
2024-01-09,140.52000427246094,0,0.7222222222222222,UP,0.2222222222222222,0
2024-01-10,138.16000366210938,1,0.5909090909090909,UP,0.09090909090909094,1
2024-01-11,138.85000610351562,0,0.7222222222222222,UP,0.2222222222222222,0
2024-01-12,137.22000122070312,0,0.7222222222222222,UP,0.2222222222222222,0
2024-01-16,136.75,0,0.5909090909090909,UP,0.09090909090909094,0
2024-01-17,135.7899932861328,1,0.3684210526315789,DOWN,0.13157894736842107,0
2024-01-18,136.0800018310547,0,0.5909090909090909,UP,0.09090909090909094,0
2024-01-19,135.8800048828125,0,0.3684210526315789,DOWN,0.13157894736842107,1
2024-01-22,135.4199981689453,1,0.3684210526315789,DOWN,0.13157894736842107,0
2024-01-23,135.47999572753906,1,0.7222222222222222,UP,0.2222222222222222,1
2024-01-24,135.49000549316406,1,0.7222222222222222,UP,0.2222222222222222,1
2024-01-25,135.5399932861328,1,0.5909090909090909,UP,0.09090909090909094,1
2024-01-26,135.5500030517578,0,0.5909090909090909,UP,0.09090909090909094,0
2024-01-29,135.5500030517578,1,0.3684210526315789,DOWN,0.13157894736842107,0
2024-01-30,135.61000061035156,0,0.5909090909090909,UP,0.09090909090909094,0
2024-01-31,135.1300048828125,0,0.3684210526315789,DOWN,0.13157894736842107,1
2024-02-01,132.6699981689453,0,0.3684210526315789,DOWN,0.13157894736842107,1
2024-02-02,128.6300048828125,1,0.5909090909090909,UP,0.09090909090909094,1
2024-02-05,128.94000244140625,0,0.3684210526315789,DOWN,0.13157894736842107,1
2024-02-06,127.38999938964844,0,0.5909090909090909,UP,0.09090909090909094,0
2024-02-07,127.02999877929688,1,0.5909090909090909,UP,0.09090909090909094,1
2024-02-08,129.07000732421875,0,0.5909090909090909,UP,0.09090909090909094,0
2024-02-09,128.75,1,0.3684210526315789,DOWN,0.13157894736842107,0
2024-02-12,128.8699951171875,1,0.6268928391527211,UP,0.1268928391527211,1
2024-02-13,129.02000427246094,1,0.5909090909090909,UP,0.09090909090909094,1
2024-02-14,129.10000610351562,1,0.7222222222222222,UP,0.2222222222222222,1
2024-02-15,129.1699981689453,1,0.5909090909090909,UP,0.09090909090909094,1
2024-02-16,129.2899932861328,0,0.7222222222222222,UP,0.2222222222222222,0
2024-02-20,127.91999816894533,0,0.3684210526315789,DOWN,0.13157894736842107,1
2024-02-21,127.3000030517578,1,0.7222222222222222,UP,0.2222222222222222,1
2024-02-22,127.81999969482422,0,0.7222222222222222,UP,0.2222222222222222,0
2024-02-23,126.8499984741211,0,0.7222222222222222,UP,0.2222222222222222,0
2024-02-26,126.11000061035156,0,1.0,UP,0.5,0
2024-02-27,125.83999633789062,0,0.5640790715250652,UP,0.0640790715250652,0
2024-02-28,125.36000061035156,0,0.5590127135437932,UP,0.05901271354379323,0
2024-02-29,124.86000061035156,0,0.5599999999999999,UP,0.05999999999999994,0
2024-03-01,113.88999938964844,1,0.7894736842105263,UP,0.2894736842105263,1
2024-03-04,116.94000244140624,0,0.5652173913043478,UP,0.06521739130434778,0
2024-03-05,116.20999908447266,1,0.5652173913043478,UP,0.06521739130434778,1
2024-03-06,116.95999908447266,1,0.5652173913043478,UP,0.06521739130434778,1
2024-03-07,117.95999908447266,0,0.5652173913043478,UP,0.06521739130434778,0
2024-03-08,117.0500030517578,0,0.5652173913043478,UP,0.06521739130434778,0
2024-03-11,113.0,1,0.5652173913043478,UP,0.06521739130434778,1
2024-03-12,113.1500015258789,0,0.5599999999999999,UP,0.05999999999999994,0
2024-03-13,111.7699966430664,0,0.5599999999999999,UP,0.05999999999999994,0
2024-03-14,110.94000244140624,0,0.3333333333333333,DOWN,0.16666666666666669,1
2024-03-15,109.61000061035156,1,0.3333333333333333,DOWN,0.16666666666666669,0
2024-03-18,110.47000122070312,1,0.3333333333333333,DOWN,0.16666666666666669,0
2024-03-19,110.70999908447266,0,0.3333333333333333,DOWN,0.16666666666666669,1
2024-03-20,110.29000091552734,1,0.5599999999999999,UP,0.05999999999999994,1
2024-03-21,110.94000244140624,0,0.5599999999999999,UP,0.05999999999999994,0
2024-03-22,110.63999938964844,1,0.5599999999999999,UP,0.05999999999999994,1
2024-03-25,110.66999816894533,0,0.5599999999999999,UP,0.05999999999999994,0
2024-03-26,110.27999877929688,0,0.3333333333333333,DOWN,0.16666666666666669,1
2024-03-27,109.83999633789062,0,0.3333333333333333,DOWN,0.16666666666666669,1
2024-03-28,109.52999877929688,0,0.5599999999999999,UP,0.05999999999999994,0
2024-04-01,102.33000183105467,1,0.5599999999999999,UP,0.05999999999999994,1
2024-04-02,102.91000366210938,0,0.3333333333333333,DOWN,0.16666666666666669,1
2024-04-03,100.41000366210938,0,0.5478257173984689,UP,0.04782571739846886,0
2024-04-04,99.88999938964844,1,0.3333333333333333,DOWN,0.16666666666666669,0
2024-04-05,99.97000122070312,1,0.3333333333333333,DOWN,0.16666666666666669,0
2024-04-08,102.68000030517578,1,0.5599999999999999,UP,0.05999999999999994,1
2024-04-09,104.33000183105467,0,0.3333333333333333,DOWN,0.16666666666666669,1
2024-04-10,104.0199966430664,1,0.3333333333333333,DOWN,0.16666666666666669,0
2024-04-11,104.70999908447266,1,0.5110826005485634,UP,0.01108260054856336,1
2024-04-12,106.0500030517578,0,0.5599999999999999,UP,0.05999999999999994,0
2024-04-15,106.0500030517578,1,0.5512625414448603,UP,0.05126254144486031,1
2024-04-16,106.06999969482422,1,0.3333333333333333,DOWN,0.16666666666666669,0
2024-04-17,107.3000030517578,1,0.5599999999999999,UP,0.05999999999999994,1
2024-04-18,107.9499969482422,1,0.5599999999999999,UP,0.05999999999999994,1
2024-04-19,108.25,1,0.5599999999999999,UP,0.05999999999999994,1
2024-04-22,108.62000274658205,1,0.5599999999999999,UP,0.05999999999999994,1
2024-04-23,108.76000213623048,1,0.3333333333333333,DOWN,0.16666666666666669,0
2024-04-24,109.2300033569336,1,0.5599999999999999,UP,0.05999999999999994,1
2024-04-25,109.68000030517578,1,0.3333333333333333,DOWN,0.16666666666666669,0
2024-04-26,110.16000366210938,1,0.5291806569375053,UP,0.029180656937505267,1
2024-04-29,110.54000091552734,1,0.5579206116314537,UP,0.05792061163145368,1
2024-04-30,110.91000366210938,1,0.3333333333333333,DOWN,0.16666666666666669,0
2024-05-01,117.20999908447266,1,0.3333333333333333,DOWN,0.16666666666666669,0
2024-05-02,118.08000183105467,0,0.5599999999999999,UP,0.05999999999999994,0
2024-05-03,118.02999877929688,1,0.5599999999999999,UP,0.05999999999999994,1
2024-05-06,119.55999755859376,0,0.5599999999999999,UP,0.05999999999999994,0
2024-05-07,118.69000244140624,0,0.5599999999999999,UP,0.05999999999999994,0
2024-05-08,116.58999633789062,1,0.3333333333333333,DOWN,0.16666666666666669,0
2024-05-09,116.95999908447266,0,0.5599999999999999,UP,0.05999999999999994,0
2024-05-10,116.93000030517578,1,0.5599999999999999,UP,0.05999999999999994,1
2024-05-13,117.30999755859376,0,0.5652173913043478,UP,0.06521739130434778,0
2024-05-14,116.6500015258789,0,0.5599999999999999,UP,0.05999999999999994,0
2024-05-15,116.3000030517578,1,0.3333333333333333,DOWN,0.16666666666666669,0
2024-05-16,116.8499984741211,1,0.3333333333333333,DOWN,0.16666666666666669,0
2024-05-17,117.0199966430664,1,0.5599999999999999,UP,0.05999999999999994,1
2024-05-20,117.23999786376952,1,0.5599999999999999,UP,0.05999999999999994,1
2024-05-21,117.56999969482422,1,0.3333333333333333,DOWN,0.16666666666666669,0
2024-05-22,117.63999938964844,0,0.3333333333333333,DOWN,0.16666666666666669,1
2024-05-23,117.52999877929688,1,0.5599999999999999,UP,0.05999999999999994,1
2024-05-24,117.66000366210938,1,0.5652173913043478,UP,0.06521739130434778,1
2024-05-28,117.68000030517578,1,0.5324675324675324,UP,0.03246753246753242,1
2024-05-29,117.73999786376952,0,0.5324675324675324,UP,0.03246753246753242,0
2024-05-30,117.62000274658205,0,0.5324675324675324,UP,0.03246753246753242,0
2024-05-31,117.5199966430664,0,0.3333333333333333,DOWN,0.16666666666666669,1
2024-06-03,110.0999984741211,0,0.5324675324675324,UP,0.03246753246753242,0
2024-06-04,107.69000244140624,0,0.5324675324675324,UP,0.03246753246753242,0
2024-06-05,107.0199966430664,1,0.5324675324675324,UP,0.03246753246753242,1
2024-06-06,108.5,0,0.5324675324675324,UP,0.03246753246753242,0
2024-06-07,108.4800033569336,0,0.42296789966782466,DOWN,0.07703210033217534,1
2024-06-10,107.37999725341795,0,0.5324675324675324,UP,0.03246753246753242,0
2024-06-11,106.2699966430664,1,0.5324675324675324,UP,0.03246753246753242,1
2024-06-12,106.41999816894533,1,0.5324675324675324,UP,0.03246753246753242,1
2024-06-13,107.12000274658205,1,0.5324675324675324,UP,0.03246753246753242,1
2024-06-14,107.33000183105467,0,0.5324675324675324,UP,0.03246753246753242,0
2024-06-17,107.0500030517578,1,0.5324675324675324,UP,0.03246753246753242,1
2024-06-18,107.11000061035156,1,0.5324675324675324,UP,0.03246753246753242,1
2024-06-20,107.1500015258789,0,0.5324675324675324,UP,0.03246753246753242,0
2024-06-21,106.95999908447266,0,0.5324675324675324,UP,0.03246753246753242,0
2024-06-24,106.5500030517578,0,0.5324675324675324,UP,0.03246753246753242,0
2024-06-25,106.45999908447266,1,0.5324675324675324,UP,0.03246753246753242,1
2024-06-26,106.55999755859376,0,0.5324675324675324,UP,0.03246753246753242,0
2024-06-27,106.51000213623048,0,0.5324675324675324,UP,0.03246753246753242,0
2024-06-28,106.51000213623048,1,0.5324675324675324,UP,0.03246753246753242,1
2024-07-01,108.0,1,0.5324675324675324,UP,0.03246753246753242,1
2024-07-02,110.31999969482422,1,0.5324675324675324,UP,0.03246753246753242,1
2024-07-03,113.05999755859376,0,0.5324675324675324,UP,0.03246753246753242,0
2024-07-05,111.30999755859376,0,0.5324675324675324,UP,0.03246753246753242,0
2024-07-08,110.0199966430664,1,0.5324675324675324,UP,0.03246753246753242,1
2024-07-09,110.51000213623048,0,0.5324675324675324,UP,0.03246753246753242,0
2024-07-10,108.73999786376952,1,0.5324675324675324,UP,0.03246753246753242,1
2024-07-11,109.58000183105467,0,0.5324675324675324,UP,0.03246753246753242,0
2024-07-12,109.58000183105467,1,0.5324675324675324,UP,0.03246753246753242,1
2024-07-15,109.66999816894533,0,0.5324675324675324,UP,0.03246753246753242,0
2024-07-16,109.38999938964844,0,0.5324675324675324,UP,0.03246753246753242,0
2024-07-17,108.94000244140624,0,0.5324675324675324,UP,0.03246753246753242,0
2024-07-18,108.7300033569336,0,0.5324675324675324,UP,0.03246753246753242,0
2024-07-19,108.4499969482422,0,0.5324675324675324,UP,0.03246753246753242,0
2024-07-22,108.16000366210938,0,0.5324675324675324,UP,0.03246753246753242,0
2024-07-23,107.79000091552734,0,0.46424627742490926,DOWN,0.03575372257509074,1
2024-07-24,107.47000122070312,0,0.3707766952489501,DOWN,0.12922330475104993,1
2024-07-25,107.13999938964844,0,0.5324675324675324,UP,0.03246753246753242,0
2024-07-26,106.86000061035156,0,0.5324675324675324,UP,0.03246753246753242,0
2024-07-29,106.58999633789062,0,0.5324675324675324,UP,0.03246753246753242,0
2024-07-30,106.25,0,0.5324675324675324,UP,0.03246753246753242,0
2024-07-31,105.94000244140624,0,0.5324675324675324,UP,0.03246753246753242,0
2024-08-01,102.83000183105467,1,0.3333333333333333,DOWN,0.16666666666666669,0
2024-08-02,104.0,1,0.5324675324675324,UP,0.03246753246753242,1
2024-08-05,104.18000030517578,0,0.3797232508334571,DOWN,0.1202767491665429,1
2024-08-06,102.86000061035156,0,0.5324675324675324,UP,0.03246753246753242,0
2024-08-07,101.70999908447266,0,0.5324675324675324,UP,0.03246753246753242,0
2024-08-08,100.75,1,0.5324675324675324,UP,0.03246753246753242,1
2024-08-09,101.26000213623048,0,1.0,UP,0.5,0
2024-08-12,100.66999816894533,0,0.5324675324675324,UP,0.03246753246753242,0
2024-08-13,100.44000244140624,0,0.5324675324675324,UP,0.03246753246753242,0
2024-08-14,99.1999969482422,0,0.5324675324675324,UP,0.03246753246753242,0
2024-08-15,98.5500030517578,0,0.5324675324675324,UP,0.03246753246753242,0
2024-08-16,97.80999755859376,1,0.5324675324675324,UP,0.03246753246753242,1
2024-08-19,98.0999984741211,0,0.5324675324675324,UP,0.03246753246753242,0
2024-08-20,97.98999786376952,1,0.5324675324675324,UP,0.03246753246753242,1
2024-08-21,98.37999725341795,0,0.5324675324675324,UP,0.03246753246753242,0
2024-08-22,98.19000244140624,0,0.5324675324675324,UP,0.03246753246753242,0
2024-08-23,98.0500030517578,1,1.0,UP,0.5,1
2024-08-26,98.3000030517578,1,1.0,UP,0.5,1
2024-08-27,98.4499969482422,1,0.6666666666666666,UP,0.16666666666666663,1
2024-08-28,98.51000213623048,1,0.4166666666666667,DOWN,0.08333333333333331,0
2024-08-29,98.62999725341795,1,0.4423076923076923,DOWN,0.05769230769230771,0
2024-08-30,98.6999969482422,1,0.4423076923076923,DOWN,0.05769230769230771,0
2024-09-03,100.5500030517578,0,0.18181818181818182,DOWN,0.3181818181818182,1
2024-09-04,92.93000030517578,0,0.8209813080008714,UP,0.32098130800087143,0
2024-09-05,91.3000030517578,1,0.4423076923076923,DOWN,0.05769230769230771,0
2024-09-06,91.61000061035156,1,0.4166666666666667,DOWN,0.08333333333333331,0
2024-09-09,91.76000213623048,0,0.4423076923076923,DOWN,0.05769230769230771,1
2024-09-10,91.27999877929688,1,0.25,DOWN,0.25,0
2024-09-11,92.3000030517578,1,0.6666666666666666,UP,0.16666666666666663,1
2024-09-12,93.05999755859376,0,0.6666666666666666,UP,0.16666666666666663,0
2024-09-13,92.26000213623048,0,1.0,UP,0.5,0
2024-09-16,91.94000244140624,1,0.6666666666666666,UP,0.16666666666666663,1
2024-09-17,91.9800033569336,0,0.4423076923076923,DOWN,0.05769230769230771,1
2024-09-18,91.56999969482422,1,0.4423076923076923,DOWN,0.05769230769230771,0
2024-09-19,92.02999877929688,0,0.6666666666666666,UP,0.16666666666666663,0
2024-09-20,91.93000030517578,0,0.25,DOWN,0.25,1
2024-09-23,91.5999984741211,1,0.4423076923076923,DOWN,0.05769230769230771,0
2024-09-24,91.87999725341795,1,1.0,UP,0.5,1
2024-09-25,92.25,1,0.4423076923076923,DOWN,0.05769230769230771,0
2024-09-26,92.54000091552734,1,1.0,UP,0.5,1
2024-09-27,92.9800033569336,1,0.4423076923076923,DOWN,0.05769230769230771,0
2024-09-30,93.83000183105467,1,0.4423076923076923,DOWN,0.05769230769230771,0
2024-10-01,108.73999786376952,1,0.6666666666666666,UP,0.16666666666666663,1
2024-10-02,109.29000091552734,0,1.0,UP,0.5,0
2024-10-03,108.30999755859376,1,0.4423076923076923,DOWN,0.05769230769230771,0
2024-10-04,108.83999633789062,1,0.6666666666666666,UP,0.16666666666666663,1
2024-10-07,112.38999938964844,0,0.4423076923076923,DOWN,0.05769230769230771,1
2024-10-08,106.3000030517578,1,0.25,DOWN,0.25,0
2024-10-09,106.52999877929688,0,0.4423076923076923,DOWN,0.05769230769230771,1
2024-10-10,105.80999755859376,1,0.4423076923076923,DOWN,0.05769230769230771,0
2024-10-11,106.44000244140624,1,0.4423076923076923,DOWN,0.05769230769230771,0
2024-10-14,107.11000061035156,0,0.4423076923076923,DOWN,0.05769230769230771,1
2024-10-15,106.62999725341795,0,0.4166666666666667,DOWN,0.08333333333333331,1
2024-10-16,106.1999969482422,0,0.4423076923076923,DOWN,0.05769230769230771,1
2024-10-17,105.36000061035156,1,0.4423076923076923,DOWN,0.05769230769230771,0
2024-10-18,105.37000274658205,0,0.4423076923076923,DOWN,0.05769230769230771,1
2024-10-21,105.2300033569336,0,0.25,DOWN,0.25,1
2024-10-22,104.94000244140624,0,0.4423076923076923,DOWN,0.05769230769230771,1
2024-10-23,104.62000274658205,0,0.4166666666666667,DOWN,0.08333333333333331,1
2024-10-24,104.4000015258789,0,0.4423076923076923,DOWN,0.05769230769230771,1
2024-10-25,104.2300033569336,0,0.4166666666666667,DOWN,0.08333333333333331,1
2024-10-28,104.1500015258789,0,0.4423076923076923,DOWN,0.05769230769230771,1
2024-10-29,104.08999633789062,0,0.4423076923076923,DOWN,0.05769230769230771,1
2024-10-30,104.08000183105467,0,0.4166666666666667,DOWN,0.08333333333333331,1
2024-10-31,104.08000183105467,0,0.4166666666666667,DOWN,0.08333333333333331,1
2024-11-01,102.48999786376952,1,0.4423076923076923,DOWN,0.05769230769230771,0
2024-11-04,103.91000366210938,1,0.4423076923076923,DOWN,0.05769230769230771,0
2024-11-05,105.08999633789062,0,0.4423076923076923,DOWN,0.05769230769230771,1
2024-11-06,104.01000213623048,1,0.4166666666666667,DOWN,0.08333333333333331,0
2024-11-07,105.22000122070312,0,1.0,UP,0.5,0
2024-11-08,103.81999969482422,0,0.18181818181818182,DOWN,0.3181818181818182,1
2024-11-11,103.0999984741211,0,0.18181818181818182,DOWN,0.3181818181818182,1
2024-11-12,102.95999908447266,0,0.25,DOWN,0.25,1
2024-11-13,102.87999725341795,0,0.25,DOWN,0.25,1
2024-11-14,102.22000122070312,0,0.18181818181818182,DOWN,0.3181818181818182,1
2024-11-15,101.62999725341795,1,0.4423076923076923,DOWN,0.05769230769230771,0
2024-11-18,101.76000213623048,1,0.4423076923076923,DOWN,0.05769230769230771,0
2024-11-19,101.88999938964844,1,0.4423076923076923,DOWN,0.05769230769230771,0
2024-11-20,101.9499969482422,1,0.4423076923076923,DOWN,0.05769230769230771,0
2024-11-21,102.0199966430664,0,0.4423076923076923,DOWN,0.05769230769230771,1
2024-11-22,101.9499969482422,1,0.4423076923076923,DOWN,0.05769230769230771,0
2024-11-25,102.01000213623048,1,0.5714285714285714,UP,0.0714285714285714,1
2024-11-26,102.05999755859376,1,0.4117647058823529,DOWN,0.08823529411764708,0
2024-11-27,102.16999816894533,1,0.47368421052631576,DOWN,0.026315789473684237,0
2024-11-29,102.44000244140624,1,0.47368421052631576,DOWN,0.026315789473684237,0
2024-12-02,105.31999969482422,1,0.5714285714285714,UP,0.0714285714285714,1
2024-12-03,106.08000183105467,1,0.47368421052631576,DOWN,0.026315789473684237,0
2024-12-04,106.29000091552734,0,0.47368421052631576,DOWN,0.026315789473684237,1
2024-12-05,106.29000091552734,0,0.47368421052631576,DOWN,0.026315789473684237,1
2024-12-06,104.11000061035156,1,0.47368421052631576,DOWN,0.026315789473684237,0
2024-12-09,106.33999633789062,0,0.5714285714285714,UP,0.0714285714285714,0
2024-12-10,105.62999725341795,0,0.5714285714285714,UP,0.0714285714285714,0
2024-12-11,105.5199966430664,0,0.4536098656400894,DOWN,0.04639013435991057,1
2024-12-12,105.48999786376952,0,0.4117647058823529,DOWN,0.08823529411764708,1
2024-12-13,105.30999755859376,1,0.14285714285714285,DOWN,0.35714285714285715,0
2024-12-16,105.41000366210938,1,0.2857142857142857,DOWN,0.2142857142857143,0
2024-12-17,105.58000183105467,0,0.14285714285714285,DOWN,0.35714285714285715,1
2024-12-18,104.7300033569336,0,0.08007251420969387,DOWN,0.41992748579030614,1
2024-12-19,104.08000183105467,0,0.14285714285714285,DOWN,0.35714285714285715,1
2024-12-20,103.83999633789062,0,0.4117647058823529,DOWN,0.08823529411764708,1
2024-12-23,103.83999633789062,1,0.4117647058823529,DOWN,0.08823529411764708,0
2024-12-24,104.08000183105467,0,0.4117647058823529,DOWN,0.08823529411764708,1
2024-12-26,104.08000183105467,0,0.4117647058823529,DOWN,0.08823529411764708,1
2024-12-27,103.9000015258789,0,0.4117647058823529,DOWN,0.08823529411764708,1
2024-12-30,103.77999877929688,0,0.4117647058823529,DOWN,0.08823529411764708,1
2024-12-31,103.61000061035156,0,0.4117647058823529,DOWN,0.08823529411764708,1
2025-01-02,100.61000061035156,0,0.4117647058823529,DOWN,0.08823529411764708,1
2025-01-03,99.44000244140624,0,0.14065430559789888,DOWN,0.3593456944021011,1
2025-01-06,99.44000244140624,0,0.4117647058823529,DOWN,0.08823529411764708,1
2025-01-07,97.83999633789062,0,0.47368421052631576,DOWN,0.026315789473684237,1
2025-01-08,97.73999786376952,1,0.14285714285714285,DOWN,0.35714285714285715,0
2025-01-09,98.08999633789062,0,0.2857142857142857,DOWN,0.2142857142857143,1
2025-01-10,98.08999633789062,1,0.4117647058823529,DOWN,0.08823529411764708,0
2025-01-13,98.72000122070312,1,0.4117647058823529,DOWN,0.08823529411764708,0
2025-01-14,99.98999786376952,1,0.4059076255227743,DOWN,0.09409237447722568,0
2025-01-15,100.1999969482422,1,0.5714285714285714,UP,0.0714285714285714,1
2025-01-16,100.48999786376952,1,0.5714285714285714,UP,0.0714285714285714,1
2025-01-17,101.20999908447266,0,0.5714285714285714,UP,0.0714285714285714,0
2025-01-21,101.20999908447266,1,0.5714285714285714,UP,0.0714285714285714,1
2025-01-22,101.4000015258789,0,0.4117647058823529,DOWN,0.08823529411764708,1
2025-01-23,101.33999633789062,0,0.47368421052631576,DOWN,0.026315789473684237,1
2025-01-24,101.33999633789062,0,0.5714285714285714,UP,0.0714285714285714,0
2025-01-27,101.33999633789062,0,0.47368421052631576,DOWN,0.026315789473684237,1
2025-01-28,101.3000030517578,1,0.2857142857142857,DOWN,0.2142857142857143,0
2025-01-29,101.33000183105467,0,0.5714285714285714,UP,0.0714285714285714,0
2025-01-30,101.33000183105467,1,0.5714285714285714,UP,0.0714285714285714,1
2025-01-31,101.58999633789062,1,0.4117647058823529,DOWN,0.08823529411764708,0
2025-02-03,105.0199966430664,1,0.5714285714285714,UP,0.0714285714285714,1
2025-02-04,105.4000015258789,0,0.5714285714285714,UP,0.0714285714285714,0
2025-02-05,104.80999755859376,1,0.47368421052631576,DOWN,0.026315789473684237,0
2025-02-06,106.2300033569336,1,0.5833333333333334,UP,0.08333333333333337,1
2025-02-07,106.37000274658205,1,0.5714285714285714,UP,0.0714285714285714,1
2025-02-10,106.97000122070312,0,0.5833333333333334,UP,0.08333333333333337,0
2025-02-11,106.31999969482422,1,0.47368421052631576,DOWN,0.026315789473684237,0
2025-02-12,107.26000213623048,0,0.5714285714285714,UP,0.0714285714285714,0
2025-02-13,106.7699966430664,1,0.5714285714285714,UP,0.0714285714285714,1
2025-02-14,106.83000183105467,0,0.5833333333333334,UP,0.08333333333333337,0
2025-02-18,106.73999786376952,1,0.5833333333333334,UP,0.08333333333333337,1
2025-02-19,106.76000213623048,1,0.5714285714285714,UP,0.0714285714285714,1
2025-02-20,107.0,1,0.5833333333333334,UP,0.08333333333333337,1
2025-02-21,107.12999725341795,1,0.5714285714285714,UP,0.0714285714285714,1
2025-02-24,107.19000244140624,0,0.47368421052631576,DOWN,0.026315789473684237,1
2025-02-25,107.16999816894533,0,0.47368421052631576,DOWN,0.026315789473684237,1
2025-02-26,107.1500015258789,0,0.47368421052631576,DOWN,0.026315789473684237,1
2025-02-27,107.06999969482422,0,0.4230769230769231,DOWN,0.07692307692307693,1
2025-02-28,106.9000015258789,0,0.4230769230769231,DOWN,0.07692307692307693,1
2025-03-03,100.80999755859376,1,0.6153846153846154,UP,0.11538461538461542,1
2025-03-04,101.61000061035156,0,0.6153846153846154,UP,0.11538461538461542,0
2025-03-05,100.72000122070312,1,0.6666666666666666,UP,0.16666666666666663,1
2025-03-06,101.23999786376952,1,0.6153846153846154,UP,0.11538461538461542,1
2025-03-07,101.29000091552734,0,0.6153846153846154,UP,0.11538461538461542,0
2025-03-10,100.98999786376952,1,0.4230769230769231,DOWN,0.07692307692307693,0
2025-03-11,101.0500030517578,1,0.6153846153846154,UP,0.11538461538461542,1
2025-03-12,101.44000244140624,1,0.5,UP,0.0,1
2025-03-13,102.16000366210938,1,0.6153846153846154,UP,0.11538461538461542,1
2025-03-14,102.8499984741211,0,0.6666666666666666,UP,0.16666666666666663,0
2025-03-17,102.31999969482422,1,0.6153846153846154,UP,0.11538461538461542,1
2025-03-18,102.41999816894533,0,0.6153846153846154,UP,0.11538461538461542,0
2025-03-19,102.11000061035156,1,0.6153846153846154,UP,0.11538461538461542,1
2025-03-20,102.1500015258789,0,0.4230769230769231,DOWN,0.07692307692307693,1
2025-03-21,102.0,1,0.4230769230769231,DOWN,0.07692307692307693,0
2025-03-24,102.20999908447266,0,0.4230769230769231,DOWN,0.07692307692307693,1
2025-03-25,102.18000030517578,1,0.6153846153846154,UP,0.11538461538461542,1
2025-03-26,102.25,1,0.5478357542861432,UP,0.04783575428614317,1
2025-03-27,102.36000061035156,1,0.6153846153846154,UP,0.11538461538461542,1
2025-03-28,102.43000030517578,1,0.4230769230769231,DOWN,0.07692307692307693,0
2025-03-31,102.51000213623048,0,0.4230769230769231,DOWN,0.07692307692307693,1
2025-04-01,102.20999908447266,1,0.6666666666666666,UP,0.16666666666666663,1
2025-04-02,104.25,0,0.25,DOWN,0.25,1
2025-04-03,104.18000030517578,0,0.0,DOWN,0.5,1
2025-04-04,102.63999938964844,0,0.0,DOWN,0.5,1
2025-04-07,100.8499984741211,0,0.0,DOWN,0.5,1
2025-04-08,99.25,0,0.0,DOWN,0.5,1
2025-04-09,99.0500030517578,1,0.6153846153846154,UP,0.11538461538461542,1
2025-04-10,99.88999938964844,1,0.4230769230769231,DOWN,0.07692307692307693,0
2025-04-11,99.9499969482422,1,0.6153846153846154,UP,0.11538461538461542,1
2025-04-14,100.08000183105467,1,0.6153846153846154,UP,0.11538461538461542,1
2025-04-15,100.19000244140624,0,0.6153846153846154,UP,0.11538461538461542,0
2025-04-16,100.08000183105467,0,0.4230769230769231,DOWN,0.07692307692307693,1
2025-04-17,100.0500030517578,0,0.6153846153846154,UP,0.11538461538461542,0
2025-04-21,99.91999816894533,0,0.6153846153846154,UP,0.11538461538461542,0
2025-04-22,99.87999725341795,1,0.6153846153846154,UP,0.11538461538461542,1
2025-04-23,100.08999633789062,0,0.6153846153846154,UP,0.11538461538461542,0
2025-04-24,99.9800033569336,0,0.655268661888264,UP,0.15526866188826405,0
2025-04-25,99.91999816894533,0,0.5319623996681278,UP,0.03196239966812775,0
2025-04-28,99.91000366210938,0,0.6153846153846154,UP,0.11538461538461542,0
2025-04-29,99.86000061035156,0,0.6153846153846154,UP,0.11538461538461542,0
2025-04-30,99.76000213623048,0,0.4230769230769231,DOWN,0.07692307692307693,1
2025-05-01,99.25,0,0.25,DOWN,0.25,1
2025-05-02,98.19000244140624,0,0.6153846153846154,UP,0.11538461538461542,0
2025-05-05,97.41000366210938,1,0.6153846153846154,UP,0.11538461538461542,1
2025-05-06,98.62999725341795,1,0.6153846153846154,UP,0.11538461538461542,1
2025-05-07,99.33000183105467,0,0.6153846153846154,UP,0.11538461538461542,0
2025-05-08,98.2300033569336,1,0.4230769230769231,DOWN,0.07692307692307693,0
2025-05-09,98.5500030517578,1,0.4230769230769231,DOWN,0.07692307692307693,0
2025-05-12,99.75,0,0.632806911772685,UP,0.132806911772685,0
2025-05-13,99.51000213623048,1,0.6153846153846154,UP,0.11538461538461542,1
2025-05-14,100.75,0,0.6153846153846154,UP,0.11538461538461542,0
2025-05-15,100.41999816894533,0,0.4230769230769231,DOWN,0.07692307692307693,1
2025-05-16,100.08000183105467,0,0.4230769230769231,DOWN,0.07692307692307693,1
2025-05-19,100.0,1,0.4230769230769231,DOWN,0.07692307692307693,0
2025-05-20,100.0500030517578,0,0.6153846153846154,UP,0.11538461538461542,0
2025-05-21,100.0500030517578,0,0.25,DOWN,0.25,1
2025-05-22,99.88999938964844,0,0.3333333333333333,DOWN,0.16666666666666669,1
2025-05-23,99.80999755859376,0,0.4230769230769231,DOWN,0.07692307692307693,1
2025-05-27,99.4800033569336,0,0.3333333333333333,DOWN,0.16666666666666669,1
2025-05-28,99.38999938964844,0,0.0,DOWN,0.5,1
2025-05-29,99.2699966430664,0,0.45714285714285713,DOWN,0.04285714285714287,1
2025-05-30,99.12000274658205,0,0.0,DOWN,0.5,1
2025-06-02,95.9499969482422,0,0.45714285714285713,DOWN,0.04285714285714287,1
2025-06-03,95.3000030517578,1,0.45714285714285713,DOWN,0.04285714285714287,0
2025-06-04,96.26000213623048,0,0.45714285714285713,DOWN,0.04285714285714287,1
2025-06-05,95.6999969482422,1,0.45714285714285713,DOWN,0.04285714285714287,0
2025-06-06,96.18000030517578,0,0.45714285714285713,DOWN,0.04285714285714287,1
2025-06-09,95.62000274658205,0,0.45714285714285713,DOWN,0.04285714285714287,1
2025-06-10,95.47000122070312,1,0.5882352941176471,UP,0.08823529411764708,1
2025-06-11,95.77999877929688,0,0.45714285714285713,DOWN,0.04285714285714287,1
2025-06-12,95.45999908447266,0,0.45714285714285713,DOWN,0.04285714285714287,1
2025-06-13,95.37999725341795,0,0.2,DOWN,0.3,1
2025-06-16,95.2300033569336,0,0.5882352941176471,UP,0.08823529411764708,0
2025-06-17,94.86000061035156,0,0.01878309178006205,DOWN,0.48121690821993796,1
2025-06-18,94.70999908447266,1,0.45714285714285713,DOWN,0.04285714285714287,0
2025-06-20,94.7699966430664,0,0.2,DOWN,0.3,1
2025-06-23,94.75,0,0.45714285714285713,DOWN,0.04285714285714287,1
2025-06-24,94.62999725341795,0,0.45714285714285713,DOWN,0.04285714285714287,1
2025-06-25,94.5199966430664,0,0.2,DOWN,0.3,1
2025-06-26,94.4800033569336,1,0.5882352941176471,UP,0.08823529411764708,1
2025-06-27,94.48999786376952,0,0.5882352941176471,UP,0.08823529411764708,0
2025-06-30,94.47000122070312,0,0.45714285714285713,DOWN,0.04285714285714287,1
2025-07-01,93.41000366210938,1,0.45714285714285713,DOWN,0.04285714285714287,0
2025-07-02,95.12999725341795,1,1.0,UP,0.5,1
2025-07-03,96.23999786376952,0,0.5882352941176471,UP,0.08823529411764708,0
2025-07-07,95.22000122070312,1,0.2,DOWN,0.3,0
2025-07-08,95.5500030517578,0,0.5882352941176471,UP,0.08823529411764708,0
2025-07-09,95.31999969482422,1,0.5882352941176471,UP,0.08823529411764708,1
2025-07-10,96.76000213623048,0,0.5882352941176471,UP,0.08823529411764708,0
2025-07-11,96.70999908447266,1,0.45714285714285713,DOWN,0.04285714285714287,0
2025-07-14,96.76000213623048,0,0.45714285714285713,DOWN,0.04285714285714287,1
2025-07-15,96.5,1,0.45714285714285713,DOWN,0.04285714285714287,0
2025-07-16,97.05999755859376,1,0.45714285714285713,DOWN,0.04285714285714287,0
2025-07-17,97.18000030517578,1,0.45714285714285713,DOWN,0.04285714285714287,0
2025-07-18,97.22000122070312,1,0.45714285714285713,DOWN,0.04285714285714287,0
2025-07-21,97.83999633789062,1,0.5882352941176471,UP,0.08823529411764708,1
2025-07-22,98.11000061035156,1,1.0,UP,0.5,1
2025-07-23,98.2699966430664,1,0.5882352941176471,UP,0.08823529411764708,1
2025-07-24,98.58000183105467,0,0.45714285714285713,DOWN,0.04285714285714287,1
2025-07-25,98.5500030517578,1,0.45714285714285713,DOWN,0.04285714285714287,0
2025-07-28,98.66999816894533,1,0.2,DOWN,0.3,0
2025-07-29,98.9800033569336,1,0.45714285714285713,DOWN,0.04285714285714287,0
2025-07-30,99.06999969482422,1,0.0,DOWN,0.5,0
2025-07-31,99.12000274658205,1,0.0,DOWN,0.5,0
2025-08-01,99.56999969482422,1,0.0,DOWN,0.5,0
2025-08-04,100.7699966430664,1,0.45714285714285713,DOWN,0.04285714285714287,0
2025-08-05,101.36000061035156,0,0.45714285714285713,DOWN,0.04285714285714287,1
2025-08-06,100.91999816894533,1,0.2,DOWN,0.3,0
2025-08-07,101.20999908447266,1,0.5882352941176471,UP,0.08823529411764708,1
2025-08-08,101.22000122070312,1,0.5882352941176471,UP,0.08823529411764708,1
2025-08-11,101.95999908447266,1,0.45714285714285713,DOWN,0.04285714285714287,0
2025-08-12,102.41000366210938,0,0.5882352941176471,UP,0.08823529411764708,0
2025-08-13,102.02999877929688,0,0.45714285714285713,DOWN,0.04285714285714287,1
2025-08-14,101.83000183105467,0,0.45714285714285713,DOWN,0.04285714285714287,1
2025-08-15,101.58999633789062,1,0.0,DOWN,0.5,0
2025-08-18,101.62000274658205,0,0.45714285714285713,DOWN,0.04285714285714287,1
2025-08-19,101.56999969482422,0,0.0,DOWN,0.5,1
2025-08-20,101.5199966430664,1,0.2,DOWN,0.3,0
2025-08-21,101.56999969482422,0,0.45714285714285713,DOWN,0.04285714285714287,1
2025-08-22,101.41999816894533,1,0.5882352941176471,UP,0.08823529411764708,1
2025-08-25,101.5999984741211,0,0.5882352941176471,UP,0.08823529411764708,0
2025-08-26,101.52999877929688,1,0.45714285714285713,DOWN,0.04285714285714287,0
2025-08-27,101.58999633789062,1,0.45714285714285713,DOWN,0.04285714285714287,0
2025-08-28,101.70999908447266,1,0.5,UP,0.0,1
2025-08-29,101.80999755859376,1,0.4838709677419355,DOWN,0.016129032258064502,0
2025-09-02,102.52999877929688,1,0.4838709677419355,DOWN,0.016129032258064502,0
2025-09-03,103.23999786376952,1,0.4838709677419355,DOWN,0.016129032258064502,0
2025-09-04,104.52999877929688,0,0.4838709677419355,DOWN,0.016129032258064502,1
2025-09-05,104.48999786376952,1,0.4838709677419355,DOWN,0.016129032258064502,0
2025-09-08,104.93000030517578,1,0.4838709677419355,DOWN,0.016129032258064502,0
2025-09-09,106.08000183105467,0,0.5,UP,0.0,0
2025-09-10,105.8000030517578,0,0.4838709677419355,DOWN,0.016129032258064502,1
2025-09-11,105.18000030517578,1,0.4838709677419355,DOWN,0.016129032258064502,0
2025-09-12,105.43000030517578,0,0.47058823529411764,DOWN,0.02941176470588236,1
2025-09-15,105.30999755859376,1,0.4838709677419355,DOWN,0.016129032258064502,0
2025-09-16,105.41999816894533,0,0.4838709677419355,DOWN,0.016129032258064502,1
2025-09-17,105.3000030517578,0,0.47058823529411764,DOWN,0.02941176470588236,1
2025-09-18,105.23999786376952,1,0.47058823529411764,DOWN,0.02941176470588236,0
2025-09-19,105.44000244140624,1,0.4838709677419355,DOWN,0.016129032258064502,0
2025-09-22,105.48999786376952,0,0.4838709677419355,DOWN,0.016129032258064502,1
2025-09-23,105.48999786376952,1,0.47058823529411764,DOWN,0.02941176470588236,0
2025-09-24,105.54000091552734,0,0.4838709677419355,DOWN,0.016129032258064502,1
2025-09-25,105.54000091552734,0,0.4838709677419355,DOWN,0.016129032258064502,1
2025-09-26,105.44000244140624,0,0.3333333333333333,DOWN,0.16666666666666669,1
2025-09-29,105.3499984741211,0,0.4838709677419355,DOWN,0.016129032258064502,1
2025-09-30,105.29000091552734,0,0.47058823529411764,DOWN,0.02941176470588236,1
2025-10-01,104.0199966430664,1,0.47058823529411764,DOWN,0.02941176470588236,0
2025-10-02,104.0999984741211,1,0.4838709677419355,DOWN,0.016129032258064502,0
2025-10-03,104.36000061035156,1,0.4838709677419355,DOWN,0.016129032258064502,0
2025-10-06,104.4800033569336,0,0.4838709677419355,DOWN,0.016129032258064502,1
2025-10-07,104.22000122070312,1,0.4838709677419355,DOWN,0.016129032258064502,0
2025-10-08,104.29000091552734,1,0.4838709677419355,DOWN,0.016129032258064502,0
2025-10-09,104.86000061035156,1,0.4838709677419355,DOWN,0.016129032258064502,0
2025-10-10,105.73999786376952,1,0.3333333333333333,DOWN,0.16666666666666669,0
2025-10-13,106.52999877929688,0,0.5,UP,0.0,0
2025-10-14,105.25,1,0.3333333333333333,DOWN,0.16666666666666669,0
2025-10-15,105.5500030517578,1,0.4838709677419355,DOWN,0.016129032258064502,0
2025-10-16,105.55999755859376,0,0.47058823529411764,DOWN,0.02941176470588236,1
2025-10-17,105.3499984741211,1,0.47058823529411764,DOWN,0.02941176470588236,0
2025-10-20,105.5,1,0.5,UP,0.0,1
2025-10-21,105.52999877929688,1,0.3333333333333333,DOWN,0.16666666666666669,0
2025-10-22,105.5500030517578,0,0.4838709677419355,DOWN,0.016129032258064502,1
2025-10-23,105.5500030517578,0,0.4838709677419355,DOWN,0.016129032258064502,1
2025-10-24,105.41000366210938,1,0.4838709677419355,DOWN,0.016129032258064502,0
2025-10-27,105.56999969482422,0,0.5,UP,0.0,0
2025-10-28,105.55999755859376,1,0.5,UP,0.0,1
2025-10-29,105.66000366210938,1,0.4838709677419355,DOWN,0.016129032258064502,0
2025-10-30,105.7300033569336,1,0.47058823529411764,DOWN,0.02941176470588236,0
2025-10-31,105.83000183105467,1,0.4838709677419355,DOWN,0.016129032258064502,0
2025-11-03,105.83999633789062,0,0.3333333333333333,DOWN,0.16666666666666669,1
2025-11-04,104.5199966430664,1,0.3333333333333333,DOWN,0.16666666666666669,0
2025-11-05,104.7300033569336,1,0.47058823529411764,DOWN,0.02941176470588236,0
2025-11-06,105.08000183105467,0,0.3333333333333333,DOWN,0.16666666666666669,1
2025-11-07,103.33999633789062,1,0.47058823529411764,DOWN,0.02941176470588236,0
2025-11-10,103.97000122070312,0,0.4838709677419355,DOWN,0.016129032258064502,1
2025-11-11,103.55999755859376,1,0.4838709677419355,DOWN,0.016129032258064502,0
2025-11-12,104.16999816894533,0,0.5,UP,0.0,0
2025-11-13,104.0500030517578,0,0.4838709677419355,DOWN,0.016129032258064502,1
2025-11-14,103.9499969482422,1,0.4838709677419355,DOWN,0.016129032258064502,0
2025-11-17,104.41999816894533,0,0.47058823529411764,DOWN,0.02941176470588236,1
2025-11-18,104.30999755859376,0,0.47058823529411764,DOWN,0.02941176470588236,1
2025-11-19,104.26000213623048,0,0.47058823529411764,DOWN,0.02941176470588236,1
2025-11-20,104.23999786376952,1,0.3333333333333333,DOWN,0.16666666666666669,0
2025-11-21,104.26000213623048,1,0.4838709677419355,DOWN,0.016129032258064502,0
2025-11-24,104.41999816894533,1,0.4838709677419355,DOWN,0.016129032258064502,0
2025-11-25,104.51000213623048,1,0.5,UP,0.0,1
2025-11-26,104.62999725341795,1,0.6176470588235294,UP,0.11764705882352944,1
2025-11-28,104.83999633789062,1,0.6176470588235294,UP,0.11764705882352944,1
2025-12-01,106.94000244140624,1,0.6176470588235294,UP,0.11764705882352944,1
2025-12-02,107.3499984741211,1,0.6176470588235294,UP,0.11764705882352944,1
2025-12-03,107.7699966430664,1,0.6176470588235294,UP,0.11764705882352944,1
2025-12-04,107.87999725341795,0,0.6176470588235294,UP,0.11764705882352944,0
2025-12-05,107.23999786376952,0,0.6176470588235294,UP,0.11764705882352944,0
2025-12-08,106.41999816894533,0,0.5918367346938775,UP,0.09183673469387754,0
2025-12-09,106.29000091552734,1,0.5918367346938775,UP,0.09183673469387754,1
2025-12-10,106.66000366210938,0,0.6176470588235294,UP,0.11764705882352944,0
2025-12-11,106.20999908447266,0,0.6176470588235294,UP,0.11764705882352944,0
2025-12-12,106.0500030517578,1,0.5918367346938775,UP,0.09183673469387754,1
2025-12-15,106.0999984741211,1,0.5918367346938775,UP,0.09183673469387754,1
2025-12-16,106.36000061035156,1,0.6176470588235294,UP,0.11764705882352944,1
2025-12-17,106.61000061035156,1,0.6176470588235294,UP,0.11764705882352944,1
2025-12-18,106.9000015258789,1,0.5918367346938775,UP,0.09183673469387754,1
2025-12-19,106.91999816894533,1,0.6176470588235294,UP,0.11764705882352944,1
2025-12-22,106.94000244140624,1,0.6176470588235294,UP,0.11764705882352944,1
2025-12-23,106.9499969482422,0,0.6176470588235294,UP,0.11764705882352944,0
2025-12-24,106.94000244140624,1,0.5918367346938775,UP,0.09183673469387754,1
2025-12-26,106.98999786376952,1,0.6176470588235294,UP,0.11764705882352944,1
2025-12-29,107.08000183105467,1,0.5918367346938775,UP,0.09183673469387754,1
2025-12-30,107.12999725341795,0,0.6176470588235294,UP,0.11764705882352944,0
2025-12-31,107.12999725341795,1,0.5918367346938775,UP,0.09183673469387754,1
2026-01-02,107.16999816894533,0,0.5918367346938775,UP,0.09183673469387754,0
2026-01-05,106.12999725341795,1,0.6176470588235294,UP,0.11764705882352944,1
2026-01-06,106.79000091552734,1,0.6176470588235294,UP,0.11764705882352944,1
2026-01-07,108.4800033569336,0,0.6176470588235294,UP,0.11764705882352944,0
2026-01-08,107.6500015258789,1,0.6176470588235294,UP,0.11764705882352944,1
2026-01-09,108.02999877929688,1,0.6176470588235294,UP,0.11764705882352944,1
2026-01-12,108.25,0,0.6176470588235294,UP,0.11764705882352944,0
2026-01-13,107.9000015258789,0,0.6176470588235294,UP,0.11764705882352944,0
2026-01-14,107.68000030517578,0,0.6176470588235294,UP,0.11764705882352944,0
2026-01-15,107.38999938964844,0,0.5918367346938775,UP,0.09183673469387754,0
2026-01-16,107.1500015258789,0,0.5918367346938775,UP,0.09183673469387754,0
2026-01-20,106.54000091552734,0,0.5918367346938775,UP,0.09183673469387754,0
2026-01-21,106.45999908447266,0,0.5918367346938775,UP,0.09183673469387754,0
2026-01-22,106.41999816894533,0,0.5918367346938775,UP,0.09183673469387754,0
2026-01-23,106.36000061035156,0,0.6176470588235294,UP,0.11764705882352944,0
2026-01-26,106.1500015258789,0,0.5918367346938775,UP,0.09183673469387754,0
2026-01-27,106.02999877929688,0,0.6176470588235294,UP,0.11764705882352944,0
2026-01-28,105.8499984741211,0,0.6176470588235294,UP,0.11764705882352944,0
2026-01-29,105.7699966430664,0,0.6176470588235294,UP,0.11764705882352944,0
2026-01-30,105.62000274658205,0,0.5918367346938775,UP,0.09183673469387754,0
2026-02-02,102.66000366210938,0,0.6176470588235294,UP,0.11764705882352944,0
2026-02-03,102.16000366210938,1,0.6176470588235294,UP,0.11764705882352944,1
2026-02-04,102.16999816894533,0,0.6176470588235294,UP,0.11764705882352944,0
2026-02-05,101.02999877929688,0,0.5918367346938775,UP,0.09183673469387754,0
2026-02-06,100.11000061035156,1,0.6176470588235294,UP,0.11764705882352944,1
2026-02-09,100.62999725341795,1,0.6176470588235294,UP,0.11764705882352944,1
2026-02-10,100.83999633789062,0,0.6176470588235294,UP,0.11764705882352944,0
2026-02-11,100.58999633789062,0,0.6176470588235294,UP,0.11764705882352944,0
2026-02-12,100.37000274658205,0,0.5918367346938775,UP,0.09183673469387754,0
2026-02-13,99.66000366210938,1,0.6176470588235294,UP,0.11764705882352944,1
2026-02-17,99.73999786376952,0,0.5918367346938775,UP,0.09183673469387754,0
2026-02-18,99.73999786376952,0,0.6176470588235294,UP,0.11764705882352944,0
2026-02-19,99.61000061035156,0,0.6176470588235294,UP,0.11764705882352944,0
2026-02-20,99.33000183105467,0,0.6176470588235294,UP,0.11764705882352944,0
2026-02-23,99.2699966430664,0,0.6176470588235294,UP,0.11764705882352944,0
2026-02-24,99.1500015258789,0,0.6176470588235294,UP,0.11764705882352944,0
2026-02-25,99.06999969482422,0,0.6176470588235294,UP,0.11764705882352944,0
2026-02-26,99.02999877929688,1,0.5918367346938775,UP,0.09183673469387754,1
2026-02-27,99.05999755859376,1,0.5918367346938775,UP,0.09183673469387754,1
2026-03-02,99.80999755859376,0,0.47058823529411764,DOWN,0.02941176470588236,1
2026-03-03,99.56999969482422,1,0.4117647058823529,DOWN,0.08823529411764708,0
2026-03-04,100.05999755859376,1,0.47058823529411764,DOWN,0.02941176470588236,0
2026-03-05,100.88999938964844,1,0.47058823529411764,DOWN,0.02941176470588236,0
2026-03-06,101.91000366210938,1,0.47058823529411764,DOWN,0.02941176470588236,0
2026-03-09,102.9000015258789,1,0.47058823529411764,DOWN,0.02941176470588236,0
2026-03-10,103.22000122070312,1,0.4117647058823529,DOWN,0.08823529411764708,0
2026-03-11,103.52999877929688,1,0.4117647058823529,DOWN,0.08823529411764708,0
2026-03-12,104.72000122070312,1,0.47058823529411764,DOWN,0.02941176470588236,0
2026-03-13,105.13999938964844,1,0.4117647058823529,DOWN,0.08823529411764708,0
2026-03-16,105.33999633789062,1,0.47058823529411764,DOWN,0.02941176470588236,0
2026-03-17,105.7699966430664,0,0.47058823529411764,DOWN,0.02941176470588236,1
2026-03-18,105.54000091552734,1,0.4117647058823529,DOWN,0.08823529411764708,0
2026-03-19,105.63999938964844,1,0.47058823529411764,DOWN,0.02941176470588236,0
2026-03-20,105.88999938964844,1,0.4117647058823529,DOWN,0.08823529411764708,0
2026-03-23,106.0,1,0.5,UP,0.0,1
2026-03-24,106.0999984741211,0,0.4117647058823529,DOWN,0.08823529411764708,1
2026-03-25,106.0199966430664,1,0.47058823529411764,DOWN,0.02941176470588236,0
2026-03-26,106.13999938964844,1,0.4117647058823529,DOWN,0.08823529411764708,0
2026-03-27,106.22000122070312,1,0.4117647058823529,DOWN,0.08823529411764708,0
2026-03-30,106.31999969482422,1,0.47058823529411764,DOWN,0.02941176470588236,0
2026-03-31,106.37999725341795,1,0.47058823529411764,DOWN,0.02941176470588236,0
2026-04-01,107.51000213623048,0,0.47058823529411764,DOWN,0.02941176470588236,1
2026-04-02,107.4499969482422,1,0.47058823529411764,DOWN,0.02941176470588236,0
2026-04-06,107.97000122070312,1,0.47058823529411764,DOWN,0.02941176470588236,0
2026-04-07,108.31999969482422,0,0.4117647058823529,DOWN,0.08823529411764708,1
2026-04-08,107.83000183105467,0,0.47058823529411764,DOWN,0.02941176470588236,1
2026-04-09,106.2699966430664,1,0.47058823529411764,DOWN,0.02941176470588236,0
2026-04-10,106.62999725341795,1,0.47058823529411764,DOWN,0.02941176470588236,0
2026-04-13,107.0500030517578,0,0.8333333333333334,UP,0.33333333333333337,0
2026-04-14,106.37999725341795,1,0.5,UP,0.0,1
2026-04-15,106.75,1,0.5,UP,0.0,1
2026-04-16,107.11000061035156,0,0.5,UP,0.0,0
2026-04-17,106.8499984741211,1,0.5,UP,0.0,1
2026-04-20,107.08999633789062,0,0.5,UP,0.0,0
2026-04-21,107.0500030517578,1,0.47058823529411764,DOWN,0.02941176470588236,0
2026-04-22,107.11000061035156,0,0.5,UP,0.0,0
2026-04-23,107.05999755859376,1,0.47058823529411764,DOWN,0.02941176470588236,0
2026-04-24,107.0999984741211,1,0.47058823529411764,DOWN,0.02941176470588236,0
2026-04-27,107.12999725341795,0,0.4117647058823529,DOWN,0.08823529411764708,1
2026-04-28,107.12000274658205,1,0.2,DOWN,0.3,0
2026-04-29,107.1500015258789,1,0.2,DOWN,0.3,0
2026-04-30,107.18000030517578,1,0.4117647058823529,DOWN,0.08823529411764708,0
2026-05-01,107.86000061035156,1,0.4117647058823529,DOWN,0.08823529411764708,0
2026-05-04,108.16999816894533,1,0.2,DOWN,0.3,0
2026-05-05,108.58000183105467,1,0.4117647058823529,DOWN,0.08823529411764708,0
2026-05-06,110.86000061035156,1,0.47058823529411764,DOWN,0.02941176470588236,0
2026-05-07,110.9499969482422,0,0.34390607648265986,DOWN,0.15609392351734014,1
2026-05-08,110.93000030517578,1,0.4117647058823529,DOWN,0.08823529411764708,0
2026-05-11,111.41999816894533,0,0.47058823529411764,DOWN,0.02941176470588236,1
2026-05-12,111.11000061035156,1,0.4117647058823529,DOWN,0.08823529411764708,0
2026-05-13,111.27999877929688,0,0.2,DOWN,0.3,1
2026-05-14,111.12000274658205,0,0.2,DOWN,0.3,1
2026-05-15,110.7699966430664,0,0.2,DOWN,0.3,1
2026-05-18,110.54000091552734,0,0.3404279894426701,DOWN,0.1595720105573299,1
2026-05-19,110.33000183105467,0,0.2,DOWN,0.3,1
2026-05-20,110.08999633789062,0,0.4117647058823529,DOWN,0.08823529411764708,1
2026-05-21,109.79000091552734,0,0.2,DOWN,0.3,1
2026-05-22,109.66999816894533,0,0.4117647058823529,DOWN,0.08823529411764708,1
2026-05-26,109.26000213623048,1,0.4117647058823529,DOWN,0.08823529411764708,0
2026-05-27,109.2699966430664,0,0.4117647058823529,DOWN,0.08823529411764708,1
2026-05-28,109.04000091552734,0,0.47058823529411764,DOWN,0.02941176470588236,1
2026-05-29,108.81999969482422,0,0.47058823529411764,DOWN,0.02941176470588236,1
2026-06-01,105.02999877929688,1,0.5652173913043478,UP,0.06521739130434778,1
2026-06-02,105.12999725341795,0,0.5652173913043478,UP,0.06521739130434778,0
2026-06-03,103.70999908447266,0,0.5652173913043478,UP,0.06521739130434778,0
2026-06-04,101.95999908447266,1,0.5652173913043478,UP,0.06521739130434778,1
2026-06-05,102.0,0,0.5555555555555556,UP,0.05555555555555558,0
2026-06-08,101.0500030517578,1,0.5652173913043478,UP,0.06521739130434778,1
2026-06-09,101.37000274658205,1,0.5652173913043478,UP,0.06521739130434778,1
2026-06-10,101.6999969482422,0,0.5597482356607444,UP,0.059748235660744387,0
2026-06-11,101.5999984741211,1,0.5652173913043478,UP,0.06521739130434778,1
2026-06-12,101.62000274658205,1,0.5652173913043478,UP,0.06521739130434778,1
2026-06-15,101.94000244140624,0,0.5652173913043478,UP,0.06521739130434778,0
2026-06-16,101.66000366210938,0,0.5652173913043478,UP,0.06521739130434778,0
2026-06-17,101.27999877929688,0,0.0,DOWN,0.5,1
2026-06-18,101.13999938964844,0,0.5652173913043478,UP,0.06521739130434778,0
2026-06-22,100.77999877929688,0,0.5555555555555556,UP,0.05555555555555558,0
2026-06-23,100.52999877929688,0,0.0,DOWN,0.5,1
2026-06-24,100.5199966430664,0,0.0,DOWN,0.5,1
2026-06-25,100.37000274658205,0,0.5555555555555556,UP,0.05555555555555558,0
